ACCIDENT_NO,ACCIDENT_DATE,ACCIDENT_TIME,ACCIDENT_TYPE,ACCIDENT_TYPE_DESC,DAY_OF_WEEK,DAY_WEEK_DESC,DCA_CODE,DCA_DESC,LIGHT_CONDITION,NODE_ID,ROAD_GEOMETRY_DESC,SEVERITY,SPEED_ZONE,RMA,ROAD_NAME,LGA_NAME,LATITUDE,LONGITUDE,YEAR,MONTH,MONTH_NAME,HOUR,TIME_PERIOD,DAY_TYPE
T20220016696,2022-07-06,07:45:00,1,Collision with vehicle,3,Wednesday,110,CROSS TRAFFIC(INTERSECTIONS ONLY),2,774766,Cross intersection,3,50,Local Road,CENTRAL,GEELONG,-38.23145,144.37007,2022,7,July,7,Morning Peak,Weekday
T20220015148,2022-07-06,16:15:00,1,Collision with vehicle,3,Wednesday,171,LEFT OFF CARRIAGEWAY INTO OBJECT/PARKED VEHICLE,1,719465,Not at intersection,2,60,Arterial Other,HIGH,MITCHELL,-37.205055,145.0461,2022,7,July,16,Afternoon Peak,Weekday
T20220015093,2022-07-06,05:41:00,4,Collision with a fixed object,3,Wednesday,173,RIGHT OFF CARRIAGEWAY INTO OBJECT/PARKED VEHICLE,4,782165,Not at intersection,3,60,Arterial Other,TRARALGON-MAFFRA,WELLINGTON,-37.96657,146.9755,2022,7,July,5,Morning Peak,Weekday
T20220015277,2022-07-06,15:45:00,1,Collision with vehicle,3,Wednesday,130,REAR END(VEHICLES IN SAME LANE),1,718603,Not at intersection,3,80,Freeway,CALDER OUT-GREEN GULLY,BRIMBANK,-37.71337,144.83228,2022,7,July,15,Afternoon Peak,Weekday
T20220019213,2022-07-06,17:00:00,4,Collision with a fixed object,3,Wednesday,183,OFF LEFT BEND INTO OBJECT/PARKED VEHICLE,2,774863,Not at intersection,3,80,Local Road,BENDIGO-SUTTON GRANGE,MOUNT ALEXANDER,-36.96816,144.35408,2022,7,July,17,Afternoon Peak,Weekday
T20220015200,2022-07-07,06:20:00,1,Collision with vehicle,4,Thursday,121,RIGHT THROUGH,3,39891,T intersection,2,80,Arterial Other,KOROROIT CREEK,HOBSONS BAY,-37.84508,144.79073,2022,7,July,6,Morning Peak,Weekday
T20220015309,2022-07-07,23:38:00,4,Collision with a fixed object,4,Thursday,173,RIGHT OFF CARRIAGEWAY INTO OBJECT/PARKED VEHICLE,3,785545,Not at intersection,2,80,Arterial Other,SUNSHINE,BRIMBANK,-37.705177,144.80208,2022,7,July,23,Night,Weekday
T20220015205,2022-07-07,07:28:00,4,Collision with a fixed object,4,Thursday,173,RIGHT OFF CARRIAGEWAY INTO OBJECT/PARKED VEHICLE,1,782092,Not at intersection,3,80,Arterial Other,WERRIBEE MAIN,WYNDHAM,-37.88681,144.69563,2022,7,July,7,Morning Peak,Weekday
T20220015207,2022-07-07,11:20:00,7,Fall from or in moving vehicle,4,Thursday,190,FELL IN/FROM VEHICLE,1,782243,T intersection,3,50,Arterial Other,CARR,GEELONG,-38.168236,144.37306,2022,7,July,11,Midday,Weekday
T20220015379,2022-07-07,17:35:00,1,Collision with vehicle,4,Thursday,137,LEFT TURN SIDESWIPE,9,38051,Cross intersection,3,60,Arterial Other,HEIDELBERG,DAREBIN,-37.7834,145.01738,2022,7,July,17,Afternoon Peak,Weekday
T20220015485,2022-07-07,17:35:00,1,Collision with vehicle,4,Thursday,130,REAR END(VEHICLES IN SAME LANE),1,50094,Cross intersection,3,70,Arterial Highway,BELLARINE HIGHWAY -ORMOND,GEELONG,-38.168503,144.38455,2022,7,July,17,Afternoon Peak,Weekday
T20220015210,2022-07-07,07:50:00,1,Collision with vehicle,4,Thursday,110,CROSS TRAFFIC(INTERSECTIONS ONLY),1,50938,Cross intersection,2,100,Local Road,EDWARDS,SHEPPARTON,-36.238834,145.46524,2022,7,July,7,Morning Peak,Weekday
T20220018522,2022-07-07,09:30:00,1,Collision with vehicle,4,Thursday,142,LEAVING PARKING,1,259155,Not at intersection,3,50,Arterial Other,SYDNEY,MORELAND,-37.74273,144.96635,2022,7,July,9,Morning Peak,Weekday
T20220016088,2022-07-07,13:00:00,1,Collision with vehicle,4,Thursday,135,LANE CHANGE LEFT (NOT OVERTAKING),1,268890,Not at intersection,3,100,Freeway,MONASH,MONASH,-37.92942,145.18526,2022,7,July,13,Midday,Weekday
T20220017303,2022-07-07,15:37:00,1,Collision with vehicle,4,Thursday,116,LEFT NEAR (INTERSECTIONS ONLY),1,782088,T intersection,3,60,Local Road,CHERRY,WYNDHAM,-37.836258,144.79848,2022,7,July,15,Afternoon Peak,Weekday
T20220015664,2022-07-07,16:10:00,1,Collision with vehicle,4,Thursday,130,REAR END(VEHICLES IN SAME LANE),1,776032,Not at intersection,2,60,Local Road,DOWLING,BALLARAT,-37.52846,143.84242,2022,7,July,16,Afternoon Peak,Weekday
T20220015584,2022-07-07,14:00:00,1,Collision with vehicle,4,Thursday,130,REAR END(VEHICLES IN SAME LANE),1,36933,Multiple intersection,3,60,Freeway,KINGS,MELBOURNE,-37.82773,144.96231,2022,7,July,14,Midday,Weekday
T20220015221,2022-07-07,11:30:00,1,Collision with vehicle,4,Thursday,140,U TURN,1,718592,Not at intersection,3,60,Arterial Highway,FOSTER,WELLINGTON,-38.111553,147.06659,2022,7,July,11,Midday,Weekday
T20220016403,2022-07-07,06:00:00,2,Struck Pedestrian,4,Thursday,106,VEH STRIKES PED ON FOOTPATH/MEDIAN/TRAFFIC ISLAND.,2,36066,Cross intersection,2,60,Arterial Highway,RACECOURSE,MELBOURNE,-37.789173,144.94002,2022,7,July,6,Morning Peak,Weekday
T20220015814,2022-07-07,21:30:00,6,Vehicle overturned (no collision),4,Thursday,170,OFF CARRIAGEWAY TO LEFT,3,718794,Not at intersection,2,40,Local Road,AUGHTIE,PORT PHILLIP,-37.841938,144.96289,2022,7,July,21,Night,Weekday
T20220017553,2022-07-07,17:00:00,1,Collision with vehicle,4,Thursday,130,REAR END(VEHICLES IN SAME LANE),3,720640,Not at intersection,3,60,Local Road,MASON,HOBSONS BAY,-37.83858,144.8479,2022,7,July,17,Afternoon Peak,Weekday
T20220015236,2022-07-07,14:17:00,1,Collision with vehicle,4,Thursday,160,VEHICLE COLLIDES WITH VEHICLE PARKED ON LEFT OF ROAD,1,780118,Not at intersection,3,50,Local Road,ALBION,MORELAND,-37.75995,144.95567,2022,7,July,14,Midday,Weekday
T20220015242,2022-07-07,16:35:00,1,Collision with vehicle,4,Thursday,130,REAR END(VEHICLES IN SAME LANE),2,718597,Not at intersection,3,60,Arterial Other,KOO WEE RUP,CARDINIA,-38.089222,145.49086,2022,7,July,16,Afternoon Peak,Weekday
T20220015244,2022-07-07,16:49:00,1,Collision with vehicle,4,Thursday,132,RIGHT REAR.,1,718599,T intersection,3,60,Arterial Highway,WHITE,BASS COAST,-38.592934,145.58952,2022,7,July,16,Afternoon Peak,Weekday
T20220015249,2022-07-07,07:15:00,1,Collision with vehicle,4,Thursday,130,REAR END(VEHICLES IN SAME LANE),9,29623,Cross intersection,3,60,Arterial Highway,SPRINGVALE,WHITEHORSE,-37.862015,145.16922,2022,7,July,7,Morning Peak,Weekday
T20220015250,2022-07-07,19:50:00,1,Collision with vehicle,4,Thursday,113,RIGHT NEAR (INTERSECTIONS ONLY),3,743921,T intersection,2,70,Arterial Other,BALLARTO,FRANKSTON,-38.115253,145.17831,2022,7,July,19,Night,Weekday
T20220015252,2022-07-07,16:50:00,1,Collision with vehicle,4,Thursday,130,REAR END(VEHICLES IN SAME LANE),1,43793,T intersection,3,60,Arterial Other,CAMP,HUME,-37.68556,144.92218,2022,7,July,16,Afternoon Peak,Weekday
T20220015254,2022-07-07,19:28:00,1,Collision with vehicle,4,Thursday,159,OTHER OVERTAKING MANOEUVRES NOT INCLUDED IN DCAs 150-154,5,718600,Not at intersection,3,50,Local Road,BODKIN,MACEDON RANGES,-37.25159,144.45529,2022,7,July,19,Night,Weekday
T20220015255,2022-07-07,21:37:00,4,Collision with a fixed object,4,Thursday,171,LEFT OFF CARRIAGEWAY INTO OBJECT/PARKED VEHICLE,5,718601,T intersection,3,80,Arterial Highway,NORTHERN,MITCHELL,-37.325047,144.9569,2022,7,July,21,Night,Weekday
T20220015256,2022-07-07,21:46:00,1,Collision with vehicle,4,Thursday,113,RIGHT NEAR (INTERSECTIONS ONLY),3,723204,T intersection,3,60,Arterial Other,THOMPSON,GEELONG,-38.09379,144.34671,2022,7,July,21,Night,Weekday
T20220015258,2022-07-07,21:50:00,2,Struck Pedestrian,4,Thursday,104,PED WALKING WITH TRAFFIC,3,719553,Not at intersection,2,60,Arterial Other,RYRIE,GEELONG,-38.15101,144.36555,2022,7,July,21,Night,Weekday
T20220015259,2022-07-07,18:40:00,1,Collision with vehicle,4,Thursday,121,RIGHT THROUGH,3,42570,Cross intersection,3,60,Arterial Other,POLICE,MONASH,-37.93499,145.17162,2022,7,July,18,Afternoon Peak,Weekday
T20220015261,2022-07-07,22:13:00,1,Collision with vehicle,4,Thursday,116,LEFT NEAR (INTERSECTIONS ONLY),3,719554,Cross intersection,3,80,Arterial Highway,PRINCES,CASEY,-38.006294,145.27345,2022,7,July,22,Night,Weekday
T20220015263,2022-07-07,23:35:00,1,Collision with vehicle,4,Thursday,160,VEHICLE COLLIDES WITH VEHICLE PARKED ON LEFT OF ROAD,3,736552,Not at intersection,2,40,Local Road,FLOCKHART,BALLARAT,-37.58376,143.85431,2022,7,July,23,Night,Weekday
T20220017341,2022-07-07,07:30:00,1,Collision with vehicle,4,Thursday,130,REAR END(VEHICLES IN SAME LANE),1,783980,Not at intersection,2,100,Freeway,WESTERN,MELTON,-37.736214,144.67554,2022,7,July,7,Morning Peak,Weekday
T20220015313,2022-07-07,14:15:00,1,Collision with vehicle,4,Thursday,130,REAR END(VEHICLES IN SAME LANE),1,353797,T intersection,3,80,Arterial Highway,HALLAM,CASEY,-38.05747,145.26239,2022,7,July,14,Midday,Weekday
T20220015270,2022-07-07,23:54:00,4,Collision with a fixed object,4,Thursday,171,LEFT OFF CARRIAGEWAY INTO OBJECT/PARKED VEHICLE,3,722418,Not at intersection,3,60,Arterial Highway,LOWER HEIDELBERG,BANYULE,-37.757805,145.0694,2022,7,July,23,Night,Weekday
T20220015271,2022-07-07,13:30:00,1,Collision with vehicle,4,Thursday,121,RIGHT THROUGH,1,41803,T intersection,3,80,Arterial Highway,SPRINGVALE,MONASH,-37.898563,145.16249,2022,7,July,13,Midday,Weekday
T20220016533,2022-07-07,19:30:00,1,Collision with vehicle,4,Thursday,163,VEHICLE STRIKES DOOR OF PARKED/STATIONARY VEHICLE,2,676975,Not at intersection,3,40,Arterial Other,TOORAK,STONNINGTON,-37.84217,145.01807,2022,7,July,19,Night,Weekday
T20220018370,2022-07-07,17:25:00,1,Collision with vehicle,4,Thursday,121,RIGHT THROUGH,2,68423,Cross intersection,3,80,Arterial Highway,BURWOOD,KNOX,-37.881927,145.27528,2022,7,July,17,Afternoon Peak,Weekday
T20220015992,2022-07-07,14:55:00,1,Collision with vehicle,4,Thursday,130,REAR END(VEHICLES IN SAME LANE),9,778821,Cross intersection,3,70,Local Road,ERNST WANKE,CASEY,-37.99667,145.31256,2022,7,July,14,Midday,Weekday
T20220015199,2022-07-07,07:20:00,2,Struck Pedestrian,4,Thursday,102,FAR SIDE. PED HIT BY VEHICLE FROM THE LEFT,2,42111,Not at intersection,2,60,Arterial Other,BLUFF,BAYSIDE,-37.944477,145.02255,2022,7,July,7,Morning Peak,Weekday
T20220015281,2022-07-07,19:11:00,1,Collision with vehicle,4,Thursday,121,RIGHT THROUGH,3,43206,T intersection,2,60,Arterial Highway,BELL,MORELAND,-37.74148,144.96869,2022,7,July,19,Night,Weekday
T20220015282,2022-07-07,16:35:00,1,Collision with vehicle,4,Thursday,120,HEAD ON (NOT OVERTAKING),1,720921,Not at intersection,2,60,Arterial Other,MOUNT DANDENONG TOURIST,YARRA RANGES,-37.859783,145.36925,2022,7,July,16,Afternoon Peak,Weekday
T20220015406,2022-07-08,21:00:00,2,Struck Pedestrian,5,Friday,102,FAR SIDE. PED HIT BY VEHICLE FROM THE LEFT,3,720068,Not at intersection,3,50,Local Road,ACLAND,PORT PHILLIP,-37.862595,144.97415,2022,7,July,21,Night,Weekday
T20220015426,2022-07-08,18:35:00,1,Collision with vehicle,5,Friday,130,REAR END(VEHICLES IN SAME LANE),9,725596,Not at intersection,2,80,Arterial Highway,NEPEAN,GLEN EIRA,-37.899548,145.0064,2022,7,July,18,Afternoon Peak,Weekday
T20220016176,2022-07-08,22:00:00,1,Collision with vehicle,5,Friday,121,RIGHT THROUGH,3,780180,Multiple intersection,3,70,Arterial Other,BALLARTO,FRANKSTON,-38.112694,145.15753,2022,7,July,22,Night,Weekday
T20220015450,2022-07-08,17:25:00,2,Struck Pedestrian,5,Friday,102,FAR SIDE. PED HIT BY VEHICLE FROM THE LEFT,9,49803,Cross intersection,3,70,Arterial Highway,BALLARAT,GEELONG,-38.118732,144.33252,2022,7,July,17,Afternoon Peak,Weekday
T20220017699,2022-07-08,09:04:00,4,Collision with a fixed object,5,Friday,173,RIGHT OFF CARRIAGEWAY INTO OBJECT/PARKED VEHICLE,1,720937,Not at intersection,2,60,Arterial Other,KARINGAL,BANYULE,-37.713398,145.1337,2022,7,July,9,Morning Peak,Weekday
T20220015556,2022-07-08,10:50:00,1,Collision with vehicle,5,Friday,110,CROSS TRAFFIC(INTERSECTIONS ONLY),1,60572,Cross intersection,3,60,Local Road,GAP,MACEDON RANGES,-37.455013,144.6804,2022,7,July,10,Midday,Weekday
T20220015563,2022-07-08,14:30:00,1,Collision with vehicle,5,Friday,130,REAR END(VEHICLES IN SAME LANE),1,718640,Not at intersection,3,100,Freeway,WESTERN,MELTON,-37.758163,144.73665,2022,7,July,14,Midday,Weekday
T20220027142,2022-07-08,12:00:00,1,Collision with vehicle,5,Friday,130,REAR END(VEHICLES IN SAME LANE),1,738742,Not at intersection,3,80,Arterial Highway,STUD,KNOX,-37.923363,145.23386,2022,7,July,12,Midday,Weekday
T20220015638,2022-07-08,17:50:00,1,Collision with vehicle,5,Friday,130,REAR END(VEHICLES IN SAME LANE),3,718644,Not at intersection,3,100,Freeway,MONASH,DANDENONG,-37.954796,145.2179,2022,7,July,17,Afternoon Peak,Weekday
T20220016106,2022-07-08,18:00:00,1,Collision with vehicle,5,Friday,130,REAR END(VEHICLES IN SAME LANE),9,277173,T intersection,3,80,Arterial Highway,BUNGOWER ROAD -MOOROODUC,MORNINGTON PENINSULA,-38.23094,145.09338,2022,7,July,18,Afternoon Peak,Weekday
T20220021413,2022-07-08,08:20:00,1,Collision with vehicle,5,Friday,110,CROSS TRAFFIC(INTERSECTIONS ONLY),1,51945,Cross intersection,3,60,Local Road,MCKEAN,EAST GIPPSLAND,-37.824635,147.60735,2022,7,July,8,Morning Peak,Weekday
T20220015266,2022-07-08,00:45:00,4,Collision with a fixed object,5,Friday,181,OFF RIGHT BEND INTO OBJECT/PARKED VEHICLE,3,754458,Not at intersection,2,100,Freeway,CALDER,MOONEE VALLEY,-37.73565,144.90292,2022,7,July,0,Late Night,Weekday
T20220015276,2022-07-08,08:15:00,4,Collision with a fixed object,5,Friday,171,LEFT OFF CARRIAGEWAY INTO OBJECT/PARKED VEHICLE,1,718602,Not at intersection,3,50,Local Road,WILLIAMS,LATROBE,-38.224453,146.42355,2022,7,July,8,Morning Peak,Weekday
T20220015285,2022-07-08,05:45:00,6,Vehicle overturned (no collision),5,Friday,170,OFF CARRIAGEWAY TO LEFT,5,782103,Not at intersection,3,100,Local Road,CLEMENS,ALPINE,-36.58056,146.72339,2022,7,July,5,Morning Peak,Weekday
T20220015286,2022-07-08,10:00:00,1,Collision with vehicle,5,Friday,120,HEAD ON (NOT OVERTAKING),1,780122,Not at intersection,3,60,Arterial Other,BURKE,BANYULE,-37.77616,145.06493,2022,7,July,10,Midday,Weekday
T20220015287,2022-07-08,10:55:00,1,Collision with vehicle,5,Friday,110,CROSS TRAFFIC(INTERSECTIONS ONLY),1,697492,Cross intersection,2,50,Local Road,KERR,WARRNAMBOOL,-38.37404,142.47366,2022,7,July,10,Midday,Weekday
T20220015293,2022-07-08,11:25:00,1,Collision with vehicle,5,Friday,130,REAR END(VEHICLES IN SAME LANE),1,719522,Not at intersection,3,80,Arterial Highway,PRINCES,DANDENONG,-37.97779,145.20657,2022,7,July,11,Midday,Weekday
T20220015297,2022-07-08,10:15:00,4,Collision with a fixed object,5,Friday,171,LEFT OFF CARRIAGEWAY INTO OBJECT/PARKED VEHICLE,1,782113,Not at intersection,3,100,Arterial Other,BEAUFORT-LEXTON,PYRENEES,-37.29378,143.50357,2022,7,July,10,Midday,Weekday
T20220015299,2022-07-08,12:05:00,4,Collision with a fixed object,5,Friday,171,LEFT OFF CARRIAGEWAY INTO OBJECT/PARKED VEHICLE,1,785550,Not at intersection,2,80,Freeway,FRANKSTON,FRANKSTON,-38.106884,145.13983,2022,7,July,12,Midday,Weekday
T20220015302,2022-07-08,10:35:00,1,Collision with vehicle,5,Friday,140,U TURN,1,720709,Not at intersection,2,100,Arterial Highway,HENTY,HORSHAM,-36.806114,142.17397,2022,7,July,10,Midday,Weekday
T20220015304,2022-07-08,13:15:00,1,Collision with vehicle,5,Friday,130,REAR END(VEHICLES IN SAME LANE),1,29943,T intersection,2,50,Arterial Other,SHANNON,GEELONG,-38.138493,144.33679,2022,7,July,13,Midday,Weekday
T20220015307,2022-07-08,12:00:00,1,Collision with vehicle,5,Friday,113,RIGHT NEAR (INTERSECTIONS ONLY),1,718607,T intersection,3,60,Local Road,UNNAMED,WYNDHAM,-37.88036,144.7046,2022,7,July,12,Midday,Weekday
T20220015311,2022-07-08,14:00:00,1,Collision with vehicle,5,Friday,160,VEHICLE COLLIDES WITH VEHICLE PARKED ON LEFT OF ROAD,1,785549,Not at intersection,2,50,Local Road,BOND,BRIMBANK,-37.701717,144.78053,2022,7,July,14,Midday,Weekday
T20220015312,2022-07-08,13:40:00,1,Collision with vehicle,5,Friday,113,RIGHT NEAR (INTERSECTIONS ONLY),1,331522,Multiple intersection,2,80,Freeway,FRANKSTON-DANDENONG,FRANKSTON,-38.108624,145.16219,2022,7,July,13,Midday,Weekday
T20220015315,2022-07-08,15:12:00,1,Collision with vehicle,5,Friday,149,OTHER MANOEUVRING NOT INCLUDED IN DCAs 140-148,1,718609,Not at intersection,2,60,Arterial Other,WARRIGAL,KINGSTON,-37.988873,145.07008,2022,7,July,15,Afternoon Peak,Weekday
T20220015323,2022-07-08,09:40:00,1,Collision with vehicle,5,Friday,113,RIGHT NEAR (INTERSECTIONS ONLY),1,718769,T intersection,3,80,Arterial Highway,PRINCES,WELLINGTON,-38.11928,146.86032,2022,7,July,9,Morning Peak,Weekday
T20220015324,2022-07-08,16:27:00,1,Collision with vehicle,5,Friday,130,REAR END(VEHICLES IN SAME LANE),1,718610,Not at intersection,2,80,Arterial Highway,NEPEAN,MORNINGTON PENINSULA,-38.190945,145.09474,2022,7,July,16,Afternoon Peak,Weekday
T20220015327,2022-07-08,18:15:00,2,Struck Pedestrian,5,Friday,102,FAR SIDE. PED HIT BY VEHICLE FROM THE LEFT,3,728493,Cross intersection,3,60,Arterial Other,WHITEHORSE,BOROONDARA,-37.812855,145.08145,2022,7,July,18,Afternoon Peak,Weekday
T20220015329,2022-07-08,16:11:00,1,Collision with vehicle,5,Friday,116,LEFT NEAR (INTERSECTIONS ONLY),1,38102,T intersection,2,60,Arterial Other,DAREBIN,DAREBIN,-37.766567,145.03061,2022,7,July,16,Afternoon Peak,Weekday
T20220015330,2022-07-08,17:30:00,1,Collision with vehicle,5,Friday,121,RIGHT THROUGH,2,39287,T intersection,3,60,Arterial Other,ELGAR,WHITEHORSE,-37.79922,145.11826,2022,7,July,17,Afternoon Peak,Weekday
T20220015333,2022-07-08,14:33:00,1,Collision with vehicle,5,Friday,130,REAR END(VEHICLES IN SAME LANE),1,718612,Not at intersection,3,80,Arterial Highway,DANDENONG,DANDENONG,-38.00206,145.19695,2022,7,July,14,Midday,Weekday
T20220015335,2022-07-08,18:02:00,1,Collision with vehicle,5,Friday,116,LEFT NEAR (INTERSECTIONS ONLY),3,785546,Cross intersection,2,80,Local Road,RESERVOIR,HUME,-37.643795,144.92897,2022,7,July,18,Afternoon Peak,Weekday
T20220015340,2022-07-08,20:15:00,4,Collision with a fixed object,5,Friday,181,OFF RIGHT BEND INTO OBJECT/PARKED VEHICLE,5,735229,Not at intersection,2,100,Arterial Other,HEATHCOTE-NAGAMBIE,BENDIGO,-36.933018,144.7529,2022,7,July,20,Night,Weekday
T20220015341,2022-07-08,17:50:00,1,Collision with vehicle,5,Friday,121,RIGHT THROUGH,3,478,Multiple intersection,2,60,Arterial Other,HIGH STREET -HIGH,BOROONDARA,-37.80748,145.02888,2022,7,July,17,Afternoon Peak,Weekday
T20220015343,2022-07-08,20:36:00,2,Struck Pedestrian,5,Friday,102,FAR SIDE. PED HIT BY VEHICLE FROM THE LEFT,3,302865,Multiple intersection,2,60,Arterial Highway,LONSDALE,DANDENONG,-37.990112,145.21469,2022,7,July,20,Night,Weekday
T20220015344,2022-07-08,23:20:00,1,Collision with vehicle,5,Friday,120,HEAD ON (NOT OVERTAKING),3,718614,Not at intersection,3,70,Arterial Other,MELROSE,HUME,-37.70243,144.8825,2022,7,July,23,Night,Weekday
T20220015345,2022-07-08,15:41:00,1,Collision with vehicle,5,Friday,150,HEAD ON(OVERTAKING),1,717085,Not at intersection,1,100,Arterial Other,DIGGERS REST-COIMADAI,MOORABOOL,-37.61893,144.5066,2022,7,July,15,Afternoon Peak,Weekday
T20220015346,2022-07-08,23:00:00,1,Collision with vehicle,5,Friday,137,LEFT TURN SIDESWIPE,3,252229,T intersection,2,60,Arterial Other,BALLAN,WYNDHAM,-37.876812,144.61685,2022,7,July,23,Night,Weekday
T20220015349,2022-07-08,23:30:00,1,Collision with vehicle,5,Friday,121,RIGHT THROUGH,3,689098,T intersection,3,60,Local Road,AITKEN,HUME,-37.62812,144.91324,2022,7,July,23,Night,Weekday
T20220015361,2022-07-08,13:45:00,1,Collision with vehicle,5,Friday,130,REAR END(VEHICLES IN SAME LANE),1,207,Cross intersection,3,60,Arterial Other,KING,MELBOURNE,-37.81939,144.9571,2022,7,July,13,Midday,Weekday
T20220018768,2022-07-09,15:50:00,1,Collision with vehicle,6,Saturday,114,TWO RIGHT TURNING (INTERSECTIONS ONLY),9,725753,T intersection,3,60,Local Road,ANSELM,MORELAND,-37.7025,144.91519,2022,7,July,15,Afternoon Peak,Weekend
T20220017148,2022-07-09,21:00:00,1,Collision with vehicle,6,Saturday,130,REAR END(VEHICLES IN SAME LANE),3,720248,Not at intersection,3,100,Arterial Other,HOPKINS,MELTON,-37.758892,144.70277,2022,7,July,21,Night,Weekend
T20220015370,2022-07-09,13:00:00,1,Collision with vehicle,6,Saturday,130,REAR END(VEHICLES IN SAME LANE),1,718618,Not at intersection,3,60,Arterial Highway,PHILLIP ISLAND,BASS COAST,-38.509148,145.29385,2022,7,July,13,Midday,Weekend
T20220016284,2022-07-09,11:20:00,1,Collision with vehicle,6,Saturday,130,REAR END(VEHICLES IN SAME LANE),1,781812,Cross intersection,3,60,Arterial Other,CENTRE DANDENONG,KINGSTON,-37.96765,145.07405,2022,7,July,11,Midday,Weekend
T20220015755,2022-07-09,13:40:00,1,Collision with vehicle,6,Saturday,130,REAR END(VEHICLES IN SAME LANE),1,720073,T intersection,3,60,Arterial Other,MAIN HURSTBRIDGE,NILLUMBIK,-37.67438,145.16026,2022,7,July,13,Midday,Weekend
T20220015739,2022-07-09,10:40:00,1,Collision with vehicle,6,Saturday,130,REAR END(VEHICLES IN SAME LANE),1,773153,Not at intersection,2,60,Local Road,LYALL,CASEY,-38.030807,145.34407,2022,7,July,10,Midday,Weekend
T20220015357,2022-07-09,09:13:00,1,Collision with vehicle,6,Saturday,110,CROSS TRAFFIC(INTERSECTIONS ONLY),1,69142,Cross intersection,3,50,Local Road,DURRANT,BAYSIDE,-37.906734,145.0009,2022,7,July,9,Morning Peak,Weekend
T20220015373,2022-07-09,11:20:00,1,Collision with vehicle,6,Saturday,110,CROSS TRAFFIC(INTERSECTIONS ONLY),1,57399,Cross intersection,3,50,Local Road,PRINCES,MORELAND,-37.74393,144.94382,2022,7,July,11,Midday,Weekend
T20220015374,2022-07-09,11:12:00,1,Collision with vehicle,6,Saturday,121,RIGHT THROUGH,1,39748,T intersection,2,80,Arterial Highway,MAROONDAH,MAROONDAH,-37.78746,145.27335,2022,7,July,11,Midday,Weekend
T20220015356,2022-07-09,09:30:00,1,Collision with vehicle,6,Saturday,169,OTHER ON PATH,1,782123,Not at intersection,3,60,Arterial Other,MILITARY,MOONEE VALLEY,-37.768745,144.86478,2022,7,July,9,Morning Peak,Weekend
T20220015378,2022-07-09,15:00:00,1,Collision with vehicle,6,Saturday,136,RIGHT TURN SIDESWIPE,1,45436,T intersection,2,50,Arterial Other,ASCOT VALE,MOONEE VALLEY,-37.77397,144.92369,2022,7,July,15,Afternoon Peak,Weekend
T20220015355,2022-07-09,09:19:00,1,Collision with vehicle,6,Saturday,113,RIGHT NEAR (INTERSECTIONS ONLY),1,51735,T intersection,2,80,Arterial Highway,HIGH,BENDIGO,-36.80264,144.24232,2022,7,July,9,Morning Peak,Weekend
T20220015382,2022-07-09,13:30:00,6,Vehicle overturned (no collision),6,Saturday,170,OFF CARRIAGEWAY TO LEFT,1,718619,Not at intersection,3,60,Arterial Other,MALVERN,STONNINGTON,-37.853256,145.0424,2022,7,July,13,Midday,Weekend
T20220015383,2022-07-09,10:45:00,1,Collision with vehicle,6,Saturday,140,U TURN,1,782119,Not at intersection,3,100,Arterial Highway,NORTHERN,BENDIGO,-36.96435,144.75475,2022,7,July,10,Midday,Weekend
T20220015385,2022-07-09,14:10:00,1,Collision with vehicle,6,Saturday,110,CROSS TRAFFIC(INTERSECTIONS ONLY),1,246837,Cross intersection,2,100,Arterial Highway,STURT,MILDURA,-34.215748,142.01749,2022,7,July,14,Midday,Weekend
T20220015389,2022-07-09,19:00:00,1,Collision with vehicle,6,Saturday,130,REAR END(VEHICLES IN SAME LANE),3,718620,T intersection,2,60,Arterial Other,MCINTYRE,BRIMBANK,-37.76091,144.83173,2022,7,July,19,Night,Weekend
T20220015390,2022-07-09,16:26:00,1,Collision with vehicle,6,Saturday,120,HEAD ON (NOT OVERTAKING),1,785559,Not at intersection,2,100,Arterial Highway,GOULBURN VALLEY,MURRINDINDI,-37.173172,145.31136,2022,7,July,16,Afternoon Peak,Weekend
T20220015392,2022-07-09,17:57:00,1,Collision with vehicle,6,Saturday,121,RIGHT THROUGH,3,785557,T intersection,2,60,Local Road,UNNAMED,MARIBYRNONG,-37.771034,144.88644,2022,7,July,17,Afternoon Peak,Weekend
T20220015393,2022-07-09,20:08:00,1,Collision with vehicle,6,Saturday,120,HEAD ON (NOT OVERTAKING),3,47930,T intersection,2,60,Arterial Other,BURKE,STONNINGTON,-37.86694,145.0499,2022,7,July,20,Night,Weekend
T20220015394,2022-07-09,14:05:00,4,Collision with a fixed object,6,Saturday,171,LEFT OFF CARRIAGEWAY INTO OBJECT/PARKED VEHICLE,1,719555,Not at intersection,2,100,Freeway,PRINCES FREEWAY,GEELONG,-38.04326,144.40823,2022,7,July,14,Midday,Weekend
T20220015395,2022-07-09,20:20:00,1,Collision with vehicle,6,Saturday,140,U TURN,3,718621,Not at intersection,3,80,Arterial Other,PASCOE VALE,HUME,-37.655632,144.92795,2022,7,July,20,Night,Weekend
T20220015397,2022-07-09,22:05:00,1,Collision with vehicle,6,Saturday,160,VEHICLE COLLIDES WITH VEHICLE PARKED ON LEFT OF ROAD,3,723895,Not at intersection,3,50,Local Road,STUART,MOONEE VALLEY,-37.770992,144.93065,2022,7,July,22,Night,Weekend
T20220015403,2022-07-09,21:59:00,2,Struck Pedestrian,6,Saturday,100,PED NEAR SIDE. PED HIT BY VEHICLE FROM THE RIGHT.,3,35673,Cross intersection,3,60,Arterial Highway,PLENTY,DAREBIN,-37.71683,145.04291,2022,7,July,21,Night,Weekend