ACCIDENT_NO,ACCIDENT_DATE,ACCIDENT_TIME,ACCIDENT_TYPE,ACCIDENT_TYPE_DESC,DAY_OF_WEEK,DAY_WEEK_DESC,DCA_CODE,DCA_DESC,LIGHT_CONDITION,NODE_ID,ROAD_GEOMETRY_DESC,SEVERITY,SPEED_ZONE,RMA,ROAD_NAME,LGA_NAME,LATITUDE,LONGITUDE,YEAR,MONTH,MONTH_NAME,HOUR,TIME_PERIOD,DAY_TYPE
T20220020297,2022-07-09,16:45:00,1,Collision with vehicle,6,Saturday,120,HEAD ON (NOT OVERTAKING),1,725615,Not at intersection,3,50,Local Road,RUSDEN,MONASH,-37.90592,145.14261,2022,7,July,16,Afternoon Peak,Weekend
T20220015407,2022-07-09,23:56:00,4,Collision with a fixed object,6,Saturday,171,LEFT OFF CARRIAGEWAY INTO OBJECT/PARKED VEHICLE,3,245851,Cross intersection,2,50,Local Road,JASMINE,GEELONG,-38.11754,144.33485,2022,7,July,23,Night,Weekend
T20220015354,2022-07-09,07:15:00,4,Collision with a fixed object,6,Saturday,183,OFF LEFT BEND INTO OBJECT/PARKED VEHICLE,2,782121,Not at intersection,3,100,Arterial Other,BEECHWORTH-WODONGA,INDIGO,-36.296135,146.70587,2022,7,July,7,Morning Peak,Weekend
T20220016080,2022-07-09,22:20:00,1,Collision with vehicle,6,Saturday,130,REAR END(VEHICLES IN SAME LANE),3,774813,T intersection,3,50,Local Road,COURTNEY,HUME,-37.56225,144.69907,2022,7,July,22,Night,Weekend
T20220015417,2022-07-09,22:23:00,4,Collision with a fixed object,6,Saturday,183,OFF LEFT BEND INTO OBJECT/PARKED VEHICLE,5,754447,Not at intersection,2,100,Local Road,CANFIELDS,LODDON,-36.447006,143.71878,2022,7,July,22,Night,Weekend
T20220015424,2022-07-09,23:10:00,1,Collision with vehicle,6,Saturday,173,RIGHT OFF CARRIAGEWAY INTO OBJECT/PARKED VEHICLE,3,747215,Not at intersection,3,50,Arterial Highway,MAIN,LODDON,-36.605,143.9461,2022,7,July,23,Night,Weekend
T20220015364,2022-07-09,10:35:00,7,Fall from or in moving vehicle,6,Saturday,179,OTHER ACCIDENTS-OFF STRAIGHT NOT INCLUDED IN DCAs 170-175,1,718617,Not at intersection,3,60,Arterial Other,TOORAK,STONNINGTON,-37.841892,145.0157,2022,7,July,10,Midday,Weekend
T20220015359,2022-07-09,09:45:00,1,Collision with vehicle,6,Saturday,130,REAR END(VEHICLES IN SAME LANE),1,719050,Not at intersection,2,60,Arterial Highway,ST KILDA,PORT PHILLIP,-37.861004,144.98428,2022,7,July,9,Morning Peak,Weekend
T20220016087,2022-07-09,23:25:00,1,Collision with vehicle,6,Saturday,130,REAR END(VEHICLES IN SAME LANE),3,1250,T intersection,3,60,Arterial Other,ST ALBANS,BRIMBANK,-37.758324,144.81053,2022,7,July,23,Night,Weekend
T20220017428,2022-07-09,16:45:00,1,Collision with vehicle,6,Saturday,110,CROSS TRAFFIC(INTERSECTIONS ONLY),1,65067,Cross intersection,3,60,Arterial Other,HAMILTON-PORT FAIRY,SOUTHERN GRAMPIANS,-37.757683,142.00935,2022,7,July,16,Afternoon Peak,Weekend
T20220015492,2022-07-09,14:00:00,2,Struck Pedestrian,6,Saturday,100,PED NEAR SIDE. PED HIT BY VEHICLE FROM THE RIGHT.,1,782586,T intersection,3,50,Local Road,STATION,BOROONDARA,-37.82873,145.05855,2022,7,July,14,Midday,Weekend
T20220015435,2022-07-09,15:00:00,1,Collision with vehicle,6,Saturday,130,REAR END(VEHICLES IN SAME LANE),1,780273,Not at intersection,3,60,Arterial Highway,PRINCES HIGHWAY,MELBOURNE,-37.82883,144.96344,2022,7,July,15,Afternoon Peak,Weekend
T20220015547,2022-07-09,23:49:00,1,Collision with vehicle,6,Saturday,116,LEFT NEAR (INTERSECTIONS ONLY),3,44224,Cross intersection,3,60,Arterial Other,HIGH,WHITTLESEA,-37.648518,145.02585,2022,7,July,23,Night,Weekend
T20220016898,2022-07-09,09:00:00,1,Collision with vehicle,6,Saturday,110,CROSS TRAFFIC(INTERSECTIONS ONLY),9,41106,Cross intersection,3,60,Arterial Other,ST KILDA,BAYSIDE,-37.903812,144.98842,2022,7,July,9,Morning Peak,Weekend
T20220015366,2022-07-09,08:39:00,1,Collision with vehicle,6,Saturday,160,VEHICLE COLLIDES WITH VEHICLE PARKED ON LEFT OF ROAD,1,773151,Not at intersection,3,50,Local Road,MCDONALD,LATROBE,-38.312237,146.41745,2022,7,July,8,Morning Peak,Weekend
T20220015365,2022-07-09,10:13:00,1,Collision with vehicle,6,Saturday,132,RIGHT REAR.,1,16852,T intersection,3,100,Arterial Other,COBDEN-STONYFORD,CORANGAMITE,-38.3484,143.19202,2022,7,July,10,Midday,Weekend
T20220015694,2022-07-09,12:30:00,2,Struck Pedestrian,6,Saturday,103,PED PLAYING/LYING/WORKING/STANDING ON CARRIAGEWAY.,1,743011,Not at intersection,3,40,Local Road,ROSSLYN,MELBOURNE,-37.808598,144.95079,2022,7,July,12,Midday,Weekend
T20220015411,2022-07-10,05:01:00,1,Collision with vehicle,7,Sunday,110,CROSS TRAFFIC(INTERSECTIONS ONLY),3,52986,Cross intersection,3,60,Local Road,CLARKSON,BALLARAT,-37.58206,143.83894,2022,7,July,5,Morning Peak,Weekend
T20220017565,2022-07-10,01:30:00,4,Collision with a fixed object,7,Sunday,171,LEFT OFF CARRIAGEWAY INTO OBJECT/PARKED VEHICLE,6,774777,Not at intersection,3,80,Local Road,BALLARTO,CASEY,-38.130466,145.30052,2022,7,July,1,Late Night,Weekend
T20220015425,2022-07-10,13:30:00,1,Collision with vehicle,7,Sunday,130,REAR END(VEHICLES IN SAME LANE),9,719586,Cross intersection,2,70,Arterial Other,REYNOLDS,MANNINGHAM,-37.763596,145.16655,2022,7,July,13,Midday,Weekend
T20220015428,2022-07-10,08:40:00,1,Collision with vehicle,7,Sunday,113,RIGHT NEAR (INTERSECTIONS ONLY),1,43767,T intersection,3,50,Local Road,EXFORD,MELTON,-37.709244,144.57388,2022,7,July,8,Morning Peak,Weekend
T20220015430,2022-07-10,10:45:00,4,Collision with a fixed object,7,Sunday,183,OFF LEFT BEND INTO OBJECT/PARKED VEHICLE,1,782232,Not at intersection,3,100,Arterial Highway,GREAT ALPINE,ALPINE,-37.08124,147.37263,2022,7,July,10,Midday,Weekend
T20220015431,2022-07-10,14:29:00,2,Struck Pedestrian,7,Sunday,101,PED EMERGES FROM IN FRONT OF PARKED OR STATIONARY VEHICLE,1,773152,Not at intersection,3,50,Local Road,DRUMMOND,CASEY,-38.125893,145.33482,2022,7,July,14,Midday,Weekend
T20220015433,2022-07-10,15:39:00,1,Collision with vehicle,7,Sunday,110,CROSS TRAFFIC(INTERSECTIONS ONLY),1,36105,Cross intersection,3,40,Arterial Other,SPENCER,MELBOURNE,-37.80709,144.94698,2022,7,July,15,Afternoon Peak,Weekend
T20220015434,2022-07-10,04:35:00,1,Collision with vehicle,7,Sunday,121,RIGHT THROUGH,3,35414,Cross intersection,3,40,Arterial Other,ALEXANDRA,STONNINGTON,-37.834843,144.99655,2022,7,July,4,Late Night,Weekend
T20220015436,2022-07-10,15:30:00,1,Collision with vehicle,7,Sunday,110,CROSS TRAFFIC(INTERSECTIONS ONLY),1,64547,Cross intersection,3,40,Local Road,MCILWRAITH,YARRA,-37.784184,144.96819,2022,7,July,15,Afternoon Peak,Weekend
T20220015437,2022-07-10,16:29:00,1,Collision with vehicle,7,Sunday,111,RIGHT FAR (INTERSECTIONS ONLY),1,446,T intersection,2,70,Freeway,GEELONG ROAD -PRINCES,HOBSONS BAY,-37.824047,144.82405,2022,7,July,16,Afternoon Peak,Weekend
T20220015438,2022-07-10,15:43:00,1,Collision with vehicle,7,Sunday,121,RIGHT THROUGH,1,355792,Cross intersection,2,60,Arterial Other,WAVERLEY,MONASH,-37.88875,145.16292,2022,7,July,15,Afternoon Peak,Weekend
T20220015440,2022-07-10,15:25:00,1,Collision with vehicle,7,Sunday,140,U TURN,1,40193,Cross intersection,2,70,Arterial Highway,DANDENONG,STONNINGTON,-37.859615,145.00685,2022,7,July,15,Afternoon Peak,Weekend
T20220015442,2022-07-10,16:00:00,1,Collision with vehicle,7,Sunday,113,RIGHT NEAR (INTERSECTIONS ONLY),1,718624,T intersection,3,80,Local Road,MANGANS,YARRA RANGES,-37.750603,145.37166,2022,7,July,16,Afternoon Peak,Weekend
T20220015444,2022-07-10,17:50:00,1,Collision with vehicle,7,Sunday,110,CROSS TRAFFIC(INTERSECTIONS ONLY),3,51329,Cross intersection,3,50,Local Road,GEORGE,SWAN HILL,-34.587894,142.77718,2022,7,July,17,Afternoon Peak,Weekend
T20220015445,2022-07-10,16:40:00,1,Collision with vehicle,7,Sunday,183,OFF LEFT BEND INTO OBJECT/PARKED VEHICLE,1,722755,Not at intersection,2,50,Arterial Other,YARRA,BOROONDARA,-37.788506,145.018,2022,7,July,16,Afternoon Peak,Weekend
T20220015447,2022-07-10,16:35:00,4,Collision with a fixed object,7,Sunday,183,OFF LEFT BEND INTO OBJECT/PARKED VEHICLE,1,719584,Not at intersection,2,80,Arterial Other,BELGRAVE-GEMBROOK,CARDINIA,-37.94485,145.51973,2022,7,July,16,Afternoon Peak,Weekend
T20220015451,2022-07-10,17:46:00,1,Collision with vehicle,7,Sunday,120,HEAD ON (NOT OVERTAKING),5,719801,Not at intersection,2,100,Local Road,YANKEE FLAT,MOORABOOL,-37.59735,143.91359,2022,7,July,17,Afternoon Peak,Weekend
T20220015453,2022-07-10,19:15:00,1,Collision with vehicle,7,Sunday,142,LEAVING PARKING,3,782221,Not at intersection,3,40,Arterial Other,HIGH,WHITTLESEA,-37.683758,145.01324,2022,7,July,19,Night,Weekend
T20220015454,2022-07-10,19:36:00,1,Collision with vehicle,7,Sunday,130,REAR END(VEHICLES IN SAME LANE),3,778877,Unknown,3,80,Freeway,CITYLINK,MOONEE VALLEY,-37.732784,144.91681,2022,7,July,19,Night,Weekend
T20220015460,2022-07-10,19:39:00,1,Collision with vehicle,7,Sunday,121,RIGHT THROUGH,3,358021,Multiple intersection,3,80,Freeway,CRANBOURNE-PENINSULA LINK IN,FRANKSTON,-38.155556,145.16756,2022,7,July,19,Night,Weekend
T20220015463,2022-07-10,19:35:00,4,Collision with a fixed object,7,Sunday,171,LEFT OFF CARRIAGEWAY INTO OBJECT/PARKED VEHICLE,5,735985,Not at intersection,2,100,Arterial Other,CAMPERDOWN-LISMORE,CORANGAMITE,-38.083763,143.2383,2022,7,July,19,Night,Weekend
T20220015469,2022-07-10,21:00:00,1,Collision with vehicle,7,Sunday,160,VEHICLE COLLIDES WITH VEHICLE PARKED ON LEFT OF ROAD,3,719641,Not at intersection,3,40,Local Road,ALBION,MORELAND,-37.758335,144.94203,2022,7,July,21,Night,Weekend
T20220015477,2022-07-10,19:10:00,1,Collision with vehicle,7,Sunday,110,CROSS TRAFFIC(INTERSECTIONS ONLY),5,718628,Cross intersection,2,100,Local Road,PITFIELD-CRESSY,GOLDEN PLAINS,-37.958366,143.6235,2022,7,July,19,Night,Weekend
T20220016319,2022-07-10,10:50:00,1,Collision with vehicle,7,Sunday,130,REAR END(VEHICLES IN SAME LANE),1,35331,Cross intersection,3,60,Arterial Highway,GREENSBOROUGH,BANYULE,-37.70317,145.08983,2022,7,July,10,Midday,Weekend
T20220016274,2022-07-10,15:15:00,4,Collision with a fixed object,7,Sunday,164,PERMANENT OBSTRUCTION ON CARRIAGEWAY,1,782217,Not at intersection,3,60,Local Road,NEW,MAROONDAH,-37.81592,145.22049,2022,7,July,15,Afternoon Peak,Weekend
T20220016654,2022-07-10,19:45:00,1,Collision with vehicle,7,Sunday,130,REAR END(VEHICLES IN SAME LANE),1,721385,Cross intersection,3,60,Local Road,VIEW,BENDIGO,-36.75517,144.27402,2022,7,July,19,Night,Weekend
T20220015542,2022-07-10,05:00:00,6,Vehicle overturned (no collision),7,Sunday,180,OFF CARRIAGEWAY ON RIGHT BEND,5,723540,Not at intersection,2,40,Arterial Other,WALHALLA,BAW BAW,-37.95191,146.44714,2022,7,July,5,Morning Peak,Weekend
T20220015601,2022-07-10,01:00:00,1,Collision with vehicle,7,Sunday,120,HEAD ON (NOT OVERTAKING),3,46550,T intersection,3,60,Arterial Other,KINGS,PORT PHILLIP,-37.83626,144.97339,2022,7,July,1,Late Night,Weekend
T20220015822,2022-07-10,11:00:00,1,Collision with vehicle,7,Sunday,130,REAR END(VEHICLES IN SAME LANE),1,36381,T intersection,3,80,Arterial Other,KELLETTS,KNOX,-37.91317,145.25809,2022,7,July,11,Midday,Weekend
T20220016121,2022-07-10,16:00:00,4,Collision with a fixed object,7,Sunday,181,OFF RIGHT BEND INTO OBJECT/PARKED VEHICLE,1,798120,Not at intersection,3,100,Arterial Other,COLERAINE-EDENHOPE,SOUTHERN GRAMPIANS,-37.166504,141.59744,2022,7,July,16,Afternoon Peak,Weekend
T20220015529,2022-07-11,19:00:00,1,Collision with vehicle,1,Monday,121,RIGHT THROUGH,3,29468,Cross intersection,3,50,Arterial Highway,PUNT,STONNINGTON,-37.845688,144.98503,2022,7,July,19,Night,Weekday
T20220015487,2022-07-11,12:00:00,1,Collision with vehicle,1,Monday,134,LANE CHANGE RIGHT (NOT OVERTAKING),1,718774,Not at intersection,3,60,Arterial Highway,PUNT,MELBOURNE,-37.824036,144.98894,2022,7,July,12,Midday,Weekday
T20220015489,2022-07-11,11:30:00,1,Collision with vehicle,1,Monday,130,REAR END(VEHICLES IN SAME LANE),1,718630,Not at intersection,3,50,Local Road,GILBERT,DAREBIN,-37.727875,144.9918,2022,7,July,11,Midday,Weekday
T20220015522,2022-07-11,16:40:00,1,Collision with vehicle,1,Monday,113,RIGHT NEAR (INTERSECTIONS ONLY),1,29515,T intersection,3,60,Arterial Other,WRIGHT,BRIMBANK,-37.796516,144.83557,2022,7,July,16,Afternoon Peak,Weekday
T20220015523,2022-07-11,15:24:00,1,Collision with vehicle,1,Monday,130,REAR END(VEHICLES IN SAME LANE),1,718633,Not at intersection,2,100,Freeway,HUME,WHITTLESEA,-37.648556,144.99043,2022,7,July,15,Afternoon Peak,Weekday
T20220017729,2022-07-11,07:20:00,1,Collision with vehicle,1,Monday,140,U TURN,1,774837,Not at intersection,3,80,Arterial Other,MT DUNEED,SURF COAST,-38.242744,144.28253,2022,7,July,7,Morning Peak,Weekday
T20220015553,2022-07-11,11:28:00,4,Collision with a fixed object,1,Monday,171,LEFT OFF CARRIAGEWAY INTO OBJECT/PARKED VEHICLE,1,722466,Not at intersection,2,100,Freeway,WESTERN,BALLARAT,-37.50732,143.80443,2022,7,July,11,Midday,Weekday
T20220015527,2022-07-11,16:08:00,4,Collision with a fixed object,1,Monday,183,OFF LEFT BEND INTO OBJECT/PARKED VEHICLE,1,721055,Not at intersection,2,50,Local Road,MITFORD,HUME,-37.608913,144.94066,2022,7,July,16,Afternoon Peak,Weekday
T20220015499,2022-07-11,08:40:00,1,Collision with vehicle,1,Monday,133,LANE SIDE SWIPE (VEHICLES IN PARALLEL LANES),1,718775,Not at intersection,3,50,Local Road,WHEATSHEAF,MORELAND,-37.70855,144.92368,2022,7,July,8,Morning Peak,Weekday
T20220015530,2022-07-11,20:20:00,1,Collision with vehicle,1,Monday,130,REAR END(VEHICLES IN SAME LANE),6,778934,Cross intersection,3,60,Freeway,PRINCES,DANDENONG,-37.968174,145.1955,2022,7,July,20,Night,Weekday
T20220015486,2022-07-11,08:50:00,1,Collision with vehicle,1,Monday,120,HEAD ON (NOT OVERTAKING),1,721664,Not at intersection,2,100,Local Road,HAZELWOOD ESTATE,LATROBE,-38.328045,146.39952,2022,7,July,8,Morning Peak,Weekday
T20220015534,2022-07-11,15:00:00,1,Collision with vehicle,1,Monday,113,RIGHT NEAR (INTERSECTIONS ONLY),1,298900,Cross intersection,2,60,Freeway,PRINCES IN-CLYDE,CASEY,-38.04574,145.34106,2022,7,July,15,Afternoon Peak,Weekday
T20220015535,2022-07-11,23:15:00,1,Collision with vehicle,1,Monday,121,RIGHT THROUGH,3,782239,Cross intersection,3,60,Arterial Other,KINGS,BRIMBANK,-37.727596,144.78189,2022,7,July,23,Night,Weekday
T20220015536,2022-07-11,18:45:00,1,Collision with vehicle,1,Monday,121,RIGHT THROUGH,3,46085,Cross intersection,3,60,Arterial Highway,SPRINGVALE,DANDENONG,-37.933144,145.156,2022,7,July,18,Afternoon Peak,Weekday
T20220015537,2022-07-11,23:09:00,4,Collision with a fixed object,1,Monday,173,RIGHT OFF CARRIAGEWAY INTO OBJECT/PARKED VEHICLE,3,785697,Not at intersection,2,60,Arterial Other,WARRANWOOD,MAROONDAH,-37.77781,145.25127,2022,7,July,23,Night,Weekday
T20220015481,2022-07-11,09:00:00,1,Collision with vehicle,1,Monday,134,LANE CHANGE RIGHT (NOT OVERTAKING),1,635948,T intersection,2,60,Arterial Other,WESTGARTH,DAREBIN,-37.78222,145.0063,2022,7,July,9,Morning Peak,Weekday
T20220015498,2022-07-11,08:25:00,1,Collision with vehicle,1,Monday,130,REAR END(VEHICLES IN SAME LANE),1,754433,Not at intersection,2,100,Arterial Other,WARATAH,SOUTH GIPPSLAND,-38.71039,146.08386,2022,7,July,8,Morning Peak,Weekday
T20220015541,2022-07-11,14:40:00,1,Collision with vehicle,1,Monday,132,RIGHT REAR.,1,718637,Cross intersection,3,50,Arterial Other,SEPARATION,GEELONG,-38.11081,144.34334,2022,7,July,14,Midday,Weekday
T20220015495,2022-07-11,10:39:00,4,Collision with a fixed object,1,Monday,171,LEFT OFF CARRIAGEWAY INTO OBJECT/PARKED VEHICLE,1,721797,Not at intersection,3,60,Local Road,HESLOP,BASS COAST,-38.573765,145.58722,2022,7,July,10,Midday,Weekday
T20220015502,2022-07-11,14:13:00,2,Struck Pedestrian,1,Monday,100,PED NEAR SIDE. PED HIT BY VEHICLE FROM THE RIGHT.,1,718632,Not at intersection,3,50,Local Road,FOURTH,MORNINGTON PENINSULA,-38.36085,144.89883,2022,7,July,14,Midday,Weekday
T20220015479,2022-07-11,08:20:00,1,Collision with vehicle,1,Monday,139,OTHER SAME DIRECTION-MANOUEVRES NOT INCLUDED IN DCAs 130-137,1,782246,Not at intersection,3,70,Arterial Other,HEIDELBERG-WARRANDYTE,MANNINGHAM,-37.752728,145.15176,2022,7,July,8,Morning Peak,Weekday
T20220015476,2022-07-11,07:15:00,1,Collision with vehicle,1,Monday,130,REAR END(VEHICLES IN SAME LANE),2,778937,Not at intersection,3,60,Local Road,ONTARIO,MILDURA,-34.1844,142.14357,2022,7,July,7,Morning Peak,Weekday
T20220015644,2022-07-11,13:15:00,6,Vehicle overturned (no collision),1,Monday,170,OFF CARRIAGEWAY TO LEFT,1,718645,Not at intersection,3,50,Local Road,MT MORTON,YARRA RANGES,-37.921658,145.34348,2022,7,July,13,Midday,Weekday
T20220015494,2022-07-11,07:00:00,1,Collision with vehicle,1,Monday,121,RIGHT THROUGH,1,41819,T intersection,2,80,Arterial Other,FERNTREE GULLY,MONASH,-37.90481,145.17357,2022,7,July,7,Morning Peak,Weekday
T20220015505,2022-07-11,15:22:00,1,Collision with vehicle,1,Monday,147,VEHICLE STRIKES ANOTHER VEH WHILE EMERGING FROM DRIVEWAY,1,782242,Not at intersection,3,50,Local Road,COOK,MELTON,-37.71332,144.56938,2022,7,July,15,Afternoon Peak,Weekday
T20220015969,2022-07-11,08:40:00,1,Collision with vehicle,1,Monday,121,RIGHT THROUGH,1,36847,T intersection,3,40,Local Road,WILLIAM,MELBOURNE,-37.810677,144.95595,2022,7,July,8,Morning Peak,Weekday
T20220015472,2022-07-11,07:00:00,1,Collision with vehicle,1,Monday,113,RIGHT NEAR (INTERSECTIONS ONLY),1,718627,T intersection,3,60,Arterial Other,WANTIRNA,MAROONDAH,-37.833317,145.22739,2022,7,July,7,Morning Peak,Weekday
T20220015467,2022-07-11,02:55:00,1,Collision with vehicle,1,Monday,121,RIGHT THROUGH,3,30939,Cross intersection,2,60,Arterial Highway,ALEXANDRA,YARRA,-37.79312,144.97934,2022,7,July,2,Late Night,Weekday
T20220015727,2022-07-11,11:12:00,1,Collision with vehicle,1,Monday,116,LEFT NEAR (INTERSECTIONS ONLY),1,43634,T intersection,2,80,Arterial Other,NARRE WARREN NORTH,CASEY,-38.01139,145.30972,2022,7,July,11,Midday,Weekday
T20220015738,2022-07-11,05:15:00,3,Struck animal,1,Monday,167,STRUCK ANIMAL,5,718787,Not at intersection,3,100,Arterial Other,WHITTLESEA-YEA,MURRINDINDI,-37.41536,145.27162,2022,7,July,5,Morning Peak,Weekday
T20220016144,2022-07-11,16:45:00,1,Collision with vehicle,1,Monday,132,RIGHT REAR.,1,718854,Not at intersection,3,50,Local Road,STAWELL,CASEY,-38.108135,145.2845,2022,7,July,16,Afternoon Peak,Weekday
T20220016780,2022-07-11,17:00:00,1,Collision with vehicle,1,Monday,130,REAR END(VEHICLES IN SAME LANE),2,41744,T intersection,3,70,Arterial Other,BLACKBURN,MONASH,-37.90986,145.14133,2022,7,July,17,Afternoon Peak,Weekday
T20220015506,2022-07-11,15:05:00,2,Struck Pedestrian,1,Monday,102,FAR SIDE. PED HIT BY VEHICLE FROM THE LEFT,1,36338,Cross intersection,3,50,Local Road,DRUMMOND,MELBOURNE,-37.79732,144.96902,2022,7,July,15,Afternoon Peak,Weekday
T20220019896,2022-07-12,11:00:00,1,Collision with vehicle,2,Tuesday,111,RIGHT FAR (INTERSECTIONS ONLY),1,54153,T intersection,3,80,Arterial Highway,SPRINGVALE,KINGSTON,-38.003113,145.14227,2022,7,July,11,Midday,Weekday
T20220015603,2022-07-12,16:54:00,1,Collision with vehicle,2,Tuesday,130,REAR END(VEHICLES IN SAME LANE),1,720763,Not at intersection,2,100,Freeway,EASTERN,WHITEHORSE,-37.800724,145.15512,2022,7,July,16,Afternoon Peak,Weekday
T20220015605,2022-07-12,18:30:00,2,Struck Pedestrian,2,Tuesday,105,PED WALKING AGAINST TRAFFIC.,2,718779,Not at intersection,3,60,Arterial Other,WOOLSTHORPE-HEYWOOD,GLENELG,-38.127438,141.63562,2022,7,July,18,Afternoon Peak,Weekday
T20220015570,2022-07-12,12:10:00,4,Collision with a fixed object,2,Tuesday,171,LEFT OFF CARRIAGEWAY INTO OBJECT/PARKED VEHICLE,1,785698,T intersection,2,50,Local Road,LESLIE,MORELAND,-37.72786,144.95349,2022,7,July,12,Midday,Weekday
T20220015608,2022-07-12,19:43:00,1,Collision with vehicle,2,Tuesday,121,RIGHT THROUGH,3,292163,Cross intersection,2,80,Arterial Other,MICKLEHAM,HUME,-37.62269,144.88385,2022,7,July,19,Night,Weekday
T20220015610,2022-07-12,18:33:00,1,Collision with vehicle,2,Tuesday,173,RIGHT OFF CARRIAGEWAY INTO OBJECT/PARKED VEHICLE,3,70669,T intersection,3,50,Local Road,GRANTON,CASEY,-37.98781,145.26794,2022,7,July,18,Afternoon Peak,Weekday
T20220015613,2022-07-12,20:06:00,1,Collision with vehicle,2,Tuesday,113,RIGHT NEAR (INTERSECTIONS ONLY),5,348875,Cross intersection,3,60,Freeway,MONTAGUE,MELBOURNE,-37.82645,144.94746,2022,7,July,20,Night,Weekday
T20220015615,2022-07-12,21:30:00,2,Struck Pedestrian,2,Tuesday,100,PED NEAR SIDE. PED HIT BY VEHICLE FROM THE RIGHT.,3,45434,Cross intersection,2,60,Arterial Other,ASCOT VALE,MOONEE VALLEY,-37.772564,144.92392,2022,7,July,21,Night,Weekday
T20220015575,2022-07-12,10:37:00,1,Collision with vehicle,2,Tuesday,130,REAR END(VEHICLES IN SAME LANE),1,722522,Not at intersection,3,80,Freeway,CITYLINK IN-WEST GATE IN,MELBOURNE,-37.826042,144.93204,2022,7,July,10,Midday,Weekday
T20220015634,2022-07-12,12:00:00,1,Collision with vehicle,2,Tuesday,130,REAR END(VEHICLES IN SAME LANE),1,778950,Not at intersection,3,70,Arterial Other,HIGH STREET,MONASH,-37.869324,145.12393,2022,7,July,12,Midday,Weekday
T20220017259,2022-07-12,17:20:00,1,Collision with vehicle,2,Tuesday,130,REAR END(VEHICLES IN SAME LANE),2,722214,Not at intersection,3,80,Arterial Highway,NEPEAN,GLEN EIRA,-37.897198,145.00545,2022,7,July,17,Afternoon Peak,Weekday
T20220015641,2022-07-12,19:45:00,4,Collision with a fixed object,2,Tuesday,183,OFF LEFT BEND INTO OBJECT/PARKED VEHICLE,5,782118,Not at intersection,3,100,Arterial Highway,GREAT ALPINE,(MOUNT HOTHAM),-36.984913,147.11964,2022,7,July,19,Night,Weekday
T20220015539,2022-07-12,06:15:00,2,Struck Pedestrian,2,Tuesday,102,FAR SIDE. PED HIT BY VEHICLE FROM THE LEFT,3,37440,Cross intersection,3,50,Local Road,LIARDET,PORT PHILLIP,-37.841015,144.94653,2022,7,July,6,Morning Peak,Weekday
T20220015659,2022-07-12,19:30:00,1,Collision with vehicle,2,Tuesday,130,REAR END(VEHICLES IN SAME LANE),3,720523,Not at intersection,3,60,Local Road,MERTON,HOBSONS BAY,-37.863934,144.77856,2022,7,July,19,Night,Weekday
T20220015580,2022-07-12,12:03:00,1,Collision with vehicle,2,Tuesday,112,LEFT FAR (INTERSECTIONS ONLY),1,782105,Unknown,3,50,Arterial Other,BEEK STREET -BENALLA-TOCUMWAL,MOIRA,-36.07606,145.68721,2022,7,July,12,Midday,Weekday
T20220016099,2022-07-12,13:00:00,1,Collision with vehicle,2,Tuesday,145,REVERSING IN STREAM OF TRAFFIC,1,778946,Not at intersection,3,50,Local Road,LICOLA,DANDENONG,-38.034313,145.1918,2022,7,July,13,Midday,Weekday
T20220015548,2022-07-12,07:10:00,4,Collision with a fixed object,2,Tuesday,173,RIGHT OFF CARRIAGEWAY INTO OBJECT/PARKED VEHICLE,1,720071,Not at intersection,2,100,Arterial Other,MURRAY RIVER,TOWONG,-36.075054,147.97023,2022,7,July,7,Morning Peak,Weekday
T20220015549,2022-07-12,08:55:00,4,Collision with a fixed object,2,Tuesday,171,LEFT OFF CARRIAGEWAY INTO OBJECT/PARKED VEHICLE,1,718638,Not at intersection,3,100,Local Road,AXE CREEK,BENDIGO,-36.8961,144.36009,2022,7,July,8,Morning Peak,Weekday
T20220015551,2022-07-12,10:30:00,7,Fall from or in moving vehicle,2,Tuesday,190,FELL IN/FROM VEHICLE,1,718639,Not at intersection,3,60,Arterial Highway,PLENTY,WHITTLESEA,-37.688744,145.06584,2022,7,July,10,Midday,Weekday
T20220015721,2022-07-12,19:00:00,2,Struck Pedestrian,2,Tuesday,102,FAR SIDE. PED HIT BY VEHICLE FROM THE LEFT,5,719603,Not at intersection,2,60,Arterial Other,ROMSEY,MACEDON RANGES,-37.34931,144.5445,2022,7,July,19,Night,Weekday
T20220015552,2022-07-12,08:10:00,1,Collision with vehicle,2,Tuesday,113,RIGHT NEAR (INTERSECTIONS ONLY),1,43656,T intersection,3,80,Arterial Other,RIDDELL,HUME,-37.546497,144.6901,2022,7,July,8,Morning Peak,Weekday
T20220015557,2022-07-12,10:30:00,1,Collision with vehicle,2,Tuesday,147,VEHICLE STRIKES ANOTHER VEH WHILE EMERGING FROM DRIVEWAY,1,54013,Not at intersection,3,70,Arterial Other,HIGH,WHITTLESEA,-37.655163,145.02148,2022,7,July,10,Midday,Weekday
T20220015558,2022-07-12,09:23:00,8,No collision and no object struck,2,Tuesday,182,OFF CARRIAGEWAY ON LEFT BEND,1,725461,T intersection,2,60,Local Road,YOUNG,BAYSIDE,-37.908176,144.98767,2022,7,July,9,Morning Peak,Weekday
T20220022650,2022-07-12,16:00:00,1,Collision with vehicle,2,Tuesday,130,REAR END(VEHICLES IN SAME LANE),1,774897,T intersection,3,50,Local Road,PEEL,CASEY,-38.028923,145.34712,2022,7,July,16,Afternoon Peak,Weekday
T20220015569,2022-07-12,11:40:00,2,Struck Pedestrian,2,Tuesday,100,PED NEAR SIDE. PED HIT BY VEHICLE FROM THE RIGHT.,1,37814,Cross intersection,2,50,Arterial Other,NICHOLSON,MORELAND,-37.7735,144.9792,2022,7,July,11,Midday,Weekday