ACCIDENT_NO,ACCIDENT_DATE,ACCIDENT_TIME,ACCIDENT_TYPE,ACCIDENT_TYPE_DESC,DAY_OF_WEEK,DAY_WEEK_DESC,DCA_CODE,DCA_DESC,LIGHT_CONDITION,NODE_ID,ROAD_GEOMETRY_DESC,SEVERITY,SPEED_ZONE,RMA,ROAD_NAME,LGA_NAME,LATITUDE,LONGITUDE,YEAR,MONTH,MONTH_NAME,HOUR,TIME_PERIOD,DAY_TYPE
T20220016552,2022-07-12,16:30:00,1,Collision with vehicle,2,Tuesday,130,REAR END(VEHICLES IN SAME LANE),1,783954,Not at intersection,3,80,Freeway,TULLAMARINE,MOONEE VALLEY,-37.73541,144.9039,2022,7,July,16,Afternoon Peak,Weekday
T20220015596,2022-07-12,15:10:00,1,Collision with vehicle,2,Tuesday,113,RIGHT NEAR (INTERSECTIONS ONLY),1,49689,Cross intersection,3,60,Arterial Other,COX,GEELONG,-38.0826,144.34654,2022,7,July,15,Afternoon Peak,Weekday
T20220015598,2022-07-12,15:27:00,8,No collision and no object struck,2,Tuesday,179,OTHER ACCIDENTS-OFF STRAIGHT NOT INCLUDED IN DCAs 170-175,1,723347,Not at intersection,2,60,Arterial Other,BURKE,BOROONDARA,-37.814686,145.05988,2022,7,July,15,Afternoon Peak,Weekday
T20220015802,2022-07-12,17:48:00,1,Collision with vehicle,2,Tuesday,130,REAR END(VEHICLES IN SAME LANE),3,778962,Not at intersection,3,100,Freeway,PRINCES,HOBSONS BAY,-37.86522,144.77576,2022,7,July,17,Afternoon Peak,Weekday
T20220015600,2022-07-12,17:53:00,1,Collision with vehicle,2,Tuesday,116,LEFT NEAR (INTERSECTIONS ONLY),3,29618,Cross intersection,3,60,Arterial Other,HIGHBURY,WHITEHORSE,-37.85423,145.10269,2022,7,July,17,Afternoon Peak,Weekday
T20220015860,2022-07-12,16:00:00,4,Collision with a fixed object,2,Tuesday,183,OFF LEFT BEND INTO OBJECT/PARKED VEHICLE,1,782115,Not at intersection,3,50,Local Road,OAKLANDS,CARDINIA,-38.070473,145.4568,2022,7,July,16,Afternoon Peak,Weekday
T20220017311,2022-07-12,18:33:00,6,Vehicle overturned (no collision),2,Tuesday,175,OFF END OF ROAD/T-INTERSECTION.,5,51242,T intersection,3,80,Arterial Highway,MELBA,MURRINDINDI,-37.423477,145.42294,2022,7,July,18,Afternoon Peak,Weekday
T20220015592,2022-07-12,16:50:00,1,Collision with vehicle,2,Tuesday,110,CROSS TRAFFIC(INTERSECTIONS ONLY),2,58878,Cross intersection,2,100,Local Road,CURR,CAMPASPE,-36.311817,144.98128,2022,7,July,16,Afternoon Peak,Weekday
T20220015663,2022-07-13,09:10:00,1,Collision with vehicle,3,Wednesday,137,LEFT TURN SIDESWIPE,1,36619,T intersection,3,50,Local Road,MATER,YARRA,-37.795666,144.98795,2022,7,July,9,Morning Peak,Weekday
T20220016097,2022-07-13,09:00:00,1,Collision with vehicle,3,Wednesday,131,LEFT REAR,1,718936,Not at intersection,3,60,Freeway,MONASH IN-HEATHERTON,CASEY,-37.97259,145.23633,2022,7,July,9,Morning Peak,Weekday
T20220015665,2022-07-13,14:05:00,1,Collision with vehicle,3,Wednesday,121,RIGHT THROUGH,1,35605,Cross intersection,3,60,Arterial Highway,WARRIGAL,KINGSTON,-37.982174,145.07135,2022,7,July,14,Midday,Weekday
T20220015666,2022-07-13,14:29:00,4,Collision with a fixed object,3,Wednesday,173,RIGHT OFF CARRIAGEWAY INTO OBJECT/PARKED VEHICLE,1,49231,Cross intersection,2,80,Local Road,BENETOOK,MILDURA,-34.236397,142.13028,2022,7,July,14,Midday,Weekday
T20220015667,2022-07-13,13:40:00,1,Collision with vehicle,3,Wednesday,110,CROSS TRAFFIC(INTERSECTIONS ONLY),1,62414,Cross intersection,3,50,Local Road,HALSEY,MOONEE VALLEY,-37.718437,144.8809,2022,7,July,13,Midday,Weekday
T20220015669,2022-07-13,13:11:00,1,Collision with vehicle,3,Wednesday,111,RIGHT FAR (INTERSECTIONS ONLY),1,238790,T intersection,2,100,Local Road,BALD HILL,CARDINIA,-38.09408,145.52666,2022,7,July,13,Midday,Weekday
T20220015673,2022-07-13,15:11:00,1,Collision with vehicle,3,Wednesday,121,RIGHT THROUGH,1,785702,Cross intersection,2,60,Local Road,QUEEN,YARRA RANGES,-37.75661,145.35983,2022,7,July,15,Afternoon Peak,Weekday
T20220016056,2022-07-13,12:49:00,1,Collision with vehicle,3,Wednesday,137,LEFT TURN SIDESWIPE,1,718840,Not at intersection,3,60,Local Road,MURPHY,BENDIGO,-36.75821,144.29831,2022,7,July,12,Midday,Weekday
T20220015675,2022-07-13,13:00:00,8,No collision and no object struck,3,Wednesday,182,OFF CARRIAGEWAY ON LEFT BEND,1,782199,Not at intersection,3,100,Local Road,BROADFORD-GLENAROUA,MITCHELL,-37.15339,144.97581,2022,7,July,13,Midday,Weekday
T20220015676,2022-07-13,12:36:00,1,Collision with vehicle,3,Wednesday,110,CROSS TRAFFIC(INTERSECTIONS ONLY),1,33676,Cross intersection,3,50,Local Road,MORRIS,MORNINGTON PENINSULA,-38.374275,144.85303,2022,7,July,12,Midday,Weekday
T20220015631,2022-07-13,07:50:00,1,Collision with vehicle,3,Wednesday,121,RIGHT THROUGH,1,57528,T intersection,3,60,Arterial Other,MALVERN,STONNINGTON,-37.869595,145.06087,2022,7,July,7,Morning Peak,Weekday
T20220015680,2022-07-13,13:33:00,4,Collision with a fixed object,3,Wednesday,183,OFF LEFT BEND INTO OBJECT/PARKED VEHICLE,1,785699,Not at intersection,2,80,Freeway,HUME-METROPOLITAN RING OUT,WHITTLESEA,-37.688572,144.98804,2022,7,July,13,Midday,Weekday
T20220015681,2022-07-13,16:20:00,4,Collision with a fixed object,3,Wednesday,181,OFF RIGHT BEND INTO OBJECT/PARKED VEHICLE,1,782224,Not at intersection,3,50,Local Road,PEPPERCORN,WHITTLESEA,-37.650932,145.04182,2022,7,July,16,Afternoon Peak,Weekday
T20220015687,2022-07-13,17:00:00,2,Struck Pedestrian,3,Wednesday,100,PED NEAR SIDE. PED HIT BY VEHICLE FROM THE RIGHT.,1,275051,T intersection,3,80,Arterial Highway,WELLINGTON,MONASH,-37.915257,145.13129,2022,7,July,17,Afternoon Peak,Weekday
T20220015690,2022-07-13,19:03:00,2,Struck Pedestrian,3,Wednesday,100,PED NEAR SIDE. PED HIT BY VEHICLE FROM THE RIGHT.,3,41871,T intersection,2,50,Arterial Highway,STUD,KNOX,-37.889046,145.23288,2022,7,July,19,Night,Weekday
T20220015691,2022-07-13,07:10:00,1,Collision with vehicle,3,Wednesday,130,REAR END(VEHICLES IN SAME LANE),1,722423,Not at intersection,2,70,Arterial Other,EDGARS,WHITTLESEA,-37.66445,145.00522,2022,7,July,7,Morning Peak,Weekday
T20220015633,2022-07-13,06:45:00,1,Collision with vehicle,3,Wednesday,121,RIGHT THROUGH,2,41382,Cross intersection,3,50,Arterial Other,GRANGE,GLEN EIRA,-37.898197,145.04515,2022,7,July,6,Morning Peak,Weekday
T20220019924,2022-07-13,18:20:00,1,Collision with vehicle,3,Wednesday,130,REAR END(VEHICLES IN SAME LANE),3,781810,T intersection,3,60,Arterial Other,CRAIGIEBURN,HUME,-37.598587,144.93797,2022,7,July,18,Afternoon Peak,Weekday
T20220015696,2022-07-13,15:03:00,1,Collision with vehicle,3,Wednesday,130,REAR END(VEHICLES IN SAME LANE),1,754423,Cross intersection,2,50,Local Road,HAMMOND,DANDENONG,-37.9914,145.2102,2022,7,July,15,Afternoon Peak,Weekday
T20220015697,2022-07-13,21:12:00,2,Struck Pedestrian,3,Wednesday,102,FAR SIDE. PED HIT BY VEHICLE FROM THE LEFT,3,774748,Not at intersection,3,60,Arterial Highway,WHITEHORSE,WHITEHORSE,-37.817368,145.15045,2022,7,July,21,Night,Weekday
T20220015698,2022-07-13,17:15:00,1,Collision with vehicle,3,Wednesday,136,RIGHT TURN SIDESWIPE,2,717497,T intersection,1,50,Arterial Highway,FRANCIS STREET -WHITEHALL,MARIBYRNONG,-37.822075,144.89838,2022,7,July,17,Afternoon Peak,Weekday
T20220015699,2022-07-13,20:45:00,1,Collision with vehicle,3,Wednesday,148,VEHICLE OFF FOOTPATH STRIKES VEH ON CARRIAGEWAY,6,720249,T intersection,2,60,Local Road,MOOMBA,DANDENONG,-37.994324,145.20436,2022,7,July,20,Night,Weekday
T20220015700,2022-07-13,12:30:00,1,Collision with vehicle,3,Wednesday,111,RIGHT FAR (INTERSECTIONS ONLY),9,297768,Multiple intersection,3,60,Arterial Other,HIGH,DAREBIN,-37.71563,145.008,2022,7,July,12,Midday,Weekday
T20220015709,2022-07-13,22:54:00,4,Collision with a fixed object,3,Wednesday,183,OFF LEFT BEND INTO OBJECT/PARKED VEHICLE,3,782120,Not at intersection,3,50,Local Road,PIN OAK,WHITTLESEA,-37.631763,145.01895,2022,7,July,22,Night,Weekday
T20220016253,2022-07-13,08:15:00,1,Collision with vehicle,3,Wednesday,130,REAR END(VEHICLES IN SAME LANE),1,778965,Not at intersection,3,60,Arterial Highway,WYNDHAM,SHEPPARTON,-36.39266,145.39694,2022,7,July,8,Morning Peak,Weekday
T20220017592,2022-07-13,08:30:00,1,Collision with vehicle,3,Wednesday,147,VEHICLE STRIKES ANOTHER VEH WHILE EMERGING FROM DRIVEWAY,1,720603,Not at intersection,3,60,Arterial Other,MILLEARA,MOONEE VALLEY,-37.749912,144.86209,2022,7,July,8,Morning Peak,Weekday
T20220021673,2022-07-13,17:00:00,6,Vehicle overturned (no collision),3,Wednesday,180,OFF CARRIAGEWAY ON RIGHT BEND,1,774986,Not at intersection,3,100,Local Road,KANGAROO GULLY,BENDIGO,-36.80871,144.24991,2022,7,July,17,Afternoon Peak,Weekday
T20220015645,2022-07-13,08:45:00,1,Collision with vehicle,3,Wednesday,133,LANE SIDE SWIPE (VEHICLES IN PARALLEL LANES),1,45540,Cross intersection,3,60,Arterial Other,MELVILLE,MORELAND,-37.749687,144.9464,2022,7,July,8,Morning Peak,Weekday
T20220015646,2022-07-13,10:25:00,1,Collision with vehicle,3,Wednesday,160,VEHICLE COLLIDES WITH VEHICLE PARKED ON LEFT OF ROAD,1,785700,Not at intersection,2,60,Arterial Other,WATTLETREE,STONNINGTON,-37.86344,145.03651,2022,7,July,10,Midday,Weekday
T20220015647,2022-07-13,08:00:00,1,Collision with vehicle,3,Wednesday,192,STRUCK TRAIN,1,720802,Not at intersection,2,100,Local Road,UNNAMED,BENDIGO,-36.590137,144.5485,2022,7,July,8,Morning Peak,Weekday
T20220015649,2022-07-13,10:36:00,4,Collision with a fixed object,3,Wednesday,171,LEFT OFF CARRIAGEWAY INTO OBJECT/PARKED VEHICLE,1,743226,Not at intersection,2,70,Arterial Other,SHRIVES,CASEY,-38.030735,145.28598,2022,7,July,10,Midday,Weekday
T20220015758,2022-07-13,18:00:00,1,Collision with vehicle,3,Wednesday,130,REAR END(VEHICLES IN SAME LANE),2,721577,Not at intersection,3,60,Arterial Other,HIGH,WHITTLESEA,-37.65104,145.02423,2022,7,July,18,Afternoon Peak,Weekday
T20220015650,2022-07-13,09:35:00,1,Collision with vehicle,3,Wednesday,133,LANE SIDE SWIPE (VEHICLES IN PARALLEL LANES),1,782201,Not at intersection,3,100,Arterial Highway,SOUTH GIPPSLAND,CASEY,-38.214516,145.41046,2022,7,July,9,Morning Peak,Weekday
T20220015781,2022-07-13,20:00:00,2,Struck Pedestrian,3,Wednesday,106,VEH STRIKES PED ON FOOTPATH/MEDIAN/TRAFFIC ISLAND.,3,777758,Cross intersection,2,50,Local Road,CHURCH,MANNINGHAM,-37.791073,145.1371,2022,7,July,20,Night,Weekday
T20220015912,2022-07-13,13:20:00,1,Collision with vehicle,3,Wednesday,140,U TURN,1,774811,T intersection,3,100,Arterial Other,WANGARATTA-YARRAWONGA,MOIRA,-36.16302,146.2186,2022,7,July,13,Midday,Weekday
T20220016134,2022-07-13,16:53:00,1,Collision with vehicle,3,Wednesday,124,RIGHT/RIGHT BOTH VEHs FROM OPPOSITE DIRECTIONS TURNING RIGHT,2,35321,Cross intersection,3,40,Local Road,DRUMMOND,MELBOURNE,-37.798836,144.96877,2022,7,July,16,Afternoon Peak,Weekday
T20220015654,2022-07-13,12:50:00,1,Collision with vehicle,3,Wednesday,130,REAR END(VEHICLES IN SAME LANE),1,718647,Not at intersection,3,60,Arterial Other,BURKE,BOROONDARA,-37.809086,145.06094,2022,7,July,12,Midday,Weekday
T20220016188,2022-07-13,19:00:00,1,Collision with vehicle,3,Wednesday,121,RIGHT THROUGH,3,718855,Not at intersection,3,60,Local Road,BLACKBURN,MANNINGHAM,-37.762325,145.16676,2022,7,July,19,Night,Weekday
T20220015655,2022-07-13,09:40:00,1,Collision with vehicle,3,Wednesday,120,HEAD ON (NOT OVERTAKING),1,717496,Not at intersection,1,80,Arterial Highway,MELBA,YARRA RANGES,-37.69511,145.3839,2022,7,July,9,Morning Peak,Weekday
T20230002205,2022-07-13,08:45:00,1,Collision with vehicle,3,Wednesday,133,LANE SIDE SWIPE (VEHICLES IN PARALLEL LANES),1,782200,Not at intersection,3,80,Freeway,CALDER,BRIMBANK,-37.72525,144.84673,2022,7,July,8,Morning Peak,Weekday
T20220015837,2022-07-13,15:30:00,1,Collision with vehicle,3,Wednesday,133,LANE SIDE SWIPE (VEHICLES IN PARALLEL LANES),1,718796,Not at intersection,3,100,Freeway,SUNBURY,HUME,-37.66275,144.85489,2022,7,July,15,Afternoon Peak,Weekday
T20220015808,2022-07-13,05:30:00,1,Collision with vehicle,3,Wednesday,130,REAR END(VEHICLES IN SAME LANE),3,718793,Not at intersection,3,90,Arterial Highway,DANDENONG-HASTINGS,DANDENONG,-38.062996,145.24217,2022,7,July,5,Morning Peak,Weekday
T20240003470,2022-07-13,09:00:00,1,Collision with vehicle,3,Wednesday,116,LEFT NEAR (INTERSECTIONS ONLY),1,798344,T intersection,3,60,Local Road,WONDAH,MOIRA,-35.917038,145.65718,2022,7,July,9,Morning Peak,Weekday
T20220015661,2022-07-13,12:50:00,1,Collision with vehicle,3,Wednesday,163,VEHICLE STRIKES DOOR OF PARKED/STATIONARY VEHICLE,1,780155,Not at intersection,3,50,Arterial Other,SWAN,YARRA,-37.825,144.99193,2022,7,July,12,Midday,Weekday
T20220015751,2022-07-14,06:46:00,1,Collision with vehicle,4,Thursday,116,LEFT NEAR (INTERSECTIONS ONLY),3,718788,T intersection,2,60,Local Road,HACKETTS,WYNDHAM,-37.886425,144.71844,2022,7,July,6,Morning Peak,Weekday
T20220015753,2022-07-14,11:08:00,1,Collision with vehicle,4,Thursday,110,CROSS TRAFFIC(INTERSECTIONS ONLY),1,22422,Cross intersection,3,100,Arterial Other,BLUE RIBBON,YARRIAMBIACK,-36.437496,142.22562,2022,7,July,11,Midday,Weekday
T20220015720,2022-07-14,03:00:00,4,Collision with a fixed object,4,Thursday,173,RIGHT OFF CARRIAGEWAY INTO OBJECT/PARKED VEHICLE,3,754418,Not at intersection,2,60,Arterial Other,STEPHENSONS,MONASH,-37.88989,145.12636,2022,7,July,3,Late Night,Weekday
T20220015756,2022-07-14,10:55:00,2,Struck Pedestrian,4,Thursday,100,PED NEAR SIDE. PED HIT BY VEHICLE FROM THE RIGHT.,1,719598,Cross intersection,3,50,Local Road,WESTERN,HUME,-37.68439,144.88281,2022,7,July,10,Midday,Weekday
T20220017226,2022-07-14,12:20:00,1,Collision with vehicle,4,Thursday,112,LEFT FAR (INTERSECTIONS ONLY),1,721429,T intersection,3,40,Local Road,ROWENA,YARRA,-37.82048,144.99115,2022,7,July,12,Midday,Weekday
T20220015760,2022-07-14,08:43:00,1,Collision with vehicle,4,Thursday,121,RIGHT THROUGH,1,345969,T intersection,2,80,Arterial Highway,SOUTH GIPPSLAND,CASEY,-38.13268,145.29549,2022,7,July,8,Morning Peak,Weekday
T20220015765,2022-07-14,14:55:00,8,No collision and no object struck,4,Thursday,149,OTHER MANOEUVRING NOT INCLUDED IN DCAs 140-148,1,42968,T intersection,3,60,Arterial Other,CHANDLER,DANDENONG,-37.97279,145.186,2022,7,July,14,Midday,Weekday
T20220015767,2022-07-14,14:50:00,1,Collision with vehicle,4,Thursday,132,RIGHT REAR.,1,52240,T intersection,3,60,Local Road,BANK,LATROBE,-38.204254,146.51749,2022,7,July,14,Midday,Weekday
T20220015771,2022-07-14,16:25:00,1,Collision with vehicle,4,Thursday,113,RIGHT NEAR (INTERSECTIONS ONLY),1,245143,T intersection,2,60,Arterial Other,HOWITT,BAW BAW,-38.168903,145.93204,2022,7,July,16,Afternoon Peak,Weekday
T20220015772,2022-07-14,15:20:00,2,Struck Pedestrian,4,Thursday,102,FAR SIDE. PED HIT BY VEHICLE FROM THE LEFT,1,15399,Cross intersection,3,40,Local Road,ALBERT,GEELONG,-38.14078,144.34828,2022,7,July,15,Afternoon Peak,Weekday
T20220017820,2022-07-14,15:38:00,1,Collision with vehicle,4,Thursday,131,LEFT REAR,1,781516,T intersection,3,70,Arterial Other,TERRARA,WHITEHORSE,-37.837017,145.19101,2022,7,July,15,Afternoon Peak,Weekday
T20220015841,2022-07-14,18:50:00,1,Collision with vehicle,4,Thursday,163,VEHICLE STRIKES DOOR OF PARKED/STATIONARY VEHICLE,6,748218,Not at intersection,3,60,Local Road,ORRONG,GLEN EIRA,-37.87418,145.00793,2022,7,July,18,Afternoon Peak,Weekday
T20220015777,2022-07-14,15:30:00,1,Collision with vehicle,4,Thursday,113,RIGHT NEAR (INTERSECTIONS ONLY),1,37019,T intersection,2,80,Arterial Other,CRANBOURNE,CASEY,-38.038742,145.30473,2022,7,July,15,Afternoon Peak,Weekday
T20220015778,2022-07-14,17:20:00,1,Collision with vehicle,4,Thursday,130,REAR END(VEHICLES IN SAME LANE),3,773154,Not at intersection,3,100,Freeway,METROPOLITAN RING,WHITTLESEA,-37.690437,144.97481,2022,7,July,17,Afternoon Peak,Weekday
T20220015779,2022-07-14,17:10:00,1,Collision with vehicle,4,Thursday,111,RIGHT FAR (INTERSECTIONS ONLY),1,785708,Cross intersection,2,80,Local Road,SOUTH GIPPSLAND,DANDENONG,-38.035683,145.24629,2022,7,July,17,Afternoon Peak,Weekday
T20220015730,2022-07-14,07:05:00,1,Collision with vehicle,4,Thursday,116,LEFT NEAR (INTERSECTIONS ONLY),2,40533,T intersection,3,60,Local Road,KING,MOONEE VALLEY,-37.723763,144.89102,2022,7,July,7,Morning Peak,Weekday
T20220015731,2022-07-14,09:02:00,1,Collision with vehicle,4,Thursday,130,REAR END(VEHICLES IN SAME LANE),1,718786,Not at intersection,2,60,Local Road,BRUNT,CARDINIA,-38.06474,145.38757,2022,7,July,9,Morning Peak,Weekday
T20220015784,2022-07-14,17:50:00,1,Collision with vehicle,4,Thursday,130,REAR END(VEHICLES IN SAME LANE),3,778977,Not at intersection,3,80,Freeway,2996R 2995F,MAROONDAH,-37.82192,145.21703,2022,7,July,17,Afternoon Peak,Weekday
T20220015786,2022-07-14,18:30:00,1,Collision with vehicle,4,Thursday,121,RIGHT THROUGH,3,248826,T intersection,3,60,Arterial Other,OGILVY,SOUTH GIPPSLAND,-38.479626,145.95663,2022,7,July,18,Afternoon Peak,Weekday
T20220015732,2022-07-14,08:00:00,4,Collision with a fixed object,4,Thursday,183,OFF LEFT BEND INTO OBJECT/PARKED VEHICLE,1,774867,Not at intersection,3,80,Local Road,MYERS CREEK,YARRA RANGES,-37.600548,145.51843,2022,7,July,8,Morning Peak,Weekday
T20220016321,2022-07-14,13:37:00,1,Collision with vehicle,4,Thursday,130,REAR END(VEHICLES IN SAME LANE),1,718805,Cross intersection,3,60,Arterial Highway,BANKSIA,BANYULE,-37.759808,145.06903,2022,7,July,13,Midday,Weekday
T20220015789,2022-07-14,19:30:00,4,Collision with a fixed object,4,Thursday,171,LEFT OFF CARRIAGEWAY INTO OBJECT/PARKED VEHICLE,3,29457,Cross intersection,3,60,Arterial Other,HIGH,WHITTLESEA,-37.69482,145.01141,2022,7,July,19,Night,Weekday
T20220015792,2022-07-14,18:35:00,1,Collision with vehicle,4,Thursday,130,REAR END(VEHICLES IN SAME LANE),3,720551,Not at intersection,2,40,Local Road,MOORABOOL,GEELONG,-38.15113,144.35896,2022,7,July,18,Afternoon Peak,Weekday
T20220015736,2022-07-14,08:40:00,1,Collision with vehicle,4,Thursday,110,CROSS TRAFFIC(INTERSECTIONS ONLY),1,59201,Cross intersection,3,80,Arterial Other,DOYLES,SHEPPARTON,-36.410496,145.43185,2022,7,July,8,Morning Peak,Weekday
T20220015737,2022-07-14,04:10:00,2,Struck Pedestrian,4,Thursday,102,FAR SIDE. PED HIT BY VEHICLE FROM THE LEFT,3,717588,Not at intersection,1,80,Arterial Highway,DANDENONG,MONASH,-37.893585,145.09207,2022,7,July,4,Late Night,Weekday
T20220015827,2022-07-14,13:35:00,1,Collision with vehicle,4,Thursday,110,CROSS TRAFFIC(INTERSECTIONS ONLY),1,29868,Cross intersection,3,70,Freeway,PLENTY-METROPOLITAN RING IN,WHITTLESEA,-37.687008,145.0673,2022,7,July,13,Midday,Weekday
T20220015711,2022-07-14,00:01:00,4,Collision with a fixed object,4,Thursday,171,LEFT OFF CARRIAGEWAY INTO OBJECT/PARKED VEHICLE,5,785706,Not at intersection,2,100,Arterial Other,BENALLA-YARRAWONGA,BENALLA,-36.46303,145.99802,2022,7,July,0,Late Night,Weekday
T20220015745,2022-07-14,08:52:00,1,Collision with vehicle,4,Thursday,130,REAR END(VEHICLES IN SAME LANE),1,778975,Not at intersection,3,70,Arterial Highway,NORTHERN,CAMPASPE,-36.14134,144.72975,2022,7,July,8,Morning Peak,Weekday
T20220015719,2022-07-14,05:00:00,4,Collision with a fixed object,4,Thursday,171,LEFT OFF CARRIAGEWAY INTO OBJECT/PARKED VEHICLE,3,228358,Not at intersection,2,80,Arterial Other,BALLARAT,MARIBYRNONG,-37.780247,144.85657,2022,7,July,5,Morning Peak,Weekday
T20220015917,2022-07-14,18:08:00,1,Collision with vehicle,4,Thursday,130,REAR END(VEHICLES IN SAME LANE),3,785703,T intersection,2,50,Arterial Other,GAFFNEY,MORELAND,-37.732433,144.94708,2022,7,July,18,Afternoon Peak,Weekday
T20220015749,2022-07-14,12:30:00,1,Collision with vehicle,4,Thursday,135,LANE CHANGE LEFT (NOT OVERTAKING),1,36423,T intersection,2,50,Arterial Other,NICHOLSON,MELBOURNE,-37.794357,144.9755,2022,7,July,12,Midday,Weekday
T20220015759,2022-07-14,12:00:00,4,Collision with a fixed object,4,Thursday,171,LEFT OFF CARRIAGEWAY INTO OBJECT/PARKED VEHICLE,1,785707,Not at intersection,2,50,Local Road,CAMBDEN PARK,KNOX,-37.885307,145.26117,2022,7,July,12,Midday,Weekday
T20220016847,2022-07-15,15:10:00,2,Struck Pedestrian,5,Friday,107,PED ON FOOTHPATH STRUCK BY VEHENTERING/LEAVING DRIVEWAY.,1,728725,Not at intersection,2,50,Local Road,BLAZE,WHITTLESEA,-37.62482,145.00923,2022,7,July,15,Afternoon Peak,Weekday
T20220017168,2022-07-15,17:00:00,1,Collision with vehicle,5,Friday,130,REAR END(VEHICLES IN SAME LANE),1,43136,Cross intersection,3,80,Arterial Other,BARRY,HUME,-37.663754,144.92218,2022,7,July,17,Afternoon Peak,Weekday
T20220017788,2022-07-15,12:00:00,1,Collision with vehicle,5,Friday,131,LEFT REAR,1,44336,Cross intersection,3,60,Arterial Other,WERRIBEE STREET -WERRIBEE,WYNDHAM,-37.90456,144.6555,2022,7,July,12,Midday,Weekday
T20220021366,2022-07-15,11:50:00,1,Collision with vehicle,5,Friday,147,VEHICLE STRIKES ANOTHER VEH WHILE EMERGING FROM DRIVEWAY,1,782321,Not at intersection,3,60,Arterial Other,MORNINGTON-TYABB,MORNINGTON PENINSULA,-38.23303,145.04709,2022,7,July,11,Midday,Weekday
T20220018438,2022-07-15,16:00:00,6,Vehicle overturned (no collision),5,Friday,174,OUT OF CONTROL ON CARRIAGEWAY (ON STRAIGHT),1,782326,Not at intersection,3,80,Local Road,KILLARNEY,MOORABOOL,-37.570583,143.93655,2022,7,July,16,Afternoon Peak,Weekday
T20220017947,2022-07-15,08:50:00,4,Collision with a fixed object,5,Friday,173,RIGHT OFF CARRIAGEWAY INTO OBJECT/PARKED VEHICLE,1,782309,Not at intersection,3,100,Freeway,SOUTH GIPPSLAND,DANDENONG,-38.018703,145.24855,2022,7,July,8,Morning Peak,Weekday
T20220015805,2022-07-15,06:30:00,1,Collision with vehicle,5,Friday,130,REAR END(VEHICLES IN SAME LANE),2,779066,Not at intersection,3,100,Freeway,CALDER,BRIMBANK,-37.70639,144.81773,2022,7,July,6,Morning Peak,Weekday
T20220015807,2022-07-15,07:20:00,1,Collision with vehicle,5,Friday,130,REAR END(VEHICLES IN SAME LANE),1,169,Cross intersection,3,70,Arterial Highway,HODDLE,YARRA,-37.804993,144.99213,2022,7,July,7,Morning Peak,Weekday
T20220015810,2022-07-15,06:25:00,1,Collision with vehicle,5,Friday,121,RIGHT THROUGH,2,5481,Multiple intersection,3,60,Arterial Highway,FRANKSTON-DANDENONG,FRANKSTON,-38.112686,145.1575,2022,7,July,6,Morning Peak,Weekday
T20220015828,2022-07-15,09:48:00,1,Collision with vehicle,5,Friday,121,RIGHT THROUGH,1,50224,T intersection,2,70,Arterial Highway,HIGH STREET -PRINCES,GEELONG,-38.18927,144.32762,2022,7,July,9,Morning Peak,Weekday
T20220015831,2022-07-15,09:25:00,4,Collision with a fixed object,5,Friday,173,RIGHT OFF CARRIAGEWAY INTO OBJECT/PARKED VEHICLE,1,718795,Not at intersection,3,100,Arterial Other,HAPPY VALLEY,ALPINE,-36.54756,146.96188,2022,7,July,9,Morning Peak,Weekday
T20220015835,2022-07-15,11:30:00,8,No collision and no object struck,5,Friday,174,OUT OF CONTROL ON CARRIAGEWAY (ON STRAIGHT),1,67911,Cross intersection,3,60,Local Road,ALAMEIN,BOROONDARA,-37.868507,145.08221,2022,7,July,11,Midday,Weekday
T20220015836,2022-07-15,02:00:00,4,Collision with a fixed object,5,Friday,164,PERMANENT OBSTRUCTION ON CARRIAGEWAY,3,719990,Not at intersection,3,80,Freeway,WESTERN RING IN-MELROSE,BRIMBANK,-37.708874,144.88603,2022,7,July,2,Late Night,Weekday
T20220015840,2022-07-15,13:30:00,1,Collision with vehicle,5,Friday,132,RIGHT REAR.,1,718813,Not at intersection,3,60,Arterial Other,WETHERBY,MANNINGHAM,-37.79278,145.14268,2022,7,July,13,Midday,Weekday
T20220015844,2022-07-15,15:25:00,1,Collision with vehicle,5,Friday,163,VEHICLE STRIKES DOOR OF PARKED/STATIONARY VEHICLE,1,718814,T intersection,3,40,Arterial Other,BURKE,BOROONDARA,-37.829678,145.05702,2022,7,July,15,Afternoon Peak,Weekday
T20220015852,2022-07-15,17:06:00,2,Struck Pedestrian,5,Friday,103,PED PLAYING/LYING/WORKING/STANDING ON CARRIAGEWAY.,2,723839,T intersection,2,40,Arterial Other,TOORAK,STONNINGTON,-37.839214,144.99338,2022,7,July,17,Afternoon Peak,Weekday
T20220015854,2022-07-15,08:05:00,1,Collision with vehicle,5,Friday,130,REAR END(VEHICLES IN SAME LANE),1,718816,Not at intersection,3,80,Arterial Other,THOMPSONS,DANDENONG,-38.072903,145.2008,2022,7,July,8,Morning Peak,Weekday
T20220015855,2022-07-15,17:55:00,2,Struck Pedestrian,5,Friday,102,FAR SIDE. PED HIT BY VEHICLE FROM THE LEFT,3,36825,Cross intersection,3,60,Arterial Other,MONTAGUE,PORT PHILLIP,-37.83017,144.9496,2022,7,July,17,Afternoon Peak,Weekday
T20220015856,2022-07-15,13:27:00,1,Collision with vehicle,5,Friday,113,RIGHT NEAR (INTERSECTIONS ONLY),1,37792,T intersection,3,40,Arterial Other,MALVERN,STONNINGTON,-37.850163,145.01889,2022,7,July,13,Midday,Weekday
T20220015857,2022-07-15,15:00:00,1,Collision with vehicle,5,Friday,121,RIGHT THROUGH,1,49500,Cross intersection,3,50,Arterial Other,ROBERTSON,MACEDON RANGES,-37.485695,144.58998,2022,7,July,15,Afternoon Peak,Weekday