ACCIDENT_NO,ACCIDENT_DATE,ACCIDENT_TIME,ACCIDENT_TYPE,ACCIDENT_TYPE_DESC,DAY_OF_WEEK,DAY_WEEK_DESC,DCA_CODE,DCA_DESC,LIGHT_CONDITION,NODE_ID,ROAD_GEOMETRY_DESC,SEVERITY,SPEED_ZONE,RMA,ROAD_NAME,LGA_NAME,LATITUDE,LONGITUDE,YEAR,MONTH,MONTH_NAME,HOUR,TIME_PERIOD,DAY_TYPE
T20220015859,2022-07-15,16:48:00,3,Struck animal,5,Friday,167,STRUCK ANIMAL,1,718818,Not at intersection,2,100,Arterial Other,BENDIGO-PYRAMID,BENDIGO,-36.681923,144.22261,2022,7,July,16,Afternoon Peak,Weekday
T20220015862,2022-07-15,14:12:00,1,Collision with vehicle,5,Friday,137,LEFT TURN SIDESWIPE,1,44734,Cross intersection,2,40,Local Road,BLAIR,HUME,-37.683235,144.92773,2022,7,July,14,Midday,Weekday
T20220015864,2022-07-15,18:43:00,8,No collision and no object struck,5,Friday,174,OUT OF CONTROL ON CARRIAGEWAY (ON STRAIGHT),5,782325,Not at intersection,3,80,Local Road,HOWARD,BENDIGO,-36.70359,144.29185,2022,7,July,18,Afternoon Peak,Weekday
T20220015868,2022-07-15,14:15:00,4,Collision with a fixed object,5,Friday,171,LEFT OFF CARRIAGEWAY INTO OBJECT/PARKED VEHICLE,1,717829,Not at intersection,1,100,Local Road,ANDERSON,CAMPASPE,-36.234188,144.75293,2022,7,July,14,Midday,Weekday
T20220015869,2022-07-15,18:13:00,2,Struck Pedestrian,5,Friday,100,PED NEAR SIDE. PED HIT BY VEHICLE FROM THE RIGHT.,3,718820,Not at intersection,2,80,Arterial Other,SUNSHINE,BRIMBANK,-37.738205,144.82233,2022,7,July,18,Afternoon Peak,Weekday
T20220015871,2022-07-15,21:15:00,1,Collision with vehicle,5,Friday,130,REAR END(VEHICLES IN SAME LANE),3,779063,Not at intersection,3,60,Arterial Highway,SPRINGVALE,WHITEHORSE,-37.819904,145.1758,2022,7,July,21,Night,Weekday
T20220015873,2022-07-15,20:40:00,1,Collision with vehicle,5,Friday,121,RIGHT THROUGH,3,628291,Cross intersection,3,80,Arterial Other,GATWICK,MAROONDAH,-37.823734,145.2966,2022,7,July,20,Night,Weekday
T20220015875,2022-07-15,19:12:00,1,Collision with vehicle,5,Friday,110,CROSS TRAFFIC(INTERSECTIONS ONLY),3,29960,Cross intersection,2,80,Arterial Other,VENTNOR,BASS COAST,-38.47228,145.18745,2022,7,July,19,Night,Weekday
T20220015876,2022-07-15,20:00:00,4,Collision with a fixed object,5,Friday,171,LEFT OFF CARRIAGEWAY INTO OBJECT/PARKED VEHICLE,5,782270,Not at intersection,3,100,Arterial Highway,PRINCES,EAST GIPPSLAND,-37.481007,149.55786,2022,7,July,20,Night,Weekday
T20220015877,2022-07-15,21:55:00,4,Collision with a fixed object,5,Friday,171,LEFT OFF CARRIAGEWAY INTO OBJECT/PARKED VEHICLE,5,774750,Not at intersection,3,80,Arterial Other,BEACONSFIELD-EMERALD,CARDINIA,-37.982018,145.44699,2022,7,July,21,Night,Weekday
T20220015878,2022-07-15,20:38:00,4,Collision with a fixed object,5,Friday,151,OUT OF CONTROL (OVERTAKING),5,723211,Not at intersection,2,100,Local Road,BARANDUDA,WODONGA,-36.16952,146.91177,2022,7,July,20,Night,Weekday
T20220015910,2022-07-15,11:28:00,1,Collision with vehicle,5,Friday,110,CROSS TRAFFIC(INTERSECTIONS ONLY),1,37567,Cross intersection,3,50,Local Road,NIMMO,PORT PHILLIP,-37.84987,144.96246,2022,7,July,11,Midday,Weekday
T20220015921,2022-07-15,08:50:00,1,Collision with vehicle,5,Friday,130,REAR END(VEHICLES IN SAME LANE),1,735454,Not at intersection,3,40,Arterial Other,HEATHERTON,DANDENONG,-37.969215,145.20798,2022,7,July,8,Morning Peak,Weekday
T20220015989,2022-07-15,18:40:00,1,Collision with vehicle,5,Friday,132,RIGHT REAR.,3,778979,Cross intersection,3,80,Arterial Other,FURLONG,BRIMBANK,-37.76137,144.82066,2022,7,July,18,Afternoon Peak,Weekday
T20220016030,2022-07-15,18:55:00,4,Collision with a fixed object,5,Friday,171,LEFT OFF CARRIAGEWAY INTO OBJECT/PARKED VEHICLE,9,719610,Not at intersection,3,80,Local Road,ELCHO,GEELONG,-38.02133,144.37645,2022,7,July,18,Afternoon Peak,Weekday
T20220018053,2022-07-15,12:00:00,1,Collision with vehicle,5,Friday,121,RIGHT THROUGH,1,45303,Cross intersection,3,60,Arterial Other,EPSOM ROAD -SCOTIA,MOONEE VALLEY,-37.77052,144.90521,2022,7,July,12,Midday,Weekday
T20220016231,2022-07-15,22:52:00,1,Collision with vehicle,5,Friday,121,RIGHT THROUGH,3,42547,Cross intersection,3,60,Arterial Other,POLICE,MONASH,-37.934273,145.1658,2022,7,July,22,Night,Weekday
T20220016296,2022-07-15,13:27:00,1,Collision with vehicle,5,Friday,163,VEHICLE STRIKES DOOR OF PARKED/STATIONARY VEHICLE,1,718802,Not at intersection,3,40,Local Road,CHAMBERS,STONNINGTON,-37.840183,144.99426,2022,7,July,13,Midday,Weekday
T20220016414,2022-07-15,17:00:00,6,Vehicle overturned (no collision),5,Friday,184,OUT OF CONTROL ON CARRIAGEWAY (ON BEND),2,737538,Not at intersection,3,60,Local Road,RANDOR,HUME,-37.665607,144.96611,2022,7,July,17,Afternoon Peak,Weekday
T20220016781,2022-07-15,06:45:00,1,Collision with vehicle,5,Friday,130,REAR END(VEHICLES IN SAME LANE),9,724845,Not at intersection,3,40,Arterial Other,BRIDGE,YARRA,-37.820145,145.01392,2022,7,July,6,Morning Peak,Weekday
T20220015940,2022-07-16,15:00:00,1,Collision with vehicle,6,Saturday,130,REAR END(VEHICLES IN SAME LANE),1,673999,T intersection,3,60,Freeway,SUNSHINE,BRIMBANK,-37.75154,144.8328,2022,7,July,15,Afternoon Peak,Weekend
T20220016059,2022-07-16,22:45:00,4,Collision with a fixed object,6,Saturday,183,OFF LEFT BEND INTO OBJECT/PARKED VEHICLE,5,718901,Not at intersection,2,100,Local Road,FAIRVIEW,MURRINDINDI,-37.17839,145.23708,2022,7,July,22,Night,Weekend
T20220016643,2022-07-16,14:20:00,1,Collision with vehicle,6,Saturday,121,RIGHT THROUGH,1,32339,Cross intersection,3,80,Arterial Highway,BURWOOD,KNOX,-37.862316,145.21455,2022,7,July,14,Midday,Weekend
T20220015916,2022-07-16,02:15:00,6,Vehicle overturned (no collision),6,Saturday,182,OFF CARRIAGEWAY ON LEFT BEND,5,754413,Not at intersection,2,100,Arterial Other,CUDGEWA VALLEY,TOWONG,-36.215042,147.73053,2022,7,July,2,Late Night,Weekend
T20220016668,2022-07-16,17:20:00,1,Collision with vehicle,6,Saturday,130,REAR END(VEHICLES IN SAME LANE),2,719535,Not at intersection,3,40,Local Road,BULLA-DIGGERS REST,HUME,-37.62523,144.77844,2022,7,July,17,Afternoon Peak,Weekend
T20220015920,2022-07-16,13:30:00,4,Collision with a fixed object,6,Saturday,181,OFF RIGHT BEND INTO OBJECT/PARKED VEHICLE,1,719805,Not at intersection,2,80,Local Road,MERIDIAN,MILDURA,-34.125694,141.9893,2022,7,July,13,Midday,Weekend
T20220015884,2022-07-16,02:45:00,4,Collision with a fixed object,6,Saturday,181,OFF RIGHT BEND INTO OBJECT/PARKED VEHICLE,5,52346,T intersection,2,100,Local Road,OLD SALE,WELLINGTON,-38.591896,146.76503,2022,7,July,2,Late Night,Weekend
T20220015913,2022-07-16,14:59:00,2,Struck Pedestrian,6,Saturday,100,PED NEAR SIDE. PED HIT BY VEHICLE FROM THE RIGHT.,1,277792,Cross intersection,3,80,Local Road,HAMMOND,DANDENONG,-38.00316,145.20793,2022,7,July,14,Midday,Weekend
T20220015924,2022-07-16,15:55:00,4,Collision with a fixed object,6,Saturday,183,OFF LEFT BEND INTO OBJECT/PARKED VEHICLE,1,727987,Not at intersection,3,80,Local Road,WHOROULY,WANGARATTA,-36.48616,146.57042,2022,7,July,15,Afternoon Peak,Weekend
T20220015925,2022-07-16,17:40:00,6,Vehicle overturned (no collision),6,Saturday,174,OUT OF CONTROL ON CARRIAGEWAY (ON STRAIGHT),3,125623,Not at intersection,3,40,Local Road,ELIZABETH,MELBOURNE,-37.812874,144.96252,2022,7,July,17,Afternoon Peak,Weekend
T20220015927,2022-07-16,17:38:00,1,Collision with vehicle,6,Saturday,130,REAR END(VEHICLES IN SAME LANE),1,724217,Not at intersection,3,70,Arterial Highway,ST GEORGES,DAREBIN,-37.77449,144.99036,2022,7,July,17,Afternoon Peak,Weekend
T20220015929,2022-07-16,15:00:00,1,Collision with vehicle,6,Saturday,121,RIGHT THROUGH,1,780165,T intersection,3,60,Local Road,SPARKS,DAREBIN,-37.76602,145.0246,2022,7,July,15,Afternoon Peak,Weekend
T20220015932,2022-07-16,19:32:00,6,Vehicle overturned (no collision),6,Saturday,170,OFF CARRIAGEWAY TO LEFT,5,722759,Not at intersection,2,100,Arterial Other,BROWN COALMINE,LATROBE,-38.149925,146.46161,2022,7,July,19,Night,Weekend
T20220015934,2022-07-16,17:44:00,4,Collision with a fixed object,6,Saturday,173,RIGHT OFF CARRIAGEWAY INTO OBJECT/PARKED VEHICLE,3,718827,Cross intersection,3,50,Local Road,JUSTIN,CASEY,-38.027443,145.27002,2022,7,July,17,Afternoon Peak,Weekend
T20220015935,2022-07-16,21:55:00,1,Collision with vehicle,6,Saturday,121,RIGHT THROUGH,3,36992,Cross intersection,3,40,Freeway,BATMAN,MELBOURNE,-37.81601,144.97238,2022,7,July,21,Night,Weekend
T20220017228,2022-07-16,11:40:00,1,Collision with vehicle,6,Saturday,130,REAR END(VEHICLES IN SAME LANE),9,36422,Cross intersection,3,70,Arterial Other,MORNINGTON-TYABB,MORNINGTON PENINSULA,-38.238914,145.06592,2022,7,July,11,Midday,Weekend
T20230013182,2022-07-16,01:00:00,1,Collision with vehicle,6,Saturday,121,RIGHT THROUGH,3,781807,Y intersection,3,60,Arterial Other,EPSOM,MELBOURNE,-37.780537,144.91469,2022,7,July,1,Late Night,Weekend
T20220015907,2022-07-16,12:12:00,1,Collision with vehicle,6,Saturday,113,RIGHT NEAR (INTERSECTIONS ONLY),1,720075,T intersection,3,50,Local Road,LEXTON,WHITEHORSE,-37.812553,145.13986,2022,7,July,12,Midday,Weekend
T20220015936,2022-07-16,18:59:00,1,Collision with vehicle,6,Saturday,139,OTHER SAME DIRECTION-MANOUEVRES NOT INCLUDED IN DCAs 130-137,3,774751,Not at intersection,3,80,Freeway,WEST GATE IN-KINGS,MELBOURNE,-37.825455,144.94183,2022,7,July,18,Afternoon Peak,Weekend
T20220015937,2022-07-16,18:10:00,1,Collision with vehicle,6,Saturday,160,VEHICLE COLLIDES WITH VEHICLE PARKED ON LEFT OF ROAD,3,718828,Not at intersection,2,50,Local Road,MITCHELLS,HUME,-37.585438,144.71605,2022,7,July,18,Afternoon Peak,Weekend
T20220015939,2022-07-16,22:30:00,4,Collision with a fixed object,6,Saturday,183,OFF LEFT BEND INTO OBJECT/PARKED VEHICLE,3,782333,Not at intersection,3,50,Local Road,QUINAN,SHEPPARTON,-36.37425,145.3952,2022,7,July,22,Night,Weekend
T20220015915,2022-07-16,12:01:00,2,Struck Pedestrian,6,Saturday,102,FAR SIDE. PED HIT BY VEHICLE FROM THE LEFT,1,718347,Not at intersection,1,70,Arterial Other,BALLARAT,BRIMBANK,-37.76995,144.77327,2022,7,July,12,Midday,Weekend
T20220015941,2022-07-16,21:28:00,4,Collision with a fixed object,6,Saturday,173,RIGHT OFF CARRIAGEWAY INTO OBJECT/PARKED VEHICLE,3,785709,Not at intersection,2,50,Arterial Other,STURT,MELBOURNE,-37.825645,144.9667,2022,7,July,21,Night,Weekend
T20220015942,2022-07-16,23:00:00,1,Collision with vehicle,6,Saturday,132,RIGHT REAR.,3,779077,Not at intersection,3,50,Arterial Other,NORMANBY,PORT PHILLIP,-37.828564,144.94911,2022,7,July,23,Night,Weekend
T20220015944,2022-07-16,21:33:00,4,Collision with a fixed object,6,Saturday,173,RIGHT OFF CARRIAGEWAY INTO OBJECT/PARKED VEHICLE,5,727686,Not at intersection,3,100,Arterial Other,MURCHISON-VIOLET TOWN,STRATHBOGIE,-36.615173,145.5486,2022,7,July,21,Night,Weekend
T20220015945,2022-07-16,21:30:00,6,Vehicle overturned (no collision),6,Saturday,172,OFF CARRIAGEWAY TO RIGHT,5,731167,Not at intersection,2,100,Arterial Other,KERANG-QUAMBATOOK,GANNAWARRA,-35.762173,143.73018,2022,7,July,21,Night,Weekend
T20220019236,2022-07-16,19:05:00,1,Collision with vehicle,6,Saturday,121,RIGHT THROUGH,3,35812,Cross intersection,3,60,Arterial Highway,DON,BENDIGO,-36.75842,144.26804,2022,7,July,19,Night,Weekend
T20220015950,2022-07-16,22:40:00,1,Collision with vehicle,6,Saturday,110,CROSS TRAFFIC(INTERSECTIONS ONLY),3,726927,Cross intersection,2,60,Arterial Other,PASCOE VALE,HUME,-37.66383,144.92216,2022,7,July,22,Night,Weekend
T20220015952,2022-07-16,23:33:00,4,Collision with a fixed object,6,Saturday,171,LEFT OFF CARRIAGEWAY INTO OBJECT/PARKED VEHICLE,3,56105,Cross intersection,2,50,Arterial Highway,RAGLAN,WARRNAMBOOL,-38.376205,142.48032,2022,7,July,23,Night,Weekend
T20220019266,2022-07-16,10:17:00,1,Collision with vehicle,6,Saturday,116,LEFT NEAR (INTERSECTIONS ONLY),1,691030,T intersection,3,50,Local Road,LITHGOW,MITCHELL,-37.47175,144.95763,2022,7,July,10,Midday,Weekend
T20220015904,2022-07-16,11:20:00,1,Collision with vehicle,6,Saturday,152,PULLING OUT (OVERTAKING),1,718825,Not at intersection,3,60,Arterial Other,WATTLETREE,STONNINGTON,-37.865223,145.05113,2022,7,July,11,Midday,Weekend
T20220016362,2022-07-16,18:42:00,5,collision with some other object,6,Saturday,166,STRUCK OBJECT ON CARRIAGEWAY,5,719056,Not at intersection,3,80,Arterial Other,WELLINGTON,YARRA RANGES,-37.959846,145.37236,2022,7,July,18,Afternoon Peak,Weekend
T20220015888,2022-07-16,06:08:00,1,Collision with vehicle,6,Saturday,121,RIGHT THROUGH,3,44444,Cross intersection,2,70,Arterial Highway,PRINCES,GEELONG,-38.12316,144.3528,2022,7,July,6,Morning Peak,Weekend
T20220016034,2022-07-16,12:30:00,1,Collision with vehicle,6,Saturday,130,REAR END(VEHICLES IN SAME LANE),1,44222,Cross intersection,3,60,Arterial Other,HIGH,WHITTLESEA,-37.644615,145.02632,2022,7,July,12,Midday,Weekend
T20220015964,2022-07-16,13:35:00,4,Collision with a fixed object,6,Saturday,173,RIGHT OFF CARRIAGEWAY INTO OBJECT/PARKED VEHICLE,1,718829,Not at intersection,3,100,Local Road,MOYHU-MEADOW CREEK,WANGARATTA,-36.581097,146.40515,2022,7,July,13,Midday,Weekend
T20220015906,2022-07-16,11:56:00,1,Collision with vehicle,6,Saturday,110,CROSS TRAFFIC(INTERSECTIONS ONLY),1,42032,Cross intersection,3,60,Arterial Other,HAMPTON,BAYSIDE,-37.94203,145.00166,2022,7,July,11,Midday,Weekend
T20220015953,2022-07-17,03:20:00,1,Collision with vehicle,7,Sunday,120,HEAD ON (NOT OVERTAKING),3,725836,Not at intersection,2,60,Arterial Highway,BELL,MORELAND,-37.73976,144.95091,2022,7,July,3,Late Night,Weekend
T20230006250,2022-07-17,13:15:00,8,No collision and no object struck,7,Sunday,174,OUT OF CONTROL ON CARRIAGEWAY (ON STRAIGHT),1,761381,T intersection,3,60,Local Road,CARSON,WYNDHAM,-37.865047,144.69681,2022,7,July,13,Midday,Weekend
T20220015979,2022-07-17,11:22:00,6,Vehicle overturned (no collision),7,Sunday,174,OUT OF CONTROL ON CARRIAGEWAY (ON STRAIGHT),1,721665,T intersection,3,50,Local Road,DINWOODIE,LATROBE,-38.175465,146.27943,2022,7,July,11,Midday,Weekend
T20220015981,2022-07-17,12:42:00,1,Collision with vehicle,7,Sunday,130,REAR END(VEHICLES IN SAME LANE),1,734645,Not at intersection,3,100,Freeway,EASTLINK,KNOX,-37.909286,145.21594,2022,7,July,12,Midday,Weekend
T20220015949,2022-07-17,00:07:00,4,Collision with a fixed object,7,Sunday,171,LEFT OFF CARRIAGEWAY INTO OBJECT/PARKED VEHICLE,3,785718,Not at intersection,2,80,Local Road,MADELINE,MONASH,-37.87209,145.16696,2022,7,July,0,Late Night,Weekend
T20220015970,2022-07-17,03:07:00,2,Struck Pedestrian,7,Sunday,100,PED NEAR SIDE. PED HIT BY VEHICLE FROM THE RIGHT.,3,782350,Not at intersection,3,50,Local Road,CAMPBELL,SWAN HILL,-35.3371,143.55913,2022,7,July,3,Late Night,Weekend
T20220015956,2022-07-17,04:30:00,1,Collision with vehicle,7,Sunday,160,VEHICLE COLLIDES WITH VEHICLE PARKED ON LEFT OF ROAD,3,779081,Not at intersection,3,100,Freeway,MONASH,CASEY,-37.966972,145.235,2022,7,July,4,Late Night,Weekend
T20220015959,2022-07-17,05:40:00,8,No collision and no object struck,7,Sunday,172,OFF CARRIAGEWAY TO RIGHT,5,719611,Not at intersection,2,60,Arterial Other,GEELONG,BALLARAT,-37.643387,143.88608,2022,7,July,5,Morning Peak,Weekend
T20220015960,2022-07-17,06:30:00,1,Collision with vehicle,7,Sunday,130,REAR END(VEHICLES IN SAME LANE),4,779082,Not at intersection,3,80,Freeway,CALDER,BRIMBANK,-37.726192,144.8508,2022,7,July,6,Morning Peak,Weekend
T20220016091,2022-07-17,16:00:00,1,Collision with vehicle,7,Sunday,130,REAR END(VEHICLES IN SAME LANE),2,718843,Not at intersection,3,60,Local Road,LIGHTWOOD,DANDENONG,-37.963184,145.1711,2022,7,July,16,Afternoon Peak,Weekend
T20220016104,2022-07-17,00:35:00,1,Collision with vehicle,7,Sunday,181,OFF RIGHT BEND INTO OBJECT/PARKED VEHICLE,3,782348,Not at intersection,3,40,Arterial Other,BURWOOD,YARRA RANGES,-37.9095,145.35419,2022,7,July,0,Late Night,Weekend
T20220017661,2022-07-17,11:00:00,4,Collision with a fixed object,7,Sunday,171,LEFT OFF CARRIAGEWAY INTO OBJECT/PARKED VEHICLE,1,782338,Not at intersection,3,100,Arterial Other,BANNOCKBURN-SHELFORD,GOLDEN PLAINS,-38.03372,144.0927,2022,7,July,11,Midday,Weekend
T20220015975,2022-07-17,12:07:00,1,Collision with vehicle,7,Sunday,132,RIGHT REAR.,1,718830,Not at intersection,3,60,Arterial Other,CANTERBURY,WHITEHORSE,-37.829468,145.1282,2022,7,July,12,Midday,Weekend
T20220015976,2022-07-17,12:50:00,1,Collision with vehicle,7,Sunday,110,CROSS TRAFFIC(INTERSECTIONS ONLY),1,718487,Cross intersection,2,60,Arterial Highway,BRIDPORT,PYRENEES,-37.090424,143.47438,2022,7,July,12,Midday,Weekend
T20220015990,2022-07-17,13:09:00,4,Collision with a fixed object,7,Sunday,175,OFF END OF ROAD/T-INTERSECTION.,1,240324,Multiple intersection,2,60,Freeway,ERNST WANKE,CASEY,-38.000008,145.29344,2022,7,July,13,Midday,Weekend
T20220015995,2022-07-17,17:00:00,1,Collision with vehicle,7,Sunday,131,LEFT REAR,2,264915,Cross intersection,3,80,Arterial Other,MT BULLER,MANSFIELD,-37.064327,146.10445,2022,7,July,17,Afternoon Peak,Weekend
T20230007565,2022-07-17,09:29:00,1,Collision with vehicle,7,Sunday,110,CROSS TRAFFIC(INTERSECTIONS ONLY),1,29641,Cross intersection,3,60,Local Road,BAMBRA,GLEN EIRA,-37.87673,145.03082,2022,7,July,9,Morning Peak,Weekend
T20220015999,2022-07-17,17:58:00,4,Collision with a fixed object,7,Sunday,183,OFF LEFT BEND INTO OBJECT/PARKED VEHICLE,3,782351,Not at intersection,3,50,Local Road,WURUNDJERI,CASEY,-38.07349,145.35687,2022,7,July,17,Afternoon Peak,Weekend
T20220016004,2022-07-17,22:20:00,2,Struck Pedestrian,7,Sunday,100,PED NEAR SIDE. PED HIT BY VEHICLE FROM THE RIGHT.,6,718835,Cross intersection,3,60,Local Road,UNION,BOROONDARA,-37.820408,145.09833,2022,7,July,22,Night,Weekend
T20220016076,2022-07-18,20:20:00,4,Collision with a fixed object,1,Monday,183,OFF LEFT BEND INTO OBJECT/PARKED VEHICLE,3,782352,Not at intersection,3,50,Local Road,THE BOULEVARD,BANYULE,-37.778187,145.05713,2022,7,July,20,Night,Weekday
T20220016029,2022-07-18,07:08:00,4,Collision with a fixed object,1,Monday,171,LEFT OFF CARRIAGEWAY INTO OBJECT/PARKED VEHICLE,1,774754,Not at intersection,2,100,Freeway,MONASH OUT-SOUTH GIPPSLAND OUT,CASEY,-37.99363,145.2542,2022,7,July,7,Morning Peak,Weekday
T20220017745,2022-07-18,18:30:00,1,Collision with vehicle,1,Monday,160,VEHICLE COLLIDES WITH VEHICLE PARKED ON LEFT OF ROAD,3,723146,Not at intersection,3,50,Arterial Other,BRUNSWICK,YARRA,-37.78951,144.97997,2022,7,July,18,Afternoon Peak,Weekday
T20220016037,2022-07-18,11:12:00,1,Collision with vehicle,1,Monday,110,CROSS TRAFFIC(INTERSECTIONS ONLY),1,44398,Cross intersection,3,50,Arterial Other,PLENTY,DAREBIN,-37.734398,145.01369,2022,7,July,11,Midday,Weekday
T20220016115,2022-07-18,08:10:00,1,Collision with vehicle,1,Monday,131,LEFT REAR,1,49625,T intersection,3,60,Local Road,AVALON,GEELONG,-38.02644,144.429,2022,7,July,8,Morning Peak,Weekday
T20220016046,2022-07-18,11:28:00,1,Collision with vehicle,1,Monday,110,CROSS TRAFFIC(INTERSECTIONS ONLY),1,356024,Cross intersection,2,60,Arterial Other,DONNYBROOK,HUME,-37.53488,144.89865,2022,7,July,11,Midday,Weekday
T20220016049,2022-07-18,11:27:00,2,Struck Pedestrian,1,Monday,102,FAR SIDE. PED HIT BY VEHICLE FROM THE LEFT,1,719991,T intersection,2,70,Arterial Highway,DANDENONG,STONNINGTON,-37.875355,145.04213,2022,7,July,11,Midday,Weekday
T20220016107,2022-07-18,08:30:00,1,Collision with vehicle,1,Monday,140,U TURN,1,718846,T intersection,3,80,Arterial Other,HIGH STREET,KNOX,-37.8768,145.21832,2022,7,July,8,Morning Peak,Weekday
T20220016079,2022-07-18,23:12:00,4,Collision with a fixed object,1,Monday,173,RIGHT OFF CARRIAGEWAY INTO OBJECT/PARKED VEHICLE,6,785720,Not at intersection,2,100,Freeway,GEELONG RING,GEELONG,-38.0615,144.34158,2022,7,July,23,Night,Weekday
T20220017512,2022-07-18,08:08:00,4,Collision with a fixed object,1,Monday,171,LEFT OFF CARRIAGEWAY INTO OBJECT/PARKED VEHICLE,9,720992,Not at intersection,3,50,Local Road,KAREN,FRANKSTON,-38.157967,145.20891,2022,7,July,8,Morning Peak,Weekday
T20220016072,2022-07-18,19:35:00,1,Collision with vehicle,1,Monday,136,RIGHT TURN SIDESWIPE,3,782354,Cross intersection,3,80,Arterial Highway,PRINCES,DANDENONG,-37.967487,145.19473,2022,7,July,19,Night,Weekday
T20220016705,2022-07-18,16:30:00,1,Collision with vehicle,1,Monday,130,REAR END(VEHICLES IN SAME LANE),1,774767,T intersection,3,60,Arterial Other,CANTERBURY,WHITEHORSE,-37.826324,145.10062,2022,7,July,16,Afternoon Peak,Weekday
T20220021393,2022-07-18,05:10:00,1,Collision with vehicle,1,Monday,116,LEFT NEAR (INTERSECTIONS ONLY),2,351505,T intersection,3,60,Arterial Highway,BENALLA,SHEPPARTON,-36.38373,145.41533,2022,7,July,5,Morning Peak,Weekday
T20220019118,2022-07-18,17:45:00,1,Collision with vehicle,1,Monday,130,REAR END(VEHICLES IN SAME LANE),1,722748,Cross intersection,3,70,Arterial Highway,MIDLAND,BENDIGO,-36.70507,144.31618,2022,7,July,17,Afternoon Peak,Weekday
T20220016987,2022-07-18,13:30:00,1,Collision with vehicle,1,Monday,130,REAR END(VEHICLES IN SAME LANE),9,778986,T intersection,3,50,Local Road,GALLOWAY,CASEY,-38.068382,145.30565,2022,7,July,13,Midday,Weekday
T20220016063,2022-07-18,17:50:00,1,Collision with vehicle,1,Monday,130,REAR END(VEHICLES IN SAME LANE),2,734070,T intersection,3,80,Arterial Other,HIGH STREET,KNOX,-37.876766,145.21536,2022,7,July,17,Afternoon Peak,Weekday
T20220019481,2022-07-18,08:44:00,1,Collision with vehicle,1,Monday,130,REAR END(VEHICLES IN SAME LANE),1,778885,Not at intersection,3,80,Freeway,CITYLINK,YARRA,-37.83171,145.02174,2022,7,July,8,Morning Peak,Weekday
T20220016066,2022-07-18,18:40:00,2,Struck Pedestrian,1,Monday,100,PED NEAR SIDE. PED HIT BY VEHICLE FROM THE RIGHT.,3,718731,Cross intersection,3,60,Local Road,BANKSIA,BANYULE,-37.757095,145.04506,2022,7,July,18,Afternoon Peak,Weekday
T20220016068,2022-07-18,18:20:00,1,Collision with vehicle,1,Monday,121,RIGHT THROUGH,3,29766,Multiple intersection,3,60,Arterial Highway,SOUTH GIPPSLAND,CASEY,-38.113033,145.28279,2022,7,July,18,Afternoon Peak,Weekday
T20220016070,2022-07-18,18:00:00,1,Collision with vehicle,1,Monday,116,LEFT NEAR (INTERSECTIONS ONLY),3,580839,Cross intersection,3,80,Arterial Highway,THOMPSONS,CASEY,-38.082108,145.27649,2022,7,July,18,Afternoon Peak,Weekday
T20220017243,2022-07-18,07:47:00,1,Collision with vehicle,1,Monday,121,RIGHT THROUGH,1,779724,Cross intersection,3,60,Arterial Other,CLAYTON,MONASH,-37.913654,145.12189,2022,7,July,7,Morning Peak,Weekday
T20220016015,2022-07-18,04:23:00,4,Collision with a fixed object,1,Monday,198,OTHER ACCIDENTS NOT CLASSIFIABLE ELSEWHERE,3,723407,Not at intersection,2,70,Arterial Other,MAIDSTONE,HOBSONS BAY,-37.85047,144.8088,2022,7,July,4,Late Night,Weekday
T20220016016,2022-07-18,05:50:00,1,Collision with vehicle,1,Monday,121,RIGHT THROUGH,3,785869,Cross intersection,2,80,Local Road,MILES,MONASH,-37.923996,145.15764,2022,7,July,5,Morning Peak,Weekday
T20220016017,2022-07-18,06:20:00,3,Struck animal,1,Monday,167,STRUCK ANIMAL,5,718836,Not at intersection,3,50,Local Road,BATTERY,HOBSONS BAY,-37.868073,144.91176,2022,7,July,6,Morning Peak,Weekday
T20220016193,2022-07-18,07:20:00,1,Collision with vehicle,1,Monday,130,REAR END(VEHICLES IN SAME LANE),1,778947,Cross intersection,3,80,Arterial Other,BOUNDARY,BRIMBANK,-37.81313,144.78235,2022,7,July,7,Morning Peak,Weekday
T20220016090,2022-07-18,18:00:00,6,Vehicle overturned (no collision),1,Monday,170,OFF CARRIAGEWAY TO LEFT,5,785719,Not at intersection,2,100,Arterial Highway,HAMILTON,GOLDEN PLAINS,-38.02825,143.6677,2022,7,July,18,Afternoon Peak,Weekday
T20220016020,2022-07-18,08:36:00,2,Struck Pedestrian,1,Monday,102,FAR SIDE. PED HIT BY VEHICLE FROM THE LEFT,1,37590,Cross intersection,2,60,Arterial Other,ST KILDA,MELBOURNE,-37.83908,144.97658,2022,7,July,8,Morning Peak,Weekday
T20220016019,2022-07-18,07:49:00,1,Collision with vehicle,1,Monday,163,VEHICLE STRIKES DOOR OF PARKED/STATIONARY VEHICLE,1,780177,Not at intersection,3,60,Arterial Other,ST KILDA ROAD SERVICE,PORT PHILLIP,-37.842464,144.9776,2022,7,July,7,Morning Peak,Weekday
T20220016025,2022-07-18,08:30:00,2,Struck Pedestrian,1,Monday,100,PED NEAR SIDE. PED HIT BY VEHICLE FROM THE RIGHT.,1,35525,Cross intersection,2,60,Arterial Other,HIGHBURY,MONASH,-37.857563,145.13144,2022,7,July,8,Morning Peak,Weekday
T20220016240,2022-07-18,16:30:00,1,Collision with vehicle,1,Monday,130,REAR END(VEHICLES IN SAME LANE),1,774817,Not at intersection,3,60,Local Road,MOORABOOL,GEELONG,-38.162876,144.35358,2022,7,July,16,Afternoon Peak,Weekday