ACCIDENT_NO,ACCIDENT_DATE,ACCIDENT_TIME,ACCIDENT_TYPE,ACCIDENT_TYPE_DESC,DAY_OF_WEEK,DAY_WEEK_DESC,DCA_CODE,DCA_DESC,LIGHT_CONDITION,NODE_ID,ROAD_GEOMETRY_DESC,SEVERITY,SPEED_ZONE,RMA,ROAD_NAME,LGA_NAME,LATITUDE,LONGITUDE,YEAR,MONTH,MONTH_NAME,HOUR,TIME_PERIOD,DAY_TYPE
T20220016096,2022-07-19,07:15:00,4,Collision with a fixed object,2,Tuesday,181,OFF RIGHT BEND INTO OBJECT/PARKED VEHICLE,2,782128,Not at intersection,3,100,Local Road,GHIN GHIN,MURRINDINDI,-37.090572,145.4008,2022,7,July,7,Morning Peak,Weekday
T20220016101,2022-07-19,09:20:00,1,Collision with vehicle,2,Tuesday,130,REAR END(VEHICLES IN SAME LANE),1,41745,Cross intersection,2,80,Arterial Highway,WELLINGTON,MONASH,-37.91636,145.1401,2022,7,July,9,Morning Peak,Weekday
T20220016103,2022-07-19,07:02:00,2,Struck Pedestrian,2,Tuesday,102,FAR SIDE. PED HIT BY VEHICLE FROM THE LEFT,3,717994,T intersection,1,60,Arterial Highway,BELL,MORELAND,-37.739784,144.95113,2022,7,July,7,Morning Peak,Weekday
T20220016105,2022-07-19,05:50:00,1,Collision with vehicle,2,Tuesday,121,RIGHT THROUGH,3,35644,T intersection,1,80,Arterial Other,COOLART,MORNINGTON PENINSULA,-38.20489,145.1588,2022,7,July,5,Morning Peak,Weekday
T20220016108,2022-07-19,08:10:00,1,Collision with vehicle,2,Tuesday,130,REAR END(VEHICLES IN SAME LANE),1,718847,Not at intersection,3,60,Arterial Other,WILLIAMSONS,MANNINGHAM,-37.783127,145.12419,2022,7,July,8,Morning Peak,Weekday
T20220016112,2022-07-19,06:29:00,1,Collision with vehicle,2,Tuesday,130,REAR END(VEHICLES IN SAME LANE),2,778949,Not at intersection,3,100,Freeway,PRINCES,HOBSONS BAY,-37.86513,144.77559,2022,7,July,6,Morning Peak,Weekday
T20220016113,2022-07-19,11:49:00,1,Collision with vehicle,2,Tuesday,130,REAR END(VEHICLES IN SAME LANE),1,307924,T intersection,3,80,Arterial Highway,HIGH,BENDIGO,-36.810192,144.24037,2022,7,July,11,Midday,Weekday
T20220016114,2022-07-19,11:30:00,4,Collision with a fixed object,2,Tuesday,189,OTHER ACCIDENTS ON CURVE NOT INCLUDED IN DCAs 180-184,1,785894,Not at intersection,2,60,Arterial Other,BEACH,BAYSIDE,-37.992107,145.04198,2022,7,July,11,Midday,Weekday
T20220016118,2022-07-19,08:36:00,1,Collision with vehicle,2,Tuesday,130,REAR END(VEHICLES IN SAME LANE),1,774758,Not at intersection,3,80,Arterial Other,FITZGERALD,WYNDHAM,-37.81471,144.78717,2022,7,July,8,Morning Peak,Weekday
T20220016122,2022-07-19,12:50:00,1,Collision with vehicle,2,Tuesday,130,REAR END(VEHICLES IN SAME LANE),1,225009,Cross intersection,3,60,Arterial Other,PLENTY,WHITTLESEA,-37.67038,145.07123,2022,7,July,12,Midday,Weekday
T20220016127,2022-07-19,13:40:00,1,Collision with vehicle,2,Tuesday,130,REAR END(VEHICLES IN SAME LANE),1,401,T intersection,3,60,Arterial Other,ST GEORGES,YARRA,-37.780773,144.98601,2022,7,July,13,Midday,Weekday
T20220017418,2022-07-19,18:00:00,1,Collision with vehicle,2,Tuesday,130,REAR END(VEHICLES IN SAME LANE),2,351283,T intersection,3,60,Arterial Other,HOTHAM,GLEN EIRA,-37.874622,144.99844,2022,7,July,18,Afternoon Peak,Weekday
T20220016135,2022-07-19,12:51:00,1,Collision with vehicle,2,Tuesday,134,LANE CHANGE RIGHT (NOT OVERTAKING),1,718852,Not at intersection,2,60,Local Road,HARVEST HOME,WHITTLESEA,-37.620865,145.00743,2022,7,July,12,Midday,Weekday
T20220016137,2022-07-19,14:55:00,1,Collision with vehicle,2,Tuesday,110,CROSS TRAFFIC(INTERSECTIONS ONLY),1,51649,Cross intersection,3,50,Local Road,MACKENZIE,BENDIGO,-36.76514,144.265,2022,7,July,14,Midday,Weekday
T20220019001,2022-07-19,11:40:00,1,Collision with vehicle,2,Tuesday,130,REAR END(VEHICLES IN SAME LANE),1,698621,Not at intersection,3,70,Arterial Highway,DANDENONG,GLEN EIRA,-37.86324,145.02025,2022,7,July,11,Midday,Weekday
T20220016492,2022-07-19,18:00:00,1,Collision with vehicle,2,Tuesday,130,REAR END(VEHICLES IN SAME LANE),3,37196,Cross intersection,3,60,Arterial Other,BRIDGE,YARRA,-37.818584,144.99918,2022,7,July,18,Afternoon Peak,Weekday
T20220016146,2022-07-19,16:30:00,1,Collision with vehicle,2,Tuesday,113,RIGHT NEAR (INTERSECTIONS ONLY),1,15458,Cross intersection,2,40,Local Road,HITCHCOCK,GEELONG,-38.27857,144.49223,2022,7,July,16,Afternoon Peak,Weekday
T20220016148,2022-07-19,15:45:00,1,Collision with vehicle,2,Tuesday,135,LANE CHANGE LEFT (NOT OVERTAKING),1,720552,Not at intersection,3,70,Arterial Other,SOMERTON,HUME,-37.63999,144.92455,2022,7,July,15,Afternoon Peak,Weekday
T20220016150,2022-07-19,16:05:00,1,Collision with vehicle,2,Tuesday,116,LEFT NEAR (INTERSECTIONS ONLY),1,718211,T intersection,3,40,Local Road,ST PHILLIP,MORELAND,-37.776524,144.97095,2022,7,July,16,Afternoon Peak,Weekday
T20220016153,2022-07-19,11:00:00,2,Struck Pedestrian,2,Tuesday,102,FAR SIDE. PED HIT BY VEHICLE FROM THE LEFT,9,783858,Cross intersection,3,50,Local Road,STATION,KINGSTON,-37.94902,145.04366,2022,7,July,11,Midday,Weekday
T20220016259,2022-07-19,17:25:00,1,Collision with vehicle,2,Tuesday,130,REAR END(VEHICLES IN SAME LANE),1,52158,T intersection,3,70,Arterial Other,NARRACAN,LATROBE,-38.18166,146.27452,2022,7,July,17,Afternoon Peak,Weekday
T20220016158,2022-07-19,15:20:00,1,Collision with vehicle,2,Tuesday,148,VEHICLE OFF FOOTPATH STRIKES VEH ON CARRIAGEWAY,1,720077,T intersection,2,50,Local Road,ELIZABETH,GEELONG,-38.180965,144.38747,2022,7,July,15,Afternoon Peak,Weekday
T20220016160,2022-07-19,17:25:00,1,Collision with vehicle,2,Tuesday,147,VEHICLE STRIKES ANOTHER VEH WHILE EMERGING FROM DRIVEWAY,3,722477,Not at intersection,2,60,Arterial Other,FOREST,KNOX,-37.86191,145.30197,2022,7,July,17,Afternoon Peak,Weekday
T20220016161,2022-07-19,17:50:00,1,Collision with vehicle,2,Tuesday,121,RIGHT THROUGH,3,44511,Cross intersection,3,50,Arterial Other,MURRAY,DAREBIN,-37.741005,145.03085,2022,7,July,17,Afternoon Peak,Weekday
T20220016162,2022-07-19,18:45:00,1,Collision with vehicle,2,Tuesday,130,REAR END(VEHICLES IN SAME LANE),3,347588,T intersection,3,70,Arterial Highway,PUNT,MELBOURNE,-37.82307,144.9891,2022,7,July,18,Afternoon Peak,Weekday
T20220016163,2022-07-19,18:22:00,1,Collision with vehicle,2,Tuesday,134,LANE CHANGE RIGHT (NOT OVERTAKING),3,718735,Not at intersection,2,60,Arterial Other,SOMERTON,HUME,-37.640602,144.92831,2022,7,July,18,Afternoon Peak,Weekday
T20220016168,2022-07-19,20:50:00,1,Collision with vehicle,2,Tuesday,113,RIGHT NEAR (INTERSECTIONS ONLY),5,47118,T intersection,3,60,Local Road,MATTHEWS,HUME,-37.635826,144.92302,2022,7,July,20,Night,Weekday
T20220016171,2022-07-19,21:45:00,1,Collision with vehicle,2,Tuesday,111,RIGHT FAR (INTERSECTIONS ONLY),3,65470,T intersection,3,70,Arterial Highway,HODDLE,YARRA,-37.804222,144.99225,2022,7,July,21,Night,Weekday
T20220016173,2022-07-19,22:03:00,1,Collision with vehicle,2,Tuesday,113,RIGHT NEAR (INTERSECTIONS ONLY),3,37002,T intersection,2,60,Arterial Highway,ALEXANDRA,MELBOURNE,-37.822147,144.97499,2022,7,July,22,Night,Weekday
T20220016291,2022-07-19,07:30:00,6,Vehicle overturned (no collision),2,Tuesday,174,OUT OF CONTROL ON CARRIAGEWAY (ON STRAIGHT),1,719404,T intersection,2,40,Local Road,LA TROBE,MELBOURNE,-37.808437,144.96779,2022,7,July,7,Morning Peak,Weekday
T20220016180,2022-07-19,13:05:00,1,Collision with vehicle,2,Tuesday,121,RIGHT THROUGH,1,782126,Cross intersection,3,80,Freeway,BEACONSFIELD-NAR NAR GOON,CASEY,-38.061512,145.36981,2022,7,July,13,Midday,Weekday
T20220016181,2022-07-19,08:30:00,1,Collision with vehicle,2,Tuesday,160,VEHICLE COLLIDES WITH VEHICLE PARKED ON LEFT OF ROAD,1,718737,Not at intersection,3,40,Local Road,MIMOSA,WHITTLESEA,-37.6741,145.05829,2022,7,July,8,Morning Peak,Weekday
T20230016933,2022-07-19,15:45:00,1,Collision with vehicle,2,Tuesday,147,VEHICLE STRIKES ANOTHER VEH WHILE EMERGING FROM DRIVEWAY,1,777541,Not at intersection,3,40,Local Road,YARRA BEND,YARRA,-37.787834,145.00949,2022,7,July,15,Afternoon Peak,Weekday
T20220016369,2022-07-19,15:25:00,2,Struck Pedestrian,2,Tuesday,108,PED STRUCK WALKING TO/FROM OR BOARDING/ALIGHTING VEHICLE.,1,785895,Not at intersection,2,60,Arterial Other,CARLISLE,PORT PHILLIP,-37.867523,144.9839,2022,7,July,15,Afternoon Peak,Weekday
T20220016199,2022-07-19,18:30:00,4,Collision with a fixed object,2,Tuesday,175,OFF END OF ROAD/T-INTERSECTION.,5,739208,T intersection,2,80,Local Road,MCCUBBIN,SWAN HILL,-35.48712,143.58762,2022,7,July,18,Afternoon Peak,Weekday
T20220016082,2022-07-19,01:30:00,8,No collision and no object struck,2,Tuesday,179,OTHER ACCIDENTS-OFF STRAIGHT NOT INCLUDED IN DCAs 170-175,3,719186,T intersection,3,40,Local Road,BANK,PORT PHILLIP,-37.83468,144.96,2022,7,July,1,Late Night,Weekday
T20220016210,2022-07-19,17:22:00,1,Collision with vehicle,2,Tuesday,130,REAR END(VEHICLES IN SAME LANE),1,778943,Not at intersection,3,60,Arterial Other,VICTORIA,YARRA,-37.808403,144.97946,2022,7,July,17,Afternoon Peak,Weekday
T20220017001,2022-07-19,08:29:00,1,Collision with vehicle,2,Tuesday,113,RIGHT NEAR (INTERSECTIONS ONLY),1,37916,T intersection,3,60,Arterial Other,QUEENS,YARRA,-37.785477,144.9948,2022,7,July,8,Morning Peak,Weekday
T20220016219,2022-07-19,18:30:00,1,Collision with vehicle,2,Tuesday,113,RIGHT NEAR (INTERSECTIONS ONLY),9,690192,T intersection,3,60,Local Road,BRIDGEWATER,HUME,-37.620102,144.93005,2022,7,July,18,Afternoon Peak,Weekday
T20220016390,2022-07-19,19:10:00,6,Vehicle overturned (no collision),2,Tuesday,174,OUT OF CONTROL ON CARRIAGEWAY (ON STRAIGHT),6,57279,Multiple intersection,3,60,Local Road,ANZAC,WODONGA,-36.13563,146.90681,2022,7,July,19,Night,Weekday
T20220016086,2022-07-19,05:53:00,1,Collision with vehicle,2,Tuesday,110,CROSS TRAFFIC(INTERSECTIONS ONLY),3,51641,Cross intersection,2,40,Local Road,MCLAREN,BENDIGO,-36.763172,144.28535,2022,7,July,5,Morning Peak,Weekday
T20220016227,2022-07-19,14:30:00,1,Collision with vehicle,2,Tuesday,130,REAR END(VEHICLES IN SAME LANE),1,719918,Not at intersection,3,40,Local Road,WATSONIA,BANYULE,-37.711224,145.08263,2022,7,July,14,Midday,Weekday
T20220016093,2022-07-19,08:40:00,2,Struck Pedestrian,2,Tuesday,100,PED NEAR SIDE. PED HIT BY VEHICLE FROM THE RIGHT.,1,754324,T intersection,3,60,Local Road,HOGANS,WYNDHAM,-37.860535,144.66316,2022,7,July,8,Morning Peak,Weekday
T20220016095,2022-07-19,08:15:00,4,Collision with a fixed object,2,Tuesday,183,OFF LEFT BEND INTO OBJECT/PARKED VEHICLE,1,721265,Not at intersection,2,50,Local Road,COOLGARDIE,WHITTLESEA,-37.605404,145.10825,2022,7,July,8,Morning Peak,Weekday
T20220016260,2022-07-20,19:47:00,1,Collision with vehicle,3,Wednesday,130,REAR END(VEHICLES IN SAME LANE),5,779733,T intersection,3,50,Local Road,MOTTO,HUME,-37.643444,144.93216,2022,7,July,19,Night,Weekday
T20220016605,2022-07-20,06:15:00,1,Collision with vehicle,3,Wednesday,160,VEHICLE COLLIDES WITH VEHICLE PARKED ON LEFT OF ROAD,3,779610,Not at intersection,3,50,Local Road,CANNING,MOONEE VALLEY,-37.769794,144.85783,2022,7,July,6,Morning Peak,Weekday
T20220016258,2022-07-20,17:57:00,2,Struck Pedestrian,3,Wednesday,100,PED NEAR SIDE. PED HIT BY VEHICLE FROM THE RIGHT.,3,29997,Not at intersection,3,60,Arterial Other,MURRAY,DAREBIN,-37.740627,145.02771,2022,7,July,17,Afternoon Peak,Weekday
T20220017075,2022-07-20,06:56:00,1,Collision with vehicle,3,Wednesday,110,CROSS TRAFFIC(INTERSECTIONS ONLY),1,233917,Cross intersection,3,60,Local Road,DAVIS,WYNDHAM,-37.815388,144.65686,2022,7,July,6,Morning Peak,Weekday
T20220017231,2022-07-20,18:25:00,8,No collision and no object struck,3,Wednesday,179,OTHER ACCIDENTS-OFF STRAIGHT NOT INCLUDED IN DCAs 170-175,1,720531,Not at intersection,3,60,Arterial Other,MAIN,NILLUMBIK,-37.703545,145.178,2022,7,July,18,Afternoon Peak,Weekday
T20220016179,2022-07-20,04:21:00,1,Collision with vehicle,3,Wednesday,111,RIGHT FAR (INTERSECTIONS ONLY),3,36799,Cross intersection,3,40,Local Road,DONALD,MARIBYRNONG,-37.7978,144.89993,2022,7,July,4,Late Night,Weekday
T20220016934,2022-07-20,08:30:00,1,Collision with vehicle,3,Wednesday,130,REAR END(VEHICLES IN SAME LANE),1,752437,Not at intersection,3,40,Arterial Other,PRINCES,WYNDHAM,-37.922318,144.63362,2022,7,July,8,Morning Peak,Weekday
T20220016270,2022-07-20,09:38:00,1,Collision with vehicle,3,Wednesday,110,CROSS TRAFFIC(INTERSECTIONS ONLY),1,782133,Cross intersection,3,30,Local Road,LAUDERDALE,CASEY,-38.026814,145.31035,2022,7,July,9,Morning Peak,Weekday
T20220016182,2022-07-20,08:38:00,1,Collision with vehicle,3,Wednesday,130,REAR END(VEHICLES IN SAME LANE),1,718738,Not at intersection,2,50,Local Road,DICKENS,SOUTHERN GRAMPIANS,-37.73416,142.01831,2022,7,July,8,Morning Peak,Weekday
T20220016263,2022-07-20,20:35:00,1,Collision with vehicle,3,Wednesday,121,RIGHT THROUGH,3,785897,Cross intersection,2,70,Arterial Other,MICKLEHAM,HUME,-37.689587,144.88225,2022,7,July,20,Night,Weekday
T20220016185,2022-07-20,08:22:00,4,Collision with a fixed object,3,Wednesday,171,LEFT OFF CARRIAGEWAY INTO OBJECT/PARKED VEHICLE,1,782135,Not at intersection,3,70,Arterial Other,DONCASTER,MANNINGHAM,-37.78733,145.13191,2022,7,July,8,Morning Peak,Weekday
T20220016186,2022-07-20,09:00:00,1,Collision with vehicle,3,Wednesday,113,RIGHT NEAR (INTERSECTIONS ONLY),1,221475,T intersection,2,70,Arterial Other,SYDNEY,MORELAND,-37.706593,144.96103,2022,7,July,9,Morning Peak,Weekday
T20220021347,2022-07-20,08:02:00,2,Struck Pedestrian,3,Wednesday,100,PED NEAR SIDE. PED HIT BY VEHICLE FROM THE RIGHT.,1,766786,Cross intersection,3,80,Arterial Highway,NEPEAN,BAYSIDE,-37.93289,145.03415,2022,7,July,8,Morning Peak,Weekday
T20220017265,2022-07-20,04:55:00,4,Collision with a fixed object,3,Wednesday,171,LEFT OFF CARRIAGEWAY INTO OBJECT/PARKED VEHICLE,5,782129,T intersection,3,100,Local Road,BEET,WELLINGTON,-37.94849,147.04054,2022,7,July,4,Late Night,Weekday
T20220016192,2022-07-20,10:18:00,2,Struck Pedestrian,3,Wednesday,103,PED PLAYING/LYING/WORKING/STANDING ON CARRIAGEWAY.,1,718937,Not at intersection,3,40,Local Road,ABECKETT,MELBOURNE,-37.80948,144.96007,2022,7,July,10,Midday,Weekday
T20220017120,2022-07-20,14:15:00,1,Collision with vehicle,3,Wednesday,121,RIGHT THROUGH,1,719820,T intersection,3,50,Local Road,CORNISH,MOUNT ALEXANDER,-37.054302,144.21191,2022,7,July,14,Midday,Weekday
T20220016202,2022-07-20,10:33:00,1,Collision with vehicle,3,Wednesday,134,LANE CHANGE RIGHT (NOT OVERTAKING),1,782130,Not at intersection,3,80,Arterial Highway,SPRINGVALE,MONASH,-37.89258,145.16356,2022,7,July,10,Midday,Weekday
T20220016203,2022-07-20,09:45:00,1,Collision with vehicle,3,Wednesday,160,VEHICLE COLLIDES WITH VEHICLE PARKED ON LEFT OF ROAD,1,718856,Not at intersection,3,50,Local Road,ST GEORGES,BOROONDARA,-37.870808,145.06956,2022,7,July,9,Morning Peak,Weekday
T20220016204,2022-07-20,09:10:00,1,Collision with vehicle,3,Wednesday,130,REAR END(VEHICLES IN SAME LANE),1,778991,Not at intersection,3,60,Arterial Other,CENTRE,GLEN EIRA,-37.922176,145.06703,2022,7,July,9,Morning Peak,Weekday
T20220016268,2022-07-20,22:24:00,1,Collision with vehicle,3,Wednesday,120,HEAD ON (NOT OVERTAKING),5,775504,Not at intersection,3,80,Arterial Other,METUNG,EAST GIPPSLAND,-37.87755,147.85194,2022,7,July,22,Night,Weekday
T20220016207,2022-07-20,10:10:00,1,Collision with vehicle,3,Wednesday,136,RIGHT TURN SIDESWIPE,1,740067,Not at intersection,2,50,Local Road,SURF,BASS COAST,-38.644753,145.71141,2022,7,July,10,Midday,Weekday
T20220016212,2022-07-20,08:50:00,1,Collision with vehicle,3,Wednesday,116,LEFT NEAR (INTERSECTIONS ONLY),1,754323,T intersection,2,50,Arterial Highway,WORTHING ROAD SERVICE,KINGSTON,-37.94099,145.04001,2022,7,July,8,Morning Peak,Weekday
T20220016257,2022-07-20,18:02:00,2,Struck Pedestrian,3,Wednesday,103,PED PLAYING/LYING/WORKING/STANDING ON CARRIAGEWAY.,5,739521,Not at intersection,2,80,Local Road,BOES,MORNINGTON PENINSULA,-38.286404,145.16696,2022,7,July,18,Afternoon Peak,Weekday
T20220016218,2022-07-20,13:40:00,6,Vehicle overturned (no collision),3,Wednesday,182,OFF CARRIAGEWAY ON LEFT BEND,1,727990,Not at intersection,2,100,Local Road,OLD SALE,BAW BAW,-38.074932,146.07767,2022,7,July,13,Midday,Weekday
T20220016221,2022-07-20,13:18:00,6,Vehicle overturned (no collision),3,Wednesday,174,OUT OF CONTROL ON CARRIAGEWAY (ON STRAIGHT),1,44687,T intersection,2,60,Arterial Highway,GREENSBOROUGH,BANYULE,-37.73002,145.07942,2022,7,July,13,Midday,Weekday
T20220016261,2022-07-20,20:12:00,4,Collision with a fixed object,3,Wednesday,171,LEFT OFF CARRIAGEWAY INTO OBJECT/PARKED VEHICLE,3,723840,Not at intersection,2,50,Local Road,WINDSOR,BRIMBANK,-37.792698,144.76701,2022,7,July,20,Night,Weekday
T20220016814,2022-07-20,05:10:00,3,Struck animal,3,Wednesday,167,STRUCK ANIMAL,5,779666,Not at intersection,3,100,Local Road,SEDGWICK,BENDIGO,-36.828075,144.30339,2022,7,July,5,Morning Peak,Weekday
T20220016230,2022-07-20,14:36:00,1,Collision with vehicle,3,Wednesday,120,HEAD ON (NOT OVERTAKING),1,774815,Not at intersection,3,50,Local Road,TRAFALGAR,HOBSONS BAY,-37.87756,144.78355,2022,7,July,14,Midday,Weekday
T20220016249,2022-07-20,17:45:00,1,Collision with vehicle,3,Wednesday,130,REAR END(VEHICLES IN SAME LANE),3,774820,Not at intersection,3,60,Local Road,FINDON,WHITTLESEA,-37.638195,145.03189,2022,7,July,17,Afternoon Peak,Weekday
T20220016235,2022-07-20,16:00:00,1,Collision with vehicle,3,Wednesday,110,CROSS TRAFFIC(INTERSECTIONS ONLY),1,64017,Cross intersection,3,60,Local Road,BREE,SOUTHERN GRAMPIANS,-37.732285,142.02795,2022,7,July,16,Afternoon Peak,Weekday
T20220016237,2022-07-20,16:02:00,1,Collision with vehicle,3,Wednesday,130,REAR END(VEHICLES IN SAME LANE),1,774816,Cross intersection,3,100,Freeway,HUME,WHITTLESEA,-37.648342,144.99072,2022,7,July,16,Afternoon Peak,Weekday
T20220016238,2022-07-20,18:17:00,1,Collision with vehicle,3,Wednesday,130,REAR END(VEHICLES IN SAME LANE),3,718800,Not at intersection,3,80,Arterial Highway,PRINCES HIGHWAY,DANDENONG,-37.995728,145.21837,2022,7,July,18,Afternoon Peak,Weekday
T20220016248,2022-07-20,19:15:00,1,Collision with vehicle,3,Wednesday,116,LEFT NEAR (INTERSECTIONS ONLY),3,46918,T intersection,3,80,Local Road,DUFF,CASEY,-38.102154,145.25386,2022,7,July,19,Night,Weekday
T20220016243,2022-07-20,14:05:00,1,Collision with vehicle,3,Wednesday,130,REAR END(VEHICLES IN SAME LANE),1,774818,Cross intersection,3,60,Arterial Other,POWER,BOROONDARA,-37.821617,145.02637,2022,7,July,14,Midday,Weekday
T20220016246,2022-07-20,18:35:00,1,Collision with vehicle,3,Wednesday,120,HEAD ON (NOT OVERTAKING),5,774819,T intersection,3,60,Local Road,CASSELLS,NILLUMBIK,-37.699314,145.19176,2022,7,July,18,Afternoon Peak,Weekday
T20220016320,2022-07-21,16:18:00,1,Collision with vehicle,4,Thursday,121,RIGHT THROUGH,2,42446,T intersection,2,60,Local Road,BURNS,KINGSTON,-37.93973,145.13394,2022,7,July,16,Afternoon Peak,Weekday
T20220016322,2022-07-21,17:30:00,4,Collision with a fixed object,4,Thursday,171,LEFT OFF CARRIAGEWAY INTO OBJECT/PARKED VEHICLE,1,782138,Cross intersection,3,50,Local Road,DORCAS,PORT PHILLIP,-37.83441,144.95569,2022,7,July,17,Afternoon Peak,Weekday
T20220016323,2022-07-21,12:51:00,4,Collision with a fixed object,4,Thursday,171,LEFT OFF CARRIAGEWAY INTO OBJECT/PARKED VEHICLE,1,721698,Not at intersection,3,60,Arterial Other,PASCOE VALE,MOONEE VALLEY,-37.73648,144.92596,2022,7,July,12,Midday,Weekday
T20220016324,2022-07-21,08:36:00,1,Collision with vehicle,4,Thursday,113,RIGHT NEAR (INTERSECTIONS ONLY),1,295536,T intersection,2,100,Arterial Highway,WESTERN,NORTHERN GRAMPIANS,-37.01981,142.7196,2022,7,July,8,Morning Peak,Weekday
T20220016328,2022-07-21,17:20:00,1,Collision with vehicle,4,Thursday,130,REAR END(VEHICLES IN SAME LANE),5,57994,Y intersection,3,60,Arterial Other,KANGAROO GROUND-WARRANDYTE,NILLUMBIK,-37.71699,145.22581,2022,7,July,17,Afternoon Peak,Weekday
T20220016331,2022-07-21,18:11:00,1,Collision with vehicle,4,Thursday,130,REAR END(VEHICLES IN SAME LANE),3,779731,Cross intersection,3,80,Arterial Other,FERNTREE GULLY,KNOX,-37.899254,145.23306,2022,7,July,18,Afternoon Peak,Weekday
T20220016337,2022-07-21,18:15:00,1,Collision with vehicle,4,Thursday,130,REAR END(VEHICLES IN SAME LANE),4,718955,Not at intersection,3,100,Freeway,MONASH,CASEY,-37.99384,145.26146,2022,7,July,18,Afternoon Peak,Weekday
T20220016339,2022-07-21,19:25:00,1,Collision with vehicle,4,Thursday,121,RIGHT THROUGH,3,743326,Not at intersection,3,60,Arterial Other,MCLEOD,KINGSTON,-38.07611,145.12384,2022,7,July,19,Night,Weekday
T20220016340,2022-07-21,17:17:00,1,Collision with vehicle,4,Thursday,113,RIGHT NEAR (INTERSECTIONS ONLY),2,727581,T intersection,3,50,Local Road,MIDDLESEX,BOROONDARA,-37.829044,145.08948,2022,7,July,17,Afternoon Peak,Weekday
T20220016341,2022-07-21,19:40:00,1,Collision with vehicle,4,Thursday,160,VEHICLE COLLIDES WITH VEHICLE PARKED ON LEFT OF ROAD,3,754322,Not at intersection,3,60,Arterial Other,BULLEEN,BOROONDARA,-37.78318,145.07825,2022,7,July,19,Night,Weekday
T20220016342,2022-07-21,20:04:00,4,Collision with a fixed object,4,Thursday,171,LEFT OFF CARRIAGEWAY INTO OBJECT/PARKED VEHICLE,3,351562,Cross intersection,2,60,Arterial Other,HEATHS,WYNDHAM,-37.87766,144.68294,2022,7,July,20,Night,Weekday
T20220017777,2022-07-21,08:08:00,1,Collision with vehicle,4,Thursday,130,REAR END(VEHICLES IN SAME LANE),1,721061,Cross intersection,3,70,Arterial Other,PLENTY,WHITTLESEA,-37.662926,145.07254,2022,7,July,8,Morning Peak,Weekday
T20220016349,2022-07-21,21:25:00,1,Collision with vehicle,4,Thursday,113,RIGHT NEAR (INTERSECTIONS ONLY),3,722631,T intersection,3,60,Local Road,SOLDIERS,CASEY,-38.093773,145.37013,2022,7,July,21,Night,Weekday
T20220016352,2022-07-21,17:04:00,4,Collision with a fixed object,4,Thursday,173,RIGHT OFF CARRIAGEWAY INTO OBJECT/PARKED VEHICLE,3,724102,Not at intersection,2,40,Arterial Other,POLICE,DANDENONG,-37.937187,145.18912,2022,7,July,17,Afternoon Peak,Weekday
T20220016356,2022-07-21,14:36:00,2,Struck Pedestrian,4,Thursday,102,FAR SIDE. PED HIT BY VEHICLE FROM THE LEFT,1,36273,Cross intersection,2,50,Local Road,CANADIAN BAY,MORNINGTON PENINSULA,-38.183712,145.08926,2022,7,July,14,Midday,Weekday
T20220016413,2022-07-21,17:05:00,2,Struck Pedestrian,4,Thursday,100,PED NEAR SIDE. PED HIT BY VEHICLE FROM THE RIGHT.,2,46598,T intersection,3,60,Arterial Other,BEACH,BAYSIDE,-37.9781,145.0171,2022,7,July,17,Afternoon Peak,Weekday
T20220016482,2022-07-21,07:25:00,1,Collision with vehicle,4,Thursday,131,LEFT REAR,1,354112,Not at intersection,3,60,Arterial Other,CLARINDA,KINGSTON,-37.9355,145.09894,2022,7,July,7,Morning Peak,Weekday
T20220016632,2022-07-21,15:00:00,4,Collision with a fixed object,4,Thursday,164,PERMANENT OBSTRUCTION ON CARRIAGEWAY,1,786035,Not at intersection,2,100,Freeway,5500B 2550F,HUME,-37.570107,144.94043,2022,7,July,15,Afternoon Peak,Weekday
T20220016677,2022-07-21,16:32:00,4,Collision with a fixed object,4,Thursday,171,LEFT OFF CARRIAGEWAY INTO OBJECT/PARKED VEHICLE,1,782164,Not at intersection,3,100,Freeway,GEELONG RING,GEELONG,-38.13536,144.30185,2022,7,July,16,Afternoon Peak,Weekday
T20220016681,2022-07-21,13:30:00,6,Vehicle overturned (no collision),4,Thursday,184,OUT OF CONTROL ON CARRIAGEWAY (ON BEND),1,751339,Not at intersection,2,100,Local Road,PODDY CREEK,EAST GIPPSLAND,-37.70739,148.97371,2022,7,July,13,Midday,Weekday
T20220016871,2022-07-21,06:49:00,1,Collision with vehicle,4,Thursday,135,LANE CHANGE LEFT (NOT OVERTAKING),2,782141,Not at intersection,3,100,Freeway,PRINCES,WYNDHAM,-37.87274,144.74,2022,7,July,6,Morning Peak,Weekday
T20220016788,2022-07-21,19:20:00,1,Collision with vehicle,4,Thursday,140,U TURN,3,720850,T intersection,3,70,Arterial Other,BALLARAT,BRIMBANK,-37.7635,144.75745,2022,7,July,19,Night,Weekday
T20230011418,2022-07-21,19:00:00,1,Collision with vehicle,4,Thursday,130,REAR END(VEHICLES IN SAME LANE),9,37214,Cross intersection,3,40,Arterial Other,SWAN,YARRA,-37.825863,144.99951,2022,7,July,19,Night,Weekday
T20220017157,2022-07-21,16:30:00,1,Collision with vehicle,4,Thursday,111,RIGHT FAR (INTERSECTIONS ONLY),2,43763,Cross intersection,3,50,Local Road,FIRST,MELTON,-37.70093,144.57545,2022,7,July,16,Afternoon Peak,Weekday
T20220016267,2022-07-21,00:30:00,1,Collision with vehicle,4,Thursday,135,LANE CHANGE LEFT (NOT OVERTAKING),3,774821,Cross intersection,3,60,Arterial Highway,PUNT,YARRA,-37.824764,144.98882,2022,7,July,0,Late Night,Weekday
T20220016275,2022-07-21,08:00:00,1,Collision with vehicle,4,Thursday,148,VEHICLE OFF FOOTPATH STRIKES VEH ON CARRIAGEWAY,1,719606,Multiple intersection,2,60,Local Road,DOCKLANDS,MELBOURNE,-37.812847,144.94287,2022,7,July,8,Morning Peak,Weekday