ACCIDENT_NO,ACCIDENT_DATE,ACCIDENT_TIME,ACCIDENT_TYPE,ACCIDENT_TYPE_DESC,DAY_OF_WEEK,DAY_WEEK_DESC,DCA_CODE,DCA_DESC,LIGHT_CONDITION,NODE_ID,ROAD_GEOMETRY_DESC,SEVERITY,SPEED_ZONE,RMA,ROAD_NAME,LGA_NAME,LATITUDE,LONGITUDE,YEAR,MONTH,MONTH_NAME,HOUR,TIME_PERIOD,DAY_TYPE
T20220016277,2022-07-21,08:10:00,1,Collision with vehicle,4,Thursday,160,VEHICLE COLLIDES WITH VEHICLE PARKED ON LEFT OF ROAD,1,718938,Not at intersection,3,50,Local Road,DALRAY,MELTON,-37.656517,144.59607,2022,7,July,8,Morning Peak,Weekday
T20220016281,2022-07-21,09:00:00,4,Collision with a fixed object,4,Thursday,173,RIGHT OFF CARRIAGEWAY INTO OBJECT/PARKED VEHICLE,1,774823,Not at intersection,2,50,Local Road,MONTREAL,GEELONG,-38.075348,144.3625,2022,7,July,9,Morning Peak,Weekday
T20220016285,2022-07-21,08:00:00,2,Struck Pedestrian,4,Thursday,100,PED NEAR SIDE. PED HIT BY VEHICLE FROM THE RIGHT.,1,719528,Not at intersection,2,40,Arterial Other,BURKE,BOROONDARA,-37.82894,145.05716,2022,7,July,8,Morning Peak,Weekday
T20220016287,2022-07-21,10:09:00,1,Collision with vehicle,4,Thursday,121,RIGHT THROUGH,1,316821,Cross intersection,3,70,Local Road,MANCHESTER,YARRA RANGES,-37.76644,145.31482,2022,7,July,10,Midday,Weekday
T20220016290,2022-07-21,10:25:00,1,Collision with vehicle,4,Thursday,130,REAR END(VEHICLES IN SAME LANE),1,719245,Not at intersection,3,100,Freeway,MONASH,DANDENONG,-37.951927,145.21385,2022,7,July,10,Midday,Weekday
T20220016293,2022-07-21,08:30:00,1,Collision with vehicle,4,Thursday,165,TEMPORARY ROADWORKS,1,737931,Not at intersection,2,40,Freeway,GOULBURN VALLEY,STRATHBOGIE,-36.853745,145.1428,2022,7,July,8,Morning Peak,Weekday
T20220016300,2022-07-21,08:05:00,1,Collision with vehicle,4,Thursday,113,RIGHT NEAR (INTERSECTIONS ONLY),1,49899,Cross intersection,1,60,Local Road,AUTUMN,GEELONG,-38.14307,144.34784,2022,7,July,8,Morning Peak,Weekday
T20220016301,2022-07-21,13:20:00,1,Collision with vehicle,4,Thursday,131,LEFT REAR,1,719607,T intersection,2,60,Arterial Highway,PHILLIP ISLAND,BASS COAST,-38.51467,145.35046,2022,7,July,13,Midday,Weekday
T20220016302,2022-07-21,13:20:00,6,Vehicle overturned (no collision),4,Thursday,182,OFF CARRIAGEWAY ON LEFT BEND,1,719246,Not at intersection,3,60,Local Road,THE GATEWAY,HOBSONS BAY,-37.840263,144.83052,2022,7,July,13,Midday,Weekday
T20220016303,2022-07-21,13:11:00,1,Collision with vehicle,4,Thursday,163,VEHICLE STRIKES DOOR OF PARKED/STATIONARY VEHICLE,1,718803,Not at intersection,2,40,Arterial Other,CHAPEL,STONNINGTON,-37.83586,144.99637,2022,7,July,13,Midday,Weekday
T20220016308,2022-07-21,14:55:00,4,Collision with a fixed object,4,Thursday,173,RIGHT OFF CARRIAGEWAY INTO OBJECT/PARKED VEHICLE,1,718804,Not at intersection,3,80,Arterial Other,OLD WESTERN,MOORABOOL,-37.6828,144.49341,2022,7,July,14,Midday,Weekday
T20220016309,2022-07-21,09:20:00,6,Vehicle overturned (no collision),4,Thursday,170,OFF CARRIAGEWAY TO LEFT,1,722252,Not at intersection,2,100,Arterial Other,HEATHCOTE-ROCHESTER,CAMPASPE,-36.42091,144.76334,2022,7,July,9,Morning Peak,Weekday
T20220016310,2022-07-21,15:38:00,2,Struck Pedestrian,4,Thursday,102,FAR SIDE. PED HIT BY VEHICLE FROM THE LEFT,1,782150,Cross intersection,3,50,Arterial Other,BERWICK-CRANBOURNE ROAD -CLYDE,CASEY,-38.074448,145.33565,2022,7,July,15,Afternoon Peak,Weekday
T20220016312,2022-07-21,15:30:00,1,Collision with vehicle,4,Thursday,121,RIGHT THROUGH,1,921,Cross intersection,2,70,Arterial Highway,FRANKSTON-DANDENONG,FRANKSTON,-38.112686,145.1575,2022,7,July,15,Afternoon Peak,Weekday
T20220016317,2022-07-21,16:30:00,1,Collision with vehicle,4,Thursday,142,LEAVING PARKING,1,724926,Not at intersection,3,40,Local Road,CHUTE,KINGSTON,-38.007908,145.09239,2022,7,July,16,Afternoon Peak,Weekday
T20220016381,2022-07-22,10:46:00,1,Collision with vehicle,5,Friday,114,TWO RIGHT TURNING (INTERSECTIONS ONLY),1,719822,T intersection,2,60,Local Road,TENTH,HEPBURN,-37.31065,144.13687,2022,7,July,10,Midday,Weekday
T20220016427,2022-07-22,17:30:00,2,Struck Pedestrian,5,Friday,108,PED STRUCK WALKING TO/FROM OR BOARDING/ALIGHTING VEHICLE.,2,782218,Not at intersection,3,70,Arterial Other,CANTERBURY,MAROONDAH,-37.832573,145.26819,2022,7,July,17,Afternoon Peak,Weekday
T20220016433,2022-07-22,18:30:00,1,Collision with vehicle,5,Friday,130,REAR END(VEHICLES IN SAME LANE),3,38117,T intersection,2,70,Arterial Highway,BELL,BANYULE,-37.749695,145.04134,2022,7,July,18,Afternoon Peak,Weekday
T20220016435,2022-07-22,16:35:00,1,Collision with vehicle,5,Friday,120,HEAD ON (NOT OVERTAKING),2,718959,Not at intersection,2,80,Local Road,BRUCE,MORNINGTON PENINSULA,-38.302887,145.01569,2022,7,July,16,Afternoon Peak,Weekday
T20220016436,2022-07-22,14:30:00,1,Collision with vehicle,5,Friday,142,LEAVING PARKING,1,96080,Not at intersection,3,60,Arterial Other,WAVERLEY,STONNINGTON,-37.879818,145.09009,2022,7,July,14,Midday,Weekday
T20220016438,2022-07-22,19:37:00,2,Struck Pedestrian,5,Friday,102,FAR SIDE. PED HIT BY VEHICLE FROM THE LEFT,3,782256,T intersection,3,60,Arterial Other,MT ALEXANDER,MOONEE VALLEY,-37.747173,144.91232,2022,7,July,19,Night,Weekday
T20220016444,2022-07-22,19:09:00,1,Collision with vehicle,5,Friday,121,RIGHT THROUGH,3,39391,Cross intersection,3,60,Arterial Other,MIDDLEBOROUGH,WHITEHORSE,-37.809143,145.14056,2022,7,July,19,Night,Weekday
T20220017274,2022-07-22,09:36:00,1,Collision with vehicle,5,Friday,130,REAR END(VEHICLES IN SAME LANE),1,779128,Not at intersection,3,80,Arterial Other,CLYDE,CASEY,-38.05412,145.33934,2022,7,July,9,Morning Peak,Weekday
T20220016450,2022-07-22,19:10:00,1,Collision with vehicle,5,Friday,113,RIGHT NEAR (INTERSECTIONS ONLY),3,730887,T intersection,2,80,Arterial Other,BERWICK-CRANBOURNE,CASEY,-38.118176,145.32268,2022,7,July,19,Night,Weekday
T20220016452,2022-07-22,21:30:00,1,Collision with vehicle,5,Friday,130,REAR END(VEHICLES IN SAME LANE),3,774761,Not at intersection,2,80,Local Road,NATIONAL,HUME,-37.655785,144.94794,2022,7,July,21,Night,Weekday
T20220016453,2022-07-22,20:13:00,1,Collision with vehicle,5,Friday,110,CROSS TRAFFIC(INTERSECTIONS ONLY),3,1303,Cross intersection,3,80,Arterial Other,BARRY,HUME,-37.66725,144.95479,2022,7,July,20,Night,Weekday
T20220016454,2022-07-22,16:51:00,1,Collision with vehicle,5,Friday,139,OTHER SAME DIRECTION-MANOUEVRES NOT INCLUDED IN DCAs 130-137,2,718665,Not at intersection,1,80,Freeway,KINGS-WEST GATE OUT,PORT PHILLIP,-37.826607,144.94691,2022,7,July,16,Afternoon Peak,Weekday
T20220016855,2022-07-22,18:00:00,1,Collision with vehicle,5,Friday,102,FAR SIDE. PED HIT BY VEHICLE FROM THE LEFT,3,287073,Cross intersection,3,60,Arterial Other,CEMETERY,MELBOURNE,-37.789906,144.95895,2022,7,July,18,Afternoon Peak,Weekday
T20220016456,2022-07-22,20:25:00,1,Collision with vehicle,5,Friday,147,VEHICLE STRIKES ANOTHER VEH WHILE EMERGING FROM DRIVEWAY,3,718666,Not at intersection,1,80,Arterial Other,CRANBOURNE-NARRE WARREN,CASEY,-38.078434,145.29678,2022,7,July,20,Night,Weekday
T20220016458,2022-07-22,23:20:00,4,Collision with a fixed object,5,Friday,173,RIGHT OFF CARRIAGEWAY INTO OBJECT/PARKED VEHICLE,5,728830,Not at intersection,1,60,Arterial Other,HUNTINGDALE,MONASH,-37.860016,145.11319,2022,7,July,23,Night,Weekday
T20220018200,2022-07-22,16:00:00,1,Collision with vehicle,5,Friday,130,REAR END(VEHICLES IN SAME LANE),9,734847,Not at intersection,3,70,Local Road,EVANS,CASEY,-38.079174,145.25829,2022,7,July,16,Afternoon Peak,Weekday
T20220016761,2022-07-22,13:34:00,1,Collision with vehicle,5,Friday,113,RIGHT NEAR (INTERSECTIONS ONLY),1,719604,T intersection,2,60,Arterial Other,CENTRE,KINGSTON,-37.928993,145.12254,2022,7,July,13,Midday,Weekday
T20220016464,2022-07-22,19:30:00,1,Collision with vehicle,5,Friday,116,LEFT NEAR (INTERSECTIONS ONLY),3,782257,T intersection,3,80,Arterial Highway,DANDENONG ROAD SERVICE,STONNINGTON,-37.889267,145.08209,2022,7,July,19,Night,Weekday
T20220016752,2022-07-22,16:50:00,1,Collision with vehicle,5,Friday,134,LANE CHANGE RIGHT (NOT OVERTAKING),2,782222,Not at intersection,3,80,Freeway,MONASH,CASEY,-38.00004,145.29034,2022,7,July,16,Afternoon Peak,Weekday
T20220016361,2022-07-22,08:37:00,1,Collision with vehicle,5,Friday,130,REAR END(VEHICLES IN SAME LANE),1,41373,T intersection,3,60,Arterial Other,NEERIM,GLEN EIRA,-37.88685,145.04276,2022,7,July,8,Morning Peak,Weekday
T20220016744,2022-07-22,16:10:00,1,Collision with vehicle,5,Friday,130,REAR END(VEHICLES IN SAME LANE),1,779125,Cross intersection,3,40,Local Road,VICTORIA,PORT PHILLIP,-37.844536,144.9509,2022,7,July,16,Afternoon Peak,Weekday
T20220017432,2022-07-22,08:20:00,1,Collision with vehicle,5,Friday,130,REAR END(VEHICLES IN SAME LANE),1,130948,Not at intersection,3,60,Arterial Other,BERWICK-CRANBOURNE,CASEY,-38.118317,145.32379,2022,7,July,8,Morning Peak,Weekday
T20220016360,2022-07-22,07:42:00,1,Collision with vehicle,5,Friday,113,RIGHT NEAR (INTERSECTIONS ONLY),1,41888,T intersection,2,80,Arterial Other,FERNTREE GULLY,KNOX,-37.895275,145.24915,2022,7,July,7,Morning Peak,Weekday
T20220016375,2022-07-22,10:44:00,1,Collision with vehicle,5,Friday,160,VEHICLE COLLIDES WITH VEHICLE PARKED ON LEFT OF ROAD,1,779129,Not at intersection,3,60,Arterial Other,SAILORS GULLY,BENDIGO,-36.71663,144.25114,2022,7,July,10,Midday,Weekday
T20220016376,2022-07-22,11:05:00,4,Collision with a fixed object,5,Friday,173,RIGHT OFF CARRIAGEWAY INTO OBJECT/PARKED VEHICLE,1,718740,Cross intersection,3,50,Local Road,COMO,KINGSTON,-37.98818,145.07027,2022,7,July,11,Midday,Weekday
T20220016377,2022-07-22,08:40:00,2,Struck Pedestrian,5,Friday,100,PED NEAR SIDE. PED HIT BY VEHICLE FROM THE RIGHT.,1,721460,Not at intersection,2,40,Local Road,DUGDALE,MOORABOOL,-37.670673,144.43713,2022,7,July,8,Morning Peak,Weekday
T20220016378,2022-07-22,07:30:00,1,Collision with vehicle,5,Friday,151,OUT OF CONTROL (OVERTAKING),2,774760,T intersection,3,80,Arterial Other,PRINCES,CASEY,-38.028126,145.32011,2022,7,July,7,Morning Peak,Weekday
T20220016768,2022-07-22,08:00:00,1,Collision with vehicle,5,Friday,113,RIGHT NEAR (INTERSECTIONS ONLY),1,722486,T intersection,2,100,Arterial Highway,LODDON VALLEY,GANNAWARRA,-35.76305,143.9311,2022,7,July,8,Morning Peak,Weekday
T20220016446,2022-07-22,17:05:00,1,Collision with vehicle,5,Friday,121,RIGHT THROUGH,1,722762,Not at intersection,2,60,Arterial Other,MELTON-WERRIBEE,WYNDHAM,-37.882893,144.68207,2022,7,July,17,Afternoon Peak,Weekday
T20220016382,2022-07-22,11:00:00,1,Collision with vehicle,5,Friday,142,LEAVING PARKING,1,782259,Not at intersection,3,50,Arterial Other,MAIN,MOORABOOL,-37.676296,144.44106,2022,7,July,11,Midday,Weekday
T20220016393,2022-07-22,13:31:00,1,Collision with vehicle,5,Friday,137,LEFT TURN SIDESWIPE,1,36481,Cross intersection,3,60,Arterial Other,BRUNSWICK,YARRA,-37.78973,144.97992,2022,7,July,13,Midday,Weekday
T20220016846,2022-07-22,13:08:00,1,Collision with vehicle,5,Friday,110,CROSS TRAFFIC(INTERSECTIONS ONLY),1,722526,Cross intersection,3,60,Arterial Highway,CALDER,BENDIGO,-36.735725,144.1331,2022,7,July,13,Midday,Weekday
T20220016396,2022-07-22,12:50:00,1,Collision with vehicle,5,Friday,120,HEAD ON (NOT OVERTAKING),1,719188,Not at intersection,3,60,Arterial Other,BELGRAVE-HALLAM,YARRA RANGES,-37.913883,145.35649,2022,7,July,12,Midday,Weekday
T20220017034,2022-07-22,15:45:00,1,Collision with vehicle,5,Friday,134,LANE CHANGE RIGHT (NOT OVERTAKING),1,722273,Not at intersection,3,80,Arterial Other,CRANBOURNE,CASEY,-38.031746,145.30588,2022,7,July,15,Afternoon Peak,Weekday
T20220016404,2022-07-22,14:00:00,1,Collision with vehicle,5,Friday,133,LANE SIDE SWIPE (VEHICLES IN PARALLEL LANES),1,782264,T intersection,3,40,Arterial Other,SWAN,YARRA,-37.82492,144.99126,2022,7,July,14,Midday,Weekday
T20220016406,2022-07-22,12:16:00,1,Collision with vehicle,5,Friday,121,RIGHT THROUGH,1,292841,Multiple intersection,2,80,Freeway,BELGRAVE-HALLAM-MONASH IN,CASEY,-37.998283,145.27507,2022,7,July,12,Midday,Weekday
T20220016409,2022-07-22,14:50:00,2,Struck Pedestrian,5,Friday,106,VEH STRIKES PED ON FOOTPATH/MEDIAN/TRAFFIC ISLAND.,1,636537,Not at intersection,3,40,Local Road,SWANSTON,MELBOURNE,-37.80575,144.96306,2022,7,July,14,Midday,Weekday
T20220016410,2022-07-22,14:57:00,4,Collision with a fixed object,5,Friday,171,LEFT OFF CARRIAGEWAY INTO OBJECT/PARKED VEHICLE,1,721801,Not at intersection,2,50,Local Road,HOLLAND,WHITEHORSE,-37.832672,145.1522,2022,7,July,14,Midday,Weekday
T20220016411,2022-07-22,14:45:00,4,Collision with a fixed object,5,Friday,149,OTHER MANOEUVRING NOT INCLUDED IN DCAs 140-148,1,782202,Not at intersection,3,40,Local Road,BAIR,SOUTH GIPPSLAND,-38.477695,145.94681,2022,7,July,14,Midday,Weekday
T20220016355,2022-07-22,04:07:00,1,Collision with vehicle,5,Friday,110,CROSS TRAFFIC(INTERSECTIONS ONLY),3,786053,Cross intersection,2,60,Arterial Other,BURKE ROAD -SIR JOHN MONASH,GLEN EIRA,-37.878162,145.0474,2022,7,July,4,Late Night,Weekday
T20220016358,2022-07-22,05:50:00,1,Collision with vehicle,5,Friday,120,HEAD ON (NOT OVERTAKING),3,774824,Not at intersection,3,60,Arterial Other,POINT COOK,WYNDHAM,-37.89119,144.75525,2022,7,July,5,Morning Peak,Weekday
T20220016415,2022-07-22,15:38:00,2,Struck Pedestrian,5,Friday,100,PED NEAR SIDE. PED HIT BY VEHICLE FROM THE RIGHT.,1,782265,Not at intersection,3,40,Local Road,MAUD,BOROONDARA,-37.795853,145.07672,2022,7,July,15,Afternoon Peak,Weekday
T20220016486,2022-07-22,20:10:00,1,Collision with vehicle,5,Friday,130,REAR END(VEHICLES IN SAME LANE),3,720078,Not at intersection,3,80,Freeway,MONASH,MONASH,-37.89216,145.1256,2022,7,July,20,Night,Weekday
T20220016419,2022-07-22,15:48:00,1,Collision with vehicle,5,Friday,120,HEAD ON (NOT OVERTAKING),1,718958,T intersection,2,60,Local Road,BAMBRA,GLEN EIRA,-37.900963,145.02623,2022,7,July,15,Afternoon Peak,Weekday
T20220016420,2022-07-22,15:00:00,1,Collision with vehicle,5,Friday,116,LEFT NEAR (INTERSECTIONS ONLY),1,719338,Cross intersection,2,40,Local Road,PROSPECT HILL,BOROONDARA,-37.831676,145.08565,2022,7,July,15,Afternoon Peak,Weekday
T20220016421,2022-07-22,12:20:00,1,Collision with vehicle,5,Friday,135,LANE CHANGE LEFT (NOT OVERTAKING),1,722761,Not at intersection,2,80,Arterial Highway,DANDENONG,MONASH,-37.912823,145.1248,2022,7,July,12,Midday,Weekday
T20220016423,2022-07-22,15:50:00,1,Collision with vehicle,5,Friday,130,REAR END(VEHICLES IN SAME LANE),1,719190,Not at intersection,2,80,Arterial Other,CRANBOURNE-FRANKSTON,CASEY,-38.1108,145.26431,2022,7,July,15,Afternoon Peak,Weekday
T20220016426,2022-07-22,15:17:00,2,Struck Pedestrian,5,Friday,100,PED NEAR SIDE. PED HIT BY VEHICLE FROM THE RIGHT.,1,311747,Not at intersection,3,40,Arterial Other,WHITEHORSE,BOROONDARA,-37.813263,145.08484,2022,7,July,15,Afternoon Peak,Weekday
T20220016503,2022-07-23,18:07:00,1,Collision with vehicle,6,Saturday,121,RIGHT THROUGH,3,42713,Cross intersection,3,60,Arterial Other,BALCOMBE,BAYSIDE,-37.977615,145.03462,2022,7,July,18,Afternoon Peak,Weekend
T20220016507,2022-07-23,16:10:00,6,Vehicle overturned (no collision),6,Saturday,174,OUT OF CONTROL ON CARRIAGEWAY (ON STRAIGHT),1,719192,Not at intersection,2,100,Local Road,NORTH,CASEY,-38.18347,145.3415,2022,7,July,16,Afternoon Peak,Weekend
T20220016508,2022-07-23,19:20:00,1,Collision with vehicle,6,Saturday,113,RIGHT NEAR (INTERSECTIONS ONLY),3,720553,Cross intersection,3,60,Local Road,LINSELL,CASEY,-38.10229,145.3194,2022,7,July,19,Night,Weekend
T20220016512,2022-07-23,14:24:00,8,No collision and no object struck,6,Saturday,172,OFF CARRIAGEWAY TO RIGHT,1,43915,Cross intersection,3,80,Arterial Other,CLYDE-FIVE WAYS,CASEY,-38.118744,145.32716,2022,7,July,14,Midday,Weekend
T20220016514,2022-07-23,21:16:00,1,Collision with vehicle,6,Saturday,110,CROSS TRAFFIC(INTERSECTIONS ONLY),5,30166,Cross intersection,2,80,Arterial Other,DOYLES,SHEPPARTON,-36.398926,145.43182,2022,7,July,21,Night,Weekend
T20220018221,2022-07-23,12:45:00,1,Collision with vehicle,6,Saturday,121,RIGHT THROUGH,9,328425,T intersection,3,80,Arterial Other,HALL,CASEY,-38.108097,145.2427,2022,7,July,12,Midday,Weekend
T20220016518,2022-07-23,19:55:00,1,Collision with vehicle,6,Saturday,130,REAR END(VEHICLES IN SAME LANE),3,779280,Not at intersection,3,80,Arterial Other,SYDNEY,HUME,-37.666428,144.95468,2022,7,July,19,Night,Weekend
T20220016519,2022-07-23,20:50:00,1,Collision with vehicle,6,Saturday,113,RIGHT NEAR (INTERSECTIONS ONLY),3,41220,T intersection,3,70,Arterial Other,PASCOE VALE,MORELAND,-37.716503,144.919,2022,7,July,20,Night,Weekend
T20220016520,2022-07-23,21:27:00,1,Collision with vehicle,6,Saturday,113,RIGHT NEAR (INTERSECTIONS ONLY),3,29480,T intersection,3,60,Arterial Other,HIGH,WHITTLESEA,-37.669468,145.01584,2022,7,July,21,Night,Weekend
T20220016521,2022-07-23,21:10:00,4,Collision with a fixed object,6,Saturday,171,LEFT OFF CARRIAGEWAY INTO OBJECT/PARKED VEHICLE,3,785147,Not at intersection,2,80,Arterial Other,FERNTREE GULLY,KNOX,-37.903248,145.21474,2022,7,July,21,Night,Weekend
T20220016523,2022-07-23,18:55:00,1,Collision with vehicle,6,Saturday,160,VEHICLE COLLIDES WITH VEHICLE PARKED ON LEFT OF ROAD,6,779819,Not at intersection,3,60,Arterial Other,SYDNEY,MORELAND,-37.69784,144.95929,2022,7,July,18,Afternoon Peak,Weekend
T20220016525,2022-07-23,19:45:00,4,Collision with a fixed object,6,Saturday,171,LEFT OFF CARRIAGEWAY INTO OBJECT/PARKED VEHICLE,6,239275,Cross intersection,3,60,Local Road,SHAWS,WYNDHAM,-37.88902,144.65268,2022,7,July,19,Night,Weekend
T20220025229,2022-07-23,07:30:00,1,Collision with vehicle,6,Saturday,160,VEHICLE COLLIDES WITH VEHICLE PARKED ON LEFT OF ROAD,9,734300,Not at intersection,3,60,Arterial Other,CHANDLER,DANDENONG,-37.97537,145.18552,2022,7,July,7,Morning Peak,Weekend
T20220016526,2022-07-23,22:18:00,4,Collision with a fixed object,6,Saturday,171,LEFT OFF CARRIAGEWAY INTO OBJECT/PARKED VEHICLE,3,754319,T intersection,3,60,Local Road,MORRIS,WYNDHAM,-37.87526,144.70204,2022,7,July,22,Night,Weekend
T20220016938,2022-07-23,12:20:00,2,Struck Pedestrian,6,Saturday,100,PED NEAR SIDE. PED HIT BY VEHICLE FROM THE RIGHT.,1,719814,Not at intersection,2,50,Local Road,STATION,GLEN EIRA,-37.87698,145.03987,2022,7,July,12,Midday,Weekend
T20220016536,2022-07-23,11:45:00,1,Collision with vehicle,6,Saturday,130,REAR END(VEHICLES IN SAME LANE),9,774825,Not at intersection,2,100,Freeway,WESTERN RING,BRIMBANK,-37.78911,144.78775,2022,7,July,11,Midday,Weekend
T20220016537,2022-07-23,23:34:00,2,Struck Pedestrian,6,Saturday,102,FAR SIDE. PED HIT BY VEHICLE FROM THE LEFT,3,724103,Cross intersection,2,40,Local Road,GERTRUDE,YARRA,-37.8061,144.9805,2022,7,July,23,Night,Weekend
T20220016538,2022-07-23,22:50:00,2,Struck Pedestrian,6,Saturday,102,FAR SIDE. PED HIT BY VEHICLE FROM THE LEFT,3,783927,Not at intersection,3,60,Arterial Highway,MAIN,KINGSTON,-38.00675,145.08652,2022,7,July,22,Night,Weekend
T20220016539,2022-07-23,23:26:00,6,Vehicle overturned (no collision),6,Saturday,174,OUT OF CONTROL ON CARRIAGEWAY (ON STRAIGHT),3,719339,Not at intersection,2,60,Arterial Highway,ST KILDA,PORT PHILLIP,-37.866432,144.98647,2022,7,July,23,Night,Weekend
T20220016556,2022-07-23,11:00:00,2,Struck Pedestrian,6,Saturday,100,PED NEAR SIDE. PED HIT BY VEHICLE FROM THE RIGHT.,9,35407,Not at intersection,3,60,Arterial Other,ST KILDA,MELBOURNE,-37.845974,144.9791,2022,7,July,11,Midday,Weekend
T20220016562,2022-07-23,21:28:00,4,Collision with a fixed object,6,Saturday,179,OTHER ACCIDENTS-OFF STRAIGHT NOT INCLUDED IN DCAs 170-175,3,55301,Cross intersection,3,60,Local Road,CAROLINE SPRINGS,MELTON,-37.74324,144.73558,2022,7,July,21,Night,Weekend
T20220016563,2022-07-23,16:15:00,1,Collision with vehicle,6,Saturday,132,RIGHT REAR.,1,54821,Cross intersection,3,60,Arterial Highway,ALBERT,HEPBURN,-37.43133,143.89226,2022,7,July,16,Afternoon Peak,Weekend
T20220018951,2022-07-23,17:10:00,4,Collision with a fixed object,6,Saturday,173,RIGHT OFF CARRIAGEWAY INTO OBJECT/PARKED VEHICLE,2,782307,Not at intersection,3,100,Local Road,HUNTLY-FOSTERVILLE,BENDIGO,-36.690727,144.47186,2022,7,July,17,Afternoon Peak,Weekend
T20220016586,2022-07-23,20:10:00,1,Collision with vehicle,6,Saturday,110,CROSS TRAFFIC(INTERSECTIONS ONLY),3,42918,Cross intersection,3,60,Arterial Other,HEATHERTON,DANDENONG,-37.965015,145.17332,2022,7,July,20,Night,Weekend
T20220016660,2022-07-23,16:20:00,1,Collision with vehicle,6,Saturday,116,LEFT NEAR (INTERSECTIONS ONLY),1,41625,Cross intersection,3,50,Arterial Other,HAUGHTON ROAD -HUNTINGDALE,MONASH,-37.91223,145.10344,2022,7,July,16,Afternoon Peak,Weekend
T20220016675,2022-07-23,11:20:00,1,Collision with vehicle,6,Saturday,130,REAR END(VEHICLES IN SAME LANE),1,719342,Cross intersection,3,60,Arterial Highway,ALEXANDRA,YARRA,-37.79396,144.98402,2022,7,July,11,Midday,Weekend
T20220016455,2022-07-23,00:30:00,4,Collision with a fixed object,6,Saturday,181,OFF RIGHT BEND INTO OBJECT/PARKED VEHICLE,5,782272,Not at intersection,3,100,Arterial Other,BRANDY CREEK,BAW BAW,-38.128742,145.92906,2022,7,July,0,Late Night,Weekend
T20220016712,2022-07-23,14:25:00,1,Collision with vehicle,6,Saturday,130,REAR END(VEHICLES IN SAME LANE),1,779730,Cross intersection,3,70,Arterial Highway,WARRIGAL,STONNINGTON,-37.892834,145.08826,2022,7,July,14,Midday,Weekend
T20220016466,2022-07-23,08:30:00,1,Collision with vehicle,6,Saturday,121,RIGHT THROUGH,1,36085,Cross intersection,3,60,Arterial Other,DRYBURGH,MELBOURNE,-37.802387,144.9436,2022,7,July,8,Morning Peak,Weekend
T20220016471,2022-07-23,11:31:00,1,Collision with vehicle,6,Saturday,135,LANE CHANGE LEFT (NOT OVERTAKING),1,726743,Not at intersection,3,60,Arterial Other,BURKE,STONNINGTON,-37.866455,145.04999,2022,7,July,11,Midday,Weekend
T20220016472,2022-07-23,11:35:00,8,No collision and no object struck,6,Saturday,170,OFF CARRIAGEWAY TO LEFT,1,720134,Not at intersection,3,80,Arterial Other,KORUMBURRA-WARRAGUL,SOUTH GIPPSLAND,-38.36513,145.8565,2022,7,July,11,Midday,Weekend
T20220016473,2022-07-23,10:45:00,4,Collision with a fixed object,6,Saturday,171,LEFT OFF CARRIAGEWAY INTO OBJECT/PARKED VEHICLE,1,718960,Not at intersection,3,60,Local Road,KENNEDY,BENDIGO,-36.75642,144.29193,2022,7,July,10,Midday,Weekend
T20220018331,2022-07-23,23:55:00,1,Collision with vehicle,6,Saturday,116,LEFT NEAR (INTERSECTIONS ONLY),3,337457,Cross intersection,3,80,Arterial Other,FITZGERALD,WYNDHAM,-37.844143,144.78186,2022,7,July,23,Night,Weekend
T20220016479,2022-07-23,13:34:00,1,Collision with vehicle,6,Saturday,111,RIGHT FAR (INTERSECTIONS ONLY),1,41018,T intersection,3,60,Arterial Other,DORSET,KNOX,-37.84836,145.28644,2022,7,July,13,Midday,Weekend
T20220017040,2022-07-23,20:30:00,2,Struck Pedestrian,6,Saturday,100,PED NEAR SIDE. PED HIT BY VEHICLE FROM THE RIGHT.,3,722213,Not at intersection,3,60,Local Road,GLADSTONE,DANDENONG,-37.969196,145.20499,2022,7,July,20,Night,Weekend
T20220016481,2022-07-23,12:20:00,1,Collision with vehicle,6,Saturday,113,RIGHT NEAR (INTERSECTIONS ONLY),1,35849,Cross intersection,3,80,Freeway,MONASH OUT-BELGRAVE-HALLAM,CASEY,-37.997215,145.27528,2022,7,July,12,Midday,Weekend
T20220016794,2022-07-23,12:00:00,8,No collision and no object struck,6,Saturday,184,OUT OF CONTROL ON CARRIAGEWAY (ON BEND),1,722166,Not at intersection,2,60,Local Road,RIVER,CAMPASPE,-35.908764,144.41293,2022,7,July,12,Midday,Weekend
T20220016484,2022-07-23,13:50:00,1,Collision with vehicle,6,Saturday,135,LANE CHANGE LEFT (NOT OVERTAKING),1,147986,Not at intersection,3,70,Arterial Highway,SPRINGVALE,MONASH,-37.876682,145.1664,2022,7,July,13,Midday,Weekend
T20220016488,2022-07-23,10:55:00,1,Collision with vehicle,6,Saturday,132,RIGHT REAR.,1,746669,Cross intersection,3,80,Arterial Highway,CALDER,BENDIGO,-36.74223,144.20418,2022,7,July,10,Midday,Weekend
T20220016823,2022-07-23,23:20:00,1,Collision with vehicle,6,Saturday,134,LANE CHANGE RIGHT (NOT OVERTAKING),3,1288,T intersection,3,60,Arterial Other,VAN NESS,MARIBYRNONG,-37.76942,144.89597,2022,7,July,23,Night,Weekend
T20220016491,2022-07-23,15:40:00,1,Collision with vehicle,6,Saturday,130,REAR END(VEHICLES IN SAME LANE),1,724159,Not at intersection,3,60,Arterial Highway,BELL,MORELAND,-37.737907,144.935,2022,7,July,15,Afternoon Peak,Weekend