ACCIDENT_NO,ACCIDENT_DATE,ACCIDENT_TIME,ACCIDENT_TYPE,ACCIDENT_TYPE_DESC,DAY_OF_WEEK,DAY_WEEK_DESC,DCA_CODE,DCA_DESC,LIGHT_CONDITION,NODE_ID,ROAD_GEOMETRY_DESC,SEVERITY,SPEED_ZONE,RMA,ROAD_NAME,LGA_NAME,LATITUDE,LONGITUDE,YEAR,MONTH,MONTH_NAME,HOUR,TIME_PERIOD,DAY_TYPE
T20220016496,2022-07-23,18:50:00,1,Collision with vehicle,6,Saturday,163,VEHICLE STRIKES DOOR OF PARKED/STATIONARY VEHICLE,3,719057,Not at intersection,3,40,Arterial Other,BRIDGE,YARRA,-37.819656,145.00977,2022,7,July,18,Afternoon Peak,Weekend
T20220016497,2022-07-23,17:40:00,1,Collision with vehicle,6,Saturday,116,LEFT NEAR (INTERSECTIONS ONLY),3,720929,Cross intersection,3,80,Local Road,DOVETON,DANDENONG,-38.003304,145.24916,2022,7,July,17,Afternoon Peak,Weekend
T20220016500,2022-07-23,17:08:00,4,Collision with a fixed object,6,Saturday,173,RIGHT OFF CARRIAGEWAY INTO OBJECT/PARKED VEHICLE,5,786286,Not at intersection,2,100,Arterial Highway,SOUTH GIPPSLAND,CARDINIA,-38.213062,145.48119,2022,7,July,17,Afternoon Peak,Weekend
T20220016501,2022-07-23,14:35:00,5,collision with some other object,6,Saturday,171,LEFT OFF CARRIAGEWAY INTO OBJECT/PARKED VEHICLE,1,785145,Not at intersection,2,100,Arterial Other,KOO WEE RUP-LONGWARRY,CARDINIA,-38.192825,145.50668,2022,7,July,14,Midday,Weekend
T20220016594,2022-07-24,20:28:00,1,Collision with vehicle,7,Sunday,130,REAR END(VEHICLES IN SAME LANE),3,719746,Not at intersection,3,80,Freeway,PRINCES,CARDINIA,-38.077503,145.42429,2022,7,July,20,Night,Weekend
T20220018244,2022-07-24,11:10:00,1,Collision with vehicle,7,Sunday,111,RIGHT FAR (INTERSECTIONS ONLY),1,721471,T intersection,3,50,Local Road,GWENT,DANDENONG,-37.980606,145.15211,2022,7,July,11,Midday,Weekend
T20220016599,2022-07-24,19:18:00,1,Collision with vehicle,7,Sunday,137,LEFT TURN SIDESWIPE,3,785152,T intersection,2,60,Local Road,BOX,DANDENONG,-37.99593,145.22466,2022,7,July,19,Night,Weekend
T20220016600,2022-07-24,20:15:00,1,Collision with vehicle,7,Sunday,130,REAR END(VEHICLES IN SAME LANE),3,779146,Cross intersection,3,80,Arterial Highway,SPRINGVALE,WHITEHORSE,-37.84854,145.17044,2022,7,July,20,Night,Weekend
T20220016601,2022-07-24,19:20:00,4,Collision with a fixed object,7,Sunday,171,LEFT OFF CARRIAGEWAY INTO OBJECT/PARKED VEHICLE,3,354168,Cross intersection,2,80,Arterial Other,MARWEN,BRIMBANK,-37.813133,144.78236,2022,7,July,19,Night,Weekend
T20220016603,2022-07-24,20:23:00,1,Collision with vehicle,7,Sunday,120,HEAD ON (NOT OVERTAKING),3,720331,Not at intersection,2,80,Arterial Other,VINEYARD,MELTON,-37.6238,144.70592,2022,7,July,20,Night,Weekend
T20220016687,2022-07-24,18:30:00,1,Collision with vehicle,7,Sunday,121,RIGHT THROUGH,3,781817,Cross intersection,3,60,Arterial Highway,SPRINGVALE,MONASH,-37.888844,145.16415,2022,7,July,18,Afternoon Peak,Weekend
T20220021871,2022-07-24,12:00:00,6,Vehicle overturned (no collision),7,Sunday,174,OUT OF CONTROL ON CARRIAGEWAY (ON STRAIGHT),9,727014,Not at intersection,3,100,Local Road,LAWLESS,LATROBE,-38.31545,146.44228,2022,7,July,12,Midday,Weekend
T20220016575,2022-07-24,12:35:00,4,Collision with a fixed object,7,Sunday,173,RIGHT OFF CARRIAGEWAY INTO OBJECT/PARKED VEHICLE,1,754318,Not at intersection,2,60,Arterial Other,BLUFF,BAYSIDE,-37.9642,145.01851,2022,7,July,12,Midday,Weekend
T20220016569,2022-07-24,13:10:00,1,Collision with vehicle,7,Sunday,147,VEHICLE STRIKES ANOTHER VEH WHILE EMERGING FROM DRIVEWAY,1,1105,Not at intersection,2,50,Arterial Highway,POINT NEPEAN,MORNINGTON PENINSULA,-38.370335,144.82211,2022,7,July,13,Midday,Weekend
T20220016630,2022-07-24,09:30:00,1,Collision with vehicle,7,Sunday,130,REAR END(VEHICLES IN SAME LANE),1,45585,T intersection,3,40,Arterial Other,BRUNSWICK,MORELAND,-37.775803,144.94972,2022,7,July,9,Morning Peak,Weekend
T20220016570,2022-07-24,13:20:00,1,Collision with vehicle,7,Sunday,110,CROSS TRAFFIC(INTERSECTIONS ONLY),1,38037,Cross intersection,3,50,Local Road,CLARENDON,DAREBIN,-37.761265,145.01662,2022,7,July,13,Midday,Weekend
T20220016589,2022-07-24,17:10:00,1,Collision with vehicle,7,Sunday,121,RIGHT THROUGH,1,41159,Cross intersection,2,60,Arterial Other,NORTH,BAYSIDE,-37.898327,144.99431,2022,7,July,17,Afternoon Peak,Weekend
T20220016587,2022-07-24,17:35:00,1,Collision with vehicle,7,Sunday,152,PULLING OUT (OVERTAKING),1,64463,T intersection,2,60,Local Road,BOSQUET,MARIBYRNONG,-37.782112,144.8745,2022,7,July,17,Afternoon Peak,Weekend
T20220016583,2022-07-24,18:00:00,2,Struck Pedestrian,7,Sunday,100,PED NEAR SIDE. PED HIT BY VEHICLE FROM THE RIGHT.,3,722020,Not at intersection,3,60,Arterial Highway,RAGLAN,WARRNAMBOOL,-38.37321,142.47615,2022,7,July,18,Afternoon Peak,Weekend
T20220016574,2022-07-24,15:05:00,1,Collision with vehicle,7,Sunday,121,RIGHT THROUGH,1,47097,T intersection,3,40,Local Road,CLARENDON,MELBOURNE,-37.813835,144.98297,2022,7,July,15,Afternoon Peak,Weekend
T20220016568,2022-07-24,12:30:00,6,Vehicle overturned (no collision),7,Sunday,180,OFF CARRIAGEWAY ON RIGHT BEND,1,782400,Not at intersection,3,60,Arterial Other,HEIDELBERG-KINGLAKE,NILLUMBIK,-37.622738,145.21834,2022,7,July,12,Midday,Weekend
T20220017050,2022-07-24,20:34:00,1,Collision with vehicle,7,Sunday,130,REAR END(VEHICLES IN SAME LANE),3,785029,Not at intersection,3,100,Freeway,WESTERN RING,BRIMBANK,-37.75987,144.82143,2022,7,July,20,Night,Weekend
T20220016582,2022-07-24,16:05:00,1,Collision with vehicle,7,Sunday,152,PULLING OUT (OVERTAKING),1,67773,Cross intersection,2,40,Local Road,CECIL,HOBSONS BAY,-37.864483,144.90198,2022,7,July,16,Afternoon Peak,Weekend
T20220016585,2022-07-24,17:33:00,1,Collision with vehicle,7,Sunday,130,REAR END(VEHICLES IN SAME LANE),2,719247,Not at intersection,3,60,Arterial Other,EPPING,WHITTLESEA,-37.62357,145.02869,2022,7,July,17,Afternoon Peak,Weekend
T20220016875,2022-07-24,08:20:00,1,Collision with vehicle,7,Sunday,116,LEFT NEAR (INTERSECTIONS ONLY),1,15266,T intersection,3,60,Arterial Other,HIGH,MACEDON RANGES,-37.35916,144.52719,2022,7,July,8,Morning Peak,Weekend
T20220016547,2022-07-24,05:34:00,4,Collision with a fixed object,7,Sunday,173,RIGHT OFF CARRIAGEWAY INTO OBJECT/PARKED VEHICLE,3,774826,Cross intersection,3,60,Arterial Highway,RACECOURSE,MELBOURNE,-37.78918,144.9401,2022,7,July,5,Morning Peak,Weekend
T20220016870,2022-07-24,16:30:00,1,Collision with vehicle,7,Sunday,163,VEHICLE STRIKES DOOR OF PARKED/STATIONARY VEHICLE,1,720251,Not at intersection,2,40,Local Road,SMITH,YARRA,-37.793026,144.98529,2022,7,July,16,Afternoon Peak,Weekend
T20220016550,2022-07-24,02:30:00,4,Collision with a fixed object,7,Sunday,173,RIGHT OFF CARRIAGEWAY INTO OBJECT/PARKED VEHICLE,5,783937,Not at intersection,1,100,Local Road,LEMNOS NORTH,SHEPPARTON,-36.300076,145.4647,2022,7,July,2,Late Night,Weekend
T20220016624,2022-07-24,14:00:00,3,Struck animal,7,Sunday,167,STRUCK ANIMAL,1,738359,Not at intersection,3,100,Local Road,MOUNT COLE,ARARAT,-37.263676,143.23016,2022,7,July,14,Midday,Weekend
T20220016553,2022-07-24,09:00:00,4,Collision with a fixed object,7,Sunday,181,OFF RIGHT BEND INTO OBJECT/PARKED VEHICLE,1,782453,Not at intersection,3,30,Arterial Highway,PRINCES,CASEY,-38.002937,145.24696,2022,7,July,9,Morning Peak,Weekend
T20220016555,2022-07-24,11:00:00,4,Collision with a fixed object,7,Sunday,173,RIGHT OFF CARRIAGEWAY INTO OBJECT/PARKED VEHICLE,1,782397,T intersection,3,60,Freeway,PRINCES,WYNDHAM,-37.827404,144.81735,2022,7,July,11,Midday,Weekend
T20220016558,2022-07-24,12:13:00,1,Collision with vehicle,7,Sunday,110,CROSS TRAFFIC(INTERSECTIONS ONLY),1,38201,Cross intersection,3,40,Local Road,DAREBIN,BANYULE,-37.753757,145.06248,2022,7,July,12,Midday,Weekend
T20220016590,2022-07-24,14:00:00,1,Collision with vehicle,7,Sunday,147,VEHICLE STRIKES ANOTHER VEH WHILE EMERGING FROM DRIVEWAY,1,774764,Not at intersection,2,50,Local Road,FAIRCHILD,KINGSTON,-37.94482,145.0808,2022,7,July,14,Midday,Weekend
T20220016591,2022-07-24,17:00:00,1,Collision with vehicle,7,Sunday,130,REAR END(VEHICLES IN SAME LANE),1,722426,Not at intersection,2,80,Arterial Highway,DANDENONG,MONASH,-37.932285,145.15584,2022,7,July,17,Afternoon Peak,Weekend
T20220016560,2022-07-24,11:30:00,4,Collision with a fixed object,7,Sunday,181,OFF RIGHT BEND INTO OBJECT/PARKED VEHICLE,1,720722,Not at intersection,2,100,Arterial Other,GISBORNE,MOORABOOL,-37.642727,144.46187,2022,7,July,11,Midday,Weekend
T20220016596,2022-07-24,21:20:00,2,Struck Pedestrian,7,Sunday,102,FAR SIDE. PED HIT BY VEHICLE FROM THE LEFT,3,35366,Cross intersection,3,40,Local Road,FLINDERS,MELBOURNE,-37.815758,144.96945,2022,7,July,21,Night,Weekend
T20220016598,2022-07-24,16:00:00,2,Struck Pedestrian,7,Sunday,100,PED NEAR SIDE. PED HIT BY VEHICLE FROM THE RIGHT.,1,719533,T intersection,2,50,Local Road,CHIFLEY,DAREBIN,-37.741055,145.03085,2022,7,July,16,Afternoon Peak,Weekend
T20220016666,2022-07-25,21:35:00,1,Collision with vehicle,1,Monday,121,RIGHT THROUGH,3,251441,Cross intersection,3,60,Local Road,FINDON,WHITTLESEA,-37.64225,145.06921,2022,7,July,21,Night,Weekday
T20220016633,2022-07-25,12:10:00,1,Collision with vehicle,1,Monday,134,LANE CHANGE RIGHT (NOT OVERTAKING),1,719341,Not at intersection,3,100,Freeway,METROPOLITAN RING,HUME,-37.690727,144.97205,2022,7,July,12,Midday,Weekday
T20220016674,2022-07-25,23:59:00,4,Collision with a fixed object,1,Monday,171,LEFT OFF CARRIAGEWAY INTO OBJECT/PARKED VEHICLE,3,782331,Not at intersection,3,50,Local Road,KIALLA LAKES,SHEPPARTON,-36.413757,145.39252,2022,7,July,23,Night,Weekday
T20220016682,2022-07-25,19:00:00,2,Struck Pedestrian,1,Monday,102,FAR SIDE. PED HIT BY VEHICLE FROM THE LEFT,3,44341,T intersection,3,50,Local Road,COTTRELL,WYNDHAM,-37.8974,144.66022,2022,7,July,19,Night,Weekday
T20220016716,2022-07-25,15:00:00,6,Vehicle overturned (no collision),1,Monday,180,OFF CARRIAGEWAY ON RIGHT BEND,1,782406,Not at intersection,3,100,Arterial Other,MALLACOOTA-GENOA,EAST GIPPSLAND,-37.483967,149.64108,2022,7,July,15,Afternoon Peak,Weekday
T20220020329,2022-07-25,14:10:00,1,Collision with vehicle,1,Monday,132,RIGHT REAR.,9,778891,Not at intersection,3,50,Local Road,WOOD,DAREBIN,-37.736217,145.02959,2022,7,July,14,Midday,Weekday
T20220020104,2022-07-25,17:56:00,1,Collision with vehicle,1,Monday,121,RIGHT THROUGH,3,51700,Cross intersection,3,60,Arterial Highway,HIGH,BENDIGO,-36.779793,144.25024,2022,7,July,17,Afternoon Peak,Weekday
T20220017488,2022-07-25,15:30:00,4,Collision with a fixed object,1,Monday,171,LEFT OFF CARRIAGEWAY INTO OBJECT/PARKED VEHICLE,1,301064,Cross intersection,3,60,Local Road,SHEARWATER,CARDINIA,-38.06848,145.44562,2022,7,July,15,Afternoon Peak,Weekday
T20220017622,2022-07-25,17:57:00,1,Collision with vehicle,1,Monday,132,RIGHT REAR.,3,720801,Not at intersection,3,70,Local Road,NORTH,FRANKSTON,-38.16685,145.20425,2022,7,July,17,Afternoon Peak,Weekday
T20220017537,2022-07-25,10:45:00,2,Struck Pedestrian,1,Monday,108,PED STRUCK WALKING TO/FROM OR BOARDING/ALIGHTING VEHICLE.,1,750489,Not at intersection,3,40,Local Road,BEAVERS,DAREBIN,-37.76528,144.98618,2022,7,July,10,Midday,Weekday
T20220018069,2022-07-25,20:00:00,1,Collision with vehicle,1,Monday,130,REAR END(VEHICLES IN SAME LANE),5,721582,Not at intersection,2,80,Local Road,MCCLELLAND,FRANKSTON,-38.131657,145.17827,2022,7,July,20,Night,Weekday
T20220017125,2022-07-25,18:15:00,1,Collision with vehicle,1,Monday,130,REAR END(VEHICLES IN SAME LANE),2,778062,T intersection,3,40,Arterial Other,CHURCH,YARRA,-37.821693,144.99863,2022,7,July,18,Afternoon Peak,Weekday
T20220017222,2022-07-25,00:30:00,3,Struck animal,1,Monday,167,STRUCK ANIMAL,5,720601,Not at intersection,2,80,Local Road,DOCKERYS,MITCHELL,-37.12985,145.077,2022,7,July,0,Late Night,Weekday
T20220016613,2022-07-25,08:45:00,1,Collision with vehicle,1,Monday,130,REAR END(VEHICLES IN SAME LANE),2,783859,Not at intersection,3,80,Arterial Highway,STUD,DANDENONG,-37.95324,145.2268,2022,7,July,8,Morning Peak,Weekday
T20220016616,2022-07-25,10:00:00,2,Struck Pedestrian,1,Monday,105,PED WALKING AGAINST TRAFFIC.,1,244753,Not at intersection,2,60,Arterial Other,SYNNOT,WYNDHAM,-37.903564,144.6599,2022,7,July,10,Midday,Weekday
T20220016617,2022-07-25,10:30:00,1,Collision with vehicle,1,Monday,113,RIGHT NEAR (INTERSECTIONS ONLY),1,49694,T intersection,3,60,Arterial Other,COX,GEELONG,-38.08379,144.35536,2022,7,July,10,Midday,Weekday
T20220016618,2022-07-25,09:50:00,1,Collision with vehicle,1,Monday,114,TWO RIGHT TURNING (INTERSECTIONS ONLY),1,352352,T intersection,3,70,Arterial Other,SOUTH,KINGSTON,-37.93365,145.03893,2022,7,July,9,Morning Peak,Weekday
T20220016621,2022-07-25,06:35:00,1,Collision with vehicle,1,Monday,120,HEAD ON (NOT OVERTAKING),5,779281,Not at intersection,3,60,Arterial Highway,MURRAY VALLEY,MOIRA,-36.02808,146.15852,2022,7,July,6,Morning Peak,Weekday
T20220016623,2022-07-25,10:45:00,1,Collision with vehicle,1,Monday,121,RIGHT THROUGH,1,46742,T intersection,3,60,Arterial Other,CLYDE-FIVE WAYS,CASEY,-38.12717,145.32552,2022,7,July,10,Midday,Weekday
T20220016914,2022-07-25,09:05:00,1,Collision with vehicle,1,Monday,140,U TURN,1,725950,Not at intersection,3,60,Arterial Other,MELVILLE,MORELAND,-37.751263,144.9461,2022,7,July,9,Morning Peak,Weekday
T20220016636,2022-07-25,08:55:00,2,Struck Pedestrian,1,Monday,108,PED STRUCK WALKING TO/FROM OR BOARDING/ALIGHTING VEHICLE.,1,720079,Not at intersection,3,60,Arterial Other,DAWSON,MORELAND,-37.770103,144.94943,2022,7,July,8,Morning Peak,Weekday
T20220016638,2022-07-25,11:55:00,1,Collision with vehicle,1,Monday,130,REAR END(VEHICLES IN SAME LANE),1,719405,Not at intersection,3,100,Freeway,WESTERN RING,MORELAND,-37.694637,144.91704,2022,7,July,11,Midday,Weekday
T20220016644,2022-07-25,14:00:00,1,Collision with vehicle,1,Monday,121,RIGHT THROUGH,1,785402,T intersection,2,60,Local Road,HAWTHORY,YARRA RANGES,-37.79705,145.31332,2022,7,July,14,Midday,Weekday
T20220016648,2022-07-25,14:00:00,2,Struck Pedestrian,1,Monday,100,PED NEAR SIDE. PED HIT BY VEHICLE FROM THE RIGHT.,1,719747,Not at intersection,2,50,Local Road,MAHER,WYNDHAM,-37.864777,144.76611,2022,7,July,14,Midday,Weekday
T20220016650,2022-07-25,16:10:00,2,Struck Pedestrian,1,Monday,100,PED NEAR SIDE. PED HIT BY VEHICLE FROM THE RIGHT.,1,719823,Not at intersection,2,40,Arterial Other,MOUNTAIN,KNOX,-37.857067,145.3164,2022,7,July,16,Afternoon Peak,Weekday
T20220016887,2022-07-25,16:00:00,6,Vehicle overturned (no collision),1,Monday,174,OUT OF CONTROL ON CARRIAGEWAY (ON STRAIGHT),1,782430,Not at intersection,3,40,Arterial Other,SYDNEY,MORELAND,-37.747536,144.96552,2022,7,July,16,Afternoon Peak,Weekday
T20220016652,2022-07-25,16:50:00,1,Collision with vehicle,1,Monday,135,LANE CHANGE LEFT (NOT OVERTAKING),1,774828,Not at intersection,3,60,Arterial Other,WAVERLEY,MONASH,-37.880417,145.09128,2022,7,July,16,Afternoon Peak,Weekday
T20220016653,2022-07-25,14:30:00,1,Collision with vehicle,1,Monday,120,HEAD ON (NOT OVERTAKING),1,726929,Not at intersection,2,100,Arterial Other,ECHUCA,SHEPPARTON,-36.327286,145.30392,2022,7,July,14,Midday,Weekday
T20220016879,2022-07-25,15:00:00,4,Collision with a fixed object,1,Monday,171,LEFT OFF CARRIAGEWAY INTO OBJECT/PARKED VEHICLE,1,697299,Not at intersection,3,80,Arterial Other,ELTHAM-YARRA GLEN,NILLUMBIK,-37.700195,145.19589,2022,7,July,15,Afternoon Peak,Weekday
T20220018973,2022-07-25,18:35:00,1,Collision with vehicle,1,Monday,130,REAR END(VEHICLES IN SAME LANE),3,725855,Cross intersection,3,60,Arterial Highway,BURWOOD,WHITEHORSE,-37.85654,145.18369,2022,7,July,18,Afternoon Peak,Weekday
T20220019621,2022-07-26,18:45:00,1,Collision with vehicle,2,Tuesday,133,LANE SIDE SWIPE (VEHICLES IN PARALLEL LANES),2,932,T intersection,3,80,Arterial Highway,NEPEAN,MORNINGTON PENINSULA,-38.179165,145.09624,2022,7,July,18,Afternoon Peak,Weekday
T20220016676,2022-07-26,02:39:00,5,collision with some other object,2,Tuesday,165,TEMPORARY ROADWORKS,3,748651,Not at intersection,3,40,Arterial Highway,FRANKSTON-DANDENONG,FRANKSTON,-38.096905,145.1746,2022,7,July,2,Late Night,Weekday
T20220020362,2022-07-26,07:50:00,5,collision with some other object,2,Tuesday,191,LOAD OR MISSILE STRUCK VEHICLE,2,782515,Not at intersection,3,100,Freeway,GEELONG RING,GEELONG,-38.18973,144.30898,2022,7,July,7,Morning Peak,Weekday
T20220016721,2022-07-26,06:50:00,1,Collision with vehicle,2,Tuesday,135,LANE CHANGE LEFT (NOT OVERTAKING),3,222038,Cross intersection,3,60,Arterial Other,VICTORIA,MELBOURNE,-37.808525,144.97675,2022,7,July,6,Morning Peak,Weekday
T20220016724,2022-07-26,16:00:00,1,Collision with vehicle,2,Tuesday,130,REAR END(VEHICLES IN SAME LANE),1,719538,Not at intersection,2,70,Arterial Other,POUND,CASEY,-38.046307,145.29524,2022,7,July,16,Afternoon Peak,Weekday
T20220016727,2022-07-26,17:59:00,1,Collision with vehicle,2,Tuesday,121,RIGHT THROUGH,3,322919,Cross intersection,3,50,Arterial Other,NARRE WARREN NORTH,CASEY,-38.013905,145.30939,2022,7,July,17,Afternoon Peak,Weekday
T20220016728,2022-07-26,17:13:00,4,Collision with a fixed object,2,Tuesday,173,RIGHT OFF CARRIAGEWAY INTO OBJECT/PARKED VEHICLE,2,782441,Not at intersection,3,80,Local Road,COUANGALT,MACEDON RANGES,-37.53842,144.59532,2022,7,July,17,Afternoon Peak,Weekday
T20220016729,2022-07-26,17:26:00,1,Collision with vehicle,2,Tuesday,130,REAR END(VEHICLES IN SAME LANE),2,724218,Not at intersection,3,90,Arterial Other,WELLINGTON,YARRA RANGES,-37.937225,145.31163,2022,7,July,17,Afternoon Peak,Weekday
T20220016673,2022-07-26,04:20:00,1,Collision with vehicle,2,Tuesday,121,RIGHT THROUGH,3,37164,Cross intersection,3,70,Arterial Other,SOMERTON,HUME,-37.64226,144.94174,2022,7,July,4,Late Night,Weekday
T20220016730,2022-07-26,18:56:00,1,Collision with vehicle,2,Tuesday,120,HEAD ON (NOT OVERTAKING),3,724350,Not at intersection,3,60,Arterial Highway,WARRIGAL,KINGSTON,-37.930187,145.08122,2022,7,July,18,Afternoon Peak,Weekday
T20220016736,2022-07-26,21:15:00,1,Collision with vehicle,2,Tuesday,121,RIGHT THROUGH,3,669579,Cross intersection,3,60,Freeway,HIGH STREET -LINCOLN,WODONGA,-36.11027,146.89389,2022,7,July,21,Night,Weekday
T20220017850,2022-07-26,08:40:00,1,Collision with vehicle,2,Tuesday,116,LEFT NEAR (INTERSECTIONS ONLY),2,782517,T intersection,3,70,Arterial Other,BALLARAT-BURRUMBEET,BALLARAT,-37.544964,143.79344,2022,7,July,8,Morning Peak,Weekday
T20220017939,2022-07-26,15:00:00,2,Struck Pedestrian,2,Tuesday,101,PED EMERGES FROM IN FRONT OF PARKED OR STATIONARY VEHICLE,1,785407,Not at intersection,3,40,Local Road,SNEDDEN,MONASH,-37.874374,145.16396,2022,7,July,15,Afternoon Peak,Weekday
T20220016739,2022-07-26,17:55:00,1,Collision with vehicle,2,Tuesday,121,RIGHT THROUGH,3,40764,Cross intersection,3,60,Arterial Other,HIGHBURY,MONASH,-37.85977,145.15076,2022,7,July,17,Afternoon Peak,Weekday
T20220016743,2022-07-26,23:11:00,4,Collision with a fixed object,2,Tuesday,171,LEFT OFF CARRIAGEWAY INTO OBJECT/PARKED VEHICLE,5,782513,Not at intersection,3,80,Local Road,CEMETERY,WELLINGTON,-38.08598,147.04913,2022,7,July,23,Night,Weekday
T20220018856,2022-07-26,05:30:00,2,Struck Pedestrian,2,Tuesday,100,PED NEAR SIDE. PED HIT BY VEHICLE FROM THE RIGHT.,3,722436,Not at intersection,3,40,Local Road,OLD SALE,LATROBE,-38.175716,146.28828,2022,7,July,5,Morning Peak,Weekday
T20220016709,2022-07-26,13:32:00,1,Collision with vehicle,2,Tuesday,121,RIGHT THROUGH,1,774768,T intersection,3,80,Arterial Other,PALMERS,WYNDHAM,-37.844444,144.74634,2022,7,July,13,Midday,Weekday
T20220019343,2022-07-26,08:33:00,1,Collision with vehicle,2,Tuesday,130,REAR END(VEHICLES IN SAME LANE),1,780691,T intersection,3,60,Local Road,RING,BALLARAT,-37.543205,143.79898,2022,7,July,8,Morning Peak,Weekday
T20220016678,2022-07-26,06:15:00,1,Collision with vehicle,2,Tuesday,171,LEFT OFF CARRIAGEWAY INTO OBJECT/PARKED VEHICLE,3,785406,Not at intersection,2,60,Arterial Highway,NEPEAN,FRANKSTON,-38.0998,145.12585,2022,7,July,6,Morning Peak,Weekday
T20220017870,2022-07-26,08:42:00,1,Collision with vehicle,2,Tuesday,116,LEFT NEAR (INTERSECTIONS ONLY),2,64845,T intersection,3,40,Local Road,BALWYN,BOROONDARA,-37.790264,145.08571,2022,7,July,8,Morning Peak,Weekday
T20220016804,2022-07-26,17:16:00,6,Vehicle overturned (no collision),2,Tuesday,174,OUT OF CONTROL ON CARRIAGEWAY (ON STRAIGHT),1,725033,Not at intersection,3,50,Local Road,KIRRAK,BASS COAST,-38.59486,145.59789,2022,7,July,17,Afternoon Peak,Weekday
T20220016812,2022-07-26,15:25:00,1,Collision with vehicle,2,Tuesday,114,TWO RIGHT TURNING (INTERSECTIONS ONLY),1,37735,T intersection,3,40,Arterial Other,HIGH,STONNINGTON,-37.852554,144.99849,2022,7,July,15,Afternoon Peak,Weekday
T20220017635,2022-07-26,08:35:00,1,Collision with vehicle,2,Tuesday,110,CROSS TRAFFIC(INTERSECTIONS ONLY),2,39673,Cross intersection,3,60,Local Road,OBAN,MAROONDAH,-37.794605,145.24155,2022,7,July,8,Morning Peak,Weekday
T20220016838,2022-07-27,23:30:00,1,Collision with vehicle,3,Wednesday,121,RIGHT THROUGH,3,767024,T intersection,2,50,Arterial Other,PLUMPTON,MORELAND,-37.70945,144.92223,2022,7,July,23,Night,Weekday
T20220017891,2022-07-27,09:00:00,1,Collision with vehicle,3,Wednesday,121,RIGHT THROUGH,1,65003,Cross intersection,3,60,Arterial Highway,ALEXANDRA,YARRA,-37.794052,144.9882,2022,7,July,9,Morning Peak,Weekday
T20220016828,2022-07-27,19:55:00,2,Struck Pedestrian,3,Wednesday,194,PARKED CAR RUN AWAY,3,719825,Not at intersection,2,60,Local Road,WOORALLA,MORNINGTON PENINSULA,-38.203323,145.09273,2022,7,July,19,Night,Weekday
T20220016878,2022-07-27,17:15:00,2,Struck Pedestrian,3,Wednesday,100,PED NEAR SIDE. PED HIT BY VEHICLE FROM THE RIGHT.,2,29859,Cross intersection,3,40,Arterial Other,WATERDALE,BANYULE,-37.768364,145.04292,2022,7,July,17,Afternoon Peak,Weekday
T20220019102,2022-07-27,19:20:00,1,Collision with vehicle,3,Wednesday,160,VEHICLE COLLIDES WITH VEHICLE PARKED ON LEFT OF ROAD,6,725042,Not at intersection,3,50,Local Road,MEAKLIM,SHEPPARTON,-36.395508,145.39958,2022,7,July,19,Night,Weekday
T20220016829,2022-07-27,18:04:00,1,Collision with vehicle,3,Wednesday,114,TWO RIGHT TURNING (INTERSECTIONS ONLY),3,43371,T intersection,3,60,Arterial Other,DANDENONG,FRANKSTON,-38.135685,145.12901,2022,7,July,18,Afternoon Peak,Weekday
T20220016746,2022-07-27,04:15:00,2,Struck Pedestrian,3,Wednesday,109,ANY MANOEUVRE INVOLVING PED NOT INCLUDED IN DCAs 100-108.,3,719539,Not at intersection,3,50,Local Road,SCHOONER BAY,FRANKSTON,-38.164337,145.16084,2022,7,July,4,Late Night,Weekday
T20220017233,2022-07-27,10:30:00,2,Struck Pedestrian,3,Wednesday,107,PED ON FOOTHPATH STRUCK BY VEHENTERING/LEAVING DRIVEWAY.,1,782569,Not at intersection,3,40,Local Road,PERCY,GLENELG,-38.34518,141.60378,2022,7,July,10,Midday,Weekday
T20230006465,2022-07-27,12:30:00,4,Collision with a fixed object,3,Wednesday,183,OFF LEFT BEND INTO OBJECT/PARKED VEHICLE,1,775950,Not at intersection,3,100,Local Road,NAYOOK-POWELLTOWN,BAW BAW,-37.901257,145.91827,2022,7,July,12,Midday,Weekday
T20220016968,2022-07-27,12:52:00,1,Collision with vehicle,3,Wednesday,130,REAR END(VEHICLES IN SAME LANE),1,754031,Not at intersection,2,70,Arterial Other,TEMPLESTOWE,MANNINGHAM,-37.757725,145.08713,2022,7,July,12,Midday,Weekday
T20220016755,2022-07-27,05:57:00,2,Struck Pedestrian,3,Wednesday,102,FAR SIDE. PED HIT BY VEHICLE FROM THE LEFT,3,41747,Cross intersection,2,60,Arterial Other,BLACKBURN,MONASH,-37.876495,145.14758,2022,7,July,5,Morning Peak,Weekday
T20220016756,2022-07-27,07:00:00,7,Fall from or in moving vehicle,3,Wednesday,149,OTHER MANOEUVRING NOT INCLUDED IN DCAs 140-148,2,719407,Not at intersection,3,50,Local Road,KOONAWARRA,NILLUMBIK,-37.66979,145.14656,2022,7,July,7,Morning Peak,Weekday
T20220016759,2022-07-27,05:45:00,1,Collision with vehicle,3,Wednesday,113,RIGHT NEAR (INTERSECTIONS ONLY),3,58372,Cross intersection,3,80,Arterial Other,COBRAM-KOONOOMOO,MOIRA,-35.91354,145.63187,2022,7,July,5,Morning Peak,Weekday
T20220017208,2022-07-27,18:45:00,6,Vehicle overturned (no collision),3,Wednesday,174,OUT OF CONTROL ON CARRIAGEWAY (ON STRAIGHT),3,785431,Not at intersection,2,80,Freeway,WEST GATE,MELBOURNE,-37.82926,144.9208,2022,7,July,18,Afternoon Peak,Weekday
T20220016762,2022-07-27,08:53:00,1,Collision with vehicle,3,Wednesday,130,REAR END(VEHICLES IN SAME LANE),1,222171,Cross intersection,3,60,Arterial Highway,WESTERN,BALLARAT,-37.563736,143.93266,2022,7,July,8,Morning Peak,Weekday