ACCIDENT_NO,ACCIDENT_DATE,ACCIDENT_TIME,ACCIDENT_TYPE,ACCIDENT_TYPE_DESC,DAY_OF_WEEK,DAY_WEEK_DESC,DCA_CODE,DCA_DESC,LIGHT_CONDITION,NODE_ID,ROAD_GEOMETRY_DESC,SEVERITY,SPEED_ZONE,RMA,ROAD_NAME,LGA_NAME,LATITUDE,LONGITUDE,YEAR,MONTH,MONTH_NAME,HOUR,TIME_PERIOD,DAY_TYPE
T20220016766,2022-07-27,10:15:00,1,Collision with vehicle,3,Wednesday,169,OTHER ON PATH,1,719540,Not at intersection,3,50,Local Road,GRACE,BANYULE,-37.710297,145.08188,2022,7,July,10,Midday,Weekday
T20220016831,2022-07-27,20:35:00,4,Collision with a fixed object,3,Wednesday,173,RIGHT OFF CARRIAGEWAY INTO OBJECT/PARKED VEHICLE,3,785411,Cross intersection,2,80,Arterial Highway,BURWOOD,WHITEHORSE,-37.85274,145.1519,2022,7,July,20,Night,Weekday
T20220016772,2022-07-27,10:49:00,1,Collision with vehicle,3,Wednesday,139,OTHER SAME DIRECTION-MANOUEVRES NOT INCLUDED IN DCAs 130-137,1,264300,Not at intersection,2,80,Arterial Highway,NEPEAN,KINGSTON,-37.977184,145.06705,2022,7,July,10,Midday,Weekday
T20220016773,2022-07-27,10:02:00,1,Collision with vehicle,3,Wednesday,142,LEAVING PARKING,1,719541,Not at intersection,3,60,Arterial Other,ST GEORGES,YARRA,-37.7824,144.98462,2022,7,July,10,Midday,Weekday
T20220016775,2022-07-27,11:00:00,1,Collision with vehicle,3,Wednesday,130,REAR END(VEHICLES IN SAME LANE),1,719602,Not at intersection,3,60,Arterial Other,SYDNEY,HUME,-37.689186,144.95796,2022,7,July,11,Midday,Weekday
T20220016777,2022-07-27,06:50:00,1,Collision with vehicle,3,Wednesday,116,LEFT NEAR (INTERSECTIONS ONLY),1,719542,T intersection,2,60,Local Road,INDUSTRY,FRANKSTON,-38.092247,145.17108,2022,7,July,6,Morning Peak,Weekday
T20220016778,2022-07-27,10:41:00,4,Collision with a fixed object,3,Wednesday,171,LEFT OFF CARRIAGEWAY INTO OBJECT/PARKED VEHICLE,1,782255,Not at intersection,3,100,Arterial Other,KORUMBURRA-WONTHAGGI,BASS COAST,-38.580463,145.62936,2022,7,July,10,Midday,Weekday
T20220017172,2022-07-27,16:30:00,8,No collision and no object struck,3,Wednesday,184,OUT OF CONTROL ON CARRIAGEWAY (ON BEND),2,782530,Not at intersection,3,40,Local Road,MCGLASHANS,BENDIGO,-36.86542,144.12225,2022,7,July,16,Afternoon Peak,Weekday
T20220020887,2022-07-27,16:52:00,1,Collision with vehicle,3,Wednesday,132,RIGHT REAR.,9,725203,T intersection,3,50,Local Road,ALBERT,MELTON,-37.70896,144.56128,2022,7,July,16,Afternoon Peak,Weekday
T20220016833,2022-07-27,18:20:00,1,Collision with vehicle,3,Wednesday,147,VEHICLE STRIKES ANOTHER VEH WHILE EMERGING FROM DRIVEWAY,3,723401,Not at intersection,2,60,Local Road,GLENROY,MORELAND,-37.70606,144.92657,2022,7,July,18,Afternoon Peak,Weekday
T20220016835,2022-07-27,17:25:00,1,Collision with vehicle,3,Wednesday,130,REAR END(VEHICLES IN SAME LANE),2,724765,Not at intersection,3,80,Local Road,LEAKES,WYNDHAM,-37.838642,144.73758,2022,7,July,17,Afternoon Peak,Weekday
T20220016791,2022-07-27,11:30:00,2,Struck Pedestrian,3,Wednesday,100,PED NEAR SIDE. PED HIT BY VEHICLE FROM THE RIGHT.,1,29657,Cross intersection,2,50,Local Road,ATHERTON,MONASH,-37.899033,145.09233,2022,7,July,11,Midday,Weekday
T20220016792,2022-07-27,13:00:00,2,Struck Pedestrian,3,Wednesday,102,FAR SIDE. PED HIT BY VEHICLE FROM THE LEFT,1,49836,T intersection,3,60,Local Road,CHURCH,GEELONG,-38.12984,144.33194,2022,7,July,13,Midday,Weekday
T20220016793,2022-07-27,06:50:00,1,Collision with vehicle,3,Wednesday,135,LANE CHANGE LEFT (NOT OVERTAKING),2,719875,Not at intersection,3,60,Arterial Highway,WURUNDJERI,MELBOURNE,-37.81827,144.95084,2022,7,July,6,Morning Peak,Weekday
T20220023534,2022-07-27,17:59:00,1,Collision with vehicle,3,Wednesday,130,REAR END(VEHICLES IN SAME LANE),3,779055,Not at intersection,3,100,Freeway,MONASH,CASEY,-37.975346,145.23877,2022,7,July,17,Afternoon Peak,Weekday
T20220016797,2022-07-27,13:15:00,4,Collision with a fixed object,3,Wednesday,173,RIGHT OFF CARRIAGEWAY INTO OBJECT/PARKED VEHICLE,1,14301,Multiple intersection,2,60,Arterial Other,SPRING,DAREBIN,-37.715145,145.00763,2022,7,July,13,Midday,Weekday
T20220016798,2022-07-27,10:40:00,1,Collision with vehicle,3,Wednesday,130,REAR END(VEHICLES IN SAME LANE),1,41013,T intersection,2,70,Arterial Other,DORSET,KNOX,-37.836376,145.28714,2022,7,July,10,Midday,Weekday
T20220016800,2022-07-27,13:24:00,7,Fall from or in moving vehicle,3,Wednesday,190,FELL IN/FROM VEHICLE,1,722121,Not at intersection,3,50,Local Road,HARTINGTON,MORELAND,-37.703766,144.91754,2022,7,July,13,Midday,Weekday
T20220016802,2022-07-27,12:25:00,4,Collision with a fixed object,3,Wednesday,179,OTHER ACCIDENTS-OFF STRAIGHT NOT INCLUDED IN DCAs 170-175,1,782543,Not at intersection,3,50,Local Road,KNIGHT,KINGSTON,-37.929306,145.11472,2022,7,July,12,Midday,Weekday
T20220017374,2022-07-27,15:45:00,1,Collision with vehicle,3,Wednesday,130,REAR END(VEHICLES IN SAME LANE),1,778932,Cross intersection,3,40,Arterial Other,DRUMMOND,BALLARAT,-37.558582,143.84785,2022,7,July,15,Afternoon Peak,Weekday
T20220016806,2022-07-27,15:45:00,1,Collision with vehicle,3,Wednesday,113,RIGHT NEAR (INTERSECTIONS ONLY),1,59012,T intersection,3,50,Local Road,BIRCH,SHEPPARTON,-36.367207,145.41577,2022,7,July,15,Afternoon Peak,Weekday
T20220016809,2022-07-27,16:25:00,1,Collision with vehicle,3,Wednesday,110,CROSS TRAFFIC(INTERSECTIONS ONLY),2,67337,Cross intersection,3,50,Local Road,FRANCIS,EAST GIPPSLAND,-37.82453,147.62604,2022,7,July,16,Afternoon Peak,Weekday
T20220016810,2022-07-27,15:00:00,1,Collision with vehicle,3,Wednesday,110,CROSS TRAFFIC(INTERSECTIONS ONLY),1,43917,Cross intersection,3,80,Arterial Other,CLYDE-FIVE WAYS,CASEY,-38.1335,145.32426,2022,7,July,15,Afternoon Peak,Weekday
T20220016817,2022-07-27,18:05:00,1,Collision with vehicle,3,Wednesday,110,CROSS TRAFFIC(INTERSECTIONS ONLY),3,30166,Cross intersection,3,80,Arterial Other,DOYLES,SHEPPARTON,-36.398926,145.43182,2022,7,July,18,Afternoon Peak,Weekday
T20220017808,2022-07-27,12:30:00,4,Collision with a fixed object,3,Wednesday,181,OFF RIGHT BEND INTO OBJECT/PARKED VEHICLE,1,343758,Not at intersection,2,60,Arterial Other,BELGRAVE-HALLAM,YARRA RANGES,-37.92493,145.35887,2022,7,July,12,Midday,Weekday
T20220016827,2022-07-27,16:42:00,1,Collision with vehicle,3,Wednesday,113,RIGHT NEAR (INTERSECTIONS ONLY),1,37777,T intersection,3,60,Arterial Other,HIGH,WHITTLESEA,-37.667046,145.01631,2022,7,July,16,Afternoon Peak,Weekday
T20220017197,2022-07-28,14:35:00,1,Collision with vehicle,4,Thursday,137,LEFT TURN SIDESWIPE,9,45462,T intersection,3,60,Arterial Other,MT ALEXANDER,MOONEE VALLEY,-37.77358,144.92734,2022,7,July,14,Midday,Weekday
T20220017851,2022-07-28,13:55:00,1,Collision with vehicle,4,Thursday,140,U TURN,1,41973,Not at intersection,3,80,Arterial Highway,BURWOOD,KNOX,-37.891254,145.30136,2022,7,July,13,Midday,Weekday
T20220017415,2022-07-28,05:40:00,1,Collision with vehicle,4,Thursday,134,LANE CHANGE RIGHT (NOT OVERTAKING),3,720773,Not at intersection,3,80,Freeway,MONASH,MONASH,-37.93607,145.19308,2022,7,July,5,Morning Peak,Weekday
T20220017707,2022-07-28,08:50:00,1,Collision with vehicle,4,Thursday,110,CROSS TRAFFIC(INTERSECTIONS ONLY),1,44224,Cross intersection,3,60,Arterial Other,HIGH,WHITTLESEA,-37.648518,145.02585,2022,7,July,8,Morning Peak,Weekday
T20220017769,2022-07-28,07:15:00,8,No collision and no object struck,4,Thursday,151,OUT OF CONTROL (OVERTAKING),1,45129,Cross intersection,3,50,Local Road,BUTLER,MARIBYRNONG,-37.777554,144.85246,2022,7,July,7,Morning Peak,Weekday
T20220018261,2022-07-28,19:00:00,1,Collision with vehicle,4,Thursday,110,CROSS TRAFFIC(INTERSECTIONS ONLY),3,40452,Cross intersection,3,60,Arterial Other,CAMBERWELL,BOROONDARA,-37.836006,145.06216,2022,7,July,19,Night,Weekday
T20220018298,2022-07-28,15:45:00,1,Collision with vehicle,4,Thursday,121,RIGHT THROUGH,1,708795,T intersection,3,50,Arterial Other,WATTLETREE,STONNINGTON,-37.861633,145.02261,2022,7,July,15,Afternoon Peak,Weekday
T20220021950,2022-07-28,06:45:00,4,Collision with a fixed object,4,Thursday,173,RIGHT OFF CARRIAGEWAY INTO OBJECT/PARKED VEHICLE,2,782282,Not at intersection,3,40,Arterial Other,BRIDGE,YARRA,-37.817863,144.99281,2022,7,July,6,Morning Peak,Weekday
T20220022966,2022-07-28,06:05:00,1,Collision with vehicle,4,Thursday,110,CROSS TRAFFIC(INTERSECTIONS ONLY),3,728091,Cross intersection,3,50,Local Road,BALDWIN,BRIMBANK,-37.751118,144.8345,2022,7,July,6,Morning Peak,Weekday
T20220016842,2022-07-28,00:48:00,4,Collision with a fixed object,4,Thursday,173,RIGHT OFF CARRIAGEWAY INTO OBJECT/PARKED VEHICLE,3,41794,T intersection,3,80,Arterial Highway,SPRINGVALE,MONASH,-37.879135,145.16592,2022,7,July,0,Late Night,Weekday
T20220016848,2022-07-28,08:45:00,1,Collision with vehicle,4,Thursday,130,REAR END(VEHICLES IN SAME LANE),1,719812,T intersection,3,60,Local Road,TAYLORS,MELTON,-37.719505,144.71695,2022,7,July,8,Morning Peak,Weekday
T20220016849,2022-07-28,09:45:00,1,Collision with vehicle,4,Thursday,152,PULLING OUT (OVERTAKING),1,719544,Not at intersection,3,50,Arterial Other,NICHOLSON,MELBOURNE,-37.80715,144.97331,2022,7,July,9,Morning Peak,Weekday
T20220016854,2022-07-28,11:00:00,1,Collision with vehicle,4,Thursday,110,CROSS TRAFFIC(INTERSECTIONS ONLY),1,44609,Cross intersection,3,60,Arterial Other,MAIN,BALLARAT,-37.569946,143.87057,2022,7,July,11,Midday,Weekday
T20220016860,2022-07-28,11:34:00,1,Collision with vehicle,4,Thursday,110,CROSS TRAFFIC(INTERSECTIONS ONLY),1,38572,Cross intersection,2,70,Arterial Highway,PLENTY,WHITTLESEA,-37.697838,145.05884,2022,7,July,11,Midday,Weekday
T20220016883,2022-07-28,14:20:00,1,Collision with vehicle,4,Thursday,134,LANE CHANGE RIGHT (NOT OVERTAKING),1,738815,Not at intersection,2,80,Freeway,MONASH,MONASH,-37.891434,145.11943,2022,7,July,14,Midday,Weekday
T20220016885,2022-07-28,15:30:00,1,Collision with vehicle,4,Thursday,147,VEHICLE STRIKES ANOTHER VEH WHILE EMERGING FROM DRIVEWAY,1,719872,Not at intersection,3,40,Arterial Other,BRAESIDE-DANDENONG,DANDENONG,-38.016148,145.22751,2022,7,July,15,Afternoon Peak,Weekday
T20220016888,2022-07-28,15:45:00,1,Collision with vehicle,4,Thursday,110,CROSS TRAFFIC(INTERSECTIONS ONLY),1,45559,Cross intersection,3,50,Local Road,GORDON,MORELAND,-37.743256,144.94943,2022,7,July,15,Afternoon Peak,Weekday
T20220016892,2022-07-28,15:35:00,1,Collision with vehicle,4,Thursday,142,LEAVING PARKING,1,719547,Not at intersection,3,50,Local Road,GODFREY,GEELONG,-38.16482,144.37721,2022,7,July,15,Afternoon Peak,Weekday
T20220016894,2022-07-28,14:40:00,1,Collision with vehicle,4,Thursday,147,VEHICLE STRIKES ANOTHER VEH WHILE EMERGING FROM DRIVEWAY,1,719922,Not at intersection,2,40,Arterial Other,DALTON,WHITTLESEA,-37.653893,145.03134,2022,7,July,14,Midday,Weekday
T20220016903,2022-07-28,17:40:00,1,Collision with vehicle,4,Thursday,113,RIGHT NEAR (INTERSECTIONS ONLY),2,242202,T intersection,2,50,Local Road,FLEETWOOD,CASEY,-38.039257,145.31288,2022,7,July,17,Afternoon Peak,Weekday
T20220016907,2022-07-28,17:20:00,6,Vehicle overturned (no collision),4,Thursday,184,OUT OF CONTROL ON CARRIAGEWAY (ON BEND),2,785446,Not at intersection,2,100,Arterial Highway,SOUTH GIPPSLAND,SOUTH GIPPSLAND,-38.418373,145.78658,2022,7,July,17,Afternoon Peak,Weekday
T20220016909,2022-07-28,19:00:00,1,Collision with vehicle,4,Thursday,113,RIGHT NEAR (INTERSECTIONS ONLY),3,29502,Cross intersection,3,60,Arterial Highway,BANKSIA,BANYULE,-37.759384,145.06657,2022,7,July,19,Night,Weekday
T20220016918,2022-07-28,19:30:00,2,Struck Pedestrian,4,Thursday,100,PED NEAR SIDE. PED HIT BY VEHICLE FROM THE RIGHT.,3,725309,T intersection,2,60,Arterial Highway,POINT NEPEAN,MORNINGTON PENINSULA,-38.36696,144.86285,2022,7,July,19,Night,Weekday
T20220016922,2022-07-28,20:41:00,2,Struck Pedestrian,4,Thursday,103,PED PLAYING/LYING/WORKING/STANDING ON CARRIAGEWAY.,3,725727,Not at intersection,2,60,Arterial Highway,HIGH,ARARAT,-37.283722,142.94295,2022,7,July,20,Night,Weekday
T20220016923,2022-07-28,21:48:00,4,Collision with a fixed object,4,Thursday,173,RIGHT OFF CARRIAGEWAY INTO OBJECT/PARKED VEHICLE,3,743014,Not at intersection,2,60,Arterial Highway,ANZAC,MITCHELL,-37.029892,145.14517,2022,7,July,21,Night,Weekday
T20220016959,2022-07-28,23:00:00,4,Collision with a fixed object,4,Thursday,183,OFF LEFT BEND INTO OBJECT/PARKED VEHICLE,5,780272,Not at intersection,3,60,Arterial Other,BALLAN-DAYLESFORD,HEPBURN,-37.35989,144.13782,2022,7,July,23,Night,Weekday
T20220020978,2022-07-28,18:00:00,3,Struck animal,4,Thursday,167,STRUCK ANIMAL,9,725425,Not at intersection,3,60,Local Road,FOUNDS,GEELONG,-38.161995,144.6025,2022,7,July,18,Afternoon Peak,Weekday
T20220017088,2022-07-28,17:50:00,4,Collision with a fixed object,4,Thursday,171,LEFT OFF CARRIAGEWAY INTO OBJECT/PARKED VEHICLE,2,721668,Not at intersection,3,100,Local Road,TATYOON,ARARAT,-37.31318,142.9395,2022,7,July,17,Afternoon Peak,Weekday
T20220017094,2022-07-28,15:20:00,1,Collision with vehicle,4,Thursday,130,REAR END(VEHICLES IN SAME LANE),1,778938,Cross intersection,3,40,Local Road,PAKINGTON,GEELONG,-38.13213,144.34993,2022,7,July,15,Afternoon Peak,Weekday
T20220017146,2022-07-28,07:50:00,1,Collision with vehicle,4,Thursday,130,REAR END(VEHICLES IN SAME LANE),1,720193,Not at intersection,3,50,Arterial Other,NICHOLSON,MORELAND,-37.75509,144.97545,2022,7,July,7,Morning Peak,Weekday
T20220017152,2022-07-28,23:30:00,6,Vehicle overturned (no collision),4,Thursday,174,OUT OF CONTROL ON CARRIAGEWAY (ON STRAIGHT),3,785433,Not at intersection,2,50,Arterial Other,ESPLANADE,BAYSIDE,-37.91973,144.98807,2022,7,July,23,Night,Weekday
T20220016972,2022-07-29,15:42:00,1,Collision with vehicle,5,Friday,116,LEFT NEAR (INTERSECTIONS ONLY),1,782313,T intersection,3,80,Arterial Highway,DANDENONG,MONASH,-37.89111,145.08325,2022,7,July,15,Afternoon Peak,Weekday
T20220020838,2022-07-29,15:30:00,1,Collision with vehicle,5,Friday,130,REAR END(VEHICLES IN SAME LANE),1,725200,Not at intersection,3,60,Arterial Other,HEATHERTON,DANDENONG,-37.965816,145.18001,2022,7,July,15,Afternoon Peak,Weekday
T20220017047,2022-07-29,22:05:00,2,Struck Pedestrian,5,Friday,102,FAR SIDE. PED HIT BY VEHICLE FROM THE LEFT,3,782316,Not at intersection,3,60,Arterial Other,GEELONG,BALLARAT,-37.590244,143.8669,2022,7,July,22,Night,Weekday
T20220018067,2022-07-29,06:30:00,1,Collision with vehicle,5,Friday,130,REAR END(VEHICLES IN SAME LANE),2,774844,Not at intersection,3,80,Freeway,WEST GATE,MARIBYRNONG,-37.824238,144.86472,2022,7,July,6,Morning Peak,Weekday
T20220017014,2022-07-29,07:00:00,4,Collision with a fixed object,5,Friday,171,LEFT OFF CARRIAGEWAY INTO OBJECT/PARKED VEHICLE,1,65831,Cross intersection,3,40,Arterial Other,KING,MELBOURNE,-37.812466,144.95392,2022,7,July,7,Morning Peak,Weekday
T20220018615,2022-07-29,10:39:00,1,Collision with vehicle,5,Friday,130,REAR END(VEHICLES IN SAME LANE),1,749635,Not at intersection,3,40,Arterial Other,SYDNEY,MORELAND,-37.76578,144.96234,2022,7,July,10,Midday,Weekday
T20220016940,2022-07-29,08:35:00,1,Collision with vehicle,5,Friday,140,U TURN,1,6,Cross intersection,3,50,Local Road,LYGON,YARRA,-37.784336,144.96974,2022,7,July,8,Morning Peak,Weekday
T20220016943,2022-07-29,09:00:00,1,Collision with vehicle,5,Friday,140,U TURN,1,774830,Not at intersection,3,60,Arterial Other,HULL,YARRA RANGES,-37.775608,145.32988,2022,7,July,9,Morning Peak,Weekday
T20220016952,2022-07-29,11:30:00,8,No collision and no object struck,5,Friday,174,OUT OF CONTROL ON CARRIAGEWAY (ON STRAIGHT),1,782314,Not at intersection,3,50,Local Road,WILSON,BAYSIDE,-37.91322,145.0018,2022,7,July,11,Midday,Weekday
T20220016953,2022-07-29,08:40:00,1,Collision with vehicle,5,Friday,130,REAR END(VEHICLES IN SAME LANE),1,778960,Not at intersection,3,60,Arterial Other,SHAKESPEARE,LATROBE,-38.200584,146.53436,2022,7,July,8,Morning Peak,Weekday
T20220016954,2022-07-29,08:14:00,1,Collision with vehicle,5,Friday,130,REAR END(VEHICLES IN SAME LANE),1,774831,Not at intersection,3,80,Freeway,PRINCES,HOBSONS BAY,-37.83947,144.7965,2022,7,July,8,Morning Peak,Weekday
T20220016956,2022-07-29,12:22:00,1,Collision with vehicle,5,Friday,120,HEAD ON (NOT OVERTAKING),1,721359,Not at intersection,2,50,Arterial Other,5500F 5106B,HUME,-37.604702,144.94429,2022,7,July,12,Midday,Weekday
T20220016958,2022-07-29,12:55:00,1,Collision with vehicle,5,Friday,111,RIGHT FAR (INTERSECTIONS ONLY),1,36244,T intersection,3,70,Local Road,CURRAWONG,FRANKSTON,-38.10072,145.18265,2022,7,July,12,Midday,Weekday
T20220018511,2022-07-29,08:45:00,1,Collision with vehicle,5,Friday,133,LANE SIDE SWIPE (VEHICLES IN PARALLEL LANES),1,36057,Cross intersection,3,60,Arterial Other,DOHERTYS,WYNDHAM,-37.824944,144.74886,2022,7,July,8,Morning Peak,Weekday
T20220018551,2022-07-29,16:00:00,1,Collision with vehicle,5,Friday,130,REAR END(VEHICLES IN SAME LANE),1,722432,Not at intersection,2,50,Local Road,PENTECOST,MORNINGTON PENINSULA,-38.227646,145.04933,2022,7,July,16,Afternoon Peak,Weekday
T20230015500,2022-07-29,10:15:00,1,Collision with vehicle,5,Friday,134,LANE CHANGE RIGHT (NOT OVERTAKING),1,776804,Not at intersection,3,60,Arterial Other,BOLDREWOOD,DAREBIN,-37.721264,145.02142,2022,7,July,10,Midday,Weekday
T20220016965,2022-07-29,12:18:00,4,Collision with a fixed object,5,Friday,171,LEFT OFF CARRIAGEWAY INTO OBJECT/PARKED VEHICLE,1,726261,Not at intersection,3,60,Local Road,BARBERS,YARRA RANGES,-37.828083,145.37791,2022,7,July,12,Midday,Weekday
T20220021790,2022-07-29,09:09:00,2,Struck Pedestrian,5,Friday,100,PED NEAR SIDE. PED HIT BY VEHICLE FROM THE RIGHT.,1,221612,T intersection,3,50,Arterial Other,SYDNEY,HUME,-37.671623,144.95538,2022,7,July,9,Morning Peak,Weekday
T20220019229,2022-07-29,07:19:00,1,Collision with vehicle,5,Friday,135,LANE CHANGE LEFT (NOT OVERTAKING),1,778987,Not at intersection,3,80,Freeway,HUME,HUME,-37.562572,144.94165,2022,7,July,7,Morning Peak,Weekday
T20220016974,2022-07-29,13:50:00,2,Struck Pedestrian,5,Friday,100,PED NEAR SIDE. PED HIT BY VEHICLE FROM THE RIGHT.,1,736835,Not at intersection,2,50,Local Road,MAGID,CASEY,-38.015156,145.30397,2022,7,July,13,Midday,Weekday
T20220016975,2022-07-29,15:45:00,1,Collision with vehicle,5,Friday,134,LANE CHANGE RIGHT (NOT OVERTAKING),1,719815,Not at intersection,3,40,Local Road,HIGH,GEELONG,-38.170254,144.34782,2022,7,July,15,Afternoon Peak,Weekday
T20220016981,2022-07-29,16:55:00,4,Collision with a fixed object,5,Friday,173,RIGHT OFF CARRIAGEWAY INTO OBJECT/PARKED VEHICLE,1,732623,Not at intersection,2,100,Arterial Other,BROWN COALMINE,LATROBE,-38.152927,146.4367,2022,7,July,16,Afternoon Peak,Weekday
T20220016985,2022-07-29,17:05:00,1,Collision with vehicle,5,Friday,137,LEFT TURN SIDESWIPE,1,37229,T intersection,3,40,Arterial Other,BRIDGE,YARRA,-37.818794,145.00145,2022,7,July,17,Afternoon Peak,Weekday
T20220016986,2022-07-29,18:30:00,2,Struck Pedestrian,5,Friday,102,FAR SIDE. PED HIT BY VEHICLE FROM THE LEFT,6,67887,T intersection,2,40,Local Road,CAPITAL,MONASH,-37.867447,145.17673,2022,7,July,18,Afternoon Peak,Weekday
T20220020088,2022-07-29,14:28:00,1,Collision with vehicle,5,Friday,131,LEFT REAR,1,725004,Cross intersection,2,60,Local Road,MCCRAE,DANDENONG,-37.988632,145.21806,2022,7,July,14,Midday,Weekday
T20220016993,2022-07-29,18:00:00,1,Collision with vehicle,5,Friday,199,UNKNOWN-NO DETAILS ON MANOEUVRES OF ROAD-USERS IN ACCIDENT,3,731089,Not at intersection,2,100,Freeway,EASTERN,WHITEHORSE,-37.79726,145.13045,2022,7,July,18,Afternoon Peak,Weekday
T20220016997,2022-07-29,20:13:00,3,Struck animal,5,Friday,167,STRUCK ANIMAL,5,724675,Not at intersection,2,80,Arterial Other,CORANGAMITE LAKE,COLAC OTWAY,-38.303886,143.52748,2022,7,July,20,Night,Weekday
T20220016998,2022-07-29,21:00:00,6,Vehicle overturned (no collision),5,Friday,174,OUT OF CONTROL ON CARRIAGEWAY (ON STRAIGHT),3,310654,T intersection,3,80,Arterial Highway,MAROONDAH,YARRA RANGES,-37.76547,145.30391,2022,7,July,21,Night,Weekday
T20220017000,2022-07-29,20:40:00,1,Collision with vehicle,5,Friday,160,VEHICLE COLLIDES WITH VEHICLE PARKED ON LEFT OF ROAD,3,720080,Not at intersection,3,50,Local Road,GLENMAGGIE,CASEY,-38.06041,145.33533,2022,7,July,20,Night,Weekday
T20220017160,2022-07-29,20:15:00,3,Struck animal,5,Friday,167,STRUCK ANIMAL,5,779721,Not at intersection,3,100,Local Road,GORAE,GLENELG,-38.25425,141.56804,2022,7,July,20,Night,Weekday
T20220017336,2022-07-29,13:10:00,1,Collision with vehicle,5,Friday,121,RIGHT THROUGH,1,725005,Multiple intersection,3,60,Arterial Other,ROBINSONS,MELTON,-37.796387,144.75249,2022,7,July,13,Midday,Weekday
T20220017003,2022-07-29,22:06:00,1,Collision with vehicle,5,Friday,133,LANE SIDE SWIPE (VEHICLES IN PARALLEL LANES),3,782319,Not at intersection,3,80,Freeway,WESTERN RING,MORELAND,-37.692123,144.95557,2022,7,July,22,Night,Weekday
T20220017089,2022-07-29,19:10:00,1,Collision with vehicle,5,Friday,130,REAR END(VEHICLES IN SAME LANE),3,720646,Not at intersection,3,60,Arterial Other,SOMERTON,HUME,-37.64038,144.92659,2022,7,July,19,Night,Weekday
T20220028671,2022-07-30,12:10:00,1,Collision with vehicle,6,Saturday,130,REAR END(VEHICLES IN SAME LANE),1,781815,T intersection,3,50,Local Road,HANSWORTH,MONASH,-37.936966,145.1875,2022,7,July,12,Midday,Weekend
T20220017724,2022-07-30,14:00:00,9,Other accident,6,Saturday,179,OTHER ACCIDENTS-OFF STRAIGHT NOT INCLUDED IN DCAs 170-175,1,725002,Not at intersection,3,50,Local Road,POSSUM TAIL,HUME,-37.555134,144.71005,2022,7,July,14,Midday,Weekend
T20220017399,2022-07-30,13:20:00,1,Collision with vehicle,6,Saturday,121,RIGHT THROUGH,1,723352,Not at intersection,3,60,Arterial Other,SCORESBY,KNOX,-37.840847,145.2708,2022,7,July,13,Midday,Weekend
T20230008641,2022-07-30,12:00:00,8,No collision and no object struck,6,Saturday,182,OFF CARRIAGEWAY ON LEFT BEND,1,770702,Not at intersection,3,70,Arterial Other,HEIDELBERG-KINGLAKE,NILLUMBIK,-37.622738,145.21834,2022,7,July,12,Midday,Weekend
T20220019525,2022-07-30,12:25:00,1,Collision with vehicle,6,Saturday,135,LANE CHANGE LEFT (NOT OVERTAKING),1,774800,Not at intersection,3,60,Arterial Other,HIGH,WHITTLESEA,-37.6883,145.01248,2022,7,July,12,Midday,Weekend
T20220017070,2022-07-30,23:00:00,1,Collision with vehicle,6,Saturday,121,RIGHT THROUGH,3,719819,Cross intersection,3,50,Local Road,RESERVOIR,HUME,-37.64379,144.92899,2022,7,July,23,Night,Weekend
T20220018376,2022-07-30,14:02:00,1,Collision with vehicle,6,Saturday,130,REAR END(VEHICLES IN SAME LANE),1,123341,Not at intersection,3,70,Arterial Highway,HODDLE,YARRA,-37.800068,144.99295,2022,7,July,14,Midday,Weekend
T20220017006,2022-07-30,00:20:00,1,Collision with vehicle,6,Saturday,110,CROSS TRAFFIC(INTERSECTIONS ONLY),3,228078,Cross intersection,3,60,Arterial Highway,ALBERT,BALLARAT,-37.59276,143.84094,2022,7,July,0,Late Night,Weekend
T20220017008,2022-07-30,01:00:00,4,Collision with a fixed object,6,Saturday,183,OFF LEFT BEND INTO OBJECT/PARKED VEHICLE,5,719821,Not at intersection,1,100,Arterial Other,COBDEN-TERANG,CORANGAMITE,-38.280117,142.98256,2022,7,July,1,Late Night,Weekend
T20220017016,2022-07-30,10:55:00,1,Collision with vehicle,6,Saturday,121,RIGHT THROUGH,1,54438,Cross intersection,3,60,Arterial Highway,RAGLAN,WARRNAMBOOL,-38.381874,142.488,2022,7,July,10,Midday,Weekend
T20220017019,2022-07-30,11:20:00,4,Collision with a fixed object,6,Saturday,171,LEFT OFF CARRIAGEWAY INTO OBJECT/PARKED VEHICLE,1,733801,Not at intersection,2,80,Arterial Highway,WARBURTON,YARRA RANGES,-37.76565,145.40266,2022,7,July,11,Midday,Weekend
T20220017020,2022-07-30,08:04:00,1,Collision with vehicle,6,Saturday,116,LEFT NEAR (INTERSECTIONS ONLY),1,725003,T intersection,3,80,Local Road,IRYMPLE,MILDURA,-34.24703,142.1638,2022,7,July,8,Morning Peak,Weekend
T20220017021,2022-07-30,06:48:00,1,Collision with vehicle,6,Saturday,134,LANE CHANGE RIGHT (NOT OVERTAKING),1,720438,Not at intersection,3,100,Freeway,HUME,WHITTLESEA,-37.67641,144.98456,2022,7,July,6,Morning Peak,Weekend
T20220017025,2022-07-30,11:00:00,4,Collision with a fixed object,6,Saturday,181,OFF RIGHT BEND INTO OBJECT/PARKED VEHICLE,1,720932,Not at intersection,3,60,Local Road,COULSON,YARRA RANGES,-37.866463,145.43259,2022,7,July,11,Midday,Weekend
T20220017026,2022-07-30,12:30:00,1,Collision with vehicle,6,Saturday,163,VEHICLE STRIKES DOOR OF PARKED/STATIONARY VEHICLE,1,793139,Not at intersection,3,60,Arterial Other,VICTORIA,MELBOURNE,-37.807037,144.96646,2022,7,July,12,Midday,Weekend