ACCIDENT_NO,ACCIDENT_DATE,ACCIDENT_TIME,ACCIDENT_TYPE,ACCIDENT_TYPE_DESC,DAY_OF_WEEK,DAY_WEEK_DESC,DCA_CODE,DCA_DESC,LIGHT_CONDITION,NODE_ID,ROAD_GEOMETRY_DESC,SEVERITY,SPEED_ZONE,RMA,ROAD_NAME,LGA_NAME,LATITUDE,LONGITUDE,YEAR,MONTH,MONTH_NAME,HOUR,TIME_PERIOD,DAY_TYPE
T20220017028,2022-07-30,13:30:00,1,Collision with vehicle,6,Saturday,130,REAR END(VEHICLES IN SAME LANE),1,720192,Not at intersection,3,80,Freeway,TULLAMARINE,MOONEE VALLEY,-37.728184,144.89081,2022,7,July,13,Midday,Weekend
T20220017029,2022-07-30,13:07:00,1,Collision with vehicle,6,Saturday,169,OTHER ON PATH,1,721667,Not at intersection,3,50,Local Road,WELLINGTON,BAYSIDE,-37.915813,144.98965,2022,7,July,13,Midday,Weekend
T20220017030,2022-07-30,12:29:00,1,Collision with vehicle,6,Saturday,130,REAR END(VEHICLES IN SAME LANE),1,724999,Not at intersection,2,70,Arterial Other,MORNINGTON-TYABB,MORNINGTON PENINSULA,-38.237473,145.06096,2022,7,July,12,Midday,Weekend
T20220017031,2022-07-30,12:45:00,1,Collision with vehicle,6,Saturday,120,HEAD ON (NOT OVERTAKING),1,754382,Not at intersection,3,60,Local Road,LATROBE,MORNINGTON PENINSULA,-38.344997,144.94336,2022,7,July,12,Midday,Weekend
T20220017039,2022-07-30,14:20:00,1,Collision with vehicle,6,Saturday,110,CROSS TRAFFIC(INTERSECTIONS ONLY),1,59323,Cross intersection,2,60,Arterial Highway,MAGINNESS STREET -NUNN,BENALLA,-36.54522,145.98106,2022,7,July,14,Midday,Weekend
T20220017041,2022-07-30,16:52:00,1,Collision with vehicle,6,Saturday,130,REAR END(VEHICLES IN SAME LANE),2,722021,Not at intersection,2,70,Arterial Other,YAN YEAN,NILLUMBIK,-37.64171,145.13176,2022,7,July,16,Afternoon Peak,Weekend
T20230011107,2022-07-30,12:15:00,1,Collision with vehicle,6,Saturday,160,VEHICLE COLLIDES WITH VEHICLE PARKED ON LEFT OF ROAD,9,773932,Not at intersection,3,50,Local Road,CENTENARY,WHITTLESEA,-37.6584,145.06915,2022,7,July,12,Midday,Weekend
T20220017051,2022-07-30,18:25:00,2,Struck Pedestrian,6,Saturday,102,FAR SIDE. PED HIT BY VEHICLE FROM THE LEFT,3,83,Cross intersection,3,60,Arterial Other,ELIZABETH,MELBOURNE,-37.80404,144.95847,2022,7,July,18,Afternoon Peak,Weekend
T20220017052,2022-07-30,17:30:00,4,Collision with a fixed object,6,Saturday,173,RIGHT OFF CARRIAGEWAY INTO OBJECT/PARKED VEHICLE,2,47700,T intersection,2,80,Arterial Other,CRANBOURNE,CASEY,-38.054924,145.30127,2022,7,July,17,Afternoon Peak,Weekend
T20220017054,2022-07-30,19:02:00,1,Collision with vehicle,6,Saturday,121,RIGHT THROUGH,1,228,Cross intersection,3,60,Arterial Highway,POWER,MELBOURNE,-37.824577,144.96375,2022,7,July,19,Night,Weekend
T20220017058,2022-07-30,20:10:00,4,Collision with a fixed object,6,Saturday,173,RIGHT OFF CARRIAGEWAY INTO OBJECT/PARKED VEHICLE,3,720439,Not at intersection,3,50,Local Road,PICKETT,DANDENONG,-37.98374,145.20796,2022,7,July,20,Night,Weekend
T20220017061,2022-07-30,16:14:00,1,Collision with vehicle,6,Saturday,134,LANE CHANGE RIGHT (NOT OVERTAKING),1,778989,Cross intersection,3,40,Arterial Other,GLENFERRIE,STONNINGTON,-37.856686,145.02928,2022,7,July,16,Afternoon Peak,Weekend
T20220017062,2022-07-30,19:28:00,1,Collision with vehicle,6,Saturday,134,LANE CHANGE RIGHT (NOT OVERTAKING),3,720933,Not at intersection,2,60,Arterial Highway,QUEENS,PORT PHILLIP,-37.844673,144.97623,2022,7,July,19,Night,Weekend
T20220017064,2022-07-30,22:20:00,1,Collision with vehicle,6,Saturday,113,RIGHT NEAR (INTERSECTIONS ONLY),3,359007,Cross intersection,3,60,Freeway,KOROROIT CREEK,HOBSONS BAY,-37.844734,144.78877,2022,7,July,22,Night,Weekend
T20220017065,2022-07-30,21:30:00,2,Struck Pedestrian,6,Saturday,105,PED WALKING AGAINST TRAFFIC.,3,37135,T intersection,3,40,Arterial Other,SWAN,YARRA,-37.825176,144.9934,2022,7,July,21,Night,Weekend
T20220017068,2022-07-30,02:56:00,4,Collision with a fixed object,6,Saturday,171,LEFT OFF CARRIAGEWAY INTO OBJECT/PARKED VEHICLE,3,723553,Not at intersection,2,60,Arterial Other,MITCHAM,WHITEHORSE,-37.83562,145.1953,2022,7,July,2,Late Night,Weekend
T20220017071,2022-07-30,22:11:00,2,Struck Pedestrian,6,Saturday,102,FAR SIDE. PED HIT BY VEHICLE FROM THE LEFT,3,725291,Not at intersection,2,60,Arterial Other,DUDLEY,MELBOURNE,-37.81118,144.94724,2022,7,July,22,Night,Weekend
T20220017073,2022-07-30,01:00:00,1,Collision with vehicle,6,Saturday,121,RIGHT THROUGH,3,57206,Cross intersection,3,80,Local Road,LEAKES,WYNDHAM,-37.83501,144.69551,2022,7,July,1,Late Night,Weekend
T20220017084,2022-07-30,14:30:00,8,No collision and no object struck,6,Saturday,179,OTHER ACCIDENTS-OFF STRAIGHT NOT INCLUDED IN DCAs 170-175,1,724104,Not at intersection,3,50,Local Road,PEMBROKE,GEELONG,-38.069885,144.3513,2022,7,July,14,Midday,Weekend
T20220017800,2022-07-30,12:30:00,1,Collision with vehicle,6,Saturday,110,CROSS TRAFFIC(INTERSECTIONS ONLY),1,19391,Cross intersection,3,60,Arterial Highway,MIDLAND,CAMPASPE,-36.44815,144.98206,2022,7,July,12,Midday,Weekend
T20220017090,2022-07-30,15:15:00,1,Collision with vehicle,6,Saturday,121,RIGHT THROUGH,1,779618,T intersection,3,70,Arterial Other,BAYSWATER,MAROONDAH,-37.81887,145.26909,2022,7,July,15,Afternoon Peak,Weekend
T20220017219,2022-07-30,21:13:00,1,Collision with vehicle,6,Saturday,169,OTHER ON PATH,3,722257,Not at intersection,2,60,Arterial Highway,NEILL,PYRENEES,-37.42919,143.3773,2022,7,July,21,Night,Weekend
T20220017196,2022-07-30,15:00:00,1,Collision with vehicle,6,Saturday,113,RIGHT NEAR (INTERSECTIONS ONLY),1,29522,T intersection,3,50,Arterial Other,GORDON,MARIBYRNONG,-37.792007,144.88936,2022,7,July,15,Afternoon Peak,Weekend
T20220017900,2022-07-30,19:43:00,1,Collision with vehicle,6,Saturday,121,RIGHT THROUGH,3,36335,Cross intersection,3,60,Arterial Other,CEMETERY,MELBOURNE,-37.79226,144.96838,2022,7,July,19,Night,Weekend
T20220023692,2022-07-30,18:30:00,1,Collision with vehicle,6,Saturday,130,REAR END(VEHICLES IN SAME LANE),3,36670,T intersection,3,40,Arterial Other,JOHNSTON,YARRA,-37.799717,144.99171,2022,7,July,18,Afternoon Peak,Weekend
T20220017324,2022-07-30,23:55:00,1,Collision with vehicle,6,Saturday,121,RIGHT THROUGH,6,35451,Cross intersection,3,60,Arterial Other,RYANS,NILLUMBIK,-37.68677,145.14294,2022,7,July,23,Night,Weekend
T20220020083,2022-07-30,10:23:00,1,Collision with vehicle,6,Saturday,140,U TURN,1,724029,Not at intersection,3,60,Arterial Other,GLENFERRIE,BOROONDARA,-37.83539,145.03304,2022,7,July,10,Midday,Weekend
T20220021721,2022-07-30,10:00:00,8,No collision and no object struck,6,Saturday,149,OTHER MANOEUVRING NOT INCLUDED IN DCAs 140-148,1,726414,T intersection,3,100,Local Road,WARDLE,NORTHERN GRAMPIANS,-36.550095,143.29765,2022,7,July,10,Midday,Weekend
T20220017721,2022-07-30,01:30:00,6,Vehicle overturned (no collision),6,Saturday,151,OUT OF CONTROL (OVERTAKING),3,720778,T intersection,3,80,Arterial Other,BERWICK-CRANBOURNE,CASEY,-38.093945,145.33212,2022,7,July,1,Late Night,Weekend
T20220017158,2022-07-31,11:00:00,6,Vehicle overturned (no collision),7,Sunday,174,OUT OF CONTROL ON CARRIAGEWAY (ON STRAIGHT),1,720082,Not at intersection,2,100,Local Road,COACH,LATROBE,-38.186024,146.32443,2022,7,July,11,Midday,Weekend
T20220017277,2022-07-31,12:00:00,3,Struck animal,7,Sunday,167,STRUCK ANIMAL,1,720088,Not at intersection,3,100,Freeway,METROPOLITAN RING,WHITTLESEA,-37.688663,144.99174,2022,7,July,12,Midday,Weekend
T20220017112,2022-07-31,19:10:00,4,Collision with a fixed object,7,Sunday,171,LEFT OFF CARRIAGEWAY INTO OBJECT/PARKED VEHICLE,5,720645,Not at intersection,3,80,Arterial Highway,MAROONDAH,YARRA RANGES,-37.624413,145.59846,2022,7,July,19,Night,Weekend
T20220017113,2022-07-31,20:40:00,4,Collision with a fixed object,7,Sunday,171,LEFT OFF CARRIAGEWAY INTO OBJECT/PARKED VEHICLE,5,727382,Not at intersection,3,100,Local Road,BOUNDARY,MACEDON RANGES,-37.313847,144.68852,2022,7,July,20,Night,Weekend
T20220017115,2022-07-31,19:11:00,1,Collision with vehicle,7,Sunday,139,OTHER SAME DIRECTION-MANOUEVRES NOT INCLUDED IN DCAs 130-137,3,720322,Not at intersection,2,80,Arterial Other,WELLINGTON,KNOX,-37.927895,145.25684,2022,7,July,19,Night,Weekend
T20220017116,2022-07-31,18:45:00,2,Struck Pedestrian,7,Sunday,100,PED NEAR SIDE. PED HIT BY VEHICLE FROM THE RIGHT.,3,724105,T intersection,2,60,Arterial Highway,ST KILDA,PORT PHILLIP,-37.85766,144.98352,2022,7,July,18,Afternoon Peak,Weekend
T20220017117,2022-07-31,21:30:00,1,Collision with vehicle,7,Sunday,147,VEHICLE STRIKES ANOTHER VEH WHILE EMERGING FROM DRIVEWAY,3,720081,Not at intersection,2,60,Arterial Other,MT DANDENONG,YARRA RANGES,-37.80755,145.32634,2022,7,July,21,Night,Weekend
T20220018957,2022-07-31,06:50:00,4,Collision with a fixed object,7,Sunday,171,LEFT OFF CARRIAGEWAY INTO OBJECT/PARKED VEHICLE,2,723972,Not at intersection,2,60,Local Road,BLUESTONE BRIDGE,GEELONG,-38.08063,144.32677,2022,7,July,6,Morning Peak,Weekend
T20220017078,2022-07-31,03:40:00,2,Struck Pedestrian,7,Sunday,103,PED PLAYING/LYING/WORKING/STANDING ON CARRIAGEWAY.,3,719923,Not at intersection,3,40,Local Road,BOURKE,MELBOURNE,-37.813,144.96745,2022,7,July,3,Late Night,Weekend
T20220017121,2022-07-31,21:49:00,6,Vehicle overturned (no collision),7,Sunday,189,OTHER ACCIDENTS ON CURVE NOT INCLUDED IN DCAs 180-184,6,782341,Not at intersection,3,60,Arterial Other,BENETOOK,MILDURA,-34.196342,142.17886,2022,7,July,21,Night,Weekend
T20220017093,2022-07-31,13:34:00,2,Struck Pedestrian,7,Sunday,101,PED EMERGES FROM IN FRONT OF PARKED OR STATIONARY VEHICLE,1,721579,Not at intersection,3,40,Arterial Other,BELMORE,MOIRA,-36.015514,146.0046,2022,7,July,13,Midday,Weekend
T20220017137,2022-07-31,11:45:00,8,No collision and no object struck,7,Sunday,172,OFF CARRIAGEWAY TO RIGHT,1,724991,T intersection,3,80,Local Road,PRINGLES,GEELONG,-37.973602,144.2536,2022,7,July,11,Midday,Weekend
T20220017096,2022-07-31,13:15:00,1,Collision with vehicle,7,Sunday,110,CROSS TRAFFIC(INTERSECTIONS ONLY),1,57052,Cross intersection,3,50,Local Road,FRENCH,WHITTLESEA,-37.66918,145.02095,2022,7,July,13,Midday,Weekend
T20220017178,2022-07-31,20:40:00,1,Collision with vehicle,7,Sunday,121,RIGHT THROUGH,3,45835,Cross intersection,2,60,Arterial Other,VICTORIA,MELBOURNE,-37.807133,144.96735,2022,7,July,20,Night,Weekend
T20220017098,2022-07-31,09:25:00,1,Collision with vehicle,7,Sunday,130,REAR END(VEHICLES IN SAME LANE),1,36837,T intersection,2,40,Arterial Other,SPENCER,MELBOURNE,-37.81808,144.95369,2022,7,July,9,Morning Peak,Weekend
T20220017217,2022-07-31,01:08:00,8,No collision and no object struck,7,Sunday,179,OTHER ACCIDENTS-OFF STRAIGHT NOT INCLUDED IN DCAs 170-175,3,720332,Not at intersection,3,60,Arterial Other,TOORAK,STONNINGTON,-37.844124,145.03413,2022,7,July,1,Late Night,Weekend
T20220017466,2022-07-31,21:50:00,8,No collision and no object struck,7,Sunday,184,OUT OF CONTROL ON CARRIAGEWAY (ON BEND),5,773157,Not at intersection,3,100,Local Road,MCDONALDS,SOUTH GIPPSLAND,-38.295937,145.62866,2022,7,July,21,Night,Weekend
T20220017101,2022-07-31,14:15:00,1,Collision with vehicle,7,Sunday,130,REAR END(VEHICLES IN SAME LANE),1,348734,Not at intersection,3,80,Freeway,STUD,DANDENONG,-37.96007,145.22536,2022,7,July,14,Midday,Weekend
T20220017586,2022-07-31,10:30:00,1,Collision with vehicle,7,Sunday,137,LEFT TURN SIDESWIPE,1,40302,T intersection,3,40,Arterial Other,GLENFERRIE,STONNINGTON,-37.858936,145.02892,2022,7,July,10,Midday,Weekend
T20220017102,2022-07-31,15:45:00,1,Collision with vehicle,7,Sunday,160,VEHICLE COLLIDES WITH VEHICLE PARKED ON LEFT OF ROAD,1,722333,Not at intersection,2,60,Local Road,GHAZEEPORE,GEELONG,-38.208195,144.3025,2022,7,July,15,Afternoon Peak,Weekend
T20220017079,2022-07-31,04:34:00,4,Collision with a fixed object,7,Sunday,173,RIGHT OFF CARRIAGEWAY INTO OBJECT/PARKED VEHICLE,5,724219,Not at intersection,3,100,Freeway,METROPOLITAN RING,WHITTLESEA,-37.686375,145.05331,2022,7,July,4,Late Night,Weekend
T20220017107,2022-07-31,18:15:00,4,Collision with a fixed object,7,Sunday,171,LEFT OFF CARRIAGEWAY INTO OBJECT/PARKED VEHICLE,5,719992,Not at intersection,3,100,Local Road,BRAYS,GOLDEN PLAINS,-37.647594,143.77939,2022,7,July,18,Afternoon Peak,Weekend
T20220017085,2022-07-31,10:24:00,4,Collision with a fixed object,7,Sunday,183,OFF LEFT BEND INTO OBJECT/PARKED VEHICLE,1,724992,Not at intersection,3,50,Local Road,RATHMULLEN,MANNINGHAM,-37.782955,145.11916,2022,7,July,10,Midday,Weekend
T20220017111,2022-07-31,19:37:00,1,Collision with vehicle,7,Sunday,121,RIGHT THROUGH,3,221383,Cross intersection,2,80,Arterial Other,HUME HIGHWAY -SYDNEY,HUME,-37.643353,144.95146,2022,7,July,19,Night,Weekend
T20220017203,2022-08-01,18:13:00,1,Collision with vehicle,1,Monday,130,REAR END(VEHICLES IN SAME LANE),5,774833,Not at intersection,3,60,Arterial Highway,WESTERN,PYRENEES,-37.42844,143.36522,2022,8,August,18,Afternoon Peak,Weekday
T20220017194,2022-08-01,17:23:00,4,Collision with a fixed object,1,Monday,171,LEFT OFF CARRIAGEWAY INTO OBJECT/PARKED VEHICLE,1,785517,Not at intersection,2,100,Arterial Other,GRAHAM,CAMPASPE,-36.298836,144.93555,2022,8,August,17,Afternoon Peak,Weekday
T20220017185,2022-08-01,16:58:00,2,Struck Pedestrian,1,Monday,101,PED EMERGES FROM IN FRONT OF PARKED OR STATIONARY VEHICLE,1,720442,Not at intersection,3,40,Arterial Other,HIGH,STONNINGTON,-37.85376,145.00735,2022,8,August,16,Afternoon Peak,Weekday
T20220017163,2022-08-01,07:30:00,1,Collision with vehicle,1,Monday,130,REAR END(VEHICLES IN SAME LANE),1,779068,Not at intersection,3,100,Freeway,WESTERN,BRIMBANK,-37.79806,144.76787,2022,8,August,7,Morning Peak,Weekday
T20220017189,2022-08-01,16:20:00,1,Collision with vehicle,1,Monday,130,REAR END(VEHICLES IN SAME LANE),1,721360,Not at intersection,2,70,Arterial Highway,SURFCOAST,GEELONG,-38.216473,144.33853,2022,8,August,16,Afternoon Peak,Weekday
T20220017441,2022-08-01,11:30:00,1,Collision with vehicle,1,Monday,110,CROSS TRAFFIC(INTERSECTIONS ONLY),1,38868,Cross intersection,3,60,Arterial Other,BARKERS,BOROONDARA,-37.812737,145.02026,2022,8,August,11,Midday,Weekday
T20220017169,2022-08-01,11:20:00,4,Collision with a fixed object,1,Monday,171,LEFT OFF CARRIAGEWAY INTO OBJECT/PARKED VEHICLE,1,782356,T intersection,3,60,Local Road,MCEDWARD,MILDURA,-34.175556,142.08028,2022,8,August,11,Midday,Weekday
T20220017199,2022-08-01,17:40:00,1,Collision with vehicle,1,Monday,130,REAR END(VEHICLES IN SAME LANE),4,774832,Not at intersection,3,100,Freeway,MONASH,MONASH,-37.936794,145.19398,2022,8,August,17,Afternoon Peak,Weekday
T20220017173,2022-08-01,14:30:00,4,Collision with a fixed object,1,Monday,173,RIGHT OFF CARRIAGEWAY INTO OBJECT/PARKED VEHICLE,1,655972,Cross intersection,3,60,Arterial Other,YAN YEAN,NILLUMBIK,-37.678062,145.12556,2022,8,August,14,Midday,Weekday
T20220017174,2022-08-01,11:45:00,6,Vehicle overturned (no collision),1,Monday,180,OFF CARRIAGEWAY ON RIGHT BEND,1,724150,Not at intersection,2,100,Local Road,TALLANGATTA CREEK,TOWONG,-36.331818,147.42265,2022,8,August,11,Midday,Weekday
T20220017126,2022-08-01,03:00:00,4,Collision with a fixed object,1,Monday,199,UNKNOWN-NO DETAILS ON MANOEUVRES OF ROAD-USERS IN ACCIDENT,5,728067,Not at intersection,3,100,Arterial Highway,PRINCES,EAST GIPPSLAND,-37.878433,147.43419,2022,8,August,3,Late Night,Weekday
T20220017181,2022-08-01,08:20:00,1,Collision with vehicle,1,Monday,130,REAR END(VEHICLES IN SAME LANE),1,688405,Not at intersection,3,100,Freeway,WESTERN,BRIMBANK,-37.79776,144.7641,2022,8,August,8,Morning Peak,Weekday
T20220017242,2022-08-01,08:00:00,1,Collision with vehicle,1,Monday,130,REAR END(VEHICLES IN SAME LANE),1,780254,Not at intersection,3,80,Freeway,CITYLINK,YARRA,-37.830296,145.01604,2022,8,August,8,Morning Peak,Weekday
T20220017129,2022-08-01,06:10:00,4,Collision with a fixed object,1,Monday,171,LEFT OFF CARRIAGEWAY INTO OBJECT/PARKED VEHICLE,3,751721,Not at intersection,2,60,Arterial Other,SUNSHINE,MARIBYRNONG,-37.801327,144.87794,2022,8,August,6,Morning Peak,Weekday
T20220017321,2022-08-01,06:30:00,1,Collision with vehicle,1,Monday,115,RIGHT/LEFT FAR (INTERSECTIONS ONLY),9,35714,Multiple intersection,3,60,Arterial Other,ROYAL PARADE -SYDNEY,MORELAND,-37.778046,144.96024,2022,8,August,6,Morning Peak,Weekday
T20220017132,2022-08-01,06:20:00,4,Collision with a fixed object,1,Monday,173,RIGHT OFF CARRIAGEWAY INTO OBJECT/PARKED VEHICLE,3,39934,Cross intersection,2,60,Arterial Other,BLACKSHAWS,HOBSONS BAY,-37.831226,144.84825,2022,8,August,6,Morning Peak,Weekday
T20220017130,2022-08-01,05:30:00,1,Collision with vehicle,1,Monday,121,RIGHT THROUGH,3,582848,Multiple intersection,2,80,Freeway,PRINCES,CASEY,-38.003826,145.25291,2022,8,August,5,Morning Peak,Weekday
T20220018341,2022-08-01,22:08:00,1,Collision with vehicle,1,Monday,121,RIGHT THROUGH,3,222100,Cross intersection,3,80,Freeway,GREENSBOROUGH,BANYULE,-37.695217,145.0923,2022,8,August,22,Night,Weekday
T20220017135,2022-08-01,08:00:00,1,Collision with vehicle,1,Monday,116,LEFT NEAR (INTERSECTIONS ONLY),1,37556,Cross intersection,2,40,Local Road,DORCAS,PORT PHILLIP,-37.83229,144.96306,2022,8,August,8,Morning Peak,Weekday
T20220017213,2022-08-01,19:20:00,1,Collision with vehicle,1,Monday,133,LANE SIDE SWIPE (VEHICLES IN PARALLEL LANES),5,767771,Not at intersection,2,100,Arterial Highway,SOUTH GIPPSLAND,CASEY,-38.21547,145.38658,2022,8,August,19,Night,Weekday
T20220017493,2022-08-01,18:30:00,2,Struck Pedestrian,1,Monday,109,ANY MANOEUVRE INVOLVING PED NOT INCLUDED IN DCAs 100-108.,6,744979,T intersection,3,60,Arterial Highway,PLENTY,WHITTLESEA,-37.695988,145.05937,2022,8,August,18,Afternoon Peak,Weekday
T20220017184,2022-08-01,16:30:00,1,Collision with vehicle,1,Monday,130,REAR END(VEHICLES IN SAME LANE),1,721886,Not at intersection,3,100,Freeway,PRINCES,CASEY,-38.042377,145.33604,2022,8,August,16,Afternoon Peak,Weekday
T20220018467,2022-08-01,17:45:00,1,Collision with vehicle,1,Monday,122,LEFT THROUGH,3,43975,Cross intersection,2,60,Arterial Highway,NEPEAN,MORNINGTON PENINSULA,-38.244667,145.03752,2022,8,August,17,Afternoon Peak,Weekday
T20220017140,2022-08-01,08:50:00,1,Collision with vehicle,1,Monday,130,REAR END(VEHICLES IN SAME LANE),1,306833,Not at intersection,3,60,Arterial Highway,NEPEAN,KINGSTON,-38.027943,145.10225,2022,8,August,8,Morning Peak,Weekday
T20220017142,2022-08-01,07:30:00,4,Collision with a fixed object,1,Monday,173,RIGHT OFF CARRIAGEWAY INTO OBJECT/PARKED VEHICLE,1,723316,Not at intersection,3,50,Local Road,ERNEST JONES,DAREBIN,-37.717033,145.06194,2022,8,August,7,Morning Peak,Weekday
T20220017144,2022-08-01,07:30:00,4,Collision with a fixed object,1,Monday,173,RIGHT OFF CARRIAGEWAY INTO OBJECT/PARKED VEHICLE,1,782439,Not at intersection,3,100,Arterial Highway,PRINCES,EAST GIPPSLAND,-37.834057,147.90988,2022,8,August,7,Morning Peak,Weekday
T20230027619,2022-08-01,10:30:00,6,Vehicle overturned (no collision),1,Monday,174,OUT OF CONTROL ON CARRIAGEWAY (ON STRAIGHT),1,788860,Not at intersection,3,30,Local Road,HUON,WODONGA,-36.115616,146.8931,2022,8,August,10,Midday,Weekday
T20220017145,2022-08-01,09:49:00,1,Collision with vehicle,1,Monday,130,REAR END(VEHICLES IN SAME LANE),1,780200,Not at intersection,3,60,Arterial Highway,MIDLAND,BALLARAT,-37.558857,143.85533,2022,8,August,9,Morning Peak,Weekday
T20220017270,2022-08-01,18:30:00,1,Collision with vehicle,1,Monday,179,OTHER ACCIDENTS-OFF STRAIGHT NOT INCLUDED IN DCAs 170-175,3,29822,Multiple intersection,2,60,Arterial Other,HAMPSTEAD ROAD -MITCHELL,MARIBYRNONG,-37.781754,144.87039,2022,8,August,18,Afternoon Peak,Weekday
T20220017205,2022-08-01,17:30:00,4,Collision with a fixed object,1,Monday,171,LEFT OFF CARRIAGEWAY INTO OBJECT/PARKED VEHICLE,2,782355,Cross intersection,3,50,Local Road,DUFF,CASEY,-38.10143,145.24893,2022,8,August,17,Afternoon Peak,Weekday
T20220018987,2022-08-01,16:00:00,1,Collision with vehicle,1,Monday,122,LEFT THROUGH,1,357259,Cross intersection,3,60,Arterial Highway,WHITEHORSE,WHITEHORSE,-37.819847,145.13844,2022,8,August,16,Afternoon Peak,Weekday
T20220017252,2022-08-01,15:38:00,1,Collision with vehicle,1,Monday,132,RIGHT REAR.,1,63204,T intersection,3,80,Local Road,GREIGS,MELTON,-37.745476,144.63184,2022,8,August,15,Afternoon Peak,Weekday
T20220017297,2022-08-02,21:10:00,1,Collision with vehicle,2,Tuesday,130,REAR END(VEHICLES IN SAME LANE),3,720444,Not at intersection,3,40,Freeway,PRINCES,CASEY,-38.04827,145.34842,2022,8,August,21,Night,Weekday
T20220017298,2022-08-02,20:45:00,1,Collision with vehicle,2,Tuesday,135,LANE CHANGE LEFT (NOT OVERTAKING),3,720532,Not at intersection,2,100,Freeway,WESTERN RING,BRIMBANK,-37.721066,144.8683,2022,8,August,20,Night,Weekday
T20220017304,2022-08-02,22:57:00,4,Collision with a fixed object,2,Tuesday,171,LEFT OFF CARRIAGEWAY INTO OBJECT/PARKED VEHICLE,5,723150,Not at intersection,2,100,Arterial Highway,GLENELG,SOUTHERN GRAMPIANS,-37.7156,142.15692,2022,8,August,22,Night,Weekday
T20220017307,2022-08-02,13:36:00,1,Collision with vehicle,2,Tuesday,110,CROSS TRAFFIC(INTERSECTIONS ONLY),1,17789,Cross intersection,2,100,Local Road,COSGROVE-LEMNOS,SHEPPARTON,-36.34745,145.53156,2022,8,August,13,Midday,Weekday
T20220018948,2022-08-02,19:54:00,1,Collision with vehicle,2,Tuesday,130,REAR END(VEHICLES IN SAME LANE),3,722441,Cross intersection,3,50,Local Road,EAST ESPLANADE,BRIMBANK,-37.74418,144.79991,2022,8,August,19,Night,Weekday
T20220018343,2022-08-02,15:20:00,1,Collision with vehicle,2,Tuesday,130,REAR END(VEHICLES IN SAME LANE),1,725857,Not at intersection,3,60,Arterial Other,DALTON,WHITTLESEA,-37.68337,145.02934,2022,8,August,15,Afternoon Peak,Weekday
T20220017281,2022-08-02,15:50:00,2,Struck Pedestrian,2,Tuesday,100,PED NEAR SIDE. PED HIT BY VEHICLE FROM THE RIGHT.,1,720772,T intersection,3,60,Local Road,COLCHESTER,MANNINGHAM,-37.78757,145.16237,2022,8,August,15,Afternoon Peak,Weekday
T20220019817,2022-08-02,12:50:00,7,Fall from or in moving vehicle,2,Tuesday,190,FELL IN/FROM VEHICLE,1,782463,Not at intersection,3,50,Local Road,COMO,KINGSTON,-37.981956,145.0647,2022,8,August,12,Midday,Weekday
T20220020035,2022-08-02,23:30:00,1,Collision with vehicle,2,Tuesday,134,LANE CHANGE RIGHT (NOT OVERTAKING),3,341537,Not at intersection,3,80,Freeway,WEST GATE,HOBSONS BAY,-37.82772,144.8953,2022,8,August,23,Night,Weekday
T20220017907,2022-08-02,21:00:00,5,collision with some other object,2,Tuesday,166,STRUCK OBJECT ON CARRIAGEWAY,3,782457,Not at intersection,3,100,Freeway,EASTLINK OUT-POLICE,MONASH,-37.935623,145.20853,2022,8,August,21,Night,Weekday
T20220017342,2022-08-02,14:50:00,1,Collision with vehicle,2,Tuesday,110,CROSS TRAFFIC(INTERSECTIONS ONLY),1,50806,Cross intersection,3,100,Arterial Highway,MURRAY VALLEY,MOIRA,-35.925472,145.5316,2022,8,August,14,Midday,Weekday
T20220017361,2022-08-02,15:54:00,1,Collision with vehicle,2,Tuesday,121,RIGHT THROUGH,1,774773,Not at intersection,3,60,Local Road,WELSFORD,SHEPPARTON,-36.37786,145.39851,2022,8,August,15,Afternoon Peak,Weekday
T20220017220,2022-08-02,07:43:00,2,Struck Pedestrian,2,Tuesday,100,PED NEAR SIDE. PED HIT BY VEHICLE FROM THE RIGHT.,1,38922,Not at intersection,3,60,Arterial Other,HIGH,BOROONDARA,-37.805557,145.03421,2022,8,August,7,Morning Peak,Weekday
T20220017227,2022-08-02,08:40:00,1,Collision with vehicle,2,Tuesday,130,REAR END(VEHICLES IN SAME LANE),1,780198,Not at intersection,3,80,Arterial Other,CRAIGIEBURN,WHITTLESEA,-37.604336,144.98668,2022,8,August,8,Morning Peak,Weekday
T20220017485,2022-08-02,08:40:00,1,Collision with vehicle,2,Tuesday,116,LEFT NEAR (INTERSECTIONS ONLY),1,53817,T intersection,3,50,Arterial Other,KIRKWOOD,CASEY,-38.034508,145.2851,2022,8,August,8,Morning Peak,Weekday
T20220017487,2022-08-02,06:30:00,1,Collision with vehicle,2,Tuesday,113,RIGHT NEAR (INTERSECTIONS ONLY),2,784057,T intersection,3,40,Arterial Other,RIVERSDALE,BOROONDARA,-37.82791,145.02689,2022,8,August,6,Morning Peak,Weekday
T20220017230,2022-08-02,06:55:00,6,Vehicle overturned (no collision),2,Tuesday,170,OFF CARRIAGEWAY TO LEFT,2,55207,T intersection,3,60,Arterial Other,BARRABOOL,GEELONG,-38.17163,144.29886,2022,8,August,6,Morning Peak,Weekday
T20220017955,2022-08-02,06:45:00,1,Collision with vehicle,2,Tuesday,131,LEFT REAR,2,721186,Cross intersection,3,60,Local Road,BRIDGE INN,WHITTLESEA,-37.594017,145.0338,2022,8,August,6,Morning Peak,Weekday
T20220017235,2022-08-02,10:45:00,1,Collision with vehicle,2,Tuesday,113,RIGHT NEAR (INTERSECTIONS ONLY),1,47648,T intersection,2,60,Local Road,INGLES,PORT PHILLIP,-37.83083,144.9438,2022,8,August,10,Midday,Weekday