ACCIDENT_NO,ACCIDENT_DATE,ACCIDENT_TIME,ACCIDENT_TYPE,ACCIDENT_TYPE_DESC,DAY_OF_WEEK,DAY_WEEK_DESC,DCA_CODE,DCA_DESC,LIGHT_CONDITION,NODE_ID,ROAD_GEOMETRY_DESC,SEVERITY,SPEED_ZONE,RMA,ROAD_NAME,LGA_NAME,LATITUDE,LONGITUDE,YEAR,MONTH,MONTH_NAME,HOUR,TIME_PERIOD,DAY_TYPE
T20220017246,2022-08-02,14:01:00,2,Struck Pedestrian,2,Tuesday,101,PED EMERGES FROM IN FRONT OF PARKED OR STATIONARY VEHICLE,1,782462,Not at intersection,3,40,Local Road,IRVING,MARIBYRNONG,-37.80108,144.90207,2022,8,August,14,Midday,Weekday
T20220017256,2022-08-02,13:53:00,2,Struck Pedestrian,2,Tuesday,100,PED NEAR SIDE. PED HIT BY VEHICLE FROM THE RIGHT.,1,754311,T intersection,2,60,Local Road,SPRINGFIELD,WHITEHORSE,-37.81035,145.15161,2022,8,August,13,Midday,Weekday
T20220017262,2022-08-02,11:10:00,1,Collision with vehicle,2,Tuesday,136,RIGHT TURN SIDESWIPE,1,723461,T intersection,3,100,Local Road,LESLIE,LATROBE,-38.107193,146.36136,2022,8,August,11,Midday,Weekday
T20220018001,2022-08-02,09:00:00,1,Collision with vehicle,2,Tuesday,130,REAR END(VEHICLES IN SAME LANE),1,780693,Not at intersection,3,100,Freeway,MONASH,CASEY,-37.97707,145.24013,2022,8,August,9,Morning Peak,Weekday
T20220017634,2022-08-02,19:52:00,1,Collision with vehicle,2,Tuesday,110,CROSS TRAFFIC(INTERSECTIONS ONLY),3,49246,Cross intersection,3,40,Arterial Highway,GLENELG HIGHWAY -SMYTHES,BALLARAT,-37.5904,143.80649,2022,8,August,19,Night,Weekday
T20220017263,2022-08-02,14:10:00,1,Collision with vehicle,2,Tuesday,130,REAR END(VEHICLES IN SAME LANE),1,720087,T intersection,3,50,Local Road,COWRA,BRIMBANK,-37.7619,144.80925,2022,8,August,14,Midday,Weekday
T20220017267,2022-08-02,15:27:00,1,Collision with vehicle,2,Tuesday,130,REAR END(VEHICLES IN SAME LANE),1,720194,Not at intersection,3,100,Freeway,PRINCES,HOBSONS BAY,-37.856964,144.77814,2022,8,August,15,Afternoon Peak,Weekday
T20220017276,2022-08-02,17:20:00,1,Collision with vehicle,2,Tuesday,121,RIGHT THROUGH,3,733802,Not at intersection,3,60,Arterial Other,AUBURN,BOROONDARA,-37.82785,145.04402,2022,8,August,17,Afternoon Peak,Weekday
T20220017283,2022-08-02,18:08:00,1,Collision with vehicle,2,Tuesday,120,HEAD ON (NOT OVERTAKING),3,720443,Not at intersection,2,80,Arterial Other,MICKLEHAM,HUME,-37.633553,144.88167,2022,8,August,18,Afternoon Peak,Weekday
T20220017284,2022-08-02,18:31:00,1,Collision with vehicle,2,Tuesday,160,VEHICLE COLLIDES WITH VEHICLE PARKED ON LEFT OF ROAD,3,720195,Not at intersection,2,60,Local Road,SHAWS,WYNDHAM,-37.889637,144.65831,2022,8,August,18,Afternoon Peak,Weekday
T20220017287,2022-08-02,17:32:00,1,Collision with vehicle,2,Tuesday,121,RIGHT THROUGH,3,359223,T intersection,3,60,Arterial Highway,WHITEHORSE,WHITEHORSE,-37.817623,145.15419,2022,8,August,17,Afternoon Peak,Weekday
T20220017288,2022-08-02,17:48:00,1,Collision with vehicle,2,Tuesday,140,U TURN,3,773155,Not at intersection,3,50,Local Road,ROYAL YORK,BALLARAT,-37.57953,143.79597,2022,8,August,17,Afternoon Peak,Weekday
T20220017291,2022-08-02,20:50:00,1,Collision with vehicle,2,Tuesday,160,VEHICLE COLLIDES WITH VEHICLE PARKED ON LEFT OF ROAD,3,722966,Not at intersection,3,50,Local Road,HELVETIA,FRANKSTON,-38.162415,145.13329,2022,8,August,20,Night,Weekday
T20220017292,2022-08-02,20:32:00,1,Collision with vehicle,2,Tuesday,134,LANE CHANGE RIGHT (NOT OVERTAKING),3,785529,Not at intersection,3,80,Arterial Highway,WELLINGTON,MONASH,-37.91537,145.13214,2022,8,August,20,Night,Weekday
T20220017312,2022-08-03,09:00:00,1,Collision with vehicle,3,Wednesday,130,REAR END(VEHICLES IN SAME LANE),1,720196,Not at intersection,2,40,Local Road,BULMANS,MELTON,-37.681835,144.55023,2022,8,August,9,Morning Peak,Weekday
T20220017314,2022-08-03,08:38:00,1,Collision with vehicle,3,Wednesday,110,CROSS TRAFFIC(INTERSECTIONS ONLY),1,36698,Cross intersection,3,40,Local Road,DRYBURGH,MELBOURNE,-37.79487,144.94495,2022,8,August,8,Morning Peak,Weekday
T20220017305,2022-08-03,05:35:00,2,Struck Pedestrian,3,Wednesday,102,FAR SIDE. PED HIT BY VEHICLE FROM THE LEFT,3,42403,T intersection,2,60,Arterial Other,CLAYTON,MONASH,-37.925488,145.11966,2022,8,August,5,Morning Peak,Weekday
T20220017316,2022-08-03,09:50:00,4,Collision with a fixed object,3,Wednesday,171,LEFT OFF CARRIAGEWAY INTO OBJECT/PARKED VEHICLE,1,355798,Not at intersection,3,50,Arterial Highway,NEPEAN,KINGSTON,-38.006145,145.086,2022,8,August,9,Morning Peak,Weekday
T20220017309,2022-08-03,06:10:00,8,No collision and no object struck,3,Wednesday,170,OFF CARRIAGEWAY TO LEFT,5,720325,Not at intersection,3,60,Arterial Other,BELGRAVE-GEMBROOK,YARRA RANGES,-37.91339,145.36829,2022,8,August,6,Morning Peak,Weekday
T20220017322,2022-08-03,07:28:00,1,Collision with vehicle,3,Wednesday,134,LANE CHANGE RIGHT (NOT OVERTAKING),1,720445,Not at intersection,3,60,Arterial Other,WILLIAMS,STONNINGTON,-37.858524,145.00145,2022,8,August,7,Morning Peak,Weekday
T20220017398,2022-08-03,09:55:00,1,Collision with vehicle,3,Wednesday,110,CROSS TRAFFIC(INTERSECTIONS ONLY),1,53182,Cross intersection,3,50,Local Road,EGGLESTON,GEELONG,-38.262093,144.52702,2022,8,August,9,Morning Peak,Weekday
T20220017391,2022-08-03,23:30:00,6,Vehicle overturned (no collision),3,Wednesday,170,OFF CARRIAGEWAY TO LEFT,5,754310,Not at intersection,2,60,Arterial Other,BALLARAT-MARYBOROUGH,HEPBURN,-37.269005,143.74364,2022,8,August,23,Night,Weekday
T20220017327,2022-08-03,06:50:00,6,Vehicle overturned (no collision),3,Wednesday,172,OFF CARRIAGEWAY TO RIGHT,5,720326,Not at intersection,2,60,Local Road,IBBOTSON,GEELONG,-38.16793,144.7024,2022,8,August,6,Morning Peak,Weekday
T20220017329,2022-08-03,08:45:00,2,Struck Pedestrian,3,Wednesday,107,PED ON FOOTHPATH STRUCK BY VEHENTERING/LEAVING DRIVEWAY.,1,720252,Not at intersection,2,50,Local Road,KIRKSTONE,WYNDHAM,-37.895412,144.75096,2022,8,August,8,Morning Peak,Weekday
T20220017346,2022-08-03,14:05:00,4,Collision with a fixed object,3,Wednesday,171,LEFT OFF CARRIAGEWAY INTO OBJECT/PARKED VEHICLE,1,731986,Not at intersection,2,100,Freeway,PRINCES,GEELONG,-37.99006,144.51788,2022,8,August,14,Midday,Weekday
T20220017335,2022-08-03,08:45:00,1,Collision with vehicle,3,Wednesday,142,LEAVING PARKING,1,774834,Not at intersection,3,50,Local Road,NORMANBY,GEELONG,-38.156345,144.37354,2022,8,August,8,Morning Peak,Weekday
T20220017333,2022-08-03,12:09:00,4,Collision with a fixed object,3,Wednesday,171,LEFT OFF CARRIAGEWAY INTO OBJECT/PARKED VEHICLE,1,724221,Not at intersection,2,60,Local Road,BEACH,FRANKSTON,-38.14722,145.14357,2022,8,August,12,Midday,Weekday
T20220017337,2022-08-03,11:45:00,1,Collision with vehicle,3,Wednesday,134,LANE CHANGE RIGHT (NOT OVERTAKING),1,774772,Not at intersection,2,100,Freeway,METROPOLITAN RING,WHITTLESEA,-37.686234,145.0075,2022,8,August,11,Midday,Weekday
T20220017339,2022-08-03,13:17:00,1,Collision with vehicle,3,Wednesday,121,RIGHT THROUGH,1,720327,Cross intersection,3,70,Arterial Other,MOUNTAIN,KNOX,-37.847904,145.22902,2022,8,August,13,Midday,Weekday
T20220020096,2022-08-03,21:30:00,1,Collision with vehicle,3,Wednesday,110,CROSS TRAFFIC(INTERSECTIONS ONLY),3,223460,Cross intersection,3,60,Arterial Highway,MCLENNAN,SHEPPARTON,-36.395115,145.35703,2022,8,August,21,Night,Weekday
T20220017483,2022-08-03,07:50:00,1,Collision with vehicle,3,Wednesday,110,CROSS TRAFFIC(INTERSECTIONS ONLY),1,43481,Cross intersection,2,40,Local Road,FOOT,FRANKSTON,-38.161358,145.12903,2022,8,August,7,Morning Peak,Weekday
T20220018652,2022-08-03,17:50:00,1,Collision with vehicle,3,Wednesday,130,REAR END(VEHICLES IN SAME LANE),9,727886,Not at intersection,3,80,Freeway,CITYLINK OUT-MORELAND,MORELAND,-37.752983,144.93558,2022,8,August,17,Afternoon Peak,Weekday
T20220017344,2022-08-03,12:55:00,4,Collision with a fixed object,3,Wednesday,171,LEFT OFF CARRIAGEWAY INTO OBJECT/PARKED VEHICLE,1,782262,T intersection,3,60,Arterial Highway,QUEENS,PORT PHILLIP,-37.84646,144.97688,2022,8,August,12,Midday,Weekday
T20220017510,2022-08-03,14:45:00,2,Struck Pedestrian,3,Wednesday,109,ANY MANOEUVRE INVOLVING PED NOT INCLUDED IN DCAs 100-108.,1,782464,Not at intersection,3,50,Local Road,BELLAIR,MELBOURNE,-37.793568,144.93018,2022,8,August,14,Midday,Weekday
T20220017348,2022-08-03,14:40:00,1,Collision with vehicle,3,Wednesday,130,REAR END(VEHICLES IN SAME LANE),1,721580,Not at intersection,3,100,Freeway,MONASH,STONNINGTON,-37.86514,145.0609,2022,8,August,14,Midday,Weekday
T20220017866,2022-08-03,18:03:00,1,Collision with vehicle,3,Wednesday,140,U TURN,3,43489,T intersection,3,80,Arterial Other,CRANBOURNE,FRANKSTON,-38.146408,145.13335,2022,8,August,18,Afternoon Peak,Weekday
T20220017517,2022-08-03,10:13:00,1,Collision with vehicle,3,Wednesday,111,RIGHT FAR (INTERSECTIONS ONLY),1,29818,Cross intersection,3,60,Arterial Other,MELBOURNE,WODONGA,-36.114845,146.86862,2022,8,August,10,Midday,Weekday
T20220017357,2022-08-03,18:00:00,1,Collision with vehicle,3,Wednesday,131,LEFT REAR,2,49281,Cross intersection,3,50,Arterial Highway,DOVETON,BALLARAT,-37.55937,143.85522,2022,8,August,18,Afternoon Peak,Weekday
T20220017360,2022-08-03,15:07:00,4,Collision with a fixed object,3,Wednesday,173,RIGHT OFF CARRIAGEWAY INTO OBJECT/PARKED VEHICLE,1,722703,Not at intersection,2,50,Local Road,KILVINGTON,CARDINIA,-37.937122,145.44055,2022,8,August,15,Afternoon Peak,Weekday
T20220018654,2022-08-03,17:30:00,1,Collision with vehicle,3,Wednesday,121,RIGHT THROUGH,2,57815,Cross intersection,3,60,Local Road,BOARDWALK,WYNDHAM,-37.880913,144.73419,2022,8,August,17,Afternoon Peak,Weekday
T20220017366,2022-08-03,13:36:00,1,Collision with vehicle,3,Wednesday,147,VEHICLE STRIKES ANOTHER VEH WHILE EMERGING FROM DRIVEWAY,1,782465,Not at intersection,3,70,Arterial Other,KEILOR-DERRIMUT,BRIMBANK,-37.750057,144.77814,2022,8,August,13,Midday,Weekday
T20220017368,2022-08-03,18:07:00,4,Collision with a fixed object,3,Wednesday,171,LEFT OFF CARRIAGEWAY INTO OBJECT/PARKED VEHICLE,3,731168,T intersection,2,50,Local Road,BELLARINE,CASEY,-38.096313,145.2915,2022,8,August,18,Afternoon Peak,Weekday
T20220017372,2022-08-03,19:58:00,1,Collision with vehicle,3,Wednesday,121,RIGHT THROUGH,3,199390,Not at intersection,3,50,Arterial Other,BELMORE,BOROONDARA,-37.80082,145.06273,2022,8,August,19,Night,Weekday
T20220017404,2022-08-03,14:17:00,1,Collision with vehicle,3,Wednesday,130,REAR END(VEHICLES IN SAME LANE),1,44465,T intersection,3,70,Arterial Highway,SETTLEMENT,GEELONG,-38.175236,144.35239,2022,8,August,14,Midday,Weekday
T20220017377,2022-08-03,20:12:00,1,Collision with vehicle,3,Wednesday,131,LEFT REAR,5,721887,Not at intersection,3,80,Local Road,BUNGOWER,MORNINGTON PENINSULA,-38.23456,145.14627,2022,8,August,20,Night,Weekday
T20220017379,2022-08-03,20:50:00,1,Collision with vehicle,3,Wednesday,110,CROSS TRAFFIC(INTERSECTIONS ONLY),3,1016,Cross intersection,3,80,Arterial Highway,SOUTH GIPPSLAND,CASEY,-38.098076,145.2832,2022,8,August,20,Night,Weekday
T20220017381,2022-08-03,21:30:00,8,No collision and no object struck,3,Wednesday,170,OFF CARRIAGEWAY TO LEFT,3,724785,Not at intersection,2,50,Local Road,MCKIMMIES,WHITTLESEA,-37.6758,145.03882,2022,8,August,21,Night,Weekday
T20220017392,2022-08-03,19:20:00,3,Struck animal,3,Wednesday,167,STRUCK ANIMAL,5,722867,Not at intersection,3,100,Arterial Highway,MELBA,MURRINDINDI,-37.226727,145.43939,2022,8,August,19,Night,Weekday
T20220017413,2022-08-03,17:10:00,1,Collision with vehicle,3,Wednesday,130,REAR END(VEHICLES IN SAME LANE),2,224413,Cross intersection,3,70,Local Road,TAYLORS,MELTON,-37.72504,144.75978,2022,8,August,17,Afternoon Peak,Weekday
T20220018005,2022-08-03,17:00:00,1,Collision with vehicle,3,Wednesday,114,TWO RIGHT TURNING (INTERSECTIONS ONLY),1,782269,T intersection,3,50,Local Road,BRIDE,CASEY,-38.03078,145.25696,2022,8,August,17,Afternoon Peak,Weekday
T20220017657,2022-08-03,17:45:00,1,Collision with vehicle,3,Wednesday,130,REAR END(VEHICLES IN SAME LANE),2,307473,Not at intersection,2,60,Arterial Highway,ALEXANDRA,YARRA,-37.793743,144.9854,2022,8,August,17,Afternoon Peak,Weekday
T20220017435,2022-08-04,18:20:00,5,collision with some other object,4,Thursday,166,STRUCK OBJECT ON CARRIAGEWAY,3,73687,T intersection,3,70,Freeway,PENINSULA LINK,MORNINGTON PENINSULA,-38.376717,144.88911,2022,8,August,18,Afternoon Peak,Weekday
T20220017406,2022-08-04,12:01:00,4,Collision with a fixed object,4,Thursday,171,LEFT OFF CARRIAGEWAY INTO OBJECT/PARKED VEHICLE,1,782330,T intersection,3,60,Local Road,CHARLWOOD,MANNINGHAM,-37.789528,145.18037,2022,8,August,12,Midday,Weekday
T20220017426,2022-08-04,15:24:00,4,Collision with a fixed object,4,Thursday,181,OFF RIGHT BEND INTO OBJECT/PARKED VEHICLE,1,721362,Not at intersection,3,50,Local Road,BURBANK,DAREBIN,-37.699482,145.02525,2022,8,August,15,Afternoon Peak,Weekday
T20220017436,2022-08-04,14:30:00,2,Struck Pedestrian,4,Thursday,107,PED ON FOOTHPATH STRUCK BY VEHENTERING/LEAVING DRIVEWAY.,1,721526,Not at intersection,2,50,Local Road,WOODLANDS,MORNINGTON PENINSULA,-38.326427,144.98532,2022,8,August,14,Midday,Weekday
T20220017395,2022-08-04,09:41:00,1,Collision with vehicle,4,Thursday,121,RIGHT THROUGH,1,46085,Multiple intersection,3,80,Arterial Highway,SPRINGVALE,DANDENONG,-37.933144,145.156,2022,8,August,9,Morning Peak,Weekday
T20220017437,2022-08-04,18:38:00,1,Collision with vehicle,4,Thursday,110,CROSS TRAFFIC(INTERSECTIONS ONLY),3,29396,Cross intersection,3,40,Local Road,EXHIBITION,MELBOURNE,-37.80816,144.96875,2022,8,August,18,Afternoon Peak,Weekday
T20230018008,2022-08-04,09:15:00,1,Collision with vehicle,4,Thursday,147,VEHICLE STRIKES ANOTHER VEH WHILE EMERGING FROM DRIVEWAY,2,778617,Not at intersection,3,50,Arterial Other,BARKLY,PORT PHILLIP,-37.86558,144.9815,2022,8,August,9,Morning Peak,Weekday
T20220018563,2022-08-04,16:45:00,1,Collision with vehicle,4,Thursday,136,RIGHT TURN SIDESWIPE,1,722631,Cross intersection,3,80,Local Road,SOLDIERS,CASEY,-38.093773,145.37013,2022,8,August,16,Afternoon Peak,Weekday
T20220017405,2022-08-04,12:30:00,2,Struck Pedestrian,4,Thursday,108,PED STRUCK WALKING TO/FROM OR BOARDING/ALIGHTING VEHICLE.,1,721057,Not at intersection,3,40,Arterial Other,MAIN,BRIMBANK,-37.74405,144.79839,2022,8,August,12,Midday,Weekday
T20220019637,2022-08-04,08:45:00,1,Collision with vehicle,4,Thursday,130,REAR END(VEHICLES IN SAME LANE),9,778967,Not at intersection,3,60,Local Road,LEAKES,WYNDHAM,-37.832832,144.67885,2022,8,August,8,Morning Peak,Weekday
T20220017402,2022-08-04,11:26:00,2,Struck Pedestrian,4,Thursday,100,PED NEAR SIDE. PED HIT BY VEHICLE FROM THE RIGHT.,1,782332,Not at intersection,3,60,Local Road,TROTTING,BENDIGO,-36.774963,144.3452,2022,8,August,11,Midday,Weekday
T20220017430,2022-08-04,14:35:00,1,Collision with vehicle,4,Thursday,140,U TURN,1,720330,Not at intersection,3,50,Local Road,WILLIAMSON,MARIBYRNONG,-37.775406,144.88422,2022,8,August,14,Midday,Weekday
T20220020905,2022-08-04,08:30:00,1,Collision with vehicle,4,Thursday,133,LANE SIDE SWIPE (VEHICLES IN PARALLEL LANES),1,251347,T intersection,3,60,Arterial Other,DORSET,KNOX,-37.84739,145.28651,2022,8,August,8,Morning Peak,Weekday
T20220017383,2022-08-04,00:15:00,4,Collision with a fixed object,4,Thursday,171,LEFT OFF CARRIAGEWAY INTO OBJECT/PARKED VEHICLE,3,782274,Not at intersection,3,60,Arterial Other,SEPARATION,GEELONG,-38.110935,144.34444,2022,8,August,0,Late Night,Weekday
T20220017452,2022-08-04,19:40:00,1,Collision with vehicle,4,Thursday,135,LANE CHANGE LEFT (NOT OVERTAKING),3,723272,Not at intersection,3,80,Arterial Other,MICKLEHAM,HUME,-37.639183,144.88104,2022,8,August,19,Night,Weekday
T20220017455,2022-08-04,18:25:00,6,Vehicle overturned (no collision),4,Thursday,174,OUT OF CONTROL ON CARRIAGEWAY (ON STRAIGHT),3,721284,Not at intersection,2,60,Local Road,THE LAKES,WHITTLESEA,-37.63081,145.086,2022,8,August,18,Afternoon Peak,Weekday
T20220017456,2022-08-04,20:30:00,1,Collision with vehicle,4,Thursday,121,RIGHT THROUGH,3,722528,Cross intersection,3,80,Local Road,WEBB,CASEY,-38.02521,145.30536,2022,8,August,20,Night,Weekday
T20220017462,2022-08-04,00:06:00,1,Collision with vehicle,4,Thursday,160,VEHICLE COLLIDES WITH VEHICLE PARKED ON LEFT OF ROAD,3,774775,Not at intersection,3,60,Arterial Other,RIVERSDALE,BOROONDARA,-37.8333,145.07346,2022,8,August,0,Late Night,Weekday
T20220017444,2022-08-04,16:50:00,1,Collision with vehicle,4,Thursday,135,LANE CHANGE LEFT (NOT OVERTAKING),1,37126,Cross intersection,3,40,Local Road,LENNOX,YARRA,-37.82083,144.99414,2022,8,August,16,Afternoon Peak,Weekday
T20220017439,2022-08-04,17:10:00,1,Collision with vehicle,4,Thursday,140,U TURN,2,720449,Not at intersection,3,50,Local Road,ORMOND,CASEY,-38.050083,145.2843,2022,8,August,17,Afternoon Peak,Weekday
T20220017570,2022-08-04,16:45:00,4,Collision with a fixed object,4,Thursday,181,OFF RIGHT BEND INTO OBJECT/PARKED VEHICLE,1,782312,Not at intersection,3,80,Local Road,NETHERCOTES,EAST GIPPSLAND,-37.75984,147.8672,2022,8,August,16,Afternoon Peak,Weekday
T20220017389,2022-08-04,06:36:00,1,Collision with vehicle,4,Thursday,130,REAR END(VEHICLES IN SAME LANE),2,721527,Not at intersection,2,100,Freeway,WESTERN RING,BRIMBANK,-37.806774,144.80785,2022,8,August,6,Morning Peak,Weekday
T20220017416,2022-08-04,13:35:00,1,Collision with vehicle,4,Thursday,121,RIGHT THROUGH,1,35320,Cross intersection,2,70,Arterial Highway,MOOROODUC,FRANKSTON,-38.146645,145.1358,2022,8,August,13,Midday,Weekday
T20220028972,2022-08-04,16:30:00,1,Collision with vehicle,4,Thursday,130,REAR END(VEHICLES IN SAME LANE),1,750739,Not at intersection,3,100,Freeway,MONASH,MONASH,-37.93013,145.18616,2022,8,August,16,Afternoon Peak,Weekday
T20220017412,2022-08-04,06:35:00,2,Struck Pedestrian,4,Thursday,102,FAR SIDE. PED HIT BY VEHICLE FROM THE LEFT,3,720447,Not at intersection,2,50,Local Road,COLLEGE,MELBOURNE,-37.792145,144.96022,2022,8,August,6,Morning Peak,Weekday
T20220017504,2022-08-04,16:30:00,4,Collision with a fixed object,4,Thursday,171,LEFT OFF CARRIAGEWAY INTO OBJECT/PARKED VEHICLE,1,782317,Not at intersection,3,80,Arterial Highway,DANDENONG VALLEY,KNOX,-37.911793,145.2361,2022,8,August,16,Afternoon Peak,Weekday
T20220017479,2022-08-04,08:45:00,4,Collision with a fixed object,4,Thursday,181,OFF RIGHT BEND INTO OBJECT/PARKED VEHICLE,1,744141,Not at intersection,3,100,Arterial Highway,GLENELG,GLENELG,-37.57749,141.44104,2022,8,August,8,Morning Peak,Weekday
T20220026088,2022-08-04,07:00:00,1,Collision with vehicle,4,Thursday,133,LANE SIDE SWIPE (VEHICLES IN PARALLEL LANES),2,738849,Not at intersection,3,100,Freeway,EASTLINK,MAROONDAH,-37.82757,145.21764,2022,8,August,7,Morning Peak,Weekday
T20220017411,2022-08-04,12:35:00,1,Collision with vehicle,4,Thursday,110,CROSS TRAFFIC(INTERSECTIONS ONLY),1,721694,Cross intersection,2,60,Arterial Highway,NEPEAN,KINGSTON,-38.076466,145.12254,2022,8,August,12,Midday,Weekday
T20220017434,2022-08-04,08:50:00,1,Collision with vehicle,4,Thursday,147,VEHICLE STRIKES ANOTHER VEH WHILE EMERGING FROM DRIVEWAY,1,722122,Not at intersection,3,80,Arterial Other,MICKLEHAM,HUME,-37.63868,144.8811,2022,8,August,8,Morning Peak,Weekday
T20220020599,2022-08-04,09:10:00,1,Collision with vehicle,4,Thursday,110,CROSS TRAFFIC(INTERSECTIONS ONLY),1,38572,Cross intersection,3,60,Arterial Highway,PLENTY,WHITTLESEA,-37.697838,145.05884,2022,8,August,9,Morning Peak,Weekday
T20220017425,2022-08-04,13:00:00,6,Vehicle overturned (no collision),4,Thursday,180,OFF CARRIAGEWAY ON RIGHT BEND,1,782335,Not at intersection,3,100,Local Road,CASTERTON-DARTMOOR,GLENELG,-37.670715,141.31476,2022,8,August,13,Midday,Weekday
T20220017756,2022-08-04,14:50:00,1,Collision with vehicle,4,Thursday,130,REAR END(VEHICLES IN SAME LANE),1,720779,Not at intersection,3,60,Arterial Other,DALTON,WHITTLESEA,-37.676006,145.03075,2022,8,August,14,Midday,Weekday
T20220017414,2022-08-04,12:40:00,1,Collision with vehicle,4,Thursday,130,REAR END(VEHICLES IN SAME LANE),1,778966,Not at intersection,3,70,Arterial Highway,WELLINGTON,MONASH,-37.914825,145.12979,2022,8,August,12,Midday,Weekday
T20220017450,2022-08-04,18:10:00,1,Collision with vehicle,4,Thursday,130,REAR END(VEHICLES IN SAME LANE),3,720644,Not at intersection,3,60,Arterial Other,NARRE WARREN NORTH,CASEY,-37.992657,145.31364,2022,8,August,18,Afternoon Peak,Weekday
T20220017471,2022-08-04,18:00:00,1,Collision with vehicle,4,Thursday,121,RIGHT THROUGH,2,774776,T intersection,2,80,Local Road,ARCHER,SHEPPARTON,-36.417755,145.40808,2022,8,August,18,Afternoon Peak,Weekday
T20220017451,2022-08-04,19:00:00,1,Collision with vehicle,4,Thursday,152,PULLING OUT (OVERTAKING),5,722123,T intersection,2,100,Arterial Other,DROUIN-KORUMBURRA,BAW BAW,-38.24009,145.77966,2022,8,August,19,Night,Weekday
T20220017810,2022-08-04,16:15:00,1,Collision with vehicle,4,Thursday,145,REVERSING IN STREAM OF TRAFFIC,1,774838,Not at intersection,3,50,Local Road,SANDLEFORD,WYNDHAM,-37.848396,144.67357,2022,8,August,16,Afternoon Peak,Weekday
T20220017474,2022-08-04,20:50:00,4,Collision with a fixed object,4,Thursday,183,OFF LEFT BEND INTO OBJECT/PARKED VEHICLE,5,782327,Not at intersection,3,100,Arterial Other,BOLDINGS,LATROBE,-38.293987,146.45255,2022,8,August,20,Night,Weekday
T20220018150,2022-08-05,22:50:00,1,Collision with vehicle,5,Friday,130,REAR END(VEHICLES IN SAME LANE),5,53283,T intersection,3,80,Arterial Other,KANGAROO GROUND-ST ANDREWS,NILLUMBIK,-37.614155,145.26436,2022,8,August,22,Night,Weekday
T20220017518,2022-08-05,16:02:00,1,Collision with vehicle,5,Friday,148,VEHICLE OFF FOOTPATH STRIKES VEH ON CARRIAGEWAY,1,38779,T intersection,2,60,Arterial Highway,WHITEHALL,MARIBYRNONG,-37.814667,144.89977,2022,8,August,16,Afternoon Peak,Weekday
T20220017520,2022-08-05,16:00:00,4,Collision with a fixed object,5,Friday,171,LEFT OFF CARRIAGEWAY INTO OBJECT/PARKED VEHICLE,1,726779,Not at intersection,2,80,Arterial Other,BANNOCKBURN-SHELFORD,GOLDEN PLAINS,-38.02118,144.02429,2022,8,August,16,Afternoon Peak,Weekday
T20220017522,2022-08-05,18:27:00,1,Collision with vehicle,5,Friday,121,RIGHT THROUGH,3,44249,T intersection,2,70,Arterial Other,IRONBARK,NILLUMBIK,-37.639442,145.13226,2022,8,August,18,Afternoon Peak,Weekday
T20220017523,2022-08-05,17:45:00,1,Collision with vehicle,5,Friday,147,VEHICLE STRIKES ANOTHER VEH WHILE EMERGING FROM DRIVEWAY,5,723946,Not at intersection,2,80,Local Road,FOREST,MORNINGTON PENINSULA,-38.296276,145.00648,2022,8,August,17,Afternoon Peak,Weekday
T20220017524,2022-08-05,17:00:00,1,Collision with vehicle,5,Friday,121,RIGHT THROUGH,2,721177,Not at intersection,2,80,Arterial Highway,SOUTH GIPPSLAND,CASEY,-38.085514,145.27803,2022,8,August,17,Afternoon Peak,Weekday
T20220017526,2022-08-05,18:40:00,2,Struck Pedestrian,5,Friday,100,PED NEAR SIDE. PED HIT BY VEHICLE FROM THE RIGHT.,3,721234,T intersection,2,60,Arterial Other,WELLS,KINGSTON,-38.029835,145.13226,2022,8,August,18,Afternoon Peak,Weekday
T20220017527,2022-08-05,18:04:00,1,Collision with vehicle,5,Friday,121,RIGHT THROUGH,3,40894,Multiple intersection,3,80,Arterial Other,MOUNTAIN,KNOX,-37.84803,145.22874,2022,8,August,18,Afternoon Peak,Weekday
T20220017528,2022-08-05,19:15:00,2,Struck Pedestrian,5,Friday,100,PED NEAR SIDE. PED HIT BY VEHICLE FROM THE RIGHT.,3,723628,Not at intersection,2,60,Arterial Other,STATION,WHITEHORSE,-37.848534,145.12032,2022,8,August,19,Night,Weekday
T20220017529,2022-08-05,17:00:00,1,Collision with vehicle,5,Friday,130,REAR END(VEHICLES IN SAME LANE),5,720538,Not at intersection,2,80,Arterial Other,WELLINGTON,YARRA RANGES,-37.945843,145.32396,2022,8,August,17,Afternoon Peak,Weekday
T20220017533,2022-08-05,18:26:00,1,Collision with vehicle,5,Friday,113,RIGHT NEAR (INTERSECTIONS ONLY),6,782514,T intersection,3,60,Local Road,HUNTINGTON,CASEY,-38.042007,145.26598,2022,8,August,18,Afternoon Peak,Weekday
T20220017536,2022-08-05,17:40:00,1,Collision with vehicle,5,Friday,121,RIGHT THROUGH,3,41755,Cross intersection,3,60,Arterial Other,WAVERLEY,MONASH,-37.88673,145.14569,2022,8,August,17,Afternoon Peak,Weekday
T20220017476,2022-08-05,07:07:00,1,Collision with vehicle,5,Friday,130,REAR END(VEHICLES IN SAME LANE),1,778980,Not at intersection,3,100,Freeway,MONASH,MONASH,-37.893642,145.13693,2022,8,August,7,Morning Peak,Weekday
T20220017541,2022-08-05,12:30:00,2,Struck Pedestrian,5,Friday,101,PED EMERGES FROM IN FRONT OF PARKED OR STATIONARY VEHICLE,1,782344,Not at intersection,3,60,Local Road,MACLEOD,EAST GIPPSLAND,-37.8272,147.63193,2022,8,August,12,Midday,Weekday