ACCIDENT_NO,ACCIDENT_DATE,ACCIDENT_TIME,ACCIDENT_TYPE,ACCIDENT_TYPE_DESC,DAY_OF_WEEK,DAY_WEEK_DESC,DCA_CODE,DCA_DESC,LIGHT_CONDITION,NODE_ID,ROAD_GEOMETRY_DESC,SEVERITY,SPEED_ZONE,RMA,ROAD_NAME,LGA_NAME,LATITUDE,LONGITUDE,YEAR,MONTH,MONTH_NAME,HOUR,TIME_PERIOD,DAY_TYPE
T20220017543,2022-08-05,19:43:00,4,Collision with a fixed object,5,Friday,171,LEFT OFF CARRIAGEWAY INTO OBJECT/PARKED VEHICLE,3,782342,Not at intersection,3,60,Arterial Other,MILLERS,HOBSONS BAY,-37.83601,144.84744,2022,8,August,19,Night,Weekday
T20220017544,2022-08-05,20:46:00,1,Collision with vehicle,5,Friday,129,OTHER OPPOSING MANOEUVRES NOT INCLUDED IN DCAs 120-125.,3,722429,Not at intersection,3,60,Local Road,HALLETTS,MOORABOOL,-37.671528,144.4229,2022,8,August,20,Night,Weekday
T20220017546,2022-08-05,18:51:00,1,Collision with vehicle,5,Friday,113,RIGHT NEAR (INTERSECTIONS ONLY),3,45259,T intersection,2,50,Arterial Other,RALEIGH,MARIBYRNONG,-37.76958,144.89732,2022,8,August,18,Afternoon Peak,Weekday
T20220017549,2022-08-05,20:35:00,4,Collision with a fixed object,5,Friday,179,OTHER ACCIDENTS-OFF STRAIGHT NOT INCLUDED IN DCAs 170-175,3,782429,Not at intersection,3,80,Arterial Other,PASCOE VALE,HUME,-37.655933,144.92776,2022,8,August,20,Night,Weekday
T20220017552,2022-08-05,23:00:00,1,Collision with vehicle,5,Friday,110,CROSS TRAFFIC(INTERSECTIONS ONLY),3,437,Cross intersection,3,80,Arterial Highway,MAROONDAH,YARRA RANGES,-37.760338,145.32825,2022,8,August,23,Night,Weekday
T20220017477,2022-08-05,09:00:00,1,Collision with vehicle,5,Friday,131,LEFT REAR,2,778518,T intersection,3,50,Local Road,CLEARY,KINGSTON,-37.936214,145.1177,2022,8,August,9,Morning Peak,Weekday
T20220017558,2022-08-05,22:20:00,1,Collision with vehicle,5,Friday,110,CROSS TRAFFIC(INTERSECTIONS ONLY),3,44005,Cross intersection,2,80,Arterial Highway,DANDENONG-HASTINGS,MORNINGTON PENINSULA,-38.23865,145.21492,2022,8,August,22,Night,Weekday
T20220017562,2022-08-05,23:00:00,4,Collision with a fixed object,5,Friday,183,OFF LEFT BEND INTO OBJECT/PARKED VEHICLE,5,720642,Not at intersection,1,100,Arterial Highway,HAMILTON,CORANGAMITE,-37.975525,143.47958,2022,8,August,23,Night,Weekday
T20220017567,2022-08-05,11:03:00,1,Collision with vehicle,5,Friday,133,LANE SIDE SWIPE (VEHICLES IN PARALLEL LANES),1,774779,Not at intersection,3,100,Freeway,MONASH,MONASH,-37.89376,145.13794,2022,8,August,11,Midday,Weekday
T20230008063,2022-08-05,17:00:00,1,Collision with vehicle,5,Friday,130,REAR END(VEHICLES IN SAME LANE),1,765790,Not at intersection,3,80,Arterial Highway,STUD,KNOX,-37.917454,145.23518,2022,8,August,17,Afternoon Peak,Weekday
T20220017575,2022-08-05,04:50:00,1,Collision with vehicle,5,Friday,110,CROSS TRAFFIC(INTERSECTIONS ONLY),3,997,Cross intersection,3,60,Arterial Other,COBURNS ROAD -HIGH,MELTON,-37.684307,144.56819,2022,8,August,4,Late Night,Weekday
T20220017480,2022-08-05,09:55:00,1,Collision with vehicle,5,Friday,140,U TURN,1,720725,T intersection,3,60,Local Road,BENNET,DANDENONG,-37.986263,145.19966,2022,8,August,9,Morning Peak,Weekday
T20220018390,2022-08-05,06:35:00,1,Collision with vehicle,5,Friday,130,REAR END(VEHICLES IN SAME LANE),3,355452,Not at intersection,3,80,Arterial Highway,THOMPSONS,CASEY,-38.08226,145.27632,2022,8,August,6,Morning Peak,Weekday
T20230009553,2022-08-05,13:00:00,1,Collision with vehicle,5,Friday,163,VEHICLE STRIKES DOOR OF PARKED/STATIONARY VEHICLE,1,779676,Not at intersection,3,40,Local Road,GLEN HUNTLY,GLEN EIRA,-37.88389,144.9979,2022,8,August,13,Midday,Weekday
T20220017594,2022-08-05,21:23:00,1,Collision with vehicle,5,Friday,143,ENTERING PARKING,3,721110,Not at intersection,3,40,Arterial Other,RYRIE,GEELONG,-38.149776,144.3614,2022,8,August,21,Night,Weekday
T20220018080,2022-08-05,13:15:00,7,Fall from or in moving vehicle,5,Friday,179,OTHER ACCIDENTS-OFF STRAIGHT NOT INCLUDED IN DCAs 170-175,1,289043,Cross intersection,2,50,Arterial Other,FLEMINGTON,MELBOURNE,-37.799652,144.95503,2022,8,August,13,Midday,Weekday
T20220017484,2022-08-05,07:57:00,1,Collision with vehicle,5,Friday,130,REAR END(VEHICLES IN SAME LANE),1,720535,Not at intersection,2,80,Arterial Highway,PRINCES,DANDENONG,-37.948135,145.17317,2022,8,August,7,Morning Peak,Weekday
T20220018365,2022-08-05,10:20:00,1,Collision with vehicle,5,Friday,110,CROSS TRAFFIC(INTERSECTIONS ONLY),1,782516,Cross intersection,3,60,Arterial Highway,SURFCOAST,GEELONG,-38.22515,144.3369,2022,8,August,10,Midday,Weekday
T20220018294,2022-08-05,13:03:00,5,collision with some other object,5,Friday,166,STRUCK OBJECT ON CARRIAGEWAY,1,785847,Not at intersection,2,100,Arterial Other,CHARLTON-ST ARNAUD,BULOKE,-36.4324,143.29895,2022,8,August,13,Midday,Weekday
T20220017469,2022-08-05,06:00:00,1,Collision with vehicle,5,Friday,121,RIGHT THROUGH,3,43829,T intersection,2,60,Local Road,BAYNES PARK,YARRA RANGES,-37.878895,145.39664,2022,8,August,6,Morning Peak,Weekday
T20230000738,2022-08-05,22:50:00,1,Collision with vehicle,5,Friday,130,REAR END(VEHICLES IN SAME LANE),3,54136,Cross intersection,3,60,Arterial Other,GEELONG,BALLARAT,-37.588776,143.86668,2022,8,August,22,Night,Weekday
T20220017491,2022-08-05,09:40:00,4,Collision with a fixed object,5,Friday,173,RIGHT OFF CARRIAGEWAY INTO OBJECT/PARKED VEHICLE,1,782345,T intersection,3,60,Arterial Other,SEPARATION,GEELONG,-38.10943,144.33186,2022,8,August,9,Morning Peak,Weekday
T20220028704,2022-08-05,16:30:00,1,Collision with vehicle,5,Friday,130,REAR END(VEHICLES IN SAME LANE),1,779679,Not at intersection,3,80,Freeway,WESTERN RING,HUME,-37.705704,144.88802,2022,8,August,16,Afternoon Peak,Weekday
T20220022181,2022-08-05,16:30:00,1,Collision with vehicle,5,Friday,110,CROSS TRAFFIC(INTERSECTIONS ONLY),1,727507,Cross intersection,3,50,Local Road,CHATFIELD,BOROONDARA,-37.814377,145.07057,2022,8,August,16,Afternoon Peak,Weekday
T20220017492,2022-08-05,12:00:00,1,Collision with vehicle,5,Friday,113,RIGHT NEAR (INTERSECTIONS ONLY),1,41434,T intersection,3,60,Local Road,KOORNANG,GLEN EIRA,-37.88621,145.05763,2022,8,August,12,Midday,Weekday
T20220024654,2022-08-05,16:30:00,1,Collision with vehicle,5,Friday,147,VEHICLE STRIKES ANOTHER VEH WHILE EMERGING FROM DRIVEWAY,1,780194,Not at intersection,3,50,Local Road,SEVENTH,MILDURA,-34.182117,142.16263,2022,8,August,16,Afternoon Peak,Weekday
T20220017495,2022-08-05,11:20:00,1,Collision with vehicle,5,Friday,120,HEAD ON (NOT OVERTAKING),1,722949,T intersection,3,50,Local Road,WATERVIEW,WHITTLESEA,-37.612747,145.09204,2022,8,August,11,Midday,Weekday
T20220017496,2022-08-05,12:05:00,8,No collision and no object struck,5,Friday,170,OFF CARRIAGEWAY TO LEFT,1,723716,Not at intersection,2,100,Arterial Other,LANCEFIELD-TOOBORAC,MACEDON RANGES,-37.231777,144.74026,2022,8,August,12,Midday,Weekday
T20220017501,2022-08-05,07:00:00,1,Collision with vehicle,5,Friday,120,HEAD ON (NOT OVERTAKING),2,733715,Not at intersection,1,100,Arterial Other,KATAMATITE-SHEPPARTON,MOIRA,-36.127087,145.64731,2022,8,August,7,Morning Peak,Weekday
T20220017503,2022-08-05,13:27:00,1,Collision with vehicle,5,Friday,121,RIGHT THROUGH,1,774836,T intersection,2,60,Local Road,BURKE,MARIBYRNONG,-37.779175,144.84947,2022,8,August,13,Midday,Weekday
T20220017472,2022-08-05,07:44:00,1,Collision with vehicle,5,Friday,160,VEHICLE COLLIDES WITH VEHICLE PARKED ON LEFT OF ROAD,1,723318,Not at intersection,3,50,Local Road,ASHMORE,MORELAND,-37.763855,144.9711,2022,8,August,7,Morning Peak,Weekday
T20220017508,2022-08-05,15:07:00,1,Collision with vehicle,5,Friday,110,CROSS TRAFFIC(INTERSECTIONS ONLY),1,720537,Cross intersection,3,60,Local Road,MURPHY,BENDIGO,-36.74669,144.30421,2022,8,August,15,Afternoon Peak,Weekday
T20220018713,2022-08-05,14:29:00,1,Collision with vehicle,5,Friday,130,REAR END(VEHICLES IN SAME LANE),1,774855,Not at intersection,3,60,Arterial Other,LEARMONTH,BALLARAT,-37.56967,143.81053,2022,8,August,14,Midday,Weekday
T20220017799,2022-08-05,15:55:00,8,No collision and no object struck,5,Friday,179,OTHER ACCIDENTS-OFF STRAIGHT NOT INCLUDED IN DCAs 170-175,1,721803,Not at intersection,3,100,Local Road,WALSHS,MANSFIELD,-37.1743,145.99745,2022,8,August,15,Afternoon Peak,Weekday
T20220018592,2022-08-05,15:37:00,1,Collision with vehicle,5,Friday,113,RIGHT NEAR (INTERSECTIONS ONLY),1,722028,T intersection,3,50,Local Road,GOOD GOVERNS,WHITEHORSE,-37.82218,145.21327,2022,8,August,15,Afternoon Peak,Weekday
T20220017807,2022-08-05,10:40:00,1,Collision with vehicle,5,Friday,130,REAR END(VEHICLES IN SAME LANE),9,37206,T intersection,3,40,Arterial Other,CHURCH,YARRA,-37.823895,144.99825,2022,8,August,10,Midday,Weekday
T20220017514,2022-08-05,10:30:00,1,Collision with vehicle,5,Friday,130,REAR END(VEHICLES IN SAME LANE),1,721695,Not at intersection,3,60,Arterial Other,HIGH STREET,MONASH,-37.873016,145.15529,2022,8,August,10,Midday,Weekday
T20220017516,2022-08-05,16:40:00,1,Collision with vehicle,5,Friday,110,CROSS TRAFFIC(INTERSECTIONS ONLY),1,43788,Cross intersection,2,60,Arterial Other,CLEGG,YARRA RANGES,-37.782345,145.41853,2022,8,August,16,Afternoon Peak,Weekday
T20220017606,2022-08-06,17:50:00,1,Collision with vehicle,6,Saturday,150,HEAD ON(OVERTAKING),3,723320,Not at intersection,2,80,Arterial Other,SAND,BAW BAW,-38.090385,145.7768,2022,8,August,17,Afternoon Peak,Weekend
T20220017556,2022-08-06,01:45:00,4,Collision with a fixed object,6,Saturday,171,LEFT OFF CARRIAGEWAY INTO OBJECT/PARKED VEHICLE,3,748152,Not at intersection,2,60,Arterial Other,BALLARAT,MARIBYRNONG,-37.780678,144.86153,2022,8,August,1,Late Night,Weekend
T20220018222,2022-08-06,13:50:00,1,Collision with vehicle,6,Saturday,130,REAR END(VEHICLES IN SAME LANE),1,109101,Not at intersection,3,60,Arterial Highway,PLENTY,DAREBIN,-37.70012,145.05809,2022,8,August,13,Midday,Weekend
T20220017644,2022-08-06,18:10:00,2,Struck Pedestrian,6,Saturday,100,PED NEAR SIDE. PED HIT BY VEHICLE FROM THE RIGHT.,3,39925,Cross intersection,3,60,Arterial Other,BLACKSHAWS,HOBSONS BAY,-37.830708,144.84335,2022,8,August,18,Afternoon Peak,Weekend
T20220017645,2022-08-06,22:10:00,4,Collision with a fixed object,6,Saturday,173,RIGHT OFF CARRIAGEWAY INTO OBJECT/PARKED VEHICLE,5,773158,Not at intersection,3,100,Local Road,DAMMS,ALPINE,-36.724777,147.17944,2022,8,August,22,Night,Weekend
T20220017578,2022-08-06,13:30:00,1,Collision with vehicle,6,Saturday,110,CROSS TRAFFIC(INTERSECTIONS ONLY),1,40055,Cross intersection,3,40,Local Road,LANGRIDGE,PORT PHILLIP,-37.854645,144.96545,2022,8,August,13,Midday,Weekend
T20220017580,2022-08-06,06:34:00,1,Collision with vehicle,6,Saturday,130,REAR END(VEHICLES IN SAME LANE),3,291434,Cross intersection,3,60,Arterial Other,ROYAL,MELBOURNE,-37.792553,144.95845,2022,8,August,6,Morning Peak,Weekend
T20220017581,2022-08-06,13:00:00,1,Collision with vehicle,6,Saturday,199,UNKNOWN-NO DETAILS ON MANOEUVRES OF ROAD-USERS IN ACCIDENT,1,773907,Not at intersection,3,50,Local Road,RAGLAN,BALLARAT,-37.48146,143.80359,2022,8,August,13,Midday,Weekend
T20220017582,2022-08-06,13:47:00,1,Collision with vehicle,6,Saturday,130,REAR END(VEHICLES IN SAME LANE),1,779059,Not at intersection,3,80,Freeway,WEST GATE,MELBOURNE,-37.825645,144.93634,2022,8,August,13,Midday,Weekend
T20220018207,2022-08-06,16:00:00,6,Vehicle overturned (no collision),6,Saturday,180,OFF CARRIAGEWAY ON RIGHT BEND,1,782523,Not at intersection,3,100,Arterial Other,INVERLEIGH-SHELFORD,GOLDEN PLAINS,-38.02364,143.97804,2022,8,August,16,Afternoon Peak,Weekend
T20220017655,2022-08-06,19:04:00,2,Struck Pedestrian,6,Saturday,102,FAR SIDE. PED HIT BY VEHICLE FROM THE LEFT,3,294054,Cross intersection,3,60,Local Road,DOVETON,BALLARAT,-37.557194,143.85533,2022,8,August,19,Night,Weekend
T20220018110,2022-08-06,18:00:00,1,Collision with vehicle,6,Saturday,130,REAR END(VEHICLES IN SAME LANE),3,725858,T intersection,3,70,Arterial Other,SPRINGVALE,MANNINGHAM,-37.765434,145.1823,2022,8,August,18,Afternoon Peak,Weekend
T20220018670,2022-08-06,10:15:00,1,Collision with vehicle,6,Saturday,136,RIGHT TURN SIDESWIPE,1,722102,Not at intersection,3,60,Arterial Other,HAILES,BANYULE,-37.70258,145.10487,2022,8,August,10,Midday,Weekend
T20220017602,2022-08-06,17:30:00,4,Collision with a fixed object,6,Saturday,173,RIGHT OFF CARRIAGEWAY INTO OBJECT/PARKED VEHICLE,2,726781,Not at intersection,2,50,Local Road,GRANDVIEW,MONASH,-37.918343,145.1937,2022,8,August,17,Afternoon Peak,Weekend
T20220017605,2022-08-06,19:05:00,2,Struck Pedestrian,6,Saturday,102,FAR SIDE. PED HIT BY VEHICLE FROM THE LEFT,3,721802,Not at intersection,3,60,Local Road,ARMSTRONG,BALLARAT,-37.56025,143.85658,2022,8,August,19,Night,Weekend
T20220017750,2022-08-06,14:40:00,1,Collision with vehicle,6,Saturday,121,RIGHT THROUGH,9,43355,Cross intersection,3,50,Local Road,MCKENZIE,FRANKSTON,-38.10345,145.12843,2022,8,August,14,Midday,Weekend
T20220017608,2022-08-06,18:30:00,6,Vehicle overturned (no collision),6,Saturday,180,OFF CARRIAGEWAY ON RIGHT BEND,5,782565,Not at intersection,3,80,Arterial Other,FORREST-APOLLO BAY,COLAC OTWAY,-38.634727,143.71361,2022,8,August,18,Afternoon Peak,Weekend
T20220018342,2022-08-06,20:30:00,1,Collision with vehicle,6,Saturday,130,REAR END(VEHICLES IN SAME LANE),9,304636,Cross intersection,3,60,Local Road,AITKEN,HUME,-37.616432,144.91342,2022,8,August,20,Night,Weekend
T20220017610,2022-08-06,18:10:00,1,Collision with vehicle,6,Saturday,116,LEFT NEAR (INTERSECTIONS ONLY),3,773832,T intersection,2,50,Local Road,HATCHLANDS,BRIMBANK,-37.77708,144.7564,2022,8,August,18,Afternoon Peak,Weekend
T20220017613,2022-08-06,16:31:00,1,Collision with vehicle,6,Saturday,121,RIGHT THROUGH,1,720800,T intersection,3,70,Arterial Other,BALLARTO,FRANKSTON,-38.117516,145.19681,2022,8,August,16,Afternoon Peak,Weekend
T20220017615,2022-08-06,21:30:00,4,Collision with a fixed object,6,Saturday,171,LEFT OFF CARRIAGEWAY INTO OBJECT/PARKED VEHICLE,5,782567,Not at intersection,3,80,Arterial Other,DIGGERS REST-COIMADAI,MOORABOOL,-37.611298,144.51418,2022,8,August,21,Night,Weekend
T20220017566,2022-08-06,03:10:00,4,Collision with a fixed object,6,Saturday,171,LEFT OFF CARRIAGEWAY INTO OBJECT/PARKED VEHICLE,3,774778,Not at intersection,3,40,Local Road,LA TROBE,MELBOURNE,-37.810226,144.96167,2022,8,August,3,Late Night,Weekend
T20220017618,2022-08-06,18:52:00,1,Collision with vehicle,6,Saturday,121,RIGHT THROUGH,3,36867,Cross intersection,3,40,Local Road,COLLINS,MELBOURNE,-37.817642,144.9591,2022,8,August,18,Afternoon Peak,Weekend
T20220017619,2022-08-06,21:39:00,2,Struck Pedestrian,6,Saturday,100,PED NEAR SIDE. PED HIT BY VEHICLE FROM THE RIGHT.,3,39605,Cross intersection,3,60,Arterial Highway,MAROONDAH,MAROONDAH,-37.81696,145.22049,2022,8,August,21,Night,Weekend
T20220017623,2022-08-06,21:38:00,1,Collision with vehicle,6,Saturday,120,HEAD ON (NOT OVERTAKING),5,774780,Not at intersection,2,100,Arterial Other,BIRREGURRA-FORREST,COLAC OTWAY,-38.36579,143.7903,2022,8,August,21,Night,Weekend
T20220017624,2022-08-06,18:00:00,1,Collision with vehicle,6,Saturday,121,RIGHT THROUGH,3,782535,Not at intersection,3,60,Arterial Other,HUNTINGDALE,MONASH,-37.85711,145.11372,2022,8,August,18,Afternoon Peak,Weekend
T20220017625,2022-08-06,23:30:00,1,Collision with vehicle,6,Saturday,110,CROSS TRAFFIC(INTERSECTIONS ONLY),3,45526,Cross intersection,3,60,Arterial Other,MELVILLE,MORELAND,-37.765644,144.9436,2022,8,August,23,Night,Weekend
T20220017626,2022-08-06,00:50:00,1,Collision with vehicle,6,Saturday,121,RIGHT THROUGH,3,583995,T intersection,3,80,Arterial Highway,DANDENONG,MONASH,-37.924656,145.14331,2022,8,August,0,Late Night,Weekend
T20220018355,2022-08-06,15:00:00,1,Collision with vehicle,6,Saturday,130,REAR END(VEHICLES IN SAME LANE),1,722314,Not at intersection,3,80,Arterial Highway,DINGLEY,KINGSTON,-37.95965,145.11293,2022,8,August,15,Afternoon Peak,Weekend
T20220017564,2022-08-06,05:21:00,4,Collision with a fixed object,6,Saturday,171,LEFT OFF CARRIAGEWAY INTO OBJECT/PARKED VEHICLE,3,723947,Not at intersection,3,60,Local Road,SALTWATER,WYNDHAM,-37.91189,144.77681,2022,8,August,5,Morning Peak,Weekend
T20220017675,2022-08-07,14:00:00,4,Collision with a fixed object,7,Sunday,181,OFF RIGHT BEND INTO OBJECT/PARKED VEHICLE,1,734652,Not at intersection,2,100,Arterial Other,GRAMPIANS,ARARAT,-37.300392,142.52827,2022,8,August,14,Midday,Weekend
T20220018509,2022-08-07,11:45:00,1,Collision with vehicle,7,Sunday,130,REAR END(VEHICLES IN SAME LANE),1,779067,Not at intersection,3,80,Freeway,WEST GATE,MELBOURNE,-37.825943,144.93343,2022,8,August,11,Midday,Weekend
T20220017682,2022-08-07,18:00:00,1,Collision with vehicle,7,Sunday,111,RIGHT FAR (INTERSECTIONS ONLY),3,45209,T intersection,3,60,Arterial Other,BARRY,HUME,-37.66638,144.9461,2022,8,August,18,Afternoon Peak,Weekend
T20220018517,2022-08-07,12:00:00,8,No collision and no object struck,7,Sunday,174,OUT OF CONTROL ON CARRIAGEWAY (ON STRAIGHT),1,721898,Not at intersection,3,80,Local Road,SOLDIERS,CARDINIA,-37.907215,145.59454,2022,8,August,12,Midday,Weekend
T20220017684,2022-08-07,14:53:00,4,Collision with a fixed object,7,Sunday,173,RIGHT OFF CARRIAGEWAY INTO OBJECT/PARKED VEHICLE,1,726381,Not at intersection,2,100,Arterial Other,TATURA-UNDERA,SHEPPARTON,-36.339546,145.2228,2022,8,August,14,Midday,Weekend
T20220017688,2022-08-07,17:23:00,4,Collision with a fixed object,7,Sunday,173,RIGHT OFF CARRIAGEWAY INTO OBJECT/PARKED VEHICLE,2,723986,Not at intersection,2,80,Arterial Other,BEECHWORTH-WODONGA,INDIGO,-36.29066,146.73161,2022,8,August,17,Afternoon Peak,Weekend
T20220017691,2022-08-07,16:30:00,1,Collision with vehicle,7,Sunday,130,REAR END(VEHICLES IN SAME LANE),9,720993,Not at intersection,3,60,Arterial Highway,TOORAK,BOROONDARA,-37.848236,145.07672,2022,8,August,16,Afternoon Peak,Weekend
T20220017693,2022-08-07,21:10:00,4,Collision with a fixed object,7,Sunday,173,RIGHT OFF CARRIAGEWAY INTO OBJECT/PARKED VEHICLE,3,344392,Not at intersection,2,60,Arterial Other,HEATHERTON,DANDENONG,-37.970898,145.22209,2022,8,August,21,Night,Weekend
T20220017639,2022-08-07,09:40:00,1,Collision with vehicle,7,Sunday,140,U TURN,1,581098,T intersection,3,60,Local Road,LINSELL,CASEY,-38.102108,145.3181,2022,8,August,9,Morning Peak,Weekend
T20220018006,2022-08-07,15:55:00,1,Collision with vehicle,7,Sunday,132,RIGHT REAR.,1,221472,T intersection,3,70,Arterial Other,SYDNEY,MORELAND,-37.704544,144.96068,2022,8,August,15,Afternoon Peak,Weekend
T20220017822,2022-08-07,19:45:00,5,collision with some other object,7,Sunday,173,RIGHT OFF CARRIAGEWAY INTO OBJECT/PARKED VEHICLE,3,54276,Cross intersection,2,60,Arterial Other,CITY,MELBOURNE,-37.82567,144.96042,2022,8,August,19,Night,Weekend
T20220017637,2022-08-07,06:30:00,4,Collision with a fixed object,7,Sunday,189,OTHER ACCIDENTS ON CURVE NOT INCLUDED IN DCAs 180-184,5,774781,Not at intersection,2,100,Arterial Highway,MIDLAND,SHEPPARTON,-36.415195,145.6221,2022,8,August,6,Morning Peak,Weekend
T20220017678,2022-08-07,01:45:00,2,Struck Pedestrian,7,Sunday,103,PED PLAYING/LYING/WORKING/STANDING ON CARRIAGEWAY.,3,782572,Not at intersection,3,40,Arterial Other,MAIN,MORNINGTON PENINSULA,-38.219532,145.03853,2022,8,August,1,Late Night,Weekend
T20220017643,2022-08-07,06:00:00,4,Collision with a fixed object,7,Sunday,171,LEFT OFF CARRIAGEWAY INTO OBJECT/PARKED VEHICLE,3,785852,Not at intersection,2,60,Arterial Other,MCINTYRE,BRIMBANK,-37.77457,144.82918,2022,8,August,6,Morning Peak,Weekend
T20220017654,2022-08-07,08:13:00,1,Collision with vehicle,7,Sunday,120,HEAD ON (NOT OVERTAKING),1,766389,Not at intersection,2,80,Arterial Other,CLYDE-FIVE WAYS,CASEY,-38.13604,145.32375,2022,8,August,8,Morning Peak,Weekend
T20220017656,2022-08-07,14:39:00,1,Collision with vehicle,7,Sunday,160,VEHICLE COLLIDES WITH VEHICLE PARKED ON LEFT OF ROAD,1,780239,Not at intersection,3,60,Arterial Other,CANTERBURY,BOROONDARA,-37.82476,145.08733,2022,8,August,14,Midday,Weekend
T20220017659,2022-08-07,12:32:00,1,Collision with vehicle,7,Sunday,120,HEAD ON (NOT OVERTAKING),1,779461,Not at intersection,3,100,Local Road,GLEN ALVIE,BASS COAST,-38.48591,145.64584,2022,8,August,12,Midday,Weekend
T20220017662,2022-08-07,12:20:00,1,Collision with vehicle,7,Sunday,160,VEHICLE COLLIDES WITH VEHICLE PARKED ON LEFT OF ROAD,1,785854,Not at intersection,2,40,Local Road,ST ALBANS,GEELONG,-38.161026,144.37161,2022,8,August,12,Midday,Weekend
T20220017664,2022-08-07,12:45:00,1,Collision with vehicle,7,Sunday,153,CUTTING IN (OVERTAKING),1,782576,Not at intersection,3,80,Arterial Other,WESTALL,KINGSTON,-37.97764,145.141,2022,8,August,12,Midday,Weekend
T20220017665,2022-08-07,14:55:00,1,Collision with vehicle,7,Sunday,112,LEFT FAR (INTERSECTIONS ONLY),1,721060,T intersection,3,60,Local Road,STRACHAN,MORELAND,-37.716488,144.91908,2022,8,August,14,Midday,Weekend
T20220018673,2022-08-07,12:30:00,1,Collision with vehicle,7,Sunday,130,REAR END(VEHICLES IN SAME LANE),9,722221,Not at intersection,3,60,Arterial Other,NARRE WARREN NORTH,CASEY,-38.013767,145.30942,2022,8,August,12,Midday,Weekend
T20220017668,2022-08-07,12:45:00,1,Collision with vehicle,7,Sunday,160,VEHICLE COLLIDES WITH VEHICLE PARKED ON LEFT OF ROAD,1,721384,Not at intersection,2,50,Local Road,LUM,MONASH,-37.89506,145.18173,2022,8,August,12,Midday,Weekend
T20220017669,2022-08-07,15:20:00,1,Collision with vehicle,7,Sunday,160,VEHICLE COLLIDES WITH VEHICLE PARKED ON LEFT OF ROAD,1,720853,Not at intersection,2,50,Local Road,BELCHESTER,YARRA RANGES,-37.73065,145.37894,2022,8,August,15,Afternoon Peak,Weekend
T20220017670,2022-08-07,12:20:00,4,Collision with a fixed object,7,Sunday,181,OFF RIGHT BEND INTO OBJECT/PARKED VEHICLE,1,720775,Not at intersection,2,100,Local Road,MYRTLEBANK-FULHAM,WELLINGTON,-38.081127,147.01831,2022,8,August,12,Midday,Weekend
T20220019206,2022-08-08,09:50:00,1,Collision with vehicle,1,Monday,130,REAR END(VEHICLES IN SAME LANE),1,779070,Not at intersection,3,80,Arterial Other,BORONIA,KNOX,-37.847942,145.22847,2022,8,August,9,Morning Peak,Weekday
T20220017863,2022-08-08,19:15:00,1,Collision with vehicle,1,Monday,130,REAR END(VEHICLES IN SAME LANE),3,721063,Not at intersection,2,60,Arterial Other,ANAKIE,GEELONG,-38.09218,144.33511,2022,8,August,19,Night,Weekday
T20220017705,2022-08-08,08:05:00,1,Collision with vehicle,1,Monday,121,RIGHT THROUGH,1,40224,Cross intersection,3,60,Arterial Other,WATTLETREE,STONNINGTON,-37.861263,145.01971,2022,8,August,8,Morning Peak,Weekday
T20220025293,2022-08-08,12:00:00,8,No collision and no object struck,1,Monday,151,OUT OF CONTROL (OVERTAKING),9,734492,Not at intersection,3,60,Arterial Other,TOORONGA,STONNINGTON,-37.84976,145.0429,2022,8,August,12,Midday,Weekday
T20220017711,2022-08-08,09:30:00,4,Collision with a fixed object,1,Monday,173,RIGHT OFF CARRIAGEWAY INTO OBJECT/PARKED VEHICLE,1,785856,Not at intersection,2,60,Local Road,PARKHILL,CASEY,-38.015644,145.3231,2022,8,August,9,Morning Peak,Weekday
T20220017713,2022-08-08,08:30:00,1,Collision with vehicle,1,Monday,113,RIGHT NEAR (INTERSECTIONS ONLY),1,721463,T intersection,3,50,Local Road,ENTERPRISE,WHITTLESEA,-37.685574,145.07614,2022,8,August,8,Morning Peak,Weekday
T20220026343,2022-08-08,14:00:00,1,Collision with vehicle,1,Monday,148,VEHICLE OFF FOOTPATH STRIKES VEH ON CARRIAGEWAY,1,19361,Cross intersection,3,60,Arterial Other,WARREN,CAMPASPE,-36.12482,144.73628,2022,8,August,14,Midday,Weekday
T20220020631,2022-08-08,15:45:00,1,Collision with vehicle,1,Monday,130,REAR END(VEHICLES IN SAME LANE),1,727277,Not at intersection,3,60,Arterial Other,MT ALEXANDER,MOONEE VALLEY,-37.75304,144.91595,2022,8,August,15,Afternoon Peak,Weekday
T20220017715,2022-08-08,09:15:00,1,Collision with vehicle,1,Monday,110,CROSS TRAFFIC(INTERSECTIONS ONLY),1,724910,Cross intersection,2,100,Local Road,GLENDONALD,BALLARAT,-37.369156,143.78773,2022,8,August,9,Morning Peak,Weekday
T20220024838,2022-08-08,16:00:00,1,Collision with vehicle,1,Monday,113,RIGHT NEAR (INTERSECTIONS ONLY),1,782578,T intersection,3,60,Local Road,DAVIS,WYNDHAM,-37.847324,144.65085,2022,8,August,16,Afternoon Peak,Weekday
T20220018040,2022-08-08,09:20:00,1,Collision with vehicle,1,Monday,163,VEHICLE STRIKES DOOR OF PARKED/STATIONARY VEHICLE,1,779729,Not at intersection,3,40,Arterial Other,GLENFERRIE,BOROONDARA,-37.822437,145.03539,2022,8,August,9,Morning Peak,Weekday