ACCIDENT_NO,ACCIDENT_DATE,ACCIDENT_TIME,ACCIDENT_TYPE,ACCIDENT_TYPE_DESC,DAY_OF_WEEK,DAY_WEEK_DESC,DCA_CODE,DCA_DESC,LIGHT_CONDITION,NODE_ID,ROAD_GEOMETRY_DESC,SEVERITY,SPEED_ZONE,RMA,ROAD_NAME,LGA_NAME,LATITUDE,LONGITUDE,YEAR,MONTH,MONTH_NAME,HOUR,TIME_PERIOD,DAY_TYPE
T20220017702,2022-08-08,07:55:00,1,Collision with vehicle,1,Monday,147,VEHICLE STRIKES ANOTHER VEH WHILE EMERGING FROM DRIVEWAY,1,281239,Not at intersection,3,60,Local Road,HIGH,DAREBIN,-37.7181,145.0074,2022,8,August,7,Morning Peak,Weekday
T20220017727,2022-08-08,13:05:00,6,Vehicle overturned (no collision),1,Monday,174,OUT OF CONTROL ON CARRIAGEWAY (ON STRAIGHT),1,720938,T intersection,3,80,Local Road,OLD MELBOURNE,YARRA RANGES,-37.765545,145.30394,2022,8,August,13,Midday,Weekday
T20220017802,2022-08-08,13:55:00,1,Collision with vehicle,1,Monday,147,VEHICLE STRIKES ANOTHER VEH WHILE EMERGING FROM DRIVEWAY,1,720939,Not at intersection,3,60,Local Road,DAVID HILL,YARRA RANGES,-37.88309,145.42744,2022,8,August,13,Midday,Weekday
T20220017737,2022-08-08,13:18:00,1,Collision with vehicle,1,Monday,121,RIGHT THROUGH,1,38456,T intersection,1,60,Arterial Other,HULL,YARRA RANGES,-37.775345,145.33038,2022,8,August,13,Midday,Weekday
T20220017896,2022-08-08,13:40:00,1,Collision with vehicle,1,Monday,130,REAR END(VEHICLES IN SAME LANE),1,531,Y intersection,3,60,Arterial Other,HULL,YARRA RANGES,-37.78917,145.31036,2022,8,August,13,Midday,Weekday
T20220017741,2022-08-08,13:44:00,1,Collision with vehicle,1,Monday,130,REAR END(VEHICLES IN SAME LANE),1,783981,Cross intersection,2,70,Arterial Other,PIONEER ROAD -SOUTH VALLEY,GEELONG,-38.19682,144.31863,2022,8,August,13,Midday,Weekday
T20220017718,2022-08-08,10:05:00,4,Collision with a fixed object,1,Monday,171,LEFT OFF CARRIAGEWAY INTO OBJECT/PARKED VEHICLE,1,721111,Not at intersection,2,100,Local Road,MCCULLOUGH,BAW BAW,-37.966434,146.01999,2022,8,August,10,Midday,Weekday
T20220017882,2022-08-08,07:42:00,1,Collision with vehicle,1,Monday,130,REAR END(VEHICLES IN SAME LANE),1,43624,Cross intersection,3,80,Arterial Highway,PRINCES,CASEY,-38.02005,145.2982,2022,8,August,7,Morning Peak,Weekday
T20220017746,2022-08-08,15:00:00,1,Collision with vehicle,1,Monday,113,RIGHT NEAR (INTERSECTIONS ONLY),1,704664,T intersection,3,80,Local Road,ABBOTTS,DANDENONG,-38.034504,145.24516,2022,8,August,15,Afternoon Peak,Weekday
T20220017747,2022-08-08,15:40:00,1,Collision with vehicle,1,Monday,150,HEAD ON(OVERTAKING),1,64197,T intersection,3,60,Arterial Other,ASCOT VALE,MOONEE VALLEY,-37.77528,144.92346,2022,8,August,15,Afternoon Peak,Weekday
T20220017748,2022-08-08,15:54:00,1,Collision with vehicle,1,Monday,135,LANE CHANGE LEFT (NOT OVERTAKING),1,723823,Not at intersection,2,100,Freeway,WESTERN,BRIMBANK,-37.79767,144.76292,2022,8,August,15,Afternoon Peak,Weekday
T20220017719,2022-08-08,09:43:00,4,Collision with a fixed object,1,Monday,171,LEFT OFF CARRIAGEWAY INTO OBJECT/PARKED VEHICLE,1,724110,Cross intersection,3,100,Local Road,STORYS,BENDIGO,-36.84572,144.33757,2022,8,August,9,Morning Peak,Weekday
T20220017751,2022-08-08,15:20:00,2,Struck Pedestrian,1,Monday,100,PED NEAR SIDE. PED HIT BY VEHICLE FROM THE RIGHT.,1,722633,Not at intersection,2,40,Local Road,KARS,CENTRAL GOLDFIELDS,-37.051598,143.73517,2022,8,August,15,Afternoon Peak,Weekday
T20220017752,2022-08-08,16:45:00,8,No collision and no object struck,1,Monday,170,OFF CARRIAGEWAY TO LEFT,1,782580,Not at intersection,3,60,Arterial Other,DONCASTER,BOROONDARA,-37.792946,145.06737,2022,8,August,16,Afternoon Peak,Weekday
T20220017905,2022-08-08,20:30:00,1,Collision with vehicle,1,Monday,121,RIGHT THROUGH,3,308783,Cross intersection,3,80,Arterial Highway,DINGLEY,KINGSTON,-37.95942,145.11278,2022,8,August,20,Night,Weekday
T20220017760,2022-08-08,17:21:00,1,Collision with vehicle,1,Monday,113,RIGHT NEAR (INTERSECTIONS ONLY),3,44636,T intersection,3,60,Arterial Other,LOWER PLENTY,BANYULE,-37.740997,145.06833,2022,8,August,17,Afternoon Peak,Weekday
T20220017761,2022-08-08,20:18:00,1,Collision with vehicle,1,Monday,120,HEAD ON (NOT OVERTAKING),5,721179,Not at intersection,3,60,Arterial Other,BRIDGE INN,WHITTLESEA,-37.600853,145.09795,2022,8,August,20,Night,Weekday
T20220017762,2022-08-08,18:53:00,4,Collision with a fixed object,1,Monday,171,LEFT OFF CARRIAGEWAY INTO OBJECT/PARKED VEHICLE,5,734085,Not at intersection,2,100,Freeway,PRINCES,HOBSONS BAY,-37.85484,144.77893,2022,8,August,18,Afternoon Peak,Weekday
T20220017767,2022-08-08,22:00:00,1,Collision with vehicle,1,Monday,115,RIGHT/LEFT FAR (INTERSECTIONS ONLY),3,38785,T intersection,3,60,Arterial Highway,BALLARAT,MARIBYRNONG,-37.79497,144.90431,2022,8,August,22,Night,Weekday
T20220019855,2022-08-08,15:00:00,1,Collision with vehicle,1,Monday,135,LANE CHANGE LEFT (NOT OVERTAKING),9,724112,Not at intersection,3,100,Freeway,WESTERN RING,BRIMBANK,-37.787006,144.78868,2022,8,August,15,Afternoon Peak,Weekday
T20220017771,2022-08-08,12:50:00,4,Collision with a fixed object,1,Monday,171,LEFT OFF CARRIAGEWAY INTO OBJECT/PARKED VEHICLE,1,59864,Cross intersection,3,50,Arterial Other,LOCKWOOD,BENDIGO,-36.79623,144.23938,2022,8,August,12,Midday,Weekday
T20220017717,2022-08-08,10:00:00,1,Collision with vehicle,1,Monday,130,REAR END(VEHICLES IN SAME LANE),1,696854,T intersection,3,50,Arterial Other,THOMPSONS,CASEY,-38.08817,145.32349,2022,8,August,10,Midday,Weekday
T20220021308,2022-08-09,19:13:00,1,Collision with vehicle,2,Tuesday,130,REAR END(VEHICLES IN SAME LANE),5,778952,Not at intersection,3,80,Freeway,PRINCES,CASEY,-38.039032,145.33139,2022,8,August,19,Night,Weekday
T20220018958,2022-08-09,16:00:00,1,Collision with vehicle,2,Tuesday,130,REAR END(VEHICLES IN SAME LANE),1,778941,Not at intersection,3,80,Arterial Highway,NEPEAN HIGHWAY SERVICE,KINGSTON,-37.96458,145.0573,2022,8,August,16,Afternoon Peak,Weekday
T20220019458,2022-08-09,09:45:00,1,Collision with vehicle,2,Tuesday,139,OTHER SAME DIRECTION-MANOUEVRES NOT INCLUDED IN DCAs 130-137,1,723223,Not at intersection,3,100,Freeway,MONASH,CASEY,-37.968544,145.23573,2022,8,August,9,Morning Peak,Weekday
T20220018630,2022-08-09,17:00:00,1,Collision with vehicle,2,Tuesday,130,REAR END(VEHICLES IN SAME LANE),2,773159,Not at intersection,3,80,Local Road,LEAKES,WYNDHAM,-37.836197,144.70857,2022,8,August,17,Afternoon Peak,Weekday
T20220018122,2022-08-09,18:25:00,1,Collision with vehicle,2,Tuesday,113,RIGHT NEAR (INTERSECTIONS ONLY),3,782647,T intersection,3,60,Arterial Other,MITCHAM,MANNINGHAM,-37.804363,145.18948,2022,8,August,18,Afternoon Peak,Weekday
T20220017873,2022-08-09,21:45:00,1,Collision with vehicle,2,Tuesday,110,CROSS TRAFFIC(INTERSECTIONS ONLY),3,43147,Cross intersection,3,80,Arterial Other,HEATHERTON,CASEY,-37.974216,145.25269,2022,8,August,21,Night,Weekday
T20220017773,2022-08-09,07:40:00,1,Collision with vehicle,2,Tuesday,116,LEFT NEAR (INTERSECTIONS ONLY),1,720994,T intersection,2,50,Local Road,NOORONG,BANYULE,-37.705055,145.06206,2022,8,August,7,Morning Peak,Weekday
T20220017776,2022-08-09,07:10:00,1,Collision with vehicle,2,Tuesday,113,RIGHT NEAR (INTERSECTIONS ONLY),1,58563,T intersection,3,60,Local Road,MAYFAIR,WODONGA,-36.11314,146.85733,2022,8,August,7,Morning Peak,Weekday
T20220017781,2022-08-09,08:15:00,1,Collision with vehicle,2,Tuesday,113,RIGHT NEAR (INTERSECTIONS ONLY),1,38277,Cross intersection,3,50,Arterial Other,THOMPSONS,MANNINGHAM,-37.76951,145.1004,2022,8,August,8,Morning Peak,Weekday
T20220018205,2022-08-09,15:30:00,1,Collision with vehicle,2,Tuesday,140,U TURN,9,725059,Not at intersection,2,60,Local Road,BUSH,WHITTLESEA,-37.65377,145.07732,2022,8,August,15,Afternoon Peak,Weekday
T20220017784,2022-08-09,09:15:00,1,Collision with vehicle,2,Tuesday,130,REAR END(VEHICLES IN SAME LANE),1,722215,Not at intersection,3,80,Arterial Highway,SOUTH GIPPSLAND,DANDENONG,-38.01946,145.23677,2022,8,August,9,Morning Peak,Weekday
T20220018455,2022-08-09,16:40:00,1,Collision with vehicle,2,Tuesday,135,LANE CHANGE LEFT (NOT OVERTAKING),1,355684,Not at intersection,3,80,Freeway,WEST GATE,MELBOURNE,-37.82978,144.89845,2022,8,August,16,Afternoon Peak,Weekday
T20220017803,2022-08-09,13:00:00,1,Collision with vehicle,2,Tuesday,119,OTHER ADJACENT (INTERSECTIONS ONLY),1,37124,T intersection,3,60,Arterial Other,MAIN,BRIMBANK,-37.747643,144.82841,2022,8,August,13,Midday,Weekday
T20220017806,2022-08-09,14:07:00,1,Collision with vehicle,2,Tuesday,110,CROSS TRAFFIC(INTERSECTIONS ONLY),1,60169,Cross intersection,2,60,Arterial Highway,HIGH,PYRENEES,-37.09047,143.47484,2022,8,August,14,Midday,Weekday
T20220019196,2022-08-09,09:16:00,1,Collision with vehicle,2,Tuesday,130,REAR END(VEHICLES IN SAME LANE),1,44312,Cross intersection,3,60,Arterial Other,LEAKES,WYNDHAM,-37.83944,144.74709,2022,8,August,9,Morning Peak,Weekday
T20220017789,2022-08-09,10:40:00,1,Collision with vehicle,2,Tuesday,132,RIGHT REAR.,1,37954,Cross intersection,3,40,Local Road,ARTHURTON,DAREBIN,-37.769344,144.99902,2022,8,August,10,Midday,Weekday
T20220018471,2022-08-09,13:40:00,1,Collision with vehicle,2,Tuesday,130,REAR END(VEHICLES IN SAME LANE),1,778944,T intersection,3,80,Freeway,WEST GATE,HOBSONS BAY,-37.824757,144.8554,2022,8,August,13,Midday,Weekday
T20220017811,2022-08-09,14:50:00,1,Collision with vehicle,2,Tuesday,148,VEHICLE OFF FOOTPATH STRIKES VEH ON CARRIAGEWAY,1,727005,Not at intersection,2,60,Arterial Other,JOHNSTONE,HUME,-37.682648,144.91249,2022,8,August,14,Midday,Weekday
T20220017812,2022-08-09,15:50:00,1,Collision with vehicle,2,Tuesday,142,LEAVING PARKING,1,774782,Not at intersection,2,50,Local Road,PARK,BALLARAT,-37.536167,143.82573,2022,8,August,15,Afternoon Peak,Weekday
T20220017815,2022-08-09,15:12:00,4,Collision with a fixed object,2,Tuesday,179,OTHER ACCIDENTS-OFF STRAIGHT NOT INCLUDED IN DCAs 170-175,1,782642,Not at intersection,3,50,Local Road,KULINA,GEELONG,-38.065346,144.33487,2022,8,August,15,Afternoon Peak,Weekday
T20220017816,2022-08-09,14:49:00,1,Collision with vehicle,2,Tuesday,147,VEHICLE STRIKES ANOTHER VEH WHILE EMERGING FROM DRIVEWAY,1,782641,Not at intersection,3,70,Arterial Highway,NORTH,GLEN EIRA,-37.90439,145.04291,2022,8,August,14,Midday,Weekday
T20220017817,2022-08-09,15:50:00,1,Collision with vehicle,2,Tuesday,130,REAR END(VEHICLES IN SAME LANE),1,786288,Not at intersection,2,80,Freeway,CALDER,BRIMBANK,-37.72439,144.84558,2022,8,August,15,Afternoon Peak,Weekday
T20220017818,2022-08-09,15:36:00,1,Collision with vehicle,2,Tuesday,121,RIGHT THROUGH,1,782655,T intersection,3,80,Arterial Other,CANTERBURY,MAROONDAH,-37.83245,145.23837,2022,8,August,15,Afternoon Peak,Weekday
T20220019895,2022-08-09,08:45:00,1,Collision with vehicle,2,Tuesday,147,VEHICLE STRIKES ANOTHER VEH WHILE EMERGING FROM DRIVEWAY,1,782659,Not at intersection,3,50,Local Road,INLET,KINGSTON,-38.019424,145.09952,2022,8,August,8,Morning Peak,Weekday
T20220017793,2022-08-09,09:55:00,1,Collision with vehicle,2,Tuesday,120,HEAD ON (NOT OVERTAKING),1,785880,Not at intersection,2,80,Arterial Highway,MIDLAND,SHEPPARTON,-36.399208,145.32616,2022,8,August,9,Morning Peak,Weekday
T20220017824,2022-08-09,08:45:00,1,Collision with vehicle,2,Tuesday,149,OTHER MANOEUVRING NOT INCLUDED IN DCAs 140-148,1,29397,Cross intersection,3,40,Arterial Other,VICTORIA,MELBOURNE,-37.807293,144.96884,2022,8,August,8,Morning Peak,Weekday
T20220017825,2022-08-09,15:05:00,4,Collision with a fixed object,2,Tuesday,171,LEFT OFF CARRIAGEWAY INTO OBJECT/PARKED VEHICLE,1,722216,Not at intersection,2,100,Freeway,PRINCES,CARDINIA,-38.072876,145.3928,2022,8,August,15,Afternoon Peak,Weekday
T20220017826,2022-08-09,17:42:00,1,Collision with vehicle,2,Tuesday,121,RIGHT THROUGH,2,36654,Cross intersection,2,50,Local Road,CROMWELL,YARRA,-37.804806,144.99025,2022,8,August,17,Afternoon Peak,Weekday
T20220017828,2022-08-09,17:20:00,1,Collision with vehicle,2,Tuesday,120,HEAD ON (NOT OVERTAKING),2,727949,Not at intersection,2,60,Arterial Other,SUNBURY,HUME,-37.61511,144.78047,2022,8,August,17,Afternoon Peak,Weekday
T20220017830,2022-08-09,16:04:00,2,Struck Pedestrian,2,Tuesday,101,PED EMERGES FROM IN FRONT OF PARKED OR STATIONARY VEHICLE,1,721062,T intersection,3,50,Local Road,ELEVATION,HUME,-37.598877,144.89421,2022,8,August,16,Afternoon Peak,Weekday
T20220017832,2022-08-09,18:00:00,1,Collision with vehicle,2,Tuesday,121,RIGHT THROUGH,5,60972,T intersection,3,80,Arterial Other,LANCEFIELD,HUME,-37.582993,144.76018,2022,8,August,18,Afternoon Peak,Weekday
T20220017833,2022-08-09,19:30:00,1,Collision with vehicle,2,Tuesday,110,CROSS TRAFFIC(INTERSECTIONS ONLY),3,53143,Cross intersection,3,60,Local Road,BROUGHAM,BALLARAT,-37.54855,143.85722,2022,8,August,19,Night,Weekday
T20220017838,2022-08-09,14:42:00,4,Collision with a fixed object,2,Tuesday,179,OTHER ACCIDENTS-OFF STRAIGHT NOT INCLUDED IN DCAs 170-175,1,782640,Not at intersection,3,40,Local Road,BUCKLEY,DANDENONG,-37.966522,145.17448,2022,8,August,14,Midday,Weekday
T20220017839,2022-08-09,15:40:00,1,Collision with vehicle,2,Tuesday,130,REAR END(VEHICLES IN SAME LANE),1,726048,Not at intersection,2,100,Freeway,MONASH,CASEY,-37.989758,145.2535,2022,8,August,15,Afternoon Peak,Weekday
T20220017778,2022-08-09,06:57:00,1,Collision with vehicle,2,Tuesday,130,REAR END(VEHICLES IN SAME LANE),1,779075,Not at intersection,3,80,Arterial Highway,GREENSBOROUGH,NILLUMBIK,-37.690865,145.10977,2022,8,August,6,Morning Peak,Weekday
T20220017841,2022-08-09,20:00:00,1,Collision with vehicle,2,Tuesday,121,RIGHT THROUGH,3,336598,Cross intersection,3,70,Arterial Other,SOUTH,KINGSTON,-37.933453,145.03737,2022,8,August,20,Night,Weekday
T20220017843,2022-08-09,19:57:00,1,Collision with vehicle,2,Tuesday,133,LANE SIDE SWIPE (VEHICLES IN PARALLEL LANES),3,732075,Not at intersection,2,100,Freeway,EASTERN,BOROONDARA,-37.78022,145.07924,2022,8,August,19,Night,Weekday
T20220017848,2022-08-09,20:00:00,1,Collision with vehicle,2,Tuesday,121,RIGHT THROUGH,3,29457,Cross intersection,1,60,Arterial Other,HIGH,WHITTLESEA,-37.69482,145.01141,2022,8,August,20,Night,Weekday
T20220017878,2022-08-10,11:45:00,2,Struck Pedestrian,3,Wednesday,102,FAR SIDE. PED HIT BY VEHICLE FROM THE LEFT,1,29385,Cross intersection,3,60,Arterial Other,PEEL,MELBOURNE,-37.80587,144.95589,2022,8,August,11,Midday,Weekday
T20220018299,2022-08-10,07:35:00,1,Collision with vehicle,3,Wednesday,121,RIGHT THROUGH,1,48758,Cross intersection,3,60,Local Road,PATTERSONS,CASEY,-38.12094,145.346,2022,8,August,7,Morning Peak,Weekday
T20220017868,2022-08-10,09:20:00,1,Collision with vehicle,3,Wednesday,130,REAR END(VEHICLES IN SAME LANE),1,778981,Cross intersection,3,50,Local Road,ELDER,BANYULE,-37.710953,145.08505,2022,8,August,9,Morning Peak,Weekday
T20220017859,2022-08-10,06:00:00,1,Collision with vehicle,3,Wednesday,121,RIGHT THROUGH,3,608770,Cross intersection,2,60,Local Road,CAMMS,CASEY,-38.098064,145.28311,2022,8,August,6,Morning Peak,Weekday
T20220017855,2022-08-10,06:45:00,1,Collision with vehicle,3,Wednesday,121,RIGHT THROUGH,1,665128,Cross intersection,2,60,Arterial Other,WELLS,KINGSTON,-38.043846,145.13968,2022,8,August,6,Morning Peak,Weekday
T20220019064,2022-08-10,11:00:00,1,Collision with vehicle,3,Wednesday,130,REAR END(VEHICLES IN SAME LANE),1,778971,T intersection,3,80,Arterial Other,CLYDE-FIVE WAYS,CASEY,-38.12287,145.32635,2022,8,August,11,Midday,Weekday
T20220019287,2022-08-10,21:15:00,1,Collision with vehicle,3,Wednesday,121,RIGHT THROUGH,3,724934,Not at intersection,3,60,Arterial Other,HUNTINGDALE,MONASH,-37.8821,145.10907,2022,8,August,21,Night,Weekday
T20220020335,2022-08-10,13:30:00,1,Collision with vehicle,3,Wednesday,110,CROSS TRAFFIC(INTERSECTIONS ONLY),1,51301,Cross intersection,3,60,Local Road,FORD,SHEPPARTON,-36.34756,145.41579,2022,8,August,13,Midday,Weekday
T20220020693,2022-08-10,12:27:00,1,Collision with vehicle,3,Wednesday,120,HEAD ON (NOT OVERTAKING),1,782682,Not at intersection,3,60,Local Road,HIGH,MANNINGHAM,-37.761017,145.11887,2022,8,August,12,Midday,Weekday
T20220021159,2022-08-10,18:30:00,1,Collision with vehicle,3,Wednesday,130,REAR END(VEHICLES IN SAME LANE),9,778982,Not at intersection,3,50,Local Road,TARATA,WHITTLESEA,-37.683685,145.06717,2022,8,August,18,Afternoon Peak,Weekday
T20230018230,2022-08-10,09:55:00,2,Struck Pedestrian,3,Wednesday,102,FAR SIDE. PED HIT BY VEHICLE FROM THE LEFT,1,780318,Not at intersection,3,60,Arterial Other,SOMERTON,HUME,-37.64028,144.92686,2022,8,August,9,Morning Peak,Weekday
T20220017849,2022-08-10,00:43:00,4,Collision with a fixed object,3,Wednesday,164,PERMANENT OBSTRUCTION ON CARRIAGEWAY,3,782672,Not at intersection,3,100,Freeway,WESTERN,MELTON,-37.745132,144.69948,2022,8,August,0,Late Night,Weekday
T20220018014,2022-08-10,22:15:00,1,Collision with vehicle,3,Wednesday,110,CROSS TRAFFIC(INTERSECTIONS ONLY),3,782671,Cross intersection,3,80,Arterial Other,BERWICK-CRANBOURNE ROAD -THOMPSONS,CASEY,-38.089413,145.33253,2022,8,August,22,Night,Weekday
T20220017987,2022-08-10,23:28:00,4,Collision with a fixed object,3,Wednesday,181,OFF RIGHT BEND INTO OBJECT/PARKED VEHICLE,5,727598,Not at intersection,3,50,Local Road,BEACH,EAST GIPPSLAND,-37.797565,148.52971,2022,8,August,23,Night,Weekday
T20220017973,2022-08-10,17:00:00,1,Collision with vehicle,3,Wednesday,130,REAR END(VEHICLES IN SAME LANE),9,721188,Not at intersection,3,60,Arterial Other,POINT COOK,WYNDHAM,-37.89051,144.75537,2022,8,August,17,Afternoon Peak,Weekday
T20220017958,2022-08-10,08:30:00,1,Collision with vehicle,3,Wednesday,130,REAR END(VEHICLES IN SAME LANE),1,36686,T intersection,3,40,Local Road,TYRONE,FRANKSTON,-38.161224,145.18936,2022,8,August,8,Morning Peak,Weekday
T20220017954,2022-08-10,21:30:00,1,Collision with vehicle,3,Wednesday,130,REAR END(VEHICLES IN SAME LANE),9,780787,Not at intersection,3,80,Arterial Highway,STUD,KNOX,-37.910877,145.23651,2022,8,August,21,Night,Weekday
T20220017949,2022-08-10,19:51:00,1,Collision with vehicle,3,Wednesday,120,HEAD ON (NOT OVERTAKING),3,721185,Not at intersection,3,60,Arterial Other,GRIMSHAW,BANYULE,-37.70412,145.0985,2022,8,August,19,Night,Weekday
T20220017935,2022-08-10,19:18:00,1,Collision with vehicle,3,Wednesday,133,LANE SIDE SWIPE (VEHICLES IN PARALLEL LANES),5,723733,Not at intersection,2,80,Local Road,OLD WELLS,FRANKSTON,-38.086033,145.14738,2022,8,August,19,Night,Weekday
T20220017929,2022-08-10,20:00:00,8,No collision and no object struck,3,Wednesday,170,OFF CARRIAGEWAY TO LEFT,5,722653,Not at intersection,2,100,Arterial Highway,HOPKINS,MOYNE,-38.20226,142.65387,2022,8,August,20,Night,Weekday
T20220017928,2022-08-10,20:37:00,6,Vehicle overturned (no collision),3,Wednesday,180,OFF CARRIAGEWAY ON RIGHT BEND,5,782755,Not at intersection,3,100,Local Road,OLD BARNAWARTHA,WODONGA,-36.082172,146.79788,2022,8,August,20,Night,Weekday
T20220017920,2022-08-10,16:55:00,1,Collision with vehicle,3,Wednesday,130,REAR END(VEHICLES IN SAME LANE),1,724655,Not at intersection,2,40,Local Road,WENDOUREE,BALLARAT,-37.54821,143.84494,2022,8,August,16,Afternoon Peak,Weekday
T20220017917,2022-08-10,19:04:00,4,Collision with a fixed object,3,Wednesday,189,OTHER ACCIDENTS ON CURVE NOT INCLUDED IN DCAs 180-184,3,517,Cross intersection,3,60,Arterial Other,WARRANDYTE,MAROONDAH,-37.79382,145.23538,2022,8,August,19,Night,Weekday
T20220017916,2022-08-10,19:20:00,1,Collision with vehicle,3,Wednesday,135,LANE CHANGE LEFT (NOT OVERTAKING),3,721287,Not at intersection,3,70,Arterial Highway,PLENTY,DAREBIN,-37.713184,145.0457,2022,8,August,19,Night,Weekday
T20220017910,2022-08-10,18:18:00,1,Collision with vehicle,3,Wednesday,130,REAR END(VEHICLES IN SAME LANE),3,721183,Not at intersection,2,60,Local Road,FERRIS,MELTON,-37.712624,144.60066,2022,8,August,18,Afternoon Peak,Weekday
T20220017908,2022-08-10,16:19:00,1,Collision with vehicle,3,Wednesday,130,REAR END(VEHICLES IN SAME LANE),1,774840,Not at intersection,3,80,Freeway,MONASH,STONNINGTON,-37.85585,145.05809,2022,8,August,16,Afternoon Peak,Weekday
T20220017899,2022-08-10,14:00:00,1,Collision with vehicle,3,Wednesday,130,REAR END(VEHICLES IN SAME LANE),1,774785,Not at intersection,3,60,Arterial Highway,BRIDGE,BENALLA,-36.5551,145.96333,2022,8,August,14,Midday,Weekday
T20220017898,2022-08-10,13:50:00,1,Collision with vehicle,3,Wednesday,136,RIGHT TURN SIDESWIPE,1,43376,T intersection,2,40,Arterial Other,WELLS,FRANKSTON,-38.12649,145.13301,2022,8,August,13,Midday,Weekday
T20220017887,2022-08-10,10:18:00,4,Collision with a fixed object,3,Wednesday,173,RIGHT OFF CARRIAGEWAY INTO OBJECT/PARKED VEHICLE,1,782665,T intersection,3,60,Local Road,SALTLAKE,WHITTLESEA,-37.622684,145.0396,2022,8,August,10,Midday,Weekday
T20220017886,2022-08-10,09:49:00,1,Collision with vehicle,3,Wednesday,130,REAR END(VEHICLES IN SAME LANE),1,774784,Not at intersection,2,80,Freeway,WEST GATE,HOBSONS BAY,-37.829483,144.89832,2022,8,August,9,Morning Peak,Weekday
T20220017885,2022-08-10,11:29:00,1,Collision with vehicle,3,Wednesday,116,LEFT NEAR (INTERSECTIONS ONLY),1,782763,Cross intersection,3,70,Arterial Highway,SPRINGVALE,WHITEHORSE,-37.86199,145.16922,2022,8,August,11,Midday,Weekday
T20220017884,2022-08-10,11:05:00,1,Collision with vehicle,3,Wednesday,121,RIGHT THROUGH,1,780247,T intersection,3,60,Local Road,HOMESTEAD,CASEY,-38.054367,145.3286,2022,8,August,11,Midday,Weekday
T20220017883,2022-08-10,11:00:00,6,Vehicle overturned (no collision),3,Wednesday,172,OFF CARRIAGEWAY TO RIGHT,1,725408,Not at intersection,2,60,Arterial Other,BELGRAVE-HALLAM,YARRA RANGES,-37.950153,145.3496,2022,8,August,11,Midday,Weekday
T20220017881,2022-08-10,09:09:00,5,collision with some other object,3,Wednesday,171,LEFT OFF CARRIAGEWAY INTO OBJECT/PARKED VEHICLE,1,765470,Not at intersection,2,80,Local Road,HENDERSONS,MORNINGTON PENINSULA,-38.312122,145.167,2022,8,August,9,Morning Peak,Weekday
T20220017879,2022-08-10,06:50:00,1,Collision with vehicle,3,Wednesday,110,CROSS TRAFFIC(INTERSECTIONS ONLY),1,36017,Cross intersection,3,50,Arterial Other,HOLMES STREET -NICHOLSON,MORELAND,-37.75667,144.97487,2022,8,August,6,Morning Peak,Weekday
T20220018007,2022-08-11,18:21:00,1,Collision with vehicle,4,Thursday,113,RIGHT NEAR (INTERSECTIONS ONLY),3,278539,T intersection,2,80,Arterial Highway,HEATHERTON LINK,DANDENONG,-37.96882,145.19669,2022,8,August,18,Afternoon Peak,Weekday
T20220017953,2022-08-11,05:00:00,4,Collision with a fixed object,4,Thursday,175,OFF END OF ROAD/T-INTERSECTION.,5,721464,T intersection,3,50,Local Road,BOWMAN,BASS COAST,-38.41079,145.42752,2022,8,August,5,Morning Peak,Weekday
T20220017960,2022-08-11,08:40:00,6,Vehicle overturned (no collision),4,Thursday,172,OFF CARRIAGEWAY TO RIGHT,1,724073,Not at intersection,2,100,Arterial Other,CAMPERDOWN-COBDEN,CORANGAMITE,-38.292953,143.11761,2022,8,August,8,Morning Peak,Weekday
T20220017969,2022-08-11,12:05:00,4,Collision with a fixed object,4,Thursday,183,OFF LEFT BEND INTO OBJECT/PARKED VEHICLE,1,728760,Not at intersection,2,80,Local Road,WANGOOM,MOYNE,-38.354248,142.54327,2022,8,August,12,Midday,Weekday
T20220017970,2022-08-11,08:15:00,1,Collision with vehicle,4,Thursday,120,HEAD ON (NOT OVERTAKING),1,721113,Not at intersection,1,100,Arterial Other,BALLARAT-MARYBOROUGH,CENTRAL GOLDFIELDS,-37.14996,143.70729,2022,8,August,8,Morning Peak,Weekday
T20220017976,2022-08-11,12:00:00,4,Collision with a fixed object,4,Thursday,171,LEFT OFF CARRIAGEWAY INTO OBJECT/PARKED VEHICLE,1,782775,Not at intersection,3,70,Arterial Highway,STATE (BELL/SPRINGVALE),MONASH,-37.931664,145.1561,2022,8,August,12,Midday,Weekday
T20220017977,2022-08-11,12:50:00,1,Collision with vehicle,4,Thursday,130,REAR END(VEHICLES IN SAME LANE),1,778984,Not at intersection,3,60,Arterial Other,TOORAK,STONNINGTON,-37.84331,145.02739,2022,8,August,12,Midday,Weekday
T20220017982,2022-08-11,13:24:00,1,Collision with vehicle,4,Thursday,110,CROSS TRAFFIC(INTERSECTIONS ONLY),1,70823,Cross intersection,2,60,Local Road,LANGHORNE,DANDENONG,-37.994137,145.22136,2022,8,August,13,Midday,Weekday
T20220017983,2022-08-11,13:45:00,1,Collision with vehicle,4,Thursday,120,HEAD ON (NOT OVERTAKING),1,779463,Not at intersection,3,50,Local Road,BEATTYS,MELTON,-37.69931,144.71074,2022,8,August,13,Midday,Weekday