ACCIDENT_NO,ACCIDENT_DATE,ACCIDENT_TIME,ACCIDENT_TYPE,ACCIDENT_TYPE_DESC,DAY_OF_WEEK,DAY_WEEK_DESC,DCA_CODE,DCA_DESC,LIGHT_CONDITION,NODE_ID,ROAD_GEOMETRY_DESC,SEVERITY,SPEED_ZONE,RMA,ROAD_NAME,LGA_NAME,LATITUDE,LONGITUDE,YEAR,MONTH,MONTH_NAME,HOUR,TIME_PERIOD,DAY_TYPE
T20220017984,2022-08-11,14:18:00,1,Collision with vehicle,4,Thursday,121,RIGHT THROUGH,1,721465,T intersection,2,60,Arterial Other,MIDDLEBOROUGH,WHITEHORSE,-37.85033,145.13266,2022,8,August,14,Midday,Weekday
T20220017986,2022-08-11,14:45:00,1,Collision with vehicle,4,Thursday,113,RIGHT NEAR (INTERSECTIONS ONLY),1,37385,T intersection,3,70,Arterial Other,DORSET,MAROONDAH,-37.818253,145.2879,2022,8,August,14,Midday,Weekday
T20220017989,2022-08-11,13:15:00,1,Collision with vehicle,4,Thursday,131,LEFT REAR,1,1336,T intersection,2,70,Arterial Other,SYDNEY,MORELAND,-37.69873,144.95975,2022,8,August,13,Midday,Weekday
T20220017990,2022-08-11,13:51:00,1,Collision with vehicle,4,Thursday,110,CROSS TRAFFIC(INTERSECTIONS ONLY),1,228894,Cross intersection,3,60,Arterial Highway,DEAKIN,MILDURA,-34.189587,142.15742,2022,8,August,13,Midday,Weekday
T20220018011,2022-08-11,15:45:00,1,Collision with vehicle,4,Thursday,110,CROSS TRAFFIC(INTERSECTIONS ONLY),1,39919,Cross intersection,2,60,Local Road,CHAMBERS,HOBSONS BAY,-37.835304,144.84258,2022,8,August,15,Afternoon Peak,Weekday
T20220017991,2022-08-11,14:15:00,1,Collision with vehicle,4,Thursday,110,CROSS TRAFFIC(INTERSECTIONS ONLY),1,63701,Cross intersection,3,50,Local Road,CLARENDON,DAREBIN,-37.7605,145.0094,2022,8,August,14,Midday,Weekday
T20220017993,2022-08-11,15:13:00,1,Collision with vehicle,4,Thursday,130,REAR END(VEHICLES IN SAME LANE),1,724199,Not at intersection,3,60,Arterial Other,BERWICK-CRANBOURNE,CASEY,-38.114437,145.29301,2022,8,August,15,Afternoon Peak,Weekday
T20220017994,2022-08-11,15:45:00,1,Collision with vehicle,4,Thursday,110,CROSS TRAFFIC(INTERSECTIONS ONLY),1,50878,Cross intersection,3,50,Local Road,SMYTHE,WODONGA,-36.12186,146.88345,2022,8,August,15,Afternoon Peak,Weekday
T20220017996,2022-08-11,16:55:00,4,Collision with a fixed object,4,Thursday,171,LEFT OFF CARRIAGEWAY INTO OBJECT/PARKED VEHICLE,1,785954,Not at intersection,2,80,Arterial Other,STUD,KNOX,-37.852966,145.24344,2022,8,August,16,Afternoon Peak,Weekday
T20220018012,2022-08-11,17:22:00,1,Collision with vehicle,4,Thursday,110,CROSS TRAFFIC(INTERSECTIONS ONLY),1,233917,Cross intersection,3,80,Local Road,DAVIS,WYNDHAM,-37.815388,144.65686,2022,8,August,17,Afternoon Peak,Weekday
T20220018020,2022-08-11,20:30:00,1,Collision with vehicle,4,Thursday,130,REAR END(VEHICLES IN SAME LANE),3,721290,Not at intersection,3,60,Local Road,BRIDGEWATER,HUME,-37.614407,144.92696,2022,8,August,20,Night,Weekday
T20220018022,2022-08-11,21:40:00,1,Collision with vehicle,4,Thursday,160,VEHICLE COLLIDES WITH VEHICLE PARKED ON LEFT OF ROAD,5,725837,Not at intersection,3,50,Local Road,VERMONT,BANYULE,-37.707245,145.09956,2022,8,August,21,Night,Weekday
T20220018023,2022-08-11,05:35:00,6,Vehicle overturned (no collision),4,Thursday,170,OFF CARRIAGEWAY TO LEFT,5,774842,Cross intersection,3,100,Local Road,KYABRAM-COOMA,SHEPPARTON,-36.38716,145.06815,2022,8,August,5,Morning Peak,Weekday
T20220018024,2022-08-11,16:24:00,1,Collision with vehicle,4,Thursday,120,HEAD ON (NOT OVERTAKING),1,721114,Not at intersection,1,100,Arterial Highway,SOUTH GIPPSLAND,SOUTH GIPPSLAND,-38.397495,145.75035,2022,8,August,16,Afternoon Peak,Weekday
T20220018031,2022-08-11,10:38:00,2,Struck Pedestrian,4,Thursday,100,PED NEAR SIDE. PED HIT BY VEHICLE FROM THE RIGHT.,1,724239,Cross intersection,2,60,Arterial Other,SHANNON,GEELONG,-38.145287,144.33548,2022,8,August,10,Midday,Weekday
T20220018108,2022-08-11,22:30:00,1,Collision with vehicle,4,Thursday,110,CROSS TRAFFIC(INTERSECTIONS ONLY),3,35376,Cross intersection,3,60,Arterial Highway,HODDLE STREET -PUNT,MELBOURNE,-37.817554,144.99002,2022,8,August,22,Night,Weekday
T20220018496,2022-08-11,06:46:00,1,Collision with vehicle,4,Thursday,110,CROSS TRAFFIC(INTERSECTIONS ONLY),3,340540,Cross intersection,2,70,Arterial Other,BALLARAT,BRIMBANK,-37.776966,144.82874,2022,8,August,6,Morning Peak,Weekday
T20220018576,2022-08-11,18:37:00,1,Collision with vehicle,4,Thursday,130,REAR END(VEHICLES IN SAME LANE),2,774870,Not at intersection,3,80,Arterial Other,COBURG-CRAIGIEBURN,HUME,-37.615223,144.94704,2022,8,August,18,Afternoon Peak,Weekday
T20220018037,2022-08-11,18:30:00,5,collision with some other object,4,Thursday,191,LOAD OR MISSILE STRUCK VEHICLE,3,721291,Not at intersection,3,100,Freeway,WESTERN RING,BRIMBANK,-37.75432,144.82727,2022,8,August,18,Afternoon Peak,Weekday
T20220018038,2022-08-11,17:40:00,4,Collision with a fixed object,4,Thursday,171,LEFT OFF CARRIAGEWAY INTO OBJECT/PARKED VEHICLE,3,774843,Not at intersection,3,50,Local Road,EDGARS,WHITTLESEA,-37.611088,145.00685,2022,8,August,17,Afternoon Peak,Weekday
T20220018044,2022-08-11,19:51:00,4,Collision with a fixed object,4,Thursday,173,RIGHT OFF CARRIAGEWAY INTO OBJECT/PARKED VEHICLE,5,734270,Not at intersection,2,100,Arterial Highway,MIDLAND,CAMPASPE,-36.485737,144.73878,2022,8,August,19,Night,Weekday
T20220020614,2022-08-11,18:05:00,1,Collision with vehicle,4,Thursday,130,REAR END(VEHICLES IN SAME LANE),3,39404,T intersection,3,40,Arterial Other,DONCASTER,MANNINGHAM,-37.787666,145.14948,2022,8,August,18,Afternoon Peak,Weekday
T20220018379,2022-08-11,14:23:00,1,Collision with vehicle,4,Thursday,130,REAR END(VEHICLES IN SAME LANE),1,774849,Cross intersection,3,70,Arterial Other,THOMPSON,FRANKSTON,-38.070152,145.17851,2022,8,August,14,Midday,Weekday
T20220017950,2022-08-11,07:45:00,2,Struck Pedestrian,4,Thursday,100,PED NEAR SIDE. PED HIT BY VEHICLE FROM THE RIGHT.,1,782768,Not at intersection,3,60,Arterial Other,MCLEOD,KINGSTON,-38.070686,145.13792,2022,8,August,7,Morning Peak,Weekday
T20220018076,2022-08-11,16:30:00,1,Collision with vehicle,4,Thursday,130,REAR END(VEHICLES IN SAME LANE),1,254379,Not at intersection,3,100,Freeway,WELLINGTON-MONASH OUT,MONASH,-37.92024,145.17487,2022,8,August,16,Afternoon Peak,Weekday
T20220019003,2022-08-11,13:38:00,1,Collision with vehicle,4,Thursday,121,RIGHT THROUGH,1,304377,Cross intersection,3,60,Arterial Other,KINGS,BRIMBANK,-37.727463,144.78197,2022,8,August,13,Midday,Weekday
T20220018336,2022-08-11,14:25:00,1,Collision with vehicle,4,Thursday,130,REAR END(VEHICLES IN SAME LANE),1,778985,T intersection,3,80,Arterial Highway,NEPEAN HIGHWAY SERVICE,KINGSTON,-37.952583,145.04875,2022,8,August,14,Midday,Weekday
T20220021191,2022-08-11,17:00:00,1,Collision with vehicle,4,Thursday,130,REAR END(VEHICLES IN SAME LANE),1,778983,Not at intersection,3,60,Arterial Highway,PRINCES HIGHWAY SERVICE,CASEY,-38.005474,145.26912,2022,8,August,17,Afternoon Peak,Weekday
T20220018010,2022-08-11,19:45:00,1,Collision with vehicle,4,Thursday,121,RIGHT THROUGH,3,39642,T intersection,3,60,Arterial Other,WARRANDYTE,MAROONDAH,-37.80454,145.2303,2022,8,August,19,Night,Weekday
T20220019555,2022-08-11,18:15:00,1,Collision with vehicle,4,Thursday,130,REAR END(VEHICLES IN SAME LANE),6,29932,Cross intersection,3,80,Freeway,HUME OUT-EPPING-KILMORE,MITCHELL,-37.350643,145.02135,2022,8,August,18,Afternoon Peak,Weekday
T20220017998,2022-08-11,15:40:00,1,Collision with vehicle,4,Thursday,140,U TURN,1,724331,Not at intersection,3,40,Local Road,CONCORD,DAREBIN,-37.746124,144.98807,2022,8,August,15,Afternoon Peak,Weekday
T20220018002,2022-08-11,17:20:00,1,Collision with vehicle,4,Thursday,130,REAR END(VEHICLES IN SAME LANE),2,724911,Cross intersection,3,100,Freeway,EASTERN,MANNINGHAM,-37.796284,145.1186,2022,8,August,17,Afternoon Peak,Weekday
T20220018136,2022-08-11,07:00:00,4,Collision with a fixed object,4,Thursday,175,OFF END OF ROAD/T-INTERSECTION.,1,721467,T intersection,2,50,Local Road,TAYLORS,BRIMBANK,-37.728596,144.80582,2022,8,August,7,Morning Peak,Weekday
T20220018887,2022-08-12,18:55:00,1,Collision with vehicle,5,Friday,130,REAR END(VEHICLES IN SAME LANE),2,774859,Not at intersection,3,60,Local Road,DOHERTYS,WYNDHAM,-37.821297,144.70538,2022,8,August,18,Afternoon Peak,Weekday
T20220018127,2022-08-12,17:35:00,1,Collision with vehicle,5,Friday,132,RIGHT REAR.,2,57197,Cross intersection,2,100,Arterial Other,GLENROWAN,WANGARATTA,-36.398186,146.27867,2022,8,August,17,Afternoon Peak,Weekday
T20220018112,2022-08-12,20:55:00,8,No collision and no object struck,5,Friday,174,OUT OF CONTROL ON CARRIAGEWAY (ON STRAIGHT),3,782789,Not at intersection,3,40,Arterial Other,JOHNSTON,YARRA,-37.79815,144.97672,2022,8,August,20,Night,Weekday
T20220018059,2022-08-12,08:42:00,1,Collision with vehicle,5,Friday,110,CROSS TRAFFIC(INTERSECTIONS ONLY),1,724656,Cross intersection,3,70,Arterial Other,EDGARS,WHITTLESEA,-37.658234,145.00742,2022,8,August,8,Morning Peak,Weekday
T20220018109,2022-08-12,19:06:00,1,Collision with vehicle,5,Friday,133,LANE SIDE SWIPE (VEHICLES IN PARALLEL LANES),5,729649,Not at intersection,3,60,Arterial Other,CUMBERLAND,MORELAND,-37.72535,144.93953,2022,8,August,19,Night,Weekday
T20220018060,2022-08-12,12:40:00,1,Collision with vehicle,5,Friday,121,RIGHT THROUGH,1,39934,Cross intersection,2,60,Arterial Other,BLACKSHAWS,HOBSONS BAY,-37.831226,144.84825,2022,8,August,12,Midday,Weekday
T20220018100,2022-08-12,21:07:00,1,Collision with vehicle,5,Friday,110,CROSS TRAFFIC(INTERSECTIONS ONLY),3,11736,Cross intersection,2,60,Arterial Other,BOUNDARY,MELBOURNE,-37.787827,144.9405,2022,8,August,21,Night,Weekday
T20220018097,2022-08-12,17:10:00,4,Collision with a fixed object,5,Friday,183,OFF LEFT BEND INTO OBJECT/PARKED VEHICLE,1,721583,Not at intersection,2,100,Local Road,WILD DOG VALLEY,SOUTH GIPPSLAND,-38.43075,145.9507,2022,8,August,17,Afternoon Peak,Weekday
T20220018094,2022-08-12,19:25:00,1,Collision with vehicle,5,Friday,110,CROSS TRAFFIC(INTERSECTIONS ONLY),3,52892,Cross intersection,2,50,Local Road,EYRE,BALLARAT,-37.564323,143.84064,2022,8,August,19,Night,Weekday
T20220018092,2022-08-12,18:10:00,1,Collision with vehicle,5,Friday,130,REAR END(VEHICLES IN SAME LANE),3,721365,Not at intersection,3,60,Arterial Other,BAYSWATER,MAROONDAH,-37.814625,145.26933,2022,8,August,18,Afternoon Peak,Weekday
T20220018083,2022-08-12,17:30:00,1,Collision with vehicle,5,Friday,121,RIGHT THROUGH,2,786030,Not at intersection,2,80,Arterial Highway,SOUTH GIPPSLAND,CASEY,-38.085205,145.27768,2022,8,August,17,Afternoon Peak,Weekday
T20220018077,2022-08-12,14:20:00,1,Collision with vehicle,5,Friday,133,LANE SIDE SWIPE (VEHICLES IN PARALLEL LANES),1,786028,Not at intersection,2,100,Freeway,WESTERN RING,HUME,-37.69388,144.91072,2022,8,August,14,Midday,Weekday
T20220018075,2022-08-12,15:45:00,1,Collision with vehicle,5,Friday,148,VEHICLE OFF FOOTPATH STRIKES VEH ON CARRIAGEWAY,1,61818,Cross intersection,2,60,Freeway,COBURNS-WESTERN OUT,MELTON,-37.692173,144.56668,2022,8,August,15,Afternoon Peak,Weekday
T20220018070,2022-08-12,14:45:00,1,Collision with vehicle,5,Friday,116,LEFT NEAR (INTERSECTIONS ONLY),1,782787,Cross intersection,3,60,Arterial Highway,MYRTLE,ALPINE,-36.55833,146.71979,2022,8,August,14,Midday,Weekday
T20220018449,2022-08-12,11:30:00,1,Collision with vehicle,5,Friday,130,REAR END(VEHICLES IN SAME LANE),1,721894,Not at intersection,3,60,Arterial Other,CLARINDA,KINGSTON,-37.94417,145.09723,2022,8,August,11,Midday,Weekday
T20220018065,2022-08-12,13:20:00,1,Collision with vehicle,5,Friday,135,LANE CHANGE LEFT (NOT OVERTAKING),1,244338,Not at intersection,2,100,Freeway,MONASH,CASEY,-37.97626,145.23941,2022,8,August,13,Midday,Weekday
T20220018045,2022-08-12,06:20:00,1,Collision with vehicle,5,Friday,173,RIGHT OFF CARRIAGEWAY INTO OBJECT/PARKED VEHICLE,3,728190,Not at intersection,2,50,Local Road,CLIFTON,HUME,-37.645084,144.90144,2022,8,August,6,Morning Peak,Weekday
T20220024768,2022-08-12,20:15:00,1,Collision with vehicle,5,Friday,160,VEHICLE COLLIDES WITH VEHICLE PARKED ON LEFT OF ROAD,3,780228,Not at intersection,3,50,Arterial Other,MURRADOC,GEELONG,-38.171185,144.7175,2022,8,August,20,Night,Weekday
T20220018046,2022-08-12,06:40:00,1,Collision with vehicle,5,Friday,113,RIGHT NEAR (INTERSECTIONS ONLY),2,48191,Cross intersection,3,80,Local Road,DALMORE,CARDINIA,-38.17585,145.42305,2022,8,August,6,Morning Peak,Weekday
T20220018049,2022-08-12,09:12:00,1,Collision with vehicle,5,Friday,169,OTHER ON PATH,1,725297,Not at intersection,2,50,Local Road,FIFTH,KINGSTON,-37.989212,145.07278,2022,8,August,9,Morning Peak,Weekday
T20220021504,2022-08-12,22:30:00,2,Struck Pedestrian,5,Friday,100,PED NEAR SIDE. PED HIT BY VEHICLE FROM THE RIGHT.,3,782776,Not at intersection,3,40,Freeway,BATMAN,MELBOURNE,-37.818768,144.97589,2022,8,August,22,Night,Weekday
T20220018064,2022-08-12,07:50:00,1,Collision with vehicle,5,Friday,116,LEFT NEAR (INTERSECTIONS ONLY),1,724565,T intersection,3,60,Local Road,HOGANS,WYNDHAM,-37.859222,144.64856,2022,8,August,7,Morning Peak,Weekday
T20220018090,2022-08-12,18:38:00,1,Collision with vehicle,5,Friday,130,REAR END(VEHICLES IN SAME LANE),3,721364,Not at intersection,3,80,Freeway,WEST GATE OUT-MONTAGUE,MELBOURNE,-37.82711,144.95007,2022,8,August,18,Afternoon Peak,Weekday
T20220018181,2022-08-12,20:45:00,1,Collision with vehicle,5,Friday,133,LANE SIDE SWIPE (VEHICLES IN PARALLEL LANES),6,721586,T intersection,3,60,Arterial Other,SUNSHINE,MARIBYRNONG,-37.798153,144.8498,2022,8,August,20,Night,Weekday
T20220018042,2022-08-12,09:36:00,1,Collision with vehicle,5,Friday,110,CROSS TRAFFIC(INTERSECTIONS ONLY),1,52583,Cross intersection,3,50,Arterial Highway,INKERMAN,NORTHERN GRAMPIANS,-36.61672,143.25829,2022,8,August,9,Morning Peak,Weekday
T20220018737,2022-08-12,16:00:00,1,Collision with vehicle,5,Friday,130,REAR END(VEHICLES IN SAME LANE),1,722317,Not at intersection,3,50,Local Road,COMO,KINGSTON,-37.99365,145.0766,2022,8,August,16,Afternoon Peak,Weekday
T20220024537,2022-08-12,12:50:00,1,Collision with vehicle,5,Friday,135,LANE CHANGE LEFT (NOT OVERTAKING),1,775024,Not at intersection,3,100,Freeway,METROPOLITAN RING,WHITTLESEA,-37.68613,145.06123,2022,8,August,12,Midday,Weekday
T20220018318,2022-08-12,15:41:00,1,Collision with vehicle,5,Friday,130,REAR END(VEHICLES IN SAME LANE),1,725038,Not at intersection,3,80,Arterial Other,EPPING,WHITTLESEA,-37.594154,145.03369,2022,8,August,15,Afternoon Peak,Weekday
T20220018290,2022-08-12,08:55:00,1,Collision with vehicle,5,Friday,130,REAR END(VEHICLES IN SAME LANE),1,52096,T intersection,3,60,Arterial Other,BRANDY CREEK,BAW BAW,-38.149204,145.93623,2022,8,August,8,Morning Peak,Weekday
T20220018179,2022-08-13,17:50:00,1,Collision with vehicle,6,Saturday,163,VEHICLE STRIKES DOOR OF PARKED/STATIONARY VEHICLE,2,726504,Cross intersection,3,60,Local Road,CARLISLE,PORT PHILLIP,-37.866955,144.9796,2022,8,August,17,Afternoon Peak,Weekend
T20220018176,2022-08-13,18:19:00,1,Collision with vehicle,6,Saturday,130,REAR END(VEHICLES IN SAME LANE),3,330885,Cross intersection,3,80,Freeway,EASTLINK OUT-WELLINGTON,KNOX,-37.92559,145.21379,2022,8,August,18,Afternoon Peak,Weekend
T20220018174,2022-08-13,14:34:00,1,Collision with vehicle,6,Saturday,120,HEAD ON (NOT OVERTAKING),1,740073,Not at intersection,2,100,Local Road,GLEN ALVIE,BASS COAST,-38.514675,145.66447,2022,8,August,14,Midday,Weekend
T20220018172,2022-08-13,16:29:00,4,Collision with a fixed object,6,Saturday,171,LEFT OFF CARRIAGEWAY INTO OBJECT/PARKED VEHICLE,1,782456,T intersection,3,50,Local Road,WOOLNOUGH,WHITTLESEA,-37.65383,145.04315,2022,8,August,16,Afternoon Peak,Weekend
T20220018169,2022-08-13,17:53:00,4,Collision with a fixed object,6,Saturday,181,OFF RIGHT BEND INTO OBJECT/PARKED VEHICLE,5,782791,Not at intersection,3,60,Local Road,DAVID HILL,YARRA RANGES,-37.890697,145.43018,2022,8,August,17,Afternoon Peak,Weekend
T20220018864,2022-08-13,08:00:00,6,Vehicle overturned (no collision),6,Saturday,180,OFF CARRIAGEWAY ON RIGHT BEND,1,722437,Not at intersection,3,100,Arterial Other,GISBORNE,MOORABOOL,-37.643475,144.4612,2022,8,August,8,Morning Peak,Weekend
T20220018162,2022-08-13,16:08:00,4,Collision with a fixed object,6,Saturday,171,LEFT OFF CARRIAGEWAY INTO OBJECT/PARKED VEHICLE,2,774846,Not at intersection,2,100,Arterial Other,GISBORNE,MOORABOOL,-37.547592,144.46672,2022,8,August,16,Afternoon Peak,Weekend
T20220018160,2022-08-13,17:30:00,1,Collision with vehicle,6,Saturday,110,CROSS TRAFFIC(INTERSECTIONS ONLY),1,721585,Cross intersection,2,50,Local Road,FISHER,MACEDON RANGES,-37.489437,144.58626,2022,8,August,17,Afternoon Peak,Weekend
T20220018159,2022-08-13,16:37:00,6,Vehicle overturned (no collision),6,Saturday,172,OFF CARRIAGEWAY TO RIGHT,1,721584,Not at intersection,2,100,Arterial Highway,MAROONDAH,MANSFIELD,-37.025932,145.84044,2022,8,August,16,Afternoon Peak,Weekend
T20220018152,2022-08-13,15:25:00,4,Collision with a fixed object,6,Saturday,173,RIGHT OFF CARRIAGEWAY INTO OBJECT/PARKED VEHICLE,1,721468,Not at intersection,3,70,Arterial Highway,SETTLEMENT,GEELONG,-38.177143,144.35185,2022,8,August,15,Afternoon Peak,Weekend
T20220018151,2022-08-13,09:15:00,1,Collision with vehicle,6,Saturday,151,OUT OF CONTROL (OVERTAKING),1,723734,Not at intersection,2,80,Freeway,WEST GATE,HOBSONS BAY,-37.825615,144.83871,2022,8,August,9,Morning Peak,Weekend
T20220018148,2022-08-13,08:26:00,1,Collision with vehicle,6,Saturday,110,CROSS TRAFFIC(INTERSECTIONS ONLY),1,38017,Cross intersection,3,50,Local Road,RALEIGH,DAREBIN,-37.76008,145.01303,2022,8,August,8,Morning Peak,Weekend
T20220018147,2022-08-13,13:40:00,1,Collision with vehicle,6,Saturday,121,RIGHT THROUGH,1,725733,Cross intersection,3,60,Arterial Other,MAIN,NILLUMBIK,-37.732105,145.1405,2022,8,August,13,Midday,Weekend
T20220018146,2022-08-13,11:40:00,4,Collision with a fixed object,6,Saturday,164,PERMANENT OBSTRUCTION ON CARRIAGEWAY,1,29745,Cross intersection,3,60,Arterial Other,FRANKSTON-FLINDERS,FRANKSTON,-38.194077,145.14812,2022,8,August,11,Midday,Weekend
T20220018145,2022-08-13,11:30:00,1,Collision with vehicle,6,Saturday,121,RIGHT THROUGH,1,35298,Cross intersection,2,40,Arterial Other,BRUNSWICK,MORELAND,-37.778294,144.97069,2022,8,August,11,Midday,Weekend
T20220026039,2022-08-13,14:13:00,1,Collision with vehicle,6,Saturday,131,LEFT REAR,1,40774,Cross intersection,3,60,Arterial Other,BLACKBURN,WHITEHORSE,-37.83283,145.15662,2022,8,August,14,Midday,Weekend
T20220018144,2022-08-13,11:40:00,1,Collision with vehicle,6,Saturday,111,RIGHT FAR (INTERSECTIONS ONLY),1,45412,T intersection,3,60,Arterial Other,BUCKLEY,MOONEE VALLEY,-37.757942,144.92522,2022,8,August,11,Midday,Weekend
T20220018143,2022-08-13,12:28:00,2,Struck Pedestrian,6,Saturday,108,PED STRUCK WALKING TO/FROM OR BOARDING/ALIGHTING VEHICLE.,1,782449,T intersection,3,50,Local Road,VICTORIA,BAYSIDE,-37.956272,145.01231,2022,8,August,12,Midday,Weekend
T20220018138,2022-08-13,09:30:00,1,Collision with vehicle,6,Saturday,160,VEHICLE COLLIDES WITH VEHICLE PARKED ON LEFT OF ROAD,1,721431,Not at intersection,2,50,Local Road,PICKWORTH,KINGSTON,-37.97921,145.12459,2022,8,August,9,Morning Peak,Weekend
T20220018135,2022-08-13,11:40:00,1,Collision with vehicle,6,Saturday,130,REAR END(VEHICLES IN SAME LANE),1,737323,Not at intersection,3,70,Arterial Other,THOMPSONS,BOROONDARA,-37.779545,145.08041,2022,8,August,11,Midday,Weekend
T20220018132,2022-08-13,10:50:00,1,Collision with vehicle,6,Saturday,135,LANE CHANGE LEFT (NOT OVERTAKING),1,726266,Not at intersection,2,80,Arterial Other,CRANBOURNE,CASEY,-38.038918,145.30447,2022,8,August,10,Midday,Weekend
T20220018131,2022-08-13,10:30:00,4,Collision with a fixed object,6,Saturday,181,OFF RIGHT BEND INTO OBJECT/PARKED VEHICLE,1,722770,Not at intersection,2,70,Arterial Other,HEIDELBERG-KINGLAKE,NILLUMBIK,-37.622723,145.21855,2022,8,August,10,Midday,Weekend
T20220018421,2022-08-13,12:05:00,1,Collision with vehicle,6,Saturday,130,REAR END(VEHICLES IN SAME LANE),1,61497,Cross intersection,3,50,Arterial Other,GISBORNE,MOORABOOL,-37.67257,144.43655,2022,8,August,12,Midday,Weekend
T20220018114,2022-08-13,01:01:00,4,Collision with a fixed object,6,Saturday,171,LEFT OFF CARRIAGEWAY INTO OBJECT/PARKED VEHICLE,5,721806,Not at intersection,3,60,Arterial Other,BACCHUS MARSH,MOORABOOL,-37.677937,144.45178,2022,8,August,1,Late Night,Weekend
T20220018125,2022-08-13,09:40:00,1,Collision with vehicle,6,Saturday,140,U TURN,1,721430,Not at intersection,3,60,Arterial Other,SETTLEMENT,WHITTLESEA,-37.697754,145.05809,2022,8,August,9,Morning Peak,Weekend
T20220018126,2022-08-13,09:40:00,1,Collision with vehicle,6,Saturday,130,REAR END(VEHICLES IN SAME LANE),1,779089,Not at intersection,3,70,Arterial Other,YAN YEAN,NILLUMBIK,-37.615337,145.1366,2022,8,August,9,Morning Peak,Weekend
T20220018234,2022-08-13,14:48:00,1,Collision with vehicle,6,Saturday,130,REAR END(VEHICLES IN SAME LANE),1,721889,Not at intersection,2,100,Freeway,HUME,WHITTLESEA,-37.603058,144.96861,2022,8,August,14,Midday,Weekend
T20220018164,2022-08-13,15:55:00,4,Collision with a fixed object,6,Saturday,183,OFF LEFT BEND INTO OBJECT/PARKED VEHICLE,1,722217,Not at intersection,3,100,Local Road,KORUMBURRA SOUTH,SOUTH GIPPSLAND,-38.470135,145.84744,2022,8,August,15,Afternoon Peak,Weekend
T20220019233,2022-08-13,18:00:00,1,Collision with vehicle,6,Saturday,130,REAR END(VEHICLES IN SAME LANE),3,774880,Not at intersection,3,60,Local Road,MARKET,WYNDHAM,-37.89372,144.65675,2022,8,August,18,Afternoon Peak,Weekend
T20220018206,2022-08-13,16:40:00,4,Collision with a fixed object,6,Saturday,173,RIGHT OFF CARRIAGEWAY INTO OBJECT/PARKED VEHICLE,1,782446,Not at intersection,3,60,Arterial Other,BUCKLAND GAP,INDIGO,-36.37321,146.6879,2022,8,August,16,Afternoon Peak,Weekend
T20220019098,2022-08-13,16:00:00,6,Vehicle overturned (no collision),6,Saturday,184,OUT OF CONTROL ON CARRIAGEWAY (ON BEND),1,782538,Not at intersection,3,80,Local Road,NATHALIA-WAAIA,MOIRA,-36.053337,145.23209,2022,8,August,16,Afternoon Peak,Weekend
T20220019056,2022-08-13,13:30:00,1,Collision with vehicle,6,Saturday,130,REAR END(VEHICLES IN SAME LANE),1,1333,T intersection,3,70,Arterial Other,SYDNEY,MORELAND,-37.694714,144.95879,2022,8,August,13,Midday,Weekend
T20220018194,2022-08-13,22:53:00,1,Collision with vehicle,6,Saturday,130,REAR END(VEHICLES IN SAME LANE),3,779091,Not at intersection,3,50,Local Road,ELATION,WHITTLESEA,-37.6133,145.12303,2022,8,August,22,Night,Weekend
T20220018661,2022-08-13,12:30:00,1,Collision with vehicle,6,Saturday,130,REAR END(VEHICLES IN SAME LANE),1,722101,Not at intersection,3,80,Arterial Highway,GEELONG,MARIBYRNONG,-37.80156,144.88736,2022,8,August,12,Midday,Weekend
T20220018567,2022-08-13,22:00:00,7,Fall from or in moving vehicle,6,Saturday,190,FELL IN/FROM VEHICLE,3,721903,Not at intersection,2,60,Arterial Other,BARRABOOL,GEELONG,-38.16877,144.32933,2022,8,August,22,Night,Weekend
T20220018187,2022-08-13,22:54:00,1,Collision with vehicle,6,Saturday,130,REAR END(VEHICLES IN SAME LANE),3,779090,Not at intersection,3,60,Local Road,NORMAN,BALLARAT,-37.53602,143.85567,2022,8,August,22,Night,Weekend
T20220018542,2022-08-13,13:48:00,1,Collision with vehicle,6,Saturday,140,U TURN,1,754262,T intersection,2,50,Local Road,RAILWAY,WYNDHAM,-37.89388,144.67361,2022,8,August,13,Midday,Weekend
T20220018186,2022-08-13,22:00:00,1,Collision with vehicle,6,Saturday,110,CROSS TRAFFIC(INTERSECTIONS ONLY),3,57543,Cross intersection,3,50,Arterial Other,BOLTON,WYNDHAM,-37.886555,144.63156,2022,8,August,22,Night,Weekend
T20220018283,2022-08-13,16:24:00,1,Collision with vehicle,6,Saturday,121,RIGHT THROUGH,2,35552,Cross intersection,2,60,Local Road,CARDINAL,MORELAND,-37.706303,144.9286,2022,8,August,16,Afternoon Peak,Weekend
T20220018182,2022-08-13,19:46:00,4,Collision with a fixed object,6,Saturday,171,LEFT OFF CARRIAGEWAY INTO OBJECT/PARKED VEHICLE,5,782536,Not at intersection,3,80,Arterial Other,MICKLEHAM,HUME,-37.610035,144.88467,2022,8,August,19,Night,Weekend
T20220018274,2022-08-13,20:30:00,1,Collision with vehicle,6,Saturday,148,VEHICLE OFF FOOTPATH STRIKES VEH ON CARRIAGEWAY,3,782521,Not at intersection,3,50,Arterial Other,WATERDALE,BANYULE,-37.76828,145.04285,2022,8,August,20,Night,Weekend
T20220018226,2022-08-14,15:10:00,2,Struck Pedestrian,7,Sunday,101,PED EMERGES FROM IN FRONT OF PARKED OR STATIONARY VEHICLE,1,727482,Not at intersection,2,50,Arterial Highway,POINT NEPEAN,MORNINGTON PENINSULA,-38.363495,144.87683,2022,8,August,15,Afternoon Peak,Weekend