ACCIDENT_NO,ACCIDENT_DATE,ACCIDENT_TIME,ACCIDENT_TYPE,ACCIDENT_TYPE_DESC,DAY_OF_WEEK,DAY_WEEK_DESC,DCA_CODE,DCA_DESC,LIGHT_CONDITION,NODE_ID,ROAD_GEOMETRY_DESC,SEVERITY,SPEED_ZONE,RMA,ROAD_NAME,LGA_NAME,LATITUDE,LONGITUDE,YEAR,MONTH,MONTH_NAME,HOUR,TIME_PERIOD,DAY_TYPE
T20220018229,2022-08-14,15:45:00,1,Collision with vehicle,7,Sunday,130,REAR END(VEHICLES IN SAME LANE),1,779093,Not at intersection,3,100,Arterial Highway,SOUTH GIPPSLAND,SOUTH GIPPSLAND,-38.448776,145.91914,2022,8,August,15,Afternoon Peak,Weekend
T20220018239,2022-08-14,18:58:00,1,Collision with vehicle,7,Sunday,121,RIGHT THROUGH,3,45303,Cross intersection,3,60,Arterial Other,EPSOM ROAD -SCOTIA,MOONEE VALLEY,-37.77052,144.90521,2022,8,August,18,Afternoon Peak,Weekend
T20220018240,2022-08-14,18:21:00,6,Vehicle overturned (no collision),7,Sunday,174,OUT OF CONTROL ON CARRIAGEWAY (ON STRAIGHT),5,786081,Not at intersection,2,60,Freeway,WEST GATE IN-MONTAGUE,MELBOURNE,-37.82569,144.94441,2022,8,August,18,Afternoon Peak,Weekend
T20220018216,2022-08-14,13:12:00,2,Struck Pedestrian,7,Sunday,100,PED NEAR SIDE. PED HIT BY VEHICLE FROM THE RIGHT.,1,45242,T intersection,3,60,Arterial Other,RALEIGH,MARIBYRNONG,-37.769016,144.89247,2022,8,August,13,Midday,Weekend
T20220018227,2022-08-14,16:15:00,1,Collision with vehicle,7,Sunday,110,CROSS TRAFFIC(INTERSECTIONS ONLY),2,43788,Cross intersection,2,60,Arterial Other,CLEGG,YARRA RANGES,-37.782345,145.41853,2022,8,August,16,Afternoon Peak,Weekend
T20220018393,2022-08-14,14:20:00,4,Collision with a fixed object,7,Sunday,173,RIGHT OFF CARRIAGEWAY INTO OBJECT/PARKED VEHICLE,1,721856,Not at intersection,2,80,Local Road,HAMILLS,MOORABOOL,-37.69621,144.20679,2022,8,August,14,Midday,Weekend
T20220018243,2022-08-14,19:48:00,4,Collision with a fixed object,7,Sunday,173,RIGHT OFF CARRIAGEWAY INTO OBJECT/PARKED VEHICLE,3,785567,Not at intersection,2,50,Local Road,FERRIS,MELTON,-37.712315,144.60072,2022,8,August,19,Night,Weekend
T20220020626,2022-08-14,12:00:00,8,No collision and no object struck,7,Sunday,174,OUT OF CONTROL ON CARRIAGEWAY (ON STRAIGHT),1,724799,Not at intersection,3,50,Local Road,STALEY,MORELAND,-37.764606,144.96349,2022,8,August,12,Midday,Weekend
T20220018191,2022-08-14,01:05:00,1,Collision with vehicle,7,Sunday,133,LANE SIDE SWIPE (VEHICLES IN PARALLEL LANES),5,782541,Not at intersection,3,100,Freeway,CALDER,BRIMBANK,-37.6648,144.75008,2022,8,August,1,Late Night,Weekend
T20220018192,2022-08-14,00:59:00,4,Collision with a fixed object,7,Sunday,183,OFF LEFT BEND INTO OBJECT/PARKED VEHICLE,5,725585,Not at intersection,2,50,Local Road,LORD,GLEN EIRA,-37.88486,145.04454,2022,8,August,0,Late Night,Weekend
T20220027756,2022-08-14,18:30:00,7,Fall from or in moving vehicle,7,Sunday,190,FELL IN/FROM VEHICLE,9,745416,Not at intersection,3,40,Local Road,CHAPEL,STONNINGTON,-37.85762,144.99226,2022,8,August,18,Afternoon Peak,Weekend
T20220018195,2022-08-14,03:45:00,1,Collision with vehicle,7,Sunday,160,VEHICLE COLLIDES WITH VEHICLE PARKED ON LEFT OF ROAD,3,723949,Not at intersection,3,60,Local Road,KENSINGTON,MELBOURNE,-37.796886,144.9229,2022,8,August,3,Late Night,Weekend
T20220018218,2022-08-14,15:00:00,1,Collision with vehicle,7,Sunday,130,REAR END(VEHICLES IN SAME LANE),1,721470,Not at intersection,3,80,Arterial Other,CRANBOURNE,CASEY,-38.057255,145.30057,2022,8,August,15,Afternoon Peak,Weekend
T20220018720,2022-08-14,14:30:00,1,Collision with vehicle,7,Sunday,163,VEHICLE STRIKES DOOR OF PARKED/STATIONARY VEHICLE,1,724567,Cross intersection,3,40,Arterial Other,SYDNEY,MORELAND,-37.77614,144.9606,2022,8,August,14,Midday,Weekend
T20220018196,2022-08-14,03:40:00,1,Collision with vehicle,7,Sunday,148,VEHICLE OFF FOOTPATH STRIKES VEH ON CARRIAGEWAY,3,38890,Cross intersection,2,60,Arterial Other,BURWOOD,BOROONDARA,-37.821564,145.02638,2022,8,August,3,Late Night,Weekend
T20220018197,2022-08-14,04:00:00,1,Collision with vehicle,7,Sunday,132,RIGHT REAR.,3,779092,Not at intersection,3,60,Arterial Other,PASCOE VALE,MORELAND,-37.72407,144.92224,2022,8,August,4,Late Night,Weekend
T20220018223,2022-08-14,15:36:00,6,Vehicle overturned (no collision),7,Sunday,180,OFF CARRIAGEWAY ON RIGHT BEND,1,754258,Not at intersection,2,100,Arterial Other,COBDEN-PORT CAMPBELL,CORANGAMITE,-38.39522,143.0798,2022,8,August,15,Afternoon Peak,Weekend
T20220018260,2022-08-14,11:23:00,1,Collision with vehicle,7,Sunday,130,REAR END(VEHICLES IN SAME LANE),1,41068,T intersection,3,60,Arterial Other,FOREST,KNOX,-37.861485,145.30635,2022,8,August,11,Midday,Weekend
T20220018202,2022-08-14,08:45:00,1,Collision with vehicle,7,Sunday,147,VEHICLE STRIKES ANOTHER VEH WHILE EMERGING FROM DRIVEWAY,1,721469,Not at intersection,2,60,Arterial Other,ST HELENA,BANYULE,-37.700294,145.12015,2022,8,August,8,Morning Peak,Weekend
T20220018253,2022-08-14,20:00:00,4,Collision with a fixed object,7,Sunday,183,OFF LEFT BEND INTO OBJECT/PARKED VEHICLE,5,734367,Not at intersection,1,80,Arterial Other,WHITTLESEA-YEA,MURRINDINDI,-37.38289,145.27043,2022,8,August,20,Night,Weekend
T20220018212,2022-08-14,07:30:00,1,Collision with vehicle,7,Sunday,121,RIGHT THROUGH,1,317074,T intersection,2,60,Arterial Other,TRUGANINA-SEABROOK,MELTON,-37.797977,144.75227,2022,8,August,7,Morning Peak,Weekend
T20220022112,2022-08-14,11:45:00,1,Collision with vehicle,7,Sunday,130,REAR END(VEHICLES IN SAME LANE),1,779094,Not at intersection,3,80,Freeway,WEST GATE,MELBOURNE,-37.82647,144.94888,2022,8,August,11,Midday,Weekend
T20220018250,2022-08-14,19:55:00,2,Struck Pedestrian,7,Sunday,102,FAR SIDE. PED HIT BY VEHICLE FROM THE LEFT,6,45581,T intersection,3,60,Arterial Other,GRANTHAM,MORELAND,-37.770157,144.94986,2022,8,August,19,Night,Weekend
T20220018248,2022-08-14,21:10:00,4,Collision with a fixed object,7,Sunday,171,LEFT OFF CARRIAGEWAY INTO OBJECT/PARKED VEHICLE,5,738065,Not at intersection,2,60,Arterial Other,BURKE,PYRENEES,-37.007572,143.13246,2022,8,August,21,Night,Weekend
T20220018245,2022-08-14,20:35:00,1,Collision with vehicle,7,Sunday,121,RIGHT THROUGH,3,29590,Cross intersection,3,60,Arterial Other,CARLISLE,PORT PHILLIP,-37.86717,144.98123,2022,8,August,20,Night,Weekend
T20220018213,2022-08-14,12:50:00,1,Collision with vehicle,7,Sunday,152,PULLING OUT (OVERTAKING),1,723075,T intersection,3,100,Local Road,FIFTH,MILDURA,-34.18154,142.00845,2022,8,August,12,Midday,Weekend
T20220018215,2022-08-14,13:35:00,1,Collision with vehicle,7,Sunday,110,CROSS TRAFFIC(INTERSECTIONS ONLY),1,59016,Cross intersection,3,50,Local Road,FINCH,INDIGO,-36.356293,146.68695,2022,8,August,13,Midday,Weekend
T20230017892,2022-08-14,19:00:00,1,Collision with vehicle,7,Sunday,130,REAR END(VEHICLES IN SAME LANE),2,778111,Not at intersection,3,50,Local Road,TARNEIT,WYNDHAM,-37.896515,144.66537,2022,8,August,19,Night,Weekend
T20220018590,2022-08-15,19:22:00,1,Collision with vehicle,1,Monday,142,LEAVING PARKING,3,721905,T intersection,3,40,Local Road,LYNDARUM,WHITTLESEA,-37.62828,145.02686,2022,8,August,19,Night,Weekday
T20220018310,2022-08-15,15:45:00,1,Collision with vehicle,1,Monday,113,RIGHT NEAR (INTERSECTIONS ONLY),1,39492,T intersection,3,80,Arterial Other,SPRINGVALE,MANNINGHAM,-37.798283,145.17871,2022,8,August,15,Afternoon Peak,Weekday
T20220018451,2022-08-15,14:42:00,1,Collision with vehicle,1,Monday,151,OUT OF CONTROL (OVERTAKING),1,774850,Not at intersection,2,70,Arterial Other,LYSTERFIELD,KNOX,-37.906075,145.29433,2022,8,August,14,Midday,Weekday
T20220018445,2022-08-15,09:30:00,1,Collision with vehicle,1,Monday,140,U TURN,1,721810,Not at intersection,3,50,Local Road,OCEAN VIEW,SURF COAST,-38.337215,144.3085,2022,8,August,9,Morning Peak,Weekday
T20220018357,2022-08-15,13:45:00,1,Collision with vehicle,1,Monday,130,REAR END(VEHICLES IN SAME LANE),1,266698,Not at intersection,3,100,Freeway,WESTERN RING,MORELAND,-37.694157,144.9126,2022,8,August,13,Midday,Weekday
T20220018356,2022-08-15,17:20:00,1,Collision with vehicle,1,Monday,110,CROSS TRAFFIC(INTERSECTIONS ONLY),2,235333,Cross intersection,3,60,Arterial Other,POINT COOK,WYNDHAM,-37.896713,144.75415,2022,8,August,17,Afternoon Peak,Weekday
T20220018337,2022-08-15,18:40:00,1,Collision with vehicle,1,Monday,133,LANE SIDE SWIPE (VEHICLES IN PARALLEL LANES),3,722531,Not at intersection,3,40,Arterial Highway,ESPLANADE,EAST GIPPSLAND,-37.87936,147.99261,2022,8,August,18,Afternoon Peak,Weekday
T20220018430,2022-08-15,18:26:00,1,Collision with vehicle,1,Monday,113,RIGHT NEAR (INTERSECTIONS ONLY),3,36041,T intersection,3,60,Arterial Other,BRUNSWICK,MORELAND,-37.77872,144.97485,2022,8,August,18,Afternoon Peak,Weekday
T20220018997,2022-08-15,13:43:00,1,Collision with vehicle,1,Monday,121,RIGHT THROUGH,1,620,Cross intersection,3,60,Arterial Other,BLACKBURN,WHITEHORSE,-37.845413,145.15439,2022,8,August,13,Midday,Weekday
T20220018295,2022-08-15,13:34:00,1,Collision with vehicle,1,Monday,130,REAR END(VEHICLES IN SAME LANE),1,61699,T intersection,3,60,Arterial Other,CAMP,HUME,-37.68569,144.92326,2022,8,August,13,Midday,Weekday
T20220018292,2022-08-15,11:05:00,1,Collision with vehicle,1,Monday,110,CROSS TRAFFIC(INTERSECTIONS ONLY),1,73145,Cross intersection,3,50,Local Road,SHELL,GEELONG,-38.25934,144.55035,2022,8,August,11,Midday,Weekday
T20220020288,2022-08-15,18:05:00,2,Struck Pedestrian,1,Monday,100,PED NEAR SIDE. PED HIT BY VEHICLE FROM THE RIGHT.,9,38772,Cross intersection,3,50,Local Road,IRVING,MARIBYRNONG,-37.802315,144.89912,2022,8,August,18,Afternoon Peak,Weekday
T20220018317,2022-08-15,18:53:00,4,Collision with a fixed object,1,Monday,171,LEFT OFF CARRIAGEWAY INTO OBJECT/PARKED VEHICLE,3,52865,Cross intersection,3,70,Arterial Other,VICTORIA,BALLARAT,-37.56057,143.8771,2022,8,August,18,Afternoon Peak,Weekday
T20220018284,2022-08-15,09:50:00,4,Collision with a fixed object,1,Monday,171,LEFT OFF CARRIAGEWAY INTO OBJECT/PARKED VEHICLE,1,722099,Not at intersection,3,100,Local Road,SMITHS,WEST WIMMERA,-36.149433,141.0736,2022,8,August,9,Morning Peak,Weekday
T20220018316,2022-08-15,17:35:00,1,Collision with vehicle,1,Monday,140,U TURN,1,721808,Not at intersection,3,60,Arterial Other,GEELONG,BALLARAT,-37.605103,143.86897,2022,8,August,17,Afternoon Peak,Weekday
T20220018282,2022-08-15,04:40:00,4,Collision with a fixed object,1,Monday,181,OFF RIGHT BEND INTO OBJECT/PARKED VEHICLE,5,782548,Not at intersection,3,50,Local Road,CLARK,COLAC OTWAY,-38.33419,143.60681,2022,8,August,4,Late Night,Weekday
T20220018315,2022-08-15,16:00:00,6,Vehicle overturned (no collision),1,Monday,170,OFF CARRIAGEWAY TO LEFT,1,782552,Not at intersection,3,100,Arterial Other,ECHUCA-MITIAMO,CAMPASPE,-36.21122,144.28964,2022,8,August,16,Afternoon Peak,Weekday
T20220018324,2022-08-15,18:34:00,1,Collision with vehicle,1,Monday,120,HEAD ON (NOT OVERTAKING),3,780256,Not at intersection,3,60,Arterial Other,BELGRAVE-GEMBROOK,CARDINIA,-37.921333,145.4662,2022,8,August,18,Afternoon Peak,Weekday
T20220018271,2022-08-15,09:36:00,1,Collision with vehicle,1,Monday,140,U TURN,1,722771,T intersection,2,70,Local Road,GREENVALE,HUME,-37.639957,144.88083,2022,8,August,9,Morning Peak,Weekday
T20220018270,2022-08-15,10:00:00,1,Collision with vehicle,1,Monday,130,REAR END(VEHICLES IN SAME LANE),1,49618,T intersection,2,60,Arterial Other,FOREST,GEELONG,-38.024002,144.39618,2022,8,August,10,Midday,Weekday
T20220018268,2022-08-15,06:20:00,6,Vehicle overturned (no collision),1,Monday,174,OUT OF CONTROL ON CARRIAGEWAY (ON STRAIGHT),2,782551,Not at intersection,3,40,Local Road,ALBERT,MELBOURNE,-37.809624,144.97643,2022,8,August,6,Morning Peak,Weekday
T20220018263,2022-08-15,06:53:00,1,Collision with vehicle,1,Monday,121,RIGHT THROUGH,2,721589,Cross intersection,2,60,Local Road,BOUNDARY,GEELONG,-38.2196,144.33784,2022,8,August,6,Morning Peak,Weekday
T20220018327,2022-08-15,17:50:00,1,Collision with vehicle,1,Monday,120,HEAD ON (NOT OVERTAKING),3,774790,Not at intersection,3,50,Local Road,DONNE,MORELAND,-37.752647,144.94876,2022,8,August,17,Afternoon Peak,Weekday
T20220018305,2022-08-15,16:08:00,1,Collision with vehicle,1,Monday,130,REAR END(VEHICLES IN SAME LANE),1,721804,Not at intersection,2,70,Arterial Other,SHRIVES,CASEY,-38.031425,145.29129,2022,8,August,16,Afternoon Peak,Weekday
T20220018304,2022-08-15,15:55:00,1,Collision with vehicle,1,Monday,121,RIGHT THROUGH,1,70222,T intersection,3,60,Arterial Other,HEATHERTON,DANDENONG,-37.96413,145.16614,2022,8,August,15,Afternoon Peak,Weekday
T20220018303,2022-08-15,14:00:00,8,No collision and no object struck,1,Monday,151,OUT OF CONTROL (OVERTAKING),1,722431,Not at intersection,3,80,Local Road,MT DORAN-EGERTON,MOORABOOL,-37.722458,144.04654,2022,8,August,14,Midday,Weekday
T20220018300,2022-08-15,14:42:00,1,Collision with vehicle,1,Monday,112,LEFT FAR (INTERSECTIONS ONLY),1,46645,T intersection,3,50,Arterial Other,MORELAND,MORELAND,-37.755096,144.96123,2022,8,August,14,Midday,Weekday
T20220018308,2022-08-15,16:05:00,4,Collision with a fixed object,1,Monday,181,OFF RIGHT BEND INTO OBJECT/PARKED VEHICLE,1,1016,Cross intersection,2,80,Arterial Highway,SOUTH GIPPSLAND,CASEY,-38.098076,145.2832,2022,8,August,16,Afternoon Peak,Weekday
T20220018368,2022-08-16,14:36:00,1,Collision with vehicle,2,Tuesday,116,LEFT NEAR (INTERSECTIONS ONLY),1,34813,Cross intersection,3,60,Arterial Other,MACARTHUR,MELBOURNE,-37.789864,144.95857,2022,8,August,14,Midday,Weekday
T20220018367,2022-08-16,12:20:00,1,Collision with vehicle,2,Tuesday,132,RIGHT REAR.,1,754251,Not at intersection,2,40,Arterial Other,NAR NAR GOON-LONGWARRY,CARDINIA,-38.096447,145.6929,2022,8,August,12,Midday,Weekday
T20220022331,2022-08-16,13:30:00,1,Collision with vehicle,2,Tuesday,162,ACCIDENT OR BROKEN DOWN,1,735676,Not at intersection,2,60,Arterial Other,DOHERTYS,HOBSONS BAY,-37.831337,144.82443,2022,8,August,13,Midday,Weekday
T20220020250,2022-08-16,04:50:00,4,Collision with a fixed object,2,Tuesday,171,LEFT OFF CARRIAGEWAY INTO OBJECT/PARKED VEHICLE,3,789097,Not at intersection,2,60,Arterial Other,WATTLETREE,STONNINGTON,-37.862053,145.02585,2022,8,August,4,Late Night,Weekday
T20220018861,2022-08-16,17:30:00,1,Collision with vehicle,2,Tuesday,130,REAR END(VEHICLES IN SAME LANE),2,722319,T intersection,3,60,Local Road,TAYLORS,MELTON,-37.721867,144.73409,2022,8,August,17,Afternoon Peak,Weekday
T20220018995,2022-08-16,10:24:00,1,Collision with vehicle,2,Tuesday,111,RIGHT FAR (INTERSECTIONS ONLY),1,66651,T intersection,3,60,Arterial Other,BLACKSHAWS,HOBSONS BAY,-37.83399,144.87413,2022,8,August,10,Midday,Weekday
T20220018354,2022-08-16,08:35:00,1,Collision with vehicle,2,Tuesday,151,OUT OF CONTROL (OVERTAKING),1,721809,T intersection,3,80,Arterial Other,CLYDE-FIVE WAYS,CASEY,-38.1477,145.32137,2022,8,August,8,Morning Peak,Weekday
T20220018339,2022-08-16,07:53:00,1,Collision with vehicle,2,Tuesday,130,REAR END(VEHICLES IN SAME LANE),1,723077,Not at intersection,3,100,Freeway,SOUTH GIPPSLAND,DANDENONG,-38.007683,145.25102,2022,8,August,7,Morning Peak,Weekday
T20220018334,2022-08-16,06:55:00,1,Collision with vehicle,2,Tuesday,121,RIGHT THROUGH,2,57552,Cross intersection,3,70,Arterial Highway,WARRIGAL,STONNINGTON,-37.892857,145.08824,2022,8,August,6,Morning Peak,Weekday
T20220018428,2022-08-16,20:10:00,4,Collision with a fixed object,2,Tuesday,171,LEFT OFF CARRIAGEWAY INTO OBJECT/PARKED VEHICLE,5,782564,Not at intersection,3,100,Arterial Other,ECHUCA,SHEPPARTON,-36.265408,145.20111,2022,8,August,20,Night,Weekday
T20220018333,2022-08-16,07:22:00,4,Collision with a fixed object,2,Tuesday,181,OFF RIGHT BEND INTO OBJECT/PARKED VEHICLE,2,722488,Not at intersection,2,60,Arterial Other,DROUIN-WARRAGUL,BAW BAW,-38.171024,145.96985,2022,8,August,7,Morning Peak,Weekday
T20220018328,2022-08-16,01:29:00,1,Collision with vehicle,2,Tuesday,120,HEAD ON (NOT OVERTAKING),3,721699,Not at intersection,1,60,Arterial Other,MILLEARA,MOONEE VALLEY,-37.734238,144.86485,2022,8,August,1,Late Night,Weekday
T20220019305,2022-08-16,06:45:00,1,Collision with vehicle,2,Tuesday,130,REAR END(VEHICLES IN SAME LANE),2,723221,Not at intersection,3,100,Freeway,HUME,WHITTLESEA,-37.600925,144.95845,2022,8,August,6,Morning Peak,Weekday
T20220022342,2022-08-16,06:35:00,1,Collision with vehicle,2,Tuesday,147,VEHICLE STRIKES ANOTHER VEH WHILE EMERGING FROM DRIVEWAY,9,685381,Not at intersection,3,70,Arterial Highway,SPRINGVALE,MONASH,-37.882744,145.16524,2022,8,August,6,Morning Peak,Weekday
T20220018414,2022-08-16,20:14:00,1,Collision with vehicle,2,Tuesday,150,HEAD ON(OVERTAKING),6,727270,Cross intersection,2,60,Local Road,WILSONS,GEELONG,-38.1731,144.39095,2022,8,August,20,Night,Weekday
T20220018413,2022-08-16,21:30:00,1,Collision with vehicle,2,Tuesday,113,RIGHT NEAR (INTERSECTIONS ONLY),3,45608,T intersection,3,60,Arterial Other,BRUNSWICK,MORELAND,-37.776596,144.95628,2022,8,August,21,Night,Weekday
T20220018515,2022-08-16,18:30:00,1,Collision with vehicle,2,Tuesday,160,VEHICLE COLLIDES WITH VEHICLE PARKED ON LEFT OF ROAD,3,779465,Not at intersection,3,50,Local Road,VANESSA,CASEY,-38.028305,145.2499,2022,8,August,18,Afternoon Peak,Weekday
T20220018411,2022-08-16,20:58:00,4,Collision with a fixed object,2,Tuesday,173,RIGHT OFF CARRIAGEWAY INTO OBJECT/PARKED VEHICLE,5,727818,Not at intersection,2,100,Arterial Highway,PRINCES,COLAC OTWAY,-38.31193,143.67856,2022,8,August,20,Night,Weekday
T20220018408,2022-08-16,19:41:00,1,Collision with vehicle,2,Tuesday,110,CROSS TRAFFIC(INTERSECTIONS ONLY),3,40333,Cross intersection,3,60,Arterial Other,BALACLAVA,GLEN EIRA,-37.874073,145.03596,2022,8,August,19,Night,Weekday
T20220018407,2022-08-16,19:53:00,1,Collision with vehicle,2,Tuesday,130,REAR END(VEHICLES IN SAME LANE),3,779095,Cross intersection,3,100,Arterial Highway,DANDENONG-HASTINGS ROAD -THOMPSONS,CASEY,-38.07764,145.23973,2022,8,August,19,Night,Weekday
T20220018403,2022-08-16,15:55:00,4,Collision with a fixed object,2,Tuesday,173,RIGHT OFF CARRIAGEWAY INTO OBJECT/PARKED VEHICLE,1,725206,Not at intersection,2,50,Local Road,CHURCHILL,LATROBE,-38.23384,146.41615,2022,8,August,15,Afternoon Peak,Weekday
T20220018395,2022-08-16,15:50:00,4,Collision with a fixed object,2,Tuesday,183,OFF LEFT BEND INTO OBJECT/PARKED VEHICLE,1,725205,Not at intersection,2,50,Local Road,LIVINGSTONE,LATROBE,-38.234676,146.4164,2022,8,August,15,Afternoon Peak,Weekday
T20220018394,2022-08-16,16:30:00,1,Collision with vehicle,2,Tuesday,122,LEFT THROUGH,1,38495,Cross intersection,3,60,Local Road,MANGANS,YARRA RANGES,-37.763985,145.37207,2022,8,August,16,Afternoon Peak,Weekday
T20220018482,2022-08-16,22:59:00,2,Struck Pedestrian,2,Tuesday,100,PED NEAR SIDE. PED HIT BY VEHICLE FROM THE RIGHT.,3,774794,Not at intersection,3,60,Arterial Other,PLENTY,DAREBIN,-37.72938,145.01697,2022,8,August,22,Night,Weekday
T20220018386,2022-08-16,15:30:00,5,collision with some other object,2,Tuesday,166,STRUCK OBJECT ON CARRIAGEWAY,1,721673,Not at intersection,3,100,Freeway,WESTERN RING,BRIMBANK,-37.761803,144.82066,2022,8,August,15,Afternoon Peak,Weekday
T20220018568,2022-08-16,17:30:00,2,Struck Pedestrian,2,Tuesday,100,PED NEAR SIDE. PED HIT BY VEHICLE FROM THE RIGHT.,2,46695,Cross intersection,3,80,Arterial Highway,STUD,KNOX,-37.922745,145.23398,2022,8,August,17,Afternoon Peak,Weekday
T20220018384,2022-08-16,15:00:00,1,Collision with vehicle,2,Tuesday,130,REAR END(VEHICLES IN SAME LANE),1,723274,Not at intersection,3,80,Arterial Other,CRANBOURNE,CASEY,-38.03898,145.30447,2022,8,August,15,Afternoon Peak,Weekday
T20220018382,2022-08-16,15:45:00,1,Collision with vehicle,2,Tuesday,130,REAR END(VEHICLES IN SAME LANE),1,721672,Not at intersection,3,80,Arterial Highway,DINGLEY,KINGSTON,-37.953014,145.10197,2022,8,August,15,Afternoon Peak,Weekday
T20220018375,2022-08-16,10:25:00,1,Collision with vehicle,2,Tuesday,110,CROSS TRAFFIC(INTERSECTIONS ONLY),1,52188,Cross intersection,3,40,Local Road,GORDON,LATROBE,-38.18974,146.52666,2022,8,August,10,Midday,Weekday
T20220018372,2022-08-16,12:35:00,1,Collision with vehicle,2,Tuesday,111,RIGHT FAR (INTERSECTIONS ONLY),1,60099,Cross intersection,3,50,Local Road,BRUCE,MOUNT ALEXANDER,-37.066505,144.21417,2022,8,August,12,Midday,Weekday
T20220019577,2022-08-17,13:00:00,6,Vehicle overturned (no collision),3,Wednesday,170,OFF CARRIAGEWAY TO LEFT,1,725611,Not at intersection,3,60,Local Road,BULLA-DIGGERS REST,HUME,-37.633953,144.75415,2022,8,August,13,Midday,Weekday
T20220018504,2022-08-17,22:31:00,1,Collision with vehicle,3,Wednesday,121,RIGHT THROUGH,3,678347,T intersection,2,80,Arterial Other,LEWIS,KNOX,-37.856228,145.25375,2022,8,August,22,Night,Weekday
T20220018494,2022-08-17,21:10:00,1,Collision with vehicle,3,Wednesday,110,CROSS TRAFFIC(INTERSECTIONS ONLY),3,40105,Cross intersection,2,50,Arterial Other,BARKLY,PORT PHILLIP,-37.864098,144.98178,2022,8,August,21,Night,Weekday
T20220018463,2022-08-17,15:00:00,1,Collision with vehicle,3,Wednesday,112,LEFT FAR (INTERSECTIONS ONLY),1,725252,Cross intersection,1,70,Arterial Other,PIONEER,GEELONG,-38.19696,144.31877,2022,8,August,15,Afternoon Peak,Weekday
T20220018490,2022-08-17,16:57:00,2,Struck Pedestrian,3,Wednesday,102,FAR SIDE. PED HIT BY VEHICLE FROM THE LEFT,1,29423,Cross intersection,3,40,Local Road,ELIZABETH,MELBOURNE,-37.813267,144.9627,2022,8,August,16,Afternoon Peak,Weekday
T20220018466,2022-08-17,12:55:00,1,Collision with vehicle,3,Wednesday,120,HEAD ON (NOT OVERTAKING),1,721750,Not at intersection,1,100,Arterial Highway,GOULBURN VALLEY,SHEPPARTON,-36.488857,145.38878,2022,8,August,12,Midday,Weekday
T20220018470,2022-08-17,17:15:00,1,Collision with vehicle,3,Wednesday,130,REAR END(VEHICLES IN SAME LANE),1,779199,Not at intersection,3,100,Freeway,PRINCES,CARDINIA,-38.077522,145.42441,2022,8,August,17,Afternoon Peak,Weekday
T20220018478,2022-08-17,18:45:00,1,Collision with vehicle,3,Wednesday,121,RIGHT THROUGH,3,44621,Cross intersection,3,60,Arterial Other,KINGSBURY,DAREBIN,-37.729725,145.06085,2022,8,August,18,Afternoon Peak,Weekday
T20220018800,2022-08-17,14:30:00,4,Collision with a fixed object,3,Wednesday,173,RIGHT OFF CARRIAGEWAY INTO OBJECT/PARKED VEHICLE,1,725735,T intersection,3,50,Local Road,PROUDFOOT,WHITEHORSE,-37.8192,145.10983,2022,8,August,14,Midday,Weekday
T20220018479,2022-08-17,17:47:00,1,Collision with vehicle,3,Wednesday,111,RIGHT FAR (INTERSECTIONS ONLY),3,50015,Cross intersection,2,60,Arterial Highway,MCKILLOP,GEELONG,-38.157036,144.37029,2022,8,August,17,Afternoon Peak,Weekday
T20220018480,2022-08-17,17:30:00,1,Collision with vehicle,3,Wednesday,130,REAR END(VEHICLES IN SAME LANE),3,774793,Not at intersection,3,50,Local Road,SHAWS,WYNDHAM,-37.890564,144.66684,2022,8,August,17,Afternoon Peak,Weekday
T20230000835,2022-08-17,18:00:00,1,Collision with vehicle,3,Wednesday,130,REAR END(VEHICLES IN SAME LANE),3,747937,Not at intersection,3,100,Freeway,WESTERN RING,BRIMBANK,-37.775524,144.794,2022,8,August,18,Afternoon Peak,Weekday
T20220019186,2022-08-17,19:00:00,2,Struck Pedestrian,3,Wednesday,100,PED NEAR SIDE. PED HIT BY VEHICLE FROM THE RIGHT.,2,724770,T intersection,2,60,Local Road,ROSE,HOBSONS BAY,-37.86899,144.81906,2022,8,August,19,Night,Weekday
T20220018419,2022-08-17,00:50:00,3,Struck animal,3,Wednesday,167,STRUCK ANIMAL,5,780257,Not at intersection,3,100,Arterial Highway,GREAT ALPINE,WANGARATTA,-36.421757,146.50122,2022,8,August,0,Late Night,Weekday
T20220018422,2022-08-17,06:10:00,2,Struck Pedestrian,3,Wednesday,102,FAR SIDE. PED HIT BY VEHICLE FROM THE LEFT,2,289706,Cross intersection,2,80,Arterial Other,MELTON,BRIMBANK,-37.69336,144.7566,2022,8,August,6,Morning Peak,Weekday
T20220018491,2022-08-17,20:13:00,1,Collision with vehicle,3,Wednesday,121,RIGHT THROUGH,3,871,Cross intersection,3,60,Arterial Highway,FRANKSTON-DANDENONG,DANDENONG,-37.99988,145.21823,2022,8,August,20,Night,Weekday
T20220018425,2022-08-17,07:45:00,1,Collision with vehicle,3,Wednesday,130,REAR END(VEHICLES IN SAME LANE),1,725586,Not at intersection,3,100,Freeway,EASTERN,BOROONDARA,-37.79066,145.03961,2022,8,August,7,Morning Peak,Weekday
T20230006658,2022-08-17,12:57:00,1,Collision with vehicle,3,Wednesday,140,U TURN,1,768783,Not at intersection,3,60,Arterial Other,WATTLETREE,STONNINGTON,-37.863087,145.03378,2022,8,August,12,Midday,Weekday