ACCIDENT_NO,ACCIDENT_DATE,ACCIDENT_TIME,ACCIDENT_TYPE,ACCIDENT_TYPE_DESC,DAY_OF_WEEK,DAY_WEEK_DESC,DCA_CODE,DCA_DESC,LIGHT_CONDITION,NODE_ID,ROAD_GEOMETRY_DESC,SEVERITY,SPEED_ZONE,RMA,ROAD_NAME,LGA_NAME,LATITUDE,LONGITUDE,YEAR,MONTH,MONTH_NAME,HOUR,TIME_PERIOD,DAY_TYPE
T20220019123,2022-08-17,17:25:00,4,Collision with a fixed object,3,Wednesday,141,U TURN INTO FIXED OBJECT/PARKED VEHICLE,1,782680,Not at intersection,3,50,Local Road,ROY,HINDMARSH,-36.142506,141.98756,2022,8,August,17,Afternoon Peak,Weekday
T20220018432,2022-08-17,07:18:00,1,Collision with vehicle,3,Wednesday,120,HEAD ON (NOT OVERTAKING),2,785857,Not at intersection,2,50,Arterial Other,VINEYARD,MELTON,-37.61449,144.70776,2022,8,August,7,Morning Peak,Weekday
T20220018492,2022-08-17,20:36:00,1,Collision with vehicle,3,Wednesday,110,CROSS TRAFFIC(INTERSECTIONS ONLY),5,721812,Cross intersection,3,50,Local Road,COLLINGWOOD,MORNINGTON PENINSULA,-38.37266,144.82166,2022,8,August,20,Night,Weekday
T20220018495,2022-08-17,14:45:00,2,Struck Pedestrian,3,Wednesday,100,PED NEAR SIDE. PED HIT BY VEHICLE FROM THE RIGHT.,1,782681,Not at intersection,3,60,Arterial Other,HEATHS,WYNDHAM,-37.878063,144.68825,2022,8,August,14,Midday,Weekday
T20220018434,2022-08-17,06:40:00,1,Collision with vehicle,3,Wednesday,121,RIGHT THROUGH,2,726505,T intersection,2,100,Arterial Other,ROKEWOOD-SHELFORD,GOLDEN PLAINS,-37.925575,143.80597,2022,8,August,6,Morning Peak,Weekday
T20220018444,2022-08-17,12:20:00,4,Collision with a fixed object,3,Wednesday,141,U TURN INTO FIXED OBJECT/PARKED VEHICLE,1,736078,Not at intersection,3,50,Local Road,BLUFF,BOROONDARA,-37.84419,145.0485,2022,8,August,12,Midday,Weekday
T20220018447,2022-08-17,14:00:00,1,Collision with vehicle,3,Wednesday,130,REAR END(VEHICLES IN SAME LANE),1,669064,T intersection,3,80,Arterial Highway,VESPER,CASEY,-38.018032,145.29509,2022,8,August,14,Midday,Weekday
T20220018454,2022-08-17,12:35:00,1,Collision with vehicle,3,Wednesday,160,VEHICLE COLLIDES WITH VEHICLE PARKED ON LEFT OF ROAD,1,722376,Not at intersection,3,50,Local Road,GOVERNOR,KINGSTON,-38.008026,145.10088,2022,8,August,12,Midday,Weekday
T20220018456,2022-08-17,14:01:00,1,Collision with vehicle,3,Wednesday,110,CROSS TRAFFIC(INTERSECTIONS ONLY),1,41776,Cross intersection,2,60,Arterial Other,WAVERLEY,MONASH,-37.888172,145.1577,2022,8,August,14,Midday,Weekday
T20220018458,2022-08-17,08:40:00,1,Collision with vehicle,3,Wednesday,113,RIGHT NEAR (INTERSECTIONS ONLY),1,54466,Cross intersection,3,80,Arterial Other,ALEXANDERS,LATROBE,-38.23278,146.44014,2022,8,August,8,Morning Peak,Weekday
T20220018850,2022-08-18,08:45:00,1,Collision with vehicle,4,Thursday,137,LEFT TURN SIDESWIPE,1,785881,Not at intersection,2,60,Arterial Other,HIGH,DAREBIN,-37.762463,144.99995,2022,8,August,8,Morning Peak,Weekday
T20220018646,2022-08-18,12:08:00,4,Collision with a fixed object,4,Thursday,181,OFF RIGHT BEND INTO OBJECT/PARKED VEHICLE,1,722547,Not at intersection,3,100,Local Road,TALLANGATTA CREEK,TOWONG,-36.35989,147.44687,2022,8,August,12,Midday,Weekday
T20220018753,2022-08-18,20:30:00,1,Collision with vehicle,4,Thursday,121,RIGHT THROUGH,6,47981,T intersection,2,50,Local Road,FURNEAUX,GLEN EIRA,-37.87474,145.00317,2022,8,August,20,Night,Weekday
T20220018746,2022-08-18,07:10:00,1,Collision with vehicle,4,Thursday,130,REAR END(VEHICLES IN SAME LANE),2,785879,Not at intersection,2,80,Freeway,EDGARS-METROPOLITAN RING IN,WHITTLESEA,-37.687622,145.00197,2022,8,August,7,Morning Peak,Weekday
T20220019470,2022-08-18,22:20:00,1,Collision with vehicle,4,Thursday,113,RIGHT NEAR (INTERSECTIONS ONLY),3,345849,T intersection,3,80,Arterial Other,KELLETTS,KNOX,-37.91127,145.24118,2022,8,August,22,Night,Weekday
T20220018625,2022-08-18,19:50:00,2,Struck Pedestrian,4,Thursday,100,PED NEAR SIDE. PED HIT BY VEHICLE FROM THE RIGHT.,3,722489,Cross intersection,3,40,Arterial Other,CHURCH,YARRA,-37.825752,144.99791,2022,8,August,19,Night,Weekday
T20220018571,2022-08-18,15:35:00,1,Collision with vehicle,4,Thursday,110,CROSS TRAFFIC(INTERSECTIONS ONLY),1,782771,Cross intersection,3,50,Local Road,WADAWURRUNG,SURF COAST,-38.307922,144.32214,2022,8,August,15,Afternoon Peak,Weekday
T20220019080,2022-08-18,18:10:00,1,Collision with vehicle,4,Thursday,130,REAR END(VEHICLES IN SAME LANE),1,725736,Cross intersection,3,70,Local Road,BRIDGE,CARDINIA,-38.074615,145.4336,2022,8,August,18,Afternoon Peak,Weekday
T20220019772,2022-08-18,07:55:00,1,Collision with vehicle,4,Thursday,130,REAR END(VEHICLES IN SAME LANE),9,723853,Not at intersection,3,80,Local Road,BARRYMORE,HUME,-37.65564,144.88214,2022,8,August,7,Morning Peak,Weekday
T20230009485,2022-08-18,08:00:00,1,Collision with vehicle,4,Thursday,133,LANE SIDE SWIPE (VEHICLES IN PARALLEL LANES),9,37717,T intersection,3,40,Arterial Other,CHAPEL,STONNINGTON,-37.836826,144.99617,2022,8,August,8,Morning Peak,Weekday
T20220020444,2022-08-18,19:00:00,2,Struck Pedestrian,4,Thursday,100,PED NEAR SIDE. PED HIT BY VEHICLE FROM THE RIGHT.,3,727750,T intersection,3,40,Arterial Other,MALVERN,STONNINGTON,-37.84694,144.99467,2022,8,August,19,Night,Weekday
T20220018698,2022-08-18,22:10:00,5,collision with some other object,4,Thursday,166,STRUCK OBJECT ON CARRIAGEWAY,3,43542,T intersection,3,70,Local Road,MCCLELLAND,FRANKSTON,-38.159386,145.17001,2022,8,August,22,Night,Weekday
T20220019017,2022-08-18,20:00:00,2,Struck Pedestrian,4,Thursday,100,PED NEAR SIDE. PED HIT BY VEHICLE FROM THE RIGHT.,3,45236,Cross intersection,3,50,Arterial Other,GORDON,MARIBYRNONG,-37.784634,144.89075,2022,8,August,20,Night,Weekday
T20220018597,2022-08-18,20:30:00,1,Collision with vehicle,4,Thursday,110,CROSS TRAFFIC(INTERSECTIONS ONLY),3,41800,Cross intersection,3,60,Arterial Highway,SPRINGVALE,MONASH,-37.888885,145.16414,2022,8,August,20,Night,Weekday
T20220018596,2022-08-18,22:30:00,1,Collision with vehicle,4,Thursday,133,LANE SIDE SWIPE (VEHICLES IN PARALLEL LANES),3,726934,Not at intersection,2,40,Arterial Other,TOORAK,STONNINGTON,-37.842274,145.01894,2022,8,August,22,Night,Weekday
T20220018593,2022-08-18,16:50:00,1,Collision with vehicle,4,Thursday,130,REAR END(VEHICLES IN SAME LANE),2,774853,Not at intersection,3,100,Freeway,MONASH,CASEY,-37.9721,145.23703,2022,8,August,16,Afternoon Peak,Weekday
T20220018588,2022-08-18,20:50:00,1,Collision with vehicle,4,Thursday,110,CROSS TRAFFIC(INTERSECTIONS ONLY),3,85959,Cross intersection,3,80,Arterial Other,OLD CALDER,BRIMBANK,-37.70342,144.80183,2022,8,August,20,Night,Weekday
T20220018586,2022-08-18,20:05:00,1,Collision with vehicle,4,Thursday,120,HEAD ON (NOT OVERTAKING),5,723321,Not at intersection,2,70,Arterial Other,GREAVES,CASEY,-38.05741,145.31882,2022,8,August,20,Night,Weekday
T20220018585,2022-08-18,13:45:00,1,Collision with vehicle,4,Thursday,121,RIGHT THROUGH,1,36017,Cross intersection,2,60,Arterial Other,HOLMES STREET -NICHOLSON,MORELAND,-37.75667,144.97487,2022,8,August,13,Midday,Weekday
T20220018582,2022-08-18,17:00:00,1,Collision with vehicle,4,Thursday,121,RIGHT THROUGH,2,782747,Not at intersection,3,80,Arterial Highway,SOUTH GIPPSLAND,CASEY,-38.08518,145.27768,2022,8,August,17,Afternoon Peak,Weekday
T20220018579,2022-08-18,16:15:00,1,Collision with vehicle,4,Thursday,110,CROSS TRAFFIC(INTERSECTIONS ONLY),1,43677,Cross intersection,3,60,Local Road,STEWARTS,HUME,-37.571228,144.71838,2022,8,August,16,Afternoon Peak,Weekday
T20220018577,2022-08-18,19:05:00,1,Collision with vehicle,4,Thursday,121,RIGHT THROUGH,3,38482,Multiple intersection,3,60,Arterial Highway,MAIN,YARRA RANGES,-37.757526,145.35483,2022,8,August,19,Night,Weekday
T20220018572,2022-08-18,15:00:00,1,Collision with vehicle,4,Thursday,147,VEHICLE STRIKES ANOTHER VEH WHILE EMERGING FROM DRIVEWAY,1,724354,Not at intersection,3,60,Local Road,CHIFLEY,DAREBIN,-37.749847,145.02946,2022,8,August,15,Afternoon Peak,Weekday
T20220018570,2022-08-18,16:00:00,1,Collision with vehicle,4,Thursday,133,LANE SIDE SWIPE (VEHICLES IN PARALLEL LANES),1,785884,Not at intersection,2,50,Local Road,BRINAWA,NILLUMBIK,-37.689674,145.09454,2022,8,August,16,Afternoon Peak,Weekday
T20220018569,2022-08-18,15:42:00,1,Collision with vehicle,4,Thursday,147,VEHICLE STRIKES ANOTHER VEH WHILE EMERGING FROM DRIVEWAY,1,723079,Not at intersection,2,50,Local Road,PILGRIM,MAROONDAH,-37.8295,145.21407,2022,8,August,15,Afternoon Peak,Weekday
T20220018564,2022-08-18,15:30:00,1,Collision with vehicle,4,Thursday,121,RIGHT THROUGH,1,360176,Cross intersection,2,80,Arterial Highway,WEBB,CASEY,-38.025356,145.30515,2022,8,August,15,Afternoon Peak,Weekday
T20220018556,2022-08-18,15:50:00,1,Collision with vehicle,4,Thursday,130,REAR END(VEHICLES IN SAME LANE),1,721965,Not at intersection,3,70,Arterial Other,SOUTH,GLEN EIRA,-37.933926,145.04268,2022,8,August,15,Afternoon Peak,Weekday
T20220018546,2022-08-18,12:15:00,4,Collision with a fixed object,4,Thursday,173,RIGHT OFF CARRIAGEWAY INTO OBJECT/PARKED VEHICLE,1,36162,T intersection,3,70,Arterial Other,SUNSHINE,BRIMBANK,-37.73149,144.81665,2022,8,August,12,Midday,Weekday
T20220018541,2022-08-18,08:32:00,1,Collision with vehicle,4,Thursday,121,RIGHT THROUGH,1,780260,Not at intersection,3,40,Local Road,BASSETTS,WHITTLESEA,-37.597664,145.1147,2022,8,August,8,Morning Peak,Weekday
T20220018540,2022-08-18,07:30:00,1,Collision with vehicle,4,Thursday,130,REAR END(VEHICLES IN SAME LANE),1,722026,Not at intersection,3,100,Freeway,PRINCES,HOBSONS BAY,-37.868317,144.7659,2022,8,August,7,Morning Peak,Weekday
T20220018538,2022-08-18,06:40:00,1,Collision with vehicle,4,Thursday,130,REAR END(VEHICLES IN SAME LANE),1,722024,Not at intersection,3,100,Freeway,SOUTH GIPPSLAND,DANDENONG,-38.00417,145.25175,2022,8,August,6,Morning Peak,Weekday
T20220018581,2022-08-18,18:22:00,2,Struck Pedestrian,4,Thursday,100,PED NEAR SIDE. PED HIT BY VEHICLE FROM THE RIGHT.,3,42941,T intersection,3,50,Local Road,DOUGLAS,DANDENONG,-37.96725,145.17616,2022,8,August,18,Afternoon Peak,Weekday
T20220018529,2022-08-18,12:05:00,1,Collision with vehicle,4,Thursday,130,REAR END(VEHICLES IN SAME LANE),1,721902,Not at intersection,3,60,Arterial Other,HIGH,GEELONG,-38.17895,144.55956,2022,8,August,12,Midday,Weekday
T20220018527,2022-08-18,10:40:00,1,Collision with vehicle,4,Thursday,133,LANE SIDE SWIPE (VEHICLES IN PARALLEL LANES),1,721901,T intersection,3,80,Arterial Highway,DANDENONG VALLEY,KNOX,-37.92648,145.23323,2022,8,August,10,Midday,Weekday
T20220018525,2022-08-18,08:50:00,4,Collision with a fixed object,4,Thursday,141,U TURN INTO FIXED OBJECT/PARKED VEHICLE,1,721900,T intersection,3,70,Arterial Other,SOUTH,GLEN EIRA,-37.93484,145.05017,2022,8,August,8,Morning Peak,Weekday
T20220018523,2022-08-18,10:30:00,1,Collision with vehicle,4,Thursday,145,REVERSING IN STREAM OF TRAFFIC,1,721899,Not at intersection,3,40,Arterial Other,SOUTH,KINGSTON,-37.934975,145.04973,2022,8,August,10,Midday,Weekday
T20220018516,2022-08-18,07:45:00,2,Struck Pedestrian,4,Thursday,100,PED NEAR SIDE. PED HIT BY VEHICLE FROM THE RIGHT.,1,727694,Not at intersection,3,50,Local Road,PURINUAN,DAREBIN,-37.707443,145.01472,2022,8,August,7,Morning Peak,Weekday
T20220018506,2022-08-18,06:40:00,1,Collision with vehicle,4,Thursday,148,VEHICLE OFF FOOTPATH STRIKES VEH ON CARRIAGEWAY,2,721897,Not at intersection,2,70,Arterial Highway,DANDENONG,STONNINGTON,-37.857746,144.9931,2022,8,August,6,Morning Peak,Weekday
T20220018533,2022-08-18,10:50:00,1,Collision with vehicle,4,Thursday,121,RIGHT THROUGH,1,583995,Cross intersection,3,80,Arterial Highway,DANDENONG,MONASH,-37.924656,145.14331,2022,8,August,10,Midday,Weekday
T20220018528,2022-08-18,10:07:00,1,Collision with vehicle,4,Thursday,110,CROSS TRAFFIC(INTERSECTIONS ONLY),1,727147,Cross intersection,2,80,Arterial Highway,WILSONS,GLENELG,-38.331757,141.58745,2022,8,August,10,Midday,Weekday
T20220018875,2022-08-18,18:45:00,1,Collision with vehicle,4,Thursday,147,VEHICLE STRIKES ANOTHER VEH WHILE EMERGING FROM DRIVEWAY,2,722438,Not at intersection,2,60,Local Road,BROOKLYN,MELTON,-37.702557,144.5714,2022,8,August,18,Afternoon Peak,Weekday
T20220019014,2022-08-18,12:30:00,1,Collision with vehicle,4,Thursday,130,REAR END(VEHICLES IN SAME LANE),1,50406,T intersection,3,80,Arterial Other,DEANS MARSH-LORNE,SURF COAST,-38.47676,143.93027,2022,8,August,12,Midday,Weekday
T20220018647,2022-08-19,10:45:00,6,Vehicle overturned (no collision),5,Friday,174,OUT OF CONTROL ON CARRIAGEWAY (ON STRAIGHT),1,722100,Not at intersection,3,60,Local Road,HIGH,GEELONG,-38.169228,144.41263,2022,8,August,10,Midday,Weekday
T20220018644,2022-08-19,07:20:00,1,Collision with vehicle,5,Friday,110,CROSS TRAFFIC(INTERSECTIONS ONLY),1,352550,Cross intersection,2,70,Arterial Other,KINGS,BRIMBANK,-37.734306,144.78107,2022,8,August,7,Morning Peak,Weekday
T20220018643,2022-08-19,13:45:00,1,Collision with vehicle,5,Friday,160,VEHICLE COLLIDES WITH VEHICLE PARKED ON LEFT OF ROAD,1,732542,Not at intersection,2,60,Arterial Other,VICTORIA,MANNINGHAM,-37.784946,145.14407,2022,8,August,13,Midday,Weekday
T20220018642,2022-08-19,12:45:00,2,Struck Pedestrian,5,Friday,102,FAR SIDE. PED HIT BY VEHICLE FROM THE LEFT,1,67175,Cross intersection,2,50,Local Road,GREVILLE,STONNINGTON,-37.848766,144.9876,2022,8,August,12,Midday,Weekday
T20220018637,2022-08-19,12:00:00,1,Collision with vehicle,5,Friday,111,RIGHT FAR (INTERSECTIONS ONLY),1,782806,T intersection,3,40,Arterial Other,WOODLAND,MOONEE VALLEY,-37.74271,144.92108,2022,8,August,12,Midday,Weekday
T20220018629,2022-08-19,10:40:00,1,Collision with vehicle,5,Friday,113,RIGHT NEAR (INTERSECTIONS ONLY),1,722220,Cross intersection,2,100,Local Road,ARTHURS CREEK,NILLUMBIK,-37.572834,145.18707,2022,8,August,10,Midday,Weekday
T20220018660,2022-08-19,13:00:00,1,Collision with vehicle,5,Friday,147,VEHICLE STRIKES ANOTHER VEH WHILE EMERGING FROM DRIVEWAY,1,122147,Not at intersection,3,40,Arterial Other,JOHNSTON,YARRA,-37.79813,144.97653,2022,8,August,13,Midday,Weekday
T20220018653,2022-08-19,12:57:00,1,Collision with vehicle,5,Friday,140,U TURN,1,725838,Not at intersection,2,80,Arterial Other,BONEO,MORNINGTON PENINSULA,-38.411594,144.88748,2022,8,August,12,Midday,Weekday
T20220019246,2022-08-19,07:30:00,1,Collision with vehicle,5,Friday,110,CROSS TRAFFIC(INTERSECTIONS ONLY),1,42352,Cross intersection,3,60,Arterial Other,CLARINDA,KINGSTON,-37.94067,145.09793,2022,8,August,7,Morning Peak,Weekday
T20220018611,2022-08-19,09:50:00,2,Struck Pedestrian,5,Friday,100,PED NEAR SIDE. PED HIT BY VEHICLE FROM THE RIGHT.,1,40042,T intersection,2,60,Arterial Other,MILLEARA,MOONEE VALLEY,-37.742413,144.8634,2022,8,August,9,Morning Peak,Weekday
T20220019029,2022-08-19,18:46:00,1,Collision with vehicle,5,Friday,121,RIGHT THROUGH,2,35299,Cross intersection,3,60,Arterial Other,CURZON,MELBOURNE,-37.79875,144.94887,2022,8,August,18,Afternoon Peak,Weekday
T20220018804,2022-08-19,21:30:00,2,Struck Pedestrian,5,Friday,100,PED NEAR SIDE. PED HIT BY VEHICLE FROM THE RIGHT.,3,53081,Cross intersection,3,60,Local Road,HUMFFRAY,BALLARAT,-37.563972,143.86562,2022,8,August,21,Night,Weekday
T20220018694,2022-08-19,04:30:00,4,Collision with a fixed object,5,Friday,171,LEFT OFF CARRIAGEWAY INTO OBJECT/PARKED VEHICLE,5,726268,Not at intersection,3,100,Arterial Highway,WESTERN,HINDMARSH,-36.476562,142.08647,2022,8,August,4,Late Night,Weekday
T20220018692,2022-08-19,20:20:00,1,Collision with vehicle,5,Friday,120,HEAD ON (NOT OVERTAKING),5,721974,T intersection,1,40,Arterial Highway,MELBA,MURRINDINDI,-37.414417,145.44331,2022,8,August,20,Night,Weekday
T20220020199,2022-08-19,07:15:00,1,Collision with vehicle,5,Friday,130,REAR END(VEHICLES IN SAME LANE),1,328461,Not at intersection,3,60,Arterial Other,STATION,BRIMBANK,-37.77024,144.77493,2022,8,August,7,Morning Peak,Weekday
T20220019814,2022-08-19,08:30:00,3,Struck animal,5,Friday,167,STRUCK ANIMAL,1,723635,Not at intersection,2,100,Local Road,DIVISION,COLAC OTWAY,-38.438183,143.81668,2022,8,August,8,Morning Peak,Weekday
T20220022849,2022-08-19,16:21:00,1,Collision with vehicle,5,Friday,130,REAR END(VEHICLES IN SAME LANE),1,781798,T intersection,3,50,Local Road,MIRABELLA,WYNDHAM,-37.875404,144.66185,2022,8,August,16,Afternoon Peak,Weekday
T20220018609,2022-08-19,06:40:00,1,Collision with vehicle,5,Friday,121,RIGHT THROUGH,1,356018,Cross intersection,3,60,Arterial Highway,GLASTONE,DANDENONG,-37.97533,145.20352,2022,8,August,6,Morning Peak,Weekday
T20220018614,2022-08-19,06:45:00,2,Struck Pedestrian,5,Friday,100,PED NEAR SIDE. PED HIT BY VEHICLE FROM THE RIGHT.,2,728835,Not at intersection,2,80,Arterial Highway,SOUTH GIPPSLAND,CASEY,-38.081993,145.27618,2022,8,August,6,Morning Peak,Weekday
T20220018616,2022-08-19,08:30:00,4,Collision with a fixed object,5,Friday,171,LEFT OFF CARRIAGEWAY INTO OBJECT/PARKED VEHICLE,1,782800,Not at intersection,3,60,Arterial Other,TOWNSEND,BENDIGO,-36.769295,144.29317,2022,8,August,8,Morning Peak,Weekday
T20220018617,2022-08-19,09:20:00,4,Collision with a fixed object,5,Friday,173,RIGHT OFF CARRIAGEWAY INTO OBJECT/PARKED VEHICLE,1,782774,Not at intersection,3,100,Arterial Highway,MAROONDAH,MURRINDINDI,-37.10426,145.61475,2022,8,August,9,Morning Peak,Weekday
T20220018672,2022-08-19,19:35:00,8,No collision and no object struck,5,Friday,174,OUT OF CONTROL ON CARRIAGEWAY (ON STRAIGHT),3,754238,Not at intersection,2,60,Arterial Other,MARIBYRNONG,MOONEE VALLEY,-37.772045,144.91905,2022,8,August,19,Night,Weekday
T20220018676,2022-08-19,20:15:00,1,Collision with vehicle,5,Friday,113,RIGHT NEAR (INTERSECTIONS ONLY),3,782803,T intersection,3,60,Arterial Other,LOCKWOOD,BENDIGO,-36.79632,144.23671,2022,8,August,20,Night,Weekday
T20220018678,2022-08-19,18:20:00,1,Collision with vehicle,5,Friday,120,HEAD ON (NOT OVERTAKING),5,723152,Not at intersection,2,80,Local Road,MOUNT COTTRELL,MELTON,-37.776596,144.60796,2022,8,August,18,Afternoon Peak,Weekday
T20220018667,2022-08-19,14:40:00,1,Collision with vehicle,5,Friday,121,RIGHT THROUGH,1,35475,T intersection,2,60,Arterial Other,MITCHAM,WHITEHORSE,-37.806416,145.19089,2022,8,August,14,Midday,Weekday
T20220018680,2022-08-19,19:00:00,1,Collision with vehicle,5,Friday,148,VEHICLE OFF FOOTPATH STRIKES VEH ON CARRIAGEWAY,5,724660,Not at intersection,2,60,Local Road,GREVILLEA,BALLARAT,-37.529476,143.81415,2022,8,August,19,Night,Weekday
T20220018682,2022-08-19,21:36:00,1,Collision with vehicle,5,Friday,121,RIGHT THROUGH,3,725607,Not at intersection,2,60,Arterial Other,TOORAK,STONNINGTON,-37.841946,145.01614,2022,8,August,21,Night,Weekday
T20220018683,2022-08-19,21:30:00,1,Collision with vehicle,5,Friday,120,HEAD ON (NOT OVERTAKING),3,722104,Not at intersection,2,60,Arterial Other,MT ALEXANDER,MOONEE VALLEY,-37.776173,144.92885,2022,8,August,21,Night,Weekday
T20220018685,2022-08-19,09:55:00,1,Collision with vehicle,5,Friday,121,RIGHT THROUGH,9,22519,Cross intersection,3,70,Arterial Other,STURT,BALLARAT,-37.555798,143.81897,2022,8,August,9,Morning Peak,Weekday
T20220018688,2022-08-19,21:55:00,1,Collision with vehicle,5,Friday,121,RIGHT THROUGH,3,336915,Cross intersection,2,80,Arterial Other,KINGS,BRIMBANK,-37.697475,144.78136,2022,8,August,21,Night,Weekday
T20220018651,2022-08-19,15:30:00,4,Collision with a fixed object,5,Friday,171,LEFT OFF CARRIAGEWAY INTO OBJECT/PARKED VEHICLE,1,758802,Not at intersection,3,100,Local Road,BURRUMBEET-HILLCREST,PYRENEES,-37.600506,143.6369,2022,8,August,15,Afternoon Peak,Weekday
T20220019224,2022-08-19,18:30:00,1,Collision with vehicle,5,Friday,110,CROSS TRAFFIC(INTERSECTIONS ONLY),6,348832,Multiple intersection,3,80,Arterial Other,SUNSHINE,BRIMBANK,-37.701862,144.80193,2022,8,August,18,Afternoon Peak,Weekday
T20220018648,2022-08-19,13:28:00,6,Vehicle overturned (no collision),5,Friday,182,OFF CARRIAGEWAY ON LEFT BEND,1,197620,Not at intersection,3,60,Arterial Other,CROYDON,MANNINGHAM,-37.76296,145.23581,2022,8,August,13,Midday,Weekday
T20220019004,2022-08-19,21:58:00,1,Collision with vehicle,5,Friday,130,REAR END(VEHICLES IN SAME LANE),3,732810,Not at intersection,3,60,Freeway,MONASH IN-WARRIGAL,MONASH,-37.883503,145.09024,2022,8,August,21,Night,Weekday
T20220018665,2022-08-19,16:19:00,1,Collision with vehicle,5,Friday,130,REAR END(VEHICLES IN SAME LANE),1,722745,Not at intersection,2,80,Freeway,METROPOLITAN RING,NILLUMBIK,-37.687084,145.07593,2022,8,August,16,Afternoon Peak,Weekday
T20220020161,2022-08-19,12:05:00,1,Collision with vehicle,5,Friday,130,REAR END(VEHICLES IN SAME LANE),1,733168,Cross intersection,3,40,Arterial Other,MURRAY,DAREBIN,-37.73796,145.0039,2022,8,August,12,Midday,Weekday
T20220018600,2022-08-19,00:01:00,1,Collision with vehicle,5,Friday,121,RIGHT THROUGH,3,260158,Not at intersection,3,60,Arterial Other,COBURNS,MELTON,-37.68635,144.56778,2022,8,August,0,Late Night,Weekday
T20220018669,2022-08-19,17:40:00,1,Collision with vehicle,5,Friday,140,U TURN,3,279059,T intersection,3,60,Freeway,GEELONG RING OUT-ANAKIE,GEELONG,-38.07884,144.3352,2022,8,August,17,Afternoon Peak,Weekday
T20220018618,2022-08-19,10:06:00,2,Struck Pedestrian,5,Friday,102,FAR SIDE. PED HIT BY VEHICLE FROM THE LEFT,1,248719,Cross intersection,3,60,Arterial Highway,PLENTY,BANYULE,-37.697884,145.05907,2022,8,August,10,Midday,Weekday
T20220019157,2022-08-19,17:55:00,1,Collision with vehicle,5,Friday,135,LANE CHANGE LEFT (NOT OVERTAKING),2,127,Cross intersection,3,70,Arterial Other,OLD CALDER,BRIMBANK,-37.71616,144.8283,2022,8,August,17,Afternoon Peak,Weekday
T20220019155,2022-08-19,09:15:00,1,Collision with vehicle,5,Friday,140,U TURN,1,774861,Not at intersection,3,50,Local Road,CHIFLEY,DAREBIN,-37.74967,145.0295,2022,8,August,9,Morning Peak,Weekday
T20220019667,2022-08-19,16:35:00,1,Collision with vehicle,5,Friday,130,REAR END(VEHICLES IN SAME LANE),1,357782,Cross intersection,3,60,Arterial Highway,KINGS,PORT PHILLIP,-37.83519,144.97104,2022,8,August,16,Afternoon Peak,Weekday
T20220018601,2022-08-19,04:25:00,4,Collision with a fixed object,5,Friday,179,OTHER ACCIDENTS-OFF STRAIGHT NOT INCLUDED IN DCAs 170-175,3,464,T intersection,2,50,Local Road,GAMON,MARIBYRNONG,-37.813473,144.8892,2022,8,August,4,Late Night,Weekday
T20220019683,2022-08-19,11:00:00,1,Collision with vehicle,5,Friday,130,REAR END(VEHICLES IN SAME LANE),1,723500,Not at intersection,3,100,Arterial Other,HUME,HUME,-37.59501,144.94296,2022,8,August,11,Midday,Weekday
T20220018620,2022-08-19,11:17:00,1,Collision with vehicle,5,Friday,143,ENTERING PARKING,1,722219,Not at intersection,2,40,Local Road,CHAPEL,STONNINGTON,-37.855213,144.99274,2022,8,August,11,Midday,Weekday
T20220018628,2022-08-19,07:05:00,1,Collision with vehicle,5,Friday,120,HEAD ON (NOT OVERTAKING),2,727343,Not at intersection,2,70,Local Road,CALDER PARK,BRIMBANK,-37.677258,144.7637,2022,8,August,7,Morning Peak,Weekday
T20220019124,2022-08-19,08:45:00,1,Collision with vehicle,5,Friday,137,LEFT TURN SIDESWIPE,1,728762,Not at intersection,3,70,Arterial Other,HIGH,WHITTLESEA,-37.65658,145.02054,2022,8,August,8,Morning Peak,Weekday
T20220018602,2022-08-19,06:00:00,1,Collision with vehicle,5,Friday,121,RIGHT THROUGH,2,36500,Cross intersection,2,40,Arterial Other,JOHNSTON,YARRA,-37.79834,144.97847,2022,8,August,6,Morning Peak,Weekday
T20220018689,2022-08-19,21:50:00,1,Collision with vehicle,5,Friday,131,LEFT REAR,3,782807,Not at intersection,3,70,Arterial Other,SYDNEY,MORELAND,-37.700783,144.95976,2022,8,August,21,Night,Weekday
T20220020406,2022-08-20,07:47:00,1,Collision with vehicle,6,Saturday,121,RIGHT THROUGH,1,38573,Cross intersection,3,60,Local Road,DARNLEY,MARIBYRNONG,-37.791183,144.84984,2022,8,August,7,Morning Peak,Weekend
T20220022252,2022-08-20,02:29:00,1,Collision with vehicle,6,Saturday,110,CROSS TRAFFIC(INTERSECTIONS ONLY),3,36194,Cross intersection,3,60,Local Road,CAPEL,MELBOURNE,-37.805786,144.95515,2022,8,August,2,Late Night,Weekend
T20220018741,2022-08-20,08:12:00,1,Collision with vehicle,6,Saturday,120,HEAD ON (NOT OVERTAKING),1,723556,Not at intersection,2,100,Arterial Other,HAZELWOOD,LATROBE,-38.249306,146.4963,2022,8,August,8,Morning Peak,Weekend
T20220018759,2022-08-20,14:10:00,1,Collision with vehicle,6,Saturday,140,U TURN,1,722490,Not at intersection,2,100,Arterial Other,WELLINGTON,YARRA RANGES,-37.95639,145.38164,2022,8,August,14,Midday,Weekend
T20220018760,2022-08-20,18:23:00,5,collision with some other object,6,Saturday,173,RIGHT OFF CARRIAGEWAY INTO OBJECT/PARKED VEHICLE,5,774857,Not at intersection,3,80,Arterial Other,TWYFORD,CASEY,-38.132904,145.3322,2022,8,August,18,Afternoon Peak,Weekend