ACCIDENT_NO,ACCIDENT_DATE,ACCIDENT_TIME,ACCIDENT_TYPE,ACCIDENT_TYPE_DESC,DAY_OF_WEEK,DAY_WEEK_DESC,DCA_CODE,DCA_DESC,LIGHT_CONDITION,NODE_ID,ROAD_GEOMETRY_DESC,SEVERITY,SPEED_ZONE,RMA,ROAD_NAME,LGA_NAME,LATITUDE,LONGITUDE,YEAR,MONTH,MONTH_NAME,HOUR,TIME_PERIOD,DAY_TYPE
T20220018762,2022-08-20,19:42:00,1,Collision with vehicle,6,Saturday,121,RIGHT THROUGH,3,301492,T intersection,2,100,Arterial Other,BENALLA-YARRAWONGA,BENALLA,-36.497684,146.02011,2022,8,August,19,Night,Weekend
T20220018763,2022-08-20,19:30:00,4,Collision with a fixed object,6,Saturday,175,OFF END OF ROAD/T-INTERSECTION.,3,49949,T intersection,3,50,Local Road,BEACON POINT,GEELONG,-38.150448,144.57518,2022,8,August,19,Night,Weekend
T20220018764,2022-08-20,06:02:00,1,Collision with vehicle,6,Saturday,120,HEAD ON (NOT OVERTAKING),5,779672,Not at intersection,3,100,Arterial Highway,PRINCES,GLENELG,-38.27779,141.64114,2022,8,August,6,Morning Peak,Weekend
T20220018773,2022-08-20,22:57:00,1,Collision with vehicle,6,Saturday,121,RIGHT THROUGH,3,29385,Cross intersection,2,60,Arterial Other,PEEL,MELBOURNE,-37.80587,144.95589,2022,8,August,22,Night,Weekend
T20220018786,2022-08-20,10:58:00,4,Collision with a fixed object,6,Saturday,171,LEFT OFF CARRIAGEWAY INTO OBJECT/PARKED VEHICLE,1,781068,Not at intersection,2,100,Arterial Other,TYERS-WALHALLA,BAW BAW,-38.028343,146.42001,2022,8,August,10,Midday,Weekend
T20220021288,2022-08-20,16:45:00,1,Collision with vehicle,6,Saturday,130,REAR END(VEHICLES IN SAME LANE),1,781799,Not at intersection,3,60,Arterial Other,PEEL,MELBOURNE,-37.807503,144.95561,2022,8,August,16,Afternoon Peak,Weekend
T20220018817,2022-08-20,21:26:00,1,Collision with vehicle,6,Saturday,130,REAR END(VEHICLES IN SAME LANE),3,774858,T intersection,3,50,Local Road,HONOUR,WYNDHAM,-37.89356,144.62315,2022,8,August,21,Night,Weekend
T20220018756,2022-08-20,18:56:00,1,Collision with vehicle,6,Saturday,130,REAR END(VEHICLES IN SAME LANE),3,785502,Not at intersection,2,80,Freeway,WEST GATE,MELBOURNE,-37.8275,144.95268,2022,8,August,18,Afternoon Peak,Weekend
T20220018755,2022-08-20,12:35:00,1,Collision with vehicle,6,Saturday,130,REAR END(VEHICLES IN SAME LANE),1,724473,Not at intersection,3,60,Freeway,EASTERN IN-DONCASTER,BOROONDARA,-37.78896,145.1025,2022,8,August,12,Midday,Weekend
T20220018752,2022-08-20,18:30:00,1,Collision with vehicle,6,Saturday,121,RIGHT THROUGH,3,724930,Not at intersection,3,60,Arterial Other,CENTRE DANDENONG,KINGSTON,-37.983784,145.13287,2022,8,August,18,Afternoon Peak,Weekend
T20220018750,2022-08-20,18:30:00,1,Collision with vehicle,6,Saturday,121,RIGHT THROUGH,3,583552,Cross intersection,3,60,Arterial Other,GALLAGHERS,MONASH,-37.875748,145.17896,2022,8,August,18,Afternoon Peak,Weekend
T20220018748,2022-08-20,18:45:00,1,Collision with vehicle,6,Saturday,121,RIGHT THROUGH,3,36685,Cross intersection,3,70,Arterial Highway,HODDLE,YARRA,-37.80716,144.99178,2022,8,August,18,Afternoon Peak,Weekend
T20220018942,2022-08-20,17:10:00,4,Collision with a fixed object,6,Saturday,175,OFF END OF ROAD/T-INTERSECTION.,2,782820,T intersection,3,50,Local Road,DOBSON,BANYULE,-37.714527,145.11304,2022,8,August,17,Afternoon Peak,Weekend
T20230002474,2022-08-20,01:00:00,4,Collision with a fixed object,6,Saturday,181,OFF RIGHT BEND INTO OBJECT/PARKED VEHICLE,5,780319,Not at intersection,3,80,Local Road,SUGARLOAF CREEK,MITCHELL,-37.108162,145.02063,2022,8,August,1,Late Night,Weekend
T20220018736,2022-08-20,09:24:00,1,Collision with vehicle,6,Saturday,116,LEFT NEAR (INTERSECTIONS ONLY),1,42662,T intersection,3,80,Arterial Other,WELLINGTON,KNOX,-37.928394,145.23618,2022,8,August,9,Morning Peak,Weekend
T20220018733,2022-08-20,11:00:00,1,Collision with vehicle,6,Saturday,110,CROSS TRAFFIC(INTERSECTIONS ONLY),1,774856,Cross intersection,3,100,Local Road,BOUNDARY,SHEPPARTON,-36.199253,145.38644,2022,8,August,11,Midday,Weekend
T20220018727,2022-08-20,11:24:00,1,Collision with vehicle,6,Saturday,121,RIGHT THROUGH,1,1309,Cross intersection,2,80,Arterial Other,MICKLEHAM,HUME,-37.562,144.87666,2022,8,August,11,Midday,Weekend
T20220018726,2022-08-20,09:59:00,4,Collision with a fixed object,6,Saturday,181,OFF RIGHT BEND INTO OBJECT/PARKED VEHICLE,1,727387,Not at intersection,3,80,Arterial Other,OAKLANDS,HUME,-37.635563,144.83449,2022,8,August,9,Morning Peak,Weekend
T20220018722,2022-08-20,11:50:00,1,Collision with vehicle,6,Saturday,130,REAR END(VEHICLES IN SAME LANE),1,722105,T intersection,2,70,Arterial Other,DYNON,MELBOURNE,-37.801754,144.91704,2022,8,August,11,Midday,Weekend
T20220018712,2022-08-20,09:55:00,2,Struck Pedestrian,6,Saturday,100,PED NEAR SIDE. PED HIT BY VEHICLE FROM THE RIGHT.,1,723282,Not at intersection,2,50,Arterial Other,CLARENDON,MELBOURNE,-37.824898,144.95683,2022,8,August,9,Morning Peak,Weekend
T20220019690,2022-08-20,18:25:00,3,Struck animal,6,Saturday,167,STRUCK ANIMAL,3,726648,T intersection,2,80,Arterial Other,HEATHERTON,CASEY,-37.97887,145.28952,2022,8,August,18,Afternoon Peak,Weekend
T20220018707,2022-08-20,07:36:00,1,Collision with vehicle,6,Saturday,120,HEAD ON (NOT OVERTAKING),1,45505,Cross intersection,3,60,Arterial Other,MELVILLE,MORELAND,-37.746536,144.94444,2022,8,August,7,Morning Peak,Weekend
T20220018705,2022-08-20,07:01:00,1,Collision with vehicle,6,Saturday,121,RIGHT THROUGH,1,331835,T intersection,2,80,Arterial Highway,GEELONG,HOBSONS BAY,-37.82219,144.82994,2022,8,August,7,Morning Peak,Weekend
T20220018704,2022-08-20,06:50:00,1,Collision with vehicle,6,Saturday,131,LEFT REAR,2,779251,Not at intersection,3,60,Arterial Other,KINGSTON,KINGSTON,-37.95321,145.0769,2022,8,August,6,Morning Peak,Weekend
T20220019415,2022-08-20,22:40:00,1,Collision with vehicle,6,Saturday,130,REAR END(VEHICLES IN SAME LANE),3,724474,Not at intersection,3,80,Arterial Other,MELTON,BRIMBANK,-37.700893,144.797,2022,8,August,22,Night,Weekend
T20220019419,2022-08-20,17:15:00,1,Collision with vehicle,6,Saturday,130,REAR END(VEHICLES IN SAME LANE),1,774865,Not at intersection,3,60,Arterial Other,BRIDGE INN,WHITTLESEA,-37.601234,145.10115,2022,8,August,17,Afternoon Peak,Weekend
T20220019503,2022-08-20,14:30:00,1,Collision with vehicle,6,Saturday,140,U TURN,1,782808,Not at intersection,3,70,Local Road,FORSYTH,WYNDHAM,-37.865143,144.7328,2022,8,August,14,Midday,Weekend
T20220024030,2022-08-20,12:00:00,1,Collision with vehicle,6,Saturday,130,REAR END(VEHICLES IN SAME LANE),1,45044,T intersection,3,80,Arterial Other,MCINTYRE,BRIMBANK,-37.760963,144.83171,2022,8,August,12,Midday,Weekend
T20220020077,2022-08-20,14:25:00,1,Collision with vehicle,6,Saturday,130,REAR END(VEHICLES IN SAME LANE),1,724116,Not at intersection,3,80,Arterial Highway,WELLINGTON,MONASH,-37.921825,145.1859,2022,8,August,14,Midday,Weekend
T20220022869,2022-08-20,18:30:00,1,Collision with vehicle,6,Saturday,121,RIGHT THROUGH,2,750618,Not at intersection,3,60,Local Road,DARLING,STONNINGTON,-37.880695,145.05867,2022,8,August,18,Afternoon Peak,Weekend
T20220018757,2022-08-20,19:30:00,1,Collision with vehicle,6,Saturday,121,RIGHT THROUGH,3,43608,Cross intersection,3,80,Arterial Other,BELGRAVE-HALLAM,CASEY,-37.98154,145.31042,2022,8,August,19,Night,Weekend
T20220018829,2022-08-21,18:30:00,2,Struck Pedestrian,7,Sunday,102,FAR SIDE. PED HIT BY VEHICLE FROM THE LEFT,3,725410,Not at intersection,2,40,Local Road,MELBOURNE,HOBSONS BAY,-37.85876,144.89412,2022,8,August,18,Afternoon Peak,Weekend
T20220019447,2022-08-21,17:25:00,1,Collision with vehicle,7,Sunday,140,U TURN,1,782869,Not at intersection,3,60,Local Road,HUMFFRAY,BALLARAT,-37.551918,143.90178,2022,8,August,17,Afternoon Peak,Weekend
T20220019816,2022-08-21,18:30:00,1,Collision with vehicle,7,Sunday,148,VEHICLE OFF FOOTPATH STRIKES VEH ON CARRIAGEWAY,2,723636,Not at intersection,3,40,Local Road,FITZWILLIAM,CASEY,-38.11517,145.33205,2022,8,August,18,Afternoon Peak,Weekend
T20220018825,2022-08-21,17:41:00,1,Collision with vehicle,7,Sunday,136,RIGHT TURN SIDESWIPE,2,35307,Cross intersection,2,60,Local Road,HOWARD,MELBOURNE,-37.805626,144.95369,2022,8,August,17,Afternoon Peak,Weekend
T20220018769,2022-08-21,01:45:00,8,No collision and no object struck,7,Sunday,170,OFF CARRIAGEWAY TO LEFT,3,722433,Not at intersection,2,60,Local Road,RATHDOWNE,MELBOURNE,-37.80293,144.96959,2022,8,August,1,Late Night,Weekend
T20220018833,2022-08-21,18:50:00,1,Collision with vehicle,7,Sunday,151,OUT OF CONTROL (OVERTAKING),3,782847,Not at intersection,3,60,Arterial Other,DONNYBROOK,HUME,-37.54081,144.94916,2022,8,August,18,Afternoon Peak,Weekend
T20220018774,2022-08-21,04:18:00,6,Vehicle overturned (no collision),7,Sunday,174,OUT OF CONTROL ON CARRIAGEWAY (ON STRAIGHT),3,722225,Not at intersection,3,40,Local Road,LA TROBE,MELBOURNE,-37.810238,144.96162,2022,8,August,4,Late Night,Weekend
T20220018803,2022-08-21,13:49:00,4,Collision with a fixed object,7,Sunday,173,RIGHT OFF CARRIAGEWAY INTO OBJECT/PARKED VEHICLE,1,782884,Not at intersection,3,100,Arterial Other,KIEWA VALLEY,WODONGA,-36.198257,146.96925,2022,8,August,13,Midday,Weekend
T20220018777,2022-08-21,02:37:00,1,Collision with vehicle,7,Sunday,169,OTHER ON PATH,3,776853,Not at intersection,2,50,Local Road,GOLF LINKS,MITCHELL,-37.47435,144.94214,2022,8,August,2,Late Night,Weekend
T20220021177,2022-08-21,15:00:00,1,Collision with vehicle,7,Sunday,130,REAR END(VEHICLES IN SAME LANE),1,725842,Not at intersection,3,40,Arterial Other,TOORAK,STONNINGTON,-37.839073,144.99225,2022,8,August,15,Afternoon Peak,Weekend
T20220018835,2022-08-21,18:56:00,8,No collision and no object struck,7,Sunday,180,OFF CARRIAGEWAY ON RIGHT BEND,5,782852,Not at intersection,3,80,Local Road,ARTHURS CREEK,NILLUMBIK,-37.631973,145.19148,2022,8,August,18,Afternoon Peak,Weekend
T20220018780,2022-08-21,03:20:00,1,Collision with vehicle,7,Sunday,130,REAR END(VEHICLES IN SAME LANE),3,723631,Not at intersection,3,50,Local Road,ARTHURTON,DAREBIN,-37.768467,144.99173,2022,8,August,3,Late Night,Weekend
T20220018782,2022-08-21,04:03:00,1,Collision with vehicle,7,Sunday,129,OTHER OPPOSING MANOEUVRES NOT INCLUDED IN DCAs 120-125.,3,794876,Not at intersection,3,50,Local Road,SHERINGA,GEELONG,-38.21013,144.32126,2022,8,August,4,Late Night,Weekend
T20220018797,2022-08-21,11:10:00,1,Collision with vehicle,7,Sunday,115,RIGHT/LEFT FAR (INTERSECTIONS ONLY),1,46544,Cross intersection,2,60,Arterial Other,PLENTY,DAREBIN,-37.727684,145.01958,2022,8,August,11,Midday,Weekend
T20220020181,2022-08-21,11:20:00,1,Collision with vehicle,7,Sunday,121,RIGHT THROUGH,9,225939,Cross intersection,3,60,Arterial Highway,ST GEORGES,DAREBIN,-37.758762,144.99358,2022,8,August,11,Midday,Weekend
T20220018802,2022-08-21,13:30:00,1,Collision with vehicle,7,Sunday,130,REAR END(VEHICLES IN SAME LANE),1,754233,Not at intersection,2,100,Arterial Highway,SOUTH GIPPSLAND,CARDINIA,-38.211613,145.46907,2022,8,August,13,Midday,Weekend
T20220018795,2022-08-21,12:00:00,2,Struck Pedestrian,7,Sunday,108,PED STRUCK WALKING TO/FROM OR BOARDING/ALIGHTING VEHICLE.,1,722434,Not at intersection,2,40,Local Road,WENDOUREE,BALLARAT,-37.54538,143.82343,2022,8,August,12,Midday,Weekend
T20220018819,2022-08-21,19:00:00,1,Collision with vehicle,7,Sunday,112,LEFT FAR (INTERSECTIONS ONLY),3,57315,Cross intersection,3,60,Local Road,EDGECOMBE,MACEDON RANGES,-37.252018,144.46222,2022,8,August,19,Night,Weekend
T20220018805,2022-08-21,15:00:00,1,Collision with vehicle,7,Sunday,160,VEHICLE COLLIDES WITH VEHICLE PARKED ON LEFT OF ROAD,1,722275,Not at intersection,2,40,Local Road,LAKESIDE,PORT PHILLIP,-37.84565,144.97067,2022,8,August,15,Afternoon Peak,Weekend
T20220018923,2022-08-21,20:40:00,1,Collision with vehicle,7,Sunday,135,LANE CHANGE LEFT (NOT OVERTAKING),3,723323,Not at intersection,3,80,Freeway,HUME-METROPOLITAN RING IN,WHITTLESEA,-37.687798,144.98642,2022,8,August,20,Night,Weekend
T20220018834,2022-08-21,21:00:00,4,Collision with a fixed object,7,Sunday,183,OFF LEFT BEND INTO OBJECT/PARKED VEHICLE,5,722492,Not at intersection,2,80,Arterial Other,HEALESVILLE-KOO WEE RUP,YARRA RANGES,-37.76014,145.53366,2022,8,August,21,Night,Weekend
T20220018823,2022-08-21,16:00:00,1,Collision with vehicle,7,Sunday,140,U TURN,1,733805,Not at intersection,2,100,Arterial Other,MURCHISON-TATURA,SHEPPARTON,-36.544525,145.22282,2022,8,August,16,Afternoon Peak,Weekend
T20220018816,2022-08-21,16:30:00,2,Struck Pedestrian,7,Sunday,100,PED NEAR SIDE. PED HIT BY VEHICLE FROM THE RIGHT.,1,723218,Not at intersection,2,60,Arterial Highway,NEPEAN,KINGSTON,-38.05237,145.11597,2022,8,August,16,Afternoon Peak,Weekend
T20220018814,2022-08-21,15:20:00,1,Collision with vehicle,7,Sunday,110,CROSS TRAFFIC(INTERSECTIONS ONLY),1,349002,Cross intersection,3,80,Freeway,JOHN FIELD DRIVE -NARRACAN,LATROBE,-38.187138,146.2847,2022,8,August,15,Afternoon Peak,Weekend
T20220018837,2022-08-21,21:49:00,4,Collision with a fixed object,7,Sunday,173,RIGHT OFF CARRIAGEWAY INTO OBJECT/PARKED VEHICLE,3,782891,T intersection,3,70,Arterial Other,DIAMOND CREEK,BANYULE,-37.69356,145.11253,2022,8,August,21,Night,Weekend
T20220018847,2022-08-21,21:00:00,1,Collision with vehicle,7,Sunday,121,RIGHT THROUGH,3,40676,T intersection,3,60,Arterial Other,STATION,WHITEHORSE,-37.84439,145.12103,2022,8,August,21,Night,Weekend
T20220018820,2022-08-21,13:40:00,1,Collision with vehicle,7,Sunday,121,RIGHT THROUGH,1,738821,Not at intersection,2,100,Arterial Other,MARYSVILLE,MURRINDINDI,-37.528862,145.72168,2022,8,August,13,Midday,Weekend
T20220018812,2022-08-21,15:00:00,1,Collision with vehicle,7,Sunday,132,RIGHT REAR.,1,61741,T intersection,3,50,Arterial Other,PARWAN,MOORABOOL,-37.68728,144.43343,2022,8,August,15,Afternoon Peak,Weekend
T20220018891,2022-08-22,16:00:00,1,Collision with vehicle,1,Monday,130,REAR END(VEHICLES IN SAME LANE),1,732094,Not at intersection,3,60,Arterial Other,CUMBERLAND,MORELAND,-37.73636,144.93758,2022,8,August,16,Afternoon Peak,Weekday
T20220018894,2022-08-22,18:00:00,1,Collision with vehicle,1,Monday,113,RIGHT NEAR (INTERSECTIONS ONLY),3,40028,T intersection,3,60,Local Road,NELSON,HOBSONS BAY,-37.863403,144.90541,2022,8,August,18,Afternoon Peak,Weekday
T20220018897,2022-08-22,18:24:00,1,Collision with vehicle,1,Monday,120,HEAD ON (NOT OVERTAKING),3,709558,Not at intersection,3,60,Arterial Other,JASPER,GLEN EIRA,-37.910732,145.04301,2022,8,August,18,Afternoon Peak,Weekday
T20220018902,2022-08-22,14:20:00,1,Collision with vehicle,1,Monday,115,RIGHT/LEFT FAR (INTERSECTIONS ONLY),1,774186,Cross intersection,3,60,Arterial Highway,BELL,BANYULE,-37.74971,145.04,2022,8,August,14,Midday,Weekday
T20220018903,2022-08-22,15:55:00,1,Collision with vehicle,1,Monday,130,REAR END(VEHICLES IN SAME LANE),1,777173,Not at intersection,3,80,Arterial Other,MELTON,BRIMBANK,-37.698803,144.78743,2022,8,August,15,Afternoon Peak,Weekday
T20220018904,2022-08-22,18:22:00,2,Struck Pedestrian,1,Monday,102,FAR SIDE. PED HIT BY VEHICLE FROM THE LEFT,3,1251,Cross intersection,2,60,Arterial Other,FURLONG,BRIMBANK,-37.760372,144.81213,2022,8,August,18,Afternoon Peak,Weekday
T20220018905,2022-08-22,19:35:00,4,Collision with a fixed object,1,Monday,171,LEFT OFF CARRIAGEWAY INTO OBJECT/PARKED VEHICLE,3,724850,Not at intersection,2,80,Arterial Other,MELTON,BRIMBANK,-37.695736,144.77428,2022,8,August,19,Night,Weekday
T20220018906,2022-08-22,20:07:00,1,Collision with vehicle,1,Monday,121,RIGHT THROUGH,3,46891,T intersection,3,60,Arterial Other,HIGH STREET,MONASH,-37.873,145.15517,2022,8,August,20,Night,Weekday
T20220018909,2022-08-22,19:13:00,2,Struck Pedestrian,1,Monday,102,FAR SIDE. PED HIT BY VEHICLE FROM THE LEFT,3,36835,Cross intersection,3,40,Arterial Other,KING,MELBOURNE,-37.814426,144.95482,2022,8,August,19,Night,Weekday
T20220018910,2022-08-22,17:23:00,6,Vehicle overturned (no collision),1,Monday,184,OUT OF CONTROL ON CARRIAGEWAY (ON BEND),3,782894,Not at intersection,3,50,Local Road,BURBANK,DAREBIN,-37.69959,145.0254,2022,8,August,17,Afternoon Peak,Weekday
T20220018911,2022-08-22,18:15:00,2,Struck Pedestrian,1,Monday,102,FAR SIDE. PED HIT BY VEHICLE FROM THE LEFT,3,57471,Cross intersection,2,60,Arterial Highway,CITY,MELBOURNE,-37.822525,144.96408,2022,8,August,18,Afternoon Peak,Weekday
T20220018913,2022-08-22,17:08:00,1,Collision with vehicle,1,Monday,121,RIGHT THROUGH,3,339189,Cross intersection,2,60,Arterial Highway,BELL,DAREBIN,-37.747326,145.02177,2022,8,August,17,Afternoon Peak,Weekday
T20220018914,2022-08-22,21:32:00,1,Collision with vehicle,1,Monday,160,VEHICLE COLLIDES WITH VEHICLE PARKED ON LEFT OF ROAD,3,728192,Not at intersection,2,60,Arterial Other,ANAKIE,GEELONG,-38.086304,144.33627,2022,8,August,21,Night,Weekday
T20220018890,2022-08-22,17:29:00,1,Collision with vehicle,1,Monday,130,REAR END(VEHICLES IN SAME LANE),3,724931,Not at intersection,3,100,Freeway,EASTERN,BOROONDARA,-37.788822,145.1032,2022,8,August,17,Afternoon Peak,Weekday
T20220018873,2022-08-22,12:50:00,1,Collision with vehicle,1,Monday,121,RIGHT THROUGH,1,294710,T intersection,3,70,Arterial Other,MILLERS,HOBSONS BAY,-37.844063,144.84607,2022,8,August,12,Midday,Weekday
T20220018956,2022-08-22,08:20:00,1,Collision with vehicle,1,Monday,130,REAR END(VEHICLES IN SAME LANE),1,705416,T intersection,3,80,Freeway,PRINCES,DANDENONG,-38.003597,145.251,2022,8,August,8,Morning Peak,Weekday
T20220022934,2022-08-22,19:25:00,1,Collision with vehicle,1,Monday,152,PULLING OUT (OVERTAKING),3,731545,Not at intersection,3,100,Freeway,WESTERN RING,BRIMBANK,-37.744316,144.84258,2022,8,August,19,Night,Weekday
T20220019529,2022-08-22,17:15:00,1,Collision with vehicle,1,Monday,130,REAR END(VEHICLES IN SAME LANE),2,779341,Not at intersection,3,80,Freeway,CALDER,BRIMBANK,-37.721027,144.84079,2022,8,August,17,Afternoon Peak,Weekday
T20220018881,2022-08-22,15:35:00,2,Struck Pedestrian,1,Monday,100,PED NEAR SIDE. PED HIT BY VEHICLE FROM THE RIGHT.,1,29596,Cross intersection,3,40,Arterial Other,CARLISLE,PORT PHILLIP,-37.868366,144.99036,2022,8,August,15,Afternoon Peak,Weekday
T20220018882,2022-08-22,14:30:00,4,Collision with a fixed object,1,Monday,171,LEFT OFF CARRIAGEWAY INTO OBJECT/PARKED VEHICLE,1,724854,Not at intersection,2,100,Arterial Other,DIGGERS REST-COIMADAI,MOORABOOL,-37.62756,144.50569,2022,8,August,14,Midday,Weekday
T20220018884,2022-08-22,16:39:00,1,Collision with vehicle,1,Monday,132,RIGHT REAR.,1,60535,T intersection,3,60,Arterial Other,WATSON,MITCHELL,-37.417328,144.98767,2022,8,August,16,Afternoon Peak,Weekday
T20220018886,2022-08-22,17:25:00,1,Collision with vehicle,1,Monday,110,CROSS TRAFFIC(INTERSECTIONS ONLY),5,52970,Cross intersection,3,60,Local Road,BELL,BALLARAT,-37.57694,143.83987,2022,8,August,17,Afternoon Peak,Weekday
T20220022348,2022-08-22,15:40:00,1,Collision with vehicle,1,Monday,121,RIGHT THROUGH,1,35309,T intersection,3,60,Arterial Highway,WARBURTON,YARRA RANGES,-37.780003,145.53035,2022,8,August,15,Afternoon Peak,Weekday
T20220018915,2022-08-22,22:04:00,1,Collision with vehicle,1,Monday,116,LEFT NEAR (INTERSECTIONS ONLY),3,55372,T intersection,3,60,Arterial Other,NEW DOOKIE,SHEPPARTON,-36.367542,145.41963,2022,8,August,22,Night,Weekday
T20220018953,2022-08-22,22:05:00,4,Collision with a fixed object,1,Monday,173,RIGHT OFF CARRIAGEWAY INTO OBJECT/PARKED VEHICLE,5,735680,Not at intersection,2,100,Local Road,FOREST,BAW BAW,-38.044273,145.80783,2022,8,August,22,Night,Weekday
T20220018853,2022-08-22,08:40:00,1,Collision with vehicle,1,Monday,121,RIGHT THROUGH,1,779673,T intersection,3,50,Arterial Highway,COX,SOUTHERN GRAMPIANS,-37.740795,142.02663,2022,8,August,8,Morning Peak,Weekday
T20220019000,2022-08-22,18:00:00,1,Collision with vehicle,1,Monday,140,U TURN,5,774874,T intersection,3,100,Arterial Other,KILMORE-LANCEFIELD,MITCHELL,-37.301903,144.86679,2022,8,August,18,Afternoon Peak,Weekday
T20220018860,2022-08-22,07:20:00,1,Collision with vehicle,1,Monday,113,RIGHT NEAR (INTERSECTIONS ONLY),1,74165,T intersection,1,100,Arterial Highway,SOUTH GIPPSLAND,SOUTH GIPPSLAND,-38.617126,146.16461,2022,8,August,7,Morning Peak,Weekday
T20220018869,2022-08-22,10:59:00,1,Collision with vehicle,1,Monday,137,LEFT TURN SIDESWIPE,1,35778,Cross intersection,2,70,Arterial Highway,NORTH SHORE ROAD -THE BOULEVARD,GEELONG,-38.09886,144.35536,2022,8,August,10,Midday,Weekday
T20220019069,2022-08-22,19:40:00,1,Collision with vehicle,1,Monday,130,REAR END(VEHICLES IN SAME LANE),9,723027,Not at intersection,3,60,Local Road,FERRIS,MELTON,-37.710712,144.60103,2022,8,August,19,Night,Weekday
T20220018863,2022-08-22,06:59:00,1,Collision with vehicle,1,Monday,148,VEHICLE OFF FOOTPATH STRIKES VEH ON CARRIAGEWAY,1,774873,Not at intersection,3,80,Arterial Other,PALMERS,WYNDHAM,-37.827744,144.74857,2022,8,August,6,Morning Peak,Weekday
T20220019695,2022-08-22,16:30:00,4,Collision with a fixed object,1,Monday,171,LEFT OFF CARRIAGEWAY INTO OBJECT/PARKED VEHICLE,1,723503,Cross intersection,3,50,Local Road,YEATS,BRIMBANK,-37.71532,144.77272,2022,8,August,16,Afternoon Peak,Weekday
T20220018846,2022-08-22,05:10:00,4,Collision with a fixed object,1,Monday,164,PERMANENT OBSTRUCTION ON CARRIAGEWAY,3,782895,Not at intersection,3,80,Freeway,WEST GATE IN-MONTAGUE,MELBOURNE,-37.82588,144.94626,2022,8,August,5,Morning Peak,Weekday
T20220018865,2022-08-22,08:30:00,1,Collision with vehicle,1,Monday,145,REVERSING IN STREAM OF TRAFFIC,1,722320,Cross intersection,2,60,Local Road,LITTLE FYANS,GEELONG,-38.162727,144.35371,2022,8,August,8,Morning Peak,Weekday
T20220020607,2022-08-22,09:40:00,2,Struck Pedestrian,1,Monday,102,FAR SIDE. PED HIT BY VEHICLE FROM THE LEFT,1,782899,Not at intersection,3,60,Arterial Other,ROYAL PARADE SERVICE,MELBOURNE,-37.795826,144.95822,2022,8,August,9,Morning Peak,Weekday
T20220019308,2022-08-22,17:00:00,4,Collision with a fixed object,1,Monday,181,OFF RIGHT BEND INTO OBJECT/PARKED VEHICLE,2,782897,Not at intersection,3,60,Local Road,BARDWELL,HUME,-37.547344,144.86978,2022,8,August,17,Afternoon Peak,Weekday
T20220020832,2022-08-22,18:15:00,4,Collision with a fixed object,1,Monday,173,RIGHT OFF CARRIAGEWAY INTO OBJECT/PARKED VEHICLE,3,156613,Not at intersection,2,100,Arterial Highway,PRINCES,SURF COAST,-38.212894,144.17844,2022,8,August,18,Afternoon Peak,Weekday
T20220020457,2022-08-22,12:10:00,1,Collision with vehicle,1,Monday,111,RIGHT FAR (INTERSECTIONS ONLY),1,56866,T intersection,3,60,Arterial Other,ECHUCA,SHEPPARTON,-36.39181,145.35593,2022,8,August,12,Midday,Weekday
T20220018920,2022-08-23,03:56:00,4,Collision with a fixed object,2,Tuesday,171,LEFT OFF CARRIAGEWAY INTO OBJECT/PARKED VEHICLE,5,728809,Not at intersection,3,100,Local Road,MORVEN,SOUTHERN GRAMPIANS,-37.870583,141.75446,2022,8,August,3,Late Night,Weekday
T20220018968,2022-08-23,15:30:00,1,Collision with vehicle,2,Tuesday,110,CROSS TRAFFIC(INTERSECTIONS ONLY),1,17606,Cross intersection,3,80,Arterial Other,BOWSER,WANGARATTA,-36.326122,146.35103,2022,8,August,15,Afternoon Peak,Weekday
T20220018922,2022-08-23,05:20:00,4,Collision with a fixed object,2,Tuesday,173,RIGHT OFF CARRIAGEWAY INTO OBJECT/PARKED VEHICLE,3,724355,Not at intersection,2,50,Local Road,BYRON,PORT PHILLIP,-37.87899,144.98335,2022,8,August,5,Morning Peak,Weekday
T20220018924,2022-08-23,06:40:00,3,Struck animal,2,Tuesday,167,STRUCK ANIMAL,1,722494,Not at intersection,2,80,Local Road,HAMILTON,MACEDON RANGES,-37.459373,144.62949,2022,8,August,6,Morning Peak,Weekday
T20220018929,2022-08-23,07:25:00,5,collision with some other object,2,Tuesday,191,LOAD OR MISSILE STRUCK VEHICLE,1,722970,Not at intersection,3,80,Arterial Other,SNOW,WANGARATTA,-36.441265,146.37024,2022,8,August,7,Morning Peak,Weekday
T20220018933,2022-08-23,09:09:00,1,Collision with vehicle,2,Tuesday,110,CROSS TRAFFIC(INTERSECTIONS ONLY),1,316954,Cross intersection,2,60,Arterial Other,BEECHWORTH-WODONGA,WODONGA,-36.142124,146.88434,2022,8,August,9,Morning Peak,Weekday
T20220018934,2022-08-23,07:45:00,1,Collision with vehicle,2,Tuesday,130,REAR END(VEHICLES IN SAME LANE),1,779347,Not at intersection,3,100,Freeway,WESTERN,MELTON,-37.719505,144.64536,2022,8,August,7,Morning Peak,Weekday
T20220018936,2022-08-23,10:10:00,1,Collision with vehicle,2,Tuesday,113,RIGHT NEAR (INTERSECTIONS ONLY),1,722440,Cross intersection,3,100,Local Road,PARNELL,MOIRA,-35.999043,145.65982,2022,8,August,10,Midday,Weekday