ACCIDENT_NO,ACCIDENT_DATE,ACCIDENT_TIME,ACCIDENT_TYPE,ACCIDENT_TYPE_DESC,DAY_OF_WEEK,DAY_WEEK_DESC,DCA_CODE,DCA_DESC,LIGHT_CONDITION,NODE_ID,ROAD_GEOMETRY_DESC,SEVERITY,SPEED_ZONE,RMA,ROAD_NAME,LGA_NAME,LATITUDE,LONGITUDE,YEAR,MONTH,MONTH_NAME,HOUR,TIME_PERIOD,DAY_TYPE
T20220018949,2022-08-23,06:40:00,1,Collision with vehicle,2,Tuesday,160,VEHICLE COLLIDES WITH VEHICLE PARKED ON LEFT OF ROAD,2,722442,Not at intersection,3,60,Arterial Highway,NEPEAN,KINGSTON,-38.028355,145.1025,2022,8,August,6,Morning Peak,Weekday
T20220021264,2022-08-23,06:58:00,1,Collision with vehicle,2,Tuesday,121,RIGHT THROUGH,1,39063,Cross intersection,3,60,Arterial Other,BURKE,BOROONDARA,-37.81037,145.06068,2022,8,August,6,Morning Peak,Weekday
T20220018947,2022-08-23,12:20:00,6,Vehicle overturned (no collision),2,Tuesday,170,OFF CARRIAGEWAY TO LEFT,1,758442,Not at intersection,3,100,Arterial Highway,HAMILTON,MOYNE,-38.047146,142.91618,2022,8,August,12,Midday,Weekday
T20220019988,2022-08-23,16:30:00,1,Collision with vehicle,2,Tuesday,130,REAR END(VEHICLES IN SAME LANE),1,724229,Cross intersection,3,80,Local Road,WEBB,CASEY,-38.025307,145.3052,2022,8,August,16,Afternoon Peak,Weekday
T20220019231,2022-08-23,15:39:00,2,Struck Pedestrian,2,Tuesday,109,ANY MANOEUVRE INVOLVING PED NOT INCLUDED IN DCAs 100-108.,1,725439,Not at intersection,2,50,Local Road,APEX,GEELONG,-38.181553,144.33356,2022,8,August,15,Afternoon Peak,Weekday
T20220018970,2022-08-23,12:05:00,1,Collision with vehicle,2,Tuesday,120,HEAD ON (NOT OVERTAKING),1,750297,Not at intersection,1,70,Arterial Other,KING,MANNINGHAM,-37.771126,145.13629,2022,8,August,12,Midday,Weekday
T20220018964,2022-08-23,15:15:00,1,Collision with vehicle,2,Tuesday,110,CROSS TRAFFIC(INTERSECTIONS ONLY),1,52921,Cross intersection,2,60,Local Road,LYONS,BALLARAT,-37.56763,143.8507,2022,8,August,15,Afternoon Peak,Weekday
T20220019027,2022-08-23,19:00:00,3,Struck animal,2,Tuesday,167,STRUCK ANIMAL,5,730319,Not at intersection,2,100,Arterial Highway,MURRAY VALLEY,GANNAWARRA,-35.72277,143.88869,2022,8,August,19,Night,Weekday
T20220018945,2022-08-23,12:00:00,1,Collision with vehicle,2,Tuesday,130,REAR END(VEHICLES IN SAME LANE),1,785530,Not at intersection,2,40,Arterial Other,KEILOR,MOONEE VALLEY,-37.738537,144.8955,2022,8,August,12,Midday,Weekday
T20220019297,2022-08-23,15:50:00,6,Vehicle overturned (no collision),2,Tuesday,174,OUT OF CONTROL ON CARRIAGEWAY (ON STRAIGHT),1,723493,Not at intersection,3,60,Arterial Highway,MONTAGUE,MELBOURNE,-37.82579,144.9476,2022,8,August,15,Afternoon Peak,Weekday
T20220018972,2022-08-23,16:45:00,1,Collision with vehicle,2,Tuesday,121,RIGHT THROUGH,1,29644,T intersection,3,70,Arterial Highway,NORTH,GLEN EIRA,-37.903103,145.03378,2022,8,August,16,Afternoon Peak,Weekday
T20220018944,2022-08-23,12:03:00,1,Collision with vehicle,2,Tuesday,110,CROSS TRAFFIC(INTERSECTIONS ONLY),1,722746,Cross intersection,2,60,Arterial Highway,BELL-BANKSIA,BANYULE,-37.75824,145.05902,2022,8,August,12,Midday,Weekday
T20220018985,2022-08-23,17:07:00,1,Collision with vehicle,2,Tuesday,110,CROSS TRAFFIC(INTERSECTIONS ONLY),1,745188,Cross intersection,2,100,Arterial Other,HORSHAM-LUBECK,HORSHAM,-36.723778,142.26732,2022,8,August,17,Afternoon Peak,Weekday
T20220019568,2022-08-23,15:15:00,1,Collision with vehicle,2,Tuesday,130,REAR END(VEHICLES IN SAME LANE),1,42840,Cross intersection,3,60,Arterial Other,WHITE,KINGSTON,-37.999233,145.09152,2022,8,August,15,Afternoon Peak,Weekday
T20220018983,2022-08-23,20:10:00,2,Struck Pedestrian,2,Tuesday,100,PED NEAR SIDE. PED HIT BY VEHICLE FROM THE RIGHT.,3,762379,Cross intersection,2,40,Local Road,PLAYNE,FRANKSTON,-38.14429,145.12083,2022,8,August,20,Night,Weekday
T20220018982,2022-08-23,19:22:00,1,Collision with vehicle,2,Tuesday,111,RIGHT FAR (INTERSECTIONS ONLY),3,727388,Cross intersection,2,80,Arterial Other,ROBINSONS,MELTON,-37.79635,144.75249,2022,8,August,19,Night,Weekday
T20220018959,2022-08-23,10:40:00,1,Collision with vehicle,2,Tuesday,160,VEHICLE COLLIDES WITH VEHICLE PARKED ON LEFT OF ROAD,1,785531,Not at intersection,2,40,Arterial Other,BURWOOD,BOROONDARA,-37.821503,145.02586,2022,8,August,10,Midday,Weekday
T20220019548,2022-08-23,18:20:00,1,Collision with vehicle,2,Tuesday,121,RIGHT THROUGH,3,45287,T intersection,3,60,Arterial Other,LINCOLN,MOONEE VALLEY,-37.751476,144.90884,2022,8,August,18,Afternoon Peak,Weekday
T20220021756,2022-08-23,19:47:00,1,Collision with vehicle,2,Tuesday,121,RIGHT THROUGH,3,44805,T intersection,3,50,Arterial Other,ROSSITER,CARDINIA,-38.199432,145.4906,2022,8,August,19,Night,Weekday
T20220018986,2022-08-23,19:38:00,1,Collision with vehicle,2,Tuesday,111,RIGHT FAR (INTERSECTIONS ONLY),3,237997,T intersection,2,80,Arterial Highway,PRINCES,GEELONG,-38.06512,144.38152,2022,8,August,19,Night,Weekday
T20220020359,2022-08-23,14:15:00,1,Collision with vehicle,2,Tuesday,135,LANE CHANGE LEFT (NOT OVERTAKING),1,724792,Not at intersection,3,100,Freeway,WESTERN RING,HUME,-37.69243,144.94585,2022,8,August,14,Midday,Weekday
T20220020340,2022-08-23,15:10:00,1,Collision with vehicle,2,Tuesday,130,REAR END(VEHICLES IN SAME LANE),1,779346,Cross intersection,3,60,Arterial Highway,SOUTH GIPPSLAND,CASEY,-38.11297,145.28285,2022,8,August,15,Afternoon Peak,Weekday
T20220019025,2022-08-23,20:30:00,1,Collision with vehicle,2,Tuesday,111,RIGHT FAR (INTERSECTIONS ONLY),3,722659,T intersection,3,60,Local Road,MORRIS,WYNDHAM,-37.832836,144.70923,2022,8,August,20,Night,Weekday
T20220019539,2022-08-23,18:09:00,6,Vehicle overturned (no collision),2,Tuesday,172,OFF CARRIAGEWAY TO RIGHT,5,742691,Not at intersection,3,100,Arterial Other,MCKENZIE,CAMPASPE,-36.237103,144.81923,2022,8,August,18,Afternoon Peak,Weekday
T20220019065,2022-08-23,08:34:00,1,Collision with vehicle,2,Tuesday,110,CROSS TRAFFIC(INTERSECTIONS ONLY),1,774875,Cross intersection,3,60,Local Road,HAINES,WYNDHAM,-37.891632,144.6117,2022,8,August,8,Morning Peak,Weekday
T20220018981,2022-08-23,16:30:00,8,No collision and no object struck,2,Tuesday,174,OUT OF CONTROL ON CARRIAGEWAY (ON STRAIGHT),2,724334,Not at intersection,2,100,Local Road,SOUTHERN,HORSHAM,-36.566696,141.98376,2022,8,August,16,Afternoon Peak,Weekday
T20220018943,2022-08-23,06:50:00,1,Collision with vehicle,2,Tuesday,134,LANE CHANGE RIGHT (NOT OVERTAKING),1,727138,Cross intersection,3,60,Arterial Other,SYDNEY,MORELAND,-37.72749,144.96368,2022,8,August,6,Morning Peak,Weekday
T20220019146,2022-08-23,15:30:00,2,Struck Pedestrian,2,Tuesday,100,PED NEAR SIDE. PED HIT BY VEHICLE FROM THE RIGHT.,1,722749,Not at intersection,3,40,Local Road,STAGECOACH,BRIMBANK,-37.70246,144.76695,2022,8,August,15,Afternoon Peak,Weekday
T20220019150,2022-08-23,10:15:00,1,Collision with vehicle,2,Tuesday,140,U TURN,1,724661,Not at intersection,3,60,Arterial Highway,HERTFORD,BALLARAT,-37.58711,143.82764,2022,8,August,10,Midday,Weekday
T20220018975,2022-08-23,15:15:00,4,Collision with a fixed object,2,Tuesday,183,OFF LEFT BEND INTO OBJECT/PARKED VEHICLE,1,723409,Not at intersection,2,100,Local Road,NILMA-SHADY CREEK,BAW BAW,-38.116024,146.04047,2022,8,August,15,Afternoon Peak,Weekday
T20220018969,2022-08-23,16:49:00,1,Collision with vehicle,2,Tuesday,121,RIGHT THROUGH,1,703808,T intersection,3,60,Local Road,ABBOTTS,DANDENONG,-38.03296,145.22235,2022,8,August,16,Afternoon Peak,Weekday
T20220018937,2022-08-23,08:26:00,2,Struck Pedestrian,2,Tuesday,102,FAR SIDE. PED HIT BY VEHICLE FROM THE LEFT,1,735573,Not at intersection,2,60,Arterial Other,WAVERLEY,MONASH,-37.882534,145.10915,2022,8,August,8,Morning Peak,Weekday
T20220022341,2022-08-23,23:50:00,1,Collision with vehicle,2,Tuesday,110,CROSS TRAFFIC(INTERSECTIONS ONLY),3,119,Cross intersection,3,60,Arterial Other,TOORAK,MELBOURNE,-37.83622,144.97554,2022,8,August,23,Night,Weekday
T20220021882,2022-08-24,08:17:00,1,Collision with vehicle,3,Wednesday,130,REAR END(VEHICLES IN SAME LANE),1,779084,Not at intersection,3,60,Arterial Other,MELBOURNE,HOBSONS BAY,-37.827374,144.8811,2022,8,August,8,Morning Peak,Weekday
T20220019028,2022-08-24,11:50:00,1,Collision with vehicle,3,Wednesday,120,HEAD ON (NOT OVERTAKING),1,722552,Not at intersection,2,70,Local Road,MACCLESFIELD,YARRA RANGES,-37.84622,145.48479,2022,8,August,11,Midday,Weekday
T20220019154,2022-08-24,17:00:00,8,No collision and no object struck,3,Wednesday,174,OUT OF CONTROL ON CARRIAGEWAY (ON STRAIGHT),1,726785,T intersection,3,50,Local Road,MOOMBA,DANDENONG,-37.99433,145.20442,2022,8,August,17,Afternoon Peak,Weekday
T20230006121,2022-08-24,06:00:00,1,Collision with vehicle,3,Wednesday,130,REAR END(VEHICLES IN SAME LANE),1,250938,Not at intersection,3,100,Freeway,PRINCES,HOBSONS BAY,-37.867706,144.77126,2022,8,August,6,Morning Peak,Weekday
T20220019035,2022-08-24,07:45:00,1,Collision with vehicle,3,Wednesday,110,CROSS TRAFFIC(INTERSECTIONS ONLY),1,51857,Cross intersection,2,100,Arterial Other,KERANG-MURRABIT,GANNAWARRA,-35.536236,143.95206,2022,8,August,7,Morning Peak,Weekday
T20220019037,2022-08-24,15:30:00,4,Collision with a fixed object,3,Wednesday,175,OFF END OF ROAD/T-INTERSECTION.,1,36318,T intersection,2,50,Local Road,KENNINGTON PARK,CASEY,-37.96867,145.26158,2022,8,August,15,Afternoon Peak,Weekday
T20220019043,2022-08-24,16:00:00,1,Collision with vehicle,3,Wednesday,111,RIGHT FAR (INTERSECTIONS ONLY),1,785543,T intersection,2,80,Arterial Highway,CAMBRIA,DANDENONG,-37.99344,145.18843,2022,8,August,16,Afternoon Peak,Weekday
T20220019046,2022-08-24,12:47:00,1,Collision with vehicle,3,Wednesday,121,RIGHT THROUGH,1,727150,T intersection,2,80,Arterial Highway,SOUTH GIPPSLAND,CASEY,-38.092846,145.28108,2022,8,August,12,Midday,Weekday
T20220019197,2022-08-24,20:10:00,1,Collision with vehicle,3,Wednesday,110,CROSS TRAFFIC(INTERSECTIONS ONLY),3,29537,Multiple intersection,2,60,Arterial Other,PRINCESS,BOROONDARA,-37.79912,145.03032,2022,8,August,20,Night,Weekday
T20220019047,2022-08-24,08:30:00,1,Collision with vehicle,3,Wednesday,130,REAR END(VEHICLES IN SAME LANE),1,735864,Not at intersection,3,40,Local Road,HALL,FRANKSTON,-38.1052,145.21913,2022,8,August,8,Morning Peak,Weekday
T20220019048,2022-08-24,15:49:00,1,Collision with vehicle,3,Wednesday,114,TWO RIGHT TURNING (INTERSECTIONS ONLY),1,724075,T intersection,3,60,Local Road,BANKSIDE,CASEY,-38.145283,145.2928,2022,8,August,15,Afternoon Peak,Weekday
T20220019051,2022-08-24,15:15:00,1,Collision with vehicle,3,Wednesday,130,REAR END(VEHICLES IN SAME LANE),1,41549,Cross intersection,2,60,Arterial Highway,WARRIGAL,STONNINGTON,-37.88028,145.09076,2022,8,August,15,Afternoon Peak,Weekday
T20220019055,2022-08-24,17:10:00,4,Collision with a fixed object,3,Wednesday,171,LEFT OFF CARRIAGEWAY INTO OBJECT/PARKED VEHICLE,2,785831,Not at intersection,2,60,Local Road,PERDRISAT,GOLDEN PLAINS,-37.945507,144.14172,2022,8,August,17,Afternoon Peak,Weekday
T20220019002,2022-08-24,08:49:00,1,Collision with vehicle,3,Wednesday,130,REAR END(VEHICLES IN SAME LANE),1,677186,Cross intersection,3,80,Arterial Highway,KINGSTON,KINGSTON,-37.956413,145.10376,2022,8,August,8,Morning Peak,Weekday
T20240003474,2022-08-24,12:00:00,5,collision with some other object,3,Wednesday,183,OFF LEFT BEND INTO OBJECT/PARKED VEHICLE,1,797975,Not at intersection,3,80,Local Road,SHELFORD,SURF COAST,-38.150646,143.95564,2022,8,August,12,Midday,Weekday
T20220019058,2022-08-24,18:44:00,1,Collision with vehicle,3,Wednesday,110,CROSS TRAFFIC(INTERSECTIONS ONLY),3,64250,Cross intersection,3,70,Arterial Highway,WARBURTON,YARRA RANGES,-37.77569,145.41989,2022,8,August,18,Afternoon Peak,Weekday
T20220019066,2022-08-24,19:36:00,1,Collision with vehicle,3,Wednesday,121,RIGHT THROUGH,3,723276,Cross intersection,3,70,Local Road,COLCHESTER,MAROONDAH,-37.801785,145.30801,2022,8,August,19,Night,Weekday
T20220019068,2022-08-24,19:42:00,1,Collision with vehicle,3,Wednesday,130,REAR END(VEHICLES IN SAME LANE),3,754210,Cross intersection,2,60,Arterial Highway,STUD,DANDENONG,-37.977676,145.22215,2022,8,August,19,Night,Weekday
T20220027328,2022-08-24,06:55:00,2,Struck Pedestrian,3,Wednesday,100,PED NEAR SIDE. PED HIT BY VEHICLE FROM THE RIGHT.,2,739039,T intersection,3,40,Local Road,GOTCH,MELBOURNE,-37.81171,144.98444,2022,8,August,6,Morning Peak,Weekday
T20220019614,2022-08-24,17:00:00,1,Collision with vehicle,3,Wednesday,120,HEAD ON (NOT OVERTAKING),2,215736,Not at intersection,3,60,Arterial Other,BARKERS,BOROONDARA,-37.81215,145.01546,2022,8,August,17,Afternoon Peak,Weekday
T20220019072,2022-08-24,19:50:00,4,Collision with a fixed object,3,Wednesday,173,RIGHT OFF CARRIAGEWAY INTO OBJECT/PARKED VEHICLE,5,724241,Not at intersection,3,100,Local Road,BOGGY CREEK,WANGARATTA,-36.603497,146.37561,2022,8,August,19,Night,Weekday
T20220019008,2022-08-24,09:55:00,1,Collision with vehicle,3,Wednesday,113,RIGHT NEAR (INTERSECTIONS ONLY),1,50899,Cross intersection,3,50,Local Road,BROCKLEY,WODONGA,-36.12777,146.88216,2022,8,August,9,Morning Peak,Weekday
T20220019583,2022-08-24,18:50:00,1,Collision with vehicle,3,Wednesday,130,REAR END(VEHICLES IN SAME LANE),2,727890,Not at intersection,3,100,Freeway,MONASH,CASEY,-37.993095,145.25912,2022,8,August,18,Afternoon Peak,Weekday
T20220019074,2022-08-24,15:55:00,1,Collision with vehicle,3,Wednesday,116,LEFT NEAR (INTERSECTIONS ONLY),1,725608,Cross intersection,3,50,Local Road,WILLIAM,MORELAND,-37.700306,144.96806,2022,8,August,15,Afternoon Peak,Weekday
T20220019076,2022-08-24,22:15:00,1,Collision with vehicle,3,Wednesday,145,REVERSING IN STREAM OF TRAFFIC,3,785542,Not at intersection,2,50,Local Road,BAMBURGH,HUME,-37.68874,144.9124,2022,8,August,22,Night,Weekday
T20220019078,2022-08-24,22:15:00,1,Collision with vehicle,3,Wednesday,110,CROSS TRAFFIC(INTERSECTIONS ONLY),3,621118,Cross intersection,2,80,Arterial Other,SOUTH,KINGSTON,-37.935852,145.05626,2022,8,August,22,Night,Weekday
T20220019010,2022-08-24,09:00:00,6,Vehicle overturned (no collision),3,Wednesday,180,OFF CARRIAGEWAY ON RIGHT BEND,1,723354,Not at intersection,3,100,Arterial Other,GELANTIPY,EAST GIPPSLAND,-37.475723,148.18275,2022,8,August,9,Morning Peak,Weekday
T20220019011,2022-08-24,09:20:00,1,Collision with vehicle,3,Wednesday,130,REAR END(VEHICLES IN SAME LANE),1,723487,Not at intersection,2,80,Arterial Highway,STUD,KNOX,-37.916298,145.23541,2022,8,August,9,Morning Peak,Weekday
T20220019381,2022-08-24,18:30:00,8,No collision and no object struck,3,Wednesday,174,OUT OF CONTROL ON CARRIAGEWAY (ON STRAIGHT),2,306721,T intersection,2,50,Arterial Other,MT ALEXANDER,MOONEE VALLEY,-37.77752,144.92975,2022,8,August,18,Afternoon Peak,Weekday
T20220019012,2022-08-24,10:15:00,1,Collision with vehicle,3,Wednesday,121,RIGHT THROUGH,1,51576,T intersection,2,60,Arterial Other,BARNARD,BENDIGO,-36.75087,144.2825,2022,8,August,10,Midday,Weekday
T20220019083,2022-08-24,20:52:00,4,Collision with a fixed object,3,Wednesday,171,LEFT OFF CARRIAGEWAY INTO OBJECT/PARKED VEHICLE,3,783031,Not at intersection,3,60,Local Road,CALDER PARK,BRIMBANK,-37.703217,144.75658,2022,8,August,20,Night,Weekday
T20220018992,2022-08-24,04:50:00,1,Collision with vehicle,3,Wednesday,130,REAR END(VEHICLES IN SAME LANE),3,725299,Not at intersection,2,70,Arterial Other,SOUTH,KINGSTON,-37.937492,145.06871,2022,8,August,4,Late Night,Weekday
T20220021107,2022-08-24,16:00:00,1,Collision with vehicle,3,Wednesday,137,LEFT TURN SIDESWIPE,1,278453,Cross intersection,3,40,Local Road,HARBOUR,MELBOURNE,-37.821014,144.94743,2022,8,August,16,Afternoon Peak,Weekday
T20220019016,2022-08-24,10:37:00,1,Collision with vehicle,3,Wednesday,110,CROSS TRAFFIC(INTERSECTIONS ONLY),1,41671,Cross intersection,2,60,Arterial Highway,NORTH,MONASH,-37.912544,145.1126,2022,8,August,10,Midday,Weekday
T20220019109,2022-08-24,15:50:00,4,Collision with a fixed object,3,Wednesday,181,OFF RIGHT BEND INTO OBJECT/PARKED VEHICLE,1,722655,Not at intersection,3,100,Arterial Highway,PRINCES,WELLINGTON,-37.920155,147.28374,2022,8,August,15,Afternoon Peak,Weekday
T20220018994,2022-08-24,06:25:00,1,Collision with vehicle,3,Wednesday,142,LEAVING PARKING,2,722657,Not at intersection,2,60,Arterial Other,BARKLY,PORT PHILLIP,-37.870247,144.98062,2022,8,August,6,Morning Peak,Weekday
T20220019019,2022-08-24,08:40:00,1,Collision with vehicle,3,Wednesday,134,LANE CHANGE RIGHT (NOT OVERTAKING),1,785544,Not at intersection,2,40,Arterial Other,GLEN EIRA,GLEN EIRA,-37.878326,145.0094,2022,8,August,8,Morning Peak,Weekday
T20220019126,2022-08-24,17:00:00,1,Collision with vehicle,3,Wednesday,130,REAR END(VEHICLES IN SAME LANE),1,723489,Not at intersection,3,100,Freeway,WESTERN RING,MORELAND,-37.69384,144.90642,2022,8,August,17,Afternoon Peak,Weekday
T20220019020,2022-08-24,09:20:00,1,Collision with vehicle,3,Wednesday,121,RIGHT THROUGH,1,40123,Cross intersection,2,60,Arterial Highway,BRIGHTON,PORT PHILLIP,-37.869675,144.98811,2022,8,August,9,Morning Peak,Weekday
T20220019141,2022-08-24,10:27:00,1,Collision with vehicle,3,Wednesday,140,U TURN,1,36967,Cross intersection,2,50,Local Road,BOURKE,MELBOURNE,-37.812088,144.97057,2022,8,August,10,Midday,Weekday
T20220019460,2022-08-24,13:53:00,1,Collision with vehicle,3,Wednesday,120,HEAD ON (NOT OVERTAKING),1,723328,T intersection,3,50,Local Road,HEYINGTON,STONNINGTON,-37.838036,145.02194,2022,8,August,13,Midday,Weekday
T20220019022,2022-08-24,11:15:00,4,Collision with a fixed object,3,Wednesday,171,LEFT OFF CARRIAGEWAY INTO OBJECT/PARKED VEHICLE,1,722551,Not at intersection,3,80,Arterial Other,THOMPSON,DANDENONG,-38.06757,145.15892,2022,8,August,11,Midday,Weekday
T20220019023,2022-08-24,11:24:00,2,Struck Pedestrian,3,Wednesday,100,PED NEAR SIDE. PED HIT BY VEHICLE FROM THE RIGHT.,1,42038,Cross intersection,3,60,Arterial Other,HAMPTON,BAYSIDE,-37.92083,145.00569,2022,8,August,11,Midday,Weekday
T20220020194,2022-08-24,08:00:00,5,collision with some other object,3,Wednesday,166,STRUCK OBJECT ON CARRIAGEWAY,1,783037,Not at intersection,3,40,Arterial Highway,5095R 2120R,MELBOURNE,-37.807858,144.92181,2022,8,August,8,Morning Peak,Weekday
T20220020379,2022-08-24,09:00:00,1,Collision with vehicle,3,Wednesday,110,CROSS TRAFFIC(INTERSECTIONS ONLY),9,757986,Cross intersection,3,50,Local Road,BALMORAL,MORELAND,-37.741226,144.94104,2022,8,August,9,Morning Peak,Weekday
T20220019647,2022-08-24,18:00:00,1,Collision with vehicle,3,Wednesday,130,REAR END(VEHICLES IN SAME LANE),2,200593,Not at intersection,3,80,Arterial Highway,DANDENONG,MONASH,-37.8879,145.07999,2022,8,August,18,Afternoon Peak,Weekday
T20220019105,2022-08-25,06:30:00,1,Collision with vehicle,4,Thursday,130,REAR END(VEHICLES IN SAME LANE),3,732095,Not at intersection,2,100,Freeway,EASTERN,WHITEHORSE,-37.798286,145.14107,2022,8,August,6,Morning Peak,Weekday
T20220019129,2022-08-25,13:57:00,1,Collision with vehicle,4,Thursday,134,LANE CHANGE RIGHT (NOT OVERTAKING),1,785833,Not at intersection,2,100,Freeway,HUME,WHITTLESEA,-37.678234,144.98512,2022,8,August,13,Midday,Weekday
T20220019134,2022-08-25,13:27:00,1,Collision with vehicle,4,Thursday,147,VEHICLE STRIKES ANOTHER VEH WHILE EMERGING FROM DRIVEWAY,1,774877,Not at intersection,3,50,Local Road,ASTER,FRANKSTON,-38.101368,145.16562,2022,8,August,13,Midday,Weekday
T20220019137,2022-08-25,16:16:00,1,Collision with vehicle,4,Thursday,163,VEHICLE STRIKES DOOR OF PARKED/STATIONARY VEHICLE,1,774013,Not at intersection,3,40,Local Road,CHAPEL,STONNINGTON,-37.84864,144.99385,2022,8,August,16,Afternoon Peak,Weekday
T20220019334,2022-08-25,18:45:00,1,Collision with vehicle,4,Thursday,130,REAR END(VEHICLES IN SAME LANE),9,720335,Not at intersection,3,60,Arterial Other,HUNTINGDALE,MONASH,-37.88297,145.1089,2022,8,August,18,Afternoon Peak,Weekday
T20220019211,2022-08-25,12:30:00,1,Collision with vehicle,4,Thursday,110,CROSS TRAFFIC(INTERSECTIONS ONLY),1,44277,Cross intersection,3,80,Local Road,MERRICKS,MORNINGTON PENINSULA,-38.373993,145.07867,2022,8,August,12,Midday,Weekday
T20220019215,2022-08-25,18:37:00,1,Collision with vehicle,4,Thursday,120,HEAD ON (NOT OVERTAKING),3,723491,Not at intersection,2,60,Arterial Other,BALLARAT-MARYBOROUGH,HEPBURN,-37.294613,143.78621,2022,8,August,18,Afternoon Peak,Weekday
T20220020111,2022-08-25,17:45:00,1,Collision with vehicle,4,Thursday,110,CROSS TRAFFIC(INTERSECTIONS ONLY),2,44277,Cross intersection,2,100,Local Road,MERRICKS,MORNINGTON PENINSULA,-38.373993,145.07867,2022,8,August,17,Afternoon Peak,Weekday
T20220019219,2022-08-25,17:30:00,1,Collision with vehicle,4,Thursday,130,REAR END(VEHICLES IN SAME LANE),1,44471,Cross intersection,3,60,Arterial Other,FYANS,GEELONG,-38.162395,144.35663,2022,8,August,17,Afternoon Peak,Weekday
T20220020102,2022-08-25,07:55:00,1,Collision with vehicle,4,Thursday,130,REAR END(VEHICLES IN SAME LANE),1,711426,Not at intersection,3,80,Arterial Highway,DINGLEY,KINGSTON,-37.960392,145.11879,2022,8,August,7,Morning Peak,Weekday
T20220019112,2022-08-25,10:06:00,2,Struck Pedestrian,4,Thursday,100,PED NEAR SIDE. PED HIT BY VEHICLE FROM THE RIGHT.,1,1250,T intersection,3,60,Arterial Other,ST ALBANS,BRIMBANK,-37.758324,144.81053,2022,8,August,10,Midday,Weekday
T20220020093,2022-08-25,16:05:00,1,Collision with vehicle,4,Thursday,130,REAR END(VEHICLES IN SAME LANE),1,734082,Not at intersection,3,100,Freeway,MONASH,CASEY,-37.98324,145.24657,2022,8,August,16,Afternoon Peak,Weekday
T20220019092,2022-08-25,08:00:00,2,Struck Pedestrian,4,Thursday,102,FAR SIDE. PED HIT BY VEHICLE FROM THE LEFT,1,36850,Cross intersection,2,40,Local Road,CROMBIE,MELBOURNE,-37.815117,144.9563,2022,8,August,8,Morning Peak,Weekday
T20220021714,2022-08-25,10:30:00,1,Collision with vehicle,4,Thursday,130,REAR END(VEHICLES IN SAME LANE),1,726413,Not at intersection,3,60,Arterial Other,BACCHUS MARSH,MOORABOOL,-37.679214,144.45528,2022,8,August,10,Midday,Weekday
T20220019116,2022-08-25,13:21:00,1,Collision with vehicle,4,Thursday,132,RIGHT REAR.,1,727140,Cross intersection,3,60,Arterial Other,PLENTY,DAREBIN,-37.738712,145.01158,2022,8,August,13,Midday,Weekday
T20220019142,2022-08-25,13:25:00,4,Collision with a fixed object,4,Thursday,173,RIGHT OFF CARRIAGEWAY INTO OBJECT/PARKED VEHICLE,1,744290,Not at intersection,2,100,Local Road,DUNOLLY-AVOCA,CENTRAL GOLDFIELDS,-36.901436,143.66801,2022,8,August,13,Midday,Weekday
T20220019144,2022-08-25,13:10:00,1,Collision with vehicle,4,Thursday,130,REAR END(VEHICLES IN SAME LANE),1,733787,Not at intersection,2,100,Freeway,WESTERN RING,MORELAND,-37.693207,144.93867,2022,8,August,13,Midday,Weekday
T20220019097,2022-08-25,08:30:00,1,Collision with vehicle,4,Thursday,130,REAR END(VEHICLES IN SAME LANE),1,780324,Not at intersection,3,80,Freeway,CITYLINK,MELBOURNE,-37.828156,144.98726,2022,8,August,8,Morning Peak,Weekday
T20220019121,2022-08-25,12:30:00,1,Collision with vehicle,4,Thursday,130,REAR END(VEHICLES IN SAME LANE),1,779131,Not at intersection,3,60,Arterial Other,MCDONALDS,WHITTLESEA,-37.64801,145.05907,2022,8,August,12,Midday,Weekday
T20220019149,2022-08-25,16:10:00,4,Collision with a fixed object,4,Thursday,171,LEFT OFF CARRIAGEWAY INTO OBJECT/PARKED VEHICLE,1,722972,Not at intersection,3,70,Arterial Other,BELGRAVE-GEMBROOK,YARRA RANGES,-37.9118,145.39627,2022,8,August,16,Afternoon Peak,Weekday
T20220019931,2022-08-25,16:15:00,1,Collision with vehicle,4,Thursday,137,LEFT TURN SIDESWIPE,1,783929,Cross intersection,3,60,Local Road,ABBOTSFORD,MELBOURNE,-37.80263,144.94553,2022,8,August,16,Afternoon Peak,Weekday
T20220019100,2022-08-25,10:03:00,8,No collision and no object struck,4,Thursday,172,OFF CARRIAGEWAY TO RIGHT,1,723081,Not at intersection,3,50,Local Road,BETULA,WHITTLESEA,-37.681362,145.0576,2022,8,August,10,Midday,Weekday
T20220019158,2022-08-25,08:00:00,1,Collision with vehicle,4,Thursday,130,REAR END(VEHICLES IN SAME LANE),1,732811,Not at intersection,3,100,Freeway,METROPOLITAN RING,WHITTLESEA,-37.68732,145.00188,2022,8,August,8,Morning Peak,Weekday
T20220019159,2022-08-25,16:15:00,1,Collision with vehicle,4,Thursday,113,RIGHT NEAR (INTERSECTIONS ONLY),1,723324,T intersection,3,60,Local Road,ARGYLE,MOONEE VALLEY,-37.770626,144.90665,2022,8,August,16,Afternoon Peak,Weekday
T20220019162,2022-08-25,18:15:00,1,Collision with vehicle,4,Thursday,110,CROSS TRAFFIC(INTERSECTIONS ONLY),2,49703,Cross intersection,2,60,Arterial Other,ST GEORGES,GEELONG,-38.08609,144.37442,2022,8,August,18,Afternoon Peak,Weekday