ACCIDENT_NO,ACCIDENT_DATE,ACCIDENT_TIME,ACCIDENT_TYPE,ACCIDENT_TYPE_DESC,DAY_OF_WEEK,DAY_WEEK_DESC,DCA_CODE,DCA_DESC,LIGHT_CONDITION,NODE_ID,ROAD_GEOMETRY_DESC,SEVERITY,SPEED_ZONE,RMA,ROAD_NAME,LGA_NAME,LATITUDE,LONGITUDE,YEAR,MONTH,MONTH_NAME,HOUR,TIME_PERIOD,DAY_TYPE
T20220019164,2022-08-25,18:48:00,1,Collision with vehicle,4,Thursday,121,RIGHT THROUGH,3,289695,T intersection,3,80,Arterial Highway,NORTHERN,MITCHELL,-37.396503,144.9778,2022,8,August,18,Afternoon Peak,Weekday
T20220019165,2022-08-25,19:03:00,1,Collision with vehicle,4,Thursday,135,LANE CHANGE LEFT (NOT OVERTAKING),3,774862,Not at intersection,3,70,Arterial Highway,MELBOURNE,GEELONG,-38.109863,144.35318,2022,8,August,19,Night,Weekday
T20220019166,2022-08-25,08:01:00,1,Collision with vehicle,4,Thursday,130,REAR END(VEHICLES IN SAME LANE),1,54138,Not at intersection,3,60,Arterial Other,PASCOE VALE,MORELAND,-37.721153,144.92116,2022,8,August,8,Morning Peak,Weekday
T20220019167,2022-08-25,15:20:00,1,Collision with vehicle,4,Thursday,110,CROSS TRAFFIC(INTERSECTIONS ONLY),1,35821,Cross intersection,2,100,Arterial Highway,MURRAY VALLEY,GANNAWARRA,-35.5513,143.76984,2022,8,August,15,Afternoon Peak,Weekday
T20220019288,2022-08-25,08:25:00,1,Collision with vehicle,4,Thursday,113,RIGHT NEAR (INTERSECTIONS ONLY),1,39122,Cross intersection,3,40,Local Road,PROSPECT HILL,BOROONDARA,-37.829758,145.07086,2022,8,August,8,Morning Peak,Weekday
T20220019168,2022-08-25,17:50:00,4,Collision with a fixed object,4,Thursday,146,REVERSING INTO FIXED OBJECT/PARKED VEHICLE,1,723325,Not at intersection,3,50,Local Road,WHITELAW,BANYULE,-37.76386,145.05856,2022,8,August,17,Afternoon Peak,Weekday
T20220019170,2022-08-25,18:06:00,1,Collision with vehicle,4,Thursday,130,REAR END(VEHICLES IN SAME LANE),3,768981,Not at intersection,3,40,Arterial Other,HIGH,WHITTLESEA,-37.681713,145.01358,2022,8,August,18,Afternoon Peak,Weekday
T20220019171,2022-08-25,15:40:00,1,Collision with vehicle,4,Thursday,130,REAR END(VEHICLES IN SAME LANE),1,754172,Not at intersection,2,80,Arterial Highway,SOUTH GIPPSLAND-DANDENONG-HASTINGS,CASEY,-38.036873,145.24771,2022,8,August,15,Afternoon Peak,Weekday
T20220019176,2022-08-25,21:14:00,1,Collision with vehicle,4,Thursday,110,CROSS TRAFFIC(INTERSECTIONS ONLY),3,722750,Cross intersection,2,60,Local Road,MATTHEWS,GEELONG,-38.081276,144.33725,2022,8,August,21,Night,Weekday
T20220019103,2022-08-25,10:35:00,1,Collision with vehicle,4,Thursday,121,RIGHT THROUGH,1,723719,Not at intersection,3,50,Local Road,KOROIT,WARRNAMBOOL,-38.378937,142.4732,2022,8,August,10,Midday,Weekday
T20220019187,2022-08-25,04:23:00,1,Collision with vehicle,4,Thursday,142,LEAVING PARKING,3,774878,Not at intersection,2,50,Local Road,ARTHUR,PORT PHILLIP,-37.839466,144.97488,2022,8,August,4,Late Night,Weekday
T20220019188,2022-08-25,22:15:00,2,Struck Pedestrian,4,Thursday,101,PED EMERGES FROM IN FRONT OF PARKED OR STATIONARY VEHICLE,3,782401,Not at intersection,3,50,Arterial Other,MAIR,BALLARAT,-37.559303,143.85461,2022,8,August,22,Night,Weekday
T20220019104,2022-08-25,08:10:00,1,Collision with vehicle,4,Thursday,130,REAR END(VEHICLES IN SAME LANE),1,724932,Not at intersection,3,100,Freeway,MONASH,MONASH,-37.922787,145.17645,2022,8,August,8,Morning Peak,Weekday
T20220019448,2022-08-25,14:00:00,1,Collision with vehicle,4,Thursday,130,REAR END(VEHICLES IN SAME LANE),1,723088,Not at intersection,3,40,Arterial Other,MURRAY,DAREBIN,-37.737804,145.00232,2022,8,August,14,Midday,Weekday
T20220019864,2022-08-25,08:45:00,1,Collision with vehicle,4,Thursday,130,REAR END(VEHICLES IN SAME LANE),1,731895,Not at intersection,2,80,Arterial Highway,WELLINGTON,MONASH,-37.91479,145.12943,2022,8,August,8,Morning Peak,Weekday
T20220019128,2022-08-25,08:00:00,1,Collision with vehicle,4,Thursday,160,VEHICLE COLLIDES WITH VEHICLE PARKED ON LEFT OF ROAD,1,774876,Not at intersection,2,60,Local Road,HIGHLANDER,HUME,-37.568893,144.89716,2022,8,August,8,Morning Peak,Weekday
T20220019194,2022-08-26,06:05:00,1,Collision with vehicle,5,Friday,130,REAR END(VEHICLES IN SAME LANE),3,779143,Not at intersection,3,80,Freeway,MONASH IN-WELLINGTON,MONASH,-37.920773,145.17316,2022,8,August,6,Morning Peak,Weekday
T20220020598,2022-08-26,16:30:00,7,Fall from or in moving vehicle,5,Friday,170,OFF CARRIAGEWAY TO LEFT,1,782432,T intersection,3,50,Local Road,GRANT,MORNINGTON PENINSULA,-38.221264,145.17645,2022,8,August,16,Afternoon Peak,Weekday
T20220019198,2022-08-26,08:20:00,1,Collision with vehicle,5,Friday,132,RIGHT REAR.,1,722773,Not at intersection,3,80,Local Road,SEBASTOPOL-SMYTHESDALE,GOLDEN PLAINS,-37.62578,143.77274,2022,8,August,8,Morning Peak,Weekday
T20220019202,2022-08-26,08:01:00,1,Collision with vehicle,5,Friday,113,RIGHT NEAR (INTERSECTIONS ONLY),1,267724,T intersection,3,60,Arterial Other,MAIN,NILLUMBIK,-37.70636,145.1512,2022,8,August,8,Morning Peak,Weekday
T20220019209,2022-08-26,10:15:00,2,Struck Pedestrian,5,Friday,108,PED STRUCK WALKING TO/FROM OR BOARDING/ALIGHTING VEHICLE.,1,785835,Not at intersection,2,40,Arterial Other,SYDNEY,MORELAND,-37.74566,144.96584,2022,8,August,10,Midday,Weekday
T20220019217,2022-08-26,12:41:00,2,Struck Pedestrian,5,Friday,100,PED NEAR SIDE. PED HIT BY VEHICLE FROM THE RIGHT.,1,782431,Cross intersection,3,70,Arterial Other,BLACKBURN,WHITEHORSE,-37.85254,145.15201,2022,8,August,12,Midday,Weekday
T20220019223,2022-08-26,10:30:00,1,Collision with vehicle,5,Friday,132,RIGHT REAR.,1,63466,T intersection,3,60,Arterial Other,MELVILLE,MORELAND,-37.75413,144.94576,2022,8,August,10,Midday,Weekday
T20220019225,2022-08-26,13:45:00,1,Collision with vehicle,5,Friday,134,LANE CHANGE RIGHT (NOT OVERTAKING),1,722775,Not at intersection,3,80,Freeway,TULLAMARINE OUT-WESTERN RING OUT,HUME,-37.7035,144.88824,2022,8,August,13,Midday,Weekday
T20220019226,2022-08-26,14:17:00,1,Collision with vehicle,5,Friday,132,RIGHT REAR.,1,58305,T intersection,3,100,Arterial Highway,MURRAY VALLEY,SWAN HILL,-35.441593,143.61514,2022,8,August,14,Midday,Weekday
T20220019237,2022-08-26,16:38:00,2,Struck Pedestrian,5,Friday,100,PED NEAR SIDE. PED HIT BY VEHICLE FROM THE RIGHT.,1,44640,T intersection,3,40,Local Road,HARGREAVES,BENDIGO,-36.7594,144.2811,2022,8,August,16,Afternoon Peak,Weekday
T20220019239,2022-08-26,15:10:00,1,Collision with vehicle,5,Friday,110,CROSS TRAFFIC(INTERSECTIONS ONLY),1,54423,Cross intersection,2,100,Arterial Highway,GLENELG,ARARAT,-37.6831,143.07579,2022,8,August,15,Afternoon Peak,Weekday
T20220019240,2022-08-26,15:55:00,1,Collision with vehicle,5,Friday,130,REAR END(VEHICLES IN SAME LANE),1,779446,T intersection,3,70,Arterial Other,OLD PRINCES,CARDINIA,-38.055065,145.38237,2022,8,August,15,Afternoon Peak,Weekday
T20220019242,2022-08-26,15:32:00,1,Collision with vehicle,5,Friday,135,LANE CHANGE LEFT (NOT OVERTAKING),1,724336,Not at intersection,3,40,Arterial Other,JOHNSTON,YARRA,-37.7994,144.98857,2022,8,August,15,Afternoon Peak,Weekday
T20220019244,2022-08-26,17:30:00,1,Collision with vehicle,5,Friday,121,RIGHT THROUGH,1,723852,Cross intersection,3,70,Arterial Other,KINGS,BRIMBANK,-37.695812,144.78171,2022,8,August,17,Afternoon Peak,Weekday
T20220019247,2022-08-26,13:45:00,4,Collision with a fixed object,5,Friday,171,LEFT OFF CARRIAGEWAY INTO OBJECT/PARKED VEHICLE,1,782435,Not at intersection,3,80,Arterial Highway,NEPEAN,MORNINGTON PENINSULA,-38.241207,145.03671,2022,8,August,13,Midday,Weekday
T20220019250,2022-08-26,15:45:00,4,Collision with a fixed object,5,Friday,171,LEFT OFF CARRIAGEWAY INTO OBJECT/PARKED VEHICLE,1,723492,Not at intersection,3,80,Local Road,ARTHURS CREEK,NILLUMBIK,-37.57178,145.18584,2022,8,August,15,Afternoon Peak,Weekday
T20220019253,2022-08-26,18:45:00,1,Collision with vehicle,5,Friday,121,RIGHT THROUGH,3,38139,Cross intersection,3,60,Local Road,BANKSIA,BANYULE,-37.757084,145.04497,2022,8,August,18,Afternoon Peak,Weekday
T20220021709,2022-08-26,09:05:00,1,Collision with vehicle,5,Friday,116,LEFT NEAR (INTERSECTIONS ONLY),1,41788,T intersection,3,70,Arterial Highway,SPRINGVALE,MONASH,-37.876858,145.16637,2022,8,August,9,Morning Peak,Weekday
T20220019255,2022-08-26,15:10:00,1,Collision with vehicle,5,Friday,121,RIGHT THROUGH,1,628986,T intersection,2,80,Local Road,CALDER PARK,BRIMBANK,-37.703827,144.75664,2022,8,August,15,Afternoon Peak,Weekday
T20220019256,2022-08-26,19:19:00,1,Collision with vehicle,5,Friday,121,RIGHT THROUGH,3,780334,Not at intersection,3,60,Local Road,BUSH,WHITTLESEA,-37.654995,145.07889,2022,8,August,19,Night,Weekday
T20220019261,2022-08-26,03:30:00,6,Vehicle overturned (no collision),5,Friday,172,OFF CARRIAGEWAY TO RIGHT,5,782434,Not at intersection,3,100,Local Road,CALDERMEADE,CARDINIA,-38.231712,145.57315,2022,8,August,3,Late Night,Weekday
T20220019265,2022-08-26,22:00:00,4,Collision with a fixed object,5,Friday,171,LEFT OFF CARRIAGEWAY INTO OBJECT/PARKED VEHICLE,5,743932,Not at intersection,3,60,Arterial Other,CRAIGIEBURN ROAD -CRAIGIEBURN,HUME,-37.60034,144.95259,2022,8,August,22,Night,Weekday
T20220019267,2022-08-26,18:35:00,1,Collision with vehicle,5,Friday,179,OTHER ACCIDENTS-OFF STRAIGHT NOT INCLUDED IN DCAs 170-175,2,776583,Not at intersection,2,100,Arterial Highway,PRINCES,MOYNE,-38.335045,142.35172,2022,8,August,18,Afternoon Peak,Weekday
T20220019272,2022-08-26,22:50:00,1,Collision with vehicle,5,Friday,121,RIGHT THROUGH,3,38668,Cross intersection,2,50,Arterial Highway,FRANCIS,MARIBYRNONG,-37.820267,144.88213,2022,8,August,22,Night,Weekday
T20220019275,2022-08-26,17:35:00,4,Collision with a fixed object,5,Friday,164,PERMANENT OBSTRUCTION ON CARRIAGEWAY,1,35312,T intersection,2,70,Arterial Highway,MAROONDAH,YARRA RANGES,-37.729015,145.3777,2022,8,August,17,Afternoon Peak,Weekday
T20220019277,2022-08-26,22:43:00,4,Collision with a fixed object,5,Friday,171,LEFT OFF CARRIAGEWAY INTO OBJECT/PARKED VEHICLE,3,53202,T intersection,2,50,Local Road,LING,KNOX,-37.92503,145.24248,2022,8,August,22,Night,Weekday
T20220020299,2022-08-26,08:30:00,1,Collision with vehicle,5,Friday,132,RIGHT REAR.,9,36148,Not at intersection,3,50,Arterial Other,CRAIGIEBURN,HUME,-37.59776,144.93028,2022,8,August,8,Morning Peak,Weekday
T20220019285,2022-08-26,19:15:00,6,Vehicle overturned (no collision),5,Friday,170,OFF CARRIAGEWAY TO LEFT,3,725853,Not at intersection,3,100,Freeway,MONASH,MONASH,-37.923035,145.17729,2022,8,August,19,Night,Weekday
T20220021287,2022-08-26,11:35:00,8,No collision and no object struck,5,Friday,174,OUT OF CONTROL ON CARRIAGEWAY (ON STRAIGHT),1,782433,Not at intersection,3,60,Arterial Other,BOLTON,BANYULE,-37.719257,145.13765,2022,8,August,11,Midday,Weekday
T20220019342,2022-08-26,17:39:00,1,Collision with vehicle,5,Friday,130,REAR END(VEHICLES IN SAME LANE),1,779139,Not at intersection,3,80,Freeway,EASTERN,YARRA,-37.795593,144.99516,2022,8,August,17,Afternoon Peak,Weekday
T20220019737,2022-08-26,14:48:00,1,Collision with vehicle,5,Friday,147,VEHICLE STRIKES ANOTHER VEH WHILE EMERGING FROM DRIVEWAY,1,782427,Not at intersection,3,40,Arterial Highway,PRINCES,CASEY,-38.027058,145.31079,2022,8,August,14,Midday,Weekday
T20220019437,2022-08-26,08:00:00,1,Collision with vehicle,5,Friday,130,REAR END(VEHICLES IN SAME LANE),1,779140,Not at intersection,3,100,Freeway,HUME,WHITTLESEA,-37.619183,144.99098,2022,8,August,8,Morning Peak,Weekday
T20220022210,2022-08-26,23:30:00,6,Vehicle overturned (no collision),5,Friday,172,OFF CARRIAGEWAY TO RIGHT,6,682879,Cross intersection,3,80,Freeway,BUNGOWER,MORNINGTON PENINSULA,-38.232796,145.12218,2022,8,August,23,Night,Weekday
T20220019262,2022-08-26,16:44:00,1,Collision with vehicle,5,Friday,121,RIGHT THROUGH,1,294710,T intersection,3,60,Arterial Other,MILLERS,HOBSONS BAY,-37.844063,144.84607,2022,8,August,16,Afternoon Peak,Weekday
T20220019210,2022-08-26,11:36:00,2,Struck Pedestrian,5,Friday,100,PED NEAR SIDE. PED HIT BY VEHICLE FROM THE RIGHT.,1,734108,T intersection,2,40,Local Road,PAISLEY,MARIBYRNONG,-37.801025,144.90092,2022,8,August,11,Midday,Weekday
T20230011584,2022-08-27,03:05:00,4,Collision with a fixed object,6,Saturday,173,RIGHT OFF CARRIAGEWAY INTO OBJECT/PARKED VEHICLE,3,44222,Cross intersection,2,60,Arterial Other,HIGH,WHITTLESEA,-37.644615,145.02632,2022,8,August,3,Late Night,Weekend
T20220019279,2022-08-27,02:28:00,1,Collision with vehicle,6,Saturday,110,CROSS TRAFFIC(INTERSECTIONS ONLY),3,774864,Cross intersection,3,60,Arterial Highway,BELL,BANYULE,-37.751205,145.04599,2022,8,August,2,Late Night,Weekend
T20220020703,2022-08-27,14:00:00,1,Collision with vehicle,6,Saturday,163,VEHICLE STRIKES DOOR OF PARKED/STATIONARY VEHICLE,1,735072,Not at intersection,2,50,Arterial Other,HIGH,BOROONDARA,-37.86321,145.07788,2022,8,August,14,Midday,Weekend
T20220020591,2022-08-27,11:30:00,1,Collision with vehicle,6,Saturday,120,HEAD ON (NOT OVERTAKING),1,780152,Not at intersection,3,80,Arterial Highway,GREAT ALPINE,EAST GIPPSLAND,-37.387497,147.82742,2022,8,August,11,Midday,Weekend
T20220019411,2022-08-27,15:00:00,1,Collision with vehicle,6,Saturday,150,HEAD ON(OVERTAKING),1,739429,T intersection,2,100,Arterial Other,WILLOW GROVE,BAW BAW,-37.945976,146.12051,2022,8,August,15,Afternoon Peak,Weekend
T20220019371,2022-08-27,13:40:00,4,Collision with a fixed object,6,Saturday,173,RIGHT OFF CARRIAGEWAY INTO OBJECT/PARKED VEHICLE,1,723284,Not at intersection,2,100,Local Road,BEAUFORT-WAUBRA,PYRENEES,-37.376938,143.61464,2022,8,August,13,Midday,Weekend
T20220019365,2022-08-27,17:48:00,1,Collision with vehicle,6,Saturday,147,VEHICLE STRIKES ANOTHER VEH WHILE EMERGING FROM DRIVEWAY,2,782451,Not at intersection,3,50,Arterial Other,WILLIAMS,HORSHAM,-36.726128,142.20897,2022,8,August,17,Afternoon Peak,Weekend
T20220019356,2022-08-27,21:45:00,1,Collision with vehicle,6,Saturday,130,REAR END(VEHICLES IN SAME LANE),3,350177,Cross intersection,3,70,Arterial Other,EDGARS,WHITTLESEA,-37.69374,145.00098,2022,8,August,21,Night,Weekend
T20220019351,2022-08-27,17:39:00,1,Collision with vehicle,6,Saturday,113,RIGHT NEAR (INTERSECTIONS ONLY),1,41910,Cross intersection,1,80,Arterial Other,FERNTREE GULLY,KNOX,-37.888435,145.26291,2022,8,August,17,Afternoon Peak,Weekend
T20220019347,2022-08-27,23:35:00,8,No collision and no object struck,6,Saturday,174,OUT OF CONTROL ON CARRIAGEWAY (ON STRAIGHT),3,723085,Not at intersection,2,50,Local Road,HIGHETT,YARRA,-37.815796,144.99904,2022,8,August,23,Night,Weekend
T20220019346,2022-08-27,21:42:00,6,Vehicle overturned (no collision),6,Saturday,172,OFF CARRIAGEWAY TO RIGHT,3,724358,Cross intersection,3,50,Local Road,WARATAH,BENDIGO,-36.663128,144.3506,2022,8,August,21,Night,Weekend
T20220019345,2022-08-27,21:08:00,1,Collision with vehicle,6,Saturday,121,RIGHT THROUGH,3,35342,Cross intersection,3,50,Arterial Other,HODDLE,YARRA,-37.792397,144.99442,2022,8,August,21,Night,Weekend
T20220019341,2022-08-27,16:09:00,4,Collision with a fixed object,6,Saturday,171,LEFT OFF CARRIAGEWAY INTO OBJECT/PARKED VEHICLE,1,722821,Not at intersection,1,100,Local Road,RODERICKS,EAST GIPPSLAND,-37.768524,147.44937,2022,8,August,16,Afternoon Peak,Weekend
T20220019335,2022-08-27,18:30:00,2,Struck Pedestrian,6,Saturday,102,FAR SIDE. PED HIT BY VEHICLE FROM THE LEFT,3,44860,Cross intersection,3,60,Arterial Other,ELEVENTH,MILDURA,-34.185295,142.15231,2022,8,August,18,Afternoon Peak,Weekend
T20220019329,2022-08-27,15:53:00,1,Collision with vehicle,6,Saturday,147,VEHICLE STRIKES ANOTHER VEH WHILE EMERGING FROM DRIVEWAY,1,722973,Not at intersection,3,60,Arterial Other,HORNE,HUME,-37.577282,144.72758,2022,8,August,15,Afternoon Peak,Weekend
T20220019326,2022-08-27,05:30:00,4,Collision with a fixed object,6,Saturday,181,OFF RIGHT BEND INTO OBJECT/PARKED VEHICLE,5,735069,Not at intersection,2,100,Arterial Highway,GLENELG,GLENELG,-37.598854,141.36226,2022,8,August,5,Morning Peak,Weekend
T20220019325,2022-08-27,15:40:00,1,Collision with vehicle,6,Saturday,147,VEHICLE STRIKES ANOTHER VEH WHILE EMERGING FROM DRIVEWAY,1,762091,Not at intersection,3,50,Local Road,RAY,WHITEHORSE,-37.85459,145.15204,2022,8,August,15,Afternoon Peak,Weekend
T20220019321,2022-08-27,13:50:00,6,Vehicle overturned (no collision),6,Saturday,174,OUT OF CONTROL ON CARRIAGEWAY (ON STRAIGHT),1,723084,Not at intersection,2,100,Local Road,STRINGBARK,HINDMARSH,-36.48676,142.00824,2022,8,August,13,Midday,Weekend
T20220019318,2022-08-27,12:50:00,1,Collision with vehicle,6,Saturday,130,REAR END(VEHICLES IN SAME LANE),1,60244,T intersection,3,50,Arterial Highway,STATION,MURRINDINDI,-37.21173,145.42303,2022,8,August,12,Midday,Weekend
T20220019317,2022-08-27,14:10:00,1,Collision with vehicle,6,Saturday,147,VEHICLE STRIKES ANOTHER VEH WHILE EMERGING FROM DRIVEWAY,1,782467,Not at intersection,3,50,Local Road,REGENT,DAREBIN,-37.729595,144.99352,2022,8,August,14,Midday,Weekend
T20220019315,2022-08-27,11:25:00,1,Collision with vehicle,6,Saturday,130,REAR END(VEHICLES IN SAME LANE),1,778516,Y intersection,3,100,Arterial Highway,HAMILTON,GOLDEN PLAINS,-38.096916,144.08377,2022,8,August,11,Midday,Weekend
T20220019314,2022-08-27,13:43:00,1,Collision with vehicle,6,Saturday,147,VEHICLE STRIKES ANOTHER VEH WHILE EMERGING FROM DRIVEWAY,1,785839,Not at intersection,2,70,Arterial Other,SYDNEY,MORELAND,-37.697884,144.95929,2022,8,August,13,Midday,Weekend
T20220022046,2022-08-27,17:30:00,8,No collision and no object struck,6,Saturday,174,OUT OF CONTROL ON CARRIAGEWAY (ON STRAIGHT),2,728199,Not at intersection,3,80,Arterial Highway,MIDLAND,BENDIGO,-36.653202,144.39572,2022,8,August,17,Afternoon Peak,Weekend
T20220019313,2022-08-27,12:55:00,4,Collision with a fixed object,6,Saturday,171,LEFT OFF CARRIAGEWAY INTO OBJECT/PARKED VEHICLE,1,782450,Not at intersection,3,60,Arterial Highway,NEPEAN,KINGSTON,-38.070473,145.12102,2022,8,August,12,Midday,Weekend
T20220019310,2022-08-27,12:00:00,1,Collision with vehicle,6,Saturday,132,RIGHT REAR.,1,736068,Not at intersection,3,60,Arterial Other,RESEARCH-WARRANDYTE,NILLUMBIK,-37.708084,145.19936,2022,8,August,12,Midday,Weekend
T20220019299,2022-08-27,11:00:00,1,Collision with vehicle,6,Saturday,110,CROSS TRAFFIC(INTERSECTIONS ONLY),1,41152,Cross intersection,2,60,Local Road,BENT,BAYSIDE,-37.888596,144.99617,2022,8,August,11,Midday,Weekend
T20220019292,2022-08-27,06:30:00,4,Collision with a fixed object,6,Saturday,171,LEFT OFF CARRIAGEWAY INTO OBJECT/PARKED VEHICLE,2,38127,T intersection,3,60,Arterial Other,HEIDELBERG,BANYULE,-37.77495,145.0393,2022,8,August,6,Morning Peak,Weekend
T20220019289,2022-08-27,07:42:00,2,Struck Pedestrian,6,Saturday,101,PED EMERGES FROM IN FRONT OF PARKED OR STATIONARY VEHICLE,1,723083,Not at intersection,2,60,Arterial Other,VICTORIA,MELBOURNE,-37.808556,144.97704,2022,8,August,7,Morning Peak,Weekend
T20220019283,2022-08-27,04:00:00,2,Struck Pedestrian,6,Saturday,109,ANY MANOEUVRE INVOLVING PED NOT INCLUDED IN DCAs 100-108.,3,663054,Not at intersection,3,40,Local Road,CHAPEL,STONNINGTON,-37.849808,144.99367,2022,8,August,4,Late Night,Weekend
T20220019281,2022-08-27,02:55:00,4,Collision with a fixed object,6,Saturday,171,LEFT OFF CARRIAGEWAY INTO OBJECT/PARKED VEHICLE,5,55401,Cross intersection,3,100,Local Road,PYKE,SHEPPARTON,-36.425514,145.3135,2022,8,August,2,Late Night,Weekend
T20220019274,2022-08-27,00:52:00,1,Collision with vehicle,6,Saturday,121,RIGHT THROUGH,3,50051,Cross intersection,3,70,Arterial Highway,LATROBE TERRACE -SETTLEMENT,GEELONG,-38.160397,144.35019,2022,8,August,0,Late Night,Weekend
T20220019676,2022-08-27,12:33:00,1,Collision with vehicle,6,Saturday,121,RIGHT THROUGH,1,774803,T intersection,2,70,Arterial Other,BALLARAT,MARIBYRNONG,-37.78084,144.86278,2022,8,August,12,Midday,Weekend
T20220019709,2022-08-27,16:30:00,6,Vehicle overturned (no collision),6,Saturday,174,OUT OF CONTROL ON CARRIAGEWAY (ON STRAIGHT),1,774888,Not at intersection,3,50,Local Road,HIGHFIELD,BOROONDARA,-37.848328,145.08234,2022,8,August,16,Afternoon Peak,Weekend
T20220019384,2022-08-28,12:10:00,1,Collision with vehicle,7,Sunday,130,REAR END(VEHICLES IN SAME LANE),1,744476,Not at intersection,3,100,Arterial Highway,NORTHERN,BENDIGO,-36.486492,144.61404,2022,8,August,12,Midday,Weekend
T20220019354,2022-08-28,00:16:00,4,Collision with a fixed object,7,Sunday,181,OFF RIGHT BEND INTO OBJECT/PARKED VEHICLE,4,754163,Not at intersection,2,100,Freeway,HUME-METROPOLITAN RING IN,WHITTLESEA,-37.689983,144.98563,2022,8,August,0,Late Night,Weekend
T20220021232,2022-08-28,17:50:00,8,No collision and no object struck,7,Sunday,149,OTHER MANOEUVRING NOT INCLUDED IN DCAs 140-148,2,71451,Cross intersection,3,50,Local Road,BRAUND,GEELONG,-38.097317,144.3236,2022,8,August,17,Afternoon Peak,Weekend
T20220021112,2022-08-28,10:30:00,6,Vehicle overturned (no collision),7,Sunday,174,OUT OF CONTROL ON CARRIAGEWAY (ON STRAIGHT),1,725432,T intersection,3,40,Arterial Other,BRIDGE,YARRA,-37.817932,144.9934,2022,8,August,10,Midday,Weekend
T20220019428,2022-08-28,21:45:00,1,Collision with vehicle,7,Sunday,121,RIGHT THROUGH,3,687252,T intersection,3,90,Arterial Highway,DANDENONG-HASTINGS,DANDENONG,-38.05531,145.24365,2022,8,August,21,Night,Weekend
T20220020965,2022-08-28,16:00:00,1,Collision with vehicle,7,Sunday,134,LANE CHANGE RIGHT (NOT OVERTAKING),1,35636,Cross intersection,3,50,Arterial Highway,OVERTON,FRANKSTON,-38.13007,145.13147,2022,8,August,16,Afternoon Peak,Weekend
T20220020923,2022-08-28,10:35:00,1,Collision with vehicle,7,Sunday,115,RIGHT/LEFT FAR (INTERSECTIONS ONLY),1,725848,T intersection,3,50,Local Road,WEEMALA,WYNDHAM,-37.903137,144.61714,2022,8,August,10,Midday,Weekend
T20220019420,2022-08-28,17:41:00,1,Collision with vehicle,7,Sunday,113,RIGHT NEAR (INTERSECTIONS ONLY),2,662509,T intersection,3,60,Arterial Other,POINT COOK,WYNDHAM,-37.90175,144.75328,2022,8,August,17,Afternoon Peak,Weekend
T20220019352,2022-08-28,00:18:00,4,Collision with a fixed object,7,Sunday,181,OFF RIGHT BEND INTO OBJECT/PARKED VEHICLE,5,782472,Not at intersection,3,80,Local Road,STEWART,MILDURA,-34.313454,142.2119,2022,8,August,0,Late Night,Weekend
T20220019355,2022-08-28,01:34:00,4,Collision with a fixed object,7,Sunday,181,OFF RIGHT BEND INTO OBJECT/PARKED VEHICLE,5,725126,Not at intersection,2,100,Arterial Highway,MELBA,YARRA RANGES,-37.62519,145.4094,2022,8,August,1,Late Night,Weekend
T20220019357,2022-08-28,03:24:00,1,Collision with vehicle,7,Sunday,160,VEHICLE COLLIDES WITH VEHICLE PARKED ON LEFT OF ROAD,3,723327,Not at intersection,3,50,Local Road,SUTHERLAND,MORELAND,-37.739265,144.961,2022,8,August,3,Late Night,Weekend
T20220019358,2022-08-28,01:14:00,1,Collision with vehicle,7,Sunday,130,REAR END(VEHICLES IN SAME LANE),3,56625,Cross intersection,2,70,Local Road,LEAKES,WYNDHAM,-37.83203,144.67287,2022,8,August,1,Late Night,Weekend
T20220019362,2022-08-28,03:59:00,2,Struck Pedestrian,7,Sunday,100,PED NEAR SIDE. PED HIT BY VEHICLE FROM THE RIGHT.,3,65614,T intersection,2,70,Arterial Other,SWANSEA,YARRA RANGES,-37.807125,145.34999,2022,8,August,3,Late Night,Weekend
T20220019400,2022-08-28,12:45:00,4,Collision with a fixed object,7,Sunday,173,RIGHT OFF CARRIAGEWAY INTO OBJECT/PARKED VEHICLE,1,723613,Not at intersection,2,100,Local Road,BENDIGO-SUTTON GRANGE,MOUNT ALEXANDER,-37.01493,144.36151,2022,8,August,12,Midday,Weekend
T20220019414,2022-08-28,16:20:00,6,Vehicle overturned (no collision),7,Sunday,172,OFF CARRIAGEWAY TO RIGHT,1,723830,Not at intersection,3,60,Local Road,NATIONAL,DANDENONG,-38.043617,145.23917,2022,8,August,16,Afternoon Peak,Weekend
T20220019401,2022-08-28,15:04:00,1,Collision with vehicle,7,Sunday,110,CROSS TRAFFIC(INTERSECTIONS ONLY),1,66776,Cross intersection,3,50,Local Road,HIGHFIELD,BOROONDARA,-37.837708,145.08434,2022,8,August,15,Afternoon Peak,Weekend
T20220019363,2022-08-28,02:24:00,4,Collision with a fixed object,7,Sunday,181,OFF RIGHT BEND INTO OBJECT/PARKED VEHICLE,5,782474,Not at intersection,3,50,Local Road,HUTTONS,SOUTH GIPPSLAND,-38.422977,145.87524,2022,8,August,2,Late Night,Weekend
T20220019402,2022-08-28,15:00:00,1,Collision with vehicle,7,Sunday,140,U TURN,1,19449,T intersection,2,100,Arterial Highway,MCIVOR,BENDIGO,-36.825397,144.58737,2022,8,August,15,Afternoon Peak,Weekend
T20220019407,2022-08-28,14:30:00,1,Collision with vehicle,7,Sunday,110,CROSS TRAFFIC(INTERSECTIONS ONLY),1,324484,Cross intersection,3,60,Arterial Other,GRAHAMVALE,SHEPPARTON,-36.34764,145.43184,2022,8,August,14,Midday,Weekend