ACCIDENT_NO,ACCIDENT_DATE,ACCIDENT_TIME,ACCIDENT_TYPE,ACCIDENT_TYPE_DESC,DAY_OF_WEEK,DAY_WEEK_DESC,DCA_CODE,DCA_DESC,LIGHT_CONDITION,NODE_ID,ROAD_GEOMETRY_DESC,SEVERITY,SPEED_ZONE,RMA,ROAD_NAME,LGA_NAME,LATITUDE,LONGITUDE,YEAR,MONTH,MONTH_NAME,HOUR,TIME_PERIOD,DAY_TYPE
T20220019408,2022-08-28,16:28:00,1,Collision with vehicle,7,Sunday,121,RIGHT THROUGH,2,12521,Cross intersection,3,60,Freeway,FURLONG-WESTERN RING IN,BRIMBANK,-37.761463,144.82144,2022,8,August,16,Afternoon Peak,Weekend
T20220020338,2022-08-28,10:00:00,1,Collision with vehicle,7,Sunday,133,LANE SIDE SWIPE (VEHICLES IN PARALLEL LANES),1,43457,Cross intersection,3,60,Arterial Other,DAVEY,FRANKSTON,-38.147255,145.12476,2022,8,August,10,Midday,Weekend
T20220019409,2022-08-28,16:50:00,4,Collision with a fixed object,7,Sunday,183,OFF LEFT BEND INTO OBJECT/PARKED VEHICLE,1,782478,T intersection,3,50,Arterial Other,COMPTON,MONASH,-37.87463,145.17126,2022,8,August,16,Afternoon Peak,Weekend
T20220019376,2022-08-28,11:58:00,1,Collision with vehicle,7,Sunday,132,RIGHT REAR.,1,724417,Not at intersection,2,100,Arterial Other,BALLARAT-DAYLESFORD,MOORABOOL,-37.53142,143.96239,2022,8,August,11,Midday,Weekend
T20220019430,2022-08-28,22:56:00,1,Collision with vehicle,7,Sunday,113,RIGHT NEAR (INTERSECTIONS ONLY),6,782482,T intersection,3,60,Arterial Highway,UNNAMED,YARRA RANGES,-37.755486,145.67937,2022,8,August,22,Night,Weekend
T20220019388,2022-08-28,09:30:00,1,Collision with vehicle,7,Sunday,113,RIGHT NEAR (INTERSECTIONS ONLY),1,740181,Y intersection,2,80,Arterial Other,BROADFORD-FLOWERDALE,MURRINDINDI,-37.24445,145.21277,2022,8,August,9,Morning Peak,Weekend
T20220019418,2022-08-28,19:53:00,1,Collision with vehicle,7,Sunday,173,RIGHT OFF CARRIAGEWAY INTO OBJECT/PARKED VEHICLE,3,37204,Cross intersection,3,40,Arterial Other,CHURCH,YARRA,-37.82098,144.99875,2022,8,August,19,Night,Weekend
T20220019378,2022-08-28,13:01:00,1,Collision with vehicle,7,Sunday,131,LEFT REAR,1,779263,T intersection,3,60,Arterial Other,EAST BOUNDARY,GLEN EIRA,-37.934895,145.05646,2022,8,August,13,Midday,Weekend
T20220019390,2022-08-28,11:56:00,6,Vehicle overturned (no collision),7,Sunday,180,OFF CARRIAGEWAY ON RIGHT BEND,1,782475,Not at intersection,3,80,Local Road,HEATH,YARRA RANGES,-37.732666,145.74745,2022,8,August,11,Midday,Weekend
T20220019421,2022-08-28,20:13:00,4,Collision with a fixed object,7,Sunday,181,OFF RIGHT BEND INTO OBJECT/PARKED VEHICLE,3,782469,T intersection,3,60,Local Road,FERNHILL,BAYSIDE,-37.95227,145.00792,2022,8,August,20,Night,Weekend
T20220019394,2022-08-28,13:25:00,4,Collision with a fixed object,7,Sunday,181,OFF RIGHT BEND INTO OBJECT/PARKED VEHICLE,1,728836,Not at intersection,2,100,Local Road,EILDON-JAMIESON,MANSFIELD,-37.28239,146.1085,2022,8,August,13,Midday,Weekend
T20220019433,2022-08-28,12:04:00,1,Collision with vehicle,7,Sunday,110,CROSS TRAFFIC(INTERSECTIONS ONLY),1,53502,Cross intersection,3,80,Arterial Other,CURR,CAMPASPE,-36.3988,144.98236,2022,8,August,12,Midday,Weekend
T20220019422,2022-08-28,19:35:00,1,Collision with vehicle,7,Sunday,121,RIGHT THROUGH,3,36354,T intersection,2,60,Arterial Other,RALEIGH,MARIBYRNONG,-37.768997,144.8867,2022,8,August,19,Night,Weekend
T20220019412,2022-08-28,17:30:00,2,Struck Pedestrian,7,Sunday,102,FAR SIDE. PED HIT BY VEHICLE FROM THE LEFT,2,774882,Not at intersection,3,60,Arterial Other,EASTBOURNE,MORNINGTON PENINSULA,-38.367195,144.87856,2022,8,August,17,Afternoon Peak,Weekend
T20220019398,2022-08-28,12:40:00,2,Struck Pedestrian,7,Sunday,106,VEH STRIKES PED ON FOOTPATH/MEDIAN/TRAFFIC ISLAND.,1,778017,Cross intersection,2,60,Arterial Other,STEPHENSONS,MONASH,-37.88467,145.12737,2022,8,August,12,Midday,Weekend
T20220019413,2022-08-28,16:30:00,2,Struck Pedestrian,7,Sunday,102,FAR SIDE. PED HIT BY VEHICLE FROM THE LEFT,1,750299,Not at intersection,3,50,Local Road,ALDERBARK,HUME,-37.624027,144.87524,2022,8,August,16,Afternoon Peak,Weekend
T20220019423,2022-08-28,20:30:00,1,Collision with vehicle,7,Sunday,134,LANE CHANGE RIGHT (NOT OVERTAKING),3,782468,Not at intersection,3,50,Arterial Other,NICHOLSON,MELBOURNE,-37.79513,144.97536,2022,8,August,20,Night,Weekend
T20220019382,2022-08-28,13:05:00,1,Collision with vehicle,7,Sunday,137,LEFT TURN SIDESWIPE,1,782487,Not at intersection,3,60,Arterial Other,JACKA,PORT PHILLIP,-37.867134,144.97453,2022,8,August,13,Midday,Weekend
T20220019510,2022-08-29,16:00:00,2,Struck Pedestrian,1,Monday,104,PED WALKING WITH TRAFFIC,1,724679,Not at intersection,3,50,Local Road,LIGAR,COLAC OTWAY,-38.335823,143.57692,2022,8,August,16,Afternoon Peak,Weekday
T20220019500,2022-08-29,15:45:00,1,Collision with vehicle,1,Monday,130,REAR END(VEHICLES IN SAME LANE),1,774885,Not at intersection,3,60,Arterial Other,NARRE WARREN,CASEY,-38.09375,145.29362,2022,8,August,15,Afternoon Peak,Weekday
T20220019466,2022-08-29,11:27:00,1,Collision with vehicle,1,Monday,120,HEAD ON (NOT OVERTAKING),1,724935,Not at intersection,2,60,Local Road,LIGHTWOOD,DANDENONG,-37.955585,145.16101,2022,8,August,11,Midday,Weekday
T20220020544,2022-08-29,05:40:00,1,Collision with vehicle,1,Monday,130,REAR END(VEHICLES IN SAME LANE),2,726143,Cross intersection,2,70,Arterial Other,CANTERBURY,MAROONDAH,-37.82603,145.28749,2022,8,August,5,Morning Peak,Weekday
T20220019488,2022-08-29,16:00:00,1,Collision with vehicle,1,Monday,147,VEHICLE STRIKES ANOTHER VEH WHILE EMERGING FROM DRIVEWAY,1,726938,Not at intersection,3,50,Local Road,KING EDWARD,BRIMBANK,-37.782246,144.8259,2022,8,August,16,Afternoon Peak,Weekday
T20220019457,2022-08-29,11:25:00,6,Vehicle overturned (no collision),1,Monday,174,OUT OF CONTROL ON CARRIAGEWAY (ON STRAIGHT),1,782524,Not at intersection,3,40,Arterial Other,VICTORIA,YARRA,-37.81107,145.0057,2022,8,August,11,Midday,Weekday
T20220019507,2022-08-29,18:21:00,4,Collision with a fixed object,1,Monday,181,OFF RIGHT BEND INTO OBJECT/PARKED VEHICLE,5,726218,Not at intersection,2,100,Freeway,MORNINGTON PENINSULA,MORNINGTON PENINSULA,-38.270657,145.07028,2022,8,August,18,Afternoon Peak,Weekday
T20220019496,2022-08-29,15:38:00,1,Collision with vehicle,1,Monday,140,U TURN,1,46275,T intersection,2,80,Arterial Highway,WARBURTON,YARRA RANGES,-37.786884,145.5472,2022,8,August,15,Afternoon Peak,Weekday
T20220019511,2022-08-29,18:16:00,6,Vehicle overturned (no collision),1,Monday,174,OUT OF CONTROL ON CARRIAGEWAY (ON STRAIGHT),3,782499,Not at intersection,3,40,Local Road,SWANSTON,MELBOURNE,-37.81814,144.96776,2022,8,August,18,Afternoon Peak,Weekday
T20220019514,2022-08-29,14:40:00,1,Collision with vehicle,1,Monday,116,LEFT NEAR (INTERSECTIONS ONLY),1,703581,T intersection,3,80,Arterial Other,PAKENHAM,CARDINIA,-38.061844,145.47183,2022,8,August,14,Midday,Weekday
T20220019495,2022-08-29,16:19:00,6,Vehicle overturned (no collision),1,Monday,174,OUT OF CONTROL ON CARRIAGEWAY (ON STRAIGHT),1,783931,Cross intersection,3,40,Local Road,QUEEN,MELBOURNE,-37.81797,144.96205,2022,8,August,16,Afternoon Peak,Weekday
T20220019475,2022-08-29,13:25:00,1,Collision with vehicle,1,Monday,134,LANE CHANGE RIGHT (NOT OVERTAKING),1,54196,T intersection,3,80,Freeway,MONASH,MONASH,-37.911034,145.164,2022,8,August,13,Midday,Weekday
T20220019476,2022-08-29,08:54:00,1,Collision with vehicle,1,Monday,130,REAR END(VEHICLES IN SAME LANE),1,773162,Cross intersection,2,50,Local Road,ELEVATION,HUME,-37.600918,144.89813,2022,8,August,8,Morning Peak,Weekday
T20220019502,2022-08-29,15:40:00,1,Collision with vehicle,1,Monday,130,REAR END(VEHICLES IN SAME LANE),1,723833,Not at intersection,2,80,Freeway,CALDER,BRIMBANK,-37.70946,144.82426,2022,8,August,15,Afternoon Peak,Weekday
T20220019480,2022-08-29,15:20:00,1,Collision with vehicle,1,Monday,140,U TURN,1,785951,Not at intersection,2,100,Arterial Highway,PRINCES HIGHWAY,SURF COAST,-38.212715,144.1747,2022,8,August,15,Afternoon Peak,Weekday
T20220019459,2022-08-29,09:53:00,1,Collision with vehicle,1,Monday,120,HEAD ON (NOT OVERTAKING),1,782512,T intersection,3,60,Arterial Other,MCDONALD,BRIMBANK,-37.809032,144.84813,2022,8,August,9,Morning Peak,Weekday
T20220019497,2022-08-29,16:48:00,1,Collision with vehicle,1,Monday,137,LEFT TURN SIDESWIPE,2,1015,Cross intersection,2,40,Arterial Other,CLYDE,CASEY,-38.05993,145.33846,2022,8,August,16,Afternoon Peak,Weekday
T20220019492,2022-08-29,14:55:00,4,Collision with a fixed object,1,Monday,171,LEFT OFF CARRIAGEWAY INTO OBJECT/PARKED VEHICLE,1,728813,Not at intersection,2,100,Arterial Highway,GLENELG,SOUTHERN GRAMPIANS,-37.638027,142.59413,2022,8,August,14,Midday,Weekday
T20220023921,2022-08-29,14:30:00,1,Collision with vehicle,1,Monday,120,HEAD ON (NOT OVERTAKING),1,731124,T intersection,3,60,Arterial Other,VINEYARD,MELTON,-37.62253,144.70515,2022,8,August,14,Midday,Weekday
T20220019455,2022-08-29,10:30:00,4,Collision with a fixed object,1,Monday,181,OFF RIGHT BEND INTO OBJECT/PARKED VEHICLE,1,768007,Not at intersection,2,100,Local Road,KING PARROT CREEK,MURRINDINDI,-37.21922,145.22238,2022,8,August,10,Midday,Weekday
T20220019454,2022-08-29,10:30:00,1,Collision with vehicle,1,Monday,130,REAR END(VEHICLES IN SAME LANE),1,48653,Cross intersection,3,60,Local Road,BULMANS,MELTON,-37.685616,144.54951,2022,8,August,10,Midday,Weekday
T20220019429,2022-08-29,00:02:00,1,Collision with vehicle,1,Monday,113,RIGHT NEAR (INTERSECTIONS ONLY),3,47554,T intersection,3,80,Arterial Highway,SPRINGVALE,MONASH,-37.871616,145.16739,2022,8,August,0,Late Night,Weekday
T20220019589,2022-08-29,08:15:00,1,Collision with vehicle,1,Monday,163,VEHICLE STRIKES DOOR OF PARKED/STATIONARY VEHICLE,1,724367,Not at intersection,3,40,Local Road,COLLINS,MELBOURNE,-37.819668,144.95207,2022,8,August,8,Morning Peak,Weekday
T20220019487,2022-08-29,14:30:00,1,Collision with vehicle,1,Monday,130,REAR END(VEHICLES IN SAME LANE),1,723564,Not at intersection,3,60,Freeway,HUME,WODONGA,-36.109062,146.90067,2022,8,August,14,Midday,Weekday
T20220019483,2022-08-29,14:50:00,1,Collision with vehicle,1,Monday,121,RIGHT THROUGH,1,233759,Cross intersection,2,70,Arterial Highway,DANDENONG,STONNINGTON,-37.862553,145.0195,2022,8,August,14,Midday,Weekday
T20220019549,2022-08-29,13:00:00,5,collision with some other object,1,Monday,166,STRUCK OBJECT ON CARRIAGEWAY,1,723227,Not at intersection,2,80,Arterial Other,WILLOW GROVE,BAW BAW,-37.904476,146.10374,2022,8,August,13,Midday,Weekday
T20220019554,2022-08-29,15:55:00,1,Collision with vehicle,1,Monday,130,REAR END(VEHICLES IN SAME LANE),1,735412,Not at intersection,2,80,Arterial Highway,NORTHERN,MITCHELL,-37.42799,144.97823,2022,8,August,15,Afternoon Peak,Weekday
T20220020245,2022-08-29,10:55:00,2,Struck Pedestrian,1,Monday,106,VEH STRIKES PED ON FOOTPATH/MEDIAN/TRAFFIC ISLAND.,1,782493,Not at intersection,3,30,Local Road,BOURKE,MELBOURNE,-37.81302,144.96738,2022,8,August,10,Midday,Weekday
T20220020218,2022-08-29,16:55:00,1,Collision with vehicle,1,Monday,134,LANE CHANGE RIGHT (NOT OVERTAKING),1,724361,Not at intersection,3,100,Freeway,METROPOLITAN RING,WHITTLESEA,-37.686226,145.00943,2022,8,August,16,Afternoon Peak,Weekday
T20220019443,2022-08-29,09:05:00,2,Struck Pedestrian,1,Monday,100,PED NEAR SIDE. PED HIT BY VEHICLE FROM THE RIGHT.,1,782501,Not at intersection,3,40,Arterial Other,SYDNEY,MORELAND,-37.742462,144.9664,2022,8,August,9,Morning Peak,Weekday
T20220019518,2022-08-29,23:00:00,4,Collision with a fixed object,1,Monday,181,OFF RIGHT BEND INTO OBJECT/PARKED VEHICLE,3,194987,Not at intersection,2,60,Arterial Other,PASCOE VALE,MORELAND,-37.71437,144.91748,2022,8,August,23,Night,Weekday
T20220019439,2022-08-29,08:30:00,1,Collision with vehicle,1,Monday,130,REAR END(VEHICLES IN SAME LANE),1,90639,Not at intersection,2,40,Arterial Other,BARKLY,PORT PHILLIP,-37.8695,144.98077,2022,8,August,8,Morning Peak,Weekday
T20220019735,2022-08-29,16:00:00,1,Collision with vehicle,1,Monday,113,RIGHT NEAR (INTERSECTIONS ONLY),9,42913,Cross intersection,3,60,Local Road,CORRIGAN,DANDENONG,-37.96796,145.16782,2022,8,August,16,Afternoon Peak,Weekday
T20220019704,2022-08-30,18:01:00,8,No collision and no object struck,2,Tuesday,170,OFF CARRIAGEWAY TO LEFT,2,744289,Not at intersection,2,100,Arterial Highway,HAMILTON,SOUTHERN GRAMPIANS,-37.759396,142.05582,2022,8,August,18,Afternoon Peak,Weekday
T20220019573,2022-08-30,14:30:00,1,Collision with vehicle,2,Tuesday,135,LANE CHANGE LEFT (NOT OVERTAKING),1,725840,Not at intersection,3,100,Freeway,MONASH,MONASH,-37.884853,145.09738,2022,8,August,14,Midday,Weekday
T20220019921,2022-08-30,18:15:00,1,Collision with vehicle,2,Tuesday,130,REAR END(VEHICLES IN SAME LANE),3,640009,T intersection,3,60,Freeway,PLENTY,NILLUMBIK,-37.6865,145.068,2022,8,August,18,Afternoon Peak,Weekday
T20220022810,2022-08-30,21:15:00,4,Collision with a fixed object,2,Tuesday,173,RIGHT OFF CARRIAGEWAY INTO OBJECT/PARKED VEHICLE,3,38785,T intersection,3,60,Arterial Highway,BALLARAT,MARIBYRNONG,-37.79497,144.90431,2022,8,August,21,Night,Weekday
T20220023755,2022-08-30,22:49:00,8,No collision and no object struck,2,Tuesday,170,OFF CARRIAGEWAY TO LEFT,5,730369,Not at intersection,3,100,Arterial Other,BRIDGEWATER-SERPENTINE,LODDON,-36.461285,143.9648,2022,8,August,22,Night,Weekday
T20220026409,2022-08-30,14:10:00,1,Collision with vehicle,2,Tuesday,110,CROSS TRAFFIC(INTERSECTIONS ONLY),1,39216,Cross intersection,3,60,Local Road,MONT ALBERT,BOROONDARA,-37.820465,145.09831,2022,8,August,14,Midday,Weekday
T20220019528,2022-08-30,08:12:00,1,Collision with vehicle,2,Tuesday,110,CROSS TRAFFIC(INTERSECTIONS ONLY),1,244394,Cross intersection,3,80,Arterial Other,CIVIC DRIVE -GREENSBOROUGH,NILLUMBIK,-37.688972,145.11295,2022,8,August,8,Morning Peak,Weekday
T20220019532,2022-08-30,08:58:00,2,Struck Pedestrian,2,Tuesday,103,PED PLAYING/LYING/WORKING/STANDING ON CARRIAGEWAY.,1,723279,Not at intersection,2,40,Local Road,ST KILDA,MELBOURNE,-37.822163,144.9696,2022,8,August,8,Morning Peak,Weekday
T20220019537,2022-08-30,07:15:00,4,Collision with a fixed object,2,Tuesday,171,LEFT OFF CARRIAGEWAY INTO OBJECT/PARKED VEHICLE,1,723496,Not at intersection,2,80,Local Road,CUMMINGS,MOORABOOL,-37.712646,144.44524,2022,8,August,7,Morning Peak,Weekday
T20220020277,2022-08-30,18:00:00,1,Collision with vehicle,2,Tuesday,130,REAR END(VEHICLES IN SAME LANE),9,724573,Not at intersection,2,80,Freeway,TULLAMARINE,MOONEE VALLEY,-37.73014,144.89052,2022,8,August,18,Afternoon Peak,Weekday
T20220019543,2022-08-30,10:30:00,2,Struck Pedestrian,2,Tuesday,107,PED ON FOOTHPATH STRUCK BY VEHENTERING/LEAVING DRIVEWAY.,1,782526,Not at intersection,3,40,Local Road,BOGONG HIGH PLAINS,(FALLS CREEK),-36.863213,147.28065,2022,8,August,10,Midday,Weekday
T20220019517,2022-08-30,01:12:00,1,Collision with vehicle,2,Tuesday,160,VEHICLE COLLIDES WITH VEHICLE PARKED ON LEFT OF ROAD,3,780338,Not at intersection,3,60,Arterial Other,MILLEARA,MOONEE VALLEY,-37.732372,144.86517,2022,8,August,1,Late Night,Weekday
T20220020037,2022-08-30,08:45:00,1,Collision with vehicle,2,Tuesday,160,VEHICLE COLLIDES WITH VEHICLE PARKED ON LEFT OF ROAD,1,754140,Not at intersection,3,50,Local Road,PRIDE,SURF COAST,-38.334923,144.3234,2022,8,August,8,Morning Peak,Weekday
T20220019544,2022-08-30,09:40:00,4,Collision with a fixed object,2,Tuesday,173,RIGHT OFF CARRIAGEWAY INTO OBJECT/PARKED VEHICLE,1,758144,Not at intersection,2,70,Arterial Highway,BURWOOD,WHITEHORSE,-37.850685,145.11975,2022,8,August,9,Morning Peak,Weekday
T20220024628,2022-08-30,17:30:00,1,Collision with vehicle,2,Tuesday,134,LANE CHANGE RIGHT (NOT OVERTAKING),1,733274,Not at intersection,3,100,Freeway,TULLAMARINE,HUME,-37.696888,144.88695,2022,8,August,17,Afternoon Peak,Weekday
T20220019574,2022-08-30,15:21:00,1,Collision with vehicle,2,Tuesday,121,RIGHT THROUGH,1,727143,T intersection,2,80,Arterial Highway,MAROONDAH,MAROONDAH,-37.791348,145.26334,2022,8,August,15,Afternoon Peak,Weekday
T20220019524,2022-08-30,03:21:00,4,Collision with a fixed object,2,Tuesday,171,LEFT OFF CARRIAGEWAY INTO OBJECT/PARKED VEHICLE,5,727748,Not at intersection,3,100,Arterial Highway,WESTERN,NORTHERN GRAMPIANS,-37.140003,142.8353,2022,8,August,3,Late Night,Weekday
T20220019558,2022-08-30,12:30:00,4,Collision with a fixed object,2,Tuesday,173,RIGHT OFF CARRIAGEWAY INTO OBJECT/PARKED VEHICLE,1,780279,Not at intersection,3,50,Local Road,HAUGHTON,MONASH,-37.92234,145.11702,2022,8,August,12,Midday,Weekday
T20220019575,2022-08-30,15:37:00,1,Collision with vehicle,2,Tuesday,110,CROSS TRAFFIC(INTERSECTIONS ONLY),1,29377,Cross intersection,3,60,Arterial Other,KING,MELBOURNE,-37.805504,144.94865,2022,8,August,15,Afternoon Peak,Weekday
T20220019560,2022-08-30,08:30:00,1,Collision with vehicle,2,Tuesday,121,RIGHT THROUGH,1,243891,Not at intersection,3,40,Local Road,LONSDALE,MELBOURNE,-37.80992,144.97037,2022,8,August,8,Morning Peak,Weekday
T20220019580,2022-08-30,15:45:00,1,Collision with vehicle,2,Tuesday,130,REAR END(VEHICLES IN SAME LANE),1,753234,Not at intersection,3,60,Local Road,CLOW,DANDENONG,-37.985893,145.22328,2022,8,August,15,Afternoon Peak,Weekday
T20220019562,2022-08-30,14:03:00,1,Collision with vehicle,2,Tuesday,120,HEAD ON (NOT OVERTAKING),1,740078,Not at intersection,2,60,Arterial Other,GORGE,WHITTLESEA,-37.650745,145.10295,2022,8,August,14,Midday,Weekday
T20220019569,2022-08-30,15:55:00,2,Struck Pedestrian,2,Tuesday,102,FAR SIDE. PED HIT BY VEHICLE FROM THE LEFT,1,786044,Not at intersection,2,70,Arterial Highway,DANDENONG,STONNINGTON,-37.85982,145.00844,2022,8,August,15,Afternoon Peak,Weekday
T20220019576,2022-08-30,15:50:00,1,Collision with vehicle,2,Tuesday,130,REAR END(VEHICLES IN SAME LANE),1,779266,Not at intersection,3,80,Arterial Other,MOUNTAIN,KNOX,-37.84453,145.2436,2022,8,August,15,Afternoon Peak,Weekday
T20220019596,2022-08-30,15:06:00,1,Collision with vehicle,2,Tuesday,110,CROSS TRAFFIC(INTERSECTIONS ONLY),1,754133,Cross intersection,2,50,Local Road,GREAT RYRIE,MAROONDAH,-37.831387,145.23734,2022,8,August,15,Afternoon Peak,Weekday
T20220019727,2022-08-30,16:30:00,2,Struck Pedestrian,2,Tuesday,102,FAR SIDE. PED HIT BY VEHICLE FROM THE LEFT,2,786043,T intersection,2,50,Local Road,BONNINGTON,CASEY,-38.080612,145.34877,2022,8,August,16,Afternoon Peak,Weekday
T20220019582,2022-08-30,14:35:00,4,Collision with a fixed object,2,Tuesday,183,OFF LEFT BEND INTO OBJECT/PARKED VEHICLE,1,782466,Not at intersection,3,60,Local Road,LINSELL,CASEY,-38.100983,145.3096,2022,8,August,14,Midday,Weekday
T20220019597,2022-08-30,15:10:00,1,Collision with vehicle,2,Tuesday,134,LANE CHANGE RIGHT (NOT OVERTAKING),1,40858,T intersection,3,80,Arterial Highway,BURWOOD,WHITEHORSE,-37.857723,145.19012,2022,8,August,15,Afternoon Peak,Weekday
T20220019585,2022-08-30,18:13:00,2,Struck Pedestrian,2,Tuesday,100,PED NEAR SIDE. PED HIT BY VEHICLE FROM THE RIGHT.,3,782527,Not at intersection,3,40,Arterial Highway,NEPEAN,KINGSTON,-38.054276,145.11687,2022,8,August,18,Afternoon Peak,Weekday
T20220019631,2022-08-30,17:20:00,4,Collision with a fixed object,2,Tuesday,173,RIGHT OFF CARRIAGEWAY INTO OBJECT/PARKED VEHICLE,1,782534,Not at intersection,3,100,Freeway,MORNINGTON PENINSULA,MORNINGTON PENINSULA,-38.288956,145.04637,2022,8,August,17,Afternoon Peak,Weekday
T20220019600,2022-08-30,15:30:00,1,Collision with vehicle,2,Tuesday,130,REAR END(VEHICLES IN SAME LANE),1,723162,Not at intersection,1,60,Local Road,BULLA-DIGGERS REST,HUME,-37.63363,144.75087,2022,8,August,15,Afternoon Peak,Weekday
T20220019607,2022-08-30,18:42:00,1,Collision with vehicle,2,Tuesday,120,HEAD ON (NOT OVERTAKING),5,723157,T intersection,1,100,Arterial Highway,SUNRAYSIA,PYRENEES,-37.126453,143.49802,2022,8,August,18,Afternoon Peak,Weekday
T20220019608,2022-08-30,22:15:00,1,Collision with vehicle,2,Tuesday,121,RIGHT THROUGH,3,33759,Cross intersection,3,60,Arterial Highway,DANDENONG,GLEN EIRA,-37.884743,145.06744,2022,8,August,22,Night,Weekday
T20220019627,2022-08-31,10:06:00,1,Collision with vehicle,3,Wednesday,140,U TURN,1,37286,T intersection,2,40,Arterial Other,BRIDGE,YARRA,-37.81932,145.0065,2022,8,August,10,Midday,Weekday
T20220021114,2022-08-31,18:20:00,1,Collision with vehicle,3,Wednesday,113,RIGHT NEAR (INTERSECTIONS ONLY),3,44044,T intersection,3,60,Arterial Other,SPRING,DAREBIN,-37.720436,145.004,2022,8,August,18,Afternoon Peak,Weekday
T20220019646,2022-08-31,09:10:00,1,Collision with vehicle,3,Wednesday,130,REAR END(VEHICLES IN SAME LANE),1,278509,Cross intersection,3,60,Arterial Highway,SURF COAST,SURF COAST,-38.307785,144.32024,2022,8,August,9,Morning Peak,Weekday
T20220021708,2022-08-31,08:57:00,1,Collision with vehicle,3,Wednesday,147,VEHICLE STRIKES ANOTHER VEH WHILE EMERGING FROM DRIVEWAY,1,782556,Not at intersection,3,60,Arterial Other,WAVERLEY,MONASH,-37.8826,145.10966,2022,8,August,8,Morning Peak,Weekday
T20220019852,2022-08-31,14:15:00,1,Collision with vehicle,3,Wednesday,133,LANE SIDE SWIPE (VEHICLES IN PARALLEL LANES),1,782550,Not at intersection,3,100,Freeway,WESTERN RING,WYNDHAM,-37.8205,144.81009,2022,8,August,14,Midday,Weekday
T20220019841,2022-08-31,06:28:00,1,Collision with vehicle,3,Wednesday,116,LEFT NEAR (INTERSECTIONS ONLY),1,723974,T intersection,3,70,Local Road,GALLOWAY,MAROONDAH,-37.82544,145.29059,2022,8,August,6,Morning Peak,Weekday
T20220020595,2022-08-31,06:45:00,6,Vehicle overturned (no collision),3,Wednesday,174,OUT OF CONTROL ON CARRIAGEWAY (ON STRAIGHT),3,724797,Cross intersection,2,50,Local Road,ORMOND,CASEY,-38.059757,145.29092,2022,8,August,6,Morning Peak,Weekday
T20220019610,2022-08-31,04:05:00,4,Collision with a fixed object,3,Wednesday,173,RIGHT OFF CARRIAGEWAY INTO OBJECT/PARKED VEHICLE,5,723497,Not at intersection,3,100,Arterial Highway,CALDER,BENDIGO,-36.877563,144.21356,2022,8,August,4,Late Night,Weekday
T20220020018,2022-08-31,14:51:00,1,Collision with vehicle,3,Wednesday,141,U TURN INTO FIXED OBJECT/PARKED VEHICLE,1,745389,Not at intersection,3,50,Local Road,SPRING,KNOX,-37.887817,145.29318,2022,8,August,14,Midday,Weekday
T20220027032,2022-08-31,19:10:00,1,Collision with vehicle,3,Wednesday,130,REAR END(VEHICLES IN SAME LANE),2,35345,Cross intersection,3,80,Arterial Highway,PRINCES,CASEY,-38.008686,145.2786,2022,8,August,19,Night,Weekday
T20220019616,2022-08-31,07:15:00,1,Collision with vehicle,3,Wednesday,113,RIGHT NEAR (INTERSECTIONS ONLY),1,57599,Multiple intersection,3,60,Arterial Other,BLUFF,BAYSIDE,-37.975494,145.01591,2022,8,August,7,Morning Peak,Weekday
T20220019617,2022-08-31,06:28:00,1,Collision with vehicle,3,Wednesday,121,RIGHT THROUGH,1,37626,T intersection,2,60,Arterial Highway,PUNT,STONNINGTON,-37.83306,144.9876,2022,8,August,6,Morning Peak,Weekday
T20220019619,2022-08-31,07:00:00,1,Collision with vehicle,3,Wednesday,116,LEFT NEAR (INTERSECTIONS ONLY),2,723334,T intersection,3,80,Arterial Other,THOMPSONS,CASEY,-38.08164,145.27156,2022,8,August,7,Morning Peak,Weekday
T20220019622,2022-08-31,06:35:00,1,Collision with vehicle,3,Wednesday,160,VEHICLE COLLIDES WITH VEHICLE PARKED ON LEFT OF ROAD,1,723335,T intersection,3,50,Local Road,MT PLEASANT,GEELONG,-38.170986,144.34555,2022,8,August,6,Morning Peak,Weekday
T20220019624,2022-08-31,07:10:00,1,Collision with vehicle,3,Wednesday,116,LEFT NEAR (INTERSECTIONS ONLY),1,61203,Cross intersection,3,60,Arterial Other,HIGH,WHITTLESEA,-37.647366,145.02611,2022,8,August,7,Morning Peak,Weekday
T20220019629,2022-08-31,06:50:00,6,Vehicle overturned (no collision),3,Wednesday,174,OUT OF CONTROL ON CARRIAGEWAY (ON STRAIGHT),1,658325,Not at intersection,2,70,Arterial Highway,ANAKIE,GEELONG,-38.115936,144.33044,2022,8,August,6,Morning Peak,Weekday
T20220019630,2022-08-31,05:45:00,1,Collision with vehicle,3,Wednesday,131,LEFT REAR,6,779238,Cross intersection,3,60,Arterial Other,STATION,BRIMBANK,-37.752598,144.77794,2022,8,August,5,Morning Peak,Weekday
T20220019632,2022-08-31,10:27:00,1,Collision with vehicle,3,Wednesday,130,REAR END(VEHICLES IN SAME LANE),1,323817,Not at intersection,2,60,Arterial Other,ALBERT,DAREBIN,-37.75325,145.02081,2022,8,August,10,Midday,Weekday
T20220019634,2022-08-31,10:55:00,1,Collision with vehicle,3,Wednesday,121,RIGHT THROUGH,1,68743,T intersection,2,80,Arterial Highway,BURWOOD,KNOX,-37.893402,145.31311,2022,8,August,10,Midday,Weekday