ACCIDENT_NO,ACCIDENT_DATE,ACCIDENT_TIME,ACCIDENT_TYPE,ACCIDENT_TYPE_DESC,DAY_OF_WEEK,DAY_WEEK_DESC,DCA_CODE,DCA_DESC,LIGHT_CONDITION,NODE_ID,ROAD_GEOMETRY_DESC,SEVERITY,SPEED_ZONE,RMA,ROAD_NAME,LGA_NAME,LATITUDE,LONGITUDE,YEAR,MONTH,MONTH_NAME,HOUR,TIME_PERIOD,DAY_TYPE
T20220019635,2022-08-31,10:35:00,1,Collision with vehicle,3,Wednesday,110,CROSS TRAFFIC(INTERSECTIONS ONLY),1,41066,Cross intersection,3,60,Arterial Other,MOUNTAIN,KNOX,-37.849987,145.30702,2022,8,August,10,Midday,Weekday
T20220019636,2022-08-31,07:50:00,1,Collision with vehicle,3,Wednesday,119,OTHER ADJACENT (INTERSECTIONS ONLY),1,59856,Cross intersection,3,60,Arterial Highway,HIGH,BENDIGO,-36.791306,144.24432,2022,8,August,7,Morning Peak,Weekday
T20220019638,2022-08-31,11:10:00,1,Collision with vehicle,3,Wednesday,121,RIGHT THROUGH,1,723566,Not at intersection,2,60,Arterial Highway,HIGH,BENDIGO,-36.78878,144.24515,2022,8,August,11,Midday,Weekday
T20220019642,2022-08-31,11:30:00,1,Collision with vehicle,3,Wednesday,121,RIGHT THROUGH,1,61926,Cross intersection,3,60,Arterial Highway,GLENELG HIGHWAY -MONTGOMERY,CORANGAMITE,-37.68641,143.37018,2022,8,August,11,Midday,Weekday
T20220019643,2022-08-31,13:15:00,1,Collision with vehicle,3,Wednesday,130,REAR END(VEHICLES IN SAME LANE),1,774801,Not at intersection,3,60,Local Road,MOORABOOL,GEELONG,-38.15421,144.35754,2022,8,August,13,Midday,Weekday
T20220020685,2022-08-31,05:45:00,1,Collision with vehicle,3,Wednesday,130,REAR END(VEHICLES IN SAME LANE),6,37052,Cross intersection,3,70,Arterial Highway,HODDLE,YARRA,-37.809612,144.99138,2022,8,August,5,Morning Peak,Weekday
T20220020402,2022-08-31,14:30:00,1,Collision with vehicle,3,Wednesday,130,REAR END(VEHICLES IN SAME LANE),1,121298,Not at intersection,3,60,Arterial Other,WATTLETREE,STONNINGTON,-37.862267,145.0275,2022,8,August,14,Midday,Weekday
T20220019649,2022-08-31,13:19:00,1,Collision with vehicle,3,Wednesday,130,REAR END(VEHICLES IN SAME LANE),1,723358,Not at intersection,3,60,Arterial Other,GILLIES,BALLARAT,-37.550484,143.82007,2022,8,August,13,Midday,Weekday
T20220019650,2022-08-31,10:30:00,1,Collision with vehicle,3,Wednesday,130,REAR END(VEHICLES IN SAME LANE),1,779244,Not at intersection,3,80,Freeway,WEST GATE IN-MONTAGUE,MELBOURNE,-37.82596,144.94685,2022,8,August,10,Midday,Weekday
T20220019652,2022-08-31,12:15:00,1,Collision with vehicle,3,Wednesday,121,RIGHT THROUGH,1,102689,Cross intersection,2,80,Arterial Highway,SOUTH GIPPSLAND,DANDENONG,-38.000668,145.22559,2022,8,August,12,Midday,Weekday
T20220019653,2022-08-31,10:45:00,1,Collision with vehicle,3,Wednesday,120,HEAD ON (NOT OVERTAKING),1,731102,Not at intersection,2,80,Local Road,EXFORD,MELTON,-37.74018,144.5767,2022,8,August,10,Midday,Weekday
T20220019655,2022-08-31,14:20:00,2,Struck Pedestrian,3,Wednesday,100,PED NEAR SIDE. PED HIT BY VEHICLE FROM THE RIGHT.,1,37695,T intersection,3,40,Local Road,BARRY,STONNINGTON,-37.845257,144.99446,2022,8,August,14,Midday,Weekday
T20220019656,2022-08-31,15:40:00,2,Struck Pedestrian,3,Wednesday,100,PED NEAR SIDE. PED HIT BY VEHICLE FROM THE RIGHT.,1,60935,T intersection,3,50,Arterial Other,MACEDON,HUME,-37.57807,144.73276,2022,8,August,15,Afternoon Peak,Weekday
T20220019657,2022-08-31,15:26:00,1,Collision with vehicle,3,Wednesday,113,RIGHT NEAR (INTERSECTIONS ONLY),1,70325,T intersection,3,60,Arterial Highway,WARRIGAL,KINGSTON,-37.96998,145.0737,2022,8,August,15,Afternoon Peak,Weekday
T20220019661,2022-08-31,13:40:00,4,Collision with a fixed object,3,Wednesday,181,OFF RIGHT BEND INTO OBJECT/PARKED VEHICLE,1,343622,Not at intersection,2,100,Arterial Other,GEMBROOK-LAUNCHING PLACE,CARDINIA,-37.90822,145.591,2022,8,August,13,Midday,Weekday
T20220019662,2022-08-31,08:00:00,1,Collision with vehicle,3,Wednesday,132,RIGHT REAR.,9,236625,Cross intersection,3,50,Local Road,DARLING,MOONEE VALLEY,-37.768314,144.91078,2022,8,August,8,Morning Peak,Weekday
T20220019671,2022-08-31,17:11:00,1,Collision with vehicle,3,Wednesday,132,RIGHT REAR.,1,1191,T intersection,2,40,Local Road,BARWON HEADS,GEELONG,-38.17165,144.3507,2022,8,August,17,Afternoon Peak,Weekday
T20220019672,2022-08-31,15:30:00,1,Collision with vehicle,3,Wednesday,130,REAR END(VEHICLES IN SAME LANE),1,724226,Not at intersection,3,80,Arterial Other,WOODS POINT,YARRA RANGES,-37.721977,145.7871,2022,8,August,15,Afternoon Peak,Weekday
T20220019673,2022-08-31,17:15:00,1,Collision with vehicle,3,Wednesday,130,REAR END(VEHICLES IN SAME LANE),1,774802,Not at intersection,2,60,Local Road,ROBINSONS,FRANKSTON,-38.17714,145.16275,2022,8,August,17,Afternoon Peak,Weekday
T20220019674,2022-08-31,16:32:00,2,Struck Pedestrian,3,Wednesday,100,PED NEAR SIDE. PED HIT BY VEHICLE FROM THE RIGHT.,1,35563,T intersection,3,60,Arterial Other,BLACKBURN,MONASH,-37.890507,145.14494,2022,8,August,16,Afternoon Peak,Weekday
T20220019684,2022-08-31,16:42:00,2,Struck Pedestrian,3,Wednesday,100,PED NEAR SIDE. PED HIT BY VEHICLE FROM THE RIGHT.,1,723288,T intersection,1,60,Local Road,PARKHILL,CASEY,-38.025883,145.32466,2022,8,August,16,Afternoon Peak,Weekday
T20220019686,2022-08-31,05:50:00,1,Collision with vehicle,3,Wednesday,130,REAR END(VEHICLES IN SAME LANE),1,723501,Not at intersection,2,70,Arterial Highway,SETTLEMENT,GEELONG,-38.18233,144.34444,2022,8,August,5,Morning Peak,Weekday
T20220019687,2022-08-31,17:20:00,5,collision with some other object,3,Wednesday,191,LOAD OR MISSILE STRUCK VEHICLE,5,723502,Not at intersection,2,100,Arterial Other,CRESWICK-NEWSTEAD,MOUNT ALEXANDER,-37.19666,144.0183,2022,8,August,17,Afternoon Peak,Weekday
T20220019689,2022-08-31,20:28:00,1,Collision with vehicle,3,Wednesday,130,REAR END(VEHICLES IN SAME LANE),3,734679,T intersection,2,60,Arterial Other,BURWOOD,BOROONDARA,-37.822952,145.03821,2022,8,August,20,Night,Weekday
T20220019692,2022-08-31,15:30:00,1,Collision with vehicle,3,Wednesday,130,REAR END(VEHICLES IN SAME LANE),1,736655,Not at intersection,2,60,Arterial Other,STEPHENSONS,MONASH,-37.874676,145.12923,2022,8,August,15,Afternoon Peak,Weekday
T20220019697,2022-08-31,06:11:00,1,Collision with vehicle,3,Wednesday,130,REAR END(VEHICLES IN SAME LANE),1,735046,Not at intersection,3,60,Arterial Other,HIGH,DAREBIN,-37.707447,145.00919,2022,8,August,6,Morning Peak,Weekday
T20220019722,2022-08-31,07:47:00,1,Collision with vehicle,3,Wednesday,121,RIGHT THROUGH,1,36481,Cross intersection,2,60,Arterial Other,BRUNSWICK,YARRA,-37.78973,144.97992,2022,8,August,7,Morning Peak,Weekday
T20220019746,2022-08-31,21:36:00,1,Collision with vehicle,3,Wednesday,130,REAR END(VEHICLES IN SAME LANE),3,742901,Not at intersection,3,80,Arterial Highway,MELBA,MURRINDINDI,-37.4201,145.42549,2022,8,August,21,Night,Weekday
T20220020113,2022-08-31,13:00:00,1,Collision with vehicle,3,Wednesday,114,TWO RIGHT TURNING (INTERSECTIONS ONLY),1,44780,Cross intersection,3,60,Arterial Highway,HIGH,BENDIGO,-36.914764,144.70079,2022,8,August,13,Midday,Weekday
T20220022824,2022-08-31,08:53:00,1,Collision with vehicle,3,Wednesday,130,REAR END(VEHICLES IN SAME LANE),1,779236,Not at intersection,3,70,Arterial Other,CANTERBURY,MAROONDAH,-37.829914,145.27649,2022,8,August,8,Morning Peak,Weekday
T20220019768,2022-09-01,15:55:00,2,Struck Pedestrian,4,Thursday,106,VEH STRIKES PED ON FOOTPATH/MEDIAN/TRAFFIC ISLAND.,1,724366,Not at intersection,3,50,Local Road,ALKIRA,GEELONG,-38.09362,144.35149,2022,9,September,15,Afternoon Peak,Weekday
T20220019753,2022-09-01,15:20:00,1,Collision with vehicle,4,Thursday,110,CROSS TRAFFIC(INTERSECTIONS ONLY),1,53502,Cross intersection,3,80,Arterial Other,CURR,CAMPASPE,-36.3988,144.98236,2022,9,September,15,Afternoon Peak,Weekday
T20220019739,2022-09-01,12:45:00,2,Struck Pedestrian,4,Thursday,102,FAR SIDE. PED HIT BY VEHICLE FROM THE LEFT,1,727275,Not at intersection,2,50,Arterial Highway,MANIFOLD,CORANGAMITE,-38.23254,143.14677,2022,9,September,12,Midday,Weekday
T20220021782,2022-09-01,09:15:00,1,Collision with vehicle,4,Thursday,113,RIGHT NEAR (INTERSECTIONS ONLY),1,37905,T intersection,3,50,Local Road,ARTHURTON,DAREBIN,-37.768898,144.9953,2022,9,September,9,Morning Peak,Weekday
T20220019715,2022-09-01,07:15:00,6,Vehicle overturned (no collision),4,Thursday,184,OUT OF CONTROL ON CARRIAGEWAY (ON BEND),1,723504,Multiple intersection,2,60,Freeway,2500F 5010B,GEELONG,-38.21809,144.28802,2022,9,September,7,Morning Peak,Weekday
T20220019700,2022-09-01,02:40:00,4,Collision with a fixed object,4,Thursday,183,OFF LEFT BEND INTO OBJECT/PARKED VEHICLE,3,723567,T intersection,2,60,Local Road,PROHASKY,PORT PHILLIP,-37.833874,144.91924,2022,9,September,2,Late Night,Weekday
T20220019778,2022-09-01,19:54:00,1,Collision with vehicle,4,Thursday,160,VEHICLE COLLIDES WITH VEHICLE PARKED ON LEFT OF ROAD,3,726568,Not at intersection,2,60,Local Road,BRADFORD,MORNINGTON PENINSULA,-38.298317,144.9922,2022,9,September,19,Night,Weekday
T20220019701,2022-09-01,02:29:00,4,Collision with a fixed object,4,Thursday,181,OFF RIGHT BEND INTO OBJECT/PARKED VEHICLE,3,782574,Not at intersection,3,60,Arterial Other,BRUNTON,MELBOURNE,-37.81855,144.97878,2022,9,September,2,Late Night,Weekday
T20220019703,2022-09-01,04:00:00,1,Collision with vehicle,4,Thursday,173,RIGHT OFF CARRIAGEWAY INTO OBJECT/PARKED VEHICLE,3,774887,Not at intersection,2,50,Local Road,PROGRESS,NILLUMBIK,-37.700954,145.13757,2022,9,September,4,Late Night,Weekday
T20220019807,2022-09-01,15:40:00,1,Collision with vehicle,4,Thursday,130,REAR END(VEHICLES IN SAME LANE),1,723634,Not at intersection,3,60,Local Road,HEYERS,GEELONG,-38.208553,144.3397,2022,9,September,15,Afternoon Peak,Weekday
T20220019712,2022-09-01,07:20:00,1,Collision with vehicle,4,Thursday,110,CROSS TRAFFIC(INTERSECTIONS ONLY),1,51776,Cross intersection,3,50,Local Road,OAK,MITCHELL,-37.02436,145.14517,2022,9,September,7,Morning Peak,Weekday
T20220019717,2022-09-01,05:22:00,1,Collision with vehicle,4,Thursday,120,HEAD ON (NOT OVERTAKING),5,724080,Not at intersection,2,70,Arterial Highway,BALLARAT,GEELONG,-38.092674,144.28908,2022,9,September,5,Morning Peak,Weekday
T20220019726,2022-09-01,09:36:00,4,Collision with a fixed object,4,Thursday,146,REVERSING INTO FIXED OBJECT/PARKED VEHICLE,1,782579,Not at intersection,3,50,Local Road,WILSON,BENDIGO,-36.746056,144.2589,2022,9,September,9,Morning Peak,Weekday
T20220019777,2022-09-01,16:19:00,2,Struck Pedestrian,4,Thursday,102,FAR SIDE. PED HIT BY VEHICLE FROM THE LEFT,1,724227,Not at intersection,3,80,Arterial Other,FERNTREE GULLY,KNOX,-37.89912,145.23235,2022,9,September,16,Afternoon Peak,Weekday
T20220019736,2022-09-01,05:13:00,2,Struck Pedestrian,4,Thursday,100,PED NEAR SIDE. PED HIT BY VEHICLE FROM THE RIGHT.,6,299903,Cross intersection,3,50,Local Road,BRIDGE INN,WHITTLESEA,-37.598965,145.08197,2022,9,September,5,Morning Peak,Weekday
T20220019825,2022-09-01,12:30:00,1,Collision with vehicle,4,Thursday,130,REAR END(VEHICLES IN SAME LANE),1,40660,T intersection,3,60,Arterial Other,HIGHBURY,MONASH,-37.855515,145.11398,2022,9,September,12,Midday,Weekday
T20220019791,2022-09-01,22:43:00,1,Collision with vehicle,4,Thursday,160,VEHICLE COLLIDES WITH VEHICLE PARKED ON LEFT OF ROAD,3,727810,Not at intersection,2,50,Local Road,MT BAIMBRIDGE,SOUTHERN GRAMPIANS,-37.729713,142.01402,2022,9,September,22,Night,Weekday
T20220019764,2022-09-01,17:25:00,1,Collision with vehicle,4,Thursday,113,RIGHT NEAR (INTERSECTIONS ONLY),1,37792,T intersection,2,60,Arterial Other,MALVERN,STONNINGTON,-37.850163,145.01889,2022,9,September,17,Afternoon Peak,Weekday
T20220020666,2022-09-01,08:05:00,1,Collision with vehicle,4,Thursday,130,REAR END(VEHICLES IN SAME LANE),1,725492,Not at intersection,3,90,Arterial Other,THOMPSONS,DANDENONG,-38.076874,145.23233,2022,9,September,8,Morning Peak,Weekday
T20220020203,2022-09-01,14:15:00,1,Collision with vehicle,4,Thursday,130,REAR END(VEHICLES IN SAME LANE),1,779254,Cross intersection,3,60,Arterial Highway,DANDENONG,MONASH,-37.893097,145.08823,2022,9,September,14,Midday,Weekday
T20220022327,2022-09-01,08:45:00,1,Collision with vehicle,4,Thursday,132,RIGHT REAR.,1,779252,Not at intersection,3,70,Arterial Other,BALLARAT,BRIMBANK,-37.771168,144.78122,2022,9,September,8,Morning Peak,Weekday
T20220019762,2022-09-01,16:10:00,4,Collision with a fixed object,4,Thursday,183,OFF LEFT BEND INTO OBJECT/PARKED VEHICLE,1,754090,Not at intersection,2,80,Arterial Other,HATTAH-ROBINVALE,SWAN HILL,-34.78813,142.62766,2022,9,September,16,Afternoon Peak,Weekday
T20220019758,2022-09-01,13:40:00,1,Collision with vehicle,4,Thursday,132,RIGHT REAR.,1,39593,T intersection,2,70,Arterial Other,TAYLORS,BRIMBANK,-37.72911,144.81105,2022,9,September,13,Midday,Weekday
T20220019757,2022-09-01,16:26:00,1,Collision with vehicle,4,Thursday,116,LEFT NEAR (INTERSECTIONS ONLY),1,289627,Cross intersection,2,60,Arterial Other,STATION,BRIMBANK,-37.777058,144.77385,2022,9,September,16,Afternoon Peak,Weekday
T20220020232,2022-09-01,22:00:00,1,Collision with vehicle,4,Thursday,129,OTHER OPPOSING MANOEUVRES NOT INCLUDED IN DCAs 120-125.,3,57552,Cross intersection,3,60,Arterial Highway,WARRIGAL,STONNINGTON,-37.892857,145.08824,2022,9,September,22,Night,Weekday
T20220019784,2022-09-01,18:55:00,1,Collision with vehicle,4,Thursday,132,RIGHT REAR.,3,742482,Cross intersection,1,80,Arterial Highway,PRINCES,CORANGAMITE,-38.23674,142.93056,2022,9,September,18,Afternoon Peak,Weekday
T20220021169,2022-09-01,18:10:00,1,Collision with vehicle,4,Thursday,142,LEAVING PARKING,2,303122,Not at intersection,3,40,Arterial Other,CLARENDON,PORT PHILLIP,-37.83039,144.95937,2022,9,September,18,Afternoon Peak,Weekday
T20220019754,2022-09-01,10:30:00,1,Collision with vehicle,4,Thursday,116,LEFT NEAR (INTERSECTIONS ONLY),1,37128,T intersection,2,70,Arterial Other,SOMERTON,HUME,-37.639442,144.91948,2022,9,September,10,Midday,Weekday
T20220023974,2022-09-02,16:05:00,1,Collision with vehicle,5,Friday,130,REAR END(VEHICLES IN SAME LANE),1,779255,Not at intersection,3,80,Arterial Highway,DINGLEY,KINGSTON,-37.956547,145.10388,2022,9,September,16,Afternoon Peak,Weekday
T20220019882,2022-09-02,17:10:00,2,Struck Pedestrian,5,Friday,102,FAR SIDE. PED HIT BY VEHICLE FROM THE LEFT,1,726939,Not at intersection,3,40,Local Road,WATERFIELD,MORELAND,-37.742397,144.9651,2022,9,September,17,Afternoon Peak,Weekday
T20220020828,2022-09-02,22:30:00,8,No collision and no object struck,5,Friday,180,OFF CARRIAGEWAY ON RIGHT BEND,5,725199,Not at intersection,3,100,Arterial Other,FRANKSTON-FLINDERS,MORNINGTON PENINSULA,-38.45082,145.0225,2022,9,September,22,Night,Weekday
T20220019872,2022-09-02,16:15:00,1,Collision with vehicle,5,Friday,120,HEAD ON (NOT OVERTAKING),1,743166,Not at intersection,1,100,Local Road,MURRAYVILLE-NHILL,MILDURA,-35.554794,141.32146,2022,9,September,16,Afternoon Peak,Weekday
T20220019870,2022-09-02,19:35:00,2,Struck Pedestrian,5,Friday,102,FAR SIDE. PED HIT BY VEHICLE FROM THE LEFT,3,723578,T intersection,1,60,Arterial Other,RIVERBEND,WYNDHAM,-37.883575,144.64732,2022,9,September,19,Night,Weekday
T20220019799,2022-09-02,06:08:00,1,Collision with vehicle,5,Friday,163,VEHICLE STRIKES DOOR OF PARKED/STATIONARY VEHICLE,2,786076,Not at intersection,2,40,Arterial Other,CENTRE,GLEN EIRA,-37.920284,145.05232,2022,9,September,6,Morning Peak,Weekday
T20220019809,2022-09-02,07:42:00,1,Collision with vehicle,5,Friday,119,OTHER ADJACENT (INTERSECTIONS ONLY),1,730665,Cross intersection,2,80,Arterial Highway,SOUTH GIPPSLAND,DANDENONG,-38.02676,145.24355,2022,9,September,7,Morning Peak,Weekday
T20220019811,2022-09-02,08:56:00,1,Collision with vehicle,5,Friday,113,RIGHT NEAR (INTERSECTIONS ONLY),1,782600,Y intersection,3,100,Arterial Other,SEYMOUR-TOOBORAC,MITCHELL,-37.018425,145.05003,2022,9,September,8,Morning Peak,Weekday
T20220019822,2022-09-02,11:03:00,1,Collision with vehicle,5,Friday,113,RIGHT NEAR (INTERSECTIONS ONLY),1,53686,T intersection,2,60,Arterial Other,BURNLEY,YARRA,-37.81448,145.00922,2022,9,September,11,Midday,Weekday
T20220019823,2022-09-02,09:35:00,1,Collision with vehicle,5,Friday,130,REAR END(VEHICLES IN SAME LANE),1,3199,Not at intersection,2,100,Freeway,MONASH,MONASH,-37.93622,145.19374,2022,9,September,9,Morning Peak,Weekday
T20220019824,2022-09-02,10:45:00,1,Collision with vehicle,5,Friday,136,RIGHT TURN SIDESWIPE,1,36882,Cross intersection,2,40,Local Road,ABECKETT,MELBOURNE,-37.80925,144.96086,2022,9,September,10,Midday,Weekday
T20220020352,2022-09-02,10:00:00,6,Vehicle overturned (no collision),5,Friday,170,OFF CARRIAGEWAY TO LEFT,1,728508,Not at intersection,3,60,Local Road,MALVERN,KNOX,-37.842827,145.27214,2022,9,September,10,Midday,Weekday
T20220019826,2022-09-02,10:30:00,1,Collision with vehicle,5,Friday,148,VEHICLE OFF FOOTPATH STRIKES VEH ON CARRIAGEWAY,1,289523,Not at intersection,2,50,Local Road,PARK,MELBOURNE,-37.7778,144.9582,2022,9,September,10,Midday,Weekday
T20220019827,2022-09-02,08:10:00,1,Collision with vehicle,5,Friday,112,LEFT FAR (INTERSECTIONS ONLY),1,884,Cross intersection,3,60,Arterial Other,EDITHVALE,KINGSTON,-38.038555,145.10902,2022,9,September,8,Morning Peak,Weekday
T20220019828,2022-09-02,08:40:00,1,Collision with vehicle,5,Friday,110,CROSS TRAFFIC(INTERSECTIONS ONLY),1,38509,Cross intersection,3,50,Local Road,HILMA,BRIMBANK,-37.791286,144.80014,2022,9,September,8,Morning Peak,Weekday
T20220019829,2022-09-02,10:45:00,2,Struck Pedestrian,5,Friday,100,PED NEAR SIDE. PED HIT BY VEHICLE FROM THE RIGHT.,1,741789,Not at intersection,2,60,Local Road,NEALE,BRIMBANK,-37.75222,144.77432,2022,9,September,10,Midday,Weekday
T20220019830,2022-09-02,12:00:00,2,Struck Pedestrian,5,Friday,102,FAR SIDE. PED HIT BY VEHICLE FROM THE LEFT,1,734275,T intersection,3,60,Arterial Other,PASCOE VALE,HUME,-37.683647,144.91833,2022,9,September,12,Midday,Weekday
T20220023536,2022-09-02,10:46:00,1,Collision with vehicle,5,Friday,121,RIGHT THROUGH,1,36825,Cross intersection,3,60,Arterial Other,MONTAGUE,PORT PHILLIP,-37.83017,144.9496,2022,9,September,10,Midday,Weekday
T20220019831,2022-09-02,09:16:00,4,Collision with a fixed object,5,Friday,171,LEFT OFF CARRIAGEWAY INTO OBJECT/PARKED VEHICLE,1,782582,Not at intersection,3,60,Arterial Other,KARINGAL,BANYULE,-37.70814,145.1318,2022,9,September,9,Morning Peak,Weekday
T20220019866,2022-09-02,19:30:00,2,Struck Pedestrian,5,Friday,101,PED EMERGES FROM IN FRONT OF PARKED OR STATIONARY VEHICLE,3,723686,Not at intersection,3,60,Arterial Highway,TORQUAY,GEELONG,-38.208088,144.34009,2022,9,September,19,Night,Weekday
T20220019832,2022-09-02,09:15:00,1,Collision with vehicle,5,Friday,121,RIGHT THROUGH,1,221475,T intersection,3,70,Arterial Other,SYDNEY,MORELAND,-37.706593,144.96103,2022,9,September,9,Morning Peak,Weekday
T20220019861,2022-09-02,16:30:00,2,Struck Pedestrian,5,Friday,100,PED NEAR SIDE. PED HIT BY VEHICLE FROM THE RIGHT.,1,43643,Cross intersection,3,60,Arterial Other,CLYDE,CASEY,-38.03295,145.34334,2022,9,September,16,Afternoon Peak,Weekday
T20220020761,2022-09-02,13:40:00,1,Collision with vehicle,5,Friday,130,REAR END(VEHICLES IN SAME LANE),1,234884,Not at intersection,3,70,Arterial Highway,DANDENONG,STONNINGTON,-37.880913,145.04977,2022,9,September,13,Midday,Weekday
T20220019859,2022-09-02,16:20:00,1,Collision with vehicle,5,Friday,121,RIGHT THROUGH,1,146,Cross intersection,3,60,Arterial Highway,ALEXANDRA,YARRA,-37.79372,144.98517,2022,9,September,16,Afternoon Peak,Weekday
T20220020470,2022-09-02,13:20:00,2,Struck Pedestrian,5,Friday,100,PED NEAR SIDE. PED HIT BY VEHICLE FROM THE RIGHT.,1,36794,Cross intersection,3,40,Arterial Highway,FOOTSCRAY ROAD -WURUNDJERI,MELBOURNE,-37.812824,144.94296,2022,9,September,13,Midday,Weekday
T20220019912,2022-09-02,17:53:00,1,Collision with vehicle,5,Friday,148,VEHICLE OFF FOOTPATH STRIKES VEH ON CARRIAGEWAY,2,38778,Cross intersection,2,50,Local Road,HYDE,MARIBYRNONG,-37.814377,144.89717,2022,9,September,17,Afternoon Peak,Weekday
T20220020133,2022-09-02,14:45:00,1,Collision with vehicle,5,Friday,163,VEHICLE STRIKES DOOR OF PARKED/STATIONARY VEHICLE,9,724233,T intersection,3,60,Local Road,LITTLE BAKERS,DAREBIN,-37.776638,144.99052,2022,9,September,14,Midday,Weekday
T20220019847,2022-09-02,15:00:00,1,Collision with vehicle,5,Friday,134,LANE CHANGE RIGHT (NOT OVERTAKING),1,774807,Not at intersection,2,100,Freeway,WESTERN RING,BRIMBANK,-37.767113,144.81493,2022,9,September,15,Afternoon Peak,Weekday
T20220023250,2022-09-02,16:00:00,1,Collision with vehicle,5,Friday,142,LEAVING PARKING,1,735256,Not at intersection,3,60,Local Road,DUNLOP,WYNDHAM,-37.871452,144.72495,2022,9,September,16,Afternoon Peak,Weekday
T20220019837,2022-09-02,06:30:00,1,Collision with vehicle,5,Friday,133,LANE SIDE SWIPE (VEHICLES IN PARALLEL LANES),2,782604,Not at intersection,3,60,Arterial Other,MORGAN,GEELONG,-38.098675,144.35101,2022,9,September,6,Morning Peak,Weekday
T20220019869,2022-09-02,19:00:00,1,Collision with vehicle,5,Friday,121,RIGHT THROUGH,3,786262,Cross intersection,2,60,Arterial Other,SUNSHINE,BRIMBANK,-37.749928,144.83171,2022,9,September,19,Night,Weekday
T20220019839,2022-09-02,09:50:00,2,Struck Pedestrian,5,Friday,102,FAR SIDE. PED HIT BY VEHICLE FROM THE LEFT,1,301607,T intersection,2,60,Local Road,DUNNINGS,WYNDHAM,-37.885563,144.74146,2022,9,September,9,Morning Peak,Weekday
T20220019843,2022-09-02,09:48:00,1,Collision with vehicle,5,Friday,120,HEAD ON (NOT OVERTAKING),1,727009,Not at intersection,2,80,Local Road,EXFORD,MELTON,-37.745674,144.57582,2022,9,September,9,Morning Peak,Weekday
T20220019845,2022-09-02,13:30:00,1,Collision with vehicle,5,Friday,121,RIGHT THROUGH,1,345969,T intersection,2,80,Arterial Highway,SOUTH GIPPSLAND,CASEY,-38.13268,145.29549,2022,9,September,13,Midday,Weekday
T20220019846,2022-09-02,13:45:00,1,Collision with vehicle,5,Friday,132,RIGHT REAR.,1,779274,Cross intersection,3,50,Arterial Highway,SURFCOAST,GEELONG,-38.225845,144.33676,2022,9,September,13,Midday,Weekday
T20220019873,2022-09-02,17:19:00,1,Collision with vehicle,5,Friday,130,REAR END(VEHICLES IN SAME LANE),1,730463,Not at intersection,3,100,Freeway,PRINCES,HOBSONS BAY,-37.85863,144.77802,2022,9,September,17,Afternoon Peak,Weekday
T20220019794,2022-09-02,02:58:00,2,Struck Pedestrian,5,Friday,104,PED WALKING WITH TRAFFIC,3,723633,Multiple intersection,2,60,Arterial Other,BACCHUS MARSH,GEELONG,-38.06029,144.3582,2022,9,September,2,Late Night,Weekday
T20220026846,2022-09-02,15:36:00,1,Collision with vehicle,5,Friday,113,RIGHT NEAR (INTERSECTIONS ONLY),1,35130,T intersection,3,40,Local Road,HOLLY,DAREBIN,-37.73522,145.0287,2022,9,September,15,Afternoon Peak,Weekday
T20220019795,2022-09-02,01:06:00,1,Collision with vehicle,5,Friday,121,RIGHT THROUGH,3,725316,T intersection,3,60,Arterial Other,SCORESBY,KNOX,-37.843548,145.27028,2022,9,September,1,Late Night,Weekday
T20220019874,2022-09-02,18:48:00,1,Collision with vehicle,5,Friday,121,RIGHT THROUGH,3,734368,T intersection,1,50,Local Road,VANTAGE,HUME,-37.597492,144.89348,2022,9,September,18,Afternoon Peak,Weekday
T20220019871,2022-09-02,15:42:00,1,Collision with vehicle,5,Friday,111,RIGHT FAR (INTERSECTIONS ONLY),1,226234,Cross intersection,2,80,Arterial Other,HUME,HUME,-37.634563,144.95003,2022,9,September,15,Afternoon Peak,Weekday
T20220019925,2022-09-03,15:40:00,1,Collision with vehicle,6,Saturday,143,ENTERING PARKING,1,774889,T intersection,3,40,Arterial Other,HIGH,STONNINGTON,-37.85238,144.99721,2022,9,September,15,Afternoon Peak,Weekend
T20220019919,2022-09-03,13:10:00,1,Collision with vehicle,6,Saturday,130,REAR END(VEHICLES IN SAME LANE),1,726940,Not at intersection,3,50,Arterial Highway,WURUNDJERI,MELBOURNE,-37.823418,144.94823,2022,9,September,13,Midday,Weekend
T20220019916,2022-09-03,09:25:00,6,Vehicle overturned (no collision),6,Saturday,174,OUT OF CONTROL ON CARRIAGEWAY (ON STRAIGHT),1,280236,Cross intersection,2,80,Freeway,BORONIA,KNOX,-37.846104,145.21637,2022,9,September,9,Morning Peak,Weekend
T20220019915,2022-09-03,11:30:00,1,Collision with vehicle,6,Saturday,130,REAR END(VEHICLES IN SAME LANE),1,779277,Not at intersection,3,100,Arterial Other,GEELONG-BACCHUS MARSH,MOORABOOL,-37.80004,144.40762,2022,9,September,11,Midday,Weekend
T20220019914,2022-09-03,11:30:00,2,Struck Pedestrian,6,Saturday,100,PED NEAR SIDE. PED HIT BY VEHICLE FROM THE RIGHT.,1,34705,Not at intersection,3,60,Local Road,ROSAMOND,MARIBYRNONG,-37.775734,144.88556,2022,9,September,11,Midday,Weekend