ACCIDENT_NO,ACCIDENT_DATE,ACCIDENT_TIME,ACCIDENT_TYPE,ACCIDENT_TYPE_DESC,DAY_OF_WEEK,DAY_WEEK_DESC,DCA_CODE,DCA_DESC,LIGHT_CONDITION,NODE_ID,ROAD_GEOMETRY_DESC,SEVERITY,SPEED_ZONE,RMA,ROAD_NAME,LGA_NAME,LATITUDE,LONGITUDE,YEAR,MONTH,MONTH_NAME,HOUR,TIME_PERIOD,DAY_TYPE
T20220019906,2022-09-03,09:56:00,1,Collision with vehicle,6,Saturday,140,U TURN,1,723854,Not at intersection,3,60,Local Road,FORREST MARS,WODONGA,-36.115135,146.87746,2022,9,September,9,Morning Peak,Weekend
T20220019905,2022-09-03,11:20:00,1,Collision with vehicle,6,Saturday,130,REAR END(VEHICLES IN SAME LANE),1,773163,Not at intersection,3,60,Local Road,BURNBANK,BALLARAT,-37.542534,143.84338,2022,9,September,11,Midday,Weekend
T20220019904,2022-09-03,07:45:00,1,Collision with vehicle,6,Saturday,120,HEAD ON (NOT OVERTAKING),1,786517,Not at intersection,2,100,Arterial Other,KILMORE,MACEDON RANGES,-37.44822,144.69508,2022,9,September,7,Morning Peak,Weekend
T20220019903,2022-09-03,10:51:00,1,Collision with vehicle,6,Saturday,121,RIGHT THROUGH,1,723742,T intersection,3,80,Local Road,RING,BALLARAT,-37.52827,143.8044,2022,9,September,10,Midday,Weekend
T20220019986,2022-09-03,11:45:00,8,No collision and no object struck,6,Saturday,174,OUT OF CONTROL ON CARRIAGEWAY (ON STRAIGHT),1,724113,T intersection,3,100,Local Road,FERRARIS,MANSFIELD,-36.947,145.9188,2022,9,September,11,Midday,Weekend
T20220019985,2022-09-03,15:50:00,1,Collision with vehicle,6,Saturday,130,REAR END(VEHICLES IN SAME LANE),1,278934,T intersection,3,50,Freeway,BARRABOOL,GEELONG,-38.171867,144.29279,2022,9,September,15,Afternoon Peak,Weekend
T20220019902,2022-09-03,09:17:00,1,Collision with vehicle,6,Saturday,181,OFF RIGHT BEND INTO OBJECT/PARKED VEHICLE,1,782610,Not at intersection,3,100,Arterial Other,PRINCETOWN,CORANGAMITE,-38.628197,143.148,2022,9,September,9,Morning Peak,Weekend
T20220019976,2022-09-03,20:40:00,1,Collision with vehicle,6,Saturday,130,REAR END(VEHICLES IN SAME LANE),3,329703,Cross intersection,3,60,Local Road,MORRIS,WYNDHAM,-37.87936,144.7013,2022,9,September,20,Night,Weekend
T20220019954,2022-09-03,23:00:00,4,Collision with a fixed object,6,Saturday,171,LEFT OFF CARRIAGEWAY INTO OBJECT/PARKED VEHICLE,3,731600,Not at intersection,3,50,Local Road,SCORESBY,GANNAWARRA,-35.732964,143.92018,2022,9,September,23,Night,Weekend
T20220019957,2022-09-03,23:00:00,1,Collision with vehicle,6,Saturday,160,VEHICLE COLLIDES WITH VEHICLE PARKED ON LEFT OF ROAD,3,780099,Not at intersection,3,60,Local Road,COPPARDS,GEELONG,-38.1807,144.40117,2022,9,September,23,Night,Weekend
T20220019907,2022-09-03,09:24:00,6,Vehicle overturned (no collision),6,Saturday,174,OUT OF CONTROL ON CARRIAGEWAY (ON STRAIGHT),1,724938,Not at intersection,2,60,Arterial Other,RIVERSDALE,BOROONDARA,-37.830242,145.04703,2022,9,September,9,Morning Peak,Weekend
T20220019958,2022-09-03,21:38:00,1,Collision with vehicle,6,Saturday,121,RIGHT THROUGH,3,36102,Cross intersection,3,50,Arterial Other,CURZON,MELBOURNE,-37.802883,144.94815,2022,9,September,21,Night,Weekend
T20220019959,2022-09-03,23:49:00,2,Struck Pedestrian,6,Saturday,100,PED NEAR SIDE. PED HIT BY VEHICLE FROM THE RIGHT.,3,782639,Not at intersection,3,40,Local Road,LYGON,MELBOURNE,-37.803688,144.96642,2022,9,September,23,Night,Weekend
T20220019944,2022-09-03,18:10:00,4,Collision with a fixed object,6,Saturday,175,OFF END OF ROAD/T-INTERSECTION.,5,22443,T intersection,2,100,Arterial Other,ST ARNAUD-MARYBOROUGH,PYRENEES,-36.978928,143.5601,2022,9,September,18,Afternoon Peak,Weekend
T20220019885,2022-09-03,03:20:00,6,Vehicle overturned (no collision),6,Saturday,182,OFF CARRIAGEWAY ON LEFT BEND,3,740411,Not at intersection,2,60,Local Road,MONTEREY,FRANKSTON,-38.124603,145.15762,2022,9,September,3,Late Night,Weekend
T20220019909,2022-09-03,10:47:00,1,Collision with vehicle,6,Saturday,130,REAR END(VEHICLES IN SAME LANE),1,779276,Not at intersection,3,70,Arterial Other,MAIN WHITTLESEA,WHITTLESEA,-37.676216,145.07013,2022,9,September,10,Midday,Weekend
T20220019934,2022-09-03,14:00:00,1,Collision with vehicle,6,Saturday,143,ENTERING PARKING,1,726941,Cross intersection,3,40,Local Road,RUSSELL,MELBOURNE,-37.81347,144.9684,2022,9,September,14,Midday,Weekend
T20220020969,2022-09-03,17:30:00,2,Struck Pedestrian,6,Saturday,102,FAR SIDE. PED HIT BY VEHICLE FROM THE LEFT,1,725497,Not at intersection,3,50,Local Road,CAMP,SURF COAST,-38.396873,144.19218,2022,9,September,17,Afternoon Peak,Weekend
T20220019949,2022-09-03,19:46:00,1,Collision with vehicle,6,Saturday,140,U TURN,3,742903,Not at intersection,2,80,Arterial Other,DONNYBROOK,HUME,-37.534733,144.89749,2022,9,September,19,Night,Weekend
T20220019950,2022-09-03,18:05:00,1,Collision with vehicle,6,Saturday,169,OTHER ON PATH,2,756527,Not at intersection,2,60,Local Road,GREAVES,WYNDHAM,-37.895763,144.64511,2022,9,September,18,Afternoon Peak,Weekend
T20220019937,2022-09-03,16:25:00,1,Collision with vehicle,6,Saturday,121,RIGHT THROUGH,1,780365,Cross intersection,3,60,Arterial Other,SYNNOT,WYNDHAM,-37.904293,144.65858,2022,9,September,16,Afternoon Peak,Weekend
T20220020681,2022-09-03,05:10:00,1,Collision with vehicle,6,Saturday,159,OTHER OVERTAKING MANOEUVRES NOT INCLUDED IN DCAs 150-154,3,390,Cross intersection,3,60,Arterial Other,TOORAK,STONNINGTON,-37.84059,145.0047,2022,9,September,5,Morning Peak,Weekend
T20220019881,2022-09-03,00:50:00,2,Struck Pedestrian,6,Saturday,102,FAR SIDE. PED HIT BY VEHICLE FROM THE LEFT,3,782635,T intersection,3,40,Local Road,MERCANTILE,MELBOURNE,-37.820183,144.95654,2022,9,September,0,Late Night,Weekend
T20220019888,2022-09-03,02:59:00,1,Collision with vehicle,6,Saturday,110,CROSS TRAFFIC(INTERSECTIONS ONLY),3,56911,Cross intersection,3,60,Arterial Other,PLYMOUTH,MAROONDAH,-37.78142,145.25616,2022,9,September,2,Late Night,Weekend
T20220019935,2022-09-03,11:50:00,1,Collision with vehicle,6,Saturday,132,RIGHT REAR.,1,40258,T intersection,2,60,Arterial Other,TOORAK,STONNINGTON,-37.84326,145.02701,2022,9,September,11,Midday,Weekend
T20220019908,2022-09-03,11:11:00,1,Collision with vehicle,6,Saturday,110,CROSS TRAFFIC(INTERSECTIONS ONLY),1,44449,Cross intersection,3,60,Arterial Other,BOLDREWOOD,DAREBIN,-37.722404,145.02202,2022,9,September,11,Midday,Weekend
T20220019927,2022-09-03,16:00:00,1,Collision with vehicle,6,Saturday,110,CROSS TRAFFIC(INTERSECTIONS ONLY),1,737648,Cross intersection,3,50,Local Road,DERBY,YARRA,-37.80702,144.98512,2022,9,September,16,Afternoon Peak,Weekend
T20220020428,2022-09-03,18:30:00,6,Vehicle overturned (no collision),6,Saturday,174,OUT OF CONTROL ON CARRIAGEWAY (ON STRAIGHT),2,44026,T intersection,2,80,Arterial Other,FRANKSTON-FLINDERS,MORNINGTON PENINSULA,-38.28464,145.1836,2022,9,September,18,Afternoon Peak,Weekend
T20220019884,2022-09-03,02:21:00,1,Collision with vehicle,6,Saturday,111,RIGHT FAR (INTERSECTIONS ONLY),3,725186,T intersection,3,50,Arterial Other,PEEL,MELBOURNE,-37.808434,144.95569,2022,9,September,2,Late Night,Weekend
T20220019901,2022-09-03,09:50:00,2,Struck Pedestrian,6,Saturday,100,PED NEAR SIDE. PED HIT BY VEHICLE FROM THE RIGHT.,1,55512,Cross intersection,2,60,Local Road,BENTONS,MORNINGTON PENINSULA,-38.246277,145.04597,2022,9,September,9,Morning Peak,Weekend
T20220019945,2022-09-03,17:00:00,1,Collision with vehicle,6,Saturday,130,REAR END(VEHICLES IN SAME LANE),1,724460,Not at intersection,3,60,Local Road,KENT,MAROONDAH,-37.790592,145.27708,2022,9,September,17,Afternoon Peak,Weekend
T20220019946,2022-09-03,17:00:00,1,Collision with vehicle,6,Saturday,110,CROSS TRAFFIC(INTERSECTIONS ONLY),2,744719,Cross intersection,2,100,Arterial Other,FEDERATION,WANGARATTA,-36.185123,146.38567,2022,9,September,17,Afternoon Peak,Weekend
T20220019948,2022-09-03,19:32:00,1,Collision with vehicle,6,Saturday,113,RIGHT NEAR (INTERSECTIONS ONLY),3,307819,T intersection,2,50,Local Road,SILVESTER,HUME,-37.629494,144.91685,2022,9,September,19,Night,Weekend
T20220019883,2022-09-03,02:16:00,1,Collision with vehicle,6,Saturday,110,CROSS TRAFFIC(INTERSECTIONS ONLY),3,735047,Cross intersection,2,80,Arterial Highway,SOUTH GIPPSLAND,CASEY,-38.082077,145.27623,2022,9,September,2,Late Night,Weekend
T20220019940,2022-09-03,13:30:00,4,Collision with a fixed object,6,Saturday,173,RIGHT OFF CARRIAGEWAY INTO OBJECT/PARKED VEHICLE,1,782616,Not at intersection,3,100,Local Road,TUFFNELLS,GLENELG,-37.488064,141.31438,2022,9,September,13,Midday,Weekend
T20220020051,2022-09-03,15:25:00,1,Collision with vehicle,6,Saturday,130,REAR END(VEHICLES IN SAME LANE),1,337564,Cross intersection,3,80,Local Road,LEAKES,WYNDHAM,-37.837124,144.71951,2022,9,September,15,Afternoon Peak,Weekend
T20220019910,2022-09-03,12:00:00,1,Collision with vehicle,6,Saturday,137,LEFT TURN SIDESWIPE,1,727448,T intersection,2,60,Arterial Other,HEIDELBERG,DAREBIN,-37.784237,145.01169,2022,9,September,12,Midday,Weekend
T20220020038,2022-09-03,11:00:00,6,Vehicle overturned (no collision),6,Saturday,179,OTHER ACCIDENTS-OFF STRAIGHT NOT INCLUDED IN DCAs 170-175,1,724364,Not at intersection,3,60,Arterial Highway,HENTY,HORSHAM,-36.7351,142.20549,2022,9,September,11,Midday,Weekend
T20220019951,2022-09-03,20:43:00,1,Collision with vehicle,6,Saturday,160,VEHICLE COLLIDES WITH VEHICLE PARKED ON LEFT OF ROAD,3,786518,Not at intersection,2,60,Local Road,RAILWAY,DANDENONG,-37.97676,145.19025,2022,9,September,20,Night,Weekend
T20220020191,2022-09-03,20:50:00,1,Collision with vehicle,6,Saturday,133,LANE SIDE SWIPE (VEHICLES IN PARALLEL LANES),3,724681,T intersection,3,60,Arterial Other,CHAPEL,BENDIGO,-36.75507,144.28365,2022,9,September,20,Night,Weekend
T20220019913,2022-09-03,12:16:00,1,Collision with vehicle,6,Saturday,113,RIGHT NEAR (INTERSECTIONS ONLY),1,29662,Cross intersection,2,60,Arterial Other,WAVERLEY,MONASH,-37.882652,145.11012,2022,9,September,12,Midday,Weekend
T20220019942,2022-09-03,19:55:00,1,Collision with vehicle,6,Saturday,130,REAR END(VEHICLES IN SAME LANE),3,748661,Not at intersection,3,60,Local Road,LEAKES,WYNDHAM,-37.83058,144.66058,2022,9,September,19,Night,Weekend
T20220019992,2022-09-04,13:25:00,1,Collision with vehicle,7,Sunday,130,REAR END(VEHICLES IN SAME LANE),1,724789,Not at intersection,3,80,Arterial Other,PLENTY,WHITTLESEA,-37.600327,145.09601,2022,9,September,13,Midday,Weekend
T20220019987,2022-09-04,09:28:00,4,Collision with a fixed object,7,Sunday,173,RIGHT OFF CARRIAGEWAY INTO OBJECT/PARKED VEHICLE,1,724788,Not at intersection,2,100,Arterial Highway,WESTERN,HORSHAM,-36.76978,142.26562,2022,9,September,9,Morning Peak,Weekend
T20220019982,2022-09-04,06:00:00,4,Collision with a fixed object,7,Sunday,171,LEFT OFF CARRIAGEWAY INTO OBJECT/PARKED VEHICLE,9,725062,Multiple intersection,2,100,Local Road,GOORAMADDA,INDIGO,-36.00058,146.5442,2022,9,September,6,Morning Peak,Weekend
T20220019974,2022-09-04,08:00:00,7,Fall from or in moving vehicle,7,Sunday,190,FELL IN/FROM VEHICLE,1,43341,Cross intersection,3,50,Local Road,GLADESVILLE,KINGSTON,-38.070744,145.14569,2022,9,September,8,Morning Peak,Weekend
T20220019973,2022-09-04,04:49:00,4,Collision with a fixed object,7,Sunday,173,RIGHT OFF CARRIAGEWAY INTO OBJECT/PARKED VEHICLE,3,726388,T intersection,2,60,Arterial Other,BURKE,STONNINGTON,-37.869034,145.0495,2022,9,September,4,Late Night,Weekend
T20220020265,2022-09-04,17:40:00,1,Collision with vehicle,7,Sunday,130,REAR END(VEHICLES IN SAME LANE),9,779294,Not at intersection,3,100,Freeway,MONASH,MONASH,-37.911823,145.16496,2022,9,September,17,Afternoon Peak,Weekend
T20220019969,2022-09-04,06:00:00,2,Struck Pedestrian,7,Sunday,100,PED NEAR SIDE. PED HIT BY VEHICLE FROM THE RIGHT.,2,748443,Not at intersection,2,50,Arterial Other,SWAN,YARRA,-37.826077,145.00145,2022,9,September,6,Morning Peak,Weekend
T20220019966,2022-09-04,00:50:00,4,Collision with a fixed object,7,Sunday,173,RIGHT OFF CARRIAGEWAY INTO OBJECT/PARKED VEHICLE,3,97705,T intersection,3,80,Arterial Highway,BURWOOD,KNOX,-37.88846,145.29587,2022,9,September,0,Late Night,Weekend
T20220019963,2022-09-04,02:14:00,2,Struck Pedestrian,7,Sunday,104,PED WALKING WITH TRAFFIC,5,246210,Not at intersection,1,80,Arterial Highway,PRINCES,LATROBE,-38.214207,146.48132,2022,9,September,2,Late Night,Weekend
T20220019960,2022-09-04,00:39:00,7,Fall from or in moving vehicle,7,Sunday,190,FELL IN/FROM VEHICLE,3,36940,Cross intersection,3,30,Local Road,LITTLE BOURKE,MELBOURNE,-37.812546,144.96518,2022,9,September,0,Late Night,Weekend
T20220021357,2022-09-04,20:13:00,1,Collision with vehicle,7,Sunday,113,RIGHT NEAR (INTERSECTIONS ONLY),3,38868,Cross intersection,3,60,Arterial Other,BARKERS,BOROONDARA,-37.812737,145.02026,2022,9,September,20,Night,Weekend
T20220020163,2022-09-04,20:30:00,4,Collision with a fixed object,7,Sunday,181,OFF RIGHT BEND INTO OBJECT/PARKED VEHICLE,5,744288,Not at intersection,2,100,Local Road,MEREDITH-MT MERCER,GOLDEN PLAINS,-37.853657,144.04204,2022,9,September,20,Night,Weekend
T20220019965,2022-09-04,02:00:00,4,Collision with a fixed object,7,Sunday,173,RIGHT OFF CARRIAGEWAY INTO OBJECT/PARKED VEHICLE,5,755675,Not at intersection,2,80,Arterial Other,MYRTLEFORD-YACKANDANDAH,ALPINE,-36.543587,146.73653,2022,9,September,2,Late Night,Weekend
T20230019651,2022-09-04,17:28:00,1,Collision with vehicle,7,Sunday,130,REAR END(VEHICLES IN SAME LANE),2,779340,Not at intersection,3,100,Freeway,WESTERN RING,BRIMBANK,-37.742188,144.84666,2022,9,September,17,Afternoon Peak,Weekend
T20220019978,2022-09-04,08:16:00,1,Collision with vehicle,7,Sunday,130,REAR END(VEHICLES IN SAME LANE),1,774809,Not at intersection,3,100,Freeway,PRINCES,HOBSONS BAY,-37.869022,144.76057,2022,9,September,8,Morning Peak,Weekend
T20220021102,2022-09-04,20:05:00,2,Struck Pedestrian,7,Sunday,102,FAR SIDE. PED HIT BY VEHICLE FROM THE LEFT,3,732817,Cross intersection,2,50,Local Road,LUMEAH,GLEN EIRA,-37.87156,145.01492,2022,9,September,20,Night,Weekend
T20220024383,2022-09-04,14:00:00,7,Fall from or in moving vehicle,7,Sunday,190,FELL IN/FROM VEHICLE,9,733707,Not at intersection,3,80,Local Road,EILDON-JAMIESON,MANSFIELD,-37.323708,146.06526,2022,9,September,14,Midday,Weekend
T20220020003,2022-09-04,15:55:00,4,Collision with a fixed object,7,Sunday,183,OFF LEFT BEND INTO OBJECT/PARKED VEHICLE,1,782643,Not at intersection,3,60,Local Road,FIGHTING GULLY,INDIGO,-36.40189,146.67679,2022,9,September,15,Afternoon Peak,Weekend
T20220020005,2022-09-04,19:55:00,1,Collision with vehicle,7,Sunday,130,REAR END(VEHICLES IN SAME LANE),3,777128,T intersection,3,60,Freeway,BACCHUS MARSH,GEELONG,-38.06021,144.35838,2022,9,September,19,Night,Weekend
T20220020007,2022-09-04,18:45:00,1,Collision with vehicle,7,Sunday,135,LANE CHANGE LEFT (NOT OVERTAKING),3,779833,Not at intersection,3,80,Freeway,WEST GATE,MELBOURNE,-37.832207,144.9151,2022,9,September,18,Afternoon Peak,Weekend
T20220020008,2022-09-04,14:15:00,1,Collision with vehicle,7,Sunday,132,RIGHT REAR.,1,723976,Not at intersection,3,90,Arterial Other,FRANKSTON-FLINDERS,MORNINGTON PENINSULA,-38.27093,145.18985,2022,9,September,14,Midday,Weekend
T20220020009,2022-09-04,18:18:00,6,Vehicle overturned (no collision),7,Sunday,182,OFF CARRIAGEWAY ON LEFT BEND,2,746193,Not at intersection,2,100,Local Road,BUCKLAND VALLEY,ALPINE,-36.71909,146.89154,2022,9,September,18,Afternoon Peak,Weekend
T20220020010,2022-09-04,20:40:00,1,Collision with vehicle,7,Sunday,121,RIGHT THROUGH,3,36813,Cross intersection,2,60,Arterial Other,NORMANBY,PORT PHILLIP,-37.828957,144.94844,2022,9,September,20,Night,Weekend
T20220020011,2022-09-04,20:50:00,4,Collision with a fixed object,7,Sunday,171,LEFT OFF CARRIAGEWAY INTO OBJECT/PARKED VEHICLE,5,782650,Not at intersection,3,80,Local Road,WILSONS,GLENELG,-38.33158,141.57787,2022,9,September,20,Night,Weekend
T20220020014,2022-09-04,15:30:00,1,Collision with vehicle,7,Sunday,169,OTHER ON PATH,1,723977,Not at intersection,3,50,Local Road,MONTEITH,CASEY,-37.973793,145.26373,2022,9,September,15,Afternoon Peak,Weekend
T20220020027,2022-09-04,20:45:00,8,No collision and no object struck,7,Sunday,174,OUT OF CONTROL ON CARRIAGEWAY (ON STRAIGHT),5,734277,Not at intersection,2,100,Local Road,CARMICHAELS,HORSHAM,-36.77369,142.11014,2022,9,September,20,Night,Weekend
T20220021926,2022-09-04,15:42:00,1,Collision with vehicle,7,Sunday,130,REAR END(VEHICLES IN SAME LANE),1,238844,T intersection,2,80,Freeway,WEST GATE,HOBSONS BAY,-37.825733,144.82596,2022,9,September,15,Afternoon Peak,Weekend
T20220020001,2022-09-04,16:28:00,1,Collision with vehicle,7,Sunday,160,VEHICLE COLLIDES WITH VEHICLE PARKED ON LEFT OF ROAD,1,780100,Not at intersection,3,50,Local Road,EAST,MORELAND,-37.706615,144.95084,2022,9,September,16,Afternoon Peak,Weekend
T20220019996,2022-09-04,14:10:00,1,Collision with vehicle,7,Sunday,110,CROSS TRAFFIC(INTERSECTIONS ONLY),1,57846,Cross intersection,2,80,Arterial Highway,DANDENONG,DANDENONG,-37.99979,145.18083,2022,9,September,14,Midday,Weekend
T20220019993,2022-09-04,11:30:00,6,Vehicle overturned (no collision),7,Sunday,180,OFF CARRIAGEWAY ON RIGHT BEND,1,782648,Not at intersection,3,100,Local Road,EILDON-JAMIESON,MANSFIELD,-37.356617,146.06462,2022,9,September,11,Midday,Weekend
T20220020017,2022-09-05,01:00:00,4,Collision with a fixed object,1,Monday,171,LEFT OFF CARRIAGEWAY INTO OBJECT/PARKED VEHICLE,3,782660,Not at intersection,3,50,Local Road,LONGSTAFF,SHEPPARTON,-36.395702,145.39166,2022,9,September,1,Late Night,Weekday
T20220020057,2022-09-05,15:00:00,1,Collision with vehicle,1,Monday,110,CROSS TRAFFIC(INTERSECTIONS ONLY),1,49529,Cross intersection,3,80,Arterial Other,GREENDALE-MYRNIONG,MOORABOOL,-37.607754,144.31853,2022,9,September,15,Afternoon Peak,Weekday
T20220021915,2022-09-05,16:30:00,1,Collision with vehicle,1,Monday,132,RIGHT REAR.,1,30521,T intersection,3,50,Arterial Other,MURRAY,MORELAND,-37.735477,144.97246,2022,9,September,16,Afternoon Peak,Weekday
T20220020337,2022-09-05,10:40:00,1,Collision with vehicle,1,Monday,130,REAR END(VEHICLES IN SAME LANE),1,37961,T intersection,3,60,Arterial Other,HEIDELBERG,YARRA,-37.78587,144.9992,2022,9,September,10,Midday,Weekday
T20220020032,2022-09-05,11:27:00,1,Collision with vehicle,1,Monday,121,RIGHT THROUGH,1,780172,Cross intersection,3,50,Arterial Other,PRINCES,MELBOURNE,-37.792267,144.96843,2022,9,September,11,Midday,Weekday
T20220020055,2022-09-05,15:25:00,1,Collision with vehicle,1,Monday,119,OTHER ADJACENT (INTERSECTIONS ONLY),1,23933,Cross intersection,3,60,Local Road,BOARDWALK,WYNDHAM,-37.88459,144.73285,2022,9,September,15,Afternoon Peak,Weekday
T20220020351,2022-09-05,10:45:00,1,Collision with vehicle,1,Monday,110,CROSS TRAFFIC(INTERSECTIONS ONLY),9,326301,Cross intersection,3,80,Arterial Other,POUND,CASEY,-38.026043,145.25034,2022,9,September,10,Midday,Weekday
T20220020366,2022-09-05,13:00:00,1,Collision with vehicle,1,Monday,131,LEFT REAR,1,751801,Not at intersection,3,60,Arterial Other,BARRY,HUME,-37.66429,144.92653,2022,9,September,13,Midday,Weekday
T20220020114,2022-09-05,09:00:00,1,Collision with vehicle,1,Monday,130,REAR END(VEHICLES IN SAME LANE),1,724232,Not at intersection,3,80,Arterial Highway,PLENTY,DAREBIN,-37.717316,145.04259,2022,9,September,9,Morning Peak,Weekday
T20220020768,2022-09-05,18:45:00,1,Collision with vehicle,1,Monday,121,RIGHT THROUGH,3,39054,Multiple intersection,3,60,Arterial Other,DONCASTER,BOROONDARA,-37.793434,145.064,2022,9,September,18,Afternoon Peak,Weekday
T20220020498,2022-09-05,16:20:00,1,Collision with vehicle,1,Monday,130,REAR END(VEHICLES IN SAME LANE),1,727956,Not at intersection,3,60,Arterial Other,QUEEN,HOBSONS BAY,-37.872044,144.78008,2022,9,September,16,Afternoon Peak,Weekday
T20220020091,2022-09-05,13:39:00,1,Collision with vehicle,1,Monday,136,RIGHT TURN SIDESWIPE,1,725841,Cross intersection,3,40,Local Road,FLINDERS,MELBOURNE,-37.816715,144.96997,2022,9,September,13,Midday,Weekday
T20220020029,2022-09-05,10:00:00,2,Struck Pedestrian,1,Monday,105,PED WALKING AGAINST TRAFFIC.,1,44774,Cross intersection,3,60,Local Road,MOUNTAIN VIEW,BANYULE,-37.70948,145.12012,2022,9,September,10,Midday,Weekday
T20220021569,2022-09-05,00:18:00,8,No collision and no object struck,1,Monday,174,OUT OF CONTROL ON CARRIAGEWAY (ON STRAIGHT),3,726059,T intersection,3,60,Arterial Other,UPPER HEIDELBERG,BANYULE,-37.753143,145.05673,2022,9,September,0,Late Night,Weekday
T20220020409,2022-09-05,12:53:00,1,Collision with vehicle,1,Monday,131,LEFT REAR,1,724577,T intersection,3,60,Local Road,SWANBURRA,GEELONG,-38.211594,144.36263,2022,9,September,12,Midday,Weekday
T20220020082,2022-09-05,23:00:00,6,Vehicle overturned (no collision),1,Monday,180,OFF CARRIAGEWAY ON RIGHT BEND,3,753454,Not at intersection,2,100,Freeway,MONASH,CASEY,-37.996822,145.27017,2022,9,September,23,Night,Weekday
T20220020061,2022-09-05,13:57:00,1,Collision with vehicle,1,Monday,130,REAR END(VEHICLES IN SAME LANE),1,305087,Cross intersection,3,70,Arterial Other,BALLARAT,BRIMBANK,-37.770416,144.7749,2022,9,September,13,Midday,Weekday
T20220020075,2022-09-05,15:11:00,2,Struck Pedestrian,1,Monday,103,PED PLAYING/LYING/WORKING/STANDING ON CARRIAGEWAY.,9,721029,Not at intersection,3,40,Arterial Other,BALLAN,WYNDHAM,-37.856777,144.59123,2022,9,September,15,Afternoon Peak,Weekday
T20230014541,2022-09-05,21:00:00,8,No collision and no object struck,1,Monday,189,OTHER ACCIDENTS ON CURVE NOT INCLUDED IN DCAs 180-184,3,783731,Not at intersection,3,70,Arterial Other,VINEYARD,HUME,-37.58816,144.7154,2022,9,September,21,Night,Weekday
T20220020074,2022-09-05,19:30:00,1,Collision with vehicle,1,Monday,134,LANE CHANGE RIGHT (NOT OVERTAKING),3,774810,Multiple intersection,3,60,Arterial Other,BALLARAT,MARIBYRNONG,-37.789524,144.88538,2022,9,September,19,Night,Weekday
T20220020070,2022-09-05,15:14:00,1,Collision with vehicle,1,Monday,121,RIGHT THROUGH,1,277351,Cross intersection,3,60,Freeway,BEACONSFIELD-NAR NAR GOON-PRINCES IN,CASEY,-38.062237,145.36687,2022,9,September,15,Afternoon Peak,Weekday
T20220020136,2022-09-05,17:48:00,1,Collision with vehicle,1,Monday,113,RIGHT NEAR (INTERSECTIONS ONLY),2,45024,T intersection,2,60,Arterial Other,MAIN,BRIMBANK,-37.747562,144.82774,2022,9,September,17,Afternoon Peak,Weekday
T20220020068,2022-09-05,16:20:00,1,Collision with vehicle,1,Monday,111,RIGHT FAR (INTERSECTIONS ONLY),1,724028,T intersection,3,70,Arterial Other,PRINCES,CARDINIA,-38.071423,145.47777,2022,9,September,16,Afternoon Peak,Weekday
T20220020064,2022-09-05,17:20:00,1,Collision with vehicle,1,Monday,110,CROSS TRAFFIC(INTERSECTIONS ONLY),1,50612,Cross intersection,2,50,Local Road,HART,COLAC OTWAY,-38.34147,143.58109,2022,9,September,17,Afternoon Peak,Weekday
T20220020754,2022-09-05,09:12:00,1,Collision with vehicle,1,Monday,130,REAR END(VEHICLES IN SAME LANE),1,786522,Not at intersection,2,80,Arterial Highway,STUD,DANDENONG,-37.957848,145.22575,2022,9,September,9,Morning Peak,Weekday
T20220020054,2022-09-05,12:48:00,2,Struck Pedestrian,1,Monday,107,PED ON FOOTHPATH STRUCK BY VEHENTERING/LEAVING DRIVEWAY.,1,786521,Not at intersection,2,50,Local Road,BOWEN,MOONEE VALLEY,-37.765858,144.91008,2022,9,September,12,Midday,Weekday
T20220023421,2022-09-06,09:00:00,7,Fall from or in moving vehicle,2,Tuesday,190,FELL IN/FROM VEHICLE,1,37013,T intersection,3,70,Arterial Other,VICTORIA,MELBOURNE,-37.808983,144.98112,2022,9,September,9,Morning Peak,Weekday
T20220020112,2022-09-06,11:45:00,2,Struck Pedestrian,2,Tuesday,101,PED EMERGES FROM IN FRONT OF PARKED OR STATIONARY VEHICLE,1,40195,Cross intersection,2,70,Arterial Highway,DANDENONG,STONNINGTON,-37.8601,145.01054,2022,9,September,11,Midday,Weekday
T20220020137,2022-09-06,17:42:00,2,Struck Pedestrian,2,Tuesday,100,PED NEAR SIDE. PED HIT BY VEHICLE FROM THE RIGHT.,1,724167,Not at intersection,3,50,Local Road,IMES,KINGSTON,-37.990536,145.0819,2022,9,September,17,Afternoon Peak,Weekday
T20220020103,2022-09-06,07:35:00,1,Collision with vehicle,2,Tuesday,135,LANE CHANGE LEFT (NOT OVERTAKING),1,724038,Not at intersection,1,60,Arterial Other,HUNTINGDALE,MONASH,-37.892853,145.10703,2022,9,September,7,Morning Peak,Weekday
T20220020101,2022-09-06,08:23:00,1,Collision with vehicle,2,Tuesday,121,RIGHT THROUGH,1,689618,T intersection,3,70,Arterial Other,SOUTH,KINGSTON,-37.937603,145.07077,2022,9,September,8,Morning Peak,Weekday