ACCIDENT_NO,ACCIDENT_DATE,ACCIDENT_TIME,ACCIDENT_TYPE,ACCIDENT_TYPE_DESC,DAY_OF_WEEK,DAY_WEEK_DESC,DCA_CODE,DCA_DESC,LIGHT_CONDITION,NODE_ID,ROAD_GEOMETRY_DESC,SEVERITY,SPEED_ZONE,RMA,ROAD_NAME,LGA_NAME,LATITUDE,LONGITUDE,YEAR,MONTH,MONTH_NAME,HOUR,TIME_PERIOD,DAY_TYPE
T20220020140,2022-09-06,15:36:00,2,Struck Pedestrian,2,Tuesday,100,PED NEAR SIDE. PED HIT BY VEHICLE FROM THE RIGHT.,1,206,Cross intersection,2,40,Arterial Other,KING,MELBOURNE,-37.818356,144.95663,2022,9,September,15,Afternoon Peak,Weekday
T20220020098,2022-09-06,06:07:00,1,Collision with vehicle,2,Tuesday,132,RIGHT REAR.,2,779343,Not at intersection,3,60,Arterial Other,CENTRE DANDENONG,KINGSTON,-37.969513,145.08917,2022,9,September,6,Morning Peak,Weekday
T20220021440,2022-09-06,21:30:00,1,Collision with vehicle,2,Tuesday,130,REAR END(VEHICLES IN SAME LANE),3,782542,Not at intersection,3,60,Arterial Highway,HODDLE,YARRA,-37.801376,144.99274,2022,9,September,21,Night,Weekday
T20220023117,2022-09-06,09:16:00,1,Collision with vehicle,2,Tuesday,147,VEHICLE STRIKES ANOTHER VEH WHILE EMERGING FROM DRIVEWAY,1,127731,Not at intersection,3,60,Arterial Other,EDITHVALE,KINGSTON,-38.03524,145.11887,2022,9,September,9,Morning Peak,Weekday
T20220020124,2022-09-06,17:06:00,1,Collision with vehicle,2,Tuesday,113,RIGHT NEAR (INTERSECTIONS ONLY),1,51920,T intersection,2,50,Local Road,HARGREAVES,BENDIGO,-36.769222,144.2676,2022,9,September,17,Afternoon Peak,Weekday
T20220020202,2022-09-06,19:17:00,1,Collision with vehicle,2,Tuesday,130,REAR END(VEHICLES IN SAME LANE),3,779350,Not at intersection,3,70,Arterial Other,TAYLORS,BRIMBANK,-37.72774,144.79016,2022,9,September,19,Night,Weekday
T20220020089,2022-09-06,06:00:00,1,Collision with vehicle,2,Tuesday,110,CROSS TRAFFIC(INTERSECTIONS ONLY),2,39448,Cross intersection,3,60,Arterial Other,SURREY,WHITEHORSE,-37.811035,145.1577,2022,9,September,6,Morning Peak,Weekday
T20220020086,2022-09-06,00:20:00,1,Collision with vehicle,2,Tuesday,130,REAR END(VEHICLES IN SAME LANE),3,614441,T intersection,1,80,Arterial Highway,SOUTH GIPPSLAND,CASEY,-38.05882,145.26282,2022,9,September,0,Late Night,Weekday
T20220020353,2022-09-06,19:45:00,6,Vehicle overturned (no collision),2,Tuesday,184,OUT OF CONTROL ON CARRIAGEWAY (ON BEND),5,727896,Not at intersection,3,60,Local Road,MURPHY,BENDIGO,-36.740437,144.3075,2022,9,September,19,Night,Weekday
T20220020401,2022-09-06,17:30:00,8,No collision and no object struck,2,Tuesday,179,OTHER ACCIDENTS-OFF STRAIGHT NOT INCLUDED IN DCAs 170-175,9,754089,T intersection,2,50,Local Road,JOHN HUNTER,CASEY,-37.992218,145.26259,2022,9,September,17,Afternoon Peak,Weekday
T20220020138,2022-09-06,18:00:00,1,Collision with vehicle,2,Tuesday,136,RIGHT TURN SIDESWIPE,2,782528,Not at intersection,3,60,Arterial Other,PEARCEDALE,HUME,-37.68375,144.91399,2022,9,September,18,Afternoon Peak,Weekday
T20220023444,2022-09-06,16:30:00,2,Struck Pedestrian,2,Tuesday,100,PED NEAR SIDE. PED HIT BY VEHICLE FROM THE RIGHT.,1,728756,Not at intersection,2,40,Arterial Highway,RACECOURSE,MELBOURNE,-37.78798,144.92783,2022,9,September,16,Afternoon Peak,Weekday
T20220020242,2022-09-06,15:40:00,1,Collision with vehicle,2,Tuesday,148,VEHICLE OFF FOOTPATH STRIKES VEH ON CARRIAGEWAY,1,59180,T intersection,3,40,Local Road,ARCHER,SHEPPARTON,-36.399033,145.40958,2022,9,September,15,Afternoon Peak,Weekday
T20220020425,2022-09-06,17:00:00,1,Collision with vehicle,2,Tuesday,130,REAR END(VEHICLES IN SAME LANE),1,781410,Not at intersection,3,100,Freeway,WEST GATE,HOBSONS BAY,-37.825417,144.83603,2022,9,September,17,Afternoon Peak,Weekday
T20220023472,2022-09-06,18:30:00,1,Collision with vehicle,2,Tuesday,135,LANE CHANGE LEFT (NOT OVERTAKING),2,738380,Not at intersection,3,80,Freeway,WEST GATE,MELBOURNE,-37.833084,144.91327,2022,9,September,18,Afternoon Peak,Weekday
T20230003205,2022-09-06,07:40:00,1,Collision with vehicle,2,Tuesday,130,REAR END(VEHICLES IN SAME LANE),1,774161,Not at intersection,3,60,Arterial Other,ELGAR,WHITEHORSE,-37.83788,145.11075,2022,9,September,7,Morning Peak,Weekday
T20220020127,2022-09-06,15:50:00,1,Collision with vehicle,2,Tuesday,110,CROSS TRAFFIC(INTERSECTIONS ONLY),1,35832,Cross intersection,3,80,Arterial Highway,MIDLAND,BALLARAT,-37.512737,143.84656,2022,9,September,15,Afternoon Peak,Weekday
T20220020120,2022-09-06,10:30:00,1,Collision with vehicle,2,Tuesday,133,LANE SIDE SWIPE (VEHICLES IN PARALLEL LANES),1,55420,T intersection,3,100,Arterial Highway,HENTY,HORSHAM,-36.782207,142.17418,2022,9,September,10,Midday,Weekday
T20220020121,2022-09-06,08:00:00,1,Collision with vehicle,2,Tuesday,110,CROSS TRAFFIC(INTERSECTIONS ONLY),1,233917,Cross intersection,3,60,Local Road,DAVIS,WYNDHAM,-37.815388,144.65686,2022,9,September,8,Morning Peak,Weekday
T20220020251,2022-09-06,16:10:00,1,Collision with vehicle,2,Tuesday,121,RIGHT THROUGH,1,40045,T intersection,2,50,Arterial Other,WOORITE,MOONEE VALLEY,-37.729855,144.86935,2022,9,September,16,Afternoon Peak,Weekday
T20220020648,2022-09-06,20:30:00,1,Collision with vehicle,2,Tuesday,140,U TURN,6,778500,Not at intersection,3,60,Local Road,FLETCHER,MOONEE VALLEY,-37.755222,144.91968,2022,9,September,20,Night,Weekday
T20220020249,2022-09-06,15:40:00,1,Collision with vehicle,2,Tuesday,110,CROSS TRAFFIC(INTERSECTIONS ONLY),1,46096,Cross intersection,3,50,Local Road,CARRAMAR,BOROONDARA,-37.836994,145.07564,2022,9,September,15,Afternoon Peak,Weekday
T20220020123,2022-09-06,13:45:00,1,Collision with vehicle,2,Tuesday,137,LEFT TURN SIDESWIPE,1,782540,Y intersection,3,100,Freeway,MONASH,CASEY,-37.99365,145.26033,2022,9,September,13,Midday,Weekday
T20220020143,2022-09-06,17:12:00,1,Collision with vehicle,2,Tuesday,130,REAR END(VEHICLES IN SAME LANE),1,275381,Not at intersection,3,80,Arterial Highway,BURWOOD,KNOX,-37.865067,145.22365,2022,9,September,17,Afternoon Peak,Weekday
T20220020097,2022-09-06,09:09:00,1,Collision with vehicle,2,Tuesday,121,RIGHT THROUGH,1,251819,T intersection,2,60,Arterial Other,JELLS,MONASH,-37.91039,145.18842,2022,9,September,9,Morning Peak,Weekday
T20220020659,2022-09-06,18:00:00,2,Struck Pedestrian,2,Tuesday,102,FAR SIDE. PED HIT BY VEHICLE FROM THE LEFT,2,764294,Not at intersection,2,40,Local Road,DODDS,MELBOURNE,-37.82411,144.96852,2022,9,September,18,Afternoon Peak,Weekday
T20220020274,2022-09-06,10:15:00,1,Collision with vehicle,2,Tuesday,130,REAR END(VEHICLES IN SAME LANE),1,781029,Not at intersection,3,70,Arterial Other,RINGWOOD-WARRANDYTE,MANNINGHAM,-37.75345,145.23412,2022,9,September,10,Midday,Weekday
T20220020321,2022-09-07,22:53:00,4,Collision with a fixed object,3,Wednesday,171,LEFT OFF CARRIAGEWAY INTO OBJECT/PARKED VEHICLE,3,43349,T intersection,2,60,Arterial Highway,NEPEAN,FRANKSTON,-38.10984,145.12575,2022,9,September,22,Night,Weekday
T20220020178,2022-09-07,08:35:00,1,Collision with vehicle,3,Wednesday,130,REAR END(VEHICLES IN SAME LANE),1,724291,Not at intersection,3,60,Arterial Highway,PUNT,MELBOURNE,-37.82104,144.98944,2022,9,September,8,Morning Peak,Weekday
T20220020217,2022-09-07,14:45:00,4,Collision with a fixed object,3,Wednesday,171,LEFT OFF CARRIAGEWAY INTO OBJECT/PARKED VEHICLE,1,735468,Not at intersection,2,40,Local Road,SILVERTON,DANDENONG,-37.949318,145.1922,2022,9,September,14,Midday,Weekday
T20220020192,2022-09-07,13:22:00,1,Collision with vehicle,3,Wednesday,147,VEHICLE STRIKES ANOTHER VEH WHILE EMERGING FROM DRIVEWAY,1,774935,Not at intersection,3,60,Arterial Other,CRAIGIEBURN,HUME,-37.598946,144.94127,2022,9,September,13,Midday,Weekday
T20220021856,2022-09-07,15:25:00,1,Collision with vehicle,3,Wednesday,110,CROSS TRAFFIC(INTERSECTIONS ONLY),1,727396,Cross intersection,3,50,Local Road,HALLIFAX,FRANKSTON,-38.093723,145.13286,2022,9,September,15,Afternoon Peak,Weekday
T20220020239,2022-09-07,22:05:00,6,Vehicle overturned (no collision),3,Wednesday,182,OFF CARRIAGEWAY ON LEFT BEND,3,764144,Not at intersection,1,70,Arterial Other,EDGARS,WHITTLESEA,-37.68261,144.9995,2022,9,September,22,Night,Weekday
T20220020177,2022-09-07,06:30:00,1,Collision with vehicle,3,Wednesday,148,VEHICLE OFF FOOTPATH STRIKES VEH ON CARRIAGEWAY,2,724290,Not at intersection,2,50,Local Road,MADDEN,YARRA,-37.82806,145.00932,2022,9,September,6,Morning Peak,Weekday
T20220020224,2022-09-07,17:00:00,1,Collision with vehicle,3,Wednesday,119,OTHER ADJACENT (INTERSECTIONS ONLY),1,55791,Cross intersection,2,80,Arterial Other,WESTALL ROAD -WESTALL,DANDENONG,-37.960526,145.13681,2022,9,September,17,Afternoon Peak,Weekday
T20220020223,2022-09-07,20:10:00,1,Collision with vehicle,3,Wednesday,121,RIGHT THROUGH,3,11101,Cross intersection,2,80,Freeway,SEAFORD-FRANKSTON IN,FRANKSTON,-38.10867,145.13852,2022,9,September,20,Night,Weekday
T20220020229,2022-09-07,18:51:00,1,Collision with vehicle,3,Wednesday,113,RIGHT NEAR (INTERSECTIONS ONLY),3,57288,T intersection,2,60,Arterial Highway,MIDLAND,SHEPPARTON,-36.379402,145.3958,2022,9,September,18,Afternoon Peak,Weekday
T20220020221,2022-09-07,18:52:00,1,Collision with vehicle,3,Wednesday,154,PULLING OUT -REAR END,1,731898,Not at intersection,2,80,Freeway,WESTERN RING IN-CALDER OUT,BRIMBANK,-37.725945,144.86273,2022,9,September,18,Afternoon Peak,Weekday
T20220020188,2022-09-07,13:25:00,1,Collision with vehicle,3,Wednesday,120,HEAD ON (NOT OVERTAKING),1,785834,Not at intersection,2,100,Local Road,WILLIAMS,BENALLA,-36.838837,146.01996,2022,9,September,13,Midday,Weekday
T20220020176,2022-09-07,12:50:00,1,Collision with vehicle,3,Wednesday,110,CROSS TRAFFIC(INTERSECTIONS ONLY),1,56387,Cross intersection,3,80,Arterial Highway,SURF COAST,SURF COAST,-38.30067,144.32263,2022,9,September,12,Midday,Weekday
T20220020207,2022-09-07,15:07:00,1,Collision with vehicle,3,Wednesday,133,LANE SIDE SWIPE (VEHICLES IN PARALLEL LANES),1,44035,Cross intersection,3,50,Local Road,HIGH,MORNINGTON PENINSULA,-38.30771,145.18808,2022,9,September,15,Afternoon Peak,Weekday
T20220020204,2022-09-07,15:40:00,2,Struck Pedestrian,3,Wednesday,100,PED NEAR SIDE. PED HIT BY VEHICLE FROM THE RIGHT.,1,782592,Not at intersection,3,50,Local Road,WARANA,CASEY,-38.03175,145.27429,2022,9,September,15,Afternoon Peak,Weekday
T20220020219,2022-09-07,19:20:00,1,Collision with vehicle,3,Wednesday,169,OTHER ON PATH,6,742100,Not at intersection,3,50,Local Road,GRANDVIEW,MORELAND,-37.74228,144.94301,2022,9,September,19,Night,Weekday
T20220020248,2022-09-07,19:30:00,1,Collision with vehicle,3,Wednesday,142,LEAVING PARKING,1,782547,Not at intersection,3,60,Arterial Other,TOORAK,STONNINGTON,-37.839287,144.99393,2022,9,September,19,Night,Weekday
T20220020231,2022-09-07,21:07:00,1,Collision with vehicle,3,Wednesday,121,RIGHT THROUGH,3,43873,Multiple intersection,3,60,Arterial Highway,DANDENONG-HASTINGS,FRANKSTON,-38.121807,145.23058,2022,9,September,21,Night,Weekday
T20220020214,2022-09-07,19:45:00,1,Collision with vehicle,3,Wednesday,121,RIGHT THROUGH,3,307878,T intersection,2,60,Local Road,FITZGERALD,BRIMBANK,-37.793213,144.79016,2022,9,September,19,Night,Weekday
T20220020205,2022-09-07,16:26:00,1,Collision with vehicle,3,Wednesday,140,U TURN,1,782546,Y intersection,3,100,Freeway,BUNGOWER-PENINSULA LINK OUT,MORNINGTON PENINSULA,-38.236526,145.12445,2022,9,September,16,Afternoon Peak,Weekday
T20220020160,2022-09-07,09:25:00,1,Collision with vehicle,3,Wednesday,113,RIGHT NEAR (INTERSECTIONS ONLY),1,248985,T intersection,3,80,Local Road,COALVILLE,LATROBE,-38.201023,146.26842,2022,9,September,9,Morning Peak,Weekday
T20220020261,2022-09-07,18:00:00,1,Collision with vehicle,3,Wednesday,121,RIGHT THROUGH,2,36414,Cross intersection,2,60,Arterial Other,WELLINGTON,MELBOURNE,-37.816093,144.98262,2022,9,September,18,Afternoon Peak,Weekday
T20220020756,2022-09-07,10:15:00,1,Collision with vehicle,3,Wednesday,110,CROSS TRAFFIC(INTERSECTIONS ONLY),1,799,Cross intersection,3,60,Local Road,CORRIGAN,DANDENONG,-37.961704,145.1691,2022,9,September,10,Midday,Weekday
T20220020256,2022-09-07,19:50:00,4,Collision with a fixed object,3,Wednesday,175,OFF END OF ROAD/T-INTERSECTION.,5,671428,T intersection,2,80,Local Road,LARDNERS,BAW BAW,-38.15126,145.89198,2022,9,September,19,Night,Weekday
T20220020720,2022-09-07,12:00:00,1,Collision with vehicle,3,Wednesday,121,RIGHT THROUGH,1,753418,Cross intersection,2,80,Arterial Other,FRANKSTON-DANDENONG ROAD -THOMPSON,DANDENONG,-38.071938,145.19482,2022,9,September,12,Midday,Weekday
T20220020212,2022-09-07,08:00:00,1,Collision with vehicle,3,Wednesday,130,REAR END(VEHICLES IN SAME LANE),1,38601,T intersection,2,60,Arterial Other,SUNSHINE,MARIBYRNONG,-37.799706,144.86348,2022,9,September,8,Morning Peak,Weekday
T20220021801,2022-09-07,17:25:00,1,Collision with vehicle,3,Wednesday,130,REAR END(VEHICLES IN SAME LANE),1,782591,T intersection,3,60,Local Road,BARLOW,DANDENONG,-37.992577,145.18228,2022,9,September,17,Afternoon Peak,Weekday
T20220020196,2022-09-07,15:45:00,1,Collision with vehicle,3,Wednesday,121,RIGHT THROUGH,1,44426,T intersection,3,60,Arterial Other,ANAKIE,GEELONG,-38.096718,144.33424,2022,9,September,15,Afternoon Peak,Weekday
T20220020290,2022-09-08,15:04:00,1,Collision with vehicle,4,Thursday,130,REAR END(VEHICLES IN SAME LANE),1,61699,T intersection,2,40,Arterial Other,CAMP,HUME,-37.68569,144.92326,2022,9,September,15,Afternoon Peak,Weekday
T20220020667,2022-09-08,21:50:00,1,Collision with vehicle,4,Thursday,121,RIGHT THROUGH,3,774975,T intersection,3,70,Arterial Other,TAYLORS,BRIMBANK,-37.72821,144.80061,2022,9,September,21,Night,Weekday
T20220020285,2022-09-08,15:20:00,2,Struck Pedestrian,4,Thursday,100,PED NEAR SIDE. PED HIT BY VEHICLE FROM THE RIGHT.,1,725065,Not at intersection,3,40,Local Road,DUDLEY,MITCHELL,-37.41178,144.9738,2022,9,September,15,Afternoon Peak,Weekday
T20220020257,2022-09-08,10:38:00,1,Collision with vehicle,4,Thursday,140,U TURN,1,782597,Not at intersection,3,60,Arterial Other,TOORONGA,STONNINGTON,-37.872772,145.03845,2022,9,September,10,Midday,Weekday
T20220020258,2022-09-08,09:08:00,1,Collision with vehicle,4,Thursday,130,REAR END(VEHICLES IN SAME LANE),1,779368,Not at intersection,3,70,Arterial Highway,WARBURTON,YARRA RANGES,-37.775745,145.46275,2022,9,September,9,Morning Peak,Weekday
T20220020306,2022-09-08,17:25:00,1,Collision with vehicle,4,Thursday,135,LANE CHANGE LEFT (NOT OVERTAKING),2,782594,Not at intersection,3,60,Arterial Other,WARRIGAL,WHITEHORSE,-37.83989,145.0975,2022,9,September,17,Afternoon Peak,Weekday
T20220020300,2022-09-08,17:44:00,1,Collision with vehicle,4,Thursday,160,VEHICLE COLLIDES WITH VEHICLE PARKED ON LEFT OF ROAD,3,774936,Not at intersection,3,50,Local Road,RADLEIGH,MONASH,-37.91279,145.18085,2022,9,September,17,Afternoon Peak,Weekday
T20220020291,2022-09-08,15:50:00,1,Collision with vehicle,4,Thursday,130,REAR END(VEHICLES IN SAME LANE),1,726434,Not at intersection,2,70,Arterial Highway,BELLARINE,GEELONG,-38.187214,144.45685,2022,9,September,15,Afternoon Peak,Weekday
T20220020252,2022-09-08,07:55:00,2,Struck Pedestrian,4,Thursday,100,PED NEAR SIDE. PED HIT BY VEHICLE FROM THE RIGHT.,1,728396,Cross intersection,2,50,Local Road,MATTHEWS,MOONEE VALLEY,-37.713436,144.88998,2022,9,September,7,Morning Peak,Weekday
T20220023512,2022-09-08,03:00:00,4,Collision with a fixed object,4,Thursday,171,LEFT OFF CARRIAGEWAY INTO OBJECT/PARKED VEHICLE,3,775008,Not at intersection,3,80,Freeway,WEST GATE,HOBSONS BAY,-37.825493,144.88832,2022,9,September,3,Late Night,Weekday
T20220020284,2022-09-08,11:32:00,1,Collision with vehicle,4,Thursday,134,LANE CHANGE RIGHT (NOT OVERTAKING),1,738364,Not at intersection,2,100,Freeway,AVALON-PRINCES IN,GEELONG,-38.028885,144.43344,2022,9,September,11,Midday,Weekday
T20220020246,2022-09-08,08:07:00,4,Collision with a fixed object,4,Thursday,171,LEFT OFF CARRIAGEWAY INTO OBJECT/PARKED VEHICLE,1,744260,Not at intersection,3,60,Arterial Highway,GREAT ALPINE,WANGARATTA,-36.38719,146.42955,2022,9,September,8,Morning Peak,Weekday
T20220024125,2022-09-08,18:30:00,1,Collision with vehicle,4,Thursday,113,RIGHT NEAR (INTERSECTIONS ONLY),1,42784,T intersection,3,60,Arterial Other,CENTRE DANDENONG,KINGSTON,-37.967243,145.07074,2022,9,September,18,Afternoon Peak,Weekday
T20220021414,2022-09-08,09:25:00,1,Collision with vehicle,4,Thursday,132,RIGHT REAR.,1,43370,T intersection,3,60,Arterial Other,DANDENONG,FRANKSTON,-38.13799,145.128,2022,9,September,9,Morning Peak,Weekday
T20220029771,2022-09-08,09:00:00,6,Vehicle overturned (no collision),4,Thursday,172,OFF CARRIAGEWAY TO RIGHT,1,745014,Not at intersection,3,60,Arterial Highway,WHITEHORSE,WHITEHORSE,-37.81617,145.10895,2022,9,September,9,Morning Peak,Weekday
T20220020904,2022-09-08,18:46:00,1,Collision with vehicle,4,Thursday,110,CROSS TRAFFIC(INTERSECTIONS ONLY),2,754278,Cross intersection,3,50,Local Road,SPENCER,MOONEE VALLEY,-37.74542,144.89449,2022,9,September,18,Afternoon Peak,Weekday
T20220022312,2022-09-08,21:00:00,1,Collision with vehicle,4,Thursday,121,RIGHT THROUGH,3,278616,T intersection,3,80,Freeway,FRANKSTON-DANDENONG,FRANKSTON,-38.10925,145.1612,2022,9,September,21,Night,Weekday
T20220020570,2022-09-08,13:35:00,1,Collision with vehicle,4,Thursday,121,RIGHT THROUGH,1,289269,Not at intersection,3,60,Arterial Highway,NORTH,MONASH,-37.909637,145.08633,2022,9,September,13,Midday,Weekday
T20220020243,2022-09-08,04:17:00,2,Struck Pedestrian,4,Thursday,104,PED WALKING WITH TRAFFIC,3,750411,Not at intersection,2,50,Local Road,HENDERSON,ARARAT,-37.28225,142.918,2022,9,September,4,Late Night,Weekday
T20220020926,2022-09-08,10:45:00,4,Collision with a fixed object,4,Thursday,171,LEFT OFF CARRIAGEWAY INTO OBJECT/PARKED VEHICLE,1,782596,Not at intersection,3,60,Local Road,INTERLINK,HUME,-37.601288,144.94627,2022,9,September,10,Midday,Weekday
T20220027556,2022-09-08,08:15:00,4,Collision with a fixed object,4,Thursday,183,OFF LEFT BEND INTO OBJECT/PARKED VEHICLE,1,782598,Not at intersection,3,80,Arterial Other,MOUNTAIN,KNOX,-37.85958,145.20744,2022,9,September,8,Morning Peak,Weekday
T20220020764,2022-09-08,07:56:00,1,Collision with vehicle,4,Thursday,139,OTHER SAME DIRECTION-MANOUEVRES NOT INCLUDED IN DCAs 130-137,1,785845,Not at intersection,2,100,Freeway,MORNINGTON PENINSULA,FRANKSTON,-38.082275,145.1491,2022,9,September,7,Morning Peak,Weekday
T20220020513,2022-09-08,16:30:00,1,Collision with vehicle,4,Thursday,140,U TURN,1,724688,Not at intersection,3,60,Local Road,TOWNSEND,GEELONG,-38.181618,144.39343,2022,9,September,16,Afternoon Peak,Weekday
T20220020296,2022-09-08,15:17:00,1,Collision with vehicle,4,Thursday,135,LANE CHANGE LEFT (NOT OVERTAKING),1,782593,Not at intersection,3,80,Freeway,WEST GATE,MELBOURNE,-37.82811,144.9554,2022,9,September,15,Afternoon Peak,Weekday
T20220020311,2022-09-08,20:08:00,1,Collision with vehicle,4,Thursday,140,U TURN,3,787111,Not at intersection,2,80,Arterial Other,PASCOE VALE,HUME,-37.663372,144.92244,2022,9,September,20,Night,Weekday
T20220020307,2022-09-08,19:45:00,1,Collision with vehicle,4,Thursday,116,LEFT NEAR (INTERSECTIONS ONLY),3,737942,Multiple intersection,3,40,Local Road,BEVERIDGE,SWAN HILL,-35.338882,143.55807,2022,9,September,19,Night,Weekday
T20220020310,2022-09-08,19:55:00,4,Collision with a fixed object,4,Thursday,171,LEFT OFF CARRIAGEWAY INTO OBJECT/PARKED VEHICLE,3,354832,T intersection,3,70,Arterial Highway,LATROBE,GEELONG,-38.15127,144.3519,2022,9,September,19,Night,Weekday
T20220024459,2022-09-08,15:00:00,1,Collision with vehicle,4,Thursday,130,REAR END(VEHICLES IN SAME LANE),1,775021,Not at intersection,3,50,Local Road,GRAHAM,BAYSIDE,-37.95187,145.04141,2022,9,September,15,Afternoon Peak,Weekday
T20220020315,2022-09-08,20:34:00,1,Collision with vehicle,4,Thursday,121,RIGHT THROUGH,3,35589,Cross intersection,3,60,Arterial Highway,SPRINGVALE,DANDENONG,-37.94715,145.15314,2022,9,September,20,Night,Weekday
T20220020316,2022-09-08,21:58:00,4,Collision with a fixed object,4,Thursday,173,RIGHT OFF CARRIAGEWAY INTO OBJECT/PARKED VEHICLE,3,782611,T intersection,3,50,Local Road,STATION,CAMPASPE,-36.30991,145.0514,2022,9,September,21,Night,Weekday
T20220020317,2022-09-08,19:36:00,4,Collision with a fixed object,4,Thursday,173,RIGHT OFF CARRIAGEWAY INTO OBJECT/PARKED VEHICLE,3,774972,Not at intersection,3,60,Arterial Highway,PRINCES HIGHWAY SERVICE,DANDENONG,-37.976135,145.20496,2022,9,September,19,Night,Weekday
T20220020320,2022-09-08,21:50:00,1,Collision with vehicle,4,Thursday,130,REAR END(VEHICLES IN SAME LANE),3,35718,T intersection,3,60,Arterial Other,JOHNSTONE,HUME,-37.683914,144.91374,2022,9,September,21,Night,Weekday
T20220023582,2022-09-09,16:45:00,1,Collision with vehicle,5,Friday,113,RIGHT NEAR (INTERSECTIONS ONLY),1,41710,T intersection,3,60,Arterial Other,CLAYTON,MONASH,-37.906586,145.1232,2022,9,September,16,Afternoon Peak,Weekday
T20220020343,2022-09-09,08:45:00,1,Collision with vehicle,5,Friday,130,REAR END(VEHICLES IN SAME LANE),1,726650,Not at intersection,2,80,Freeway,WEST GATE,MELBOURNE,-37.829685,144.9194,2022,9,September,8,Morning Peak,Weekday
T20220020346,2022-09-09,08:50:00,1,Collision with vehicle,5,Friday,116,LEFT NEAR (INTERSECTIONS ONLY),1,747907,T intersection,2,40,Local Road,GILLESPIE,BRIMBANK,-37.733467,144.76625,2022,9,September,8,Morning Peak,Weekday
T20220023646,2022-09-09,19:00:00,1,Collision with vehicle,5,Friday,130,REAR END(VEHICLES IN SAME LANE),3,234871,T intersection,3,60,Arterial Highway,PLENTY,BANYULE,-37.70003,145.05836,2022,9,September,19,Night,Weekday
T20220020420,2022-09-09,18:50:00,4,Collision with a fixed object,5,Friday,181,OFF RIGHT BEND INTO OBJECT/PARKED VEHICLE,3,40675,Cross intersection,3,60,Arterial Other,RIVERSDALE,WHITEHORSE,-37.838512,145.12,2022,9,September,18,Afternoon Peak,Weekday
T20220020356,2022-09-09,12:00:00,1,Collision with vehicle,5,Friday,130,REAR END(VEHICLES IN SAME LANE),1,657670,Multiple intersection,3,80,Freeway,SUNSHINE,BRIMBANK,-37.702053,144.80214,2022,9,September,12,Midday,Weekday
T20220020357,2022-09-09,11:04:00,1,Collision with vehicle,5,Friday,140,U TURN,1,726273,T intersection,3,60,Local Road,MOREILLON,GOLDEN PLAINS,-38.047733,144.1604,2022,9,September,11,Midday,Weekday
T20220020365,2022-09-09,13:35:00,1,Collision with vehicle,5,Friday,134,LANE CHANGE RIGHT (NOT OVERTAKING),1,727827,Not at intersection,2,100,Freeway,MONASH,DANDENONG,-37.95593,145.2195,2022,9,September,13,Midday,Weekday
T20220020399,2022-09-09,15:50:00,1,Collision with vehicle,5,Friday,111,RIGHT FAR (INTERSECTIONS ONLY),1,36797,T intersection,3,70,Arterial Other,SOMERTON,HUME,-37.63586,144.889,2022,9,September,15,Afternoon Peak,Weekday
T20220020398,2022-09-09,17:30:00,1,Collision with vehicle,5,Friday,120,HEAD ON (NOT OVERTAKING),1,342984,T intersection,2,60,Arterial Highway,GLENELG,GOLDEN PLAINS,-37.66889,143.65417,2022,9,September,17,Afternoon Peak,Weekday
T20220020827,2022-09-09,17:00:00,1,Collision with vehicle,5,Friday,145,REVERSING IN STREAM OF TRAFFIC,1,740678,Not at intersection,3,50,Local Road,CAPITAL LINK,HUME,-37.652523,144.95828,2022,9,September,17,Afternoon Peak,Weekday
T20220020395,2022-09-09,23:20:00,4,Collision with a fixed object,5,Friday,181,OFF RIGHT BEND INTO OBJECT/PARKED VEHICLE,5,731589,Not at intersection,2,40,Arterial Other,HEATHCOTE-REDESDALE,BENDIGO,-37.01583,144.541,2022,9,September,23,Night,Weekday
T20220020368,2022-09-09,10:35:00,1,Collision with vehicle,5,Friday,130,REAR END(VEHICLES IN SAME LANE),1,779468,Not at intersection,3,80,Arterial Highway,GEELONG,BRIMBANK,-37.818672,144.84229,2022,9,September,10,Midday,Weekday
T20220020433,2022-09-09,17:35:00,4,Collision with a fixed object,5,Friday,171,LEFT OFF CARRIAGEWAY INTO OBJECT/PARKED VEHICLE,2,782654,Not at intersection,3,60,Local Road,FAIRBANK,KINGSTON,-37.94259,145.13466,2022,9,September,17,Afternoon Peak,Weekday
T20220020422,2022-09-09,15:30:00,4,Collision with a fixed object,5,Friday,173,RIGHT OFF CARRIAGEWAY INTO OBJECT/PARKED VEHICLE,1,728078,T intersection,3,50,Local Road,BUSHY PARK,MELTON,-37.738567,144.73524,2022,9,September,15,Afternoon Peak,Weekday
T20220020510,2022-09-09,18:45:00,1,Collision with vehicle,5,Friday,113,RIGHT NEAR (INTERSECTIONS ONLY),3,724687,T intersection,3,80,Arterial Other,FERNTREE GULLY,KNOX,-37.886032,145.26683,2022,9,September,18,Afternoon Peak,Weekday
T20220020624,2022-09-09,21:30:00,1,Collision with vehicle,5,Friday,130,REAR END(VEHICLES IN SAME LANE),6,725318,Not at intersection,3,60,Arterial Highway,WARRIGAL,MONASH,-37.906258,145.0857,2022,9,September,21,Night,Weekday