ACCIDENT_NO,ACCIDENT_DATE,ACCIDENT_TIME,ACCIDENT_TYPE,ACCIDENT_TYPE_DESC,DAY_OF_WEEK,DAY_WEEK_DESC,DCA_CODE,DCA_DESC,LIGHT_CONDITION,NODE_ID,ROAD_GEOMETRY_DESC,SEVERITY,SPEED_ZONE,RMA,ROAD_NAME,LGA_NAME,LATITUDE,LONGITUDE,YEAR,MONTH,MONTH_NAME,HOUR,TIME_PERIOD,DAY_TYPE
T20220024107,2022-09-09,19:45:00,1,Collision with vehicle,5,Friday,110,CROSS TRAFFIC(INTERSECTIONS ONLY),3,58109,Cross intersection,3,50,Local Road,CHERRY,MILDURA,-34.179226,142.15565,2022,9,September,19,Night,Weekday
T20220020380,2022-09-09,07:40:00,1,Collision with vehicle,5,Friday,132,RIGHT REAR.,1,68058,T intersection,2,60,Arterial Other,QUEEN,HOBSONS BAY,-37.87271,144.78307,2022,9,September,7,Morning Peak,Weekday
T20220020378,2022-09-09,12:54:00,1,Collision with vehicle,5,Friday,110,CROSS TRAFFIC(INTERSECTIONS ONLY),1,50190,Cross intersection,3,80,Arterial Highway,BELLARINE,GEELONG,-38.182743,144.43764,2022,9,September,12,Midday,Weekday
T20220020376,2022-09-09,13:30:00,1,Collision with vehicle,5,Friday,140,U TURN,1,246805,Not at intersection,2,60,Arterial Other,HIGH,DAREBIN,-37.71286,145.00824,2022,9,September,13,Midday,Weekday
T20220020371,2022-09-09,14:35:00,4,Collision with a fixed object,5,Friday,183,OFF LEFT BEND INTO OBJECT/PARKED VEHICLE,1,736926,Not at intersection,2,100,Arterial Other,HYLAND,LATROBE,-38.243874,146.63722,2022,9,September,14,Midday,Weekday
T20220020697,2022-09-09,06:20:00,1,Collision with vehicle,5,Friday,130,REAR END(VEHICLES IN SAME LANE),1,774941,Not at intersection,2,100,Freeway,HUME,WHITTLESEA,-37.63509,144.99338,2022,9,September,6,Morning Peak,Weekday
T20220021082,2022-09-09,09:07:00,1,Collision with vehicle,5,Friday,120,HEAD ON (NOT OVERTAKING),1,725499,Not at intersection,3,40,Arterial Other,URQUHART,MORELAND,-37.740368,144.96854,2022,9,September,9,Morning Peak,Weekday
T20220020333,2022-09-09,07:24:00,1,Collision with vehicle,5,Friday,113,RIGHT NEAR (INTERSECTIONS ONLY),1,724075,T intersection,3,80,Local Road,BANKSIDE,CASEY,-38.145283,145.2928,2022,9,September,7,Morning Peak,Weekday
T20220024015,2022-09-09,06:30:00,1,Collision with vehicle,5,Friday,120,HEAD ON (NOT OVERTAKING),1,44918,T intersection,3,80,Arterial Other,BALLARAT,BRIMBANK,-37.77081,144.77812,2022,9,September,6,Morning Peak,Weekday
T20220027456,2022-09-09,09:00:00,1,Collision with vehicle,5,Friday,110,CROSS TRAFFIC(INTERSECTIONS ONLY),1,60744,Cross intersection,3,60,Local Road,DOVETON,BALLARAT,-37.546295,143.85765,2022,9,September,9,Morning Peak,Weekday
T20220020370,2022-09-09,13:05:00,1,Collision with vehicle,5,Friday,130,REAR END(VEHICLES IN SAME LANE),1,725127,Not at intersection,2,60,Arterial Other,BULLA,MOONEE VALLEY,-37.736595,144.90517,2022,9,September,13,Midday,Weekday
T20220020564,2022-09-09,18:20:00,2,Struck Pedestrian,5,Friday,106,VEH STRIKES PED ON FOOTPATH/MEDIAN/TRAFFIC ISLAND.,1,725190,Not at intersection,2,40,Local Road,AUGHTIE,PORT PHILLIP,-37.840218,144.9637,2022,9,September,18,Afternoon Peak,Weekday
T20220020804,2022-09-09,18:50:00,3,Struck animal,5,Friday,167,STRUCK ANIMAL,2,725074,Not at intersection,3,70,Local Road,INGLIS,CASEY,-38.02687,145.37288,2022,9,September,18,Afternoon Peak,Weekday
T20220021833,2022-09-09,16:15:00,1,Collision with vehicle,5,Friday,134,LANE CHANGE RIGHT (NOT OVERTAKING),2,726786,Not at intersection,3,60,Arterial Other,OLYMPIC,MELBOURNE,-37.823463,144.9793,2022,9,September,16,Afternoon Peak,Weekday
T20220020702,2022-09-09,18:40:00,1,Collision with vehicle,5,Friday,148,VEHICLE OFF FOOTPATH STRIKES VEH ON CARRIAGEWAY,9,782658,T intersection,3,50,Local Road,SURFCOAST,GEELONG,-38.225777,144.33656,2022,9,September,18,Afternoon Peak,Weekday
T20220021332,2022-09-09,13:20:00,1,Collision with vehicle,5,Friday,121,RIGHT THROUGH,1,48812,T intersection,3,60,Arterial Other,MURRAY,MORELAND,-37.73542,144.97064,2022,9,September,13,Midday,Weekday
T20220024984,2022-09-09,09:00:00,2,Struck Pedestrian,5,Friday,107,PED ON FOOTHPATH STRUCK BY VEHENTERING/LEAVING DRIVEWAY.,1,782656,Not at intersection,3,40,Local Road,THE AVENUE,CARDINIA,-38.06992,145.47537,2022,9,September,9,Morning Peak,Weekday
T20220020389,2022-09-09,15:45:00,2,Struck Pedestrian,5,Friday,109,ANY MANOEUVRE INVOLVING PED NOT INCLUDED IN DCAs 100-108.,1,724859,Not at intersection,2,50,Local Road,BISHOP,NILLUMBIK,-37.67514,145.167,2022,9,September,15,Afternoon Peak,Weekday
T20220020436,2022-09-10,15:15:00,1,Collision with vehicle,6,Saturday,113,RIGHT NEAR (INTERSECTIONS ONLY),1,725128,Multiple intersection,2,80,Freeway,MONASH OUT-BELGRAVE-HALLAM,CASEY,-37.997223,145.27527,2022,9,September,15,Afternoon Peak,Weekend
T20220020431,2022-09-10,12:50:00,4,Collision with a fixed object,6,Saturday,171,LEFT OFF CARRIAGEWAY INTO OBJECT/PARKED VEHICLE,1,331898,T intersection,2,60,Local Road,DOHERTYS,WYNDHAM,-37.82179,144.7108,2022,9,September,12,Midday,Weekend
T20220020430,2022-09-10,16:24:00,1,Collision with vehicle,6,Saturday,113,RIGHT NEAR (INTERSECTIONS ONLY),1,755008,T intersection,2,80,Arterial Highway,DANDENONG,MONASH,-37.919884,145.13576,2022,9,September,16,Afternoon Peak,Weekend
T20220020424,2022-09-10,10:50:00,1,Collision with vehicle,6,Saturday,130,REAR END(VEHICLES IN SAME LANE),1,288590,Cross intersection,3,80,Arterial Highway,SOUTH GIPPSLAND,DANDENONG,-38.01652,145.23315,2022,9,September,10,Midday,Weekend
T20220022238,2022-09-10,13:50:00,1,Collision with vehicle,6,Saturday,110,CROSS TRAFFIC(INTERSECTIONS ONLY),1,53086,Cross intersection,2,60,Arterial Other,GRANT,BALLARAT,-37.57081,143.86507,2022,9,September,13,Midday,Weekend
T20220020419,2022-09-10,13:38:00,1,Collision with vehicle,6,Saturday,130,REAR END(VEHICLES IN SAME LANE),1,774937,Not at intersection,3,60,Arterial Other,THE BOULEVARD,GEELONG,-38.09869,144.3539,2022,9,September,13,Midday,Weekend
T20220020411,2022-09-10,11:50:00,6,Vehicle overturned (no collision),6,Saturday,184,OUT OF CONTROL ON CARRIAGEWAY (ON BEND),1,724685,Not at intersection,2,80,Arterial Other,PRINCES,BAW BAW,-38.090405,145.83112,2022,9,September,11,Midday,Weekend
T20220020408,2022-09-10,10:50:00,1,Collision with vehicle,6,Saturday,116,LEFT NEAR (INTERSECTIONS ONLY),1,326605,Cross intersection,3,50,Local Road,RANGEVIEW,BAW BAW,-38.162857,145.94398,2022,9,September,10,Midday,Weekend
T20220020407,2022-09-10,08:45:00,1,Collision with vehicle,6,Saturday,130,REAR END(VEHICLES IN SAME LANE),1,249055,Multiple intersection,3,30,Arterial Other,MOUNT ALEXANDER,MOONEE VALLEY,-37.74625,144.91167,2022,9,September,8,Morning Peak,Weekend
T20220020404,2022-09-10,09:30:00,8,No collision and no object struck,6,Saturday,174,OUT OF CONTROL ON CARRIAGEWAY (ON STRAIGHT),1,724575,T intersection,2,50,Local Road,EARLSTOWN,MONASH,-37.900738,145.08502,2022,9,September,9,Morning Peak,Weekend
T20220020403,2022-09-10,10:37:00,2,Struck Pedestrian,6,Saturday,101,PED EMERGES FROM IN FRONT OF PARKED OR STATIONARY VEHICLE,1,724683,Not at intersection,3,40,Arterial Other,SYDNEY,MORELAND,-37.775867,144.96065,2022,9,September,10,Midday,Weekend
T20220020397,2022-09-10,09:25:00,4,Collision with a fixed object,6,Saturday,181,OFF RIGHT BEND INTO OBJECT/PARKED VEHICLE,1,724793,Multiple intersection,3,80,Arterial Highway,GREENSBOROUGH,NILLUMBIK,-37.689533,145.1134,2022,9,September,9,Morning Peak,Weekend
T20220020396,2022-09-10,09:09:00,1,Collision with vehicle,6,Saturday,133,LANE SIDE SWIPE (VEHICLES IN PARALLEL LANES),1,698174,Cross intersection,3,40,Arterial Other,BARWON HEADS,GEELONG,-38.18086,144.35396,2022,9,September,9,Morning Peak,Weekend
T20220022380,2022-09-10,16:30:00,1,Collision with vehicle,6,Saturday,160,VEHICLE COLLIDES WITH VEHICLE PARKED ON LEFT OF ROAD,1,785855,Not at intersection,2,40,Local Road,AUGHTIE,PORT PHILLIP,-37.850437,144.9695,2022,9,September,16,Afternoon Peak,Weekend
T20220022386,2022-09-10,15:13:00,1,Collision with vehicle,6,Saturday,130,REAR END(VEHICLES IN SAME LANE),9,727159,T intersection,3,80,Arterial Highway,SOUTH GIPPSLAND,DANDENONG,-38.016575,145.233,2022,9,September,15,Afternoon Peak,Weekend
T20220020449,2022-09-10,16:30:00,2,Struck Pedestrian,6,Saturday,101,PED EMERGES FROM IN FRONT OF PARKED OR STATIONARY VEHICLE,1,738530,Not at intersection,2,50,Local Road,LESTER,BRIMBANK,-37.73916,144.81099,2022,9,September,16,Afternoon Peak,Weekend
T20220020890,2022-09-10,18:50:00,6,Vehicle overturned (no collision),6,Saturday,170,OFF CARRIAGEWAY TO LEFT,2,774977,Cross intersection,2,50,Local Road,FENWAY,CASEY,-38.08695,145.3353,2022,9,September,18,Afternoon Peak,Weekend
T20220020985,2022-09-10,18:00:00,2,Struck Pedestrian,6,Saturday,104,PED WALKING WITH TRAFFIC,2,753056,Not at intersection,2,70,Arterial Other,BALLARAT,BRIMBANK,-37.770947,144.7892,2022,9,September,18,Afternoon Peak,Weekend
T20220021049,2022-09-10,12:20:00,1,Collision with vehicle,6,Saturday,110,CROSS TRAFFIC(INTERSECTIONS ONLY),1,49219,Cross intersection,3,60,Arterial Highway,SEVENTH,MILDURA,-34.18455,142.16556,2022,9,September,12,Midday,Weekend
T20220021133,2022-09-10,08:00:00,4,Collision with a fixed object,6,Saturday,179,OTHER ACCIDENTS-OFF STRAIGHT NOT INCLUDED IN DCAs 170-175,1,725745,Not at intersection,3,100,Local Road,UPPER LURG,BENALLA,-36.601257,146.20523,2022,9,September,8,Morning Peak,Weekend
T20230013746,2022-09-10,11:30:00,1,Collision with vehicle,6,Saturday,148,VEHICLE OFF FOOTPATH STRIKES VEH ON CARRIAGEWAY,1,776050,Not at intersection,3,50,Local Road,LABUAN,MORNINGTON PENINSULA,-38.356537,144.75896,2022,9,September,11,Midday,Weekend
T20220021924,2022-09-10,15:13:00,1,Collision with vehicle,6,Saturday,130,REAR END(VEHICLES IN SAME LANE),1,288590,Unknown,2,80,Arterial Highway,SOUTH GIPPSLAND,DANDENONG,-38.01652,145.23315,2022,9,September,15,Afternoon Peak,Weekend
T20220020492,2022-09-10,13:37:00,2,Struck Pedestrian,6,Saturday,100,PED NEAR SIDE. PED HIT BY VEHICLE FROM THE RIGHT.,1,277152,T intersection,1,60,Arterial Highway,KINGS,PORT PHILLIP,-37.829544,144.96378,2022,9,September,13,Midday,Weekend
T20220020482,2022-09-10,12:19:00,1,Collision with vehicle,6,Saturday,113,RIGHT NEAR (INTERSECTIONS ONLY),1,44952,T intersection,3,60,Arterial Other,ST ALBANS,BRIMBANK,-37.749363,144.8038,2022,9,September,12,Midday,Weekend
T20220020469,2022-09-10,23:20:00,1,Collision with vehicle,6,Saturday,130,REAR END(VEHICLES IN SAME LANE),3,774938,T intersection,3,30,Local Road,RAILWAY,MONASH,-37.88,145.16565,2022,9,September,23,Night,Weekend
T20220020468,2022-09-10,19:10:00,2,Struck Pedestrian,6,Saturday,104,PED WALKING WITH TRAFFIC,5,738607,Not at intersection,2,50,Local Road,RAILWAY,CARDINIA,-38.09848,145.71689,2022,9,September,19,Night,Weekend
T20220020467,2022-09-10,02:15:00,4,Collision with a fixed object,6,Saturday,173,RIGHT OFF CARRIAGEWAY INTO OBJECT/PARKED VEHICLE,3,735990,T intersection,2,50,Local Road,KEARNEY,KINGSTON,-38.01806,145.10732,2022,9,September,2,Late Night,Weekend
T20220020466,2022-09-10,21:49:00,1,Collision with vehicle,6,Saturday,110,CROSS TRAFFIC(INTERSECTIONS ONLY),3,49246,Cross intersection,2,40,Arterial Highway,GLENELG HIGHWAY -SMYTHES,BALLARAT,-37.5904,143.80649,2022,9,September,21,Night,Weekend
T20220020465,2022-09-10,22:10:00,4,Collision with a fixed object,6,Saturday,181,OFF RIGHT BEND INTO OBJECT/PARKED VEHICLE,3,782663,Y intersection,3,60,Arterial Highway,7824F 2240F,MELBOURNE,-37.82539,144.96465,2022,9,September,22,Night,Weekend
T20220020463,2022-09-10,23:00:00,1,Collision with vehicle,6,Saturday,160,VEHICLE COLLIDES WITH VEHICLE PARKED ON LEFT OF ROAD,3,724578,Not at intersection,3,60,Arterial Other,DRUMMOND,BALLARAT,-37.571705,143.84546,2022,9,September,23,Night,Weekend
T20220020462,2022-09-10,19:48:00,5,collision with some other object,6,Saturday,166,STRUCK OBJECT ON CARRIAGEWAY,5,759211,Not at intersection,1,80,Local Road,CREAMERY,GEELONG,-38.09766,144.30792,2022,9,September,19,Night,Weekend
T20220020451,2022-09-10,19:20:00,1,Collision with vehicle,6,Saturday,121,RIGHT THROUGH,3,36273,Cross intersection,2,50,Local Road,CANADIAN BAY,MORNINGTON PENINSULA,-38.183712,145.08926,2022,9,September,19,Night,Weekend
T20220020448,2022-09-10,15:00:00,1,Collision with vehicle,6,Saturday,113,RIGHT NEAR (INTERSECTIONS ONLY),1,34021,T intersection,3,80,Arterial Highway,BURWOOD,KNOX,-37.870857,145.24144,2022,9,September,15,Afternoon Peak,Weekend
T20220020443,2022-09-10,17:36:00,1,Collision with vehicle,6,Saturday,121,RIGHT THROUGH,1,51145,T intersection,3,60,Arterial Highway,GOULBURN VALLEY,SHEPPARTON,-36.41375,145.39246,2022,9,September,17,Afternoon Peak,Weekend
T20220020438,2022-09-10,14:30:00,6,Vehicle overturned (no collision),6,Saturday,170,OFF CARRIAGEWAY TO LEFT,1,782683,Not at intersection,3,100,Local Road,VAUGHANS,GLENELG,-38.057476,141.80363,2022,9,September,14,Midday,Weekend
T20220020543,2022-09-11,19:30:00,1,Collision with vehicle,7,Sunday,169,OTHER ON PATH,3,731690,Not at intersection,2,50,Local Road,BECKINGTON,CASEY,-38.026154,145.2584,2022,9,September,19,Night,Weekend
T20220020542,2022-09-11,19:20:00,2,Struck Pedestrian,7,Sunday,102,FAR SIDE. PED HIT BY VEHICLE FROM THE LEFT,3,725416,Not at intersection,2,40,Local Road,STATION,MAROONDAH,-37.815918,145.23003,2022,9,September,19,Night,Weekend
T20220020602,2022-09-11,00:01:00,1,Collision with vehicle,7,Sunday,130,REAR END(VEHICLES IN SAME LANE),5,774940,Not at intersection,2,100,Freeway,HUME,HUME,-37.579723,144.94199,2022,9,September,0,Late Night,Weekend
T20220021205,2022-09-11,17:45:00,1,Collision with vehicle,7,Sunday,113,RIGHT NEAR (INTERSECTIONS ONLY),2,54477,T intersection,3,60,Arterial Other,SHRIVES,CASEY,-38.03159,145.29639,2022,9,September,17,Afternoon Peak,Weekend
T20220020530,2022-09-11,18:33:00,2,Struck Pedestrian,7,Sunday,100,PED NEAR SIDE. PED HIT BY VEHICLE FROM THE RIGHT.,5,92123,Not at intersection,2,50,Local Road,BELAIR,MORELAND,-37.70451,144.91539,2022,9,September,18,Afternoon Peak,Weekend
T20220020527,2022-09-11,15:45:00,1,Collision with vehicle,7,Sunday,121,RIGHT THROUGH,1,39211,Cross intersection,3,60,Arterial Highway,MAROONDAH,BOROONDARA,-37.815014,145.09938,2022,9,September,15,Afternoon Peak,Weekend
T20220020526,2022-09-11,11:45:00,1,Collision with vehicle,7,Sunday,135,LANE CHANGE LEFT (NOT OVERTAKING),1,726512,Not at intersection,1,80,Arterial Other,KOROROIT CREEK,HOBSONS BAY,-37.84829,144.81773,2022,9,September,11,Midday,Weekend
T20220020523,2022-09-11,13:54:00,1,Collision with vehicle,7,Sunday,136,RIGHT TURN SIDESWIPE,1,774939,Not at intersection,3,50,Local Road,HURTLE,WHITTLESEA,-37.672565,145.01175,2022,9,September,13,Midday,Weekend
T20220020520,2022-09-11,10:00:00,6,Vehicle overturned (no collision),7,Sunday,172,OFF CARRIAGEWAY TO RIGHT,1,785875,Not at intersection,2,100,Arterial Highway,MAROONDAH,MANSFIELD,-37.025944,145.8143,2022,9,September,10,Midday,Weekend
T20220025889,2022-09-11,18:45:00,1,Collision with vehicle,7,Sunday,121,RIGHT THROUGH,3,496,T intersection,3,60,Arterial Other,ELGAR,WHITEHORSE,-37.81944,145.11455,2022,9,September,18,Afternoon Peak,Weekend
T20220020774,2022-09-11,18:15:00,1,Collision with vehicle,7,Sunday,116,LEFT NEAR (INTERSECTIONS ONLY),2,727699,T intersection,3,60,Arterial Other,CENTRE DANDENONG,KINGSTON,-37.9697,145.09071,2022,9,September,18,Afternoon Peak,Weekend
T20220020586,2022-09-11,02:30:00,2,Struck Pedestrian,7,Sunday,104,PED WALKING WITH TRAFFIC,3,49935,Cross intersection,2,70,Arterial Highway,LATROBE,GEELONG,-38.147438,144.35275,2022,9,September,2,Late Night,Weekend
T20220020519,2022-09-11,14:50:00,4,Collision with a fixed object,7,Sunday,171,LEFT OFF CARRIAGEWAY INTO OBJECT/PARKED VEHICLE,1,89216,T intersection,3,50,Local Road,JESMOND,MAROONDAH,-37.81162,145.28258,2022,9,September,14,Midday,Weekend
T20220020518,2022-09-11,14:45:00,2,Struck Pedestrian,7,Sunday,108,PED STRUCK WALKING TO/FROM OR BOARDING/ALIGHTING VEHICLE.,1,785871,Not at intersection,2,40,Local Road,KOORNANG,GLEN EIRA,-37.88827,145.05725,2022,9,September,14,Midday,Weekend
T20220020809,2022-09-11,16:15:00,1,Collision with vehicle,7,Sunday,163,VEHICLE STRIKES DOOR OF PARKED/STATIONARY VEHICLE,9,734663,Not at intersection,3,40,Local Road,WALKER,STONNINGTON,-37.848286,144.99442,2022,9,September,16,Afternoon Peak,Weekend
T20220020517,2022-09-11,11:40:00,6,Vehicle overturned (no collision),7,Sunday,174,OUT OF CONTROL ON CARRIAGEWAY (ON STRAIGHT),1,726407,Not at intersection,3,40,Local Road,LYGON,MELBOURNE,-37.805294,144.96614,2022,9,September,11,Midday,Weekend
T20220021059,2022-09-11,12:00:00,1,Collision with vehicle,7,Sunday,137,LEFT TURN SIDESWIPE,1,782733,Not at intersection,3,50,Local Road,RATHDOWNE,MELBOURNE,-37.80274,144.96962,2022,9,September,12,Midday,Weekend
T20220020505,2022-09-11,13:42:00,4,Collision with a fixed object,7,Sunday,183,OFF LEFT BEND INTO OBJECT/PARKED VEHICLE,1,782688,Not at intersection,3,100,Local Road,VICTORIA,YARRA RANGES,-37.767586,145.43358,2022,9,September,13,Midday,Weekend
T20220024705,2022-09-11,14:43:00,1,Collision with vehicle,7,Sunday,110,CROSS TRAFFIC(INTERSECTIONS ONLY),1,43092,Cross intersection,3,60,Local Road,MCCRAE,DANDENONG,-37.991833,145.22105,2022,9,September,14,Midday,Weekend
T20220020500,2022-09-11,12:10:00,1,Collision with vehicle,7,Sunday,110,CROSS TRAFFIC(INTERSECTIONS ONLY),1,51933,Cross intersection,2,100,Arterial Other,BAIRNSDALE-DARGO,EAST GIPPSLAND,-37.798054,147.44002,2022,9,September,12,Midday,Weekend
T20220020497,2022-09-11,10:38:00,1,Collision with vehicle,7,Sunday,120,HEAD ON (NOT OVERTAKING),1,724794,Not at intersection,2,60,Local Road,AITKEN,HUME,-37.622093,144.91495,2022,9,September,10,Midday,Weekend
T20220021699,2022-09-11,15:45:00,1,Collision with vehicle,7,Sunday,132,RIGHT REAR.,1,37272,T intersection,3,60,Arterial Other,SWAN,YARRA,-37.826344,145.0039,2022,9,September,15,Afternoon Peak,Weekend
T20220020487,2022-09-11,09:20:00,1,Collision with vehicle,7,Sunday,110,CROSS TRAFFIC(INTERSECTIONS ONLY),1,52857,Cross intersection,3,50,Arterial Highway,DOVETON,BALLARAT,-37.559467,143.85521,2022,9,September,9,Morning Peak,Weekend
T20220020485,2022-09-11,05:42:00,1,Collision with vehicle,7,Sunday,113,RIGHT NEAR (INTERSECTIONS ONLY),3,259283,T intersection,3,70,Arterial Highway,HIGH,GEELONG,-38.18516,144.33226,2022,9,September,5,Morning Peak,Weekend
T20220020475,2022-09-11,03:40:00,4,Collision with a fixed object,7,Sunday,171,LEFT OFF CARRIAGEWAY INTO OBJECT/PARKED VEHICLE,3,725129,Not at intersection,3,100,Freeway,WESTERN RING,HUME,-37.693764,144.90796,2022,9,September,3,Late Night,Weekend
T20220024302,2022-09-11,04:30:00,2,Struck Pedestrian,7,Sunday,109,ANY MANOEUVRE INVOLVING PED NOT INCLUDED IN DCAs 100-108.,3,762618,Not at intersection,3,40,Local Road,LANGHORNE,DANDENONG,-37.98813,145.21571,2022,9,September,4,Late Night,Weekend
T20220020783,2022-09-11,10:00:00,4,Collision with a fixed object,7,Sunday,179,OTHER ACCIDENTS-OFF STRAIGHT NOT INCLUDED IN DCAs 170-175,1,729003,Not at intersection,3,100,Local Road,MAIN,MOUNT ALEXANDER,-37.193424,143.98198,2022,9,September,10,Midday,Weekend
T20220021032,2022-09-11,11:30:00,1,Collision with vehicle,7,Sunday,134,LANE CHANGE RIGHT (NOT OVERTAKING),1,726409,Not at intersection,2,70,Arterial Other,BALLARAT,MARIBYRNONG,-37.779224,144.84764,2022,9,September,11,Midday,Weekend
T20220020566,2022-09-11,00:30:00,1,Collision with vehicle,7,Sunday,134,LANE CHANGE RIGHT (NOT OVERTAKING),6,725722,Not at intersection,3,80,Freeway,KOROROIT CREEK-PRINCES OUT,HOBSONS BAY,-37.845135,144.78691,2022,9,September,0,Late Night,Weekend
T20220020606,2022-09-11,23:30:00,4,Collision with a fixed object,7,Sunday,181,OFF RIGHT BEND INTO OBJECT/PARKED VEHICLE,5,782686,Not at intersection,3,100,Arterial Highway,GOULBURN VALLEY,MOIRA,-35.857876,145.55873,2022,9,September,23,Night,Weekend
T20220020474,2022-09-11,00:45:00,4,Collision with a fixed object,7,Sunday,171,LEFT OFF CARRIAGEWAY INTO OBJECT/PARKED VEHICLE,3,785870,Not at intersection,2,60,Arterial Highway,ST KILDA,PORT PHILLIP,-37.859707,144.98386,2022,9,September,0,Late Night,Weekend
T20220021683,2022-09-11,17:45:00,1,Collision with vehicle,7,Sunday,142,LEAVING PARKING,9,782722,Not at intersection,3,60,Arterial Other,PASCOE VALE,MOONEE VALLEY,-37.760815,144.926,2022,9,September,17,Afternoon Peak,Weekend
T20220020627,2022-09-11,19:00:00,4,Collision with a fixed object,7,Sunday,183,OFF LEFT BEND INTO OBJECT/PARKED VEHICLE,5,782697,Not at intersection,3,80,Arterial Highway,GREAT ALPINE,ALPINE,-36.98839,147.05779,2022,9,September,19,Night,Weekend
T20220020611,2022-09-11,10:30:00,1,Collision with vehicle,7,Sunday,111,RIGHT FAR (INTERSECTIONS ONLY),1,785873,T intersection,2,60,Arterial Other,WATTLETREE,STONNINGTON,-37.86378,145.03912,2022,9,September,10,Midday,Weekend
T20220021249,2022-09-11,07:10:00,1,Collision with vehicle,7,Sunday,160,VEHICLE COLLIDES WITH VEHICLE PARKED ON LEFT OF ROAD,1,780186,Not at intersection,3,70,Arterial Other,EDGARS,WHITTLESEA,-37.66035,145.00655,2022,9,September,7,Morning Peak,Weekend
T20220021117,2022-09-11,20:30:00,2,Struck Pedestrian,7,Sunday,108,PED STRUCK WALKING TO/FROM OR BOARDING/ALIGHTING VEHICLE.,3,676570,T intersection,3,60,Arterial Other,RALEIGH,MARIBYRNONG,-37.769028,144.89255,2022,9,September,20,Night,Weekend
T20220020608,2022-09-11,11:13:00,1,Collision with vehicle,7,Sunday,113,RIGHT NEAR (INTERSECTIONS ONLY),1,60017,Cross intersection,2,100,Local Road,CHAPLINS,CENTRAL GOLDFIELDS,-37.04363,143.79102,2022,9,September,11,Midday,Weekend
T20220020552,2022-09-11,20:40:00,4,Collision with a fixed object,7,Sunday,181,OFF RIGHT BEND INTO OBJECT/PARKED VEHICLE,5,727957,Not at intersection,3,80,Arterial Highway,GREAT ALPINE,ALPINE,-36.920506,147.05083,2022,9,September,20,Night,Weekend
T20220020604,2022-09-12,08:58:00,1,Collision with vehicle,1,Monday,130,REAR END(VEHICLES IN SAME LANE),1,725498,Not at intersection,2,60,Local Road,EDGARS,WHITTLESEA,-37.620644,145.0052,2022,9,September,8,Morning Peak,Weekday
T20220020603,2022-09-12,12:00:00,1,Collision with vehicle,1,Monday,160,VEHICLE COLLIDES WITH VEHICLE PARKED ON LEFT OF ROAD,1,727897,Not at intersection,2,60,Arterial Other,MOUNT ALEXANDER,MOONEE VALLEY,-37.756386,144.91864,2022,9,September,12,Midday,Weekday
T20220020601,2022-09-12,13:20:00,1,Collision with vehicle,1,Monday,132,RIGHT REAR.,1,724941,T intersection,2,60,Local Road,ROBERTS,GEELONG,-38.17092,144.33066,2022,9,September,13,Midday,Weekday
T20220020596,2022-09-12,12:11:00,1,Collision with vehicle,1,Monday,120,HEAD ON (NOT OVERTAKING),1,40745,T intersection,3,60,Arterial Other,HIGHBURY,MONASH,-37.8589,145.14354,2022,9,September,12,Midday,Weekday
T20220020852,2022-09-12,08:10:00,1,Collision with vehicle,1,Monday,130,REAR END(VEHICLES IN SAME LANE),1,779473,Not at intersection,3,80,Freeway,METROPOLITAN RING,NILLUMBIK,-37.693554,145.09303,2022,9,September,8,Morning Peak,Weekday
T20220020594,2022-09-12,05:58:00,4,Collision with a fixed object,1,Monday,193,STRUCK RAILWAY CROSSING FURNITURE,2,734086,Not at intersection,3,60,Arterial Other,MERRI,DAREBIN,-37.77988,144.9923,2022,9,September,5,Morning Peak,Weekday
T20220020592,2022-09-12,10:05:00,4,Collision with a fixed object,1,Monday,173,RIGHT OFF CARRIAGEWAY INTO OBJECT/PARKED VEHICLE,1,782657,Not at intersection,3,50,Local Road,BEATTY,MORELAND,-37.698803,144.92656,2022,9,September,10,Midday,Weekday
T20220021401,2022-09-12,07:00:00,1,Collision with vehicle,1,Monday,130,REAR END(VEHICLES IN SAME LANE),1,775961,Not at intersection,3,100,Freeway,WESTERN,MELTON,-37.75128,144.72476,2022,9,September,7,Morning Peak,Weekday
T20220020587,2022-09-12,08:48:00,6,Vehicle overturned (no collision),1,Monday,174,OUT OF CONTROL ON CARRIAGEWAY (ON STRAIGHT),1,50041,Cross intersection,3,50,Local Road,HUMBLE,GEELONG,-38.159843,144.38039,2022,9,September,8,Morning Peak,Weekday
T20220020670,2022-09-12,20:35:00,4,Collision with a fixed object,1,Monday,183,OFF LEFT BEND INTO OBJECT/PARKED VEHICLE,5,735430,Not at intersection,2,100,Arterial Other,OMEO,EAST GIPPSLAND,-37.05054,147.60135,2022,9,September,20,Night,Weekday
T20220020581,2022-09-12,09:40:00,1,Collision with vehicle,1,Monday,135,LANE CHANGE LEFT (NOT OVERTAKING),1,774973,Not at intersection,2,100,Arterial Highway,FRANKSTON-DANDENONG,FRANKSTON,-38.1269,145.13632,2022,9,September,9,Morning Peak,Weekday