ACCIDENT_NO,ACCIDENT_DATE,ACCIDENT_TIME,ACCIDENT_TYPE,ACCIDENT_TYPE_DESC,DAY_OF_WEEK,DAY_WEEK_DESC,DCA_CODE,DCA_DESC,LIGHT_CONDITION,NODE_ID,ROAD_GEOMETRY_DESC,SEVERITY,SPEED_ZONE,RMA,ROAD_NAME,LGA_NAME,LATITUDE,LONGITUDE,YEAR,MONTH,MONTH_NAME,HOUR,TIME_PERIOD,DAY_TYPE
T20220020576,2022-09-12,10:30:00,1,Collision with vehicle,1,Monday,121,RIGHT THROUGH,1,724856,Cross intersection,2,60,Arterial Other,SEAFORD,FRANKSTON,-38.108837,145.13982,2022,9,September,10,Midday,Weekday
T20220020573,2022-09-12,09:45:00,1,Collision with vehicle,1,Monday,130,REAR END(VEHICLES IN SAME LANE),1,724796,Not at intersection,2,60,Arterial Other,MAIN,MOORABOOL,-37.675262,144.43384,2022,9,September,9,Morning Peak,Weekday
T20220020572,2022-09-12,10:16:00,1,Collision with vehicle,1,Monday,116,LEFT NEAR (INTERSECTIONS ONLY),1,787110,T intersection,2,60,Local Road,GLENFERN,KNOX,-37.88941,145.28818,2022,9,September,10,Midday,Weekday
T20220020571,2022-09-12,06:45:00,1,Collision with vehicle,1,Monday,113,RIGHT NEAR (INTERSECTIONS ONLY),2,38461,T intersection,3,60,Arterial Other,SETTLEMENT,WHITTLESEA,-37.694523,145.04002,2022,9,September,6,Morning Peak,Weekday
T20220020589,2022-09-12,12:00:00,2,Struck Pedestrian,1,Monday,103,PED PLAYING/LYING/WORKING/STANDING ON CARRIAGEWAY.,1,725417,Not at intersection,3,60,Arterial Highway,SOUTH GIPPSLAND,CASEY,-38.109837,145.28351,2022,9,September,12,Midday,Weekday
T20220021071,2022-09-12,23:12:00,3,Struck animal,1,Monday,167,STRUCK ANIMAL,5,725677,Not at intersection,3,100,Local Road,FINLAY,SHEPPARTON,-36.254646,145.16322,2022,9,September,23,Night,Weekday
T20220020569,2022-09-12,08:55:00,1,Collision with vehicle,1,Monday,139,OTHER SAME DIRECTION-MANOUEVRES NOT INCLUDED IN DCAs 130-137,1,785878,Not at intersection,2,80,Local Road,BUNGOWER,MORNINGTON PENINSULA,-38.228695,145.08554,2022,9,September,8,Morning Peak,Weekday
T20220022485,2022-09-12,17:00:00,1,Collision with vehicle,1,Monday,142,LEAVING PARKING,2,727702,Not at intersection,3,50,Local Road,SCOTT,BENDIGO,-36.723488,144.3096,2022,9,September,17,Afternoon Peak,Weekday
T20220020568,2022-09-12,05:45:00,4,Collision with a fixed object,1,Monday,171,LEFT OFF CARRIAGEWAY INTO OBJECT/PARKED VEHICLE,2,244164,Cross intersection,3,80,Arterial Other,RUSHDALE,KNOX,-37.893154,145.2552,2022,9,September,5,Morning Peak,Weekday
T20220020562,2022-09-12,08:45:00,1,Collision with vehicle,1,Monday,130,REAR END(VEHICLES IN SAME LANE),1,163422,Cross intersection,2,60,Arterial Highway,ANZAC,WODONGA,-36.13699,146.90894,2022,9,September,8,Morning Peak,Weekday
T20220020677,2022-09-12,18:50:00,1,Collision with vehicle,1,Monday,120,HEAD ON (NOT OVERTAKING),3,731524,Not at intersection,2,60,Local Road,CALDER PARK,MELTON,-37.707825,144.7554,2022,9,September,18,Afternoon Peak,Weekday
T20220020558,2022-09-12,05:14:00,1,Collision with vehicle,1,Monday,130,REAR END(VEHICLES IN SAME LANE),3,779288,Not at intersection,3,100,Freeway,WESTERN RING OUT-PASCOE VALE,HUME,-37.697716,144.89778,2022,9,September,5,Morning Peak,Weekday
T20220020555,2022-09-12,02:30:00,4,Collision with a fixed object,1,Monday,179,OTHER ACCIDENTS-OFF STRAIGHT NOT INCLUDED IN DCAs 170-175,3,782609,Not at intersection,3,70,Arterial Highway,SPRINGVALE,DANDENONG,-37.95786,145.1512,2022,9,September,2,Late Night,Weekday
T20220020941,2022-09-12,09:03:00,1,Collision with vehicle,1,Monday,130,REAR END(VEHICLES IN SAME LANE),1,303237,T intersection,3,60,Arterial Other,WATTLETREE,NILLUMBIK,-37.702805,145.15247,2022,9,September,9,Morning Peak,Weekday
T20220020746,2022-09-12,16:55:00,1,Collision with vehicle,1,Monday,147,VEHICLE STRIKES ANOTHER VEH WHILE EMERGING FROM DRIVEWAY,1,780158,T intersection,3,60,Arterial Highway,BULLEEN,MANNINGHAM,-37.770515,145.07933,2022,9,September,16,Afternoon Peak,Weekday
T20220020655,2022-09-12,21:36:00,1,Collision with vehicle,1,Monday,171,LEFT OFF CARRIAGEWAY INTO OBJECT/PARKED VEHICLE,3,782644,Cross intersection,3,100,Freeway,MONASH OUT-BURKE,STONNINGTON,-37.85047,145.05005,2022,9,September,21,Night,Weekday
T20220020651,2022-09-12,19:45:00,1,Collision with vehicle,1,Monday,121,RIGHT THROUGH,3,37356,T intersection,3,40,Arterial Other,BRIDGE,YARRA,-37.82022,145.01448,2022,9,September,19,Night,Weekday
T20220020650,2022-09-12,15:10:00,1,Collision with vehicle,1,Monday,130,REAR END(VEHICLES IN SAME LANE),1,785886,Not at intersection,2,40,Local Road,PURNELL,GEELONG,-38.07303,144.3493,2022,9,September,15,Afternoon Peak,Weekday
T20220020646,2022-09-12,15:40:00,1,Collision with vehicle,1,Monday,140,U TURN,1,724943,Not at intersection,3,60,Arterial Other,BARRABOOL,GEELONG,-38.169685,144.31241,2022,9,September,15,Afternoon Peak,Weekday
T20220020641,2022-09-12,17:57:00,1,Collision with vehicle,1,Monday,121,RIGHT THROUGH,1,221792,Cross intersection,3,80,Freeway,COOPER-HUME OUT,WHITTLESEA,-37.64797,144.98982,2022,9,September,17,Afternoon Peak,Weekday
T20220020639,2022-09-12,18:29:00,2,Struck Pedestrian,1,Monday,102,FAR SIDE. PED HIT BY VEHICLE FROM THE LEFT,3,740286,Not at intersection,2,60,Local Road,INKERMAN,GLEN EIRA,-37.869488,145.02425,2022,9,September,18,Afternoon Peak,Weekday
T20220020635,2022-09-12,16:45:00,1,Collision with vehicle,1,Monday,140,U TURN,1,353796,T intersection,2,80,Arterial Highway,MAROONDAH,MAROONDAH,-37.789234,145.26869,2022,9,September,16,Afternoon Peak,Weekday
T20220022390,2022-09-12,08:30:00,1,Collision with vehicle,1,Monday,130,REAR END(VEHICLES IN SAME LANE),1,764297,Not at intersection,3,80,Freeway,WEST GATE,HOBSONS BAY,-37.82497,144.84398,2022,9,September,8,Morning Peak,Weekday
T20220020632,2022-09-12,17:15:00,1,Collision with vehicle,1,Monday,142,LEAVING PARKING,1,785891,Not at intersection,2,50,Local Road,BLYTH,HOBSONS BAY,-37.868248,144.82932,2022,9,September,17,Afternoon Peak,Weekday
T20220020977,2022-09-12,06:31:00,1,Collision with vehicle,1,Monday,132,RIGHT REAR.,1,779290,Cross intersection,3,80,Arterial Other,CRANBOURNE,CASEY,-38.02615,145.30666,2022,9,September,6,Morning Peak,Weekday
T20220020623,2022-09-12,15:20:00,1,Collision with vehicle,1,Monday,121,RIGHT THROUGH,1,724798,Cross intersection,3,70,Local Road,KILMUR,WYNDHAM,-37.87196,144.72534,2022,9,September,15,Afternoon Peak,Weekday
T20220020622,2022-09-12,11:20:00,1,Collision with vehicle,1,Monday,120,HEAD ON (NOT OVERTAKING),1,751258,Not at intersection,2,80,Arterial Other,HEALESVILLE-KOO WEE RUP,YARRA RANGES,-37.73242,145.51839,2022,9,September,11,Midday,Weekday
T20220020621,2022-09-12,14:15:00,4,Collision with a fixed object,1,Monday,173,RIGHT OFF CARRIAGEWAY INTO OBJECT/PARKED VEHICLE,1,785888,Not at intersection,2,100,Local Road,WILDWOOD,HUME,-37.563683,144.79285,2022,9,September,14,Midday,Weekday
T20220020619,2022-09-12,14:15:00,1,Collision with vehicle,1,Monday,147,VEHICLE STRIKES ANOTHER VEH WHILE EMERGING FROM DRIVEWAY,1,725191,Not at intersection,2,40,Arterial Other,MAIN HURSTBRIDGE,NILLUMBIK,-37.669292,145.17413,2022,9,September,14,Midday,Weekday
T20220020615,2022-09-12,09:45:00,1,Collision with vehicle,1,Monday,130,REAR END(VEHICLES IN SAME LANE),1,779489,Not at intersection,3,40,Local Road,HALL,FRANKSTON,-38.105892,145.22478,2022,9,September,9,Morning Peak,Weekday
T20220022301,2022-09-12,16:40:00,1,Collision with vehicle,1,Monday,130,REAR END(VEHICLES IN SAME LANE),1,779486,Not at intersection,3,100,Freeway,MONASH,DANDENONG,-37.9616,145.22812,2022,9,September,16,Afternoon Peak,Weekday
T20220020610,2022-09-12,13:35:00,1,Collision with vehicle,1,Monday,130,REAR END(VEHICLES IN SAME LANE),1,724942,T intersection,2,70,Arterial Other,CENTRE DANDENONG,KINGSTON,-37.966816,145.06732,2022,9,September,13,Midday,Weekday
T20220021217,2022-09-12,08:30:00,1,Collision with vehicle,1,Monday,130,REAR END(VEHICLES IN SAME LANE),1,299089,T intersection,3,60,Arterial Other,GRIMSHAW,BANYULE,-37.703403,145.09187,2022,9,September,8,Morning Peak,Weekday
T20220020634,2022-09-12,15:30:00,1,Collision with vehicle,1,Monday,130,REAR END(VEHICLES IN SAME LANE),1,725069,Not at intersection,3,60,Arterial Highway,NORTH,GLEN EIRA,-37.90946,145.08485,2022,9,September,15,Afternoon Peak,Weekday
T20220020716,2022-09-13,07:30:00,8,No collision and no object struck,2,Tuesday,174,OUT OF CONTROL ON CARRIAGEWAY (ON STRAIGHT),2,1192,Cross intersection,3,50,Arterial Other,RYRIE,GEELONG,-38.149323,144.3598,2022,9,September,7,Morning Peak,Weekday
T20220020735,2022-09-13,18:15:00,1,Collision with vehicle,2,Tuesday,148,VEHICLE OFF FOOTPATH STRIKES VEH ON CARRIAGEWAY,2,787103,Not at intersection,3,80,Arterial Highway,DANDENONG,MONASH,-37.916378,145.13017,2022,9,September,18,Afternoon Peak,Weekday
T20220020711,2022-09-13,15:50:00,1,Collision with vehicle,2,Tuesday,135,LANE CHANGE LEFT (NOT OVERTAKING),1,724944,Not at intersection,3,60,Arterial Other,EDGARS,WHITTLESEA,-37.662388,145.00618,2022,9,September,15,Afternoon Peak,Weekday
T20220025193,2022-09-13,13:00:00,1,Collision with vehicle,2,Tuesday,130,REAR END(VEHICLES IN SAME LANE),1,343266,Cross intersection,3,50,Arterial Highway,CITY ROAD -POWER,MELBOURNE,-37.823807,144.96266,2022,9,September,13,Midday,Weekday
T20220020709,2022-09-13,15:40:00,1,Collision with vehicle,2,Tuesday,148,VEHICLE OFF FOOTPATH STRIKES VEH ON CARRIAGEWAY,1,732634,Not at intersection,2,40,Local Road,MASON,HOBSONS BAY,-37.842186,144.88026,2022,9,September,15,Afternoon Peak,Weekday
T20220020680,2022-09-13,08:24:00,1,Collision with vehicle,2,Tuesday,130,REAR END(VEHICLES IN SAME LANE),1,781126,Not at intersection,3,70,Arterial Other,YAN YEAN,NILLUMBIK,-37.621433,145.13545,2022,9,September,8,Morning Peak,Weekday
T20220020687,2022-09-13,10:55:00,4,Collision with a fixed object,2,Tuesday,173,RIGHT OFF CARRIAGEWAY INTO OBJECT/PARKED VEHICLE,1,774976,Not at intersection,2,60,Arterial Other,URQUHART,HORSHAM,-36.70977,142.20229,2022,9,September,10,Midday,Weekday
T20220020690,2022-09-13,09:55:00,1,Collision with vehicle,2,Tuesday,160,VEHICLE COLLIDES WITH VEHICLE PARKED ON LEFT OF ROAD,1,725070,Not at intersection,3,50,Local Road,PORTER,BANYULE,-37.739742,145.0575,2022,9,September,9,Morning Peak,Weekday
T20220020696,2022-09-13,12:19:00,1,Collision with vehicle,2,Tuesday,116,LEFT NEAR (INTERSECTIONS ONLY),1,45058,Cross intersection,3,60,Arterial Other,MCINTYRE,BRIMBANK,-37.7689,144.83023,2022,9,September,12,Midday,Weekday
T20220020691,2022-09-13,08:40:00,1,Collision with vehicle,2,Tuesday,130,REAR END(VEHICLES IN SAME LANE),1,34278,Not at intersection,2,60,Arterial Other,HALLAM SOUTH,CASEY,-38.00791,145.27303,2022,9,September,8,Morning Peak,Weekday
T20220020758,2022-09-13,23:35:00,1,Collision with vehicle,2,Tuesday,120,HEAD ON (NOT OVERTAKING),5,779758,Not at intersection,2,80,Arterial Other,DAYLESFORD-MALMSBURY,HEPBURN,-37.2904,144.2639,2022,9,September,23,Night,Weekday
T20220020664,2022-09-13,06:33:00,1,Collision with vehicle,2,Tuesday,121,RIGHT THROUGH,1,41159,Cross intersection,2,60,Arterial Other,NORTH,BAYSIDE,-37.898327,144.99431,2022,9,September,6,Morning Peak,Weekday
T20220020751,2022-09-13,16:45:00,1,Collision with vehicle,2,Tuesday,130,REAR END(VEHICLES IN SAME LANE),1,725319,Not at intersection,3,60,Local Road,SPRINGFIELD,WHITEHORSE,-37.813038,145.1752,2022,9,September,16,Afternoon Peak,Weekday
T20220024331,2022-09-13,15:30:00,2,Struck Pedestrian,2,Tuesday,100,PED NEAR SIDE. PED HIT BY VEHICLE FROM THE RIGHT.,1,782662,Not at intersection,3,80,Freeway,FERNTREE GULLY-EASTLINK IN,KNOX,-37.903233,145.21445,2022,9,September,15,Afternoon Peak,Weekday
T20220020708,2022-09-13,15:28:00,1,Collision with vehicle,2,Tuesday,110,CROSS TRAFFIC(INTERSECTIONS ONLY),1,1206,Cross intersection,2,60,Arterial Other,BADGER CREEK,YARRA RANGES,-37.662003,145.52809,2022,9,September,15,Afternoon Peak,Weekday
T20220020707,2022-09-13,14:27:00,1,Collision with vehicle,2,Tuesday,110,CROSS TRAFFIC(INTERSECTIONS ONLY),1,43022,Cross intersection,3,60,Arterial Other,HEATHERTON,DANDENONG,-37.969597,145.21118,2022,9,September,14,Midday,Weekday
T20220020704,2022-09-13,10:00:00,4,Collision with a fixed object,2,Tuesday,171,LEFT OFF CARRIAGEWAY INTO OBJECT/PARKED VEHICLE,1,725104,Not at intersection,1,100,Local Road,TORRUMBARRY WEIR,CAMPASPE,-35.96067,144.46327,2022,9,September,10,Midday,Weekday
T20220020656,2022-09-13,02:42:00,1,Collision with vehicle,2,Tuesday,150,HEAD ON(OVERTAKING),3,736567,Not at intersection,3,40,Local Road,ARTHUR,BAYSIDE,-37.92341,145.00009,2022,9,September,2,Late Night,Weekday
T20220020701,2022-09-13,13:00:00,1,Collision with vehicle,2,Tuesday,134,LANE CHANGE RIGHT (NOT OVERTAKING),1,725071,Not at intersection,3,60,Local Road,BENNET,DANDENONG,-37.987423,145.19943,2022,9,September,13,Midday,Weekday
T20220020868,2022-09-13,06:45:00,1,Collision with vehicle,2,Tuesday,130,REAR END(VEHICLES IN SAME LANE),9,779304,Cross intersection,3,80,Arterial Highway,DANDENONG,MONASH,-37.914433,145.12737,2022,9,September,6,Morning Peak,Weekday
T20220020793,2022-09-13,17:25:00,1,Collision with vehicle,2,Tuesday,113,RIGHT NEAR (INTERSECTIONS ONLY),2,40459,T intersection,3,60,Arterial Highway,TOORAK,BOROONDARA,-37.846607,145.06203,2022,9,September,17,Afternoon Peak,Weekday
T20220020785,2022-09-13,17:15:00,1,Collision with vehicle,2,Tuesday,130,REAR END(VEHICLES IN SAME LANE),1,725321,Not at intersection,3,80,Freeway,MONTAGUE-CITYLINK OUT,PORT PHILLIP,-37.826042,144.94281,2022,9,September,17,Afternoon Peak,Weekday
T20220021840,2022-09-13,13:22:00,1,Collision with vehicle,2,Tuesday,130,REAR END(VEHICLES IN SAME LANE),1,747006,Not at intersection,3,60,Arterial Other,MURDOCH,WANGARATTA,-36.363804,146.32419,2022,9,September,13,Midday,Weekday
T20220021192,2022-09-13,18:15:00,5,collision with some other object,2,Tuesday,166,STRUCK OBJECT ON CARRIAGEWAY,2,10581,Cross intersection,3,80,Arterial Other,PRINCES,CARDINIA,-38.06638,145.46718,2022,9,September,18,Afternoon Peak,Weekday
T20220020674,2022-09-13,09:20:00,1,Collision with vehicle,2,Tuesday,130,REAR END(VEHICLES IN SAME LANE),1,782664,Not at intersection,3,60,Arterial Highway,HIGH,BENDIGO,-36.76771,144.26587,2022,9,September,9,Morning Peak,Weekday
T20220021798,2022-09-13,17:50:00,1,Collision with vehicle,2,Tuesday,130,REAR END(VEHICLES IN SAME LANE),1,779292,Cross intersection,3,60,Local Road,KOOYONG,GLEN EIRA,-37.868725,145.01833,2022,9,September,17,Afternoon Peak,Weekday
T20220020738,2022-09-13,19:14:00,1,Collision with vehicle,2,Tuesday,113,RIGHT NEAR (INTERSECTIONS ONLY),3,29751,T intersection,3,60,Arterial Other,RIDDELL,HUME,-37.57443,144.72624,2022,9,September,19,Night,Weekday
T20220021166,2022-09-13,07:45:00,7,Fall from or in moving vehicle,2,Tuesday,149,OTHER MANOEUVRING NOT INCLUDED IN DCAs 140-148,2,782678,Not at intersection,3,40,Local Road,GLEN HUNTLY,GLEN EIRA,-37.88452,145.00264,2022,9,September,7,Morning Peak,Weekday
T20220020727,2022-09-13,17:40:00,1,Collision with vehicle,2,Tuesday,130,REAR END(VEHICLES IN SAME LANE),1,725125,Not at intersection,3,50,Arterial Highway,POINT NEPEAN,MORNINGTON PENINSULA,-38.363678,144.8761,2022,9,September,17,Afternoon Peak,Weekday
T20220020733,2022-09-13,04:28:00,1,Collision with vehicle,2,Tuesday,132,RIGHT REAR.,2,356525,T intersection,3,70,Arterial Other,KEILOR-DERRIMUT,BRIMBANK,-37.75108,144.77794,2022,9,September,4,Late Night,Weekday
T20220027150,2022-09-13,11:35:00,1,Collision with vehicle,2,Tuesday,113,RIGHT NEAR (INTERSECTIONS ONLY),1,1256,Cross intersection,3,60,Arterial Other,MCINTYRE,BRIMBANK,-37.752792,144.83302,2022,9,September,11,Midday,Weekday
T20220020726,2022-09-13,15:35:00,4,Collision with a fixed object,2,Tuesday,171,LEFT OFF CARRIAGEWAY INTO OBJECT/PARKED VEHICLE,1,785893,Not at intersection,2,100,Arterial Highway,MOOROODUC,MORNINGTON PENINSULA,-38.23359,145.08957,2022,9,September,15,Afternoon Peak,Weekday
T20220020724,2022-09-13,17:10:00,1,Collision with vehicle,2,Tuesday,130,REAR END(VEHICLES IN SAME LANE),1,725073,Not at intersection,2,70,Freeway,GEELONG RING OUT-PRINCES,GEELONG,-38.20057,144.31145,2022,9,September,17,Afternoon Peak,Weekday
T20220020722,2022-09-13,15:30:00,1,Collision with vehicle,2,Tuesday,116,LEFT NEAR (INTERSECTIONS ONLY),1,44924,Cross intersection,3,60,Local Road,CAPE NELSON,GLENELG,-38.359856,141.60542,2022,9,September,15,Afternoon Peak,Weekday
T20220020721,2022-09-13,16:30:00,1,Collision with vehicle,2,Tuesday,163,VEHICLE STRIKES DOOR OF PARKED/STATIONARY VEHICLE,1,757494,Not at intersection,3,40,Local Road,HAZEL GLEN,WHITTLESEA,-37.58655,145.12755,2022,9,September,16,Afternoon Peak,Weekday
T20220020719,2022-09-13,15:21:00,1,Collision with vehicle,2,Tuesday,111,RIGHT FAR (INTERSECTIONS ONLY),1,51343,Cross intersection,3,50,Local Road,HIGH,SWAN HILL,-35.337227,143.55453,2022,9,September,15,Afternoon Peak,Weekday
T20220020717,2022-09-13,16:37:00,1,Collision with vehicle,2,Tuesday,130,REAR END(VEHICLES IN SAME LANE),1,725072,Not at intersection,3,100,Freeway,METROPOLITAN RING,WHITTLESEA,-37.68612,145.06062,2022,9,September,16,Afternoon Peak,Weekday
T20220020776,2022-09-14,13:45:00,1,Collision with vehicle,3,Wednesday,139,OTHER SAME DIRECTION-MANOUEVRES NOT INCLUDED IN DCAs 130-137,1,774944,Not at intersection,3,80,Arterial Highway,MAROONDAH,YARRA RANGES,-37.683445,145.4678,2022,9,September,13,Midday,Weekday
T20230001397,2022-09-14,09:58:00,1,Collision with vehicle,3,Wednesday,130,REAR END(VEHICLES IN SAME LANE),1,340540,Cross intersection,3,70,Arterial Other,BALLARAT,BRIMBANK,-37.776966,144.82874,2022,9,September,9,Morning Peak,Weekday
T20220020894,2022-09-14,15:50:00,1,Collision with vehicle,3,Wednesday,116,LEFT NEAR (INTERSECTIONS ONLY),1,45369,Cross intersection,3,60,Arterial Other,EPSOM,MELBOURNE,-37.78059,144.91475,2022,9,September,15,Afternoon Peak,Weekday
T20220023061,2022-09-14,07:35:00,1,Collision with vehicle,3,Wednesday,130,REAR END(VEHICLES IN SAME LANE),1,775394,Cross intersection,3,80,Local Road,WENTWORTH,CASEY,-38.074158,145.27136,2022,9,September,7,Morning Peak,Weekday
T20220020788,2022-09-14,09:40:00,1,Collision with vehicle,3,Wednesday,113,RIGHT NEAR (INTERSECTIONS ONLY),1,40145,T intersection,3,70,Arterial Other,SHARPS,BRIMBANK,-37.708115,144.87773,2022,9,September,9,Morning Peak,Weekday
T20220020778,2022-09-14,14:08:00,1,Collision with vehicle,3,Wednesday,130,REAR END(VEHICLES IN SAME LANE),1,725193,Not at intersection,3,80,Arterial Other,PASCOE VALE,HUME,-37.658035,144.92677,2022,9,September,14,Midday,Weekday
T20220022656,2022-09-14,15:15:00,1,Collision with vehicle,3,Wednesday,130,REAR END(VEHICLES IN SAME LANE),1,768979,Not at intersection,2,70,Freeway,PRINCES,WYNDHAM,-37.833576,144.80826,2022,9,September,15,Afternoon Peak,Weekday
T20220021771,2022-09-14,14:30:00,1,Collision with vehicle,3,Wednesday,120,HEAD ON (NOT OVERTAKING),1,780189,Not at intersection,3,60,Arterial Other,RYANS,NILLUMBIK,-37.678173,145.14415,2022,9,September,14,Midday,Weekday
T20220021095,2022-09-14,08:15:00,1,Collision with vehicle,3,Wednesday,130,REAR END(VEHICLES IN SAME LANE),1,786077,Not at intersection,2,80,Arterial Highway,SOUTH GIPPSLAND,DANDENONG,-38.018448,145.23526,2022,9,September,8,Morning Peak,Weekday
T20220020835,2022-09-14,14:41:00,4,Collision with a fixed object,3,Wednesday,183,OFF LEFT BEND INTO OBJECT/PARKED VEHICLE,1,782770,Not at intersection,3,80,Arterial Other,BOWSER,WANGARATTA,-36.341595,146.3386,2022,9,September,14,Midday,Weekday
T20220020794,2022-09-14,16:40:00,1,Collision with vehicle,3,Wednesday,142,LEAVING PARKING,1,782799,Not at intersection,3,50,Local Road,BREED,LATROBE,-38.18786,146.53441,2022,9,September,16,Afternoon Peak,Weekday
T20220020811,2022-09-14,18:30:00,1,Collision with vehicle,3,Wednesday,120,HEAD ON (NOT OVERTAKING),3,734279,Not at intersection,2,60,Local Road,LAVEROCK,WARRNAMBOOL,-38.369297,142.46855,2022,9,September,18,Afternoon Peak,Weekday
T20220020814,2022-09-14,21:55:00,1,Collision with vehicle,3,Wednesday,140,U TURN,3,774945,Not at intersection,3,70,Arterial Other,CHILDS,WHITTLESEA,-37.66224,145.05241,2022,9,September,21,Night,Weekday
T20220022582,2022-09-14,15:30:00,1,Collision with vehicle,3,Wednesday,140,U TURN,1,29384,T intersection,3,80,Arterial Highway,PRINCES,DANDENONG,-37.937996,145.16214,2022,9,September,15,Afternoon Peak,Weekday
T20220020782,2022-09-14,14:37:00,1,Collision with vehicle,3,Wednesday,115,RIGHT/LEFT FAR (INTERSECTIONS ONLY),1,782761,T intersection,3,60,Local Road,KENNYS,MITCHELL,-37.17802,145.04822,2022,9,September,14,Midday,Weekday
T20220020755,2022-09-14,08:55:00,2,Struck Pedestrian,3,Wednesday,100,PED NEAR SIDE. PED HIT BY VEHICLE FROM THE RIGHT.,1,36909,Cross intersection,2,50,Local Road,MORAY,PORT PHILLIP,-37.830067,144.96202,2022,9,September,8,Morning Peak,Weekday
T20220020775,2022-09-14,09:50:00,4,Collision with a fixed object,3,Wednesday,171,LEFT OFF CARRIAGEWAY INTO OBJECT/PARKED VEHICLE,1,782758,Not at intersection,3,100,Arterial Other,FOXHOW,CORANGAMITE,-38.037,143.48149,2022,9,September,9,Morning Peak,Weekday
T20220020815,2022-09-14,22:05:00,1,Collision with vehicle,3,Wednesday,113,RIGHT NEAR (INTERSECTIONS ONLY),3,55677,T intersection,3,60,Arterial Other,EDGARS,WHITTLESEA,-37.689663,145.00226,2022,9,September,22,Night,Weekday
T20220020777,2022-09-14,07:22:00,1,Collision with vehicle,3,Wednesday,130,REAR END(VEHICLES IN SAME LANE),1,726570,Not at intersection,3,80,Arterial Other,HOPKINS,MELTON,-37.80107,144.69652,2022,9,September,7,Morning Peak,Weekday
T20220021016,2022-09-14,23:15:00,1,Collision with vehicle,3,Wednesday,121,RIGHT THROUGH,3,49826,Cross intersection,3,70,Arterial Highway,BALLARAT,GEELONG,-38.126926,144.33925,2022,9,September,23,Night,Weekday
T20220020748,2022-09-14,09:00:00,6,Vehicle overturned (no collision),3,Wednesday,174,OUT OF CONTROL ON CARRIAGEWAY (ON STRAIGHT),1,725192,Not at intersection,2,80,Freeway,MONASH,MONASH,-37.89264,145.1275,2022,9,September,9,Morning Peak,Weekday
T20220023919,2022-09-14,18:20:00,1,Collision with vehicle,3,Wednesday,110,CROSS TRAFFIC(INTERSECTIONS ONLY),2,20790,Cross intersection,3,60,Local Road,FERRIS,BAW BAW,-38.137016,145.84906,2022,9,September,18,Afternoon Peak,Weekday
T20220020848,2022-09-14,17:30:00,1,Collision with vehicle,3,Wednesday,110,CROSS TRAFFIC(INTERSECTIONS ONLY),1,37950,Cross intersection,2,40,Local Road,ELM,DAREBIN,-37.7684,144.9992,2022,9,September,17,Afternoon Peak,Weekday
T20220021595,2022-09-14,16:46:00,1,Collision with vehicle,3,Wednesday,110,CROSS TRAFFIC(INTERSECTIONS ONLY),1,245244,Cross intersection,3,50,Local Road,MANSELL,MILDURA,-34.173702,142.15617,2022,9,September,16,Afternoon Peak,Weekday
T20220020821,2022-09-14,20:40:00,1,Collision with vehicle,3,Wednesday,140,U TURN,3,727513,Not at intersection,3,60,Arterial Other,MARIBYRNONG,MOONEE VALLEY,-37.77063,144.90623,2022,9,September,20,Night,Weekday
T20220021577,2022-09-14,10:20:00,2,Struck Pedestrian,3,Wednesday,100,PED NEAR SIDE. PED HIT BY VEHICLE FROM THE RIGHT.,1,726060,T intersection,3,60,Local Road,GREAVES,WYNDHAM,-37.894375,144.64389,2022,9,September,10,Midday,Weekday
T20220020789,2022-09-14,15:22:00,2,Struck Pedestrian,3,Wednesday,106,VEH STRIKES PED ON FOOTPATH/MEDIAN/TRAFFIC ISLAND.,1,725418,Not at intersection,2,50,Local Road,VICKERY,GLEN EIRA,-37.91796,145.03883,2022,9,September,15,Afternoon Peak,Weekday
T20220020791,2022-09-14,15:30:00,1,Collision with vehicle,3,Wednesday,140,U TURN,1,782756,Not at intersection,3,100,Local Road,SPRINGS,BALLARAT,-37.52841,143.92322,2022,9,September,15,Afternoon Peak,Weekday
T20220020819,2022-09-14,19:45:00,1,Collision with vehicle,3,Wednesday,150,HEAD ON(OVERTAKING),3,754159,Not at intersection,2,60,Local Road,SHAWS,WYNDHAM,-37.889767,144.65952,2022,9,September,19,Night,Weekday
T20220020760,2022-09-14,10:35:00,1,Collision with vehicle,3,Wednesday,130,REAR END(VEHICLES IN SAME LANE),1,49321,Cross intersection,2,60,Arterial Other,CONDON,BENDIGO,-36.773247,144.30522,2022,9,September,10,Midday,Weekday
T20220020780,2022-09-14,14:26:00,1,Collision with vehicle,3,Wednesday,148,VEHICLE OFF FOOTPATH STRIKES VEH ON CARRIAGEWAY,1,782766,Not at intersection,3,80,Arterial Other,BERWICK-CRANBOURNE,CASEY,-38.077995,145.33493,2022,9,September,14,Midday,Weekday
T20220024017,2022-09-14,17:25:00,1,Collision with vehicle,3,Wednesday,111,RIGHT FAR (INTERSECTIONS ONLY),2,773174,T intersection,3,50,Local Road,MACEDON,WHITTLESEA,-37.60928,145.00438,2022,9,September,17,Afternoon Peak,Weekday