ACCIDENT_NO,ACCIDENT_DATE,ACCIDENT_TIME,ACCIDENT_TYPE,ACCIDENT_TYPE_DESC,DAY_OF_WEEK,DAY_WEEK_DESC,DCA_CODE,DCA_DESC,LIGHT_CONDITION,NODE_ID,ROAD_GEOMETRY_DESC,SEVERITY,SPEED_ZONE,RMA,ROAD_NAME,LGA_NAME,LATITUDE,LONGITUDE,YEAR,MONTH,MONTH_NAME,HOUR,TIME_PERIOD,DAY_TYPE
T20220020792,2022-09-14,17:00:00,1,Collision with vehicle,3,Wednesday,110,CROSS TRAFFIC(INTERSECTIONS ONLY),1,267559,Cross intersection,3,50,Local Road,HOVELL,CAMPASPE,-36.135902,144.75772,2022,9,September,17,Afternoon Peak,Weekday
T20220021226,2022-09-14,07:00:00,1,Collision with vehicle,3,Wednesday,130,REAR END(VEHICLES IN SAME LANE),2,779354,T intersection,3,80,Local Road,BARDWELL,HUME,-37.556545,144.85214,2022,9,September,7,Morning Peak,Weekday
T20220020773,2022-09-14,12:00:00,1,Collision with vehicle,3,Wednesday,130,REAR END(VEHICLES IN SAME LANE),1,731807,Not at intersection,3,60,Arterial Other,KOO WEE RUP,CARDINIA,-38.088734,145.49097,2022,9,September,12,Midday,Weekday
T20220020864,2022-09-14,16:00:00,1,Collision with vehicle,3,Wednesday,134,LANE CHANGE RIGHT (NOT OVERTAKING),1,736877,Not at intersection,3,70,Arterial Highway,SPRINGVALE,MONASH,-37.892567,145.16356,2022,9,September,16,Afternoon Peak,Weekday
T20220020806,2022-09-14,17:45:00,1,Collision with vehicle,3,Wednesday,130,REAR END(VEHICLES IN SAME LANE),2,725322,Not at intersection,3,60,Arterial Other,MILITARY,MOONEE VALLEY,-37.76582,144.86353,2022,9,September,17,Afternoon Peak,Weekday
T20220020803,2022-09-14,18:35:00,1,Collision with vehicle,3,Wednesday,121,RIGHT THROUGH,3,780176,Cross intersection,3,60,Arterial Highway,SOUTH GIPPSLAND,CASEY,-38.113106,145.28279,2022,9,September,18,Afternoon Peak,Weekday
T20220022175,2022-09-14,08:25:00,1,Collision with vehicle,3,Wednesday,130,REAR END(VEHICLES IN SAME LANE),1,727017,Not at intersection,2,100,Freeway,MORNINGTON PENINSULA,MORNINGTON PENINSULA,-38.350887,144.93512,2022,9,September,8,Morning Peak,Weekday
T20220021933,2022-09-14,10:00:00,2,Struck Pedestrian,3,Wednesday,100,PED NEAR SIDE. PED HIT BY VEHICLE FROM THE RIGHT.,1,41797,T intersection,3,80,Arterial Highway,SPRINGVALE,MONASH,-37.88055,145.16565,2022,9,September,10,Midday,Weekday
T20220020807,2022-09-14,17:35:00,4,Collision with a fixed object,3,Wednesday,181,OFF RIGHT BEND INTO OBJECT/PARKED VEHICLE,2,725198,Not at intersection,3,100,Local Road,TOVEYS,INDIGO,-36.25214,146.64954,2022,9,September,17,Afternoon Peak,Weekday
T20220021274,2022-09-14,15:25:00,1,Collision with vehicle,3,Wednesday,130,REAR END(VEHICLES IN SAME LANE),9,774947,Not at intersection,3,40,Local Road,OVENS,WANGARATTA,-36.355637,146.32219,2022,9,September,15,Afternoon Peak,Weekday
T20220021193,2022-09-14,13:00:00,2,Struck Pedestrian,3,Wednesday,100,PED NEAR SIDE. PED HIT BY VEHICLE FROM THE RIGHT.,1,782804,Not at intersection,3,60,Arterial Highway,WARRIGAL,BOROONDARA,-37.864334,145.09311,2022,9,September,13,Midday,Weekday
T20220020892,2022-09-15,17:39:00,4,Collision with a fixed object,4,Thursday,171,LEFT OFF CARRIAGEWAY INTO OBJECT/PARKED VEHICLE,1,786082,Not at intersection,2,60,Arterial Other,DYNON,MELBOURNE,-37.80562,144.93828,2022,9,September,17,Afternoon Peak,Weekday
T20220020896,2022-09-15,16:45:00,4,Collision with a fixed object,4,Thursday,171,LEFT OFF CARRIAGEWAY INTO OBJECT/PARKED VEHICLE,1,752851,Cross intersection,2,50,Local Road,ALMANA,GEELONG,-38.10847,144.33948,2022,9,September,16,Afternoon Peak,Weekday
T20220020898,2022-09-15,19:15:00,2,Struck Pedestrian,4,Thursday,105,PED WALKING AGAINST TRAFFIC.,5,726968,Not at intersection,2,80,Arterial Highway,MIDLAND,SHEPPARTON,-36.381165,145.39177,2022,9,September,19,Night,Weekday
T20220020901,2022-09-15,16:15:00,1,Collision with vehicle,4,Thursday,130,REAR END(VEHICLES IN SAME LANE),1,705488,Not at intersection,2,100,Arterial Other,HEALESVILLE-YARRA GLEN,YARRA RANGES,-37.65434,145.42502,2022,9,September,16,Afternoon Peak,Weekday
T20220020907,2022-09-15,18:05:00,1,Collision with vehicle,4,Thursday,160,VEHICLE COLLIDES WITH VEHICLE PARKED ON LEFT OF ROAD,3,786083,Not at intersection,2,50,Local Road,FIORELLI,CASEY,-38.109936,145.31639,2022,9,September,18,Afternoon Peak,Weekday
T20220020910,2022-09-15,23:30:00,2,Struck Pedestrian,4,Thursday,109,ANY MANOEUVRE INVOLVING PED NOT INCLUDED IN DCAs 100-108.,6,38544,Cross intersection,3,60,Local Road,CITY,BRIMBANK,-37.78868,144.8316,2022,9,September,23,Night,Weekday
T20220020911,2022-09-15,16:50:00,2,Struck Pedestrian,4,Thursday,194,PARKED CAR RUN AWAY,1,725135,Not at intersection,1,50,Local Road,BANON,MITCHELL,-37.406372,144.96544,2022,9,September,16,Afternoon Peak,Weekday
T20220020912,2022-09-15,19:30:00,1,Collision with vehicle,4,Thursday,121,RIGHT THROUGH,3,779660,T intersection,3,40,Arterial Other,SYDNEY,MORELAND,-37.765476,144.96239,2022,9,September,19,Night,Weekday
T20220020916,2022-09-15,23:49:00,1,Collision with vehicle,4,Thursday,131,LEFT REAR,3,725420,Not at intersection,3,80,Arterial Other,BERWICK-CRANBOURNE,CASEY,-38.077354,145.33505,2022,9,September,23,Night,Weekday
T20220020919,2022-09-15,00:19:00,4,Collision with a fixed object,4,Thursday,173,RIGHT OFF CARRIAGEWAY INTO OBJECT/PARKED VEHICLE,5,748142,Not at intersection,3,100,Local Road,MCEWEN,CAMPASPE,-36.50085,145.03197,2022,9,September,0,Late Night,Weekday
T20220020920,2022-09-15,08:35:00,1,Collision with vehicle,4,Thursday,121,RIGHT THROUGH,1,37208,T intersection,2,40,Arterial Other,CHURCH,YARRA,-37.82503,144.99805,2022,9,September,8,Morning Peak,Weekday
T20220020833,2022-09-15,06:00:00,4,Collision with a fixed object,4,Thursday,171,LEFT OFF CARRIAGEWAY INTO OBJECT/PARKED VEHICLE,2,782853,Not at intersection,3,50,Freeway,ANGLESEA-GEELONG RING IN,GEELONG,-38.21643,144.28722,2022,9,September,6,Morning Peak,Weekday
T20220022230,2022-09-15,06:30:00,1,Collision with vehicle,4,Thursday,130,REAR END(VEHICLES IN SAME LANE),1,69466,Cross intersection,3,80,Arterial Highway,WELLINGTON,MONASH,-37.91946,145.16484,2022,9,September,6,Morning Peak,Weekday
T20220020847,2022-09-15,08:25:00,1,Collision with vehicle,4,Thursday,116,LEFT NEAR (INTERSECTIONS ONLY),1,725679,T intersection,2,60,Arterial Other,BACCHUS MARSH,MOORABOOL,-37.685238,144.4628,2022,9,September,8,Morning Peak,Weekday
T20220021328,2022-09-15,09:54:00,1,Collision with vehicle,4,Thursday,121,RIGHT THROUGH,1,780153,T intersection,3,40,Arterial Highway,BELL,DAREBIN,-37.74485,144.99982,2022,9,September,9,Morning Peak,Weekday
T20220020826,2022-09-15,04:30:00,1,Collision with vehicle,4,Thursday,160,VEHICLE COLLIDES WITH VEHICLE PARKED ON LEFT OF ROAD,3,782711,Not at intersection,3,40,Arterial Other,BURKE,BOROONDARA,-37.823055,145.05829,2022,9,September,4,Late Night,Weekday
T20220020964,2022-09-15,16:00:00,2,Struck Pedestrian,4,Thursday,100,PED NEAR SIDE. PED HIT BY VEHICLE FROM THE RIGHT.,1,725424,Cross intersection,3,60,Arterial Other,MARIBYRNONG,MOONEE VALLEY,-37.77173,144.9161,2022,9,September,16,Afternoon Peak,Weekday
T20220022275,2022-09-15,14:00:00,1,Collision with vehicle,4,Thursday,121,RIGHT THROUGH,1,66941,Cross intersection,3,50,Local Road,ESPLANADE WEST,PORT PHILLIP,-37.841534,144.94296,2022,9,September,14,Midday,Weekday
T20220020854,2022-09-15,08:22:00,8,No collision and no object struck,4,Thursday,179,OTHER ACCIDENTS-OFF STRAIGHT NOT INCLUDED IN DCAs 170-175,1,747763,T intersection,2,50,Local Road,WOODLEE,DANDENONG,-37.97244,145.21368,2022,9,September,8,Morning Peak,Weekday
T20220020850,2022-09-15,09:50:00,8,No collision and no object struck,4,Thursday,170,OFF CARRIAGEWAY TO LEFT,1,725494,Multiple intersection,2,80,Arterial Other,SEYMOUR-TOOBORAC,MITCHELL,-37.03074,145.1004,2022,9,September,9,Morning Peak,Weekday
T20220020857,2022-09-15,12:10:00,4,Collision with a fixed object,4,Thursday,173,RIGHT OFF CARRIAGEWAY INTO OBJECT/PARKED VEHICLE,1,782679,Not at intersection,3,50,Local Road,DURRANT,BAYSIDE,-37.90987,145.00418,2022,9,September,12,Midday,Weekday
T20220020853,2022-09-15,08:46:00,1,Collision with vehicle,4,Thursday,113,RIGHT NEAR (INTERSECTIONS ONLY),1,35871,T intersection,3,60,Local Road,DUNCAN,CARDINIA,-38.07529,145.47444,2022,9,September,8,Morning Peak,Weekday
T20220020841,2022-09-15,08:10:00,4,Collision with a fixed object,4,Thursday,181,OFF RIGHT BEND INTO OBJECT/PARKED VEHICLE,1,782728,Not at intersection,3,80,Arterial Other,FRANKSTON-FLINDERS,MORNINGTON PENINSULA,-38.205948,145.16315,2022,9,September,8,Morning Peak,Weekday
T20220022144,2022-09-15,16:55:00,1,Collision with vehicle,4,Thursday,179,OTHER ACCIDENTS-OFF STRAIGHT NOT INCLUDED IN DCAs 170-175,1,727508,Not at intersection,3,60,Arterial Other,BALACLAVA,SHEPPARTON,-36.366726,145.40262,2022,9,September,16,Afternoon Peak,Weekday
T20220020865,2022-09-15,09:56:00,6,Vehicle overturned (no collision),4,Thursday,184,OUT OF CONTROL ON CARRIAGEWAY (ON BEND),1,741770,Not at intersection,1,60,Local Road,CORNELIUS,YARRA RANGES,-37.641773,145.50922,2022,9,September,9,Morning Peak,Weekday
T20220021530,2022-09-15,19:00:00,1,Collision with vehicle,4,Thursday,140,U TURN,3,37655,T intersection,2,40,Local Road,BALMORAL,STONNINGTON,-37.8452,144.99092,2022,9,September,19,Night,Weekday
T20220020871,2022-09-15,12:00:00,1,Collision with vehicle,4,Thursday,112,LEFT FAR (INTERSECTIONS ONLY),1,725324,T intersection,3,50,Local Road,HILTON,MORELAND,-37.70299,144.94708,2022,9,September,12,Midday,Weekday
T20220021162,2022-09-15,11:15:00,1,Collision with vehicle,4,Thursday,130,REAR END(VEHICLES IN SAME LANE),1,779373,Not at intersection,3,100,Freeway,MORNINGTON PENINSULA,MORNINGTON PENINSULA,-38.340298,144.96423,2022,9,September,11,Midday,Weekday
T20220020876,2022-09-15,14:15:00,1,Collision with vehicle,4,Thursday,111,RIGHT FAR (INTERSECTIONS ONLY),1,691030,Cross intersection,3,50,Local Road,LITHGOW,MITCHELL,-37.47175,144.95763,2022,9,September,14,Midday,Weekday
T20220020877,2022-09-15,12:50:00,1,Collision with vehicle,4,Thursday,160,VEHICLE COLLIDES WITH VEHICLE PARKED ON LEFT OF ROAD,1,779474,Not at intersection,3,60,Arterial Other,FLETCHER,FRANKSTON,-38.143715,145.1266,2022,9,September,12,Midday,Weekday
T20220020881,2022-09-15,16:00:00,1,Collision with vehicle,4,Thursday,147,VEHICLE STRIKES ANOTHER VEH WHILE EMERGING FROM DRIVEWAY,1,782724,Not at intersection,3,50,Local Road,DERBY,MORELAND,-37.731613,144.9459,2022,9,September,16,Afternoon Peak,Weekday
T20220028267,2022-09-16,22:00:00,1,Collision with vehicle,5,Friday,111,RIGHT FAR (INTERSECTIONS ONLY),3,72671,Cross intersection,2,40,Local Road,BARWARRE,GEELONG,-38.19679,144.35255,2022,9,September,22,Night,Weekday
T20220026325,2022-09-16,16:15:00,4,Collision with a fixed object,5,Friday,164,PERMANENT OBSTRUCTION ON CARRIAGEWAY,1,737354,Not at intersection,3,80,Arterial Highway,PLENTY,BANYULE,-37.698265,145.0589,2022,9,September,16,Afternoon Peak,Weekday
T20220022988,2022-09-16,11:45:00,1,Collision with vehicle,5,Friday,121,RIGHT THROUGH,1,728093,T intersection,3,50,Local Road,EDOLS,GEELONG,-38.108,144.35107,2022,9,September,11,Midday,Weekday
T20220021230,2022-09-16,17:25:00,1,Collision with vehicle,5,Friday,130,REAR END(VEHICLES IN SAME LANE),1,779831,Not at intersection,3,100,Arterial Highway,GREENSBOROUGH,NILLUMBIK,-37.692352,145.0982,2022,9,September,17,Afternoon Peak,Weekday
T20220020996,2022-09-16,17:05:00,1,Collision with vehicle,5,Friday,120,HEAD ON (NOT OVERTAKING),1,733522,Not at intersection,2,60,Arterial Other,ARTHURS SEAT,MORNINGTON PENINSULA,-38.350513,144.94763,2022,9,September,17,Afternoon Peak,Weekday
T20220021509,2022-09-16,19:40:00,1,Collision with vehicle,5,Friday,110,CROSS TRAFFIC(INTERSECTIONS ONLY),3,50470,Multiple intersection,3,60,Arterial Other,PRINCES,LATROBE,-38.23846,146.40475,2022,9,September,19,Night,Weekday
T20220021849,2022-09-16,16:15:00,1,Collision with vehicle,5,Friday,130,REAR END(VEHICLES IN SAME LANE),1,726581,Not at intersection,3,80,Freeway,PRINCES,WYNDHAM,-37.824448,144.82321,2022,9,September,16,Afternoon Peak,Weekday
T20230015403,2022-09-16,11:57:00,1,Collision with vehicle,5,Friday,121,RIGHT THROUGH,1,776718,Cross intersection,3,50,Local Road,WICKFORD,WYNDHAM,-37.839832,144.67801,2022,9,September,11,Midday,Weekday
T20220021061,2022-09-16,18:30:00,1,Collision with vehicle,5,Friday,110,CROSS TRAFFIC(INTERSECTIONS ONLY),2,52938,Cross intersection,3,60,Arterial Other,BALLARAT-CARNGHAM ROAD -LA TROBE,BALLARAT,-37.569836,143.81046,2022,9,September,18,Afternoon Peak,Weekday
T20220021727,2022-09-16,17:00:00,1,Collision with vehicle,5,Friday,130,REAR END(VEHICLES IN SAME LANE),1,731900,Not at intersection,3,40,Arterial Other,HOPKINS,MELTON,-37.781708,144.6995,2022,9,September,17,Afternoon Peak,Weekday
T20220021356,2022-09-16,16:44:00,1,Collision with vehicle,5,Friday,121,RIGHT THROUGH,1,41877,T intersection,3,80,Arterial Highway,STUD,KNOX,-37.910667,145.23633,2022,9,September,16,Afternoon Peak,Weekday
T20220020999,2022-09-16,18:22:00,1,Collision with vehicle,5,Friday,116,LEFT NEAR (INTERSECTIONS ONLY),2,38872,T intersection,2,60,Arterial Other,BURWOOD,BOROONDARA,-37.821022,145.022,2022,9,September,18,Afternoon Peak,Weekday
T20220020914,2022-09-16,00:08:00,7,Fall from or in moving vehicle,5,Friday,190,FELL IN/FROM VEHICLE,3,725257,Not at intersection,3,30,Local Road,BANANA,MELBOURNE,-37.8198,144.96222,2022,9,September,0,Late Night,Weekday
T20220020917,2022-09-16,00:05:00,8,No collision and no object struck,5,Friday,174,OUT OF CONTROL ON CARRIAGEWAY (ON STRAIGHT),3,735249,Not at intersection,2,40,Local Road,LONSDALE,MELBOURNE,-37.812668,144.96094,2022,9,September,0,Late Night,Weekday
T20220020921,2022-09-16,03:00:00,4,Collision with a fixed object,5,Friday,173,RIGHT OFF CARRIAGEWAY INTO OBJECT/PARKED VEHICLE,3,726586,Not at intersection,2,60,Arterial Highway,BELL-BANKSIA,BANYULE,-37.75763,145.05785,2022,9,September,3,Late Night,Weekday
T20220020925,2022-09-16,07:35:00,4,Collision with a fixed object,5,Friday,171,LEFT OFF CARRIAGEWAY INTO OBJECT/PARKED VEHICLE,1,725325,Not at intersection,3,80,Arterial Other,STONY POINT,MORNINGTON PENINSULA,-38.32962,145.18338,2022,9,September,7,Morning Peak,Weekday
T20220021002,2022-09-16,20:24:00,4,Collision with a fixed object,5,Friday,171,LEFT OFF CARRIAGEWAY INTO OBJECT/PARKED VEHICLE,3,727604,Not at intersection,2,50,Local Road,NEVANA,KNOX,-37.89044,145.23157,2022,9,September,20,Night,Weekday
T20220021005,2022-09-16,15:20:00,1,Collision with vehicle,5,Friday,147,VEHICLE STRIKES ANOTHER VEH WHILE EMERGING FROM DRIVEWAY,1,40914,T intersection,3,80,Arterial Highway,BURWOOD,KNOX,-37.869812,145.23761,2022,9,September,15,Afternoon Peak,Weekday
T20220020927,2022-09-16,08:20:00,2,Struck Pedestrian,5,Friday,100,PED NEAR SIDE. PED HIT BY VEHICLE FROM THE RIGHT.,1,725421,T intersection,3,50,Local Road,OCONNELL,MELBOURNE,-37.806,144.95839,2022,9,September,8,Morning Peak,Weekday
T20220021009,2022-09-16,20:55:00,4,Collision with a fixed object,5,Friday,171,LEFT OFF CARRIAGEWAY INTO OBJECT/PARKED VEHICLE,3,729657,Not at intersection,2,60,Arterial Highway,TORQUAY,GEELONG,-38.183243,144.34477,2022,9,September,20,Night,Weekday
T20220020993,2022-09-16,17:50:00,1,Collision with vehicle,5,Friday,120,HEAD ON (NOT OVERTAKING),2,735870,T intersection,2,60,Arterial Other,CENTRE DANDENONG ROAD SERVICE,KINGSTON,-37.985504,145.1354,2022,9,September,17,Afternoon Peak,Weekday
T20220021012,2022-09-16,18:30:00,4,Collision with a fixed object,5,Friday,171,LEFT OFF CARRIAGEWAY INTO OBJECT/PARKED VEHICLE,5,725429,Not at intersection,2,60,Arterial Highway,GREAT ALPINE,(MOUNT HOTHAM),-36.973614,147.12744,2022,9,September,18,Afternoon Peak,Weekday
T20220020931,2022-09-16,08:10:00,1,Collision with vehicle,5,Friday,140,U TURN,1,35592,Not at intersection,2,70,Arterial Highway,SPRINGVALE,DANDENONG,-37.937645,145.15501,2022,9,September,8,Morning Peak,Weekday
T20220020935,2022-09-16,08:20:00,4,Collision with a fixed object,5,Friday,181,OFF RIGHT BEND INTO OBJECT/PARKED VEHICLE,1,754392,Not at intersection,2,100,Local Road,FELLTIMBER CREEK,WODONGA,-36.12801,146.80112,2022,9,September,8,Morning Peak,Weekday
T20220021013,2022-09-16,23:33:00,2,Struck Pedestrian,5,Friday,102,FAR SIDE. PED HIT BY VEHICLE FROM THE LEFT,3,733888,Not at intersection,3,50,Local Road,CHERRY,BANYULE,-37.724796,145.06691,2022,9,September,23,Night,Weekday
T20220020936,2022-09-16,09:18:00,1,Collision with vehicle,5,Friday,136,RIGHT TURN SIDESWIPE,1,235163,Not at intersection,2,100,Arterial Other,GRAHAM,CAMPASPE,-36.29884,145.02411,2022,9,September,9,Morning Peak,Weekday
T20220020991,2022-09-16,16:30:00,1,Collision with vehicle,5,Friday,121,RIGHT THROUGH,1,29795,Cross intersection,3,70,Non Arterial,HENRY,CARDINIA,-38.086327,145.4721,2022,9,September,16,Afternoon Peak,Weekday
T20220021017,2022-09-16,21:35:00,1,Collision with vehicle,5,Friday,113,RIGHT NEAR (INTERSECTIONS ONLY),3,45659,T intersection,2,40,Arterial Other,SYDNEY,MORELAND,-37.750217,144.96504,2022,9,September,21,Night,Weekday
T20220021022,2022-09-16,22:13:00,4,Collision with a fixed object,5,Friday,171,LEFT OFF CARRIAGEWAY INTO OBJECT/PARKED VEHICLE,3,782749,Not at intersection,3,80,Arterial Highway,GEELONG,MARIBYRNONG,-37.806065,144.87885,2022,9,September,22,Night,Weekday
T20220020937,2022-09-16,08:00:00,1,Collision with vehicle,5,Friday,121,RIGHT THROUGH,1,727146,T intersection,2,50,Local Road,HIGHLAND,CARDINIA,-38.063206,145.47926,2022,9,September,8,Morning Peak,Weekday
T20220020942,2022-09-16,12:40:00,1,Collision with vehicle,5,Friday,110,CROSS TRAFFIC(INTERSECTIONS ONLY),1,221868,Multiple intersection,3,40,Local Road,HIGH,WODONGA,-36.12448,146.8881,2022,9,September,12,Midday,Weekday
T20220020997,2022-09-16,15:07:00,1,Collision with vehicle,5,Friday,116,LEFT NEAR (INTERSECTIONS ONLY),1,64376,T intersection,2,50,Arterial Other,HAMPSTEAD,MARIBYRNONG,-37.77989,144.87347,2022,9,September,15,Afternoon Peak,Weekday
T20220020943,2022-09-16,11:57:00,1,Collision with vehicle,5,Friday,113,RIGHT NEAR (INTERSECTIONS ONLY),1,42591,Cross intersection,3,60,Arterial Other,JACKSONS,DANDENONG,-37.9376,145.19249,2022,9,September,11,Midday,Weekday
T20220020989,2022-09-16,17:05:00,1,Collision with vehicle,5,Friday,120,HEAD ON (NOT OVERTAKING),1,725326,Not at intersection,3,60,Arterial Other,RINGWOOD-WARRANDYTE,MANNINGHAM,-37.74966,145.23497,2022,9,September,17,Afternoon Peak,Weekday
T20220021008,2022-09-16,18:49:00,1,Collision with vehicle,5,Friday,130,REAR END(VEHICLES IN SAME LANE),3,725427,Not at intersection,3,70,Arterial Highway,PRINCES,GEELONG,-38.069595,144.37582,2022,9,September,18,Afternoon Peak,Weekday
T20220020987,2022-09-16,17:24:00,1,Collision with vehicle,5,Friday,135,LANE CHANGE LEFT (NOT OVERTAKING),2,725426,Not at intersection,3,60,Arterial Highway,SOUTH GIPPSLAND,CASEY,-38.103504,145.2821,2022,9,September,17,Afternoon Peak,Weekday
T20220020946,2022-09-16,08:30:00,2,Struck Pedestrian,5,Friday,101,PED EMERGES FROM IN FRONT OF PARKED OR STATIONARY VEHICLE,1,127524,T intersection,3,50,Arterial Other,JOHNSTONE,HUME,-37.684143,144.91423,2022,9,September,8,Morning Peak,Weekday
T20220020947,2022-09-16,11:35:00,1,Collision with vehicle,5,Friday,133,LANE SIDE SWIPE (VEHICLES IN PARALLEL LANES),1,699103,Not at intersection,3,70,Arterial Other,CAMP,HUME,-37.689423,144.95715,2022,9,September,11,Midday,Weekday
T20220020953,2022-09-16,12:57:00,1,Collision with vehicle,5,Friday,111,RIGHT FAR (INTERSECTIONS ONLY),1,725423,Cross intersection,3,50,Local Road,DARCY,NORTHERN GRAMPIANS,-37.060112,142.76157,2022,9,September,12,Midday,Weekday
T20220020954,2022-09-16,09:29:00,6,Vehicle overturned (no collision),5,Friday,174,OUT OF CONTROL ON CARRIAGEWAY (ON STRAIGHT),1,733614,Not at intersection,2,60,Local Road,ST ALBANS,GEELONG,-38.164463,144.37355,2022,9,September,9,Morning Peak,Weekday
T20220020955,2022-09-16,09:30:00,1,Collision with vehicle,5,Friday,135,LANE CHANGE LEFT (NOT OVERTAKING),1,774978,Not at intersection,3,60,Arterial Highway,HIGH,BENDIGO,-36.789516,144.24489,2022,9,September,9,Morning Peak,Weekday
T20220020962,2022-09-16,10:15:00,1,Collision with vehicle,5,Friday,110,CROSS TRAFFIC(INTERSECTIONS ONLY),1,47577,Cross intersection,3,50,Local Road,MILLER,MOONEE VALLEY,-37.753788,144.9098,2022,9,September,10,Midday,Weekday
T20220027732,2022-09-16,09:30:00,1,Collision with vehicle,5,Friday,130,REAR END(VEHICLES IN SAME LANE),1,322055,Cross intersection,3,80,Arterial Highway,WARRIGAL,MONASH,-37.89309,145.0882,2022,9,September,9,Morning Peak,Weekday
T20220020984,2022-09-16,17:30:00,7,Fall from or in moving vehicle,5,Friday,190,FELL IN/FROM VEHICLE,1,41670,Cross intersection,3,80,Arterial Highway,NORTH,MONASH,-37.912212,145.1096,2022,9,September,17,Afternoon Peak,Weekday
T20220020970,2022-09-16,14:30:00,1,Collision with vehicle,5,Friday,121,RIGHT THROUGH,1,783346,Cross intersection,3,100,Arterial Other,SYDNEY,BENALLA,-36.53021,146.04097,2022,9,September,14,Midday,Weekday
T20220020971,2022-09-16,13:59:00,1,Collision with vehicle,5,Friday,133,LANE SIDE SWIPE (VEHICLES IN PARALLEL LANES),1,725373,Not at intersection,2,80,Arterial Other,KOROROIT CREEK,HOBSONS BAY,-37.844826,144.78818,2022,9,September,13,Midday,Weekday
T20220020972,2022-09-16,14:50:00,2,Struck Pedestrian,5,Friday,100,PED NEAR SIDE. PED HIT BY VEHICLE FROM THE RIGHT.,1,35506,Cross intersection,3,60,Local Road,ALMA,GLEN EIRA,-37.864895,145.01904,2022,9,September,14,Midday,Weekday
T20220020973,2022-09-16,13:45:00,1,Collision with vehicle,5,Friday,130,REAR END(VEHICLES IN SAME LANE),1,779379,Cross intersection,3,60,Arterial Highway,ALBERT,DAREBIN,-37.732243,145.02509,2022,9,September,13,Midday,Weekday
T20220020981,2022-09-16,15:30:00,1,Collision with vehicle,5,Friday,140,U TURN,1,782757,Not at intersection,3,80,Arterial Highway,DANDENONG,MONASH,-37.93116,145.154,2022,9,September,15,Afternoon Peak,Weekday
T20220020982,2022-09-16,15:22:00,4,Collision with a fixed object,5,Friday,183,OFF LEFT BEND INTO OBJECT/PARKED VEHICLE,1,761743,Not at intersection,2,100,Arterial Highway,PRINCES,GLENELG,-38.248524,141.74507,2022,9,September,15,Afternoon Peak,Weekday
T20220023929,2022-09-16,14:41:00,1,Collision with vehicle,5,Friday,130,REAR END(VEHICLES IN SAME LANE),1,38491,T intersection,3,60,Arterial Other,SWANSEA,YARRA RANGES,-37.780003,145.36414,2022,9,September,14,Midday,Weekday
T20220021256,2022-09-16,15:26:00,1,Collision with vehicle,5,Friday,130,REAR END(VEHICLES IN SAME LANE),1,725624,Not at intersection,3,50,Arterial Other,FYANS,GEELONG,-38.16145,144.35323,2022,9,September,15,Afternoon Peak,Weekday
T20220021043,2022-09-16,15:05:00,1,Collision with vehicle,5,Friday,131,LEFT REAR,1,627,Cross intersection,3,80,Arterial Highway,SPRINGVALE,WHITEHORSE,-37.834682,145.17274,2022,9,September,15,Afternoon Peak,Weekday
T20220021081,2022-09-17,21:50:00,1,Collision with vehicle,6,Saturday,120,HEAD ON (NOT OVERTAKING),5,731526,Not at intersection,2,80,Arterial Other,MICKLEHAM,HUME,-37.652084,144.87987,2022,9,September,21,Night,Weekend
T20220021750,2022-09-17,18:00:00,1,Collision with vehicle,6,Saturday,130,REAR END(VEHICLES IN SAME LANE),3,390,Cross intersection,3,50,Arterial Other,TOORAK,STONNINGTON,-37.84059,145.0047,2022,9,September,18,Afternoon Peak,Weekend
T20220021340,2022-09-17,17:00:00,8,No collision and no object struck,6,Saturday,172,OFF CARRIAGEWAY TO RIGHT,1,749743,Not at intersection,3,40,Arterial Other,BRIDGE,YARRA,-37.81796,144.99365,2022,9,September,17,Afternoon Peak,Weekend
T20220021135,2022-09-17,21:45:00,7,Fall from or in moving vehicle,6,Saturday,190,FELL IN/FROM VEHICLE,3,738367,Not at intersection,3,40,Local Road,VALE,MORNINGTON PENINSULA,-38.221874,145.04349,2022,9,September,21,Night,Weekend
T20220021015,2022-09-17,01:00:00,1,Collision with vehicle,6,Saturday,163,VEHICLE STRIKES DOOR OF PARKED/STATIONARY VEHICLE,3,782777,Not at intersection,3,40,Local Road,LONSDALE,MELBOURNE,-37.812645,144.961,2022,9,September,1,Late Night,Weekend
T20220021621,2022-09-17,13:50:00,1,Collision with vehicle,6,Saturday,130,REAR END(VEHICLES IN SAME LANE),1,779418,Not at intersection,3,60,Freeway,WEST GATE IN-MONTAGUE,MELBOURNE,-37.825626,144.94344,2022,9,September,13,Midday,Weekend
T20220021077,2022-09-17,19:10:00,2,Struck Pedestrian,6,Saturday,100,PED NEAR SIDE. PED HIT BY VEHICLE FROM THE RIGHT.,3,726518,Not at intersection,2,80,Arterial Other,MELTON,BRIMBANK,-37.694923,144.76738,2022,9,September,19,Night,Weekend