ACCIDENT_NO,ACCIDENT_DATE,ACCIDENT_TIME,ACCIDENT_TYPE,ACCIDENT_TYPE_DESC,DAY_OF_WEEK,DAY_WEEK_DESC,DCA_CODE,DCA_DESC,LIGHT_CONDITION,NODE_ID,ROAD_GEOMETRY_DESC,SEVERITY,SPEED_ZONE,RMA,ROAD_NAME,LGA_NAME,LATITUDE,LONGITUDE,YEAR,MONTH,MONTH_NAME,HOUR,TIME_PERIOD,DAY_TYPE
T20220025669,2022-09-17,19:25:00,1,Collision with vehicle,6,Saturday,111,RIGHT FAR (INTERSECTIONS ONLY),3,35558,Cross intersection,3,60,Arterial Highway,WARRIGAL,STONNINGTON,-37.875427,145.0916,2022,9,September,19,Night,Weekend
T20220021369,2022-09-17,11:30:00,2,Struck Pedestrian,6,Saturday,107,PED ON FOOTHPATH STRUCK BY VEHENTERING/LEAVING DRIVEWAY.,1,733084,Not at intersection,2,70,Arterial Highway,COLAC,GEELONG,-38.196224,144.31944,2022,9,September,11,Midday,Weekend
T20220021023,2022-09-17,05:00:00,4,Collision with a fixed object,6,Saturday,173,RIGHT OFF CARRIAGEWAY INTO OBJECT/PARKED VEHICLE,5,748808,Not at intersection,2,80,Local Road,NEERIM NORTH,BAW BAW,-37.921364,145.9788,2022,9,September,5,Morning Peak,Weekend
T20220021058,2022-09-17,13:36:00,1,Collision with vehicle,6,Saturday,163,VEHICLE STRIKES DOOR OF PARKED/STATIONARY VEHICLE,1,725430,Not at intersection,3,50,Local Road,CLARKE,BRIMBANK,-37.74624,144.82452,2022,9,September,13,Midday,Weekend
T20220021374,2022-09-17,11:00:00,1,Collision with vehicle,6,Saturday,110,CROSS TRAFFIC(INTERSECTIONS ONLY),1,222116,Cross intersection,3,60,Local Road,BOUNDARY,MORNINGTON PENINSULA,-38.341816,144.96115,2022,9,September,11,Midday,Weekend
T20220021031,2022-09-17,09:15:00,2,Struck Pedestrian,6,Saturday,102,FAR SIDE. PED HIT BY VEHICLE FROM THE LEFT,1,725617,T intersection,2,50,Local Road,WESTERN BEACH,GEELONG,-38.13901,144.35599,2022,9,September,9,Morning Peak,Weekend
T20220021039,2022-09-17,11:21:00,1,Collision with vehicle,6,Saturday,160,VEHICLE COLLIDES WITH VEHICLE PARKED ON LEFT OF ROAD,1,728363,Not at intersection,2,60,Local Road,NEW,BAYSIDE,-37.92248,144.99394,2022,9,September,11,Midday,Weekend
T20220021057,2022-09-17,10:55:00,1,Collision with vehicle,6,Saturday,121,RIGHT THROUGH,1,277699,T intersection,2,80,Arterial Other,PRINCES,CARDINIA,-38.061806,145.44264,2022,9,September,10,Midday,Weekend
T20220021165,2022-09-17,22:00:00,4,Collision with a fixed object,6,Saturday,173,RIGHT OFF CARRIAGEWAY INTO OBJECT/PARKED VEHICLE,5,726946,T intersection,3,100,Local Road,PASCHENDALE,MILDURA,-34.195847,142.01749,2022,9,September,22,Night,Weekend
T20220021085,2022-09-17,23:10:00,2,Struck Pedestrian,6,Saturday,100,PED NEAR SIDE. PED HIT BY VEHICLE FROM THE RIGHT.,3,725374,Not at intersection,1,50,Arterial Other,RIVERSDALE,BOROONDARA,-37.829967,145.04459,2022,9,September,23,Night,Weekend
T20220021104,2022-09-17,20:58:00,4,Collision with a fixed object,6,Saturday,171,LEFT OFF CARRIAGEWAY INTO OBJECT/PARKED VEHICLE,5,786098,Not at intersection,2,100,Arterial Highway,GLENELG,GOLDEN PLAINS,-37.607395,143.7439,2022,9,September,20,Night,Weekend
T20220021046,2022-09-17,13:32:00,1,Collision with vehicle,6,Saturday,110,CROSS TRAFFIC(INTERSECTIONS ONLY),1,52029,Cross intersection,3,100,Arterial Highway,PRINCES,WELLINGTON,-38.068024,147.0738,2022,9,September,13,Midday,Weekend
T20220021048,2022-09-17,11:00:00,1,Collision with vehicle,6,Saturday,120,HEAD ON (NOT OVERTAKING),1,754858,Not at intersection,3,80,Arterial Other,TURTONS,COLAC OTWAY,-38.645706,143.668,2022,9,September,11,Midday,Weekend
T20230001889,2022-09-17,17:30:00,4,Collision with a fixed object,6,Saturday,171,LEFT OFF CARRIAGEWAY INTO OBJECT/PARKED VEHICLE,2,782805,Not at intersection,3,60,Local Road,ARTHURS CREEK,NILLUMBIK,-37.62678,145.1923,2022,9,September,17,Afternoon Peak,Weekend
T20220024279,2022-09-17,23:00:00,1,Collision with vehicle,6,Saturday,110,CROSS TRAFFIC(INTERSECTIONS ONLY),3,732457,Cross intersection,3,60,Local Road,GOWER,DAREBIN,-37.741062,145.00967,2022,9,September,23,Night,Weekend
T20220027998,2022-09-17,17:00:00,4,Collision with a fixed object,6,Saturday,171,LEFT OFF CARRIAGEWAY INTO OBJECT/PARKED VEHICLE,2,775058,Not at intersection,3,100,Arterial Other,MAIN NEERIM,BAW BAW,-38.08788,145.86427,2022,9,September,17,Afternoon Peak,Weekend
T20220021045,2022-09-17,13:10:00,4,Collision with a fixed object,6,Saturday,171,LEFT OFF CARRIAGEWAY INTO OBJECT/PARKED VEHICLE,1,782801,T intersection,3,70,Local Road,LIVERPOOL,MAROONDAH,-37.825253,145.31781,2022,9,September,13,Midday,Weekend
T20220021050,2022-09-17,14:50:00,2,Struck Pedestrian,6,Saturday,102,FAR SIDE. PED HIT BY VEHICLE FROM THE LEFT,1,726944,Not at intersection,2,60,Arterial Other,BRUNSWICK,MORELAND,-37.77787,144.96709,2022,9,September,14,Midday,Weekend
T20220021051,2022-09-17,15:30:00,8,No collision and no object struck,6,Saturday,170,OFF CARRIAGEWAY TO LEFT,1,725958,Not at intersection,2,60,Local Road,LAWRENCE,MONASH,-37.87642,145.14133,2022,9,September,15,Afternoon Peak,Weekend
T20220021078,2022-09-17,20:15:00,4,Collision with a fixed object,6,Saturday,171,LEFT OFF CARRIAGEWAY INTO OBJECT/PARKED VEHICLE,3,733794,Not at intersection,3,100,Freeway,TULLAMARINE,HUME,-37.679165,144.86789,2022,9,September,20,Night,Weekend
T20220023606,2022-09-17,22:30:00,1,Collision with vehicle,6,Saturday,130,REAR END(VEHICLES IN SAME LANE),3,780344,Cross intersection,3,70,Arterial Other,WAVERLEY,MONASH,-37.888878,145.16408,2022,9,September,22,Night,Weekend
T20220021189,2022-09-17,14:00:00,7,Fall from or in moving vehicle,6,Saturday,190,FELL IN/FROM VEHICLE,1,725619,Not at intersection,3,100,Arterial Other,YACKANDANDAH,INDIGO,-36.288685,146.81685,2022,9,September,14,Midday,Weekend
T20220021076,2022-09-17,19:42:00,1,Collision with vehicle,6,Saturday,120,HEAD ON (NOT OVERTAKING),3,725431,Not at intersection,3,80,Arterial Other,DORSET,MAROONDAH,-37.819336,145.28786,2022,9,September,19,Night,Weekend
T20220021073,2022-09-17,21:00:00,1,Collision with vehicle,6,Saturday,130,REAR END(VEHICLES IN SAME LANE),3,61112,Cross intersection,3,60,Arterial Other,EPPING,WHITTLESEA,-37.62839,145.02788,2022,9,September,21,Night,Weekend
T20220021275,2022-09-17,14:30:00,8,No collision and no object struck,6,Saturday,174,OUT OF CONTROL ON CARRIAGEWAY (ON STRAIGHT),1,725625,Not at intersection,2,60,Local Road,TOWER HILL,GEELONG,-38.06292,144.33945,2022,9,September,14,Midday,Weekend
T20220021796,2022-09-17,20:00:00,1,Collision with vehicle,6,Saturday,110,CROSS TRAFFIC(INTERSECTIONS ONLY),6,42352,Cross intersection,3,60,Arterial Other,CLARINDA,KINGSTON,-37.94067,145.09793,2022,9,September,20,Night,Weekend
T20220021055,2022-09-17,16:15:00,1,Collision with vehicle,6,Saturday,131,LEFT REAR,1,57854,Cross intersection,3,60,Arterial Other,BACCHUS MARSH,GEELONG,-38.08346,144.35817,2022,9,September,16,Afternoon Peak,Weekend
T20220021121,2022-09-17,10:30:00,1,Collision with vehicle,6,Saturday,160,VEHICLE COLLIDES WITH VEHICLE PARKED ON LEFT OF ROAD,1,786097,Not at intersection,2,40,Local Road,LAKESIDE,PORT PHILLIP,-37.838684,144.97014,2022,9,September,10,Midday,Weekend
T20220021063,2022-09-17,17:38:00,1,Collision with vehicle,6,Saturday,120,HEAD ON (NOT OVERTAKING),1,44636,T intersection,3,60,Arterial Other,LOWER PLENTY,BANYULE,-37.740997,145.06833,2022,9,September,17,Afternoon Peak,Weekend
T20220021080,2022-09-17,17:14:00,4,Collision with a fixed object,6,Saturday,171,LEFT OFF CARRIAGEWAY INTO OBJECT/PARKED VEHICLE,1,731636,Not at intersection,2,100,Freeway,WESTERN,MELTON,-37.77969,144.74724,2022,9,September,17,Afternoon Peak,Weekend
T20220021454,2022-09-17,17:12:00,1,Collision with vehicle,6,Saturday,130,REAR END(VEHICLES IN SAME LANE),1,777504,Multiple intersection,3,70,Local Road,AIRPORT,HUME,-37.706593,144.86743,2022,9,September,17,Afternoon Peak,Weekend
T20220022961,2022-09-18,16:54:00,4,Collision with a fixed object,7,Sunday,181,OFF RIGHT BEND INTO OBJECT/PARKED VEHICLE,1,728747,Not at intersection,3,80,Freeway,MONASH OUT-EASTLINK OUT,DANDENONG,-37.94659,145.20592,2022,9,September,16,Afternoon Peak,Weekend
T20220021227,2022-09-18,23:52:00,4,Collision with a fixed object,7,Sunday,183,OFF LEFT BEND INTO OBJECT/PARKED VEHICLE,5,725847,Not at intersection,3,80,Local Road,MYERS CREEK,YARRA RANGES,-37.57044,145.50871,2022,9,September,23,Night,Weekend
T20220021253,2022-09-18,18:30:00,1,Collision with vehicle,7,Sunday,163,VEHICLE STRIKES DOOR OF PARKED/STATIONARY VEHICLE,2,785890,Not at intersection,2,60,Arterial Highway,ST KILDA,PORT PHILLIP,-37.86406,144.98567,2022,9,September,18,Afternoon Peak,Weekend
T20220025260,2022-09-18,19:49:00,1,Collision with vehicle,7,Sunday,111,RIGHT FAR (INTERSECTIONS ONLY),3,736477,Cross intersection,3,50,Local Road,LITHGOW,MITCHELL,-37.473774,144.97565,2022,9,September,19,Night,Weekend
T20220021280,2022-09-18,22:10:00,1,Collision with vehicle,7,Sunday,121,RIGHT THROUGH,3,221846,T intersection,3,60,Freeway,THAMES,DANDENONG,-38.043102,145.14218,2022,9,September,22,Night,Weekend
T20220021282,2022-09-18,06:00:00,4,Collision with a fixed object,7,Sunday,181,OFF RIGHT BEND INTO OBJECT/PARKED VEHICLE,2,782882,Not at intersection,3,80,Arterial Highway,MAROONDAH,YARRA RANGES,-37.604218,145.62035,2022,9,September,6,Morning Peak,Weekend
T20230018232,2022-09-18,16:40:00,1,Collision with vehicle,7,Sunday,130,REAR END(VEHICLES IN SAME LANE),2,778320,Not at intersection,3,60,Arterial Highway,BANKSIA,BANYULE,-37.760212,145.07227,2022,9,September,16,Afternoon Peak,Weekend
T20230009877,2022-09-18,11:51:00,1,Collision with vehicle,7,Sunday,130,REAR END(VEHICLES IN SAME LANE),1,41711,T intersection,2,60,Arterial Other,CLAYTON,MONASH,-37.905224,145.12346,2022,9,September,11,Midday,Weekend
T20220021124,2022-09-18,14:30:00,1,Collision with vehicle,7,Sunday,110,CROSS TRAFFIC(INTERSECTIONS ONLY),1,51408,Cross intersection,3,50,Local Road,EYRE,CAMPASPE,-36.13508,144.74828,2022,9,September,14,Midday,Weekend
T20220021432,2022-09-18,18:30:00,2,Struck Pedestrian,7,Sunday,102,FAR SIDE. PED HIT BY VEHICLE FROM THE LEFT,6,725846,Cross intersection,3,60,Arterial Other,BLACKBURN,MONASH,-37.906593,145.14197,2022,9,September,18,Afternoon Peak,Weekend
T20220021213,2022-09-18,19:50:00,1,Collision with vehicle,7,Sunday,116,LEFT NEAR (INTERSECTIONS ONLY),3,221987,Multiple intersection,3,80,Freeway,HUME OUT-COOPER,WHITTLESEA,-37.64825,144.98973,2022,9,September,19,Night,Weekend
T20220022727,2022-09-18,09:20:00,4,Collision with a fixed object,7,Sunday,181,OFF RIGHT BEND INTO OBJECT/PARKED VEHICLE,1,731647,Not at intersection,3,100,Arterial Other,GRAHAMVALE,SHEPPARTON,-36.303818,145.43118,2022,9,September,9,Morning Peak,Weekend
T20220021084,2022-09-18,00:05:00,1,Collision with vehicle,7,Sunday,121,RIGHT THROUGH,2,29524,T intersection,2,60,Arterial Other,BALLARAT,MARIBYRNONG,-37.79269,144.89445,2022,9,September,0,Late Night,Weekend
T20220021088,2022-09-18,00:01:00,2,Struck Pedestrian,7,Sunday,100,PED NEAR SIDE. PED HIT BY VEHICLE FROM THE RIGHT.,3,37135,T intersection,2,40,Arterial Other,SWAN,YARRA,-37.825176,144.9934,2022,9,September,0,Late Night,Weekend
T20220021090,2022-09-18,01:44:00,4,Collision with a fixed object,7,Sunday,183,OFF LEFT BEND INTO OBJECT/PARKED VEHICLE,5,745747,Not at intersection,2,80,Arterial Other,HEALESVILLE-KOO WEE RUP,YARRA RANGES,-37.790596,145.52101,2022,9,September,1,Late Night,Weekend
T20220021091,2022-09-18,01:25:00,4,Collision with a fixed object,7,Sunday,173,RIGHT OFF CARRIAGEWAY INTO OBJECT/PARKED VEHICLE,3,725743,Not at intersection,2,100,Freeway,EASTLINK,DANDENONG,-37.987705,145.19263,2022,9,September,1,Late Night,Weekend
T20220021094,2022-09-18,04:00:00,4,Collision with a fixed object,7,Sunday,181,OFF RIGHT BEND INTO OBJECT/PARKED VEHICLE,4,728574,Not at intersection,2,60,Local Road,HAUGHTON,MONASH,-37.91406,145.1057,2022,9,September,4,Late Night,Weekend
T20220021098,2022-09-18,07:17:00,1,Collision with vehicle,7,Sunday,110,CROSS TRAFFIC(INTERSECTIONS ONLY),1,50443,Cross intersection,3,50,Arterial Other,KORUMBURRA,BASS COAST,-38.601845,145.59993,2022,9,September,7,Morning Peak,Weekend
T20220021101,2022-09-18,05:35:00,1,Collision with vehicle,7,Sunday,130,REAR END(VEHICLES IN SAME LANE),2,779732,Not at intersection,3,50,Arterial Other,MURRADOC,GEELONG,-38.176594,144.59966,2022,9,September,5,Morning Peak,Weekend
T20220021109,2022-09-18,09:20:00,1,Collision with vehicle,7,Sunday,139,OTHER SAME DIRECTION-MANOUEVRES NOT INCLUDED IN DCAs 130-137,1,40225,T intersection,3,60,Local Road,KOOYONG,STONNINGTON,-37.860313,145.01987,2022,9,September,9,Morning Peak,Weekend
T20220021113,2022-09-18,11:13:00,1,Collision with vehicle,7,Sunday,120,HEAD ON (NOT OVERTAKING),1,725500,Not at intersection,3,80,Local Road,BROWNS,MORNINGTON PENINSULA,-38.396454,144.84718,2022,9,September,11,Midday,Weekend
T20220021119,2022-09-18,13:33:00,1,Collision with vehicle,7,Sunday,113,RIGHT NEAR (INTERSECTIONS ONLY),1,43037,T intersection,3,60,Local Road,HAMMOND,DANDENONG,-37.994156,145.20969,2022,9,September,13,Midday,Weekend
T20220021123,2022-09-18,10:32:00,4,Collision with a fixed object,7,Sunday,181,OFF RIGHT BEND INTO OBJECT/PARKED VEHICLE,1,728461,Cross intersection,2,60,Local Road,JETTY,MORNINGTON PENINSULA,-38.370365,144.90863,2022,9,September,10,Midday,Weekend
T20220021129,2022-09-18,13:42:00,4,Collision with a fixed object,7,Sunday,181,OFF RIGHT BEND INTO OBJECT/PARKED VEHICLE,1,733169,Not at intersection,2,100,Arterial Other,KORUMBURRA-WARRAGUL,SOUTH GIPPSLAND,-38.39753,145.83337,2022,9,September,13,Midday,Weekend
T20220021130,2022-09-18,16:20:00,1,Collision with vehicle,7,Sunday,136,RIGHT TURN SIDESWIPE,1,61818,Cross intersection,3,60,Freeway,COBURNS-WESTERN OUT,MELTON,-37.692173,144.56668,2022,9,September,16,Afternoon Peak,Weekend
T20220021131,2022-09-18,15:15:00,8,No collision and no object struck,7,Sunday,174,OUT OF CONTROL ON CARRIAGEWAY (ON STRAIGHT),1,259894,Not at intersection,2,60,Arterial Other,RIVERSDALE,BOROONDARA,-37.82988,145.04385,2022,9,September,15,Afternoon Peak,Weekend
T20220021132,2022-09-18,15:25:00,1,Collision with vehicle,7,Sunday,142,LEAVING PARKING,1,734087,Not at intersection,3,60,Local Road,WALNUT,MILDURA,-34.1991,142.13556,2022,9,September,15,Afternoon Peak,Weekend
T20220021141,2022-09-18,15:20:00,5,collision with some other object,7,Sunday,183,OFF LEFT BEND INTO OBJECT/PARKED VEHICLE,1,774979,Not at intersection,2,100,Arterial Highway,GOULBURN VALLEY,MURRINDINDI,-37.163418,145.52228,2022,9,September,15,Afternoon Peak,Weekend
T20220021142,2022-09-18,18:49:00,1,Collision with vehicle,7,Sunday,130,REAR END(VEHICLES IN SAME LANE),3,350177,T intersection,2,60,Arterial Other,EDGARS,WHITTLESEA,-37.69374,145.00098,2022,9,September,18,Afternoon Peak,Weekend
T20220021148,2022-09-18,17:00:00,4,Collision with a fixed object,7,Sunday,183,OFF LEFT BEND INTO OBJECT/PARKED VEHICLE,5,782881,Not at intersection,3,80,Freeway,PENINSULA LINK,MORNINGTON PENINSULA,-38.204063,145.13544,2022,9,September,17,Afternoon Peak,Weekend
T20220021150,2022-09-18,22:15:00,4,Collision with a fixed object,7,Sunday,171,LEFT OFF CARRIAGEWAY INTO OBJECT/PARKED VEHICLE,3,782810,Multiple intersection,3,40,Arterial Other,HOPKINS,MELTON,-37.74753,144.70102,2022,9,September,22,Night,Weekend
T20220021152,2022-09-18,20:09:00,4,Collision with a fixed object,7,Sunday,181,OFF RIGHT BEND INTO OBJECT/PARKED VEHICLE,5,731108,Not at intersection,1,100,Arterial Highway,PRINCES,EAST GIPPSLAND,-37.829662,147.89972,2022,9,September,20,Night,Weekend
T20220021158,2022-09-18,21:44:00,1,Collision with vehicle,7,Sunday,121,RIGHT THROUGH,3,39735,Cross intersection,2,60,Arterial Other,BAYSWATER,MAROONDAH,-37.810574,145.2696,2022,9,September,21,Night,Weekend
T20220021176,2022-09-18,01:20:00,4,Collision with a fixed object,7,Sunday,173,RIGHT OFF CARRIAGEWAY INTO OBJECT/PARKED VEHICLE,3,782883,Not at intersection,3,80,Arterial Highway,DANDENONG,DANDENONG,-37.999,145.17558,2022,9,September,1,Late Night,Weekend
T20220021185,2022-09-18,18:30:00,4,Collision with a fixed object,7,Sunday,171,LEFT OFF CARRIAGEWAY INTO OBJECT/PARKED VEHICLE,3,782809,Not at intersection,3,80,Local Road,JANE,GANNAWARRA,-35.73488,143.93242,2022,9,September,18,Afternoon Peak,Weekend
T20220021197,2022-09-18,20:20:00,1,Collision with vehicle,7,Sunday,110,CROSS TRAFFIC(INTERSECTIONS ONLY),6,15140,Cross intersection,3,60,Local Road,PLEASANT,BALLARAT,-37.581608,143.83504,2022,9,September,20,Night,Weekend
T20220021267,2022-09-19,17:45:00,1,Collision with vehicle,1,Monday,135,LANE CHANGE LEFT (NOT OVERTAKING),1,725959,Multiple intersection,2,50,Arterial Highway,MIDLAND,BALLARAT,-37.558643,143.85536,2022,9,September,17,Afternoon Peak,Weekday
T20220021225,2022-09-19,17:46:00,1,Collision with vehicle,1,Monday,130,REAR END(VEHICLES IN SAME LANE),2,721693,Not at intersection,3,80,Freeway,METROPOLITAN RING IN-PLENTY,BANYULE,-37.68708,145.06787,2022,9,September,17,Afternoon Peak,Weekday
T20220021201,2022-09-19,13:47:00,8,No collision and no object struck,1,Monday,182,OFF CARRIAGEWAY ON LEFT BEND,1,748014,Not at intersection,2,100,Local Road,NAREEN,SOUTHERN GRAMPIANS,-37.45702,141.59506,2022,9,September,13,Midday,Weekday
T20220021198,2022-09-19,12:49:00,1,Collision with vehicle,1,Monday,121,RIGHT THROUGH,1,625803,Multiple intersection,3,70,Freeway,ROBINSONS,MELTON,-37.794666,144.75302,2022,9,September,12,Midday,Weekday
T20220021195,2022-09-19,13:30:00,4,Collision with a fixed object,1,Monday,171,LEFT OFF CARRIAGEWAY INTO OBJECT/PARKED VEHICLE,1,725620,Not at intersection,2,100,Local Road,CROWLANDS,NORTHERN GRAMPIANS,-37.05112,142.79877,2022,9,September,13,Midday,Weekday
T20220021812,2022-09-19,04:30:00,1,Collision with vehicle,1,Monday,120,HEAD ON (NOT OVERTAKING),3,727152,Not at intersection,3,60,Local Road,DARLING,STONNINGTON,-37.88196,145.05843,2022,9,September,4,Late Night,Weekday
T20220021188,2022-09-19,06:30:00,1,Collision with vehicle,1,Monday,130,REAR END(VEHICLES IN SAME LANE),2,779454,Not at intersection,3,100,Freeway,MONASH,CASEY,-37.996037,145.26761,2022,9,September,6,Morning Peak,Weekday
T20220022648,2022-09-19,13:15:00,1,Collision with vehicle,1,Monday,130,REAR END(VEHICLES IN SAME LANE),1,1065,Cross intersection,3,50,Arterial Highway,POINT NEPEAN,MORNINGTON PENINSULA,-38.354584,144.90924,2022,9,September,13,Midday,Weekday
T20220021187,2022-09-19,13:00:00,1,Collision with vehicle,1,Monday,121,RIGHT THROUGH,1,45407,T intersection,3,60,Arterial Other,PASCOE VALE,MOONEE VALLEY,-37.753784,144.92574,2022,9,September,13,Midday,Weekday
T20220021180,2022-09-19,08:13:00,1,Collision with vehicle,1,Monday,121,RIGHT THROUGH,1,278941,T intersection,3,60,Arterial Highway,TOORAK,BOROONDARA,-37.845333,145.04665,2022,9,September,8,Morning Peak,Weekday
T20220021426,2022-09-19,06:30:00,1,Collision with vehicle,1,Monday,130,REAR END(VEHICLES IN SAME LANE),2,774951,Not at intersection,2,100,Freeway,CALDER,BRIMBANK,-37.69578,144.80263,2022,9,September,6,Morning Peak,Weekday
T20220021175,2022-09-19,09:32:00,1,Collision with vehicle,1,Monday,130,REAR END(VEHICLES IN SAME LANE),1,779452,Not at intersection,3,100,Freeway,MORNINGTON PENINSULA,MORNINGTON PENINSULA,-38.304024,145.02698,2022,9,September,9,Morning Peak,Weekday
T20220021174,2022-09-19,10:40:00,1,Collision with vehicle,1,Monday,147,VEHICLE STRIKES ANOTHER VEH WHILE EMERGING FROM DRIVEWAY,1,785892,T intersection,2,80,Arterial Highway,DANDENONG VALLEY,DANDENONG,-38.043137,145.20969,2022,9,September,10,Midday,Weekday
T20220021219,2022-09-19,16:00:00,1,Collision with vehicle,1,Monday,130,REAR END(VEHICLES IN SAME LANE),1,39345,T intersection,3,60,Arterial Other,DONCASTER,MANNINGHAM,-37.7872,145.13269,2022,9,September,16,Afternoon Peak,Weekday
T20220021221,2022-09-19,15:00:00,4,Collision with a fixed object,1,Monday,181,OFF RIGHT BEND INTO OBJECT/PARKED VEHICLE,1,729659,Not at intersection,2,100,Local Road,SUTTON GRANGE-REDESDALE,MOUNT ALEXANDER,-36.981354,144.38458,2022,9,September,15,Afternoon Peak,Weekday
T20220021223,2022-09-19,15:50:00,4,Collision with a fixed object,1,Monday,171,LEFT OFF CARRIAGEWAY INTO OBJECT/PARKED VEHICLE,1,782886,Not at intersection,3,80,Arterial Other,BERWICK-CRANBOURNE,CASEY,-38.08873,145.3328,2022,9,September,15,Afternoon Peak,Weekday
T20220021173,2022-09-19,10:30:00,1,Collision with vehicle,1,Monday,110,CROSS TRAFFIC(INTERSECTIONS ONLY),1,68860,Cross intersection,3,50,Local Road,GARDENVALE,GLEN EIRA,-37.8983,145.01137,2022,9,September,10,Midday,Weekday
T20220021939,2022-09-19,15:00:00,4,Collision with a fixed object,1,Monday,171,LEFT OFF CARRIAGEWAY INTO OBJECT/PARKED VEHICLE,1,731692,Not at intersection,3,60,Local Road,YENDON-EGERTON,MOORABOOL,-37.627403,144.03992,2022,9,September,15,Afternoon Peak,Weekday
T20220021938,2022-09-19,12:00:00,1,Collision with vehicle,1,Monday,130,REAR END(VEHICLES IN SAME LANE),1,779464,Cross intersection,3,50,Arterial Other,COOPER,WHITTLESEA,-37.649742,145.00539,2022,9,September,12,Midday,Weekday
T20220021242,2022-09-19,19:40:00,1,Collision with vehicle,1,Monday,113,RIGHT NEAR (INTERSECTIONS ONLY),2,785911,T intersection,2,80,Arterial Highway,DANDENONG,GLEN EIRA,-37.88479,145.06392,2022,9,September,19,Night,Weekday
T20220021224,2022-09-19,18:00:00,4,Collision with a fixed object,1,Monday,181,OFF RIGHT BEND INTO OBJECT/PARKED VEHICLE,5,726789,Not at intersection,2,60,Arterial Highway,SUTHERLAND,GOLDEN PLAINS,-37.840157,144.07013,2022,9,September,18,Afternoon Peak,Weekday
T20220021236,2022-09-19,14:05:00,1,Collision with vehicle,1,Monday,130,REAR END(VEHICLES IN SAME LANE),1,725440,Not at intersection,1,100,Freeway,HUME,STRATHBOGIE,-36.65424,145.69566,2022,9,September,14,Midday,Weekday
T20220021339,2022-09-19,18:45:00,1,Collision with vehicle,1,Monday,130,REAR END(VEHICLES IN SAME LANE),5,779460,Cross intersection,3,40,Arterial Other,DERRIMUT ROAD -HOPKINS,MELTON,-37.805004,144.69594,2022,9,September,18,Afternoon Peak,Weekday
T20220021234,2022-09-19,19:19:00,4,Collision with a fixed object,1,Monday,171,LEFT OFF CARRIAGEWAY INTO OBJECT/PARKED VEHICLE,5,270292,Unknown,3,100,Arterial Other,BROWN COALMINE,LATROBE,-38.14951,146.44067,2022,9,September,19,Night,Weekday
T20220021172,2022-09-19,08:39:00,4,Collision with a fixed object,1,Monday,146,REVERSING INTO FIXED OBJECT/PARKED VEHICLE,1,727074,Not at intersection,2,50,Local Road,FLORIDA,MORNINGTON PENINSULA,-38.391342,145.15846,2022,9,September,8,Morning Peak,Weekday
T20220021231,2022-09-19,19:56:00,1,Collision with vehicle,1,Monday,130,REAR END(VEHICLES IN SAME LANE),4,104592,Cross intersection,3,80,Freeway,CRANBOURNE,FRANKSTON,-38.155704,145.16748,2022,9,September,19,Night,Weekday
T20220023508,2022-09-19,15:20:00,1,Collision with vehicle,1,Monday,121,RIGHT THROUGH,1,1019,T intersection,3,60,Arterial Highway,SOUTH GIPPSLAND,CASEY,-38.111835,145.28311,2022,9,September,15,Afternoon Peak,Weekday
T20220021161,2022-09-19,09:30:00,1,Collision with vehicle,1,Monday,121,RIGHT THROUGH,1,50316,Cross intersection,3,100,Arterial Highway,SURF COAST,SURF COAST,-38.28628,144.3252,2022,9,September,9,Morning Peak,Weekday
T20220021555,2022-09-19,15:10:00,1,Collision with vehicle,1,Monday,130,REAR END(VEHICLES IN SAME LANE),1,726148,Not at intersection,3,40,Local Road,BRUNSWICK,YARRA,-37.794895,144.97905,2022,9,September,15,Afternoon Peak,Weekday
T20220021157,2022-09-19,07:40:00,1,Collision with vehicle,1,Monday,121,RIGHT THROUGH,1,10596,Cross intersection,3,60,Arterial Other,GLENROY,MORELAND,-37.706276,144.91614,2022,9,September,7,Morning Peak,Weekday
T20220021202,2022-09-19,14:45:00,1,Collision with vehicle,1,Monday,160,VEHICLE COLLIDES WITH VEHICLE PARKED ON LEFT OF ROAD,1,774981,Not at intersection,2,50,Local Road,DUKE,BOROONDARA,-37.861732,145.07724,2022,9,September,14,Midday,Weekday
T20220021206,2022-09-19,16:00:00,1,Collision with vehicle,1,Monday,110,CROSS TRAFFIC(INTERSECTIONS ONLY),1,59919,Cross intersection,2,50,Arterial Highway,HIGH,BENDIGO,-36.92439,144.71037,2022,9,September,16,Afternoon Peak,Weekday
T20220021208,2022-09-19,14:00:00,1,Collision with vehicle,1,Monday,111,RIGHT FAR (INTERSECTIONS ONLY),1,32830,T intersection,2,80,Arterial Highway,LOWER DANDENONG,KINGSTON,-37.987953,145.1202,2022,9,September,14,Midday,Weekday
T20220022145,2022-09-19,17:30:00,1,Collision with vehicle,1,Monday,133,LANE SIDE SWIPE (VEHICLES IN PARALLEL LANES),1,37911,Cross intersection,3,60,Arterial Other,HIGH,DAREBIN,-37.781033,144.99669,2022,9,September,17,Afternoon Peak,Weekday