ACCIDENT_NO,ACCIDENT_DATE,ACCIDENT_TIME,ACCIDENT_TYPE,ACCIDENT_TYPE_DESC,DAY_OF_WEEK,DAY_WEEK_DESC,DCA_CODE,DCA_DESC,LIGHT_CONDITION,NODE_ID,ROAD_GEOMETRY_DESC,SEVERITY,SPEED_ZONE,RMA,ROAD_NAME,LGA_NAME,LATITUDE,LONGITUDE,YEAR,MONTH,MONTH_NAME,HOUR,TIME_PERIOD,DAY_TYPE
T20220021315,2022-09-20,21:45:00,1,Collision with vehicle,2,Tuesday,113,RIGHT NEAR (INTERSECTIONS ONLY),3,53196,T intersection,3,60,Local Road,BRIDGEWATER,HUME,-37.606556,144.92859,2022,9,September,21,Night,Weekday
T20220021297,2022-09-20,13:16:00,2,Struck Pedestrian,2,Tuesday,101,PED EMERGES FROM IN FRONT OF PARKED OR STATIONARY VEHICLE,1,775965,Not at intersection,3,60,Local Road,UNION,BOROONDARA,-37.827484,145.09697,2022,9,September,13,Midday,Weekday
T20220025135,2022-09-20,16:15:00,1,Collision with vehicle,2,Tuesday,113,RIGHT NEAR (INTERSECTIONS ONLY),1,282840,T intersection,3,80,Arterial Highway,SOUTH GIPPSLAND,WELLINGTON,-38.162495,147.08615,2022,9,September,16,Afternoon Peak,Weekday
T20220021296,2022-09-20,16:34:00,1,Collision with vehicle,2,Tuesday,134,LANE CHANGE RIGHT (NOT OVERTAKING),1,732818,Not at intersection,2,60,Arterial Other,VINEYARD,MELTON,-37.621975,144.70503,2022,9,September,16,Afternoon Peak,Weekday
T20220021283,2022-09-20,13:45:00,1,Collision with vehicle,2,Tuesday,130,REAR END(VEHICLES IN SAME LANE),1,779466,Cross intersection,3,80,Arterial Other,PLENTY,WHITTLESEA,-37.637486,145.09567,2022,9,September,13,Midday,Weekday
T20220021272,2022-09-20,10:30:00,1,Collision with vehicle,2,Tuesday,130,REAR END(VEHICLES IN SAME LANE),1,786039,Not at intersection,2,100,Freeway,WESTERN RING,BRIMBANK,-37.80975,144.80798,2022,9,September,10,Midday,Weekday
T20220022860,2022-09-20,07:45:00,1,Collision with vehicle,2,Tuesday,131,LEFT REAR,1,656327,Cross intersection,3,80,Arterial Highway,THOMPSONS,FRANKSTON,-38.072197,145.19514,2022,9,September,7,Morning Peak,Weekday
T20220021281,2022-09-20,14:00:00,1,Collision with vehicle,2,Tuesday,134,LANE CHANGE RIGHT (NOT OVERTAKING),1,725626,Not at intersection,3,40,Local Road,MOORABOOL,GEELONG,-38.15295,144.35812,2022,9,September,14,Midday,Weekday
T20220021354,2022-09-20,10:00:00,5,collision with some other object,2,Tuesday,166,STRUCK OBJECT ON CARRIAGEWAY,1,729661,Not at intersection,3,80,Freeway,CITYLINK,MOONEE VALLEY,-37.76886,144.93724,2022,9,September,10,Midday,Weekday
T20220022892,2022-09-20,09:50:00,1,Collision with vehicle,2,Tuesday,121,RIGHT THROUGH,1,40485,T intersection,2,60,Arterial Other,CAMBERWELL,BOROONDARA,-37.842514,145.06946,2022,9,September,9,Morning Peak,Weekday
T20220022430,2022-09-20,12:00:00,6,Vehicle overturned (no collision),2,Tuesday,170,OFF CARRIAGEWAY TO LEFT,1,727344,Not at intersection,2,50,Local Road,HUSKISSON,WHITTLESEA,-37.662003,145.01088,2022,9,September,12,Midday,Weekday
T20220021279,2022-09-20,06:45:00,1,Collision with vehicle,2,Tuesday,154,PULLING OUT -REAR END,1,737100,Not at intersection,3,100,Freeway,WESTERN RING,HUME,-37.694256,144.91528,2022,9,September,6,Morning Peak,Weekday
T20220021404,2022-09-20,05:38:00,1,Collision with vehicle,2,Tuesday,110,CROSS TRAFFIC(INTERSECTIONS ONLY),2,774982,Cross intersection,2,70,Local Road,NORTHUMBERLAND,BRIMBANK,-37.778347,144.84047,2022,9,September,5,Morning Peak,Weekday
T20220021276,2022-09-20,13:04:00,1,Collision with vehicle,2,Tuesday,130,REAR END(VEHICLES IN SAME LANE),1,726166,Not at intersection,3,60,Arterial Highway,BELL,DAREBIN,-37.74653,145.01633,2022,9,September,13,Midday,Weekday
T20220025797,2022-09-20,22:10:00,1,Collision with vehicle,2,Tuesday,133,LANE SIDE SWIPE (VEHICLES IN PARALLEL LANES),3,782892,Not at intersection,3,80,Arterial Other,BOUNDARY,BRIMBANK,-37.81522,144.80824,2022,9,September,22,Night,Weekday
T20220021344,2022-09-20,17:00:00,1,Collision with vehicle,2,Tuesday,111,RIGHT FAR (INTERSECTIONS ONLY),2,725798,T intersection,3,40,Local Road,LENNOX,YARRA,-37.81374,144.99536,2022,9,September,17,Afternoon Peak,Weekday
T20220025655,2022-09-20,20:00:00,1,Collision with vehicle,2,Tuesday,130,REAR END(VEHICLES IN SAME LANE),9,735068,Not at intersection,3,80,Arterial Other,BALLAN,WYNDHAM,-37.86423,144.60257,2022,9,September,20,Night,Weekday
T20220021343,2022-09-20,17:50:00,1,Collision with vehicle,2,Tuesday,132,RIGHT REAR.,1,726274,T intersection,3,60,Arterial Other,BANNOCKBURN-SHELFORD,GOLDEN PLAINS,-38.04921,144.16866,2022,9,September,17,Afternoon Peak,Weekday
T20220021270,2022-09-20,10:25:00,4,Collision with a fixed object,2,Tuesday,179,OTHER ACCIDENTS-OFF STRAIGHT NOT INCLUDED IN DCAs 170-175,1,740186,Cross intersection,1,60,Local Road,BOUNDARY,GEELONG,-38.22166,144.35631,2022,9,September,10,Midday,Weekday
T20220021269,2022-09-20,10:47:00,1,Collision with vehicle,2,Tuesday,121,RIGHT THROUGH,1,39216,Cross intersection,3,40,Local Road,MONT ALBERT,BOROONDARA,-37.820465,145.09831,2022,9,September,10,Midday,Weekday
T20220021322,2022-09-20,23:16:00,1,Collision with vehicle,2,Tuesday,121,RIGHT THROUGH,3,1013,Cross intersection,3,90,Arterial Highway,DANDENONG-HASTINGS,CASEY,-38.077694,145.23973,2022,9,September,23,Night,Weekday
T20220021321,2022-09-20,17:30:00,1,Collision with vehicle,2,Tuesday,116,LEFT NEAR (INTERSECTIONS ONLY),1,55636,T intersection,3,60,Local Road,CALDER PARK,BRIMBANK,-37.69167,144.75687,2022,9,September,17,Afternoon Peak,Weekday
T20220021318,2022-09-20,21:00:00,1,Collision with vehicle,2,Tuesday,113,RIGHT NEAR (INTERSECTIONS ONLY),3,226603,Cross intersection,2,80,Arterial Other,PLENTY,WHITTLESEA,-37.656113,145.07994,2022,9,September,21,Night,Weekday
T20220021263,2022-09-20,07:30:00,3,Struck animal,2,Tuesday,167,STRUCK ANIMAL,1,780190,Not at intersection,3,100,Local Road,BLACKGATE,SURF COAST,-38.292072,144.3749,2022,9,September,7,Morning Peak,Weekday
T20220021317,2022-09-20,14:59:00,1,Collision with vehicle,2,Tuesday,136,RIGHT TURN SIDESWIPE,1,725678,Not at intersection,3,60,Local Road,INTERLINK,HUME,-37.602295,144.94644,2022,9,September,14,Midday,Weekday
T20220021314,2022-09-20,20:14:00,7,Fall from or in moving vehicle,2,Tuesday,190,FELL IN/FROM VEHICLE,3,728398,Not at intersection,3,50,Local Road,JAMIESON,WARRNAMBOOL,-38.377445,142.48328,2022,9,September,20,Night,Weekday
T20220021312,2022-09-20,13:57:00,1,Collision with vehicle,2,Tuesday,140,U TURN,1,725561,Not at intersection,1,100,Local Road,BARPINBA,COLAC OTWAY,-38.109493,143.65591,2022,9,September,13,Midday,Weekday
T20220021311,2022-09-20,16:26:00,1,Collision with vehicle,2,Tuesday,121,RIGHT THROUGH,1,46278,Cross intersection,3,70,Arterial Other,BURWOOD,YARRA RANGES,-37.902218,145.33005,2022,9,September,16,Afternoon Peak,Weekday
T20220021310,2022-09-20,19:08:00,1,Collision with vehicle,2,Tuesday,110,CROSS TRAFFIC(INTERSECTIONS ONLY),3,57173,Cross intersection,3,50,Arterial Highway,MAIN,EAST GIPPSLAND,-37.827137,147.62694,2022,9,September,19,Night,Weekday
T20220021301,2022-09-20,14:49:00,1,Collision with vehicle,2,Tuesday,121,RIGHT THROUGH,1,40895,T intersection,1,80,Arterial Other,BORONIA,KNOX,-37.848347,145.2302,2022,9,September,14,Midday,Weekday
T20220021261,2022-09-20,08:40:00,1,Collision with vehicle,2,Tuesday,130,REAR END(VEHICLES IN SAME LANE),1,38491,T intersection,3,60,Arterial Other,SWANSEA,YARRA RANGES,-37.780003,145.36414,2022,9,September,8,Morning Peak,Weekday
T20220021247,2022-09-20,07:30:00,1,Collision with vehicle,2,Tuesday,134,LANE CHANGE RIGHT (NOT OVERTAKING),1,35726,T intersection,3,40,Arterial Other,TOORAK,STONNINGTON,-37.844498,145.0371,2022,9,September,7,Morning Peak,Weekday
T20220021255,2022-09-20,09:37:00,1,Collision with vehicle,2,Tuesday,130,REAR END(VEHICLES IN SAME LANE),1,779481,Not at intersection,3,60,Arterial Other,HORSHAM-NORADJUHA,HORSHAM,-36.81094,142.03941,2022,9,September,9,Morning Peak,Weekday
T20220021245,2022-09-20,07:15:00,1,Collision with vehicle,2,Tuesday,110,CROSS TRAFFIC(INTERSECTIONS ONLY),2,725622,Cross intersection,2,60,Freeway,DYNON-CITYLINK OUT,MELBOURNE,-37.80473,144.93529,2022,9,September,7,Morning Peak,Weekday
T20220021251,2022-09-20,06:50:00,1,Collision with vehicle,2,Tuesday,160,VEHICLE COLLIDES WITH VEHICLE PARKED ON LEFT OF ROAD,1,726596,Not at intersection,2,50,Local Road,TESSELAAR,WHITTLESEA,-37.619457,144.99396,2022,9,September,6,Morning Peak,Weekday
T20220021300,2022-09-20,15:10:00,1,Collision with vehicle,2,Tuesday,142,LEAVING PARKING,1,733355,Not at intersection,3,50,Local Road,DAWSON,MORELAND,-37.771152,144.95798,2022,9,September,15,Afternoon Peak,Weekday
T20220021377,2022-09-21,14:05:00,1,Collision with vehicle,3,Wednesday,120,HEAD ON (NOT OVERTAKING),1,735871,Not at intersection,3,60,Local Road,JUMPING CREEK,MANNINGHAM,-37.739857,145.24095,2022,9,September,14,Midday,Weekday
T20220021594,2022-09-21,14:00:00,8,No collision and no object struck,3,Wednesday,198,OTHER ACCIDENTS NOT CLASSIFIABLE ELSEWHERE,1,727075,Not at intersection,3,100,Local Road,PLANTATION,MANSFIELD,-37.164585,145.92386,2022,9,September,14,Midday,Weekday
T20220021576,2022-09-21,19:45:00,1,Collision with vehicle,3,Wednesday,113,RIGHT NEAR (INTERSECTIONS ONLY),9,37520,T intersection,3,80,Local Road,NAPOLEON,KNOX,-37.925877,145.2679,2022,9,September,19,Night,Weekday
T20220021375,2022-09-21,12:00:00,1,Collision with vehicle,3,Wednesday,130,REAR END(VEHICLES IN SAME LANE),1,725844,Not at intersection,3,60,Arterial Highway,ALEXANDRA,YARRA,-37.79371,144.98506,2022,9,September,12,Midday,Weekday
T20220021368,2022-09-21,08:50:00,1,Collision with vehicle,3,Wednesday,147,VEHICLE STRIKES ANOTHER VEH WHILE EMERGING FROM DRIVEWAY,1,786055,Not at intersection,2,50,Local Road,STAWELL,BALLARAT,-37.561386,143.88521,2022,9,September,8,Morning Peak,Weekday
T20220021355,2022-09-21,10:52:00,1,Collision with vehicle,3,Wednesday,121,RIGHT THROUGH,1,727209,T intersection,2,80,Arterial Other,CRANBOURNE,CASEY,-38.04147,145.30421,2022,9,September,10,Midday,Weekday
T20220021886,2022-09-21,08:00:00,2,Struck Pedestrian,3,Wednesday,102,FAR SIDE. PED HIT BY VEHICLE FROM THE LEFT,2,29843,Multiple intersection,3,40,Freeway,WILLIAMSTOWN-WEST GATE IN,MARIBYRNONG,-37.82495,144.88113,2022,9,September,8,Morning Peak,Weekday
T20220021418,2022-09-21,22:15:00,1,Collision with vehicle,3,Wednesday,120,HEAD ON (NOT OVERTAKING),3,775618,Not at intersection,3,60,Arterial Other,HEATHERTON,DANDENONG,-37.96868,145.20349,2022,9,September,22,Night,Weekday
T20220023157,2022-09-21,08:00:00,1,Collision with vehicle,3,Wednesday,121,RIGHT THROUGH,1,39391,Cross intersection,3,60,Arterial Other,MIDDLEBOROUGH,WHITEHORSE,-37.809143,145.14056,2022,9,September,8,Morning Peak,Weekday
T20220021352,2022-09-21,10:27:00,4,Collision with a fixed object,3,Wednesday,175,OFF END OF ROAD/T-INTERSECTION.,1,726220,T intersection,2,50,Local Road,BANK,GEELONG,-38.024452,144.40117,2022,9,September,10,Midday,Weekday
T20220021349,2022-09-21,03:00:00,1,Collision with vehicle,3,Wednesday,130,REAR END(VEHICLES IN SAME LANE),2,733170,Not at intersection,2,40,Freeway,WESTERN,MOORABOOL,-37.665462,144.40752,2022,9,September,3,Late Night,Weekday
T20220021346,2022-09-21,03:55:00,4,Collision with a fixed object,3,Wednesday,173,RIGHT OFF CARRIAGEWAY INTO OBJECT/PARKED VEHICLE,3,776672,Cross intersection,1,70,Arterial Other,BAYSWATER,MAROONDAH,-37.810547,145.2696,2022,9,September,3,Late Night,Weekday
T20220021385,2022-09-21,15:40:00,1,Collision with vehicle,3,Wednesday,113,RIGHT NEAR (INTERSECTIONS ONLY),1,737334,Cross intersection,2,60,Local Road,DOWLING,BALLARAT,-37.534428,143.8413,2022,9,September,15,Afternoon Peak,Weekday
T20220021334,2022-09-21,06:44:00,1,Collision with vehicle,3,Wednesday,121,RIGHT THROUGH,1,39983,Cross intersection,3,60,Arterial Other,MELBOURNE,HOBSONS BAY,-37.831005,144.88158,2022,9,September,6,Morning Peak,Weekday
T20220021331,2022-09-21,05:33:00,8,No collision and no object struck,3,Wednesday,170,OFF CARRIAGEWAY TO LEFT,2,146264,Not at intersection,3,40,Arterial Other,SYDNEY,MORELAND,-37.74759,144.9655,2022,9,September,5,Morning Peak,Weekday
T20220023220,2022-09-21,18:35:00,1,Collision with vehicle,3,Wednesday,135,LANE CHANGE LEFT (NOT OVERTAKING),2,775969,Not at intersection,3,100,Freeway,WEST GATE,MARIBYRNONG,-37.824837,144.87704,2022,9,September,18,Afternoon Peak,Weekday
T20220022019,2022-09-21,19:50:00,1,Collision with vehicle,3,Wednesday,147,VEHICLE STRIKES ANOTHER VEH WHILE EMERGING FROM DRIVEWAY,3,128255,Not at intersection,3,60,Arterial Other,HULL,YARRA RANGES,-37.781887,145.32504,2022,9,September,19,Night,Weekday
T20220021409,2022-09-21,06:52:00,4,Collision with a fixed object,3,Wednesday,171,LEFT OFF CARRIAGEWAY INTO OBJECT/PARKED VEHICLE,2,786045,Not at intersection,2,60,Arterial Other,HOTHAM,GLEN EIRA,-37.87674,144.99803,2022,9,September,6,Morning Peak,Weekday
T20220025854,2022-09-21,16:30:00,4,Collision with a fixed object,3,Wednesday,171,LEFT OFF CARRIAGEWAY INTO OBJECT/PARKED VEHICLE,1,742923,Not at intersection,3,50,Local Road,VICTORIA,CASEY,-38.19377,145.22113,2022,9,September,16,Afternoon Peak,Weekday
T20220021632,2022-09-21,05:50:00,1,Collision with vehicle,3,Wednesday,132,RIGHT REAR.,2,340540,Cross intersection,2,70,Arterial Other,BALLARAT,BRIMBANK,-37.776966,144.82874,2022,9,September,5,Morning Peak,Weekday
T20220021394,2022-09-21,18:30:00,1,Collision with vehicle,3,Wednesday,120,HEAD ON (NOT OVERTAKING),2,727958,Not at intersection,3,60,Local Road,GREENS,NILLUMBIK,-37.587524,145.21516,2022,9,September,18,Afternoon Peak,Weekday
T20220021389,2022-09-21,15:30:00,1,Collision with vehicle,3,Wednesday,147,VEHICLE STRIKES ANOTHER VEH WHILE EMERGING FROM DRIVEWAY,1,726275,Not at intersection,3,80,Arterial Highway,SPRINGVALE,DANDENONG,-38.00363,145.14217,2022,9,September,15,Afternoon Peak,Weekday
T20220021386,2022-09-21,16:54:00,4,Collision with a fixed object,3,Wednesday,181,OFF RIGHT BEND INTO OBJECT/PARKED VEHICLE,1,786052,Not at intersection,2,100,Arterial Other,RUNNING CREEK,ALPINE,-36.552254,146.97145,2022,9,September,16,Afternoon Peak,Weekday
T20220021382,2022-09-21,15:40:00,1,Collision with vehicle,3,Wednesday,121,RIGHT THROUGH,1,725947,Not at intersection,3,80,Arterial Highway,SOUTH GIPPSLAND,CASEY,-38.085213,145.27791,2022,9,September,15,Afternoon Peak,Weekday
T20220022864,2022-09-21,12:55:00,1,Collision with vehicle,3,Wednesday,130,REAR END(VEHICLES IN SAME LANE),1,735055,Not at intersection,3,80,Arterial Other,COOPER,WHITTLESEA,-37.651306,145.01729,2022,9,September,12,Midday,Weekday
T20220021439,2022-09-22,13:20:00,8,No collision and no object struck,4,Thursday,184,OUT OF CONTROL ON CARRIAGEWAY (ON BEND),1,726598,Not at intersection,2,50,Local Road,PRITCHARD,MARIBYRNONG,-37.79354,144.84743,2022,9,September,13,Midday,Weekday
T20220021438,2022-09-22,07:20:00,1,Collision with vehicle,4,Thursday,130,REAR END(VEHICLES IN SAME LANE),2,725948,Not at intersection,2,70,Arterial Other,BALLARAT,BRIMBANK,-37.770832,144.78955,2022,9,September,7,Morning Peak,Weekday
T20220021503,2022-09-22,10:40:00,4,Collision with a fixed object,4,Thursday,179,OTHER ACCIDENTS-OFF STRAIGHT NOT INCLUDED IN DCAs 170-175,1,726654,Not at intersection,3,100,Local Road,LINCOLN GULLY,HEPBURN,-37.445427,143.91174,2022,9,September,10,Midday,Weekday
T20220022322,2022-09-22,12:30:00,1,Collision with vehicle,4,Thursday,130,REAR END(VEHICLES IN SAME LANE),1,779357,Not at intersection,3,60,Local Road,HIGH,DAREBIN,-37.69501,145.01082,2022,9,September,12,Midday,Weekday
T20220023426,2022-09-22,04:50:00,2,Struck Pedestrian,4,Thursday,102,FAR SIDE. PED HIT BY VEHICLE FROM THE LEFT,6,734586,Not at intersection,3,50,Local Road,OSPREY,CARDINIA,-38.083313,145.48334,2022,9,September,4,Late Night,Weekday
T20220021435,2022-09-22,11:30:00,1,Collision with vehicle,4,Thursday,139,OTHER SAME DIRECTION-MANOUEVRES NOT INCLUDED IN DCAs 130-137,1,735250,Not at intersection,2,80,Arterial Highway,STUD,KNOX,-37.924553,145.23381,2022,9,September,11,Midday,Weekday
T20220021428,2022-09-22,11:10:00,1,Collision with vehicle,4,Thursday,139,OTHER SAME DIRECTION-MANOUEVRES NOT INCLUDED IN DCAs 130-137,1,726146,Not at intersection,2,80,Arterial Highway,MAROONDAH,YARRA RANGES,-37.74395,145.37329,2022,9,September,11,Midday,Weekday
T20220021698,2022-09-22,14:30:00,1,Collision with vehicle,4,Thursday,121,RIGHT THROUGH,1,726279,Not at intersection,3,40,Local Road,TYLER,DAREBIN,-37.733337,145.03479,2022,9,September,14,Midday,Weekday
T20220021472,2022-09-22,18:50:00,6,Vehicle overturned (no collision),4,Thursday,180,OFF CARRIAGEWAY ON RIGHT BEND,5,746824,Not at intersection,2,100,Arterial Other,WILLOW GROVE,BAW BAW,-37.949123,146.12062,2022,9,September,18,Afternoon Peak,Weekday
T20220021943,2022-09-22,15:45:00,1,Collision with vehicle,4,Thursday,121,RIGHT THROUGH,1,726798,Not at intersection,3,60,Arterial Other,HAMPSTEAD,MARIBYRNONG,-37.780987,144.87177,2022,9,September,15,Afternoon Peak,Weekday
T20220021422,2022-09-22,09:40:00,1,Collision with vehicle,4,Thursday,110,CROSS TRAFFIC(INTERSECTIONS ONLY),1,67434,Cross intersection,3,50,Local Road,LIGAR,EAST GIPPSLAND,-37.82733,147.6188,2022,9,September,9,Morning Peak,Weekday
T20220021467,2022-09-22,18:35:00,1,Collision with vehicle,4,Thursday,121,RIGHT THROUGH,3,51916,Cross intersection,3,60,Arterial Highway,MIDLAND,BENDIGO,-36.705154,144.31616,2022,9,September,18,Afternoon Peak,Weekday
T20220021482,2022-09-22,22:30:00,1,Collision with vehicle,4,Thursday,121,RIGHT THROUGH,3,774983,Not at intersection,2,60,Arterial Other,FYANS,GEELONG,-38.160583,144.3504,2022,9,September,22,Night,Weekday
T20220021480,2022-09-22,15:42:00,1,Collision with vehicle,4,Thursday,121,RIGHT THROUGH,1,726803,Cross intersection,2,60,Arterial Other,MURRAY,DAREBIN,-37.740135,145.02342,2022,9,September,15,Afternoon Peak,Weekday
T20220021475,2022-09-22,16:41:00,1,Collision with vehicle,4,Thursday,120,HEAD ON (NOT OVERTAKING),1,725949,Not at intersection,3,60,Local Road,BELFAST,HUME,-37.67914,144.9334,2022,9,September,16,Afternoon Peak,Weekday
T20220021587,2022-09-22,13:45:00,1,Collision with vehicle,4,Thursday,130,REAR END(VEHICLES IN SAME LANE),1,726062,Cross intersection,3,80,Local Road,PATTERSONS,CASEY,-38.119926,145.33719,2022,9,September,13,Midday,Weekday
T20220021592,2022-09-22,13:00:00,6,Vehicle overturned (no collision),4,Thursday,174,OUT OF CONTROL ON CARRIAGEWAY (ON STRAIGHT),1,782783,Not at intersection,3,100,Local Road,BURGESS,MURRINDINDI,-37.073776,145.57256,2022,9,September,13,Midday,Weekday
T20220023022,2022-09-22,02:00:00,7,Fall from or in moving vehicle,4,Thursday,190,FELL IN/FROM VEHICLE,3,729667,Not at intersection,3,60,Arterial Highway,PLENTY,DAREBIN,-37.713047,145.04588,2022,9,September,2,Late Night,Weekday
T20220022507,2022-09-22,12:30:00,8,No collision and no object struck,4,Thursday,149,OTHER MANOEUVRING NOT INCLUDED IN DCAs 140-148,1,774996,T intersection,3,100,Local Road,FOREST,ALPINE,-36.546516,146.7526,2022,9,September,12,Midday,Weekday
T20220023030,2022-09-22,19:05:00,1,Collision with vehicle,4,Thursday,152,PULLING OUT (OVERTAKING),3,36293,Cross intersection,3,60,Local Road,VIEW,MORELAND,-37.69578,144.92499,2022,9,September,19,Night,Weekday
T20220021424,2022-09-22,07:40:00,4,Collision with a fixed object,4,Thursday,183,OFF LEFT BEND INTO OBJECT/PARKED VEHICLE,1,783193,Not at intersection,3,100,Local Road,BALLAN-MEREDITH,MOORABOOL,-37.779873,144.1137,2022,9,September,7,Morning Peak,Weekday
T20220021423,2022-09-22,10:16:00,1,Collision with vehicle,4,Thursday,139,OTHER SAME DIRECTION-MANOUEVRES NOT INCLUDED IN DCAs 130-137,1,725845,Not at intersection,3,50,Local Road,NOLAN,BENDIGO,-36.749115,144.28983,2022,9,September,10,Midday,Weekday
T20220021406,2022-09-22,00:10:00,4,Collision with a fixed object,4,Thursday,173,RIGHT OFF CARRIAGEWAY INTO OBJECT/PARKED VEHICLE,3,782746,Not at intersection,3,60,Arterial Other,SEABEACH,GEELONG,-38.09127,144.37323,2022,9,September,0,Late Night,Weekday
T20220021410,2022-09-22,04:04:00,4,Collision with a fixed object,4,Thursday,173,RIGHT OFF CARRIAGEWAY INTO OBJECT/PARKED VEHICLE,3,39715,Cross intersection,3,80,Arterial Highway,MAROONDAH,MAROONDAH,-37.791237,145.26321,2022,9,September,4,Late Night,Weekday
T20220021411,2022-09-22,07:30:00,1,Collision with vehicle,4,Thursday,135,LANE CHANGE LEFT (NOT OVERTAKING),1,732102,Not at intersection,3,100,Freeway,MONASH,MONASH,-37.886856,145.10994,2022,9,September,7,Morning Peak,Weekday
T20220021415,2022-09-22,06:08:00,4,Collision with a fixed object,4,Thursday,171,LEFT OFF CARRIAGEWAY INTO OBJECT/PARKED VEHICLE,1,56878,T intersection,2,60,Local Road,ELDER,WYNDHAM,-37.86332,144.68895,2022,9,September,6,Morning Peak,Weekday
T20220021417,2022-09-22,08:20:00,8,No collision and no object struck,4,Thursday,172,OFF CARRIAGEWAY TO RIGHT,1,726959,Not at intersection,1,50,Local Road,CORNWALL,MORELAND,-37.72086,144.93654,2022,9,September,8,Morning Peak,Weekday
T20220023227,2022-09-22,20:30:00,1,Collision with vehicle,4,Thursday,130,REAR END(VEHICLES IN SAME LANE),5,728632,Not at intersection,3,80,Arterial Other,WHITTLESEA-YEA,MURRINDINDI,-37.47093,145.23943,2022,9,September,20,Night,Weekday
T20220021459,2022-09-22,16:25:00,1,Collision with vehicle,4,Thursday,160,VEHICLE COLLIDES WITH VEHICLE PARKED ON LEFT OF ROAD,1,733877,Not at intersection,2,60,Arterial Other,PLENTY,DAREBIN,-37.73543,145.01318,2022,9,September,16,Afternoon Peak,Weekday
T20220021772,2022-09-22,13:50:00,1,Collision with vehicle,4,Thursday,130,REAR END(VEHICLES IN SAME LANE),1,726575,Not at intersection,3,80,Freeway,WESTERN RING,BRIMBANK,-37.746105,144.83916,2022,9,September,13,Midday,Weekday
T20220021420,2022-09-22,09:35:00,1,Collision with vehicle,4,Thursday,130,REAR END(VEHICLES IN SAME LANE),1,726410,Not at intersection,3,60,Arterial Other,FLEMINGTON,MELBOURNE,-37.79993,144.95538,2022,9,September,9,Morning Peak,Weekday
T20220021421,2022-09-22,07:46:00,4,Collision with a fixed object,4,Thursday,171,LEFT OFF CARRIAGEWAY INTO OBJECT/PARKED VEHICLE,1,725799,Not at intersection,1,80,Arterial Other,PORTARLINGTON,GEELONG,-38.17484,144.46278,2022,9,September,7,Morning Peak,Weekday
T20220021492,2022-09-22,22:45:00,1,Collision with vehicle,4,Thursday,121,RIGHT THROUGH,3,730669,Cross intersection,3,80,Arterial Other,THOMPSONS,CASEY,-38.082283,145.27652,2022,9,September,22,Night,Weekday
T20220021460,2022-09-22,16:59:00,1,Collision with vehicle,4,Thursday,110,CROSS TRAFFIC(INTERSECTIONS ONLY),1,41967,Cross intersection,2,60,Arterial Other,NAPOLEON,KNOX,-37.900494,145.29459,2022,9,September,16,Afternoon Peak,Weekday
T20220021461,2022-09-22,15:19:00,1,Collision with vehicle,4,Thursday,120,HEAD ON (NOT OVERTAKING),1,755674,Not at intersection,2,100,Arterial Other,WODONGA-YACKANDANDAH,WODONGA,-36.194565,146.95547,2022,9,September,15,Afternoon Peak,Weekday
T20220021456,2022-09-22,15:00:00,1,Collision with vehicle,4,Thursday,135,LANE CHANGE LEFT (NOT OVERTAKING),1,732103,Not at intersection,2,80,Arterial Highway,SPRINGVALE,MONASH,-37.90519,145.1611,2022,9,September,15,Afternoon Peak,Weekday
T20220021455,2022-09-22,16:05:00,2,Struck Pedestrian,4,Thursday,102,FAR SIDE. PED HIT BY VEHICLE FROM THE LEFT,1,71140,T intersection,3,50,Local Road,CORAL,CASEY,-38.043396,145.27359,2022,9,September,16,Afternoon Peak,Weekday
T20220021471,2022-09-22,19:10:00,6,Vehicle overturned (no collision),4,Thursday,174,OUT OF CONTROL ON CARRIAGEWAY (ON STRAIGHT),3,782750,Not at intersection,3,40,Local Road,GLEN HUNTLY,GLEN EIRA,-37.88465,145.00362,2022,9,September,19,Night,Weekday
T20220021453,2022-09-22,15:35:00,4,Collision with a fixed object,4,Thursday,171,LEFT OFF CARRIAGEWAY INTO OBJECT/PARKED VEHICLE,1,782754,Not at intersection,3,60,Arterial Other,SUNSHINE,BRIMBANK,-37.745075,144.82816,2022,9,September,15,Afternoon Peak,Weekday
T20220021451,2022-09-22,14:30:00,4,Collision with a fixed object,4,Thursday,183,OFF LEFT BEND INTO OBJECT/PARKED VEHICLE,1,341617,Not at intersection,3,60,Arterial Other,HEIDELBERG-KINGLAKE,NILLUMBIK,-37.56171,145.31584,2022,9,September,14,Midday,Weekday
T20220021450,2022-09-22,15:05:00,1,Collision with vehicle,4,Thursday,110,CROSS TRAFFIC(INTERSECTIONS ONLY),1,726346,Cross intersection,2,60,Local Road,VIOLET,BENDIGO,-36.764534,144.26924,2022,9,September,15,Afternoon Peak,Weekday
T20220021449,2022-09-22,12:33:00,1,Collision with vehicle,4,Thursday,110,CROSS TRAFFIC(INTERSECTIONS ONLY),1,726054,Cross intersection,2,50,Local Road,EIGHTH,MORNINGTON PENINSULA,-38.356285,144.90292,2022,9,September,12,Midday,Weekday