ACCIDENT_NO,ACCIDENT_DATE,ACCIDENT_TIME,ACCIDENT_TYPE,ACCIDENT_TYPE_DESC,DAY_OF_WEEK,DAY_WEEK_DESC,DCA_CODE,DCA_DESC,LIGHT_CONDITION,NODE_ID,ROAD_GEOMETRY_DESC,SEVERITY,SPEED_ZONE,RMA,ROAD_NAME,LGA_NAME,LATITUDE,LONGITUDE,YEAR,MONTH,MONTH_NAME,HOUR,TIME_PERIOD,DAY_TYPE
T20220021465,2022-09-22,14:45:00,1,Collision with vehicle,4,Thursday,132,RIGHT REAR.,1,69919,T intersection,3,60,Local Road,GLADSTONE,DANDENONG,-37.942596,145.21,2022,9,September,14,Midday,Weekday
T20220021445,2022-09-22,14:00:00,8,No collision and no object struck,4,Thursday,170,OFF CARRIAGEWAY TO LEFT,1,782748,T intersection,3,50,Local Road,KARRAKATTA,GEELONG,-38.161316,144.29912,2022,9,September,14,Midday,Weekday
T20220021444,2022-09-22,12:45:00,1,Collision with vehicle,4,Thursday,110,CROSS TRAFFIC(INTERSECTIONS ONLY),1,43826,Cross intersection,2,50,Local Road,HENDERSON,DAREBIN,-37.699997,145.00163,2022,9,September,12,Midday,Weekday
T20220022920,2022-09-23,23:07:00,2,Struck Pedestrian,5,Friday,100,PED NEAR SIDE. PED HIT BY VEHICLE FROM THE RIGHT.,3,782811,Cross intersection,3,60,Local Road,ALEXANDRA,MELBOURNE,-37.830616,144.98782,2022,9,September,23,Night,Weekday
T20220021522,2022-09-23,14:40:00,1,Collision with vehicle,5,Friday,132,RIGHT REAR.,1,726949,T intersection,2,80,Arterial Other,STRATHFIELDSAYE,BENDIGO,-36.808025,144.36844,2022,9,September,14,Midday,Weekday
T20220021546,2022-09-23,20:40:00,1,Collision with vehicle,5,Friday,121,RIGHT THROUGH,3,52773,Cross intersection,3,60,Arterial Other,HOWITT,BALLARAT,-37.540283,143.83128,2022,9,September,20,Night,Weekday
T20220023192,2022-09-23,22:00:00,7,Fall from or in moving vehicle,5,Friday,190,FELL IN/FROM VEHICLE,3,736884,Not at intersection,3,50,Local Road,WELLINGTON,YARRA,-37.82626,144.98964,2022,9,September,22,Night,Weekday
T20220024176,2022-09-23,16:31:00,1,Collision with vehicle,5,Friday,130,REAR END(VEHICLES IN SAME LANE),1,779483,Not at intersection,3,70,Arterial Other,MICKLEHAM,HUME,-37.63668,144.88113,2022,9,September,16,Afternoon Peak,Weekday
T20220021822,2022-09-23,13:00:00,1,Collision with vehicle,5,Friday,120,HEAD ON (NOT OVERTAKING),1,728080,Not at intersection,3,60,Arterial Other,ACHERON,YARRA RANGES,-37.72523,145.7232,2022,9,September,13,Midday,Weekday
T20220021528,2022-09-23,15:05:00,1,Collision with vehicle,5,Friday,121,RIGHT THROUGH,1,726214,Not at intersection,2,50,Local Road,NEERIM,MONASH,-37.891876,145.07883,2022,9,September,15,Afternoon Peak,Weekday
T20220021578,2022-09-23,12:30:00,1,Collision with vehicle,5,Friday,121,RIGHT THROUGH,1,37458,T intersection,3,60,Arterial Other,BEACONSFIELD,PORT PHILLIP,-37.846996,144.94698,2022,9,September,12,Midday,Weekday
T20220021511,2022-09-23,11:36:00,1,Collision with vehicle,5,Friday,116,LEFT NEAR (INTERSECTIONS ONLY),1,709361,Cross intersection,3,50,Arterial Other,ROYAL PARADE SERVICE,MELBOURNE,-37.793728,144.95847,2022,9,September,11,Midday,Weekday
T20220021533,2022-09-23,17:20:00,1,Collision with vehicle,5,Friday,110,CROSS TRAFFIC(INTERSECTIONS ONLY),2,58742,Cross intersection,3,50,Local Road,SPRY,MOIRA,-36.162518,145.87758,2022,9,September,17,Afternoon Peak,Weekday
T20220022914,2022-09-23,09:30:00,1,Collision with vehicle,5,Friday,136,RIGHT TURN SIDESWIPE,1,768349,Cross intersection,3,60,Arterial Other,HAWTHORN,GLEN EIRA,-37.897526,145.01996,2022,9,September,9,Morning Peak,Weekday
T20220021515,2022-09-23,13:20:00,4,Collision with a fixed object,5,Friday,171,LEFT OFF CARRIAGEWAY INTO OBJECT/PARKED VEHICLE,1,726948,T intersection,3,50,Local Road,CLIFFORD,YARRIAMBIACK,-36.244843,142.39589,2022,9,September,13,Midday,Weekday
T20220021609,2022-09-23,15:30:00,4,Collision with a fixed object,5,Friday,181,OFF RIGHT BEND INTO OBJECT/PARKED VEHICLE,1,726278,Not at intersection,3,60,Arterial Other,MOUNTAIN,YARRA RANGES,-37.864532,145.3316,2022,9,September,15,Afternoon Peak,Weekday
T20220021491,2022-09-23,02:15:00,4,Collision with a fixed object,5,Friday,173,RIGHT OFF CARRIAGEWAY INTO OBJECT/PARKED VEHICLE,3,748113,T intersection,2,100,Arterial Highway,MOOROODUC,MORNINGTON PENINSULA,-38.224625,145.09987,2022,9,September,2,Late Night,Weekday
T20220021784,2022-09-23,07:15:00,1,Collision with vehicle,5,Friday,113,RIGHT NEAR (INTERSECTIONS ONLY),1,248719,Cross intersection,3,60,Arterial Highway,PLENTY,BANYULE,-37.697884,145.05907,2022,9,September,7,Morning Peak,Weekday
T20220021493,2022-09-23,01:51:00,4,Collision with a fixed object,5,Friday,181,OFF RIGHT BEND INTO OBJECT/PARKED VEHICLE,5,741893,Not at intersection,2,60,Local Road,STIRLING,EAST GIPPSLAND,-37.879665,147.85376,2022,9,September,1,Late Night,Weekday
T20220021534,2022-09-23,17:23:00,1,Collision with vehicle,5,Friday,110,CROSS TRAFFIC(INTERSECTIONS ONLY),1,57665,Cross intersection,3,60,Local Road,ROOSEVELT,LATROBE,-38.194225,146.52557,2022,9,September,17,Afternoon Peak,Weekday
T20220021536,2022-09-23,18:06:00,6,Vehicle overturned (no collision),5,Friday,174,OUT OF CONTROL ON CARRIAGEWAY (ON STRAIGHT),1,19430,Cross intersection,3,50,Local Road,BANCROFT,BENDIGO,-36.753273,144.27507,2022,9,September,18,Afternoon Peak,Weekday
T20220021537,2022-09-23,17:28:00,1,Collision with vehicle,5,Friday,121,RIGHT THROUGH,2,43935,Cross intersection,2,80,Arterial Highway,SOUTH GIPPSLAND,CASEY,-38.159912,145.31857,2022,9,September,17,Afternoon Peak,Weekday
T20220021552,2022-09-23,20:49:00,1,Collision with vehicle,5,Friday,121,RIGHT THROUGH,3,216129,Cross intersection,2,90,Arterial Other,FRANKSTON-DANDENONG,DANDENONG,-38.071796,145.19522,2022,9,September,20,Night,Weekday
T20220021540,2022-09-23,13:15:00,1,Collision with vehicle,5,Friday,139,OTHER SAME DIRECTION-MANOUEVRES NOT INCLUDED IN DCAs 130-137,1,782814,Not at intersection,3,80,Freeway,WEST GATE,HOBSONS BAY,-37.827873,144.81735,2022,9,September,13,Midday,Weekday
T20220021543,2022-09-23,19:51:00,1,Collision with vehicle,5,Friday,113,RIGHT NEAR (INTERSECTIONS ONLY),3,44951,T intersection,2,60,Arterial Other,MAIN,BRIMBANK,-37.744705,144.80386,2022,9,September,19,Night,Weekday
T20220021545,2022-09-23,14:53:00,2,Struck Pedestrian,5,Friday,102,FAR SIDE. PED HIT BY VEHICLE FROM THE LEFT,1,44342,Cross intersection,3,50,Local Road,WATTON,WYNDHAM,-37.90333,144.65771,2022,9,September,14,Midday,Weekday
T20220021506,2022-09-23,10:30:00,1,Collision with vehicle,5,Friday,120,HEAD ON (NOT OVERTAKING),1,726147,Not at intersection,2,100,Local Road,MT BRIDE,YARRA RANGES,-37.794586,145.72125,2022,9,September,10,Midday,Weekday
T20220021551,2022-09-23,20:40:00,1,Collision with vehicle,5,Friday,113,RIGHT NEAR (INTERSECTIONS ONLY),3,726276,T intersection,3,60,Arterial Other,RIDGE,YARRA RANGES,-37.83773,145.35265,2022,9,September,20,Night,Weekday
T20220021549,2022-09-23,16:09:00,2,Struck Pedestrian,5,Friday,100,PED NEAR SIDE. PED HIT BY VEHICLE FROM THE RIGHT.,1,65644,T intersection,2,50,Local Road,NOTLEN,MAROONDAH,-37.80812,145.22731,2022,9,September,16,Afternoon Peak,Weekday
T20220021508,2022-09-23,09:18:00,1,Collision with vehicle,5,Friday,160,VEHICLE COLLIDES WITH VEHICLE PARKED ON LEFT OF ROAD,1,777376,Not at intersection,3,60,Arterial Other,GAFFNEY,MORELAND,-37.733345,144.95837,2022,9,September,9,Morning Peak,Weekday
T20220021486,2022-09-23,01:35:00,1,Collision with vehicle,5,Friday,147,VEHICLE STRIKES ANOTHER VEH WHILE EMERGING FROM DRIVEWAY,3,738369,Not at intersection,2,60,Local Road,GLEN HUNTLY,GLEN EIRA,-37.883904,144.998,2022,9,September,1,Late Night,Weekday
T20220021523,2022-09-23,14:34:00,1,Collision with vehicle,5,Friday,120,HEAD ON (NOT OVERTAKING),1,786085,Not at intersection,2,70,Local Road,SOLDIERS,CASEY,-38.05787,145.35774,2022,9,September,14,Midday,Weekday
T20220021762,2022-09-24,03:32:00,3,Struck animal,6,Saturday,167,STRUCK ANIMAL,5,727077,Not at intersection,3,100,Freeway,PRINCES,CARDINIA,-38.07616,145.4133,2022,9,September,3,Late Night,Weekend
T20220021568,2022-09-24,04:12:00,1,Collision with vehicle,6,Saturday,160,VEHICLE COLLIDES WITH VEHICLE PARKED ON LEFT OF ROAD,3,780159,Not at intersection,3,50,Local Road,BOTANIC,CARDINIA,-38.064983,145.44449,2022,9,September,4,Late Night,Weekend
T20220021575,2022-09-24,09:40:00,1,Collision with vehicle,6,Saturday,133,LANE SIDE SWIPE (VEHICLES IN PARALLEL LANES),1,726150,Not at intersection,3,50,Local Road,NELSON,HOBSONS BAY,-37.86447,144.90863,2022,9,September,9,Morning Peak,Weekend
T20220021929,2022-09-24,11:00:00,1,Collision with vehicle,6,Saturday,160,VEHICLE COLLIDES WITH VEHICLE PARKED ON LEFT OF ROAD,1,735473,T intersection,3,50,Local Road,GREVILLIA,MORELAND,-37.71796,144.92656,2022,9,September,11,Midday,Weekend
T20220024936,2022-09-24,15:37:00,1,Collision with vehicle,6,Saturday,130,REAR END(VEHICLES IN SAME LANE),1,779484,Not at intersection,3,60,Arterial Other,MONBULK,YARRA RANGES,-37.88161,145.39326,2022,9,September,15,Afternoon Peak,Weekend
T20220021903,2022-09-24,11:30:00,8,No collision and no object struck,6,Saturday,170,OFF CARRIAGEWAY TO LEFT,1,59938,T intersection,2,100,Arterial Highway,WESTERN,HORSHAM,-36.942787,142.55943,2022,9,September,11,Midday,Weekend
T20220021852,2022-09-24,02:47:00,1,Collision with vehicle,6,Saturday,160,VEHICLE COLLIDES WITH VEHICLE PARKED ON LEFT OF ROAD,3,697797,Not at intersection,3,50,Arterial Other,CHURCH,YARRA,-37.817303,144.9994,2022,9,September,2,Late Night,Weekend
T20220022043,2022-09-24,15:45:00,4,Collision with a fixed object,6,Saturday,183,OFF LEFT BEND INTO OBJECT/PARKED VEHICLE,1,726872,Not at intersection,3,80,Arterial Highway,GREAT ALPINE,ALPINE,-36.938995,147.05936,2022,9,September,15,Afternoon Peak,Weekend
T20220021582,2022-09-24,09:40:00,1,Collision with vehicle,6,Saturday,140,U TURN,1,727148,Not at intersection,3,60,Arterial Other,DORSET,MAROONDAH,-37.775528,145.29446,2022,9,September,9,Morning Peak,Weekend
T20220021585,2022-09-24,10:30:00,1,Collision with vehicle,6,Saturday,130,REAR END(VEHICLES IN SAME LANE),1,726277,T intersection,2,80,Arterial Other,KEILOR PARK,BRIMBANK,-37.734417,144.85013,2022,9,September,10,Midday,Weekend
T20220021597,2022-09-24,11:15:00,4,Collision with a fixed object,6,Saturday,183,OFF LEFT BEND INTO OBJECT/PARKED VEHICLE,1,733899,Not at intersection,2,100,Local Road,POINT HICKS,EAST GIPPSLAND,-37.71244,149.21982,2022,9,September,11,Midday,Weekend
T20220021599,2022-09-24,13:15:00,4,Collision with a fixed object,6,Saturday,181,OFF RIGHT BEND INTO OBJECT/PARKED VEHICLE,1,726520,Not at intersection,3,80,Arterial Other,LAKE MOUNTAIN,(LAKE MOUNTAIN),-37.525257,145.85117,2022,9,September,13,Midday,Weekend
T20220021605,2022-09-24,17:41:00,4,Collision with a fixed object,6,Saturday,171,LEFT OFF CARRIAGEWAY INTO OBJECT/PARKED VEHICLE,2,727497,Not at intersection,3,50,Local Road,TURNER,SOUTH GIPPSLAND,-38.47175,145.94711,2022,9,September,17,Afternoon Peak,Weekend
T20220021608,2022-09-24,18:40:00,2,Struck Pedestrian,6,Saturday,102,FAR SIDE. PED HIT BY VEHICLE FROM THE LEFT,4,726152,T intersection,2,40,Local Road,LUDSTONE,BAYSIDE,-37.933006,145.00345,2022,9,September,18,Afternoon Peak,Weekend
T20220021625,2022-09-24,23:50:00,1,Collision with vehicle,6,Saturday,121,RIGHT THROUGH,3,596880,Not at intersection,3,70,Arterial Other,FRANKSTON-FLINDERS,MORNINGTON PENINSULA,-38.303364,145.18362,2022,9,September,23,Night,Weekend
T20220023053,2022-09-24,07:55:00,1,Collision with vehicle,6,Saturday,113,RIGHT NEAR (INTERSECTIONS ONLY),1,728209,T intersection,3,60,Arterial Other,HULL,YARRA RANGES,-37.78968,145.30933,2022,9,September,7,Morning Peak,Weekend
T20220021624,2022-09-24,20:40:00,1,Collision with vehicle,6,Saturday,130,REAR END(VEHICLES IN SAME LANE),3,774952,T intersection,3,60,Arterial Other,SOUTH,KINGSTON,-37.93482,145.04846,2022,9,September,20,Night,Weekend
T20220021623,2022-09-24,21:05:00,1,Collision with vehicle,6,Saturday,132,RIGHT REAR.,5,223545,T intersection,3,80,Local Road,PLUMPTON,MELTON,-37.71659,144.69246,2022,9,September,21,Night,Weekend
T20220021670,2022-09-24,20:35:00,1,Collision with vehicle,6,Saturday,121,RIGHT THROUGH,3,227518,Cross intersection,3,60,Arterial Highway,NUMURKAH,SHEPPARTON,-36.354233,145.40204,2022,9,September,20,Night,Weekend
T20220021590,2022-09-24,11:13:00,1,Collision with vehicle,6,Saturday,111,RIGHT FAR (INTERSECTIONS ONLY),1,237433,T intersection,2,60,Freeway,LONSDALE,MORNINGTON PENINSULA,-38.354225,144.92392,2022,9,September,11,Midday,Weekend
T20220021612,2022-09-24,19:15:00,1,Collision with vehicle,6,Saturday,121,RIGHT THROUGH,2,338242,Cross intersection,2,50,Local Road,HENRY,CARDINIA,-38.075085,145.43747,2022,9,September,19,Night,Weekend
T20220021619,2022-09-24,09:35:00,1,Collision with vehicle,6,Saturday,120,HEAD ON (NOT OVERTAKING),1,739564,Not at intersection,2,100,Local Road,PYRAMID-MINCHA,LODDON,-36.00285,144.09619,2022,9,September,9,Morning Peak,Weekend
T20220021614,2022-09-24,18:21:00,1,Collision with vehicle,6,Saturday,151,OUT OF CONTROL (OVERTAKING),3,43886,Cross intersection,2,60,Local Road,BOURKE,CASEY,-38.097042,145.2745,2022,9,September,18,Afternoon Peak,Weekend
T20220021584,2022-09-24,06:55:00,1,Collision with vehicle,6,Saturday,110,CROSS TRAFFIC(INTERSECTIONS ONLY),1,40159,Cross intersection,2,60,Arterial Other,HOTHAM,PORT PHILLIP,-37.862633,145.00072,2022,9,September,6,Morning Peak,Weekend
T20220021561,2022-09-24,01:18:00,4,Collision with a fixed object,6,Saturday,171,LEFT OFF CARRIAGEWAY INTO OBJECT/PARKED VEHICLE,5,758145,Not at intersection,2,100,Arterial Other,MONASH,LATROBE,-38.35077,146.32,2022,9,September,1,Late Night,Weekend
T20220021566,2022-09-24,04:10:00,4,Collision with a fixed object,6,Saturday,171,LEFT OFF CARRIAGEWAY INTO OBJECT/PARKED VEHICLE,2,786086,Not at intersection,2,100,Freeway,WESTERN,MELTON,-37.780334,144.74733,2022,9,September,4,Late Night,Weekend
T20220022014,2022-09-25,10:20:00,1,Collision with vehicle,7,Sunday,148,VEHICLE OFF FOOTPATH STRIKES VEH ON CARRIAGEWAY,1,38050,Cross intersection,3,60,Arterial Other,HEIDELBERG,DAREBIN,-37.782944,145.01978,2022,9,September,10,Midday,Weekend
T20220021735,2022-09-25,16:54:00,1,Collision with vehicle,7,Sunday,130,REAR END(VEHICLES IN SAME LANE),1,726656,Not at intersection,3,80,Arterial Other,CRANBOURNE-FRANKSTON,FRANKSTON,-38.152946,145.1575,2022,9,September,16,Afternoon Peak,Weekend
T20220021662,2022-09-25,09:59:00,1,Collision with vehicle,7,Sunday,130,REAR END(VEHICLES IN SAME LANE),1,779488,Not at intersection,3,80,Arterial Highway,SPRINGVALE,WHITEHORSE,-37.80734,145.17767,2022,9,September,9,Morning Peak,Weekend
T20220021658,2022-09-25,11:50:00,1,Collision with vehicle,7,Sunday,132,RIGHT REAR.,1,726950,Not at intersection,3,60,Arterial Other,SANDHURST,BENDIGO,-36.73036,144.2629,2022,9,September,11,Midday,Weekend
T20220021653,2022-09-25,13:35:00,4,Collision with a fixed object,7,Sunday,181,OFF RIGHT BEND INTO OBJECT/PARKED VEHICLE,1,726222,Not at intersection,2,60,Arterial Other,HEREFORD,YARRA RANGES,-37.76996,145.37761,2022,9,September,13,Midday,Weekend
T20220021665,2022-09-25,13:15:00,4,Collision with a fixed object,7,Sunday,181,OFF RIGHT BEND INTO OBJECT/PARKED VEHICLE,1,726108,Not at intersection,1,100,Local Road,WESTWOOD,COLAC OTWAY,-38.431705,143.65437,2022,9,September,13,Midday,Weekend
T20220022669,2022-09-25,20:00:00,1,Collision with vehicle,7,Sunday,130,REAR END(VEHICLES IN SAME LANE),3,779487,Not at intersection,3,60,Freeway,WEST GATE OUT-MELBOURNE,HOBSONS BAY,-37.825413,144.8866,2022,9,September,20,Night,Weekend
T20220024341,2022-09-25,11:48:00,1,Collision with vehicle,7,Sunday,133,LANE SIDE SWIPE (VEHICLES IN PARALLEL LANES),1,782888,Not at intersection,3,70,Arterial Highway,SPRINGVALE,MONASH,-37.876488,145.16643,2022,9,September,11,Midday,Weekend
T20220021887,2022-09-25,19:00:00,1,Collision with vehicle,7,Sunday,130,REAR END(VEHICLES IN SAME LANE),3,752150,T intersection,3,80,Arterial Other,SYDNEY,HUME,-37.68711,144.95769,2022,9,September,19,Night,Weekend
T20220021674,2022-09-25,16:03:00,4,Collision with a fixed object,7,Sunday,173,RIGHT OFF CARRIAGEWAY INTO OBJECT/PARKED VEHICLE,1,727405,Not at intersection,2,60,Local Road,PATULLOS,GEELONG,-38.02093,144.37755,2022,9,September,16,Afternoon Peak,Weekend
T20220021676,2022-09-25,17:37:00,4,Collision with a fixed object,7,Sunday,171,LEFT OFF CARRIAGEWAY INTO OBJECT/PARKED VEHICLE,1,49680,Cross intersection,2,60,Arterial Other,BACCHUS MARSH,GEELONG,-38.078438,144.3584,2022,9,September,17,Afternoon Peak,Weekend
T20220021631,2022-09-25,08:50:00,1,Collision with vehicle,7,Sunday,110,CROSS TRAFFIC(INTERSECTIONS ONLY),1,35808,Cross intersection,3,60,Local Road,PAKENHAM,CAMPASPE,-36.127834,144.75378,2022,9,September,8,Morning Peak,Weekend
T20220021677,2022-09-25,14:15:00,8,No collision and no object struck,7,Sunday,182,OFF CARRIAGEWAY ON LEFT BEND,1,740287,Not at intersection,2,40,Arterial Other,CORIO QUAY,GEELONG,-38.103745,144.36372,2022,9,September,14,Midday,Weekend
T20220021678,2022-09-25,16:30:00,1,Collision with vehicle,7,Sunday,130,REAR END(VEHICLES IN SAME LANE),1,11447,Cross intersection,3,70,Freeway,BLACKBURN,MONASH,-37.8952,145.14404,2022,9,September,16,Afternoon Peak,Weekend
T20220021679,2022-09-25,14:25:00,1,Collision with vehicle,7,Sunday,163,VEHICLE STRIKES DOOR OF PARKED/STATIONARY VEHICLE,1,780178,Not at intersection,3,40,Local Road,LYGON,MELBOURNE,-37.799583,144.96713,2022,9,September,14,Midday,Weekend
T20220021654,2022-09-25,11:50:00,4,Collision with a fixed object,7,Sunday,181,OFF RIGHT BEND INTO OBJECT/PARKED VEHICLE,1,731662,T intersection,2,80,Arterial Other,BELGRAVE-GEMBROOK,CARDINIA,-37.94423,145.5139,2022,9,September,11,Midday,Weekend
T20220021680,2022-09-25,17:22:00,1,Collision with vehicle,7,Sunday,120,HEAD ON (NOT OVERTAKING),1,727510,Not at intersection,2,80,Arterial Highway,NEPEAN,MORNINGTON PENINSULA,-38.29547,145.03027,2022,9,September,17,Afternoon Peak,Weekend
T20220026913,2022-09-25,15:10:00,6,Vehicle overturned (no collision),7,Sunday,149,OTHER MANOEUVRING NOT INCLUDED IN DCAs 140-148,1,773182,Not at intersection,3,60,Arterial Other,ORMOND,PORT PHILLIP,-37.88833,144.98601,2022,9,September,15,Afternoon Peak,Weekend
T20220021664,2022-09-25,13:20:00,1,Collision with vehicle,7,Sunday,137,LEFT TURN SIDESWIPE,1,40083,T intersection,3,60,Arterial Other,MARINE,PORT PHILLIP,-37.8693,144.9759,2022,9,September,13,Midday,Weekend
T20220021637,2022-09-25,09:40:00,1,Collision with vehicle,7,Sunday,130,REAR END(VEHICLES IN SAME LANE),1,731109,T intersection,3,100,Arterial Other,STAWELL-AVOCA,PYRENEES,-37.006264,143.38805,2022,9,September,9,Morning Peak,Weekend
T20220021651,2022-09-25,12:13:00,2,Struck Pedestrian,7,Sunday,100,PED NEAR SIDE. PED HIT BY VEHICLE FROM THE RIGHT.,1,726215,T intersection,2,50,Arterial Other,HAWTHORN,GLEN EIRA,-37.89387,145.02065,2022,9,September,12,Midday,Weekend
T20220021663,2022-09-25,12:30:00,4,Collision with a fixed object,7,Sunday,183,OFF LEFT BEND INTO OBJECT/PARKED VEHICLE,1,743123,Not at intersection,2,100,Arterial Other,MARYSVILLE-WOODS POINT,YARRA RANGES,-37.545177,145.84808,2022,9,September,12,Midday,Weekend
T20220021681,2022-09-25,17:40:00,1,Collision with vehicle,7,Sunday,121,RIGHT THROUGH,1,42570,Cross intersection,3,60,Arterial Other,POLICE,MONASH,-37.93499,145.17162,2022,9,September,17,Afternoon Peak,Weekend
T20220021836,2022-09-25,12:30:00,1,Collision with vehicle,7,Sunday,162,ACCIDENT OR BROKEN DOWN,1,726868,Not at intersection,2,80,Arterial Other,MARYSVILLE-WOODS POINT,YARRA RANGES,-37.54644,145.84883,2022,9,September,12,Midday,Weekend
T20220021682,2022-09-25,20:52:00,1,Collision with vehicle,7,Sunday,121,RIGHT THROUGH,3,50088,Cross intersection,2,80,Arterial Other,PORTARLINGTON,GEELONG,-38.167202,144.42232,2022,9,September,20,Night,Weekend
T20220022148,2022-09-25,07:50:00,3,Struck animal,7,Sunday,167,STRUCK ANIMAL,9,726875,Not at intersection,3,80,Arterial Other,MADEIRA PACKET,GLENELG,-38.376602,141.63272,2022,9,September,7,Morning Peak,Weekend
T20220021686,2022-09-25,20:00:00,1,Collision with vehicle,7,Sunday,160,VEHICLE COLLIDES WITH VEHICLE PARKED ON LEFT OF ROAD,3,726951,Not at intersection,3,60,Arterial Other,CUMBERLAND,MORELAND,-37.724068,144.93974,2022,9,September,20,Night,Weekend
T20220021688,2022-09-25,11:20:00,4,Collision with a fixed object,7,Sunday,183,OFF LEFT BEND INTO OBJECT/PARKED VEHICLE,9,726573,Not at intersection,2,80,Arterial Other,FERNTREE GULLY,KNOX,-37.88425,145.2696,2022,9,September,11,Midday,Weekend
T20220021689,2022-09-25,10:45:00,1,Collision with vehicle,7,Sunday,130,REAR END(VEHICLES IN SAME LANE),1,360284,Cross intersection,2,80,Arterial Highway,STATE (BELL/SPRINGVALE),WHITEHORSE,-37.818867,145.17607,2022,9,September,10,Midday,Weekend
T20220021655,2022-09-25,12:10:00,1,Collision with vehicle,7,Sunday,148,VEHICLE OFF FOOTPATH STRIKES VEH ON CARRIAGEWAY,1,726412,Not at intersection,3,60,Local Road,LAVA,WARRNAMBOOL,-38.3814,142.48404,2022,9,September,12,Midday,Weekend
T20220025948,2022-09-25,10:54:00,1,Collision with vehicle,7,Sunday,111,RIGHT FAR (INTERSECTIONS ONLY),1,53805,Cross intersection,3,80,Arterial Other,FRANKSTON-FLINDERS,MORNINGTON PENINSULA,-38.420006,145.04414,2022,9,September,10,Midday,Weekend
T20220021690,2022-09-26,06:21:00,1,Collision with vehicle,1,Monday,120,HEAD ON (NOT OVERTAKING),1,726655,Cross intersection,2,100,Arterial Other,FYANSFORD-GHERINGHAP,GOLDEN PLAINS,-38.112537,144.26404,2022,9,September,6,Morning Peak,Weekday
T20220021697,2022-09-26,09:00:00,1,Collision with vehicle,1,Monday,110,CROSS TRAFFIC(INTERSECTIONS ONLY),1,51118,Cross intersection,3,80,Arterial Highway,MIDLAND,SHEPPARTON,-36.396717,145.46193,2022,9,September,9,Morning Peak,Weekday
T20220021703,2022-09-26,08:40:00,8,No collision and no object struck,1,Monday,149,OTHER MANOEUVRING NOT INCLUDED IN DCAs 140-148,1,37250,T intersection,3,40,Arterial Other,VICTORIA,YARRA,-37.810825,145.0032,2022,9,September,8,Morning Peak,Weekday
T20220021706,2022-09-26,08:47:00,8,No collision and no object struck,1,Monday,199,UNKNOWN-NO DETAILS ON MANOEUVRES OF ROAD-USERS IN ACCIDENT,1,727222,Not at intersection,2,80,Arterial Other,LANCEFIELD-WOODEND,MACEDON RANGES,-37.349922,144.54976,2022,9,September,8,Morning Peak,Weekday
T20220021713,2022-09-26,07:34:00,1,Collision with vehicle,1,Monday,171,LEFT OFF CARRIAGEWAY INTO OBJECT/PARKED VEHICLE,1,735471,Not at intersection,2,60,Local Road,SWITCHBACK,YARRA RANGES,-37.744194,145.32352,2022,9,September,7,Morning Peak,Weekday
T20220021719,2022-09-26,12:40:00,1,Collision with vehicle,1,Monday,116,LEFT NEAR (INTERSECTIONS ONLY),1,307532,T intersection,3,60,Arterial Other,WANGARATTA-YARRAWONGA,WANGARATTA,-36.33617,146.2961,2022,9,September,12,Midday,Weekday
T20220021720,2022-09-26,12:30:00,4,Collision with a fixed object,1,Monday,181,OFF RIGHT BEND INTO OBJECT/PARKED VEHICLE,1,726282,Not at intersection,3,100,Local Road,AXE CREEK,BENDIGO,-36.916283,144.34773,2022,9,September,12,Midday,Weekday
T20220021767,2022-09-26,05:55:00,1,Collision with vehicle,1,Monday,173,RIGHT OFF CARRIAGEWAY INTO OBJECT/PARKED VEHICLE,1,782980,Not at intersection,3,50,Arterial Other,ELMORE-RAYWOOD,BENDIGO,-36.5355,144.20682,2022,9,September,5,Morning Peak,Weekday
T20220021736,2022-09-26,16:18:00,1,Collision with vehicle,1,Monday,113,RIGHT NEAR (INTERSECTIONS ONLY),1,726223,T intersection,1,100,Arterial Highway,SOUTH GIPPSLAND,WELLINGTON,-38.197826,147.07735,2022,9,September,16,Afternoon Peak,Weekday
T20220021737,2022-09-26,17:25:00,1,Collision with vehicle,1,Monday,121,RIGHT THROUGH,1,278707,T intersection,3,60,Freeway,SKYE,FRANKSTON,-38.141186,145.17232,2022,9,September,17,Afternoon Peak,Weekday
T20220021745,2022-09-26,17:23:00,2,Struck Pedestrian,1,Monday,102,FAR SIDE. PED HIT BY VEHICLE FROM THE LEFT,1,735472,T intersection,2,50,Local Road,STOCKMANS,MELBOURNE,-37.79382,144.9171,2022,9,September,17,Afternoon Peak,Weekday
T20220021746,2022-09-26,19:30:00,2,Struck Pedestrian,1,Monday,104,PED WALKING WITH TRAFFIC,3,727817,Not at intersection,2,50,Local Road,QUEEN ADELAIDE,MITCHELL,-37.41189,144.96277,2022,9,September,19,Night,Weekday
T20220021753,2022-09-26,20:40:00,1,Collision with vehicle,1,Monday,121,RIGHT THROUGH,6,36101,Cross intersection,3,50,Arterial Other,CURZON,MELBOURNE,-37.800816,144.94852,2022,9,September,20,Night,Weekday
T20220021754,2022-09-26,20:12:00,2,Struck Pedestrian,1,Monday,102,FAR SIDE. PED HIT BY VEHICLE FROM THE LEFT,3,782979,T intersection,3,50,Local Road,INVERLOCH,WHITTLESEA,-37.630688,145.02179,2022,9,September,20,Night,Weekday