ACCIDENT_NO,ACCIDENT_DATE,ACCIDENT_TIME,ACCIDENT_TYPE,ACCIDENT_TYPE_DESC,DAY_OF_WEEK,DAY_WEEK_DESC,DCA_CODE,DCA_DESC,LIGHT_CONDITION,NODE_ID,ROAD_GEOMETRY_DESC,SEVERITY,SPEED_ZONE,RMA,ROAD_NAME,LGA_NAME,LATITUDE,LONGITUDE,YEAR,MONTH,MONTH_NAME,HOUR,TIME_PERIOD,DAY_TYPE
T20220021755,2022-09-26,22:21:00,5,collision with some other object,1,Monday,181,OFF RIGHT BEND INTO OBJECT/PARKED VEHICLE,3,726658,T intersection,3,80,Local Road,TOWNSEND,GEELONG,-38.184525,144.41898,2022,9,September,22,Night,Weekday
T20220021759,2022-09-26,22:45:00,2,Struck Pedestrian,1,Monday,109,ANY MANOEUVRE INVOLVING PED NOT INCLUDED IN DCAs 100-108.,3,733890,T intersection,2,60,Local Road,MONTEREY,GEELONG,-38.208122,144.31001,2022,9,September,22,Night,Weekday
T20220021761,2022-09-26,22:55:00,4,Collision with a fixed object,1,Monday,183,OFF LEFT BEND INTO OBJECT/PARKED VEHICLE,3,732998,Cross intersection,2,80,Freeway,CITYLINK OUT-BULLA,MOONEE VALLEY,-37.733738,144.90977,2022,9,September,22,Night,Weekday
T20220025154,2022-09-26,08:45:00,1,Collision with vehicle,1,Monday,130,REAR END(VEHICLES IN SAME LANE),1,209946,Not at intersection,3,80,Arterial Highway,BURWOOD,WHITEHORSE,-37.85471,145.16905,2022,9,September,8,Morning Peak,Weekday
T20220023041,2022-09-26,19:00:00,1,Collision with vehicle,1,Monday,153,CUTTING IN (OVERTAKING),6,782981,Not at intersection,3,60,Arterial Other,KEILOR,MOONEE VALLEY,-37.736935,144.89134,2022,9,September,19,Night,Weekday
T20220021770,2022-09-27,09:50:00,8,No collision and no object struck,2,Tuesday,179,OTHER ACCIDENTS-OFF STRAIGHT NOT INCLUDED IN DCAs 170-175,1,774987,Not at intersection,3,40,Arterial Other,BELMORE,MOIRA,-36.011173,146.00458,2022,9,September,9,Morning Peak,Weekday
T20220021794,2022-09-27,15:00:00,8,No collision and no object struck,2,Tuesday,189,OTHER ACCIDENTS ON CURVE NOT INCLUDED IN DCAs 180-184,1,732636,Not at intersection,3,80,Local Road,EASTERN,LATROBE,-38.179726,146.33983,2022,9,September,15,Afternoon Peak,Weekday
T20220021780,2022-09-27,09:30:00,4,Collision with a fixed object,2,Tuesday,181,OFF RIGHT BEND INTO OBJECT/PARKED VEHICLE,1,726599,Not at intersection,2,80,Arterial Other,FORREST-APOLLO BAY,COLAC OTWAY,-38.59722,143.71214,2022,9,September,9,Morning Peak,Weekday
T20220023719,2022-09-27,17:00:00,1,Collision with vehicle,2,Tuesday,123,RIGHT/LEFT. ONE VEH TURNING RIGHT THE OTHER LEFT.,3,657671,Cross intersection,3,60,Arterial Highway,CHELTENHAM,DANDENONG,-37.9899,145.2047,2022,9,September,17,Afternoon Peak,Weekday
T20220021779,2022-09-27,11:30:00,4,Collision with a fixed object,2,Tuesday,171,LEFT OFF CARRIAGEWAY INTO OBJECT/PARKED VEHICLE,1,786256,Not at intersection,2,60,Local Road,TARNEIT,WYNDHAM,-37.893513,144.66258,2022,9,September,11,Midday,Weekday
T20220021844,2022-09-27,22:05:00,4,Collision with a fixed object,2,Tuesday,164,PERMANENT OBSTRUCTION ON CARRIAGEWAY,3,733891,Not at intersection,3,100,Freeway,EASTERN,MANNINGHAM,-37.793102,145.10817,2022,9,September,22,Night,Weekday
T20220021815,2022-09-27,16:44:00,1,Collision with vehicle,2,Tuesday,113,RIGHT NEAR (INTERSECTIONS ONLY),1,254738,T intersection,3,80,Arterial Other,PRINCES,CARDINIA,-38.0643,145.46413,2022,9,September,16,Afternoon Peak,Weekday
T20220021774,2022-09-27,09:05:00,4,Collision with a fixed object,2,Tuesday,171,LEFT OFF CARRIAGEWAY INTO OBJECT/PARKED VEHICLE,1,731666,Not at intersection,2,80,Arterial Highway,GEELONG,MARIBYRNONG,-37.80784,144.87552,2022,9,September,9,Morning Peak,Weekday
T20220021878,2022-09-27,18:00:00,1,Collision with vehicle,2,Tuesday,130,REAR END(VEHICLES IN SAME LANE),2,44385,T intersection,3,60,Arterial Other,POINT COOK,WYNDHAM,-37.90023,144.75356,2022,9,September,18,Afternoon Peak,Weekday
T20220021955,2022-09-27,17:10:00,1,Collision with vehicle,2,Tuesday,135,LANE CHANGE LEFT (NOT OVERTAKING),2,728198,T intersection,3,60,Arterial Other,QUEENS,YARRA,-37.787014,144.99321,2022,9,September,17,Afternoon Peak,Weekday
T20220021811,2022-09-27,16:17:00,1,Collision with vehicle,2,Tuesday,120,HEAD ON (NOT OVERTAKING),1,726588,Not at intersection,2,80,Local Road,MARKET,MOUNT ALEXANDER,-36.998165,144.273,2022,9,September,16,Afternoon Peak,Weekday
T20220021991,2022-09-27,11:40:00,1,Collision with vehicle,2,Tuesday,110,CROSS TRAFFIC(INTERSECTIONS ONLY),1,41781,Cross intersection,3,60,Local Road,HILTON,MORELAND,-37.701733,144.93687,2022,9,September,11,Midday,Weekday
T20220029444,2022-09-27,16:53:00,1,Collision with vehicle,2,Tuesday,130,REAR END(VEHICLES IN SAME LANE),1,779651,Not at intersection,3,60,Arterial Highway,KINGS,MELBOURNE,-37.821102,144.95789,2022,9,September,16,Afternoon Peak,Weekday
T20220021834,2022-09-27,18:30:00,4,Collision with a fixed object,2,Tuesday,181,OFF RIGHT BEND INTO OBJECT/PARKED VEHICLE,2,786251,Not at intersection,2,100,Arterial Other,HEATHCOTE-NAGAMBIE,BENDIGO,-36.9415,144.73795,2022,9,September,18,Afternoon Peak,Weekday
T20220021783,2022-09-27,13:30:00,1,Collision with vehicle,2,Tuesday,147,VEHICLE STRIKES ANOTHER VEH WHILE EMERGING FROM DRIVEWAY,1,782983,Not at intersection,3,50,Local Road,QUINN,DANDENONG,-37.997746,145.22375,2022,9,September,13,Midday,Weekday
T20220021923,2022-09-27,10:00:00,1,Collision with vehicle,2,Tuesday,152,PULLING OUT (OVERTAKING),1,747549,Not at intersection,3,60,Arterial Other,MOORA,CAMPASPE,-36.5856,145.01491,2022,9,September,10,Midday,Weekday
T20220021818,2022-09-27,18:59:00,1,Collision with vehicle,2,Tuesday,121,RIGHT THROUGH,3,53208,Cross intersection,2,70,Arterial Highway,BELLARINE,GEELONG,-38.18918,144.4643,2022,9,September,18,Afternoon Peak,Weekday
T20220021758,2022-09-27,00:41:00,4,Collision with a fixed object,2,Tuesday,173,RIGHT OFF CARRIAGEWAY INTO OBJECT/PARKED VEHICLE,3,50167,Multiple intersection,2,60,Arterial Other,BOUNDARY ROAD -FELLMONGERS,GEELONG,-38.180286,144.38234,2022,9,September,0,Late Night,Weekday
T20220021802,2022-09-27,17:17:00,1,Collision with vehicle,2,Tuesday,130,REAR END(VEHICLES IN SAME LANE),1,726576,Not at intersection,3,60,Arterial Other,MICKLEHAM,HUME,-37.691303,144.88173,2022,9,September,17,Afternoon Peak,Weekday
T20220022000,2022-09-27,11:47:00,1,Collision with vehicle,2,Tuesday,121,RIGHT THROUGH,1,43876,T intersection,3,80,Arterial Other,EVANS,CASEY,-38.10937,145.2524,2022,9,September,11,Midday,Weekday
T20220023993,2022-09-27,13:00:00,8,No collision and no object struck,2,Tuesday,174,OUT OF CONTROL ON CARRIAGEWAY (ON STRAIGHT),1,731558,Not at intersection,2,40,Arterial Other,SYDNEY,MORELAND,-37.726727,144.96365,2022,9,September,13,Midday,Weekday
T20220021998,2022-09-27,06:00:00,8,No collision and no object struck,2,Tuesday,174,OUT OF CONTROL ON CARRIAGEWAY (ON STRAIGHT),1,37768,Cross intersection,3,50,Arterial Other,TOORAK,STONNINGTON,-37.841305,145.01074,2022,9,September,6,Morning Peak,Weekday
T20220021809,2022-09-27,16:45:00,4,Collision with a fixed object,2,Tuesday,171,LEFT OFF CARRIAGEWAY INTO OBJECT/PARKED VEHICLE,1,786261,Not at intersection,2,60,Local Road,HUME,BRIMBANK,-37.71066,144.77621,2022,9,September,16,Afternoon Peak,Weekday
T20220022016,2022-09-27,22:00:00,1,Collision with vehicle,2,Tuesday,135,LANE CHANGE LEFT (NOT OVERTAKING),3,81202,Not at intersection,3,60,Arterial Other,ALEXANDRA,STONNINGTON,-37.8322,145.0071,2022,9,September,22,Night,Weekday
T20220022432,2022-09-27,08:00:00,4,Collision with a fixed object,2,Tuesday,151,OUT OF CONTROL (OVERTAKING),9,782854,Not at intersection,3,60,Arterial Highway,SOUTH GIPPSLAND,DANDENONG,-38.00461,145.22731,2022,9,September,8,Morning Peak,Weekday
T20220021808,2022-09-27,15:38:00,2,Struck Pedestrian,2,Tuesday,100,PED NEAR SIDE. PED HIT BY VEHICLE FROM THE RIGHT.,1,734088,Not at intersection,2,70,Arterial Other,POUND,CASEY,-38.025978,145.25119,2022,9,September,15,Afternoon Peak,Weekday
T20220021806,2022-09-27,15:00:00,1,Collision with vehicle,2,Tuesday,130,REAR END(VEHICLES IN SAME LANE),1,18,Not at intersection,2,100,Arterial Other,MERRIANG,WHITTLESEA,-37.519276,145.02724,2022,9,September,15,Afternoon Peak,Weekday
T20220021820,2022-09-27,19:36:00,1,Collision with vehicle,2,Tuesday,121,RIGHT THROUGH,3,45237,Cross intersection,3,50,Arterial Other,GORDON,MARIBYRNONG,-37.783794,144.89091,2022,9,September,19,Night,Weekday
T20220021805,2022-09-27,11:26:00,1,Collision with vehicle,2,Tuesday,130,REAR END(VEHICLES IN SAME LANE),1,741360,Not at intersection,3,60,Arterial Other,PRINCESS,BOROONDARA,-37.80697,145.02888,2022,9,September,11,Midday,Weekday
T20220021851,2022-09-28,11:28:00,1,Collision with vehicle,3,Wednesday,116,LEFT NEAR (INTERSECTIONS ONLY),1,239524,T intersection,2,60,Local Road,EMPEROR,GEELONG,-38.269924,144.53957,2022,9,September,11,Midday,Weekday
T20220021879,2022-09-28,17:00:00,1,Collision with vehicle,3,Wednesday,121,RIGHT THROUGH,1,38787,Cross intersection,2,60,Arterial Other,MOORE,MARIBYRNONG,-37.795853,144.90413,2022,9,September,17,Afternoon Peak,Weekday
T20220024650,2022-09-28,12:28:00,1,Collision with vehicle,3,Wednesday,121,RIGHT THROUGH,1,775082,Not at intersection,3,60,Local Road,ROSAMOND,MARIBYRNONG,-37.77039,144.88646,2022,9,September,12,Midday,Weekday
T20220021881,2022-09-28,18:30:00,2,Struck Pedestrian,3,Wednesday,100,PED NEAR SIDE. PED HIT BY VEHICLE FROM THE RIGHT.,3,782870,T intersection,3,50,Arterial Other,SYDNEY,MORELAND,-37.708164,144.96129,2022,9,September,18,Afternoon Peak,Weekday
T20220021889,2022-09-28,15:20:00,1,Collision with vehicle,3,Wednesday,120,HEAD ON (NOT OVERTAKING),1,780245,Not at intersection,3,60,Arterial Other,BRUNSWICK,MORELAND,-37.775043,144.94339,2022,9,September,15,Afternoon Peak,Weekday
T20220021893,2022-09-28,15:20:00,1,Collision with vehicle,3,Wednesday,130,REAR END(VEHICLES IN SAME LANE),1,726660,T intersection,3,70,Arterial Other,DORSET ROAD SERVICE,KNOX,-37.842262,145.28685,2022,9,September,15,Afternoon Peak,Weekday
T20220022743,2022-09-28,09:15:00,1,Collision with vehicle,3,Wednesday,163,VEHICLE STRIKES DOOR OF PARKED/STATIONARY VEHICLE,1,756146,Not at intersection,3,50,Local Road,KEELE,YARRA,-37.797726,144.9929,2022,9,September,9,Morning Peak,Weekday
T20220021896,2022-09-28,16:50:00,1,Collision with vehicle,3,Wednesday,134,LANE CHANGE RIGHT (NOT OVERTAKING),1,779661,Not at intersection,3,100,Freeway,WESTERN RING OUT-PASCOE VALE,HUME,-37.704082,144.88994,2022,9,September,16,Afternoon Peak,Weekday
T20220021897,2022-09-28,15:00:00,4,Collision with a fixed object,3,Wednesday,173,RIGHT OFF CARRIAGEWAY INTO OBJECT/PARKED VEHICLE,1,728316,Not at intersection,3,100,Local Road,DUGGANS,GEELONG,-38.003063,144.38086,2022,9,September,15,Afternoon Peak,Weekday
T20220023726,2022-09-28,17:26:00,1,Collision with vehicle,3,Wednesday,130,REAR END(VEHICLES IN SAME LANE),2,779653,Not at intersection,3,80,Arterial Highway,FRANKSTON-DANDENONG,FRANKSTON,-38.084396,145.18474,2022,9,September,17,Afternoon Peak,Weekday
T20220021870,2022-09-28,14:45:00,5,collision with some other object,3,Wednesday,191,LOAD OR MISSILE STRUCK VEHICLE,1,786264,Not at intersection,2,100,Arterial Highway,NORTHERN,BENDIGO,-36.85092,144.70616,2022,9,September,14,Midday,Weekday
T20220021958,2022-09-28,14:05:00,1,Collision with vehicle,3,Wednesday,120,HEAD ON (NOT OVERTAKING),1,733892,Not at intersection,2,60,Arterial Other,MARKET,BRIMBANK,-37.797398,144.83923,2022,9,September,14,Midday,Weekday
T20220021826,2022-09-28,05:25:00,4,Collision with a fixed object,3,Wednesday,173,RIGHT OFF CARRIAGEWAY INTO OBJECT/PARKED VEHICLE,3,726579,Not at intersection,3,100,Freeway,WESTERN RING,HUME,-37.691998,144.95477,2022,9,September,5,Morning Peak,Weekday
T20220026390,2022-09-28,11:30:00,1,Collision with vehicle,3,Wednesday,135,LANE CHANGE LEFT (NOT OVERTAKING),1,784872,Cross intersection,3,70,Local Road,CIVIC,NILLUMBIK,-37.68895,145.11288,2022,9,September,11,Midday,Weekday
T20220023317,2022-09-28,15:55:00,4,Collision with a fixed object,3,Wednesday,173,RIGHT OFF CARRIAGEWAY INTO OBJECT/PARKED VEHICLE,1,782858,T intersection,3,50,Local Road,BARKLY,MORNINGTON PENINSULA,-38.222874,145.03484,2022,9,September,15,Afternoon Peak,Weekday
T20220021927,2022-09-28,16:50:00,1,Collision with vehicle,3,Wednesday,121,RIGHT THROUGH,1,780251,T intersection,3,70,Local Road,PACIFIC,WHITEHORSE,-37.833675,145.1631,2022,9,September,16,Afternoon Peak,Weekday
T20220021838,2022-09-28,09:47:00,1,Collision with vehicle,3,Wednesday,132,RIGHT REAR.,1,756593,T intersection,3,60,Local Road,DYSON,BALLARAT,-37.56454,143.7832,2022,9,September,9,Morning Peak,Weekday
T20220021845,2022-09-28,11:51:00,1,Collision with vehicle,3,Wednesday,113,RIGHT NEAR (INTERSECTIONS ONLY),1,353390,T intersection,3,70,Local Road,HIGH,MELTON,-37.68971,144.60242,2022,9,September,11,Midday,Weekday
T20220024256,2022-09-28,06:43:00,1,Collision with vehicle,3,Wednesday,111,RIGHT FAR (INTERSECTIONS ONLY),1,40906,Cross intersection,3,80,Arterial Other,BORONIA,KNOX,-37.8515,145.23988,2022,9,September,6,Morning Peak,Weekday
T20220022190,2022-09-28,10:38:00,1,Collision with vehicle,3,Wednesday,163,VEHICLE STRIKES DOOR OF PARKED/STATIONARY VEHICLE,9,774374,Not at intersection,3,50,Local Road,WHITELAW,DAREBIN,-37.712894,145.0181,2022,9,September,10,Midday,Weekday
T20220021944,2022-09-28,11:58:00,1,Collision with vehicle,3,Wednesday,121,RIGHT THROUGH,1,776171,Not at intersection,3,60,Arterial Other,LA TROBE,BALLARAT,-37.5716,143.82559,2022,9,September,11,Midday,Weekday
T20220021853,2022-09-28,12:10:00,2,Struck Pedestrian,3,Wednesday,100,PED NEAR SIDE. PED HIT BY VEHICLE FROM THE RIGHT.,1,726600,Not at intersection,2,40,Local Road,BRODERICK,FRANKSTON,-38.10348,145.17628,2022,9,September,12,Midday,Weekday
T20220021859,2022-09-28,10:22:00,1,Collision with vehicle,3,Wednesday,130,REAR END(VEHICLES IN SAME LANE),1,786263,Not at intersection,2,80,Arterial Other,THOMPSONS,CASEY,-38.08544,145.30267,2022,9,September,10,Midday,Weekday
T20220021862,2022-09-28,12:05:00,1,Collision with vehicle,3,Wednesday,110,CROSS TRAFFIC(INTERSECTIONS ONLY),1,264505,Cross intersection,2,100,Local Road,MCSWAIN,CAMPASPE,-36.144203,144.70952,2022,9,September,12,Midday,Weekday
T20220021846,2022-09-28,10:38:00,1,Collision with vehicle,3,Wednesday,130,REAR END(VEHICLES IN SAME LANE),1,774988,Not at intersection,2,40,Arterial Other,BARWON HEADS,GEELONG,-38.200035,144.36351,2022,9,September,10,Midday,Weekday
T20220022010,2022-09-28,08:20:00,1,Collision with vehicle,3,Wednesday,130,REAR END(VEHICLES IN SAME LANE),1,779664,Not at intersection,3,80,Freeway,PASCOE VALE-CITYLINK IN,MORELAND,-37.73724,144.93027,2022,9,September,8,Morning Peak,Weekday
T20220021864,2022-09-28,11:32:00,1,Collision with vehicle,3,Wednesday,130,REAR END(VEHICLES IN SAME LANE),1,112236,Not at intersection,3,60,Arterial Other,RALEIGH,MARIBYRNONG,-37.76999,144.90067,2022,9,September,11,Midday,Weekday
T20220021909,2022-09-28,13:20:00,1,Collision with vehicle,3,Wednesday,121,RIGHT THROUGH,1,53374,Not at intersection,2,80,Arterial Highway,NEPEAN,MORNINGTON PENINSULA,-38.21973,145.05765,2022,9,September,13,Midday,Weekday
T20220021872,2022-09-28,13:58:00,2,Struck Pedestrian,3,Wednesday,100,PED NEAR SIDE. PED HIT BY VEHICLE FROM THE RIGHT.,1,726583,T intersection,2,50,Local Road,STATION,MORELAND,-37.755016,144.96123,2022,9,September,13,Midday,Weekday
T20220021873,2022-09-28,10:30:00,2,Struck Pedestrian,3,Wednesday,106,VEH STRIKES PED ON FOOTPATH/MEDIAN/TRAFFIC ISLAND.,1,782879,Not at intersection,3,50,Local Road,MCNABB,CASEY,-38.029903,145.34402,2022,9,September,10,Midday,Weekday
T20220021875,2022-09-28,15:00:00,1,Collision with vehicle,3,Wednesday,150,HEAD ON(OVERTAKING),1,732104,Not at intersection,3,50,Local Road,LIONEL,MONASH,-37.898933,145.14273,2022,9,September,15,Afternoon Peak,Weekday
T20220029694,2022-09-28,19:15:00,1,Collision with vehicle,3,Wednesday,121,RIGHT THROUGH,3,660522,Cross intersection,3,70,Arterial Other,FOOTE,MANNINGHAM,-37.757893,145.11853,2022,9,September,19,Night,Weekday
T20220022493,2022-09-28,19:20:00,1,Collision with vehicle,3,Wednesday,132,RIGHT REAR.,3,37243,T intersection,3,40,Arterial Other,SWAN,YARRA,-37.825943,145.00026,2022,9,September,19,Night,Weekday
T20220022778,2022-09-29,14:40:00,1,Collision with vehicle,4,Thursday,130,REAR END(VEHICLES IN SAME LANE),1,728204,Not at intersection,3,80,Arterial Other,THOMPSON,FRANKSTON,-38.071953,145.19339,2022,9,September,14,Midday,Weekday
T20220023628,2022-09-29,07:00:00,1,Collision with vehicle,4,Thursday,134,LANE CHANGE RIGHT (NOT OVERTAKING),1,36371,Cross intersection,3,40,Local Road,PALMERSTON,MELBOURNE,-37.796307,144.9707,2022,9,September,7,Morning Peak,Weekday
T20220021906,2022-09-29,07:44:00,2,Struck Pedestrian,4,Thursday,106,VEH STRIKES PED ON FOOTPATH/MEDIAN/TRAFFIC ISLAND.,1,35349,Cross intersection,3,40,Arterial Other,SPENCER,MELBOURNE,-37.8211,144.95508,2022,9,September,7,Morning Peak,Weekday
T20220021916,2022-09-29,09:00:00,1,Collision with vehicle,4,Thursday,110,CROSS TRAFFIC(INTERSECTIONS ONLY),1,726666,Cross intersection,1,50,Local Road,OLIVE,CASEY,-37.99865,145.24677,2022,9,September,9,Morning Peak,Weekday
T20220021932,2022-09-29,11:30:00,4,Collision with a fixed object,4,Thursday,171,LEFT OFF CARRIAGEWAY INTO OBJECT/PARKED VEHICLE,1,786285,Not at intersection,2,60,Local Road,CURLETTS,GEELONG,-38.009804,144.3995,2022,9,September,11,Midday,Weekday
T20220021935,2022-09-29,12:38:00,1,Collision with vehicle,4,Thursday,160,VEHICLE COLLIDES WITH VEHICLE PARKED ON LEFT OF ROAD,1,727509,Not at intersection,2,60,Arterial Other,BALACLAVA,GLEN EIRA,-37.871235,145.01323,2022,9,September,12,Midday,Weekday
T20220021942,2022-09-29,12:00:00,2,Struck Pedestrian,4,Thursday,102,FAR SIDE. PED HIT BY VEHICLE FROM THE LEFT,1,726952,Not at intersection,3,50,Local Road,BOND,MAROONDAH,-37.814014,145.22578,2022,9,September,12,Midday,Weekday
T20220021946,2022-09-29,15:35:00,2,Struck Pedestrian,4,Thursday,100,PED NEAR SIDE. PED HIT BY VEHICLE FROM THE RIGHT.,1,786295,Not at intersection,2,40,Arterial Other,HIGH,STONNINGTON,-37.85134,144.98941,2022,9,September,15,Afternoon Peak,Weekday
T20220021947,2022-09-29,15:30:00,1,Collision with vehicle,4,Thursday,160,VEHICLE COLLIDES WITH VEHICLE PARKED ON LEFT OF ROAD,1,780259,Not at intersection,3,60,Arterial Other,GLEN EIRA,GLEN EIRA,-37.877777,145.00496,2022,9,September,15,Afternoon Peak,Weekday
T20230000332,2022-09-29,02:10:00,3,Struck animal,4,Thursday,167,STRUCK ANIMAL,5,780261,Not at intersection,3,100,Arterial Other,BALLARAT-MARYBOROUGH,BALLARAT,-37.42169,143.79855,2022,9,September,2,Late Night,Weekday
T20220021954,2022-09-29,15:05:00,1,Collision with vehicle,4,Thursday,130,REAR END(VEHICLES IN SAME LANE),1,504,Cross intersection,3,70,Arterial Highway,SPRINGVALE,WHITEHORSE,-37.818386,145.17604,2022,9,September,15,Afternoon Peak,Weekday
T20220021956,2022-09-29,17:25:00,1,Collision with vehicle,4,Thursday,130,REAR END(VEHICLES IN SAME LANE),2,727153,Not at intersection,2,70,Arterial Highway,SETTLEMENT,GEELONG,-38.18205,144.34709,2022,9,September,17,Afternoon Peak,Weekday
T20220022089,2022-09-29,13:00:00,1,Collision with vehicle,4,Thursday,121,RIGHT THROUGH,1,780266,T intersection,3,60,Local Road,THORPE,WYNDHAM,-37.879284,144.69936,2022,9,September,13,Midday,Weekday
T20220021959,2022-09-29,15:30:00,4,Collision with a fixed object,4,Thursday,181,OFF RIGHT BEND INTO OBJECT/PARKED VEHICLE,1,731693,Not at intersection,2,50,Local Road,CAIRNS,CASEY,-38.038567,145.25789,2022,9,September,15,Afternoon Peak,Weekday
T20220021972,2022-09-29,14:11:00,5,collision with some other object,4,Thursday,166,STRUCK OBJECT ON CARRIAGEWAY,1,46797,T intersection,3,60,Local Road,BARRIES,MELTON,-37.68902,144.57968,2022,9,September,14,Midday,Weekday
T20220021960,2022-09-29,17:15:00,1,Collision with vehicle,4,Thursday,110,CROSS TRAFFIC(INTERSECTIONS ONLY),1,36042,Cross intersection,3,40,Local Road,AMESS,YARRA,-37.782272,144.97429,2022,9,September,17,Afternoon Peak,Weekday
T20220022407,2022-09-29,11:50:00,1,Collision with vehicle,4,Thursday,130,REAR END(VEHICLES IN SAME LANE),1,733441,Not at intersection,3,60,Arterial Highway,WHITEHORSE,WHITEHORSE,-37.81751,145.15405,2022,9,September,11,Midday,Weekday
T20220021961,2022-09-29,16:00:00,1,Collision with vehicle,4,Thursday,130,REAR END(VEHICLES IN SAME LANE),1,786290,Not at intersection,2,60,Freeway,WESTERN RING,BRIMBANK,-37.81036,144.808,2022,9,September,16,Afternoon Peak,Weekday
T20220021962,2022-09-29,18:58:00,2,Struck Pedestrian,4,Thursday,101,PED EMERGES FROM IN FRONT OF PARKED OR STATIONARY VEHICLE,2,726870,Not at intersection,2,40,Arterial Other,CHURCH,YARRA,-37.816624,144.99953,2022,9,September,18,Afternoon Peak,Weekday
T20220021965,2022-09-29,17:40:00,1,Collision with vehicle,4,Thursday,121,RIGHT THROUGH,9,35381,T intersection,3,40,Arterial Other,CHURCH,YARRA,-37.82933,144.99728,2022,9,September,17,Afternoon Peak,Weekday
T20220021968,2022-09-29,14:50:00,1,Collision with vehicle,4,Thursday,140,U TURN,1,734089,Not at intersection,3,40,Local Road,LA TROBE,MELBOURNE,-37.811268,144.9581,2022,9,September,14,Midday,Weekday
T20220021969,2022-09-29,16:41:00,1,Collision with vehicle,4,Thursday,113,RIGHT NEAR (INTERSECTIONS ONLY),1,296639,T intersection,2,50,Arterial Other,BALLAN,WYNDHAM,-37.8645,144.60297,2022,9,September,16,Afternoon Peak,Weekday
T20220021970,2022-09-29,16:05:00,1,Collision with vehicle,4,Thursday,135,LANE CHANGE LEFT (NOT OVERTAKING),1,728082,Not at intersection,3,80,Arterial Other,CLYDE,CASEY,-38.061726,145.33807,2022,9,September,16,Afternoon Peak,Weekday
T20220022022,2022-09-29,02:30:00,1,Collision with vehicle,4,Thursday,122,LEFT THROUGH,9,782959,Not at intersection,3,70,Arterial Other,SYDNEY,HUME,-37.691273,144.95825,2022,9,September,2,Late Night,Weekday
T20230005338,2022-09-29,16:00:00,8,No collision and no object struck,4,Thursday,174,OUT OF CONTROL ON CARRIAGEWAY (ON STRAIGHT),9,782960,Not at intersection,3,30,Local Road,WOODGLEN,EAST GIPPSLAND,-37.775963,147.3851,2022,9,September,16,Afternoon Peak,Weekday
T20220022079,2022-09-29,14:10:00,1,Collision with vehicle,4,Thursday,121,RIGHT THROUGH,1,35551,T intersection,2,60,Arterial Highway,NORTH,GLEN EIRA,-37.907516,145.06902,2022,9,September,14,Midday,Weekday
T20220022397,2022-09-29,19:00:00,1,Collision with vehicle,4,Thursday,130,REAR END(VEHICLES IN SAME LANE),3,779665,Not at intersection,3,70,Arterial Other,WESTERN,MELTON,-37.762337,144.75455,2022,9,September,19,Night,Weekday
T20230019003,2022-09-29,09:30:00,1,Collision with vehicle,4,Thursday,130,REAR END(VEHICLES IN SAME LANE),9,778923,Not at intersection,3,80,Arterial Other,PASCOE VALE,HUME,-37.674503,144.92305,2022,9,September,9,Morning Peak,Weekday
T20220021981,2022-09-29,20:00:00,1,Collision with vehicle,4,Thursday,160,VEHICLE COLLIDES WITH VEHICLE PARKED ON LEFT OF ROAD,3,733698,Not at intersection,3,60,Local Road,CANTERBURY,GEELONG,-38.03433,144.39908,2022,9,September,20,Night,Weekday
T20220022930,2022-09-29,16:50:00,1,Collision with vehicle,4,Thursday,130,REAR END(VEHICLES IN SAME LANE),1,728021,Not at intersection,3,50,Local Road,SOMERVILLE,MARIBYRNONG,-37.811104,144.86983,2022,9,September,16,Afternoon Peak,Weekday
T20220023419,2022-09-29,09:30:00,1,Collision with vehicle,4,Thursday,134,LANE CHANGE RIGHT (NOT OVERTAKING),1,782962,Not at intersection,3,60,Arterial Highway,NEPEAN HIGHWAY SERVICE,KINGSTON,-37.975166,145.0657,2022,9,September,9,Morning Peak,Weekday
T20220022244,2022-09-29,07:43:00,1,Collision with vehicle,4,Thursday,121,RIGHT THROUGH,2,727020,Cross intersection,2,60,Arterial Other,COBURNS,MELTON,-37.688263,144.56743,2022,9,September,7,Morning Peak,Weekday
T20220028404,2022-09-29,22:00:00,1,Collision with vehicle,4,Thursday,130,REAR END(VEHICLES IN SAME LANE),2,786294,Not at intersection,3,80,Local Road,NATIONAL,HUME,-37.655785,144.94794,2022,9,September,22,Night,Weekday
T20220024196,2022-09-29,15:30:00,1,Collision with vehicle,4,Thursday,130,REAR END(VEHICLES IN SAME LANE),1,752459,Not at intersection,3,40,Local Road,STURT,BALLARAT,-37.56184,143.85817,2022,9,September,15,Afternoon Peak,Weekday
T20220022044,2022-09-29,19:30:00,1,Collision with vehicle,4,Thursday,133,LANE SIDE SWIPE (VEHICLES IN PARALLEL LANES),1,774990,T intersection,3,60,Arterial Other,MITCHAM,MANNINGHAM,-37.804,145.18922,2022,9,September,19,Night,Weekday