ACCIDENT_NO,ACCIDENT_DATE,ACCIDENT_TIME,ACCIDENT_TYPE,ACCIDENT_TYPE_DESC,DAY_OF_WEEK,DAY_WEEK_DESC,DCA_CODE,DCA_DESC,LIGHT_CONDITION,NODE_ID,ROAD_GEOMETRY_DESC,SEVERITY,SPEED_ZONE,RMA,ROAD_NAME,LGA_NAME,LATITUDE,LONGITUDE,YEAR,MONTH,MONTH_NAME,HOUR,TIME_PERIOD,DAY_TYPE
T20220026073,2022-09-29,11:00:00,1,Collision with vehicle,4,Thursday,135,LANE CHANGE LEFT (NOT OVERTAKING),1,775049,Not at intersection,3,80,Arterial Other,MELTON,MELTON,-37.69312,144.75461,2022,9,September,11,Midday,Weekday
T20220021925,2022-09-29,08:30:00,1,Collision with vehicle,4,Thursday,121,RIGHT THROUGH,1,38772,Cross intersection,3,40,Local Road,IRVING,MARIBYRNONG,-37.802315,144.89912,2022,9,September,8,Morning Peak,Weekday
T20220022491,2022-09-29,09:30:00,1,Collision with vehicle,4,Thursday,163,VEHICLE STRIKES DOOR OF PARKED/STATIONARY VEHICLE,9,727402,Not at intersection,3,60,Local Road,MULLENS,WHITEHORSE,-37.851276,145.17091,2022,9,September,9,Morning Peak,Weekday
T20220022027,2022-09-29,13:30:00,1,Collision with vehicle,4,Thursday,130,REAR END(VEHICLES IN SAME LANE),1,40006,Cross intersection,3,60,Arterial Other,MELBOURNE,HOBSONS BAY,-37.858448,144.89394,2022,9,September,13,Midday,Weekday
T20220021999,2022-09-30,10:57:00,1,Collision with vehicle,5,Friday,111,RIGHT FAR (INTERSECTIONS ONLY),1,331616,T intersection,3,60,Freeway,DALTON-METROPOLITAN RING IN,WHITTLESEA,-37.68747,145.02847,2022,9,September,10,Midday,Weekday
T20220028834,2022-09-30,16:45:00,1,Collision with vehicle,5,Friday,130,REAR END(VEHICLES IN SAME LANE),9,606177,Cross intersection,3,80,Arterial Other,WANTIRNA,KNOX,-37.847603,145.22714,2022,9,September,16,Afternoon Peak,Weekday
T20220021993,2022-09-30,05:30:00,2,Struck Pedestrian,5,Friday,100,PED NEAR SIDE. PED HIT BY VEHICLE FROM THE RIGHT.,2,44300,Cross intersection,2,60,Local Road,HOGANS,WYNDHAM,-37.860874,144.66702,2022,9,September,5,Morning Peak,Weekday
T20220023370,2022-09-30,11:28:00,2,Struck Pedestrian,5,Friday,100,PED NEAR SIDE. PED HIT BY VEHICLE FROM THE RIGHT.,1,775005,Not at intersection,3,40,Local Road,TENTH,MILDURA,-34.187378,142.15833,2022,9,September,11,Midday,Weekday
T20220021989,2022-09-30,08:50:00,1,Collision with vehicle,5,Friday,130,REAR END(VEHICLES IN SAME LANE),1,786297,Not at intersection,2,60,Arterial Highway,KINGS,MELBOURNE,-37.827133,144.9617,2022,9,September,8,Morning Peak,Weekday
T20220021988,2022-09-30,07:04:00,1,Collision with vehicle,5,Friday,148,VEHICLE OFF FOOTPATH STRIKES VEH ON CARRIAGEWAY,1,37017,T intersection,2,60,Arterial Other,VICTORIA,YARRA,-37.80885,144.98381,2022,9,September,7,Morning Peak,Weekday
T20220024296,2022-09-30,15:00:00,1,Collision with vehicle,5,Friday,130,REAR END(VEHICLES IN SAME LANE),1,114553,Not at intersection,3,80,Arterial Other,CRANBOURNE-FRANKSTON,FRANKSTON,-38.156216,145.1728,2022,9,September,15,Afternoon Peak,Weekday
T20220022017,2022-09-30,14:20:00,1,Collision with vehicle,5,Friday,136,RIGHT TURN SIDESWIPE,1,45410,Cross intersection,2,60,Arterial Other,BUCKLEY,MOONEE VALLEY,-37.7581,144.92645,2022,9,September,14,Midday,Weekday
T20220023362,2022-09-30,13:10:00,1,Collision with vehicle,5,Friday,130,REAR END(VEHICLES IN SAME LANE),1,786101,Not at intersection,2,40,Arterial Highway,FRANKSTON-DANDENONG,FRANKSTON,-38.094437,145.17694,2022,9,September,13,Midday,Weekday
T20220022051,2022-09-30,19:20:00,1,Collision with vehicle,5,Friday,110,CROSS TRAFFIC(INTERSECTIONS ONLY),3,52621,Cross intersection,3,50,Local Road,FIREBRACE,HORSHAM,-36.71784,142.19974,2022,9,September,19,Night,Weekday
T20220024036,2022-09-30,09:43:00,1,Collision with vehicle,5,Friday,110,CROSS TRAFFIC(INTERSECTIONS ONLY),1,38029,Cross intersection,3,50,Local Road,MITCHELL,DAREBIN,-37.773525,145.01125,2022,9,September,9,Morning Peak,Weekday
T20220022896,2022-09-30,07:50:00,1,Collision with vehicle,5,Friday,116,LEFT NEAR (INTERSECTIONS ONLY),1,782967,T intersection,3,50,Local Road,REDAN,PORT PHILLIP,-37.86017,144.99176,2022,9,September,7,Morning Peak,Weekday
T20220021984,2022-09-30,06:30:00,1,Collision with vehicle,5,Friday,121,RIGHT THROUGH,2,36180,Cross intersection,2,60,Local Road,STATION,KINGSTON,-38.05061,145.11562,2022,9,September,6,Morning Peak,Weekday
T20220022170,2022-09-30,10:20:00,1,Collision with vehicle,5,Friday,147,VEHICLE STRIKES ANOTHER VEH WHILE EMERGING FROM DRIVEWAY,1,782965,Not at intersection,3,80,Arterial Other,CLYDE-FIVE WAYS,CASEY,-38.15759,145.31923,2022,9,September,10,Midday,Weekday
T20220022212,2022-09-30,19:30:00,5,collision with some other object,5,Friday,166,STRUCK OBJECT ON CARRIAGEWAY,2,786298,Not at intersection,2,100,Arterial Highway,MURRAY VALLEY,SWAN HILL,-35.36496,143.56226,2022,9,September,19,Night,Weekday
T20220022059,2022-09-30,19:48:00,1,Collision with vehicle,5,Friday,121,RIGHT THROUGH,3,57828,T intersection,2,60,Local Road,HULL,YARRA RANGES,-37.778194,145.35863,2022,9,September,19,Night,Weekday
T20220022084,2022-09-30,10:36:00,4,Collision with a fixed object,5,Friday,171,LEFT OFF CARRIAGEWAY INTO OBJECT/PARKED VEHICLE,1,728025,Not at intersection,2,50,Local Road,TONKIN,MORNINGTON PENINSULA,-38.315647,144.99202,2022,9,September,10,Midday,Weekday
T20220022012,2022-09-30,09:00:00,6,Vehicle overturned (no collision),5,Friday,180,OFF CARRIAGEWAY ON RIGHT BEND,1,767167,Not at intersection,2,100,Arterial Other,WOOLSTHORPE-HEYWOOD,GLENELG,-38.139538,141.77019,2022,9,September,9,Morning Peak,Weekday
T20220021978,2022-09-30,05:34:00,1,Collision with vehicle,5,Friday,110,CROSS TRAFFIC(INTERSECTIONS ONLY),2,35414,Cross intersection,2,60,Arterial Other,ALEXANDRA,STONNINGTON,-37.834843,144.99655,2022,9,September,5,Morning Peak,Weekday
T20220022056,2022-09-30,17:52:00,4,Collision with a fixed object,5,Friday,173,RIGHT OFF CARRIAGEWAY INTO OBJECT/PARKED VEHICLE,1,726873,Not at intersection,3,50,Local Road,ALEPPO,FRANKSTON,-38.12302,145.15715,2022,9,September,17,Afternoon Peak,Weekday
T20220022047,2022-09-30,17:00:00,1,Collision with vehicle,5,Friday,130,REAR END(VEHICLES IN SAME LANE),2,774991,Not at intersection,3,60,Arterial Other,HEIDELBERG,YARRA,-37.78542,145.00055,2022,9,September,17,Afternoon Peak,Weekday
T20220022206,2022-09-30,13:40:00,1,Collision with vehicle,5,Friday,132,RIGHT REAR.,1,46528,T intersection,3,60,Local Road,MITCHELL,MARIBYRNONG,-37.782948,144.8841,2022,9,September,13,Midday,Weekday
T20220022067,2022-09-30,21:11:00,1,Collision with vehicle,5,Friday,130,REAR END(VEHICLES IN SAME LANE),3,773164,Not at intersection,3,60,Local Road,ASHCROFT,WYNDHAM,-37.864437,144.7411,2022,9,September,21,Night,Weekday
T20220022001,2022-09-30,11:00:00,1,Collision with vehicle,5,Friday,130,REAR END(VEHICLES IN SAME LANE),1,774989,Not at intersection,3,60,Arterial Other,BULLA,MOONEE VALLEY,-37.73997,144.90746,2022,9,September,11,Midday,Weekday
T20220022053,2022-09-30,14:12:00,1,Collision with vehicle,5,Friday,131,LEFT REAR,1,78497,Cross intersection,3,70,Local Road,BIGNELL,GLEN EIRA,-37.9373,145.06866,2022,9,September,14,Midday,Weekday
T20220022004,2022-09-30,10:43:00,2,Struck Pedestrian,5,Friday,100,PED NEAR SIDE. PED HIT BY VEHICLE FROM THE RIGHT.,1,41433,Cross intersection,2,50,Arterial Other,NEERIM,GLEN EIRA,-37.889214,145.05708,2022,9,September,10,Midday,Weekday
T20220022050,2022-09-30,18:30:00,2,Struck Pedestrian,5,Friday,100,PED NEAR SIDE. PED HIT BY VEHICLE FROM THE RIGHT.,2,38060,Cross intersection,2,60,Arterial Other,ALBERT STREET -STATION,DAREBIN,-37.754433,145.02061,2022,9,September,18,Afternoon Peak,Weekday
T20220022110,2022-09-30,21:10:00,1,Collision with vehicle,5,Friday,113,RIGHT NEAR (INTERSECTIONS ONLY),5,35842,Multiple intersection,2,80,Freeway,WESTERN IN-BALLAN-DAYLESFORD,MOORABOOL,-37.587574,144.20209,2022,9,September,21,Night,Weekday
T20220022018,2022-09-30,13:36:00,1,Collision with vehicle,5,Friday,111,RIGHT FAR (INTERSECTIONS ONLY),1,715572,Cross intersection,2,60,Arterial Other,CRAIGIEBURN,HUME,-37.591663,144.8946,2022,9,September,13,Midday,Weekday
T20220022481,2022-09-30,07:30:00,1,Collision with vehicle,5,Friday,131,LEFT REAR,1,41394,Cross intersection,3,80,Arterial Highway,DANDENONG,GLEN EIRA,-37.881107,145.04959,2022,9,September,7,Morning Peak,Weekday
T20220022078,2022-09-30,13:20:00,1,Collision with vehicle,5,Friday,160,VEHICLE COLLIDES WITH VEHICLE PARKED ON LEFT OF ROAD,1,786100,Not at intersection,2,60,Arterial Other,JASPER,GLEN EIRA,-37.907887,145.0435,2022,9,September,13,Midday,Weekday
T20220022385,2022-09-30,12:20:00,6,Vehicle overturned (no collision),5,Friday,198,OTHER ACCIDENTS NOT CLASSIFIABLE ELSEWHERE,1,727157,Not at intersection,3,50,Local Road,BORDER,MOONEE VALLEY,-37.73952,144.85634,2022,9,September,12,Midday,Weekday
T20220023633,2022-09-30,20:08:00,1,Collision with vehicle,5,Friday,130,REAR END(VEHICLES IN SAME LANE),3,780346,Not at intersection,3,50,Arterial Other,WHITTLESEA-KINGLAKE,MURRINDINDI,-37.53223,145.34085,2022,9,September,20,Night,Weekday
T20220022057,2022-09-30,13:30:00,1,Collision with vehicle,5,Friday,140,U TURN,1,780265,Cross intersection,3,60,Arterial Other,BALLARAT ROAD SERVICE,BRIMBANK,-37.77433,144.80434,2022,9,September,13,Midday,Weekday
T20220022254,2022-09-30,12:30:00,1,Collision with vehicle,5,Friday,163,VEHICLE STRIKES DOOR OF PARKED/STATIONARY VEHICLE,1,260301,Not at intersection,3,60,Local Road,SMITH,YARRA,-37.79861,144.98433,2022,9,September,12,Midday,Weekday
T20220022009,2022-09-30,13:18:00,1,Collision with vehicle,5,Friday,110,CROSS TRAFFIC(INTERSECTIONS ONLY),1,734666,Cross intersection,2,50,Local Road,WILLIAMS,INDIGO,-36.357178,146.68793,2022,9,September,13,Midday,Weekday
T20220022023,2022-09-30,11:45:00,1,Collision with vehicle,5,Friday,163,VEHICLE STRIKES DOOR OF PARKED/STATIONARY VEHICLE,1,81019,Not at intersection,3,50,Local Road,CHAPEL,STONNINGTON,-37.84944,144.99373,2022,9,September,11,Midday,Weekday
T20220022025,2022-09-30,15:53:00,1,Collision with vehicle,5,Friday,130,REAR END(VEHICLES IN SAME LANE),1,755078,Not at intersection,2,70,Arterial Other,BALLARAT,BRIMBANK,-37.77085,144.7801,2022,9,September,15,Afternoon Peak,Weekday
T20220023018,2022-10-01,17:10:00,1,Collision with vehicle,6,Saturday,163,VEHICLE STRIKES DOOR OF PARKED/STATIONARY VEHICLE,1,746907,Not at intersection,2,60,Arterial Other,VICTORIA,YARRA,-37.810474,144.99971,2022,10,October,17,Afternoon Peak,Weekend
T20220022075,2022-10-01,00:13:00,1,Collision with vehicle,6,Saturday,160,VEHICLE COLLIDES WITH VEHICLE PARKED ON LEFT OF ROAD,3,786104,Not at intersection,2,60,Arterial Other,BAY,BAYSIDE,-37.952568,145.01027,2022,10,October,0,Late Night,Weekend
T20220022097,2022-10-01,10:20:00,1,Collision with vehicle,6,Saturday,113,RIGHT NEAR (INTERSECTIONS ONLY),1,738154,T intersection,2,80,Arterial Highway,FRANKSTON-DANDENONG,FRANKSTON,-38.11837,145.14906,2022,10,October,10,Midday,Weekend
T20220022351,2022-10-01,12:30:00,2,Struck Pedestrian,6,Saturday,100,PED NEAR SIDE. PED HIT BY VEHICLE FROM THE RIGHT.,1,770912,Not at intersection,3,40,Local Road,ELLIOTT,MELBOURNE,-37.785355,144.95416,2022,10,October,12,Midday,Weekend
T20220022839,2022-10-01,18:00:00,1,Collision with vehicle,6,Saturday,130,REAR END(VEHICLES IN SAME LANE),9,727963,Not at intersection,3,60,Arterial Other,BUCKLEY,MOONEE VALLEY,-37.7539,144.88914,2022,10,October,18,Afternoon Peak,Weekend
T20220022098,2022-10-01,11:35:00,1,Collision with vehicle,6,Saturday,136,RIGHT TURN SIDESWIPE,1,786103,Not at intersection,2,50,Local Road,WHITEMAN,MELBOURNE,-37.82671,144.9557,2022,10,October,11,Midday,Weekend
T20220022099,2022-10-01,05:30:00,4,Collision with a fixed object,6,Saturday,171,LEFT OFF CARRIAGEWAY INTO OBJECT/PARKED VEHICLE,5,734385,Not at intersection,2,60,Local Road,HULL,YARRA RANGES,-37.774982,145.33206,2022,10,October,5,Morning Peak,Weekend
T20220022522,2022-10-01,12:00:00,6,Vehicle overturned (no collision),6,Saturday,172,OFF CARRIAGEWAY TO RIGHT,1,654571,Cross intersection,3,100,Local Road,MOUNT COLE,ARARAT,-37.258396,143.22475,2022,10,October,12,Midday,Weekend
T20220022100,2022-10-01,12:00:00,1,Collision with vehicle,6,Saturday,163,VEHICLE STRIKES DOOR OF PARKED/STATIONARY VEHICLE,1,727015,Not at intersection,2,40,Arterial Other,VICTORIA,YARRA,-37.810345,144.99846,2022,10,October,12,Midday,Weekend
T20230010988,2022-10-01,01:30:00,4,Collision with a fixed object,6,Saturday,171,LEFT OFF CARRIAGEWAY INTO OBJECT/PARKED VEHICLE,6,773927,Not at intersection,3,60,Local Road,HIGH,DAREBIN,-37.74352,145.00314,2022,10,October,1,Late Night,Weekend
T20220022102,2022-10-01,09:20:00,1,Collision with vehicle,6,Saturday,113,RIGHT NEAR (INTERSECTIONS ONLY),1,773165,T intersection,3,60,Arterial Other,BANK STREET -HAZELWOOD,LATROBE,-38.20338,146.52121,2022,10,October,9,Morning Peak,Weekend
T20220022107,2022-10-01,12:42:00,4,Collision with a fixed object,6,Saturday,173,RIGHT OFF CARRIAGEWAY INTO OBJECT/PARKED VEHICLE,1,782972,Not at intersection,3,80,Arterial Other,WALLAN,WHITTLESEA,-37.491108,145.10374,2022,10,October,12,Midday,Weekend
T20220022138,2022-10-01,22:45:00,4,Collision with a fixed object,6,Saturday,173,RIGHT OFF CARRIAGEWAY INTO OBJECT/PARKED VEHICLE,5,733525,Not at intersection,2,80,Local Road,BROWNS,MORNINGTON PENINSULA,-38.397984,144.93727,2022,10,October,22,Night,Weekend
T20220022135,2022-10-01,22:10:00,1,Collision with vehicle,6,Saturday,116,LEFT NEAR (INTERSECTIONS ONLY),3,341520,Cross intersection,3,60,Local Road,AITKEN,HUME,-37.60716,144.91156,2022,10,October,22,Night,Weekend
T20220022134,2022-10-01,20:24:00,2,Struck Pedestrian,6,Saturday,100,PED NEAR SIDE. PED HIT BY VEHICLE FROM THE RIGHT.,3,679438,Not at intersection,1,70,Arterial Other,BALLARAT,BRIMBANK,-37.777203,144.8293,2022,10,October,20,Night,Weekend
T20220022130,2022-10-01,05:40:00,4,Collision with a fixed object,6,Saturday,173,RIGHT OFF CARRIAGEWAY INTO OBJECT/PARKED VEHICLE,1,735073,Not at intersection,2,80,Arterial Other,OLD WESTERN,MOORABOOL,-37.68064,144.50545,2022,10,October,5,Morning Peak,Weekend
T20220022129,2022-10-01,21:30:00,1,Collision with vehicle,6,Saturday,116,LEFT NEAR (INTERSECTIONS ONLY),3,736771,Cross intersection,2,70,Arterial Highway,DANDENONG,GLEN EIRA,-37.87513,145.04004,2022,10,October,21,Night,Weekend
T20220022124,2022-10-01,17:45:00,1,Collision with vehicle,6,Saturday,130,REAR END(VEHICLES IN SAME LANE),1,733001,Not at intersection,2,100,Freeway,WESTERN,MELTON,-37.70455,144.62448,2022,10,October,17,Afternoon Peak,Weekend
T20220022123,2022-10-01,14:30:00,1,Collision with vehicle,6,Saturday,121,RIGHT THROUGH,1,38437,Cross intersection,2,80,Arterial Highway,MAROONDAH,YARRA RANGES,-37.761288,145.31041,2022,10,October,14,Midday,Weekend
T20220022113,2022-10-01,15:50:00,1,Collision with vehicle,6,Saturday,130,REAR END(VEHICLES IN SAME LANE),1,727450,Not at intersection,3,60,Arterial Other,MILITARY,MOONEE VALLEY,-37.763275,144.86246,2022,10,October,15,Afternoon Peak,Weekend
T20220022111,2022-10-01,15:30:00,1,Collision with vehicle,6,Saturday,121,RIGHT THROUGH,1,780267,Cross intersection,3,60,Local Road,UNNAMED,DAREBIN,-37.74059,145.02773,2022,10,October,15,Afternoon Peak,Weekend
T20230003003,2022-10-01,14:00:00,1,Collision with vehicle,6,Saturday,130,REAR END(VEHICLES IN SAME LANE),1,752959,Cross intersection,3,80,Arterial Other,COOPER,WHITTLESEA,-37.649998,145.00545,2022,10,October,14,Midday,Weekend
T20220022149,2022-10-01,07:00:00,3,Struck animal,6,Saturday,167,STRUCK ANIMAL,1,726953,Not at intersection,3,100,Local Road,WHITELAWS,WELLINGTON,-38.47298,146.53136,2022,10,October,7,Morning Peak,Weekend
T20220022076,2022-10-01,01:00:00,1,Collision with vehicle,6,Saturday,121,RIGHT THROUGH,3,36,Cross intersection,3,60,Arterial Other,KING,MELBOURNE,-37.808163,144.95169,2022,10,October,1,Late Night,Weekend
T20220022104,2022-10-01,12:00:00,1,Collision with vehicle,6,Saturday,113,RIGHT NEAR (INTERSECTIONS ONLY),1,407,T intersection,3,50,Local Road,BASTINGS,DAREBIN,-37.77391,144.99808,2022,10,October,12,Midday,Weekend
T20220022147,2022-10-01,10:00:00,1,Collision with vehicle,6,Saturday,113,RIGHT NEAR (INTERSECTIONS ONLY),1,782969,T intersection,3,60,Local Road,BERKSHIRE,BRIMBANK,-37.764374,144.83113,2022,10,October,10,Midday,Weekend
T20220022544,2022-10-02,18:08:00,2,Struck Pedestrian,7,Sunday,106,VEH STRIKES PED ON FOOTPATH/MEDIAN/TRAFFIC ISLAND.,2,782976,Not at intersection,3,50,Arterial Other,BRIDGE,NILLUMBIK,-37.718384,145.14085,2022,10,October,18,Afternoon Peak,Weekend
T20220023411,2022-10-02,13:30:00,8,No collision and no object struck,7,Sunday,180,OFF CARRIAGEWAY ON RIGHT BEND,1,731117,Not at intersection,3,60,Local Road,ESPLANADE,MORNINGTON PENINSULA,-38.213463,145.04744,2022,10,October,13,Midday,Weekend
T20220026026,2022-10-02,08:45:00,8,No collision and no object struck,7,Sunday,179,OTHER ACCIDENTS-OFF STRAIGHT NOT INCLUDED IN DCAs 170-175,1,735906,Not at intersection,3,50,Arterial Other,TOORAK,MELBOURNE,-37.83707,144.97673,2022,10,October,8,Morning Peak,Weekend
T20220022636,2022-10-02,14:00:00,5,collision with some other object,7,Sunday,166,STRUCK OBJECT ON CARRIAGEWAY,1,727607,Not at intersection,3,60,Arterial Other,MOUNT DANDENONG TOURIST,YARRA RANGES,-37.889996,145.32242,2022,10,October,14,Midday,Weekend
T20220022806,2022-10-02,12:45:00,8,No collision and no object struck,7,Sunday,184,OUT OF CONTROL ON CARRIAGEWAY (ON BEND),1,733911,Not at intersection,2,80,Local Road,TOP WORKSHOP,(MOUNT BAW BAW),-37.84168,146.26857,2022,10,October,12,Midday,Weekend
T20220022935,2022-10-02,13:30:00,1,Collision with vehicle,7,Sunday,110,CROSS TRAFFIC(INTERSECTIONS ONLY),1,52682,Cross intersection,3,60,Arterial Highway,LONGFIELD,NORTHERN GRAMPIANS,-37.064175,142.76505,2022,10,October,13,Midday,Weekend
T20230010037,2022-10-02,13:20:00,2,Struck Pedestrian,7,Sunday,100,PED NEAR SIDE. PED HIT BY VEHICLE FROM THE RIGHT.,1,773789,Not at intersection,3,80,Local Road,VILLAGE,LATROBE,-38.21683,146.4689,2022,10,October,13,Midday,Weekend
T20220022155,2022-10-02,11:15:00,1,Collision with vehicle,7,Sunday,110,CROSS TRAFFIC(INTERSECTIONS ONLY),1,59570,Cross intersection,2,60,Local Road,BANNISTER,BENDIGO,-36.74194,144.28319,2022,10,October,11,Midday,Weekend
T20220022159,2022-10-02,12:05:00,1,Collision with vehicle,7,Sunday,130,REAR END(VEHICLES IN SAME LANE),1,786105,Not at intersection,2,60,Arterial Highway,POINT NEPEAN,MORNINGTON PENINSULA,-38.36642,144.86505,2022,10,October,12,Midday,Weekend
T20220022161,2022-10-02,12:54:00,1,Collision with vehicle,7,Sunday,130,REAR END(VEHICLES IN SAME LANE),1,726876,Not at intersection,3,80,Arterial Other,CRANBOURNE,CASEY,-38.055637,145.30093,2022,10,October,12,Midday,Weekend
T20220025386,2022-10-02,11:45:00,1,Collision with vehicle,7,Sunday,130,REAR END(VEHICLES IN SAME LANE),1,40237,Cross intersection,3,60,Arterial Other,TOORAK,STONNINGTON,-37.84276,145.02293,2022,10,October,11,Midday,Weekend
T20220022162,2022-10-02,11:20:00,1,Collision with vehicle,7,Sunday,131,LEFT REAR,1,727397,T intersection,3,40,Local Road,WENDOUREE,BALLARAT,-37.553112,143.82236,2022,10,October,11,Midday,Weekend
T20220022166,2022-10-02,13:38:00,1,Collision with vehicle,7,Sunday,147,VEHICLE STRIKES ANOTHER VEH WHILE EMERGING FROM DRIVEWAY,1,261792,Not at intersection,2,50,Local Road,HIGH,GEELONG,-38.169086,144.34906,2022,10,October,13,Midday,Weekend
T20220022168,2022-10-02,06:15:00,4,Collision with a fixed object,7,Sunday,171,LEFT OFF CARRIAGEWAY INTO OBJECT/PARKED VEHICLE,2,786106,Not at intersection,2,60,Freeway,BLACKBURN-MONASH IN,MONASH,-37.89519,145.14403,2022,10,October,6,Morning Peak,Weekend
T20220022172,2022-10-02,15:10:00,1,Collision with vehicle,7,Sunday,121,RIGHT THROUGH,1,64514,T intersection,2,60,Arterial Other,LANGS,MOONEE VALLEY,-37.783146,144.90718,2022,10,October,15,Afternoon Peak,Weekend
T20220022173,2022-10-02,14:36:00,7,Fall from or in moving vehicle,7,Sunday,179,OTHER ACCIDENTS-OFF STRAIGHT NOT INCLUDED IN DCAs 170-175,1,782975,Not at intersection,3,100,Local Road,CEMETERY,TOWONG,-36.198322,147.26923,2022,10,October,14,Midday,Weekend
T20220022176,2022-10-02,14:45:00,7,Fall from or in moving vehicle,7,Sunday,184,OUT OF CONTROL ON CARRIAGEWAY (ON BEND),1,756226,Cross intersection,2,80,Local Road,RESERVOIR,MOUNT ALEXANDER,-36.998207,144.27663,2022,10,October,14,Midday,Weekend
T20220022178,2022-10-02,16:10:00,4,Collision with a fixed object,7,Sunday,181,OFF RIGHT BEND INTO OBJECT/PARKED VEHICLE,1,751257,Not at intersection,2,100,Local Road,RILEYS,WELLINGTON,-37.97463,147.17513,2022,10,October,16,Afternoon Peak,Weekend
T20220022183,2022-10-02,16:14:00,8,No collision and no object struck,7,Sunday,179,OTHER ACCIDENTS-OFF STRAIGHT NOT INCLUDED IN DCAs 170-175,1,727223,Not at intersection,2,100,Local Road,BLACKGATE,GEELONG,-38.28692,144.39697,2022,10,October,16,Afternoon Peak,Weekend
T20220022184,2022-10-02,17:59:00,1,Collision with vehicle,7,Sunday,134,LANE CHANGE RIGHT (NOT OVERTAKING),1,727279,Not at intersection,3,60,Arterial Other,CHAPEL,STONNINGTON,-37.835274,144.99648,2022,10,October,17,Afternoon Peak,Weekend
T20220022185,2022-10-02,16:20:00,1,Collision with vehicle,7,Sunday,121,RIGHT THROUGH,1,692835,T intersection,3,60,Arterial Other,MT DANDENONG,MAROONDAH,-37.798786,145.28088,2022,10,October,16,Afternoon Peak,Weekend
T20220022186,2022-10-02,16:50:00,1,Collision with vehicle,7,Sunday,130,REAR END(VEHICLES IN SAME LANE),1,726879,Not at intersection,3,80,Arterial Highway,NEPEAN,BAYSIDE,-37.9028,145.00734,2022,10,October,16,Afternoon Peak,Weekend
T20220022187,2022-10-02,18:27:00,8,No collision and no object struck,7,Sunday,179,OTHER ACCIDENTS-OFF STRAIGHT NOT INCLUDED IN DCAs 170-175,1,43345,T intersection,3,60,Arterial Highway,NEPEAN,FRANKSTON,-38.100822,145.1259,2022,10,October,18,Afternoon Peak,Weekend
T20220022195,2022-10-02,19:30:00,4,Collision with a fixed object,7,Sunday,173,RIGHT OFF CARRIAGEWAY INTO OBJECT/PARKED VEHICLE,2,774956,Not at intersection,3,60,Local Road,EXFORD,MELTON,-37.722,144.5731,2022,10,October,19,Night,Weekend
T20220022196,2022-10-02,22:45:00,1,Collision with vehicle,7,Sunday,113,RIGHT NEAR (INTERSECTIONS ONLY),3,782974,T intersection,3,50,Local Road,MANNINGHAM,MELBOURNE,-37.78432,144.94159,2022,10,October,22,Night,Weekend
T20220025139,2022-10-02,12:00:00,1,Collision with vehicle,7,Sunday,119,OTHER ADJACENT (INTERSECTIONS ONLY),1,782973,T intersection,3,60,Arterial Other,ELONERA,DANDENONG,-37.96145,145.18874,2022,10,October,12,Midday,Weekend
T20220022197,2022-10-02,21:00:00,2,Struck Pedestrian,7,Sunday,102,FAR SIDE. PED HIT BY VEHICLE FROM THE LEFT,5,43887,Cross intersection,3,50,Local Road,DUFF,CASEY,-38.10129,145.27852,2022,10,October,21,Night,Weekend
T20220022209,2022-10-02,10:23:00,1,Collision with vehicle,7,Sunday,160,VEHICLE COLLIDES WITH VEHICLE PARKED ON LEFT OF ROAD,1,727281,Not at intersection,3,50,Local Road,MARLBOROUGH,MORELAND,-37.704212,144.91837,2022,10,October,10,Midday,Weekend
T20220022214,2022-10-02,14:15:00,1,Collision with vehicle,7,Sunday,132,RIGHT REAR.,1,737760,Cross intersection,3,100,Arterial Highway,PYRENEES,PYRENEES,-37.106464,143.45755,2022,10,October,14,Midday,Weekend
T20220022222,2022-10-02,14:15:00,8,No collision and no object struck,7,Sunday,179,OTHER ACCIDENTS-OFF STRAIGHT NOT INCLUDED IN DCAs 170-175,1,727210,Cross intersection,3,40,Local Road,RUSSELL,MELBOURNE,-37.81089,144.96722,2022,10,October,14,Midday,Weekend
T20220022256,2022-10-02,14:00:00,4,Collision with a fixed object,7,Sunday,171,LEFT OFF CARRIAGEWAY INTO OBJECT/PARKED VEHICLE,1,727154,Not at intersection,3,100,Local Road,TRIANGLE,MURRINDINDI,-37.50139,145.72401,2022,10,October,14,Midday,Weekend
T20220022313,2022-10-02,18:45:00,1,Collision with vehicle,7,Sunday,110,CROSS TRAFFIC(INTERSECTIONS ONLY),2,53204,Cross intersection,2,60,Local Road,JAMES MIRAMS,HUME,-37.620712,144.92409,2022,10,October,18,Afternoon Peak,Weekend
T20220022347,2022-10-02,11:15:00,1,Collision with vehicle,7,Sunday,130,REAR END(VEHICLES IN SAME LANE),1,727211,Not at intersection,3,40,Arterial Highway,RACECOURSE,MELBOURNE,-37.788055,144.92853,2022,10,October,11,Midday,Weekend
T20220022378,2022-10-02,01:19:00,1,Collision with vehicle,7,Sunday,121,RIGHT THROUGH,3,278622,T intersection,3,40,Local Road,OHERNS,WHITTLESEA,-37.63635,145.0148,2022,10,October,1,Late Night,Weekend
T20220022224,2022-10-03,09:59:00,2,Struck Pedestrian,1,Monday,100,PED NEAR SIDE. PED HIT BY VEHICLE FROM THE RIGHT.,1,735074,Not at intersection,2,50,Local Road,EAST ESPLANADE,BRIMBANK,-37.739864,144.79747,2022,10,October,9,Morning Peak,Weekday