ACCIDENT_NO,ACCIDENT_DATE,ACCIDENT_TIME,ACCIDENT_TYPE,ACCIDENT_TYPE_DESC,DAY_OF_WEEK,DAY_WEEK_DESC,DCA_CODE,DCA_DESC,LIGHT_CONDITION,NODE_ID,ROAD_GEOMETRY_DESC,SEVERITY,SPEED_ZONE,RMA,ROAD_NAME,LGA_NAME,LATITUDE,LONGITUDE,YEAR,MONTH,MONTH_NAME,HOUR,TIME_PERIOD,DAY_TYPE
T20220022817,2022-10-03,19:11:00,1,Collision with vehicle,1,Monday,140,U TURN,2,48425,T intersection,3,60,Local Road,HOGANS,WYNDHAM,-37.863865,144.69397,2022,10,October,19,Night,Weekday
T20220022326,2022-10-03,07:20:00,4,Collision with a fixed object,1,Monday,171,LEFT OFF CARRIAGEWAY INTO OBJECT/PARKED VEHICLE,9,985,T intersection,2,60,Arterial Other,HIGH,CASEY,-38.035633,145.35417,2022,10,October,7,Morning Peak,Weekday
T20220022267,2022-10-03,15:56:00,1,Collision with vehicle,1,Monday,130,REAR END(VEHICLES IN SAME LANE),1,734282,Not at intersection,3,70,Arterial Highway,RAGLAN,WARRNAMBOOL,-38.366566,142.46358,2022,10,October,15,Afternoon Peak,Weekday
T20220022218,2022-10-03,09:12:00,1,Collision with vehicle,1,Monday,147,VEHICLE STRIKES ANOTHER VEH WHILE EMERGING FROM DRIVEWAY,1,727282,Not at intersection,2,50,Local Road,COMER,BAYSIDE,-37.926353,145.01305,2022,10,October,9,Morning Peak,Weekday
T20220022257,2022-10-03,09:20:00,1,Collision with vehicle,1,Monday,130,REAR END(VEHICLES IN SAME LANE),1,98996,Not at intersection,3,60,Arterial Highway,WARRIGAL,KINGSTON,-37.92741,145.08177,2022,10,October,9,Morning Peak,Weekday
T20220022263,2022-10-03,15:10:00,1,Collision with vehicle,1,Monday,130,REAR END(VEHICLES IN SAME LANE),1,55253,T intersection,3,60,Arterial Highway,BASS,BASS COAST,-38.607513,145.60712,2022,10,October,15,Afternoon Peak,Weekday
T20220022243,2022-10-03,13:15:00,2,Struck Pedestrian,1,Monday,100,PED NEAR SIDE. PED HIT BY VEHICLE FROM THE RIGHT.,1,352352,T intersection,2,70,Arterial Other,SOUTH,KINGSTON,-37.93365,145.03893,2022,10,October,13,Midday,Weekday
T20220022624,2022-10-03,07:30:00,1,Collision with vehicle,1,Monday,130,REAR END(VEHICLES IN SAME LANE),1,727506,Not at intersection,3,100,Freeway,MORNINGTON PENINSULA,DANDENONG,-38.025295,145.13437,2022,10,October,7,Morning Peak,Weekday
T20220027075,2022-10-03,14:00:00,1,Collision with vehicle,1,Monday,130,REAR END(VEHICLES IN SAME LANE),1,779687,Not at intersection,3,60,Arterial Other,CLAYTON,KINGSTON,-37.928967,145.11894,2022,10,October,14,Midday,Weekday
T20220022387,2022-10-03,13:45:00,1,Collision with vehicle,1,Monday,110,CROSS TRAFFIC(INTERSECTIONS ONLY),1,49235,Cross intersection,2,60,Arterial Highway,MCPHERSON,HORSHAM,-36.71781,142.20494,2022,10,October,13,Midday,Weekday
T20220022278,2022-10-03,17:28:00,1,Collision with vehicle,1,Monday,130,REAR END(VEHICLES IN SAME LANE),1,728084,Not at intersection,3,100,Freeway,HUME,WHITTLESEA,-37.606075,144.97931,2022,10,October,17,Afternoon Peak,Weekday
T20220022249,2022-10-03,07:30:00,6,Vehicle overturned (no collision),1,Monday,174,OUT OF CONTROL ON CARRIAGEWAY (ON STRAIGHT),2,57142,T intersection,3,60,Local Road,ALBERT,BAW BAW,-38.161995,145.94482,2022,10,October,7,Morning Peak,Weekday
T20220022296,2022-10-03,21:55:00,7,Fall from or in moving vehicle,1,Monday,190,FELL IN/FROM VEHICLE,3,295048,Cross intersection,2,60,Arterial Highway,FORGE CREEK ROAD -MAIN,EAST GIPPSLAND,-37.831295,147.61113,2022,10,October,21,Night,Weekday
T20220022258,2022-10-03,08:09:00,2,Struck Pedestrian,1,Monday,102,FAR SIDE. PED HIT BY VEHICLE FROM THE LEFT,1,727155,Not at intersection,2,30,Local Road,COLLINS,MELBOURNE,-37.815575,144.96626,2022,10,October,8,Morning Peak,Weekday
T20220022405,2022-10-03,16:36:00,1,Collision with vehicle,1,Monday,113,RIGHT NEAR (INTERSECTIONS ONLY),1,55801,Cross intersection,2,80,Local Road,KIMBARRA,CASEY,-38.060802,145.34375,2022,10,October,16,Afternoon Peak,Weekday
T20220022259,2022-10-03,12:25:00,4,Collision with a fixed object,1,Monday,181,OFF RIGHT BEND INTO OBJECT/PARKED VEHICLE,1,270359,Not at intersection,2,60,Local Road,BAILEY,CARDINIA,-37.936607,145.4757,2022,10,October,12,Midday,Weekday
T20220022251,2022-10-03,10:38:00,4,Collision with a fixed object,1,Monday,173,RIGHT OFF CARRIAGEWAY INTO OBJECT/PARKED VEHICLE,1,783035,Not at intersection,3,40,Local Road,OLYMPIC,BALLARAT,-37.608498,143.87703,2022,10,October,10,Midday,Weekday
T20220022281,2022-10-03,19:00:00,1,Collision with vehicle,1,Monday,110,CROSS TRAFFIC(INTERSECTIONS ONLY),2,35363,Cross intersection,2,40,Local Road,LONSDALE,MELBOURNE,-37.81156,144.96474,2022,10,October,19,Night,Weekday
T20220022428,2022-10-03,15:25:00,1,Collision with vehicle,1,Monday,131,LEFT REAR,1,757711,Not at intersection,3,80,Arterial Highway,MAROONDAH,MANSFIELD,-36.977516,145.71149,2022,10,October,15,Afternoon Peak,Weekday
T20220022216,2022-10-03,07:25:00,1,Collision with vehicle,1,Monday,121,RIGHT THROUGH,1,38131,T intersection,2,60,Arterial Other,HEIDELBERG,BANYULE,-37.776646,145.03812,2022,10,October,7,Morning Peak,Weekday
T20220022253,2022-10-03,13:38:00,1,Collision with vehicle,1,Monday,116,LEFT NEAR (INTERSECTIONS ONLY),1,40938,T intersection,2,60,Arterial Other,MOUNTAIN,KNOX,-37.84184,145.26135,2022,10,October,13,Midday,Weekday
T20220025878,2022-10-03,16:30:00,1,Collision with vehicle,1,Monday,110,CROSS TRAFFIC(INTERSECTIONS ONLY),1,50968,Cross intersection,3,60,Arterial Other,GREEN STREET -ROWAN,WANGARATTA,-36.351364,146.31546,2022,10,October,16,Afternoon Peak,Weekday
T20220022287,2022-10-03,19:55:00,1,Collision with vehicle,1,Monday,110,CROSS TRAFFIC(INTERSECTIONS ONLY),3,38198,Cross intersection,2,60,Arterial Other,SETTLEMENT,WHITTLESEA,-37.68953,145.02737,2022,10,October,19,Night,Weekday
T20220022459,2022-10-03,18:00:00,1,Collision with vehicle,1,Monday,110,CROSS TRAFFIC(INTERSECTIONS ONLY),2,49248,Cross intersection,3,60,Local Road,CROWN,BALLARAT,-37.598522,143.83151,2022,10,October,18,Afternoon Peak,Weekday
T20220022246,2022-10-03,11:45:00,1,Collision with vehicle,1,Monday,110,CROSS TRAFFIC(INTERSECTIONS ONLY),1,233917,Cross intersection,3,60,Local Road,DAVIS,WYNDHAM,-37.815388,144.65686,2022,10,October,11,Midday,Weekday
T20220022204,2022-10-03,02:31:00,1,Collision with vehicle,1,Monday,110,CROSS TRAFFIC(INTERSECTIONS ONLY),3,29377,Cross intersection,2,50,Arterial Other,KING,MELBOURNE,-37.805504,144.94865,2022,10,October,2,Late Night,Weekday
T20220022248,2022-10-03,10:23:00,4,Collision with a fixed object,1,Monday,171,LEFT OFF CARRIAGEWAY INTO OBJECT/PARKED VEHICLE,1,782904,Not at intersection,3,80,Arterial Other,BALLARTO,CARDINIA,-38.144802,145.41396,2022,10,October,10,Midday,Weekday
T20220022270,2022-10-03,17:45:00,1,Collision with vehicle,1,Monday,110,CROSS TRAFFIC(INTERSECTIONS ONLY),1,52416,Cross intersection,3,50,Local Road,MCCULLOCH,EAST GIPPSLAND,-37.82622,147.6239,2022,10,October,17,Afternoon Peak,Weekday
T20220025129,2022-10-03,09:35:00,1,Collision with vehicle,1,Monday,135,LANE CHANGE LEFT (NOT OVERTAKING),1,42518,T intersection,3,80,Arterial Highway,SPRINGVALE,MONASH,-37.929287,145.15675,2022,10,October,9,Morning Peak,Weekday
T20220022373,2022-10-03,12:45:00,1,Collision with vehicle,1,Monday,130,REAR END(VEHICLES IN SAME LANE),1,53374,Cross intersection,3,80,Arterial Highway,NEPEAN,MORNINGTON PENINSULA,-38.21868,145.059,2022,10,October,12,Midday,Weekday
T20220022970,2022-10-03,15:00:00,7,Fall from or in moving vehicle,1,Monday,190,FELL IN/FROM VEHICLE,1,787130,Cross intersection,3,100,Local Road,MOUNT BACK,MOUNT ALEXANDER,-37.018044,144.041,2022,10,October,15,Afternoon Peak,Weekday
T20220022269,2022-10-03,15:30:00,4,Collision with a fixed object,1,Monday,183,OFF LEFT BEND INTO OBJECT/PARKED VEHICLE,1,782905,Not at intersection,3,80,Arterial Other,KNOTTS SIDING,BAW BAW,-37.95182,146.39345,2022,10,October,15,Afternoon Peak,Weekday
T20220022294,2022-10-03,20:40:00,2,Struck Pedestrian,1,Monday,101,PED EMERGES FROM IN FRONT OF PARKED OR STATIONARY VEHICLE,3,727398,Not at intersection,2,60,Arterial Other,NICHOLSON,MELBOURNE,-37.796597,144.97511,2022,10,October,20,Night,Weekday
T20220022295,2022-10-03,21:32:00,1,Collision with vehicle,1,Monday,140,U TURN,3,786107,Not at intersection,2,60,Arterial Other,CITY,PORT PHILLIP,-37.829796,144.95557,2022,10,October,21,Night,Weekday
T20220026336,2022-10-03,08:50:00,1,Collision with vehicle,1,Monday,121,RIGHT THROUGH,1,29946,Cross intersection,3,60,Arterial Highway,MCKILLOP,GEELONG,-38.15271,144.35541,2022,10,October,8,Morning Peak,Weekday
T20220022236,2022-10-03,09:55:00,1,Collision with vehicle,1,Monday,133,LANE SIDE SWIPE (VEHICLES IN PARALLEL LANES),1,727019,Not at intersection,2,80,Arterial Other,WELLINGTON,KNOX,-37.926872,145.24837,2022,10,October,9,Morning Peak,Weekday
T20220022235,2022-10-03,07:30:00,2,Struck Pedestrian,1,Monday,102,FAR SIDE. PED HIT BY VEHICLE FROM THE LEFT,2,657671,Cross intersection,3,60,Arterial Highway,CHELTENHAM,DANDENONG,-37.9899,145.2047,2022,10,October,7,Morning Peak,Weekday
T20220022231,2022-10-03,10:10:00,8,No collision and no object struck,1,Monday,170,OFF CARRIAGEWAY TO LEFT,1,727224,Not at intersection,2,80,Arterial Other,PRINCES,CARDINIA,-38.058838,145.403,2022,10,October,10,Midday,Weekday
T20220022223,2022-10-03,11:00:00,4,Collision with a fixed object,1,Monday,181,OFF RIGHT BEND INTO OBJECT/PARKED VEHICLE,1,727824,Not at intersection,3,60,Local Road,DENMARK,CAMPASPE,-36.14875,144.7662,2022,10,October,11,Midday,Weekday
T20220022884,2022-10-03,12:15:00,1,Collision with vehicle,1,Monday,130,REAR END(VEHICLES IN SAME LANE),1,51633,Cross intersection,3,50,Arterial Highway,HIGH,BENDIGO,-36.76207,144.27213,2022,10,October,12,Midday,Weekday
T20220022279,2022-10-03,14:35:00,4,Collision with a fixed object,1,Monday,175,OFF END OF ROAD/T-INTERSECTION.,1,731709,Dead end,2,50,Local Road,CLAIRE,MORNINGTON PENINSULA,-38.301907,145.16792,2022,10,October,14,Midday,Weekday
T20220022211,2022-10-03,00:14:00,4,Collision with a fixed object,1,Monday,181,OFF RIGHT BEND INTO OBJECT/PARKED VEHICLE,5,783034,Not at intersection,3,100,Arterial Other,STEIGLITZ,GOLDEN PLAINS,-38.007072,144.22083,2022,10,October,0,Late Night,Weekday
T20220022359,2022-10-04,17:50:00,1,Collision with vehicle,2,Tuesday,110,CROSS TRAFFIC(INTERSECTIONS ONLY),2,36192,Cross intersection,3,60,Local Road,CAPEL,MELBOURNE,-37.803707,144.95552,2022,10,October,17,Afternoon Peak,Weekday
T20220022360,2022-10-04,16:20:00,1,Collision with vehicle,2,Tuesday,113,RIGHT NEAR (INTERSECTIONS ONLY),1,43132,T intersection,3,60,Local Road,ESSEX PARK,CASEY,-37.966618,145.24344,2022,10,October,16,Afternoon Peak,Weekday
T20220022540,2022-10-04,06:55:00,1,Collision with vehicle,2,Tuesday,130,REAR END(VEHICLES IN SAME LANE),2,727502,Cross intersection,3,80,Arterial Other,MELTON,BRIMBANK,-37.69958,144.79099,2022,10,October,6,Morning Peak,Weekday
T20220022365,2022-10-04,17:40:00,1,Collision with vehicle,2,Tuesday,110,CROSS TRAFFIC(INTERSECTIONS ONLY),2,782992,Cross intersection,3,50,Local Road,HAZEL GLEN,WHITTLESEA,-37.58656,145.12842,2022,10,October,17,Afternoon Peak,Weekday
T20220022377,2022-10-04,18:10:00,1,Collision with vehicle,2,Tuesday,130,REAR END(VEHICLES IN SAME LANE),2,779695,Not at intersection,3,60,Arterial Highway,FOOTSCRAY,MELBOURNE,-37.80966,144.93497,2022,10,October,18,Afternoon Peak,Weekday
T20220022382,2022-10-04,18:12:00,1,Collision with vehicle,2,Tuesday,134,LANE CHANGE RIGHT (NOT OVERTAKING),1,727701,Not at intersection,3,60,Arterial Other,FLETCHER,FRANKSTON,-38.144497,145.12628,2022,10,October,18,Afternoon Peak,Weekday
T20220022383,2022-10-04,17:00:00,1,Collision with vehicle,2,Tuesday,147,VEHICLE STRIKES ANOTHER VEH WHILE EMERGING FROM DRIVEWAY,2,751935,Not at intersection,3,50,Local Road,GRANDVIEW,STONNINGTON,-37.851776,145.00804,2022,10,October,17,Afternoon Peak,Weekday
T20220023119,2022-10-04,08:30:00,1,Collision with vehicle,2,Tuesday,130,REAR END(VEHICLES IN SAME LANE),1,779702,T intersection,3,60,Freeway,MONASH IN-TOORAK,STONNINGTON,-37.844723,145.03908,2022,10,October,8,Morning Peak,Weekday
T20220022403,2022-10-04,08:20:00,1,Collision with vehicle,2,Tuesday,113,RIGHT NEAR (INTERSECTIONS ONLY),1,41556,T intersection,3,60,Arterial Highway,WARRIGAL,STONNINGTON,-37.8905,145.08867,2022,10,October,8,Morning Peak,Weekday
T20220022952,2022-10-04,12:10:00,2,Struck Pedestrian,2,Tuesday,107,PED ON FOOTHPATH STRUCK BY VEHENTERING/LEAVING DRIVEWAY.,1,782912,Not at intersection,3,40,Arterial Other,VICTORIA,YARRA,-37.8116,145.01143,2022,10,October,12,Midday,Weekday
T20220022421,2022-10-04,15:21:00,1,Collision with vehicle,2,Tuesday,130,REAR END(VEHICLES IN SAME LANE),1,727335,Not at intersection,3,80,Freeway,WEST GATE,MELBOURNE,-37.830605,144.89983,2022,10,October,15,Afternoon Peak,Weekday
T20220022317,2022-10-04,10:32:00,1,Collision with vehicle,2,Tuesday,110,CROSS TRAFFIC(INTERSECTIONS ONLY),1,37029,Cross intersection,3,40,Local Road,GEORGE,MELBOURNE,-37.815254,144.98538,2022,10,October,10,Midday,Weekday
T20220022328,2022-10-04,06:28:00,1,Collision with vehicle,2,Tuesday,130,REAR END(VEHICLES IN SAME LANE),2,779397,Not at intersection,3,100,Freeway,WESTERN RING,BRIMBANK,-37.711136,144.88165,2022,10,October,6,Morning Peak,Weekday
T20220022297,2022-10-04,01:50:00,2,Struck Pedestrian,2,Tuesday,103,PED PLAYING/LYING/WORKING/STANDING ON CARRIAGEWAY.,3,676395,Not at intersection,3,70,Arterial Highway,ST GEORGES,DAREBIN,-37.7541,144.99463,2022,10,October,1,Late Night,Weekday
T20220023047,2022-10-04,07:56:00,1,Collision with vehicle,2,Tuesday,130,REAR END(VEHICLES IN SAME LANE),1,774967,Not at intersection,3,80,Arterial Other,KOROROIT CREEK,HOBSONS BAY,-37.84601,144.80002,2022,10,October,7,Morning Peak,Weekday
T20220022329,2022-10-04,06:20:00,1,Collision with vehicle,2,Tuesday,151,OUT OF CONTROL (OVERTAKING),1,745017,Not at intersection,2,80,Arterial Other,BERWICK-CRANBOURNE,CASEY,-38.11737,145.31631,2022,10,October,6,Morning Peak,Weekday
T20220022332,2022-10-04,07:32:00,1,Collision with vehicle,2,Tuesday,130,REAR END(VEHICLES IN SAME LANE),2,750149,Not at intersection,2,80,Arterial Other,KOROROIT CREEK,HOBSONS BAY,-37.84718,144.80963,2022,10,October,7,Morning Peak,Weekday
T20220022334,2022-10-04,13:25:00,1,Collision with vehicle,2,Tuesday,121,RIGHT THROUGH,1,4404,T intersection,2,60,Arterial Other,MT ALEXANDER,MELBOURNE,-37.78778,144.94048,2022,10,October,13,Midday,Weekday
T20220022335,2022-10-04,12:35:00,4,Collision with a fixed object,2,Tuesday,173,RIGHT OFF CARRIAGEWAY INTO OBJECT/PARKED VEHICLE,1,735053,Cross intersection,2,100,Local Road,GRIMWADE,STRATHBOGIE,-36.75234,145.31816,2022,10,October,12,Midday,Weekday
T20220022336,2022-10-04,10:54:00,4,Collision with a fixed object,2,Tuesday,173,RIGHT OFF CARRIAGEWAY INTO OBJECT/PARKED VEHICLE,1,760783,Not at intersection,2,100,Local Road,BOUNDARY,EAST GIPPSLAND,-37.92543,147.4176,2022,10,October,10,Midday,Weekday
T20220022338,2022-10-04,07:31:00,1,Collision with vehicle,2,Tuesday,130,REAR END(VEHICLES IN SAME LANE),2,782910,Not at intersection,3,60,Arterial Other,PASCOE VALE,MORELAND,-37.713535,144.91734,2022,10,October,7,Morning Peak,Weekday
T20220022353,2022-10-04,15:09:00,4,Collision with a fixed object,2,Tuesday,171,LEFT OFF CARRIAGEWAY INTO OBJECT/PARKED VEHICLE,1,751274,Cross intersection,3,50,Local Road,CONNOR,COLAC OTWAY,-38.340984,143.58438,2022,10,October,15,Afternoon Peak,Weekday
T20220022355,2022-10-04,17:13:00,1,Collision with vehicle,2,Tuesday,113,RIGHT NEAR (INTERSECTIONS ONLY),2,19692,T intersection,3,50,Local Road,HELM,BENDIGO,-36.8003,144.23927,2022,10,October,17,Afternoon Peak,Weekday
T20220022316,2022-10-04,10:43:00,3,Struck animal,2,Tuesday,167,STRUCK ANIMAL,1,727833,Not at intersection,3,70,Arterial Other,HEALESVILLE-KINGLAKE,YARRA RANGES,-37.59281,145.48676,2022,10,October,10,Midday,Weekday
T20220022458,2022-10-05,19:50:00,4,Collision with a fixed object,3,Wednesday,171,LEFT OFF CARRIAGEWAY INTO OBJECT/PARKED VEHICLE,5,782633,Not at intersection,2,100,Local Road,PAGETS,STRATHBOGIE,-36.5787,145.82188,2022,10,October,19,Night,Weekday
T20220022453,2022-10-05,19:00:00,2,Struck Pedestrian,3,Wednesday,100,PED NEAR SIDE. PED HIT BY VEHICLE FROM THE RIGHT.,2,40806,Cross intersection,3,80,Arterial Highway,SPRINGVALE,WHITEHORSE,-37.84856,145.17044,2022,10,October,19,Night,Weekday
T20220022452,2022-10-05,17:00:00,1,Collision with vehicle,3,Wednesday,140,U TURN,1,727452,Not at intersection,2,40,Local Road,WESTBURY,PORT PHILLIP,-37.864704,144.99626,2022,10,October,17,Afternoon Peak,Weekday
T20220022531,2022-10-05,15:45:00,1,Collision with vehicle,3,Wednesday,130,REAR END(VEHICLES IN SAME LANE),1,779809,Not at intersection,3,100,Arterial Highway,BELLARINE,GEELONG,-38.20026,144.49284,2022,10,October,15,Afternoon Peak,Weekday
T20220022402,2022-10-05,06:03:00,1,Collision with vehicle,3,Wednesday,130,REAR END(VEHICLES IN SAME LANE),1,779739,Not at intersection,3,100,Freeway,PRINCES,CARDINIA,-38.090187,145.5012,2022,10,October,6,Morning Peak,Weekday
T20220022449,2022-10-05,16:00:00,1,Collision with vehicle,3,Wednesday,140,U TURN,1,741062,Not at intersection,3,80,Arterial Other,DONCASTER-ELTHAM,MANNINGHAM,-37.74377,145.13646,2022,10,October,16,Afternoon Peak,Weekday
T20220022448,2022-10-05,16:19:00,2,Struck Pedestrian,3,Wednesday,100,PED NEAR SIDE. PED HIT BY VEHICLE FROM THE RIGHT.,1,135150,Cross intersection,2,80,Arterial Other,BLACKBURN,MONASH,-37.90108,145.14297,2022,10,October,16,Afternoon Peak,Weekday
T20220022442,2022-10-05,13:55:00,2,Struck Pedestrian,3,Wednesday,100,PED NEAR SIDE. PED HIT BY VEHICLE FROM THE RIGHT.,1,786266,Cross intersection,2,60,Arterial Other,COX,GEELONG,-38.08378,144.35768,2022,10,October,13,Midday,Weekday
T20220022441,2022-10-05,10:30:00,1,Collision with vehicle,3,Wednesday,147,VEHICLE STRIKES ANOTHER VEH WHILE EMERGING FROM DRIVEWAY,1,727451,Not at intersection,2,60,Arterial Other,RIVERSDALE,BOROONDARA,-37.829536,145.04095,2022,10,October,10,Midday,Weekday
T20220022440,2022-10-05,16:20:00,1,Collision with vehicle,3,Wednesday,121,RIGHT THROUGH,1,728412,T intersection,2,50,Local Road,MCMEEKIN,WARRNAMBOOL,-38.37396,142.46036,2022,10,October,16,Afternoon Peak,Weekday
T20220022436,2022-10-05,16:15:00,1,Collision with vehicle,3,Wednesday,113,RIGHT NEAR (INTERSECTIONS ONLY),1,727400,T intersection,3,50,Local Road,REMLAW,HORSHAM,-36.711353,142.17857,2022,10,October,16,Afternoon Peak,Weekday
T20220022394,2022-10-05,02:00:00,1,Collision with vehicle,3,Wednesday,160,VEHICLE COLLIDES WITH VEHICLE PARKED ON LEFT OF ROAD,3,736086,Not at intersection,3,60,Arterial Other,MURRUMBEENA,GLEN EIRA,-37.893585,145.0658,2022,10,October,2,Late Night,Weekday
T20220022416,2022-10-05,09:50:00,6,Vehicle overturned (no collision),3,Wednesday,172,OFF CARRIAGEWAY TO RIGHT,1,783010,Not at intersection,3,100,Arterial Other,BENDIGO-MURCHISON,CAMPASPE,-36.59609,144.92168,2022,10,October,9,Morning Peak,Weekday
T20220022433,2022-10-05,08:45:00,1,Collision with vehicle,3,Wednesday,130,REAR END(VEHICLES IN SAME LANE),1,38354,Cross intersection,3,60,Arterial Other,VICTORIA,MANNINGHAM,-37.78035,145.1448,2022,10,October,8,Morning Peak,Weekday
T20220022429,2022-10-05,13:40:00,1,Collision with vehicle,3,Wednesday,110,CROSS TRAFFIC(INTERSECTIONS ONLY),1,29380,Cross intersection,3,50,Local Road,ARDEN,MELBOURNE,-37.80114,144.95146,2022,10,October,13,Midday,Weekday
T20220022417,2022-10-05,06:28:00,1,Collision with vehicle,3,Wednesday,132,RIGHT REAR.,2,779704,Cross intersection,3,80,Arterial Highway,SOUTH GIPPSLAND,CASEY,-38.03631,145.24722,2022,10,October,6,Morning Peak,Weekday
T20220022426,2022-10-05,10:15:00,2,Struck Pedestrian,3,Wednesday,103,PED PLAYING/LYING/WORKING/STANDING ON CARRIAGEWAY.,1,742907,Not at intersection,3,40,Arterial Other,BRIDGE INN,WHITTLESEA,-37.60165,145.10474,2022,10,October,10,Midday,Weekday
T20220022418,2022-10-05,09:30:00,1,Collision with vehicle,3,Wednesday,133,LANE SIDE SWIPE (VEHICLES IN PARALLEL LANES),1,727499,Not at intersection,3,100,Freeway,CALDER,BRIMBANK,-37.72647,144.85573,2022,10,October,9,Morning Peak,Weekday
T20220022401,2022-10-05,08:00:00,1,Collision with vehicle,3,Wednesday,137,LEFT TURN SIDESWIPE,1,666055,Cross intersection,3,80,Arterial Highway,DANDENONG VALLEY,KNOX,-37.911114,145.23624,2022,10,October,8,Morning Peak,Weekday
T20220022468,2022-10-05,20:32:00,4,Collision with a fixed object,3,Wednesday,173,RIGHT OFF CARRIAGEWAY INTO OBJECT/PARKED VEHICLE,2,783060,Not at intersection,3,50,Local Road,MCNAMARA,BANYULE,-37.728306,145.06819,2022,10,October,20,Night,Weekday
T20220022419,2022-10-05,11:40:00,1,Collision with vehicle,3,Wednesday,140,U TURN,1,739024,Not at intersection,3,40,Arterial Other,MAIN HURSTBRIDGE,NILLUMBIK,-37.668114,145.17871,2022,10,October,11,Midday,Weekday
T20230000273,2022-10-05,14:20:00,1,Collision with vehicle,3,Wednesday,130,REAR END(VEHICLES IN SAME LANE),1,747148,Not at intersection,3,60,Arterial Other,CAMP,HUME,-37.68582,144.92429,2022,10,October,14,Midday,Weekday
T20220022420,2022-10-05,11:30:00,4,Collision with a fixed object,3,Wednesday,183,OFF LEFT BEND INTO OBJECT/PARKED VEHICLE,1,727961,Not at intersection,3,60,Local Road,CHARLESTON,BENDIGO,-36.753895,144.29254,2022,10,October,11,Midday,Weekday
T20220022469,2022-10-05,05:36:00,1,Collision with vehicle,3,Wednesday,133,LANE SIDE SWIPE (VEHICLES IN PARALLEL LANES),2,783054,Not at intersection,3,80,Freeway,PRINCES IN-WESTERN RING OUT,WYNDHAM,-37.831184,144.81256,2022,10,October,5,Morning Peak,Weekday
T20220022783,2022-10-05,22:50:00,4,Collision with a fixed object,3,Wednesday,171,LEFT OFF CARRIAGEWAY INTO OBJECT/PARKED VEHICLE,3,727842,Not at intersection,2,50,Local Road,PALISADES,WHITTLESEA,-37.61895,145.06894,2022,10,October,22,Night,Weekday
T20220022471,2022-10-05,19:55:00,2,Struck Pedestrian,3,Wednesday,100,PED NEAR SIDE. PED HIT BY VEHICLE FROM THE RIGHT.,3,751273,Not at intersection,2,50,Local Road,SWANSTON,MELBOURNE,-37.816742,144.9671,2022,10,October,19,Night,Weekday
T20220022465,2022-10-05,19:45:00,1,Collision with vehicle,3,Wednesday,111,RIGHT FAR (INTERSECTIONS ONLY),3,46002,Cross intersection,2,50,Local Road,BEACH,PORT PHILLIP,-37.841408,144.93448,2022,10,October,19,Night,Weekday
T20220022464,2022-10-05,17:33:00,1,Collision with vehicle,3,Wednesday,130,REAR END(VEHICLES IN SAME LANE),1,774994,Not at intersection,3,80,Freeway,PRINCES,HOBSONS BAY,-37.83211,144.81184,2022,10,October,17,Afternoon Peak,Weekday
T20220022463,2022-10-05,20:35:00,2,Struck Pedestrian,3,Wednesday,100,PED NEAR SIDE. PED HIT BY VEHICLE FROM THE RIGHT.,3,41791,Cross intersection,2,40,Local Road,KINGSWAY,MONASH,-37.87954,145.16394,2022,10,October,20,Night,Weekday
T20220022413,2022-10-05,11:59:00,1,Collision with vehicle,3,Wednesday,110,CROSS TRAFFIC(INTERSECTIONS ONLY),1,52871,Cross intersection,3,60,Arterial Other,VICTORIA,BALLARAT,-37.561546,143.87294,2022,10,October,11,Midday,Weekday
T20220022592,2022-10-05,22:15:00,1,Collision with vehicle,3,Wednesday,130,REAR END(VEHICLES IN SAME LANE),6,779726,Cross intersection,3,60,Arterial Other,PASCOE VALE,HUME,-37.663704,144.92223,2022,10,October,22,Night,Weekday
T20220022461,2022-10-05,20:00:00,2,Struck Pedestrian,3,Wednesday,102,FAR SIDE. PED HIT BY VEHICLE FROM THE LEFT,3,45359,Cross intersection,2,60,Arterial Other,MARIBYRNONG,MOONEE VALLEY,-37.771736,144.91618,2022,10,October,20,Night,Weekday
T20220022400,2022-10-05,09:00:00,2,Struck Pedestrian,3,Wednesday,100,PED NEAR SIDE. PED HIT BY VEHICLE FROM THE RIGHT.,1,727225,Not at intersection,3,50,Local Road,POWER,CASEY,-37.980713,145.24075,2022,10,October,9,Morning Peak,Weekday
T20220024086,2022-10-05,15:00:00,1,Collision with vehicle,3,Wednesday,112,LEFT FAR (INTERSECTIONS ONLY),1,778182,Cross intersection,3,100,Arterial Highway,MURRAY VALLEY,GANNAWARRA,-35.921295,144.32642,2022,10,October,15,Afternoon Peak,Weekday
T20220022474,2022-10-05,14:46:00,1,Collision with vehicle,3,Wednesday,135,LANE CHANGE LEFT (NOT OVERTAKING),1,57008,Cross intersection,3,60,Arterial Highway,COBB HIGHWAY -HEYGARTH,CAMPASPE,-36.12499,144.75226,2022,10,October,14,Midday,Weekday
T20220022579,2022-10-05,13:55:00,1,Collision with vehicle,3,Wednesday,110,CROSS TRAFFIC(INTERSECTIONS ONLY),1,41720,Cross intersection,3,50,Arterial Other,FORSTER,MONASH,-37.89492,145.13004,2022,10,October,13,Midday,Weekday