ACCIDENT_NO,ACCIDENT_DATE,ACCIDENT_TIME,ACCIDENT_TYPE,ACCIDENT_TYPE_DESC,DAY_OF_WEEK,DAY_WEEK_DESC,DCA_CODE,DCA_DESC,LIGHT_CONDITION,NODE_ID,ROAD_GEOMETRY_DESC,SEVERITY,SPEED_ZONE,RMA,ROAD_NAME,LGA_NAME,LATITUDE,LONGITUDE,YEAR,MONTH,MONTH_NAME,HOUR,TIME_PERIOD,DAY_TYPE
T20220022460,2022-10-05,17:20:00,1,Collision with vehicle,3,Wednesday,134,LANE CHANGE RIGHT (NOT OVERTAKING),2,783072,Not at intersection,3,100,Freeway,DALTON-METROPOLITAN RING IN,WHITTLESEA,-37.686817,145.02545,2022,10,October,17,Afternoon Peak,Weekday
T20220022878,2022-10-05,10:30:00,8,No collision and no object struck,3,Wednesday,174,OUT OF CONTROL ON CARRIAGEWAY (ON STRAIGHT),1,773168,Not at intersection,3,100,Local Road,BRISLANE,GOLDEN PLAINS,-38.091652,144.13768,2022,10,October,10,Midday,Weekday
T20220022473,2022-10-05,22:15:00,1,Collision with vehicle,3,Wednesday,130,REAR END(VEHICLES IN SAME LANE),3,249380,T intersection,2,70,Arterial Other,COBURG-CRAIGIEBURN,HUME,-37.68785,144.95805,2022,10,October,22,Night,Weekday
T20220022568,2022-10-06,21:44:00,4,Collision with a fixed object,4,Thursday,183,OFF LEFT BEND INTO OBJECT/PARKED VEHICLE,5,783076,Not at intersection,3,80,Arterial Other,BALNARRING,MORNINGTON PENINSULA,-38.284645,145.06985,2022,10,October,21,Night,Weekday
T20220022508,2022-10-06,12:59:00,1,Collision with vehicle,4,Thursday,122,LEFT THROUGH,1,786289,Not at intersection,2,60,Arterial Other,CENTRE,BAYSIDE,-37.915794,145.01735,2022,10,October,12,Midday,Weekday
T20220022511,2022-10-06,11:50:00,4,Collision with a fixed object,4,Thursday,179,OTHER ACCIDENTS-OFF STRAIGHT NOT INCLUDED IN DCAs 170-175,1,786291,Not at intersection,2,60,Arterial Other,PARA,BANYULE,-37.72073,145.11348,2022,10,October,11,Midday,Weekday
T20220022512,2022-10-06,13:00:00,1,Collision with vehicle,4,Thursday,130,REAR END(VEHICLES IN SAME LANE),1,779780,Cross intersection,3,80,Arterial Highway,SOUTH GIPPSLAND,CASEY,-38.042595,145.25229,2022,10,October,13,Midday,Weekday
T20220022534,2022-10-06,17:11:00,7,Fall from or in moving vehicle,4,Thursday,179,OTHER ACCIDENTS-OFF STRAIGHT NOT INCLUDED IN DCAs 170-175,1,730377,Not at intersection,1,50,Local Road,MISSION,MORNINGTON PENINSULA,-38.35515,144.75197,2022,10,October,17,Afternoon Peak,Weekday
T20220022565,2022-10-06,23:55:00,1,Collision with vehicle,4,Thursday,133,LANE SIDE SWIPE (VEHICLES IN PARALLEL LANES),3,738831,Not at intersection,3,80,Arterial Highway,MAROONDAH,MAROONDAH,-37.77773,145.29214,2022,10,October,23,Night,Weekday
T20220022513,2022-10-06,11:30:00,1,Collision with vehicle,4,Thursday,160,VEHICLE COLLIDES WITH VEHICLE PARKED ON LEFT OF ROAD,1,732823,Not at intersection,3,50,Arterial Other,HEATHERTON ROAD SERVICE,CASEY,-37.974014,145.24864,2022,10,October,11,Midday,Weekday
T20220022567,2022-10-06,11:10:00,1,Collision with vehicle,4,Thursday,150,HEAD ON(OVERTAKING),1,786293,Not at intersection,2,100,Arterial Highway,SOUTH GIPPSLAND,SOUTH GIPPSLAND,-38.596,146.10497,2022,10,October,11,Midday,Weekday
T20220023008,2022-10-06,15:45:00,1,Collision with vehicle,4,Thursday,130,REAR END(VEHICLES IN SAME LANE),1,728095,Not at intersection,2,60,Arterial Other,EPPING-KILMORE,WHITTLESEA,-37.620842,145.02917,2022,10,October,15,Afternoon Peak,Weekday
T20220025382,2022-10-06,12:15:00,1,Collision with vehicle,4,Thursday,121,RIGHT THROUGH,1,773975,Not at intersection,3,60,Arterial Other,GAFFNEY,MORELAND,-37.73291,144.95378,2022,10,October,12,Midday,Weekday
T20220022535,2022-10-06,16:30:00,4,Collision with a fixed object,4,Thursday,171,LEFT OFF CARRIAGEWAY INTO OBJECT/PARKED VEHICLE,1,733173,Not at intersection,2,100,Local Road,LOWER TOORA,SOUTH GIPPSLAND,-38.66575,146.31421,2022,10,October,16,Afternoon Peak,Weekday
T20220022538,2022-10-06,16:40:00,1,Collision with vehicle,4,Thursday,130,REAR END(VEHICLES IN SAME LANE),1,786292,Not at intersection,2,100,Freeway,PRINCES OUT-CARDINIA,CARDINIA,-38.07815,145.42867,2022,10,October,16,Afternoon Peak,Weekday
T20220022516,2022-10-06,06:45:00,1,Collision with vehicle,4,Thursday,113,RIGHT NEAR (INTERSECTIONS ONLY),2,756933,T intersection,2,80,Arterial Highway,ASSEMBLY,DANDENONG,-38.00313,145.24706,2022,10,October,6,Morning Peak,Weekday
T20220022549,2022-10-06,18:15:00,1,Collision with vehicle,4,Thursday,148,VEHICLE OFF FOOTPATH STRIKES VEH ON CARRIAGEWAY,1,783732,Not at intersection,3,50,Local Road,THE CRESCENT,MOONEE VALLEY,-37.776405,144.92236,2022,10,October,18,Afternoon Peak,Weekday
T20220022971,2022-10-06,20:00:00,1,Collision with vehicle,4,Thursday,160,VEHICLE COLLIDES WITH VEHICLE PARKED ON LEFT OF ROAD,3,235319,Not at intersection,3,50,Local Road,HIGH,DAREBIN,-37.75122,145.00183,2022,10,October,20,Night,Weekday
T20220022552,2022-10-06,20:55:00,4,Collision with a fixed object,4,Thursday,173,RIGHT OFF CARRIAGEWAY INTO OBJECT/PARKED VEHICLE,3,783047,Not at intersection,3,80,Arterial Other,PRINCES,CARDINIA,-38.057938,145.3975,2022,10,October,20,Night,Weekday
T20220022558,2022-10-06,22:15:00,1,Collision with vehicle,4,Thursday,121,RIGHT THROUGH,3,34171,Cross intersection,3,80,Arterial Highway,WELLINGTON,MONASH,-37.922073,145.18617,2022,10,October,22,Night,Weekday
T20220022555,2022-10-06,21:45:00,1,Collision with vehicle,4,Thursday,110,CROSS TRAFFIC(INTERSECTIONS ONLY),3,267241,Cross intersection,2,50,Local Road,GAMMAGE,WHITTLESEA,-37.625298,145.01006,2022,10,October,21,Night,Weekday
T20220022583,2022-10-06,06:45:00,1,Collision with vehicle,4,Thursday,130,REAR END(VEHICLES IN SAME LANE),1,275497,Cross intersection,3,60,Arterial Highway,SURF COAST,GEELONG,-38.193565,144.34268,2022,10,October,6,Morning Peak,Weekday
T20220022488,2022-10-06,08:37:00,1,Collision with vehicle,4,Thursday,139,OTHER SAME DIRECTION-MANOUEVRES NOT INCLUDED IN DCAs 130-137,1,774995,Not at intersection,3,80,Arterial Highway,GREENSBOROUGH,BANYULE,-37.70195,145.09036,2022,10,October,8,Morning Peak,Weekday
T20220022489,2022-10-06,07:00:00,1,Collision with vehicle,4,Thursday,110,CROSS TRAFFIC(INTERSECTIONS ONLY),2,17618,Cross intersection,3,80,Arterial Other,NEW DOOKIE,SHEPPARTON,-36.36468,145.46196,2022,10,October,7,Morning Peak,Weekday
T20220022526,2022-10-06,15:48:00,1,Collision with vehicle,4,Thursday,130,REAR END(VEHICLES IN SAME LANE),1,779821,Not at intersection,3,60,Local Road,TAYLORS,MELTON,-37.72254,144.73907,2022,10,October,15,Afternoon Peak,Weekday
T20220022771,2022-10-06,10:00:00,1,Collision with vehicle,4,Thursday,116,LEFT NEAR (INTERSECTIONS ONLY),1,50699,T intersection,3,60,Arterial Highway,RAGLAN,WARRNAMBOOL,-38.382908,142.49031,2022,10,October,10,Midday,Weekday
T20220022490,2022-10-06,07:21:00,1,Collision with vehicle,4,Thursday,130,REAR END(VEHICLES IN SAME LANE),1,779786,Cross intersection,3,80,Arterial Highway,DANDENONG-HASTINGS ROAD -NORTH,CASEY,-38.168858,145.22194,2022,10,October,7,Morning Peak,Weekday
T20220022530,2022-10-06,16:35:00,1,Collision with vehicle,4,Thursday,110,CROSS TRAFFIC(INTERSECTIONS ONLY),1,289584,Cross intersection,2,80,Arterial Highway,DANDENONG,DANDENONG,-38.00295,145.20798,2022,10,October,16,Afternoon Peak,Weekday
T20220022492,2022-10-06,09:01:00,2,Struck Pedestrian,4,Thursday,100,PED NEAR SIDE. PED HIT BY VEHICLE FROM THE RIGHT.,1,37154,T intersection,3,40,Arterial Other,VICTORIA,YARRA,-37.810146,144.99657,2022,10,October,9,Morning Peak,Weekday
T20220023926,2022-10-06,15:50:00,4,Collision with a fixed object,4,Thursday,151,OUT OF CONTROL (OVERTAKING),1,731552,Not at intersection,3,40,Local Road,KING,BENDIGO,-36.762707,144.2797,2022,10,October,15,Afternoon Peak,Weekday
T20220022775,2022-10-06,08:31:00,1,Collision with vehicle,4,Thursday,113,RIGHT NEAR (INTERSECTIONS ONLY),1,43757,Cross intersection,3,60,Local Road,BLACK DOG,MELTON,-37.69513,144.5662,2022,10,October,8,Morning Peak,Weekday
T20230018700,2022-10-06,17:10:00,1,Collision with vehicle,4,Thursday,113,RIGHT NEAR (INTERSECTIONS ONLY),2,230723,T intersection,3,70,Local Road,FINDON,WHITTLESEA,-37.63864,145.03769,2022,10,October,17,Afternoon Peak,Weekday
T20220022494,2022-10-06,10:40:00,1,Collision with vehicle,4,Thursday,111,RIGHT FAR (INTERSECTIONS ONLY),1,234055,T intersection,3,40,Arterial Other,CHURCH,YARRA,-37.8168,144.9995,2022,10,October,10,Midday,Weekday
T20220022496,2022-10-06,09:45:00,7,Fall from or in moving vehicle,4,Thursday,190,FELL IN/FROM VEHICLE,1,727403,Not at intersection,3,50,Local Road,GARNET,KNOX,-37.886982,145.28818,2022,10,October,9,Morning Peak,Weekday
T20220022557,2022-10-06,16:00:00,1,Collision with vehicle,4,Thursday,130,REAR END(VEHICLES IN SAME LANE),1,727605,Not at intersection,3,60,Arterial Other,PRINCES,WYNDHAM,-37.89264,144.68333,2022,10,October,16,Afternoon Peak,Weekday
T20220022910,2022-10-06,08:05:00,1,Collision with vehicle,4,Thursday,131,LEFT REAR,1,2062,T intersection,3,50,Local Road,THE BOULEVARD,BANYULE,-37.778347,145.06328,2022,10,October,8,Morning Peak,Weekday
T20220025306,2022-10-06,10:30:00,8,No collision and no object struck,4,Thursday,179,OTHER ACCIDENTS-OFF STRAIGHT NOT INCLUDED IN DCAs 170-175,1,734871,T intersection,3,50,Local Road,CARNOUSTIE,HUME,-37.583733,144.75351,2022,10,October,10,Midday,Weekday
T20220022561,2022-10-06,23:25:00,1,Collision with vehicle,4,Thursday,120,HEAD ON (NOT OVERTAKING),3,735253,Not at intersection,2,70,Arterial Highway,HODDLE,MELBOURNE,-37.81054,144.99121,2022,10,October,23,Night,Weekday
T20220024280,2022-10-06,20:00:00,1,Collision with vehicle,4,Thursday,135,LANE CHANGE LEFT (NOT OVERTAKING),3,783045,Not at intersection,3,80,Arterial Highway,DANDENONG,MONASH,-37.893307,145.08987,2022,10,October,20,Night,Weekday
T20220022614,2022-10-06,21:50:00,1,Collision with vehicle,4,Thursday,121,RIGHT THROUGH,3,735874,T intersection,3,50,Local Road,RAMSAY,MOONEE VALLEY,-37.757156,144.89133,2022,10,October,21,Night,Weekday
T20220027666,2022-10-06,12:35:00,1,Collision with vehicle,4,Thursday,136,RIGHT TURN SIDESWIPE,1,37263,Cross intersection,3,60,Arterial Other,BRIDGE,YARRA,-37.81904,145.00378,2022,10,October,12,Midday,Weekday
T20220025682,2022-10-06,15:59:00,1,Collision with vehicle,4,Thursday,110,CROSS TRAFFIC(INTERSECTIONS ONLY),1,237310,Cross intersection,3,60,Arterial Other,DERRIMUT,WYNDHAM,-37.819614,144.6936,2022,10,October,15,Afternoon Peak,Weekday
T20220022649,2022-10-06,13:24:00,1,Collision with vehicle,4,Thursday,113,RIGHT NEAR (INTERSECTIONS ONLY),1,49962,Cross intersection,2,40,Arterial Other,RYRIE,GEELONG,-38.150745,144.3648,2022,10,October,13,Midday,Weekday
T20220022532,2022-10-06,17:25:00,2,Struck Pedestrian,4,Thursday,107,PED ON FOOTHPATH STRUCK BY VEHENTERING/LEAVING DRIVEWAY.,1,737533,Not at intersection,2,50,Local Road,HIGH,ARARAT,-37.283405,142.92766,2022,10,October,17,Afternoon Peak,Weekday
T20220022499,2022-10-06,09:30:00,1,Collision with vehicle,4,Thursday,121,RIGHT THROUGH,1,727453,T intersection,3,80,Local Road,RIVERPARK,KNOX,-37.8731,145.2328,2022,10,October,9,Morning Peak,Weekday
T20220022506,2022-10-06,09:50:00,1,Collision with vehicle,4,Thursday,163,VEHICLE STRIKES DOOR OF PARKED/STATIONARY VEHICLE,1,35322,Cross intersection,3,30,Local Road,FARADAY,MELBOURNE,-37.798676,144.96729,2022,10,October,9,Morning Peak,Weekday
T20220022621,2022-10-07,16:40:00,1,Collision with vehicle,5,Friday,130,REAR END(VEHICLES IN SAME LANE),1,779830,Not at intersection,3,60,Arterial Other,DANDENONG,FRANKSTON,-38.135983,145.12889,2022,10,October,16,Afternoon Peak,Weekday
T20220022697,2022-10-07,21:45:00,3,Struck animal,5,Friday,173,RIGHT OFF CARRIAGEWAY INTO OBJECT/PARKED VEHICLE,5,731904,Not at intersection,3,60,Local Road,BOUNDARY,BALLARAT,-37.614758,143.89832,2022,10,October,21,Night,Weekday
T20220022799,2022-10-07,15:30:00,1,Collision with vehicle,5,Friday,130,REAR END(VEHICLES IN SAME LANE),1,728085,Not at intersection,3,100,Freeway,WESTERN,MELTON,-37.76626,144.74281,2022,10,October,15,Afternoon Peak,Weekday
T20220022630,2022-10-07,15:30:00,2,Struck Pedestrian,5,Friday,101,PED EMERGES FROM IN FRONT OF PARKED OR STATIONARY VEHICLE,1,731812,Not at intersection,3,60,Arterial Other,CENTRE,KINGSTON,-37.92685,145.1053,2022,10,October,15,Afternoon Peak,Weekday
T20220022576,2022-10-07,09:14:00,1,Collision with vehicle,5,Friday,142,LEAVING PARKING,1,727503,Not at intersection,2,50,Local Road,KENNEDY,BRIMBANK,-37.717934,144.83511,2022,10,October,9,Morning Peak,Weekday
T20220022609,2022-10-07,15:30:00,2,Struck Pedestrian,5,Friday,102,FAR SIDE. PED HIT BY VEHICLE FROM THE LEFT,1,727505,Not at intersection,3,40,Local Road,EUREKA,WYNDHAM,-37.87069,144.59863,2022,10,October,15,Afternoon Peak,Weekday
T20220022603,2022-10-07,14:40:00,1,Collision with vehicle,5,Friday,130,REAR END(VEHICLES IN SAME LANE),1,727504,Not at intersection,3,80,Arterial Other,MELTON,BRIMBANK,-37.698673,144.78683,2022,10,October,14,Midday,Weekday
T20220022597,2022-10-07,12:10:00,1,Collision with vehicle,5,Friday,130,REAR END(VEHICLES IN SAME LANE),1,51346,Cross intersection,3,50,Arterial Other,MCCALLUM,SWAN HILL,-35.338837,143.55806,2022,10,October,12,Midday,Weekday
T20220022663,2022-10-07,15:00:00,2,Struck Pedestrian,5,Friday,101,PED EMERGES FROM IN FRONT OF PARKED OR STATIONARY VEHICLE,1,734284,T intersection,3,60,Arterial Other,GAFFNEY,MORELAND,-37.73344,144.95946,2022,10,October,15,Afternoon Peak,Weekday
T20220022607,2022-10-07,14:50:00,4,Collision with a fixed object,5,Friday,179,OTHER ACCIDENTS-OFF STRAIGHT NOT INCLUDED IN DCAs 170-175,1,731697,Not at intersection,3,50,Local Road,HILLSIDE,MOORABOOL,-37.688087,144.4219,2022,10,October,14,Midday,Weekday
T20220023988,2022-10-07,18:00:00,1,Collision with vehicle,5,Friday,130,REAR END(VEHICLES IN SAME LANE),2,779837,Not at intersection,3,100,Freeway,MONASH,MONASH,-37.892975,145.13066,2022,10,October,18,Afternoon Peak,Weekday
T20220022581,2022-10-07,10:00:00,4,Collision with a fixed object,5,Friday,173,RIGHT OFF CARRIAGEWAY INTO OBJECT/PARKED VEHICLE,1,730447,T intersection,2,80,Arterial Other,KOROROIT CREEK,HOBSONS BAY,-37.84996,144.83382,2022,10,October,10,Midday,Weekday
T20220022590,2022-10-07,11:25:00,1,Collision with vehicle,5,Friday,110,CROSS TRAFFIC(INTERSECTIONS ONLY),1,41797,Cross intersection,3,60,Arterial Highway,SPRINGVALE,MONASH,-37.88055,145.16565,2022,10,October,11,Midday,Weekday
T20220022632,2022-10-07,16:55:00,1,Collision with vehicle,5,Friday,130,REAR END(VEHICLES IN SAME LANE),1,735459,Not at intersection,2,100,Freeway,MONASH,CASEY,-38.02514,145.31755,2022,10,October,16,Afternoon Peak,Weekday
T20220022635,2022-10-07,18:21:00,1,Collision with vehicle,5,Friday,132,RIGHT REAR.,2,778994,Y intersection,3,50,Local Road,LALORS,YARRA RANGES,-37.662132,145.51587,2022,10,October,18,Afternoon Peak,Weekday
T20220026847,2022-10-07,17:10:00,1,Collision with vehicle,5,Friday,130,REAR END(VEHICLES IN SAME LANE),1,738401,Not at intersection,3,70,Local Road,ABBOTTS,DANDENONG,-38.03373,145.22858,2022,10,October,17,Afternoon Peak,Weekday
T20220022638,2022-10-07,17:44:00,1,Collision with vehicle,5,Friday,130,REAR END(VEHICLES IN SAME LANE),1,48859,Cross intersection,3,50,Arterial Other,BEACONSFIELD-EMERALD,CARDINIA,-38.004837,145.40955,2022,10,October,17,Afternoon Peak,Weekday
T20220022639,2022-10-07,22:07:00,2,Struck Pedestrian,5,Friday,102,FAR SIDE. PED HIT BY VEHICLE FROM THE LEFT,3,240,Cross intersection,2,40,Local Road,FLINDERS,MELBOURNE,-37.816734,144.9699,2022,10,October,22,Night,Weekday
T20220028235,2022-10-07,16:50:00,1,Collision with vehicle,5,Friday,130,REAR END(VEHICLES IN SAME LANE),1,779836,Not at intersection,3,80,Arterial Other,MELTON,BRIMBANK,-37.697083,144.77951,2022,10,October,16,Afternoon Peak,Weekday
T20220022589,2022-10-07,12:00:00,2,Struck Pedestrian,5,Friday,100,PED NEAR SIDE. PED HIT BY VEHICLE FROM THE RIGHT.,1,750098,T intersection,2,50,Local Road,COLLINGWOOD,MORNINGTON PENINSULA,-38.372234,144.81842,2022,10,October,12,Midday,Weekday
T20220022640,2022-10-07,20:30:00,4,Collision with a fixed object,5,Friday,173,RIGHT OFF CARRIAGEWAY INTO OBJECT/PARKED VEHICLE,5,786296,Not at intersection,2,100,Local Road,TARRONE,MOYNE,-38.213116,142.23822,2022,10,October,20,Night,Weekday
T20220022645,2022-10-07,23:20:00,1,Collision with vehicle,5,Friday,133,LANE SIDE SWIPE (VEHICLES IN PARALLEL LANES),3,783078,Not at intersection,3,80,Arterial Other,CHESTERVILLE,KINGSTON,-37.938416,145.06091,2022,10,October,23,Night,Weekday
T20220022595,2022-10-07,12:38:00,1,Collision with vehicle,5,Friday,110,CROSS TRAFFIC(INTERSECTIONS ONLY),1,50175,Cross intersection,3,60,Local Road,FRANCIS,GEELONG,-38.180676,144.34799,2022,10,October,12,Midday,Weekday
T20220022646,2022-10-07,22:35:00,4,Collision with a fixed object,5,Friday,173,RIGHT OFF CARRIAGEWAY INTO OBJECT/PARKED VEHICLE,5,734668,Not at intersection,2,80,Arterial Other,BALLARTO,CASEY,-38.13726,145.35463,2022,10,October,22,Night,Weekday
T20220022622,2022-10-07,16:14:00,1,Collision with vehicle,5,Friday,116,LEFT NEAR (INTERSECTIONS ONLY),1,783079,T intersection,3,60,Local Road,COPPERFIELD,BRIMBANK,-37.720657,144.77011,2022,10,October,16,Afternoon Peak,Weekday
T20220022584,2022-10-07,10:35:00,1,Collision with vehicle,5,Friday,130,REAR END(VEHICLES IN SAME LANE),1,727703,Not at intersection,2,70,Arterial Highway,HIGH,BENDIGO,-36.802143,144.24257,2022,10,October,10,Midday,Weekday
T20220026975,2022-10-07,18:15:00,1,Collision with vehicle,5,Friday,110,CROSS TRAFFIC(INTERSECTIONS ONLY),1,738631,Cross intersection,3,50,Local Road,MCBRIDE,BASS COAST,-38.60845,145.59181,2022,10,October,18,Afternoon Peak,Weekday
T20220022569,2022-10-07,06:20:00,1,Collision with vehicle,5,Friday,121,RIGHT THROUGH,2,43944,Cross intersection,2,100,Arterial Highway,DANDENONG-HASTINGS,MORNINGTON PENINSULA,-38.224007,145.2177,2022,10,October,6,Morning Peak,Weekday
T20220026984,2022-10-07,13:30:00,1,Collision with vehicle,5,Friday,130,REAR END(VEHICLES IN SAME LANE),9,775061,Not at intersection,3,60,Local Road,RAILWAY,WYNDHAM,-37.89337,144.67488,2022,10,October,13,Midday,Weekday
T20220022572,2022-10-07,08:20:00,2,Struck Pedestrian,5,Friday,100,PED NEAR SIDE. PED HIT BY VEHICLE FROM THE RIGHT.,1,783099,Not at intersection,3,50,Arterial Other,BLUFF,BAYSIDE,-37.96003,145.01938,2022,10,October,8,Morning Peak,Weekday
T20220022623,2022-10-07,17:40:00,1,Collision with vehicle,5,Friday,130,REAR END(VEHICLES IN SAME LANE),1,773166,Not at intersection,3,100,Freeway,METROPOLITAN RING,WHITTLESEA,-37.690414,144.975,2022,10,October,17,Afternoon Peak,Weekday
T20220022647,2022-10-07,23:29:00,1,Collision with vehicle,5,Friday,110,CROSS TRAFFIC(INTERSECTIONS ONLY),3,44309,Cross intersection,3,60,Arterial Other,SAYERS,WYNDHAM,-37.850533,144.70634,2022,10,October,23,Night,Weekday
T20220023191,2022-10-07,17:00:00,1,Collision with vehicle,5,Friday,121,RIGHT THROUGH,1,656411,Cross intersection,3,80,Arterial Other,MAIN,BRIMBANK,-37.741966,144.77946,2022,10,October,17,Afternoon Peak,Weekday
T20220022601,2022-10-07,09:40:00,4,Collision with a fixed object,5,Friday,173,RIGHT OFF CARRIAGEWAY INTO OBJECT/PARKED VEHICLE,1,48357,T intersection,3,60,Local Road,MACKELLAR,HUME,-37.623894,144.9242,2022,10,October,9,Morning Peak,Weekday
T20220022780,2022-10-08,14:30:00,6,Vehicle overturned (no collision),6,Saturday,174,OUT OF CONTROL ON CARRIAGEWAY (ON STRAIGHT),1,727901,Not at intersection,3,60,Local Road,NETTING FENCE,HINDMARSH,-35.997643,141.45622,2022,10,October,14,Midday,Weekend
T20220022655,2022-10-08,10:00:00,1,Collision with vehicle,6,Saturday,113,RIGHT NEAR (INTERSECTIONS ONLY),1,251238,T intersection,3,60,Local Road,MANLEY,HUME,-37.63771,144.92384,2022,10,October,10,Midday,Weekend
T20220023352,2022-10-08,12:02:00,8,No collision and no object struck,6,Saturday,174,OUT OF CONTROL ON CARRIAGEWAY (ON STRAIGHT),1,734868,Not at intersection,2,100,Local Road,INVERMAY,BAW BAW,-38.230984,145.79208,2022,10,October,12,Midday,Weekend
T20220022674,2022-10-08,13:00:00,4,Collision with a fixed object,6,Saturday,173,RIGHT OFF CARRIAGEWAY INTO OBJECT/PARKED VEHICLE,1,783126,Not at intersection,3,50,Local Road,WHITEGUM,YARRA RANGES,-37.72167,145.7734,2022,10,October,13,Midday,Weekend
T20220022661,2022-10-08,08:54:00,1,Collision with vehicle,6,Saturday,130,REAR END(VEHICLES IN SAME LANE),1,742497,Not at intersection,2,80,Local Road,TROUPS,MELTON,-37.798264,144.65988,2022,10,October,8,Morning Peak,Weekend
T20220023276,2022-10-08,07:15:00,8,No collision and no object struck,6,Saturday,174,OUT OF CONTROL ON CARRIAGEWAY (ON STRAIGHT),1,68729,T intersection,3,60,Arterial Other,HAWTHORN,GLEN EIRA,-37.893494,145.02072,2022,10,October,7,Morning Peak,Weekend
T20220022714,2022-10-08,20:35:00,2,Struck Pedestrian,6,Saturday,100,PED NEAR SIDE. PED HIT BY VEHICLE FROM THE RIGHT.,3,748819,T intersection,2,60,Arterial Other,MELBOURNE,HEPBURN,-37.427296,143.8942,2022,10,October,20,Night,Weekend
T20220023077,2022-10-08,09:45:00,5,collision with some other object,6,Saturday,191,LOAD OR MISSILE STRUCK VEHICLE,1,783120,Not at intersection,3,100,Freeway,WESTERN RING,BRIMBANK,-37.754795,144.82661,2022,10,October,9,Morning Peak,Weekend
T20220024670,2022-10-08,18:00:00,8,No collision and no object struck,6,Saturday,174,OUT OF CONTROL ON CARRIAGEWAY (ON STRAIGHT),2,283345,T intersection,3,50,Arterial Highway,GOULBURN VALLEY,MURRINDINDI,-37.210537,145.4279,2022,10,October,18,Afternoon Peak,Weekend
T20220022673,2022-10-08,13:25:00,1,Collision with vehicle,6,Saturday,130,REAR END(VEHICLES IN SAME LANE),1,780157,Cross intersection,3,50,Arterial Other,HIGH STREET SERVICE,WHITTLESEA,-37.656364,145.02039,2022,10,October,13,Midday,Weekend
T20220023033,2022-10-08,20:00:00,1,Collision with vehicle,6,Saturday,130,REAR END(VEHICLES IN SAME LANE),3,863,Not at intersection,3,60,Arterial Highway,BELL,MORELAND,-37.741314,144.9666,2022,10,October,20,Night,Weekend
T20220022706,2022-10-08,16:00:00,4,Collision with a fixed object,6,Saturday,171,LEFT OFF CARRIAGEWAY INTO OBJECT/PARKED VEHICLE,1,731715,Not at intersection,2,80,Arterial Other,MICKLEHAM,HUME,-37.66858,144.88564,2022,10,October,16,Afternoon Peak,Weekend
T20220022722,2022-10-08,16:15:00,2,Struck Pedestrian,6,Saturday,109,ANY MANOEUVRE INVOLVING PED NOT INCLUDED IN DCAs 100-108.,1,777200,Not at intersection,3,50,Local Road,EILDON,SHEPPARTON,-36.389244,145.41058,2022,10,October,16,Afternoon Peak,Weekend
T20220022723,2022-10-08,16:31:00,1,Collision with vehicle,6,Saturday,121,RIGHT THROUGH,1,343235,T intersection,3,60,Local Road,THAMES,WYNDHAM,-37.87065,144.65752,2022,10,October,16,Afternoon Peak,Weekend
T20220022729,2022-10-08,21:15:00,1,Collision with vehicle,6,Saturday,132,RIGHT REAR.,6,756145,T intersection,3,60,Local Road,MCCORMICKS,FRANKSTON,-38.109303,145.19553,2022,10,October,21,Night,Weekend
T20220022671,2022-10-08,12:33:00,1,Collision with vehicle,6,Saturday,110,CROSS TRAFFIC(INTERSECTIONS ONLY),1,49594,Cross intersection,2,100,Arterial Other,BACCHUS MARSH-GEELONG,GEELONG,-37.87374,144.38184,2022,10,October,12,Midday,Weekend
T20220022670,2022-10-08,12:27:00,1,Collision with vehicle,6,Saturday,121,RIGHT THROUGH,1,38294,T intersection,3,70,Arterial Other,MANNINGHAM,MANNINGHAM,-37.77338,145.11223,2022,10,October,12,Midday,Weekend
T20220022668,2022-10-08,13:33:00,1,Collision with vehicle,6,Saturday,130,REAR END(VEHICLES IN SAME LANE),1,728305,Not at intersection,2,80,Arterial Highway,PRINCES,GEELONG,-38.07206,144.3728,2022,10,October,13,Midday,Weekend
T20220022702,2022-10-08,21:53:00,6,Vehicle overturned (no collision),6,Saturday,172,OFF CARRIAGEWAY TO RIGHT,3,736475,Not at intersection,2,100,Freeway,BARRABOOL-GEELONG RING IN,GEELONG,-38.171326,144.29105,2022,10,October,21,Night,Weekend
T20220022699,2022-10-08,21:08:00,1,Collision with vehicle,6,Saturday,110,CROSS TRAFFIC(INTERSECTIONS ONLY),3,43538,Cross intersection,2,80,Local Road,MCCLELLAND,FRANKSTON,-38.17756,145.16537,2022,10,October,21,Night,Weekend
T20220022696,2022-10-08,21:11:00,1,Collision with vehicle,6,Saturday,121,RIGHT THROUGH,9,774958,Not at intersection,3,60,Arterial Other,HUNTINGDALE,MONASH,-37.857803,145.1136,2022,10,October,21,Night,Weekend
T20220022695,2022-10-08,15:09:00,1,Collision with vehicle,6,Saturday,110,CROSS TRAFFIC(INTERSECTIONS ONLY),1,29537,Multiple intersection,2,60,Arterial Other,PRINCESS,BOROONDARA,-37.79912,145.03032,2022,10,October,15,Afternoon Peak,Weekend
T20220022694,2022-10-08,15:05:00,1,Collision with vehicle,6,Saturday,130,REAR END(VEHICLES IN SAME LANE),1,36752,Cross intersection,3,80,Arterial Other,PLENTY,WHITTLESEA,-37.65798,145.07721,2022,10,October,15,Afternoon Peak,Weekend