ACCIDENT_NO,ACCIDENT_DATE,ACCIDENT_TIME,ACCIDENT_TYPE,ACCIDENT_TYPE_DESC,DAY_OF_WEEK,DAY_WEEK_DESC,DCA_CODE,DCA_DESC,LIGHT_CONDITION,NODE_ID,ROAD_GEOMETRY_DESC,SEVERITY,SPEED_ZONE,RMA,ROAD_NAME,LGA_NAME,LATITUDE,LONGITUDE,YEAR,MONTH,MONTH_NAME,HOUR,TIME_PERIOD,DAY_TYPE
T20220022693,2022-10-08,16:14:00,1,Collision with vehicle,6,Saturday,110,CROSS TRAFFIC(INTERSECTIONS ONLY),1,246201,Cross intersection,3,60,Arterial Highway,POINT NEPEAN,MORNINGTON PENINSULA,-38.353275,144.9141,2022,10,October,16,Afternoon Peak,Weekend
T20220022685,2022-10-08,13:40:00,1,Collision with vehicle,6,Saturday,110,CROSS TRAFFIC(INTERSECTIONS ONLY),1,224261,Cross intersection,3,100,Arterial Highway,MOOROODUC,MORNINGTON PENINSULA,-38.26508,145.0729,2022,10,October,13,Midday,Weekend
T20220027883,2022-10-08,15:30:00,1,Collision with vehicle,6,Saturday,132,RIGHT REAR.,1,63536,T intersection,3,60,Arterial Other,BUCKLEY,MOONEE VALLEY,-37.756073,144.90843,2022,10,October,15,Afternoon Peak,Weekend
T20220022683,2022-10-08,16:29:00,1,Collision with vehicle,6,Saturday,121,RIGHT THROUGH,1,36813,Cross intersection,3,60,Arterial Other,NORMANBY,PORT PHILLIP,-37.828957,144.94844,2022,10,October,16,Afternoon Peak,Weekend
T20220022681,2022-10-08,16:45:00,4,Collision with a fixed object,6,Saturday,179,OTHER ACCIDENTS-OFF STRAIGHT NOT INCLUDED IN DCAs 170-175,1,773167,Not at intersection,3,80,Arterial Other,PALMERS,WYNDHAM,-37.862396,144.74794,2022,10,October,16,Afternoon Peak,Weekend
T20220022678,2022-10-08,15:15:00,1,Collision with vehicle,6,Saturday,113,RIGHT NEAR (INTERSECTIONS ONLY),1,728688,T intersection,1,80,Local Road,MCKOY,WODONGA,-36.105015,146.82591,2022,10,October,15,Afternoon Peak,Weekend
T20220022676,2022-10-08,13:30:00,1,Collision with vehicle,6,Saturday,121,RIGHT THROUGH,1,42410,T intersection,3,60,Arterial Other,CENTRE,KINGSTON,-37.92872,145.12032,2022,10,October,13,Midday,Weekend
T20220022759,2022-10-09,20:29:00,3,Struck animal,7,Sunday,167,STRUCK ANIMAL,5,748818,Not at intersection,2,100,Arterial Other,PORTLAND-NELSON,GLENELG,-38.221176,141.43805,2022,10,October,20,Night,Weekend
T20220022760,2022-10-09,18:45:00,6,Vehicle overturned (no collision),7,Sunday,180,OFF CARRIAGEWAY ON RIGHT BEND,1,773702,Not at intersection,2,100,Local Road,WOORNDOO-STREATHAM,PYRENEES,-37.702675,143.07446,2022,10,October,18,Afternoon Peak,Weekend
T20220023983,2022-10-09,17:12:00,4,Collision with a fixed object,7,Sunday,171,LEFT OFF CARRIAGEWAY INTO OBJECT/PARKED VEHICLE,1,783131,Not at intersection,3,60,Local Road,YARRA,MAROONDAH,-37.773804,145.27568,2022,10,October,17,Afternoon Peak,Weekend
T20220024971,2022-10-09,15:08:00,1,Collision with vehicle,7,Sunday,110,CROSS TRAFFIC(INTERSECTIONS ONLY),1,37600,Cross intersection,3,60,Arterial Other,ST KILDA,MELBOURNE,-37.84772,144.97974,2022,10,October,15,Afternoon Peak,Weekend
T20220022717,2022-10-09,09:00:00,4,Collision with a fixed object,7,Sunday,179,OTHER ACCIDENTS-OFF STRAIGHT NOT INCLUDED IN DCAs 170-175,1,783130,Not at intersection,3,50,Local Road,KAANGLANG,COLAC OTWAY,-38.52097,143.71878,2022,10,October,9,Morning Peak,Weekend
T20220022719,2022-10-09,09:38:00,1,Collision with vehicle,7,Sunday,113,RIGHT NEAR (INTERSECTIONS ONLY),1,292057,T intersection,2,60,Arterial Other,CRAIGIEBURN,HUME,-37.598038,144.93294,2022,10,October,9,Morning Peak,Weekend
T20220023297,2022-10-09,10:15:00,1,Collision with vehicle,7,Sunday,113,RIGHT NEAR (INTERSECTIONS ONLY),1,323032,Cross intersection,3,70,Arterial Other,KINGS,BRIMBANK,-37.71556,144.78061,2022,10,October,10,Midday,Weekend
T20220023596,2022-10-09,02:30:00,1,Collision with vehicle,7,Sunday,121,RIGHT THROUGH,3,65003,Cross intersection,3,60,Arterial Highway,ALEXANDRA,YARRA,-37.794052,144.9882,2022,10,October,2,Late Night,Weekend
T20220022782,2022-10-09,12:05:00,1,Collision with vehicle,7,Sunday,133,LANE SIDE SWIPE (VEHICLES IN PARALLEL LANES),1,740293,Not at intersection,3,50,Local Road,SOLDIERS,YARRA RANGES,-37.89638,145.62158,2022,10,October,12,Midday,Weekend
T20220022721,2022-10-09,11:28:00,1,Collision with vehicle,7,Sunday,140,U TURN,1,727705,Not at intersection,3,60,Arterial Other,SPECIMEN HILL,BENDIGO,-36.769955,144.25026,2022,10,October,11,Midday,Weekend
T20220022979,2022-10-09,08:40:00,1,Collision with vehicle,7,Sunday,113,RIGHT NEAR (INTERSECTIONS ONLY),1,737948,T intersection,3,40,Local Road,HUGH KING,MILDURA,-34.17953,142.16362,2022,10,October,8,Morning Peak,Weekend
T20220024387,2022-10-09,11:15:00,1,Collision with vehicle,7,Sunday,135,LANE CHANGE LEFT (NOT OVERTAKING),1,40271,T intersection,3,40,Arterial Other,GLENFERRIE,STONNINGTON,-37.859932,145.02875,2022,10,October,11,Midday,Weekend
T20220024506,2022-10-09,02:30:00,4,Collision with a fixed object,7,Sunday,171,LEFT OFF CARRIAGEWAY INTO OBJECT/PARKED VEHICLE,5,755827,Not at intersection,2,80,Local Road,LAWSON,MACEDON RANGES,-37.449024,144.56459,2022,10,October,2,Late Night,Weekend
T20220022725,2022-10-09,11:30:00,1,Collision with vehicle,7,Sunday,121,RIGHT THROUGH,1,39295,Cross intersection,2,50,Local Road,CARRINGTON,WHITEHORSE,-37.819912,145.11922,2022,10,October,11,Midday,Weekend
T20220022963,2022-10-09,10:00:00,8,No collision and no object struck,7,Sunday,174,OUT OF CONTROL ON CARRIAGEWAY (ON STRAIGHT),1,728090,Not at intersection,2,80,Arterial Highway,SPRINGVALE,MONASH,-37.874508,145.1668,2022,10,October,10,Midday,Weekend
T20220022730,2022-10-09,13:15:00,1,Collision with vehicle,7,Sunday,121,RIGHT THROUGH,1,322346,Cross intersection,2,80,Arterial Other,POUND,CASEY,-38.02831,145.26881,2022,10,October,13,Midday,Weekend
T20220022732,2022-10-09,13:05:00,1,Collision with vehicle,7,Sunday,130,REAR END(VEHICLES IN SAME LANE),1,728511,Not at intersection,3,80,Arterial Highway,SPRINGVALE,WHITEHORSE,-37.828506,145.17401,2022,10,October,13,Midday,Weekend
T20220022737,2022-10-09,11:48:00,1,Collision with vehicle,7,Sunday,130,REAR END(VEHICLES IN SAME LANE),1,727651,Not at intersection,1,80,Arterial Other,BLACK FOREST,MACEDON RANGES,-37.385498,144.52621,2022,10,October,11,Midday,Weekend
T20220022741,2022-10-09,15:26:00,1,Collision with vehicle,7,Sunday,114,TWO RIGHT TURNING (INTERSECTIONS ONLY),1,774959,T intersection,2,50,Local Road,MARINE,MORNINGTON PENINSULA,-38.308746,145.19627,2022,10,October,15,Afternoon Peak,Weekend
T20220023526,2022-10-09,12:00:00,1,Collision with vehicle,7,Sunday,140,U TURN,1,738161,Not at intersection,3,80,Arterial Other,MONBULK,YARRA RANGES,-37.830414,145.42516,2022,10,October,12,Midday,Weekend
T20220022748,2022-10-09,15:45:00,2,Struck Pedestrian,7,Sunday,106,VEH STRIKES PED ON FOOTPATH/MEDIAN/TRAFFIC ISLAND.,1,783161,Not at intersection,3,40,Local Road,SWANSTON,MELBOURNE,-37.8151,144.96635,2022,10,October,15,Afternoon Peak,Weekend
T20220022749,2022-10-09,18:30:00,1,Collision with vehicle,7,Sunday,169,OTHER ON PATH,1,727837,Not at intersection,2,50,Local Road,CAMPBELL,COLAC OTWAY,-38.3499,143.58171,2022,10,October,18,Afternoon Peak,Weekend
T20220022753,2022-10-09,12:10:00,4,Collision with a fixed object,7,Sunday,181,OFF RIGHT BEND INTO OBJECT/PARKED VEHICLE,1,783133,Not at intersection,3,100,Local Road,JUG HANDLE,EAST GIPPSLAND,-37.176933,148.8316,2022,10,October,12,Midday,Weekend
T20220022755,2022-10-09,20:14:00,1,Collision with vehicle,7,Sunday,110,CROSS TRAFFIC(INTERSECTIONS ONLY),5,49375,Cross intersection,2,80,Arterial Highway,GOULBURN VALLEY,SHEPPARTON,-36.456993,145.3888,2022,10,October,20,Night,Weekend
T20220022758,2022-10-09,15:35:00,1,Collision with vehicle,7,Sunday,130,REAR END(VEHICLES IN SAME LANE),1,786703,Cross intersection,2,60,Arterial Other,ASHLEY,MARIBYRNONG,-37.786552,144.86443,2022,10,October,15,Afternoon Peak,Weekend
T20220022761,2022-10-09,23:40:00,1,Collision with vehicle,7,Sunday,121,RIGHT THROUGH,3,29420,Cross intersection,3,40,Local Road,FLINDERS,MELBOURNE,-37.819614,144.96002,2022,10,October,23,Night,Weekend
T20220023735,2022-10-10,15:00:00,1,Collision with vehicle,1,Monday,111,RIGHT FAR (INTERSECTIONS ONLY),1,32014,Cross intersection,3,70,Arterial Highway,BURWOOD,WHITEHORSE,-37.85212,145.13235,2022,10,October,15,Afternoon Peak,Weekday
T20220022885,2022-10-10,16:50:00,1,Collision with vehicle,1,Monday,163,VEHICLE STRIKES DOOR OF PARKED/STATIONARY VEHICLE,1,774962,Not at intersection,3,40,Arterial Other,HIGH,STONNINGTON,-37.852757,144.99997,2022,10,October,16,Afternoon Peak,Weekday
T20220023406,2022-10-10,06:40:00,1,Collision with vehicle,1,Monday,130,REAR END(VEHICLES IN SAME LANE),2,38235,Cross intersection,3,60,Arterial Highway,ROSANNA,BANYULE,-37.754642,145.06998,2022,10,October,6,Morning Peak,Weekday
T20220022781,2022-10-10,12:28:00,1,Collision with vehicle,1,Monday,163,VEHICLE STRIKES DOOR OF PARKED/STATIONARY VEHICLE,1,780199,Not at intersection,3,50,Local Road,LYGON,MORELAND,-37.777603,144.9708,2022,10,October,12,Midday,Weekday
T20220022785,2022-10-10,13:25:00,1,Collision with vehicle,1,Monday,112,LEFT FAR (INTERSECTIONS ONLY),1,35729,Multiple intersection,3,60,Freeway,STATION STREET -TRAM,WHITEHORSE,-37.797756,145.12695,2022,10,October,13,Midday,Weekday
T20220022786,2022-10-10,10:28:00,4,Collision with a fixed object,1,Monday,183,OFF LEFT BEND INTO OBJECT/PARKED VEHICLE,1,780901,Not at intersection,2,100,Local Road,OLD PORT CAMPBELL,CORANGAMITE,-38.35936,143.10455,2022,10,October,10,Midday,Weekday
T20220022790,2022-10-10,13:12:00,1,Collision with vehicle,1,Monday,120,HEAD ON (NOT OVERTAKING),1,780201,Not at intersection,3,80,Local Road,GRAYDENS,MORNINGTON PENINSULA,-38.284668,145.15443,2022,10,October,13,Midday,Weekday
T20220022792,2022-10-10,13:10:00,1,Collision with vehicle,1,Monday,111,RIGHT FAR (INTERSECTIONS ONLY),1,61810,T intersection,2,80,Arterial Other,MAHONEYS,WHITTLESEA,-37.692272,144.98634,2022,10,October,13,Midday,Weekday
T20220022804,2022-10-10,16:40:00,2,Struck Pedestrian,1,Monday,106,VEH STRIKES PED ON FOOTPATH/MEDIAN/TRAFFIC ISLAND.,1,786715,Not at intersection,2,40,Local Road,BROWN,GEELONG,-38.11581,144.65388,2022,10,October,16,Afternoon Peak,Weekday
T20220022805,2022-10-10,16:30:00,6,Vehicle overturned (no collision),1,Monday,179,OTHER ACCIDENTS-OFF STRAIGHT NOT INCLUDED IN DCAs 170-175,1,71832,T intersection,3,80,Arterial Other,BRANDY CREEK,BAW BAW,-38.132065,145.93094,2022,10,October,16,Afternoon Peak,Weekday
T20220022807,2022-10-10,17:30:00,1,Collision with vehicle,1,Monday,130,REAR END(VEHICLES IN SAME LANE),1,745613,Not at intersection,3,80,Freeway,KINGS-WEST GATE OUT,PORT PHILLIP,-37.827183,144.94987,2022,10,October,17,Afternoon Peak,Weekday
T20220022808,2022-10-10,15:10:00,1,Collision with vehicle,1,Monday,110,CROSS TRAFFIC(INTERSECTIONS ONLY),1,49739,Cross intersection,2,50,Local Road,DARRIWILL,GEELONG,-38.09643,144.33176,2022,10,October,15,Afternoon Peak,Weekday
T20220022812,2022-10-10,17:45:00,1,Collision with vehicle,1,Monday,120,HEAD ON (NOT OVERTAKING),1,731699,Not at intersection,3,60,Arterial Other,SPECIMEN HILL,BENDIGO,-36.769295,144.25003,2022,10,October,17,Afternoon Peak,Weekday
T20220022814,2022-10-10,18:05:00,1,Collision with vehicle,1,Monday,135,LANE CHANGE LEFT (NOT OVERTAKING),2,786720,Not at intersection,2,60,Arterial Other,SOUTH VALLEY,GEELONG,-38.19667,144.31851,2022,10,October,18,Afternoon Peak,Weekday
T20220022815,2022-10-10,16:30:00,1,Collision with vehicle,1,Monday,134,LANE CHANGE RIGHT (NOT OVERTAKING),1,728086,Not at intersection,2,100,Freeway,MONASH,MONASH,-37.933884,145.19086,2022,10,October,16,Afternoon Peak,Weekday
T20220022818,2022-10-10,19:30:00,8,No collision and no object struck,1,Monday,174,OUT OF CONTROL ON CARRIAGEWAY (ON STRAIGHT),3,727840,Not at intersection,3,50,Local Road,RANKIN,KNOX,-37.86805,145.27185,2022,10,October,19,Night,Weekday
T20220022820,2022-10-10,18:37:00,2,Struck Pedestrian,1,Monday,100,PED NEAR SIDE. PED HIT BY VEHICLE FROM THE RIGHT.,1,269946,Not at intersection,2,60,Arterial Other,BARRY,HUME,-37.664494,144.92831,2022,10,October,18,Afternoon Peak,Weekday
T20220022822,2022-10-10,17:30:00,1,Collision with vehicle,1,Monday,120,HEAD ON (NOT OVERTAKING),1,57919,T intersection,3,50,Local Road,BORG,KNOX,-37.89783,145.22177,2022,10,October,17,Afternoon Peak,Weekday
T20220022823,2022-10-10,20:09:00,1,Collision with vehicle,1,Monday,120,HEAD ON (NOT OVERTAKING),5,742806,Not at intersection,2,100,Arterial Other,TYLDEN-WOODEND,MACEDON RANGES,-37.33713,144.46367,2022,10,October,20,Night,Weekday
T20220022843,2022-10-10,14:30:00,4,Collision with a fixed object,1,Monday,171,LEFT OFF CARRIAGEWAY INTO OBJECT/PARKED VEHICLE,1,727964,Not at intersection,3,50,Local Road,LEO,BRIMBANK,-37.805496,144.76752,2022,10,October,14,Midday,Weekday
T20220023275,2022-10-10,05:30:00,3,Struck animal,1,Monday,167,STRUCK ANIMAL,3,728519,Not at intersection,3,100,Freeway,PRINCES,CARDINIA,-38.07628,145.41414,2022,10,October,5,Morning Peak,Weekday
T20220027493,2022-10-10,10:45:00,1,Collision with vehicle,1,Monday,133,LANE SIDE SWIPE (VEHICLES IN PARALLEL LANES),1,775060,Not at intersection,3,100,Freeway,PRINCES,WYNDHAM,-37.871277,144.7449,2022,10,October,10,Midday,Weekday
T20220023956,2022-10-10,09:56:00,1,Collision with vehicle,1,Monday,121,RIGHT THROUGH,1,42409,T intersection,3,60,Arterial Other,CENTRE,KINGSTON,-37.9284,145.11775,2022,10,October,9,Morning Peak,Weekday
T20220024158,2022-10-10,07:10:00,1,Collision with vehicle,1,Monday,130,REAR END(VEHICLES IN SAME LANE),1,783199,Not at intersection,3,100,Freeway,MONASH,CASEY,-38.02131,145.31294,2022,10,October,7,Morning Peak,Weekday
T20220026406,2022-10-10,13:30:00,1,Collision with vehicle,1,Monday,111,RIGHT FAR (INTERSECTIONS ONLY),9,35815,Multiple intersection,3,60,Arterial Other,MILLER STREET -TOWNSEND,BENDIGO,-36.769127,144.2921,2022,10,October,13,Midday,Weekday
T20220022862,2022-10-10,12:30:00,8,No collision and no object struck,1,Monday,170,OFF CARRIAGEWAY TO LEFT,1,732920,Not at intersection,2,100,Local Road,PARKERS,BAW BAW,-38.221813,146.04117,2022,10,October,12,Midday,Weekday
T20220023341,2022-10-10,16:50:00,1,Collision with vehicle,1,Monday,130,REAR END(VEHICLES IN SAME LANE),1,728634,Not at intersection,3,100,Freeway,MONASH,DANDENONG,-37.941154,145.19994,2022,10,October,16,Afternoon Peak,Weekday
T20220023111,2022-10-10,10:00:00,1,Collision with vehicle,1,Monday,130,REAR END(VEHICLES IN SAME LANE),1,728513,Not at intersection,3,60,Arterial Other,BURKE,STONNINGTON,-37.872086,145.04892,2022,10,October,10,Midday,Weekday
T20220022858,2022-10-10,15:00:00,1,Collision with vehicle,1,Monday,130,REAR END(VEHICLES IN SAME LANE),1,61018,Cross intersection,3,60,Arterial Highway,HERTFORD STREET -SMYTHES,BALLARAT,-37.5874,143.82599,2022,10,October,15,Afternoon Peak,Weekday
T20220023200,2022-10-10,14:50:00,1,Collision with vehicle,1,Monday,147,VEHICLE STRIKES ANOTHER VEH WHILE EMERGING FROM DRIVEWAY,1,737285,Not at intersection,2,50,Local Road,THE BOULEVARD,GEELONG,-38.09642,144.34827,2022,10,October,14,Midday,Weekday
T20220022829,2022-10-10,20:30:00,4,Collision with a fixed object,1,Monday,171,LEFT OFF CARRIAGEWAY INTO OBJECT/PARKED VEHICLE,5,736882,Not at intersection,3,80,Local Road,PATERNOSTER,CARDINIA,-37.945084,145.4707,2022,10,October,20,Night,Weekday
T20220022830,2022-10-10,22:36:00,2,Struck Pedestrian,1,Monday,102,FAR SIDE. PED HIT BY VEHICLE FROM THE LEFT,3,786728,Not at intersection,2,60,Arterial Other,CAMP,HUME,-37.68611,144.92664,2022,10,October,22,Night,Weekday
T20220023196,2022-10-10,13:05:00,1,Collision with vehicle,1,Monday,121,RIGHT THROUGH,1,282822,Cross intersection,3,60,Freeway,WARRIGAL,STONNINGTON,-37.8824,145.09036,2022,10,October,13,Midday,Weekday
T20220022767,2022-10-10,08:00:00,4,Collision with a fixed object,1,Monday,171,LEFT OFF CARRIAGEWAY INTO OBJECT/PARKED VEHICLE,9,47635,Cross intersection,3,60,Local Road,BOARDWALK,WYNDHAM,-37.879234,144.73578,2022,10,October,8,Morning Peak,Weekday
T20220024016,2022-10-10,05:00:00,1,Collision with vehicle,1,Monday,110,CROSS TRAFFIC(INTERSECTIONS ONLY),2,42460,Cross intersection,3,80,Arterial Other,WESTALL ROAD -WESTALL,DANDENONG,-37.9605,145.13658,2022,10,October,5,Morning Peak,Weekday
T20220024210,2022-10-10,06:40:00,1,Collision with vehicle,1,Monday,111,RIGHT FAR (INTERSECTIONS ONLY),2,43448,Cross intersection,3,60,Local Road,KARS,FRANKSTON,-38.150986,145.11961,2022,10,October,6,Morning Peak,Weekday
T20220022768,2022-10-10,07:44:00,1,Collision with vehicle,1,Monday,121,RIGHT THROUGH,2,786712,Not at intersection,2,60,Local Road,BLACKBURN,MANNINGHAM,-37.76212,145.16681,2022,10,October,7,Morning Peak,Weekday
T20220022825,2022-10-10,20:30:00,4,Collision with a fixed object,1,Monday,171,LEFT OFF CARRIAGEWAY INTO OBJECT/PARKED VEHICLE,2,58117,Cross intersection,3,40,Local Road,LANGTREE,MILDURA,-34.18709,142.15799,2022,10,October,20,Night,Weekday
T20220022826,2022-10-10,06:00:00,3,Struck animal,1,Monday,167,STRUCK ANIMAL,2,786717,Not at intersection,2,100,Arterial Highway,MORTLAKE-ARARAT,ARARAT,-37.338898,142.90045,2022,10,October,6,Morning Peak,Weekday
T20220022774,2022-10-10,08:55:00,2,Struck Pedestrian,1,Monday,100,PED NEAR SIDE. PED HIT BY VEHICLE FROM THE RIGHT.,1,727838,Cross intersection,2,40,Local Road,PEARCEDALE,HUME,-37.680885,144.91669,2022,10,October,8,Morning Peak,Weekday
T20220024373,2022-10-10,09:15:00,1,Collision with vehicle,1,Monday,116,LEFT NEAR (INTERSECTIONS ONLY),1,239030,T intersection,3,60,Arterial Highway,SURF COAST,GEELONG,-38.19699,144.34201,2022,10,October,9,Morning Peak,Weekday
T20220022776,2022-10-10,10:20:00,8,No collision and no object struck,1,Monday,174,OUT OF CONTROL ON CARRIAGEWAY (ON STRAIGHT),1,727839,Not at intersection,3,50,Local Road,MAGNOLIA,CASEY,-37.99408,145.23714,2022,10,October,10,Midday,Weekday
T20220022764,2022-10-10,05:51:00,1,Collision with vehicle,1,Monday,121,RIGHT THROUGH,2,38574,T intersection,2,50,Arterial Other,MCDONALD,BRIMBANK,-37.809013,144.84813,2022,10,October,5,Morning Peak,Weekday
T20220022795,2022-10-10,08:30:00,1,Collision with vehicle,1,Monday,130,REAR END(VEHICLES IN SAME LANE),1,354529,T intersection,3,70,Freeway,METROPOLITAN RING IN-HUME,MORELAND,-37.69218,144.95865,2022,10,October,8,Morning Peak,Weekday
T20220022923,2022-10-11,16:59:00,1,Collision with vehicle,2,Tuesday,110,CROSS TRAFFIC(INTERSECTIONS ONLY),1,774999,Cross intersection,3,60,Arterial Other,BARRABOOL,GEELONG,-38.16837,144.3307,2022,10,October,16,Afternoon Peak,Weekday
T20220022866,2022-10-11,11:45:00,4,Collision with a fixed object,2,Tuesday,171,LEFT OFF CARRIAGEWAY INTO OBJECT/PARKED VEHICLE,1,730353,Not at intersection,2,50,Local Road,PINDARA,FRANKSTON,-38.14762,145.1933,2022,10,October,11,Midday,Weekday
T20220022871,2022-10-11,13:05:00,1,Collision with vehicle,2,Tuesday,121,RIGHT THROUGH,1,728213,Not at intersection,2,60,Local Road,CHADSTONE,STONNINGTON,-37.88615,145.07835,2022,10,October,13,Midday,Weekday
T20220022921,2022-10-11,15:12:00,1,Collision with vehicle,2,Tuesday,130,REAR END(VEHICLES IN SAME LANE),1,727967,Not at intersection,3,60,Arterial Other,BARRABOOL,GEELONG,-38.170795,144.32555,2022,10,October,15,Afternoon Peak,Weekday
T20220022937,2022-10-11,22:23:00,6,Vehicle overturned (no collision),2,Tuesday,172,OFF CARRIAGEWAY TO RIGHT,5,770907,Not at intersection,2,100,Arterial Other,AYRESFORD,CORANGAMITE,-38.35862,142.87016,2022,10,October,22,Night,Weekday
T20220022919,2022-10-11,17:38:00,4,Collision with a fixed object,2,Tuesday,171,LEFT OFF CARRIAGEWAY INTO OBJECT/PARKED VEHICLE,1,748141,Not at intersection,2,100,Arterial Other,JOHN ALLAN,CAMPASPE,-36.294395,145.04982,2022,10,October,17,Afternoon Peak,Weekday
T20220022840,2022-10-11,08:30:00,1,Collision with vehicle,2,Tuesday,163,VEHICLE STRIKES DOOR OF PARKED/STATIONARY VEHICLE,1,228167,Not at intersection,2,40,Local Road,CHAPEL,STONNINGTON,-37.84734,144.99405,2022,10,October,8,Morning Peak,Weekday
T20220022904,2022-10-11,13:11:00,1,Collision with vehicle,2,Tuesday,130,REAR END(VEHICLES IN SAME LANE),1,728205,Cross intersection,3,60,Local Road,BUSH,WHITTLESEA,-37.65069,145.07588,2022,10,October,13,Midday,Weekday
T20220022832,2022-10-11,01:20:00,4,Collision with a fixed object,2,Tuesday,171,LEFT OFF CARRIAGEWAY INTO OBJECT/PARKED VEHICLE,3,783223,Cross intersection,3,40,Local Road,MERCER,GEELONG,-38.14439,144.35693,2022,10,October,1,Late Night,Weekday
T20220023222,2022-10-11,20:40:00,3,Struck animal,2,Tuesday,167,STRUCK ANIMAL,6,728417,Not at intersection,3,60,Local Road,FERRIS,MELTON,-37.709373,144.60129,2022,10,October,20,Night,Weekday
T20220022933,2022-10-11,21:30:00,4,Collision with a fixed object,2,Tuesday,171,LEFT OFF CARRIAGEWAY INTO OBJECT/PARKED VEHICLE,5,783235,Not at intersection,3,100,Arterial Highway,HENTY,YARRIAMBIACK,-36.360966,142.40717,2022,10,October,21,Night,Weekday
T20220022902,2022-10-11,17:07:00,1,Collision with vehicle,2,Tuesday,110,CROSS TRAFFIC(INTERSECTIONS ONLY),1,52682,Cross intersection,3,60,Arterial Highway,LONGFIELD,NORTHERN GRAMPIANS,-37.064175,142.76505,2022,10,October,17,Afternoon Peak,Weekday
T20220023501,2022-10-11,08:00:00,1,Collision with vehicle,2,Tuesday,110,CROSS TRAFFIC(INTERSECTIONS ONLY),1,53004,Cross intersection,3,60,Arterial Highway,ALBERT,BALLARAT,-37.592754,143.84113,2022,10,October,8,Morning Peak,Weekday
T20220022899,2022-10-11,17:22:00,1,Collision with vehicle,2,Tuesday,120,HEAD ON (NOT OVERTAKING),1,734285,Not at intersection,3,50,Local Road,VIEW,BRIMBANK,-37.74103,144.80455,2022,10,October,17,Afternoon Peak,Weekday
T20220022835,2022-10-11,01:30:00,4,Collision with a fixed object,2,Tuesday,179,OTHER ACCIDENTS-OFF STRAIGHT NOT INCLUDED IN DCAs 170-175,6,741787,Not at intersection,2,50,Local Road,BERESFORD,YARRA RANGES,-37.75152,145.35191,2022,10,October,1,Late Night,Weekday
T20220022898,2022-10-11,12:36:00,1,Collision with vehicle,2,Tuesday,130,REAR END(VEHICLES IN SAME LANE),1,1303,Cross intersection,3,60,Arterial Other,BARRY,HUME,-37.66725,144.95479,2022,10,October,12,Midday,Weekday
T20220024930,2022-10-11,16:35:00,4,Collision with a fixed object,2,Tuesday,141,U TURN INTO FIXED OBJECT/PARKED VEHICLE,1,733536,Not at intersection,3,40,Local Road,YOUNG,FRANKSTON,-38.147034,145.12187,2022,10,October,16,Afternoon Peak,Weekday
T20220022932,2022-10-11,21:50:00,1,Collision with vehicle,2,Tuesday,130,REAR END(VEHICLES IN SAME LANE),3,775000,Not at intersection,2,100,Freeway,WESTERN RING,BRIMBANK,-37.740097,144.84976,2022,10,October,21,Night,Weekday
T20220022846,2022-10-11,08:42:00,2,Struck Pedestrian,2,Tuesday,100,PED NEAR SIDE. PED HIT BY VEHICLE FROM THE RIGHT.,1,1019,T intersection,3,60,Arterial Highway,SOUTH GIPPSLAND,CASEY,-38.111835,145.28311,2022,10,October,8,Morning Peak,Weekday
T20220022850,2022-10-11,10:15:00,1,Collision with vehicle,2,Tuesday,134,LANE CHANGE RIGHT (NOT OVERTAKING),1,736661,Not at intersection,2,70,Arterial Highway,PRINCES,GEELONG,-38.091213,144.35672,2022,10,October,10,Midday,Weekday
T20220022852,2022-10-11,09:06:00,1,Collision with vehicle,2,Tuesday,130,REAR END(VEHICLES IN SAME LANE),1,728745,Not at intersection,3,50,Local Road,BROWNS,DANDENONG,-37.946194,145.18785,2022,10,October,9,Morning Peak,Weekday
T20220025107,2022-10-11,16:55:00,1,Collision with vehicle,2,Tuesday,130,REAR END(VEHICLES IN SAME LANE),1,775042,Not at intersection,3,100,Freeway,WESTERN RING,BRIMBANK,-37.74639,144.83916,2022,10,October,16,Afternoon Peak,Weekday
T20220022853,2022-10-11,08:40:00,1,Collision with vehicle,2,Tuesday,121,RIGHT THROUGH,1,701695,T intersection,2,80,Arterial Other,SWANSEA,YARRA RANGES,-37.80584,145.3528,2022,10,October,8,Morning Peak,Weekday
T20220022854,2022-10-11,08:18:00,1,Collision with vehicle,2,Tuesday,130,REAR END(VEHICLES IN SAME LANE),1,774998,Not at intersection,3,100,Freeway,EASTERN,BOROONDARA,-37.785988,145.05927,2022,10,October,8,Morning Peak,Weekday
T20220027305,2022-10-11,11:35:00,1,Collision with vehicle,2,Tuesday,110,CROSS TRAFFIC(INTERSECTIONS ONLY),1,46921,Cross intersection,3,50,Local Road,JACANA,HUME,-37.68872,144.92511,2022,10,October,11,Midday,Weekday
T20220022863,2022-10-11,09:19:00,1,Collision with vehicle,2,Tuesday,116,LEFT NEAR (INTERSECTIONS ONLY),1,728746,T intersection,2,50,Local Road,BROAD OAK,CASEY,-38.10647,145.30138,2022,10,October,9,Morning Peak,Weekday