ACCIDENT_NO,ACCIDENT_DATE,ACCIDENT_TIME,ACCIDENT_TYPE,ACCIDENT_TYPE_DESC,DAY_OF_WEEK,DAY_WEEK_DESC,DCA_CODE,DCA_DESC,LIGHT_CONDITION,NODE_ID,ROAD_GEOMETRY_DESC,SEVERITY,SPEED_ZONE,RMA,ROAD_NAME,LGA_NAME,LATITUDE,LONGITUDE,YEAR,MONTH,MONTH_NAME,HOUR,TIME_PERIOD,DAY_TYPE
T20220022974,2022-10-11,14:30:00,1,Collision with vehicle,2,Tuesday,110,CROSS TRAFFIC(INTERSECTIONS ONLY),1,55512,Cross intersection,3,60,Local Road,BENTONS,MORNINGTON PENINSULA,-38.246277,145.04597,2022,10,October,14,Midday,Weekday
T20220022855,2022-10-11,09:03:00,1,Collision with vehicle,2,Tuesday,137,LEFT TURN SIDESWIPE,1,38692,Cross intersection,2,50,Arterial Other,WILLIAMSTOWN,MARIBYRNONG,-37.80583,144.88481,2022,10,October,9,Morning Peak,Weekday
T20230017839,2022-10-11,12:45:00,5,collision with some other object,2,Tuesday,191,LOAD OR MISSILE STRUCK VEHICLE,1,778249,Not at intersection,3,80,Arterial Other,COOPER,WHITTLESEA,-37.648533,144.99486,2022,10,October,12,Midday,Weekday
T20220022897,2022-10-11,15:57:00,1,Collision with vehicle,2,Tuesday,130,REAR END(VEHICLES IN SAME LANE),1,733532,Not at intersection,3,50,Local Road,DEVELOPMENT,WHITTLESEA,-37.65647,145.08022,2022,10,October,15,Afternoon Peak,Weekday
T20220022894,2022-10-11,15:30:00,1,Collision with vehicle,2,Tuesday,134,LANE CHANGE RIGHT (NOT OVERTAKING),1,783225,Not at intersection,3,60,Arterial Highway,KINGS,PORT PHILLIP,-37.83154,144.96608,2022,10,October,15,Afternoon Peak,Weekday
T20220022890,2022-10-11,15:40:00,1,Collision with vehicle,2,Tuesday,110,CROSS TRAFFIC(INTERSECTIONS ONLY),1,52416,Cross intersection,3,60,Local Road,MCCULLOCH,EAST GIPPSLAND,-37.82622,147.6239,2022,10,October,15,Afternoon Peak,Weekday
T20220023106,2022-10-11,17:15:00,1,Collision with vehicle,2,Tuesday,130,REAR END(VEHICLES IN SAME LANE),1,779242,Not at intersection,3,60,Arterial Other,HULL,MAROONDAH,-37.796955,145.29152,2022,10,October,17,Afternoon Peak,Weekday
T20220022887,2022-10-11,15:02:00,1,Collision with vehicle,2,Tuesday,121,RIGHT THROUGH,1,728575,Cross intersection,2,60,Local Road,PERRY,YARRA,-37.800175,144.98724,2022,10,October,15,Afternoon Peak,Weekday
T20220022936,2022-10-11,19:17:00,4,Collision with a fixed object,2,Tuesday,181,OFF RIGHT BEND INTO OBJECT/PARKED VEHICLE,2,765791,T intersection,1,50,Local Road,GLEN TOWER,MONASH,-37.880318,145.17987,2022,10,October,19,Night,Weekday
T20220023258,2022-10-11,16:30:00,8,No collision and no object struck,2,Tuesday,184,OUT OF CONTROL ON CARRIAGEWAY (ON BEND),1,729668,Not at intersection,2,100,Arterial Highway,GREAT ALPINE,(MOUNT HOTHAM),-37.0052,147.08507,2022,10,October,16,Afternoon Peak,Weekday
T20220022965,2022-10-11,17:20:00,1,Collision with vehicle,2,Tuesday,130,REAR END(VEHICLES IN SAME LANE),1,57520,Cross intersection,3,80,Arterial Highway,DANDENONG,PORT PHILLIP,-37.860416,145.01048,2022,10,October,17,Afternoon Peak,Weekday
T20220026405,2022-10-11,17:10:00,1,Collision with vehicle,2,Tuesday,130,REAR END(VEHICLES IN SAME LANE),1,779240,Not at intersection,3,60,Arterial Highway,STUD,DANDENONG,-37.983788,145.221,2022,10,October,17,Afternoon Peak,Weekday
T20220024843,2022-10-11,13:10:00,1,Collision with vehicle,2,Tuesday,116,LEFT NEAR (INTERSECTIONS ONLY),1,737953,T intersection,3,60,Arterial Other,HASTINGS,FRANKSTON,-38.15333,145.13266,2022,10,October,13,Midday,Weekday
T20220023082,2022-10-11,14:00:00,1,Collision with vehicle,2,Tuesday,116,LEFT NEAR (INTERSECTIONS ONLY),1,774969,Cross intersection,2,50,Local Road,BARRY,MORELAND,-37.77133,144.953,2022,10,October,14,Midday,Weekday
T20220022844,2022-10-11,07:04:00,5,collision with some other object,2,Tuesday,165,TEMPORARY ROADWORKS,1,77505,Not at intersection,3,40,Arterial Other,VINEYARD,HUME,-37.59991,144.71327,2022,10,October,7,Morning Peak,Weekday
T20220022876,2022-10-11,07:15:00,4,Collision with a fixed object,2,Tuesday,171,LEFT OFF CARRIAGEWAY INTO OBJECT/PARKED VEHICLE,1,736662,T intersection,3,100,Arterial Other,EPPING,WHITTLESEA,-37.57631,145.03287,2022,10,October,7,Morning Peak,Weekday
T20220022875,2022-10-11,12:00:00,1,Collision with vehicle,2,Tuesday,146,REVERSING INTO FIXED OBJECT/PARKED VEHICLE,1,731154,Not at intersection,3,50,Local Road,WILLIAMS,LATROBE,-38.314434,146.41609,2022,10,October,12,Midday,Weekday
T20220022929,2022-10-11,16:30:00,1,Collision with vehicle,2,Tuesday,120,HEAD ON (NOT OVERTAKING),1,752156,Not at intersection,1,100,Local Road,DOWNIES,LATROBE,-38.2966,146.52612,2022,10,October,16,Afternoon Peak,Weekday
T20220022991,2022-10-11,19:23:00,1,Collision with vehicle,2,Tuesday,137,LEFT TURN SIDESWIPE,2,56427,T intersection,2,50,Local Road,MADELINE,BOROONDARA,-37.85668,145.08337,2022,10,October,19,Night,Weekday
T20220022838,2022-10-11,05:50:00,1,Collision with vehicle,2,Tuesday,148,VEHICLE OFF FOOTPATH STRIKES VEH ON CARRIAGEWAY,1,38293,Cross intersection,2,60,Arterial Other,DALTON,WHITTLESEA,-37.682026,145.02957,2022,10,October,5,Morning Peak,Weekday
T20220022874,2022-10-11,07:52:00,1,Collision with vehicle,2,Tuesday,130,REAR END(VEHICLES IN SAME LANE),2,786729,Not at intersection,2,100,Freeway,MORNINGTON PENINSULA,KINGSTON,-38.069584,145.15015,2022,10,October,7,Morning Peak,Weekday
T20220022924,2022-10-11,18:39:00,4,Collision with a fixed object,2,Tuesday,181,OFF RIGHT BEND INTO OBJECT/PARKED VEHICLE,1,728088,Not at intersection,3,100,Arterial Other,DUNACH-EDDINGTON,CENTRAL GOLDFIELDS,-37.145824,143.7625,2022,10,October,18,Afternoon Peak,Weekday
T20220022946,2022-10-12,07:30:00,1,Collision with vehicle,3,Wednesday,110,CROSS TRAFFIC(INTERSECTIONS ONLY),2,287450,Cross intersection,2,50,Local Road,DENHAM,BOROONDARA,-37.819347,145.02231,2022,10,October,7,Morning Peak,Weekday
T20220022948,2022-10-12,06:54:00,1,Collision with vehicle,3,Wednesday,111,RIGHT FAR (INTERSECTIONS ONLY),2,29540,Cross intersection,2,60,Arterial Other,EARL,BOROONDARA,-37.7953,145.03629,2022,10,October,6,Morning Peak,Weekday
T20220022982,2022-10-12,11:22:00,6,Vehicle overturned (no collision),3,Wednesday,184,OUT OF CONTROL ON CARRIAGEWAY (ON BEND),1,731717,Not at intersection,2,100,Arterial Highway,PRINCES,EAST GIPPSLAND,-37.55442,149.35837,2022,10,October,11,Midday,Weekday
T20220022984,2022-10-12,15:35:00,1,Collision with vehicle,3,Wednesday,148,VEHICLE OFF FOOTPATH STRIKES VEH ON CARRIAGEWAY,1,243555,Not at intersection,2,40,Arterial Other,MURRUMBEENA,GLEN EIRA,-37.88983,145.0665,2022,10,October,15,Afternoon Peak,Weekday
T20220022987,2022-10-12,15:30:00,1,Collision with vehicle,3,Wednesday,121,RIGHT THROUGH,1,12428,Multiple intersection,3,80,Freeway,KEILOR PARK,BRIMBANK,-37.737373,144.85019,2022,10,October,15,Afternoon Peak,Weekday
T20220022990,2022-10-12,15:23:00,2,Struck Pedestrian,3,Wednesday,102,FAR SIDE. PED HIT BY VEHICLE FROM THE LEFT,1,732109,T intersection,2,60,Arterial Other,BALWYN,BOROONDARA,-37.79824,145.08417,2022,10,October,15,Afternoon Peak,Weekday
T20220022992,2022-10-12,16:10:00,5,collision with some other object,3,Wednesday,166,STRUCK OBJECT ON CARRIAGEWAY,1,728214,Not at intersection,2,60,Local Road,MONT ALBERT,BOROONDARA,-37.81924,145.08806,2022,10,October,16,Afternoon Peak,Weekday
T20220022993,2022-10-12,13:42:00,1,Collision with vehicle,3,Wednesday,120,HEAD ON (NOT OVERTAKING),1,742619,Not at intersection,1,60,Arterial Highway,THORPDALE,SOUTH GIPPSLAND,-38.40051,146.16162,2022,10,October,13,Midday,Weekday
T20220022994,2022-10-12,16:50:00,1,Collision with vehicle,3,Wednesday,130,REAR END(VEHICLES IN SAME LANE),1,779246,Not at intersection,3,60,Local Road,HIGH,WODONGA,-36.112446,146.89345,2022,10,October,16,Afternoon Peak,Weekday
T20220022950,2022-10-12,07:58:00,1,Collision with vehicle,3,Wednesday,130,REAR END(VEHICLES IN SAME LANE),1,43936,T intersection,3,60,Arterial Other,SPRING,DAREBIN,-37.733276,145.00002,2022,10,October,7,Morning Peak,Weekday
T20220024766,2022-10-12,20:15:00,1,Collision with vehicle,3,Wednesday,121,RIGHT THROUGH,3,337396,Cross intersection,3,70,Arterial Other,KINGS,BRIMBANK,-37.689663,144.78438,2022,10,October,20,Night,Weekday
T20220022995,2022-10-12,15:55:00,1,Collision with vehicle,3,Wednesday,113,RIGHT NEAR (INTERSECTIONS ONLY),1,38153,Cross intersection,3,60,Arterial Other,WATERDALE,BANYULE,-37.74639,145.04703,2022,10,October,15,Afternoon Peak,Weekday
T20220022957,2022-10-12,09:43:00,1,Collision with vehicle,3,Wednesday,121,RIGHT THROUGH,1,780255,Cross intersection,3,60,Local Road,MAHONEYS,WARRNAMBOOL,-38.38481,142.533,2022,10,October,9,Morning Peak,Weekday
T20220022959,2022-10-12,11:35:00,2,Struck Pedestrian,3,Wednesday,100,PED NEAR SIDE. PED HIT BY VEHICLE FROM THE RIGHT.,1,42815,Cross intersection,3,80,Arterial Highway,NEPEAN,KINGSTON,-37.990707,145.08134,2022,10,October,11,Midday,Weekday
T20220022960,2022-10-12,10:15:00,1,Collision with vehicle,3,Wednesday,110,CROSS TRAFFIC(INTERSECTIONS ONLY),1,36700,Cross intersection,3,50,Local Road,CHARLES,YARRA,-37.80748,144.99493,2022,10,October,10,Midday,Weekday
T20220023126,2022-10-12,11:30:00,1,Collision with vehicle,3,Wednesday,130,REAR END(VEHICLES IN SAME LANE),1,741921,Cross intersection,3,60,Local Road,BERNARD,KINGSTON,-37.954334,145.07307,2022,10,October,11,Midday,Weekday
T20220022996,2022-10-12,16:45:00,4,Collision with a fixed object,3,Wednesday,171,LEFT OFF CARRIAGEWAY INTO OBJECT/PARKED VEHICLE,1,248719,Cross intersection,3,60,Arterial Highway,PLENTY,BANYULE,-37.697884,145.05907,2022,10,October,16,Afternoon Peak,Weekday
T20220022983,2022-10-12,10:13:00,2,Struck Pedestrian,3,Wednesday,103,PED PLAYING/LYING/WORKING/STANDING ON CARRIAGEWAY.,1,731248,Not at intersection,1,50,Local Road,PARKER,MARIBYRNONG,-37.807316,144.904,2022,10,October,10,Midday,Weekday
T20220025408,2022-10-12,07:00:00,1,Collision with vehicle,3,Wednesday,132,RIGHT REAR.,1,38956,T intersection,3,60,Arterial Other,BARKERS,BOROONDARA,-37.815308,145.04202,2022,10,October,7,Morning Peak,Weekday
T20220022998,2022-10-12,14:23:00,1,Collision with vehicle,3,Wednesday,130,REAR END(VEHICLES IN SAME LANE),1,728206,Not at intersection,3,100,Freeway,METROPOLITAN RING,WHITTLESEA,-37.68968,144.98218,2022,10,October,14,Midday,Weekday
T20220023000,2022-10-12,10:20:00,1,Collision with vehicle,3,Wednesday,130,REAR END(VEHICLES IN SAME LANE),1,728094,Not at intersection,3,60,Arterial Other,HEATHS,WYNDHAM,-37.8771,144.67932,2022,10,October,10,Midday,Weekday
T20220023002,2022-10-12,17:20:00,4,Collision with a fixed object,3,Wednesday,171,LEFT OFF CARRIAGEWAY INTO OBJECT/PARKED VEHICLE,1,783333,Not at intersection,3,60,Arterial Highway,NAPIER,BENDIGO,-36.731125,144.30513,2022,10,October,17,Afternoon Peak,Weekday
T20220023003,2022-10-12,17:05:00,1,Collision with vehicle,3,Wednesday,151,OUT OF CONTROL (OVERTAKING),2,786759,Not at intersection,2,40,Arterial Other,MALVERN,STONNINGTON,-37.85337,145.04335,2022,10,October,17,Afternoon Peak,Weekday
T20220023004,2022-10-12,18:28:00,4,Collision with a fixed object,3,Wednesday,171,LEFT OFF CARRIAGEWAY INTO OBJECT/PARKED VEHICLE,2,31959,T intersection,2,60,Arterial Other,MIDDLEBOROUGH,WHITEHORSE,-37.8432,145.13397,2022,10,October,18,Afternoon Peak,Weekday
T20220023011,2022-10-12,15:45:00,6,Vehicle overturned (no collision),3,Wednesday,180,OFF CARRIAGEWAY ON RIGHT BEND,1,742912,Not at intersection,2,100,Arterial Other,MARYBOROUGH-ST ARNAUD,CENTRAL GOLDFIELDS,-37.025383,143.68134,2022,10,October,15,Afternoon Peak,Weekday
T20220023013,2022-10-12,20:00:00,4,Collision with a fixed object,3,Wednesday,173,RIGHT OFF CARRIAGEWAY INTO OBJECT/PARKED VEHICLE,3,783336,Not at intersection,3,50,Local Road,LONGVIEW,GEELONG,-38.18689,144.47133,2022,10,October,20,Night,Weekday
T20220023014,2022-10-12,14:29:00,1,Collision with vehicle,3,Wednesday,121,RIGHT THROUGH,1,43108,T intersection,3,80,Arterial Highway,SOUTH GIPPSLAND,DANDENONG,-38.00448,145.22725,2022,10,October,14,Midday,Weekday
T20220023015,2022-10-12,17:29:00,4,Collision with a fixed object,3,Wednesday,171,LEFT OFF CARRIAGEWAY INTO OBJECT/PARKED VEHICLE,1,731114,Not at intersection,3,60,Local Road,BROWNS,DANDENONG,-37.94977,145.18683,2022,10,October,17,Afternoon Peak,Weekday
T20220023017,2022-10-12,21:15:00,1,Collision with vehicle,3,Wednesday,121,RIGHT THROUGH,3,36350,Cross intersection,2,50,Local Road,DRUMMOND,MELBOURNE,-37.8009,144.96841,2022,10,October,21,Night,Weekday
T20220022967,2022-10-12,11:45:00,1,Collision with vehicle,3,Wednesday,110,CROSS TRAFFIC(INTERSECTIONS ONLY),1,293051,Cross intersection,2,80,Arterial Highway,GREENSBOROUGH,NILLUMBIK,-37.689198,145.11288,2022,10,October,11,Midday,Weekday
T20220022969,2022-10-12,11:23:00,1,Collision with vehicle,3,Wednesday,113,RIGHT NEAR (INTERSECTIONS ONLY),1,243678,T intersection,3,60,Arterial Other,BAY,KINGSTON,-37.95716,145.04941,2022,10,October,11,Midday,Weekday
T20220022981,2022-10-12,10:37:00,1,Collision with vehicle,3,Wednesday,113,RIGHT NEAR (INTERSECTIONS ONLY),1,36146,Cross intersection,3,60,Arterial Other,MARIBYRNONG,MOONEE VALLEY,-37.7721,144.91957,2022,10,October,10,Midday,Weekday
T20220024434,2022-10-12,17:06:00,1,Collision with vehicle,3,Wednesday,113,RIGHT NEAR (INTERSECTIONS ONLY),1,277995,T intersection,3,60,Arterial Highway,TALLAROOK,MITCHELL,-37.019493,145.12904,2022,10,October,17,Afternoon Peak,Weekday
T20220025355,2022-10-12,14:11:00,1,Collision with vehicle,3,Wednesday,121,RIGHT THROUGH,1,737543,T intersection,3,60,Local Road,HANSWORTH,MONASH,-37.93597,145.18771,2022,10,October,14,Midday,Weekday
T20220023029,2022-10-12,10:40:00,4,Collision with a fixed object,3,Wednesday,181,OFF RIGHT BEND INTO OBJECT/PARKED VEHICLE,1,774965,Not at intersection,3,100,Local Road,JUBILEE,WANGARATTA,-36.328365,146.22357,2022,10,October,10,Midday,Weekday
T20220027361,2022-10-12,21:35:00,1,Collision with vehicle,3,Wednesday,130,REAR END(VEHICLES IN SAME LANE),3,37279,T intersection,3,60,Arterial Other,VICTORIA,YARRA,-37.811047,145.00548,2022,10,October,21,Night,Weekday
T20220025152,2022-10-12,11:30:00,1,Collision with vehicle,3,Wednesday,135,LANE CHANGE LEFT (NOT OVERTAKING),1,783334,Not at intersection,3,100,Freeway,PRINCES IN-BEACH,GEELONG,-38.016167,144.46129,2022,10,October,11,Midday,Weekday
T20220022942,2022-10-12,02:10:00,1,Collision with vehicle,3,Wednesday,130,REAR END(VEHICLES IN SAME LANE),3,38678,Cross intersection,2,60,Arterial Other,BALLARAT,MARIBYRNONG,-37.788597,144.88309,2022,10,October,2,Late Night,Weekday
T20220024802,2022-10-12,17:35:00,1,Collision with vehicle,3,Wednesday,130,REAR END(VEHICLES IN SAME LANE),1,781527,Not at intersection,3,80,Arterial Highway,MIDLAND,BENALLA,-36.52768,145.97765,2022,10,October,17,Afternoon Peak,Weekday
T20220023057,2022-10-12,12:30:00,1,Collision with vehicle,3,Wednesday,110,CROSS TRAFFIC(INTERSECTIONS ONLY),1,40239,Cross intersection,3,60,Local Road,ALBANY,STONNINGTON,-37.845352,145.02243,2022,10,October,12,Midday,Weekday
T20220023417,2022-10-12,09:22:00,1,Collision with vehicle,3,Wednesday,113,RIGHT NEAR (INTERSECTIONS ONLY),1,42874,T intersection,3,80,Arterial Highway,SPRINGVALE,DANDENONG,-37.971027,145.14848,2022,10,October,9,Morning Peak,Weekday
T20220026909,2022-10-12,17:50:00,1,Collision with vehicle,3,Wednesday,121,RIGHT THROUGH,2,995,Cross intersection,3,60,Local Road,EVANS,HUME,-37.582016,144.72768,2022,10,October,17,Afternoon Peak,Weekday
T20220025733,2022-10-12,09:00:00,1,Collision with vehicle,3,Wednesday,130,REAR END(VEHICLES IN SAME LANE),1,773177,T intersection,3,60,Local Road,TAYLORS,MELTON,-37.71718,144.66351,2022,10,October,9,Morning Peak,Weekday
T20220024689,2022-10-12,11:45:00,1,Collision with vehicle,3,Wednesday,130,REAR END(VEHICLES IN SAME LANE),1,758663,Not at intersection,3,60,Arterial Highway,ALEXANDRA,YARRA,-37.794052,144.98488,2022,10,October,11,Midday,Weekday
T20220026159,2022-10-12,13:43:00,1,Collision with vehicle,3,Wednesday,130,REAR END(VEHICLES IN SAME LANE),1,736290,Not at intersection,3,80,Arterial Other,BALLARTO,CASEY,-38.13645,145.34816,2022,10,October,13,Midday,Weekday
T20220023086,2022-10-13,01:30:00,1,Collision with vehicle,4,Thursday,160,VEHICLE COLLIDES WITH VEHICLE PARKED ON LEFT OF ROAD,3,783519,T intersection,3,60,Arterial Other,SOMERVILLE,MARIBYRNONG,-37.809998,144.85863,2022,10,October,1,Late Night,Weekday
T20220023051,2022-10-13,12:50:00,8,No collision and no object struck,4,Thursday,184,OUT OF CONTROL ON CARRIAGEWAY (ON BEND),1,1285,T intersection,3,50,Arterial Other,GORDON,MARIBYRNONG,-37.776314,144.89128,2022,10,October,12,Midday,Weekday
T20220023265,2022-10-13,11:20:00,1,Collision with vehicle,4,Thursday,130,REAR END(VEHICLES IN SAME LANE),1,775003,T intersection,3,60,Arterial Other,VICTORIA,YARRA,-37.807957,144.97542,2022,10,October,11,Midday,Weekday
T20220023072,2022-10-13,18:10:00,8,No collision and no object struck,4,Thursday,184,OUT OF CONTROL ON CARRIAGEWAY (ON BEND),2,783367,Not at intersection,3,100,Local Road,SKYLINE,MURRINDINDI,-37.222225,145.88068,2022,10,October,18,Afternoon Peak,Weekday
T20220025988,2022-10-13,08:00:00,1,Collision with vehicle,4,Thursday,134,LANE CHANGE RIGHT (NOT OVERTAKING),1,783351,Not at intersection,3,60,Arterial Other,ST KILDA,MELBOURNE,-37.84052,144.97711,2022,10,October,8,Morning Peak,Weekday
T20220023286,2022-10-13,06:20:00,1,Collision with vehicle,4,Thursday,119,OTHER ADJACENT (INTERSECTIONS ONLY),1,734093,Cross intersection,3,40,Local Road,BOUVERIE,MELBOURNE,-37.804302,144.9618,2022,10,October,6,Morning Peak,Weekday
T20220025855,2022-10-13,14:24:00,4,Collision with a fixed object,4,Thursday,171,LEFT OFF CARRIAGEWAY INTO OBJECT/PARKED VEHICLE,1,738392,Not at intersection,3,60,Arterial Other,BELGRAVE-GEMBROOK,YARRA RANGES,-37.91293,145.3683,2022,10,October,14,Midday,Weekday
T20220023071,2022-10-13,06:00:00,5,collision with some other object,4,Thursday,166,STRUCK OBJECT ON CARRIAGEWAY,5,774968,Not at intersection,3,50,Arterial Highway,GOULBURN VALLEY,MURRINDINDI,-37.20607,145.38441,2022,10,October,6,Morning Peak,Weekday
T20220023089,2022-10-13,16:20:00,1,Collision with vehicle,4,Thursday,110,CROSS TRAFFIC(INTERSECTIONS ONLY),1,51477,Cross intersection,2,50,Arterial Highway,HAMMILL,BULOKE,-36.369114,142.9809,2022,10,October,16,Afternoon Peak,Weekday
T20220023210,2022-10-13,14:50:00,2,Struck Pedestrian,4,Thursday,100,PED NEAR SIDE. PED HIT BY VEHICLE FROM THE RIGHT.,1,783366,T intersection,3,50,Local Road,HOWELL,WHITTLESEA,-37.671154,145.01553,2022,10,October,14,Midday,Weekday
T20220023044,2022-10-13,06:30:00,1,Collision with vehicle,4,Thursday,120,HEAD ON (NOT OVERTAKING),2,728319,Not at intersection,3,50,Arterial Other,HUNTINGDALE,MONASH,-37.912025,145.10178,2022,10,October,6,Morning Peak,Weekday
T20220023039,2022-10-13,09:02:00,1,Collision with vehicle,4,Thursday,130,REAR END(VEHICLES IN SAME LANE),1,728208,Not at intersection,3,60,Arterial Other,BURKE,BOROONDARA,-37.834003,145.0562,2022,10,October,9,Morning Peak,Weekday
T20220023327,2022-10-13,10:56:00,4,Collision with a fixed object,4,Thursday,171,LEFT OFF CARRIAGEWAY INTO OBJECT/PARKED VEHICLE,1,783352,Not at intersection,3,100,Arterial Highway,PRINCES,WELLINGTON,-38.099895,146.98946,2022,10,October,10,Midday,Weekday
T20220023064,2022-10-13,15:20:00,1,Collision with vehicle,4,Thursday,121,RIGHT THROUGH,1,47528,T intersection,3,80,Arterial Other,THOMPSONS,CASEY,-38.08165,145.27162,2022,10,October,15,Afternoon Peak,Weekday
T20220023034,2022-10-13,05:37:00,1,Collision with vehicle,4,Thursday,130,REAR END(VEHICLES IN SAME LANE),3,779261,Not at intersection,3,70,Arterial Other,BALLARTO,FRANKSTON,-38.116802,145.19101,2022,10,October,5,Morning Peak,Weekday
T20220023036,2022-10-13,07:50:00,1,Collision with vehicle,4,Thursday,130,REAR END(VEHICLES IN SAME LANE),2,728207,Not at intersection,2,70,Arterial Highway,LATROBE,GEELONG,-38.14793,144.35252,2022,10,October,7,Morning Peak,Weekday
T20220023459,2022-10-13,08:05:00,1,Collision with vehicle,4,Thursday,130,REAR END(VEHICLES IN SAME LANE),1,730460,Not at intersection,3,80,Arterial Other,BERWICK-CRANBOURNE,CASEY,-38.088356,145.33307,2022,10,October,8,Morning Peak,Weekday
T20220023171,2022-10-13,22:55:00,1,Collision with vehicle,4,Thursday,110,CROSS TRAFFIC(INTERSECTIONS ONLY),3,332537,Cross intersection,2,70,Arterial Highway,KINGSBURY,DAREBIN,-37.71695,145.04283,2022,10,October,22,Night,Weekday
T20220023141,2022-10-13,21:15:00,1,Collision with vehicle,4,Thursday,140,U TURN,3,354848,T intersection,3,60,Local Road,FLINDERS,MELTON,-37.711117,144.75183,2022,10,October,21,Night,Weekday
T20220023038,2022-10-13,08:54:00,1,Collision with vehicle,4,Thursday,160,VEHICLE COLLIDES WITH VEHICLE PARKED ON LEFT OF ROAD,1,780317,Not at intersection,3,60,Arterial Highway,GEELONG,SURF COAST,-38.328266,144.31732,2022,10,October,8,Morning Peak,Weekday
T20220023032,2022-10-13,05:55:00,1,Collision with vehicle,4,Thursday,113,RIGHT NEAR (INTERSECTIONS ONLY),3,589978,Cross intersection,3,80,Arterial Highway,PROGRESS,DANDENONG,-38.0019,145.23676,2022,10,October,5,Morning Peak,Weekday
T20220023364,2022-10-13,17:05:00,1,Collision with vehicle,4,Thursday,121,RIGHT THROUGH,1,53620,Cross intersection,3,50,Local Road,HARVEST HOME,WHITTLESEA,-37.62132,145.01184,2022,10,October,17,Afternoon Peak,Weekday
T20220025620,2022-10-13,20:30:00,1,Collision with vehicle,4,Thursday,122,LEFT THROUGH,3,36230,Cross intersection,3,40,Arterial Other,ELIZABETH,MELBOURNE,-37.806293,144.9595,2022,10,October,20,Night,Weekday
T20220023076,2022-10-13,17:13:00,1,Collision with vehicle,4,Thursday,110,CROSS TRAFFIC(INTERSECTIONS ONLY),1,730673,Cross intersection,3,60,Local Road,URQUHART,BALLARAT,-37.56694,143.84483,2022,10,October,17,Afternoon Peak,Weekday
T20220023208,2022-10-13,05:40:00,1,Collision with vehicle,4,Thursday,130,REAR END(VEHICLES IN SAME LANE),2,737341,Not at intersection,3,100,Freeway,PRINCES,HOBSONS BAY,-37.852505,144.77922,2022,10,October,5,Morning Peak,Weekday
T20220026693,2022-10-13,15:30:00,1,Collision with vehicle,4,Thursday,130,REAR END(VEHICLES IN SAME LANE),1,355219,Cross intersection,3,80,Arterial Highway,SPRINGVALE,WHITEHORSE,-37.834854,145.17271,2022,10,October,15,Afternoon Peak,Weekday
T20220023025,2022-10-13,00:15:00,4,Collision with a fixed object,4,Thursday,171,LEFT OFF CARRIAGEWAY INTO OBJECT/PARKED VEHICLE,3,728782,Not at intersection,2,50,Local Road,FITZROY,MOORABOOL,-37.658367,144.44244,2022,10,October,0,Late Night,Weekday
T20230008638,2022-10-13,15:40:00,1,Collision with vehicle,4,Thursday,130,REAR END(VEHICLES IN SAME LANE),1,778445,Not at intersection,3,60,Local Road,EYRE,BALLARAT,-37.564983,143.84625,2022,10,October,15,Afternoon Peak,Weekday
T20220023055,2022-10-13,12:15:00,4,Collision with a fixed object,4,Thursday,171,LEFT OFF CARRIAGEWAY INTO OBJECT/PARKED VEHICLE,1,300017,T intersection,3,60,Arterial Other,POINT COOK,WYNDHAM,-37.90987,144.75183,2022,10,October,12,Midday,Weekday
T20220023198,2022-10-13,18:45:00,1,Collision with vehicle,4,Thursday,130,REAR END(VEHICLES IN SAME LANE),3,736885,Not at intersection,3,80,Arterial Highway,PRINCES,CASEY,-38.006207,145.27322,2022,10,October,18,Afternoon Peak,Weekday
T20220023716,2022-10-13,11:32:00,1,Collision with vehicle,4,Thursday,132,RIGHT REAR.,1,730452,Not at intersection,3,80,Arterial Highway,BURWOOD,KNOX,-37.87301,145.24808,2022,10,October,11,Midday,Weekday
T20220025982,2022-10-13,20:35:00,1,Collision with vehicle,4,Thursday,121,RIGHT THROUGH,3,309722,T intersection,2,80,Arterial Other,MICKLEHAM,HUME,-37.614525,144.88583,2022,10,October,20,Night,Weekday
T20220026534,2022-10-13,11:30:00,1,Collision with vehicle,4,Thursday,113,RIGHT NEAR (INTERSECTIONS ONLY),1,783348,T intersection,3,100,Local Road,BASSETT,MOUNT ALEXANDER,-37.095596,144.12596,2022,10,October,11,Midday,Weekday
T20220023083,2022-10-13,22:01:00,1,Collision with vehicle,4,Thursday,110,CROSS TRAFFIC(INTERSECTIONS ONLY),3,41661,Cross intersection,2,50,Local Road,HILTON,MORELAND,-37.701305,144.93324,2022,10,October,22,Night,Weekday
T20220023084,2022-10-13,20:36:00,2,Struck Pedestrian,4,Thursday,102,FAR SIDE. PED HIT BY VEHICLE FROM THE LEFT,3,783364,Cross intersection,3,50,Arterial Other,SWAN,YARRA,-37.825684,144.99791,2022,10,October,20,Night,Weekday
T20220028000,2022-10-13,06:45:00,1,Collision with vehicle,4,Thursday,130,REAR END(VEHICLES IN SAME LANE),2,786765,Cross intersection,3,70,Arterial Other,MITCHAM,MANNINGHAM,-37.79692,145.17958,2022,10,October,6,Morning Peak,Weekday