ACCIDENT_NO,ACCIDENT_DATE,ACCIDENT_TIME,ACCIDENT_TYPE,ACCIDENT_TYPE_DESC,DAY_OF_WEEK,DAY_WEEK_DESC,DCA_CODE,DCA_DESC,LIGHT_CONDITION,NODE_ID,ROAD_GEOMETRY_DESC,SEVERITY,SPEED_ZONE,RMA,ROAD_NAME,LGA_NAME,LATITUDE,LONGITUDE,YEAR,MONTH,MONTH_NAME,HOUR,TIME_PERIOD,DAY_TYPE
T20220023059,2022-10-13,13:06:00,1,Collision with vehicle,4,Thursday,140,U TURN,1,728414,Not at intersection,2,50,Arterial Other,WHEATSHEAF,MORELAND,-37.706455,144.91939,2022,10,October,13,Midday,Weekday
T20220023052,2022-10-13,09:25:00,4,Collision with a fixed object,4,Thursday,173,RIGHT OFF CARRIAGEWAY INTO OBJECT/PARKED VEHICLE,1,734286,Not at intersection,2,100,Local Road,DIGNEYS BRIDGE,CORANGAMITE,-38.417473,143.04703,2022,10,October,9,Morning Peak,Weekday
T20220023058,2022-10-13,14:32:00,1,Collision with vehicle,4,Thursday,113,RIGHT NEAR (INTERSECTIONS ONLY),1,37803,Cross intersection,3,60,Arterial Other,NICHOLSON,MORELAND,-37.751534,144.97655,2022,10,October,14,Midday,Weekday
T20220024466,2022-10-13,12:45:00,5,collision with some other object,4,Thursday,166,STRUCK OBJECT ON CARRIAGEWAY,1,732465,Not at intersection,3,80,Arterial Highway,PYRENEES,MOUNT ALEXANDER,-37.096527,144.2905,2022,10,October,12,Midday,Weekday
T20220023168,2022-10-14,19:15:00,1,Collision with vehicle,5,Friday,113,RIGHT NEAR (INTERSECTIONS ONLY),2,783368,T intersection,3,60,Arterial Other,HIGH,DAREBIN,-37.713085,145.00821,2022,10,October,19,Night,Weekday
T20220023161,2022-10-14,18:04:00,2,Struck Pedestrian,5,Friday,106,VEH STRIKES PED ON FOOTPATH/MEDIAN/TRAFFIC ISLAND.,1,728415,T intersection,3,60,Local Road,TANDERRUM,HUME,-37.682346,144.91931,2022,10,October,18,Afternoon Peak,Weekday
T20220023390,2022-10-14,17:15:00,4,Collision with a fixed object,5,Friday,173,RIGHT OFF CARRIAGEWAY INTO OBJECT/PARKED VEHICLE,1,308808,T intersection,3,80,Arterial Other,PLENTY,WHITTLESEA,-37.67417,145.07051,2022,10,October,17,Afternoon Peak,Weekday
T20220023337,2022-10-14,12:20:00,2,Struck Pedestrian,5,Friday,101,PED EMERGES FROM IN FRONT OF PARKED OR STATIONARY VEHICLE,1,48310,Cross intersection,3,60,Local Road,BEDFORD,MAROONDAH,-37.81576,145.2306,2022,10,October,12,Midday,Weekday
T20220023160,2022-10-14,16:29:00,1,Collision with vehicle,5,Friday,113,RIGHT NEAR (INTERSECTIONS ONLY),1,36797,T intersection,3,60,Arterial Other,SOMERTON,HUME,-37.63586,144.889,2022,10,October,16,Afternoon Peak,Weekday
T20220023156,2022-10-14,18:34:00,1,Collision with vehicle,5,Friday,110,CROSS TRAFFIC(INTERSECTIONS ONLY),2,29380,Cross intersection,3,50,Local Road,ARDEN,MELBOURNE,-37.80114,144.95146,2022,10,October,18,Afternoon Peak,Weekday
T20220023260,2022-10-14,13:40:00,1,Collision with vehicle,5,Friday,130,REAR END(VEHICLES IN SAME LANE),1,728633,Not at intersection,2,80,Arterial Highway,DANDENONG VALLEY,KNOX,-37.926792,145.23338,2022,10,October,13,Midday,Weekday
T20220023094,2022-10-14,07:02:00,1,Collision with vehicle,5,Friday,121,RIGHT THROUGH,1,786127,T intersection,2,80,Arterial Other,WESTALL,DANDENONG,-37.96535,145.13484,2022,10,October,7,Morning Peak,Weekday
T20220023095,2022-10-14,07:25:00,1,Collision with vehicle,5,Friday,111,RIGHT FAR (INTERSECTIONS ONLY),1,37908,Cross intersection,3,40,Local Road,HIGH,DAREBIN,-37.77911,144.99704,2022,10,October,7,Morning Peak,Weekday
T20220023099,2022-10-14,07:25:00,1,Collision with vehicle,5,Friday,130,REAR END(VEHICLES IN SAME LANE),1,728320,Not at intersection,3,60,Local Road,WOODLANDS,KINGSTON,-37.992783,145.11827,2022,10,October,7,Morning Peak,Weekday
T20220023100,2022-10-14,08:45:00,2,Struck Pedestrian,5,Friday,100,PED NEAR SIDE. PED HIT BY VEHICLE FROM THE RIGHT.,1,783378,Not at intersection,3,50,Local Road,TALBOT,BAYSIDE,-37.934566,145.0002,2022,10,October,8,Morning Peak,Weekday
T20220023102,2022-10-14,09:00:00,1,Collision with vehicle,5,Friday,130,REAR END(VEHICLES IN SAME LANE),1,774970,Not at intersection,3,100,Arterial Highway,BASS,BASS COAST,-38.430557,145.50244,2022,10,October,9,Morning Peak,Weekday
T20220023103,2022-10-14,09:10:00,1,Collision with vehicle,5,Friday,121,RIGHT THROUGH,1,278496,T intersection,2,70,Local Road,ENTERPRISE,WHITTLESEA,-37.684563,145.06863,2022,10,October,9,Morning Peak,Weekday
T20220023107,2022-10-14,09:43:00,1,Collision with vehicle,5,Friday,110,CROSS TRAFFIC(INTERSECTIONS ONLY),1,46874,Cross intersection,2,50,Local Road,LINKS,BRIMBANK,-37.786263,144.80832,2022,10,October,9,Morning Peak,Weekday
T20220023150,2022-10-14,16:31:00,1,Collision with vehicle,5,Friday,130,REAR END(VEHICLES IN SAME LANE),1,775001,Not at intersection,3,70,Arterial Highway,MAROONDAH,YARRA RANGES,-37.726498,145.37822,2022,10,October,16,Afternoon Peak,Weekday
T20220023125,2022-10-14,13:05:00,1,Collision with vehicle,5,Friday,130,REAR END(VEHICLES IN SAME LANE),1,728515,Not at intersection,3,80,Arterial Highway,DANDENONG,MONASH,-37.8936,145.09218,2022,10,October,13,Midday,Weekday
T20220023149,2022-10-14,15:36:00,1,Collision with vehicle,5,Friday,130,REAR END(VEHICLES IN SAME LANE),1,728820,Not at intersection,2,80,Arterial Highway,DANDENONG,STONNINGTON,-37.884357,145.0613,2022,10,October,15,Afternoon Peak,Weekday
T20220023124,2022-10-14,11:20:00,4,Collision with a fixed object,5,Friday,181,OFF RIGHT BEND INTO OBJECT/PARKED VEHICLE,1,72736,T intersection,2,80,Local Road,BILL SCHULTZ,LATROBE,-38.198006,146.31284,2022,10,October,11,Midday,Weekday
T20220023123,2022-10-14,08:40:00,1,Collision with vehicle,5,Friday,135,LANE CHANGE LEFT (NOT OVERTAKING),1,728321,Y intersection,2,50,Local Road,LINLITHGOW,MELBOURNE,-37.822918,144.97142,2022,10,October,8,Morning Peak,Weekday
T20220023147,2022-10-14,16:25:00,1,Collision with vehicle,5,Friday,130,REAR END(VEHICLES IN SAME LANE),1,728463,Not at intersection,2,100,Freeway,WESTERN RING,BRIMBANK,-37.80083,144.79973,2022,10,October,16,Afternoon Peak,Weekday
T20220023122,2022-10-14,13:11:00,2,Struck Pedestrian,5,Friday,100,PED NEAR SIDE. PED HIT BY VEHICLE FROM THE RIGHT.,1,786117,Cross intersection,2,40,Local Road,CHAPEL,STONNINGTON,-37.85182,144.99338,2022,10,October,13,Midday,Weekday
T20220023177,2022-10-14,21:37:00,1,Collision with vehicle,5,Friday,121,RIGHT THROUGH,3,786112,Cross intersection,2,60,Arterial Highway,WARRIGAL,MONASH,-37.882713,145.09029,2022,10,October,21,Night,Weekday
T20220023186,2022-10-14,18:05:00,1,Collision with vehicle,5,Friday,130,REAR END(VEHICLES IN SAME LANE),1,781521,Not at intersection,3,100,Freeway,CITYLINK IN-LORIMER,MELBOURNE,-37.82555,144.94472,2022,10,October,18,Afternoon Peak,Weekday
T20220023128,2022-10-14,14:20:00,6,Vehicle overturned (no collision),5,Friday,180,OFF CARRIAGEWAY ON RIGHT BEND,1,731700,Not at intersection,3,100,Arterial Highway,BASS,BASS COAST,-38.611458,145.63284,2022,10,October,14,Midday,Weekday
T20220023115,2022-10-14,11:10:00,1,Collision with vehicle,5,Friday,121,RIGHT THROUGH,1,786114,Cross intersection,2,50,Local Road,PARKER,MARIBYRNONG,-37.807102,144.90329,2022,10,October,11,Midday,Weekday
T20240004615,2022-10-14,16:05:00,2,Struck Pedestrian,5,Friday,103,PED PLAYING/LYING/WORKING/STANDING ON CARRIAGEWAY.,1,798660,Not at intersection,2,40,Arterial Other,TOORAK,MELBOURNE,-37.8374,144.97926,2022,10,October,16,Afternoon Peak,Weekday
T20220023118,2022-10-14,08:42:00,1,Collision with vehicle,5,Friday,130,REAR END(VEHICLES IN SAME LANE),1,732825,Not at intersection,2,100,Freeway,MONASH,CASEY,-38.009354,145.30103,2022,10,October,8,Morning Peak,Weekday
T20230023769,2022-10-14,09:45:00,1,Collision with vehicle,5,Friday,140,U TURN,1,792762,T intersection,3,50,Local Road,SURREY,SHEPPARTON,-36.39992,145.41145,2022,10,October,9,Morning Peak,Weekday
T20220023142,2022-10-14,16:27:00,1,Collision with vehicle,5,Friday,130,REAR END(VEHICLES IN SAME LANE),1,728516,Not at intersection,2,60,Arterial Other,CHURCH,BOROONDARA,-37.81613,145.0205,2022,10,October,16,Afternoon Peak,Weekday
T20220023145,2022-10-14,17:33:00,1,Collision with vehicle,5,Friday,130,REAR END(VEHICLES IN SAME LANE),1,779259,Not at intersection,3,60,Arterial Other,BORONIA,WHITEHORSE,-37.83659,145.19608,2022,10,October,17,Afternoon Peak,Weekday
T20220023088,2022-10-14,05:50:00,1,Collision with vehicle,5,Friday,198,OTHER ACCIDENTS NOT CLASSIFIABLE ELSEWHERE,3,788440,Cross intersection,2,80,Arterial Other,STUD,KNOX,-37.864994,145.23738,2022,10,October,5,Morning Peak,Weekday
T20220023162,2022-10-14,14:08:00,6,Vehicle overturned (no collision),5,Friday,172,OFF CARRIAGEWAY TO RIGHT,1,735877,Not at intersection,2,40,Arterial Other,VICTORIA,YARRA,-37.8113,145.00806,2022,10,October,14,Midday,Weekday
T20220023163,2022-10-14,19:50:00,1,Collision with vehicle,5,Friday,113,RIGHT NEAR (INTERSECTIONS ONLY),3,42333,T intersection,3,60,Arterial Highway,WARRIGAL,MONASH,-37.920174,145.08318,2022,10,October,19,Night,Weekday
T20220023165,2022-10-14,16:42:00,2,Struck Pedestrian,5,Friday,100,PED NEAR SIDE. PED HIT BY VEHICLE FROM THE RIGHT.,1,786110,Not at intersection,2,70,Arterial Highway,BURWOOD,WHITEHORSE,-37.85216,145.13597,2022,10,October,16,Afternoon Peak,Weekday
T20220023585,2022-10-14,17:00:00,1,Collision with vehicle,5,Friday,121,RIGHT THROUGH,2,29371,Cross intersection,3,60,Arterial Other,MACAULAY,MELBOURNE,-37.796375,144.93997,2022,10,October,17,Afternoon Peak,Weekday
T20220023166,2022-10-14,21:00:00,1,Collision with vehicle,5,Friday,122,LEFT THROUGH,3,786124,Cross intersection,2,60,Freeway,BATMAN,MELBOURNE,-37.823334,144.97853,2022,10,October,21,Night,Weekday
T20220023567,2022-10-14,14:00:00,1,Collision with vehicle,5,Friday,110,CROSS TRAFFIC(INTERSECTIONS ONLY),1,729673,Cross intersection,3,50,Local Road,WAVELL,HORSHAM,-36.70262,142.19891,2022,10,October,14,Midday,Weekday
T20220024742,2022-10-14,08:10:00,1,Collision with vehicle,5,Friday,120,HEAD ON (NOT OVERTAKING),1,294104,Not at intersection,3,60,Arterial Other,BALLARAT,MARIBYRNONG,-37.792984,144.89546,2022,10,October,8,Morning Peak,Weekday
T20220023120,2022-10-14,13:04:00,6,Vehicle overturned (no collision),5,Friday,179,OTHER ACCIDENTS-OFF STRAIGHT NOT INCLUDED IN DCAs 170-175,1,731548,Not at intersection,3,50,Arterial Highway,THOMPSON,BASS COAST,-38.453228,145.23898,2022,10,October,13,Midday,Weekday
T20220023604,2022-10-14,12:45:00,4,Collision with a fixed object,5,Friday,173,RIGHT OFF CARRIAGEWAY INTO OBJECT/PARKED VEHICLE,1,783369,Not at intersection,3,50,Local Road,TYLER,BENDIGO,-36.61636,144.51248,2022,10,October,12,Midday,Weekday
T20220024616,2022-10-14,18:30:00,1,Collision with vehicle,5,Friday,116,LEFT NEAR (INTERSECTIONS ONLY),1,84819,Cross intersection,3,60,Arterial Other,DEMPSTER,MARIBYRNONG,-37.799545,144.8621,2022,10,October,18,Afternoon Peak,Weekday
T20220023092,2022-10-14,06:42:00,1,Collision with vehicle,5,Friday,136,RIGHT TURN SIDESWIPE,1,728579,Not at intersection,2,50,Local Road,CROYDON,BOROONDARA,-37.823658,145.09596,2022,10,October,6,Morning Peak,Weekday
T20220023925,2022-10-15,19:30:00,1,Collision with vehicle,6,Saturday,137,LEFT TURN SIDESWIPE,2,35340,Cross intersection,3,60,Arterial Other,QUEENS,YARRA,-37.78865,144.99088,2022,10,October,19,Night,Weekend
T20220023867,2022-10-15,07:00:00,1,Collision with vehicle,6,Saturday,120,HEAD ON (NOT OVERTAKING),2,777731,Not at intersection,2,100,Local Road,FAIRBANK,SOUTH GIPPSLAND,-38.39523,145.8828,2022,10,October,7,Morning Peak,Weekend
T20220023203,2022-10-15,11:30:00,1,Collision with vehicle,6,Saturday,139,OTHER SAME DIRECTION-MANOUEVRES NOT INCLUDED IN DCAs 130-137,1,783474,Not at intersection,3,80,Local Road,KOROROIT CREEK,HOBSONS BAY,-37.85719,144.88062,2022,10,October,11,Midday,Weekend
T20220023204,2022-10-15,08:00:00,1,Collision with vehicle,6,Saturday,135,LANE CHANGE LEFT (NOT OVERTAKING),1,783448,Not at intersection,3,50,Freeway,PRINCES OUT-FORSYTH,WYNDHAM,-37.875214,144.73756,2022,10,October,8,Morning Peak,Weekend
T20220023201,2022-10-15,12:45:00,1,Collision with vehicle,6,Saturday,121,RIGHT THROUGH,1,234416,Cross intersection,3,60,Arterial Highway,PLENTY,WHITTLESEA,-37.696053,145.05936,2022,10,October,12,Midday,Weekend
T20220023207,2022-10-15,12:40:00,1,Collision with vehicle,6,Saturday,130,REAR END(VEHICLES IN SAME LANE),1,728517,Not at intersection,2,80,Arterial Other,CRANBOURNE,CASEY,-38.0341,145.30544,2022,10,October,12,Midday,Weekend
T20220023303,2022-10-15,17:15:00,1,Collision with vehicle,6,Saturday,130,REAR END(VEHICLES IN SAME LANE),1,728522,T intersection,3,70,Arterial Other,OLD GEELONG,WYNDHAM,-37.872738,144.72345,2022,10,October,17,Afternoon Peak,Weekend
T20220023214,2022-10-15,16:10:00,1,Collision with vehicle,6,Saturday,146,REVERSING INTO FIXED OBJECT/PARKED VEHICLE,1,773169,Not at intersection,3,50,Local Road,HEHR,WHITTLESEA,-37.607315,145.12506,2022,10,October,16,Afternoon Peak,Weekend
T20220023357,2022-10-15,21:05:00,2,Struck Pedestrian,6,Saturday,106,VEH STRIKES PED ON FOOTPATH/MEDIAN/TRAFFIC ISLAND.,3,35310,Cross intersection,3,50,Local Road,ELIZABETH,MELBOURNE,-37.807114,144.95988,2022,10,October,21,Night,Weekend
T20220023215,2022-10-15,12:48:00,4,Collision with a fixed object,6,Saturday,171,LEFT OFF CARRIAGEWAY INTO OBJECT/PARKED VEHICLE,1,739459,Not at intersection,1,100,Local Road,SEYMOUR-PYALONG,MITCHELL,-37.101643,144.9667,2022,10,October,12,Midday,Weekend
T20220026624,2022-10-15,05:55:00,4,Collision with a fixed object,6,Saturday,179,OTHER ACCIDENTS-OFF STRAIGHT NOT INCLUDED IN DCAs 170-175,2,740876,Not at intersection,3,80,Local Road,LEWIS,MOUNT ALEXANDER,-36.99285,144.13171,2022,10,October,5,Morning Peak,Weekend
T20220024206,2022-10-15,12:05:00,1,Collision with vehicle,6,Saturday,160,VEHICLE COLLIDES WITH VEHICLE PARKED ON LEFT OF ROAD,1,761984,Not at intersection,3,60,Arterial Other,WAVERLEY,MONASH,-37.881756,145.10245,2022,10,October,12,Midday,Weekend
T20220026446,2022-10-15,16:30:00,1,Collision with vehicle,6,Saturday,130,REAR END(VEHICLES IN SAME LANE),1,44939,Cross intersection,3,60,Arterial Other,MAIN ROAD E-MAIN,BRIMBANK,-37.744232,144.79994,2022,10,October,16,Afternoon Peak,Weekend
T20220024907,2022-10-15,12:10:00,1,Collision with vehicle,6,Saturday,130,REAR END(VEHICLES IN SAME LANE),1,786143,Cross intersection,3,80,Arterial Other,THOMPSONS,CASEY,-38.082283,145.27649,2022,10,October,12,Midday,Weekend
T20220025474,2022-10-15,12:45:00,1,Collision with vehicle,6,Saturday,130,REAR END(VEHICLES IN SAME LANE),1,779137,Not at intersection,3,60,Arterial Other,DAREBIN,DAREBIN,-37.76573,145.02272,2022,10,October,12,Midday,Weekend
T20220023181,2022-10-15,02:15:00,1,Collision with vehicle,6,Saturday,141,U TURN INTO FIXED OBJECT/PARKED VEHICLE,3,743844,Not at intersection,2,60,Local Road,FINDON,WHITTLESEA,-37.640278,145.05437,2022,10,October,2,Late Night,Weekend
T20220023243,2022-10-15,00:23:00,1,Collision with vehicle,6,Saturday,110,CROSS TRAFFIC(INTERSECTIONS ONLY),3,52986,Cross intersection,2,60,Local Road,CLARKSON,BALLARAT,-37.58206,143.83894,2022,10,October,0,Late Night,Weekend
T20220023241,2022-10-15,22:30:00,1,Collision with vehicle,6,Saturday,116,LEFT NEAR (INTERSECTIONS ONLY),3,69470,T intersection,3,70,Arterial Other,BLACKBURN,MONASH,-37.919697,145.13951,2022,10,October,22,Night,Weekend
T20220023237,2022-10-15,21:00:00,1,Collision with vehicle,6,Saturday,130,REAR END(VEHICLES IN SAME LANE),3,42478,Cross intersection,3,50,Local Road,OSBORNE,DANDENONG,-37.946598,145.14568,2022,10,October,21,Night,Weekend
T20220023232,2022-10-15,20:09:00,4,Collision with a fixed object,6,Saturday,181,OFF RIGHT BEND INTO OBJECT/PARKED VEHICLE,3,629827,Not at intersection,2,80,Freeway,WEST GATE,MELBOURNE,-37.8329,144.91373,2022,10,October,20,Night,Weekend
T20220023228,2022-10-15,17:35:00,1,Collision with vehicle,6,Saturday,120,HEAD ON (NOT OVERTAKING),1,754399,Not at intersection,2,50,Local Road,LEABURN,GLEN EIRA,-37.871162,145.01607,2022,10,October,17,Afternoon Peak,Weekend
T20220024657,2022-10-15,17:54:00,1,Collision with vehicle,6,Saturday,130,REAR END(VEHICLES IN SAME LANE),1,279060,Cross intersection,3,60,Arterial Highway,DANDENONG,DANDENONG,-37.997585,145.16223,2022,10,October,17,Afternoon Peak,Weekend
T20220023225,2022-10-15,14:00:00,4,Collision with a fixed object,6,Saturday,173,RIGHT OFF CARRIAGEWAY INTO OBJECT/PARKED VEHICLE,1,775002,Not at intersection,2,100,Arterial Other,GEELONG-BACCHUS MARSH,MOORABOOL,-37.790325,144.41959,2022,10,October,14,Midday,Weekend
T20220023223,2022-10-15,12:45:00,1,Collision with vehicle,6,Saturday,110,CROSS TRAFFIC(INTERSECTIONS ONLY),1,280124,Cross intersection,2,60,Local Road,CLYDE,GOLDEN PLAINS,-38.037243,144.17389,2022,10,October,12,Midday,Weekend
T20220023295,2022-10-16,16:55:00,1,Collision with vehicle,7,Sunday,130,REAR END(VEHICLES IN SAME LANE),1,107,T intersection,3,70,Arterial Highway,QUEENS,PORT PHILLIP,-37.853104,144.9793,2022,10,October,16,Afternoon Peak,Weekend
T20220023294,2022-10-16,18:00:00,1,Collision with vehicle,7,Sunday,130,REAR END(VEHICLES IN SAME LANE),1,728521,Not at intersection,3,60,Arterial Other,RALEIGH,MARIBYRNONG,-37.76994,144.9003,2022,10,October,18,Afternoon Peak,Weekend
T20220023306,2022-10-16,17:30:00,1,Collision with vehicle,7,Sunday,110,CROSS TRAFFIC(INTERSECTIONS ONLY),1,783489,Cross intersection,3,60,Local Road,BOLIVAR,WYNDHAM,-37.84396,144.74034,2022,10,October,17,Afternoon Peak,Weekend
T20220023274,2022-10-16,04:50:00,2,Struck Pedestrian,7,Sunday,103,PED PLAYING/LYING/WORKING/STANDING ON CARRIAGEWAY.,5,738836,Not at intersection,2,100,Local Road,HENDYS,MOIRA,-36.038418,145.47849,2022,10,October,4,Late Night,Weekend
T20220023285,2022-10-16,14:20:00,1,Collision with vehicle,7,Sunday,121,RIGHT THROUGH,1,728568,Not at intersection,3,60,Arterial Other,MELTON-WERRIBEE,WYNDHAM,-37.861744,144.68578,2022,10,October,14,Midday,Weekend
T20220023304,2022-10-16,19:00:00,4,Collision with a fixed object,7,Sunday,173,RIGHT OFF CARRIAGEWAY INTO OBJECT/PARKED VEHICLE,2,783024,Not at intersection,3,50,Local Road,LAIDMAN,CENTRAL GOLDFIELDS,-37.03665,143.73254,2022,10,October,19,Night,Weekend
T20220023299,2022-10-16,17:30:00,2,Struck Pedestrian,7,Sunday,103,PED PLAYING/LYING/WORKING/STANDING ON CARRIAGEWAY.,1,733994,Not at intersection,2,50,Local Road,WEIR,BOROONDARA,-37.815228,145.0841,2022,10,October,17,Afternoon Peak,Weekend
T20220023248,2022-10-16,00:28:00,1,Collision with vehicle,7,Sunday,160,VEHICLE COLLIDES WITH VEHICLE PARKED ON LEFT OF ROAD,3,756073,Not at intersection,3,50,Local Road,HATFIELD,BAW BAW,-38.142624,145.84854,2022,10,October,0,Late Night,Weekend
T20220023298,2022-10-16,18:10:00,6,Vehicle overturned (no collision),7,Sunday,174,OUT OF CONTROL ON CARRIAGEWAY (ON STRAIGHT),1,748817,Not at intersection,2,100,Local Road,BAMAWM HALL,CAMPASPE,-36.225433,144.58995,2022,10,October,18,Afternoon Peak,Weekend
T20220023342,2022-10-16,12:30:00,1,Collision with vehicle,7,Sunday,130,REAR END(VEHICLES IN SAME LANE),1,729007,Not at intersection,3,60,Local Road,CAROLINE SPRINGS,MELTON,-37.753357,144.73994,2022,10,October,12,Midday,Weekend
T20220024078,2022-10-16,10:30:00,1,Collision with vehicle,7,Sunday,130,REAR END(VEHICLES IN SAME LANE),1,731708,Not at intersection,3,80,Freeway,WEST GATE,MELBOURNE,-37.829247,144.9203,2022,10,October,10,Midday,Weekend
T20220023318,2022-10-16,23:24:00,2,Struck Pedestrian,7,Sunday,100,PED NEAR SIDE. PED HIT BY VEHICLE FROM THE RIGHT.,3,305833,Cross intersection,2,40,Local Road,FOSTER,DANDENONG,-37.989296,145.20909,2022,10,October,23,Night,Weekend
T20220023540,2022-10-16,13:15:00,7,Fall from or in moving vehicle,7,Sunday,190,FELL IN/FROM VEHICLE,9,729009,Not at intersection,3,60,Local Road,DEVANNEY,MACEDON RANGES,-37.24698,144.62292,2022,10,October,13,Midday,Weekend
T20220023310,2022-10-16,21:10:00,3,Struck animal,7,Sunday,167,STRUCK ANIMAL,5,734585,Not at intersection,3,100,Local Road,REEVES,MOYNE,-38.185986,142.42108,2022,10,October,21,Night,Weekend
T20220024230,2022-10-16,17:25:00,1,Collision with vehicle,7,Sunday,121,RIGHT THROUGH,1,1335,Cross intersection,3,60,Arterial Other,PASCOE VALE,MOONEE VALLEY,-37.75594,144.9261,2022,10,October,17,Afternoon Peak,Weekend
T20220025455,2022-10-16,12:50:00,8,No collision and no object struck,7,Sunday,189,OTHER ACCIDENTS ON CURVE NOT INCLUDED IN DCAs 180-184,1,734694,Not at intersection,3,50,Local Road,LAKEVIEW,KNOX,-37.910553,145.2214,2022,10,October,12,Midday,Weekend
T20220023296,2022-10-16,17:20:00,1,Collision with vehicle,7,Sunday,130,REAR END(VEHICLES IN SAME LANE),1,736887,Not at intersection,2,80,Freeway,PRINCES,BAW BAW,-38.08276,145.7526,2022,10,October,17,Afternoon Peak,Weekend
T20220023309,2022-10-16,20:34:00,1,Collision with vehicle,7,Sunday,110,CROSS TRAFFIC(INTERSECTIONS ONLY),3,51650,Cross intersection,3,60,Arterial Other,MYRTLE,BENDIGO,-36.7653,144.27307,2022,10,October,20,Night,Weekend
T20220023262,2022-10-16,09:30:00,1,Collision with vehicle,7,Sunday,110,CROSS TRAFFIC(INTERSECTIONS ONLY),1,734288,Cross intersection,3,70,Arterial Highway,RAGLAN,WARRNAMBOOL,-38.373684,142.47763,2022,10,October,9,Morning Peak,Weekend
T20220023684,2022-10-16,16:33:00,1,Collision with vehicle,7,Sunday,121,RIGHT THROUGH,1,41713,Cross intersection,3,60,Arterial Other,STEPHENSONS,MONASH,-37.876842,145.12885,2022,10,October,16,Afternoon Peak,Weekend
T20220023267,2022-10-16,11:17:00,1,Collision with vehicle,7,Sunday,110,CROSS TRAFFIC(INTERSECTIONS ONLY),1,49255,Cross intersection,3,60,Local Road,SAN MATEO,MILDURA,-34.219578,142.13097,2022,10,October,11,Midday,Weekend
T20220023271,2022-10-16,11:20:00,4,Collision with a fixed object,7,Sunday,171,LEFT OFF CARRIAGEWAY INTO OBJECT/PARKED VEHICLE,1,728518,Not at intersection,2,50,Local Road,GREAT BROME,WHITTLESEA,-37.633545,145.0205,2022,10,October,11,Midday,Weekend
T20220023252,2022-10-16,02:50:00,4,Collision with a fixed object,7,Sunday,183,OFF LEFT BEND INTO OBJECT/PARKED VEHICLE,5,764553,Not at intersection,2,100,Arterial Other,WINCHELSEA-DEANS MARSH,SURF COAST,-38.367207,143.94423,2022,10,October,2,Late Night,Weekend
T20220023324,2022-10-17,06:00:00,4,Collision with a fixed object,1,Monday,171,LEFT OFF CARRIAGEWAY INTO OBJECT/PARKED VEHICLE,2,729671,Not at intersection,3,100,Freeway,HUME,HUME,-37.583508,144.94392,2022,10,October,6,Morning Peak,Weekday
T20220023944,2022-10-17,09:20:00,1,Collision with vehicle,1,Monday,130,REAR END(VEHICLES IN SAME LANE),1,737344,Not at intersection,3,100,Freeway,MONASH,CASEY,-37.99922,145.2849,2022,10,October,9,Morning Peak,Weekday
T20220023369,2022-10-17,12:00:00,4,Collision with a fixed object,1,Monday,173,RIGHT OFF CARRIAGEWAY INTO OBJECT/PARKED VEHICLE,1,733704,T intersection,2,60,Local Road,WILLOWMAVIN,MITCHELL,-37.28138,144.95003,2022,10,October,12,Midday,Weekday
T20220023368,2022-10-17,14:19:00,2,Struck Pedestrian,1,Monday,100,PED NEAR SIDE. PED HIT BY VEHICLE FROM THE RIGHT.,1,731155,T intersection,2,50,Local Road,HENRY,YARRA,-37.78971,144.9714,2022,10,October,14,Midday,Weekday
T20220023416,2022-10-17,12:42:00,1,Collision with vehicle,1,Monday,147,VEHICLE STRIKES ANOTHER VEH WHILE EMERGING FROM DRIVEWAY,1,225388,Not at intersection,3,70,Arterial Highway,HODDLE,YARRA,-37.800858,144.99281,2022,10,October,12,Midday,Weekday
T20220023334,2022-10-17,08:30:00,1,Collision with vehicle,1,Monday,137,LEFT TURN SIDESWIPE,1,36546,Not at intersection,3,40,Local Road,GEORGE,YARRA,-37.80611,144.9806,2022,10,October,8,Morning Peak,Weekday
T20220023336,2022-10-17,09:25:00,1,Collision with vehicle,1,Monday,121,RIGHT THROUGH,1,378,Cross intersection,3,40,Local Road,BIRDWOOD,MELBOURNE,-37.83415,144.98253,2022,10,October,9,Morning Peak,Weekday
T20220023338,2022-10-17,09:42:00,1,Collision with vehicle,1,Monday,130,REAR END(VEHICLES IN SAME LANE),1,786238,Cross intersection,2,80,Arterial Highway,DANDENONG VALLEY,DANDENONG,-38.071777,145.19522,2022,10,October,9,Morning Peak,Weekday
T20220023339,2022-10-17,10:25:00,4,Collision with a fixed object,1,Monday,171,LEFT OFF CARRIAGEWAY INTO OBJECT/PARKED VEHICLE,1,786239,Not at intersection,2,100,Arterial Highway,MIDLAND,HEPBURN,-37.41491,143.9079,2022,10,October,10,Midday,Weekday
T20220024951,2022-10-17,14:38:00,1,Collision with vehicle,1,Monday,130,REAR END(VEHICLES IN SAME LANE),1,779200,Not at intersection,3,60,Local Road,MICKLEHAM,HUME,-37.686695,144.88287,2022,10,October,14,Midday,Weekday
T20220024956,2022-10-17,09:00:00,1,Collision with vehicle,1,Monday,121,RIGHT THROUGH,1,735882,Not at intersection,3,60,Arterial Other,WICKHAM,KINGSTON,-37.946754,145.05534,2022,10,October,9,Morning Peak,Weekday