ACCIDENT_NO,ACCIDENT_DATE,ACCIDENT_TIME,ACCIDENT_TYPE,ACCIDENT_TYPE_DESC,DAY_OF_WEEK,DAY_WEEK_DESC,DCA_CODE,DCA_DESC,LIGHT_CONDITION,NODE_ID,ROAD_GEOMETRY_DESC,SEVERITY,SPEED_ZONE,RMA,ROAD_NAME,LGA_NAME,LATITUDE,LONGITUDE,YEAR,MONTH,MONTH_NAME,HOUR,TIME_PERIOD,DAY_TYPE
T20230006117,2022-10-17,20:53:00,1,Collision with vehicle,1,Monday,160,VEHICLE COLLIDES WITH VEHICLE PARKED ON LEFT OF ROAD,6,783058,Not at intersection,3,60,Arterial Other,HATTAM,BENDIGO,-36.78125,144.26012,2022,10,October,20,Night,Weekday
T20220025978,2022-10-17,07:00:00,1,Collision with vehicle,1,Monday,130,REAR END(VEHICLES IN SAME LANE),1,775974,Not at intersection,3,100,Freeway,HUME,HUME,-37.548157,144.94398,2022,10,October,7,Morning Peak,Weekday
T20220023398,2022-10-17,17:08:00,1,Collision with vehicle,1,Monday,120,HEAD ON (NOT OVERTAKING),1,748453,Not at intersection,2,60,Arterial Highway,ARARAT,NORTHERN GRAMPIANS,-37.067036,142.76878,2022,10,October,17,Afternoon Peak,Weekday
T20220023780,2022-10-17,13:30:00,2,Struck Pedestrian,1,Monday,103,PED PLAYING/LYING/WORKING/STANDING ON CARRIAGEWAY.,1,786242,Y intersection,3,40,Local Road,ST HELENA,BANYULE,-37.68925,145.13257,2022,10,October,13,Midday,Weekday
T20220023321,2022-10-17,06:00:00,2,Struck Pedestrian,1,Monday,102,FAR SIDE. PED HIT BY VEHICLE FROM THE LEFT,2,278525,Cross intersection,2,60,Local Road,COMMERCIAL,MELTON,-37.72979,144.74506,2022,10,October,6,Morning Peak,Weekday
T20220024733,2022-10-17,17:35:00,1,Collision with vehicle,1,Monday,119,OTHER ADJACENT (INTERSECTIONS ONLY),1,733185,T intersection,2,60,Local Road,JONES,MORNINGTON PENINSULA,-38.24588,145.17046,2022,10,October,17,Afternoon Peak,Weekday
T20220023320,2022-10-17,04:20:00,4,Collision with a fixed object,1,Monday,173,RIGHT OFF CARRIAGEWAY INTO OBJECT/PARKED VEHICLE,3,52696,Cross intersection,3,50,Arterial Highway,HIGH,ARARAT,-37.28248,142.93181,2022,10,October,4,Late Night,Weekday
T20220027048,2022-10-17,15:50:00,1,Collision with vehicle,1,Monday,110,CROSS TRAFFIC(INTERSECTIONS ONLY),1,739036,Cross intersection,3,50,Local Road,BARKER,MORNINGTON PENINSULA,-38.473373,145.0232,2022,10,October,15,Afternoon Peak,Weekday
T20220023313,2022-10-17,01:07:00,1,Collision with vehicle,1,Monday,160,VEHICLE COLLIDES WITH VEHICLE PARKED ON LEFT OF ROAD,3,29463,T intersection,3,40,Arterial Other,TOORAK,MELBOURNE,-37.837257,144.97816,2022,10,October,1,Late Night,Weekday
T20220023396,2022-10-17,17:10:00,4,Collision with a fixed object,1,Monday,171,LEFT OFF CARRIAGEWAY INTO OBJECT/PARKED VEHICLE,1,734290,Not at intersection,2,60,Local Road,BRYSONS,MANNINGHAM,-37.75699,145.25438,2022,10,October,17,Afternoon Peak,Weekday
T20220023378,2022-10-17,12:05:00,1,Collision with vehicle,1,Monday,134,LANE CHANGE RIGHT (NOT OVERTAKING),1,787109,T intersection,2,100,Arterial Highway,SOUTH GIPPSLAND,CARDINIA,-38.211933,145.47258,2022,10,October,12,Midday,Weekday
T20220023400,2022-10-17,17:55:00,1,Collision with vehicle,1,Monday,142,LEAVING PARKING,1,783061,Not at intersection,3,50,Local Road,HIGHLANDER,HUME,-37.57795,144.89648,2022,10,October,17,Afternoon Peak,Weekday
T20220023379,2022-10-17,14:30:00,6,Vehicle overturned (no collision),1,Monday,180,OFF CARRIAGEWAY ON RIGHT BEND,1,733798,Not at intersection,3,50,Local Road,TATURA,HUME,-37.67445,144.92157,2022,10,October,14,Midday,Weekday
T20220023388,2022-10-17,15:46:00,1,Collision with vehicle,1,Monday,130,REAR END(VEHICLES IN SAME LANE),1,728751,Not at intersection,3,100,Freeway,MONASH,CASEY,-37.999187,145.28467,2022,10,October,15,Afternoon Peak,Weekday
T20220023632,2022-10-17,08:45:00,1,Collision with vehicle,1,Monday,130,REAR END(VEHICLES IN SAME LANE),1,786245,Not at intersection,2,80,Arterial Highway,NEPEAN,MORNINGTON PENINSULA,-38.269512,145.03539,2022,10,October,8,Morning Peak,Weekday
T20220023391,2022-10-17,14:20:00,1,Collision with vehicle,1,Monday,113,RIGHT NEAR (INTERSECTIONS ONLY),1,36904,T intersection,3,80,Arterial Highway,SOUTH GIPPSLAND,CASEY,-38.0686,145.26793,2022,10,October,14,Midday,Weekday
T20220023359,2022-10-17,13:29:00,1,Collision with vehicle,1,Monday,113,RIGHT NEAR (INTERSECTIONS ONLY),1,47156,T intersection,2,80,Arterial Other,DUNCANS,WYNDHAM,-37.92709,144.70406,2022,10,October,13,Midday,Weekday
T20220023392,2022-10-17,18:00:00,1,Collision with vehicle,1,Monday,121,RIGHT THROUGH,1,780330,Cross intersection,3,60,Arterial Other,COTHAM,BOROONDARA,-37.807552,145.03673,2022,10,October,18,Afternoon Peak,Weekday
T20220023358,2022-10-17,11:30:00,1,Collision with vehicle,1,Monday,130,REAR END(VEHICLES IN SAME LANE),1,737342,Not at intersection,2,40,Freeway,MONASH,MONASH,-37.893967,145.13988,2022,10,October,11,Midday,Weekday
T20220023356,2022-10-17,12:59:00,1,Collision with vehicle,1,Monday,113,RIGHT NEAR (INTERSECTIONS ONLY),1,43797,Cross intersection,3,60,Arterial Highway,WARBURTON,YARRA RANGES,-37.778168,145.45847,2022,10,October,12,Midday,Weekday
T20220023395,2022-10-17,18:16:00,1,Collision with vehicle,1,Monday,110,CROSS TRAFFIC(INTERSECTIONS ONLY),1,352374,Cross intersection,3,80,Freeway,SOUTH GIPPSLAND,CASEY,-38.026234,145.24707,2022,10,October,18,Afternoon Peak,Weekday
T20220023354,2022-10-17,08:25:00,2,Struck Pedestrian,1,Monday,102,FAR SIDE. PED HIT BY VEHICLE FROM THE LEFT,1,88864,Not at intersection,3,60,Local Road,OBAN,MAROONDAH,-37.794834,145.24277,2022,10,October,8,Morning Peak,Weekday
T20220023349,2022-10-17,12:33:00,8,No collision and no object struck,1,Monday,170,OFF CARRIAGEWAY TO LEFT,1,783055,Not at intersection,3,100,Local Road,MYRTLEBANK-FULHAM,WELLINGTON,-38.085373,147.0003,2022,10,October,12,Midday,Weekday
T20220023408,2022-10-17,15:11:00,4,Collision with a fixed object,1,Monday,171,LEFT OFF CARRIAGEWAY INTO OBJECT/PARKED VEHICLE,1,786241,Not at intersection,2,80,Local Road,MINNS,MELTON,-37.65056,144.56688,2022,10,October,15,Afternoon Peak,Weekday
T20220023347,2022-10-17,09:15:00,1,Collision with vehicle,1,Monday,130,REAR END(VEHICLES IN SAME LANE),1,729672,Not at intersection,3,80,Freeway,MONASH,STONNINGTON,-37.852108,145.05232,2022,10,October,9,Morning Peak,Weekday
T20220023363,2022-10-17,10:20:00,1,Collision with vehicle,1,Monday,133,LANE SIDE SWIPE (VEHICLES IN PARALLEL LANES),1,730359,Not at intersection,2,100,Freeway,MONASH,MONASH,-37.885307,145.09874,2022,10,October,10,Midday,Weekday
T20220023636,2022-10-17,08:50:00,1,Collision with vehicle,1,Monday,130,REAR END(VEHICLES IN SAME LANE),1,736572,T intersection,3,100,Freeway,PENINSULA LINK,FRANKSTON,-38.09257,145.15251,2022,10,October,8,Morning Peak,Weekday
T20220023344,2022-10-17,12:30:00,1,Collision with vehicle,1,Monday,140,U TURN,9,728635,Not at intersection,3,50,Local Road,CARRICK,HUME,-37.701862,144.88368,2022,10,October,12,Midday,Weekday
T20220023409,2022-10-17,22:45:00,4,Collision with a fixed object,1,Monday,181,OFF RIGHT BEND INTO OBJECT/PARKED VEHICLE,3,728792,Not at intersection,3,60,Arterial Other,CIVIC,HOBSONS BAY,-37.862713,144.81378,2022,10,October,22,Night,Weekday
T20220023438,2022-10-17,08:30:00,1,Collision with vehicle,1,Monday,132,RIGHT REAR.,1,215240,Cross intersection,3,60,Local Road,LEITH,BALLARAT,-37.581097,143.84607,2022,10,October,8,Morning Peak,Weekday
T20220023432,2022-10-17,12:15:00,1,Collision with vehicle,1,Monday,121,RIGHT THROUGH,1,52909,Cross intersection,3,50,Arterial Highway,DOVETON,BALLARAT,-37.565903,143.85402,2022,10,October,12,Midday,Weekday
T20220023375,2022-10-17,14:00:00,8,No collision and no object struck,1,Monday,180,OFF CARRIAGEWAY ON RIGHT BEND,1,728750,Not at intersection,3,100,Arterial Highway,MONARO,EAST GIPPSLAND,-37.482296,149.18037,2022,10,October,14,Midday,Weekday
T20220025349,2022-10-17,21:50:00,7,Fall from or in moving vehicle,1,Monday,190,FELL IN/FROM VEHICLE,3,734392,Not at intersection,2,60,Arterial Highway,BRIGHTON ROAD SERVICE,PORT PHILLIP,-37.87045,144.9887,2022,10,October,21,Night,Weekday
T20220023371,2022-10-17,13:15:00,1,Collision with vehicle,1,Monday,135,LANE CHANGE LEFT (NOT OVERTAKING),1,731549,Not at intersection,3,100,Freeway,FORSTER-MONASH IN,MONASH,-37.89284,145.12766,2022,10,October,13,Midday,Weekday
T20220023939,2022-10-17,08:05:00,1,Collision with vehicle,1,Monday,131,LEFT REAR,1,779206,T intersection,3,50,Arterial Highway,ALBERT,DAREBIN,-37.747166,145.02182,2022,10,October,8,Morning Peak,Weekday
T20220025965,2022-10-18,18:09:00,1,Collision with vehicle,2,Tuesday,137,LEFT TURN SIDESWIPE,1,36966,Cross intersection,3,40,Local Road,EXHIBITION,MELBOURNE,-37.810127,144.96965,2022,10,October,18,Afternoon Peak,Weekday
T20220025953,2022-10-18,16:00:00,1,Collision with vehicle,2,Tuesday,120,HEAD ON (NOT OVERTAKING),1,689098,T intersection,3,80,Local Road,AITKEN,HUME,-37.62812,144.91324,2022,10,October,16,Afternoon Peak,Weekday
T20220023481,2022-10-18,17:45:00,1,Collision with vehicle,2,Tuesday,121,RIGHT THROUGH,1,1019,T intersection,2,40,Arterial Highway,SOUTH GIPPSLAND,CASEY,-38.111835,145.28311,2022,10,October,17,Afternoon Peak,Weekday
T20220023475,2022-10-18,16:45:00,1,Collision with vehicle,2,Tuesday,130,REAR END(VEHICLES IN SAME LANE),1,786260,Not at intersection,2,80,Arterial Other,CRANBOURNE,CASEY,-38.037346,145.3048,2022,10,October,16,Afternoon Peak,Weekday
T20220023458,2022-10-18,07:35:00,1,Collision with vehicle,2,Tuesday,130,REAR END(VEHICLES IN SAME LANE),1,779249,Cross intersection,3,80,Arterial Highway,STUD,DANDENONG,-37.95571,145.22638,2022,10,October,7,Morning Peak,Weekday
T20220023461,2022-10-18,15:00:00,2,Struck Pedestrian,2,Tuesday,101,PED EMERGES FROM IN FRONT OF PARKED OR STATIONARY VEHICLE,1,732642,Not at intersection,2,50,Arterial Other,CLAYTON,MONASH,-37.914333,145.12181,2022,10,October,15,Afternoon Peak,Weekday
T20220023500,2022-10-18,21:20:00,1,Collision with vehicle,2,Tuesday,130,REAR END(VEHICLES IN SAME LANE),3,742294,Not at intersection,3,70,Arterial Other,MELTON-WERRIBEE,WYNDHAM,-37.882984,144.6819,2022,10,October,21,Night,Weekday
T20220023415,2022-10-18,06:40:00,2,Struck Pedestrian,2,Tuesday,102,FAR SIDE. PED HIT BY VEHICLE FROM THE LEFT,2,38153,Cross intersection,2,60,Arterial Other,WATERDALE,BANYULE,-37.74639,145.04703,2022,10,October,6,Morning Peak,Weekday
T20220023503,2022-10-18,21:55:00,4,Collision with a fixed object,2,Tuesday,171,LEFT OFF CARRIAGEWAY INTO OBJECT/PARKED VEHICLE,5,743243,Not at intersection,2,100,Arterial Highway,SUNRAYSIA,NORTHERN GRAMPIANS,-36.600834,143.2299,2022,10,October,21,Night,Weekday
T20220023505,2022-10-18,22:17:00,1,Collision with vehicle,2,Tuesday,113,RIGHT NEAR (INTERSECTIONS ONLY),3,47570,T intersection,2,60,Arterial Other,BOLTON,BANYULE,-37.723415,145.13644,2022,10,October,22,Night,Weekday
T20220024520,2022-10-18,05:00:00,1,Collision with vehicle,2,Tuesday,110,CROSS TRAFFIC(INTERSECTIONS ONLY),3,43598,Cross intersection,3,60,Arterial Other,BAXTER-TOORADIN,MORNINGTON PENINSULA,-38.195793,145.16074,2022,10,October,5,Morning Peak,Weekday
T20220023477,2022-10-18,14:45:00,4,Collision with a fixed object,2,Tuesday,171,LEFT OFF CARRIAGEWAY INTO OBJECT/PARKED VEHICLE,1,775007,Not at intersection,3,100,Arterial Other,MAIN NEERIM,BAW BAW,-38.06242,145.93878,2022,10,October,14,Midday,Weekday
T20220023422,2022-10-18,08:20:00,7,Fall from or in moving vehicle,2,Tuesday,179,OTHER ACCIDENTS-OFF STRAIGHT NOT INCLUDED IN DCAs 170-175,1,728752,Cross intersection,3,50,Local Road,HARVEST HOME,WHITTLESEA,-37.62131,145.01175,2022,10,October,8,Morning Peak,Weekday
T20220023480,2022-10-18,16:05:00,1,Collision with vehicle,2,Tuesday,130,REAR END(VEHICLES IN SAME LANE),1,735675,Not at intersection,2,80,Freeway,CITYLINK,MOONEE VALLEY,-37.743164,144.93352,2022,10,October,16,Afternoon Peak,Weekday
T20220025065,2022-10-18,23:00:00,1,Collision with vehicle,2,Tuesday,136,RIGHT TURN SIDESWIPE,3,329220,Cross intersection,3,80,Freeway,PLENTY,BANYULE,-37.687065,145.06769,2022,10,October,23,Night,Weekday
T20220023550,2022-10-18,08:40:00,1,Collision with vehicle,2,Tuesday,147,VEHICLE STRIKES ANOTHER VEH WHILE EMERGING FROM DRIVEWAY,1,783064,Not at intersection,3,60,Local Road,MOORE,GOLDEN PLAINS,-38.049133,144.17265,2022,10,October,8,Morning Peak,Weekday
T20220025893,2022-10-18,06:00:00,1,Collision with vehicle,2,Tuesday,113,RIGHT NEAR (INTERSECTIONS ONLY),2,735693,T intersection,3,60,Local Road,WEDGEWOOD,CASEY,-38.011963,145.2551,2022,10,October,6,Morning Peak,Weekday
T20220024023,2022-10-18,09:25:00,1,Collision with vehicle,2,Tuesday,134,LANE CHANGE RIGHT (NOT OVERTAKING),1,357665,Not at intersection,3,60,Arterial Other,PASCOE VALE,MORELAND,-37.70483,144.9158,2022,10,October,9,Morning Peak,Weekday
T20220023468,2022-10-18,16:05:00,6,Vehicle overturned (no collision),2,Tuesday,198,OTHER ACCIDENTS NOT CLASSIFIABLE ELSEWHERE,1,732643,Not at intersection,3,50,Local Road,CAROLINE,CARDINIA,-37.918346,145.44203,2022,10,October,16,Afternoon Peak,Weekday
T20220024380,2022-10-18,16:00:00,1,Collision with vehicle,2,Tuesday,130,REAR END(VEHICLES IN SAME LANE),9,354492,Cross intersection,3,80,Arterial Highway,STUD,DANDENONG,-37.971024,145.22357,2022,10,October,16,Afternoon Peak,Weekday
T20220023455,2022-10-18,11:52:00,4,Collision with a fixed object,2,Tuesday,171,LEFT OFF CARRIAGEWAY INTO OBJECT/PARKED VEHICLE,1,786258,Not at intersection,2,100,Arterial Highway,NORTHERN,MITCHELL,-37.37215,144.9665,2022,10,October,11,Midday,Weekday
T20220023428,2022-10-18,05:20:00,1,Collision with vehicle,2,Tuesday,147,VEHICLE STRIKES ANOTHER VEH WHILE EMERGING FROM DRIVEWAY,5,730360,Not at intersection,2,100,Arterial Highway,MURRAY VALLEY,GANNAWARRA,-35.874065,144.31181,2022,10,October,5,Morning Peak,Weekday
T20220023412,2022-10-18,05:00:00,2,Struck Pedestrian,2,Tuesday,103,PED PLAYING/LYING/WORKING/STANDING ON CARRIAGEWAY.,3,783080,Not at intersection,3,60,Arterial Highway,GREENSBOROUGH,BANYULE,-37.72912,145.07957,2022,10,October,5,Morning Peak,Weekday
T20220023423,2022-10-18,08:01:00,1,Collision with vehicle,2,Tuesday,130,REAR END(VEHICLES IN SAME LANE),1,65577,T intersection,3,70,Arterial Other,MONBULK,YARRA RANGES,-37.806084,145.40175,2022,10,October,8,Morning Peak,Weekday
T20220023470,2022-10-18,16:50:00,1,Collision with vehicle,2,Tuesday,132,RIGHT REAR.,1,39202,T intersection,3,60,Arterial Other,CANTERBURY,BOROONDARA,-37.8255,145.09354,2022,10,October,16,Afternoon Peak,Weekday
T20220023491,2022-10-18,18:35:00,1,Collision with vehicle,2,Tuesday,147,VEHICLE STRIKES ANOTHER VEH WHILE EMERGING FROM DRIVEWAY,1,734094,Not at intersection,3,50,Local Road,SCOTT,CORANGAMITE,-38.234177,143.14693,2022,10,October,18,Afternoon Peak,Weekday
T20220023493,2022-10-18,18:25:00,1,Collision with vehicle,2,Tuesday,134,LANE CHANGE RIGHT (NOT OVERTAKING),1,779235,Not at intersection,3,100,Freeway,WESTERN,BRIMBANK,-37.798542,144.77138,2022,10,October,18,Afternoon Peak,Weekday
T20220023474,2022-10-18,17:10:00,1,Collision with vehicle,2,Tuesday,130,REAR END(VEHICLES IN SAME LANE),1,779243,Not at intersection,3,80,Arterial Highway,SOUTH GIPPSLAND,CASEY,-38.098373,145.28302,2022,10,October,17,Afternoon Peak,Weekday
T20220023463,2022-10-18,14:45:00,1,Collision with vehicle,2,Tuesday,111,RIGHT FAR (INTERSECTIONS ONLY),1,308090,T intersection,3,80,Arterial Other,PASCOE VALE,HUME,-37.662666,144.92265,2022,10,October,14,Midday,Weekday
T20220023496,2022-10-18,18:13:00,1,Collision with vehicle,2,Tuesday,160,VEHICLE COLLIDES WITH VEHICLE PARKED ON LEFT OF ROAD,1,728689,Not at intersection,1,60,Local Road,AGAR,MELTON,-37.798946,144.74657,2022,10,October,18,Afternoon Peak,Weekday
T20220024313,2022-10-18,09:00:00,1,Collision with vehicle,2,Tuesday,130,REAR END(VEHICLES IN SAME LANE),1,732646,Not at intersection,3,50,Local Road,THE LAKES,WHITTLESEA,-37.632324,145.09319,2022,10,October,9,Morning Peak,Weekday
T20220023643,2022-10-18,17:20:00,1,Collision with vehicle,2,Tuesday,130,REAR END(VEHICLES IN SAME LANE),1,734190,Not at intersection,3,60,Local Road,GLADSTONE,DANDENONG,-37.95388,145.20784,2022,10,October,17,Afternoon Peak,Weekday
T20220025140,2022-10-18,10:15:00,1,Collision with vehicle,2,Tuesday,130,REAR END(VEHICLES IN SAME LANE),1,734296,Not at intersection,3,80,Arterial Highway,BURWOOD,KNOX,-37.869576,145.23761,2022,10,October,10,Midday,Weekday
T20220024092,2022-10-18,18:00:00,1,Collision with vehicle,2,Tuesday,130,REAR END(VEHICLES IN SAME LANE),1,776023,Not at intersection,3,60,Local Road,KIDDS,CASEY,-37.987183,145.23483,2022,10,October,18,Afternoon Peak,Weekday
T20220023414,2022-10-18,05:13:00,4,Collision with a fixed object,2,Tuesday,173,RIGHT OFF CARRIAGEWAY INTO OBJECT/PARKED VEHICLE,3,738160,Not at intersection,3,60,Local Road,KIALLA,STONNINGTON,-37.86061,145.05663,2022,10,October,5,Morning Peak,Weekday
T20220023454,2022-10-18,11:55:00,1,Collision with vehicle,2,Tuesday,135,LANE CHANGE LEFT (NOT OVERTAKING),1,775006,Not at intersection,3,70,Arterial Other,MICKLEHAM ROAD SERVICE,HUME,-37.694645,144.88142,2022,10,October,11,Midday,Weekday
T20220023450,2022-10-18,11:59:00,1,Collision with vehicle,2,Tuesday,130,REAR END(VEHICLES IN SAME LANE),1,728757,Not at intersection,2,70,Arterial Other,LOWER PLENTY,BANYULE,-37.72935,145.10205,2022,10,October,11,Midday,Weekday
T20220023498,2022-10-18,21:20:00,1,Collision with vehicle,2,Tuesday,140,U TURN,3,738086,Not at intersection,2,60,Arterial Other,BURWOOD,BOROONDARA,-37.821163,145.02289,2022,10,October,21,Night,Weekday
T20220025249,2022-10-19,17:10:00,1,Collision with vehicle,3,Wednesday,110,CROSS TRAFFIC(INTERSECTIONS ONLY),1,51975,Cross intersection,3,60,Local Road,COATES,EAST GIPPSLAND,-37.873432,148.00084,2022,10,October,17,Afternoon Peak,Weekday
T20220023543,2022-10-19,14:22:00,1,Collision with vehicle,3,Wednesday,120,HEAD ON (NOT OVERTAKING),1,730380,Not at intersection,2,80,Arterial Other,MORNINGTON-TYABB,MORNINGTON PENINSULA,-38.26131,145.17776,2022,10,October,14,Midday,Weekday
T20220023514,2022-10-19,08:27:00,1,Collision with vehicle,3,Wednesday,133,LANE SIDE SWIPE (VEHICLES IN PARALLEL LANES),1,773170,Not at intersection,3,80,Freeway,MONASH,STONNINGTON,-37.85965,145.05914,2022,10,October,8,Morning Peak,Weekday
T20220023516,2022-10-19,08:56:00,1,Collision with vehicle,3,Wednesday,113,RIGHT NEAR (INTERSECTIONS ONLY),1,62324,T intersection,3,50,Local Road,FRANCIS,MORELAND,-37.71452,144.94234,2022,10,October,8,Morning Peak,Weekday
T20220023549,2022-10-19,14:35:00,4,Collision with a fixed object,3,Wednesday,171,LEFT OFF CARRIAGEWAY INTO OBJECT/PARKED VEHICLE,1,742808,Not at intersection,3,100,Local Road,MITRE,WEST WIMMERA,-36.676044,141.7343,2022,10,October,14,Midday,Weekday
T20220023558,2022-10-19,15:21:00,2,Struck Pedestrian,3,Wednesday,100,PED NEAR SIDE. PED HIT BY VEHICLE FROM THE RIGHT.,1,29782,Cross intersection,3,40,Arterial Other,BONEO,MORNINGTON PENINSULA,-38.36746,144.88942,2022,10,October,15,Afternoon Peak,Weekday
T20220023563,2022-10-19,19:30:00,1,Collision with vehicle,3,Wednesday,148,VEHICLE OFF FOOTPATH STRIKES VEH ON CARRIAGEWAY,1,730602,Not at intersection,3,80,Arterial Other,THOMPSONS,CASEY,-38.08176,145.27255,2022,10,October,19,Night,Weekday
T20220023564,2022-10-19,17:50:00,1,Collision with vehicle,3,Wednesday,121,RIGHT THROUGH,1,29549,T intersection,3,50,Arterial Other,AUBURN,BOROONDARA,-37.815815,145.0463,2022,10,October,17,Afternoon Peak,Weekday
T20220023565,2022-10-19,17:03:00,1,Collision with vehicle,3,Wednesday,130,REAR END(VEHICLES IN SAME LANE),1,779250,Not at intersection,3,50,Local Road,FRAWLEY,CASEY,-37.999187,145.25719,2022,10,October,17,Afternoon Peak,Weekday
T20220023553,2022-10-19,16:00:00,1,Collision with vehicle,3,Wednesday,160,VEHICLE COLLIDES WITH VEHICLE PARKED ON LEFT OF ROAD,1,779253,Not at intersection,3,60,Local Road,KOOYONG,GLEN EIRA,-37.873783,145.01735,2022,10,October,16,Afternoon Peak,Weekday
T20220023555,2022-10-19,14:15:00,1,Collision with vehicle,3,Wednesday,113,RIGHT NEAR (INTERSECTIONS ONLY),1,39336,Cross intersection,2,60,Arterial Other,STATION,WHITEHORSE,-37.80177,145.12686,2022,10,October,14,Midday,Weekday
T20220023517,2022-10-19,08:45:00,1,Collision with vehicle,3,Wednesday,148,VEHICLE OFF FOOTPATH STRIKES VEH ON CARRIAGEWAY,1,783100,Not at intersection,3,40,Local Road,AMESS,MORELAND,-37.77973,144.9747,2022,10,October,8,Morning Peak,Weekday
T20220023519,2022-10-19,07:20:00,1,Collision with vehicle,3,Wednesday,110,CROSS TRAFFIC(INTERSECTIONS ONLY),1,42261,Cross intersection,3,60,Local Road,CHESTERVILLE,GLEN EIRA,-37.935444,145.06157,2022,10,October,7,Morning Peak,Weekday
T20220023557,2022-10-19,18:00:00,1,Collision with vehicle,3,Wednesday,160,VEHICLE COLLIDES WITH VEHICLE PARKED ON LEFT OF ROAD,2,756600,Not at intersection,3,50,Local Road,APSLEY,MORELAND,-37.70805,144.92767,2022,10,October,18,Afternoon Peak,Weekday
T20220023521,2022-10-19,09:39:00,4,Collision with a fixed object,3,Wednesday,164,PERMANENT OBSTRUCTION ON CARRIAGEWAY,1,35621,T intersection,2,60,Arterial Highway,FRANKSTON-DANDENONG,DANDENONG,-38.002277,145.21774,2022,10,October,9,Morning Peak,Weekday
T20220023528,2022-10-19,11:24:00,1,Collision with vehicle,3,Wednesday,121,RIGHT THROUGH,1,53374,Cross intersection,3,80,Arterial Highway,NEPEAN,MORNINGTON PENINSULA,-38.21868,145.059,2022,10,October,11,Midday,Weekday
T20220023571,2022-10-19,14:06:00,1,Collision with vehicle,3,Wednesday,113,RIGHT NEAR (INTERSECTIONS ONLY),1,731755,T intersection,2,60,Local Road,KURUNJANG,MELTON,-37.674618,144.58551,2022,10,October,14,Midday,Weekday
T20220023529,2022-10-19,10:02:00,1,Collision with vehicle,3,Wednesday,130,REAR END(VEHICLES IN SAME LANE),1,731701,Not at intersection,3,80,Freeway,PRINCES,WYNDHAM,-37.87088,144.74734,2022,10,October,10,Midday,Weekday
T20220023573,2022-10-19,18:27:00,1,Collision with vehicle,3,Wednesday,129,OTHER OPPOSING MANOEUVRES NOT INCLUDED IN DCAs 120-125.,1,783139,Not at intersection,3,60,Local Road,HEFFERNAN,HOBSONS BAY,-37.862434,144.76701,2022,10,October,18,Afternoon Peak,Weekday
T20220023576,2022-10-19,15:35:00,4,Collision with a fixed object,3,Wednesday,183,OFF LEFT BEND INTO OBJECT/PARKED VEHICLE,1,733995,Not at intersection,2,80,Arterial Other,GRANYA,TOWONG,-36.12542,147.33403,2022,10,October,15,Afternoon Peak,Weekday
T20220023537,2022-10-19,06:30:00,4,Collision with a fixed object,3,Wednesday,171,LEFT OFF CARRIAGEWAY INTO OBJECT/PARKED VEHICLE,2,760541,Not at intersection,2,100,Arterial Highway,MCIVOR,BENDIGO,-36.779804,144.46877,2022,10,October,6,Morning Peak,Weekday
T20220023578,2022-10-19,20:53:00,1,Collision with vehicle,3,Wednesday,121,RIGHT THROUGH,3,221792,Multiple intersection,3,80,Freeway,COOPER-HUME OUT,WHITTLESEA,-37.64797,144.98982,2022,10,October,20,Night,Weekday
T20220023538,2022-10-19,08:26:00,1,Collision with vehicle,3,Wednesday,133,LANE SIDE SWIPE (VEHICLES IN PARALLEL LANES),1,194358,Not at intersection,2,60,Arterial Other,HEIDELBERG,DAREBIN,-37.783604,145.01596,2022,10,October,8,Morning Peak,Weekday
T20220023581,2022-10-19,16:29:00,4,Collision with a fixed object,3,Wednesday,181,OFF RIGHT BEND INTO OBJECT/PARKED VEHICLE,1,730674,Not at intersection,2,80,Local Road,ASHBOURNE,MACEDON RANGES,-37.387634,144.45209,2022,10,October,16,Afternoon Peak,Weekday
T20220023587,2022-10-19,21:30:00,2,Struck Pedestrian,3,Wednesday,103,PED PLAYING/LYING/WORKING/STANDING ON CARRIAGEWAY.,3,731119,Not at intersection,2,50,Local Road,STANLAKE,MARIBYRNONG,-37.792095,144.88446,2022,10,October,21,Night,Weekday
T20220026367,2022-10-19,09:30:00,1,Collision with vehicle,3,Wednesday,147,VEHICLE STRIKES ANOTHER VEH WHILE EMERGING FROM DRIVEWAY,1,783134,Not at intersection,3,70,Local Road,MCCLELLAND,FRANKSTON,-38.15099,145.1729,2022,10,October,9,Morning Peak,Weekday
T20220023583,2022-10-19,18:00:00,1,Collision with vehicle,3,Wednesday,111,RIGHT FAR (INTERSECTIONS ONLY),1,695373,Cross intersection,3,50,Local Road,NORTHSIDE,WHITTLESEA,-37.61813,145.0188,2022,10,October,18,Afternoon Peak,Weekday
T20220024684,2022-10-19,16:10:00,1,Collision with vehicle,3,Wednesday,135,LANE CHANGE LEFT (NOT OVERTAKING),1,37194,Cross intersection,2,50,Arterial Other,CHURCH,YARRA,-37.814507,144.99992,2022,10,October,16,Afternoon Peak,Weekday
T20220023584,2022-10-19,14:51:00,1,Collision with vehicle,3,Wednesday,121,RIGHT THROUGH,1,780340,Cross intersection,3,30,Arterial Other,PLENTY,NILLUMBIK,-37.68616,145.06816,2022,10,October,14,Midday,Weekday