ACCIDENT_NO,ACCIDENT_DATE,ACCIDENT_TIME,ACCIDENT_TYPE,ACCIDENT_TYPE_DESC,DAY_OF_WEEK,DAY_WEEK_DESC,DCA_CODE,DCA_DESC,LIGHT_CONDITION,NODE_ID,ROAD_GEOMETRY_DESC,SEVERITY,SPEED_ZONE,RMA,ROAD_NAME,LGA_NAME,LATITUDE,LONGITUDE,YEAR,MONTH,MONTH_NAME,HOUR,TIME_PERIOD,DAY_TYPE
T20220023569,2022-10-19,14:58:00,1,Collision with vehicle,3,Wednesday,130,REAR END(VEHICLES IN SAME LANE),1,733897,Not at intersection,3,80,Arterial Highway,SOUTH GIPPSLAND,DANDENONG,-38.0181,145.23474,2022,10,October,14,Midday,Weekday
T20220024192,2022-10-19,16:30:00,8,No collision and no object struck,3,Wednesday,189,OTHER ACCIDENTS ON CURVE NOT INCLUDED IN DCAs 180-184,9,786267,Not at intersection,2,80,Arterial Other,DEANS MARSH-LORNE,SURF COAST,-38.48851,143.94014,2022,10,October,16,Afternoon Peak,Weekday
T20220025157,2022-10-19,19:19:00,1,Collision with vehicle,3,Wednesday,131,LEFT REAR,1,40113,Cross intersection,3,50,Local Road,DICKENS,PORT PHILLIP,-37.873177,144.98244,2022,10,October,19,Night,Weekday
T20220024091,2022-10-19,21:09:00,1,Collision with vehicle,3,Wednesday,132,RIGHT REAR.,3,731908,Not at intersection,3,60,Arterial Other,BALLARAT,MARIBYRNONG,-37.791676,144.89113,2022,10,October,21,Night,Weekday
T20220025202,2022-10-19,06:29:00,1,Collision with vehicle,3,Wednesday,160,VEHICLE COLLIDES WITH VEHICLE PARKED ON LEFT OF ROAD,2,775047,Not at intersection,3,50,Local Road,COBDEN,BOROONDARA,-37.803345,145.0359,2022,10,October,6,Morning Peak,Weekday
T20220023707,2022-10-19,16:20:00,1,Collision with vehicle,3,Wednesday,121,RIGHT THROUGH,1,786265,T intersection,2,60,Local Road,LINTON,GLEN EIRA,-37.934032,145.04318,2022,10,October,16,Afternoon Peak,Weekday
T20220023630,2022-10-19,15:30:00,3,Struck animal,3,Wednesday,167,STRUCK ANIMAL,1,731905,Not at intersection,2,60,Arterial Other,MT BAW BAW TOURIST,BAW BAW,-37.875343,146.09554,2022,10,October,15,Afternoon Peak,Weekday
T20220023619,2022-10-20,07:35:00,1,Collision with vehicle,4,Thursday,130,REAR END(VEHICLES IN SAME LANE),1,775009,Not at intersection,2,100,Freeway,EASTERN,MANNINGHAM,-37.799488,145.14664,2022,10,October,7,Morning Peak,Weekday
T20220023618,2022-10-20,09:29:00,1,Collision with vehicle,4,Thursday,130,REAR END(VEHICLES IN SAME LANE),1,253561,Not at intersection,2,100,Freeway,WESTERN RING,BRIMBANK,-37.746616,144.8388,2022,10,October,9,Morning Peak,Weekday
T20220023617,2022-10-20,08:15:00,1,Collision with vehicle,4,Thursday,121,RIGHT THROUGH,1,736665,Not at intersection,2,80,Local Road,WELLINGTON,MONASH,-37.919758,145.16676,2022,10,October,8,Morning Peak,Weekday
T20220023616,2022-10-20,09:10:00,1,Collision with vehicle,4,Thursday,120,HEAD ON (NOT OVERTAKING),1,737537,Not at intersection,2,70,Arterial Other,OLD DANDENONG,KINGSTON,-37.96339,145.10548,2022,10,October,9,Morning Peak,Weekday
T20220023615,2022-10-20,08:45:00,1,Collision with vehicle,4,Thursday,130,REAR END(VEHICLES IN SAME LANE),1,730362,Not at intersection,3,60,Arterial Other,SOMERTON,HUME,-37.640095,144.92538,2022,10,October,8,Morning Peak,Weekday
T20220023614,2022-10-20,08:11:00,1,Collision with vehicle,4,Thursday,110,CROSS TRAFFIC(INTERSECTIONS ONLY),1,50699,Cross intersection,3,60,Arterial Highway,RAGLAN,WARRNAMBOOL,-38.382908,142.49031,2022,10,October,8,Morning Peak,Weekday
T20220023611,2022-10-20,08:40:00,1,Collision with vehicle,4,Thursday,113,RIGHT NEAR (INTERSECTIONS ONLY),1,44360,T intersection,3,60,Local Road,CEMETERY,WYNDHAM,-37.893906,144.67355,2022,10,October,8,Morning Peak,Weekday
T20220023608,2022-10-20,07:30:00,1,Collision with vehicle,4,Thursday,130,REAR END(VEHICLES IN SAME LANE),1,732644,Not at intersection,2,60,Arterial Highway,TORQUAY,GEELONG,-38.18614,144.34409,2022,10,October,7,Morning Peak,Weekday
T20220023607,2022-10-20,08:20:00,1,Collision with vehicle,4,Thursday,110,CROSS TRAFFIC(INTERSECTIONS ONLY),1,732732,Cross intersection,3,50,Local Road,NICOL,WELLINGTON,-38.559597,146.67842,2022,10,October,8,Morning Peak,Weekday
T20220023602,2022-10-20,07:37:00,1,Collision with vehicle,4,Thursday,130,REAR END(VEHICLES IN SAME LANE),1,730449,Not at intersection,2,60,Arterial Other,EPPING,DAREBIN,-37.697628,145.01094,2022,10,October,7,Morning Peak,Weekday
T20220023600,2022-10-20,07:30:00,4,Collision with a fixed object,4,Thursday,171,LEFT OFF CARRIAGEWAY INTO OBJECT/PARKED VEHICLE,1,783147,Not at intersection,3,100,Arterial Highway,MAROONDAH,MURRINDINDI,-37.033203,145.67723,2022,10,October,7,Morning Peak,Weekday
T20220023599,2022-10-20,07:04:00,1,Collision with vehicle,4,Thursday,113,RIGHT NEAR (INTERSECTIONS ONLY),1,730361,Cross intersection,3,70,Freeway,KEILOR PARK,BRIMBANK,-37.725357,144.84958,2022,10,October,7,Morning Peak,Weekday
T20220023595,2022-10-20,04:22:00,1,Collision with vehicle,4,Thursday,130,REAR END(VEHICLES IN SAME LANE),3,735330,Not at intersection,2,100,Freeway,MONASH,MONASH,-37.90232,145.15236,2022,10,October,4,Late Night,Weekday
T20220023594,2022-10-20,03:45:00,1,Collision with vehicle,4,Thursday,131,LEFT REAR,5,749047,Not at intersection,2,80,Arterial Other,THOMPSONS,CASEY,-38.0866,145.31113,2022,10,October,3,Late Night,Weekday
T20220024719,2022-10-20,13:30:00,1,Collision with vehicle,4,Thursday,110,CROSS TRAFFIC(INTERSECTIONS ONLY),1,59952,Cross intersection,3,50,Local Road,CHURCH,MOUNT ALEXANDER,-36.989147,144.06757,2022,10,October,13,Midday,Weekday
T20220023566,2022-10-20,12:30:00,1,Collision with vehicle,4,Thursday,130,REAR END(VEHICLES IN SAME LANE),1,743244,T intersection,3,60,Arterial Other,CENTRE,KINGSTON,-37.927982,145.11436,2022,10,October,12,Midday,Weekday
T20220023645,2022-10-20,15:20:00,1,Collision with vehicle,4,Thursday,120,HEAD ON (NOT OVERTAKING),1,730451,Not at intersection,2,60,Arterial Other,SPRING,DAREBIN,-37.724743,145.00151,2022,10,October,15,Afternoon Peak,Weekday
T20220023915,2022-10-20,10:25:00,2,Struck Pedestrian,4,Thursday,108,PED STRUCK WALKING TO/FROM OR BOARDING/ALIGHTING VEHICLE.,1,733176,Not at intersection,3,50,Local Road,SUSPENSION,BRIMBANK,-37.781727,144.8005,2022,10,October,10,Midday,Weekday
T20220023908,2022-10-20,16:50:00,1,Collision with vehicle,4,Thursday,133,LANE SIDE SWIPE (VEHICLES IN PARALLEL LANES),1,788826,Not at intersection,3,80,Arterial Highway,PRINCES,CASEY,-38.00554,145.26682,2022,10,October,16,Afternoon Peak,Weekday
T20220023859,2022-10-20,09:35:00,1,Collision with vehicle,4,Thursday,140,U TURN,1,706190,Not at intersection,3,60,Local Road,ORRONG,GLEN EIRA,-37.86914,145.00888,2022,10,October,9,Morning Peak,Weekday
T20220023947,2022-10-20,16:45:00,1,Collision with vehicle,4,Thursday,130,REAR END(VEHICLES IN SAME LANE),1,731127,Cross intersection,3,60,Arterial Other,MILLEARA,MOONEE VALLEY,-37.750904,144.86197,2022,10,October,16,Afternoon Peak,Weekday
T20220026439,2022-10-20,08:00:00,1,Collision with vehicle,4,Thursday,159,OTHER OVERTAKING MANOEUVRES NOT INCLUDED IN DCAs 150-154,1,654701,Not at intersection,3,60,Arterial Other,MICKLEHAM,HUME,-37.63359,144.88167,2022,10,October,8,Morning Peak,Weekday
T20220026352,2022-10-20,18:30:00,6,Vehicle overturned (no collision),4,Thursday,174,OUT OF CONTROL ON CARRIAGEWAY (ON STRAIGHT),1,736683,Not at intersection,2,80,Arterial Other,SOMERTON,HUME,-37.640785,144.92976,2022,10,October,18,Afternoon Peak,Weekday
T20220023734,2022-10-20,07:00:00,1,Collision with vehicle,4,Thursday,130,REAR END(VEHICLES IN SAME LANE),2,337580,Cross intersection,3,80,Freeway,MONASH,CASEY,-37.972473,145.23749,2022,10,October,7,Morning Peak,Weekday
T20220023721,2022-10-20,11:15:00,6,Vehicle overturned (no collision),4,Thursday,174,OUT OF CONTROL ON CARRIAGEWAY (ON STRAIGHT),1,732554,Not at intersection,3,80,Local Road,FINGERBOARD,MOYNE,-38.31256,142.0718,2022,10,October,11,Midday,Weekday
T20220023700,2022-10-20,11:05:00,2,Struck Pedestrian,4,Thursday,101,PED EMERGES FROM IN FRONT OF PARKED OR STATIONARY VEHICLE,1,730366,Not at intersection,3,40,Arterial Other,HOPKINS,MARIBYRNONG,-37.800396,144.9051,2022,10,October,11,Midday,Weekday
T20220023981,2022-10-20,16:54:00,2,Struck Pedestrian,4,Thursday,102,FAR SIDE. PED HIT BY VEHICLE FROM THE LEFT,1,57059,Cross intersection,3,60,Local Road,CAROLINE SPRINGS,MELTON,-37.730984,144.74162,2022,10,October,16,Afternoon Peak,Weekday
T20220023685,2022-10-20,16:10:00,1,Collision with vehicle,4,Thursday,130,REAR END(VEHICLES IN SAME LANE),1,731121,Not at intersection,3,40,Local Road,THOMAS MITCHELL,WODONGA,-36.12505,146.88853,2022,10,October,16,Afternoon Peak,Weekday
T20220023678,2022-10-20,23:20:00,4,Collision with a fixed object,4,Thursday,181,OFF RIGHT BEND INTO OBJECT/PARKED VEHICLE,5,731756,Not at intersection,2,60,Local Road,BASIN-OLINDA,YARRA RANGES,-37.853497,145.34735,2022,10,October,23,Night,Weekday
T20220023674,2022-10-20,05:39:00,1,Collision with vehicle,4,Thursday,130,REAR END(VEHICLES IN SAME LANE),3,40806,Cross intersection,3,80,Arterial Highway,SPRINGVALE,WHITEHORSE,-37.84856,145.17044,2022,10,October,5,Morning Peak,Weekday
T20220023673,2022-10-20,14:00:00,1,Collision with vehicle,4,Thursday,110,CROSS TRAFFIC(INTERSECTIONS ONLY),1,33748,Cross intersection,2,50,Local Road,CURIE,MORELAND,-37.716484,144.92421,2022,10,October,14,Midday,Weekday
T20220023672,2022-10-20,14:40:00,1,Collision with vehicle,4,Thursday,133,LANE SIDE SWIPE (VEHICLES IN PARALLEL LANES),1,786727,Not at intersection,2,40,Arterial Other,ST GEORGES,YARRA,-37.78013,144.98657,2022,10,October,14,Midday,Weekday
T20220023671,2022-10-20,21:00:00,1,Collision with vehicle,4,Thursday,135,LANE CHANGE LEFT (NOT OVERTAKING),3,735258,Not at intersection,3,80,Freeway,WEST GATE,MELBOURNE,-37.82781,144.95406,2022,10,October,21,Night,Weekday
T20220023670,2022-10-20,21:05:00,1,Collision with vehicle,4,Thursday,121,RIGHT THROUGH,4,326301,Cross intersection,3,70,Arterial Other,POUND,CASEY,-38.026043,145.25034,2022,10,October,21,Night,Weekday
T20220023668,2022-10-20,18:21:00,2,Struck Pedestrian,4,Thursday,102,FAR SIDE. PED HIT BY VEHICLE FROM THE LEFT,1,786719,T intersection,2,70,Arterial Highway,TORQUAY,GEELONG,-38.234,144.33522,2022,10,October,18,Afternoon Peak,Weekday
T20220023666,2022-10-20,20:07:00,1,Collision with vehicle,4,Thursday,130,REAR END(VEHICLES IN SAME LANE),3,730363,Cross intersection,3,60,Arterial Other,CAMP,HUME,-37.686127,144.92676,2022,10,October,20,Night,Weekday
T20220023664,2022-10-20,07:39:00,1,Collision with vehicle,4,Thursday,130,REAR END(VEHICLES IN SAME LANE),1,309120,Cross intersection,3,70,Arterial Other,CHILDS,WHITTLESEA,-37.67046,145.07098,2022,10,October,7,Morning Peak,Weekday
T20220023663,2022-10-20,16:02:00,4,Collision with a fixed object,4,Thursday,164,PERMANENT OBSTRUCTION ON CARRIAGEWAY,1,735257,Not at intersection,3,50,Local Road,LLOYD,MELBOURNE,-37.802025,144.93065,2022,10,October,16,Afternoon Peak,Weekday
T20220023662,2022-10-20,18:30:00,4,Collision with a fixed object,4,Thursday,179,OTHER ACCIDENTS-OFF STRAIGHT NOT INCLUDED IN DCAs 170-175,2,735878,Not at intersection,3,40,Local Road,LONSDALE,MELBOURNE,-37.81272,144.96075,2022,10,October,18,Afternoon Peak,Weekday
T20220023661,2022-10-20,17:40:00,1,Collision with vehicle,4,Thursday,120,HEAD ON (NOT OVERTAKING),1,72301,T intersection,2,50,Local Road,BUXTON,FRANKSTON,-38.166206,145.15561,2022,10,October,17,Afternoon Peak,Weekday
T20220023660,2022-10-20,18:50:00,1,Collision with vehicle,4,Thursday,110,CROSS TRAFFIC(INTERSECTIONS ONLY),1,585894,Cross intersection,2,80,Arterial Other,CRANBOURNE ROAD -CRANBOURNE-FRANKSTON,FRANKSTON,-38.15626,145.17067,2022,10,October,18,Afternoon Peak,Weekday
T20220023659,2022-10-20,15:20:00,1,Collision with vehicle,4,Thursday,147,VEHICLE STRIKES ANOTHER VEH WHILE EMERGING FROM DRIVEWAY,1,729067,Not at intersection,1,80,Arterial Highway,TURNBULL,WELLINGTON,-38.614323,146.6668,2022,10,October,15,Afternoon Peak,Weekday
T20220023656,2022-10-20,16:15:00,1,Collision with vehicle,4,Thursday,110,CROSS TRAFFIC(INTERSECTIONS ONLY),1,233917,Cross intersection,2,60,Local Road,DAVIS,WYNDHAM,-37.815388,144.65686,2022,10,October,16,Afternoon Peak,Weekday
T20220023655,2022-10-20,17:56:00,1,Collision with vehicle,4,Thursday,130,REAR END(VEHICLES IN SAME LANE),1,779265,Not at intersection,3,100,Freeway,MORNINGTON PENINSULA,DANDENONG,-38.025135,145.13423,2022,10,October,17,Afternoon Peak,Weekday
T20220023654,2022-10-20,17:42:00,1,Collision with vehicle,4,Thursday,110,CROSS TRAFFIC(INTERSECTIONS ONLY),1,44609,Cross intersection,3,60,Arterial Other,MAIN,BALLARAT,-37.569946,143.87057,2022,10,October,17,Afternoon Peak,Weekday
T20220023652,2022-10-20,16:23:00,1,Collision with vehicle,4,Thursday,130,REAR END(VEHICLES IN SAME LANE),1,739870,Not at intersection,2,100,Freeway,WESTERN RING,BRIMBANK,-37.76738,144.8015,2022,10,October,16,Afternoon Peak,Weekday
T20220023649,2022-10-20,16:00:00,1,Collision with vehicle,4,Thursday,121,RIGHT THROUGH,1,286900,Cross intersection,2,60,Arterial Other,CAMMS,CASEY,-38.100475,145.29233,2022,10,October,16,Afternoon Peak,Weekday
T20220023647,2022-10-20,16:45:00,8,No collision and no object struck,4,Thursday,174,OUT OF CONTROL ON CARRIAGEWAY (ON STRAIGHT),1,737108,Not at intersection,2,50,Local Road,SHEARWATER,CARDINIA,-38.067944,145.45375,2022,10,October,16,Afternoon Peak,Weekday
T20220023641,2022-10-20,13:41:00,1,Collision with vehicle,4,Thursday,121,RIGHT THROUGH,1,35507,Cross intersection,3,60,Arterial Other,MALVERN,STONNINGTON,-37.8505,145.02144,2022,10,October,13,Midday,Weekday
T20220023639,2022-10-20,13:50:00,2,Struck Pedestrian,4,Thursday,101,PED EMERGES FROM IN FRONT OF PARKED OR STATIONARY VEHICLE,1,738616,Not at intersection,3,60,Arterial Other,SYDNEY,MORELAND,-37.737255,144.96674,2022,10,October,13,Midday,Weekday
T20220023637,2022-10-20,13:49:00,4,Collision with a fixed object,4,Thursday,179,OTHER ACCIDENTS-OFF STRAIGHT NOT INCLUDED IN DCAs 170-175,1,730450,Not at intersection,3,50,Local Road,MARIBYRNONG,MARIBYRNONG,-37.790417,144.90088,2022,10,October,13,Midday,Weekday
T20220023624,2022-10-20,07:10:00,1,Collision with vehicle,4,Thursday,110,CROSS TRAFFIC(INTERSECTIONS ONLY),1,350037,Cross intersection,2,80,Arterial Highway,FERNTREE GULLY,KNOX,-37.899086,145.23296,2022,10,October,7,Morning Peak,Weekday
T20220023622,2022-10-20,11:00:00,1,Collision with vehicle,4,Thursday,113,RIGHT NEAR (INTERSECTIONS ONLY),1,358701,T intersection,3,80,Freeway,SOUTH GIPPSLAND-SOUTH GIPPSLAND IN,DANDENONG,-38.035767,145.24625,2022,10,October,11,Midday,Weekday
T20220023718,2022-10-21,13:00:00,1,Collision with vehicle,5,Friday,120,HEAD ON (NOT OVERTAKING),1,775010,Not at intersection,3,80,Arterial Other,PITFIELD-SCARSDALE,GOLDEN PLAINS,-37.678024,143.65497,2022,10,October,13,Midday,Weekday
T20220023702,2022-10-21,10:50:00,1,Collision with vehicle,5,Friday,130,REAR END(VEHICLES IN SAME LANE),1,737307,Not at intersection,2,100,Freeway,HUME,WHITTLESEA,-37.643024,144.99178,2022,10,October,10,Midday,Weekday
T20220023989,2022-10-21,21:52:00,2,Struck Pedestrian,5,Friday,104,PED WALKING WITH TRAFFIC,3,734587,Not at intersection,2,50,Local Road,ADINA,MORNINGTON PENINSULA,-38.22515,145.06319,2022,10,October,21,Night,Weekday
T20220023750,2022-10-21,19:48:00,4,Collision with a fixed object,5,Friday,173,RIGHT OFF CARRIAGEWAY INTO OBJECT/PARKED VEHICLE,3,732368,Not at intersection,1,100,Freeway,WESTERN,MELTON,-37.749546,144.7166,2022,10,October,19,Night,Weekday
T20220023749,2022-10-21,17:09:00,1,Collision with vehicle,5,Friday,116,LEFT NEAR (INTERSECTIONS ONLY),1,595601,T intersection,3,60,Local Road,PATTERSONS,CASEY,-38.119232,145.33122,2022,10,October,17,Afternoon Peak,Weekday
T20220023706,2022-10-21,12:30:00,4,Collision with a fixed object,5,Friday,171,LEFT OFF CARRIAGEWAY INTO OBJECT/PARKED VEHICLE,1,730367,Not at intersection,2,50,Local Road,CAMERON,GEELONG,-38.148235,144.58282,2022,10,October,12,Midday,Weekday
T20220023732,2022-10-21,17:15:00,4,Collision with a fixed object,5,Friday,173,RIGHT OFF CARRIAGEWAY INTO OBJECT/PARKED VEHICLE,1,733003,Not at intersection,3,50,Local Road,HUNTER,LATROBE,-38.208637,146.5464,2022,10,October,17,Afternoon Peak,Weekday
T20220023728,2022-10-21,16:17:00,1,Collision with vehicle,5,Friday,120,HEAD ON (NOT OVERTAKING),1,773171,Not at intersection,2,80,Local Road,GREIGS,MELTON,-37.74749,144.57664,2022,10,October,16,Afternoon Peak,Weekday
T20220023761,2022-10-21,19:38:00,8,No collision and no object struck,5,Friday,175,OFF END OF ROAD/T-INTERSECTION.,2,58363,T intersection,1,100,Local Road,GREENS,GANNAWARRA,-35.870934,144.1903,2022,10,October,19,Night,Weekday
T20220023997,2022-10-21,19:10:00,1,Collision with vehicle,5,Friday,116,LEFT NEAR (INTERSECTIONS ONLY),2,750423,Cross intersection,3,80,Arterial Highway,PRINCES,MONASH,-37.932636,145.15637,2022,10,October,19,Night,Weekday
T20220023717,2022-10-21,14:00:00,1,Collision with vehicle,5,Friday,110,CROSS TRAFFIC(INTERSECTIONS ONLY),1,36127,Cross intersection,2,60,Arterial Other,KING,MELBOURNE,-37.80629,144.94981,2022,10,October,14,Midday,Weekday
T20220023681,2022-10-21,01:30:00,4,Collision with a fixed object,5,Friday,175,OFF END OF ROAD/T-INTERSECTION.,3,38529,T intersection,2,60,Local Road,FAIRBAIRN,BRIMBANK,-37.802082,144.81873,2022,10,October,1,Late Night,Weekday
T20220023714,2022-10-21,13:09:00,6,Vehicle overturned (no collision),5,Friday,170,OFF CARRIAGEWAY TO LEFT,1,731784,Not at intersection,2,60,Arterial Other,BALLAN,WYNDHAM,-37.867058,144.60681,2022,10,October,13,Midday,Weekday
T20220023773,2022-10-21,23:25:00,2,Struck Pedestrian,5,Friday,100,PED NEAR SIDE. PED HIT BY VEHICLE FROM THE RIGHT.,5,751589,Cross intersection,2,50,Local Road,ELNA,KINGSTON,-37.94421,145.05408,2022,10,October,23,Night,Weekday
T20220023711,2022-10-21,11:51:00,1,Collision with vehicle,5,Friday,113,RIGHT NEAR (INTERSECTIONS ONLY),1,54676,T intersection,2,100,Arterial Highway,DANDENONG-HASTINGS,CASEY,-38.20771,145.21516,2022,10,October,11,Midday,Weekday
T20220023756,2022-10-21,22:25:00,4,Collision with a fixed object,5,Friday,189,OTHER ACCIDENTS ON CURVE NOT INCLUDED IN DCAs 180-184,3,773172,Not at intersection,2,60,Arterial Other,MOUNT DANDENONG TOURIST,YARRA RANGES,-37.8102,145.38078,2022,10,October,22,Night,Weekday
T20220023775,2022-10-21,05:30:00,1,Collision with vehicle,5,Friday,160,VEHICLE COLLIDES WITH VEHICLE PARKED ON LEFT OF ROAD,6,738163,Not at intersection,3,50,Local Road,ORCHID,MELTON,-37.664616,144.53818,2022,10,October,5,Morning Peak,Weekday
T20220023741,2022-10-21,17:05:00,1,Collision with vehicle,5,Friday,110,CROSS TRAFFIC(INTERSECTIONS ONLY),1,48758,Cross intersection,3,70,Local Road,PATTERSONS,CASEY,-38.12094,145.346,2022,10,October,17,Afternoon Peak,Weekday
T20220024542,2022-10-21,19:00:00,1,Collision with vehicle,5,Friday,130,REAR END(VEHICLES IN SAME LANE),2,49755,Cross intersection,3,60,Arterial Other,THOMPSON,GEELONG,-38.099854,144.34549,2022,10,October,19,Night,Weekday
T20220023710,2022-10-21,11:30:00,1,Collision with vehicle,5,Friday,110,CROSS TRAFFIC(INTERSECTIONS ONLY),1,866,Cross intersection,3,60,Local Road,LANGHORNE,DANDENONG,-37.987713,145.21533,2022,10,October,11,Midday,Weekday
T20220023682,2022-10-21,01:15:00,4,Collision with a fixed object,5,Friday,171,LEFT OFF CARRIAGEWAY INTO OBJECT/PARKED VEHICLE,5,783176,Not at intersection,3,80,Arterial Other,BRAESIDE-DANDENONG,DANDENONG,-38.0129,145.16768,2022,10,October,1,Late Night,Weekday
T20220023701,2022-10-21,07:42:00,1,Collision with vehicle,5,Friday,113,RIGHT NEAR (INTERSECTIONS ONLY),1,36254,T intersection,2,80,Arterial Other,WELLINGTON,KNOX,-37.92765,145.24062,2022,10,October,7,Morning Peak,Weekday
T20220023687,2022-10-21,08:15:00,4,Collision with a fixed object,5,Friday,171,LEFT OFF CARRIAGEWAY INTO OBJECT/PARKED VEHICLE,1,751156,Not at intersection,2,80,Arterial Other,NARRE WARREN NORTH,CASEY,-38.02549,145.30711,2022,10,October,8,Morning Peak,Weekday
T20220023824,2022-10-21,22:45:00,1,Collision with vehicle,5,Friday,130,REAR END(VEHICLES IN SAME LANE),3,742705,Not at intersection,3,60,Arterial Other,GLEN HUNTLY,PORT PHILLIP,-37.88276,144.98758,2022,10,October,22,Night,Weekday
T20220023738,2022-10-21,18:40:00,1,Collision with vehicle,5,Friday,121,RIGHT THROUGH,1,47222,T intersection,3,60,Local Road,GREENSLOPES,YARRA RANGES,-37.775238,145.3306,2022,10,October,18,Afternoon Peak,Weekday
T20220023796,2022-10-21,05:45:00,1,Collision with vehicle,5,Friday,130,REAR END(VEHICLES IN SAME LANE),3,260,Cross intersection,3,60,Arterial Highway,PUNT,MELBOURNE,-37.82468,144.98883,2022,10,October,5,Morning Peak,Weekday
T20230002824,2022-10-21,09:30:00,1,Collision with vehicle,5,Friday,135,LANE CHANGE LEFT (NOT OVERTAKING),1,783177,Not at intersection,3,60,Arterial Highway,LOWER DANDENONG,KINGSTON,-37.982533,145.0757,2022,10,October,9,Morning Peak,Weekday
T20220023878,2022-10-21,14:00:00,4,Collision with a fixed object,5,Friday,173,RIGHT OFF CARRIAGEWAY INTO OBJECT/PARKED VEHICLE,9,783179,Not at intersection,3,50,Local Road,FRANK HAYES,WANGARATTA,-36.36359,146.29996,2022,10,October,14,Midday,Weekday
T20220023693,2022-10-21,09:27:00,1,Collision with vehicle,5,Friday,113,RIGHT NEAR (INTERSECTIONS ONLY),1,50264,Cross intersection,2,70,Arterial Other,BARWON HEADS,GEELONG,-38.223328,144.37018,2022,10,October,9,Morning Peak,Weekday
T20220023709,2022-10-21,11:11:00,1,Collision with vehicle,5,Friday,130,REAR END(VEHICLES IN SAME LANE),1,738496,T intersection,3,60,Arterial Other,HOWITT,BALLARAT,-37.541832,143.84529,2022,10,October,11,Midday,Weekday
T20220023737,2022-10-21,16:18:00,1,Collision with vehicle,5,Friday,121,RIGHT THROUGH,1,739871,T intersection,2,70,Arterial Other,BALLARAT,BRIMBANK,-37.770966,144.78104,2022,10,October,16,Afternoon Peak,Weekday
T20220023697,2022-10-21,06:47:00,1,Collision with vehicle,5,Friday,130,REAR END(VEHICLES IN SAME LANE),1,48329,Cross intersection,3,70,Arterial Other,WICKLOW,MAROONDAH,-37.800762,145.27267,2022,10,October,6,Morning Peak,Weekday
T20220023698,2022-10-21,08:55:00,4,Collision with a fixed object,5,Friday,171,LEFT OFF CARRIAGEWAY INTO OBJECT/PARKED VEHICLE,1,732827,Not at intersection,3,50,Local Road,CENTRAL,HUME,-37.686172,144.93336,2022,10,October,8,Morning Peak,Weekday
T20220025779,2022-10-21,08:20:00,1,Collision with vehicle,5,Friday,116,LEFT NEAR (INTERSECTIONS ONLY),1,735891,T intersection,3,60,Arterial Highway,NORTH,GLEN EIRA,-37.90399,145.03978,2022,10,October,8,Morning Peak,Weekday
T20220024093,2022-10-21,08:57:00,1,Collision with vehicle,5,Friday,113,RIGHT NEAR (INTERSECTIONS ONLY),1,711709,T intersection,3,60,Arterial Other,WESTMILL,WYNDHAM,-37.876266,144.67169,2022,10,October,8,Morning Peak,Weekday
T20220023770,2022-10-21,21:38:00,1,Collision with vehicle,5,Friday,160,VEHICLE COLLIDES WITH VEHICLE PARKED ON LEFT OF ROAD,5,755269,Not at intersection,3,50,Local Road,ANDERSON,EAST GIPPSLAND,-37.827404,147.61034,2022,10,October,21,Night,Weekday
T20220024203,2022-10-21,17:20:00,1,Collision with vehicle,5,Friday,130,REAR END(VEHICLES IN SAME LANE),1,733443,Not at intersection,3,60,Local Road,OAKLANDS,HUME,-37.586395,144.84387,2022,10,October,17,Afternoon Peak,Weekday
T20220023790,2022-10-21,18:20:00,1,Collision with vehicle,5,Friday,121,RIGHT THROUGH,1,780352,T intersection,3,70,Local Road,BURKE,MARIBYRNONG,-37.77931,144.84944,2022,10,October,18,Afternoon Peak,Weekday
T20220025295,2022-10-21,22:30:00,1,Collision with vehicle,5,Friday,110,CROSS TRAFFIC(INTERSECTIONS ONLY),6,64110,Cross intersection,2,60,Local Road,SEPARATION,DAREBIN,-37.772945,145.03062,2022,10,October,22,Night,Weekday
T20220023836,2022-10-22,17:05:00,1,Collision with vehicle,6,Saturday,121,RIGHT THROUGH,1,37691,T intersection,2,40,Local Road,CHAPEL,STONNINGTON,-37.843784,144.99475,2022,10,October,17,Afternoon Peak,Weekend
T20220023863,2022-10-22,17:05:00,2,Struck Pedestrian,6,Saturday,102,FAR SIDE. PED HIT BY VEHICLE FROM THE LEFT,1,48622,T intersection,3,60,Arterial Other,BERWICK-CRANBOURNE,CASEY,-38.114864,145.29652,2022,10,October,17,Afternoon Peak,Weekend
T20220023768,2022-10-22,02:37:00,1,Collision with vehicle,6,Saturday,130,REAR END(VEHICLES IN SAME LANE),3,779841,Cross intersection,3,60,Arterial Other,RYRIE,GEELONG,-38.152756,144.37222,2022,10,October,2,Late Night,Weekend
T20220024553,2022-10-22,11:22:00,1,Collision with vehicle,6,Saturday,130,REAR END(VEHICLES IN SAME LANE),1,294955,T intersection,3,80,Freeway,BURWOOD,KNOX,-37.86121,145.21114,2022,10,October,11,Midday,Weekend