ACCIDENT_NO,ACCIDENT_DATE,ACCIDENT_TIME,ACCIDENT_TYPE,ACCIDENT_TYPE_DESC,DAY_OF_WEEK,DAY_WEEK_DESC,DCA_CODE,DCA_DESC,LIGHT_CONDITION,NODE_ID,ROAD_GEOMETRY_DESC,SEVERITY,SPEED_ZONE,RMA,ROAD_NAME,LGA_NAME,LATITUDE,LONGITUDE,YEAR,MONTH,MONTH_NAME,HOUR,TIME_PERIOD,DAY_TYPE
T20220023799,2022-10-22,14:20:00,4,Collision with a fixed object,6,Saturday,171,LEFT OFF CARRIAGEWAY INTO OBJECT/PARKED VEHICLE,1,740480,Not at intersection,3,60,Local Road,HALTON,DANDENONG,-37.954773,145.19273,2022,10,October,14,Midday,Weekend
T20230002413,2022-10-22,21:23:00,1,Collision with vehicle,6,Saturday,121,RIGHT THROUGH,9,35517,Cross intersection,3,60,Arterial Other,RIVERSDALE,BOROONDARA,-37.83421,145.08136,2022,10,October,21,Night,Weekend
T20220026111,2022-10-22,11:28:00,1,Collision with vehicle,6,Saturday,130,REAR END(VEHICLES IN SAME LANE),1,308783,Cross intersection,3,80,Arterial Highway,DINGLEY,KINGSTON,-37.95942,145.11278,2022,10,October,11,Midday,Weekend
T20220023788,2022-10-22,11:45:00,1,Collision with vehicle,6,Saturday,130,REAR END(VEHICLES IN SAME LANE),1,779842,Cross intersection,3,60,Arterial Other,VICTORIA,MELBOURNE,-37.80959,144.98642,2022,10,October,11,Midday,Weekend
T20220023984,2022-10-22,11:30:00,1,Collision with vehicle,6,Saturday,130,REAR END(VEHICLES IN SAME LANE),1,779285,Not at intersection,3,60,Local Road,LYNNWOOD,MANNINGHAM,-37.769215,145.12434,2022,10,October,11,Midday,Weekend
T20220023825,2022-10-22,22:30:00,1,Collision with vehicle,6,Saturday,130,REAR END(VEHICLES IN SAME LANE),5,731786,Not at intersection,3,100,Freeway,SOUTH GIPPSLAND,CASEY,-37.998375,145.2527,2022,10,October,22,Night,Weekend
T20220023786,2022-10-22,12:08:00,1,Collision with vehicle,6,Saturday,145,REVERSING IN STREAM OF TRAFFIC,1,7802,Cross intersection,3,40,Arterial Other,BURWOOD,BOROONDARA,-37.821564,145.02638,2022,10,October,12,Midday,Weekend
T20220024422,2022-10-22,21:29:00,5,collision with some other object,6,Saturday,166,STRUCK OBJECT ON CARRIAGEWAY,5,109580,Not at intersection,3,100,Freeway,HUME,HUME,-37.56367,144.9415,2022,10,October,21,Night,Weekend
T20220026835,2022-10-22,05:45:00,4,Collision with a fixed object,6,Saturday,183,OFF LEFT BEND INTO OBJECT/PARKED VEHICLE,3,782985,Not at intersection,3,80,Freeway,CITYLINK IN-LORIMER,MELBOURNE,-37.824413,144.93086,2022,10,October,5,Morning Peak,Weekend
T20220023777,2022-10-22,09:10:00,6,Vehicle overturned (no collision),6,Saturday,174,OUT OF CONTROL ON CARRIAGEWAY (ON STRAIGHT),1,773173,Not at intersection,3,60,Arterial Highway,MURRAY VALLEY,MOIRA,-35.925488,145.48851,2022,10,October,9,Morning Peak,Weekend
T20220023763,2022-10-22,00:25:00,1,Collision with vehicle,6,Saturday,121,RIGHT THROUGH,3,780351,T intersection,3,80,Arterial Highway,STUD,KNOX,-37.929577,145.23286,2022,10,October,0,Late Night,Weekend
T20220023803,2022-10-22,13:10:00,6,Vehicle overturned (no collision),6,Saturday,180,OFF CARRIAGEWAY ON RIGHT BEND,1,783014,Not at intersection,3,100,Arterial Other,MAIN NEERIM,BAW BAW,-37.934704,145.9603,2022,10,October,13,Midday,Weekend
T20220023805,2022-10-22,15:48:00,4,Collision with a fixed object,6,Saturday,171,LEFT OFF CARRIAGEWAY INTO OBJECT/PARKED VEHICLE,1,224082,Not at intersection,2,60,Arterial Other,BALCOMBE,KINGSTON,-37.98142,145.06604,2022,10,October,15,Afternoon Peak,Weekend
T20220024014,2022-10-22,09:54:00,6,Vehicle overturned (no collision),6,Saturday,182,OFF CARRIAGEWAY ON LEFT BEND,1,782986,Not at intersection,3,60,Arterial Other,HODDLE-HEIDELBERG OUT,YARRA,-37.787098,144.99504,2022,10,October,9,Morning Peak,Weekend
T20220023807,2022-10-22,17:45:00,1,Collision with vehicle,6,Saturday,121,RIGHT THROUGH,1,690192,T intersection,3,50,Local Road,BRIDGEWATER,HUME,-37.620102,144.93005,2022,10,October,17,Afternoon Peak,Weekend
T20220023808,2022-10-22,17:10:00,2,Struck Pedestrian,6,Saturday,102,FAR SIDE. PED HIT BY VEHICLE FROM THE LEFT,1,216,Cross intersection,3,40,Local Road,BOURKE,MELBOURNE,-37.814964,144.96068,2022,10,October,17,Afternoon Peak,Weekend
T20230004407,2022-10-22,17:48:00,1,Collision with vehicle,6,Saturday,116,LEFT NEAR (INTERSECTIONS ONLY),9,782988,T intersection,3,50,Local Road,CARPENTER,DANDENONG,-37.960217,145.18097,2022,10,October,17,Afternoon Peak,Weekend
T20220023812,2022-10-22,19:06:00,8,No collision and no object struck,6,Saturday,174,OUT OF CONTROL ON CARRIAGEWAY (ON STRAIGHT),1,755271,Not at intersection,3,50,Local Road,SECTION,HUME,-37.63483,144.87167,2022,10,October,19,Night,Weekend
T20220024750,2022-10-22,10:30:00,1,Collision with vehicle,6,Saturday,130,REAR END(VEHICLES IN SAME LANE),1,36506,Cross intersection,3,60,Arterial Other,DERRIMUT,WYNDHAM,-37.87014,144.68405,2022,10,October,10,Midday,Weekend
T20220023764,2022-10-22,01:05:00,2,Struck Pedestrian,6,Saturday,102,FAR SIDE. PED HIT BY VEHICLE FROM THE LEFT,3,730381,T intersection,2,40,Local Road,CHAPEL,STONNINGTON,-37.845764,144.99435,2022,10,October,1,Late Night,Weekend
T20220023817,2022-10-22,19:50:00,1,Collision with vehicle,6,Saturday,113,RIGHT NEAR (INTERSECTIONS ONLY),3,730603,T intersection,3,80,Arterial Highway,DANDENONG,MONASH,-37.931164,145.154,2022,10,October,19,Night,Weekend
T20220023818,2022-10-22,22:10:00,1,Collision with vehicle,6,Saturday,153,CUTTING IN (OVERTAKING),5,738164,Not at intersection,3,80,Arterial Other,MICKLEHAM,HUME,-37.61605,144.88564,2022,10,October,22,Night,Weekend
T20220023794,2022-10-22,09:00:00,1,Collision with vehicle,6,Saturday,140,U TURN,1,45437,T intersection,3,60,Arterial Other,ASCOT VALE,MOONEE VALLEY,-37.773212,144.92381,2022,10,October,9,Morning Peak,Weekend
T20220023791,2022-10-22,10:00:00,1,Collision with vehicle,6,Saturday,120,HEAD ON (NOT OVERTAKING),1,16733,T intersection,3,80,Local Road,BELLS,GOLDEN PLAINS,-37.609486,143.80298,2022,10,October,10,Midday,Weekend
T20220026392,2022-10-22,23:20:00,1,Collision with vehicle,6,Saturday,135,LANE CHANGE LEFT (NOT OVERTAKING),3,775051,Not at intersection,3,80,Arterial Other,WESTERN HIGHWAY SERVICE,MELTON,-37.76213,144.75473,2022,10,October,23,Night,Weekend
T20220023785,2022-10-22,10:50:00,4,Collision with a fixed object,6,Saturday,183,OFF LEFT BEND INTO OBJECT/PARKED VEHICLE,1,732645,T intersection,2,80,Local Road,EAGLEHAWK-NEILBOROUGH,BENDIGO,-36.635212,144.24954,2022,10,October,10,Midday,Weekend
T20220023783,2022-10-22,11:08:00,1,Collision with vehicle,6,Saturday,133,LANE SIDE SWIPE (VEHICLES IN PARALLEL LANES),1,753359,T intersection,3,40,Arterial Other,BRIDGE,YARRA,-37.81933,145.00659,2022,10,October,11,Midday,Weekend
T20220023782,2022-10-22,10:30:00,2,Struck Pedestrian,6,Saturday,100,PED NEAR SIDE. PED HIT BY VEHICLE FROM THE RIGHT.,1,786731,Cross intersection,2,60,Arterial Highway,FOSTER,DANDENONG,-37.98863,145.21803,2022,10,October,10,Midday,Weekend
T20220023814,2022-10-22,20:35:00,1,Collision with vehicle,6,Saturday,121,RIGHT THROUGH,3,35537,Cross intersection,2,80,Arterial Highway,NEPEAN,BAYSIDE,-37.886272,144.999,2022,10,October,20,Night,Weekend
T20220023886,2022-10-23,20:37:00,2,Struck Pedestrian,7,Sunday,100,PED NEAR SIDE. PED HIT BY VEHICLE FROM THE RIGHT.,4,57447,T intersection,3,60,Arterial Other,MT DANDENONG,YARRA RANGES,-37.802277,145.3124,2022,10,October,20,Night,Weekend
T20220023885,2022-10-23,18:43:00,1,Collision with vehicle,7,Sunday,142,LEAVING PARKING,1,730675,Not at intersection,3,60,Arterial Other,UPPER HEIDELBERG,BANYULE,-37.762474,145.04887,2022,10,October,18,Afternoon Peak,Weekend
T20220023866,2022-10-23,15:05:00,1,Collision with vehicle,7,Sunday,110,CROSS TRAFFIC(INTERSECTIONS ONLY),1,799,Cross intersection,3,60,Local Road,CORRIGAN,DANDENONG,-37.961704,145.1691,2022,10,October,15,Afternoon Peak,Weekend
T20220023848,2022-10-23,13:00:00,1,Collision with vehicle,7,Sunday,130,REAR END(VEHICLES IN SAME LANE),1,733996,Not at intersection,2,80,Arterial Other,SWANSEA,YARRA RANGES,-37.781048,145.36371,2022,10,October,13,Midday,Weekend
T20220023876,2022-10-23,18:10:00,1,Collision with vehicle,7,Sunday,110,CROSS TRAFFIC(INTERSECTIONS ONLY),1,289043,Cross intersection,3,50,Arterial Other,FLEMINGTON,MELBOURNE,-37.799652,144.95503,2022,10,October,18,Afternoon Peak,Weekend
T20220023851,2022-10-23,13:30:00,5,collision with some other object,7,Sunday,166,STRUCK OBJECT ON CARRIAGEWAY,1,730605,Not at intersection,3,80,Arterial Other,WESTERNPORT,BAW BAW,-38.172104,145.81621,2022,10,October,13,Midday,Weekend
T20220023852,2022-10-23,12:37:00,1,Collision with vehicle,7,Sunday,121,RIGHT THROUGH,1,62967,Cross intersection,3,50,Local Road,WESTGATE,MORELAND,-37.737423,144.94078,2022,10,October,12,Midday,Weekend
T20220023884,2022-10-23,13:00:00,1,Collision with vehicle,7,Sunday,130,REAR END(VEHICLES IN SAME LANE),9,57408,Cross intersection,3,60,Arterial Other,MT ALEXANDER,MOONEE VALLEY,-37.752903,144.91585,2022,10,October,13,Midday,Weekend
T20220023882,2022-10-23,18:11:00,1,Collision with vehicle,7,Sunday,131,LEFT REAR,1,780423,Cross intersection,3,80,Arterial Other,FRANKSTON-DANDENONG ROAD -THOMPSON,FRANKSTON,-38.072186,145.19446,2022,10,October,18,Afternoon Peak,Weekend
T20220023877,2022-10-23,16:52:00,1,Collision with vehicle,7,Sunday,110,CROSS TRAFFIC(INTERSECTIONS ONLY),1,41066,Cross intersection,3,60,Arterial Other,MOUNTAIN,KNOX,-37.849987,145.30702,2022,10,October,16,Afternoon Peak,Weekend
T20220023881,2022-10-23,16:30:00,6,Vehicle overturned (no collision),7,Sunday,180,OFF CARRIAGEWAY ON RIGHT BEND,1,767562,Multiple intersection,2,80,Freeway,HUME-METROPOLITAN RING IN,WHITTLESEA,-37.689327,144.98619,2022,10,October,16,Afternoon Peak,Weekend
T20220023879,2022-10-23,16:30:00,6,Vehicle overturned (no collision),7,Sunday,172,OFF CARRIAGEWAY TO RIGHT,1,733705,Not at intersection,2,100,Arterial Other,DARTMOOR-HAMILTON,GLENELG,-37.91743,141.3094,2022,10,October,16,Afternoon Peak,Weekend
T20220024141,2022-10-23,12:30:00,1,Collision with vehicle,7,Sunday,130,REAR END(VEHICLES IN SAME LANE),1,735779,Not at intersection,2,60,Arterial Highway,LOWER DANDENONG,KINGSTON,-37.986923,145.11177,2022,10,October,12,Midday,Weekend
T20220023857,2022-10-23,12:10:00,4,Collision with a fixed object,7,Sunday,175,OFF END OF ROAD/T-INTERSECTION.,1,45040,T intersection,2,50,Arterial Other,MCINTYRE,BRIMBANK,-37.754597,144.83282,2022,10,October,12,Midday,Weekend
T20220023860,2022-10-23,14:12:00,8,No collision and no object struck,7,Sunday,179,OTHER ACCIDENTS-OFF STRAIGHT NOT INCLUDED IN DCAs 170-175,1,735259,Not at intersection,2,40,Local Road,RATHDOWNE,MELBOURNE,-37.806957,144.9689,2022,10,October,14,Midday,Weekend
T20220023831,2022-10-23,02:15:00,4,Collision with a fixed object,7,Sunday,173,RIGHT OFF CARRIAGEWAY INTO OBJECT/PARKED VEHICLE,3,730604,T intersection,3,70,Arterial Other,KINGS,BRIMBANK,-37.735767,144.78062,2022,10,October,2,Late Night,Weekend
T20220023833,2022-10-23,01:42:00,1,Collision with vehicle,7,Sunday,121,RIGHT THROUGH,3,299997,T intersection,2,80,Arterial Highway,SOUTH GIPPSLAND,DANDENONG,-38.0061,145.22803,2022,10,October,1,Late Night,Weekend
T20220023834,2022-10-23,00:35:00,1,Collision with vehicle,7,Sunday,113,RIGHT NEAR (INTERSECTIONS ONLY),3,38653,Cross intersection,3,60,Arterial Other,BALLARAT,MARIBYRNONG,-37.787052,144.87929,2022,10,October,0,Late Night,Weekend
T20230003374,2022-10-23,12:00:00,4,Collision with a fixed object,7,Sunday,183,OFF LEFT BEND INTO OBJECT/PARKED VEHICLE,1,753993,Not at intersection,3,100,Arterial Other,MOE-WILLOW GROVE,BAW BAW,-38.0975,146.21317,2022,10,October,12,Midday,Weekend
T20220023846,2022-10-23,11:00:00,1,Collision with vehicle,7,Sunday,110,CROSS TRAFFIC(INTERSECTIONS ONLY),1,250713,Cross intersection,2,50,Local Road,BARKLY,CASEY,-38.101345,145.28752,2022,10,October,11,Midday,Weekend
T20220023850,2022-10-23,12:37:00,1,Collision with vehicle,7,Sunday,135,LANE CHANGE LEFT (NOT OVERTAKING),1,783020,Not at intersection,3,60,Arterial Other,BLACKBURN,MONASH,-37.86333,145.1501,2022,10,October,12,Midday,Weekend
T20220023835,2022-10-23,00:45:00,1,Collision with vehicle,7,Sunday,121,RIGHT THROUGH,3,778995,T intersection,3,80,Arterial Other,POUND,DANDENONG,-38.02619,145.24632,2022,10,October,0,Late Night,Weekend
T20220023887,2022-10-23,20:02:00,4,Collision with a fixed object,7,Sunday,179,OTHER ACCIDENTS-OFF STRAIGHT NOT INCLUDED IN DCAs 170-175,5,775469,Cross intersection,2,100,Local Road,PASCHENDALE,MILDURA,-34.16836,142.01752,2022,10,October,20,Night,Weekend
T20220023889,2022-10-23,20:40:00,1,Collision with vehicle,7,Sunday,120,HEAD ON (NOT OVERTAKING),5,732829,T intersection,3,80,Local Road,RECREATION,BALLARAT,-37.604805,143.88615,2022,10,October,20,Night,Weekend
T20220023890,2022-10-23,20:52:00,6,Vehicle overturned (no collision),7,Sunday,172,OFF CARRIAGEWAY TO RIGHT,5,739442,Not at intersection,3,50,Local Road,DAVIS,MITCHELL,-37.177883,145.07892,2022,10,October,20,Night,Weekend
T20220023861,2022-10-23,14:10:00,1,Collision with vehicle,7,Sunday,121,RIGHT THROUGH,1,39206,Cross intersection,2,60,Arterial Other,DONCASTER,BOROONDARA,-37.78989,145.0997,2022,10,October,14,Midday,Weekend
T20220023893,2022-10-23,17:30:00,1,Collision with vehicle,7,Sunday,121,RIGHT THROUGH,1,732111,Cross intersection,2,70,Local Road,KILMUR,WYNDHAM,-37.87207,144.72542,2022,10,October,17,Afternoon Peak,Weekend
T20220023899,2022-10-23,21:45:00,1,Collision with vehicle,7,Sunday,130,REAR END(VEHICLES IN SAME LANE),3,278683,T intersection,3,60,Arterial Other,CRAIGIEBURN,HUME,-37.596264,144.91734,2022,10,October,21,Night,Weekend
T20230001190,2022-10-23,10:00:00,2,Struck Pedestrian,7,Sunday,107,PED ON FOOTHPATH STRUCK BY VEHENTERING/LEAVING DRIVEWAY.,1,783022,Not at intersection,3,50,Local Road,BUNYARRA,BANYULE,-37.692314,145.11128,2022,10,October,10,Midday,Weekend
T20220025805,2022-10-23,14:06:00,1,Collision with vehicle,7,Sunday,130,REAR END(VEHICLES IN SAME LANE),1,45163,T intersection,3,80,Arterial Highway,WARBURTON,YARRA RANGES,-37.775787,145.48825,2022,10,October,14,Midday,Weekend
T20220023832,2022-10-23,02:30:00,4,Collision with a fixed object,7,Sunday,173,RIGHT OFF CARRIAGEWAY INTO OBJECT/PARKED VEHICLE,3,731907,Not at intersection,2,100,Freeway,WESTERN RING,BRIMBANK,-37.718887,144.87112,2022,10,October,2,Late Night,Weekend
T20220023844,2022-10-23,12:30:00,1,Collision with vehicle,7,Sunday,148,VEHICLE OFF FOOTPATH STRIKES VEH ON CARRIAGEWAY,1,783025,T intersection,3,50,Local Road,DION,FRANKSTON,-38.114147,145.1863,2022,10,October,12,Midday,Weekend
T20220025564,2022-10-23,13:00:00,4,Collision with a fixed object,7,Sunday,164,PERMANENT OBSTRUCTION ON CARRIAGEWAY,1,735587,Not at intersection,3,100,Local Road,HARPERS NO2,MANSFIELD,-36.919247,145.93457,2022,10,October,13,Midday,Weekend
T20220028260,2022-10-23,12:05:00,1,Collision with vehicle,7,Sunday,147,VEHICLE STRIKES ANOTHER VEH WHILE EMERGING FROM DRIVEWAY,1,751041,Not at intersection,3,60,Arterial Other,POWERSCOURT,WELLINGTON,-37.96011,146.98622,2022,10,October,12,Midday,Weekend
T20220023847,2022-10-23,10:30:00,1,Collision with vehicle,7,Sunday,111,RIGHT FAR (INTERSECTIONS ONLY),1,15120,T intersection,2,100,Arterial Other,GLENGARRY WEST,LATROBE,-38.150402,146.52284,2022,10,October,10,Midday,Weekend
T20220023862,2022-10-23,14:15:00,1,Collision with vehicle,7,Sunday,148,VEHICLE OFF FOOTPATH STRIKES VEH ON CARRIAGEWAY,1,775012,Not at intersection,3,40,Local Road,COLLEGE,MELBOURNE,-37.79333,144.95879,2022,10,October,14,Midday,Weekend
T20220023985,2022-10-24,17:18:00,1,Collision with vehicle,1,Monday,134,LANE CHANGE RIGHT (NOT OVERTAKING),1,737539,T intersection,3,80,Arterial Other,PLENTY,WHITTLESEA,-37.657055,145.0789,2022,10,October,17,Afternoon Peak,Weekday
T20220025999,2022-10-24,16:30:00,1,Collision with vehicle,1,Monday,121,RIGHT THROUGH,1,43935,T intersection,3,80,Arterial Highway,SOUTH GIPPSLAND,CASEY,-38.159912,145.31857,2022,10,October,16,Afternoon Peak,Weekday
T20220023961,2022-10-24,20:15:00,2,Struck Pedestrian,1,Monday,100,PED NEAR SIDE. PED HIT BY VEHICLE FROM THE RIGHT.,4,39319,T intersection,2,60,Arterial Highway,WHITEHORSE,WHITEHORSE,-37.818092,145.12526,2022,10,October,20,Night,Weekday
T20220023954,2022-10-24,17:40:00,1,Collision with vehicle,1,Monday,150,HEAD ON(OVERTAKING),1,734483,Not at intersection,3,50,Local Road,VALDA,WHITEHORSE,-37.796734,145.1135,2022,10,October,17,Afternoon Peak,Weekday
T20220024247,2022-10-24,08:50:00,1,Collision with vehicle,1,Monday,130,REAR END(VEHICLES IN SAME LANE),1,732116,Not at intersection,3,60,Arterial Other,GEELONG,BALLARAT,-37.5971,143.8678,2022,10,October,8,Morning Peak,Weekday
T20220027076,2022-10-24,12:58:00,4,Collision with a fixed object,1,Monday,171,LEFT OFF CARRIAGEWAY INTO OBJECT/PARKED VEHICLE,1,783182,Not at intersection,3,100,Arterial Highway,GOULBURN VALLEY,MOIRA,-35.843884,145.55954,2022,10,October,12,Midday,Weekday
T20220023928,2022-10-24,09:58:00,1,Collision with vehicle,1,Monday,120,HEAD ON (NOT OVERTAKING),1,742502,Not at intersection,2,100,Arterial Highway,SOUTH GIPPSLAND,SOUTH GIPPSLAND,-38.636013,146.20012,2022,10,October,9,Morning Peak,Weekday
T20230005991,2022-10-24,14:38:00,1,Collision with vehicle,1,Monday,130,REAR END(VEHICLES IN SAME LANE),1,710013,Y intersection,3,40,Freeway,BANDIANA LINK-HUME OUT,WODONGA,-36.10708,146.90347,2022,10,October,14,Midday,Weekday
T20220024013,2022-10-24,14:02:00,1,Collision with vehicle,1,Monday,110,CROSS TRAFFIC(INTERSECTIONS ONLY),1,51792,Cross intersection,3,60,Arterial Highway,BARKER,MOUNT ALEXANDER,-37.056248,144.21844,2022,10,October,14,Midday,Weekday
T20220023949,2022-10-24,15:30:00,1,Collision with vehicle,1,Monday,148,VEHICLE OFF FOOTPATH STRIKES VEH ON CARRIAGEWAY,1,731555,T intersection,3,60,Local Road,VICTORIA,MOONEE VALLEY,-37.783875,144.9365,2022,10,October,15,Afternoon Peak,Weekday
T20220023945,2022-10-24,11:38:00,4,Collision with a fixed object,1,Monday,171,LEFT OFF CARRIAGEWAY INTO OBJECT/PARKED VEHICLE,1,731793,Not at intersection,2,100,Arterial Highway,NORTHERN,MITCHELL,-36.99202,144.775,2022,10,October,11,Midday,Weekday
T20220023920,2022-10-24,11:15:00,1,Collision with vehicle,1,Monday,121,RIGHT THROUGH,1,358422,Cross intersection,3,60,Arterial Highway,ALBERT,DAREBIN,-37.73229,145.02509,2022,10,October,11,Midday,Weekday
T20230012689,2022-10-24,11:00:00,1,Collision with vehicle,1,Monday,110,CROSS TRAFFIC(INTERSECTIONS ONLY),9,350003,Cross intersection,3,80,Arterial Other,SLADEN,CASEY,-38.111534,145.27132,2022,10,October,11,Midday,Weekday
T20220023934,2022-10-24,07:35:00,1,Collision with vehicle,1,Monday,121,RIGHT THROUGH,1,44550,Cross intersection,2,60,Arterial Other,CAMP,HUME,-37.68613,144.92683,2022,10,October,7,Morning Peak,Weekday
T20220023941,2022-10-24,16:00:00,1,Collision with vehicle,1,Monday,130,REAR END(VEHICLES IN SAME LANE),1,731703,Not at intersection,3,100,Freeway,PRINCES OUT-CARDINIA,CARDINIA,-38.078274,145.42963,2022,10,October,16,Afternoon Peak,Weekday
T20220023936,2022-10-24,14:27:00,1,Collision with vehicle,1,Monday,130,REAR END(VEHICLES IN SAME LANE),1,748589,Not at intersection,2,70,Arterial Highway,MCIVOR,BENDIGO,-36.759636,144.3176,2022,10,October,14,Midday,Weekday
T20220027699,2022-10-24,12:45:00,1,Collision with vehicle,1,Monday,132,RIGHT REAR.,1,779873,Cross intersection,3,40,Local Road,VIEW,BENDIGO,-36.759636,144.27853,2022,10,October,12,Midday,Weekday
T20220023916,2022-10-24,06:50:00,1,Collision with vehicle,1,Monday,130,REAR END(VEHICLES IN SAME LANE),1,786756,Not at intersection,2,100,Freeway,PRINCES,HOBSONS BAY,-37.857666,144.77797,2022,10,October,6,Morning Peak,Weekday
T20220023905,2022-10-24,09:40:00,2,Struck Pedestrian,1,Monday,102,FAR SIDE. PED HIT BY VEHICLE FROM THE LEFT,1,736091,Not at intersection,2,40,Arterial Other,GRANGE,GLEN EIRA,-37.88703,145.04626,2022,10,October,9,Morning Peak,Weekday
T20220023904,2022-10-24,06:25:00,5,collision with some other object,1,Monday,166,STRUCK OBJECT ON CARRIAGEWAY,2,745726,Not at intersection,3,100,Arterial Other,COLERAINE-BALMORAL,SOUTHERN GRAMPIANS,-37.5643,141.69872,2022,10,October,6,Morning Peak,Weekday
T20220023902,2022-10-24,06:41:00,1,Collision with vehicle,1,Monday,120,HEAD ON (NOT OVERTAKING),1,732112,T intersection,3,50,Local Road,OLD MELBOURNE,YARRA RANGES,-37.76032,145.30888,2022,10,October,6,Morning Peak,Weekday
T20220023901,2022-10-24,07:15:00,1,Collision with vehicle,1,Monday,110,CROSS TRAFFIC(INTERSECTIONS ONLY),1,49235,Cross intersection,2,60,Arterial Highway,MCPHERSON,HORSHAM,-36.71781,142.20494,2022,10,October,7,Morning Peak,Weekday
T20220023900,2022-10-24,02:20:00,2,Struck Pedestrian,1,Monday,102,FAR SIDE. PED HIT BY VEHICLE FROM THE LEFT,3,730532,Not at intersection,1,60,Local Road,FURLONG,BRIMBANK,-37.760193,144.81075,2022,10,October,2,Late Night,Weekday
T20220023924,2022-10-24,13:10:00,4,Collision with a fixed object,1,Monday,179,OTHER ACCIDENTS-OFF STRAIGHT NOT INCLUDED IN DCAs 170-175,1,783185,Not at intersection,3,40,Arterial Other,MAIN,NILLUMBIK,-37.715214,145.1481,2022,10,October,13,Midday,Weekday
T20220024087,2022-10-24,19:15:00,1,Collision with vehicle,1,Monday,160,VEHICLE COLLIDES WITH VEHICLE PARKED ON LEFT OF ROAD,1,786755,T intersection,2,50,Local Road,BIGGS,BRIMBANK,-37.7372,144.80415,2022,10,October,19,Night,Weekday
T20220023922,2022-10-24,11:34:00,1,Collision with vehicle,1,Monday,133,LANE SIDE SWIPE (VEHICLES IN PARALLEL LANES),1,772867,Not at intersection,2,40,Arterial Other,CHAPEL,STONNINGTON,-37.836308,144.99626,2022,10,October,11,Midday,Weekday
T20220023940,2022-10-24,11:05:00,1,Collision with vehicle,1,Monday,130,REAR END(VEHICLES IN SAME LANE),1,758758,Not at intersection,2,80,Arterial Highway,MIDLAND,SHEPPARTON,-36.394325,145.45337,2022,10,October,11,Midday,Weekday
T20220024508,2022-10-24,09:30:00,1,Collision with vehicle,1,Monday,130,REAR END(VEHICLES IN SAME LANE),1,733618,Not at intersection,3,70,Arterial Other,BALLARAT,BRIMBANK,-37.77446,144.80786,2022,10,October,9,Morning Peak,Weekday
T20220028645,2022-10-24,18:30:00,1,Collision with vehicle,1,Monday,111,RIGHT FAR (INTERSECTIONS ONLY),2,747357,T intersection,3,60,Local Road,BENETOOK,MILDURA,-34.19567,142.17926,2022,10,October,18,Afternoon Peak,Weekday
T20220025690,2022-10-24,07:35:00,1,Collision with vehicle,1,Monday,120,HEAD ON (NOT OVERTAKING),1,786794,Not at intersection,3,50,Local Road,BOLAND,CASEY,-38.071487,145.25034,2022,10,October,7,Morning Peak,Weekday
T20220024019,2022-10-25,13:08:00,1,Collision with vehicle,2,Tuesday,110,CROSS TRAFFIC(INTERSECTIONS ONLY),1,29372,Cross intersection,3,60,Arterial Highway,RACECOURSE,MELBOURNE,-37.789406,144.94217,2022,10,October,13,Midday,Weekday
T20220024038,2022-10-25,16:41:00,1,Collision with vehicle,2,Tuesday,121,RIGHT THROUGH,1,358701,T intersection,2,80,Freeway,SOUTH GIPPSLAND-SOUTH GIPPSLAND IN,DANDENONG,-38.035767,145.24625,2022,10,October,16,Afternoon Peak,Weekday
T20220024041,2022-10-25,15:46:00,1,Collision with vehicle,2,Tuesday,130,REAR END(VEHICLES IN SAME LANE),1,738384,Not at intersection,2,40,Arterial Other,THOMPSONS,MANNINGHAM,-37.777164,145.08582,2022,10,October,15,Afternoon Peak,Weekday
T20220024045,2022-10-25,17:48:00,1,Collision with vehicle,2,Tuesday,110,CROSS TRAFFIC(INTERSECTIONS ONLY),1,64476,Cross intersection,3,50,Local Road,BOWEN,MELBOURNE,-37.78243,144.964,2022,10,October,17,Afternoon Peak,Weekday
T20220024047,2022-10-25,15:38:00,2,Struck Pedestrian,2,Tuesday,100,PED NEAR SIDE. PED HIT BY VEHICLE FROM THE RIGHT.,1,732113,Not at intersection,3,50,Local Road,ROSE GRANGE,WYNDHAM,-37.842747,144.70401,2022,10,October,15,Afternoon Peak,Weekday
T20220024048,2022-10-25,16:13:00,1,Collision with vehicle,2,Tuesday,130,REAR END(VEHICLES IN SAME LANE),1,731707,Not at intersection,3,70,Arterial Highway,SPRINGVALE,MONASH,-37.87987,145.16577,2022,10,October,16,Afternoon Peak,Weekday
T20220024053,2022-10-25,17:30:00,1,Collision with vehicle,2,Tuesday,130,REAR END(VEHICLES IN SAME LANE),1,772866,Not at intersection,3,80,Freeway,METROPOLITAN RING,NILLUMBIK,-37.688442,145.08096,2022,10,October,17,Afternoon Peak,Weekday
T20220024111,2022-10-25,15:00:00,6,Vehicle overturned (no collision),2,Tuesday,174,OUT OF CONTROL ON CARRIAGEWAY (ON STRAIGHT),1,731796,Not at intersection,2,50,Local Road,BOTHA,DAREBIN,-37.705456,144.99883,2022,10,October,15,Afternoon Peak,Weekday
T20220024056,2022-10-25,20:00:00,1,Collision with vehicle,2,Tuesday,110,CROSS TRAFFIC(INTERSECTIONS ONLY),3,49929,Cross intersection,2,60,Arterial Highway,ABERDEEN,GEELONG,-38.14676,144.34712,2022,10,October,20,Night,Weekday