ACCIDENT_NO,ACCIDENT_DATE,ACCIDENT_TIME,ACCIDENT_TYPE,ACCIDENT_TYPE_DESC,DAY_OF_WEEK,DAY_WEEK_DESC,DCA_CODE,DCA_DESC,LIGHT_CONDITION,NODE_ID,ROAD_GEOMETRY_DESC,SEVERITY,SPEED_ZONE,RMA,ROAD_NAME,LGA_NAME,LATITUDE,LONGITUDE,YEAR,MONTH,MONTH_NAME,HOUR,TIME_PERIOD,DAY_TYPE
T20220024227,2022-10-25,08:30:00,1,Collision with vehicle,2,Tuesday,130,REAR END(VEHICLES IN SAME LANE),1,17722,Y intersection,3,60,Arterial Highway,PARFITT,WANGARATTA,-36.351425,146.33362,2022,10,October,8,Morning Peak,Weekday
T20220024057,2022-10-25,20:10:00,1,Collision with vehicle,2,Tuesday,136,RIGHT TURN SIDESWIPE,3,65799,Cross intersection,3,40,Local Road,LA TROBE,MELBOURNE,-37.811756,144.95645,2022,10,October,20,Night,Weekday
T20220024060,2022-10-25,16:03:00,1,Collision with vehicle,2,Tuesday,133,LANE SIDE SWIPE (VEHICLES IN PARALLEL LANES),1,329220,Cross intersection,3,70,Freeway,PLENTY,BANYULE,-37.687065,145.06769,2022,10,October,16,Afternoon Peak,Weekday
T20220024155,2022-10-25,17:00:00,2,Struck Pedestrian,2,Tuesday,100,PED NEAR SIDE. PED HIT BY VEHICLE FROM THE RIGHT.,9,733005,T intersection,3,70,Arterial Highway,PLENTY,BANYULE,-37.699966,145.05838,2022,10,October,17,Afternoon Peak,Weekday
T20220024061,2022-10-25,17:45:00,2,Struck Pedestrian,2,Tuesday,100,PED NEAR SIDE. PED HIT BY VEHICLE FROM THE RIGHT.,1,46055,T intersection,3,50,Local Road,JAMES,CARDINIA,-38.076992,145.48288,2022,10,October,17,Afternoon Peak,Weekday
T20220024235,2022-10-25,13:46:00,1,Collision with vehicle,2,Tuesday,113,RIGHT NEAR (INTERSECTIONS ONLY),1,46742,T intersection,3,80,Arterial Other,CLYDE-FIVE WAYS,CASEY,-38.12717,145.32552,2022,10,October,13,Midday,Weekday
T20220023965,2022-10-25,00:31:00,4,Collision with a fixed object,2,Tuesday,171,LEFT OFF CARRIAGEWAY INTO OBJECT/PARKED VEHICLE,3,42891,T intersection,3,60,Arterial Other,HEATHERTON,DANDENONG,-37.96368,145.16248,2022,10,October,0,Late Night,Weekday
T20220023976,2022-10-25,05:50:00,6,Vehicle overturned (no collision),2,Tuesday,172,OFF CARRIAGEWAY TO RIGHT,2,783196,Not at intersection,3,80,Local Road,K,WYNDHAM,-37.93698,144.67326,2022,10,October,5,Morning Peak,Weekday
T20220024054,2022-10-25,17:10:00,1,Collision with vehicle,2,Tuesday,113,RIGHT NEAR (INTERSECTIONS ONLY),1,43979,T intersection,3,80,Arterial Highway,NEPEAN,MORNINGTON PENINSULA,-38.26484,145.03732,2022,10,October,17,Afternoon Peak,Weekday
T20220024893,2022-10-25,13:01:00,1,Collision with vehicle,2,Tuesday,110,CROSS TRAFFIC(INTERSECTIONS ONLY),1,279270,Cross intersection,3,80,Freeway,CALDER,MOUNT ALEXANDER,-36.95593,144.23605,2022,10,October,13,Midday,Weekday
T20220024062,2022-10-25,18:35:00,1,Collision with vehicle,2,Tuesday,113,RIGHT NEAR (INTERSECTIONS ONLY),2,733004,Cross intersection,2,80,Arterial Highway,FRANKSTON-DANDENONG,DANDENONG,-38.027,145.21288,2022,10,October,18,Afternoon Peak,Weekday
T20220024064,2022-10-25,18:25:00,4,Collision with a fixed object,2,Tuesday,171,LEFT OFF CARRIAGEWAY INTO OBJECT/PARKED VEHICLE,1,739144,T intersection,3,100,Arterial Other,WELLINGTON,CARDINIA,-37.938618,145.39223,2022,10,October,18,Afternoon Peak,Weekday
T20220024525,2022-10-25,06:40:00,1,Collision with vehicle,2,Tuesday,142,LEAVING PARKING,2,769523,Not at intersection,3,60,Arterial Other,HOTHAM,GLEN EIRA,-37.86879,144.99959,2022,10,October,6,Morning Peak,Weekday
T20220024288,2022-10-25,17:00:00,1,Collision with vehicle,2,Tuesday,130,REAR END(VEHICLES IN SAME LANE),1,779882,Cross intersection,3,60,Arterial Highway,OVERTON,FRANKSTON,-38.13009,145.13153,2022,10,October,17,Afternoon Peak,Weekday
T20220028806,2022-10-25,08:30:00,1,Collision with vehicle,2,Tuesday,147,VEHICLE STRIKES ANOTHER VEH WHILE EMERGING FROM DRIVEWAY,1,783186,T intersection,3,60,Arterial Other,PASCOE VALE,HUME,-37.662727,144.92262,2022,10,October,8,Morning Peak,Weekday
T20220024075,2022-10-25,22:55:00,2,Struck Pedestrian,2,Tuesday,103,PED PLAYING/LYING/WORKING/STANDING ON CARRIAGEWAY.,6,748585,Not at intersection,3,40,Local Road,MCLENNAN,SHEPPARTON,-36.39595,145.35114,2022,10,October,22,Night,Weekday
T20220024095,2022-10-25,16:05:00,1,Collision with vehicle,2,Tuesday,130,REAR END(VEHICLES IN SAME LANE),1,772862,Not at intersection,3,40,Arterial Other,LA TROBE,BALLARAT,-37.569893,143.81099,2022,10,October,16,Afternoon Peak,Weekday
T20220024018,2022-10-25,13:00:00,1,Collision with vehicle,2,Tuesday,123,RIGHT/LEFT. ONE VEH TURNING RIGHT THE OTHER LEFT.,1,356460,T intersection,3,40,Arterial Highway,LESDON,CASEY,-38.08712,145.27847,2022,10,October,13,Midday,Weekday
T20220024242,2022-10-25,08:28:00,1,Collision with vehicle,2,Tuesday,121,RIGHT THROUGH,1,242072,Cross intersection,3,50,Local Road,LYNCH,MOIRA,-36.011047,146.0073,2022,10,October,8,Morning Peak,Weekday
T20220024020,2022-10-25,13:35:00,2,Struck Pedestrian,2,Tuesday,107,PED ON FOOTHPATH STRUCK BY VEHENTERING/LEAVING DRIVEWAY.,1,731705,T intersection,2,60,Arterial Other,GAFFNEY,MORELAND,-37.732613,144.95059,2022,10,October,13,Midday,Weekday
T20220024027,2022-10-25,15:11:00,4,Collision with a fixed object,2,Tuesday,171,LEFT OFF CARRIAGEWAY INTO OBJECT/PARKED VEHICLE,1,740195,T intersection,2,50,Local Road,ANGLESEY,MITCHELL,-37.033295,145.14233,2022,10,October,15,Afternoon Peak,Weekday
T20220024028,2022-10-25,13:37:00,1,Collision with vehicle,2,Tuesday,171,LEFT OFF CARRIAGEWAY INTO OBJECT/PARKED VEHICLE,1,78886,Not at intersection,3,60,Arterial Highway,NEPEAN,KINGSTON,-38.0742,145.12202,2022,10,October,13,Midday,Weekday
T20220024029,2022-10-25,14:15:00,1,Collision with vehicle,2,Tuesday,130,REAR END(VEHICLES IN SAME LANE),1,731706,Not at intersection,2,50,Local Road,AITKEN,HUME,-37.589443,144.91081,2022,10,October,14,Midday,Weekday
T20220024034,2022-10-25,14:45:00,1,Collision with vehicle,2,Tuesday,133,LANE SIDE SWIPE (VEHICLES IN PARALLEL LANES),1,717399,Not at intersection,3,40,Local Road,COLLINS,MELBOURNE,-37.818478,144.9562,2022,10,October,14,Midday,Weekday
T20220024101,2022-10-25,17:40:00,1,Collision with vehicle,2,Tuesday,137,LEFT TURN SIDESWIPE,2,40373,T intersection,2,60,Arterial Other,TOORONGA,STONNINGTON,-37.84985,145.04285,2022,10,October,17,Afternoon Peak,Weekday
T20220023991,2022-10-25,06:15:00,1,Collision with vehicle,2,Tuesday,133,LANE SIDE SWIPE (VEHICLES IN PARALLEL LANES),1,34970,Cross intersection,3,80,Arterial Other,DIAMOND CREEK,NILLUMBIK,-37.6895,145.11346,2022,10,October,6,Morning Peak,Weekday
T20220024003,2022-10-25,10:25:00,1,Collision with vehicle,2,Tuesday,136,RIGHT TURN SIDESWIPE,1,35355,Cross intersection,3,40,Local Road,ELIZABETH,MELBOURNE,-37.812283,144.96227,2022,10,October,10,Midday,Weekday
T20220024009,2022-10-25,11:30:00,6,Vehicle overturned (no collision),2,Tuesday,174,OUT OF CONTROL ON CARRIAGEWAY (ON STRAIGHT),1,735479,Not at intersection,2,40,Arterial Other,GLENFERRIE,BOROONDARA,-37.819412,145.03595,2022,10,October,11,Midday,Weekday
T20220024105,2022-10-26,10:56:00,2,Struck Pedestrian,3,Wednesday,102,FAR SIDE. PED HIT BY VEHICLE FROM THE LEFT,1,733177,Not at intersection,2,50,Local Road,GRAY,SOUTHERN GRAMPIANS,-37.743286,142.02415,2022,10,October,10,Midday,Weekday
T20220024116,2022-10-26,11:45:00,1,Collision with vehicle,3,Wednesday,120,HEAD ON (NOT OVERTAKING),1,734869,Not at intersection,3,70,Arterial Other,PRINCES,WYNDHAM,-37.905674,144.64732,2022,10,October,11,Midday,Weekday
T20220024167,2022-10-26,15:10:00,1,Collision with vehicle,3,Wednesday,120,HEAD ON (NOT OVERTAKING),1,731601,Not at intersection,1,70,Local Road,HOMESTEAD,MANNINGHAM,-37.74504,145.27496,2022,10,October,15,Afternoon Peak,Weekday
T20220025992,2022-10-26,05:50:00,1,Collision with vehicle,3,Wednesday,110,CROSS TRAFFIC(INTERSECTIONS ONLY),1,783226,Cross intersection,3,60,Local Road,PROGRESS,CASEY,-38.0018,145.23677,2022,10,October,5,Morning Peak,Weekday
T20220026235,2022-10-26,17:40:00,1,Collision with vehicle,3,Wednesday,137,LEFT TURN SIDESWIPE,9,29406,Cross intersection,3,50,Local Road,HOTHAM,YARRA,-37.796516,144.98781,2022,10,October,17,Afternoon Peak,Weekday
T20220025494,2022-10-26,13:00:00,1,Collision with vehicle,3,Wednesday,130,REAR END(VEHICLES IN SAME LANE),1,774484,Not at intersection,3,60,Arterial Other,HOPKINS,MELTON,-37.75061,144.70354,2022,10,October,13,Midday,Weekday
T20220024320,2022-10-26,21:10:00,1,Collision with vehicle,3,Wednesday,121,RIGHT THROUGH,3,29466,Cross intersection,3,40,Arterial Highway,PUNT,STONNINGTON,-37.850666,144.9842,2022,10,October,21,Night,Weekday
T20220024118,2022-10-26,13:05:00,1,Collision with vehicle,3,Wednesday,160,VEHICLE COLLIDES WITH VEHICLE PARKED ON LEFT OF ROAD,1,772764,Not at intersection,3,60,Arterial Other,FYANS,GEELONG,-38.162918,144.35844,2022,10,October,13,Midday,Weekday
T20220024165,2022-10-26,20:25:00,1,Collision with vehicle,3,Wednesday,135,LANE CHANGE LEFT (NOT OVERTAKING),3,736666,T intersection,3,50,Arterial Other,HIGH,BOROONDARA,-37.803864,145.03891,2022,10,October,20,Night,Weekday
T20220024205,2022-10-26,16:40:00,1,Collision with vehicle,3,Wednesday,130,REAR END(VEHICLES IN SAME LANE),9,52951,Cross intersection,3,60,Arterial Other,LA TROBE,BALLARAT,-37.5728,143.84064,2022,10,October,16,Afternoon Peak,Weekday
T20220024130,2022-10-26,14:20:00,1,Collision with vehicle,3,Wednesday,130,REAR END(VEHICLES IN SAME LANE),1,35774,Cross intersection,3,50,Arterial Other,GRANT,MOORABOOL,-37.67553,144.43532,2022,10,October,14,Midday,Weekday
T20220024109,2022-10-26,11:47:00,1,Collision with vehicle,3,Wednesday,113,RIGHT NEAR (INTERSECTIONS ONLY),1,49665,T intersection,2,60,Local Road,PURNELL,GEELONG,-38.07472,144.36334,2022,10,October,11,Midday,Weekday
T20220024136,2022-10-26,17:34:00,1,Collision with vehicle,3,Wednesday,130,REAR END(VEHICLES IN SAME LANE),1,731909,T intersection,2,70,Arterial Other,BALLARAT,BRIMBANK,-37.77767,144.83345,2022,10,October,17,Afternoon Peak,Weekday
T20220024236,2022-10-26,18:22:00,1,Collision with vehicle,3,Wednesday,132,RIGHT REAR.,2,775017,Not at intersection,3,100,Arterial Highway,PRINCES,EAST GIPPSLAND,-37.751724,148.29158,2022,10,October,18,Afternoon Peak,Weekday
T20220024171,2022-10-26,23:55:00,1,Collision with vehicle,3,Wednesday,116,LEFT NEAR (INTERSECTIONS ONLY),3,233889,T intersection,3,70,Arterial Other,BROOKLYN,HUME,-37.67996,144.95703,2022,10,October,23,Night,Weekday
T20220024308,2022-10-26,17:15:00,6,Vehicle overturned (no collision),3,Wednesday,170,OFF CARRIAGEWAY TO LEFT,1,736888,Not at intersection,3,80,Local Road,VAUGHAN SPRINGS,MOUNT ALEXANDER,-37.138683,144.2001,2022,10,October,17,Afternoon Peak,Weekday
T20220026116,2022-10-26,08:00:00,1,Collision with vehicle,3,Wednesday,130,REAR END(VEHICLES IN SAME LANE),1,774486,Cross intersection,3,40,Local Road,CARDINIA,CARDINIA,-38.14602,145.4244,2022,10,October,8,Morning Peak,Weekday
T20220026525,2022-10-26,17:00:00,1,Collision with vehicle,3,Wednesday,130,REAR END(VEHICLES IN SAME LANE),1,737138,Not at intersection,3,70,Arterial Other,BALLARAT,BRIMBANK,-37.770805,144.79028,2022,10,October,17,Afternoon Peak,Weekday
T20230019556,2022-10-26,21:08:00,1,Collision with vehicle,3,Wednesday,110,CROSS TRAFFIC(INTERSECTIONS ONLY),3,36813,Cross intersection,3,60,Arterial Other,NORMANBY,PORT PHILLIP,-37.828957,144.94844,2022,10,October,21,Night,Weekday
T20220024140,2022-10-26,15:27:00,4,Collision with a fixed object,3,Wednesday,171,LEFT OFF CARRIAGEWAY INTO OBJECT/PARKED VEHICLE,1,732282,Not at intersection,2,60,Arterial Other,EPPING-KILMORE,WHITTLESEA,-37.618214,145.02963,2022,10,October,15,Afternoon Peak,Weekday
T20220024162,2022-10-26,17:00:00,4,Collision with a fixed object,3,Wednesday,171,LEFT OFF CARRIAGEWAY INTO OBJECT/PARKED VEHICLE,1,731999,Not at intersection,3,60,Arterial Other,BARRY,HUME,-37.666145,144.94383,2022,10,October,17,Afternoon Peak,Weekday
T20220024142,2022-10-26,15:47:00,1,Collision with vehicle,3,Wednesday,113,RIGHT NEAR (INTERSECTIONS ONLY),1,41991,T intersection,3,70,Arterial Other,BURWOOD,YARRA RANGES,-37.906532,145.3394,2022,10,October,15,Afternoon Peak,Weekday
T20220024146,2022-10-26,16:30:00,1,Collision with vehicle,3,Wednesday,130,REAR END(VEHICLES IN SAME LANE),1,731713,Not at intersection,3,100,Freeway,WESTERN,MELTON,-37.751324,144.72607,2022,10,October,16,Afternoon Peak,Weekday
T20220026028,2022-10-26,11:30:00,1,Collision with vehicle,3,Wednesday,113,RIGHT NEAR (INTERSECTIONS ONLY),1,29650,Cross intersection,3,60,Arterial Other,NEERIM,GLEN EIRA,-37.88968,145.06113,2022,10,October,11,Midday,Weekday
T20220024153,2022-10-26,19:05:00,2,Struck Pedestrian,3,Wednesday,100,PED NEAR SIDE. PED HIT BY VEHICLE FROM THE RIGHT.,2,305459,Not at intersection,3,60,Arterial Other,STATION,WHITEHORSE,-37.83682,145.12036,2022,10,October,19,Night,Weekday
T20220024163,2022-10-26,17:42:00,4,Collision with a fixed object,3,Wednesday,173,RIGHT OFF CARRIAGEWAY INTO OBJECT/PARKED VEHICLE,1,769164,Not at intersection,2,50,Local Road,DENNIS,HUME,-37.647335,144.94077,2022,10,October,17,Afternoon Peak,Weekday
T20220025288,2022-10-26,13:45:00,1,Collision with vehicle,3,Wednesday,132,RIGHT REAR.,1,734490,T intersection,2,60,Arterial Other,POLICE,MONASH,-37.935925,145.17871,2022,10,October,13,Midday,Weekday
T20220024164,2022-10-26,22:20:00,1,Collision with vehicle,3,Wednesday,160,VEHICLE COLLIDES WITH VEHICLE PARKED ON LEFT OF ROAD,3,778307,Not at intersection,3,40,Local Road,ST DAVID,YARRA,-37.801064,144.9823,2022,10,October,22,Night,Weekday
T20220024156,2022-10-26,15:24:00,1,Collision with vehicle,3,Wednesday,130,REAR END(VEHICLES IN SAME LANE),1,53525,T intersection,3,60,Local Road,DUFF,CASEY,-38.10244,145.25607,2022,10,October,15,Afternoon Peak,Weekday
T20220026468,2022-10-26,16:30:00,1,Collision with vehicle,3,Wednesday,130,REAR END(VEHICLES IN SAME LANE),1,737548,Not at intersection,3,60,Local Road,WARRANDYTE,MAROONDAH,-37.8149,145.23122,2022,10,October,16,Afternoon Peak,Weekday
T20220024170,2022-10-26,22:20:00,1,Collision with vehicle,3,Wednesday,121,RIGHT THROUGH,3,32858,Cross intersection,2,80,Arterial Highway,CHELTENHAM,DANDENONG,-37.991302,145.19629,2022,10,October,22,Night,Weekday
T20220024295,2022-10-26,10:51:00,1,Collision with vehicle,3,Wednesday,111,RIGHT FAR (INTERSECTIONS ONLY),1,71515,T intersection,3,60,Local Road,CURRAWONG,FRANKSTON,-38.105167,145.18214,2022,10,October,10,Midday,Weekday
T20220025380,2022-10-26,12:55:00,1,Collision with vehicle,3,Wednesday,140,U TURN,1,736389,Not at intersection,2,100,Arterial Other,BALLAN-DAYLESFORD,MOORABOOL,-37.550755,144.18484,2022,10,October,12,Midday,Weekday
T20220027146,2022-10-26,06:50:00,1,Collision with vehicle,3,Wednesday,130,REAR END(VEHICLES IN SAME LANE),1,781525,Cross intersection,3,50,Local Road,BEDFORD,MAROONDAH,-37.825058,145.2516,2022,10,October,6,Morning Peak,Weekday
T20220024083,2022-10-26,06:00:00,1,Collision with vehicle,3,Wednesday,130,REAR END(VEHICLES IN SAME LANE),2,731595,Not at intersection,3,100,Freeway,PRINCES,WYNDHAM,-37.87024,144.74901,2022,10,October,6,Morning Peak,Weekday
T20220024084,2022-10-26,05:30:00,1,Collision with vehicle,3,Wednesday,110,CROSS TRAFFIC(INTERSECTIONS ONLY),5,61666,Cross intersection,2,80,Arterial Other,MELTON,MELTON,-37.682274,144.62448,2022,10,October,5,Morning Peak,Weekday
T20220024085,2022-10-26,07:13:00,1,Collision with vehicle,3,Wednesday,160,VEHICLE COLLIDES WITH VEHICLE PARKED ON LEFT OF ROAD,1,731710,Not at intersection,3,50,Local Road,FLINDERS,BRIMBANK,-37.72183,144.85266,2022,10,October,7,Morning Peak,Weekday
T20220024089,2022-10-26,08:10:00,1,Collision with vehicle,3,Wednesday,110,CROSS TRAFFIC(INTERSECTIONS ONLY),1,37521,Cross intersection,2,40,Local Road,MILLS,PORT PHILLIP,-37.847332,144.95758,2022,10,October,8,Morning Peak,Weekday
T20220024099,2022-10-26,08:00:00,1,Collision with vehicle,3,Wednesday,113,RIGHT NEAR (INTERSECTIONS ONLY),1,786846,T intersection,2,60,Arterial Other,BARNARD,BENDIGO,-36.75087,144.2825,2022,10,October,8,Morning Peak,Weekday
T20220024103,2022-10-26,08:47:00,4,Collision with a fixed object,3,Wednesday,183,OFF LEFT BEND INTO OBJECT/PARKED VEHICLE,1,775015,Not at intersection,2,100,Arterial Other,WILLOW GROVE,BAW BAW,-38.122738,146.14778,2022,10,October,8,Morning Peak,Weekday
T20220025958,2022-10-26,12:20:00,1,Collision with vehicle,3,Wednesday,120,HEAD ON (NOT OVERTAKING),1,739248,Not at intersection,3,50,Local Road,KARINIE,SWAN HILL,-35.326912,143.54964,2022,10,October,12,Midday,Weekday
T20220024104,2022-10-26,12:00:00,1,Collision with vehicle,3,Wednesday,121,RIGHT THROUGH,1,43199,T intersection,3,60,Arterial Highway,NEPEAN,KINGSTON,-38.02776,145.10214,2022,10,October,12,Midday,Weekday
T20220024240,2022-10-27,15:05:00,1,Collision with vehicle,4,Thursday,113,RIGHT NEAR (INTERSECTIONS ONLY),1,43096,Cross intersection,2,80,Arterial Highway,STUD,DANDENONG,-37.962963,145.22478,2022,10,October,15,Afternoon Peak,Weekday
T20220028555,2022-10-27,14:00:00,1,Collision with vehicle,4,Thursday,134,LANE CHANGE RIGHT (NOT OVERTAKING),1,85072,Not at intersection,3,60,Arterial Other,WILLIAMSTOWN,MARIBYRNONG,-37.82013,144.88216,2022,10,October,14,Midday,Weekday
T20220026118,2022-10-27,15:42:00,1,Collision with vehicle,4,Thursday,130,REAR END(VEHICLES IN SAME LANE),1,736902,Not at intersection,3,80,Arterial Highway,FRANKSTON-DANDENONG,FRANKSTON,-38.091244,145.17949,2022,10,October,15,Afternoon Peak,Weekday
T20220024218,2022-10-27,09:30:00,1,Collision with vehicle,4,Thursday,110,CROSS TRAFFIC(INTERSECTIONS ONLY),1,36495,Cross intersection,3,40,Local Road,BRUNSWICK,YARRA,-37.796745,144.97873,2022,10,October,9,Morning Peak,Weekday
T20220024220,2022-10-27,11:08:00,1,Collision with vehicle,4,Thursday,169,OTHER ON PATH,1,732456,Not at intersection,3,50,Local Road,RIDGEWAY,MORELAND,-37.698254,144.90982,2022,10,October,11,Midday,Weekday
T20220024204,2022-10-27,10:30:00,1,Collision with vehicle,4,Thursday,142,LEAVING PARKING,1,39740,T intersection,3,60,Arterial Other,BAYSWATER,MAROONDAH,-37.818165,145.26913,2022,10,October,10,Midday,Weekday
T20220024207,2022-10-27,11:15:00,1,Collision with vehicle,4,Thursday,149,OTHER MANOEUVRING NOT INCLUDED IN DCAs 140-148,1,759571,Not at intersection,2,50,Local Road,COPERNICUS,BRIMBANK,-37.72103,144.80067,2022,10,October,11,Midday,Weekday
T20220025949,2022-10-27,20:14:00,1,Collision with vehicle,4,Thursday,110,CROSS TRAFFIC(INTERSECTIONS ONLY),3,44203,Cross intersection,3,50,Local Road,CUTHBERT,DAREBIN,-37.715595,145.00961,2022,10,October,20,Night,Weekday
T20220024237,2022-10-27,12:51:00,1,Collision with vehicle,4,Thursday,130,REAR END(VEHICLES IN SAME LANE),1,732115,Cross intersection,3,60,Local Road,DAVIS,WYNDHAM,-37.815483,144.65683,2022,10,October,12,Midday,Weekday
T20220024238,2022-10-27,15:00:00,1,Collision with vehicle,4,Thursday,121,RIGHT THROUGH,1,11397,Cross intersection,3,80,Freeway,KEILOR PARK-WESTERN RING IN,BRIMBANK,-37.73952,144.85242,2022,10,October,15,Afternoon Peak,Weekday
T20220024208,2022-10-27,09:09:00,1,Collision with vehicle,4,Thursday,130,REAR END(VEHICLES IN SAME LANE),1,779914,Not at intersection,3,60,Arterial Other,RESERVOIR,BENDIGO,-36.774586,144.30936,2022,10,October,9,Morning Peak,Weekday
T20220024209,2022-10-27,10:35:00,2,Struck Pedestrian,4,Thursday,100,PED NEAR SIDE. PED HIT BY VEHICLE FROM THE RIGHT.,1,783246,T intersection,3,50,Local Road,VERNON,MAROONDAH,-37.800148,145.27658,2022,10,October,10,Midday,Weekday
T20220024724,2022-10-27,17:15:00,1,Collision with vehicle,4,Thursday,148,VEHICLE OFF FOOTPATH STRIKES VEH ON CARRIAGEWAY,9,739876,Not at intersection,3,50,Arterial Highway,DEAKIN,MILDURA,-34.206562,142.13684,2022,10,October,17,Afternoon Peak,Weekday
T20220024217,2022-10-27,10:43:00,1,Collision with vehicle,4,Thursday,133,LANE SIDE SWIPE (VEHICLES IN PARALLEL LANES),1,768741,Not at intersection,2,80,Arterial Highway,BELLARINE,GEELONG,-38.179253,144.42285,2022,10,October,10,Midday,Weekday
T20220024185,2022-10-27,08:50:00,1,Collision with vehicle,4,Thursday,130,REAR END(VEHICLES IN SAME LANE),1,734095,Cross intersection,3,60,Arterial Highway,CRESWICK,BALLARAT,-37.535362,143.8494,2022,10,October,8,Morning Peak,Weekday
T20220024777,2022-10-27,22:02:00,1,Collision with vehicle,4,Thursday,110,CROSS TRAFFIC(INTERSECTIONS ONLY),6,347799,Cross intersection,3,50,Local Road,LATROBE,CASEY,-38.102154,145.28735,2022,10,October,22,Night,Weekday
T20220025100,2022-10-27,12:20:00,1,Collision with vehicle,4,Thursday,121,RIGHT THROUGH,1,42437,T intersection,3,60,Arterial Other,CENTRE,KINGSTON,-37.93006,145.13121,2022,10,October,12,Midday,Weekday
T20220024378,2022-10-27,13:10:00,1,Collision with vehicle,4,Thursday,130,REAR END(VEHICLES IN SAME LANE),1,733178,Not at intersection,2,80,Arterial Highway,DANDENONG,MONASH,-37.893574,145.09196,2022,10,October,13,Midday,Weekday
T20220024298,2022-10-27,07:08:00,1,Collision with vehicle,4,Thursday,133,LANE SIDE SWIPE (VEHICLES IN PARALLEL LANES),1,742096,Not at intersection,2,50,Arterial Other,GISBORNE,MOORABOOL,-37.673634,144.43637,2022,10,October,7,Morning Peak,Weekday
T20220027604,2022-10-27,12:38:00,4,Collision with a fixed object,4,Thursday,171,LEFT OFF CARRIAGEWAY INTO OBJECT/PARKED VEHICLE,1,741274,Not at intersection,3,60,Arterial Highway,WARBURTON,YARRA RANGES,-37.767742,145.64578,2022,10,October,12,Midday,Weekday
T20220024181,2022-10-27,08:45:00,1,Collision with vehicle,4,Thursday,113,RIGHT NEAR (INTERSECTIONS ONLY),1,732365,Cross intersection,3,60,Local Road,ROBIN,YARRA RANGES,-37.64597,145.51552,2022,10,October,8,Morning Peak,Weekday
T20220024239,2022-10-27,16:11:00,1,Collision with vehicle,4,Thursday,120,HEAD ON (NOT OVERTAKING),1,759302,Cross intersection,3,50,Local Road,MUNRO,MORELAND,-37.744633,144.9622,2022,10,October,16,Afternoon Peak,Weekday
T20220024676,2022-10-27,14:15:00,1,Collision with vehicle,4,Thursday,132,RIGHT REAR.,1,739664,T intersection,3,80,Arterial Highway,WARBURTON,YARRA RANGES,-37.77909,145.44069,2022,10,October,14,Midday,Weekday
T20220024249,2022-10-27,15:21:00,4,Collision with a fixed object,4,Thursday,171,LEFT OFF CARRIAGEWAY INTO OBJECT/PARKED VEHICLE,1,772619,T intersection,3,50,Local Road,JOHN RUSSELL,CASEY,-38.11214,145.24696,2022,10,October,15,Afternoon Peak,Weekday
T20220024250,2022-10-27,14:10:00,5,collision with some other object,4,Thursday,181,OFF RIGHT BEND INTO OBJECT/PARKED VEHICLE,1,732830,Not at intersection,2,100,Arterial Highway,GREAT ALPINE,EAST GIPPSLAND,-37.279716,147.74098,2022,10,October,14,Midday,Weekday
T20220024252,2022-10-27,17:10:00,2,Struck Pedestrian,4,Thursday,102,FAR SIDE. PED HIT BY VEHICLE FROM THE LEFT,1,731911,Not at intersection,3,50,Arterial Other,FYANS,GEELONG,-38.161423,144.35313,2022,10,October,17,Afternoon Peak,Weekday
T20220024244,2022-10-27,16:45:00,1,Collision with vehicle,4,Thursday,113,RIGHT NEAR (INTERSECTIONS ONLY),1,305649,T intersection,3,70,Arterial Highway,NEPEAN,MORNINGTON PENINSULA,-38.236862,145.03586,2022,10,October,16,Afternoon Peak,Weekday
T20220024265,2022-10-27,15:44:00,1,Collision with vehicle,4,Thursday,130,REAR END(VEHICLES IN SAME LANE),1,739874,Not at intersection,2,80,Arterial Highway,NEPEAN,KINGSTON,-37.94531,145.04329,2022,10,October,15,Afternoon Peak,Weekday
T20220024276,2022-10-27,15:00:00,2,Struck Pedestrian,4,Thursday,109,ANY MANOEUVRE INVOLVING PED NOT INCLUDED IN DCAs 100-108.,1,775018,Not at intersection,2,50,Local Road,WAYMOUTH,GEELONG,-38.122192,144.32985,2022,10,October,15,Afternoon Peak,Weekday
T20220024277,2022-10-27,15:31:00,1,Collision with vehicle,4,Thursday,130,REAR END(VEHICLES IN SAME LANE),1,733360,Not at intersection,2,100,Freeway,HUME,WHITTLESEA,-37.62516,144.99335,2022,10,October,15,Afternoon Peak,Weekday
T20220024179,2022-10-27,06:28:00,1,Collision with vehicle,4,Thursday,135,LANE CHANGE LEFT (NOT OVERTAKING),1,308036,Not at intersection,2,100,Freeway,WESTERN RING,BRIMBANK,-37.74636,144.8392,2022,10,October,6,Morning Peak,Weekday
T20220024278,2022-10-27,21:25:00,1,Collision with vehicle,4,Thursday,110,CROSS TRAFFIC(INTERSECTIONS ONLY),3,51526,Cross intersection,3,60,Arterial Other,BENDIGO-EAGLEHAWK,BENDIGO,-36.728706,144.26189,2022,10,October,21,Night,Weekday
T20230002000,2022-10-27,09:30:00,1,Collision with vehicle,4,Thursday,111,RIGHT FAR (INTERSECTIONS ONLY),9,35611,T intersection,3,60,Arterial Highway,SPRINGVALE,DANDENONG,-37.97241,145.14821,2022,10,October,9,Morning Peak,Weekday