ACCIDENT_NO,ACCIDENT_DATE,ACCIDENT_TIME,ACCIDENT_TYPE,ACCIDENT_TYPE_DESC,DAY_OF_WEEK,DAY_WEEK_DESC,DCA_CODE,DCA_DESC,LIGHT_CONDITION,NODE_ID,ROAD_GEOMETRY_DESC,SEVERITY,SPEED_ZONE,RMA,ROAD_NAME,LGA_NAME,LATITUDE,LONGITUDE,YEAR,MONTH,MONTH_NAME,HOUR,TIME_PERIOD,DAY_TYPE
T20220024271,2022-10-27,17:00:00,1,Collision with vehicle,4,Thursday,143,ENTERING PARKING,1,772614,Not at intersection,3,50,Local Road,STRADBROKE,BANYULE,-37.754498,145.06236,2022,10,October,17,Afternoon Peak,Weekday
T20230008469,2022-10-27,13:20:00,1,Collision with vehicle,4,Thursday,133,LANE SIDE SWIPE (VEHICLES IN PARALLEL LANES),1,34970,Cross intersection,3,60,Arterial Other,DIAMOND CREEK,NILLUMBIK,-37.6895,145.11346,2022,10,October,13,Midday,Weekday
T20220024199,2022-10-27,07:20:00,1,Collision with vehicle,4,Thursday,169,OTHER ON PATH,1,738099,Not at intersection,2,50,Local Road,GRANGE,MITCHELL,-37.20515,145.06241,2022,10,October,7,Morning Peak,Weekday
T20220024194,2022-10-27,10:18:00,1,Collision with vehicle,4,Thursday,133,LANE SIDE SWIPE (VEHICLES IN PARALLEL LANES),1,1246,Cross intersection,3,70,Arterial Other,BALLARAT,BRIMBANK,-37.77039,144.77472,2022,10,October,10,Midday,Weekday
T20220024193,2022-10-27,09:58:00,1,Collision with vehicle,4,Thursday,113,RIGHT NEAR (INTERSECTIONS ONLY),1,44560,T intersection,3,60,Local Road,DOUGHARTY,BANYULE,-37.734016,145.04492,2022,10,October,9,Morning Peak,Weekday
T20220024266,2022-10-27,15:58:00,4,Collision with a fixed object,4,Thursday,181,OFF RIGHT BEND INTO OBJECT/PARKED VEHICLE,1,732831,Not at intersection,2,100,Arterial Other,WESTERNPORT,CARDINIA,-38.25567,145.59132,2022,10,October,15,Afternoon Peak,Weekday
T20220024275,2022-10-27,21:17:00,1,Collision with vehicle,4,Thursday,120,HEAD ON (NOT OVERTAKING),5,734292,Not at intersection,3,60,Arterial Other,NARRE WARREN,CASEY,-38.104393,145.29156,2022,10,October,21,Night,Weekday
T20220024264,2022-10-27,00:30:00,1,Collision with vehicle,4,Thursday,137,LEFT TURN SIDESWIPE,6,36835,Cross intersection,3,40,Arterial Other,KING,MELBOURNE,-37.814426,144.95482,2022,10,October,0,Late Night,Weekday
T20220024190,2022-10-27,08:15:00,1,Collision with vehicle,4,Thursday,121,RIGHT THROUGH,1,41690,Cross intersection,3,60,Arterial Other,WAVERLEY,MONASH,-37.883625,145.11813,2022,10,October,8,Morning Peak,Weekday
T20220024173,2022-10-27,00:18:00,3,Struck animal,4,Thursday,167,STRUCK ANIMAL,5,780557,Not at intersection,3,100,Arterial Other,BENGWORDEN,EAST GIPPSLAND,-37.97775,147.42201,2022,10,October,0,Late Night,Weekday
T20220024189,2022-10-27,09:41:00,1,Collision with vehicle,4,Thursday,130,REAR END(VEHICLES IN SAME LANE),1,775016,Not at intersection,2,60,Arterial Other,MILLEARA,MOONEE VALLEY,-37.751682,144.86172,2022,10,October,9,Morning Peak,Weekday
T20220024257,2022-10-27,16:25:00,1,Collision with vehicle,4,Thursday,130,REAR END(VEHICLES IN SAME LANE),1,772617,Not at intersection,3,70,Arterial Highway,DANDENONG,STONNINGTON,-37.871952,145.03647,2022,10,October,16,Afternoon Peak,Weekday
T20220024462,2022-10-27,17:00:00,5,collision with some other object,4,Thursday,191,LOAD OR MISSILE STRUCK VEHICLE,1,732833,Not at intersection,2,100,Arterial Other,YACKANDANDAH,INDIGO,-36.293396,146.82047,2022,10,October,17,Afternoon Peak,Weekday
T20220025975,2022-10-27,11:00:00,1,Collision with vehicle,4,Thursday,140,U TURN,1,735901,Not at intersection,3,60,Local Road,TAIT,BALLARAT,-37.589172,143.82562,2022,10,October,11,Midday,Weekday
T20220024188,2022-10-27,09:55:00,2,Struck Pedestrian,4,Thursday,102,FAR SIDE. PED HIT BY VEHICLE FROM THE LEFT,1,783232,Not at intersection,3,40,Local Road,HIGH,WODONGA,-36.12162,146.88814,2022,10,October,9,Morning Peak,Weekday
T20220024168,2022-10-27,00:00:00,1,Collision with vehicle,4,Thursday,137,LEFT TURN SIDESWIPE,3,39433,T intersection,3,70,Arterial Other,DONCASTER,MANNINGHAM,-37.788685,145.15805,2022,10,October,0,Late Night,Weekday
T20220024186,2022-10-27,08:20:00,2,Struck Pedestrian,4,Thursday,101,PED EMERGES FROM IN FRONT OF PARKED OR STATIONARY VEHICLE,1,783234,Not at intersection,3,50,Local Road,PICKLES,PORT PHILLIP,-37.836662,144.94858,2022,10,October,8,Morning Peak,Weekday
T20220024200,2022-10-27,10:15:00,1,Collision with vehicle,4,Thursday,113,RIGHT NEAR (INTERSECTIONS ONLY),1,226252,T intersection,3,60,Local Road,CAROLINE SPRINGS,MELTON,-37.754898,144.73978,2022,10,October,10,Midday,Weekday
T20230020829,2022-10-28,13:40:00,1,Collision with vehicle,5,Friday,152,PULLING OUT (OVERTAKING),1,58255,T intersection,3,50,Local Road,CHAPMAN,SWAN HILL,-35.332767,143.55046,2022,10,October,13,Midday,Weekday
T20220025200,2022-10-28,15:15:00,1,Collision with vehicle,5,Friday,130,REAR END(VEHICLES IN SAME LANE),1,735885,Not at intersection,3,60,Arterial Other,DALTON,WHITTLESEA,-37.69025,145.02715,2022,10,October,15,Afternoon Peak,Weekday
T20220024300,2022-10-28,13:15:00,1,Collision with vehicle,5,Friday,134,LANE CHANGE RIGHT (NOT OVERTAKING),1,783174,Not at intersection,3,100,Freeway,EASTERN,BOROONDARA,-37.79158,145.02505,2022,10,October,13,Midday,Weekday
T20220024319,2022-10-28,17:15:00,1,Collision with vehicle,5,Friday,130,REAR END(VEHICLES IN SAME LANE),1,50477,Cross intersection,3,60,Local Road,DOVETON,BALLARAT,-37.54349,143.85843,2022,10,October,17,Afternoon Peak,Weekday
T20220024321,2022-10-28,15:34:00,1,Collision with vehicle,5,Friday,130,REAR END(VEHICLES IN SAME LANE),1,776961,Not at intersection,2,50,Local Road,CLEELAND,DANDENONG,-37.981316,145.21521,2022,10,October,15,Afternoon Peak,Weekday
T20220024322,2022-10-28,18:05:00,1,Collision with vehicle,5,Friday,147,VEHICLE STRIKES ANOTHER VEH WHILE EMERGING FROM DRIVEWAY,1,732460,Not at intersection,3,60,Local Road,COLCHESTER,MAROONDAH,-37.822754,145.30405,2022,10,October,18,Afternoon Peak,Weekday
T20220024656,2022-10-28,05:40:00,1,Collision with vehicle,5,Friday,116,LEFT NEAR (INTERSECTIONS ONLY),3,304268,Multiple intersection,2,60,Freeway,EASTERN IN-CHANDLER,BOROONDARA,-37.79205,145.02989,2022,10,October,5,Morning Peak,Weekday
T20220024323,2022-10-28,18:30:00,1,Collision with vehicle,5,Friday,120,HEAD ON (NOT OVERTAKING),2,772604,Not at intersection,3,60,Arterial Other,ELGAR,WHITEHORSE,-37.82787,145.11285,2022,10,October,18,Afternoon Peak,Weekday
T20220024328,2022-10-28,16:10:00,2,Struck Pedestrian,5,Friday,100,PED NEAR SIDE. PED HIT BY VEHICLE FROM THE RIGHT.,1,776905,Not at intersection,3,40,Local Road,STATION,KINGSTON,-38.027153,145.1023,2022,10,October,16,Afternoon Peak,Weekday
T20220024330,2022-10-28,19:45:00,1,Collision with vehicle,5,Friday,140,U TURN,3,732283,Not at intersection,2,60,Arterial Other,CENTRE,GLEN EIRA,-37.917175,145.02798,2022,10,October,19,Night,Weekday
T20220024333,2022-10-28,17:30:00,1,Collision with vehicle,5,Friday,130,REAR END(VEHICLES IN SAME LANE),1,683206,Not at intersection,3,100,Freeway,MONASH,CASEY,-37.98223,145.2451,2022,10,October,17,Afternoon Peak,Weekday
T20220025571,2022-10-28,21:30:00,1,Collision with vehicle,5,Friday,152,PULLING OUT (OVERTAKING),3,778996,Not at intersection,3,60,Local Road,SAN MATEO,MILDURA,-34.205166,142.14842,2022,10,October,21,Night,Weekday
T20220024349,2022-10-28,22:30:00,2,Struck Pedestrian,5,Friday,105,PED WALKING AGAINST TRAFFIC.,3,274585,Cross intersection,3,60,Local Road,MCALISTER,WELLINGTON,-37.96995,147.08185,2022,10,October,22,Night,Weekday
T20220025554,2022-10-28,17:00:00,1,Collision with vehicle,5,Friday,111,RIGHT FAR (INTERSECTIONS ONLY),1,734878,Cross intersection,3,60,Local Road,BREWER,GLEN EIRA,-37.922344,145.0389,2022,10,October,17,Afternoon Peak,Weekday
T20220025252,2022-10-28,16:00:00,2,Struck Pedestrian,5,Friday,102,FAR SIDE. PED HIT BY VEHICLE FROM THE LEFT,1,38764,Cross intersection,3,40,Arterial Highway,GEELONG,MARIBYRNONG,-37.796494,144.89694,2022,10,October,16,Afternoon Peak,Weekday
T20220025956,2022-10-28,16:15:00,1,Collision with vehicle,5,Friday,147,VEHICLE STRIKES ANOTHER VEH WHILE EMERGING FROM DRIVEWAY,1,779761,Not at intersection,2,60,Local Road,BARRIES,MELTON,-37.687836,144.56331,2022,10,October,16,Afternoon Peak,Weekday
T20220024315,2022-10-28,11:30:00,2,Struck Pedestrian,5,Friday,100,PED NEAR SIDE. PED HIT BY VEHICLE FROM THE RIGHT.,1,786918,Cross intersection,2,80,Arterial Highway,NEPEAN,KINGSTON,-37.963264,145.05606,2022,10,October,11,Midday,Weekday
T20220024455,2022-10-28,19:15:00,1,Collision with vehicle,5,Friday,130,REAR END(VEHICLES IN SAME LANE),2,36940,Cross intersection,3,40,Local Road,LITTLE BOURKE,MELBOURNE,-37.812546,144.96518,2022,10,October,19,Night,Weekday
T20220024351,2022-10-28,22:15:00,1,Collision with vehicle,5,Friday,110,CROSS TRAFFIC(INTERSECTIONS ONLY),3,222039,Cross intersection,3,50,Arterial Other,VICTORIA,YARRA,-37.807724,144.97322,2022,10,October,22,Night,Weekday
T20220024356,2022-10-28,23:42:00,1,Collision with vehicle,5,Friday,120,HEAD ON (NOT OVERTAKING),5,757239,Not at intersection,2,100,Arterial Other,HEALESVILLE-YARRA GLEN,YARRA RANGES,-37.65636,145.41522,2022,10,October,23,Night,Weekday
T20220024311,2022-10-28,16:00:00,2,Struck Pedestrian,5,Friday,102,FAR SIDE. PED HIT BY VEHICLE FROM THE LEFT,1,732459,T intersection,2,50,Local Road,CLYDESDALE,CASEY,-38.11108,145.28308,2022,10,October,16,Afternoon Peak,Weekday
T20220025383,2022-10-28,17:25:00,1,Collision with vehicle,5,Friday,160,VEHICLE COLLIDES WITH VEHICLE PARKED ON LEFT OF ROAD,1,734688,Not at intersection,3,50,Local Road,DUKE,STONNINGTON,-37.8539,144.99364,2022,10,October,17,Afternoon Peak,Weekday
T20220024447,2022-10-28,07:40:00,1,Collision with vehicle,5,Friday,130,REAR END(VEHICLES IN SAME LANE),1,3337,Cross intersection,3,80,Arterial Other,FRANKSTON-DANDENONG ROAD -THOMPSON,FRANKSTON,-38.07217,145.19453,2022,10,October,7,Morning Peak,Weekday
T20230000337,2022-10-28,21:16:00,1,Collision with vehicle,5,Friday,111,RIGHT FAR (INTERSECTIONS ONLY),3,36849,T intersection,3,60,Local Road,HALL,FRANKSTON,-38.10196,145.19258,2022,10,October,21,Night,Weekday
T20220024314,2022-10-28,17:19:00,1,Collision with vehicle,5,Friday,130,REAR END(VEHICLES IN SAME LANE),1,772610,Not at intersection,3,100,Arterial Other,BALLAN-DAYLESFORD,MOORABOOL,-37.58342,144.20007,2022,10,October,17,Afternoon Peak,Weekday
T20220029201,2022-10-28,12:30:00,2,Struck Pedestrian,5,Friday,102,FAR SIDE. PED HIT BY VEHICLE FROM THE LEFT,1,773554,Not at intersection,3,40,Local Road,NICHOLSON,EAST GIPPSLAND,-37.824654,147.6311,2022,10,October,12,Midday,Weekday
T20220026237,2022-10-28,18:15:00,1,Collision with vehicle,5,Friday,121,RIGHT THROUGH,1,588708,Cross intersection,3,60,Arterial Highway,BARNARD,BENDIGO,-36.758366,144.26813,2022,10,October,18,Afternoon Peak,Weekday
T20220024361,2022-10-28,15:55:00,1,Collision with vehicle,5,Friday,110,CROSS TRAFFIC(INTERSECTIONS ONLY),1,37887,Cross intersection,2,40,Local Road,MICHAEL,YARRA,-37.78593,144.98915,2022,10,October,15,Afternoon Peak,Weekday
T20220024285,2022-10-28,04:46:00,1,Collision with vehicle,5,Friday,121,RIGHT THROUGH,3,35449,Cross intersection,2,40,Arterial Highway,FOOTSCRAY,MELBOURNE,-37.807697,144.91617,2022,10,October,4,Late Night,Weekday
T20220025879,2022-10-28,17:00:00,1,Collision with vehicle,5,Friday,116,LEFT NEAR (INTERSECTIONS ONLY),1,783294,T intersection,3,50,Arterial Highway,HOWLONG ROAD -MAIN,INDIGO,-36.05554,146.4627,2022,10,October,17,Afternoon Peak,Weekday
T20220024402,2022-10-29,13:55:00,1,Collision with vehicle,6,Saturday,113,RIGHT NEAR (INTERSECTIONS ONLY),1,732463,T intersection,2,100,Arterial Highway,WESTERN,PYRENEES,-37.436256,143.46219,2022,10,October,13,Midday,Weekend
T20220024427,2022-10-29,18:05:00,4,Collision with a fixed object,6,Saturday,171,LEFT OFF CARRIAGEWAY INTO OBJECT/PARKED VEHICLE,3,772347,T intersection,3,50,Local Road,MONTPELLIER,MONASH,-37.859028,145.10748,2022,10,October,18,Afternoon Peak,Weekend
T20220024377,2022-10-29,09:20:00,1,Collision with vehicle,6,Saturday,113,RIGHT NEAR (INTERSECTIONS ONLY),1,278637,T intersection,3,80,Local Road,EVANS,CASEY,-38.06451,145.26126,2022,10,October,9,Morning Peak,Weekend
T20220024352,2022-10-29,00:44:00,4,Collision with a fixed object,6,Saturday,171,LEFT OFF CARRIAGEWAY INTO OBJECT/PARKED VEHICLE,5,772349,Not at intersection,3,100,Local Road,FRENCHMANS-ST ARNAUD,PYRENEES,-36.953945,143.20177,2022,10,October,0,Late Night,Weekend
T20220024348,2022-10-29,00:10:00,1,Collision with vehicle,6,Saturday,130,REAR END(VEHICLES IN SAME LANE),5,732284,Not at intersection,2,60,Local Road,LEAKES,MELTON,-37.736973,144.65178,2022,10,October,0,Late Night,Weekend
T20220024608,2022-10-29,12:20:00,1,Collision with vehicle,6,Saturday,110,CROSS TRAFFIC(INTERSECTIONS ONLY),1,351578,Cross intersection,3,60,Arterial Other,FOOT,FRANKSTON,-38.15326,145.13261,2022,10,October,12,Midday,Weekend
T20220026623,2022-10-29,21:30:00,4,Collision with a fixed object,6,Saturday,164,PERMANENT OBSTRUCTION ON CARRIAGEWAY,3,685468,Cross intersection,3,60,Local Road,WEBB DOCK,MELBOURNE,-37.834267,144.91151,2022,10,October,21,Night,Weekend
T20220024412,2022-10-29,01:10:00,4,Collision with a fixed object,6,Saturday,181,OFF RIGHT BEND INTO OBJECT/PARKED VEHICLE,3,45530,T intersection,3,50,Local Road,MONT ALBERT,HUME,-37.67589,144.96864,2022,10,October,1,Late Night,Weekend
T20220024414,2022-10-29,17:59:00,4,Collision with a fixed object,6,Saturday,173,RIGHT OFF CARRIAGEWAY INTO OBJECT/PARKED VEHICLE,1,772338,Not at intersection,3,60,Arterial Highway,BELL,DAREBIN,-37.743916,144.99118,2022,10,October,17,Afternoon Peak,Weekend
T20220024379,2022-10-29,11:05:00,6,Vehicle overturned (no collision),6,Saturday,182,OFF CARRIAGEWAY ON LEFT BEND,1,772348,Not at intersection,3,100,Local Road,KIRBY FLAT,INDIGO,-36.3349,146.83878,2022,10,October,11,Midday,Weekend
T20220024436,2022-10-29,23:41:00,1,Collision with vehicle,6,Saturday,160,VEHICLE COLLIDES WITH VEHICLE PARKED ON LEFT OF ROAD,3,740298,Not at intersection,3,60,Local Road,MERRI,WARRNAMBOOL,-38.389015,142.48502,2022,10,October,23,Night,Weekend
T20220024370,2022-10-29,08:51:00,1,Collision with vehicle,6,Saturday,110,CROSS TRAFFIC(INTERSECTIONS ONLY),1,732461,Cross intersection,3,70,Arterial Other,KINGSTON,KINGSTON,-37.955956,145.10011,2022,10,October,8,Morning Peak,Weekend
T20220024426,2022-10-29,19:35:00,6,Vehicle overturned (no collision),6,Saturday,174,OUT OF CONTROL ON CARRIAGEWAY (ON STRAIGHT),2,761985,Not at intersection,3,50,Local Road,CATERPILLAR,BRIMBANK,-37.709057,144.88652,2022,10,October,19,Night,Weekend
T20220024584,2022-10-29,11:00:00,8,No collision and no object struck,6,Saturday,170,OFF CARRIAGEWAY TO LEFT,1,737308,Not at intersection,2,60,Local Road,OLD ROSEDALE,WELLINGTON,-38.442993,146.84575,2022,10,October,11,Midday,Weekend
T20220025292,2022-10-29,10:30:00,6,Vehicle overturned (no collision),6,Saturday,182,OFF CARRIAGEWAY ON LEFT BEND,1,783295,Not at intersection,3,100,Local Road,A,STRATHBOGIE,-36.80392,145.86354,2022,10,October,10,Midday,Weekend
T20220024389,2022-10-29,14:00:00,1,Collision with vehicle,6,Saturday,110,CROSS TRAFFIC(INTERSECTIONS ONLY),1,53143,Cross intersection,2,60,Local Road,BROUGHAM,BALLARAT,-37.54855,143.85722,2022,10,October,14,Midday,Weekend
T20220024391,2022-10-29,15:02:00,1,Collision with vehicle,6,Saturday,130,REAR END(VEHICLES IN SAME LANE),1,732462,Not at intersection,3,60,Arterial Other,ORMOND,PORT PHILLIP,-37.886223,144.98254,2022,10,October,15,Afternoon Peak,Weekend
T20220024393,2022-10-29,13:30:00,1,Collision with vehicle,6,Saturday,121,RIGHT THROUGH,1,279266,Cross intersection,2,80,Arterial Other,BERWICK-CRANBOURNE,CASEY,-38.11515,145.29892,2022,10,October,13,Midday,Weekend
T20220024401,2022-10-29,15:45:00,1,Collision with vehicle,6,Saturday,133,LANE SIDE SWIPE (VEHICLES IN PARALLEL LANES),1,733999,Not at intersection,2,60,Arterial Other,STATION,WHITEHORSE,-37.819077,145.12363,2022,10,October,15,Afternoon Peak,Weekend
T20220024360,2022-10-29,03:00:00,4,Collision with a fixed object,6,Saturday,173,RIGHT OFF CARRIAGEWAY INTO OBJECT/PARKED VEHICLE,5,752698,Not at intersection,3,50,Local Road,POPLAR,BALLARAT,-37.5648,143.82361,2022,10,October,3,Late Night,Weekend
T20220024717,2022-10-29,09:10:00,1,Collision with vehicle,6,Saturday,137,LEFT TURN SIDESWIPE,1,289646,T intersection,3,60,Arterial Other,MARINE PARADE -ORMOND,PORT PHILLIP,-37.88192,144.97789,2022,10,October,9,Morning Peak,Weekend
T20220024406,2022-10-29,16:20:00,1,Collision with vehicle,6,Saturday,120,HEAD ON (NOT OVERTAKING),1,732464,Not at intersection,2,50,Local Road,WOOD,CASEY,-38.051804,145.3142,2022,10,October,16,Afternoon Peak,Weekend
T20220024409,2022-10-29,18:55:00,1,Collision with vehicle,6,Saturday,160,VEHICLE COLLIDES WITH VEHICLE PARKED ON LEFT OF ROAD,2,772273,Not at intersection,2,60,Arterial Other,ALEXANDRA,STONNINGTON,-37.83218,144.9894,2022,10,October,18,Afternoon Peak,Weekend
T20220024420,2022-10-29,15:05:00,1,Collision with vehicle,6,Saturday,130,REAR END(VEHICLES IN SAME LANE),1,257443,Cross intersection,3,60,Arterial Other,DERRIMUT,WYNDHAM,-37.8777,144.68277,2022,10,October,15,Afternoon Peak,Weekend
T20220024371,2022-10-29,06:20:00,4,Collision with a fixed object,6,Saturday,181,OFF RIGHT BEND INTO OBJECT/PARKED VEHICLE,2,739803,Not at intersection,1,40,Arterial Other,TYLDEN-WOODEND,MACEDON RANGES,-37.350445,144.51085,2022,10,October,6,Morning Peak,Weekend
T20220024421,2022-10-29,20:40:00,1,Collision with vehicle,6,Saturday,121,RIGHT THROUGH,3,225891,Cross intersection,3,50,Local Road,BETHANY,WYNDHAM,-37.852608,144.66843,2022,10,October,20,Night,Weekend
T20220024444,2022-10-29,13:00:00,1,Collision with vehicle,6,Saturday,130,REAR END(VEHICLES IN SAME LANE),1,214160,Not at intersection,3,100,Freeway,MONASH,MONASH,-37.910725,145.16357,2022,10,October,13,Midday,Weekend
T20220024386,2022-10-29,12:19:00,1,Collision with vehicle,6,Saturday,130,REAR END(VEHICLES IN SAME LANE),1,733708,Not at intersection,2,80,Arterial Other,MELTON,MELTON,-37.69215,144.74487,2022,10,October,12,Midday,Weekend
T20220024382,2022-10-29,12:05:00,1,Collision with vehicle,6,Saturday,113,RIGHT NEAR (INTERSECTIONS ONLY),1,775019,T intersection,3,80,Arterial Other,JENOLA,KNOX,-37.8768,145.21951,2022,10,October,12,Midday,Weekend
T20220024375,2022-10-29,10:07:00,1,Collision with vehicle,6,Saturday,110,CROSS TRAFFIC(INTERSECTIONS ONLY),1,52808,Cross intersection,2,60,Local Road,DOVETON,BALLARAT,-37.550816,143.85681,2022,10,October,10,Midday,Weekend
T20220027215,2022-10-29,11:00:00,2,Struck Pedestrian,6,Saturday,100,PED NEAR SIDE. PED HIT BY VEHICLE FROM THE RIGHT.,1,748802,Not at intersection,2,50,Local Road,NORMANBY,CASEY,-38.100323,145.28664,2022,10,October,11,Midday,Weekend
T20220024362,2022-10-29,05:02:00,1,Collision with vehicle,6,Saturday,160,VEHICLE COLLIDES WITH VEHICLE PARKED ON LEFT OF ROAD,2,234884,T intersection,2,70,Arterial Highway,DANDENONG,STONNINGTON,-37.880913,145.04977,2022,10,October,5,Morning Peak,Weekend
T20220024413,2022-10-29,19:00:00,1,Collision with vehicle,6,Saturday,120,HEAD ON (NOT OVERTAKING),1,733179,Not at intersection,2,60,Local Road,MCKIMMIES,WHITTLESEA,-37.67668,145.04485,2022,10,October,19,Night,Weekend
T20220024388,2022-10-29,12:44:00,4,Collision with a fixed object,6,Saturday,181,OFF RIGHT BEND INTO OBJECT/PARKED VEHICLE,1,751895,Not at intersection,2,100,Arterial Other,WARATAH,SOUTH GIPPSLAND,-38.747677,146.07506,2022,10,October,12,Midday,Weekend
T20220024500,2022-10-30,13:04:00,4,Collision with a fixed object,7,Sunday,171,LEFT OFF CARRIAGEWAY INTO OBJECT/PARKED VEHICLE,1,737112,Not at intersection,3,50,Local Road,WILLIAM,MITCHELL,-37.023922,145.13593,2022,10,October,13,Midday,Weekend
T20220024452,2022-10-30,08:40:00,1,Collision with vehicle,7,Sunday,147,VEHICLE STRIKES ANOTHER VEH WHILE EMERGING FROM DRIVEWAY,1,786921,Not at intersection,2,60,Arterial Other,MAIN WHITTLESEA,WHITTLESEA,-37.516438,145.11432,2022,10,October,8,Morning Peak,Weekend
T20220024469,2022-10-30,10:47:00,1,Collision with vehicle,7,Sunday,199,UNKNOWN-NO DETAILS ON MANOEUVRES OF ROAD-USERS IN ACCIDENT,1,732648,Cross intersection,2,50,Local Road,THE PARADE,MOONEE VALLEY,-37.77273,144.91522,2022,10,October,10,Midday,Weekend
T20220024453,2022-10-30,09:50:00,4,Collision with a fixed object,7,Sunday,171,LEFT OFF CARRIAGEWAY INTO OBJECT/PARKED VEHICLE,1,783094,Cross intersection,3,80,Arterial Highway,MOOROODUC,MORNINGTON PENINSULA,-38.26977,145.07108,2022,10,October,9,Morning Peak,Weekend
T20220024443,2022-10-30,01:51:00,5,collision with some other object,7,Sunday,166,STRUCK OBJECT ON CARRIAGEWAY,5,735677,Not at intersection,2,60,Arterial Other,KANGAROO GROUND-ST ANDREWS,NILLUMBIK,-37.633644,145.24759,2022,10,October,1,Late Night,Weekend
T20220024461,2022-10-30,13:15:00,1,Collision with vehicle,7,Sunday,110,CROSS TRAFFIC(INTERSECTIONS ONLY),1,56784,Cross intersection,3,60,Local Road,BRIDGEWATER,HUME,-37.619022,144.92783,2022,10,October,13,Midday,Weekend
T20220024486,2022-10-30,17:38:00,1,Collision with vehicle,7,Sunday,113,RIGHT NEAR (INTERSECTIONS ONLY),1,732650,T intersection,3,60,Local Road,TAYLORS,MELTON,-37.715607,144.68428,2022,10,October,17,Afternoon Peak,Weekend
T20220024463,2022-10-30,11:09:00,1,Collision with vehicle,7,Sunday,154,PULLING OUT -REAR END,1,732647,Not at intersection,2,80,Arterial Other,BELLS BEACH,SURF COAST,-38.3675,144.2817,2022,10,October,11,Midday,Weekend
T20220026519,2022-10-30,11:00:00,8,No collision and no object struck,7,Sunday,174,OUT OF CONTROL ON CARRIAGEWAY (ON STRAIGHT),1,738105,Multiple intersection,2,60,Local Road,WICKHAM,KINGSTON,-37.944782,145.03943,2022,10,October,11,Midday,Weekend
T20220024474,2022-10-30,12:15:00,5,collision with some other object,7,Sunday,166,STRUCK OBJECT ON CARRIAGEWAY,1,734389,Not at intersection,3,100,Freeway,GEELONG RING OUT-MIDLAND,GEELONG,-38.10421,144.32094,2022,10,October,12,Midday,Weekend
T20220024476,2022-10-30,14:58:00,1,Collision with vehicle,7,Sunday,148,VEHICLE OFF FOOTPATH STRIKES VEH ON CARRIAGEWAY,1,44474,Cross intersection,3,40,Arterial Other,RYRIE,GEELONG,-38.150036,144.36232,2022,10,October,14,Midday,Weekend
T20220024544,2022-10-30,12:25:00,1,Collision with vehicle,7,Sunday,120,HEAD ON (NOT OVERTAKING),1,734672,Not at intersection,3,80,Arterial Other,MOUNT BUFFALO,ALPINE,-36.741535,146.8039,2022,10,October,12,Midday,Weekend
T20220025066,2022-10-30,15:40:00,1,Collision with vehicle,7,Sunday,130,REAR END(VEHICLES IN SAME LANE),1,786923,Cross intersection,2,80,Arterial Highway,STUD,DANDENONG,-37.959873,145.22559,2022,10,October,15,Afternoon Peak,Weekend
T20220024493,2022-10-30,19:37:00,4,Collision with a fixed object,7,Sunday,171,LEFT OFF CARRIAGEWAY INTO OBJECT/PARKED VEHICLE,2,735336,Not at intersection,2,60,Arterial Highway,QUEENS,PORT PHILLIP,-37.840286,144.97464,2022,10,October,19,Night,Weekend
T20220024499,2022-10-30,21:45:00,1,Collision with vehicle,7,Sunday,152,PULLING OUT (OVERTAKING),3,733709,T intersection,2,60,Arterial Other,WAVERLEY,STONNINGTON,-37.877834,145.06349,2022,10,October,21,Night,Weekend
T20220024501,2022-10-30,23:56:00,5,collision with some other object,7,Sunday,166,STRUCK OBJECT ON CARRIAGEWAY,5,772094,Not at intersection,3,100,Local Road,ARTHURS CREEK,WHITTLESEA,-37.569702,145.13702,2022,10,October,23,Night,Weekend
T20220024478,2022-10-30,11:30:00,1,Collision with vehicle,7,Sunday,132,RIGHT REAR.,1,39932,Cross intersection,3,60,Arterial Other,KOROROIT CREEK,HOBSONS BAY,-37.85008,144.84505,2022,10,October,11,Midday,Weekend
T20220026338,2022-10-30,11:50:00,1,Collision with vehicle,7,Sunday,121,RIGHT THROUGH,1,29623,Cross intersection,3,60,Arterial Highway,SPRINGVALE,WHITEHORSE,-37.862015,145.16922,2022,10,October,11,Midday,Weekend
T20220024482,2022-10-30,15:00:00,1,Collision with vehicle,7,Sunday,120,HEAD ON (NOT OVERTAKING),1,732466,Not at intersection,3,60,Arterial Other,WHITE,KINGSTON,-38.000393,145.10089,2022,10,October,15,Afternoon Peak,Weekend
T20220024483,2022-10-30,15:10:00,1,Collision with vehicle,7,Sunday,121,RIGHT THROUGH,1,52865,Cross intersection,3,70,Arterial Other,VICTORIA,BALLARAT,-37.56057,143.8771,2022,10,October,15,Afternoon Peak,Weekend
T20220024851,2022-10-30,18:10:00,1,Collision with vehicle,7,Sunday,131,LEFT REAR,1,345654,Not at intersection,3,40,Arterial Other,CLAYTON,MONASH,-37.926216,145.1195,2022,10,October,18,Afternoon Peak,Weekend