ACCIDENT_NO,ACCIDENT_DATE,ACCIDENT_TIME,ACCIDENT_TYPE,ACCIDENT_TYPE_DESC,DAY_OF_WEEK,DAY_WEEK_DESC,DCA_CODE,DCA_DESC,LIGHT_CONDITION,NODE_ID,ROAD_GEOMETRY_DESC,SEVERITY,SPEED_ZONE,RMA,ROAD_NAME,LGA_NAME,LATITUDE,LONGITUDE,YEAR,MONTH,MONTH_NAME,HOUR,TIME_PERIOD,DAY_TYPE
T20220024448,2022-10-30,07:15:00,4,Collision with a fixed object,7,Sunday,181,OFF RIGHT BEND INTO OBJECT/PARKED VEHICLE,2,756528,Not at intersection,2,50,Local Road,THE CRESCENT,YARRA RANGES,-37.92399,145.35152,2022,10,October,7,Morning Peak,Weekend
T20220025628,2022-10-30,15:30:00,1,Collision with vehicle,7,Sunday,134,LANE CHANGE RIGHT (NOT OVERTAKING),1,775066,Not at intersection,3,100,Freeway,PRINCES,WYNDHAM,-37.95042,144.59024,2022,10,October,15,Afternoon Peak,Weekend
T20230006075,2022-10-30,13:00:00,4,Collision with a fixed object,7,Sunday,181,OFF RIGHT BEND INTO OBJECT/PARKED VEHICLE,1,783129,Not at intersection,3,60,Arterial Other,BAIRNSDALE-DARGO,WELLINGTON,-37.60801,147.18965,2022,10,October,13,Midday,Weekend
T20220028915,2022-10-30,16:30:00,1,Collision with vehicle,7,Sunday,135,LANE CHANGE LEFT (NOT OVERTAKING),1,757255,Not at intersection,3,80,Arterial Other,CRANBOURNE-NARRE WARREN,CASEY,-38.05328,145.3016,2022,10,October,16,Afternoon Peak,Weekend
T20220024484,2022-10-30,14:14:00,4,Collision with a fixed object,7,Sunday,181,OFF RIGHT BEND INTO OBJECT/PARKED VEHICLE,1,772249,Not at intersection,2,70,Local Road,ERNST WANKE,CASEY,-37.995438,145.30261,2022,10,October,14,Midday,Weekend
T20220024438,2022-10-30,00:05:00,2,Struck Pedestrian,7,Sunday,102,FAR SIDE. PED HIT BY VEHICLE FROM THE LEFT,3,610,Cross intersection,2,60,Arterial Highway,WARRIGAL,WHITEHORSE,-37.850388,145.09561,2022,10,October,0,Late Night,Weekend
T20220025085,2022-10-31,07:30:00,1,Collision with vehicle,1,Monday,130,REAR END(VEHICLES IN SAME LANE),1,742917,Not at intersection,3,60,Arterial Other,MONTAGUE,PORT PHILLIP,-37.829315,144.94878,2022,10,October,7,Morning Peak,Weekday
T20220024524,2022-10-31,10:20:00,1,Collision with vehicle,1,Monday,160,VEHICLE COLLIDES WITH VEHICLE PARKED ON LEFT OF ROAD,1,744808,Not at intersection,3,50,Local Road,SANDRA,MANNINGHAM,-37.77632,145.08522,2022,10,October,10,Midday,Weekday
T20220025009,2022-10-31,12:50:00,2,Struck Pedestrian,1,Monday,100,PED NEAR SIDE. PED HIT BY VEHICLE FROM THE RIGHT.,1,775039,Not at intersection,2,60,Local Road,THE BOULEVARD,SHEPPARTON,-36.3727,145.39413,2022,10,October,12,Midday,Weekday
T20220024879,2022-10-31,21:09:00,1,Collision with vehicle,1,Monday,111,RIGHT FAR (INTERSECTIONS ONLY),6,786926,Cross intersection,2,50,Arterial Other,WILLIAMSTOWN,MARIBYRNONG,-37.815773,144.8829,2022,10,October,21,Night,Weekday
T20220024535,2022-10-31,08:39:00,1,Collision with vehicle,1,Monday,140,U TURN,1,42617,T intersection,3,50,Local Road,COOLAVIN,DANDENONG,-37.955315,145.19716,2022,10,October,8,Morning Peak,Weekday
T20220024533,2022-10-31,05:45:00,5,collision with some other object,1,Monday,166,STRUCK OBJECT ON CARRIAGEWAY,2,732835,Not at intersection,3,80,Local Road,FOGARTY,CARDINIA,-38.033432,145.6095,2022,10,October,5,Morning Peak,Weekday
T20220024661,2022-10-31,23:20:00,7,Fall from or in moving vehicle,1,Monday,190,FELL IN/FROM VEHICLE,6,68000,Not at intersection,2,50,Local Road,DAVIES,HOBSONS BAY,-37.87075,144.83263,2022,10,October,23,Night,Weekday
T20220024503,2022-10-31,00:50:00,1,Collision with vehicle,1,Monday,134,LANE CHANGE RIGHT (NOT OVERTAKING),3,775022,Not at intersection,2,70,Arterial Highway,PRINCES HIGHWAY,MONASH,-37.920483,145.13672,2022,10,October,0,Late Night,Weekday
T20220024536,2022-10-31,10:28:00,1,Collision with vehicle,1,Monday,133,LANE SIDE SWIPE (VEHICLES IN PARALLEL LANES),1,783141,Not at intersection,3,100,Freeway,PRINCES,WYNDHAM,-37.922714,144.64914,2022,10,October,10,Midday,Weekday
T20220024555,2022-10-31,16:40:00,4,Collision with a fixed object,1,Monday,171,LEFT OFF CARRIAGEWAY INTO OBJECT/PARKED VEHICLE,1,772093,Not at intersection,3,100,Freeway,CALDER,MELTON,-37.660954,144.74326,2022,10,October,16,Afternoon Peak,Weekday
T20220024518,2022-10-31,08:05:00,4,Collision with a fixed object,1,Monday,171,LEFT OFF CARRIAGEWAY INTO OBJECT/PARKED VEHICLE,1,786930,Not at intersection,2,100,Local Road,AVENEL,MITCHELL,-36.99302,145.15831,2022,10,October,8,Morning Peak,Weekday
T20220024541,2022-10-31,14:20:00,1,Collision with vehicle,1,Monday,135,LANE CHANGE LEFT (NOT OVERTAKING),1,45467,T intersection,3,50,Arterial Other,MT ALEXANDER,MOONEE VALLEY,-37.777767,144.9299,2022,10,October,14,Midday,Weekday
T20220024651,2022-10-31,16:00:00,1,Collision with vehicle,1,Monday,120,HEAD ON (NOT OVERTAKING),1,772077,Not at intersection,3,50,Arterial Highway,GREAT OCEAN,SURF COAST,-38.551647,143.98444,2022,10,October,16,Afternoon Peak,Weekday
T20220024559,2022-10-31,18:10:00,2,Struck Pedestrian,1,Monday,102,FAR SIDE. PED HIT BY VEHICLE FROM THE LEFT,1,732837,Not at intersection,2,60,Local Road,HIGH,MORNINGTON PENINSULA,-38.307728,145.18166,2022,10,October,18,Afternoon Peak,Weekday
T20220024560,2022-10-31,17:40:00,1,Collision with vehicle,1,Monday,113,RIGHT NEAR (INTERSECTIONS ONLY),1,44014,T intersection,2,80,Arterial Highway,NEPEAN,MORNINGTON PENINSULA,-38.285767,145.03093,2022,10,October,17,Afternoon Peak,Weekday
T20220025130,2022-10-31,21:24:00,1,Collision with vehicle,1,Monday,135,LANE CHANGE LEFT (NOT OVERTAKING),6,772091,Not at intersection,3,100,Freeway,WEST GATE,WYNDHAM,-37.827827,144.8169,2022,10,October,21,Night,Weekday
T20220024563,2022-10-31,20:20:00,1,Collision with vehicle,1,Monday,132,RIGHT REAR.,3,240644,T intersection,3,60,Local Road,BARKLY,WELLINGTON,-38.111156,147.07599,2022,10,October,20,Night,Weekday
T20220026357,2022-10-31,10:30:00,1,Collision with vehicle,1,Monday,111,RIGHT FAR (INTERSECTIONS ONLY),1,775050,T intersection,2,80,Local Road,KING GEORGE,DANDENONG,-37.975067,145.1983,2022,10,October,10,Midday,Weekday
T20220024569,2022-10-31,20:30:00,4,Collision with a fixed object,1,Monday,171,LEFT OFF CARRIAGEWAY INTO OBJECT/PARKED VEHICLE,5,343143,Not at intersection,2,100,Arterial Other,EPPING,WHITTLESEA,-37.565613,145.03238,2022,10,October,20,Night,Weekday
T20220024581,2022-10-31,07:02:00,1,Collision with vehicle,1,Monday,135,LANE CHANGE LEFT (NOT OVERTAKING),1,732651,Not at intersection,2,80,Arterial Highway,DINGLEY,KINGSTON,-37.94673,145.09895,2022,10,October,7,Morning Peak,Weekday
T20220024580,2022-10-31,11:27:00,4,Collision with a fixed object,1,Monday,171,LEFT OFF CARRIAGEWAY INTO OBJECT/PARKED VEHICLE,9,306810,Cross intersection,3,100,Arterial Highway,DETOUR,WANGARATTA,-36.36236,146.36333,2022,10,October,11,Midday,Weekday
T20220024523,2022-10-31,09:30:00,1,Collision with vehicle,1,Monday,160,VEHICLE COLLIDES WITH VEHICLE PARKED ON LEFT OF ROAD,1,775023,Not at intersection,3,50,Local Road,ORWIL,FRANKSTON,-38.134903,145.13222,2022,10,October,9,Morning Peak,Weekday
T20220024572,2022-10-31,19:03:00,4,Collision with a fixed object,1,Monday,183,OFF LEFT BEND INTO OBJECT/PARKED VEHICLE,1,732750,Not at intersection,1,60,Arterial Other,SETTLEMENT,WHITTLESEA,-37.696804,145.04935,2022,10,October,19,Night,Weekday
T20220024574,2022-10-31,22:09:00,1,Collision with vehicle,1,Monday,110,CROSS TRAFFIC(INTERSECTIONS ONLY),3,255045,Cross intersection,3,50,Local Road,CASTLEMAINE,MELTON,-37.753525,144.74878,2022,10,October,22,Night,Weekday
T20220024595,2022-10-31,07:47:00,1,Collision with vehicle,1,Monday,130,REAR END(VEHICLES IN SAME LANE),1,772079,Not at intersection,3,100,Freeway,MONASH,CASEY,-37.994366,145.26254,2022,10,October,7,Morning Peak,Weekday
T20220024539,2022-10-31,11:35:00,1,Collision with vehicle,1,Monday,147,VEHICLE STRIKES ANOTHER VEH WHILE EMERGING FROM DRIVEWAY,1,732734,Not at intersection,3,40,Local Road,PEARCEDALE,HUME,-37.6785,144.91869,2022,10,October,11,Midday,Weekday
T20220024557,2022-10-31,17:33:00,1,Collision with vehicle,1,Monday,130,REAR END(VEHICLES IN SAME LANE),1,779204,Not at intersection,3,80,Local Road,TYABB-TOORADIN,MORNINGTON PENINSULA,-38.22305,145.23798,2022,10,October,17,Afternoon Peak,Weekday
T20220024504,2022-10-31,00:38:00,2,Struck Pedestrian,1,Monday,100,PED NEAR SIDE. PED HIT BY VEHICLE FROM THE RIGHT.,3,207,Cross intersection,3,40,Arterial Other,KING,MELBOURNE,-37.81939,144.9571,2022,10,October,0,Late Night,Weekday
T20220024538,2022-10-31,12:30:00,4,Collision with a fixed object,1,Monday,181,OFF RIGHT BEND INTO OBJECT/PARKED VEHICLE,1,745834,Not at intersection,2,50,Local Road,ADDERLEY,SURF COAST,-38.52068,143.98718,2022,10,October,12,Midday,Weekday
T20220024545,2022-10-31,11:30:00,6,Vehicle overturned (no collision),1,Monday,174,OUT OF CONTROL ON CARRIAGEWAY (ON STRAIGHT),1,733273,Not at intersection,2,100,Local Road,C28,BAW BAW,-38.005882,146.55342,2022,10,October,11,Midday,Weekday
T20220024515,2022-10-31,07:14:00,1,Collision with vehicle,1,Monday,111,RIGHT FAR (INTERSECTIONS ONLY),1,48503,T intersection,3,60,Freeway,LORIMER,MELBOURNE,-37.825363,144.94626,2022,10,October,7,Morning Peak,Weekday
T20220024546,2022-10-31,15:40:00,1,Collision with vehicle,1,Monday,110,CROSS TRAFFIC(INTERSECTIONS ONLY),1,52823,Cross intersection,3,50,Local Road,ARMSTRONG,BALLARAT,-37.55548,143.85744,2022,10,October,15,Afternoon Peak,Weekday
T20220024760,2022-10-31,12:50:00,1,Collision with vehicle,1,Monday,160,VEHICLE COLLIDES WITH VEHICLE PARKED ON LEFT OF ROAD,1,772092,Not at intersection,3,60,Local Road,SHELL,GEELONG,-38.259808,144.55313,2022,10,October,12,Midday,Weekday
T20220024607,2022-11-01,14:30:00,1,Collision with vehicle,2,Tuesday,163,VEHICLE STRIKES DOOR OF PARKED/STATIONARY VEHICLE,1,733533,Not at intersection,3,40,Local Road,CHAPEL,PORT PHILLIP,-37.8673,144.99054,2022,11,November,14,Midday,Weekday
T20220024630,2022-11-01,21:00:00,1,Collision with vehicle,2,Tuesday,130,REAR END(VEHICLES IN SAME LANE),3,733181,T intersection,2,60,Arterial Other,DONCASTER-ELTHAM,BANYULE,-37.733128,145.13708,2022,11,November,21,Night,Weekday
T20220025885,2022-11-01,11:30:00,1,Collision with vehicle,2,Tuesday,116,LEFT NEAR (INTERSECTIONS ONLY),1,735692,T intersection,3,70,Arterial Other,HIGH,MELTON,-37.689632,144.60298,2022,11,November,11,Midday,Weekday
T20220024631,2022-11-01,23:38:00,1,Collision with vehicle,2,Tuesday,121,RIGHT THROUGH,3,221997,T intersection,2,60,Freeway,ELGAR,WHITEHORSE,-37.796593,145.1184,2022,11,November,23,Night,Weekday
T20220024632,2022-11-01,20:30:00,1,Collision with vehicle,2,Tuesday,171,LEFT OFF CARRIAGEWAY INTO OBJECT/PARKED VEHICLE,3,739875,Not at intersection,3,50,Local Road,ALBERT,MELTON,-37.707954,144.56311,2022,11,November,20,Night,Weekday
T20220025272,2022-11-01,10:40:00,1,Collision with vehicle,2,Tuesday,147,VEHICLE STRIKES ANOTHER VEH WHILE EMERGING FROM DRIVEWAY,1,736094,Not at intersection,3,60,Arterial Other,BARRABOOL,GEELONG,-38.170723,144.32567,2022,11,November,10,Midday,Weekday
T20220025932,2022-11-01,02:40:00,8,No collision and no object struck,2,Tuesday,170,OFF CARRIAGEWAY TO LEFT,3,47706,Cross intersection,2,60,Local Road,FIFTH,HOBSONS BAY,-37.83881,144.85007,2022,11,November,2,Late Night,Weekday
T20220024800,2022-11-01,21:29:00,1,Collision with vehicle,2,Tuesday,130,REAR END(VEHICLES IN SAME LANE),3,775031,T intersection,3,40,Local Road,HIGH,DAREBIN,-37.76558,144.9994,2022,11,November,21,Night,Weekday
T20230000623,2022-11-01,20:13:00,1,Collision with vehicle,2,Tuesday,130,REAR END(VEHICLES IN SAME LANE),3,10586,Multiple intersection,3,60,Freeway,POINT COOK-PRINCES OUT,HOBSONS BAY,-37.87051,144.76007,2022,11,November,20,Night,Weekday
T20220024598,2022-11-01,09:10:00,4,Collision with a fixed object,2,Tuesday,173,RIGHT OFF CARRIAGEWAY INTO OBJECT/PARKED VEHICLE,1,735678,Not at intersection,2,100,Arterial Highway,PRINCES,EAST GIPPSLAND,-37.73905,148.15308,2022,11,November,9,Morning Peak,Weekday
T20220024594,2022-11-01,12:20:00,2,Struck Pedestrian,2,Tuesday,101,PED EMERGES FROM IN FRONT OF PARKED OR STATIONARY VEHICLE,1,733180,Not at intersection,3,50,Local Road,WOORAYL,GLEN EIRA,-37.885826,145.05852,2022,11,November,12,Midday,Weekday
T20220024590,2022-11-01,09:36:00,1,Collision with vehicle,2,Tuesday,132,RIGHT REAR.,1,664590,Cross intersection,3,60,Arterial Other,BAY,BAYSIDE,-37.95342,145.01746,2022,11,November,9,Morning Peak,Weekday
T20220024588,2022-11-01,09:38:00,1,Collision with vehicle,2,Tuesday,147,VEHICLE STRIKES ANOTHER VEH WHILE EMERGING FROM DRIVEWAY,1,783155,Not at intersection,3,50,Local Road,COLLINS,MELBOURNE,-37.819595,144.95233,2022,11,November,9,Morning Peak,Weekday
T20220024586,2022-11-01,08:22:00,1,Collision with vehicle,2,Tuesday,120,HEAD ON (NOT OVERTAKING),1,732838,Not at intersection,3,50,Local Road,BOTANICA,WHITTLESEA,-37.680954,145.05324,2022,11,November,8,Morning Peak,Weekday
T20220024615,2022-11-01,16:35:00,1,Collision with vehicle,2,Tuesday,130,REAR END(VEHICLES IN SAME LANE),1,357853,T intersection,3,80,Local Road,CHAPEL,DANDENONG,-38.010742,145.1596,2022,11,November,16,Afternoon Peak,Weekday
T20220024602,2022-11-01,12:42:00,1,Collision with vehicle,2,Tuesday,110,CROSS TRAFFIC(INTERSECTIONS ONLY),1,757986,Cross intersection,2,40,Local Road,BALMORAL,MORELAND,-37.741226,144.94104,2022,11,November,12,Midday,Weekday
T20220024617,2022-11-01,11:35:00,6,Vehicle overturned (no collision),2,Tuesday,174,OUT OF CONTROL ON CARRIAGEWAY (ON STRAIGHT),1,186022,Cross intersection,3,50,Arterial Highway,HIGH,BENDIGO,-36.763348,144.27072,2022,11,November,11,Midday,Weekday
T20220024609,2022-11-01,13:40:00,4,Collision with a fixed object,2,Tuesday,171,LEFT OFF CARRIAGEWAY INTO OBJECT/PARKED VEHICLE,1,737741,Not at intersection,2,80,Local Road,BLACK RANGE,MACEDON RANGES,-37.364944,144.70317,2022,11,November,13,Midday,Weekday
T20220024618,2022-11-01,17:20:00,1,Collision with vehicle,2,Tuesday,130,REAR END(VEHICLES IN SAME LANE),1,741472,Not at intersection,3,100,Arterial Highway,STRZELECKI,SOUTH GIPPSLAND,-38.349606,146.19266,2022,11,November,17,Afternoon Peak,Weekday
T20220024601,2022-11-01,12:30:00,1,Collision with vehicle,2,Tuesday,121,RIGHT THROUGH,1,39009,Cross intersection,3,60,Arterial Other,BURWOOD,BOROONDARA,-37.82418,145.04842,2022,11,November,12,Midday,Weekday
T20220024619,2022-11-01,17:15:00,1,Collision with vehicle,2,Tuesday,135,LANE CHANGE LEFT (NOT OVERTAKING),1,736092,Not at intersection,2,100,Freeway,MORNINGTON PENINSULA,KINGSTON,-38.0605,145.14769,2022,11,November,17,Afternoon Peak,Weekday
T20220024585,2022-11-01,06:15:00,6,Vehicle overturned (no collision),2,Tuesday,172,OFF CARRIAGEWAY TO RIGHT,1,274823,Not at intersection,2,80,Arterial Highway,DANDENONG,MONASH,-37.894115,145.09465,2022,11,November,6,Morning Peak,Weekday
T20220024579,2022-11-01,00:14:00,1,Collision with vehicle,2,Tuesday,110,CROSS TRAFFIC(INTERSECTIONS ONLY),3,27584,Cross intersection,2,60,Local Road,GREENS,WYNDHAM,-37.887676,144.6136,2022,11,November,0,Late Night,Weekday
T20220024691,2022-11-02,17:45:00,1,Collision with vehicle,3,Wednesday,130,REAR END(VEHICLES IN SAME LANE),1,771831,Not at intersection,3,70,Arterial Highway,BELLARINE,GEELONG,-38.169254,144.38652,2022,11,November,17,Afternoon Peak,Weekday
T20230001696,2022-11-02,15:02:00,1,Collision with vehicle,3,Wednesday,130,REAR END(VEHICLES IN SAME LANE),1,59028,T intersection,3,40,Local Road,GLENLYON,SHEPPARTON,-36.37025,145.4155,2022,11,November,15,Afternoon Peak,Weekday
T20220025234,2022-11-02,15:30:00,1,Collision with vehicle,3,Wednesday,130,REAR END(VEHICLES IN SAME LANE),1,734487,Not at intersection,3,80,Freeway,MILLERS-WEST GATE IN,HOBSONS BAY,-37.824467,144.85387,2022,11,November,15,Afternoon Peak,Weekday
T20220024830,2022-11-02,07:00:00,4,Collision with a fixed object,3,Wednesday,171,LEFT OFF CARRIAGEWAY INTO OBJECT/PARKED VEHICLE,1,786932,Not at intersection,2,100,Arterial Other,HEALESVILLE-KOO WEE RUP,YARRA RANGES,-37.727814,145.5166,2022,11,November,7,Morning Peak,Weekday
T20230011253,2022-11-02,04:58:00,1,Collision with vehicle,3,Wednesday,160,VEHICLE COLLIDES WITH VEHICLE PARKED ON LEFT OF ROAD,3,783173,Not at intersection,3,60,Arterial Other,WESTS,MARIBYRNONG,-37.77089,144.88194,2022,11,November,4,Late Night,Weekday
T20220024642,2022-11-02,08:50:00,1,Collision with vehicle,3,Wednesday,113,RIGHT NEAR (INTERSECTIONS ONLY),1,47728,T intersection,2,80,Arterial Other,SWANSEA,YARRA RANGES,-37.769478,145.36163,2022,11,November,8,Morning Peak,Weekday
T20220024685,2022-11-02,17:50:00,1,Collision with vehicle,3,Wednesday,147,VEHICLE STRIKES ANOTHER VEH WHILE EMERGING FROM DRIVEWAY,1,733007,Not at intersection,3,60,Local Road,POATH,GLEN EIRA,-37.907818,145.07423,2022,11,November,17,Afternoon Peak,Weekday
T20220024688,2022-11-02,14:30:00,4,Collision with a fixed object,3,Wednesday,171,LEFT OFF CARRIAGEWAY INTO OBJECT/PARKED VEHICLE,1,49025,T intersection,2,60,Freeway,TINKS-MONASH IN,CASEY,-38.001648,145.29315,2022,11,November,14,Midday,Weekday
T20220027869,2022-11-02,21:15:00,1,Collision with vehicle,3,Wednesday,130,REAR END(VEHICLES IN SAME LANE),3,782203,Not at intersection,3,60,Local Road,BROADHURST,DAREBIN,-37.70847,145.00446,2022,11,November,21,Night,Weekday
T20220024658,2022-11-02,12:58:00,2,Struck Pedestrian,3,Wednesday,100,PED NEAR SIDE. PED HIT BY VEHICLE FROM THE RIGHT.,1,41791,Cross intersection,3,40,Local Road,KINGSWAY,MONASH,-37.87954,145.16394,2022,11,November,12,Midday,Weekday
T20220028027,2022-11-02,11:30:00,1,Collision with vehicle,3,Wednesday,147,VEHICLE STRIKES ANOTHER VEH WHILE EMERGING FROM DRIVEWAY,1,741698,Not at intersection,3,50,Local Road,KAYAK,BRIMBANK,-37.715584,144.78134,2022,11,November,11,Midday,Weekday
T20220027892,2022-11-02,05:15:00,4,Collision with a fixed object,3,Wednesday,173,RIGHT OFF CARRIAGEWAY INTO OBJECT/PARKED VEHICLE,3,753490,Not at intersection,2,70,Arterial Highway,BELLARINE,GEELONG,-38.19402,144.4816,2022,11,November,5,Morning Peak,Weekday
T20220024643,2022-11-02,09:20:00,1,Collision with vehicle,3,Wednesday,121,RIGHT THROUGH,1,35414,Cross intersection,3,60,Arterial Other,ALEXANDRA,STONNINGTON,-37.834843,144.99655,2022,11,November,9,Morning Peak,Weekday
T20230016224,2022-11-02,11:20:00,1,Collision with vehicle,3,Wednesday,119,OTHER ADJACENT (INTERSECTIONS ONLY),1,40852,T intersection,3,80,Arterial Other,CANTERBURY,WHITEHORSE,-37.836823,145.19019,2022,11,November,11,Midday,Weekday
T20220024653,2022-11-02,07:54:00,4,Collision with a fixed object,3,Wednesday,183,OFF LEFT BEND INTO OBJECT/PARKED VEHICLE,1,737346,Not at intersection,3,50,Local Road,MONARCH,MURRINDINDI,-37.46438,145.24133,2022,11,November,7,Morning Peak,Weekday
T20220024677,2022-11-02,16:47:00,1,Collision with vehicle,3,Wednesday,132,RIGHT REAR.,1,653558,T intersection,3,100,Arterial Highway,SOUTH GIPPSLAND,WELLINGTON,-38.140114,147.07983,2022,11,November,16,Afternoon Peak,Weekday
T20220024647,2022-11-02,11:40:00,2,Struck Pedestrian,3,Wednesday,102,FAR SIDE. PED HIT BY VEHICLE FROM THE LEFT,1,738109,Not at intersection,2,60,Local Road,GEORGE,WELLINGTON,-37.980694,146.78777,2022,11,November,11,Midday,Weekday
T20220024679,2022-11-02,16:28:00,2,Struck Pedestrian,3,Wednesday,100,PED NEAR SIDE. PED HIT BY VEHICLE FROM THE RIGHT.,1,38327,T intersection,3,50,Arterial Other,ANDERSON STREET -JAMES,MANNINGHAM,-37.756992,145.13028,2022,11,November,16,Afternoon Peak,Weekday
T20220024660,2022-11-02,09:08:00,1,Collision with vehicle,3,Wednesday,183,OFF LEFT BEND INTO OBJECT/PARKED VEHICLE,1,684762,T intersection,3,90,Arterial Other,WELLINGTON,YARRA RANGES,-37.94955,145.32907,2022,11,November,9,Morning Peak,Weekday
T20220025060,2022-11-02,09:09:00,1,Collision with vehicle,3,Wednesday,135,LANE CHANGE LEFT (NOT OVERTAKING),1,734100,Not at intersection,3,80,Freeway,RINGWOOD,MAROONDAH,-37.810444,145.22061,2022,11,November,9,Morning Peak,Weekday
T20220024648,2022-11-02,11:00:00,1,Collision with vehicle,3,Wednesday,113,RIGHT NEAR (INTERSECTIONS ONLY),1,64367,T intersection,3,60,Local Road,DUKE,BRIMBANK,-37.77954,144.84714,2022,11,November,11,Midday,Weekday
T20220024652,2022-11-02,12:06:00,1,Collision with vehicle,3,Wednesday,135,LANE CHANGE LEFT (NOT OVERTAKING),1,733900,Not at intersection,2,80,Arterial Highway,NEPEAN,BAYSIDE,-37.903233,145.00746,2022,11,November,12,Midday,Weekday
T20220024665,2022-11-02,10:20:00,4,Collision with a fixed object,3,Wednesday,164,PERMANENT OBSTRUCTION ON CARRIAGEWAY,1,775028,Not at intersection,3,60,Arterial Highway,ALEXANDRA,MELBOURNE,-37.82076,144.96904,2022,11,November,10,Midday,Weekday
T20220024673,2022-11-02,14:05:00,4,Collision with a fixed object,3,Wednesday,173,RIGHT OFF CARRIAGEWAY INTO OBJECT/PARKED VEHICLE,1,771833,Not at intersection,3,100,Arterial Other,MONASH,LATROBE,-38.360348,146.31563,2022,11,November,14,Midday,Weekday
T20220024641,2022-11-02,07:50:00,1,Collision with vehicle,3,Wednesday,130,REAR END(VEHICLES IN SAME LANE),1,753250,Not at intersection,2,60,Arterial Highway,WHITEHORSE,WHITEHORSE,-37.816734,145.11423,2022,11,November,7,Morning Peak,Weekday
T20220027199,2022-11-02,22:16:00,1,Collision with vehicle,3,Wednesday,120,HEAD ON (NOT OVERTAKING),3,38534,Cross intersection,3,50,Arterial Other,ANDERSON,BRIMBANK,-37.787975,144.82692,2022,11,November,22,Night,Weekday
T20220024700,2022-11-02,17:47:00,4,Collision with a fixed object,3,Wednesday,181,OFF RIGHT BEND INTO OBJECT/PARKED VEHICLE,1,734686,Not at intersection,3,100,Local Road,NORTHWOOD,MITCHELL,-37.007862,145.12418,2022,11,November,17,Afternoon Peak,Weekday
T20220024701,2022-11-02,22:30:00,1,Collision with vehicle,3,Wednesday,110,CROSS TRAFFIC(INTERSECTIONS ONLY),3,35770,Cross intersection,3,50,Arterial Highway,HIGH STREET -PALL MALL,BENDIGO,-36.7597,144.2786,2022,11,November,22,Night,Weekday
T20220024704,2022-11-02,22:13:00,1,Collision with vehicle,3,Wednesday,130,REAR END(VEHICLES IN SAME LANE),3,70363,T intersection,2,60,Local Road,CORRIGAN,DANDENONG,-37.972233,145.16698,2022,11,November,22,Night,Weekday
T20220024706,2022-11-02,21:45:00,6,Vehicle overturned (no collision),3,Wednesday,182,OFF CARRIAGEWAY ON LEFT BEND,5,752618,Not at intersection,2,100,Arterial Other,MURCHISON-TATURA,SHEPPARTON,-36.596287,145.22505,2022,11,November,21,Night,Weekday
T20220024707,2022-11-02,23:40:00,1,Collision with vehicle,3,Wednesday,110,CROSS TRAFFIC(INTERSECTIONS ONLY),3,221383,Multiple intersection,3,80,Arterial Other,HUME HIGHWAY -SYDNEY,HUME,-37.643353,144.95146,2022,11,November,23,Night,Weekday
T20220024709,2022-11-02,12:12:00,1,Collision with vehicle,3,Wednesday,110,CROSS TRAFFIC(INTERSECTIONS ONLY),1,36362,Cross intersection,3,50,Local Road,DRUMMOND,YARRA,-37.7896,144.97035,2022,11,November,12,Midday,Weekday
T20220025774,2022-11-02,14:36:00,1,Collision with vehicle,3,Wednesday,121,RIGHT THROUGH,1,260358,Not at intersection,2,60,Local Road,ROSAMOND,MARIBYRNONG,-37.7728,144.88615,2022,11,November,14,Midday,Weekday
T20220024753,2022-11-02,12:30:00,1,Collision with vehicle,3,Wednesday,130,REAR END(VEHICLES IN SAME LANE),1,775029,Not at intersection,3,100,Arterial Highway,PRINCES,SURF COAST,-38.212723,144.18599,2022,11,November,12,Midday,Weekday
T20220024633,2022-11-02,00:45:00,2,Struck Pedestrian,3,Wednesday,100,PED NEAR SIDE. PED HIT BY VEHICLE FROM THE RIGHT.,3,733534,Not at intersection,2,60,Arterial Other,BALLAN,WYNDHAM,-37.898754,144.64278,2022,11,November,0,Late Night,Weekday
T20220024680,2022-11-02,17:25:00,1,Collision with vehicle,3,Wednesday,111,RIGHT FAR (INTERSECTIONS ONLY),1,278706,T intersection,3,60,Arterial Other,HAZEL,BAW BAW,-38.16764,145.95255,2022,11,November,17,Afternoon Peak,Weekday
T20220024933,2022-11-02,09:40:00,1,Collision with vehicle,3,Wednesday,111,RIGHT FAR (INTERSECTIONS ONLY),1,62793,T intersection,3,60,Arterial Other,SYDNEY,MORELAND,-37.732388,144.96466,2022,11,November,9,Morning Peak,Weekday
T20220025971,2022-11-03,10:00:00,1,Collision with vehicle,4,Thursday,132,RIGHT REAR.,1,30036,T intersection,3,60,Arterial Other,WAVERLEY,MONASH,-37.88178,145.10262,2022,11,November,10,Midday,Weekday
T20220025092,2022-11-03,07:30:00,1,Collision with vehicle,4,Thursday,130,REAR END(VEHICLES IN SAME LANE),1,46387,Cross intersection,3,50,Arterial Highway,LATROBE,GEELONG,-38.147415,144.35263,2022,11,November,7,Morning Peak,Weekday
T20220024708,2022-11-03,04:15:00,1,Collision with vehicle,4,Thursday,160,VEHICLE COLLIDES WITH VEHICLE PARKED ON LEFT OF ROAD,9,746067,Not at intersection,3,50,Local Road,DUNDAS,DAREBIN,-37.753925,145.0159,2022,11,November,4,Late Night,Weekday