ACCIDENT_NO,ACCIDENT_DATE,ACCIDENT_TIME,ACCIDENT_TYPE,ACCIDENT_TYPE_DESC,DAY_OF_WEEK,DAY_WEEK_DESC,DCA_CODE,DCA_DESC,LIGHT_CONDITION,NODE_ID,ROAD_GEOMETRY_DESC,SEVERITY,SPEED_ZONE,RMA,ROAD_NAME,LGA_NAME,LATITUDE,LONGITUDE,YEAR,MONTH,MONTH_NAME,HOUR,TIME_PERIOD,DAY_TYPE
T20220024772,2022-11-03,15:10:00,6,Vehicle overturned (no collision),4,Thursday,174,OUT OF CONTROL ON CARRIAGEWAY (ON STRAIGHT),1,735880,Unknown,3,100,Arterial Highway,SOUTH GIPPSLAND,SOUTH GIPPSLAND,-38.54819,145.94945,2022,11,November,15,Afternoon Peak,Weekday
T20220024712,2022-11-03,05:50:00,5,collision with some other object,4,Thursday,166,STRUCK OBJECT ON CARRIAGEWAY,2,686769,Not at intersection,2,80,Arterial Other,BALNARRING,MORNINGTON PENINSULA,-38.332714,145.09499,2022,11,November,5,Morning Peak,Weekday
T20220024716,2022-11-03,08:30:00,1,Collision with vehicle,4,Thursday,130,REAR END(VEHICLES IN SAME LANE),1,733535,Not at intersection,3,60,Arterial Other,ROHS,BENDIGO,-36.740147,144.31654,2022,11,November,8,Morning Peak,Weekday
T20220024996,2022-11-03,07:25:00,1,Collision with vehicle,4,Thursday,130,REAR END(VEHICLES IN SAME LANE),2,733902,Not at intersection,3,80,Arterial Highway,WELLINGTON,MONASH,-37.914806,145.1283,2022,11,November,7,Morning Peak,Weekday
T20220024734,2022-11-03,07:00:00,4,Collision with a fixed object,4,Thursday,173,RIGHT OFF CARRIAGEWAY INTO OBJECT/PARKED VEHICLE,1,733186,Not at intersection,3,100,Local Road,ROBINSON,STRATHBOGIE,-36.586594,145.81464,2022,11,November,7,Morning Peak,Weekday
T20220024770,2022-11-03,14:10:00,1,Collision with vehicle,4,Thursday,130,REAR END(VEHICLES IN SAME LANE),1,42761,T intersection,3,40,Arterial Other,BALCOMBE,KINGSTON,-37.98126,145.06439,2022,11,November,14,Midday,Weekday
T20220024743,2022-11-03,11:02:00,4,Collision with a fixed object,4,Thursday,173,RIGHT OFF CARRIAGEWAY INTO OBJECT/PARKED VEHICLE,1,775756,Not at intersection,2,50,Local Road,APPLEWOOD,KNOX,-37.874783,145.25174,2022,11,November,11,Midday,Weekday
T20220024769,2022-11-03,15:30:00,1,Collision with vehicle,4,Thursday,130,REAR END(VEHICLES IN SAME LANE),1,786936,Not at intersection,2,60,Arterial Other,BACCHUS MARSH,GEELONG,-38.083187,144.35818,2022,11,November,15,Afternoon Peak,Weekday
T20220024819,2022-11-03,08:35:00,1,Collision with vehicle,4,Thursday,148,VEHICLE OFF FOOTPATH STRIKES VEH ON CARRIAGEWAY,1,308432,Not at intersection,3,40,Local Road,BARKLY,MARIBYRNONG,-37.799213,144.89487,2022,11,November,8,Morning Peak,Weekday
T20220025396,2022-11-03,09:10:00,1,Collision with vehicle,4,Thursday,133,LANE SIDE SWIPE (VEHICLES IN PARALLEL LANES),1,739051,Not at intersection,3,50,Local Road,RAYMOND,MONASH,-37.866924,145.10904,2022,11,November,9,Morning Peak,Weekday
T20220024764,2022-11-03,17:30:00,1,Collision with vehicle,4,Thursday,134,LANE CHANGE RIGHT (NOT OVERTAKING),1,734000,Not at intersection,2,60,Arterial Other,GORDON,MARIBYRNONG,-37.778034,144.89041,2022,11,November,17,Afternoon Peak,Weekday
T20220024790,2022-11-03,20:45:00,4,Collision with a fixed object,4,Thursday,173,RIGHT OFF CARRIAGEWAY INTO OBJECT/PARKED VEHICLE,3,771827,Not at intersection,3,60,Arterial Other,MELVILLE,MORELAND,-37.740208,144.94554,2022,11,November,20,Night,Weekday
T20220024782,2022-11-03,16:57:00,1,Collision with vehicle,4,Thursday,130,REAR END(VEHICLES IN SAME LANE),1,739049,Not at intersection,2,100,Freeway,WESTERN,BRIMBANK,-37.79803,144.76495,2022,11,November,16,Afternoon Peak,Weekday
T20220024754,2022-11-03,14:20:00,1,Collision with vehicle,4,Thursday,110,CROSS TRAFFIC(INTERSECTIONS ONLY),1,29749,Cross intersection,3,60,Local Road,ALOMA,WYNDHAM,-37.890205,144.62544,2022,11,November,14,Midday,Weekday
T20220024776,2022-11-03,13:45:00,1,Collision with vehicle,4,Thursday,130,REAR END(VEHICLES IN SAME LANE),1,745748,Not at intersection,2,70,Arterial Highway,SETTLEMENT,GEELONG,-38.17395,144.35274,2022,11,November,13,Midday,Weekday
T20220024763,2022-11-03,15:45:00,2,Struck Pedestrian,4,Thursday,100,PED NEAR SIDE. PED HIT BY VEHICLE FROM THE RIGHT.,1,589232,Not at intersection,2,40,Arterial Other,MURRAY,DAREBIN,-37.737648,145.00075,2022,11,November,15,Afternoon Peak,Weekday
T20220024774,2022-11-03,12:10:00,1,Collision with vehicle,4,Thursday,142,LEAVING PARKING,1,747018,Not at intersection,3,60,Arterial Other,SWAN,YARRA,-37.826168,145.0023,2022,11,November,12,Midday,Weekday
T20220025029,2022-11-03,19:30:00,1,Collision with vehicle,4,Thursday,147,VEHICLE STRIKES ANOTHER VEH WHILE EMERGING FROM DRIVEWAY,9,775040,Not at intersection,3,50,Local Road,ASHLEY,MARIBYRNONG,-37.78087,144.86545,2022,11,November,19,Night,Weekday
T20220024931,2022-11-03,17:00:00,1,Collision with vehicle,4,Thursday,121,RIGHT THROUGH,1,38405,T intersection,3,60,Arterial Other,RINGWOOD-WARRANDYTE,MANNINGHAM,-37.76946,145.23038,2022,11,November,17,Afternoon Peak,Weekday
T20220025936,2022-11-04,08:30:00,1,Collision with vehicle,5,Friday,130,REAR END(VEHICLES IN SAME LANE),1,57391,Cross intersection,3,60,Arterial Other,SYDNEY,MORELAND,-37.73399,144.96535,2022,11,November,8,Morning Peak,Weekday
T20220025284,2022-11-04,13:00:00,1,Collision with vehicle,5,Friday,113,RIGHT NEAR (INTERSECTIONS ONLY),1,51227,Cross intersection,3,80,Arterial Highway,MAROONDAH,MURRINDINDI,-37.179684,145.69328,2022,11,November,13,Midday,Weekday
T20220024854,2022-11-04,17:49:00,1,Collision with vehicle,5,Friday,110,CROSS TRAFFIC(INTERSECTIONS ONLY),1,695241,Cross intersection,3,80,Arterial Other,CRANBOURNE-FRANKSTON,FRANKSTON,-38.150642,145.195,2022,11,November,17,Afternoon Peak,Weekday
T20220024853,2022-11-04,17:05:00,1,Collision with vehicle,5,Friday,121,RIGHT THROUGH,1,738166,Not at intersection,3,60,Arterial Other,BALWYN,BOROONDARA,-37.803677,145.0831,2022,11,November,17,Afternoon Peak,Weekday
T20220024818,2022-11-04,08:39:00,1,Collision with vehicle,5,Friday,110,CROSS TRAFFIC(INTERSECTIONS ONLY),1,733710,Cross intersection,3,60,Local Road,CLARKES,MELTON,-37.692314,144.54822,2022,11,November,8,Morning Peak,Weekday
T20220024850,2022-11-04,18:00:00,1,Collision with vehicle,5,Friday,130,REAR END(VEHICLES IN SAME LANE),1,787,Cross intersection,3,80,Arterial Other,WESTALL,DANDENONG,-37.94585,145.13936,2022,11,November,18,Afternoon Peak,Weekday
T20220025904,2022-11-04,16:00:00,8,No collision and no object struck,5,Friday,174,OUT OF CONTROL ON CARRIAGEWAY (ON STRAIGHT),1,735694,Not at intersection,3,100,Local Road,COWWARR-WALHALLA,BAW BAW,-38.008366,146.50275,2022,11,November,16,Afternoon Peak,Weekday
T20220024846,2022-11-04,13:10:00,1,Collision with vehicle,5,Friday,113,RIGHT NEAR (INTERSECTIONS ONLY),1,750524,T intersection,3,50,Local Road,BIRCHWOOD,CASEY,-38.052868,145.31631,2022,11,November,13,Midday,Weekday
T20220024844,2022-11-04,14:27:00,4,Collision with a fixed object,5,Friday,171,LEFT OFF CARRIAGEWAY INTO OBJECT/PARKED VEHICLE,1,313263,Not at intersection,3,60,Arterial Other,BARRY,HUME,-37.666588,144.9481,2022,11,November,14,Midday,Weekday
T20220027358,2022-11-04,12:30:00,2,Struck Pedestrian,5,Friday,106,VEH STRIKES PED ON FOOTPATH/MEDIAN/TRAFFIC ISLAND.,1,744622,Not at intersection,2,40,Local Road,LITTLE LONSDALE,MELBOURNE,-37.810165,144.96568,2022,11,November,12,Midday,Weekday
T20220024842,2022-11-04,12:53:00,1,Collision with vehicle,5,Friday,120,HEAD ON (NOT OVERTAKING),1,741473,Not at intersection,3,50,Arterial Other,FARNSWORTH,MARIBYRNONG,-37.790215,144.90001,2022,11,November,12,Midday,Weekday
T20220024813,2022-11-04,07:10:00,1,Collision with vehicle,5,Friday,121,RIGHT THROUGH,1,26587,Cross intersection,3,80,Freeway,WESTERN,MELTON,-37.756332,144.73967,2022,11,November,7,Morning Peak,Weekday
T20220024812,2022-11-04,08:45:00,1,Collision with vehicle,5,Friday,130,REAR END(VEHICLES IN SAME LANE),1,775034,Not at intersection,3,80,Freeway,TULLAMARINE,MOONEE VALLEY,-37.727753,144.8909,2022,11,November,8,Morning Peak,Weekday
T20220024810,2022-11-04,09:45:00,1,Collision with vehicle,5,Friday,110,CROSS TRAFFIC(INTERSECTIONS ONLY),1,775033,Cross intersection,3,50,Local Road,CONNECT,GEELONG,-38.216736,144.32698,2022,11,November,9,Morning Peak,Weekday
T20220024839,2022-11-04,13:21:00,1,Collision with vehicle,5,Friday,110,CROSS TRAFFIC(INTERSECTIONS ONLY),1,44884,Cross intersection,2,60,Local Road,RIDING BOUNDARY,MELTON,-37.7814,144.75478,2022,11,November,13,Midday,Weekday
T20220025472,2022-11-04,12:30:00,5,collision with some other object,5,Friday,166,STRUCK OBJECT ON CARRIAGEWAY,1,734877,Not at intersection,3,60,Arterial Other,BONEO,MORNINGTON PENINSULA,-38.38673,144.88857,2022,11,November,12,Midday,Weekday
T20220024884,2022-11-04,23:20:00,1,Collision with vehicle,5,Friday,137,LEFT TURN SIDESWIPE,3,786938,Not at intersection,3,60,Arterial Other,QUEEN,HOBSONS BAY,-37.87309,144.78473,2022,11,November,23,Night,Weekday
T20230000307,2022-11-04,19:30:00,6,Vehicle overturned (no collision),5,Friday,174,OUT OF CONTROL ON CARRIAGEWAY (ON STRAIGHT),2,756169,Not at intersection,3,100,Local Road,SETTLEMENT,BAW BAW,-37.963654,145.97017,2022,11,November,19,Night,Weekday
T20220027110,2022-11-04,13:00:00,1,Collision with vehicle,5,Friday,130,REAR END(VEHICLES IN SAME LANE),1,778436,Cross intersection,3,90,Freeway,WESTERN OUT-COBURNS,MELTON,-37.69218,144.56679,2022,11,November,13,Midday,Weekday
T20230005666,2022-11-04,10:00:00,1,Collision with vehicle,5,Friday,121,RIGHT THROUGH,1,289584,Cross intersection,3,80,Arterial Highway,DANDENONG,DANDENONG,-38.00295,145.20798,2022,11,November,10,Midday,Weekday
T20220024836,2022-11-04,12:38:00,1,Collision with vehicle,5,Friday,139,OTHER SAME DIRECTION-MANOUEVRES NOT INCLUDED IN DCAs 130-137,1,733711,Not at intersection,2,100,Freeway,WESTERN RING,BRIMBANK,-37.78784,144.78839,2022,11,November,12,Midday,Weekday
T20220024834,2022-11-04,13:30:00,4,Collision with a fixed object,5,Friday,181,OFF RIGHT BEND INTO OBJECT/PARKED VEHICLE,1,771815,Not at intersection,2,80,Arterial Other,GREENDALE-TRENTHAM,MOORABOOL,-37.54694,144.30241,2022,11,November,13,Midday,Weekday
T20220024827,2022-11-04,10:30:00,1,Collision with vehicle,5,Friday,152,PULLING OUT (OVERTAKING),1,744492,Not at intersection,2,50,Arterial Highway,HEYGARTH,CAMPASPE,-36.124195,144.74954,2022,11,November,10,Midday,Weekday
T20220024832,2022-11-04,08:00:00,1,Collision with vehicle,5,Friday,110,CROSS TRAFFIC(INTERSECTIONS ONLY),1,233917,Cross intersection,2,80,Local Road,DAVIS,WYNDHAM,-37.815388,144.65686,2022,11,November,8,Morning Peak,Weekday
T20220024831,2022-11-04,12:40:00,1,Collision with vehicle,5,Friday,113,RIGHT NEAR (INTERSECTIONS ONLY),1,619659,Cross intersection,3,60,Arterial Highway,WOOD,DAREBIN,-37.73556,145.02428,2022,11,November,12,Midday,Weekday
T20220025177,2022-11-04,15:00:00,1,Collision with vehicle,5,Friday,147,VEHICLE STRIKES ANOTHER VEH WHILE EMERGING FROM DRIVEWAY,1,771816,Not at intersection,3,40,Local Road,HUMPHREYS,KNOX,-37.920986,145.265,2022,11,November,15,Afternoon Peak,Weekday
T20220024804,2022-11-04,06:00:00,1,Collision with vehicle,5,Friday,113,RIGHT NEAR (INTERSECTIONS ONLY),2,11258,T intersection,3,60,Arterial Other,HUME,HUME,-37.591915,144.94249,2022,11,November,6,Morning Peak,Weekday
T20220025016,2022-11-04,18:02:00,1,Collision with vehicle,5,Friday,113,RIGHT NEAR (INTERSECTIONS ONLY),1,34410,T intersection,3,40,Local Road,BEITH,MORELAND,-37.76735,144.96495,2022,11,November,18,Afternoon Peak,Weekday
T20230016323,2022-11-04,15:18:00,7,Fall from or in moving vehicle,5,Friday,190,FELL IN/FROM VEHICLE,1,777283,Cross intersection,3,50,Local Road,MOORABOOL,GEELONG,-38.14928,144.35983,2022,11,November,15,Afternoon Peak,Weekday
T20220024829,2022-11-04,05:30:00,2,Struck Pedestrian,5,Friday,100,PED NEAR SIDE. PED HIT BY VEHICLE FROM THE RIGHT.,2,37329,Cross intersection,1,50,Local Road,KILBERRY,CASEY,-38.033024,145.27971,2022,11,November,5,Morning Peak,Weekday
T20220026755,2022-11-04,13:50:00,1,Collision with vehicle,5,Friday,147,VEHICLE STRIKES ANOTHER VEH WHILE EMERGING FROM DRIVEWAY,1,746077,Not at intersection,3,50,Local Road,WELSFORD,SHEPPARTON,-36.378605,145.39836,2022,11,November,13,Midday,Weekday
T20220024881,2022-11-04,22:40:00,1,Collision with vehicle,5,Friday,135,LANE CHANGE LEFT (NOT OVERTAKING),3,771746,Not at intersection,3,60,Local Road,BARRIES,MELTON,-37.687675,144.56844,2022,11,November,22,Night,Weekday
T20220024878,2022-11-04,22:25:00,4,Collision with a fixed object,5,Friday,183,OFF LEFT BEND INTO OBJECT/PARKED VEHICLE,5,771799,Not at intersection,3,60,Local Road,MELBOURNE,MORNINGTON PENINSULA,-38.374847,144.81006,2022,11,November,22,Night,Weekday
T20220024837,2022-11-04,14:50:00,1,Collision with vehicle,5,Friday,132,RIGHT REAR.,1,10475,Cross intersection,3,70,Arterial Highway,PRINCES,GEELONG,-38.09885,144.35526,2022,11,November,14,Midday,Weekday
T20220024875,2022-11-04,18:40:00,1,Collision with vehicle,5,Friday,113,RIGHT NEAR (INTERSECTIONS ONLY),1,45564,T intersection,2,60,Arterial Other,MORELAND,MORELAND,-37.753716,144.9495,2022,11,November,18,Afternoon Peak,Weekday
T20220024874,2022-11-04,19:00:00,1,Collision with vehicle,5,Friday,120,HEAD ON (NOT OVERTAKING),1,775036,Not at intersection,3,50,Arterial Other,OLINDA-MONBULK,YARRA RANGES,-37.855324,145.36766,2022,11,November,19,Night,Weekday
T20220025576,2022-11-04,14:30:00,8,No collision and no object struck,5,Friday,174,OUT OF CONTROL ON CARRIAGEWAY (ON STRAIGHT),1,771805,Not at intersection,2,100,Arterial Other,OMEO,EAST GIPPSLAND,-36.897305,147.4636,2022,11,November,14,Midday,Weekday
T20220026971,2022-11-04,12:00:00,1,Collision with vehicle,5,Friday,131,LEFT REAR,1,43214,T intersection,3,60,Arterial Highway,NEPEAN,KINGSTON,-38.0387,145.10861,2022,11,November,12,Midday,Weekday
T20220025402,2022-11-04,16:40:00,1,Collision with vehicle,5,Friday,130,REAR END(VEHICLES IN SAME LANE),1,148114,Not at intersection,2,60,Local Road,SWITCHBACK,YARRA RANGES,-37.74504,145.3321,2022,11,November,16,Afternoon Peak,Weekday
T20220024794,2022-11-04,00:07:00,5,collision with some other object,5,Friday,151,OUT OF CONTROL (OVERTAKING),3,754075,Not at intersection,2,40,Arterial Highway,PRINCES,COLAC OTWAY,-38.324654,143.62785,2022,11,November,0,Late Night,Weekday
T20220024793,2022-11-04,00:22:00,4,Collision with a fixed object,5,Friday,171,LEFT OFF CARRIAGEWAY INTO OBJECT/PARKED VEHICLE,5,765511,Not at intersection,2,100,Arterial Highway,NORTHERN,MITCHELL,-37.348827,144.96118,2022,11,November,0,Late Night,Weekday
T20220024824,2022-11-04,08:55:00,4,Collision with a fixed object,5,Friday,171,LEFT OFF CARRIAGEWAY INTO OBJECT/PARKED VEHICLE,1,771804,Not at intersection,3,60,Local Road,FITZGERALD,BRIMBANK,-37.792946,144.79019,2022,11,November,8,Morning Peak,Weekday
T20220024872,2022-11-04,19:00:00,1,Collision with vehicle,5,Friday,121,RIGHT THROUGH,1,36920,T intersection,3,50,Local Road,ELIZABETH,WHITTLESEA,-37.661606,145.00525,2022,11,November,19,Night,Weekday
T20220024823,2022-11-04,12:00:00,1,Collision with vehicle,5,Friday,113,RIGHT NEAR (INTERSECTIONS ONLY),1,40870,T intersection,3,70,Arterial Other,CANTERBURY,WHITEHORSE,-37.834488,145.20284,2022,11,November,12,Midday,Weekday
T20220024869,2022-11-04,16:47:00,1,Collision with vehicle,5,Friday,130,REAR END(VEHICLES IN SAME LANE),1,740670,Not at intersection,2,100,Freeway,WESTERN,BRIMBANK,-37.798203,144.76967,2022,11,November,16,Afternoon Peak,Weekday
T20220025980,2022-11-04,02:45:00,1,Collision with vehicle,5,Friday,160,VEHICLE COLLIDES WITH VEHICLE PARKED ON LEFT OF ROAD,5,736285,Not at intersection,3,50,Local Road,NOBLE,GEELONG,-38.15198,144.32875,2022,11,November,2,Late Night,Weekday
T20220024862,2022-11-04,15:30:00,6,Vehicle overturned (no collision),5,Friday,182,OFF CARRIAGEWAY ON LEFT BEND,1,734001,Not at intersection,1,100,Arterial Other,OMEO,TOWONG,-36.77015,147.45395,2022,11,November,15,Afternoon Peak,Weekday
T20220024861,2022-11-04,18:56:00,1,Collision with vehicle,5,Friday,113,RIGHT NEAR (INTERSECTIONS ONLY),1,43634,T intersection,3,80,Arterial Other,NARRE WARREN NORTH,CASEY,-38.01139,145.30972,2022,11,November,18,Afternoon Peak,Weekday
T20220024858,2022-11-04,17:12:00,1,Collision with vehicle,5,Friday,150,HEAD ON(OVERTAKING),1,740669,Not at intersection,3,100,Arterial Other,ARARAT-HALLS GAP,ARARAT,-37.29794,142.82939,2022,11,November,17,Afternoon Peak,Weekday
T20220024938,2022-11-04,15:50:00,1,Collision with vehicle,5,Friday,121,RIGHT THROUGH,1,40950,T intersection,2,70,Arterial Other,CANTERBURY,MAROONDAH,-37.83052,145.26404,2022,11,November,15,Afternoon Peak,Weekday
T20220024857,2022-11-04,18:00:00,1,Collision with vehicle,5,Friday,135,LANE CHANGE LEFT (NOT OVERTAKING),1,744614,Not at intersection,2,80,Freeway,WEST GATE,WYNDHAM,-37.826454,144.81946,2022,11,November,18,Afternoon Peak,Weekday
T20220024821,2022-11-04,08:55:00,1,Collision with vehicle,5,Friday,120,HEAD ON (NOT OVERTAKING),1,734293,Not at intersection,2,50,Local Road,OLD EMERALD,YARRA RANGES,-37.888878,145.43376,2022,11,November,8,Morning Peak,Weekday
T20220024926,2022-11-04,20:56:00,2,Struck Pedestrian,5,Friday,107,PED ON FOOTHPATH STRUCK BY VEHENTERING/LEAVING DRIVEWAY.,6,764050,Not at intersection,2,60,Local Road,LINTON-CARNGHAM,PYRENEES,-37.61169,143.58464,2022,11,November,20,Night,Weekday
T20220024912,2022-11-04,05:50:00,4,Collision with a fixed object,5,Friday,171,LEFT OFF CARRIAGEWAY INTO OBJECT/PARKED VEHICLE,2,734097,Not at intersection,3,100,Arterial Other,WHITTLESEA-YEA,MURRINDINDI,-37.393265,145.27338,2022,11,November,5,Morning Peak,Weekday
T20220024847,2022-11-04,16:47:00,1,Collision with vehicle,5,Friday,110,CROSS TRAFFIC(INTERSECTIONS ONLY),1,35770,Cross intersection,3,50,Arterial Highway,HIGH STREET -PALL MALL,BENDIGO,-36.7597,144.2786,2022,11,November,16,Afternoon Peak,Weekday
T20220024948,2022-11-05,16:08:00,1,Collision with vehicle,6,Saturday,130,REAR END(VEHICLES IN SAME LANE),1,734391,Not at intersection,2,80,Freeway,HUME,MITCHELL,-37.13974,145.08383,2022,11,November,16,Afternoon Peak,Weekend
T20220025025,2022-11-05,13:00:00,1,Collision with vehicle,6,Saturday,130,REAR END(VEHICLES IN SAME LANE),1,693675,Cross intersection,3,60,Arterial Other,PALMERS ROAD -ROBINSONS,WYNDHAM,-37.81043,144.75082,2022,11,November,13,Midday,Weekend
T20220025281,2022-11-05,21:52:00,7,Fall from or in moving vehicle,6,Saturday,190,FELL IN/FROM VEHICLE,3,734489,Not at intersection,2,100,Arterial Highway,PRINCES HIGHWAY,SURF COAST,-38.213997,144.11017,2022,11,November,21,Night,Weekend
T20220025111,2022-11-05,22:17:00,1,Collision with vehicle,6,Saturday,121,RIGHT THROUGH,3,697594,T intersection,3,60,Arterial Other,CHANDLER,DANDENONG,-37.974327,145.1857,2022,11,November,22,Night,Weekend
T20220024949,2022-11-05,16:36:00,1,Collision with vehicle,6,Saturday,121,RIGHT THROUGH,1,41994,T intersection,3,60,Arterial Other,BURWOOD,YARRA RANGES,-37.906548,145.34363,2022,11,November,16,Afternoon Peak,Weekend
T20220024950,2022-11-05,14:45:00,4,Collision with a fixed object,6,Saturday,173,RIGHT OFF CARRIAGEWAY INTO OBJECT/PARKED VEHICLE,1,770597,Not at intersection,2,50,Local Road,SPRING,LATROBE,-38.230267,146.4343,2022,11,November,14,Midday,Weekend
T20220024957,2022-11-05,15:37:00,1,Collision with vehicle,6,Saturday,132,RIGHT REAR.,1,742118,Not at intersection,2,60,Local Road,KIMBERLEY,YARRA RANGES,-37.757183,145.31126,2022,11,November,15,Afternoon Peak,Weekend
T20220024958,2022-11-05,19:35:00,1,Collision with vehicle,6,Saturday,110,CROSS TRAFFIC(INTERSECTIONS ONLY),2,262819,Cross intersection,2,60,Arterial Other,PINNIGER,MITCHELL,-37.20649,145.04308,2022,11,November,19,Night,Weekend
T20230001581,2022-11-05,12:10:00,1,Collision with vehicle,6,Saturday,130,REAR END(VEHICLES IN SAME LANE),9,39233,T intersection,3,50,Arterial Other,CANTERBURY,WHITEHORSE,-37.826725,145.10411,2022,11,November,12,Midday,Weekend
T20220024960,2022-11-05,15:00:00,2,Struck Pedestrian,6,Saturday,101,PED EMERGES FROM IN FRONT OF PARKED OR STATIONARY VEHICLE,1,743948,Not at intersection,3,60,Arterial Highway,MAIN,YARRA RANGES,-37.75627,145.34447,2022,11,November,15,Afternoon Peak,Weekend
T20220025082,2022-11-05,22:28:00,4,Collision with a fixed object,6,Saturday,171,LEFT OFF CARRIAGEWAY INTO OBJECT/PARKED VEHICLE,5,758803,Not at intersection,2,60,Arterial Highway,RAGLAN,HEPBURN,-37.3408,144.15399,2022,11,November,22,Night,Weekend
T20220024886,2022-11-05,01:52:00,1,Collision with vehicle,6,Saturday,130,REAR END(VEHICLES IN SAME LANE),5,770589,Not at intersection,2,100,Freeway,CALDER,BRIMBANK,-37.716732,144.83675,2022,11,November,1,Late Night,Weekend
T20220025035,2022-11-05,19:15:00,2,Struck Pedestrian,6,Saturday,108,PED STRUCK WALKING TO/FROM OR BOARDING/ALIGHTING VEHICLE.,9,735481,Not at intersection,3,60,Arterial Other,GORDON,MARIBYRNONG,-37.790382,144.88965,2022,11,November,19,Night,Weekend
T20220025801,2022-11-05,14:00:00,1,Collision with vehicle,6,Saturday,130,REAR END(VEHICLES IN SAME LANE),1,739883,T intersection,3,50,Local Road,HENTY,GLENELG,-38.346363,141.60504,2022,11,November,14,Midday,Weekend
T20220024888,2022-11-05,02:19:00,4,Collision with a fixed object,6,Saturday,173,RIGHT OFF CARRIAGEWAY INTO OBJECT/PARKED VEHICLE,3,783301,Not at intersection,3,40,Local Road,WILLIAM,MELBOURNE,-37.814907,144.95786,2022,11,November,2,Late Night,Weekend
T20220024890,2022-11-05,04:50:00,4,Collision with a fixed object,6,Saturday,175,OFF END OF ROAD/T-INTERSECTION.,3,735260,T intersection,3,50,Local Road,QUEEN,ARARAT,-37.29341,142.93279,2022,11,November,4,Late Night,Weekend
T20220024894,2022-11-05,06:49:00,1,Collision with vehicle,6,Saturday,147,VEHICLE STRIKES ANOTHER VEH WHILE EMERGING FROM DRIVEWAY,1,770591,Not at intersection,2,60,Arterial Other,HAMPTON,BAYSIDE,-37.91922,145.006,2022,11,November,6,Morning Peak,Weekend
T20220024895,2022-11-05,06:00:00,1,Collision with vehicle,6,Saturday,121,RIGHT THROUGH,1,29761,Cross intersection,3,80,Arterial Other,THOMPSONS,CASEY,-38.079994,145.25813,2022,11,November,6,Morning Peak,Weekend
T20220024896,2022-11-05,09:30:00,6,Vehicle overturned (no collision),6,Saturday,174,OUT OF CONTROL ON CARRIAGEWAY (ON STRAIGHT),1,239536,T intersection,3,60,Arterial Other,QUEEN,HOBSONS BAY,-37.875507,144.79602,2022,11,November,9,Morning Peak,Weekend
T20220024964,2022-11-05,21:13:00,1,Collision with vehicle,6,Saturday,130,REAR END(VEHICLES IN SAME LANE),3,777636,Not at intersection,3,50,Arterial Other,WILLIAMSTOWN,MARIBYRNONG,-37.810642,144.88388,2022,11,November,21,Night,Weekend
T20220024965,2022-11-05,21:42:00,1,Collision with vehicle,6,Saturday,113,RIGHT NEAR (INTERSECTIONS ONLY),3,359007,Multiple intersection,3,80,Freeway,KOROROIT CREEK,HOBSONS BAY,-37.844734,144.78877,2022,11,November,21,Night,Weekend
T20220024967,2022-11-05,19:00:00,4,Collision with a fixed object,6,Saturday,171,LEFT OFF CARRIAGEWAY INTO OBJECT/PARKED VEHICLE,1,743338,T intersection,3,60,Arterial Other,DONNYBROOK,WHITTLESEA,-37.54202,144.96356,2022,11,November,19,Night,Weekend
T20220024970,2022-11-05,21:02:00,3,Struck animal,6,Saturday,167,STRUCK ANIMAL,5,736731,Not at intersection,2,100,Arterial Other,BALLAN-DAYLESFORD,HEPBURN,-37.414864,144.11893,2022,11,November,21,Night,Weekend
T20220024980,2022-11-05,22:55:00,1,Collision with vehicle,6,Saturday,135,LANE CHANGE LEFT (NOT OVERTAKING),3,783238,Not at intersection,3,100,Freeway,MONASH,CASEY,-37.99706,145.27159,2022,11,November,22,Night,Weekend
T20220024985,2022-11-05,10:50:00,1,Collision with vehicle,6,Saturday,130,REAR END(VEHICLES IN SAME LANE),1,759304,Not at intersection,2,40,Local Road,MYERS,GEELONG,-38.155174,144.37224,2022,11,November,10,Midday,Weekend
T20220025725,2022-11-05,13:00:00,6,Vehicle overturned (no collision),6,Saturday,174,OUT OF CONTROL ON CARRIAGEWAY (ON STRAIGHT),9,50056,Cross intersection,3,50,Arterial Other,BOUNDARY,GEELONG,-38.16138,144.3859,2022,11,November,13,Midday,Weekend
T20220024941,2022-11-05,14:25:00,2,Struck Pedestrian,6,Saturday,100,PED NEAR SIDE. PED HIT BY VEHICLE FROM THE RIGHT.,1,723204,T intersection,3,40,Arterial Other,THOMPSON,GEELONG,-38.09379,144.34671,2022,11,November,14,Midday,Weekend
T20220029340,2022-11-05,13:00:00,1,Collision with vehicle,6,Saturday,129,OTHER OPPOSING MANOEUVRES NOT INCLUDED IN DCAs 120-125.,1,744073,Not at intersection,3,50,Local Road,CAVELL,PORT PHILLIP,-37.868305,144.97603,2022,11,November,13,Midday,Weekend