ACCIDENT_NO,ACCIDENT_DATE,ACCIDENT_TIME,ACCIDENT_TYPE,ACCIDENT_TYPE_DESC,DAY_OF_WEEK,DAY_WEEK_DESC,DCA_CODE,DCA_DESC,LIGHT_CONDITION,NODE_ID,ROAD_GEOMETRY_DESC,SEVERITY,SPEED_ZONE,RMA,ROAD_NAME,LGA_NAME,LATITUDE,LONGITUDE,YEAR,MONTH,MONTH_NAME,HOUR,TIME_PERIOD,DAY_TYPE
T20220024935,2022-11-05,14:09:00,1,Collision with vehicle,6,Saturday,116,LEFT NEAR (INTERSECTIONS ONLY),1,50621,Cross intersection,3,100,Arterial Highway,PRINCES,COLAC OTWAY,-38.34509,143.45642,2022,11,November,14,Midday,Weekend
T20220024988,2022-11-05,16:45:00,1,Collision with vehicle,6,Saturday,110,CROSS TRAFFIC(INTERSECTIONS ONLY),1,19412,Cross intersection,1,100,Arterial Highway,NORTHERN,CAMPASPE,-36.720512,144.68274,2022,11,November,16,Afternoon Peak,Weekend
T20220026153,2022-11-05,23:30:00,1,Collision with vehicle,6,Saturday,130,REAR END(VEHICLES IN SAME LANE),9,736289,T intersection,3,50,Local Road,PYALONG,HUME,-37.67458,144.9376,2022,11,November,23,Night,Weekend
T20220025278,2022-11-05,17:30:00,1,Collision with vehicle,6,Saturday,121,RIGHT THROUGH,1,89,Cross intersection,2,40,Local Road,FITZROY,PORT PHILLIP,-37.86201,144.9736,2022,11,November,17,Afternoon Peak,Weekend
T20220024923,2022-11-05,11:51:00,1,Collision with vehicle,6,Saturday,113,RIGHT NEAR (INTERSECTIONS ONLY),1,42312,T intersection,2,60,Arterial Highway,WARRIGAL,KINGSTON,-37.96036,145.07542,2022,11,November,11,Midday,Weekend
T20220024920,2022-11-05,10:05:00,1,Collision with vehicle,6,Saturday,130,REAR END(VEHICLES IN SAME LANE),1,736300,Not at intersection,3,60,Arterial Other,WANTIRNA,MAROONDAH,-37.81864,145.22731,2022,11,November,10,Midday,Weekend
T20220024918,2022-11-05,10:16:00,4,Collision with a fixed object,6,Saturday,183,OFF LEFT BEND INTO OBJECT/PARKED VEHICLE,1,269633,Not at intersection,2,100,Arterial Highway,GREAT ALPINE,EAST GIPPSLAND,-37.47456,147.83304,2022,11,November,10,Midday,Weekend
T20220024917,2022-11-05,10:45:00,1,Collision with vehicle,6,Saturday,110,CROSS TRAFFIC(INTERSECTIONS ONLY),1,43092,Cross intersection,2,60,Local Road,MCCRAE,DANDENONG,-37.991833,145.22105,2022,11,November,10,Midday,Weekend
T20220024916,2022-11-05,09:30:00,1,Collision with vehicle,6,Saturday,160,VEHICLE COLLIDES WITH VEHICLE PARKED ON LEFT OF ROAD,1,758470,Not at intersection,2,60,Arterial Other,HEATHS,WYNDHAM,-37.87878,144.69334,2022,11,November,9,Morning Peak,Weekend
T20220025266,2022-11-05,22:00:00,1,Collision with vehicle,6,Saturday,130,REAR END(VEHICLES IN SAME LANE),3,72613,T intersection,3,80,Arterial Highway,BELLARINE,GEELONG,-38.1902,144.46886,2022,11,November,22,Night,Weekend
T20220024943,2022-11-05,12:35:00,4,Collision with a fixed object,6,Saturday,173,RIGHT OFF CARRIAGEWAY INTO OBJECT/PARKED VEHICLE,1,746823,T intersection,2,80,Arterial Other,DONNYBROOK,HUME,-37.53637,144.91168,2022,11,November,12,Midday,Weekend
T20220024903,2022-11-05,11:00:00,1,Collision with vehicle,6,Saturday,113,RIGHT NEAR (INTERSECTIONS ONLY),1,65749,Cross intersection,3,50,Local Road,BUTLER,YARRA,-37.810505,144.99376,2022,11,November,11,Midday,Weekend
T20220025700,2022-11-05,17:00:00,1,Collision with vehicle,6,Saturday,130,REAR END(VEHICLES IN SAME LANE),1,17610,Cross intersection,3,60,Arterial Other,PARFITT,WANGARATTA,-36.347553,146.33624,2022,11,November,17,Afternoon Peak,Weekend
T20220024946,2022-11-05,14:20:00,1,Collision with vehicle,6,Saturday,119,OTHER ADJACENT (INTERSECTIONS ONLY),1,40889,T intersection,2,80,Arterial Other,WANTIRNA,KNOX,-37.848907,145.22714,2022,11,November,14,Midday,Weekend
T20220024902,2022-11-05,08:23:00,1,Collision with vehicle,6,Saturday,134,LANE CHANGE RIGHT (NOT OVERTAKING),1,775037,Not at intersection,3,80,Freeway,WEST GATE,MELBOURNE,-37.832573,144.9033,2022,11,November,8,Morning Peak,Weekend
T20220025012,2022-11-06,11:00:00,1,Collision with vehicle,7,Sunday,132,RIGHT REAR.,1,739050,Not at intersection,2,100,Arterial Highway,MIDLAND,HEPBURN,-37.20077,144.14491,2022,11,November,11,Midday,Weekend
T20220024991,2022-11-06,09:40:00,4,Collision with a fixed object,7,Sunday,181,OFF RIGHT BEND INTO OBJECT/PARKED VEHICLE,1,343488,Not at intersection,3,80,Arterial Other,BROADFORD-FLOWERDALE,MURRINDINDI,-37.247654,145.1706,2022,11,November,9,Morning Peak,Weekend
T20220024994,2022-11-06,11:27:00,1,Collision with vehicle,7,Sunday,130,REAR END(VEHICLES IN SAME LANE),1,109930,Not at intersection,3,60,Arterial Other,MAIN,NILLUMBIK,-37.704426,145.15733,2022,11,November,11,Midday,Weekend
T20220029450,2022-11-06,11:53:00,1,Collision with vehicle,7,Sunday,130,REAR END(VEHICLES IN SAME LANE),1,769443,Not at intersection,3,60,Arterial Highway,SMITHFIELD,MELBOURNE,-37.794327,144.91446,2022,11,November,11,Midday,Weekend
T20220026523,2022-11-06,16:20:00,1,Collision with vehicle,7,Sunday,130,REAR END(VEHICLES IN SAME LANE),1,775063,Not at intersection,3,80,Arterial Other,PORTARLINGTON,GEELONG,-38.176506,144.47571,2022,11,November,16,Afternoon Peak,Weekend
T20220025075,2022-11-06,10:30:00,1,Collision with vehicle,7,Sunday,113,RIGHT NEAR (INTERSECTIONS ONLY),1,56324,T intersection,3,60,Local Road,HORSESHOE BEND,SURF COAST,-38.30285,144.3409,2022,11,November,10,Midday,Weekend
T20220025049,2022-11-06,21:45:00,2,Struck Pedestrian,7,Sunday,102,FAR SIDE. PED HIT BY VEHICLE FROM THE LEFT,3,734673,T intersection,2,50,Local Road,HENRY,CARDINIA,-38.078625,145.48929,2022,11,November,21,Night,Weekend
T20220025827,2022-11-06,15:35:00,1,Collision with vehicle,7,Sunday,113,RIGHT NEAR (INTERSECTIONS ONLY),9,277270,T intersection,3,60,Freeway,BACCHUS MARSH,MOORABOOL,-37.68622,144.4798,2022,11,November,15,Afternoon Peak,Weekend
T20220025439,2022-11-06,09:58:00,1,Collision with vehicle,7,Sunday,110,CROSS TRAFFIC(INTERSECTIONS ONLY),1,358701,Cross intersection,3,80,Freeway,SOUTH GIPPSLAND-SOUTH GIPPSLAND IN,DANDENONG,-38.035767,145.24625,2022,11,November,9,Morning Peak,Weekend
T20220025167,2022-11-06,17:00:00,5,collision with some other object,7,Sunday,166,STRUCK OBJECT ON CARRIAGEWAY,1,52480,Cross intersection,3,50,Arterial Highway,DEAKIN,MILDURA,-34.184982,142.16254,2022,11,November,17,Afternoon Peak,Weekend
T20220025542,2022-11-06,16:00:00,1,Collision with vehicle,7,Sunday,140,U TURN,1,779839,Not at intersection,3,80,Local Road,POWER,CASEY,-37.965004,145.24402,2022,11,November,16,Afternoon Peak,Weekend
T20220025006,2022-11-06,12:00:00,1,Collision with vehicle,7,Sunday,134,LANE CHANGE RIGHT (NOT OVERTAKING),1,733714,Multiple intersection,2,80,Arterial Highway,PRINCES,LATROBE,-38.199966,146.53262,2022,11,November,12,Midday,Weekend
T20220025001,2022-11-06,12:08:00,4,Collision with a fixed object,7,Sunday,171,LEFT OFF CARRIAGEWAY INTO OBJECT/PARKED VEHICLE,1,733903,T intersection,2,60,Arterial Other,MALVERN,STONNINGTON,-37.850792,145.0237,2022,11,November,12,Midday,Weekend
T20220025031,2022-11-06,15:13:00,1,Collision with vehicle,7,Sunday,110,CROSS TRAFFIC(INTERSECTIONS ONLY),1,734295,Cross intersection,2,50,Arterial Other,MEAGER,BRIMBANK,-37.768734,144.768,2022,11,November,15,Afternoon Peak,Weekend
T20220025061,2022-11-06,23:40:00,1,Collision with vehicle,7,Sunday,110,CROSS TRAFFIC(INTERSECTIONS ONLY),3,36813,Cross intersection,3,60,Arterial Other,NORMANBY,PORT PHILLIP,-37.828957,144.94844,2022,11,November,23,Night,Weekend
T20220025047,2022-11-06,21:48:00,4,Collision with a fixed object,7,Sunday,175,OFF END OF ROAD/T-INTERSECTION.,3,43795,T intersection,3,60,Arterial Highway,WARBURTON,YARRA RANGES,-37.77924,145.4559,2022,11,November,21,Night,Weekend
T20220025560,2022-11-06,11:49:00,1,Collision with vehicle,7,Sunday,171,LEFT OFF CARRIAGEWAY INTO OBJECT/PARKED VEHICLE,1,734879,Not at intersection,3,60,Local Road,AUDSLEY,KINGSTON,-37.93161,145.12195,2022,11,November,11,Midday,Weekend
T20220025028,2022-11-06,18:30:00,1,Collision with vehicle,7,Sunday,148,VEHICLE OFF FOOTPATH STRIKES VEH ON CARRIAGEWAY,1,734099,Not at intersection,3,50,Local Road,LINEHAM,CASEY,-38.124367,145.30197,2022,11,November,18,Afternoon Peak,Weekend
T20220025039,2022-11-06,18:40:00,4,Collision with a fixed object,7,Sunday,171,LEFT OFF CARRIAGEWAY INTO OBJECT/PARKED VEHICLE,1,770565,Not at intersection,2,100,Arterial Highway,PRINCES,COLAC OTWAY,-38.349277,143.39957,2022,11,November,18,Afternoon Peak,Weekend
T20220025026,2022-11-06,14:25:00,4,Collision with a fixed object,7,Sunday,171,LEFT OFF CARRIAGEWAY INTO OBJECT/PARKED VEHICLE,1,742780,Not at intersection,1,100,Arterial Other,LYELL,MOUNT ALEXANDER,-36.98442,144.50465,2022,11,November,14,Midday,Weekend
T20220025036,2022-11-06,20:05:00,6,Vehicle overturned (no collision),7,Sunday,170,OFF CARRIAGEWAY TO LEFT,2,737744,Not at intersection,3,100,Arterial Highway,WESTERN,MOORABOOL,-37.562016,143.9428,2022,11,November,20,Night,Weekend
T20220025143,2022-11-06,21:45:00,1,Collision with vehicle,7,Sunday,135,LANE CHANGE LEFT (NOT OVERTAKING),3,38044,Cross intersection,2,40,Arterial Other,STATION,DAREBIN,-37.77945,145.01805,2022,11,November,21,Night,Weekend
T20220025064,2022-11-06,17:15:00,1,Collision with vehicle,7,Sunday,120,HEAD ON (NOT OVERTAKING),1,341103,Not at intersection,2,80,Arterial Other,MARYSVILLE-WOODS POINT,YARRA RANGES,-37.5451,145.84799,2022,11,November,17,Afternoon Peak,Weekend
T20220028794,2022-11-06,16:45:00,1,Collision with vehicle,7,Sunday,147,VEHICLE STRIKES ANOTHER VEH WHILE EMERGING FROM DRIVEWAY,1,742939,Not at intersection,3,50,Local Road,HYDE,MARIBYRNONG,-37.81613,144.89687,2022,11,November,16,Afternoon Peak,Weekend
T20220025044,2022-11-06,21:10:00,3,Struck animal,7,Sunday,167,STRUCK ANIMAL,5,734192,Not at intersection,3,100,Arterial Other,CRESWICK,HEPBURN,-37.30606,143.79974,2022,11,November,21,Night,Weekend
T20220024972,2022-11-06,00:10:00,1,Collision with vehicle,7,Sunday,130,REAR END(VEHICLES IN SAME LANE),3,735161,Not at intersection,2,70,Arterial Other,BACCHUS MARSH,GEELONG,-38.058773,144.35823,2022,11,November,0,Late Night,Weekend
T20220024977,2022-11-06,04:22:00,1,Collision with vehicle,7,Sunday,160,VEHICLE COLLIDES WITH VEHICLE PARKED ON LEFT OF ROAD,3,769440,Not at intersection,3,60,Local Road,MORRIS,WYNDHAM,-37.87111,144.70274,2022,11,November,4,Late Night,Weekend
T20220025014,2022-11-06,13:41:00,6,Vehicle overturned (no collision),7,Sunday,184,OUT OF CONTROL ON CARRIAGEWAY (ON BEND),1,786954,Not at intersection,2,100,Local Road,SOLDIERS,CARDINIA,-37.907207,145.59451,2022,11,November,13,Midday,Weekend
T20220025051,2022-11-06,21:30:00,1,Collision with vehicle,7,Sunday,121,RIGHT THROUGH,3,56086,T intersection,3,60,Local Road,CARINYA,MELTON,-37.75205,144.75137,2022,11,November,21,Night,Weekend
T20220025868,2022-11-06,18:30:00,1,Collision with vehicle,7,Sunday,130,REAR END(VEHICLES IN SAME LANE),1,736673,Not at intersection,3,40,Arterial Other,SUNSHINE,MARIBYRNONG,-37.799618,144.86275,2022,11,November,18,Afternoon Peak,Weekend
T20220024995,2022-11-06,08:02:00,8,No collision and no object struck,7,Sunday,184,OUT OF CONTROL ON CARRIAGEWAY (ON BEND),1,734098,Not at intersection,2,100,Local Road,CLARKES,MITCHELL,-37.3836,145.07832,2022,11,November,8,Morning Peak,Weekend
T20220025042,2022-11-06,21:20:00,1,Collision with vehicle,7,Sunday,160,VEHICLE COLLIDES WITH VEHICLE PARKED ON LEFT OF ROAD,3,733906,Not at intersection,3,50,Local Road,LANCEFIELD,MELTON,-37.710777,144.73708,2022,11,November,21,Night,Weekend
T20220024979,2022-11-06,00:40:00,1,Collision with vehicle,7,Sunday,136,RIGHT TURN SIDESWIPE,3,44641,Cross intersection,3,50,Local Road,MOLLISON,BENDIGO,-36.76229,144.28436,2022,11,November,0,Late Night,Weekend
T20220025388,2022-11-06,12:15:00,1,Collision with vehicle,7,Sunday,130,REAR END(VEHICLES IN SAME LANE),1,770568,Not at intersection,3,80,Freeway,WEST GATE IN-POWER,MELBOURNE,-37.82675,144.96413,2022,11,November,12,Midday,Weekend
T20220026581,2022-11-06,21:00:00,1,Collision with vehicle,7,Sunday,130,REAR END(VEHICLES IN SAME LANE),2,775052,Not at intersection,3,60,Arterial Highway,BELL,DAREBIN,-37.746582,145.01678,2022,11,November,21,Night,Weekend
T20220024981,2022-11-06,01:23:00,1,Collision with vehicle,7,Sunday,121,RIGHT THROUGH,3,234871,Cross intersection,3,70,Arterial Highway,PLENTY,BANYULE,-37.70003,145.05836,2022,11,November,1,Late Night,Weekend
T20220024987,2022-11-06,00:30:00,1,Collision with vehicle,7,Sunday,110,CROSS TRAFFIC(INTERSECTIONS ONLY),5,46960,Cross intersection,3,60,Local Road,DOHERTYS,WYNDHAM,-37.822685,144.7214,2022,11,November,0,Late Night,Weekend
T20220025020,2022-11-06,15:19:00,1,Collision with vehicle,7,Sunday,147,VEHICLE STRIKES ANOTHER VEH WHILE EMERGING FROM DRIVEWAY,1,733905,Not at intersection,2,50,Local Road,CORBET,MELTON,-37.71742,144.55757,2022,11,November,15,Afternoon Peak,Weekend
T20220025019,2022-11-06,15:20:00,1,Collision with vehicle,7,Sunday,121,RIGHT THROUGH,1,61359,T intersection,2,60,Arterial Highway,MAROONDAH,YARRA RANGES,-37.662594,145.51329,2022,11,November,15,Afternoon Peak,Weekend
T20220025017,2022-11-06,14:30:00,1,Collision with vehicle,7,Sunday,130,REAR END(VEHICLES IN SAME LANE),1,733904,Not at intersection,3,100,Freeway,CANTERBURY-EASTLINK OUT,MAROONDAH,-37.835075,145.21793,2022,11,November,14,Midday,Weekend
T20220025015,2022-11-06,14:20:00,1,Collision with vehicle,7,Sunday,120,HEAD ON (NOT OVERTAKING),1,742813,Not at intersection,2,80,Local Road,LOCH-WONTHAGGI,SOUTH GIPPSLAND,-38.418186,145.69781,2022,11,November,14,Midday,Weekend
T20220027190,2022-11-06,18:30:00,8,No collision and no object struck,7,Sunday,179,OTHER ACCIDENTS-OFF STRAIGHT NOT INCLUDED IN DCAs 170-175,1,742618,Not at intersection,2,40,Local Road,FITZROY,PORT PHILLIP,-37.859894,144.97717,2022,11,November,18,Afternoon Peak,Weekend
T20220025034,2022-11-06,16:56:00,1,Collision with vehicle,7,Sunday,120,HEAD ON (NOT OVERTAKING),1,774270,Not at intersection,2,70,Arterial Other,PAKENHAM,CARDINIA,-38.026096,145.50044,2022,11,November,16,Afternoon Peak,Weekend
T20220025088,2022-11-06,17:14:00,1,Collision with vehicle,7,Sunday,130,REAR END(VEHICLES IN SAME LANE),1,737745,Not at intersection,3,80,Freeway,WEST GATE,MELBOURNE,-37.82896,144.92087,2022,11,November,17,Afternoon Peak,Weekend
T20220025901,2022-11-07,15:55:00,1,Collision with vehicle,1,Monday,136,RIGHT TURN SIDESWIPE,1,37545,Cross intersection,3,50,Arterial Other,CLARENDON,PORT PHILLIP,-37.835224,144.9616,2022,11,November,15,Afternoon Peak,Weekday
T20220025099,2022-11-07,09:30:00,2,Struck Pedestrian,1,Monday,100,PED NEAR SIDE. PED HIT BY VEHICLE FROM THE RIGHT.,1,783267,Not at intersection,3,50,Local Road,COLCHESTER,MORNINGTON PENINSULA,-38.379314,144.88875,2022,11,November,9,Morning Peak,Weekday
T20220025078,2022-11-07,09:30:00,1,Collision with vehicle,1,Monday,110,CROSS TRAFFIC(INTERSECTIONS ONLY),1,735261,Cross intersection,3,60,Arterial Highway,MAIN,EAST GIPPSLAND,-37.82823,147.62193,2022,11,November,9,Morning Peak,Weekday
T20220025063,2022-11-07,05:10:00,1,Collision with vehicle,1,Monday,162,ACCIDENT OR BROKEN DOWN,3,57700,Cross intersection,2,70,Arterial Highway,PRINCES HIGHWAY -RAGLAN,WARRNAMBOOL,-38.38468,142.533,2022,11,November,5,Morning Peak,Weekday
T20220025116,2022-11-07,16:45:00,4,Collision with a fixed object,1,Monday,173,RIGHT OFF CARRIAGEWAY INTO OBJECT/PARKED VEHICLE,1,735780,Not at intersection,3,100,Freeway,METROPOLITAN RING,MORELAND,-37.691044,144.97038,2022,11,November,16,Afternoon Peak,Weekday
T20220025127,2022-11-07,15:11:00,2,Struck Pedestrian,1,Monday,108,PED STRUCK WALKING TO/FROM OR BOARDING/ALIGHTING VEHICLE.,1,741829,Not at intersection,1,50,Local Road,HIGH,BRIMBANK,-37.788322,144.8429,2022,11,November,15,Afternoon Peak,Weekday
T20220025370,2022-11-07,15:10:00,1,Collision with vehicle,1,Monday,147,VEHICLE STRIKES ANOTHER VEH WHILE EMERGING FROM DRIVEWAY,1,735486,Not at intersection,3,60,Arterial Other,FURLONG,BRIMBANK,-37.760925,144.8168,2022,11,November,15,Afternoon Peak,Weekday
T20220025133,2022-11-07,17:30:00,6,Vehicle overturned (no collision),1,Monday,180,OFF CARRIAGEWAY ON RIGHT BEND,1,783259,Not at intersection,3,80,Local Road,KONAGADERRA,HUME,-37.563717,144.84796,2022,11,November,17,Afternoon Peak,Weekday
T20220025125,2022-11-07,10:50:00,1,Collision with vehicle,1,Monday,121,RIGHT THROUGH,1,41762,T intersection,3,80,Arterial Highway,WELLINGTON,MONASH,-37.91727,145.1471,2022,11,November,10,Midday,Weekday
T20220025080,2022-11-07,11:09:00,1,Collision with vehicle,1,Monday,140,U TURN,1,733908,Cross intersection,2,80,Local Road,GHAZEEPORE,SURF COAST,-38.2588,144.29337,2022,11,November,11,Midday,Weekday
T20230003485,2022-11-07,05:30:00,1,Collision with vehicle,1,Monday,130,REAR END(VEHICLES IN SAME LANE),6,769436,Not at intersection,3,80,Arterial Highway,FRANKSTON-DANDENONG,FRANKSTON,-38.084553,145.18433,2022,11,November,5,Morning Peak,Weekday
T20220027314,2022-11-07,12:00:00,1,Collision with vehicle,1,Monday,130,REAR END(VEHICLES IN SAME LANE),1,781526,Cross intersection,3,60,Arterial Highway,EDGAR,GLENELG,-38.132244,141.63005,2022,11,November,12,Midday,Weekday
T20220025405,2022-11-07,09:50:00,1,Collision with vehicle,1,Monday,130,REAR END(VEHICLES IN SAME LANE),1,39774,Cross intersection,3,60,Arterial Other,MT DANDENONG,MAROONDAH,-37.799644,145.28981,2022,11,November,9,Morning Peak,Weekday
T20220025145,2022-11-07,14:33:00,1,Collision with vehicle,1,Monday,110,CROSS TRAFFIC(INTERSECTIONS ONLY),1,267337,Cross intersection,3,60,Local Road,GRAND,HUME,-37.577103,144.93039,2022,11,November,14,Midday,Weekday
T20220025450,2022-11-07,14:20:00,1,Collision with vehicle,1,Monday,132,RIGHT REAR.,1,734876,T intersection,3,50,Local Road,REYNARD,MORELAND,-37.74591,144.93912,2022,11,November,14,Midday,Weekday
T20220025081,2022-11-07,10:35:00,1,Collision with vehicle,1,Monday,110,CROSS TRAFFIC(INTERSECTIONS ONLY),1,42592,Cross intersection,2,70,Arterial Other,POLICE,DANDENONG,-37.937237,145.18953,2022,11,November,10,Midday,Weekday
T20220027662,2022-11-07,19:00:00,4,Collision with a fixed object,1,Monday,181,OFF RIGHT BEND INTO OBJECT/PARKED VEHICLE,1,769421,Not at intersection,3,100,Local Road,YABBA,TOWONG,-36.23018,147.25836,2022,11,November,19,Night,Weekday
T20220025083,2022-11-07,11:10:00,1,Collision with vehicle,1,Monday,148,VEHICLE OFF FOOTPATH STRIKES VEH ON CARRIAGEWAY,1,783269,Not at intersection,3,60,Arterial Highway,LOWER DANDENONG,KINGSTON,-37.98655,145.10872,2022,11,November,11,Midday,Weekday
T20220025112,2022-11-07,15:54:00,1,Collision with vehicle,1,Monday,130,REAR END(VEHICLES IN SAME LANE),1,733910,Multiple intersection,2,40,Freeway,MARRETTS,LATROBE,-38.209694,146.3202,2022,11,November,15,Afternoon Peak,Weekday
T20220025113,2022-11-07,13:08:00,1,Collision with vehicle,1,Monday,113,RIGHT NEAR (INTERSECTIONS ONLY),1,30043,Cross intersection,2,80,Arterial Highway,PRINCES,CASEY,-38.002953,145.24709,2022,11,November,13,Midday,Weekday
T20220025115,2022-11-07,14:58:00,4,Collision with a fixed object,1,Monday,181,OFF RIGHT BEND INTO OBJECT/PARKED VEHICLE,1,786955,Not at intersection,2,100,Arterial Other,MANSFIELD-WOODS POINT,MANSFIELD,-37.20348,146.14856,2022,11,November,14,Midday,Weekday
T20220025118,2022-11-07,17:28:00,1,Collision with vehicle,1,Monday,120,HEAD ON (NOT OVERTAKING),1,775043,Not at intersection,3,60,Local Road,GRANTULLA,YARRA RANGES,-37.898857,145.39392,2022,11,November,17,Afternoon Peak,Weekday
T20220025084,2022-11-07,08:12:00,1,Collision with vehicle,1,Monday,160,VEHICLE COLLIDES WITH VEHICLE PARKED ON LEFT OF ROAD,1,769438,Not at intersection,2,60,Arterial Highway,NEPEAN,KINGSTON,-38.08143,145.1237,2022,11,November,8,Morning Peak,Weekday
T20220025121,2022-11-07,17:00:00,1,Collision with vehicle,1,Monday,121,RIGHT THROUGH,1,42515,T intersection,3,80,Arterial Highway,SPRINGVALE,MONASH,-37.925453,145.15723,2022,11,November,17,Afternoon Peak,Weekday
T20220025211,2022-11-07,08:30:00,1,Collision with vehicle,1,Monday,130,REAR END(VEHICLES IN SAME LANE),1,734870,T intersection,3,80,Arterial Other,SWANSEA,YARRA RANGES,-37.7764,145.36348,2022,11,November,8,Morning Peak,Weekday
T20220027791,2022-11-07,20:30:00,5,collision with some other object,1,Monday,166,STRUCK OBJECT ON CARRIAGEWAY,2,51605,Cross intersection,3,40,Local Road,GAOL,BENDIGO,-36.75699,144.27547,2022,11,November,20,Night,Weekday
T20220025055,2022-11-07,22:25:00,1,Collision with vehicle,1,Monday,113,RIGHT NEAR (INTERSECTIONS ONLY),3,36899,T intersection,3,60,Arterial Other,CITY,MELBOURNE,-37.825138,144.96104,2022,11,November,22,Night,Weekday
T20220025104,2022-11-07,12:00:00,6,Vehicle overturned (no collision),1,Monday,180,OFF CARRIAGEWAY ON RIGHT BEND,1,745656,Not at intersection,2,100,Local Road,DUNNSTOWN-YENDON,MOORABOOL,-37.61744,143.98248,2022,11,November,12,Midday,Weekday
T20220025122,2022-11-07,16:01:00,1,Collision with vehicle,1,Monday,130,REAR END(VEHICLES IN SAME LANE),1,687026,T intersection,2,80,Local Road,COLEMANS,DANDENONG,-38.040207,145.21866,2022,11,November,16,Afternoon Peak,Weekday
T20220025512,2022-11-07,20:15:00,1,Collision with vehicle,1,Monday,120,HEAD ON (NOT OVERTAKING),1,736669,T intersection,3,50,Local Road,GRENVILLE,BALLARAT,-37.56162,143.86078,2022,11,November,20,Night,Weekday
T20220025108,2022-11-07,15:45:00,4,Collision with a fixed object,1,Monday,171,LEFT OFF CARRIAGEWAY INTO OBJECT/PARKED VEHICLE,1,225697,Cross intersection,2,60,Local Road,AVERYS,BENDIGO,-36.71778,144.27385,2022,11,November,15,Afternoon Peak,Weekday
T20230007300,2022-11-07,16:20:00,6,Vehicle overturned (no collision),1,Monday,174,OUT OF CONTROL ON CARRIAGEWAY (ON STRAIGHT),1,765780,Not at intersection,3,80,Arterial Other,WELLINGTON,YARRA RANGES,-37.953842,145.34727,2022,11,November,16,Afternoon Peak,Weekday
T20220025123,2022-11-07,18:15:00,1,Collision with vehicle,1,Monday,140,U TURN,1,735584,Not at intersection,2,50,Arterial Other,YARRA,BOROONDARA,-37.80169,145.0112,2022,11,November,18,Afternoon Peak,Weekday
T20220025149,2022-11-07,17:37:00,1,Collision with vehicle,1,Monday,130,REAR END(VEHICLES IN SAME LANE),1,742504,Not at intersection,3,80,Freeway,WESTERN OUT-COBURNS,MELTON,-37.691105,144.56944,2022,11,November,17,Afternoon Peak,Weekday
T20220025251,2022-11-08,13:00:00,1,Collision with vehicle,2,Tuesday,121,RIGHT THROUGH,1,774047,Not at intersection,2,60,Local Road,NEALE,BRIMBANK,-37.75226,144.77467,2022,11,November,13,Midday,Weekday
T20220025214,2022-11-08,15:35:00,1,Collision with vehicle,2,Tuesday,147,VEHICLE STRIKES ANOTHER VEH WHILE EMERGING FROM DRIVEWAY,1,769182,Not at intersection,2,80,Arterial Other,HEATHERTON,CASEY,-37.975246,145.25993,2022,11,November,15,Afternoon Peak,Weekday
T20220025204,2022-11-08,10:25:00,4,Collision with a fixed object,2,Tuesday,181,OFF RIGHT BEND INTO OBJECT/PARKED VEHICLE,1,744287,Not at intersection,2,100,Arterial Other,DARTMOOR-HAMILTON,GLENELG,-37.848316,141.45087,2022,11,November,10,Midday,Weekday
T20220028074,2022-11-08,14:10:00,1,Collision with vehicle,2,Tuesday,121,RIGHT THROUGH,1,46544,T intersection,3,60,Arterial Other,PLENTY,DAREBIN,-37.727684,145.01958,2022,11,November,14,Midday,Weekday
T20220025220,2022-11-08,18:24:00,4,Collision with a fixed object,2,Tuesday,171,LEFT OFF CARRIAGEWAY INTO OBJECT/PARKED VEHICLE,1,715417,Not at intersection,2,60,Arterial Other,NICHOLSON,MORELAND,-37.752945,144.97626,2022,11,November,18,Afternoon Peak,Weekday
T20220026119,2022-11-08,17:30:00,1,Collision with vehicle,2,Tuesday,130,REAR END(VEHICLES IN SAME LANE),1,736110,Not at intersection,3,80,Arterial Other,HEATHERTON,DANDENONG,-37.969902,145.21371,2022,11,November,17,Afternoon Peak,Weekday
T20230001369,2022-11-08,16:20:00,1,Collision with vehicle,2,Tuesday,116,LEFT NEAR (INTERSECTIONS ONLY),9,748940,Cross intersection,3,60,Local Road,SMILEY,HUME,-37.687,144.93318,2022,11,November,16,Afternoon Peak,Weekday
T20220025221,2022-11-08,16:50:00,1,Collision with vehicle,2,Tuesday,130,REAR END(VEHICLES IN SAME LANE),1,738370,Not at intersection,3,80,Arterial Other,WELLINGTON,KNOX,-37.92861,145.2628,2022,11,November,16,Afternoon Peak,Weekday
T20220025203,2022-11-08,15:25:00,1,Collision with vehicle,2,Tuesday,113,RIGHT NEAR (INTERSECTIONS ONLY),1,43974,T intersection,2,80,Arterial Highway,NEPEAN,MORNINGTON PENINSULA,-38.24053,145.03653,2022,11,November,15,Afternoon Peak,Weekday
T20220025190,2022-11-08,13:10:00,2,Struck Pedestrian,2,Tuesday,101,PED EMERGES FROM IN FRONT OF PARKED OR STATIONARY VEHICLE,1,734674,Not at intersection,2,60,Arterial Other,LINCOLN,MOONEE VALLEY,-37.75234,144.90869,2022,11,November,13,Midday,Weekday