ACCIDENT_NO,ACCIDENT_DATE,ACCIDENT_TIME,ACCIDENT_TYPE,ACCIDENT_TYPE_DESC,DAY_OF_WEEK,DAY_WEEK_DESC,DCA_CODE,DCA_DESC,LIGHT_CONDITION,NODE_ID,ROAD_GEOMETRY_DESC,SEVERITY,SPEED_ZONE,RMA,ROAD_NAME,LGA_NAME,LATITUDE,LONGITUDE,YEAR,MONTH,MONTH_NAME,HOUR,TIME_PERIOD,DAY_TYPE
T20220025217,2022-11-08,17:50:00,2,Struck Pedestrian,2,Tuesday,100,PED NEAR SIDE. PED HIT BY VEHICLE FROM THE RIGHT.,1,737116,Not at intersection,3,40,Local Road,WEST,MORELAND,-37.707867,144.9383,2022,11,November,17,Afternoon Peak,Weekday
T20220025218,2022-11-08,18:35:00,1,Collision with vehicle,2,Tuesday,121,RIGHT THROUGH,1,38969,T intersection,3,60,Arterial Other,HIGH,BOROONDARA,-37.801147,145.04642,2022,11,November,18,Afternoon Peak,Weekday
T20220025228,2022-11-08,15:20:00,1,Collision with vehicle,2,Tuesday,160,VEHICLE COLLIDES WITH VEHICLE PARKED ON LEFT OF ROAD,1,769185,Not at intersection,3,60,Local Road,WARRANDYTE,FRANKSTON,-38.162876,145.18904,2022,11,November,15,Afternoon Peak,Weekday
T20220025290,2022-11-08,10:36:00,1,Collision with vehicle,2,Tuesday,130,REAR END(VEHICLES IN SAME LANE),9,734491,Not at intersection,3,60,Arterial Other,WHITEHORSE,BOROONDARA,-37.81419,145.09253,2022,11,November,10,Midday,Weekday
T20220025230,2022-11-08,19:09:00,1,Collision with vehicle,2,Tuesday,121,RIGHT THROUGH,1,727143,Cross intersection,2,80,Arterial Highway,MAROONDAH,MAROONDAH,-37.791348,145.26334,2022,11,November,19,Night,Weekday
T20220025138,2022-11-08,00:20:00,1,Collision with vehicle,2,Tuesday,120,HEAD ON (NOT OVERTAKING),3,751439,Not at intersection,2,50,Local Road,MUSK,MELTON,-37.686127,144.58026,2022,11,November,0,Late Night,Weekday
T20220025187,2022-11-08,11:19:00,1,Collision with vehicle,2,Tuesday,198,OTHER ACCIDENTS NOT CLASSIFIABLE ELSEWHERE,1,737115,Not at intersection,2,50,Local Road,OSBORNE,DANDENONG,-37.947018,145.1492,2022,11,November,11,Midday,Weekday
T20230003128,2022-11-08,08:38:00,1,Collision with vehicle,2,Tuesday,130,REAR END(VEHICLES IN SAME LANE),1,96827,Not at intersection,3,70,Arterial Other,WAVERLEY,MONASH,-37.888237,145.15826,2022,11,November,8,Morning Peak,Weekday
T20220025235,2022-11-08,20:33:00,1,Collision with vehicle,2,Tuesday,160,VEHICLE COLLIDES WITH VEHICLE PARKED ON LEFT OF ROAD,3,756605,Not at intersection,3,60,Local Road,APHRASIA,GEELONG,-38.149876,144.3353,2022,11,November,20,Night,Weekday
T20220025237,2022-11-08,20:50:00,1,Collision with vehicle,2,Tuesday,137,LEFT TURN SIDESWIPE,3,678954,T intersection,3,70,Arterial Other,MAHONEYS,DAREBIN,-37.692898,144.99101,2022,11,November,20,Night,Weekday
T20220025727,2022-11-08,21:56:00,2,Struck Pedestrian,2,Tuesday,100,PED NEAR SIDE. PED HIT BY VEHICLE FROM THE RIGHT.,3,45633,T intersection,3,40,Arterial Other,SYDNEY,MORELAND,-37.77383,144.96098,2022,11,November,21,Night,Weekday
T20220025239,2022-11-08,18:50:00,1,Collision with vehicle,2,Tuesday,130,REAR END(VEHICLES IN SAME LANE),1,767556,Not at intersection,3,60,Arterial Other,PLENTY,WHITTLESEA,-37.515137,145.11461,2022,11,November,18,Afternoon Peak,Weekday
T20220025240,2022-11-08,22:16:00,1,Collision with vehicle,2,Tuesday,160,VEHICLE COLLIDES WITH VEHICLE PARKED ON LEFT OF ROAD,5,769181,Not at intersection,3,50,Local Road,KING,BOROONDARA,-37.805748,145.06573,2022,11,November,22,Night,Weekday
T20220027663,2022-11-08,13:00:00,1,Collision with vehicle,2,Tuesday,131,LEFT REAR,1,779456,Not at intersection,3,50,Arterial Highway,CROSSEN,CAMPASPE,-36.14057,144.73499,2022,11,November,13,Midday,Weekday
T20220025243,2022-11-08,17:15:00,1,Collision with vehicle,2,Tuesday,130,REAR END(VEHICLES IN SAME LANE),1,734109,Not at intersection,3,100,Freeway,WESTERN RING,BRIMBANK,-37.78659,144.78883,2022,11,November,17,Afternoon Peak,Weekday
T20220025158,2022-11-08,09:00:00,1,Collision with vehicle,2,Tuesday,139,OTHER SAME DIRECTION-MANOUEVRES NOT INCLUDED IN DCAs 130-137,1,769188,Not at intersection,3,70,Arterial Other,WATTLETREE,NILLUMBIK,-37.6932,145.14708,2022,11,November,9,Morning Peak,Weekday
T20220026618,2022-11-08,13:58:00,1,Collision with vehicle,2,Tuesday,147,VEHICLE STRIKES ANOTHER VEH WHILE EMERGING FROM DRIVEWAY,1,737364,Not at intersection,3,60,Local Road,MCCORMICKS,FRANKSTON,-38.114418,145.19455,2022,11,November,13,Midday,Weekday
T20220025159,2022-11-08,07:20:00,1,Collision with vehicle,2,Tuesday,130,REAR END(VEHICLES IN SAME LANE),1,775044,Not at intersection,3,50,Local Road,COTTERS,WHITTLESEA,-37.63504,145.00342,2022,11,November,7,Morning Peak,Weekday
T20220025180,2022-11-08,12:25:00,2,Struck Pedestrian,2,Tuesday,100,PED NEAR SIDE. PED HIT BY VEHICLE FROM THE RIGHT.,1,240323,T intersection,3,60,Arterial Highway,BURWOOD,WHITEHORSE,-37.85076,145.10002,2022,11,November,12,Midday,Weekday
T20220025181,2022-11-08,08:00:00,1,Collision with vehicle,2,Tuesday,134,LANE CHANGE RIGHT (NOT OVERTAKING),1,775046,Not at intersection,3,60,Freeway,WESTERN,BRIMBANK,-37.79705,144.75702,2022,11,November,8,Morning Peak,Weekday
T20220025179,2022-11-08,09:20:00,1,Collision with vehicle,2,Tuesday,130,REAR END(VEHICLES IN SAME LANE),1,735262,Not at intersection,3,80,Arterial Other,SYDNEY,HUME,-37.66559,144.9549,2022,11,November,9,Morning Peak,Weekday
T20220025172,2022-11-08,10:05:00,4,Collision with a fixed object,2,Tuesday,146,REVERSING INTO FIXED OBJECT/PARKED VEHICLE,1,775045,Not at intersection,2,50,Local Road,WANNAEUE,MORNINGTON PENINSULA,-38.356487,144.90483,2022,11,November,10,Midday,Weekday
T20220025231,2022-11-08,21:10:00,1,Collision with vehicle,2,Tuesday,130,REAR END(VEHICLES IN SAME LANE),3,735681,Not at intersection,3,40,Local Road,MAIR,BALLARAT,-37.55846,143.847,2022,11,November,21,Night,Weekday
T20220025160,2022-11-08,10:27:00,4,Collision with a fixed object,2,Tuesday,173,RIGHT OFF CARRIAGEWAY INTO OBJECT/PARKED VEHICLE,1,734104,Not at intersection,2,80,Freeway,WESTERN OUT-ROBINSONS,BRIMBANK,-37.79679,144.75397,2022,11,November,10,Midday,Weekday
T20220025168,2022-11-08,11:22:00,1,Collision with vehicle,2,Tuesday,160,VEHICLE COLLIDES WITH VEHICLE PARKED ON LEFT OF ROAD,1,769183,Not at intersection,3,50,Local Road,PRICE,SURF COAST,-38.335457,144.31967,2022,11,November,11,Midday,Weekday
T20220025189,2022-11-08,14:15:00,1,Collision with vehicle,2,Tuesday,130,REAR END(VEHICLES IN SAME LANE),1,47942,T intersection,3,50,Arterial Other,WILLIAMSTOWN,MARIBYRNONG,-37.81105,144.8838,2022,11,November,14,Midday,Weekday
T20220025171,2022-11-08,09:44:00,1,Collision with vehicle,2,Tuesday,140,U TURN,1,227305,Cross intersection,2,80,Arterial Other,BALLARTO,CASEY,-38.140427,145.3797,2022,11,November,9,Morning Peak,Weekday
T20220026684,2022-11-08,17:15:00,1,Collision with vehicle,2,Tuesday,148,VEHICLE OFF FOOTPATH STRIKES VEH ON CARRIAGEWAY,9,775053,Not at intersection,3,40,Local Road,LITTLE BRIDGE,BALLARAT,-37.56319,143.86244,2022,11,November,17,Afternoon Peak,Weekday
T20220026683,2022-11-08,16:04:00,1,Collision with vehicle,2,Tuesday,130,REAR END(VEHICLES IN SAME LANE),1,769184,Not at intersection,3,100,Freeway,WESTERN,BRIMBANK,-37.79731,144.75722,2022,11,November,16,Afternoon Peak,Weekday
T20220025232,2022-11-08,18:55:00,1,Collision with vehicle,2,Tuesday,110,CROSS TRAFFIC(INTERSECTIONS ONLY),1,775048,Cross intersection,3,40,Local Road,WILSON,YARRA,-37.784027,144.96664,2022,11,November,18,Afternoon Peak,Weekday
T20220026770,2022-11-08,22:45:00,1,Collision with vehicle,2,Tuesday,121,RIGHT THROUGH,3,278622,T intersection,3,60,Local Road,OHERNS,WHITTLESEA,-37.63635,145.0148,2022,11,November,22,Night,Weekday
T20220025343,2022-11-09,21:00:00,1,Collision with vehicle,3,Wednesday,136,RIGHT TURN SIDESWIPE,3,36267,Cross intersection,2,40,Local Road,ELIZABETH,MELBOURNE,-37.80818,144.96037,2022,11,November,21,Night,Weekday
T20220026589,2022-11-09,22:20:00,1,Collision with vehicle,3,Wednesday,116,LEFT NEAR (INTERSECTIONS ONLY),3,37546,T intersection,3,60,Local Road,CHURCH,PORT PHILLIP,-37.83555,144.96046,2022,11,November,22,Night,Weekday
T20220025316,2022-11-09,14:10:00,1,Collision with vehicle,3,Wednesday,121,RIGHT THROUGH,1,37235,Cross intersection,3,80,Arterial Other,WESTERN,MELTON,-37.762184,144.7542,2022,11,November,14,Midday,Weekday
T20220025289,2022-11-09,12:00:00,4,Collision with a fixed object,3,Wednesday,181,OFF RIGHT BEND INTO OBJECT/PARKED VEHICLE,1,735998,Not at intersection,2,50,Local Road,PARK,WANGARATTA,-36.345642,146.31181,2022,11,November,12,Midday,Weekday
T20220026103,2022-11-09,14:30:00,1,Collision with vehicle,3,Wednesday,132,RIGHT REAR.,1,49993,Cross intersection,3,60,Arterial Highway,MCKILLOP,GEELONG,-38.154858,144.36293,2022,11,November,14,Midday,Weekday
T20220025248,2022-11-09,02:50:00,1,Collision with vehicle,3,Wednesday,169,OTHER ON PATH,3,734675,T intersection,2,50,Local Road,THE ESPLANADE,MELTON,-37.731934,144.74733,2022,11,November,2,Late Night,Weekday
T20220025321,2022-11-09,17:30:00,1,Collision with vehicle,3,Wednesday,163,VEHICLE STRIKES DOOR OF PARKED/STATIONARY VEHICLE,1,780250,Not at intersection,3,60,Arterial Other,ST KILDA ROAD SERVICE,PORT PHILLIP,-37.84242,144.97758,2022,11,November,17,Afternoon Peak,Weekday
T20220025324,2022-11-09,15:20:00,2,Struck Pedestrian,3,Wednesday,102,FAR SIDE. PED HIT BY VEHICLE FROM THE LEFT,1,734588,Not at intersection,3,40,Local Road,EXFORD,MELTON,-37.70862,144.57399,2022,11,November,15,Afternoon Peak,Weekday
T20220025327,2022-11-09,14:07:00,1,Collision with vehicle,3,Wednesday,121,RIGHT THROUGH,1,53787,T intersection,3,70,Arterial Highway,BURWOOD,KNOX,-37.89205,145.30345,2022,11,November,14,Midday,Weekday
T20220025329,2022-11-09,18:45:00,1,Collision with vehicle,3,Wednesday,110,CROSS TRAFFIC(INTERSECTIONS ONLY),2,775365,Cross intersection,2,60,Local Road,DOHERTYS,WYNDHAM,-37.815395,144.65692,2022,11,November,18,Afternoon Peak,Weekday
T20220025331,2022-11-09,15:40:00,1,Collision with vehicle,3,Wednesday,113,RIGHT NEAR (INTERSECTIONS ONLY),1,39364,T intersection,3,60,Arterial Other,MIDDLEBOROUGH,WHITEHORSE,-37.817593,145.13904,2022,11,November,15,Afternoon Peak,Weekday
T20220025335,2022-11-09,19:00:00,1,Collision with vehicle,3,Wednesday,121,RIGHT THROUGH,1,743551,Multiple intersection,2,80,Arterial Other,BERWICK-BEACONSFIELD,CASEY,-38.027878,145.31998,2022,11,November,19,Night,Weekday
T20220025336,2022-11-09,18:30:00,4,Collision with a fixed object,3,Wednesday,171,LEFT OFF CARRIAGEWAY INTO OBJECT/PARKED VEHICLE,1,776450,Not at intersection,3,100,Arterial Other,COLERAINE-EDENHOPE,SOUTHERN GRAMPIANS,-37.242428,141.63873,2022,11,November,18,Afternoon Peak,Weekday
T20220025257,2022-11-09,07:36:00,1,Collision with vehicle,3,Wednesday,129,OTHER OPPOSING MANOEUVRES NOT INCLUDED IN DCAs 120-125.,1,41484,T intersection,3,50,Local Road,RAILWAY,GLEN EIRA,-37.89158,145.06989,2022,11,November,7,Morning Peak,Weekday
T20220025309,2022-11-09,15:27:00,1,Collision with vehicle,3,Wednesday,130,REAR END(VEHICLES IN SAME LANE),1,734301,Not at intersection,3,60,Arterial Other,WARRANDYTE,MAROONDAH,-37.8043,145.23055,2022,11,November,15,Afternoon Peak,Weekday
T20220025337,2022-11-09,16:45:00,1,Collision with vehicle,3,Wednesday,116,LEFT NEAR (INTERSECTIONS ONLY),1,57453,T intersection,3,60,Arterial Other,VICTORIA,YARRA,-37.80895,144.98479,2022,11,November,16,Afternoon Peak,Weekday
T20220025310,2022-11-09,16:50:00,5,collision with some other object,3,Wednesday,191,LOAD OR MISSILE STRUCK VEHICLE,1,734493,Not at intersection,3,100,Local Road,AXE CREEK,BENDIGO,-36.868484,144.38373,2022,11,November,16,Afternoon Peak,Weekday
T20220025291,2022-11-09,07:10:00,1,Collision with vehicle,3,Wednesday,110,CROSS TRAFFIC(INTERSECTIONS ONLY),1,56712,Cross intersection,3,60,Arterial Highway,CRESWICK,BALLARAT,-37.527454,143.8488,2022,11,November,7,Morning Peak,Weekday
T20220025258,2022-11-09,09:07:00,1,Collision with vehicle,3,Wednesday,121,RIGHT THROUGH,1,29521,Cross intersection,3,50,Arterial Other,WILLIAMSTOWN,MARIBYRNONG,-37.812824,144.88347,2022,11,November,9,Morning Peak,Weekday
T20220025315,2022-11-09,16:38:00,1,Collision with vehicle,3,Wednesday,130,REAR END(VEHICLES IN SAME LANE),1,769178,Not at intersection,3,100,Freeway,PRINCES,CARDINIA,-38.07725,145.4225,2022,11,November,16,Afternoon Peak,Weekday
T20220025259,2022-11-09,09:00:00,2,Struck Pedestrian,3,Wednesday,100,PED NEAR SIDE. PED HIT BY VEHICLE FROM THE RIGHT.,1,355004,T intersection,2,50,Local Road,BOTANICA,WHITTLESEA,-37.68257,145.0575,2022,11,November,9,Morning Peak,Weekday
T20220025261,2022-11-09,08:00:00,1,Collision with vehicle,3,Wednesday,110,CROSS TRAFFIC(INTERSECTIONS ONLY),1,697492,Cross intersection,3,50,Local Road,KERR,WARRNAMBOOL,-38.37404,142.47366,2022,11,November,8,Morning Peak,Weekday
T20220025269,2022-11-09,09:31:00,1,Collision with vehicle,3,Wednesday,145,REVERSING IN STREAM OF TRAFFIC,1,769180,Not at intersection,3,40,Local Road,AUGHTIE,PORT PHILLIP,-37.850674,144.96979,2022,11,November,9,Morning Peak,Weekday
T20220025274,2022-11-09,10:01:00,1,Collision with vehicle,3,Wednesday,116,LEFT NEAR (INTERSECTIONS ONLY),1,254738,T intersection,3,80,Arterial Other,PRINCES,CARDINIA,-38.0643,145.46413,2022,11,November,10,Midday,Weekday
T20220025877,2022-11-09,16:30:00,8,No collision and no object struck,3,Wednesday,180,OFF CARRIAGEWAY ON RIGHT BEND,1,735894,Not at intersection,2,60,Local Road,HIGHLANDS,MITCHELL,-37.025406,145.20332,2022,11,November,16,Afternoon Peak,Weekday
T20220025276,2022-11-09,09:45:00,4,Collision with a fixed object,3,Wednesday,164,PERMANENT OBSTRUCTION ON CARRIAGEWAY,1,783330,Not at intersection,3,50,Local Road,CARROLL,STONNINGTON,-37.85097,145.04547,2022,11,November,9,Morning Peak,Weekday
T20220025287,2022-11-09,12:59:00,1,Collision with vehicle,3,Wednesday,121,RIGHT THROUGH,1,786962,Cross intersection,2,60,Freeway,PRINCES,CASEY,-38.061596,145.36957,2022,11,November,12,Midday,Weekday
T20220025280,2022-11-09,11:50:00,1,Collision with vehicle,3,Wednesday,121,RIGHT THROUGH,1,40047,T intersection,2,60,Arterial Other,MILLEARA,MOONEE VALLEY,-37.73262,144.86513,2022,11,November,11,Midday,Weekday
T20220025469,2022-11-09,15:10:00,4,Collision with a fixed object,3,Wednesday,171,LEFT OFF CARRIAGEWAY INTO OBJECT/PARKED VEHICLE,1,737120,Not at intersection,2,100,Local Road,CHRISTIES,BAW BAW,-38.124554,145.94518,2022,11,November,15,Afternoon Peak,Weekday
T20220025303,2022-11-09,14:31:00,1,Collision with vehicle,3,Wednesday,130,REAR END(VEHICLES IN SAME LANE),1,739768,Cross intersection,3,60,Arterial Other,MELROSE DRIVE -MELROSE-TULLAMARINE IN,MOONEE VALLEY,-37.711056,144.88875,2022,11,November,14,Midday,Weekday
T20220025817,2022-11-09,19:28:00,1,Collision with vehicle,3,Wednesday,137,LEFT TURN SIDESWIPE,1,735495,T intersection,3,60,Arterial Other,JACKA,PORT PHILLIP,-37.866493,144.9742,2022,11,November,19,Night,Weekday
T20220025283,2022-11-09,12:40:00,1,Collision with vehicle,3,Wednesday,130,REAR END(VEHICLES IN SAME LANE),1,737954,Not at intersection,3,40,Arterial Other,KING,MELBOURNE,-37.818832,144.95685,2022,11,November,12,Midday,Weekday
T20220025344,2022-11-09,18:38:00,1,Collision with vehicle,3,Wednesday,120,HEAD ON (NOT OVERTAKING),1,756910,Not at intersection,3,60,Local Road,FOREST RED GUM,HUME,-37.564316,144.89655,2022,11,November,18,Afternoon Peak,Weekday
T20220025666,2022-11-09,16:00:00,8,No collision and no object struck,3,Wednesday,174,OUT OF CONTROL ON CARRIAGEWAY (ON STRAIGHT),1,737123,T intersection,3,100,Arterial Highway,SOUTH GIPPSLAND,WELLINGTON,-38.632504,146.56448,2022,11,November,16,Afternoon Peak,Weekday
T20220025421,2022-11-10,19:00:00,1,Collision with vehicle,4,Thursday,130,REAR END(VEHICLES IN SAME LANE),2,734692,Not at intersection,3,60,Freeway,WEST GATE IN-KINGS,MELBOURNE,-37.826813,144.96364,2022,11,November,19,Night,Weekday
T20220025354,2022-11-10,07:20:00,1,Collision with vehicle,4,Thursday,148,VEHICLE OFF FOOTPATH STRIKES VEH ON CARRIAGEWAY,1,773175,T intersection,3,50,Local Road,VIADUCT,BAW BAW,-38.13025,145.8496,2022,11,November,7,Morning Peak,Weekday
T20220025356,2022-11-10,08:02:00,1,Collision with vehicle,4,Thursday,147,VEHICLE STRIKES ANOTHER VEH WHILE EMERGING FROM DRIVEWAY,1,737317,Not at intersection,3,60,Arterial Other,HEATHS,WYNDHAM,-37.877033,144.6775,2022,11,November,8,Morning Peak,Weekday
T20220025358,2022-11-10,08:13:00,1,Collision with vehicle,4,Thursday,121,RIGHT THROUGH,1,39259,Cross intersection,3,60,Arterial Other,CANTERBURY,WHITEHORSE,-37.82772,145.11288,2022,11,November,8,Morning Peak,Weekday
T20220025416,2022-11-10,13:00:00,2,Struck Pedestrian,4,Thursday,100,PED NEAR SIDE. PED HIT BY VEHICLE FROM THE RIGHT.,1,37496,Cross intersection,3,60,Arterial Other,WILLIAMSONS,MANNINGHAM,-37.78326,145.12422,2022,11,November,13,Midday,Weekday
T20220025369,2022-11-10,08:08:00,1,Collision with vehicle,4,Thursday,135,LANE CHANGE LEFT (NOT OVERTAKING),1,119032,Not at intersection,2,50,Arterial Other,FLEMINGTON,MELBOURNE,-37.796406,144.95096,2022,11,November,8,Morning Peak,Weekday
T20220025371,2022-11-10,06:45:00,1,Collision with vehicle,4,Thursday,136,RIGHT TURN SIDESWIPE,1,769130,Multiple intersection,2,80,Arterial Other,COOPER,WHITTLESEA,-37.648434,144.99144,2022,11,November,6,Morning Peak,Weekday
T20220025413,2022-11-10,18:10:00,2,Struck Pedestrian,4,Thursday,100,PED NEAR SIDE. PED HIT BY VEHICLE FROM THE RIGHT.,1,35408,Cross intersection,2,60,Arterial Other,HIGH,MELBOURNE,-37.85022,144.98064,2022,11,November,18,Afternoon Peak,Weekday
T20220025379,2022-11-10,11:45:00,4,Collision with a fixed object,4,Thursday,181,OFF RIGHT BEND INTO OBJECT/PARKED VEHICLE,1,769168,Not at intersection,3,100,Local Road,LIMONITE,LATROBE,-38.3945,146.26073,2022,11,November,11,Midday,Weekday
T20220025412,2022-11-10,17:04:00,1,Collision with vehicle,4,Thursday,120,HEAD ON (NOT OVERTAKING),1,747242,Not at intersection,2,100,Arterial Highway,GLENELG,SOUTHERN GRAMPIANS,-37.591698,141.65125,2022,11,November,17,Afternoon Peak,Weekday
T20220025391,2022-11-10,09:55:00,2,Struck Pedestrian,4,Thursday,102,FAR SIDE. PED HIT BY VEHICLE FROM THE LEFT,1,768919,T intersection,3,50,Local Road,PLANTATION,MILDURA,-34.203358,142.13536,2022,11,November,9,Morning Peak,Weekday
T20220027129,2022-11-10,11:20:00,1,Collision with vehicle,4,Thursday,130,REAR END(VEHICLES IN SAME LANE),1,753151,Not at intersection,2,100,Freeway,PRINCES,CARDINIA,-38.07196,145.55464,2022,11,November,11,Midday,Weekday
T20220025986,2022-11-10,13:00:00,1,Collision with vehicle,4,Thursday,110,CROSS TRAFFIC(INTERSECTIONS ONLY),1,45180,Cross intersection,3,60,Arterial Highway,WYNDHAM,SHEPPARTON,-36.383156,145.39891,2022,11,November,13,Midday,Weekday
T20220025899,2022-11-10,08:35:00,1,Collision with vehicle,4,Thursday,135,LANE CHANGE LEFT (NOT OVERTAKING),1,773179,Not at intersection,2,100,Freeway,METROPOLITAN RING,WHITTLESEA,-37.69034,144.97574,2022,11,November,8,Morning Peak,Weekday
T20220025477,2022-11-10,11:20:00,1,Collision with vehicle,4,Thursday,130,REAR END(VEHICLES IN SAME LANE),1,768918,Not at intersection,3,60,Arterial Other,MT ALEXANDER,MOONEE VALLEY,-37.770966,144.92625,2022,11,November,11,Midday,Weekday
T20220025573,2022-11-10,17:07:00,2,Struck Pedestrian,4,Thursday,100,PED NEAR SIDE. PED HIT BY VEHICLE FROM THE RIGHT.,1,610306,Cross intersection,3,70,Arterial Other,BALLARAT,MARIBYRNONG,-37.788578,144.88304,2022,11,November,17,Afternoon Peak,Weekday
T20220025394,2022-11-10,14:41:00,1,Collision with vehicle,4,Thursday,113,RIGHT NEAR (INTERSECTIONS ONLY),1,734689,T intersection,3,50,Local Road,KNAPE,BENDIGO,-36.73776,144.26147,2022,11,November,14,Midday,Weekday
T20220027169,2022-11-10,20:45:00,1,Collision with vehicle,4,Thursday,134,LANE CHANGE RIGHT (NOT OVERTAKING),3,739892,Not at intersection,3,70,Arterial Other,SYDNEY,HUME,-37.676796,144.95609,2022,11,November,20,Night,Weekday
T20230001205,2022-11-10,23:45:00,1,Collision with vehicle,4,Thursday,130,REAR END(VEHICLES IN SAME LANE),5,775283,Not at intersection,3,80,Arterial Other,HOPKINS,MELTON,-37.788338,144.6985,2022,11,November,23,Night,Weekday
T20220025398,2022-11-10,11:05:00,2,Struck Pedestrian,4,Thursday,106,VEH STRIKES PED ON FOOTPATH/MEDIAN/TRAFFIC ISLAND.,1,62555,Cross intersection,3,50,Local Road,BOURKE,DAREBIN,-37.724854,144.99232,2022,11,November,11,Midday,Weekday
T20220029489,2022-11-10,17:00:00,1,Collision with vehicle,4,Thursday,110,CROSS TRAFFIC(INTERSECTIONS ONLY),1,743978,Cross intersection,3,70,Local Road,KITCHEN,DANDENONG,-38.01587,145.22577,2022,11,November,17,Afternoon Peak,Weekday
T20220025641,2022-11-10,09:38:00,1,Collision with vehicle,4,Thursday,113,RIGHT NEAR (INTERSECTIONS ONLY),1,758895,T intersection,2,50,Local Road,HIGHLANDER,HUME,-37.58807,144.89555,2022,11,November,9,Morning Peak,Weekday
T20220025451,2022-11-10,13:56:00,1,Collision with vehicle,4,Thursday,160,VEHICLE COLLIDES WITH VEHICLE PARKED ON LEFT OF ROAD,1,769149,Not at intersection,3,60,Local Road,CORRIGAN,DANDENONG,-37.98961,145.16359,2022,11,November,13,Midday,Weekday
T20220025804,2022-11-10,05:40:00,1,Collision with vehicle,4,Thursday,135,LANE CHANGE LEFT (NOT OVERTAKING),2,738846,Not at intersection,3,80,Freeway,WEST GATE,MELBOURNE,-37.83362,144.91054,2022,11,November,5,Morning Peak,Weekday
T20220025561,2022-11-10,09:30:00,1,Collision with vehicle,4,Thursday,121,RIGHT THROUGH,1,780253,T intersection,3,60,Local Road,ROBINSON,BOROONDARA,-37.83375,145.041,2022,11,November,9,Morning Peak,Weekday
T20220028779,2022-11-10,18:20:00,1,Collision with vehicle,4,Thursday,130,REAR END(VEHICLES IN SAME LANE),2,773186,Not at intersection,3,100,Freeway,MONASH,STONNINGTON,-37.86063,145.05943,2022,11,November,18,Afternoon Peak,Weekday
T20220025441,2022-11-10,23:20:00,1,Collision with vehicle,4,Thursday,160,VEHICLE COLLIDES WITH VEHICLE PARKED ON LEFT OF ROAD,3,768922,Not at intersection,2,60,Arterial Other,BALACLAVA,GLEN EIRA,-37.870518,145.00749,2022,11,November,23,Night,Weekday
T20220025440,2022-11-10,18:48:00,4,Collision with a fixed object,4,Thursday,164,PERMANENT OBSTRUCTION ON CARRIAGEWAY,1,748677,Cross intersection,3,60,Local Road,GREENS,WYNDHAM,-37.888397,144.61671,2022,11,November,18,Afternoon Peak,Weekday
T20220029176,2022-11-10,17:25:00,4,Collision with a fixed object,4,Thursday,171,LEFT OFF CARRIAGEWAY INTO OBJECT/PARKED VEHICLE,1,769122,Not at intersection,2,60,Arterial Other,MORELAND,MORELAND,-37.755547,144.96486,2022,11,November,17,Afternoon Peak,Weekday
T20220027738,2022-11-10,17:40:00,1,Collision with vehicle,4,Thursday,142,LEAVING PARKING,1,740882,Not at intersection,3,50,Local Road,CLOVERDALE,GEELONG,-38.067753,144.34836,2022,11,November,17,Afternoon Peak,Weekday
T20220025436,2022-11-10,19:45:00,1,Collision with vehicle,4,Thursday,130,REAR END(VEHICLES IN SAME LANE),2,734875,Not at intersection,3,80,Freeway,WEST GATE,MELBOURNE,-37.82964,144.91951,2022,11,November,19,Night,Weekday
T20220025411,2022-11-10,17:46:00,1,Collision with vehicle,4,Thursday,147,VEHICLE STRIKES ANOTHER VEH WHILE EMERGING FROM DRIVEWAY,1,768920,Not at intersection,3,50,Local Road,SUSSEX,MORELAND,-37.731865,144.94955,2022,11,November,17,Afternoon Peak,Weekday
T20220025406,2022-11-10,15:10:00,1,Collision with vehicle,4,Thursday,135,LANE CHANGE LEFT (NOT OVERTAKING),1,734690,T intersection,3,40,Arterial Other,WARRIGAL,WHITEHORSE,-37.84294,145.09695,2022,11,November,15,Afternoon Peak,Weekday
T20220025435,2022-11-10,16:46:00,1,Collision with vehicle,4,Thursday,132,RIGHT REAR.,1,735274,T intersection,1,80,Local Road,NORTH,CASEY,-38.169865,145.22949,2022,11,November,16,Afternoon Peak,Weekday
T20220025432,2022-11-10,18:57:00,1,Collision with vehicle,4,Thursday,121,RIGHT THROUGH,2,40450,Cross intersection,2,60,Arterial Other,RIVERSDALE,BOROONDARA,-37.832157,145.06369,2022,11,November,18,Afternoon Peak,Weekday
T20220025695,2022-11-10,19:30:00,1,Collision with vehicle,4,Thursday,130,REAR END(VEHICLES IN SAME LANE),2,735784,Not at intersection,3,80,Arterial Other,WOORI YALLOCK,CARDINIA,-37.908062,145.50034,2022,11,November,19,Night,Weekday
T20220027850,2022-11-10,15:30:00,1,Collision with vehicle,4,Thursday,130,REAR END(VEHICLES IN SAME LANE),1,50127,T intersection,3,80,Arterial Other,PORTARLINGTON,GEELONG,-38.17427,144.4581,2022,11,November,15,Afternoon Peak,Weekday
T20220025429,2022-11-10,20:15:00,2,Struck Pedestrian,4,Thursday,102,FAR SIDE. PED HIT BY VEHICLE FROM THE LEFT,2,744702,T intersection,3,60,Local Road,WIDFORD,HUME,-37.68959,144.92615,2022,11,November,20,Night,Weekday