ACCIDENT_NO,ACCIDENT_DATE,ACCIDENT_TIME,ACCIDENT_TYPE,ACCIDENT_TYPE_DESC,DAY_OF_WEEK,DAY_WEEK_DESC,DCA_CODE,DCA_DESC,LIGHT_CONDITION,NODE_ID,ROAD_GEOMETRY_DESC,SEVERITY,SPEED_ZONE,RMA,ROAD_NAME,LGA_NAME,LATITUDE,LONGITUDE,YEAR,MONTH,MONTH_NAME,HOUR,TIME_PERIOD,DAY_TYPE
T20220025409,2022-11-10,16:15:00,6,Vehicle overturned (no collision),4,Thursday,182,OFF CARRIAGEWAY ON LEFT BEND,1,773176,Not at intersection,3,100,Arterial Other,HAPPY VALLEY,ALPINE,-36.592678,146.86002,2022,11,November,16,Afternoon Peak,Weekday
T20220025419,2022-11-10,16:40:00,1,Collision with vehicle,4,Thursday,113,RIGHT NEAR (INTERSECTIONS ONLY),1,43986,T intersection,3,70,Arterial Other,MORNINGTON-TYABB,MORNINGTON PENINSULA,-38.236584,145.05788,2022,11,November,16,Afternoon Peak,Weekday
T20220025482,2022-11-11,11:45:00,1,Collision with vehicle,5,Friday,130,REAR END(VEHICLES IN SAME LANE),1,775373,Not at intersection,3,80,Arterial Highway,MIDLAND,SHEPPARTON,-36.38765,145.37915,2022,11,November,11,Midday,Weekday
T20220025505,2022-11-11,16:50:00,4,Collision with a fixed object,5,Friday,181,OFF RIGHT BEND INTO OBJECT/PARKED VEHICLE,1,775374,Not at intersection,3,50,Local Road,NETWORK,WHITTLESEA,-37.668034,144.98936,2022,11,November,16,Afternoon Peak,Weekday
T20220025485,2022-11-11,11:00:00,8,No collision and no object struck,5,Friday,184,OUT OF CONTROL ON CARRIAGEWAY (ON BEND),1,735488,Not at intersection,3,100,Arterial Other,BUXTON-MARYSVILLE,MURRINDINDI,-37.441116,145.71732,2022,11,November,11,Midday,Weekday
T20220025508,2022-11-11,17:40:00,2,Struck Pedestrian,5,Friday,100,PED NEAR SIDE. PED HIT BY VEHICLE FROM THE RIGHT.,1,738842,Not at intersection,2,80,Arterial Highway,WELLINGTON,MONASH,-37.91992,145.17056,2022,11,November,17,Afternoon Peak,Weekday
T20220025509,2022-11-11,17:45:00,4,Collision with a fixed object,5,Friday,171,LEFT OFF CARRIAGEWAY INTO OBJECT/PARKED VEHICLE,1,738843,Not at intersection,3,80,Arterial Other,HEALESVILLE-KOO WEE RUP,YARRA RANGES,-37.74862,145.53542,2022,11,November,17,Afternoon Peak,Weekday
T20220025511,2022-11-11,14:30:00,2,Struck Pedestrian,5,Friday,106,VEH STRIKES PED ON FOOTPATH/MEDIAN/TRAFFIC ISLAND.,1,743952,Not at intersection,3,50,Local Road,EVANS,HUME,-37.581573,144.728,2022,11,November,14,Midday,Weekday
T20220025516,2022-11-11,20:39:00,1,Collision with vehicle,5,Friday,140,U TURN,3,652992,Not at intersection,3,80,Arterial Other,PASCOE VALE,HUME,-37.661102,144.92415,2022,11,November,20,Night,Weekday
T20220025517,2022-11-11,18:40:00,2,Struck Pedestrian,5,Friday,100,PED NEAR SIDE. PED HIT BY VEHICLE FROM THE RIGHT.,1,746070,Not at intersection,2,70,Arterial Other,CRANBOURNE,FRANKSTON,-38.14837,145.1449,2022,11,November,18,Afternoon Peak,Weekday
T20220026267,2022-11-11,13:20:00,2,Struck Pedestrian,5,Friday,102,FAR SIDE. PED HIT BY VEHICLE FROM THE LEFT,1,67764,T intersection,3,50,Local Road,NEPTUNE,PORT PHILLIP,-37.864277,144.97878,2022,11,November,13,Midday,Weekday
T20220025486,2022-11-11,12:58:00,4,Collision with a fixed object,5,Friday,173,RIGHT OFF CARRIAGEWAY INTO OBJECT/PARKED VEHICLE,1,738622,Not at intersection,3,40,Local Road,GAOL,BENDIGO,-36.754395,144.27931,2022,11,November,12,Midday,Weekday
T20220025488,2022-11-11,12:50:00,1,Collision with vehicle,5,Friday,120,HEAD ON (NOT OVERTAKING),1,738376,Not at intersection,3,70,Arterial Other,LITTLE BOUNDARY,WYNDHAM,-37.821552,144.82173,2022,11,November,12,Midday,Weekday
T20220025498,2022-11-11,13:55:00,1,Collision with vehicle,5,Friday,121,RIGHT THROUGH,1,44693,Cross intersection,2,50,Arterial Highway,MURRAY STREET -MURRAY,COLAC OTWAY,-38.339478,143.59236,2022,11,November,13,Midday,Weekday
T20220025518,2022-11-11,20:58:00,4,Collision with a fixed object,5,Friday,171,LEFT OFF CARRIAGEWAY INTO OBJECT/PARKED VEHICLE,3,742507,Not at intersection,2,70,Arterial Highway,MELBOURNE,GEELONG,-38.100136,144.35501,2022,11,November,20,Night,Weekday
T20220025499,2022-11-11,17:00:00,1,Collision with vehicle,5,Friday,130,REAR END(VEHICLES IN SAME LANE),1,738169,Not at intersection,3,80,Arterial Other,WESTALL,DANDENONG,-37.958298,145.13715,2022,11,November,17,Afternoon Peak,Weekday
T20220025522,2022-11-11,17:35:00,1,Collision with vehicle,5,Friday,121,RIGHT THROUGH,1,65383,T intersection,2,60,Arterial Other,BELMORE,BOROONDARA,-37.802135,145.10406,2022,11,November,17,Afternoon Peak,Weekday
T20220028418,2022-11-11,12:20:00,1,Collision with vehicle,5,Friday,130,REAR END(VEHICLES IN SAME LANE),1,775393,Not at intersection,3,80,Arterial Highway,MELBA,YARRA RANGES,-37.62806,145.40787,2022,11,November,12,Midday,Weekday
T20220027926,2022-11-11,13:30:00,1,Collision with vehicle,5,Friday,160,VEHICLE COLLIDES WITH VEHICLE PARKED ON LEFT OF ROAD,1,740985,Not at intersection,2,60,Arterial Highway,ALBERT,BALLARAT,-37.58456,143.84096,2022,11,November,13,Midday,Weekday
T20220025689,2022-11-11,21:00:00,6,Vehicle overturned (no collision),5,Friday,174,OUT OF CONTROL ON CARRIAGEWAY (ON STRAIGHT),6,783393,Not at intersection,3,50,Local Road,LINEHAM,CASEY,-38.12325,145.29207,2022,11,November,21,Night,Weekday
T20220025503,2022-11-11,16:30:00,1,Collision with vehicle,5,Friday,110,CROSS TRAFFIC(INTERSECTIONS ONLY),1,43085,Cross intersection,3,60,Arterial Highway,STUD,DANDENONG,-37.97967,145.22179,2022,11,November,16,Afternoon Peak,Weekday
T20220025523,2022-11-11,20:30:00,6,Vehicle overturned (no collision),5,Friday,174,OUT OF CONTROL ON CARRIAGEWAY (ON STRAIGHT),6,783389,Not at intersection,3,50,Local Road,BARRY,CENTRAL GOLDFIELDS,-37.038486,143.72942,2022,11,November,20,Night,Weekday
T20220025705,2022-11-11,16:50:00,1,Collision with vehicle,5,Friday,130,REAR END(VEHICLES IN SAME LANE),1,768914,Not at intersection,3,80,Freeway,CITYLINK,BOROONDARA,-37.834953,145.02516,2022,11,November,16,Afternoon Peak,Weekday
T20220025524,2022-11-11,22:38:00,1,Collision with vehicle,5,Friday,121,RIGHT THROUGH,3,40650,Cross intersection,3,60,Arterial Highway,BURWOOD,WHITEHORSE,-37.849617,145.10902,2022,11,November,22,Night,Weekday
T20220025525,2022-11-11,23:15:00,4,Collision with a fixed object,5,Friday,173,RIGHT OFF CARRIAGEWAY INTO OBJECT/PARKED VEHICLE,3,38552,T intersection,2,50,Arterial Other,WRIGHT,BRIMBANK,-37.795914,144.83029,2022,11,November,23,Night,Weekday
T20220027213,2022-11-11,18:00:00,1,Collision with vehicle,5,Friday,130,REAR END(VEHICLES IN SAME LANE),1,750715,T intersection,3,60,Local Road,SAYERS,WYNDHAM,-37.844902,144.65337,2022,11,November,18,Afternoon Peak,Weekday
T20220026061,2022-11-11,14:59:00,1,Collision with vehicle,5,Friday,121,RIGHT THROUGH,1,47332,T intersection,2,60,Arterial Other,UPPER HEIDELBERG,BANYULE,-37.753162,145.05673,2022,11,November,14,Midday,Weekday
T20220025527,2022-11-11,21:40:00,5,collision with some other object,5,Friday,166,STRUCK OBJECT ON CARRIAGEWAY,3,743554,Not at intersection,3,40,Local Road,LONSDALE,MELBOURNE,-37.815067,144.95258,2022,11,November,21,Night,Weekday
T20220025446,2022-11-11,01:30:00,4,Collision with a fixed object,5,Friday,173,RIGHT OFF CARRIAGEWAY INTO OBJECT/PARKED VEHICLE,5,786108,Not at intersection,2,100,Arterial Highway,GLENELG,GOLDEN PLAINS,-37.600067,143.7643,2022,11,November,1,Late Night,Weekday
T20220025448,2022-11-11,00:30:00,6,Vehicle overturned (no collision),5,Friday,174,OUT OF CONTROL ON CARRIAGEWAY (ON STRAIGHT),5,746822,Not at intersection,2,100,Arterial Highway,HENTY,YARRIAMBIACK,-35.648315,142.5439,2022,11,November,0,Late Night,Weekday
T20220026024,2022-11-11,15:15:00,1,Collision with vehicle,5,Friday,130,REAR END(VEHICLES IN SAME LANE),1,29435,Cross intersection,3,60,Arterial Other,MELTON,BRIMBANK,-37.697433,144.78116,2022,11,November,15,Afternoon Peak,Weekday
T20220025533,2022-11-11,09:20:00,1,Collision with vehicle,5,Friday,121,RIGHT THROUGH,1,40224,Cross intersection,2,60,Arterial Other,WATTLETREE,STONNINGTON,-37.861263,145.01971,2022,11,November,9,Morning Peak,Weekday
T20220029790,2022-11-11,18:45:00,5,collision with some other object,5,Friday,166,STRUCK OBJECT ON CARRIAGEWAY,1,783385,Not at intersection,3,60,Arterial Other,DERRIMUT,WYNDHAM,-37.846844,144.68845,2022,11,November,18,Afternoon Peak,Weekday
T20220025535,2022-11-11,14:15:00,1,Collision with vehicle,5,Friday,130,REAR END(VEHICLES IN SAME LANE),1,71615,Cross intersection,3,50,Local Road,RAGLAN,WELLINGTON,-38.09812,147.06514,2022,11,November,14,Midday,Weekday
T20220025787,2022-11-11,11:15:00,1,Collision with vehicle,5,Friday,134,LANE CHANGE RIGHT (NOT OVERTAKING),1,774530,Not at intersection,3,70,Arterial Other,BALLARAT,BRIMBANK,-37.77165,144.78505,2022,11,November,11,Midday,Weekday
T20220025452,2022-11-11,15:30:00,1,Collision with vehicle,5,Friday,130,REAR END(VEHICLES IN SAME LANE),1,757243,T intersection,3,60,Local Road,WARRANDYTE,MAROONDAH,-37.815075,145.23135,2022,11,November,15,Afternoon Peak,Weekday
T20220025462,2022-11-11,07:50:00,1,Collision with vehicle,5,Friday,110,CROSS TRAFFIC(INTERSECTIONS ONLY),1,42352,Cross intersection,2,60,Arterial Other,CLARINDA,KINGSTON,-37.94067,145.09793,2022,11,November,7,Morning Peak,Weekday
T20220025466,2022-11-11,08:05:00,4,Collision with a fixed object,5,Friday,183,OFF LEFT BEND INTO OBJECT/PARKED VEHICLE,1,775144,Not at intersection,2,100,Arterial Highway,SOUTH GIPPSLAND,SOUTH GIPPSLAND,-38.397472,145.75032,2022,11,November,8,Morning Peak,Weekday
T20220025501,2022-11-11,16:30:00,1,Collision with vehicle,5,Friday,160,VEHICLE COLLIDES WITH VEHICLE PARKED ON LEFT OF ROAD,1,734698,Not at intersection,3,50,Local Road,KLIM,WODONGA,-36.141148,146.94774,2022,11,November,16,Afternoon Peak,Weekday
T20230001271,2022-11-11,15:00:00,1,Collision with vehicle,5,Friday,160,VEHICLE COLLIDES WITH VEHICLE PARKED ON LEFT OF ROAD,1,748702,Not at intersection,3,50,Local Road,IBBOTTSON,BANYULE,-37.709145,145.08478,2022,11,November,15,Afternoon Peak,Weekday
T20220025872,2022-11-11,21:10:00,1,Collision with vehicle,5,Friday,163,VEHICLE STRIKES DOOR OF PARKED/STATIONARY VEHICLE,3,336486,Not at intersection,3,60,Local Road,ELGIN,MELBOURNE,-37.79766,144.97214,2022,11,November,21,Night,Weekday
T20220025470,2022-11-11,08:15:00,1,Collision with vehicle,5,Friday,160,VEHICLE COLLIDES WITH VEHICLE PARKED ON LEFT OF ROAD,1,735063,Not at intersection,2,60,Local Road,VICTORIA,DAREBIN,-37.77059,145.01152,2022,11,November,8,Morning Peak,Weekday
T20220025551,2022-11-11,09:00:00,1,Collision with vehicle,5,Friday,120,HEAD ON (NOT OVERTAKING),1,739880,Not at intersection,3,100,Arterial Other,OMEO,EAST GIPPSLAND,-36.83505,147.49551,2022,11,November,9,Morning Peak,Weekday
T20220025478,2022-11-11,11:00:00,1,Collision with vehicle,5,Friday,113,RIGHT NEAR (INTERSECTIONS ONLY),1,40822,T intersection,3,80,Arterial Highway,SPRINGVALE,WHITEHORSE,-37.842903,145.17117,2022,11,November,11,Midday,Weekday
T20220025562,2022-11-12,09:01:00,1,Collision with vehicle,6,Saturday,113,RIGHT NEAR (INTERSECTIONS ONLY),1,221483,T intersection,2,70,Arterial Other,SYDNEY,MORELAND,-37.71075,144.9617,2022,11,November,9,Morning Peak,Weekend
T20220027440,2022-11-12,00:15:00,4,Collision with a fixed object,6,Saturday,173,RIGHT OFF CARRIAGEWAY INTO OBJECT/PARKED VEHICLE,3,739259,Not at intersection,3,50,Local Road,KERRY,BOROONDARA,-37.80901,145.1036,2022,11,November,0,Late Night,Weekend
T20220025792,2022-11-12,09:30:00,6,Vehicle overturned (no collision),6,Saturday,174,OUT OF CONTROL ON CARRIAGEWAY (ON STRAIGHT),1,739054,Not at intersection,3,50,Local Road,HUGHES,MOORABOOL,-37.706383,144.02133,2022,11,November,9,Morning Peak,Weekend
T20220025569,2022-11-12,14:39:00,4,Collision with a fixed object,6,Saturday,181,OFF RIGHT BEND INTO OBJECT/PARKED VEHICLE,1,735783,Not at intersection,3,60,Local Road,ROXBURGH PARK,HUME,-37.636806,144.92357,2022,11,November,14,Midday,Weekend
T20220026178,2022-11-12,14:00:00,4,Collision with a fixed object,6,Saturday,171,LEFT OFF CARRIAGEWAY INTO OBJECT/PARKED VEHICLE,1,786125,Not at intersection,2,60,Local Road,LIGHTNING RIDGE,BENALLA,-36.8726,145.9511,2022,11,November,14,Midday,Weekend
T20220026052,2022-11-12,09:55:00,1,Collision with vehicle,6,Saturday,130,REAR END(VEHICLES IN SAME LANE),1,768895,T intersection,3,80,Arterial Highway,WHITEHORSE,WHITEHORSE,-37.817352,145.18727,2022,11,November,9,Morning Peak,Weekend
T20220025653,2022-11-12,22:00:00,5,collision with some other object,6,Saturday,166,STRUCK OBJECT ON CARRIAGEWAY,5,735687,Not at intersection,3,80,Local Road,PRINCES,BAW BAW,-38.084705,145.81306,2022,11,November,22,Night,Weekend
T20220025592,2022-11-12,02:40:00,4,Collision with a fixed object,6,Saturday,171,LEFT OFF CARRIAGEWAY INTO OBJECT/PARKED VEHICLE,3,71802,T intersection,2,60,Arterial Other,MCCURDY,GEELONG,-38.130714,144.31973,2022,11,November,2,Late Night,Weekend
T20220025598,2022-11-12,00:50:00,1,Collision with vehicle,6,Saturday,160,VEHICLE COLLIDES WITH VEHICLE PARKED ON LEFT OF ROAD,3,786113,Not at intersection,2,60,Local Road,FOURTH,BAYSIDE,-37.98059,145.02112,2022,11,November,0,Late Night,Weekend
T20230006875,2022-11-12,11:00:00,1,Collision with vehicle,6,Saturday,114,TWO RIGHT TURNING (INTERSECTIONS ONLY),9,57704,T intersection,3,60,Arterial Highway,PHILLIP ISLAND,BASS COAST,-38.520527,145.37306,2022,11,November,11,Midday,Weekend
T20220025570,2022-11-12,13:13:00,1,Collision with vehicle,6,Saturday,137,LEFT TURN SIDESWIPE,1,735064,Not at intersection,3,60,Arterial Other,JACKA,PORT PHILLIP,-37.867844,144.97495,2022,11,November,13,Midday,Weekend
T20220025645,2022-11-12,16:06:00,6,Vehicle overturned (no collision),6,Saturday,170,OFF CARRIAGEWAY TO LEFT,1,735269,Not at intersection,3,100,Arterial Other,SEYMOUR-TOOBORAC,MITCHELL,-37.014477,144.8309,2022,11,November,16,Afternoon Peak,Weekend
T20220025587,2022-11-12,19:30:00,6,Vehicle overturned (no collision),6,Saturday,174,OUT OF CONTROL ON CARRIAGEWAY (ON STRAIGHT),3,735066,Cross intersection,3,40,Local Road,ANCORA IMPARO,MONASH,-37.914486,145.13504,2022,11,November,19,Night,Weekend
T20220026403,2022-11-12,05:30:00,2,Struck Pedestrian,6,Saturday,102,FAR SIDE. PED HIT BY VEHICLE FROM THE LEFT,2,776193,Not at intersection,3,60,Local Road,FRAWLEY,CASEY,-38.000645,145.26569,2022,11,November,5,Morning Peak,Weekend
T20220025606,2022-11-12,22:45:00,4,Collision with a fixed object,6,Saturday,171,LEFT OFF CARRIAGEWAY INTO OBJECT/PARKED VEHICLE,3,768890,Not at intersection,3,80,Freeway,BELGRAVE-HALLAM-MONASH OUT,CASEY,-37.99751,145.27603,2022,11,November,22,Night,Weekend
T20220027319,2022-11-12,13:25:00,1,Collision with vehicle,6,Saturday,130,REAR END(VEHICLES IN SAME LANE),1,768901,Not at intersection,3,50,Arterial Other,BOLTON,BANYULE,-37.73045,145.13518,2022,11,November,13,Midday,Weekend
T20220025529,2022-11-12,00:13:00,1,Collision with vehicle,6,Saturday,173,RIGHT OFF CARRIAGEWAY INTO OBJECT/PARKED VEHICLE,3,747771,Not at intersection,2,100,Freeway,PRINCES,WYNDHAM,-37.87484,144.73074,2022,11,November,0,Late Night,Weekend
T20220025530,2022-11-12,03:20:00,1,Collision with vehicle,6,Saturday,160,VEHICLE COLLIDES WITH VEHICLE PARKED ON LEFT OF ROAD,3,768800,Not at intersection,3,70,Arterial Highway,ST GEORGES,DAREBIN,-37.763084,144.99228,2022,11,November,3,Late Night,Weekend
T20220025532,2022-11-12,04:50:00,2,Struck Pedestrian,6,Saturday,100,PED NEAR SIDE. PED HIT BY VEHICLE FROM THE RIGHT.,3,36816,Cross intersection,2,80,Arterial Other,PASCOE VALE,HUME,-37.643826,144.9289,2022,11,November,4,Late Night,Weekend
T20220025534,2022-11-12,04:25:00,1,Collision with vehicle,6,Saturday,110,CROSS TRAFFIC(INTERSECTIONS ONLY),3,664106,Cross intersection,2,70,Arterial Other,KEILOR PARK DRIVE -TULLAMARINE PARK,BRIMBANK,-37.713306,144.85953,2022,11,November,4,Late Night,Weekend
T20220025539,2022-11-12,07:45:00,1,Collision with vehicle,6,Saturday,147,VEHICLE STRIKES ANOTHER VEH WHILE EMERGING FROM DRIVEWAY,1,752701,Not at intersection,2,50,Local Road,PARKLAND,WODONGA,-36.12494,146.87395,2022,11,November,7,Morning Peak,Weekend
T20220025595,2022-11-12,20:56:00,1,Collision with vehicle,6,Saturday,110,CROSS TRAFFIC(INTERSECTIONS ONLY),3,352876,Cross intersection,3,80,Arterial Other,GREENS,DANDENONG,-38.01357,145.20573,2022,11,November,20,Night,Weekend
T20220025590,2022-11-12,21:45:00,1,Collision with vehicle,6,Saturday,110,CROSS TRAFFIC(INTERSECTIONS ONLY),5,52517,Cross intersection,3,60,Local Road,FIFTEENTH,MILDURA,-34.198475,142.12651,2022,11,November,21,Night,Weekend
T20220025546,2022-11-12,09:55:00,3,Struck animal,6,Saturday,167,STRUCK ANIMAL,1,735684,Not at intersection,2,80,Local Road,TANJIL BREN,BAW BAW,-38.04182,146.30289,2022,11,November,9,Morning Peak,Weekend
T20220025597,2022-11-12,22:31:00,2,Struck Pedestrian,6,Saturday,100,PED NEAR SIDE. PED HIT BY VEHICLE FROM THE RIGHT.,3,735067,T intersection,3,50,Local Road,BARBARA,KINGSTON,-37.937695,145.05858,2022,11,November,22,Night,Weekend
T20220028942,2022-11-12,09:00:00,1,Collision with vehicle,6,Saturday,130,REAR END(VEHICLES IN SAME LANE),1,768682,Not at intersection,3,60,Arterial Highway,STUD,DANDENONG,-37.98372,145.22101,2022,11,November,9,Morning Peak,Weekend
T20220025572,2022-11-12,09:40:00,1,Collision with vehicle,6,Saturday,163,VEHICLE STRIKES DOOR OF PARKED/STATIONARY VEHICLE,1,66824,T intersection,3,60,Local Road,ALBERT ROAD,PORT PHILLIP,-37.839893,144.96375,2022,11,November,9,Morning Peak,Weekend
T20220025582,2022-11-12,14:30:00,6,Vehicle overturned (no collision),6,Saturday,174,OUT OF CONTROL ON CARRIAGEWAY (ON STRAIGHT),1,748462,Not at intersection,2,100,Local Road,GRAY,CAMPASPE,-36.32818,144.89774,2022,11,November,14,Midday,Weekend
T20220025556,2022-11-12,11:49:00,1,Collision with vehicle,6,Saturday,120,HEAD ON (NOT OVERTAKING),1,42980,Cross intersection,2,60,Arterial Other,HEATHERTON,DANDENONG,-37.96713,145.19197,2022,11,November,11,Midday,Weekend
T20220025557,2022-11-12,06:10:00,1,Collision with vehicle,6,Saturday,133,LANE SIDE SWIPE (VEHICLES IN PARALLEL LANES),1,786115,Not at intersection,2,80,Arterial Highway,SOUTH GIPPSLAND,CASEY,-38.052814,145.25923,2022,11,November,6,Morning Peak,Weekend
T20220025559,2022-11-12,13:30:00,1,Collision with vehicle,6,Saturday,121,RIGHT THROUGH,1,260358,Not at intersection,2,60,Local Road,ROSAMOND,MARIBYRNONG,-37.7728,144.88615,2022,11,November,13,Midday,Weekend
T20220027003,2022-11-12,09:00:00,4,Collision with a fixed object,6,Saturday,183,OFF LEFT BEND INTO OBJECT/PARKED VEHICLE,1,14733,T intersection,2,70,Local Road,ALBER,CARDINIA,-37.991055,145.4099,2022,11,November,9,Morning Peak,Weekend
T20220025635,2022-11-12,12:30:00,1,Collision with vehicle,6,Saturday,113,RIGHT NEAR (INTERSECTIONS ONLY),1,735267,T intersection,3,50,Local Road,VICTORY,CARDINIA,-38.077328,145.45047,2022,11,November,12,Midday,Weekend
T20220025656,2022-11-13,19:49:00,1,Collision with vehicle,7,Sunday,116,LEFT NEAR (INTERSECTIONS ONLY),2,736892,Cross intersection,2,40,Local Road,WELLINGTON,MARIBYRNONG,-37.79171,144.86711,2022,11,November,19,Night,Weekend
T20220025746,2022-11-13,17:00:00,4,Collision with a fixed object,7,Sunday,171,LEFT OFF CARRIAGEWAY INTO OBJECT/PARKED VEHICLE,1,47974,Cross intersection,3,60,Local Road,DONALD CAMERON,HUME,-37.630566,144.92827,2022,11,November,17,Afternoon Peak,Weekend
T20220025604,2022-11-13,03:48:00,6,Vehicle overturned (no collision),7,Sunday,174,OUT OF CONTROL ON CARRIAGEWAY (ON STRAIGHT),3,754407,Not at intersection,2,60,Local Road,HIGHETT,YARRA,-37.815468,144.99603,2022,11,November,3,Late Night,Weekend
T20220025650,2022-11-13,15:29:00,1,Collision with vehicle,7,Sunday,133,LANE SIDE SWIPE (VEHICLES IN PARALLEL LANES),1,736279,Not at intersection,3,100,Freeway,METROPOLITAN RING,WHITTLESEA,-37.688618,144.99347,2022,11,November,15,Afternoon Peak,Weekend
T20220025748,2022-11-13,03:00:00,2,Struck Pedestrian,7,Sunday,102,FAR SIDE. PED HIT BY VEHICLE FROM THE LEFT,3,736778,T intersection,3,40,Local Road,MORAY,MELBOURNE,-37.827145,144.96068,2022,11,November,3,Late Night,Weekend
T20220025649,2022-11-13,10:15:00,1,Collision with vehicle,7,Sunday,110,CROSS TRAFFIC(INTERSECTIONS ONLY),1,755472,Cross intersection,3,50,Arterial Other,BARKLY,BALLARAT,-37.569614,143.86284,2022,11,November,10,Midday,Weekend
T20220025642,2022-11-13,15:24:00,1,Collision with vehicle,7,Sunday,137,LEFT TURN SIDESWIPE,1,29862,T intersection,2,50,Local Road,GRATTAN,MELBOURNE,-37.801064,144.9699,2022,11,November,15,Afternoon Peak,Weekend
T20220025662,2022-11-13,18:20:00,4,Collision with a fixed object,7,Sunday,171,LEFT OFF CARRIAGEWAY INTO OBJECT/PARKED VEHICLE,1,736894,Not at intersection,2,80,Local Road,SOUTH BEACH,MORNINGTON PENINSULA,-38.378983,145.17761,2022,11,November,18,Afternoon Peak,Weekend
T20220025605,2022-11-13,00:40:00,1,Collision with vehicle,7,Sunday,140,U TURN,3,747021,Not at intersection,3,50,Local Road,LYGON,MORELAND,-37.76626,144.97264,2022,11,November,0,Late Night,Weekend
T20220025631,2022-11-13,12:25:00,6,Vehicle overturned (no collision),7,Sunday,172,OFF CARRIAGEWAY TO RIGHT,1,746915,Not at intersection,2,100,Local Road,MOUNT LYALL,CARDINIA,-38.248028,145.6921,2022,11,November,12,Midday,Weekend
T20220025627,2022-11-13,11:50:00,1,Collision with vehicle,7,Sunday,121,RIGHT THROUGH,1,64859,T intersection,2,60,Arterial Other,MONBULK,YARRA RANGES,-37.79001,145.3879,2022,11,November,11,Midday,Weekend
T20220025618,2022-11-13,08:15:00,1,Collision with vehicle,7,Sunday,110,CROSS TRAFFIC(INTERSECTIONS ONLY),1,44662,Cross intersection,2,60,Arterial Other,NAR NAR GOON-LONGWARRY,CARDINIA,-38.098927,145.71552,2022,11,November,8,Morning Peak,Weekend
T20220025613,2022-11-13,09:00:00,2,Struck Pedestrian,7,Sunday,100,PED NEAR SIDE. PED HIT BY VEHICLE FROM THE RIGHT.,1,735489,Not at intersection,2,40,Arterial Other,MAIN,MOORABOOL,-37.67593,144.43826,2022,11,November,9,Morning Peak,Weekend
T20220025611,2022-11-13,09:00:00,1,Collision with vehicle,7,Sunday,137,LEFT TURN SIDESWIPE,1,36528,T intersection,3,60,Arterial Other,BURKE,BOROONDARA,-37.787506,145.06503,2022,11,November,9,Morning Peak,Weekend
T20220025661,2022-11-13,18:30:00,4,Collision with a fixed object,7,Sunday,181,OFF RIGHT BEND INTO OBJECT/PARKED VEHICLE,1,743139,Not at intersection,2,100,Local Road,PLUNKETTS,INDIGO,-36.101166,146.68416,2022,11,November,18,Afternoon Peak,Weekend
T20220025660,2022-11-13,15:42:00,1,Collision with vehicle,7,Sunday,148,VEHICLE OFF FOOTPATH STRIKES VEH ON CARRIAGEWAY,1,736893,Not at intersection,3,60,Arterial Highway,MOOROODUC,FRANKSTON,-38.150604,145.13416,2022,11,November,15,Afternoon Peak,Weekend
T20220028333,2022-11-13,14:30:00,6,Vehicle overturned (no collision),7,Sunday,180,OFF CARRIAGEWAY ON RIGHT BEND,1,783445,Not at intersection,3,60,Arterial Highway,GREAT OCEAN,COLAC OTWAY,-38.60395,143.9193,2022,11,November,14,Midday,Weekend
T20220025691,2022-11-13,15:20:00,1,Collision with vehicle,7,Sunday,110,CROSS TRAFFIC(INTERSECTIONS ONLY),1,89607,Cross intersection,3,70,Arterial Other,LEITH,YARRA RANGES,-37.80998,145.34273,2022,11,November,15,Afternoon Peak,Weekend
T20220025670,2022-11-13,21:15:00,2,Struck Pedestrian,7,Sunday,102,FAR SIDE. PED HIT BY VEHICLE FROM THE LEFT,3,739570,Not at intersection,1,60,Arterial Other,HEATHS,WYNDHAM,-37.877617,144.68259,2022,11,November,21,Night,Weekend
T20220025667,2022-11-13,18:28:00,1,Collision with vehicle,7,Sunday,116,LEFT NEAR (INTERSECTIONS ONLY),1,53817,T intersection,3,70,Arterial Other,KIRKWOOD,CASEY,-38.034508,145.2851,2022,11,November,18,Afternoon Peak,Weekend
T20220026226,2022-11-13,13:00:00,6,Vehicle overturned (no collision),7,Sunday,199,UNKNOWN-NO DETAILS ON MANOEUVRES OF ROAD-USERS IN ACCIDENT,1,57644,T intersection,2,40,Local Road,GHERINGHAP,GEELONG,-38.142757,144.35992,2022,11,November,13,Midday,Weekend
T20220026938,2022-11-13,16:00:00,6,Vehicle overturned (no collision),7,Sunday,174,OUT OF CONTROL ON CARRIAGEWAY (ON STRAIGHT),1,738272,Not at intersection,3,100,Local Road,CHESSUM,WELLINGTON,-38.197304,146.96727,2022,11,November,16,Afternoon Peak,Weekend
T20220025665,2022-11-13,19:57:00,5,collision with some other object,7,Sunday,166,STRUCK OBJECT ON CARRIAGEWAY,2,786140,Not at intersection,2,80,Arterial Highway,MURRAY VALLEY,MOIRA,-35.92548,145.62106,2022,11,November,19,Night,Weekend
T20220025664,2022-11-13,16:22:00,1,Collision with vehicle,7,Sunday,121,RIGHT THROUGH,1,358021,Multiple intersection,2,80,Freeway,CRANBOURNE-PENINSULA LINK IN,FRANKSTON,-38.155556,145.16756,2022,11,November,16,Afternoon Peak,Weekend