ACCIDENT_NO,ACCIDENT_DATE,ACCIDENT_TIME,ACCIDENT_TYPE,ACCIDENT_TYPE_DESC,DAY_OF_WEEK,DAY_WEEK_DESC,DCA_CODE,DCA_DESC,LIGHT_CONDITION,NODE_ID,ROAD_GEOMETRY_DESC,SEVERITY,SPEED_ZONE,RMA,ROAD_NAME,LGA_NAME,LATITUDE,LONGITUDE,YEAR,MONTH,MONTH_NAME,HOUR,TIME_PERIOD,DAY_TYPE
T20220025716,2022-11-13,21:00:00,1,Collision with vehicle,7,Sunday,173,RIGHT OFF CARRIAGEWAY INTO OBJECT/PARKED VEHICLE,3,775366,Not at intersection,2,50,Local Road,BETHANY,WYNDHAM,-37.85383,144.65407,2022,11,November,21,Night,Weekend
T20220026071,2022-11-13,15:50:00,1,Collision with vehicle,7,Sunday,120,HEAD ON (NOT OVERTAKING),1,736675,Not at intersection,3,60,Arterial Other,SYNNOT,WYNDHAM,-37.903584,144.65987,2022,11,November,15,Afternoon Peak,Weekend
T20220026162,2022-11-14,12:15:00,1,Collision with vehicle,1,Monday,132,RIGHT REAR.,1,763619,T intersection,3,50,Local Road,HOTHLYN,HUME,-37.6074,144.9361,2022,11,November,12,Midday,Weekday
T20220025973,2022-11-14,23:50:00,2,Struck Pedestrian,1,Monday,100,PED NEAR SIDE. PED HIT BY VEHICLE FROM THE RIGHT.,3,36037,Cross intersection,3,40,Local Road,GLENLYON,MORELAND,-37.772663,144.9715,2022,11,November,23,Night,Weekday
T20220027719,2022-11-14,17:30:00,1,Collision with vehicle,1,Monday,130,REAR END(VEHICLES IN SAME LANE),1,775392,T intersection,3,60,Arterial Other,CRAIGIEBURN,HUME,-37.59093,144.88855,2022,11,November,17,Afternoon Peak,Weekday
T20220026941,2022-11-14,16:50:00,1,Collision with vehicle,1,Monday,130,REAR END(VEHICLES IN SAME LANE),1,683718,T intersection,3,60,Local Road,LEAKES,MELTON,-37.716503,144.65518,2022,11,November,16,Afternoon Peak,Weekday
T20230004951,2022-11-14,17:15:00,1,Collision with vehicle,1,Monday,130,REAR END(VEHICLES IN SAME LANE),9,350917,T intersection,3,60,Arterial Other,YARRALUMLA,WODONGA,-36.14495,146.86693,2022,11,November,17,Afternoon Peak,Weekday
T20230001462,2022-11-14,10:30:00,4,Collision with a fixed object,1,Monday,175,OFF END OF ROAD/T-INTERSECTION.,1,773189,T intersection,3,50,Local Road,WEIR,STONNINGTON,-37.84882,145.04405,2022,11,November,10,Midday,Weekday
T20220025685,2022-11-14,09:30:00,1,Collision with vehicle,1,Monday,147,VEHICLE STRIKES ANOTHER VEH WHILE EMERGING FROM DRIVEWAY,1,735270,Not at intersection,3,60,Arterial Other,ASHLEY,MARIBYRNONG,-37.782276,144.86525,2022,11,November,9,Morning Peak,Weekday
T20220025702,2022-11-14,11:25:00,1,Collision with vehicle,1,Monday,130,REAR END(VEHICLES IN SAME LANE),1,752463,Not at intersection,3,100,Local Road,MCSWAIN,CAMPASPE,-36.144253,144.71663,2022,11,November,11,Midday,Weekday
T20220025711,2022-11-14,12:44:00,1,Collision with vehicle,1,Monday,130,REAR END(VEHICLES IN SAME LANE),1,736097,Not at intersection,2,100,Arterial Highway,GEELONG RING,GEELONG,-38.211487,144.24646,2022,11,November,12,Midday,Weekday
T20220025783,2022-11-14,13:45:00,1,Collision with vehicle,1,Monday,132,RIGHT REAR.,1,737765,T intersection,3,100,Arterial Highway,MIDLAND,HEPBURN,-37.382015,144.01274,2022,11,November,13,Midday,Weekday
T20220025785,2022-11-14,15:43:00,1,Collision with vehicle,1,Monday,120,HEAD ON (NOT OVERTAKING),1,735493,T intersection,2,60,Local Road,HUME,BRIMBANK,-37.71072,144.77673,2022,11,November,15,Afternoon Peak,Weekday
T20220025760,2022-11-14,22:09:00,1,Collision with vehicle,1,Monday,110,CROSS TRAFFIC(INTERSECTIONS ONLY),3,331686,Cross intersection,3,70,Arterial Other,BALLARAT-BURRUMBEET,BALLARAT,-37.54594,143.79611,2022,11,November,22,Night,Weekday
T20220025677,2022-11-14,05:53:00,1,Collision with vehicle,1,Monday,130,REAR END(VEHICLES IN SAME LANE),2,753364,Not at intersection,3,100,Freeway,EASTERN,BOROONDARA,-37.790966,145.02013,2022,11,November,5,Morning Peak,Weekday
T20220026000,2022-11-14,16:30:00,1,Collision with vehicle,1,Monday,130,REAR END(VEHICLES IN SAME LANE),1,616138,T intersection,3,60,Arterial Other,FITZGERALD,WYNDHAM,-37.820732,144.78659,2022,11,November,16,Afternoon Peak,Weekday
T20220025719,2022-11-14,12:10:00,1,Collision with vehicle,1,Monday,110,CROSS TRAFFIC(INTERSECTIONS ONLY),1,735999,Cross intersection,2,60,Local Road,QUAYLE,YARRA RANGES,-37.790646,145.4362,2022,11,November,12,Midday,Weekday
T20220025722,2022-11-14,12:36:00,1,Collision with vehicle,1,Monday,110,CROSS TRAFFIC(INTERSECTIONS ONLY),1,265382,Cross intersection,3,100,Arterial Other,BOORT-MITIAMO,LODDON,-36.21148,144.08556,2022,11,November,12,Midday,Weekday
T20220025706,2022-11-14,10:50:00,4,Collision with a fixed object,1,Monday,173,RIGHT OFF CARRIAGEWAY INTO OBJECT/PARKED VEHICLE,1,753041,Not at intersection,2,100,Arterial Other,LATROBE,LATROBE,-38.17268,146.40623,2022,11,November,10,Midday,Weekday
T20220028023,2022-11-14,15:51:00,1,Collision with vehicle,1,Monday,130,REAR END(VEHICLES IN SAME LANE),1,782204,Not at intersection,3,60,Arterial Other,STATION,DAREBIN,-37.77526,145.01875,2022,11,November,15,Afternoon Peak,Weekday
T20220025759,2022-11-14,20:20:00,1,Collision with vehicle,1,Monday,110,CROSS TRAFFIC(INTERSECTIONS ONLY),2,64874,Cross intersection,2,50,Local Road,DINNELL,BRIMBANK,-37.7908,144.80511,2022,11,November,20,Night,Weekday
T20220025757,2022-11-14,19:11:00,1,Collision with vehicle,1,Monday,134,LANE CHANGE RIGHT (NOT OVERTAKING),2,783471,Not at intersection,3,100,Freeway,WESTERN RING,HUME,-37.692146,144.95009,2022,11,November,19,Night,Weekday
T20220025671,2022-11-14,01:29:00,6,Vehicle overturned (no collision),1,Monday,174,OUT OF CONTROL ON CARRIAGEWAY (ON STRAIGHT),3,748478,Not at intersection,2,60,Arterial Other,BELGRAVE-GEMBROOK,CARDINIA,-37.931763,145.44179,2022,11,November,1,Late Night,Weekday
T20220025736,2022-11-14,15:40:00,4,Collision with a fixed object,1,Monday,181,OFF RIGHT BEND INTO OBJECT/PARKED VEHICLE,1,743954,Not at intersection,2,100,Arterial Other,DARTMOOR-HAMILTON,GLENELG,-37.91682,141.31088,2022,11,November,15,Afternoon Peak,Weekday
T20220025821,2022-11-14,15:43:00,2,Struck Pedestrian,1,Monday,106,VEH STRIKES PED ON FOOTPATH/MEDIAN/TRAFFIC ISLAND.,9,735691,Not at intersection,3,50,Local Road,GLEBE,WHITEHORSE,-37.837646,145.16399,2022,11,November,15,Afternoon Peak,Weekday
T20220025737,2022-11-14,16:20:00,4,Collision with a fixed object,1,Monday,181,OFF RIGHT BEND INTO OBJECT/PARKED VEHICLE,1,735362,Not at intersection,3,60,Local Road,CLINTONS,NILLUMBIK,-37.63387,145.28163,2022,11,November,16,Afternoon Peak,Weekday
T20220025867,2022-11-14,09:00:00,6,Vehicle overturned (no collision),1,Monday,182,OFF CARRIAGEWAY ON LEFT BEND,1,738393,Not at intersection,3,60,Arterial Other,MOUNT DANDENONG TOURIST,YARRA RANGES,-37.844673,145.36029,2022,11,November,9,Morning Peak,Weekday
T20220025683,2022-11-14,08:55:00,1,Collision with vehicle,1,Monday,113,RIGHT NEAR (INTERSECTIONS ONLY),1,29755,T intersection,2,70,Arterial Other,GISBORNE-MELTON,MELTON,-37.666676,144.59944,2022,11,November,8,Morning Peak,Weekday
T20220025742,2022-11-14,17:30:00,2,Struck Pedestrian,1,Monday,107,PED ON FOOTHPATH STRUCK BY VEHENTERING/LEAVING DRIVEWAY.,1,786168,T intersection,2,80,Arterial Highway,MCMAHONS,FRANKSTON,-38.14898,145.13467,2022,11,November,17,Afternoon Peak,Weekday
T20220025707,2022-11-14,07:13:00,1,Collision with vehicle,1,Monday,113,RIGHT NEAR (INTERSECTIONS ONLY),1,29384,T intersection,2,80,Arterial Highway,PRINCES,DANDENONG,-37.937996,145.16214,2022,11,November,7,Morning Peak,Weekday
T20220025745,2022-11-14,15:48:00,1,Collision with vehicle,1,Monday,130,REAR END(VEHICLES IN SAME LANE),1,736896,Not at intersection,3,50,Arterial Other,CANTERBURY,BOROONDARA,-37.825912,145.09695,2022,11,November,15,Afternoon Peak,Weekday
T20220028716,2022-11-14,10:30:00,1,Collision with vehicle,1,Monday,113,RIGHT NEAR (INTERSECTIONS ONLY),9,70629,T intersection,3,60,Arterial Other,BEACH,KINGSTON,-37.985916,145.05298,2022,11,November,10,Midday,Weekday
T20220025680,2022-11-14,07:30:00,1,Collision with vehicle,1,Monday,121,RIGHT THROUGH,1,43935,T intersection,2,80,Arterial Highway,SOUTH GIPPSLAND,CASEY,-38.159912,145.31857,2022,11,November,7,Morning Peak,Weekday
T20220025777,2022-11-14,08:15:00,4,Collision with a fixed object,1,Monday,171,LEFT OFF CARRIAGEWAY INTO OBJECT/PARKED VEHICLE,1,783470,Not at intersection,3,80,Freeway,WESTERN RING IN-CALDER OUT,BRIMBANK,-37.726658,144.86243,2022,11,November,8,Morning Peak,Weekday
T20220025693,2022-11-14,08:41:00,1,Collision with vehicle,1,Monday,120,HEAD ON (NOT OVERTAKING),1,775375,Not at intersection,2,50,Local Road,ST GEORGES,MELTON,-37.740887,144.73033,2022,11,November,8,Morning Peak,Weekday
T20220025749,2022-11-14,17:48:00,1,Collision with vehicle,1,Monday,130,REAR END(VEHICLES IN SAME LANE),1,326558,T intersection,3,60,Arterial Highway,POINT NEPEAN,MORNINGTON PENINSULA,-38.364334,144.79428,2022,11,November,17,Afternoon Peak,Weekday
T20220027944,2022-11-14,05:40:00,1,Collision with vehicle,1,Monday,121,RIGHT THROUGH,2,776451,T intersection,3,80,Arterial Other,SYDNEY,HUME,-37.65537,144.95303,2022,11,November,5,Morning Peak,Weekday
T20220025756,2022-11-14,18:28:00,1,Collision with vehicle,1,Monday,121,RIGHT THROUGH,1,42038,Cross intersection,3,60,Arterial Other,HAMPTON,BAYSIDE,-37.92083,145.00569,2022,11,November,18,Afternoon Peak,Weekday
T20220025750,2022-11-14,18:43:00,1,Collision with vehicle,1,Monday,130,REAR END(VEHICLES IN SAME LANE),1,768678,Not at intersection,2,100,Freeway,WESTERN,MELTON,-37.793106,144.75052,2022,11,November,18,Afternoon Peak,Weekday
T20220025679,2022-11-14,06:00:00,1,Collision with vehicle,1,Monday,121,RIGHT THROUGH,2,84,Cross intersection,3,80,Arterial Highway,RINGWOOD,MAROONDAH,-37.811005,145.23737,2022,11,November,6,Morning Peak,Weekday
T20220025751,2022-11-14,18:48:00,1,Collision with vehicle,1,Monday,135,LANE CHANGE LEFT (NOT OVERTAKING),1,775722,Not at intersection,3,60,Arterial Other,PASCOE VALE,MORELAND,-37.719128,144.92038,2022,11,November,18,Afternoon Peak,Weekday
T20220025762,2022-11-14,22:19:00,5,collision with some other object,1,Monday,198,OTHER ACCIDENTS NOT CLASSIFIABLE ELSEWHERE,5,722070,Not at intersection,2,100,Arterial Other,WILLOW GROVE,BAW BAW,-37.95417,146.12471,2022,11,November,22,Night,Weekday
T20220025754,2022-11-14,19:54:00,1,Collision with vehicle,1,Monday,133,LANE SIDE SWIPE (VEHICLES IN PARALLEL LANES),2,52286,T intersection,3,80,Arterial Other,MONASH,LATROBE,-38.239437,146.41953,2022,11,November,19,Night,Weekday
T20220025701,2022-11-14,11:51:00,1,Collision with vehicle,1,Monday,139,OTHER SAME DIRECTION-MANOUEVRES NOT INCLUDED IN DCAs 130-137,1,768652,Not at intersection,3,70,Arterial Other,KINGSTON,KINGSTON,-37.955173,145.09375,2022,11,November,11,Midday,Weekday
T20220025794,2022-11-14,08:30:00,1,Collision with vehicle,1,Monday,163,VEHICLE STRIKES DOOR OF PARKED/STATIONARY VEHICLE,1,735690,Not at intersection,3,40,Local Road,CHAPEL,STONNINGTON,-37.851665,144.9934,2022,11,November,8,Morning Peak,Weekday
T20220025848,2022-11-15,21:34:00,1,Collision with vehicle,2,Tuesday,113,RIGHT NEAR (INTERSECTIONS ONLY),3,50183,T intersection,2,70,Arterial Highway,HIGH STREET -SETTLEMENT,GEELONG,-38.181656,144.33621,2022,11,November,21,Night,Weekday
T20220025847,2022-11-15,17:12:00,1,Collision with vehicle,2,Tuesday,130,REAR END(VEHICLES IN SAME LANE),1,737544,Not at intersection,2,100,Freeway,MONASH,CASEY,-37.99372,145.26111,2022,11,November,17,Afternoon Peak,Weekday
T20220025844,2022-11-15,18:38:00,1,Collision with vehicle,2,Tuesday,131,LEFT REAR,1,748796,T intersection,3,80,Local Road,PRINCES,DANDENONG,-37.94375,145.16867,2022,11,November,18,Afternoon Peak,Weekday
T20220025843,2022-11-15,18:23:00,1,Collision with vehicle,2,Tuesday,120,HEAD ON (NOT OVERTAKING),1,775376,Not at intersection,2,100,Local Road,YENDON-EGERTON,MOORABOOL,-37.6275,144.04024,2022,11,November,18,Afternoon Peak,Weekday
T20220025840,2022-11-15,14:00:00,1,Collision with vehicle,2,Tuesday,110,CROSS TRAFFIC(INTERSECTIONS ONLY),1,276044,Cross intersection,3,60,Local Road,INGLEWOOD,MELTON,-37.730373,144.74962,2022,11,November,14,Midday,Weekday
T20220025839,2022-11-15,15:55:00,1,Collision with vehicle,2,Tuesday,110,CROSS TRAFFIC(INTERSECTIONS ONLY),1,61054,Cross intersection,3,50,Local Road,BIRDWOOD,BALLARAT,-37.597706,143.8315,2022,11,November,15,Afternoon Peak,Weekday
T20220025834,2022-11-15,17:49:00,1,Collision with vehicle,2,Tuesday,120,HEAD ON (NOT OVERTAKING),1,737326,Not at intersection,2,60,Local Road,VILLAS,DANDENONG,-38.03488,145.19472,2022,11,November,17,Afternoon Peak,Weekday
T20220025829,2022-11-15,17:09:00,1,Collision with vehicle,2,Tuesday,130,REAR END(VEHICLES IN SAME LANE),1,48230,Not at intersection,3,50,Local Road,GILBERT,DAREBIN,-37.73078,144.9913,2022,11,November,17,Afternoon Peak,Weekday
T20220025825,2022-11-15,14:06:00,1,Collision with vehicle,2,Tuesday,135,LANE CHANGE LEFT (NOT OVERTAKING),1,735996,Not at intersection,2,80,Arterial Highway,DINGLEY,KINGSTON,-37.944695,145.09724,2022,11,November,14,Midday,Weekday
T20220025819,2022-11-15,16:18:00,1,Collision with vehicle,2,Tuesday,130,REAR END(VEHICLES IN SAME LANE),1,741797,Not at intersection,2,60,Local Road,KOOYONG,GLEN EIRA,-37.87223,145.01765,2022,11,November,16,Afternoon Peak,Weekday
T20220025806,2022-11-15,13:50:00,1,Collision with vehicle,2,Tuesday,121,RIGHT THROUGH,1,752261,T intersection,2,60,Local Road,GHAZEEPORE,GEELONG,-38.208824,144.30238,2022,11,November,13,Midday,Weekday
T20220025802,2022-11-15,12:09:00,1,Collision with vehicle,2,Tuesday,120,HEAD ON (NOT OVERTAKING),1,735494,Not at intersection,2,80,Local Road,MOOLAP STATION,GEELONG,-38.177696,144.4204,2022,11,November,12,Midday,Weekday
T20220025800,2022-11-15,12:45:00,4,Collision with a fixed object,2,Tuesday,171,LEFT OFF CARRIAGEWAY INTO OBJECT/PARKED VEHICLE,1,748816,Not at intersection,2,70,Arterial Other,BLACKBURN,MONASH,-37.895477,145.14398,2022,11,November,12,Midday,Weekday
T20220025799,2022-11-15,11:15:00,1,Collision with vehicle,2,Tuesday,113,RIGHT NEAR (INTERSECTIONS ONLY),1,842,Cross intersection,3,60,Arterial Highway,SPRINGVALE,DANDENONG,-37.978523,145.14696,2022,11,November,11,Midday,Weekday
T20220025795,2022-11-15,11:56:00,1,Collision with vehicle,2,Tuesday,130,REAR END(VEHICLES IN SAME LANE),1,42245,T intersection,3,60,Arterial Other,CHESTERVILLE,KINGSTON,-37.9527,145.05806,2022,11,November,11,Midday,Weekday
T20220025786,2022-11-15,04:55:00,4,Collision with a fixed object,2,Tuesday,171,LEFT OFF CARRIAGEWAY INTO OBJECT/PARKED VEHICLE,3,735373,T intersection,1,60,Arterial Other,BRIDGE,YARRA,-37.817753,144.99182,2022,11,November,4,Late Night,Weekday
T20220025782,2022-11-15,08:17:00,1,Collision with vehicle,2,Tuesday,130,REAR END(VEHICLES IN SAME LANE),1,740499,T intersection,2,80,Arterial Other,GREENS,DANDENONG,-38.01091,145.1822,2022,11,November,8,Morning Peak,Weekday
T20220025781,2022-11-15,07:57:00,1,Collision with vehicle,2,Tuesday,121,RIGHT THROUGH,1,41740,T intersection,3,70,Arterial Other,BLACKBURN,MONASH,-37.895824,145.14392,2022,11,November,7,Morning Peak,Weekday
T20220025772,2022-11-15,03:40:00,6,Vehicle overturned (no collision),2,Tuesday,182,OFF CARRIAGEWAY ON LEFT BEND,3,735498,Not at intersection,3,100,Local Road,AVIATION,WYNDHAM,-37.928455,144.74149,2022,11,November,3,Late Night,Weekday
T20220027924,2022-11-15,11:30:00,1,Collision with vehicle,2,Tuesday,121,RIGHT THROUGH,1,41507,Cross intersection,3,60,Arterial Highway,NORTH,GLEN EIRA,-37.908142,145.07417,2022,11,November,11,Midday,Weekday
T20220027396,2022-11-15,12:00:00,1,Collision with vehicle,2,Tuesday,110,CROSS TRAFFIC(INTERSECTIONS ONLY),1,57850,Cross intersection,3,60,Local Road,BRIDGE INN,WHITTLESEA,-37.599766,145.08864,2022,11,November,12,Midday,Weekday
T20220027274,2022-11-15,06:09:00,1,Collision with vehicle,2,Tuesday,110,CROSS TRAFFIC(INTERSECTIONS ONLY),2,740879,Cross intersection,3,60,Local Road,GALLAGHERS,MONASH,-37.88664,145.17688,2022,11,November,6,Morning Peak,Weekday
T20220026055,2022-11-15,08:00:00,1,Collision with vehicle,2,Tuesday,130,REAR END(VEHICLES IN SAME LANE),1,736781,Not at intersection,2,60,Arterial Other,SYDNEY,MORELAND,-37.69245,144.95844,2022,11,November,8,Morning Peak,Weekday
T20220026022,2022-11-15,16:00:00,1,Collision with vehicle,2,Tuesday,130,REAR END(VEHICLES IN SAME LANE),1,736198,T intersection,3,60,Arterial Other,BORONIA,KNOX,-37.86281,145.2904,2022,11,November,16,Afternoon Peak,Weekday
T20230018012,2022-11-15,11:16:00,1,Collision with vehicle,2,Tuesday,130,REAR END(VEHICLES IN SAME LANE),1,779036,Not at intersection,3,40,Arterial Highway,FRANKSTON-DANDENONG,FRANKSTON,-38.099766,145.17255,2022,11,November,11,Midday,Weekday
T20230003584,2022-11-15,06:22:00,1,Collision with vehicle,2,Tuesday,110,CROSS TRAFFIC(INTERSECTIONS ONLY),1,754454,Cross intersection,3,80,Local Road,HEATHERTON,CASEY,-37.97495,145.25818,2022,11,November,6,Morning Peak,Weekday
T20230026946,2022-11-15,15:00:00,1,Collision with vehicle,2,Tuesday,130,REAR END(VEHICLES IN SAME LANE),1,40894,Cross intersection,3,80,Arterial Other,BORONIA,KNOX,-37.848034,145.22878,2022,11,November,15,Afternoon Peak,Weekday
T20220026349,2022-11-15,22:35:00,1,Collision with vehicle,2,Tuesday,110,CROSS TRAFFIC(INTERSECTIONS ONLY),3,36037,Cross intersection,3,40,Local Road,GLENLYON,MORELAND,-37.772663,144.9715,2022,11,November,22,Night,Weekday
T20220028925,2022-11-15,07:01:00,1,Collision with vehicle,2,Tuesday,121,RIGHT THROUGH,1,783481,Not at intersection,3,60,Arterial Highway,NORTH,GLEN EIRA,-37.907604,145.06973,2022,11,November,7,Morning Peak,Weekday
T20220028912,2022-11-15,14:15:00,1,Collision with vehicle,2,Tuesday,135,LANE CHANGE LEFT (NOT OVERTAKING),9,742942,Not at intersection,3,80,Local Road,GARDEN,MONASH,-37.925705,145.14545,2022,11,November,14,Midday,Weekday
T20220025905,2022-11-15,08:45:00,1,Collision with vehicle,2,Tuesday,130,REAR END(VEHICLES IN SAME LANE),1,775287,Not at intersection,3,50,Local Road,COOPER,HUME,-37.688805,144.92897,2022,11,November,8,Morning Peak,Weekday
T20220025858,2022-11-15,18:00:00,2,Struck Pedestrian,2,Tuesday,100,PED NEAR SIDE. PED HIT BY VEHICLE FROM THE RIGHT.,1,735893,Not at intersection,3,60,Local Road,HOWITT,BALLARAT,-37.542866,143.85338,2022,11,November,18,Afternoon Peak,Weekday
T20220025849,2022-11-15,21:37:00,2,Struck Pedestrian,2,Tuesday,103,PED PLAYING/LYING/WORKING/STANDING ON CARRIAGEWAY.,5,738556,Not at intersection,2,80,Arterial Other,BOUNDARY,WYNDHAM,-37.812023,144.76814,2022,11,November,21,Night,Weekday
T20220025883,2022-11-16,14:30:00,1,Collision with vehicle,3,Wednesday,110,CROSS TRAFFIC(INTERSECTIONS ONLY),1,234112,Cross intersection,3,60,Local Road,BREDT,EAST GIPPSLAND,-37.821003,147.59737,2022,11,November,14,Midday,Weekday
T20220026612,2022-11-16,22:40:00,1,Collision with vehicle,3,Wednesday,130,REAR END(VEHICLES IN SAME LANE),3,737752,Cross intersection,3,60,Arterial Other,VICTORIA,MELBOURNE,-37.80728,144.96873,2022,11,November,22,Night,Weekday
T20220025886,2022-11-16,09:50:00,2,Struck Pedestrian,3,Wednesday,103,PED PLAYING/LYING/WORKING/STANDING ON CARRIAGEWAY.,9,39231,Cross intersection,3,40,Local Road,GORDON,WHITEHORSE,-37.82089,145.10197,2022,11,November,9,Morning Peak,Weekday
T20220025945,2022-11-16,22:27:00,4,Collision with a fixed object,3,Wednesday,171,LEFT OFF CARRIAGEWAY INTO OBJECT/PARKED VEHICLE,5,744222,Not at intersection,2,100,Arterial Other,KOO WEE RUP-LONGWARRY,BAW BAW,-38.163925,145.72379,2022,11,November,22,Night,Weekday
T20230009920,2022-11-16,17:00:00,1,Collision with vehicle,3,Wednesday,130,REAR END(VEHICLES IN SAME LANE),9,778219,Not at intersection,3,100,Freeway,FRANKSTON,FRANKSTON,-38.121826,145.1356,2022,11,November,17,Afternoon Peak,Weekday
T20220025888,2022-11-16,13:38:00,6,Vehicle overturned (no collision),3,Wednesday,174,OUT OF CONTROL ON CARRIAGEWAY (ON STRAIGHT),1,736281,Not at intersection,2,80,Arterial Other,HIGH STREET,KNOX,-37.876854,145.20183,2022,11,November,13,Midday,Weekday
T20220025890,2022-11-16,11:47:00,1,Collision with vehicle,3,Wednesday,160,VEHICLE COLLIDES WITH VEHICLE PARKED ON LEFT OF ROAD,1,780262,Not at intersection,3,80,Arterial Highway,MAROONDAH,YARRA RANGES,-37.75409,145.36397,2022,11,November,11,Midday,Weekday
T20220025951,2022-11-16,18:45:00,1,Collision with vehicle,3,Wednesday,143,ENTERING PARKING,2,783485,Not at intersection,3,40,Local Road,COVENTRY,PORT PHILLIP,-37.83227,144.95874,2022,11,November,18,Afternoon Peak,Weekday
T20220026057,2022-11-16,15:15:00,1,Collision with vehicle,3,Wednesday,130,REAR END(VEHICLES IN SAME LANE),1,742712,Not at intersection,3,60,Local Road,KIDDS,CASEY,-37.98779,145.24022,2022,11,November,15,Afternoon Peak,Weekday
T20220025897,2022-11-16,13:50:00,4,Collision with a fixed object,3,Wednesday,171,LEFT OFF CARRIAGEWAY INTO OBJECT/PARKED VEHICLE,1,775377,Not at intersection,3,100,Local Road,EILDON-JAMIESON,MANSFIELD,-37.298946,146.09378,2022,11,November,13,Midday,Weekday
T20220025914,2022-11-16,15:36:00,1,Collision with vehicle,3,Wednesday,147,VEHICLE STRIKES ANOTHER VEH WHILE EMERGING FROM DRIVEWAY,1,775378,Not at intersection,3,80,Arterial Highway,STATE (LOWER DANDENONG/CHELTENHAM),DANDENONG,-37.99436,145.17331,2022,11,November,15,Afternoon Peak,Weekday
T20220028854,2022-11-16,15:39:00,1,Collision with vehicle,3,Wednesday,130,REAR END(VEHICLES IN SAME LANE),1,768415,Not at intersection,3,80,Arterial Highway,GREAT OCEAN,SURF COAST,-38.47556,144.03595,2022,11,November,15,Afternoon Peak,Weekday
T20220026535,2022-11-16,10:20:00,1,Collision with vehicle,3,Wednesday,120,HEAD ON (NOT OVERTAKING),1,737751,Not at intersection,3,60,Arterial Other,CRANBOURNE,FRANKSTON,-38.146633,145.13516,2022,11,November,10,Midday,Weekday
T20220025900,2022-11-16,14:15:00,6,Vehicle overturned (no collision),3,Wednesday,174,OUT OF CONTROL ON CARRIAGEWAY (ON STRAIGHT),1,783482,T intersection,3,100,Freeway,DONNYBROOK-HUME OUT,HUME,-37.533703,144.94649,2022,11,November,14,Midday,Weekday
T20220026407,2022-11-16,14:30:00,4,Collision with a fixed object,3,Wednesday,183,OFF LEFT BEND INTO OBJECT/PARKED VEHICLE,1,736784,Not at intersection,3,60,Local Road,NORTHCORP,HUME,-37.6868,144.94948,2022,11,November,14,Midday,Weekday
T20220025903,2022-11-16,13:53:00,4,Collision with a fixed object,3,Wednesday,193,STRUCK RAILWAY CROSSING FURNITURE,1,763570,Not at intersection,2,40,Arterial Other,FOREST STREET -TYLDEN-WOODEND,MACEDON RANGES,-37.350838,144.51196,2022,11,November,13,Midday,Weekday
T20220025910,2022-11-16,16:28:00,1,Collision with vehicle,3,Wednesday,130,REAR END(VEHICLES IN SAME LANE),1,780725,Not at intersection,2,60,Arterial Highway,BENALLA,SHEPPARTON,-36.383698,145.41522,2022,11,November,16,Afternoon Peak,Weekday
T20220025892,2022-11-16,10:20:00,1,Collision with vehicle,3,Wednesday,120,HEAD ON (NOT OVERTAKING),1,736282,Not at intersection,2,60,Arterial Other,BURKE,BANYULE,-37.774086,145.06464,2022,11,November,10,Midday,Weekday
T20220025930,2022-11-16,18:07:00,4,Collision with a fixed object,3,Wednesday,141,U TURN INTO FIXED OBJECT/PARKED VEHICLE,1,753146,Not at intersection,2,50,Local Road,ANDERSON,GLEN EIRA,-37.882946,145.02428,2022,11,November,18,Afternoon Peak,Weekday
T20220025927,2022-11-16,19:31:00,1,Collision with vehicle,3,Wednesday,135,LANE CHANGE LEFT (NOT OVERTAKING),2,768410,Not at intersection,3,80,Freeway,WEST GATE,HOBSONS BAY,-37.824505,144.86342,2022,11,November,19,Night,Weekday
T20220025925,2022-11-16,15:20:00,1,Collision with vehicle,3,Wednesday,110,CROSS TRAFFIC(INTERSECTIONS ONLY),1,54414,Cross intersection,2,50,Local Road,ARTHUR,BALLARAT,-37.55681,143.81555,2022,11,November,15,Afternoon Peak,Weekday
T20220025923,2022-11-16,18:47:00,1,Collision with vehicle,3,Wednesday,137,LEFT TURN SIDESWIPE,1,278588,T intersection,3,60,Local Road,PALMYRA,MELBOURNE,-37.81329,144.94371,2022,11,November,18,Afternoon Peak,Weekday
T20220025911,2022-11-16,16:03:00,1,Collision with vehicle,3,Wednesday,130,REAR END(VEHICLES IN SAME LANE),1,750745,Not at intersection,3,60,Arterial Other,STURT,BALLARAT,-37.551704,143.80945,2022,11,November,16,Afternoon Peak,Weekday
T20230003600,2022-11-16,06:33:00,1,Collision with vehicle,3,Wednesday,130,REAR END(VEHICLES IN SAME LANE),1,758792,Not at intersection,3,60,Arterial Highway,RAGLAN,WARRNAMBOOL,-38.371185,142.47191,2022,11,November,6,Morning Peak,Weekday
T20220025920,2022-11-16,14:55:00,1,Collision with vehicle,3,Wednesday,110,CROSS TRAFFIC(INTERSECTIONS ONLY),1,351578,Cross intersection,3,50,Arterial Other,FOOT,FRANKSTON,-38.15326,145.13261,2022,11,November,14,Midday,Weekday