ACCIDENT_NO,ACCIDENT_DATE,ACCIDENT_TIME,ACCIDENT_TYPE,ACCIDENT_TYPE_DESC,DAY_OF_WEEK,DAY_WEEK_DESC,DCA_CODE,DCA_DESC,LIGHT_CONDITION,NODE_ID,ROAD_GEOMETRY_DESC,SEVERITY,SPEED_ZONE,RMA,ROAD_NAME,LGA_NAME,LATITUDE,LONGITUDE,YEAR,MONTH,MONTH_NAME,HOUR,TIME_PERIOD,DAY_TYPE
T20230021509,2022-11-16,05:30:00,4,Collision with a fixed object,3,Wednesday,179,OTHER ACCIDENTS-OFF STRAIGHT NOT INCLUDED IN DCAs 170-175,2,778047,Not at intersection,3,80,Local Road,COUANGALT,MACEDON RANGES,-37.54118,144.61722,2022,11,November,5,Morning Peak,Weekday
T20220025944,2022-11-16,21:36:00,1,Collision with vehicle,3,Wednesday,135,LANE CHANGE LEFT (NOT OVERTAKING),3,12817,Not at intersection,3,100,Freeway,WESTERN RING,MORELAND,-37.692028,144.9586,2022,11,November,21,Night,Weekday
T20220025938,2022-11-16,21:15:00,3,Struck animal,3,Wednesday,167,STRUCK ANIMAL,5,737567,Not at intersection,2,100,Arterial Other,CAMPERDOWN-COBDEN,CORANGAMITE,-38.289734,143.11884,2022,11,November,21,Night,Weekday
T20220026716,2022-11-16,09:14:00,4,Collision with a fixed object,3,Wednesday,171,LEFT OFF CARRIAGEWAY INTO OBJECT/PARKED VEHICLE,1,783484,Not at intersection,3,70,Local Road,MANCHESTER,YARRA RANGES,-37.758846,145.31616,2022,11,November,9,Morning Peak,Weekday
T20220026017,2022-11-16,16:45:00,1,Collision with vehicle,3,Wednesday,130,REAR END(VEHICLES IN SAME LANE),1,736484,Not at intersection,3,60,Arterial Other,ELGAR,WHITEHORSE,-37.82218,145.11403,2022,11,November,16,Afternoon Peak,Weekday
T20220025852,2022-11-16,00:30:00,1,Collision with vehicle,3,Wednesday,130,REAR END(VEHICLES IN SAME LANE),3,738847,Not at intersection,2,100,Freeway,MONASH,CASEY,-37.966663,145.23431,2022,11,November,0,Late Night,Weekday
T20220025860,2022-11-16,06:47:00,1,Collision with vehicle,3,Wednesday,135,LANE CHANGE LEFT (NOT OVERTAKING),1,775275,Not at intersection,2,100,Freeway,MONASH,STONNINGTON,-37.86413,145.06044,2022,11,November,6,Morning Peak,Weekday
T20220025863,2022-11-16,07:25:00,1,Collision with vehicle,3,Wednesday,160,VEHICLE COLLIDES WITH VEHICLE PARKED ON LEFT OF ROAD,1,768411,Not at intersection,2,50,Local Road,LOONGANA,MORELAND,-37.712605,144.90826,2022,11,November,7,Morning Peak,Weekday
T20220025864,2022-11-16,09:03:00,1,Collision with vehicle,3,Wednesday,111,RIGHT FAR (INTERSECTIONS ONLY),1,57901,T intersection,3,50,Arterial Other,GAFFNEY,MORELAND,-37.732697,144.95149,2022,11,November,9,Morning Peak,Weekday
T20220025866,2022-11-16,07:40:00,1,Collision with vehicle,3,Wednesday,133,LANE SIDE SWIPE (VEHICLES IN PARALLEL LANES),1,775695,Not at intersection,2,60,Arterial Other,CLAYTON,MONASH,-37.90707,145.12311,2022,11,November,7,Morning Peak,Weekday
T20220025873,2022-11-16,08:36:00,1,Collision with vehicle,3,Wednesday,140,U TURN,1,736898,T intersection,3,50,Local Road,MONTMARTE,MELTON,-37.74233,144.75507,2022,11,November,8,Morning Peak,Weekday
T20220025935,2022-11-16,20:30:00,1,Collision with vehicle,3,Wednesday,140,U TURN,3,735896,Not at intersection,3,60,Local Road,WELLINGTON,BOROONDARA,-37.809235,145.03171,2022,11,November,20,Night,Weekday
T20220025985,2022-11-17,12:12:00,4,Collision with a fixed object,4,Thursday,171,LEFT OFF CARRIAGEWAY INTO OBJECT/PARKED VEHICLE,1,768406,Not at intersection,3,80,Freeway,EASTLINK (RINGWOOD CONNECTION),MAROONDAH,-37.810284,145.22478,2022,11,November,12,Midday,Weekday
T20220026010,2022-11-17,15:37:00,2,Struck Pedestrian,4,Thursday,102,FAR SIDE. PED HIT BY VEHICLE FROM THE LEFT,1,740974,T intersection,3,40,Local Road,WEDGE,WYNDHAM,-37.90339,144.65778,2022,11,November,15,Afternoon Peak,Weekday
T20220025989,2022-11-17,11:40:00,8,No collision and no object struck,4,Thursday,174,OUT OF CONTROL ON CARRIAGEWAY (ON STRAIGHT),1,737127,Not at intersection,2,70,Arterial Other,EMERALD-MONBULK,CARDINIA,-37.91479,145.44548,2022,11,November,11,Midday,Weekday
T20220025990,2022-11-17,10:35:00,2,Struck Pedestrian,4,Thursday,100,PED NEAR SIDE. PED HIT BY VEHICLE FROM THE RIGHT.,1,29997,Not at intersection,2,60,Arterial Other,MURRAY,DAREBIN,-37.740627,145.02771,2022,11,November,10,Midday,Weekday
T20220025991,2022-11-17,07:10:00,1,Collision with vehicle,4,Thursday,110,CROSS TRAFFIC(INTERSECTIONS ONLY),2,73214,Cross intersection,3,60,Arterial Other,BARWON HEADS ROAD -GOLF LINKS,GEELONG,-38.274483,144.48856,2022,11,November,7,Morning Peak,Weekday
T20230001148,2022-11-17,16:00:00,1,Collision with vehicle,4,Thursday,160,VEHICLE COLLIDES WITH VEHICLE PARKED ON LEFT OF ROAD,1,768407,Not at intersection,3,40,Local Road,REYNARD,MORELAND,-37.748142,144.96005,2022,11,November,16,Afternoon Peak,Weekday
T20220027744,2022-11-17,09:39:00,1,Collision with vehicle,4,Thursday,130,REAR END(VEHICLES IN SAME LANE),1,741083,Not at intersection,3,70,Arterial Highway,DANDENONG,STONNINGTON,-37.868275,145.03204,2022,11,November,9,Morning Peak,Weekday
T20220028862,2022-11-17,16:50:00,1,Collision with vehicle,4,Thursday,130,REAR END(VEHICLES IN SAME LANE),1,211125,Not at intersection,3,100,Freeway,CITYLINK,YARRA,-37.830338,144.98927,2022,11,November,16,Afternoon Peak,Weekday
T20220027665,2022-11-17,17:00:00,1,Collision with vehicle,4,Thursday,130,REAR END(VEHICLES IN SAME LANE),1,658217,Cross intersection,3,60,Arterial Other,CRANBOURNE,FRANKSTON,-38.148224,145.14513,2022,11,November,17,Afternoon Peak,Weekday
T20220027074,2022-11-17,09:50:00,4,Collision with a fixed object,4,Thursday,171,LEFT OFF CARRIAGEWAY INTO OBJECT/PARKED VEHICLE,1,738855,Not at intersection,3,100,Arterial Other,JEPARIT-WARRACKNABEAL,HINDMARSH,-36.155285,142.15388,2022,11,November,9,Morning Peak,Weekday
T20220026034,2022-11-17,20:15:00,4,Collision with a fixed object,4,Thursday,171,LEFT OFF CARRIAGEWAY INTO OBJECT/PARKED VEHICLE,5,749032,Not at intersection,3,100,Local Road,ELEVEN MILE,EAST GIPPSLAND,-37.737595,147.76718,2022,11,November,20,Night,Weekday
T20220026188,2022-11-17,22:00:00,1,Collision with vehicle,4,Thursday,113,RIGHT NEAR (INTERSECTIONS ONLY),3,768377,T intersection,3,70,Arterial Highway,NORTH,MONASH,-37.91335,145.11667,2022,11,November,22,Night,Weekday
T20220026003,2022-11-17,16:50:00,1,Collision with vehicle,4,Thursday,148,VEHICLE OFF FOOTPATH STRIKES VEH ON CARRIAGEWAY,1,41346,T intersection,3,50,Local Road,GLEN ORME,GLEN EIRA,-37.91097,145.03754,2022,11,November,16,Afternoon Peak,Weekday
T20220026033,2022-11-17,19:45:00,1,Collision with vehicle,4,Thursday,121,RIGHT THROUGH,1,323886,T intersection,3,70,Freeway,PLENTY,NILLUMBIK,-37.686226,145.06813,2022,11,November,19,Night,Weekday
T20220028026,2022-11-17,17:30:00,1,Collision with vehicle,4,Thursday,140,U TURN,1,768405,Not at intersection,3,60,Arterial Other,CHESTERVILLE,KINGSTON,-37.941597,145.06023,2022,11,November,17,Afternoon Peak,Weekday
T20220026032,2022-11-17,19:50:00,4,Collision with a fixed object,4,Thursday,146,REVERSING INTO FIXED OBJECT/PARKED VEHICLE,1,736105,Not at intersection,3,50,Local Road,BELL,BALLARAT,-37.576694,143.83777,2022,11,November,19,Night,Weekday
T20230006506,2022-11-17,17:00:00,4,Collision with a fixed object,4,Thursday,171,LEFT OFF CARRIAGEWAY INTO OBJECT/PARKED VEHICLE,1,786252,Not at intersection,3,80,Local Road,GILLIES,BALLARAT,-37.379135,143.85353,2022,11,November,17,Afternoon Peak,Weekday
T20220026021,2022-11-17,17:30:00,1,Collision with vehicle,4,Thursday,120,HEAD ON (NOT OVERTAKING),1,735905,Not at intersection,2,60,Arterial Other,SWAN,YARRA,-37.826557,145.0223,2022,11,November,17,Afternoon Peak,Weekday
T20220026018,2022-11-17,18:12:00,1,Collision with vehicle,4,Thursday,159,OTHER OVERTAKING MANOEUVRES NOT INCLUDED IN DCAs 150-154,1,1251,Cross intersection,2,60,Arterial Other,FURLONG,BRIMBANK,-37.760372,144.81213,2022,11,November,18,Afternoon Peak,Weekday
T20220029573,2022-11-17,05:20:00,4,Collision with a fixed object,4,Thursday,181,OFF RIGHT BEND INTO OBJECT/PARKED VEHICLE,9,746088,Not at intersection,2,100,Freeway,PRINCES,CARDINIA,-38.07598,145.67397,2022,11,November,5,Morning Peak,Weekday
T20220026016,2022-11-17,18:43:00,8,No collision and no object struck,4,Thursday,174,OUT OF CONTROL ON CARRIAGEWAY (ON STRAIGHT),1,41212,Cross intersection,2,40,Local Road,BEAVIS,GLEN EIRA,-37.885136,145.00745,2022,11,November,18,Afternoon Peak,Weekday
T20220026013,2022-11-17,17:42:00,1,Collision with vehicle,4,Thursday,134,LANE CHANGE RIGHT (NOT OVERTAKING),1,775368,Not at intersection,2,80,Freeway,MONASH,STONNINGTON,-37.856243,145.05807,2022,11,November,17,Afternoon Peak,Weekday
T20220026104,2022-11-17,10:00:00,6,Vehicle overturned (no collision),4,Thursday,182,OFF CARRIAGEWAY ON LEFT BEND,1,783082,Not at intersection,3,100,Arterial Other,WANDONG,MITCHELL,-37.328,144.9811,2022,11,November,10,Midday,Weekday
T20220026067,2022-11-17,18:30:00,1,Collision with vehicle,4,Thursday,148,VEHICLE OFF FOOTPATH STRIKES VEH ON CARRIAGEWAY,1,737128,Not at intersection,2,50,Local Road,TRALEE,CASEY,-38.030636,145.32045,2022,11,November,18,Afternoon Peak,Weekday
T20220025952,2022-11-17,07:59:00,1,Collision with vehicle,4,Thursday,121,RIGHT THROUGH,1,735897,T intersection,3,80,Arterial Other,DIAMOND CREEK,NILLUMBIK,-37.68003,145.12288,2022,11,November,7,Morning Peak,Weekday
T20220025955,2022-11-17,07:27:00,1,Collision with vehicle,4,Thursday,113,RIGHT NEAR (INTERSECTIONS ONLY),1,44842,Cross intersection,3,40,Arterial Other,MAIN,NILLUMBIK,-37.71437,145.14842,2022,11,November,7,Morning Peak,Weekday
T20220025959,2022-11-17,09:10:00,2,Struck Pedestrian,4,Thursday,102,FAR SIDE. PED HIT BY VEHICLE FROM THE LEFT,1,735898,Not at intersection,2,40,Arterial Other,CARLISLE,PORT PHILLIP,-37.869408,144.99857,2022,11,November,9,Morning Peak,Weekday
T20220027172,2022-11-17,19:15:00,1,Collision with vehicle,4,Thursday,111,RIGHT FAR (INTERSECTIONS ONLY),9,775389,T intersection,3,70,Local Road,SPRING,WHITTLESEA,-37.68129,144.9989,2022,11,November,19,Night,Weekday
T20220026012,2022-11-17,16:08:00,2,Struck Pedestrian,4,Thursday,100,PED NEAR SIDE. PED HIT BY VEHICLE FROM THE RIGHT.,1,735904,T intersection,2,40,Local Road,THE ESPLANADE,PORT PHILLIP,-37.865494,144.97394,2022,11,November,16,Afternoon Peak,Weekday
T20220025979,2022-11-17,10:22:00,1,Collision with vehicle,4,Thursday,160,VEHICLE COLLIDES WITH VEHICLE PARKED ON LEFT OF ROAD,1,736103,Not at intersection,3,50,Local Road,STICHT,CASEY,-38.118813,145.32227,2022,11,November,10,Midday,Weekday
T20220025981,2022-11-17,11:55:00,1,Collision with vehicle,4,Thursday,113,RIGHT NEAR (INTERSECTIONS ONLY),1,222055,T intersection,2,60,Arterial Other,BURWOOD,YARRA RANGES,-37.90524,145.33746,2022,11,November,11,Midday,Weekday
T20220025983,2022-11-17,12:49:00,1,Collision with vehicle,4,Thursday,110,CROSS TRAFFIC(INTERSECTIONS ONLY),1,744381,Cross intersection,2,80,Arterial Highway,MOOROODUC,MORNINGTON PENINSULA,-38.230637,145.09346,2022,11,November,12,Midday,Weekday
T20220026025,2022-11-17,18:00:00,1,Collision with vehicle,4,Thursday,121,RIGHT THROUGH,1,378,Cross intersection,3,40,Local Road,BIRDWOOD,MELBOURNE,-37.83415,144.98253,2022,11,November,18,Afternoon Peak,Weekday
T20220026123,2022-11-18,17:00:00,1,Collision with vehicle,5,Friday,130,REAR END(VEHICLES IN SAME LANE),1,736288,Not at intersection,3,70,Arterial Highway,COLAC,GEELONG,-38.193707,144.32275,2022,11,November,17,Afternoon Peak,Weekday
T20220026098,2022-11-18,13:30:00,1,Collision with vehicle,5,Friday,121,RIGHT THROUGH,1,8257,T intersection,2,50,Local Road,DUNOON,GLEN EIRA,-37.890686,145.06758,2022,11,November,13,Midday,Weekday
T20220026094,2022-11-18,13:45:00,6,Vehicle overturned (no collision),5,Friday,170,OFF CARRIAGEWAY TO LEFT,1,744498,Not at intersection,3,100,Arterial Other,PRAIRIE-ROCHESTER,CAMPASPE,-36.298946,144.60081,2022,11,November,13,Midday,Weekday
T20220026093,2022-11-18,12:45:00,1,Collision with vehicle,5,Friday,160,VEHICLE COLLIDES WITH VEHICLE PARKED ON LEFT OF ROAD,1,786273,Not at intersection,2,50,Local Road,KERFERD,BOROONDARA,-37.85829,145.06572,2022,11,November,12,Midday,Weekday
T20220026092,2022-11-18,13:10:00,1,Collision with vehicle,5,Friday,113,RIGHT NEAR (INTERSECTIONS ONLY),1,315322,T intersection,2,100,Arterial Other,UP RIVER,INDIGO,-35.9917,146.4148,2022,11,November,13,Midday,Weekday
T20220026091,2022-11-18,12:15:00,1,Collision with vehicle,5,Friday,121,RIGHT THROUGH,1,43629,T intersection,3,80,Arterial Other,CRANBOURNE,CASEY,-38.041546,145.3042,2022,11,November,12,Midday,Weekday
T20220026090,2022-11-18,12:10:00,1,Collision with vehicle,5,Friday,130,REAR END(VEHICLES IN SAME LANE),1,763571,Not at intersection,3,100,Arterial Highway,SOUTH GIPPSLAND,WELLINGTON,-38.60042,146.66768,2022,11,November,12,Midday,Weekday
T20220026089,2022-11-18,11:30:00,1,Collision with vehicle,5,Friday,121,RIGHT THROUGH,1,221997,Cross intersection,3,60,Freeway,ELGAR,WHITEHORSE,-37.796593,145.1184,2022,11,November,11,Midday,Weekday
T20220026087,2022-11-18,08:00:00,4,Collision with a fixed object,5,Friday,171,LEFT OFF CARRIAGEWAY INTO OBJECT/PARKED VEHICLE,1,786254,Not at intersection,2,80,Arterial Highway,WELLINGTON,KNOX,-37.927296,145.22707,2022,11,November,8,Morning Peak,Weekday
T20220026180,2022-11-18,11:30:00,1,Collision with vehicle,5,Friday,130,REAR END(VEHICLES IN SAME LANE),1,38217,T intersection,3,60,Arterial Other,LOWER HEIDELBERG,BANYULE,-37.762516,145.06819,2022,11,November,11,Midday,Weekday
T20220027425,2022-11-18,15:15:00,1,Collision with vehicle,5,Friday,114,TWO RIGHT TURNING (INTERSECTIONS ONLY),1,38847,T intersection,3,50,Local Road,GLEN KATHERINE,BANYULE,-37.691654,145.13008,2022,11,November,15,Afternoon Peak,Weekday
T20220028835,2022-11-18,16:00:00,1,Collision with vehicle,5,Friday,137,LEFT TURN SIDESWIPE,1,38006,Cross intersection,3,60,Arterial Other,HEIDELBERG,DAREBIN,-37.78408,145.00963,2022,11,November,16,Afternoon Peak,Weekday
T20220026928,2022-11-18,20:30:00,1,Collision with vehicle,5,Friday,130,REAR END(VEHICLES IN SAME LANE),3,217084,Not at intersection,3,50,Arterial Highway,BELL,MORELAND,-37.740173,144.955,2022,11,November,20,Night,Weekday
T20220026151,2022-11-18,23:00:00,4,Collision with a fixed object,5,Friday,175,OFF END OF ROAD/T-INTERSECTION.,5,73555,T intersection,2,80,Local Road,ALLANSFORD-WANGOOM,MOYNE,-38.330658,142.5806,2022,11,November,23,Night,Weekday
T20220026150,2022-11-18,22:30:00,4,Collision with a fixed object,5,Friday,173,RIGHT OFF CARRIAGEWAY INTO OBJECT/PARKED VEHICLE,3,783122,Not at intersection,3,50,Local Road,VICTORIA,WHITTLESEA,-37.681202,144.99034,2022,11,November,22,Night,Weekday
T20220026149,2022-11-18,22:45:00,1,Collision with vehicle,5,Friday,148,VEHICLE OFF FOOTPATH STRIKES VEH ON CARRIAGEWAY,3,736004,Cross intersection,1,70,Arterial Highway,ST GEORGES,DAREBIN,-37.751648,144.99525,2022,11,November,22,Night,Weekday
T20220026145,2022-11-18,22:00:00,6,Vehicle overturned (no collision),5,Friday,184,OUT OF CONTROL ON CARRIAGEWAY (ON BEND),5,746074,Not at intersection,3,80,Arterial Highway,GREAT ALPINE,EAST GIPPSLAND,-37.69241,147.83795,2022,11,November,22,Night,Weekday
T20220026144,2022-11-18,21:30:00,3,Struck animal,5,Friday,167,STRUCK ANIMAL,5,751576,Not at intersection,2,100,Arterial Other,MELBOURNE LANCEFIELD,MACEDON RANGES,-37.33023,144.74072,2022,11,November,21,Night,Weekday
T20220029057,2022-11-18,14:20:00,4,Collision with a fixed object,5,Friday,181,OFF RIGHT BEND INTO OBJECT/PARKED VEHICLE,1,745746,Not at intersection,2,100,Arterial Highway,PRINCES,COLAC OTWAY,-38.348827,143.41742,2022,11,November,14,Midday,Weekday
T20220027931,2022-11-18,12:00:00,1,Collision with vehicle,5,Friday,135,LANE CHANGE LEFT (NOT OVERTAKING),1,783160,Not at intersection,3,80,Arterial Highway,NEPEAN,GLEN EIRA,-37.92225,145.0242,2022,11,November,12,Midday,Weekday
T20220026054,2022-11-18,08:20:00,1,Collision with vehicle,5,Friday,110,CROSS TRAFFIC(INTERSECTIONS ONLY),1,44696,Cross intersection,2,50,Arterial Highway,MURRAY,COLAC OTWAY,-38.337215,143.59976,2022,11,November,8,Morning Peak,Weekday
T20220026053,2022-11-18,06:50:00,1,Collision with vehicle,5,Friday,130,REAR END(VEHICLES IN SAME LANE),1,41082,Cross intersection,3,50,Arterial Other,GLEN HUNTLY,PORT PHILLIP,-37.88176,144.97835,2022,11,November,6,Morning Peak,Weekday
T20220026051,2022-11-18,01:10:00,1,Collision with vehicle,5,Friday,120,HEAD ON (NOT OVERTAKING),5,736003,Not at intersection,1,100,Arterial Highway,PRINCES,GLENELG,-38.013145,141.46683,2022,11,November,1,Late Night,Weekday
T20220026258,2022-11-18,21:30:00,1,Collision with vehicle,5,Friday,148,VEHICLE OFF FOOTPATH STRIKES VEH ON CARRIAGEWAY,2,748910,T intersection,3,50,Local Road,ANDERSON,MORELAND,-37.694767,144.95929,2022,11,November,21,Night,Weekday
T20220026074,2022-11-18,12:05:00,1,Collision with vehicle,5,Friday,130,REAR END(VEHICLES IN SAME LANE),1,29563,T intersection,3,60,Arterial Other,TRAM,MANNINGHAM,-37.793907,145.12596,2022,11,November,12,Midday,Weekday
T20220026047,2022-11-18,06:25:00,1,Collision with vehicle,5,Friday,113,RIGHT NEAR (INTERSECTIONS ONLY),1,736286,T intersection,2,80,Arterial Highway,CARMICHAEL,MONASH,-37.90498,145.11208,2022,11,November,6,Morning Peak,Weekday
T20220026114,2022-11-18,08:50:00,2,Struck Pedestrian,5,Friday,108,PED STRUCK WALKING TO/FROM OR BOARDING/ALIGHTING VEHICLE.,1,783137,Not at intersection,3,60,Arterial Other,MT ALEXANDER,MOONEE VALLEY,-37.777584,144.92978,2022,11,November,8,Morning Peak,Weekday
T20220026115,2022-11-18,12:15:00,1,Collision with vehicle,5,Friday,130,REAR END(VEHICLES IN SAME LANE),1,738626,Not at intersection,3,80,Freeway,WEST GATE,MELBOURNE,-37.8328,144.91347,2022,11,November,12,Midday,Weekday
T20220026076,2022-11-18,10:49:00,1,Collision with vehicle,5,Friday,135,LANE CHANGE LEFT (NOT OVERTAKING),1,751616,Not at intersection,2,100,Freeway,WESTERN RING,HUME,-37.70665,144.88684,2022,11,November,10,Midday,Weekday
T20220026117,2022-11-18,16:40:00,1,Collision with vehicle,5,Friday,123,RIGHT/LEFT. ONE VEH TURNING RIGHT THE OTHER LEFT.,1,50227,Cross intersection,2,70,Arterial Highway,PRINCES,GEELONG,-38.190735,144.32597,2022,11,November,16,Afternoon Peak,Weekday
T20220027566,2022-11-18,23:55:00,4,Collision with a fixed object,5,Friday,181,OFF RIGHT BEND INTO OBJECT/PARKED VEHICLE,5,765904,Not at intersection,2,100,Arterial Other,PITFIELD-SCARSDALE,GOLDEN PLAINS,-37.80435,143.60526,2022,11,November,23,Night,Weekday
T20220026081,2022-11-18,12:06:00,1,Collision with vehicle,5,Friday,110,CROSS TRAFFIC(INTERSECTIONS ONLY),1,56907,Cross intersection,3,50,Local Road,MARGARET,MOONEE VALLEY,-37.763847,144.91966,2022,11,November,12,Midday,Weekday
T20220026060,2022-11-18,07:40:00,1,Collision with vehicle,5,Friday,114,TWO RIGHT TURNING (INTERSECTIONS ONLY),2,20779,T intersection,3,100,Arterial Other,SALE-HEYFIELD,WELLINGTON,-38.083748,146.98814,2022,11,November,7,Morning Peak,Weekday
T20220027646,2022-11-18,07:10:00,2,Struck Pedestrian,5,Friday,100,PED NEAR SIDE. PED HIT BY VEHICLE FROM THE RIGHT.,2,55701,T intersection,3,50,Local Road,KEMPSTON,BANYULE,-37.698643,145.09541,2022,11,November,7,Morning Peak,Weekday
T20220026046,2022-11-18,06:48:00,1,Collision with vehicle,5,Friday,111,RIGHT FAR (INTERSECTIONS ONLY),1,59605,Cross intersection,3,50,Local Road,BUCKLEY,BENDIGO,-36.746254,144.26933,2022,11,November,6,Morning Peak,Weekday
T20220026380,2022-11-18,12:40:00,1,Collision with vehicle,5,Friday,116,LEFT NEAR (INTERSECTIONS ONLY),1,61203,Cross intersection,3,40,Arterial Other,HIGH,WHITTLESEA,-37.647366,145.02611,2022,11,November,12,Midday,Weekday
T20230001912,2022-11-18,10:30:00,1,Collision with vehicle,5,Friday,111,RIGHT FAR (INTERSECTIONS ONLY),1,41283,T intersection,3,60,Arterial Other,HAWTHORN,GLEN EIRA,-37.89495,145.02045,2022,11,November,10,Midday,Weekday
T20220026045,2022-11-18,05:30:00,4,Collision with a fixed object,5,Friday,173,RIGHT OFF CARRIAGEWAY INTO OBJECT/PARKED VEHICLE,2,783148,Not at intersection,3,60,Local Road,THAMES,KINGSTON,-38.04597,145.1344,2022,11,November,5,Morning Peak,Weekday
T20220026165,2022-11-18,17:30:00,1,Collision with vehicle,5,Friday,140,U TURN,1,736291,Not at intersection,2,40,Local Road,ALBERT ROAD,PORT PHILLIP,-37.838013,144.96782,2022,11,November,17,Afternoon Peak,Weekday
T20220026084,2022-11-18,08:55:00,1,Collision with vehicle,5,Friday,113,RIGHT NEAR (INTERSECTIONS ONLY),1,29755,T intersection,2,70,Arterial Other,GISBORNE-MELTON,MELTON,-37.666676,144.59944,2022,11,November,8,Morning Peak,Weekday
T20220026126,2022-11-18,16:53:00,1,Collision with vehicle,5,Friday,130,REAR END(VEHICLES IN SAME LANE),1,775445,Not at intersection,3,60,Arterial Other,HULL,MAROONDAH,-37.79441,145.2991,2022,11,November,16,Afternoon Peak,Weekday
T20220026127,2022-11-18,15:40:00,1,Collision with vehicle,5,Friday,130,REAR END(VEHICLES IN SAME LANE),1,737129,Not at intersection,3,100,Freeway,POUND-SOUTH GIPPSLAND IN,DANDENONG,-38.02421,145.24683,2022,11,November,15,Afternoon Peak,Weekday
T20220026129,2022-11-18,18:07:00,1,Collision with vehicle,5,Friday,113,RIGHT NEAR (INTERSECTIONS ONLY),2,52554,Cross intersection,3,60,Arterial Highway,CALDER HIGHWAY -JACARANDA,MILDURA,-34.302837,142.18651,2022,11,November,18,Afternoon Peak,Weekday
T20220026059,2022-11-18,09:38:00,4,Collision with a fixed object,5,Friday,171,LEFT OFF CARRIAGEWAY INTO OBJECT/PARKED VEHICLE,1,786259,Cross intersection,2,60,Arterial Other,BEACH,KINGSTON,-38.00847,145.08781,2022,11,November,9,Morning Peak,Weekday
T20220026069,2022-11-18,10:50:00,3,Struck animal,5,Friday,167,STRUCK ANIMAL,1,737747,Not at intersection,2,80,Arterial Other,BONANG,EAST GIPPSLAND,-37.522335,148.53253,2022,11,November,10,Midday,Weekday
T20220026133,2022-11-18,17:19:00,1,Collision with vehicle,5,Friday,120,HEAD ON (NOT OVERTAKING),1,747465,Not at intersection,2,100,Local Road,HAWKS NEST,CORANGAMITE,-38.338387,143.40244,2022,11,November,17,Afternoon Peak,Weekday
T20220026382,2022-11-18,07:00:00,1,Collision with vehicle,5,Friday,121,RIGHT THROUGH,1,737135,Not at intersection,3,60,Arterial Other,BALLARAT,BRIMBANK,-37.771137,144.78857,2022,11,November,7,Morning Peak,Weekday
T20220026062,2022-11-18,08:00:00,1,Collision with vehicle,5,Friday,130,REAR END(VEHICLES IN SAME LANE),1,250172,Cross intersection,3,100,Arterial Highway,HENTY,GLENELG,-37.99684,141.7169,2022,11,November,8,Morning Peak,Weekday
T20220026229,2022-11-18,15:30:00,1,Collision with vehicle,5,Friday,147,VEHICLE STRIKES ANOTHER VEH WHILE EMERGING FROM DRIVEWAY,1,765903,Not at intersection,3,50,Local Road,FARVIEW,MORELAND,-37.71124,144.93501,2022,11,November,15,Afternoon Peak,Weekday
T20220026085,2022-11-18,11:36:00,4,Collision with a fixed object,5,Friday,173,RIGHT OFF CARRIAGEWAY INTO OBJECT/PARKED VEHICLE,1,786274,Not at intersection,2,60,Local Road,STATION,KINGSTON,-38.062225,145.11987,2022,11,November,11,Midday,Weekday
T20220026365,2022-11-18,06:40:00,1,Collision with vehicle,5,Friday,110,CROSS TRAFFIC(INTERSECTIONS ONLY),9,737133,Cross intersection,3,60,Local Road,MARLEY,WHITTLESEA,-37.579803,145.1291,2022,11,November,6,Morning Peak,Weekday
T20220026072,2022-11-18,11:35:00,1,Collision with vehicle,5,Friday,116,LEFT NEAR (INTERSECTIONS ONLY),1,736107,Cross intersection,2,50,Local Road,FEATHERBROOK,WYNDHAM,-37.908398,144.72638,2022,11,November,11,Midday,Weekday
T20220026108,2022-11-18,14:40:00,1,Collision with vehicle,5,Friday,142,LEAVING PARKING,1,736109,Not at intersection,3,60,Local Road,KOOYONG,GLEN EIRA,-37.883327,145.01549,2022,11,November,14,Midday,Weekday
T20220026154,2022-11-18,12:45:00,1,Collision with vehicle,5,Friday,160,VEHICLE COLLIDES WITH VEHICLE PARKED ON LEFT OF ROAD,9,786255,Not at intersection,2,60,Local Road,BLACK DOG,MELTON,-37.692673,144.55183,2022,11,November,12,Midday,Weekday
T20220026124,2022-11-18,16:08:00,1,Collision with vehicle,5,Friday,113,RIGHT NEAR (INTERSECTIONS ONLY),1,57375,T intersection,3,60,Local Road,TAYLORS,MELTON,-37.72356,144.74672,2022,11,November,16,Afternoon Peak,Weekday
T20220026134,2022-11-18,17:53:00,2,Struck Pedestrian,5,Friday,102,FAR SIDE. PED HIT BY VEHICLE FROM THE LEFT,1,744917,Not at intersection,2,50,Arterial Highway,MCCARTIN,SOUTH GIPPSLAND,-38.47647,145.94614,2022,11,November,17,Afternoon Peak,Weekday
T20220026135,2022-11-18,19:00:00,1,Collision with vehicle,5,Friday,130,REAR END(VEHICLES IN SAME LANE),9,25152,T intersection,3,80,Arterial Other,WESTALL,DANDENONG,-37.936764,145.14081,2022,11,November,19,Night,Weekday