ACCIDENT_NO,ACCIDENT_DATE,ACCIDENT_TIME,ACCIDENT_TYPE,ACCIDENT_TYPE_DESC,DAY_OF_WEEK,DAY_WEEK_DESC,DCA_CODE,DCA_DESC,LIGHT_CONDITION,NODE_ID,ROAD_GEOMETRY_DESC,SEVERITY,SPEED_ZONE,RMA,ROAD_NAME,LGA_NAME,LATITUDE,LONGITUDE,YEAR,MONTH,MONTH_NAME,HOUR,TIME_PERIOD,DAY_TYPE
T20220026136,2022-11-18,18:35:00,2,Struck Pedestrian,5,Friday,100,PED NEAR SIDE. PED HIT BY VEHICLE FROM THE RIGHT.,1,39308,T intersection,1,70,Arterial Other,TAYLORS,BRIMBANK,-37.727917,144.79741,2022,11,November,18,Afternoon Peak,Weekday
T20220026058,2022-11-18,08:50:00,2,Struck Pedestrian,5,Friday,102,FAR SIDE. PED HIT BY VEHICLE FROM THE LEFT,1,736106,Not at intersection,2,40,Local Road,COOKES,WHITTLESEA,-37.600006,145.12221,2022,11,November,8,Morning Peak,Weekday
T20220026065,2022-11-18,09:38:00,1,Collision with vehicle,5,Friday,132,RIGHT REAR.,1,46742,T intersection,2,80,Arterial Other,CLYDE-FIVE WAYS,CASEY,-38.12717,145.32552,2022,11,November,9,Morning Peak,Weekday
T20220026110,2022-11-18,16:00:00,1,Collision with vehicle,5,Friday,130,REAR END(VEHICLES IN SAME LANE),1,71947,T intersection,3,50,Local Road,CUNNINGHAM,GEELONG,-38.14373,144.3615,2022,11,November,16,Afternoon Peak,Weekday
T20220026137,2022-11-18,21:20:00,1,Collision with vehicle,5,Friday,134,LANE CHANGE RIGHT (NOT OVERTAKING),3,786276,Not at intersection,2,40,Arterial Other,SPENCER,MELBOURNE,-37.82349,144.95618,2022,11,November,21,Night,Weekday
T20220026141,2022-11-18,22:00:00,2,Struck Pedestrian,5,Friday,100,PED NEAR SIDE. PED HIT BY VEHICLE FROM THE RIGHT.,3,687974,Cross intersection,3,40,Local Road,LA TROBE,MELBOURNE,-37.809578,144.96388,2022,11,November,22,Night,Weekday
T20220026598,2022-11-18,13:30:00,1,Collision with vehicle,5,Friday,110,CROSS TRAFFIC(INTERSECTIONS ONLY),1,49747,Cross intersection,2,60,Arterial Other,ANAKIE,GEELONG,-38.098488,144.3339,2022,11,November,13,Midday,Weekday
T20220026143,2022-11-18,22:10:00,4,Collision with a fixed object,5,Friday,171,LEFT OFF CARRIAGEWAY INTO OBJECT/PARKED VEHICLE,3,748909,Not at intersection,3,100,Freeway,EASTERN,BOROONDARA,-37.79081,145.04884,2022,11,November,22,Night,Weekday
T20220028426,2022-11-18,17:30:00,1,Collision with vehicle,5,Friday,113,RIGHT NEAR (INTERSECTIONS ONLY),2,45124,T intersection,3,50,Arterial Highway,WARBURTON,YARRA RANGES,-37.77748,145.60458,2022,11,November,17,Afternoon Peak,Weekday
T20220026256,2022-11-19,21:24:00,7,Fall from or in moving vehicle,6,Saturday,190,FELL IN/FROM VEHICLE,2,305865,Cross intersection,3,40,Local Road,RUSSELL,MELBOURNE,-37.813175,144.96828,2022,11,November,21,Night,Weekend
T20220028997,2022-11-19,16:10:00,5,collision with some other object,6,Saturday,166,STRUCK OBJECT ON CARRIAGEWAY,1,742729,Not at intersection,3,60,Local Road,BIRMINGHAM,YARRA RANGES,-37.783455,145.37402,2022,11,November,16,Afternoon Peak,Weekend
T20220026677,2022-11-19,11:55:00,1,Collision with vehicle,6,Saturday,160,VEHICLE COLLIDES WITH VEHICLE PARKED ON LEFT OF ROAD,1,738629,Not at intersection,2,50,Local Road,ROLLO,BAW BAW,-38.208736,146.06659,2022,11,November,11,Midday,Weekend
T20220026163,2022-11-19,11:10:00,1,Collision with vehicle,6,Saturday,110,CROSS TRAFFIC(INTERSECTIONS ONLY),1,53586,Cross intersection,3,50,Arterial Highway,MCLENNAN,SHEPPARTON,-36.395313,145.35577,2022,11,November,11,Midday,Weekend
T20220026345,2022-11-19,14:30:00,1,Collision with vehicle,6,Saturday,110,CROSS TRAFFIC(INTERSECTIONS ONLY),1,54809,Cross intersection,3,60,Freeway,CENTRAL,HOBSONS BAY,-37.87028,144.76074,2022,11,November,14,Midday,Weekend
T20220028771,2022-11-19,07:40:00,4,Collision with a fixed object,6,Saturday,181,OFF RIGHT BEND INTO OBJECT/PARKED VEHICLE,2,783168,Not at intersection,3,100,Arterial Highway,MIDLAND,CAMPASPE,-36.45545,144.75569,2022,11,November,7,Morning Peak,Weekend
T20220026361,2022-11-19,09:30:00,1,Collision with vehicle,6,Saturday,143,ENTERING PARKING,1,736905,Not at intersection,3,50,Local Road,ESPLANADE,HOBSONS BAY,-37.868397,144.89519,2022,11,November,9,Morning Peak,Weekend
T20220026231,2022-11-19,22:58:00,1,Collision with vehicle,6,Saturday,121,RIGHT THROUGH,3,337525,Multiple intersection,2,60,Freeway,DALTON,WHITTLESEA,-37.68636,145.02896,2022,11,November,22,Night,Weekend
T20220027644,2022-11-19,14:30:00,1,Collision with vehicle,6,Saturday,110,CROSS TRAFFIC(INTERSECTIONS ONLY),1,51953,Cross intersection,3,50,Arterial Highway,MAIN,EAST GIPPSLAND,-37.826775,147.62682,2022,11,November,14,Midday,Weekend
T20220026423,2022-11-19,14:30:00,1,Collision with vehicle,6,Saturday,130,REAR END(VEHICLES IN SAME LANE),1,778194,Not at intersection,3,60,Arterial Other,DIAMOND CREEK,NILLUMBIK,-37.688946,145.11392,2022,11,November,14,Midday,Weekend
T20220026211,2022-11-19,21:51:00,4,Collision with a fixed object,6,Saturday,181,OFF RIGHT BEND INTO OBJECT/PARKED VEHICLE,2,775331,Not at intersection,3,60,Arterial Highway,BELL,BANYULE,-37.74927,145.0375,2022,11,November,21,Night,Weekend
T20220026209,2022-11-19,22:45:00,1,Collision with vehicle,6,Saturday,121,RIGHT THROUGH,3,41670,Cross intersection,2,70,Arterial Highway,NORTH,MONASH,-37.912212,145.1096,2022,11,November,22,Night,Weekend
T20220026207,2022-11-19,22:40:00,2,Struck Pedestrian,6,Saturday,100,PED NEAR SIDE. PED HIT BY VEHICLE FROM THE RIGHT.,3,765902,Not at intersection,3,60,Arterial Other,SYNNOT,WYNDHAM,-37.90221,144.66235,2022,11,November,22,Night,Weekend
T20220026204,2022-11-19,21:10:00,1,Collision with vehicle,6,Saturday,111,RIGHT FAR (INTERSECTIONS ONLY),3,717405,T intersection,2,80,Arterial Highway,PRINCES,CASEY,-38.02213,145.30069,2022,11,November,21,Night,Weekend
T20220026203,2022-11-19,20:40:00,1,Collision with vehicle,6,Saturday,160,VEHICLE COLLIDES WITH VEHICLE PARKED ON LEFT OF ROAD,3,765900,Not at intersection,2,60,Arterial Other,HIGH,STONNINGTON,-37.856525,145.02856,2022,11,November,20,Night,Weekend
T20220026193,2022-11-19,16:49:00,1,Collision with vehicle,6,Saturday,130,REAR END(VEHICLES IN SAME LANE),1,41755,Cross intersection,2,60,Arterial Other,WAVERLEY,MONASH,-37.88673,145.14569,2022,11,November,16,Afternoon Peak,Weekend
T20220026192,2022-11-19,18:40:00,1,Collision with vehicle,6,Saturday,137,LEFT TURN SIDESWIPE,2,29420,Cross intersection,3,40,Local Road,FLINDERS,MELBOURNE,-37.819614,144.96002,2022,11,November,18,Afternoon Peak,Weekend
T20220026190,2022-11-19,16:07:00,6,Vehicle overturned (no collision),6,Saturday,174,OUT OF CONTROL ON CARRIAGEWAY (ON STRAIGHT),1,744382,Not at intersection,3,40,Arterial Highway,SUNRAYSIA,PYRENEES,-36.979248,143.36963,2022,11,November,16,Afternoon Peak,Weekend
T20220026186,2022-11-19,14:40:00,2,Struck Pedestrian,6,Saturday,102,FAR SIDE. PED HIT BY VEHICLE FROM THE LEFT,1,747925,Not at intersection,2,60,Local Road,STATION,KINGSTON,-38.067684,145.1207,2022,11,November,14,Midday,Weekend
T20220026181,2022-11-19,14:00:00,4,Collision with a fixed object,6,Saturday,171,LEFT OFF CARRIAGEWAY INTO OBJECT/PARKED VEHICLE,1,783192,Not at intersection,3,100,Local Road,LANGKOOP-NARACOORTE,WEST WIMMERA,-37.06971,141.00067,2022,11,November,14,Midday,Weekend
T20220028329,2022-11-19,20:55:00,2,Struck Pedestrian,6,Saturday,103,PED PLAYING/LYING/WORKING/STANDING ON CARRIAGEWAY.,2,263508,T intersection,3,60,Local Road,RACECOURSE,MORNINGTON PENINSULA,-38.23607,145.06723,2022,11,November,20,Night,Weekend
T20220027216,2022-11-19,20:30:00,1,Collision with vehicle,6,Saturday,130,REAR END(VEHICLES IN SAME LANE),2,738861,Not at intersection,3,100,Freeway,EASTERN OUT-SPRINGVALE,MANNINGHAM,-37.803795,145.17345,2022,11,November,20,Night,Weekend
T20220026175,2022-11-19,11:18:00,1,Collision with vehicle,6,Saturday,120,HEAD ON (NOT OVERTAKING),1,737961,Not at intersection,3,50,Arterial Highway,CALDER,BENDIGO,-36.73597,144.1342,2022,11,November,11,Midday,Weekend
T20220026174,2022-11-19,12:30:00,1,Collision with vehicle,6,Saturday,140,U TURN,1,745408,Not at intersection,2,60,Arterial Other,LOWER HEIDELBERG,BANYULE,-37.772606,145.05751,2022,11,November,12,Midday,Weekend
T20220026625,2022-11-19,23:50:00,4,Collision with a fixed object,6,Saturday,171,LEFT OFF CARRIAGEWAY INTO OBJECT/PARKED VEHICLE,6,783167,Not at intersection,3,100,Arterial Highway,DANDENONG-HASTINGS,DANDENONG,-38.040558,145.24644,2022,11,November,23,Night,Weekend
T20220027895,2022-11-19,16:58:00,1,Collision with vehicle,6,Saturday,113,RIGHT NEAR (INTERSECTIONS ONLY),1,740884,T intersection,2,60,Arterial Other,POLICE,DANDENONG,-37.938507,145.20335,2022,11,November,16,Afternoon Peak,Weekend
T20220026173,2022-11-19,10:24:00,1,Collision with vehicle,6,Saturday,131,LEFT REAR,1,736485,Not at intersection,2,50,Local Road,FRANCISCAN,FRANKSTON,-38.167942,145.15532,2022,11,November,10,Midday,Weekend
T20220026915,2022-11-19,18:15:00,1,Collision with vehicle,6,Saturday,130,REAR END(VEHICLES IN SAME LANE),1,42205,Cross intersection,3,50,Arterial Other,BOUNDARY,MORELAND,-37.717667,144.94818,2022,11,November,18,Afternoon Peak,Weekend
T20220026172,2022-11-19,11:23:00,4,Collision with a fixed object,6,Saturday,175,OFF END OF ROAD/T-INTERSECTION.,1,736292,T intersection,2,60,Local Road,ESTUARY,GEELONG,-38.201046,144.45265,2022,11,November,11,Midday,Weekend
T20220029062,2022-11-19,16:30:00,1,Collision with vehicle,6,Saturday,130,REAR END(VEHICLES IN SAME LANE),1,765901,Not at intersection,3,80,Arterial Other,CRANBOURNE,CASEY,-38.031757,145.3061,2022,11,November,16,Afternoon Peak,Weekend
T20220026166,2022-11-19,10:35:00,2,Struck Pedestrian,6,Saturday,100,PED NEAR SIDE. PED HIT BY VEHICLE FROM THE RIGHT.,1,736676,Not at intersection,3,50,Local Road,WESTON,MORELAND,-37.775936,144.97166,2022,11,November,10,Midday,Weekend
T20220026222,2022-11-20,02:06:00,1,Collision with vehicle,7,Sunday,134,LANE CHANGE RIGHT (NOT OVERTAKING),3,748681,Not at intersection,2,60,Arterial Highway,PUNT,STONNINGTON,-37.83578,144.98705,2022,11,November,2,Late Night,Weekend
T20220026244,2022-11-20,09:00:00,1,Collision with vehicle,7,Sunday,133,LANE SIDE SWIPE (VEHICLES IN PARALLEL LANES),1,771828,Not at intersection,2,100,Arterial Highway,MIDLAND,HEPBURN,-37.410942,143.97838,2022,11,November,9,Morning Peak,Weekend
T20220026262,2022-11-20,10:39:00,1,Collision with vehicle,7,Sunday,121,RIGHT THROUGH,1,29645,Cross intersection,2,60,Arterial Other,NORMANBY ROAD -SMITH,GLEN EIRA,-37.87566,145.0396,2022,11,November,10,Midday,Weekend
T20220026264,2022-11-20,13:48:00,1,Collision with vehicle,7,Sunday,116,LEFT NEAR (INTERSECTIONS ONLY),1,46416,T intersection,3,60,Arterial Other,TOORONGA,STONNINGTON,-37.86774,145.0394,2022,11,November,13,Midday,Weekend
T20220026278,2022-11-20,14:25:00,4,Collision with a fixed object,7,Sunday,171,LEFT OFF CARRIAGEWAY INTO OBJECT/PARKED VEHICLE,1,737962,Not at intersection,3,100,Arterial Highway,NORTHERN,MITCHELL,-37.26243,144.95317,2022,11,November,14,Midday,Weekend
T20220026233,2022-11-20,01:03:00,4,Collision with a fixed object,7,Sunday,173,RIGHT OFF CARRIAGEWAY INTO OBJECT/PARKED VEHICLE,3,327634,Multiple intersection,3,60,Freeway,DALTON,WHITTLESEA,-37.686275,145.02866,2022,11,November,1,Late Night,Weekend
T20220026327,2022-11-20,21:30:00,1,Collision with vehicle,7,Sunday,130,REAR END(VEHICLES IN SAME LANE),2,47960,Cross intersection,3,100,Freeway,MONASH,DANDENONG,-37.956573,145.22095,2022,11,November,21,Night,Weekend
T20230002494,2022-11-20,10:30:00,1,Collision with vehicle,7,Sunday,121,RIGHT THROUGH,1,783338,Multiple intersection,3,70,Local Road,OLD GEELONG,WYNDHAM,-37.879948,144.70522,2022,11,November,10,Midday,Weekend
T20220026283,2022-11-20,20:05:00,2,Struck Pedestrian,7,Sunday,109,ANY MANOEUVRE INVOLVING PED NOT INCLUDED IN DCAs 100-108.,3,736678,Not at intersection,3,50,Local Road,CANNING,MELBOURNE,-37.795692,144.9409,2022,11,November,20,Night,Weekend
T20220026228,2022-11-20,03:30:00,4,Collision with a fixed object,7,Sunday,173,RIGHT OFF CARRIAGEWAY INTO OBJECT/PARKED VEHICLE,3,738396,Not at intersection,2,70,Arterial Other,MICKLEHAM,HUME,-37.69093,144.88203,2022,11,November,3,Late Night,Weekend
T20220026227,2022-11-20,05:15:00,2,Struck Pedestrian,7,Sunday,100,PED NEAR SIDE. PED HIT BY VEHICLE FROM THE RIGHT.,2,786277,Not at intersection,2,70,Arterial Other,ST ALBANS,BRIMBANK,-37.744743,144.80032,2022,11,November,5,Morning Peak,Weekend
T20220029586,2022-11-20,12:19:00,1,Collision with vehicle,7,Sunday,110,CROSS TRAFFIC(INTERSECTIONS ONLY),1,49469,Cross intersection,3,50,Local Road,QUEEN,MITCHELL,-37.413406,144.98233,2022,11,November,12,Midday,Weekend
T20220026271,2022-11-20,16:54:00,4,Collision with a fixed object,7,Sunday,181,OFF RIGHT BEND INTO OBJECT/PARKED VEHICLE,1,738174,Not at intersection,2,70,Local Road,DOCTORS GULLY,NILLUMBIK,-37.608055,145.14851,2022,11,November,16,Afternoon Peak,Weekend
T20220026273,2022-11-20,17:40:00,1,Collision with vehicle,7,Sunday,120,HEAD ON (NOT OVERTAKING),1,736677,Not at intersection,2,60,Local Road,GOURLAY,MELTON,-37.72222,144.73842,2022,11,November,17,Afternoon Peak,Weekend
T20220026276,2022-11-20,19:05:00,4,Collision with a fixed object,7,Sunday,171,LEFT OFF CARRIAGEWAY INTO OBJECT/PARKED VEHICLE,2,49376,Cross intersection,3,100,Arterial Other,CENTRAL KIALLA,SHEPPARTON,-36.456966,145.43184,2022,11,November,19,Night,Weekend
T20220026277,2022-11-20,16:35:00,6,Vehicle overturned (no collision),7,Sunday,184,OUT OF CONTROL ON CARRIAGEWAY (ON BEND),1,743957,Not at intersection,3,80,Arterial Highway,MAROONDAH,MURRINDINDI,-37.585205,145.63731,2022,11,November,16,Afternoon Peak,Weekend
T20220026322,2022-11-20,17:45:00,1,Collision with vehicle,7,Sunday,130,REAR END(VEHICLES IN SAME LANE),9,38572,Cross intersection,3,60,Arterial Highway,PLENTY,WHITTLESEA,-37.697838,145.05884,2022,11,November,17,Afternoon Peak,Weekend
T20220026302,2022-11-20,15:00:00,5,collision with some other object,7,Sunday,166,STRUCK OBJECT ON CARRIAGEWAY,1,752246,Not at intersection,3,100,Local Road,TAMINICK GAP,WANGARATTA,-36.40781,146.2241,2022,11,November,15,Afternoon Peak,Weekend
T20220026294,2022-11-20,06:12:00,4,Collision with a fixed object,7,Sunday,173,RIGHT OFF CARRIAGEWAY INTO OBJECT/PARKED VEHICLE,1,743042,Not at intersection,3,70,Arterial Other,EDGARS,WHITTLESEA,-37.66728,145.00435,2022,11,November,6,Morning Peak,Weekend
T20220026585,2022-11-20,12:50:00,1,Collision with vehicle,7,Sunday,130,REAR END(VEHICLES IN SAME LANE),1,738736,Not at intersection,3,60,Arterial Highway,CRESWICK,BALLARAT,-37.541557,143.84993,2022,11,November,12,Midday,Weekend
T20220026288,2022-11-20,21:37:00,1,Collision with vehicle,7,Sunday,120,HEAD ON (NOT OVERTAKING),5,775379,Not at intersection,2,60,Arterial Other,ELTHAM-YARRA GLEN,NILLUMBIK,-37.65372,145.30498,2022,11,November,21,Night,Weekend
T20220026248,2022-11-20,09:30:00,1,Collision with vehicle,7,Sunday,160,VEHICLE COLLIDES WITH VEHICLE PARKED ON LEFT OF ROAD,1,765886,Not at intersection,2,60,Arterial Other,GRANGE,DAREBIN,-37.772835,145.02621,2022,11,November,9,Morning Peak,Weekend
T20220029269,2022-11-20,11:48:00,1,Collision with vehicle,7,Sunday,130,REAR END(VEHICLES IN SAME LANE),1,779398,Not at intersection,3,80,Arterial Highway,DANDENONG-HASTINGS,DANDENONG,-38.055817,145.24355,2022,11,November,11,Midday,Weekend
T20220026251,2022-11-20,11:44:00,1,Collision with vehicle,7,Sunday,121,RIGHT THROUGH,1,355572,T intersection,3,80,Arterial Highway,DANDENONG,DANDENONG,-37.92479,145.14352,2022,11,November,11,Midday,Weekend
T20220026252,2022-11-20,08:31:00,1,Collision with vehicle,7,Sunday,110,CROSS TRAFFIC(INTERSECTIONS ONLY),1,795,Cross intersection,3,80,Arterial Highway,WELLINGTON,MONASH,-37.918484,145.1587,2022,11,November,8,Morning Peak,Weekend
T20220026253,2022-11-20,11:00:00,4,Collision with a fixed object,7,Sunday,183,OFF LEFT BEND INTO OBJECT/PARKED VEHICLE,1,765877,Not at intersection,3,80,Local Road,MACCLESFIELD,YARRA RANGES,-37.84993,145.48753,2022,11,November,11,Midday,Weekend
T20220026265,2022-11-20,11:25:00,1,Collision with vehicle,7,Sunday,121,RIGHT THROUGH,1,40096,Cross intersection,3,40,Arterial Other,FITZROY,PORT PHILLIP,-37.857983,144.9804,2022,11,November,11,Midday,Weekend
T20220026257,2022-11-20,12:50:00,1,Collision with vehicle,7,Sunday,130,REAR END(VEHICLES IN SAME LANE),1,741596,Not at intersection,3,70,Arterial Highway,DANDENONG,DANDENONG,-37.925484,145.14464,2022,11,November,12,Midday,Weekend
T20220026221,2022-11-20,02:30:00,4,Collision with a fixed object,7,Sunday,171,LEFT OFF CARRIAGEWAY INTO OBJECT/PARKED VEHICLE,3,708097,Cross intersection,2,80,Arterial Highway,NEPEAN,BAYSIDE,-37.899887,145.00621,2022,11,November,2,Late Night,Weekend
T20220026217,2022-11-20,01:45:00,4,Collision with a fixed object,7,Sunday,179,OTHER ACCIDENTS-OFF STRAIGHT NOT INCLUDED IN DCAs 170-175,2,11736,Cross intersection,3,60,Arterial Other,BOUNDARY,MELBOURNE,-37.787827,144.9405,2022,11,November,1,Late Night,Weekend
T20220026285,2022-11-20,20:00:00,1,Collision with vehicle,7,Sunday,110,CROSS TRAFFIC(INTERSECTIONS ONLY),2,45238,Cross intersection,3,50,Local Road,MARY,MOONEE VALLEY,-37.7488,144.89275,2022,11,November,20,Night,Weekend
T20220026259,2022-11-20,13:50:00,1,Collision with vehicle,7,Sunday,130,REAR END(VEHICLES IN SAME LANE),1,452,Multiple intersection,3,80,Arterial Highway,GEELONG,MARIBYRNONG,-37.811073,144.86969,2022,11,November,13,Midday,Weekend
T20220026260,2022-11-20,06:32:00,1,Collision with vehicle,7,Sunday,121,RIGHT THROUGH,2,36057,Cross intersection,2,70,Arterial Other,DOHERTYS,WYNDHAM,-37.824944,144.74886,2022,11,November,6,Morning Peak,Weekend
T20220026369,2022-11-21,15:15:00,8,No collision and no object struck,1,Monday,174,OUT OF CONTROL ON CARRIAGEWAY (ON STRAIGHT),1,736782,Not at intersection,2,60,Arterial Other,MT ALEXANDER,MOONEE VALLEY,-37.75308,144.91599,2022,11,November,15,Afternoon Peak,Weekday
T20220026373,2022-11-21,16:30:00,4,Collision with a fixed object,1,Monday,183,OFF LEFT BEND INTO OBJECT/PARKED VEHICLE,1,736684,Not at intersection,3,50,Local Road,ROCHESTER,BRIMBANK,-37.79376,144.76805,2022,11,November,16,Afternoon Peak,Weekday
T20220026377,2022-11-21,16:16:00,4,Collision with a fixed object,1,Monday,171,LEFT OFF CARRIAGEWAY INTO OBJECT/PARKED VEHICLE,1,786280,Not at intersection,2,90,Arterial Highway,DANDENONG-HASTINGS,CASEY,-38.199688,145.21588,2022,11,November,16,Afternoon Peak,Weekday
T20220026851,2022-11-21,16:00:00,6,Vehicle overturned (no collision),1,Monday,174,OUT OF CONTROL ON CARRIAGEWAY (ON STRAIGHT),1,776452,Not at intersection,3,100,Local Road,BRIDGEWATER-RAYWOOD,LODDON,-36.545547,144.00937,2022,11,November,16,Afternoon Peak,Weekday
T20230006432,2022-11-21,21:52:00,1,Collision with vehicle,1,Monday,147,VEHICLE STRIKES ANOTHER VEH WHILE EMERGING FROM DRIVEWAY,2,761585,Not at intersection,3,60,Arterial Highway,FOSTER,DANDENONG,-37.98747,145.22003,2022,11,November,21,Night,Weekday
T20220026415,2022-11-21,14:30:00,5,collision with some other object,1,Monday,166,STRUCK OBJECT ON CARRIAGEWAY,1,743756,T intersection,3,100,Arterial Other,WANGARATTA-YARRAWONGA,WANGARATTA,-36.303757,146.27313,2022,11,November,14,Midday,Weekday
T20220026368,2022-11-21,17:30:00,1,Collision with vehicle,1,Monday,110,CROSS TRAFFIC(INTERSECTIONS ONLY),1,51070,Cross intersection,3,60,Local Road,ASHENDEN,SHEPPARTON,-36.38472,145.4027,2022,11,November,17,Afternoon Peak,Weekday
T20220026389,2022-11-21,16:55:00,1,Collision with vehicle,1,Monday,130,REAR END(VEHICLES IN SAME LANE),1,779935,Not at intersection,3,60,Freeway,BATMAN,MELBOURNE,-37.816902,144.97311,2022,11,November,16,Afternoon Peak,Weekday
T20220026393,2022-11-21,16:59:00,6,Vehicle overturned (no collision),1,Monday,184,OUT OF CONTROL ON CARRIAGEWAY (ON BEND),1,740484,Not at intersection,2,100,Arterial Highway,GREAT OCEAN,COLAC OTWAY,-38.70941,143.39076,2022,11,November,16,Afternoon Peak,Weekday
T20220026398,2022-11-21,17:00:00,6,Vehicle overturned (no collision),1,Monday,174,OUT OF CONTROL ON CARRIAGEWAY (ON STRAIGHT),1,742106,Not at intersection,2,60,Local Road,MYRTLE,BENDIGO,-36.700207,144.32333,2022,11,November,17,Afternoon Peak,Weekday
T20220026399,2022-11-21,17:26:00,1,Collision with vehicle,1,Monday,130,REAR END(VEHICLES IN SAME LANE),1,353658,Not at intersection,3,80,Arterial Other,AINSDALE,KNOX,-37.848476,145.23013,2022,11,November,17,Afternoon Peak,Weekday
T20220026310,2022-11-21,09:00:00,1,Collision with vehicle,1,Monday,152,PULLING OUT (OVERTAKING),1,72487,Cross intersection,3,50,Local Road,CAMBORNE,MORNINGTON PENINSULA,-38.181015,145.08418,2022,11,November,9,Morning Peak,Weekday
T20220026402,2022-11-21,19:45:00,1,Collision with vehicle,1,Monday,163,VEHICLE STRIKES DOOR OF PARKED/STATIONARY VEHICLE,1,737358,Not at intersection,3,40,Local Road,GERTRUDE,YARRA,-37.80551,144.97488,2022,11,November,19,Night,Weekday
T20220026309,2022-11-21,07:40:00,1,Collision with vehicle,1,Monday,110,CROSS TRAFFIC(INTERSECTIONS ONLY),1,786282,Cross intersection,2,80,Arterial Other,MCDONALDS,WHITTLESEA,-37.65062,145.07584,2022,11,November,7,Morning Peak,Weekday
T20220027595,2022-11-21,12:09:00,1,Collision with vehicle,1,Monday,110,CROSS TRAFFIC(INTERSECTIONS ONLY),1,51717,Cross intersection,3,60,Local Road,BROWNING,BENDIGO,-36.7887,144.24083,2022,11,November,12,Midday,Weekday
T20220026308,2022-11-21,08:20:00,1,Collision with vehicle,1,Monday,132,RIGHT REAR.,1,737545,Not at intersection,2,60,Arterial Other,EDITHVALE,KINGSTON,-38.034695,145.12048,2022,11,November,8,Morning Peak,Weekday
T20220026437,2022-11-21,20:30:00,1,Collision with vehicle,1,Monday,120,HEAD ON (NOT OVERTAKING),2,775381,T intersection,2,60,Arterial Highway,ALEXANDRA AVENUE -OLYMPIC,MELBOURNE,-37.823185,144.97617,2022,11,November,20,Night,Weekday
T20220026318,2022-11-21,11:20:00,1,Collision with vehicle,1,Monday,132,RIGHT REAR.,1,1076,T intersection,3,50,Arterial Highway,POINT NEPEAN,MORNINGTON PENINSULA,-38.33719,144.95543,2022,11,November,11,Midday,Weekday
T20220026335,2022-11-21,12:25:00,4,Collision with a fixed object,1,Monday,173,RIGHT OFF CARRIAGEWAY INTO OBJECT/PARKED VEHICLE,1,245143,T intersection,3,60,Arterial Other,HOWITT,BAW BAW,-38.168903,145.93204,2022,11,November,12,Midday,Weekday
T20220026304,2022-11-21,07:08:00,1,Collision with vehicle,1,Monday,130,REAR END(VEHICLES IN SAME LANE),1,263574,Not at intersection,2,100,Freeway,PRINCES,HOBSONS BAY,-37.868237,144.76672,2022,11,November,7,Morning Peak,Weekday
T20220026742,2022-11-21,15:30:00,1,Collision with vehicle,1,Monday,130,REAR END(VEHICLES IN SAME LANE),1,777849,Not at intersection,3,60,Arterial Other,HEATHS,WYNDHAM,-37.87681,144.67667,2022,11,November,15,Afternoon Peak,Weekday
T20220026301,2022-11-21,08:40:00,1,Collision with vehicle,1,Monday,130,REAR END(VEHICLES IN SAME LANE),1,765670,Multiple intersection,3,80,Freeway,WESTERN HIGHWAY SERVICE,BALLARAT,-37.56376,143.93176,2022,11,November,8,Morning Peak,Weekday
T20220026344,2022-11-21,12:00:00,1,Collision with vehicle,1,Monday,133,LANE SIDE SWIPE (VEHICLES IN PARALLEL LANES),1,270518,Not at intersection,3,60,Arterial Other,ELGAR,WHITEHORSE,-37.83739,145.1114,2022,11,November,12,Midday,Weekday
T20220026539,2022-11-21,04:50:00,1,Collision with vehicle,1,Monday,116,LEFT NEAR (INTERSECTIONS ONLY),3,36468,T intersection,3,40,Local Road,BRUNSWICK,YARRA,-37.804577,144.9774,2022,11,November,4,Late Night,Weekday
T20230000411,2022-11-21,08:45:00,1,Collision with vehicle,1,Monday,130,REAR END(VEHICLES IN SAME LANE),1,754422,Not at intersection,3,100,Freeway,EASTERN,WHITEHORSE,-37.79724,145.12749,2022,11,November,8,Morning Peak,Weekday
T20220027089,2022-11-21,16:45:00,1,Collision with vehicle,1,Monday,130,REAR END(VEHICLES IN SAME LANE),1,37603,T intersection,3,50,Arterial Other,TOORAK,MELBOURNE,-37.83749,144.97998,2022,11,November,16,Afternoon Peak,Weekday
T20220026350,2022-11-21,13:28:00,4,Collision with a fixed object,1,Monday,181,OFF RIGHT BEND INTO OBJECT/PARKED VEHICLE,1,737769,Not at intersection,2,80,Local Road,LERDERDERG GORGE,MOORABOOL,-37.63514,144.43663,2022,11,November,13,Midday,Weekday
T20220026385,2022-11-21,18:00:00,1,Collision with vehicle,1,Monday,130,REAR END(VEHICLES IN SAME LANE),1,786281,Not at intersection,2,100,Freeway,WESTERN RING,HUME,-37.70282,144.89174,2022,11,November,18,Afternoon Peak,Weekday
T20220026317,2022-11-21,10:45:00,1,Collision with vehicle,1,Monday,110,CROSS TRAFFIC(INTERSECTIONS ONLY),1,61948,Cross intersection,3,80,Arterial Highway,MIDLAND,MOORABOOL,-37.69416,143.97325,2022,11,November,10,Midday,Weekday