ACCIDENT_NO,ACCIDENT_DATE,ACCIDENT_TIME,ACCIDENT_TYPE,ACCIDENT_TYPE_DESC,DAY_OF_WEEK,DAY_WEEK_DESC,DCA_CODE,DCA_DESC,LIGHT_CONDITION,NODE_ID,ROAD_GEOMETRY_DESC,SEVERITY,SPEED_ZONE,RMA,ROAD_NAME,LGA_NAME,LATITUDE,LONGITUDE,YEAR,MONTH,MONTH_NAME,HOUR,TIME_PERIOD,DAY_TYPE
T20230016693,2022-11-21,13:30:00,1,Collision with vehicle,1,Monday,130,REAR END(VEHICLES IN SAME LANE),1,777528,Not at intersection,3,100,Arterial Other,MANSFIELD-WOODS POINT,MANSFIELD,-37.26794,146.14658,2022,11,November,13,Midday,Weekday
T20220026353,2022-11-21,15:05:00,1,Collision with vehicle,1,Monday,130,REAR END(VEHICLES IN SAME LANE),1,742104,Not at intersection,3,60,Arterial Highway,ARGYLE,LATROBE,-38.194263,146.54315,2022,11,November,15,Afternoon Peak,Weekday
T20220026355,2022-11-21,15:00:00,1,Collision with vehicle,1,Monday,112,LEFT FAR (INTERSECTIONS ONLY),1,744384,T intersection,3,50,Local Road,FORANS,COLAC OTWAY,-38.393887,143.55338,2022,11,November,15,Afternoon Peak,Weekday
T20220026358,2022-11-21,15:00:00,1,Collision with vehicle,1,Monday,130,REAR END(VEHICLES IN SAME LANE),1,737132,Not at intersection,3,60,Local Road,JOSEPHINE,CASEY,-38.0052,145.29822,2022,11,November,15,Afternoon Peak,Weekday
T20220026605,2022-11-21,09:30:00,6,Vehicle overturned (no collision),1,Monday,174,OUT OF CONTROL ON CARRIAGEWAY (ON STRAIGHT),1,51993,Cross intersection,3,60,Local Road,KING,EAST GIPPSLAND,-37.915573,147.72237,2022,11,November,9,Morning Peak,Weekday
T20220026300,2022-11-21,07:43:00,2,Struck Pedestrian,1,Monday,100,PED NEAR SIDE. PED HIT BY VEHICLE FROM THE RIGHT.,1,313451,Cross intersection,3,50,Arterial Other,QUEENSBERRY,MELBOURNE,-37.804066,144.95872,2022,11,November,7,Morning Peak,Weekday
T20220026363,2022-11-21,16:00:00,1,Collision with vehicle,1,Monday,140,U TURN,1,737356,Not at intersection,3,60,Arterial Other,MURRAY,DAREBIN,-37.737453,144.99883,2022,11,November,16,Afternoon Peak,Weekday
T20220026364,2022-11-21,15:09:00,1,Collision with vehicle,1,Monday,113,RIGHT NEAR (INTERSECTIONS ONLY),1,35471,T intersection,3,60,Arterial Other,BLACKBURN ROAD -RAILWAY,WHITEHORSE,-37.819695,145.15305,2022,11,November,15,Afternoon Peak,Weekday
T20220026330,2022-11-21,11:30:00,1,Collision with vehicle,1,Monday,130,REAR END(VEHICLES IN SAME LANE),1,737458,Not at intersection,2,80,Arterial Other,BALLAN,GEELONG,-37.886868,144.25743,2022,11,November,11,Midday,Weekday
T20220026366,2022-11-21,12:00:00,1,Collision with vehicle,1,Monday,130,REAR END(VEHICLES IN SAME LANE),1,234871,T intersection,3,60,Arterial Highway,PLENTY,BANYULE,-37.70003,145.05836,2022,11,November,12,Midday,Weekday
T20230002001,2022-11-22,17:49:00,1,Collision with vehicle,2,Tuesday,110,CROSS TRAFFIC(INTERSECTIONS ONLY),1,54662,Cross intersection,3,60,Arterial Highway,RAGLAN,WARRNAMBOOL,-38.384666,142.49513,2022,11,November,17,Afternoon Peak,Weekday
T20220026408,2022-11-22,06:05:00,1,Collision with vehicle,2,Tuesday,113,RIGHT NEAR (INTERSECTIONS ONLY),1,786283,Cross intersection,2,70,Arterial Highway,PLENTY,WHITTLESEA,-37.686398,145.06764,2022,11,November,6,Morning Peak,Weekday
T20220026549,2022-11-22,11:45:00,1,Collision with vehicle,2,Tuesday,130,REAR END(VEHICLES IN SAME LANE),1,766866,Not at intersection,3,60,Freeway,PASCOE VALE-WESTERN RING IN,MORELAND,-37.69465,144.91461,2022,11,November,11,Midday,Weekday
T20220026416,2022-11-22,08:55:00,1,Collision with vehicle,2,Tuesday,130,REAR END(VEHICLES IN SAME LANE),1,737770,Not at intersection,3,70,Local Road,MCGREGOR,CARDINIA,-38.082176,145.47299,2022,11,November,8,Morning Peak,Weekday
T20220026418,2022-11-22,07:20:00,1,Collision with vehicle,2,Tuesday,140,U TURN,1,736908,Not at intersection,3,40,Local Road,AUGHTIE,PORT PHILLIP,-37.84423,144.9636,2022,11,November,7,Morning Peak,Weekday
T20220026422,2022-11-22,07:00:00,5,collision with some other object,2,Tuesday,183,OFF LEFT BEND INTO OBJECT/PARKED VEHICLE,1,776561,Not at intersection,2,100,Local Road,SEA LAKE-LASCELLES,YARRIAMBIACK,-35.544704,142.65317,2022,11,November,7,Morning Peak,Weekday
T20220026489,2022-11-22,21:15:00,1,Collision with vehicle,2,Tuesday,121,RIGHT THROUGH,3,44697,Cross intersection,2,60,Arterial Other,GRIMSHAW,BANYULE,-37.702526,145.08417,2022,11,November,21,Night,Weekday
T20220026484,2022-11-22,16:25:00,1,Collision with vehicle,2,Tuesday,121,RIGHT THROUGH,1,737664,T intersection,2,70,Arterial Other,SOUTH,BAYSIDE,-37.933014,145.03368,2022,11,November,16,Afternoon Peak,Weekday
T20230000741,2022-11-22,17:10:00,1,Collision with vehicle,2,Tuesday,130,REAR END(VEHICLES IN SAME LANE),1,747372,Not at intersection,3,60,Arterial Other,SEPARATION,GEELONG,-38.110855,144.34372,2022,11,November,17,Afternoon Peak,Weekday
T20220026532,2022-11-22,16:40:00,1,Collision with vehicle,2,Tuesday,130,REAR END(VEHICLES IN SAME LANE),1,778185,Not at intersection,3,60,Arterial Other,PASCOE VALE,HUME,-37.694023,144.91534,2022,11,November,16,Afternoon Peak,Weekday
T20220026516,2022-11-22,08:50:00,1,Collision with vehicle,2,Tuesday,130,REAR END(VEHICLES IN SAME LANE),1,769018,Not at intersection,3,80,Arterial Other,CLYDE-FIVE WAYS,CASEY,-38.159817,145.31865,2022,11,November,8,Morning Peak,Weekday
T20220026481,2022-11-22,19:40:00,1,Collision with vehicle,2,Tuesday,110,CROSS TRAFFIC(INTERSECTIONS ONLY),2,349081,Cross intersection,3,80,Arterial Highway,RINGWOOD,MAROONDAH,-37.810715,145.23067,2022,11,November,19,Night,Weekday
T20220026496,2022-11-22,23:35:00,1,Collision with vehicle,2,Tuesday,110,CROSS TRAFFIC(INTERSECTIONS ONLY),3,341520,Cross intersection,2,60,Local Road,AITKEN,HUME,-37.60716,144.91156,2022,11,November,23,Night,Weekday
T20220026480,2022-11-22,18:40:00,1,Collision with vehicle,2,Tuesday,130,REAR END(VEHICLES IN SAME LANE),1,35461,Cross intersection,3,60,Arterial Other,BELMORE,BOROONDARA,-37.80349,145.08315,2022,11,November,18,Afternoon Peak,Weekday
T20220026477,2022-11-22,14:55:00,1,Collision with vehicle,2,Tuesday,130,REAR END(VEHICLES IN SAME LANE),1,63074,T intersection,3,60,Arterial Other,MILLEARA,MOONEE VALLEY,-37.741226,144.8636,2022,11,November,14,Midday,Weekday
T20220026476,2022-11-22,16:47:00,1,Collision with vehicle,2,Tuesday,130,REAR END(VEHICLES IN SAME LANE),1,749546,Not at intersection,3,60,Local Road,OSBORNE,KINGSTON,-37.942978,145.11658,2022,11,November,16,Afternoon Peak,Weekday
T20220026474,2022-11-22,15:30:00,1,Collision with vehicle,2,Tuesday,130,REAR END(VEHICLES IN SAME LANE),1,737749,Not at intersection,2,90,Freeway,MORNINGTON PENINSULA,MORNINGTON PENINSULA,-38.37327,144.89879,2022,11,November,15,Afternoon Peak,Weekday
T20220026495,2022-11-22,14:37:00,1,Collision with vehicle,2,Tuesday,121,RIGHT THROUGH,1,38238,Cross intersection,3,40,Arterial Highway,LOWER HEIDELBERG,BANYULE,-37.758614,145.06924,2022,11,November,14,Midday,Weekday
T20220026473,2022-11-22,15:45:00,4,Collision with a fixed object,2,Tuesday,171,LEFT OFF CARRIAGEWAY INTO OBJECT/PARKED VEHICLE,1,765643,T intersection,2,50,Local Road,BOND,KINGSTON,-37.99233,145.10373,2022,11,November,15,Afternoon Peak,Weekday
T20220026472,2022-11-22,14:45:00,1,Collision with vehicle,2,Tuesday,148,VEHICLE OFF FOOTPATH STRIKES VEH ON CARRIAGEWAY,1,251441,Cross intersection,3,60,Local Road,FINDON,WHITTLESEA,-37.64225,145.06921,2022,11,November,14,Midday,Weekday
T20230005152,2022-11-22,08:00:00,1,Collision with vehicle,2,Tuesday,130,REAR END(VEHICLES IN SAME LANE),1,778193,T intersection,3,60,Arterial Other,WEEROONA,BENDIGO,-36.74223,144.29648,2022,11,November,8,Morning Peak,Weekday
T20220026494,2022-11-22,23:05:00,1,Collision with vehicle,2,Tuesday,147,VEHICLE STRIKES ANOTHER VEH WHILE EMERGING FROM DRIVEWAY,3,765666,Not at intersection,3,70,Arterial Other,NORTHERN ROUTE,MANNINGHAM,-37.76413,145.17114,2022,11,November,23,Night,Weekday
T20220026467,2022-11-22,16:20:00,1,Collision with vehicle,2,Tuesday,113,RIGHT NEAR (INTERSECTIONS ONLY),2,1309,Cross intersection,2,80,Arterial Other,MICKLEHAM,HUME,-37.562,144.87666,2022,11,November,16,Afternoon Peak,Weekday
T20220026465,2022-11-22,16:20:00,1,Collision with vehicle,2,Tuesday,110,CROSS TRAFFIC(INTERSECTIONS ONLY),1,43085,Cross intersection,3,60,Arterial Highway,STUD,DANDENONG,-37.97967,145.22179,2022,11,November,16,Afternoon Peak,Weekday
T20220026460,2022-11-22,17:14:00,1,Collision with vehicle,2,Tuesday,130,REAR END(VEHICLES IN SAME LANE),1,765654,Not at intersection,2,80,Arterial Highway,SOUTH GIPPSLAND,DANDENONG,-38.03017,145.24394,2022,11,November,17,Afternoon Peak,Weekday
T20220026991,2022-11-22,20:30:00,3,Struck animal,2,Tuesday,167,STRUCK ANIMAL,5,765637,Not at intersection,2,100,Arterial Other,COBDEN-STONYFORD,CORANGAMITE,-38.342793,143.14395,2022,11,November,20,Night,Weekday
T20220026456,2022-11-22,15:45:00,4,Collision with a fixed object,2,Tuesday,171,LEFT OFF CARRIAGEWAY INTO OBJECT/PARKED VEHICLE,1,765668,Not at intersection,3,60,Arterial Other,WHITE,KINGSTON,-37.99981,145.0962,2022,11,November,15,Afternoon Peak,Weekday
T20220026454,2022-11-22,15:20:00,1,Collision with vehicle,2,Tuesday,119,OTHER ADJACENT (INTERSECTIONS ONLY),1,49902,Cross intersection,2,50,Arterial Other,SHANNON,GEELONG,-38.143482,144.3358,2022,11,November,15,Afternoon Peak,Weekday
T20220026447,2022-11-22,13:50:00,4,Collision with a fixed object,2,Tuesday,141,U TURN INTO FIXED OBJECT/PARKED VEHICLE,1,775290,T intersection,2,50,Local Road,THAMES,WYNDHAM,-37.86624,144.65768,2022,11,November,13,Midday,Weekday
T20220026626,2022-11-22,11:30:00,1,Collision with vehicle,2,Tuesday,110,CROSS TRAFFIC(INTERSECTIONS ONLY),1,738127,Cross intersection,2,60,Arterial Other,KNOX,HEPBURN,-37.34103,144.15587,2022,11,November,11,Midday,Weekday
T20220026708,2022-11-22,17:05:00,1,Collision with vehicle,2,Tuesday,130,REAR END(VEHICLES IN SAME LANE),1,737861,Not at intersection,3,80,Freeway,WESTERN RING,HUME,-37.69449,144.91724,2022,11,November,17,Afternoon Peak,Weekday
T20220026429,2022-11-22,11:19:00,1,Collision with vehicle,2,Tuesday,130,REAR END(VEHICLES IN SAME LANE),1,739673,T intersection,2,80,Arterial Highway,PRINCES,GEELONG,-38.065052,144.38129,2022,11,November,11,Midday,Weekday
T20220026492,2022-11-22,15:28:00,8,No collision and no object struck,2,Tuesday,174,OUT OF CONTROL ON CARRIAGEWAY (ON STRAIGHT),1,737750,Not at intersection,2,100,Arterial Highway,WESTERN,HORSHAM,-36.856224,142.42416,2022,11,November,15,Afternoon Peak,Weekday
T20220026444,2022-11-22,14:15:00,1,Collision with vehicle,2,Tuesday,121,RIGHT THROUGH,1,741687,T intersection,3,60,Arterial Other,GEDDES,WYNDHAM,-37.877705,144.68497,2022,11,November,14,Midday,Weekday
T20220029127,2022-11-22,16:00:00,1,Collision with vehicle,2,Tuesday,113,RIGHT NEAR (INTERSECTIONS ONLY),1,783243,Cross intersection,3,60,Arterial Other,HEREFORD,YARRA RANGES,-37.764103,145.35979,2022,11,November,16,Afternoon Peak,Weekday
T20220026491,2022-11-22,22:10:00,1,Collision with vehicle,2,Tuesday,121,RIGHT THROUGH,3,36826,Cross intersection,3,60,Arterial Other,DUDLEY,MELBOURNE,-37.80924,144.95236,2022,11,November,22,Night,Weekday
T20230004473,2022-11-22,05:10:00,1,Collision with vehicle,2,Tuesday,135,LANE CHANGE LEFT (NOT OVERTAKING),2,783255,Not at intersection,3,100,Freeway,WESTERN RING,BRIMBANK,-37.72858,144.85846,2022,11,November,5,Morning Peak,Weekday
T20220026490,2022-11-22,21:54:00,2,Struck Pedestrian,2,Tuesday,102,FAR SIDE. PED HIT BY VEHICLE FROM THE LEFT,3,744168,Not at intersection,2,70,Arterial Highway,PRINCES,GEELONG,-38.087524,144.35713,2022,11,November,21,Night,Weekday
T20220026433,2022-11-22,13:20:00,1,Collision with vehicle,2,Tuesday,120,HEAD ON (NOT OVERTAKING),1,737966,Not at intersection,3,50,Local Road,JENKINS,MANNINGHAM,-37.763443,145.16023,2022,11,November,13,Midday,Weekday
T20220026404,2022-11-22,00:30:00,2,Struck Pedestrian,2,Tuesday,100,PED NEAR SIDE. PED HIT BY VEHICLE FROM THE RIGHT.,3,36379,T intersection,2,40,Local Road,PELHAM,MELBOURNE,-37.803146,144.96956,2022,11,November,0,Late Night,Weekday
T20220026443,2022-11-22,12:06:00,1,Collision with vehicle,2,Tuesday,120,HEAD ON (NOT OVERTAKING),1,742513,Not at intersection,1,60,Arterial Highway,WESTERN,HORSHAM,-36.718407,142.20496,2022,11,November,12,Midday,Weekday
T20220026413,2022-11-22,07:50:00,1,Collision with vehicle,2,Tuesday,130,REAR END(VEHICLES IN SAME LANE),1,669950,Cross intersection,3,70,Arterial Other,DOHERTYS ROAD -GRIEVE,HOBSONS BAY,-37.831554,144.82695,2022,11,November,7,Morning Peak,Weekday
T20220026497,2022-11-23,00:25:00,4,Collision with a fixed object,3,Wednesday,175,OFF END OF ROAD/T-INTERSECTION.,5,61138,T intersection,2,80,Local Road,YANKEE FLAT,BALLARAT,-37.631496,143.91293,2022,11,November,0,Late Night,Weekday
T20220026508,2022-11-23,06:52:00,1,Collision with vehicle,3,Wednesday,179,OTHER ACCIDENTS-OFF STRAIGHT NOT INCLUDED IN DCAs 170-175,2,783280,Not at intersection,3,60,Arterial Highway,STURT,MILDURA,-34.184048,142.17296,2022,11,November,6,Morning Peak,Weekday
T20220026520,2022-11-23,12:15:00,1,Collision with vehicle,3,Wednesday,121,RIGHT THROUGH,1,690192,T intersection,3,60,Local Road,BRIDGEWATER,HUME,-37.620102,144.93005,2022,11,November,12,Midday,Weekday
T20220026521,2022-11-23,08:44:00,1,Collision with vehicle,3,Wednesday,137,LEFT TURN SIDESWIPE,1,39316,Cross intersection,3,60,Arterial Highway,WHITEHORSE,WHITEHORSE,-37.818295,145.12378,2022,11,November,8,Morning Peak,Weekday
T20220026524,2022-11-23,11:23:00,1,Collision with vehicle,3,Wednesday,147,VEHICLE STRIKES ANOTHER VEH WHILE EMERGING FROM DRIVEWAY,1,775383,Not at intersection,2,50,Arterial Other,BURWOOD,YARRA RANGES,-37.90677,145.34467,2022,11,November,11,Midday,Weekday
T20220026528,2022-11-23,13:05:00,1,Collision with vehicle,3,Wednesday,120,HEAD ON (NOT OVERTAKING),1,745411,T intersection,3,60,Local Road,WHITELAW,BALLARAT,-37.57979,143.81961,2022,11,November,13,Midday,Weekday
T20220026536,2022-11-23,08:10:00,8,No collision and no object struck,3,Wednesday,184,OUT OF CONTROL ON CARRIAGEWAY (ON BEND),1,765576,Not at intersection,3,70,Local Road,HURSTBRIDGE-ARTHURS CREEK,NILLUMBIK,-37.613937,145.18816,2022,11,November,8,Morning Peak,Weekday
T20220026537,2022-11-23,12:00:00,6,Vehicle overturned (no collision),3,Wednesday,174,OUT OF CONTROL ON CARRIAGEWAY (ON STRAIGHT),1,783285,Not at intersection,3,60,Local Road,HACKETTS,WYNDHAM,-37.888786,144.71803,2022,11,November,12,Midday,Weekday
T20220026541,2022-11-23,07:42:00,1,Collision with vehicle,3,Wednesday,140,U TURN,1,39956,T intersection,3,60,Arterial Other,KOROROIT CREEK,HOBSONS BAY,-37.852432,144.85304,2022,11,November,7,Morning Peak,Weekday
T20220026543,2022-11-23,16:37:00,1,Collision with vehicle,3,Wednesday,130,REAR END(VEHICLES IN SAME LANE),1,737362,Not at intersection,3,60,Arterial Other,FLEMINGTON ROAD SERVICE,MELBOURNE,-37.796146,144.95091,2022,11,November,16,Afternoon Peak,Weekday
T20220026544,2022-11-23,13:50:00,1,Collision with vehicle,3,Wednesday,140,U TURN,1,783276,T intersection,3,80,Arterial Other,THOMPSON,CASEY,-38.083733,145.2884,2022,11,November,13,Midday,Weekday
T20220027006,2022-11-23,13:00:00,2,Struck Pedestrian,3,Wednesday,107,PED ON FOOTHPATH STRUCK BY VEHENTERING/LEAVING DRIVEWAY.,1,744171,Not at intersection,3,50,Local Road,ELY,WANGARATTA,-36.356487,146.32594,2022,11,November,13,Midday,Weekday
T20220026545,2022-11-23,15:15:00,1,Collision with vehicle,3,Wednesday,119,OTHER ADJACENT (INTERSECTIONS ONLY),1,42384,T intersection,3,50,Arterial Other,CENTRE,KINGSTON,-37.927994,145.11447,2022,11,November,15,Afternoon Peak,Weekday
T20220026550,2022-11-23,17:15:00,1,Collision with vehicle,3,Wednesday,121,RIGHT THROUGH,1,62682,T intersection,2,60,Arterial Other,CUMBERLAND,MORELAND,-37.72853,144.93898,2022,11,November,17,Afternoon Peak,Weekday
T20220026551,2022-11-23,17:45:00,1,Collision with vehicle,3,Wednesday,148,VEHICLE OFF FOOTPATH STRIKES VEH ON CARRIAGEWAY,1,65160,T intersection,2,60,Arterial Other,HARKER,MELBOURNE,-37.797543,144.95004,2022,11,November,17,Afternoon Peak,Weekday
T20220026554,2022-11-23,17:00:00,4,Collision with a fixed object,3,Wednesday,171,LEFT OFF CARRIAGEWAY INTO OBJECT/PARKED VEHICLE,1,758755,Not at intersection,2,70,Arterial Other,FERNTREE GULLY,MONASH,-37.905045,145.1756,2022,11,November,17,Afternoon Peak,Weekday
T20220026560,2022-11-23,17:10:00,1,Collision with vehicle,3,Wednesday,121,RIGHT THROUGH,1,36254,T intersection,3,80,Arterial Other,WELLINGTON,KNOX,-37.92765,145.24062,2022,11,November,17,Afternoon Peak,Weekday
T20220027084,2022-11-23,12:05:00,1,Collision with vehicle,3,Wednesday,113,RIGHT NEAR (INTERSECTIONS ONLY),1,738637,Cross intersection,3,60,Local Road,COLCHESTER,YARRA RANGES,-37.801758,145.30803,2022,11,November,12,Midday,Weekday
T20220026563,2022-11-23,15:03:00,1,Collision with vehicle,3,Wednesday,113,RIGHT NEAR (INTERSECTIONS ONLY),1,41916,Cross intersection,3,80,Arterial Highway,BURWOOD,KNOX,-37.879585,145.26817,2022,11,November,15,Afternoon Peak,Weekday
T20220026564,2022-11-23,13:23:00,1,Collision with vehicle,3,Wednesday,120,HEAD ON (NOT OVERTAKING),1,737022,Not at intersection,1,100,Arterial Other,WELLINGTON,YARRA RANGES,-37.958572,145.37787,2022,11,November,13,Midday,Weekday
T20220027593,2022-11-23,15:45:00,6,Vehicle overturned (no collision),3,Wednesday,172,OFF CARRIAGEWAY TO RIGHT,1,775390,Not at intersection,2,100,Arterial Highway,GREAT OCEAN,MOYNE,-38.57175,142.82986,2022,11,November,15,Afternoon Peak,Weekday
T20220026890,2022-11-23,18:05:00,1,Collision with vehicle,3,Wednesday,130,REAR END(VEHICLES IN SAME LANE),1,46928,T intersection,3,60,Local Road,KOOYONG,GLEN EIRA,-37.877216,145.0167,2022,11,November,18,Afternoon Peak,Weekday
T20220026565,2022-11-23,18:45:00,1,Collision with vehicle,3,Wednesday,136,RIGHT TURN SIDESWIPE,1,300657,T intersection,2,60,Arterial Other,JELLS,MONASH,-37.91158,145.18819,2022,11,November,18,Afternoon Peak,Weekday
T20220026573,2022-11-23,08:40:00,1,Collision with vehicle,3,Wednesday,160,VEHICLE COLLIDES WITH VEHICLE PARKED ON LEFT OF ROAD,9,765425,Not at intersection,3,60,Arterial Other,HAWTHORN,GLEN EIRA,-37.89219,145.02097,2022,11,November,8,Morning Peak,Weekday
T20220026574,2022-11-23,21:45:00,1,Collision with vehicle,3,Wednesday,130,REAR END(VEHICLES IN SAME LANE),3,765617,Not at intersection,3,100,Freeway,EASTERN,MANNINGHAM,-37.797348,145.12363,2022,11,November,21,Night,Weekday
T20220027283,2022-11-23,13:50:00,1,Collision with vehicle,3,Wednesday,135,LANE CHANGE LEFT (NOT OVERTAKING),1,739038,Not at intersection,3,80,Freeway,PRINCES,HOBSONS BAY,-37.839306,144.79683,2022,11,November,13,Midday,Weekday
T20220026579,2022-11-23,22:50:00,2,Struck Pedestrian,3,Wednesday,100,PED NEAR SIDE. PED HIT BY VEHICLE FROM THE RIGHT.,5,782553,Not at intersection,2,80,Arterial Other,HEALESVILLE-KOO WEE RUP,YARRA RANGES,-37.846115,145.52524,2022,11,November,22,Night,Weekday
T20220026588,2022-11-23,11:40:00,4,Collision with a fixed object,3,Wednesday,179,OTHER ACCIDENTS-OFF STRAIGHT NOT INCLUDED IN DCAs 170-175,1,783274,Not at intersection,3,60,Arterial Other,FERNTREE GULLY ROAD SERVICE,MONASH,-37.90401,145.16393,2022,11,November,11,Midday,Weekday
T20220026592,2022-11-23,16:48:00,6,Vehicle overturned (no collision),3,Wednesday,184,OUT OF CONTROL ON CARRIAGEWAY (ON BEND),1,765426,Not at intersection,3,100,Local Road,DALYSTON-GLEN FORBES,BASS COAST,-38.53229,145.55957,2022,11,November,16,Afternoon Peak,Weekday
T20220026604,2022-11-23,14:00:00,1,Collision with vehicle,3,Wednesday,135,LANE CHANGE LEFT (NOT OVERTAKING),1,765424,Not at intersection,3,80,Arterial Other,FERNTREE GULLY,KNOX,-37.891945,145.25739,2022,11,November,14,Midday,Weekday
T20220026704,2022-11-23,11:48:00,1,Collision with vehicle,3,Wednesday,130,REAR END(VEHICLES IN SAME LANE),1,778184,Not at intersection,3,60,Local Road,MASON,DANDENONG,-37.98692,145.21115,2022,11,November,11,Midday,Weekday
T20220026768,2022-11-23,07:45:00,1,Collision with vehicle,3,Wednesday,142,LEAVING PARKING,1,739674,Not at intersection,2,40,Local Road,MILLER,YARRA,-37.77693,144.98494,2022,11,November,7,Morning Peak,Weekday
T20230005729,2022-11-23,06:15:00,4,Collision with a fixed object,3,Wednesday,179,OTHER ACCIDENTS-OFF STRAIGHT NOT INCLUDED IN DCAs 170-175,1,777669,Multiple intersection,3,100,Freeway,TABILK-MONEA-GOULBURN VALLEY IN,STRATHBOGIE,-36.84645,145.1449,2022,11,November,6,Morning Peak,Weekday
T20230008131,2022-11-23,13:43:00,1,Collision with vehicle,3,Wednesday,130,REAR END(VEHICLES IN SAME LANE),1,777500,Not at intersection,3,50,Arterial Other,ELLIOTT,MELBOURNE,-37.788967,144.9483,2022,11,November,13,Midday,Weekday
T20220026651,2022-11-24,18:40:00,1,Collision with vehicle,4,Thursday,113,RIGHT NEAR (INTERSECTIONS ONLY),1,278654,T intersection,2,50,Local Road,REGENT,WHITTLESEA,-37.60484,145.06792,2022,11,November,18,Afternoon Peak,Weekday
T20220026649,2022-11-24,16:56:00,1,Collision with vehicle,4,Thursday,121,RIGHT THROUGH,1,588448,T intersection,2,60,Arterial Other,THOMPSON,KINGSTON,-38.0674,145.14722,2022,11,November,16,Afternoon Peak,Weekday
T20230010732,2022-11-24,05:00:00,1,Collision with vehicle,4,Thursday,110,CROSS TRAFFIC(INTERSECTIONS ONLY),2,50186,Cross intersection,3,70,Arterial Highway,SETTLEMENT,GEELONG,-38.18192,144.34775,2022,11,November,5,Morning Peak,Weekday
T20220026656,2022-11-24,19:11:00,1,Collision with vehicle,4,Thursday,120,HEAD ON (NOT OVERTAKING),1,737553,Not at intersection,3,50,Local Road,SARISSA,WHITTLESEA,-37.66725,144.99413,2022,11,November,19,Night,Weekday
T20220026658,2022-11-24,15:20:00,4,Collision with a fixed object,4,Thursday,173,RIGHT OFF CARRIAGEWAY INTO OBJECT/PARKED VEHICLE,1,748913,Not at intersection,2,50,Local Road,BARCLAY,MAROONDAH,-37.81118,145.29393,2022,11,November,15,Afternoon Peak,Weekday
T20220026661,2022-11-24,05:23:00,1,Collision with vehicle,4,Thursday,130,REAR END(VEHICLES IN SAME LANE),1,749849,Not at intersection,2,60,Local Road,GEAR,YARRA RANGES,-37.78706,145.3807,2022,11,November,5,Morning Peak,Weekday
T20220026662,2022-11-24,23:10:00,8,No collision and no object struck,4,Thursday,174,OUT OF CONTROL ON CARRIAGEWAY (ON STRAIGHT),3,753562,Not at intersection,3,40,Local Road,GRESHAM,MELBOURNE,-37.815804,144.95662,2022,11,November,23,Night,Weekday
T20220026610,2022-11-24,09:00:00,1,Collision with vehicle,4,Thursday,110,CROSS TRAFFIC(INTERSECTIONS ONLY),1,52538,Cross intersection,3,100,Local Road,ELEVENTH,MILDURA,-34.22643,142.20149,2022,11,November,9,Morning Peak,Weekday
T20220026600,2022-11-24,10:14:00,1,Collision with vehicle,4,Thursday,110,CROSS TRAFFIC(INTERSECTIONS ONLY),1,51671,Cross intersection,3,60,Local Road,NISH,BENDIGO,-36.770443,144.2916,2022,11,November,10,Midday,Weekday
T20220028098,2022-11-24,19:30:00,1,Collision with vehicle,4,Thursday,130,REAR END(VEHICLES IN SAME LANE),1,746290,T intersection,3,60,Arterial Other,CENTRE,KINGSTON,-37.928722,145.12033,2022,11,November,19,Night,Weekday
T20220026668,2022-11-24,22:00:00,1,Collision with vehicle,4,Thursday,110,CROSS TRAFFIC(INTERSECTIONS ONLY),3,312612,Cross intersection,1,60,Arterial Other,MOUNT DANDENONG TOURIST,YARRA RANGES,-37.81008,145.3427,2022,11,November,22,Night,Weekday
T20220026619,2022-11-24,13:45:00,4,Collision with a fixed object,4,Thursday,171,LEFT OFF CARRIAGEWAY INTO OBJECT/PARKED VEHICLE,1,737550,Not at intersection,3,60,Arterial Other,BELGRAVE-GEMBROOK,YARRA RANGES,-37.91427,145.37506,2022,11,November,13,Midday,Weekday
T20220026804,2022-11-24,01:05:00,1,Collision with vehicle,4,Thursday,130,REAR END(VEHICLES IN SAME LANE),3,765416,Not at intersection,3,100,Freeway,PRINCES,WYNDHAM,-37.90658,144.69499,2022,11,November,1,Late Night,Weekday
T20220026613,2022-11-24,11:39:00,1,Collision with vehicle,4,Thursday,110,CROSS TRAFFIC(INTERSECTIONS ONLY),1,51127,Cross intersection,1,80,Local Road,ORRVALE,SHEPPARTON,-36.399002,145.4467,2022,11,November,11,Midday,Weekday
T20220028020,2022-11-24,16:10:00,1,Collision with vehicle,4,Thursday,134,LANE CHANGE RIGHT (NOT OVERTAKING),1,740509,Not at intersection,3,80,Arterial Highway,SOUTH GIPPSLAND,DANDENONG,-38.01095,145.23035,2022,11,November,16,Afternoon Peak,Weekday
T20220026586,2022-11-24,08:50:00,1,Collision with vehicle,4,Thursday,130,REAR END(VEHICLES IN SAME LANE),1,741078,T intersection,3,80,Arterial Other,GILLIES,BALLARAT,-37.560863,143.81784,2022,11,November,8,Morning Peak,Weekday