ACCIDENT_NO,ACCIDENT_DATE,ACCIDENT_TIME,ACCIDENT_TYPE,ACCIDENT_TYPE_DESC,DAY_OF_WEEK,DAY_WEEK_DESC,DCA_CODE,DCA_DESC,LIGHT_CONDITION,NODE_ID,ROAD_GEOMETRY_DESC,SEVERITY,SPEED_ZONE,RMA,ROAD_NAME,LGA_NAME,LATITUDE,LONGITUDE,YEAR,MONTH,MONTH_NAME,HOUR,TIME_PERIOD,DAY_TYPE
T20220026593,2022-11-24,09:06:00,4,Collision with a fixed object,4,Thursday,171,LEFT OFF CARRIAGEWAY INTO OBJECT/PARKED VEHICLE,1,765419,Not at intersection,2,60,Arterial Highway,HIGH,BENDIGO,-36.765884,144.26788,2022,11,November,9,Morning Peak,Weekday
T20220026917,2022-11-24,21:00:00,4,Collision with a fixed object,4,Thursday,183,OFF LEFT BEND INTO OBJECT/PARKED VEHICLE,3,759490,Not at intersection,2,50,Local Road,ALLIED,FRANKSTON,-38.11136,145.1886,2022,11,November,21,Night,Weekday
T20220026682,2022-11-24,22:00:00,1,Collision with vehicle,4,Thursday,110,CROSS TRAFFIC(INTERSECTIONS ONLY),5,56390,Cross intersection,3,80,Arterial Other,BACK BEACH,BASS COAST,-38.49657,145.22014,2022,11,November,22,Night,Weekday
T20220026627,2022-11-24,13:30:00,4,Collision with a fixed object,4,Thursday,173,RIGHT OFF CARRIAGEWAY INTO OBJECT/PARKED VEHICLE,1,765414,Not at intersection,2,80,Arterial Other,CANTERBURY,YARRA RANGES,-37.813847,145.3324,2022,11,November,13,Midday,Weekday
T20220026628,2022-11-24,12:38:00,1,Collision with vehicle,4,Thursday,120,HEAD ON (NOT OVERTAKING),1,775384,Not at intersection,3,80,Local Road,MELBOURNE,MORNINGTON PENINSULA,-38.36319,144.76303,2022,11,November,12,Midday,Weekday
T20220026632,2022-11-24,16:18:00,1,Collision with vehicle,4,Thursday,111,RIGHT FAR (INTERSECTIONS ONLY),1,50003,Cross intersection,3,50,Local Road,MYERS,GEELONG,-38.155643,144.37386,2022,11,November,16,Afternoon Peak,Weekday
T20220026633,2022-11-24,14:40:00,4,Collision with a fixed object,4,Thursday,181,OFF RIGHT BEND INTO OBJECT/PARKED VEHICLE,1,754770,Not at intersection,2,80,Arterial Highway,GREAT OCEAN,COLAC OTWAY,-38.694298,143.80466,2022,11,November,14,Midday,Weekday
T20220027325,2022-11-24,08:27:00,1,Collision with vehicle,4,Thursday,130,REAR END(VEHICLES IN SAME LANE),1,691203,Not at intersection,3,40,Arterial Other,YAN YEAN,NILLUMBIK,-37.636288,145.13283,2022,11,November,8,Morning Peak,Weekday
T20220026634,2022-11-24,15:30:00,4,Collision with a fixed object,4,Thursday,173,RIGHT OFF CARRIAGEWAY INTO OBJECT/PARKED VEHICLE,1,737365,Not at intersection,3,100,Freeway,MONASH,CASEY,-37.985966,145.24944,2022,11,November,15,Afternoon Peak,Weekday
T20220026635,2022-11-24,12:20:00,4,Collision with a fixed object,4,Thursday,183,OFF LEFT BEND INTO OBJECT/PARKED VEHICLE,1,744386,Not at intersection,1,100,Arterial Highway,MURRAY VALLEY,GANNAWARRA,-35.59292,143.79088,2022,11,November,12,Midday,Weekday
T20220026636,2022-11-24,16:25:00,1,Collision with vehicle,4,Thursday,121,RIGHT THROUGH,1,737551,Cross intersection,3,50,Local Road,BROOKLAND GREENS,CASEY,-38.118496,145.25195,2022,11,November,16,Afternoon Peak,Weekday
T20220027751,2022-11-24,14:30:00,1,Collision with vehicle,4,Thursday,130,REAR END(VEHICLES IN SAME LANE),9,779948,Cross intersection,3,70,Arterial Other,GRIEVE,HOBSONS BAY,-37.831448,144.82687,2022,11,November,14,Midday,Weekday
T20220026639,2022-11-24,14:35:00,1,Collision with vehicle,4,Thursday,135,LANE CHANGE LEFT (NOT OVERTAKING),1,757728,Not at intersection,3,80,Arterial Other,MOUNTAIN,KNOX,-37.842896,145.25282,2022,11,November,14,Midday,Weekday
T20220028109,2022-11-24,14:11:00,1,Collision with vehicle,4,Thursday,133,LANE SIDE SWIPE (VEHICLES IN PARALLEL LANES),1,786523,Not at intersection,3,60,Arterial Other,GRANGE,GLEN EIRA,-37.90307,145.04419,2022,11,November,14,Midday,Weekday
T20220026640,2022-11-24,18:25:00,1,Collision with vehicle,4,Thursday,114,TWO RIGHT TURNING (INTERSECTIONS ONLY),1,407,T intersection,3,40,Local Road,BASTINGS,DAREBIN,-37.77391,144.99808,2022,11,November,18,Afternoon Peak,Weekday
T20220026641,2022-11-24,17:50:00,1,Collision with vehicle,4,Thursday,110,CROSS TRAFFIC(INTERSECTIONS ONLY),1,51526,Cross intersection,3,60,Arterial Other,BENDIGO-EAGLEHAWK,BENDIGO,-36.728706,144.26189,2022,11,November,17,Afternoon Peak,Weekday
T20220027405,2022-11-24,07:10:00,1,Collision with vehicle,4,Thursday,130,REAR END(VEHICLES IN SAME LANE),1,739456,Not at intersection,3,70,Arterial Other,SYDNEY,MORELAND,-37.706757,144.96074,2022,11,November,7,Morning Peak,Weekday
T20220027904,2022-11-24,18:00:00,6,Vehicle overturned (no collision),4,Thursday,182,OFF CARRIAGEWAY ON LEFT BEND,9,740506,Not at intersection,3,50,Local Road,LACKENHEATH,HUME,-37.69424,144.88393,2022,11,November,18,Afternoon Peak,Weekday
T20220028230,2022-11-24,19:57:00,1,Collision with vehicle,4,Thursday,110,CROSS TRAFFIC(INTERSECTIONS ONLY),2,55621,Cross intersection,2,60,Local Road,ANDERSON,MELTON,-37.740993,144.73653,2022,11,November,19,Night,Weekday
T20220026720,2022-11-24,21:58:00,1,Collision with vehicle,4,Thursday,113,RIGHT NEAR (INTERSECTIONS ONLY),3,63385,T intersection,3,50,Local Road,HOTHAM,DAREBIN,-37.751476,145.0066,2022,11,November,21,Night,Weekday
T20220028245,2022-11-24,20:57:00,1,Collision with vehicle,4,Thursday,121,RIGHT THROUGH,3,323032,Cross intersection,3,60,Arterial Other,KINGS,BRIMBANK,-37.71556,144.78061,2022,11,November,20,Night,Weekday
T20220028263,2022-11-24,14:43:00,1,Collision with vehicle,4,Thursday,134,LANE CHANGE RIGHT (NOT OVERTAKING),1,741386,Not at intersection,3,80,Arterial Other,MOUNTAIN,KNOX,-37.84937,145.22643,2022,11,November,14,Midday,Weekday
T20230000913,2022-11-24,15:00:00,1,Collision with vehicle,4,Thursday,130,REAR END(VEHICLES IN SAME LANE),1,58501,T intersection,3,100,Arterial Highway,MURRAY VALLEY,CAMPASPE,-36.08809,144.63956,2022,11,November,15,Afternoon Peak,Weekday
T20220026642,2022-11-24,17:20:00,4,Collision with a fixed object,4,Thursday,134,LANE CHANGE RIGHT (NOT OVERTAKING),1,737366,Not at intersection,3,40,Local Road,LONSDALE,MELBOURNE,-37.81119,144.966,2022,11,November,17,Afternoon Peak,Weekday
T20220026583,2022-11-24,08:20:00,1,Collision with vehicle,4,Thursday,121,RIGHT THROUGH,1,55183,T intersection,2,60,Arterial Highway,SURF COAST,GEELONG,-38.206413,144.34024,2022,11,November,8,Morning Peak,Weekday
T20220026622,2022-11-24,14:29:00,1,Collision with vehicle,4,Thursday,130,REAR END(VEHICLES IN SAME LANE),1,765415,Not at intersection,3,100,Freeway,WESTERN,MELTON,-37.695183,144.6006,2022,11,November,14,Midday,Weekday
T20220026606,2022-11-24,11:40:00,1,Collision with vehicle,4,Thursday,163,VEHICLE STRIKES DOOR OF PARKED/STATIONARY VEHICLE,1,765422,Not at intersection,2,50,Local Road,ALMA,PORT PHILLIP,-37.862225,144.99754,2022,11,November,11,Midday,Weekday
T20220026643,2022-11-24,17:00:00,1,Collision with vehicle,4,Thursday,130,REAR END(VEHICLES IN SAME LANE),1,737367,Not at intersection,3,80,Arterial Other,MELTON,BRIMBANK,-37.700573,144.79655,2022,11,November,17,Afternoon Peak,Weekday
T20220026647,2022-11-24,18:19:00,1,Collision with vehicle,4,Thursday,130,REAR END(VEHICLES IN SAME LANE),1,744597,Not at intersection,3,60,Arterial Highway,POWER,MELBOURNE,-37.825092,144.96423,2022,11,November,18,Afternoon Peak,Weekday
T20220026697,2022-11-25,11:24:00,1,Collision with vehicle,5,Friday,121,RIGHT THROUGH,1,737569,T intersection,3,60,Local Road,MACKILLOP,CASEY,-38.11605,145.31972,2022,11,November,11,Midday,Weekday
T20220026779,2022-11-25,19:05:00,1,Collision with vehicle,5,Friday,160,VEHICLE COLLIDES WITH VEHICLE PARKED ON LEFT OF ROAD,1,765373,Not at intersection,3,60,Arterial Other,BLACKSHAWS,HOBSONS BAY,-37.83427,144.87674,2022,11,November,19,Night,Weekday
T20230000718,2022-11-25,20:00:00,2,Struck Pedestrian,5,Friday,100,PED NEAR SIDE. PED HIT BY VEHICLE FROM THE RIGHT.,9,748252,Not at intersection,3,40,Local Road,LA TROBE,MELBOURNE,-37.810272,144.9615,2022,11,November,20,Night,Weekday
T20220026781,2022-11-25,16:35:00,1,Collision with vehicle,5,Friday,130,REAR END(VEHICLES IN SAME LANE),1,738133,Not at intersection,2,50,Local Road,MILLER,WHITTLESEA,-37.65132,145.01935,2022,11,November,16,Afternoon Peak,Weekday
T20220027393,2022-11-25,17:30:00,1,Collision with vehicle,5,Friday,136,RIGHT TURN SIDESWIPE,1,39222,T intersection,3,50,Local Road,UNION,BOROONDARA,-37.825073,145.0974,2022,11,November,17,Afternoon Peak,Weekday
T20230012847,2022-11-25,13:00:00,1,Collision with vehicle,5,Friday,130,REAR END(VEHICLES IN SAME LANE),1,777704,Not at intersection,3,60,Local Road,MAIN,WHITTLESEA,-37.678814,144.9998,2022,11,November,13,Midday,Weekday
T20220027761,2022-11-25,17:45:00,1,Collision with vehicle,5,Friday,135,LANE CHANGE LEFT (NOT OVERTAKING),1,765411,Not at intersection,3,80,Arterial Other,KOROROIT CREEK,HOBSONS BAY,-37.847794,144.81476,2022,11,November,17,Afternoon Peak,Weekday
T20220026738,2022-11-25,18:30:00,1,Collision with vehicle,5,Friday,169,OTHER ON PATH,2,767495,Not at intersection,2,50,Local Road,POZIERES,PORT PHILLIP,-37.87571,144.97867,2022,11,November,18,Afternoon Peak,Weekday
T20220027661,2022-11-25,07:25:00,1,Collision with vehicle,5,Friday,131,LEFT REAR,1,50403,Not at intersection,3,80,Arterial Highway,BASS,BASS COAST,-38.472202,145.47481,2022,11,November,7,Morning Peak,Weekday
T20220027620,2022-11-25,10:20:00,1,Collision with vehicle,5,Friday,130,REAR END(VEHICLES IN SAME LANE),1,765410,Not at intersection,3,50,Local Road,FAIRBAIRN,BRIMBANK,-37.798733,144.8183,2022,11,November,10,Midday,Weekday
T20220026681,2022-11-25,08:10:00,1,Collision with vehicle,5,Friday,113,RIGHT NEAR (INTERSECTIONS ONLY),1,746493,Cross intersection,2,60,Local Road,MORRISON,WODONGA,-36.117985,146.8734,2022,11,November,8,Morning Peak,Weekday
T20220026680,2022-11-25,07:30:00,1,Collision with vehicle,5,Friday,116,LEFT NEAR (INTERSECTIONS ONLY),1,29363,T intersection,3,40,Arterial Highway,RACECOURSE,MELBOURNE,-37.788425,144.933,2022,11,November,7,Morning Peak,Weekday
T20220027192,2022-11-25,21:00:00,1,Collision with vehicle,5,Friday,133,LANE SIDE SWIPE (VEHICLES IN PARALLEL LANES),6,783405,Not at intersection,3,100,Freeway,MONASH,MONASH,-37.89026,145.1172,2022,11,November,21,Night,Weekday
T20220027598,2022-11-25,14:00:00,1,Collision with vehicle,5,Friday,113,RIGHT NEAR (INTERSECTIONS ONLY),1,756400,T intersection,3,50,Local Road,WILLIAM,MOIRA,-35.92599,145.6508,2022,11,November,14,Midday,Weekday
T20220026735,2022-11-25,15:13:00,1,Collision with vehicle,5,Friday,179,OTHER ACCIDENTS-OFF STRAIGHT NOT INCLUDED IN DCAs 170-175,1,739567,Not at intersection,3,50,Local Road,NORTH VALLEY,GEELONG,-38.163094,144.3204,2022,11,November,15,Afternoon Peak,Weekday
T20220026734,2022-11-25,16:18:00,4,Collision with a fixed object,5,Friday,183,OFF LEFT BEND INTO OBJECT/PARKED VEHICLE,1,29388,T intersection,2,60,Arterial Other,COLLEGE,MELBOURNE,-37.793148,144.96521,2022,11,November,16,Afternoon Peak,Weekday
T20220026733,2022-11-25,07:15:00,1,Collision with vehicle,5,Friday,110,CROSS TRAFFIC(INTERSECTIONS ONLY),1,37268,Cross intersection,2,50,Local Road,COPPIN,YARRA,-37.822674,145.00311,2022,11,November,7,Morning Peak,Weekday
T20220026731,2022-11-25,17:33:00,4,Collision with a fixed object,5,Friday,181,OFF RIGHT BEND INTO OBJECT/PARKED VEHICLE,1,765386,Not at intersection,3,100,Local Road,BACK CUDGEWA,TOWONG,-36.200672,147.80035,2022,11,November,17,Afternoon Peak,Weekday
T20220026760,2022-11-25,23:50:00,2,Struck Pedestrian,5,Friday,100,PED NEAR SIDE. PED HIT BY VEHICLE FROM THE RIGHT.,3,29588,Cross intersection,3,60,Arterial Other,CANTERBURY,PORT PHILLIP,-37.85981,144.97731,2022,11,November,23,Night,Weekday
T20220026729,2022-11-25,19:00:00,1,Collision with vehicle,5,Friday,121,RIGHT THROUGH,1,39715,Cross intersection,3,80,Arterial Highway,MAROONDAH,MAROONDAH,-37.791237,145.26321,2022,11,November,19,Night,Weekday
T20220026727,2022-11-25,18:00:00,1,Collision with vehicle,5,Friday,134,LANE CHANGE RIGHT (NOT OVERTAKING),1,746809,Not at intersection,2,100,Freeway,MONASH,MONASH,-37.893738,145.13774,2022,11,November,18,Afternoon Peak,Weekday
T20220026725,2022-11-25,17:20:00,1,Collision with vehicle,5,Friday,147,VEHICLE STRIKES ANOTHER VEH WHILE EMERGING FROM DRIVEWAY,1,737571,Not at intersection,2,60,Arterial Highway,NORTH,GLEN EIRA,-37.906815,145.0636,2022,11,November,17,Afternoon Peak,Weekday
T20220026724,2022-11-25,17:26:00,1,Collision with vehicle,5,Friday,121,RIGHT THROUGH,1,44713,Cross intersection,3,60,Arterial Other,GRIMSHAW,BANYULE,-37.703682,145.09454,2022,11,November,17,Afternoon Peak,Weekday
T20220027203,2022-11-25,20:26:00,1,Collision with vehicle,5,Friday,120,HEAD ON (NOT OVERTAKING),5,775340,Not at intersection,3,40,Arterial Other,HOPKINS,MELTON,-37.765423,144.70178,2022,11,November,20,Night,Weekday
T20220026739,2022-11-25,16:05:00,4,Collision with a fixed object,5,Friday,171,LEFT OFF CARRIAGEWAY INTO OBJECT/PARKED VEHICLE,1,58042,Multiple intersection,3,80,Freeway,COOPER,WHITTLESEA,-37.648434,144.99146,2022,11,November,16,Afternoon Peak,Weekday
T20220026741,2022-11-25,18:50:00,1,Collision with vehicle,5,Friday,113,RIGHT NEAR (INTERSECTIONS ONLY),1,56287,T intersection,3,50,Local Road,ALBATROSS,WYNDHAM,-37.890682,144.6679,2022,11,November,18,Afternoon Peak,Weekday
T20220026744,2022-11-25,23:00:00,7,Fall from or in moving vehicle,5,Friday,190,FELL IN/FROM VEHICLE,5,748468,Not at intersection,3,60,Arterial Other,BALACLAVA,SHEPPARTON,-36.367428,145.40791,2022,11,November,23,Night,Weekday
T20220026745,2022-11-25,23:38:00,1,Collision with vehicle,5,Friday,120,HEAD ON (NOT OVERTAKING),5,737572,Not at intersection,3,50,Local Road,KEITH,HUME,-37.693356,144.92674,2022,11,November,23,Night,Weekday
T20220026750,2022-11-25,20:45:00,1,Collision with vehicle,5,Friday,130,REAR END(VEHICLES IN SAME LANE),3,775336,Not at intersection,2,60,Arterial Other,EPPING,WHITTLESEA,-37.624504,145.02853,2022,11,November,20,Night,Weekday
T20220027138,2022-11-25,14:30:00,8,No collision and no object struck,5,Friday,174,OUT OF CONTROL ON CARRIAGEWAY (ON STRAIGHT),1,740102,Not at intersection,3,100,Local Road,JACKAS,BENDIGO,-36.954716,144.75595,2022,11,November,14,Midday,Weekday
T20220026754,2022-11-25,22:41:00,1,Collision with vehicle,5,Friday,110,CROSS TRAFFIC(INTERSECTIONS ONLY),3,41159,Cross intersection,2,60,Arterial Other,NORTH,BAYSIDE,-37.898327,144.99431,2022,11,November,22,Night,Weekday
T20220026676,2022-11-25,07:50:00,1,Collision with vehicle,5,Friday,131,LEFT REAR,2,777818,T intersection,2,100,Arterial Other,BARMAH-SHEPPARTON,SHEPPARTON,-36.25667,145.35683,2022,11,November,7,Morning Peak,Weekday
T20220026674,2022-11-25,07:00:00,4,Collision with a fixed object,5,Friday,171,LEFT OFF CARRIAGEWAY INTO OBJECT/PARKED VEHICLE,1,737554,Not at intersection,2,100,Local Road,GOOMALIBEE,BENALLA,-36.493683,145.92125,2022,11,November,7,Morning Peak,Weekday
T20220028441,2022-11-25,07:30:00,1,Collision with vehicle,5,Friday,130,REAR END(VEHICLES IN SAME LANE),1,746083,Not at intersection,3,100,Freeway,MONASH,CASEY,-37.997868,145.27536,2022,11,November,7,Morning Peak,Weekday
T20220028456,2022-11-25,16:45:00,4,Collision with a fixed object,5,Friday,141,U TURN INTO FIXED OBJECT/PARKED VEHICLE,9,666651,T intersection,3,80,Arterial Other,KEILOR PARK,BRIMBANK,-37.718063,144.85484,2022,11,November,16,Afternoon Peak,Weekday
T20220029507,2022-11-25,16:30:00,1,Collision with vehicle,5,Friday,113,RIGHT NEAR (INTERSECTIONS ONLY),1,37696,T intersection,3,60,Arterial Other,SETTLEMENT,WHITTLESEA,-37.687813,145.01257,2022,11,November,16,Afternoon Peak,Weekday
T20220026894,2022-11-25,12:15:00,8,No collision and no object struck,5,Friday,174,OUT OF CONTROL ON CARRIAGEWAY (ON STRAIGHT),1,49966,Cross intersection,3,40,Local Road,LITTLE RYRIE,GEELONG,-38.151073,144.36185,2022,11,November,12,Midday,Weekday
T20220026700,2022-11-25,10:00:00,1,Collision with vehicle,5,Friday,110,CROSS TRAFFIC(INTERSECTIONS ONLY),1,52758,Cross intersection,2,60,Arterial Other,NORMAN,BALLARAT,-37.533302,143.8326,2022,11,November,10,Midday,Weekday
T20220026723,2022-11-25,15:15:00,1,Collision with vehicle,5,Friday,113,RIGHT NEAR (INTERSECTIONS ONLY),1,56463,T intersection,3,60,Local Road,RIX,CARDINIA,-38.06674,145.39395,2022,11,November,15,Afternoon Peak,Weekday
T20220026721,2022-11-25,13:00:00,1,Collision with vehicle,5,Friday,110,CROSS TRAFFIC(INTERSECTIONS ONLY),1,41210,Cross intersection,3,60,Local Road,CARRINGTON,GLEN EIRA,-37.874786,145.00781,2022,11,November,13,Midday,Weekday
T20220026719,2022-11-25,17:05:00,2,Struck Pedestrian,5,Friday,104,PED WALKING WITH TRAFFIC,1,786530,Not at intersection,2,60,Arterial Other,GLENFERRIE,STONNINGTON,-37.85552,145.02945,2022,11,November,17,Afternoon Peak,Weekday
T20220026717,2022-11-25,13:45:00,2,Struck Pedestrian,5,Friday,103,PED PLAYING/LYING/WORKING/STANDING ON CARRIAGEWAY.,1,737862,Not at intersection,3,50,Local Road,NIBLICK,SURF COAST,-38.40847,144.16724,2022,11,November,13,Midday,Weekday
T20220026710,2022-11-25,07:42:00,4,Collision with a fixed object,5,Friday,171,LEFT OFF CARRIAGEWAY INTO OBJECT/PARKED VEHICLE,1,4248,Not at intersection,2,70,Arterial Other,SYDNEY,HUME,-37.67201,144.95546,2022,11,November,7,Morning Peak,Weekday
T20220027382,2022-11-25,16:45:00,1,Collision with vehicle,5,Friday,130,REAR END(VEHICLES IN SAME LANE),1,344154,Not at intersection,3,100,Arterial Highway,GREAT OCEAN,COLAC OTWAY,-38.778774,143.61957,2022,11,November,16,Afternoon Peak,Weekday
T20220026703,2022-11-25,13:10:00,1,Collision with vehicle,5,Friday,140,U TURN,1,737570,Not at intersection,2,80,Arterial Highway,MAROONDAH,MAROONDAH,-37.775955,145.29253,2022,11,November,13,Midday,Weekday
T20220026777,2022-11-26,12:00:00,1,Collision with vehicle,6,Saturday,110,CROSS TRAFFIC(INTERSECTIONS ONLY),1,1152,Cross intersection,3,60,Arterial Other,SAYERS,WYNDHAM,-37.853355,144.7389,2022,11,November,12,Midday,Weekend
T20220026780,2022-11-26,09:40:00,1,Collision with vehicle,6,Saturday,130,REAR END(VEHICLES IN SAME LANE),1,737969,Not at intersection,3,70,Arterial Highway,NORTH,BAYSIDE,-37.90151,145.01982,2022,11,November,9,Morning Peak,Weekend
T20220026785,2022-11-26,14:15:00,1,Collision with vehicle,6,Saturday,130,REAR END(VEHICLES IN SAME LANE),1,775296,Cross intersection,3,70,Arterial Other,BALLARAT,BRIMBANK,-37.77767,144.83347,2022,11,November,14,Midday,Weekend
T20220026793,2022-11-26,18:00:00,1,Collision with vehicle,6,Saturday,147,VEHICLE STRIKES ANOTHER VEH WHILE EMERGING FROM DRIVEWAY,1,687887,Not at intersection,3,60,Local Road,OLD GEELONG,WYNDHAM,-37.880405,144.70444,2022,11,November,18,Afternoon Peak,Weekend
T20220026796,2022-11-26,18:07:00,1,Collision with vehicle,6,Saturday,130,REAR END(VEHICLES IN SAME LANE),1,743354,Not at intersection,2,100,Freeway,EASTERN,BOROONDARA,-37.791298,145.01915,2022,11,November,18,Afternoon Peak,Weekend
T20220026800,2022-11-26,20:50:00,1,Collision with vehicle,6,Saturday,113,RIGHT NEAR (INTERSECTIONS ONLY),3,783862,T intersection,3,50,Local Road,GRIFFITH,CASEY,-37.975525,145.24173,2022,11,November,20,Night,Weekend
T20220026805,2022-11-26,21:58:00,1,Collision with vehicle,6,Saturday,120,HEAD ON (NOT OVERTAKING),3,786543,Not at intersection,3,70,Arterial Highway,BELLARINE,GEELONG,-38.166687,144.38277,2022,11,November,21,Night,Weekend
T20220026807,2022-11-26,23:00:00,1,Collision with vehicle,6,Saturday,115,RIGHT/LEFT FAR (INTERSECTIONS ONLY),3,653355,Cross intersection,3,60,Arterial Other,BALLAN,WYNDHAM,-37.86938,144.60982,2022,11,November,23,Night,Weekend
T20220026809,2022-11-26,17:52:00,1,Collision with vehicle,6,Saturday,130,REAR END(VEHICLES IN SAME LANE),1,775337,Not at intersection,3,60,Arterial Other,MICKLEHAM,HUME,-37.68821,144.88226,2022,11,November,17,Afternoon Peak,Weekend
T20220026810,2022-11-26,22:45:00,1,Collision with vehicle,6,Saturday,130,REAR END(VEHICLES IN SAME LANE),3,386,Not at intersection,3,60,Arterial Other,HIGH,WHITTLESEA,-37.68504,145.01303,2022,11,November,22,Night,Weekend
T20220026814,2022-11-26,19:20:00,4,Collision with a fixed object,6,Saturday,171,LEFT OFF CARRIAGEWAY INTO OBJECT/PARKED VEHICLE,2,765182,Not at intersection,2,100,Arterial Other,DONALD-SWAN HILL,BULOKE,-36.17485,143.03923,2022,11,November,19,Night,Weekend
T20220026815,2022-11-26,15:45:00,6,Vehicle overturned (no collision),6,Saturday,184,OUT OF CONTROL ON CARRIAGEWAY (ON BEND),1,739675,Not at intersection,2,100,Local Road,MORNING STAR,WELLINGTON,-37.747868,146.51068,2022,11,November,15,Afternoon Peak,Weekend
T20220026765,2022-11-26,09:50:00,4,Collision with a fixed object,6,Saturday,183,OFF LEFT BEND INTO OBJECT/PARKED VEHICLE,1,748994,Not at intersection,2,100,Local Road,BARWITE,MANSFIELD,-37.01341,146.12537,2022,11,November,9,Morning Peak,Weekend
T20220026774,2022-11-26,12:00:00,1,Collision with vehicle,6,Saturday,130,REAR END(VEHICLES IN SAME LANE),1,55897,Cross intersection,2,60,Local Road,CAROLINE SPRINGS,MELTON,-37.73589,144.7404,2022,11,November,12,Midday,Weekend
T20220026825,2022-11-26,22:48:00,1,Collision with vehicle,6,Saturday,113,RIGHT NEAR (INTERSECTIONS ONLY),3,765183,Cross intersection,3,100,Arterial Other,PLENTY,WHITTLESEA,-37.55784,145.1097,2022,11,November,22,Night,Weekend
T20220026826,2022-11-26,21:55:00,1,Collision with vehicle,6,Saturday,110,CROSS TRAFFIC(INTERSECTIONS ONLY),3,775386,Cross intersection,2,50,Local Road,TAYLOR,MARIBYRNONG,-37.786907,144.89188,2022,11,November,21,Night,Weekend
T20220028194,2022-11-26,09:30:00,1,Collision with vehicle,6,Saturday,121,RIGHT THROUGH,1,741085,T intersection,3,50,Local Road,WOOLART,MOONEE VALLEY,-37.722336,144.90764,2022,11,November,9,Morning Peak,Weekend
T20220026753,2022-11-26,00:20:00,4,Collision with a fixed object,6,Saturday,171,LEFT OFF CARRIAGEWAY INTO OBJECT/PARKED VEHICLE,3,737461,Not at intersection,1,60,Arterial Other,JOHNSTON STREET BRIDGE,YARRA,-37.800774,145.00252,2022,11,November,0,Late Night,Weekend
T20220026757,2022-11-26,00:16:00,2,Struck Pedestrian,6,Saturday,105,PED WALKING AGAINST TRAFFIC.,5,739460,Not at intersection,1,80,Arterial Other,HIGH,CASEY,-38.037212,145.35667,2022,11,November,0,Late Night,Weekend
T20230001149,2022-11-26,13:00:00,5,collision with some other object,6,Saturday,179,OTHER ACCIDENTS-OFF STRAIGHT NOT INCLUDED IN DCAs 170-175,1,752067,Not at intersection,3,100,Local Road,PAULS,YARRA RANGES,-37.601337,145.44685,2022,11,November,13,Midday,Weekend
T20230002897,2022-11-26,21:53:00,1,Collision with vehicle,6,Saturday,160,VEHICLE COLLIDES WITH VEHICLE PARKED ON LEFT OF ROAD,3,783233,Not at intersection,3,50,Arterial Other,GISBORNE,MOORABOOL,-37.673225,144.43642,2022,11,November,21,Night,Weekend
T20220027819,2022-11-26,17:45:00,1,Collision with vehicle,6,Saturday,119,OTHER ADJACENT (INTERSECTIONS ONLY),1,596,T intersection,3,70,Arterial Highway,DANDENONG,GLEN EIRA,-37.8713,145.03552,2022,11,November,17,Afternoon Peak,Weekend
T20220027600,2022-11-26,21:00:00,6,Vehicle overturned (no collision),6,Saturday,174,OUT OF CONTROL ON CARRIAGEWAY (ON STRAIGHT),3,45058,Cross intersection,2,60,Arterial Other,MCINTYRE,BRIMBANK,-37.7689,144.83023,2022,11,November,21,Night,Weekend
T20220026856,2022-11-26,13:00:00,1,Collision with vehicle,6,Saturday,147,VEHICLE STRIKES ANOTHER VEH WHILE EMERGING FROM DRIVEWAY,1,751186,Not at intersection,3,80,Arterial Other,BELGRAVE-HALLAM,CASEY,-37.979416,145.3113,2022,11,November,13,Midday,Weekend
T20220028283,2022-11-26,17:23:00,1,Collision with vehicle,6,Saturday,121,RIGHT THROUGH,1,278622,T intersection,3,60,Local Road,OHERNS,WHITTLESEA,-37.63635,145.0148,2022,11,November,17,Afternoon Peak,Weekend
T20220026764,2022-11-26,11:03:00,6,Vehicle overturned (no collision),6,Saturday,151,OUT OF CONTROL (OVERTAKING),1,41910,Cross intersection,2,80,Arterial Other,FERNTREE GULLY,KNOX,-37.888435,145.26291,2022,11,November,11,Midday,Weekend
T20220026763,2022-11-26,06:20:00,1,Collision with vehicle,6,Saturday,110,CROSS TRAFFIC(INTERSECTIONS ONLY),1,783231,Cross intersection,3,80,Arterial Other,SOUTH PARK,DANDENONG,-38.013187,145.20172,2022,11,November,6,Morning Peak,Weekend
T20230004176,2022-11-26,14:00:00,1,Collision with vehicle,6,Saturday,137,LEFT TURN SIDESWIPE,1,64741,T intersection,3,60,Arterial Highway,RACECOURSE,MOONEE VALLEY,-37.788338,144.93117,2022,11,November,14,Midday,Weekend
T20220026816,2022-11-27,01:05:00,1,Collision with vehicle,7,Sunday,110,CROSS TRAFFIC(INTERSECTIONS ONLY),3,759579,Cross intersection,2,60,Arterial Other,NICHOLSON,MELBOURNE,-37.798027,144.97487,2022,11,November,1,Late Night,Weekend