ACCIDENT_NO,ACCIDENT_DATE,ACCIDENT_TIME,ACCIDENT_TYPE,ACCIDENT_TYPE_DESC,DAY_OF_WEEK,DAY_WEEK_DESC,DCA_CODE,DCA_DESC,LIGHT_CONDITION,NODE_ID,ROAD_GEOMETRY_DESC,SEVERITY,SPEED_ZONE,RMA,ROAD_NAME,LGA_NAME,LATITUDE,LONGITUDE,YEAR,MONTH,MONTH_NAME,HOUR,TIME_PERIOD,DAY_TYPE
T20220026821,2022-11-27,00:45:00,1,Collision with vehicle,7,Sunday,116,LEFT NEAR (INTERSECTIONS ONLY),3,347776,T intersection,3,60,Arterial Other,GRIEVE,HOBSONS BAY,-37.82743,144.82915,2022,11,November,0,Late Night,Weekend
T20220026829,2022-11-27,03:50:00,1,Collision with vehicle,7,Sunday,110,CROSS TRAFFIC(INTERSECTIONS ONLY),3,54280,Cross intersection,2,60,Arterial Highway,POWER,MELBOURNE,-37.824665,144.96365,2022,11,November,3,Late Night,Weekend
T20220026830,2022-11-27,05:52:00,4,Collision with a fixed object,7,Sunday,171,LEFT OFF CARRIAGEWAY INTO OBJECT/PARKED VEHICLE,1,57518,Cross intersection,3,70,Arterial Highway,DANDENONG,PORT PHILLIP,-37.859177,145.00133,2022,11,November,5,Morning Peak,Weekend
T20220026833,2022-11-27,08:00:00,1,Collision with vehicle,7,Sunday,121,RIGHT THROUGH,1,57434,T intersection,2,70,Arterial Other,DONCASTER,MANNINGHAM,-37.788185,145.106,2022,11,November,8,Morning Peak,Weekend
T20220026838,2022-11-27,10:48:00,1,Collision with vehicle,7,Sunday,160,VEHICLE COLLIDES WITH VEHICLE PARKED ON LEFT OF ROAD,1,737970,Not at intersection,2,50,Local Road,BAYVIEW,HOBSONS BAY,-37.86494,144.88567,2022,11,November,10,Midday,Weekend
T20220026840,2022-11-27,10:54:00,4,Collision with a fixed object,7,Sunday,171,LEFT OFF CARRIAGEWAY INTO OBJECT/PARKED VEHICLE,1,765177,T intersection,2,60,Arterial Other,SHANNON,GEELONG,-38.1559,144.3335,2022,11,November,10,Midday,Weekend
T20220026841,2022-11-27,06:35:00,4,Collision with a fixed object,7,Sunday,173,RIGHT OFF CARRIAGEWAY INTO OBJECT/PARKED VEHICLE,1,765161,Not at intersection,3,100,Local Road,LANDSBOROUGH,NORTHERN GRAMPIANS,-37.051464,142.93489,2022,11,November,6,Morning Peak,Weekend
T20220026849,2022-11-27,14:48:00,4,Collision with a fixed object,7,Sunday,173,RIGHT OFF CARRIAGEWAY INTO OBJECT/PARKED VEHICLE,1,737971,T intersection,3,70,Local Road,LEOPOLD,GLEN EIRA,-37.903164,145.03377,2022,11,November,14,Midday,Weekend
T20220027871,2022-11-27,10:45:00,1,Collision with vehicle,7,Sunday,134,LANE CHANGE RIGHT (NOT OVERTAKING),1,740988,Not at intersection,3,80,Arterial Other,NEPEAN,MORNINGTON PENINSULA,-38.30997,145.0292,2022,11,November,10,Midday,Weekend
T20220026882,2022-11-27,20:10:00,1,Collision with vehicle,7,Sunday,146,REVERSING INTO FIXED OBJECT/PARKED VEHICLE,3,775855,Not at intersection,3,60,Local Road,THORNTON,HUME,-37.57662,144.7145,2022,11,November,20,Night,Weekend
T20220026932,2022-11-27,18:38:00,4,Collision with a fixed object,7,Sunday,181,OFF RIGHT BEND INTO OBJECT/PARKED VEHICLE,1,756398,Not at intersection,3,40,Local Road,EDWARDS,BENDIGO,-36.80476,144.30234,2022,11,November,18,Afternoon Peak,Weekend
T20220026925,2022-11-27,17:25:00,6,Vehicle overturned (no collision),7,Sunday,174,OUT OF CONTROL ON CARRIAGEWAY (ON STRAIGHT),1,741080,Not at intersection,3,100,Local Road,STUMPY GULLY,MORNINGTON PENINSULA,-38.330517,145.12721,2022,11,November,17,Afternoon Peak,Weekend
T20220027306,2022-11-27,17:40:00,1,Collision with vehicle,7,Sunday,130,REAR END(VEHICLES IN SAME LANE),1,131298,Not at intersection,3,80,Freeway,WEST GATE,MARIBYRNONG,-37.824368,144.8602,2022,11,November,17,Afternoon Peak,Weekend
T20220027120,2022-11-27,10:00:00,1,Collision with vehicle,7,Sunday,113,RIGHT NEAR (INTERSECTIONS ONLY),1,46463,T intersection,3,60,Arterial Other,CENTRE DANDENONG,KINGSTON,-37.966515,145.06482,2022,11,November,10,Midday,Weekend
T20230015960,2022-11-27,22:17:00,1,Collision with vehicle,7,Sunday,110,CROSS TRAFFIC(INTERSECTIONS ONLY),3,29648,Cross intersection,3,60,Arterial Other,WAVERLEY,STONNINGTON,-37.875977,145.04817,2022,11,November,22,Night,Weekend
T20220026889,2022-11-27,22:13:00,1,Collision with vehicle,7,Sunday,121,RIGHT THROUGH,3,585336,Cross intersection,2,60,Arterial Other,CAMPBELLFIELD-GREENSBOROUGH,DAREBIN,-37.695057,145.0124,2022,11,November,22,Night,Weekend
T20220026886,2022-11-27,22:15:00,6,Vehicle overturned (no collision),7,Sunday,174,OUT OF CONTROL ON CARRIAGEWAY (ON STRAIGHT),3,774346,Not at intersection,2,50,Local Road,CENTENARY,FRANKSTON,-38.110085,145.15572,2022,11,November,22,Night,Weekend
T20220026879,2022-11-27,21:30:00,1,Collision with vehicle,7,Sunday,130,REAR END(VEHICLES IN SAME LANE),3,765164,T intersection,3,60,Local Road,FURLONG,BRIMBANK,-37.760265,144.779,2022,11,November,21,Night,Weekend
T20220026876,2022-11-27,18:15:00,1,Collision with vehicle,7,Sunday,110,CROSS TRAFFIC(INTERSECTIONS ONLY),1,43250,Cross intersection,3,80,Arterial Highway,SPRINGVALE,KINGSTON,-38.0108,145.1408,2022,11,November,18,Afternoon Peak,Weekend
T20220026872,2022-11-27,20:26:00,8,No collision and no object struck,7,Sunday,199,UNKNOWN-NO DETAILS ON MANOEUVRES OF ROAD-USERS IN ACCIDENT,3,783237,Not at intersection,3,50,Local Road,BUTLERS,KNOX,-37.885567,145.29967,2022,11,November,20,Night,Weekend
T20220026870,2022-11-27,00:20:00,1,Collision with vehicle,7,Sunday,133,LANE SIDE SWIPE (VEHICLES IN PARALLEL LANES),3,123415,Not at intersection,3,70,Arterial Highway,HODDLE,YARRA,-37.80317,144.99243,2022,11,November,0,Late Night,Weekend
T20220026864,2022-11-27,16:09:00,2,Struck Pedestrian,7,Sunday,107,PED ON FOOTHPATH STRUCK BY VEHENTERING/LEAVING DRIVEWAY.,1,754559,Not at intersection,2,60,Arterial Highway,DEAKIN,MILDURA,-34.206287,142.1367,2022,11,November,16,Afternoon Peak,Weekend
T20220026861,2022-11-27,16:16:00,4,Collision with a fixed object,7,Sunday,171,LEFT OFF CARRIAGEWAY INTO OBJECT/PARKED VEHICLE,1,39917,T intersection,2,60,Arterial Other,CIVIC,HOBSONS BAY,-37.864967,144.83536,2022,11,November,16,Afternoon Peak,Weekend
T20220026860,2022-11-27,11:25:00,1,Collision with vehicle,7,Sunday,120,HEAD ON (NOT OVERTAKING),1,737864,Not at intersection,1,80,Arterial Highway,PHILLIP ISLAND,BASS COAST,-38.495808,145.271,2022,11,November,11,Midday,Weekend
T20220026858,2022-11-27,15:45:00,1,Collision with vehicle,7,Sunday,130,REAR END(VEHICLES IN SAME LANE),1,278139,Multiple intersection,2,80,Freeway,FITZGERALD,BRIMBANK,-37.799976,144.78906,2022,11,November,15,Afternoon Peak,Weekend
T20220026922,2022-11-28,13:30:00,1,Collision with vehicle,1,Monday,110,CROSS TRAFFIC(INTERSECTIONS ONLY),1,59057,Cross intersection,3,50,Local Road,KNIGHT,SHEPPARTON,-36.37424,145.40219,2022,11,November,13,Midday,Weekday
T20220026935,2022-11-28,13:47:00,1,Collision with vehicle,1,Monday,160,VEHICLE COLLIDES WITH VEHICLE PARKED ON LEFT OF ROAD,1,765159,Not at intersection,2,50,Local Road,REGENT,WHITTLESEA,-37.60599,145.07845,2022,11,November,13,Midday,Weekday
T20220027116,2022-11-28,12:00:00,1,Collision with vehicle,1,Monday,132,RIGHT REAR.,1,44926,Cross intersection,3,60,Arterial Other,MAIN,BRIMBANK,-37.743546,144.79384,2022,11,November,12,Midday,Weekday
T20220027173,2022-11-28,21:10:00,1,Collision with vehicle,1,Monday,160,VEHICLE COLLIDES WITH VEHICLE PARKED ON LEFT OF ROAD,3,739568,Not at intersection,2,60,Arterial Other,MELBOURNE,WODONGA,-36.112946,146.86568,2022,11,November,21,Night,Weekday
T20220026920,2022-11-28,12:42:00,1,Collision with vehicle,1,Monday,135,LANE CHANGE LEFT (NOT OVERTAKING),1,765146,Not at intersection,2,100,Freeway,WESTERN RING,HUME,-37.704136,144.89003,2022,11,November,12,Midday,Weekday
T20220026936,2022-11-28,15:30:00,4,Collision with a fixed object,1,Monday,173,RIGHT OFF CARRIAGEWAY INTO OBJECT/PARKED VEHICLE,1,738177,Not at intersection,3,100,Freeway,HUME,WHITTLESEA,-37.679386,144.98505,2022,11,November,15,Afternoon Peak,Weekday
T20220026939,2022-11-28,17:09:00,4,Collision with a fixed object,1,Monday,173,RIGHT OFF CARRIAGEWAY INTO OBJECT/PARKED VEHICLE,1,765154,Not at intersection,2,100,Local Road,MOUNT COTTRELL,MELTON,-37.67271,144.62599,2022,11,November,17,Afternoon Peak,Weekday
T20220026942,2022-11-28,16:00:00,1,Collision with vehicle,1,Monday,130,REAR END(VEHICLES IN SAME LANE),1,779950,Not at intersection,3,100,Freeway,METROPOLITAN RING,WHITTLESEA,-37.690468,144.97449,2022,11,November,16,Afternoon Peak,Weekday
T20220026961,2022-11-28,21:00:00,1,Collision with vehicle,1,Monday,140,U TURN,3,743961,Not at intersection,2,60,Local Road,AITKEN,HUME,-37.595577,144.9098,2022,11,November,21,Night,Weekday
T20220026946,2022-11-28,15:20:00,2,Struck Pedestrian,1,Monday,100,PED NEAR SIDE. PED HIT BY VEHICLE FROM THE RIGHT.,1,739890,Cross intersection,3,80,Arterial Other,CALVERTON,BRIMBANK,-37.735523,144.82027,2022,11,November,15,Afternoon Peak,Weekday
T20220027070,2022-11-28,13:05:00,1,Collision with vehicle,1,Monday,113,RIGHT NEAR (INTERSECTIONS ONLY),1,278941,T intersection,3,60,Arterial Highway,TOORAK,BOROONDARA,-37.845333,145.04665,2022,11,November,13,Midday,Weekday
T20220026897,2022-11-28,08:10:00,1,Collision with vehicle,1,Monday,113,RIGHT NEAR (INTERSECTIONS ONLY),1,51383,T intersection,2,60,Arterial Other,HIGH STREET -WARREN,CAMPASPE,-36.119663,144.74564,2022,11,November,8,Morning Peak,Weekday
T20220026964,2022-11-28,22:29:00,6,Vehicle overturned (no collision),1,Monday,174,OUT OF CONTROL ON CARRIAGEWAY (ON STRAIGHT),3,742108,Not at intersection,3,50,Arterial Other,VICTORIA,YARRA,-37.811085,145.00586,2022,11,November,22,Night,Weekday
T20220026950,2022-11-28,14:14:00,1,Collision with vehicle,1,Monday,110,CROSS TRAFFIC(INTERSECTIONS ONLY),1,51953,Cross intersection,3,60,Arterial Highway,MAIN,EAST GIPPSLAND,-37.826775,147.62682,2022,11,November,14,Midday,Weekday
T20220026951,2022-11-28,18:50:00,1,Collision with vehicle,1,Monday,110,CROSS TRAFFIC(INTERSECTIONS ONLY),1,52183,Cross intersection,2,80,Arterial Other,TRARALGON WEST,LATROBE,-38.188934,146.48698,2022,11,November,18,Afternoon Peak,Weekday
T20220026985,2022-11-28,21:00:00,4,Collision with a fixed object,1,Monday,173,RIGHT OFF CARRIAGEWAY INTO OBJECT/PARKED VEHICLE,5,775388,Cross intersection,2,100,Arterial Other,BALLARAT-MARYBOROUGH,BALLARAT,-37.37164,143.80809,2022,11,November,21,Night,Weekday
T20220027606,2022-11-28,12:40:00,1,Collision with vehicle,1,Monday,130,REAR END(VEHICLES IN SAME LANE),9,225038,T intersection,3,100,Freeway,MONASH,MONASH,-37.89366,145.13948,2022,11,November,12,Midday,Weekday
T20220026923,2022-11-28,07:00:00,1,Collision with vehicle,1,Monday,121,RIGHT THROUGH,1,35422,Cross intersection,3,30,Arterial Other,DAREBIN,DAREBIN,-37.765602,145.02151,2022,11,November,7,Morning Peak,Weekday
T20220028155,2022-11-28,14:45:00,1,Collision with vehicle,1,Monday,113,RIGHT NEAR (INTERSECTIONS ONLY),1,742024,T intersection,3,60,Arterial Other,WICKHAM,KINGSTON,-37.946556,145.05382,2022,11,November,14,Midday,Weekday
T20220026988,2022-11-28,14:05:00,1,Collision with vehicle,1,Monday,113,RIGHT NEAR (INTERSECTIONS ONLY),1,57088,T intersection,3,60,Arterial Other,ELEVENTH,MILDURA,-34.186874,142.15422,2022,11,November,14,Midday,Weekday
T20220026958,2022-11-28,22:26:00,1,Collision with vehicle,1,Monday,110,CROSS TRAFFIC(INTERSECTIONS ONLY),3,48745,Cross intersection,3,50,Local Road,DISRAELI,BRIMBANK,-37.74467,144.78252,2022,11,November,22,Night,Weekday
T20220026956,2022-11-28,14:00:00,1,Collision with vehicle,1,Monday,160,VEHICLE COLLIDES WITH VEHICLE PARKED ON LEFT OF ROAD,1,775387,Not at intersection,3,50,Local Road,BRADSHAW,KINGSTON,-37.99753,145.09644,2022,11,November,14,Midday,Weekday
T20220026916,2022-11-28,11:44:00,1,Collision with vehicle,1,Monday,130,REAR END(VEHICLES IN SAME LANE),1,740100,T intersection,3,60,Local Road,FINDON,WHITTLESEA,-37.638485,145.03577,2022,11,November,11,Midday,Weekday
T20220026929,2022-11-28,15:47:00,1,Collision with vehicle,1,Monday,171,LEFT OFF CARRIAGEWAY INTO OBJECT/PARKED VEHICLE,1,738579,Not at intersection,2,80,Arterial Highway,SPRINGVALE ROAD SERVICE,MONASH,-37.898518,145.16232,2022,11,November,15,Afternoon Peak,Weekday
T20220026933,2022-11-28,15:32:00,4,Collision with a fixed object,1,Monday,183,OFF LEFT BEND INTO OBJECT/PARKED VEHICLE,1,748588,Not at intersection,2,100,Arterial Other,BENDIGO-MARYBOROUGH,LODDON,-36.885323,143.85716,2022,11,November,15,Afternoon Peak,Weekday
T20220026955,2022-11-28,15:10:00,1,Collision with vehicle,1,Monday,116,LEFT NEAR (INTERSECTIONS ONLY),1,36781,T intersection,3,60,Local Road,HAMMOND,DANDENONG,-38.034027,145.2017,2022,11,November,15,Afternoon Peak,Weekday
T20220027001,2022-11-28,06:45:00,1,Collision with vehicle,1,Monday,130,REAR END(VEHICLES IN SAME LANE),1,765136,Not at intersection,3,80,Freeway,METROPOLITAN RING,NILLUMBIK,-37.687817,145.07909,2022,11,November,6,Morning Peak,Weekday
T20220026910,2022-11-28,11:08:00,1,Collision with vehicle,1,Monday,111,RIGHT FAR (INTERSECTIONS ONLY),1,49957,Cross intersection,2,50,Local Road,FITZROY,GEELONG,-38.15016,144.37083,2022,11,November,11,Midday,Weekday
T20220026904,2022-11-28,08:40:00,1,Collision with vehicle,1,Monday,113,RIGHT NEAR (INTERSECTIONS ONLY),1,35738,Cross intersection,2,50,Local Road,CLOW,DANDENONG,-37.986637,145.22978,2022,11,November,8,Morning Peak,Weekday
T20220027303,2022-11-29,08:30:00,1,Collision with vehicle,2,Tuesday,140,U TURN,1,764491,Not at intersection,3,40,Arterial Highway,HERTFORD,BALLARAT,-37.586327,143.83276,2022,11,November,8,Morning Peak,Weekday
T20220027885,2022-11-29,21:00:00,1,Collision with vehicle,2,Tuesday,130,REAR END(VEHICLES IN SAME LANE),9,63774,T intersection,3,60,Arterial Other,STATION,BRIMBANK,-37.762733,144.77592,2022,11,November,21,Night,Weekday
T20230007953,2022-11-29,09:45:00,1,Collision with vehicle,2,Tuesday,130,REAR END(VEHICLES IN SAME LANE),9,765547,Not at intersection,3,70,Arterial Other,BLACKBURN,MANNINGHAM,-37.789005,145.16199,2022,11,November,9,Morning Peak,Weekday
T20230003187,2022-11-29,13:15:00,1,Collision with vehicle,2,Tuesday,123,RIGHT/LEFT. ONE VEH TURNING RIGHT THE OTHER LEFT.,1,36349,Multiple intersection,3,70,Arterial Other,HEALESVILLE-YARRA GLEN,YARRA RANGES,-37.649967,145.49808,2022,11,November,13,Midday,Weekday
T20220027560,2022-11-29,08:23:00,1,Collision with vehicle,2,Tuesday,130,REAR END(VEHICLES IN SAME LANE),1,739779,Not at intersection,3,40,Arterial Highway,BELL,MORELAND,-37.74154,144.96828,2022,11,November,8,Morning Peak,Weekday
T20220027093,2022-11-29,16:00:00,1,Collision with vehicle,2,Tuesday,130,REAR END(VEHICLES IN SAME LANE),1,764495,Not at intersection,3,70,Arterial Other,CANTERBURY,MAROONDAH,-37.832478,145.22986,2022,11,November,16,Afternoon Peak,Weekday
T20220027504,2022-11-29,17:24:00,1,Collision with vehicle,2,Tuesday,130,REAR END(VEHICLES IN SAME LANE),1,742718,Not at intersection,3,50,Local Road,PALM SPRINGS,MELTON,-37.76041,144.7379,2022,11,November,17,Afternoon Peak,Weekday
T20220027977,2022-11-29,17:26:00,1,Collision with vehicle,2,Tuesday,130,REAR END(VEHICLES IN SAME LANE),1,740696,T intersection,3,70,Local Road,CAMBRIDGE,YARRA RANGES,-37.804703,145.34987,2022,11,November,17,Afternoon Peak,Weekday
T20220027734,2022-11-29,15:40:00,1,Collision with vehicle,2,Tuesday,130,REAR END(VEHICLES IN SAME LANE),1,757732,Not at intersection,2,80,Freeway,KINGS-WEST GATE OUT,MELBOURNE,-37.828068,144.96144,2022,11,November,15,Afternoon Peak,Weekday
T20220027753,2022-11-29,16:08:00,1,Collision with vehicle,2,Tuesday,130,REAR END(VEHICLES IN SAME LANE),1,706955,Not at intersection,3,80,Arterial Highway,DINGLEY,KINGSTON,-37.941666,145.0931,2022,11,November,16,Afternoon Peak,Weekday
T20220027105,2022-11-29,18:30:00,1,Collision with vehicle,2,Tuesday,130,REAR END(VEHICLES IN SAME LANE),1,35581,T intersection,3,60,Arterial Highway,BELL,MORELAND,-37.73951,144.94847,2022,11,November,18,Afternoon Peak,Weekday
T20220029482,2022-11-29,15:59:00,1,Collision with vehicle,2,Tuesday,113,RIGHT NEAR (INTERSECTIONS ONLY),1,45516,T intersection,3,80,Arterial Other,MELTON,MELTON,-37.683125,144.66124,2022,11,November,15,Afternoon Peak,Weekday
T20220026968,2022-11-29,05:07:00,1,Collision with vehicle,2,Tuesday,133,LANE SIDE SWIPE (VEHICLES IN PARALLEL LANES),3,764493,Not at intersection,3,60,Arterial Other,CANTERBURY,MAROONDAH,-37.83246,145.26611,2022,11,November,5,Morning Peak,Weekday
T20220026972,2022-11-29,05:30:00,4,Collision with a fixed object,2,Tuesday,173,RIGHT OFF CARRIAGEWAY INTO OBJECT/PARKED VEHICLE,2,786583,Not at intersection,2,80,Local Road,MAIN CREEK,MORNINGTON PENINSULA,-38.374634,144.97696,2022,11,November,5,Morning Peak,Weekday
T20220026976,2022-11-29,07:30:00,1,Collision with vehicle,2,Tuesday,130,REAR END(VEHICLES IN SAME LANE),1,738632,Not at intersection,2,80,Freeway,WEST GATE IN-KINGS,MELBOURNE,-37.827614,144.9609,2022,11,November,7,Morning Peak,Weekday
T20230000126,2022-11-29,18:30:00,1,Collision with vehicle,2,Tuesday,130,REAR END(VEHICLES IN SAME LANE),1,765122,Not at intersection,3,80,Arterial Other,MELTON,BRIMBANK,-37.697113,144.77965,2022,11,November,18,Afternoon Peak,Weekday
T20220026982,2022-11-29,04:35:00,6,Vehicle overturned (no collision),2,Tuesday,174,OUT OF CONTROL ON CARRIAGEWAY (ON STRAIGHT),3,740308,T intersection,2,50,Local Road,ROWE,BALLARAT,-37.55924,143.86725,2022,11,November,4,Late Night,Weekday
T20220026993,2022-11-29,05:17:00,1,Collision with vehicle,2,Tuesday,130,REAR END(VEHICLES IN SAME LANE),2,773183,Not at intersection,3,60,Local Road,DOHERTYS,WYNDHAM,-37.82664,144.76826,2022,11,November,5,Morning Peak,Weekday
T20220026997,2022-11-29,07:50:00,1,Collision with vehicle,2,Tuesday,130,REAR END(VEHICLES IN SAME LANE),1,49625,T intersection,3,70,Local Road,AVALON,GEELONG,-38.02644,144.429,2022,11,November,7,Morning Peak,Weekday
T20220027008,2022-11-29,12:29:00,1,Collision with vehicle,2,Tuesday,140,U TURN,1,740688,Not at intersection,3,60,Arterial Other,BLUFF,BAYSIDE,-37.93568,145.0242,2022,11,November,12,Midday,Weekday
T20220027009,2022-11-29,08:37:00,1,Collision with vehicle,2,Tuesday,130,REAR END(VEHICLES IN SAME LANE),1,738405,Not at intersection,3,80,Arterial Other,LOWER DUNEED,GEELONG,-38.24873,144.33307,2022,11,November,8,Morning Peak,Weekday
T20220027013,2022-11-29,12:30:00,1,Collision with vehicle,2,Tuesday,134,LANE CHANGE RIGHT (NOT OVERTAKING),1,739355,Not at intersection,3,80,Arterial Other,WESTALL,DANDENONG,-37.965164,145.13489,2022,11,November,12,Midday,Weekday
T20220027016,2022-11-29,13:50:00,1,Collision with vehicle,2,Tuesday,121,RIGHT THROUGH,1,229963,Cross intersection,3,70,Arterial Other,SAYERS,WYNDHAM,-37.852726,144.73128,2022,11,November,13,Midday,Weekday
T20220027019,2022-11-29,13:44:00,8,No collision and no object struck,2,Tuesday,199,UNKNOWN-NO DETAILS ON MANOEUVRES OF ROAD-USERS IN ACCIDENT,1,761343,Unknown,2,60,Local Road,AIREYS,COLAC OTWAY,-38.35755,143.58186,2022,11,November,13,Midday,Weekday
T20220027027,2022-11-29,15:00:00,1,Collision with vehicle,2,Tuesday,113,RIGHT NEAR (INTERSECTIONS ONLY),1,35703,T intersection,3,100,Arterial Highway,SOUTH GIPPSLAND,CARDINIA,-38.215282,145.49768,2022,11,November,15,Afternoon Peak,Weekday
T20230000252,2022-11-29,08:00:00,1,Collision with vehicle,2,Tuesday,130,REAR END(VEHICLES IN SAME LANE),1,332870,Cross intersection,3,80,Arterial Other,BAXTER-TOORADIN,CASEY,-38.19472,145.33113,2022,11,November,8,Morning Peak,Weekday
T20220027126,2022-11-29,08:40:00,1,Collision with vehicle,2,Tuesday,130,REAR END(VEHICLES IN SAME LANE),1,749549,Not at intersection,3,60,Arterial Highway,NORTH,GLEN EIRA,-37.909245,145.08311,2022,11,November,8,Morning Peak,Weekday
T20220027127,2022-11-29,17:00:00,1,Collision with vehicle,2,Tuesday,130,REAR END(VEHICLES IN SAME LANE),1,349021,Cross intersection,3,80,Freeway,VINEYARD,HUME,-37.613205,144.70886,2022,11,November,17,Afternoon Peak,Weekday
T20220027031,2022-11-29,17:20:00,1,Collision with vehicle,2,Tuesday,110,CROSS TRAFFIC(INTERSECTIONS ONLY),1,37886,Cross intersection,3,40,Local Road,ARUNDEL,DAREBIN,-37.696373,145.01584,2022,11,November,17,Afternoon Peak,Weekday
T20220027807,2022-11-29,16:20:00,1,Collision with vehicle,2,Tuesday,135,LANE CHANGE LEFT (NOT OVERTAKING),1,339039,Not at intersection,3,100,Freeway,MONASH,DANDENONG,-37.95175,145.21411,2022,11,November,16,Afternoon Peak,Weekday
T20220027036,2022-11-29,17:30:00,1,Collision with vehicle,2,Tuesday,130,REAR END(VEHICLES IN SAME LANE),1,738635,Not at intersection,3,70,Arterial Other,CANTERBURY,WHITEHORSE,-37.83662,145.18724,2022,11,November,17,Afternoon Peak,Weekday
T20220027037,2022-11-29,14:19:00,1,Collision with vehicle,2,Tuesday,110,CROSS TRAFFIC(INTERSECTIONS ONLY),1,52809,Cross intersection,3,60,Local Road,ARMSTRONG,BALLARAT,-37.550987,143.85828,2022,11,November,14,Midday,Weekday
T20220027038,2022-11-29,15:05:00,1,Collision with vehicle,2,Tuesday,147,VEHICLE STRIKES ANOTHER VEH WHILE EMERGING FROM DRIVEWAY,1,765069,Not at intersection,3,50,Local Road,ATTUNGA,FRANKSTON,-38.08396,145.13007,2022,11,November,15,Afternoon Peak,Weekday
T20220027040,2022-11-29,18:05:00,1,Collision with vehicle,2,Tuesday,110,CROSS TRAFFIC(INTERSECTIONS ONLY),1,36127,Cross intersection,2,60,Arterial Other,KING,MELBOURNE,-37.80629,144.94981,2022,11,November,18,Afternoon Peak,Weekday
T20220027041,2022-11-29,07:30:00,1,Collision with vehicle,2,Tuesday,137,LEFT TURN SIDESWIPE,1,29533,T intersection,3,50,Arterial Other,POWER,BOROONDARA,-37.817207,145.0272,2022,11,November,7,Morning Peak,Weekday
T20220027047,2022-11-29,14:51:00,2,Struck Pedestrian,2,Tuesday,100,PED NEAR SIDE. PED HIT BY VEHICLE FROM THE RIGHT.,1,741269,Not at intersection,3,40,Local Road,LINLITHGOW,MELBOURNE,-37.8225,144.97191,2022,11,November,14,Midday,Weekday
T20220027050,2022-11-29,13:00:00,1,Collision with vehicle,2,Tuesday,152,PULLING OUT (OVERTAKING),1,57068,T intersection,2,80,Arterial Highway,WARBURTON,YARRA RANGES,-37.77598,145.4859,2022,11,November,13,Midday,Weekday
T20220027051,2022-11-29,18:00:00,1,Collision with vehicle,2,Tuesday,160,VEHICLE COLLIDES WITH VEHICLE PARKED ON LEFT OF ROAD,1,780268,Not at intersection,3,50,Local Road,BROOKWATER,CASEY,-38.07459,145.25552,2022,11,November,18,Afternoon Peak,Weekday
T20220027056,2022-11-29,15:40:00,2,Struck Pedestrian,2,Tuesday,102,FAR SIDE. PED HIT BY VEHICLE FROM THE LEFT,1,739037,Not at intersection,3,60,Arterial Other,HAMPSTEAD,MARIBYRNONG,-37.778942,144.87498,2022,11,November,15,Afternoon Peak,Weekday
T20220027059,2022-11-29,17:27:00,1,Collision with vehicle,2,Tuesday,132,RIGHT REAR.,1,56439,T intersection,3,60,Arterial Other,HUNTINGDALE,MONASH,-37.881603,145.10916,2022,11,November,17,Afternoon Peak,Weekday
T20220027061,2022-11-29,17:55:00,1,Collision with vehicle,2,Tuesday,113,RIGHT NEAR (INTERSECTIONS ONLY),1,42592,Cross intersection,2,60,Arterial Other,POLICE,DANDENONG,-37.937237,145.18953,2022,11,November,17,Afternoon Peak,Weekday
T20220027062,2022-11-29,21:09:00,1,Collision with vehicle,2,Tuesday,110,CROSS TRAFFIC(INTERSECTIONS ONLY),3,35654,Cross intersection,3,80,Local Road,PEARCEDALE,CASEY,-38.1872,145.23802,2022,11,November,21,Night,Weekday
T20220027067,2022-11-29,20:40:00,8,No collision and no object struck,2,Tuesday,174,OUT OF CONTROL ON CARRIAGEWAY (ON STRAIGHT),3,738409,Not at intersection,3,50,Local Road,JOHNSON,DAREBIN,-37.703106,145.01051,2022,11,November,20,Night,Weekday
T20220027133,2022-11-29,07:00:00,1,Collision with vehicle,2,Tuesday,142,LEAVING PARKING,1,775369,Not at intersection,3,50,Local Road,BRUNSWICK,YARRA,-37.802715,144.9777,2022,11,November,7,Morning Peak,Weekday
T20220027071,2022-11-29,06:20:00,1,Collision with vehicle,2,Tuesday,130,REAR END(VEHICLES IN SAME LANE),2,744600,T intersection,3,80,Local Road,LINK,BENALLA,-36.497723,146.02002,2022,11,November,6,Morning Peak,Weekday
T20220027228,2022-11-30,18:20:00,6,Vehicle overturned (no collision),3,Wednesday,174,OUT OF CONTROL ON CARRIAGEWAY (ON STRAIGHT),1,36748,T intersection,3,50,Local Road,CHURCH,YARRA,-37.80866,145.00096,2022,11,November,18,Afternoon Peak,Weekday
T20220027090,2022-11-30,07:25:00,1,Collision with vehicle,3,Wednesday,130,REAR END(VEHICLES IN SAME LANE),1,741270,Not at intersection,2,100,Freeway,EASTERN,WHITEHORSE,-37.803333,145.1687,2022,11,November,7,Morning Peak,Weekday
T20220027094,2022-11-30,11:20:00,1,Collision with vehicle,3,Wednesday,132,RIGHT REAR.,1,739455,Not at intersection,2,80,Arterial Highway,GREAT OCEAN,SURF COAST,-38.374405,144.22324,2022,11,November,11,Midday,Weekday
T20220027095,2022-11-30,10:20:00,1,Collision with vehicle,3,Wednesday,120,HEAD ON (NOT OVERTAKING),1,744390,T intersection,3,50,Local Road,NORTHUMBERLAND,WHITTLESEA,-37.643345,145.0373,2022,11,November,10,Midday,Weekday