ACCIDENT_NO,ACCIDENT_DATE,ACCIDENT_TIME,ACCIDENT_TYPE,ACCIDENT_TYPE_DESC,DAY_OF_WEEK,DAY_WEEK_DESC,DCA_CODE,DCA_DESC,LIGHT_CONDITION,NODE_ID,ROAD_GEOMETRY_DESC,SEVERITY,SPEED_ZONE,RMA,ROAD_NAME,LGA_NAME,LATITUDE,LONGITUDE,YEAR,MONTH,MONTH_NAME,HOUR,TIME_PERIOD,DAY_TYPE
T20220027099,2022-11-30,06:15:00,1,Collision with vehicle,3,Wednesday,130,REAR END(VEHICLES IN SAME LANE),2,739253,Not at intersection,3,80,Arterial Highway,SOUTH GIPPSLAND,DANDENONG,-38.02853,145.24402,2022,11,November,6,Morning Peak,Weekday
T20220027101,2022-11-30,11:01:00,2,Struck Pedestrian,3,Wednesday,106,VEH STRIKES PED ON FOOTPATH/MEDIAN/TRAFFIC ISLAND.,1,764476,Not at intersection,3,40,Local Road,HOLLY,WHITTLESEA,-37.673706,145.05159,2022,11,November,11,Midday,Weekday
T20220027102,2022-11-30,08:44:00,1,Collision with vehicle,3,Wednesday,137,LEFT TURN SIDESWIPE,1,45641,T intersection,3,60,Arterial Other,ROYAL,MELBOURNE,-37.781742,144.95976,2022,11,November,8,Morning Peak,Weekday
T20220027109,2022-11-30,07:50:00,1,Collision with vehicle,3,Wednesday,130,REAR END(VEHICLES IN SAME LANE),1,738639,Not at intersection,3,70,Arterial Other,DYNON,MELBOURNE,-37.802563,144.9244,2022,11,November,7,Morning Peak,Weekday
T20220027223,2022-11-30,16:15:00,1,Collision with vehicle,3,Wednesday,160,VEHICLE COLLIDES WITH VEHICLE PARKED ON LEFT OF ROAD,1,775687,Cross intersection,2,60,Arterial Other,BALCOMBE,BAYSIDE,-37.976624,145.02554,2022,11,November,16,Afternoon Peak,Weekday
T20220027112,2022-11-30,13:35:00,1,Collision with vehicle,3,Wednesday,120,HEAD ON (NOT OVERTAKING),1,740105,Not at intersection,2,80,Local Road,OLD CAPE SCHANCK,MORNINGTON PENINSULA,-38.38181,144.90732,2022,11,November,13,Midday,Weekday
T20220027113,2022-11-30,14:27:00,1,Collision with vehicle,3,Wednesday,130,REAR END(VEHICLES IN SAME LANE),1,764478,Not at intersection,2,60,Arterial Other,ARNOLD,BENDIGO,-36.74844,144.28082,2022,11,November,14,Midday,Weekday
T20220027119,2022-11-30,13:57:00,1,Collision with vehicle,3,Wednesday,130,REAR END(VEHICLES IN SAME LANE),1,35500,Cross intersection,2,70,Arterial Highway,DANDENONG ROAD -QUEENS,STONNINGTON,-37.857506,144.9923,2022,11,November,13,Midday,Weekday
T20220027128,2022-11-30,15:16:00,1,Collision with vehicle,3,Wednesday,130,REAR END(VEHICLES IN SAME LANE),1,764483,Not at intersection,3,100,Freeway,TULLAMARINE IN-WESTERN RING IN,MORELAND,-37.704647,144.88977,2022,11,November,15,Afternoon Peak,Weekday
T20220027135,2022-11-30,16:43:00,1,Collision with vehicle,3,Wednesday,115,RIGHT/LEFT FAR (INTERSECTIONS ONLY),1,330406,Cross intersection,2,60,Arterial Highway,MAROONDAH,MAROONDAH,-37.816956,145.22043,2022,11,November,16,Afternoon Peak,Weekday
T20220027139,2022-11-30,18:15:00,1,Collision with vehicle,3,Wednesday,130,REAR END(VEHICLES IN SAME LANE),1,764482,Not at intersection,3,80,Arterial Highway,FRANKSTON-DANDENONG,DANDENONG,-38.009853,145.21628,2022,11,November,18,Afternoon Peak,Weekday
T20220027141,2022-11-30,16:13:00,4,Collision with a fixed object,3,Wednesday,181,OFF RIGHT BEND INTO OBJECT/PARKED VEHICLE,1,783309,Not at intersection,3,80,Local Road,HUGHES,ALPINE,-36.663532,146.85973,2022,11,November,16,Afternoon Peak,Weekday
T20220027585,2022-11-30,06:25:00,1,Collision with vehicle,3,Wednesday,139,OTHER SAME DIRECTION-MANOUEVRES NOT INCLUDED IN DCAs 130-137,1,775704,Not at intersection,3,100,Freeway,WESTERN RING,HUME,-37.692158,144.94963,2022,11,November,6,Morning Peak,Weekday
T20220027069,2022-11-30,01:23:00,1,Collision with vehicle,3,Wednesday,147,VEHICLE STRIKES ANOTHER VEH WHILE EMERGING FROM DRIVEWAY,3,750325,Not at intersection,3,50,Local Road,NORTHCORP,HUME,-37.687424,144.951,2022,11,November,1,Late Night,Weekday
T20220027072,2022-11-30,06:10:00,1,Collision with vehicle,3,Wednesday,134,LANE CHANGE RIGHT (NOT OVERTAKING),1,744507,Not at intersection,2,80,Arterial Highway,DANDENONG,MONASH,-37.924515,145.14308,2022,11,November,6,Morning Peak,Weekday
T20220027073,2022-11-30,04:15:00,4,Collision with a fixed object,3,Wednesday,173,RIGHT OFF CARRIAGEWAY INTO OBJECT/PARKED VEHICLE,3,775207,Not at intersection,3,60,Arterial Other,CANTERBURY,WHITEHORSE,-37.83157,145.14595,2022,11,November,4,Late Night,Weekday
T20220028634,2022-11-30,17:20:00,1,Collision with vehicle,3,Wednesday,148,VEHICLE OFF FOOTPATH STRIKES VEH ON CARRIAGEWAY,1,783318,Not at intersection,3,50,Local Road,COOPER,HUME,-37.688957,144.93024,2022,11,November,17,Afternoon Peak,Weekday
T20220027678,2022-11-30,17:05:00,1,Collision with vehicle,3,Wednesday,137,LEFT TURN SIDESWIPE,1,29438,T intersection,3,60,Arterial Other,BRIDGE,YARRA,-37.818333,144.9969,2022,11,November,17,Afternoon Peak,Weekday
T20220027145,2022-11-30,17:45:00,1,Collision with vehicle,3,Wednesday,121,RIGHT THROUGH,1,44621,T intersection,2,60,Arterial Other,KINGSBURY,DAREBIN,-37.729725,145.06085,2022,11,November,17,Afternoon Peak,Weekday
T20220027147,2022-11-30,17:55:00,6,Vehicle overturned (no collision),3,Wednesday,180,OFF CARRIAGEWAY ON RIGHT BEND,1,776849,Not at intersection,2,100,Local Road,WANGOOM,MOYNE,-38.347614,142.55956,2022,11,November,17,Afternoon Peak,Weekday
T20220027151,2022-11-30,18:10:00,1,Collision with vehicle,3,Wednesday,143,ENTERING PARKING,1,739356,Not at intersection,2,40,Arterial Other,BROADWAY,DAREBIN,-37.7169,145.00908,2022,11,November,18,Afternoon Peak,Weekday
T20220027153,2022-11-30,16:20:00,2,Struck Pedestrian,3,Wednesday,100,PED NEAR SIDE. PED HIT BY VEHICLE FROM THE RIGHT.,1,228894,Cross intersection,3,60,Arterial Highway,DEAKIN,MILDURA,-34.189587,142.15742,2022,11,November,16,Afternoon Peak,Weekday
T20220027154,2022-11-30,19:58:00,1,Collision with vehicle,3,Wednesday,113,RIGHT NEAR (INTERSECTIONS ONLY),1,738641,T intersection,3,60,Local Road,BOORAN,GLEN EIRA,-37.893524,145.03677,2022,11,November,19,Night,Weekday
T20220027158,2022-11-30,14:50:00,1,Collision with vehicle,3,Wednesday,110,CROSS TRAFFIC(INTERSECTIONS ONLY),1,695241,Cross intersection,3,80,Arterial Other,CRANBOURNE-FRANKSTON,FRANKSTON,-38.150642,145.195,2022,11,November,14,Midday,Weekday
T20220027159,2022-11-30,19:50:00,1,Collision with vehicle,3,Wednesday,130,REAR END(VEHICLES IN SAME LANE),2,764477,Not at intersection,2,40,Arterial Other,SYDNEY,MORELAND,-37.765972,144.96231,2022,11,November,19,Night,Weekday
T20220027160,2022-11-30,19:48:00,1,Collision with vehicle,3,Wednesday,136,RIGHT TURN SIDESWIPE,1,740310,Cross intersection,2,60,Arterial Highway,ALEXANDRA,YARRA,-37.793125,144.9794,2022,11,November,19,Night,Weekday
T20220027162,2022-11-30,17:10:00,4,Collision with a fixed object,3,Wednesday,181,OFF RIGHT BEND INTO OBJECT/PARKED VEHICLE,1,764480,Not at intersection,3,60,Local Road,PUNT,EAST GIPPSLAND,-37.83525,147.82947,2022,11,November,17,Afternoon Peak,Weekday
T20220027166,2022-11-30,18:30:00,1,Collision with vehicle,3,Wednesday,130,REAR END(VEHICLES IN SAME LANE),9,740489,Not at intersection,3,80,Arterial Highway,CRESWICK,BALLARAT,-37.527153,143.84846,2022,11,November,18,Afternoon Peak,Weekday
T20220027168,2022-11-30,22:40:00,1,Collision with vehicle,3,Wednesday,110,CROSS TRAFFIC(INTERSECTIONS ONLY),3,49899,Cross intersection,3,40,Local Road,AUTUMN,GEELONG,-38.14307,144.34784,2022,11,November,22,Night,Weekday
T20220027170,2022-11-30,21:33:00,2,Struck Pedestrian,3,Wednesday,102,FAR SIDE. PED HIT BY VEHICLE FROM THE LEFT,3,738609,Not at intersection,1,60,Local Road,MCNAIRN,LATROBE,-38.19711,146.56143,2022,11,November,21,Night,Weekday
T20230030781,2022-11-30,17:10:00,1,Collision with vehicle,3,Wednesday,147,VEHICLE STRIKES ANOTHER VEH WHILE EMERGING FROM DRIVEWAY,1,795815,Not at intersection,3,50,Local Road,ROSLYN,GEELONG,-38.173054,144.323,2022,11,November,17,Afternoon Peak,Weekday
T20230008301,2022-11-30,08:45:00,1,Collision with vehicle,3,Wednesday,130,REAR END(VEHICLES IN SAME LANE),1,452,Multiple intersection,3,80,Arterial Highway,GEELONG,MARIBYRNONG,-37.811073,144.86969,2022,11,November,8,Morning Peak,Weekday
T20220029665,2022-11-30,13:45:00,2,Struck Pedestrian,3,Wednesday,102,FAR SIDE. PED HIT BY VEHICLE FROM THE LEFT,1,744404,T intersection,3,50,Arterial Highway,FOREST,MOUNT ALEXANDER,-37.0669,144.21756,2022,11,November,13,Midday,Weekday
T20220027195,2022-12-01,09:00:00,1,Collision with vehicle,4,Thursday,130,REAR END(VEHICLES IN SAME LANE),1,58985,T intersection,3,40,Local Road,OVENS,WANGARATTA,-36.355885,146.32182,2022,12,December,9,Morning Peak,Weekday
T20220027251,2022-12-01,17:46:00,1,Collision with vehicle,4,Thursday,149,OTHER MANOEUVRING NOT INCLUDED IN DCAs 140-148,1,753492,Not at intersection,2,60,Local Road,MORRISS,WARRNAMBOOL,-38.356686,142.46577,2022,12,December,17,Afternoon Peak,Weekday
T20220027255,2022-12-01,20:10:00,8,No collision and no object struck,4,Thursday,174,OUT OF CONTROL ON CARRIAGEWAY (ON STRAIGHT),2,45064,Cross intersection,2,40,Local Road,DEVONSHIRE,BRIMBANK,-37.784866,144.83206,2022,12,December,20,Night,Weekday
T20220027263,2022-12-01,15:56:00,1,Collision with vehicle,4,Thursday,110,CROSS TRAFFIC(INTERSECTIONS ONLY),1,45979,Cross intersection,2,50,Local Road,ANDERSON,WHITTLESEA,-37.66394,145.02046,2022,12,December,15,Afternoon Peak,Weekday
T20220027264,2022-12-01,17:33:00,6,Vehicle overturned (no collision),4,Thursday,174,OUT OF CONTROL ON CARRIAGEWAY (ON STRAIGHT),1,748471,Not at intersection,2,80,Local Road,FOREST,SURF COAST,-38.347153,144.18451,2022,12,December,17,Afternoon Peak,Weekday
T20220027266,2022-12-01,16:40:00,4,Collision with a fixed object,4,Thursday,173,RIGHT OFF CARRIAGEWAY INTO OBJECT/PARKED VEHICLE,1,41785,Cross intersection,2,50,Local Road,HILTON,MORELAND,-37.702003,144.93922,2022,12,December,16,Afternoon Peak,Weekday
T20220027268,2022-12-01,19:58:00,1,Collision with vehicle,4,Thursday,121,RIGHT THROUGH,1,42035,T intersection,2,60,Arterial Other,BEACH,BAYSIDE,-37.946003,145.00095,2022,12,December,19,Night,Weekday
T20220027207,2022-12-01,11:20:00,1,Collision with vehicle,4,Thursday,110,CROSS TRAFFIC(INTERSECTIONS ONLY),1,52007,Cross intersection,3,50,Local Road,JOHN,WELLINGTON,-37.961594,146.98131,2022,12,December,11,Midday,Weekday
T20220027208,2022-12-01,12:45:00,1,Collision with vehicle,4,Thursday,111,RIGHT FAR (INTERSECTIONS ONLY),1,40757,T intersection,3,40,Arterial Other,CANTERBURY,WHITEHORSE,-37.83194,145.14886,2022,12,December,12,Midday,Weekday
T20220027269,2022-12-01,18:38:00,1,Collision with vehicle,4,Thursday,132,RIGHT REAR.,1,42030,T intersection,2,60,Arterial Other,BEACH,BAYSIDE,-37.941826,145.00017,2022,12,December,18,Afternoon Peak,Weekday
T20220027210,2022-12-01,12:49:00,1,Collision with vehicle,4,Thursday,116,LEFT NEAR (INTERSECTIONS ONLY),1,244864,T intersection,3,70,Arterial Highway,SETTLEMENT,GEELONG,-38.181854,144.34026,2022,12,December,12,Midday,Weekday
T20220027212,2022-12-01,12:35:00,2,Struck Pedestrian,4,Thursday,107,PED ON FOOTHPATH STRUCK BY VEHENTERING/LEAVING DRIVEWAY.,1,751038,Not at intersection,3,50,Arterial Highway,DANDENONG ROAD SERVICE,MONASH,-37.922405,145.14035,2022,12,December,12,Midday,Weekday
T20220027220,2022-12-01,11:34:00,4,Collision with a fixed object,4,Thursday,173,RIGHT OFF CARRIAGEWAY INTO OBJECT/PARKED VEHICLE,1,740109,Not at intersection,2,80,Arterial Other,PORTARLINGTON,GEELONG,-38.16507,144.4169,2022,12,December,11,Midday,Weekday
T20220027221,2022-12-01,12:00:00,1,Collision with vehicle,4,Thursday,121,RIGHT THROUGH,1,775686,Cross intersection,2,60,Arterial Other,MELVILLE,MORELAND,-37.753338,144.94576,2022,12,December,12,Midday,Weekday
T20220027222,2022-12-01,15:15:00,2,Struck Pedestrian,4,Thursday,100,PED NEAR SIDE. PED HIT BY VEHICLE FROM THE RIGHT.,1,738862,Not at intersection,3,60,Arterial Other,MT ALEXANDER,MOONEE VALLEY,-37.746387,144.91124,2022,12,December,15,Afternoon Peak,Weekday
T20220027224,2022-12-01,14:55:00,1,Collision with vehicle,4,Thursday,113,RIGHT NEAR (INTERSECTIONS ONLY),1,43731,T intersection,2,60,Local Road,MCKENZIE,MELTON,-37.684906,144.5781,2022,12,December,14,Midday,Weekday
T20220027176,2022-12-01,01:20:00,1,Collision with vehicle,4,Thursday,160,VEHICLE COLLIDES WITH VEHICLE PARKED ON LEFT OF ROAD,3,775697,Not at intersection,3,60,Arterial Other,WAURN PONDS,GEELONG,-38.203686,144.30162,2022,12,December,1,Late Night,Weekday
T20220027688,2022-12-01,14:30:00,1,Collision with vehicle,4,Thursday,121,RIGHT THROUGH,1,36827,T intersection,3,40,Arterial Other,KING,MELBOURNE,-37.810345,144.95293,2022,12,December,14,Midday,Weekday
T20220027232,2022-12-01,16:30:00,1,Collision with vehicle,4,Thursday,110,CROSS TRAFFIC(INTERSECTIONS ONLY),1,43909,Cross intersection,2,60,Arterial Other,BERWICK-CRANBOURNE ROAD -SLADEN,CASEY,-38.113888,145.28973,2022,12,December,16,Afternoon Peak,Weekday
T20220027233,2022-12-01,14:31:00,4,Collision with a fixed object,4,Thursday,173,RIGHT OFF CARRIAGEWAY INTO OBJECT/PARKED VEHICLE,1,786644,Not at intersection,2,70,Arterial Other,HEATHERTON,CASEY,-37.975796,145.26414,2022,12,December,14,Midday,Weekday
T20220027175,2022-12-01,03:00:00,1,Collision with vehicle,4,Thursday,160,VEHICLE COLLIDES WITH VEHICLE PARKED ON LEFT OF ROAD,3,764231,Not at intersection,3,60,Local Road,DISTRIBUTION,WYNDHAM,-37.816494,144.76146,2022,12,December,3,Late Night,Weekday
T20220027277,2022-12-01,22:45:00,2,Struck Pedestrian,4,Thursday,109,ANY MANOEUVRE INVOLVING PED NOT INCLUDED IN DCAs 100-108.,5,764475,Not at intersection,3,50,Local Road,LLOYDS,YARRA RANGES,-37.86513,145.75504,2022,12,December,22,Night,Weekday
T20220027236,2022-12-01,16:49:00,1,Collision with vehicle,4,Thursday,134,LANE CHANGE RIGHT (NOT OVERTAKING),1,739678,Not at intersection,3,100,Freeway,EASTLINK,DANDENONG,-37.984947,145.19333,2022,12,December,16,Afternoon Peak,Weekday
T20220027182,2022-12-01,05:00:00,1,Collision with vehicle,4,Thursday,110,CROSS TRAFFIC(INTERSECTIONS ONLY),3,45638,Cross intersection,2,60,Arterial Other,SYDNEY,MORELAND,-37.777096,144.96043,2022,12,December,5,Morning Peak,Weekday
T20220027189,2022-12-01,08:42:00,1,Collision with vehicle,4,Thursday,140,U TURN,1,738859,Not at intersection,3,60,Arterial Other,BARNARD,BENDIGO,-36.751938,144.28044,2022,12,December,8,Morning Peak,Weekday
T20220029178,2022-12-01,12:00:00,6,Vehicle overturned (no collision),4,Thursday,182,OFF CARRIAGEWAY ON LEFT BEND,1,783325,Not at intersection,3,100,Local Road,RUNCIMAN,SWAN HILL,-35.287804,143.5332,2022,12,December,12,Midday,Weekday
T20230000476,2022-12-01,17:25:00,1,Collision with vehicle,4,Thursday,121,RIGHT THROUGH,1,23933,Cross intersection,3,60,Local Road,BOARDWALK,WYNDHAM,-37.88459,144.73285,2022,12,December,17,Afternoon Peak,Weekday
T20220027557,2022-12-01,10:58:00,1,Collision with vehicle,4,Thursday,130,REAR END(VEHICLES IN SAME LANE),1,326209,Cross intersection,3,80,Arterial Other,CRANBOURNE-NARRE WARREN,CASEY,-38.053555,145.30138,2022,12,December,10,Midday,Weekday
T20220028857,2022-12-01,21:30:00,3,Struck animal,4,Thursday,167,STRUCK ANIMAL,5,754884,Not at intersection,3,100,Local Road,TIMBOON-TERANG,CORANGAMITE,-38.381886,142.91234,2022,12,December,21,Night,Weekday
T20230000649,2022-12-01,17:45:00,1,Collision with vehicle,4,Thursday,160,VEHICLE COLLIDES WITH VEHICLE PARKED ON LEFT OF ROAD,1,783331,Not at intersection,3,50,Local Road,ELEVATION,HUME,-37.598434,144.89229,2022,12,December,17,Afternoon Peak,Weekday
T20220028585,2022-12-01,16:48:00,1,Collision with vehicle,4,Thursday,130,REAR END(VEHICLES IN SAME LANE),1,779951,Not at intersection,3,50,Arterial Other,KING,MELBOURNE,-37.805885,144.94922,2022,12,December,16,Afternoon Peak,Weekday
T20220027250,2022-12-01,19:26:00,1,Collision with vehicle,4,Thursday,121,RIGHT THROUGH,1,43952,Cross intersection,3,60,Arterial Other,MURRAY,DAREBIN,-37.737537,144.99966,2022,12,December,19,Night,Weekday
T20220027179,2022-12-01,01:43:00,4,Collision with a fixed object,4,Thursday,171,LEFT OFF CARRIAGEWAY INTO OBJECT/PARKED VEHICLE,5,764230,Not at intersection,3,40,Arterial Highway,ALBERT,BALLARAT,-37.615307,143.83658,2022,12,December,1,Late Night,Weekday
T20220027706,2022-12-01,22:20:00,1,Collision with vehicle,4,Thursday,130,REAR END(VEHICLES IN SAME LANE),3,783407,Not at intersection,3,80,Freeway,WEST GATE IN-MONTAGUE,MELBOURNE,-37.825596,144.94244,2022,12,December,22,Night,Weekday
T20220028182,2022-12-01,16:32:00,1,Collision with vehicle,4,Thursday,121,RIGHT THROUGH,1,45632,T intersection,3,40,Arterial Other,SYDNEY,MORELAND,-37.77234,144.96123,2022,12,December,16,Afternoon Peak,Weekday
T20220027260,2022-12-01,08:00:00,1,Collision with vehicle,4,Thursday,130,REAR END(VEHICLES IN SAME LANE),1,29623,Cross intersection,3,80,Arterial Highway,SPRINGVALE,WHITEHORSE,-37.862015,145.16922,2022,12,December,8,Morning Peak,Weekday
T20220027323,2022-12-01,14:10:00,1,Collision with vehicle,4,Thursday,113,RIGHT NEAR (INTERSECTIONS ONLY),1,1172,Cross intersection,3,80,Arterial Other,PRINCES,CARDINIA,-38.068752,145.47125,2022,12,December,14,Midday,Weekday
T20220027194,2022-12-01,07:45:00,1,Collision with vehicle,4,Thursday,137,LEFT TURN SIDESWIPE,1,774186,T intersection,2,60,Arterial Highway,BELL,BANYULE,-37.74971,145.04,2022,12,December,7,Morning Peak,Weekday
T20220027559,2022-12-01,11:30:00,1,Collision with vehicle,4,Thursday,121,RIGHT THROUGH,1,739681,Cross intersection,3,50,Local Road,CHURCH,GEELONG,-38.12809,144.31807,2022,12,December,11,Midday,Weekday
T20220027197,2022-12-01,07:46:00,1,Collision with vehicle,4,Thursday,121,RIGHT THROUGH,1,356846,T intersection,2,50,Arterial Highway,NORTH,GLEN EIRA,-37.904846,145.04662,2022,12,December,7,Morning Peak,Weekday
T20220027198,2022-12-01,09:54:00,1,Collision with vehicle,4,Thursday,171,LEFT OFF CARRIAGEWAY INTO OBJECT/PARKED VEHICLE,1,786660,Not at intersection,2,60,Local Road,VICTORIA,BALLARAT,-37.562237,143.86868,2022,12,December,9,Morning Peak,Weekday
T20220027204,2022-12-01,10:20:00,1,Collision with vehicle,4,Thursday,147,VEHICLE STRIKES ANOTHER VEH WHILE EMERGING FROM DRIVEWAY,1,72298,T intersection,2,50,Local Road,BARWON,GEELONG,-38.164402,144.3557,2022,12,December,10,Midday,Weekday
T20220027205,2022-12-01,12:01:00,4,Collision with a fixed object,4,Thursday,146,REVERSING INTO FIXED OBJECT/PARKED VEHICLE,1,764233,Not at intersection,2,40,Local Road,QUEEN,PORT PHILLIP,-37.864117,144.992,2022,12,December,12,Midday,Weekday
T20220027206,2022-12-01,11:06:00,1,Collision with vehicle,4,Thursday,110,CROSS TRAFFIC(INTERSECTIONS ONLY),1,38066,Cross intersection,2,60,Arterial Other,STATION,DAREBIN,-37.75936,145.02142,2022,12,December,11,Midday,Weekday
T20230000128,2022-12-02,16:00:00,1,Collision with vehicle,5,Friday,130,REAR END(VEHICLES IN SAME LANE),1,51413,T intersection,3,60,Arterial Highway,OGILVIE,CAMPASPE,-36.14052,144.75542,2022,12,December,16,Afternoon Peak,Weekday
T20220028205,2022-12-02,12:15:00,1,Collision with vehicle,5,Friday,143,ENTERING PARKING,1,783371,Not at intersection,3,40,Arterial Other,MT ALEXANDER,MOONEE VALLEY,-37.74564,144.91109,2022,12,December,12,Midday,Weekday
T20220028231,2022-12-02,04:30:00,6,Vehicle overturned (no collision),5,Friday,174,OUT OF CONTROL ON CARRIAGEWAY (ON STRAIGHT),9,741385,Not at intersection,3,50,Local Road,TURNBULL,MORELAND,-37.745937,144.93309,2022,12,December,4,Late Night,Weekday
T20220027397,2022-12-02,17:11:00,1,Collision with vehicle,5,Friday,121,RIGHT THROUGH,1,39012,T intersection,3,60,Arterial Other,RIVERSDALE,BOROONDARA,-37.83028,145.04733,2022,12,December,17,Afternoon Peak,Weekday
T20220027286,2022-12-02,07:22:00,1,Collision with vehicle,5,Friday,136,RIGHT TURN SIDESWIPE,1,783354,Not at intersection,3,100,Arterial Other,WANDONG,MITCHELL,-37.338528,144.98578,2022,12,December,7,Morning Peak,Weekday
T20220027287,2022-12-02,07:50:00,1,Collision with vehicle,5,Friday,110,CROSS TRAFFIC(INTERSECTIONS ONLY),1,59114,Cross intersection,3,60,Arterial Other,GRETA,WANGARATTA,-36.37663,146.30779,2022,12,December,7,Morning Peak,Weekday
T20220027288,2022-12-02,07:00:00,1,Collision with vehicle,5,Friday,133,LANE SIDE SWIPE (VEHICLES IN PARALLEL LANES),1,739561,Not at intersection,3,100,Freeway,METROPOLITAN RING,HUME,-37.69158,144.96394,2022,12,December,7,Morning Peak,Weekday
T20220027289,2022-12-02,08:54:00,6,Vehicle overturned (no collision),5,Friday,174,OUT OF CONTROL ON CARRIAGEWAY (ON STRAIGHT),1,50669,Cross intersection,3,40,Local Road,BOTANIC,WARRNAMBOOL,-38.372643,142.4827,2022,12,December,8,Morning Peak,Weekday
T20220027294,2022-12-02,08:30:00,1,Collision with vehicle,5,Friday,111,RIGHT FAR (INTERSECTIONS ONLY),1,39859,Cross intersection,3,60,Arterial Other,CENTRAL,HOBSONS BAY,-37.870235,144.76262,2022,12,December,8,Morning Peak,Weekday
T20220027298,2022-12-02,09:52:00,1,Collision with vehicle,5,Friday,130,REAR END(VEHICLES IN SAME LANE),1,739255,Not at intersection,3,60,Arterial Other,MILITARY,MOONEE VALLEY,-37.758793,144.86055,2022,12,December,9,Morning Peak,Weekday
T20220027312,2022-12-02,13:55:00,1,Collision with vehicle,5,Friday,121,RIGHT THROUGH,1,743465,T intersection,3,60,Arterial Highway,MAROONDAH,YARRA RANGES,-37.662544,145.51326,2022,12,December,13,Midday,Weekday
T20220027313,2022-12-02,14:35:00,2,Struck Pedestrian,5,Friday,100,PED NEAR SIDE. PED HIT BY VEHICLE FROM THE RIGHT.,1,743963,Not at intersection,3,50,Local Road,QUEEN,MITCHELL,-37.413242,144.98082,2022,12,December,14,Midday,Weekday
T20220028294,2022-12-02,23:00:00,1,Collision with vehicle,5,Friday,130,REAR END(VEHICLES IN SAME LANE),6,741287,Cross intersection,3,70,Arterial Other,STATION,BRIMBANK,-37.752552,144.77795,2022,12,December,23,Night,Weekday
T20220027317,2022-12-02,14:25:00,1,Collision with vehicle,5,Friday,110,CROSS TRAFFIC(INTERSECTIONS ONLY),1,53776,Cross intersection,2,100,Local Road,MEAKLIM,SHEPPARTON,-36.3137,145.31355,2022,12,December,14,Midday,Weekday
T20220027388,2022-12-02,12:50:00,1,Collision with vehicle,5,Friday,121,RIGHT THROUGH,1,55690,Cross intersection,3,60,Local Road,BLACK FOREST,WYNDHAM,-37.901596,144.62787,2022,12,December,12,Midday,Weekday
T20220027324,2022-12-02,13:40:00,4,Collision with a fixed object,5,Friday,173,RIGHT OFF CARRIAGEWAY INTO OBJECT/PARKED VEHICLE,1,764170,Not at intersection,2,80,Arterial Other,BRAESIDE-DANDENONG,DANDENONG,-38.011024,145.17941,2022,12,December,13,Midday,Weekday
T20220027327,2022-12-02,11:32:00,1,Collision with vehicle,5,Friday,134,LANE CHANGE RIGHT (NOT OVERTAKING),1,741691,Not at intersection,3,80,Arterial Other,WESTALL,KINGSTON,-37.98278,145.14488,2022,12,December,11,Midday,Weekday
T20220027329,2022-12-02,15:40:00,2,Struck Pedestrian,5,Friday,101,PED EMERGES FROM IN FRONT OF PARKED OR STATIONARY VEHICLE,1,764221,Not at intersection,3,60,Arterial Other,BELMORE,BOROONDARA,-37.80404,145.09584,2022,12,December,15,Afternoon Peak,Weekday
T20220027330,2022-12-02,13:04:00,1,Collision with vehicle,5,Friday,160,VEHICLE COLLIDES WITH VEHICLE PARKED ON LEFT OF ROAD,1,775689,Not at intersection,3,60,Local Road,STERNBERG,BENDIGO,-36.76648,144.29225,2022,12,December,13,Midday,Weekday
T20220027331,2022-12-02,15:18:00,1,Collision with vehicle,5,Friday,121,RIGHT THROUGH,1,744922,T intersection,2,80,Arterial Other,PASCOE VALE,HUME,-37.662594,144.92268,2022,12,December,15,Afternoon Peak,Weekday
T20220027334,2022-12-02,15:44:00,1,Collision with vehicle,5,Friday,119,OTHER ADJACENT (INTERSECTIONS ONLY),1,741692,T intersection,2,80,Local Road,EVANS,KNOX,-37.89072,145.23322,2022,12,December,15,Afternoon Peak,Weekday
T20220027339,2022-12-02,17:35:00,6,Vehicle overturned (no collision),5,Friday,170,OFF CARRIAGEWAY TO LEFT,1,292865,T intersection,2,60,Local Road,GOLF LINKS,FRANKSTON,-38.175453,145.15129,2022,12,December,17,Afternoon Peak,Weekday
T20220027340,2022-12-02,17:05:00,1,Collision with vehicle,5,Friday,169,OTHER ON PATH,1,741082,Not at intersection,3,50,Local Road,SPRING,WHITTLESEA,-37.681934,145.00536,2022,12,December,17,Afternoon Peak,Weekday
T20220027344,2022-12-02,16:10:00,7,Fall from or in moving vehicle,5,Friday,190,FELL IN/FROM VEHICLE,1,739256,Not at intersection,3,50,Local Road,PASADENA,BAYSIDE,-37.98471,145.03094,2022,12,December,16,Afternoon Peak,Weekday
T20220027352,2022-12-02,16:25:00,1,Collision with vehicle,5,Friday,119,OTHER ADJACENT (INTERSECTIONS ONLY),1,36788,Cross intersection,3,60,Local Road,FENNELL,PORT PHILLIP,-37.827446,144.93938,2022,12,December,16,Afternoon Peak,Weekday