ACCIDENT_NO,ACCIDENT_DATE,ACCIDENT_TIME,ACCIDENT_TYPE,ACCIDENT_TYPE_DESC,DAY_OF_WEEK,DAY_WEEK_DESC,DCA_CODE,DCA_DESC,LIGHT_CONDITION,NODE_ID,ROAD_GEOMETRY_DESC,SEVERITY,SPEED_ZONE,RMA,ROAD_NAME,LGA_NAME,LATITUDE,LONGITUDE,YEAR,MONTH,MONTH_NAME,HOUR,TIME_PERIOD,DAY_TYPE
T20220027356,2022-12-02,19:55:00,1,Collision with vehicle,5,Friday,147,VEHICLE STRIKES ANOTHER VEH WHILE EMERGING FROM DRIVEWAY,2,756306,Not at intersection,2,100,Arterial Other,MAIN NEERIM,BAW BAW,-38.094135,145.8517,2022,12,December,19,Night,Weekday
T20220027359,2022-12-02,16:00:00,1,Collision with vehicle,5,Friday,130,REAR END(VEHICLES IN SAME LANE),1,775699,Not at intersection,3,80,Arterial Other,MICKLEHAM,HUME,-37.60017,144.88228,2022,12,December,16,Afternoon Peak,Weekday
T20220027318,2022-12-02,12:35:00,1,Collision with vehicle,5,Friday,121,RIGHT THROUGH,1,252346,T intersection,3,80,Local Road,LEAKES,WYNDHAM,-37.836212,144.7088,2022,12,December,12,Midday,Weekday
T20220027437,2022-12-02,18:00:00,2,Struck Pedestrian,5,Friday,100,PED NEAR SIDE. PED HIT BY VEHICLE FROM THE RIGHT.,9,783491,Cross intersection,3,50,Arterial Other,NEERIM,GLEN EIRA,-37.890076,145.06456,2022,12,December,18,Afternoon Peak,Weekday
T20230009985,2022-12-02,10:15:00,6,Vehicle overturned (no collision),5,Friday,172,OFF CARRIAGEWAY TO RIGHT,1,773805,Not at intersection,2,100,Arterial Other,HEATHCOTE-NAGAMBIE,BENDIGO,-36.862404,144.82378,2022,12,December,10,Midday,Weekday
T20220027380,2022-12-02,22:45:00,1,Collision with vehicle,5,Friday,110,CROSS TRAFFIC(INTERSECTIONS ONLY),5,49597,Cross intersection,3,100,Arterial Highway,MIDLAND,GOLDEN PLAINS,-37.943157,144.12587,2022,12,December,22,Night,Weekday
T20230002417,2022-12-02,13:40:00,1,Collision with vehicle,5,Friday,131,LEFT REAR,1,777458,Not at intersection,3,50,Arterial Other,KINGSBURY,DAREBIN,-37.717167,145.0432,2022,12,December,13,Midday,Weekday
T20220027378,2022-12-02,12:25:00,1,Collision with vehicle,5,Friday,135,LANE CHANGE LEFT (NOT OVERTAKING),1,739569,Not at intersection,2,80,Freeway,WEST GATE,MELBOURNE,-37.82798,144.96097,2022,12,December,12,Midday,Weekday
T20220027373,2022-12-02,21:51:00,1,Collision with vehicle,5,Friday,139,OTHER SAME DIRECTION-MANOUEVRES NOT INCLUDED IN DCAs 130-137,3,332439,Cross intersection,2,60,Arterial Other,CRAIGIEBURN,HUME,-37.593918,144.91006,2022,12,December,21,Night,Weekday
T20220027369,2022-12-02,23:20:00,1,Collision with vehicle,5,Friday,113,RIGHT NEAR (INTERSECTIONS ONLY),3,783404,T intersection,3,70,Arterial Other,SYDNEY,HUME,-37.687054,144.95769,2022,12,December,23,Night,Weekday
T20220027368,2022-12-02,21:00:00,2,Struck Pedestrian,5,Friday,102,FAR SIDE. PED HIT BY VEHICLE FROM THE LEFT,3,739893,Not at intersection,2,60,Local Road,ESPLANADE,MORNINGTON PENINSULA,-38.21508,145.03891,2022,12,December,21,Night,Weekday
T20220027363,2022-12-02,18:28:00,1,Collision with vehicle,5,Friday,130,REAR END(VEHICLES IN SAME LANE),1,764222,T intersection,3,60,Arterial Highway,BELL,MORELAND,-37.742306,144.97507,2022,12,December,18,Afternoon Peak,Weekday
T20220027958,2022-12-02,16:45:00,1,Collision with vehicle,5,Friday,130,REAR END(VEHICLES IN SAME LANE),1,775124,Not at intersection,3,60,Local Road,GILLIES,BALLARAT,-37.45597,143.83832,2022,12,December,16,Afternoon Peak,Weekday
T20220027974,2022-12-02,19:45:00,7,Fall from or in moving vehicle,5,Friday,190,FELL IN/FROM VEHICLE,2,779619,Not at intersection,2,50,Local Road,YARRABEE,FRANKSTON,-38.15543,145.15337,2022,12,December,19,Night,Weekday
T20230003040,2022-12-02,04:45:00,1,Collision with vehicle,5,Friday,134,LANE CHANGE RIGHT (NOT OVERTAKING),3,35723,Cross intersection,3,60,Freeway,EASTERN OUT-DONCASTER,MANNINGHAM,-37.788414,145.10425,2022,12,December,4,Late Night,Weekday
T20220027445,2022-12-03,18:36:00,4,Collision with a fixed object,6,Saturday,173,RIGHT OFF CARRIAGEWAY INTO OBJECT/PARKED VEHICLE,1,764035,Not at intersection,3,50,Local Road,THAMES,KINGSTON,-38.047874,145.12512,2022,12,December,18,Afternoon Peak,Weekend
T20220027689,2022-12-03,02:00:00,8,No collision and no object struck,6,Saturday,174,OUT OF CONTROL ON CARRIAGEWAY (ON STRAIGHT),3,72738,Cross intersection,2,40,Local Road,BREED,LATROBE,-38.195816,146.53328,2022,12,December,2,Late Night,Weekend
T20220027472,2022-12-03,03:30:00,4,Collision with a fixed object,6,Saturday,173,RIGHT OFF CARRIAGEWAY INTO OBJECT/PARKED VEHICLE,3,747570,Not at intersection,3,50,Local Road,COCHRANE,DANDENONG,-37.993744,145.17683,2022,12,December,3,Late Night,Weekend
T20220027371,2022-12-03,00:05:00,7,Fall from or in moving vehicle,6,Saturday,190,FELL IN/FROM VEHICLE,5,747137,Not at intersection,3,50,Local Road,LEAWARRA,BALLARAT,-37.58228,143.8249,2022,12,December,0,Late Night,Weekend
T20220027370,2022-12-03,00:56:00,8,No collision and no object struck,6,Saturday,174,OUT OF CONTROL ON CARRIAGEWAY (ON STRAIGHT),3,745214,Not at intersection,2,50,Arterial Other,HOLMES,MORELAND,-37.760338,144.97424,2022,12,December,0,Late Night,Weekend
T20220027416,2022-12-03,14:30:00,1,Collision with vehicle,6,Saturday,121,RIGHT THROUGH,1,221370,T intersection,3,60,Arterial Highway,WYNDHAM,SHEPPARTON,-36.399734,145.3955,2022,12,December,14,Midday,Weekend
T20220027483,2022-12-03,11:30:00,5,collision with some other object,6,Saturday,166,STRUCK OBJECT ON CARRIAGEWAY,1,739679,Not at intersection,2,30,Local Road,LIMA EAST,BENALLA,-36.84131,145.9451,2022,12,December,11,Midday,Weekend
T20220027412,2022-12-03,11:39:00,1,Collision with vehicle,6,Saturday,111,RIGHT FAR (INTERSECTIONS ONLY),1,292978,T intersection,3,60,Arterial Other,SPRING,DAREBIN,-37.71641,145.00687,2022,12,December,11,Midday,Weekend
T20220027586,2022-12-03,07:45:00,1,Collision with vehicle,6,Saturday,160,VEHICLE COLLIDES WITH VEHICLE PARKED ON LEFT OF ROAD,1,739895,Not at intersection,2,60,Arterial Other,BEACONSFIELD,PORT PHILLIP,-37.85747,144.96742,2022,12,December,7,Morning Peak,Weekend
T20220027769,2022-12-03,21:00:00,1,Collision with vehicle,6,Saturday,110,CROSS TRAFFIC(INTERSECTIONS ONLY),3,41157,Cross intersection,3,60,Local Road,MARTIN,BAYSIDE,-37.896275,144.9947,2022,12,December,21,Night,Weekend
T20220027766,2022-12-03,10:20:00,4,Collision with a fixed object,6,Saturday,179,OTHER ACCIDENTS-OFF STRAIGHT NOT INCLUDED IN DCAs 170-175,1,788640,Not at intersection,3,60,Local Road,CAMP,MOORABOOL,-37.62909,144.16162,2022,12,December,10,Midday,Weekend
T20220027420,2022-12-03,16:03:00,1,Collision with vehicle,6,Saturday,139,OTHER SAME DIRECTION-MANOUEVRES NOT INCLUDED IN DCAs 130-137,1,37666,Not at intersection,3,40,Arterial Other,TOORAK,STONNINGTON,-37.839207,144.9933,2022,12,December,16,Afternoon Peak,Weekend
T20220027477,2022-12-03,21:00:00,4,Collision with a fixed object,6,Saturday,171,LEFT OFF CARRIAGEWAY INTO OBJECT/PARKED VEHICLE,5,750180,Not at intersection,3,60,Local Road,RESERVOIR,HUME,-37.569954,144.6906,2022,12,December,21,Night,Weekend
T20220027469,2022-12-03,23:57:00,4,Collision with a fixed object,6,Saturday,171,LEFT OFF CARRIAGEWAY INTO OBJECT/PARKED VEHICLE,3,40746,T intersection,3,60,Arterial Other,HIGH STREET,MONASH,-37.871613,145.14331,2022,12,December,23,Night,Weekend
T20220027417,2022-12-03,13:00:00,1,Collision with vehicle,6,Saturday,130,REAR END(VEHICLES IN SAME LANE),1,776642,Not at intersection,2,100,Arterial Other,EUROA-MANSFIELD,STRATHBOGIE,-36.874084,145.59888,2022,12,December,13,Midday,Weekend
T20220027427,2022-12-03,16:49:00,1,Collision with vehicle,6,Saturday,120,HEAD ON (NOT OVERTAKING),1,739258,Not at intersection,3,80,Arterial Other,BALNARRING,MORNINGTON PENINSULA,-38.28848,145.07414,2022,12,December,16,Afternoon Peak,Weekend
T20220027419,2022-12-03,14:33:00,1,Collision with vehicle,6,Saturday,130,REAR END(VEHICLES IN SAME LANE),1,351424,T intersection,3,80,Arterial Other,PRINCES,WYNDHAM,-37.88433,144.70087,2022,12,December,14,Midday,Weekend
T20220027466,2022-12-03,21:00:00,2,Struck Pedestrian,6,Saturday,103,PED PLAYING/LYING/WORKING/STANDING ON CARRIAGEWAY.,2,751714,Not at intersection,2,60,Local Road,COBURNS,MELTON,-37.671078,144.57083,2022,12,December,21,Night,Weekend
T20220027740,2022-12-03,18:40:00,8,No collision and no object struck,6,Saturday,170,OFF CARRIAGEWAY TO LEFT,1,753237,Not at intersection,2,80,Local Road,BARINGHUP,MOUNT ALEXANDER,-36.979713,143.9778,2022,12,December,18,Afternoon Peak,Weekend
T20220027410,2022-12-03,09:15:00,4,Collision with a fixed object,6,Saturday,183,OFF LEFT BEND INTO OBJECT/PARKED VEHICLE,1,764044,Not at intersection,2,80,Arterial Other,HEALESVILLE-KOO WEE RUP,YARRA RANGES,-37.769253,145.53584,2022,12,December,9,Morning Peak,Weekend
T20220027716,2022-12-03,17:50:00,1,Collision with vehicle,6,Saturday,130,REAR END(VEHICLES IN SAME LANE),1,256947,Not at intersection,3,60,Arterial Other,BEACONSFIELD,PORT PHILLIP,-37.84787,144.94878,2022,12,December,17,Afternoon Peak,Weekend
T20220027966,2022-12-03,13:50:00,4,Collision with a fixed object,6,Saturday,171,LEFT OFF CARRIAGEWAY INTO OBJECT/PARKED VEHICLE,1,740508,Not at intersection,3,80,Local Road,LEONGATHA NORTH,SOUTH GIPPSLAND,-38.414227,145.94278,2022,12,December,13,Midday,Weekend
T20220027436,2022-12-03,17:09:00,1,Collision with vehicle,6,Saturday,130,REAR END(VEHICLES IN SAME LANE),1,743964,Not at intersection,2,100,Freeway,WESTERN RING,BRIMBANK,-37.70984,144.88301,2022,12,December,17,Afternoon Peak,Weekend
T20220027406,2022-12-03,11:10:00,1,Collision with vehicle,6,Saturday,132,RIGHT REAR.,1,744281,Cross intersection,2,60,Arterial Highway,ARARAT,NORTHERN GRAMPIANS,-37.06727,142.76897,2022,12,December,11,Midday,Weekend
T20220027404,2022-12-03,10:30:00,1,Collision with vehicle,6,Saturday,120,HEAD ON (NOT OVERTAKING),1,743149,Not at intersection,2,60,Arterial Other,HEIDELBERG-KINGLAKE,NILLUMBIK,-37.559536,145.32368,2022,12,December,10,Midday,Weekend
T20220027428,2022-12-03,17:00:00,1,Collision with vehicle,6,Saturday,121,RIGHT THROUGH,1,29730,T intersection,3,60,Arterial Highway,NEPEAN,FRANKSTON,-38.130775,145.1251,2022,12,December,17,Afternoon Peak,Weekend
T20220027400,2022-12-03,10:50:00,1,Collision with vehicle,6,Saturday,121,RIGHT THROUGH,1,35388,T intersection,2,80,Arterial Other,WESTALL,KINGSTON,-37.979908,145.14267,2022,12,December,10,Midday,Weekend
T20220028237,2022-12-03,14:00:00,1,Collision with vehicle,6,Saturday,130,REAR END(VEHICLES IN SAME LANE),1,741284,T intersection,3,50,Local Road,PERPETUAL,WYNDHAM,-37.836773,144.74028,2022,12,December,14,Midday,Weekend
T20220027399,2022-12-03,10:15:00,2,Struck Pedestrian,6,Saturday,100,PED NEAR SIDE. PED HIT BY VEHICLE FROM THE RIGHT.,1,740677,Not at intersection,2,50,Local Road,ROSE,MOONEE VALLEY,-37.756073,144.9158,2022,12,December,10,Midday,Weekend
T20220027398,2022-12-03,10:40:00,1,Collision with vehicle,6,Saturday,137,LEFT TURN SIDESWIPE,1,29446,Cross intersection,3,40,Arterial Other,BRIDGE,YARRA,-37.819187,145.0052,2022,12,December,10,Midday,Weekend
T20220027430,2022-12-03,16:25:00,1,Collision with vehicle,6,Saturday,130,REAR END(VEHICLES IN SAME LANE),1,775700,Not at intersection,3,60,Arterial Highway,BULLEEN,MANNINGHAM,-37.775536,145.07886,2022,12,December,16,Afternoon Peak,Weekend
T20220027391,2022-12-03,10:27:00,1,Collision with vehicle,6,Saturday,130,REAR END(VEHICLES IN SAME LANE),1,777626,Cross intersection,3,80,Arterial Other,EDINBURGH ROAD -SWANSEA,YARRA RANGES,-37.79701,145.35912,2022,12,December,10,Midday,Weekend
T20220027561,2022-12-03,15:00:00,2,Struck Pedestrian,6,Saturday,108,PED STRUCK WALKING TO/FROM OR BOARDING/ALIGHTING VEHICLE.,1,739719,Not at intersection,2,60,Local Road,PARK,BAYSIDE,-37.964252,145.04623,2022,12,December,15,Afternoon Peak,Weekend
T20220027568,2022-12-03,12:45:00,1,Collision with vehicle,6,Saturday,121,RIGHT THROUGH,1,40053,T intersection,2,60,Arterial Other,BEACONSFIELD,PORT PHILLIP,-37.855686,144.96458,2022,12,December,12,Midday,Weekend
T20230006364,2022-12-03,22:20:00,1,Collision with vehicle,6,Saturday,121,RIGHT THROUGH,3,29747,T intersection,3,80,Arterial Highway,PRINCES,CASEY,-38.027554,145.31683,2022,12,December,22,Night,Weekend
T20230013614,2022-12-03,04:00:00,1,Collision with vehicle,6,Saturday,139,OTHER SAME DIRECTION-MANOUEVRES NOT INCLUDED IN DCAs 130-137,3,777511,Not at intersection,3,80,Freeway,PRINCES,HOBSONS BAY,-37.832905,144.81046,2022,12,December,4,Late Night,Weekend
T20220027385,2022-12-03,07:55:00,8,No collision and no object struck,6,Saturday,174,OUT OF CONTROL ON CARRIAGEWAY (ON STRAIGHT),1,740979,Not at intersection,3,80,Arterial Highway,NEPEAN,MORNINGTON PENINSULA,-38.295338,145.03018,2022,12,December,7,Morning Peak,Weekend
T20220027384,2022-12-03,08:09:00,1,Collision with vehicle,6,Saturday,160,VEHICLE COLLIDES WITH VEHICLE PARKED ON LEFT OF ROAD,1,764058,Not at intersection,3,60,Local Road,GREENS,WYNDHAM,-37.889526,144.62376,2022,12,December,8,Morning Peak,Weekend
T20220027464,2022-12-03,16:43:00,4,Collision with a fixed object,6,Saturday,181,OFF RIGHT BEND INTO OBJECT/PARKED VEHICLE,1,741911,Not at intersection,2,50,Local Road,DOUGLAS,HUME,-37.679054,144.87943,2022,12,December,16,Afternoon Peak,Weekend
T20230001713,2022-12-03,07:00:00,1,Collision with vehicle,6,Saturday,110,CROSS TRAFFIC(INTERSECTIONS ONLY),1,41066,Cross intersection,3,40,Arterial Other,MOUNTAIN,KNOX,-37.849987,145.30702,2022,12,December,7,Morning Peak,Weekend
T20220027461,2022-12-03,23:40:00,2,Struck Pedestrian,6,Saturday,102,FAR SIDE. PED HIT BY VEHICLE FROM THE LEFT,3,37837,Cross intersection,2,60,Arterial Other,ST GEORGES,YARRA,-37.784092,144.98317,2022,12,December,23,Night,Weekend
T20220027460,2022-12-03,19:20:00,4,Collision with a fixed object,6,Saturday,181,OFF RIGHT BEND INTO OBJECT/PARKED VEHICLE,1,741597,Not at intersection,1,80,Arterial Other,BRIGHT-TAWONGA,ALPINE,-36.73366,147.01595,2022,12,December,19,Night,Weekend
T20220027442,2022-12-03,18:26:00,1,Collision with vehicle,6,Saturday,130,REAR END(VEHICLES IN SAME LANE),1,775701,Not at intersection,3,60,Arterial Highway,ALEXANDRA,MELBOURNE,-37.821373,144.97247,2022,12,December,18,Afternoon Peak,Weekend
T20220028843,2022-12-03,17:20:00,1,Collision with vehicle,6,Saturday,130,REAR END(VEHICLES IN SAME LANE),1,45063,T intersection,3,70,Arterial Other,BALLARAT,BRIMBANK,-37.77766,144.83337,2022,12,December,17,Afternoon Peak,Weekend
T20220027444,2022-12-03,18:32:00,1,Collision with vehicle,6,Saturday,110,CROSS TRAFFIC(INTERSECTIONS ONLY),1,775899,Cross intersection,2,60,Arterial Other,SUNSHINE,BRIMBANK,-37.729473,144.8153,2022,12,December,18,Afternoon Peak,Weekend
T20220027459,2022-12-03,20:10:00,5,collision with some other object,6,Saturday,181,OFF RIGHT BEND INTO OBJECT/PARKED VEHICLE,1,757414,Not at intersection,2,90,Arterial Other,HEALESVILLE-KOO WEE RUP,YARRA RANGES,-37.86563,145.53151,2022,12,December,20,Night,Weekend
T20220027446,2022-12-03,19:32:00,1,Collision with vehicle,6,Saturday,136,RIGHT TURN SIDESWIPE,3,329459,Cross intersection,3,70,Arterial Other,MT DERRIMUT,BRIMBANK,-37.782993,144.77307,2022,12,December,19,Night,Weekend
T20220027452,2022-12-03,16:15:00,1,Collision with vehicle,6,Saturday,120,HEAD ON (NOT OVERTAKING),1,745846,Not at intersection,3,80,Local Road,PATERNOSTER,CARDINIA,-37.9455,145.4688,2022,12,December,16,Afternoon Peak,Weekend
T20220027453,2022-12-03,21:35:00,1,Collision with vehicle,6,Saturday,142,LEAVING PARKING,3,127514,Not at intersection,3,50,Local Road,THOMAS,DANDENONG,-37.98654,145.21255,2022,12,December,21,Night,Weekend
T20220027455,2022-12-03,20:30:00,4,Collision with a fixed object,6,Saturday,183,OFF LEFT BEND INTO OBJECT/PARKED VEHICLE,2,740143,Not at intersection,2,80,Arterial Other,HEATHCOTE-REDESDALE,BENDIGO,-36.918728,144.69218,2022,12,December,20,Night,Weekend
T20230010931,2022-12-03,12:15:00,1,Collision with vehicle,6,Saturday,134,LANE CHANGE RIGHT (NOT OVERTAKING),1,35481,T intersection,3,60,Local Road,CHARLES,YARRA RANGES,-37.78673,145.3107,2022,12,December,12,Midday,Weekend
T20220027596,2022-12-04,08:30:00,1,Collision with vehicle,7,Sunday,153,CUTTING IN (OVERTAKING),1,778006,Not at intersection,3,50,Local Road,BONDS,BANYULE,-37.736534,145.11569,2022,12,December,8,Morning Peak,Weekend
T20230023076,2022-12-04,13:35:00,1,Collision with vehicle,7,Sunday,146,REVERSING INTO FIXED OBJECT/PARKED VEHICLE,1,783171,Not at intersection,3,60,Arterial Highway,BURWOOD,KNOX,-37.88414,145.28209,2022,12,December,13,Midday,Weekend
T20220027471,2022-12-04,01:02:00,4,Collision with a fixed object,7,Sunday,173,RIGHT OFF CARRIAGEWAY INTO OBJECT/PARKED VEHICLE,3,38679,T intersection,2,60,Arterial Other,BALLARAT,MARIBYRNONG,-37.78976,144.88596,2022,12,December,1,Late Night,Weekend
T20220027554,2022-12-04,23:50:00,1,Collision with vehicle,7,Sunday,160,VEHICLE COLLIDES WITH VEHICLE PARKED ON LEFT OF ROAD,6,740989,Not at intersection,2,70,Arterial Other,KOROROIT CREEK,HOBSONS BAY,-37.855293,144.8644,2022,12,December,23,Night,Weekend
T20220028071,2022-12-04,03:00:00,8,No collision and no object struck,7,Sunday,170,OFF CARRIAGEWAY TO LEFT,3,783381,Not at intersection,3,70,Arterial Highway,HODDLE,MELBOURNE,-37.81144,144.99106,2022,12,December,3,Late Night,Weekend
T20220027857,2022-12-04,15:00:00,1,Collision with vehicle,7,Sunday,130,REAR END(VEHICLES IN SAME LANE),1,143901,Not at intersection,3,100,Freeway,WESTERN RING,WYNDHAM,-37.82183,144.81064,2022,12,December,15,Afternoon Peak,Weekend
T20220027470,2022-12-04,01:25:00,4,Collision with a fixed object,7,Sunday,183,OFF LEFT BEND INTO OBJECT/PARKED VEHICLE,3,764449,Not at intersection,3,50,Local Road,LYREBIRD,FRANKSTON,-38.113403,145.16954,2022,12,December,1,Late Night,Weekend
T20220027495,2022-12-04,03:48:00,4,Collision with a fixed object,7,Sunday,164,PERMANENT OBSTRUCTION ON CARRIAGEWAY,3,768030,Cross intersection,2,60,Freeway,OHERNS,WHITTLESEA,-37.63396,144.99336,2022,12,December,3,Late Night,Weekend
T20220028620,2022-12-04,11:45:00,1,Collision with vehicle,7,Sunday,134,LANE CHANGE RIGHT (NOT OVERTAKING),1,743367,T intersection,3,60,Local Road,ATHOL,DANDENONG,-37.971066,145.14879,2022,12,December,11,Midday,Weekend
T20220027607,2022-12-04,16:00:00,4,Collision with a fixed object,7,Sunday,173,RIGHT OFF CARRIAGEWAY INTO OBJECT/PARKED VEHICLE,1,752474,Not at intersection,2,80,Local Road,COONOC,LATROBE,-38.198322,146.499,2022,12,December,16,Afternoon Peak,Weekend
T20220027482,2022-12-04,09:40:00,1,Collision with vehicle,7,Sunday,113,RIGHT NEAR (INTERSECTIONS ONLY),1,50479,T intersection,3,100,Arterial Highway,CALDER,MILDURA,-34.260628,142.18031,2022,12,December,9,Morning Peak,Weekend
T20220027652,2022-12-04,15:10:00,1,Collision with vehicle,7,Sunday,132,RIGHT REAR.,1,65574,T intersection,3,60,Arterial Other,STUDLEY PARK,BOROONDARA,-37.806698,145.0196,2022,12,December,15,Afternoon Peak,Weekend
T20230006122,2022-12-04,04:30:00,4,Collision with a fixed object,7,Sunday,173,RIGHT OFF CARRIAGEWAY INTO OBJECT/PARKED VEHICLE,3,783379,Cross intersection,3,60,Arterial Other,ST KILDA,MELBOURNE,-37.847694,144.97972,2022,12,December,4,Late Night,Weekend
T20220027555,2022-12-04,12:10:00,1,Collision with vehicle,7,Sunday,130,REAR END(VEHICLES IN SAME LANE),1,777437,Not at intersection,3,80,Arterial Other,MT DUNEED,GEELONG,-38.247925,144.32628,2022,12,December,12,Midday,Weekend
T20220027480,2022-12-04,07:50:00,1,Collision with vehicle,7,Sunday,110,CROSS TRAFFIC(INTERSECTIONS ONLY),1,342142,Cross intersection,2,50,Local Road,FISCHER,SURF COAST,-38.309147,144.32933,2022,12,December,7,Morning Peak,Weekend
T20220027475,2022-12-04,04:00:00,4,Collision with a fixed object,7,Sunday,171,LEFT OFF CARRIAGEWAY INTO OBJECT/PARKED VEHICLE,5,763969,Not at intersection,3,80,Arterial Other,BARWON HEADS,GEELONG,-38.25057,144.38771,2022,12,December,4,Late Night,Weekend
T20220027535,2022-12-04,20:25:00,1,Collision with vehicle,7,Sunday,130,REAR END(VEHICLES IN SAME LANE),2,320340,Not at intersection,3,60,Arterial Other,UPPER HEIDELBERG,BANYULE,-37.763195,145.04794,2022,12,December,20,Night,Weekend
T20220027536,2022-12-04,15:55:00,1,Collision with vehicle,7,Sunday,130,REAR END(VEHICLES IN SAME LANE),1,43658,Cross intersection,3,60,Arterial Other,GAP,HUME,-37.576736,144.69377,2022,12,December,15,Afternoon Peak,Weekend
T20220027635,2022-12-04,17:30:00,1,Collision with vehicle,7,Sunday,130,REAR END(VEHICLES IN SAME LANE),1,744601,Not at intersection,2,80,Local Road,MACCLESFIELD,CARDINIA,-37.911694,145.4685,2022,12,December,17,Afternoon Peak,Weekend
T20220027537,2022-12-04,15:45:00,1,Collision with vehicle,7,Sunday,130,REAR END(VEHICLES IN SAME LANE),1,754190,T intersection,3,60,Local Road,WILSONS,HUME,-37.57274,144.69443,2022,12,December,15,Afternoon Peak,Weekend
T20220027928,2022-12-04,17:00:00,1,Collision with vehicle,7,Sunday,130,REAR END(VEHICLES IN SAME LANE),1,763970,Not at intersection,3,100,Arterial Highway,MURRAY VALLEY,WODONGA,-36.135952,146.96577,2022,12,December,17,Afternoon Peak,Weekend
T20220027563,2022-12-04,13:30:00,1,Collision with vehicle,7,Sunday,120,HEAD ON (NOT OVERTAKING),1,742931,Not at intersection,2,70,Arterial Highway,MAROONDAH,YARRA RANGES,-37.72348,145.37878,2022,12,December,13,Midday,Weekend
T20220027505,2022-12-04,09:01:00,6,Vehicle overturned (no collision),7,Sunday,174,OUT OF CONTROL ON CARRIAGEWAY (ON STRAIGHT),1,756071,Not at intersection,2,100,Arterial Highway,SUNRAYSIA,PYRENEES,-37.156364,143.53233,2022,12,December,9,Morning Peak,Weekend
T20220027508,2022-12-04,09:30:00,8,No collision and no object struck,7,Sunday,170,OFF CARRIAGEWAY TO LEFT,1,740166,Not at intersection,2,40,Arterial Other,BRIDGEWATER-SERPENTINE,LODDON,-36.47998,143.96165,2022,12,December,9,Morning Peak,Weekend
T20220027511,2022-12-04,13:05:00,5,collision with some other object,7,Sunday,166,STRUCK OBJECT ON CARRIAGEWAY,1,739562,Not at intersection,3,80,Arterial Other,WARBURTON-WOODS POINT,YARRA RANGES,-37.563976,145.90573,2022,12,December,13,Midday,Weekend
T20220027487,2022-12-04,11:30:00,1,Collision with vehicle,7,Sunday,130,REAR END(VEHICLES IN SAME LANE),1,741693,Not at intersection,3,80,Freeway,CITYLINK,MELBOURNE,-37.81059,144.93399,2022,12,December,11,Midday,Weekend
T20220027488,2022-12-04,07:45:00,2,Struck Pedestrian,7,Sunday,100,PED NEAR SIDE. PED HIT BY VEHICLE FROM THE RIGHT.,1,851,Cross intersection,2,60,Arterial Other,SYDNEY,MORELAND,-37.72746,144.96368,2022,12,December,7,Morning Peak,Weekend
T20220027534,2022-12-04,16:12:00,1,Collision with vehicle,7,Sunday,153,CUTTING IN (OVERTAKING),1,721029,Not at intersection,2,60,Arterial Other,BALLAN,WYNDHAM,-37.856777,144.59123,2022,12,December,16,Afternoon Peak,Weekend
T20220027539,2022-12-04,16:21:00,6,Vehicle overturned (no collision),7,Sunday,172,OFF CARRIAGEWAY TO RIGHT,1,740205,Not at intersection,1,80,Local Road,DOHERTYS,WYNDHAM,-37.813248,144.63583,2022,12,December,16,Afternoon Peak,Weekend
T20220027491,2022-12-04,12:14:00,1,Collision with vehicle,7,Sunday,130,REAR END(VEHICLES IN SAME LANE),1,740880,Not at intersection,3,60,Arterial Other,SWAN,MELBOURNE,-37.823895,144.98248,2022,12,December,12,Midday,Weekend
T20220027540,2022-12-04,18:15:00,8,No collision and no object struck,7,Sunday,174,OUT OF CONTROL ON CARRIAGEWAY (ON STRAIGHT),1,740595,T intersection,2,60,Local Road,GRANGE,WHITTLESEA,-37.631687,145.08784,2022,12,December,18,Afternoon Peak,Weekend
T20220027541,2022-12-04,14:47:00,1,Collision with vehicle,7,Sunday,142,LEAVING PARKING,1,763974,Not at intersection,3,60,Arterial Other,BEACH,BAYSIDE,-37.967194,145.01225,2022,12,December,14,Midday,Weekend
T20220027545,2022-12-04,22:50:00,1,Collision with vehicle,7,Sunday,121,RIGHT THROUGH,3,777513,Multiple intersection,3,80,Arterial Other,PRINCES,CASEY,-38.028347,145.322,2022,12,December,22,Night,Weekend
T20220027492,2022-12-04,12:15:00,1,Collision with vehicle,7,Sunday,130,REAR END(VEHICLES IN SAME LANE),1,740312,Not at intersection,3,80,Arterial Other,PLENTY,WHITTLESEA,-37.673157,145.0705,2022,12,December,12,Midday,Weekend
T20220027494,2022-12-04,11:06:00,1,Collision with vehicle,7,Sunday,130,REAR END(VEHICLES IN SAME LANE),1,786709,Not at intersection,2,100,Freeway,EASTLINK,FRANKSTON,-38.086224,145.17027,2022,12,December,11,Midday,Weekend
T20230007470,2022-12-04,11:00:00,1,Collision with vehicle,7,Sunday,135,LANE CHANGE LEFT (NOT OVERTAKING),1,764354,Not at intersection,3,100,Freeway,MORNINGTON PENINSULA,DANDENONG,-38.043236,145.14183,2022,12,December,11,Midday,Weekend