ACCIDENT_NO,ACCIDENT_DATE,ACCIDENT_TIME,ACCIDENT_TYPE,ACCIDENT_TYPE_DESC,DAY_OF_WEEK,DAY_WEEK_DESC,DCA_CODE,DCA_DESC,LIGHT_CONDITION,NODE_ID,ROAD_GEOMETRY_DESC,SEVERITY,SPEED_ZONE,RMA,ROAD_NAME,LGA_NAME,LATITUDE,LONGITUDE,YEAR,MONTH,MONTH_NAME,HOUR,TIME_PERIOD,DAY_TYPE
T20220027512,2022-12-04,13:05:00,4,Collision with a fixed object,7,Sunday,181,OFF RIGHT BEND INTO OBJECT/PARKED VEHICLE,1,759458,Not at intersection,2,80,Arterial Other,WARBURTON-WOODS POINT,YARRA RANGES,-37.56291,145.90506,2022,12,December,13,Midday,Weekend
T20220027513,2022-12-04,16:25:00,1,Collision with vehicle,7,Sunday,130,REAR END(VEHICLES IN SAME LANE),1,739458,T intersection,3,60,Arterial Other,QUEENS,YARRA,-37.791817,144.98325,2022,12,December,16,Afternoon Peak,Weekend
T20220027468,2022-12-04,00:43:00,4,Collision with a fixed object,7,Sunday,181,OFF RIGHT BEND INTO OBJECT/PARKED VEHICLE,5,783387,Not at intersection,3,60,Arterial Other,YARRA,BOROONDARA,-37.80073,145.02129,2022,12,December,0,Late Night,Weekend
T20220027497,2022-12-04,13:10:00,1,Collision with vehicle,7,Sunday,120,HEAD ON (NOT OVERTAKING),1,765004,Not at intersection,3,50,Local Road,SOMERVILLE,CASEY,-38.031418,145.2617,2022,12,December,13,Midday,Weekend
T20220027515,2022-12-04,14:10:00,1,Collision with vehicle,7,Sunday,110,CROSS TRAFFIC(INTERSECTIONS ONLY),1,739894,Cross intersection,3,80,Local Road,WENTWORTH,CASEY,-38.074158,145.27135,2022,12,December,14,Midday,Weekend
T20220028139,2022-12-04,13:30:00,1,Collision with vehicle,7,Sunday,130,REAR END(VEHICLES IN SAME LANE),1,91041,Not at intersection,3,50,Arterial Other,HOTHAM,PORT PHILLIP,-37.85986,145.0012,2022,12,December,13,Midday,Weekend
T20220027519,2022-12-04,14:15:00,4,Collision with a fixed object,7,Sunday,183,OFF LEFT BEND INTO OBJECT/PARKED VEHICLE,1,744208,Not at intersection,2,80,Arterial Highway,MAROONDAH,YARRA RANGES,-37.682285,145.48677,2022,12,December,14,Midday,Weekend
T20220027522,2022-12-04,15:24:00,4,Collision with a fixed object,7,Sunday,181,OFF RIGHT BEND INTO OBJECT/PARKED VEHICLE,1,765005,Not at intersection,2,60,Local Road,FALLS,HEPBURN,-37.386147,144.31697,2022,12,December,15,Afternoon Peak,Weekend
T20220027484,2022-12-04,08:30:00,1,Collision with vehicle,7,Sunday,137,LEFT TURN SIDESWIPE,1,270520,Cross intersection,2,60,Local Road,QUEENS BRIDGE,MELBOURNE,-37.82321,144.96083,2022,12,December,8,Morning Peak,Weekend
T20230001737,2022-12-04,14:00:00,3,Struck animal,7,Sunday,167,STRUCK ANIMAL,1,751379,Not at intersection,2,100,Local Road,REDBANK-BARKLY,PYRENEES,-36.937653,143.2722,2022,12,December,14,Midday,Weekend
T20220028163,2022-12-04,10:00:00,1,Collision with vehicle,7,Sunday,130,REAR END(VEHICLES IN SAME LANE),1,775726,Not at intersection,3,60,Arterial Other,GEELONG,MARIBYRNONG,-37.804436,144.88382,2022,12,December,10,Midday,Weekend
T20220027498,2022-12-04,13:57:00,1,Collision with vehicle,7,Sunday,130,REAR END(VEHICLES IN SAME LANE),1,743357,Not at intersection,3,80,Freeway,WEST GATE,MARIBYRNONG,-37.8242,144.86618,2022,12,December,13,Midday,Weekend
T20220027499,2022-12-04,10:15:00,1,Collision with vehicle,7,Sunday,110,CROSS TRAFFIC(INTERSECTIONS ONLY),1,255024,Cross intersection,3,60,Arterial Highway,HOPETOUN,YARRIAMBIACK,-35.938065,142.42235,2022,12,December,10,Midday,Weekend
T20220027479,2022-12-04,06:18:00,1,Collision with vehicle,7,Sunday,133,LANE SIDE SWIPE (VEHICLES IN PARALLEL LANES),1,742717,T intersection,3,60,Arterial Highway,PUNT,MELBOURNE,-37.828724,144.9881,2022,12,December,6,Morning Peak,Weekend
T20220027501,2022-12-04,10:56:00,1,Collision with vehicle,7,Sunday,130,REAR END(VEHICLES IN SAME LANE),1,739457,Not at intersection,2,80,Freeway,WEST GATE,MARIBYRNONG,-37.824184,144.86711,2022,12,December,10,Midday,Weekend
T20220027502,2022-12-04,12:12:00,1,Collision with vehicle,7,Sunday,147,VEHICLE STRIKES ANOTHER VEH WHILE EMERGING FROM DRIVEWAY,1,741591,Not at intersection,1,50,Local Road,DELPHIN,HOBSONS BAY,-37.830135,144.85313,2022,12,December,12,Midday,Weekend
T20220027524,2022-12-04,16:35:00,1,Collision with vehicle,7,Sunday,153,CUTTING IN (OVERTAKING),1,786784,Not at intersection,3,100,Arterial Highway,PRINCES,COLAC OTWAY,-38.336594,143.51122,2022,12,December,16,Afternoon Peak,Weekend
T20220027530,2022-12-04,14:24:00,4,Collision with a fixed object,7,Sunday,181,OFF RIGHT BEND INTO OBJECT/PARKED VEHICLE,1,745414,Not at intersection,2,100,Arterial Other,LICOLA,WELLINGTON,-37.64902,146.64325,2022,12,December,14,Midday,Weekend
T20220027503,2022-12-04,13:05:00,1,Collision with vehicle,7,Sunday,150,HEAD ON(OVERTAKING),1,764586,Not at intersection,2,100,Arterial Highway,STRZELECKI,LATROBE,-38.290596,146.2995,2022,12,December,13,Midday,Weekend
T20220027523,2022-12-04,18:05:00,1,Collision with vehicle,7,Sunday,132,RIGHT REAR.,1,740691,Not at intersection,3,40,Local Road,LAKESIDE,PORT PHILLIP,-37.85045,144.97765,2022,12,December,18,Afternoon Peak,Weekend
T20220027835,2022-12-05,18:40:00,1,Collision with vehicle,1,Monday,121,RIGHT THROUGH,1,29680,T intersection,2,60,Arterial Other,KEYS,KINGSTON,-37.94763,145.05902,2022,12,December,18,Afternoon Peak,Weekday
T20220027655,2022-12-05,18:15:00,1,Collision with vehicle,1,Monday,110,CROSS TRAFFIC(INTERSECTIONS ONLY),2,41416,Cross intersection,3,50,Local Road,KOORNANG,GLEN EIRA,-37.901733,145.05469,2022,12,December,18,Afternoon Peak,Weekday
T20220027651,2022-12-05,16:30:00,5,collision with some other object,1,Monday,166,STRUCK OBJECT ON CARRIAGEWAY,1,783446,Not at intersection,3,30,Arterial Other,ST KILDA ROAD SERVICE,PORT PHILLIP,-37.852432,144.98169,2022,12,December,16,Afternoon Peak,Weekday
T20220027650,2022-12-05,21:25:00,1,Collision with vehicle,1,Monday,160,VEHICLE COLLIDES WITH VEHICLE PARKED ON LEFT OF ROAD,3,771826,Not at intersection,2,60,Arterial Other,ORMOND,PORT PHILLIP,-37.89014,144.989,2022,12,December,21,Night,Weekday
T20220027649,2022-12-05,23:19:00,4,Collision with a fixed object,1,Monday,171,LEFT OFF CARRIAGEWAY INTO OBJECT/PARKED VEHICLE,5,357910,Not at intersection,3,100,Arterial Other,EUROA-SHEPPARTON,STRATHBOGIE,-36.62167,145.47125,2022,12,December,23,Night,Weekday
T20220027647,2022-12-05,23:04:00,1,Collision with vehicle,1,Monday,160,VEHICLE COLLIDES WITH VEHICLE PARKED ON LEFT OF ROAD,3,783390,Cross intersection,3,40,Arterial Other,KEILOR PARK,BRIMBANK,-37.738483,144.85126,2022,12,December,23,Night,Weekday
T20220027641,2022-12-05,16:45:00,4,Collision with a fixed object,1,Monday,173,RIGHT OFF CARRIAGEWAY INTO OBJECT/PARKED VEHICLE,1,777671,Not at intersection,3,100,Local Road,ARDMONA,SHEPPARTON,-36.387012,145.29555,2022,12,December,16,Afternoon Peak,Weekday
T20220027639,2022-12-05,21:32:00,1,Collision with vehicle,1,Monday,121,RIGHT THROUGH,3,35618,Cross intersection,2,60,Local Road,HAMMOND,DANDENONG,-37.998756,145.20877,2022,12,December,21,Night,Weekday
T20220027636,2022-12-05,16:51:00,1,Collision with vehicle,1,Monday,113,RIGHT NEAR (INTERSECTIONS ONLY),1,51084,T intersection,2,60,Arterial Highway,WYNDHAM,SHEPPARTON,-36.38776,145.39793,2022,12,December,16,Afternoon Peak,Weekday
T20220027633,2022-12-05,17:15:00,4,Collision with a fixed object,1,Monday,181,OFF RIGHT BEND INTO OBJECT/PARKED VEHICLE,1,743965,Not at intersection,2,80,Local Road,ROMAWI,EAST GIPPSLAND,-37.948017,147.59973,2022,12,December,17,Afternoon Peak,Weekday
T20220027583,2022-12-05,08:35:00,4,Collision with a fixed object,1,Monday,173,RIGHT OFF CARRIAGEWAY INTO OBJECT/PARKED VEHICLE,1,741694,Not at intersection,3,100,Local Road,EAST WEST,SOUTHERN GRAMPIANS,-37.397724,141.97894,2022,12,December,8,Morning Peak,Weekday
T20220027946,2022-12-05,18:30:00,7,Fall from or in moving vehicle,1,Monday,190,FELL IN/FROM VEHICLE,1,59041,Cross intersection,3,50,Local Road,PERRY,WANGARATTA,-36.36545,146.31705,2022,12,December,18,Afternoon Peak,Weekday
T20220027630,2022-12-05,16:45:00,1,Collision with vehicle,1,Monday,113,RIGHT NEAR (INTERSECTIONS ONLY),1,45530,T intersection,3,50,Local Road,MONT ALBERT,HUME,-37.67589,144.96864,2022,12,December,16,Afternoon Peak,Weekday
T20220027627,2022-12-05,15:41:00,1,Collision with vehicle,1,Monday,147,VEHICLE STRIKES ANOTHER VEH WHILE EMERGING FROM DRIVEWAY,1,748587,Not at intersection,2,60,Arterial Highway,ABERDEEN,GEELONG,-38.14529,144.33475,2022,12,December,15,Afternoon Peak,Weekday
T20220027624,2022-12-05,14:10:00,1,Collision with vehicle,1,Monday,130,REAR END(VEHICLES IN SAME LANE),1,50037,T intersection,3,70,Arterial Highway,LATROBE,GEELONG,-38.159252,144.35039,2022,12,December,14,Midday,Weekday
T20220027582,2022-12-05,12:42:00,1,Collision with vehicle,1,Monday,140,U TURN,1,741485,Not at intersection,2,60,Arterial Highway,DUKE,MOUNT ALEXANDER,-37.07042,144.23347,2022,12,December,12,Midday,Weekday
T20220027623,2022-12-05,18:40:00,4,Collision with a fixed object,1,Monday,181,OFF RIGHT BEND INTO OBJECT/PARKED VEHICLE,1,741695,Not at intersection,2,50,Local Road,COPERNICUS,BRIMBANK,-37.714504,144.78955,2022,12,December,18,Afternoon Peak,Weekday
T20220027619,2022-12-05,15:58:00,1,Collision with vehicle,1,Monday,120,HEAD ON (NOT OVERTAKING),1,741275,Not at intersection,3,50,Local Road,RIVERVIEW,WELLINGTON,-38.110107,147.04192,2022,12,December,15,Afternoon Peak,Weekday
T20220027613,2022-12-05,16:00:00,1,Collision with vehicle,1,Monday,121,RIGHT THROUGH,1,42256,T intersection,2,60,Arterial Other,CENTRE,GLEN EIRA,-37.921555,145.06216,2022,12,December,16,Afternoon Peak,Weekday
T20220027621,2022-12-05,15:03:00,1,Collision with vehicle,1,Monday,130,REAR END(VEHICLES IN SAME LANE),1,775705,Not at intersection,3,60,Local Road,TOWNSEND,GEELONG,-38.18142,144.39171,2022,12,December,15,Afternoon Peak,Weekday
T20240000853,2022-12-05,17:15:00,1,Collision with vehicle,1,Monday,111,RIGHT FAR (INTERSECTIONS ONLY),1,798107,T intersection,3,60,Arterial Other,CHILDS,WHITTLESEA,-37.662704,145.05518,2022,12,December,17,Afternoon Peak,Weekday
T20220027550,2022-12-05,01:00:00,4,Collision with a fixed object,1,Monday,171,LEFT OFF CARRIAGEWAY INTO OBJECT/PARKED VEHICLE,5,739680,Not at intersection,3,80,Local Road,GREIGS,MELTON,-37.74993,144.59431,2022,12,December,1,Late Night,Weekday
T20220027611,2022-12-05,15:40:00,1,Collision with vehicle,1,Monday,130,REAR END(VEHICLES IN SAME LANE),1,750835,Not at intersection,2,60,Local Road,MOOREFIELD PARK,WODONGA,-36.112656,146.86191,2022,12,December,15,Afternoon Peak,Weekday
T20220027608,2022-12-05,15:20:00,1,Collision with vehicle,1,Monday,130,REAR END(VEHICLES IN SAME LANE),1,763921,Not at intersection,3,40,Arterial Highway,PHILLIP ISLAND,BASS COAST,-38.490135,145.26549,2022,12,December,15,Afternoon Peak,Weekday
T20220027667,2022-12-05,08:20:00,1,Collision with vehicle,1,Monday,130,REAR END(VEHICLES IN SAME LANE),1,740981,Not at intersection,3,60,Arterial Other,GILLIES,BALLARAT,-37.532333,143.82353,2022,12,December,8,Morning Peak,Weekday
T20220027565,2022-12-05,07:30:00,1,Collision with vehicle,1,Monday,113,RIGHT NEAR (INTERSECTIONS ONLY),1,249985,T intersection,3,60,Arterial Other,FRANKSTON-FLINDERS,MORNINGTON PENINSULA,-38.2271,145.17873,2022,12,December,7,Morning Peak,Weekday
T20220027569,2022-12-05,08:55:00,1,Collision with vehicle,1,Monday,150,HEAD ON(OVERTAKING),1,741272,Not at intersection,3,80,Arterial Other,ELTHAM-YARRA GLEN,YARRA RANGES,-37.64658,145.35602,2022,12,December,8,Morning Peak,Weekday
T20220027574,2022-12-05,09:45:00,1,Collision with vehicle,1,Monday,121,RIGHT THROUGH,1,339565,T intersection,2,70,Arterial Other,TAYLORS,BRIMBANK,-37.727856,144.79367,2022,12,December,9,Morning Peak,Weekday
T20220027578,2022-12-05,08:47:00,2,Struck Pedestrian,1,Monday,102,FAR SIDE. PED HIT BY VEHICLE FROM THE LEFT,1,37888,T intersection,2,60,Arterial Other,QUEENS,YARRA,-37.786896,144.99333,2022,12,December,8,Morning Peak,Weekday
T20220027579,2022-12-05,05:30:00,6,Vehicle overturned (no collision),1,Monday,184,OUT OF CONTROL ON CARRIAGEWAY (ON BEND),6,765754,Not at intersection,3,60,Arterial Other,ST KILDA,BAYSIDE,-37.908234,144.9875,2022,12,December,5,Morning Peak,Weekday
T20220027581,2022-12-05,07:25:00,1,Collision with vehicle,1,Monday,163,VEHICLE STRIKES DOOR OF PARKED/STATIONARY VEHICLE,2,778116,Not at intersection,2,60,Arterial Other,MALVERN,STONNINGTON,-37.858006,145.05556,2022,12,December,7,Morning Peak,Weekday
T20220027908,2022-12-05,09:30:00,1,Collision with vehicle,1,Monday,116,LEFT NEAR (INTERSECTIONS ONLY),1,235676,T intersection,3,60,Local Road,CITY VISTA,MELTON,-37.7206,144.72566,2022,12,December,9,Morning Peak,Weekday
T20220027605,2022-12-05,13:23:00,1,Collision with vehicle,1,Monday,116,LEFT NEAR (INTERSECTIONS ONLY),1,258975,T intersection,3,70,Arterial Other,COBURG-CRAIGIEBURN,MORELAND,-37.69439,144.95905,2022,12,December,13,Midday,Weekday
T20220027603,2022-12-05,13:50:00,1,Collision with vehicle,1,Monday,113,RIGHT NEAR (INTERSECTIONS ONLY),1,14474,Multiple intersection,3,80,Freeway,MONASH IN-NARRE WARREN NORTH,CASEY,-38.018215,145.30853,2022,12,December,13,Midday,Weekday
T20230014817,2022-12-05,21:00:00,3,Struck animal,1,Monday,167,STRUCK ANIMAL,3,777670,Not at intersection,3,60,Freeway,METROPOLITAN RING IN-PLENTY,BANYULE,-37.68704,145.07082,2022,12,December,21,Night,Weekday
T20220027601,2022-12-05,11:50:00,1,Collision with vehicle,1,Monday,140,U TURN,1,45402,T intersection,3,60,Arterial Other,ASCOT VALE,MOONEE VALLEY,-37.785606,144.92172,2022,12,December,11,Midday,Weekday
T20220029354,2022-12-05,16:30:00,1,Collision with vehicle,1,Monday,130,REAR END(VEHICLES IN SAME LANE),1,603652,Cross intersection,3,80,Arterial Other,BORONIA,KNOX,-37.84806,145.22885,2022,12,December,16,Afternoon Peak,Weekday
T20220027562,2022-12-05,06:44:00,4,Collision with a fixed object,1,Monday,171,LEFT OFF CARRIAGEWAY INTO OBJECT/PARKED VEHICLE,1,783450,Not at intersection,3,80,Freeway,PRINCES OUT-FORSYTH,WYNDHAM,-37.872494,144.7412,2022,12,December,6,Morning Peak,Weekday
T20220027599,2022-12-05,14:10:00,1,Collision with vehicle,1,Monday,110,CROSS TRAFFIC(INTERSECTIONS ONLY),1,299559,Cross intersection,2,70,Arterial Other,PLENTY,DAREBIN,-37.717003,145.04315,2022,12,December,14,Midday,Weekday
T20220027594,2022-12-05,12:40:00,1,Collision with vehicle,1,Monday,160,VEHICLE COLLIDES WITH VEHICLE PARKED ON LEFT OF ROAD,1,741273,Not at intersection,2,50,Local Road,BENWERRIN,WHITEHORSE,-37.82594,145.10614,2022,12,December,12,Midday,Weekday
T20220027588,2022-12-05,12:34:00,1,Collision with vehicle,1,Monday,120,HEAD ON (NOT OVERTAKING),1,739780,Not at intersection,2,50,Local Road,FIFTH,DANDENONG,-37.982883,145.20459,2022,12,December,12,Midday,Weekday
T20220027831,2022-12-05,16:10:00,1,Collision with vehicle,1,Monday,130,REAR END(VEHICLES IN SAME LANE),1,779467,Cross intersection,3,60,Arterial Other,YORK,YARRA RANGES,-37.7969,145.3597,2022,12,December,16,Afternoon Peak,Weekday
T20220027694,2022-12-05,17:00:00,1,Collision with vehicle,1,Monday,113,RIGHT NEAR (INTERSECTIONS ONLY),1,230046,T intersection,2,40,Local Road,HAYFIELD,HUME,-37.61332,144.91647,2022,12,December,17,Afternoon Peak,Weekday
T20220027872,2022-12-06,15:09:00,4,Collision with a fixed object,2,Tuesday,183,OFF LEFT BEND INTO OBJECT/PARKED VEHICLE,1,775707,Not at intersection,3,100,Arterial Highway,MIDLAND,MOORABOOL,-37.67244,143.93907,2022,12,December,15,Afternoon Peak,Weekday
T20220027710,2022-12-06,18:38:00,1,Collision with vehicle,2,Tuesday,130,REAR END(VEHICLES IN SAME LANE),1,357259,Cross intersection,3,60,Arterial Highway,WHITEHORSE,WHITEHORSE,-37.819847,145.13844,2022,12,December,18,Afternoon Peak,Weekday
T20220027711,2022-12-06,15:08:00,1,Collision with vehicle,2,Tuesday,111,RIGHT FAR (INTERSECTIONS ONLY),1,740503,T intersection,2,60,Local Road,SOUTHEAST,CARDINIA,-38.097485,145.4801,2022,12,December,15,Afternoon Peak,Weekday
T20220027714,2022-12-06,17:46:00,1,Collision with vehicle,2,Tuesday,130,REAR END(VEHICLES IN SAME LANE),1,57353,T intersection,3,60,Arterial Other,PASCOE VALE,HUME,-37.67036,144.92378,2022,12,December,17,Afternoon Peak,Weekday
T20220027671,2022-12-06,07:30:00,6,Vehicle overturned (no collision),2,Tuesday,174,OUT OF CONTROL ON CARRIAGEWAY (ON STRAIGHT),1,779510,Not at intersection,2,80,Arterial Other,NARRE WARREN,CASEY,-38.07483,145.29749,2022,12,December,7,Morning Peak,Weekday
T20220027723,2022-12-06,16:32:00,1,Collision with vehicle,2,Tuesday,121,RIGHT THROUGH,1,50161,Cross intersection,3,60,Arterial Other,BREAKWATER ROAD -FELLMONGERS,GEELONG,-38.17933,144.36758,2022,12,December,16,Afternoon Peak,Weekday
T20220027726,2022-12-06,17:20:00,1,Collision with vehicle,2,Tuesday,140,U TURN,1,740881,Not at intersection,3,60,Local Road,SIMS,MELBOURNE,-37.800426,144.9122,2022,12,December,17,Afternoon Peak,Weekday
T20220027727,2022-12-06,14:50:00,4,Collision with a fixed object,2,Tuesday,171,LEFT OFF CARRIAGEWAY INTO OBJECT/PARKED VEHICLE,1,749767,Not at intersection,2,100,Arterial Other,GRAMPIANS,NORTHERN GRAMPIANS,-37.11429,142.56876,2022,12,December,14,Midday,Weekday
T20220028282,2022-12-06,17:20:00,1,Collision with vehicle,2,Tuesday,120,HEAD ON (NOT OVERTAKING),1,775708,Not at intersection,3,40,Arterial Other,WHITTLESEA-YEA,MURRINDINDI,-37.3577,145.2828,2022,12,December,17,Afternoon Peak,Weekday
T20220027729,2022-12-06,23:20:00,4,Collision with a fixed object,2,Tuesday,164,PERMANENT OBSTRUCTION ON CARRIAGEWAY,3,747353,Not at intersection,2,40,Local Road,RITCHIE,GEELONG,-38.146484,144.36798,2022,12,December,23,Night,Weekday
T20220027733,2022-12-06,22:45:00,1,Collision with vehicle,2,Tuesday,169,OTHER ON PATH,3,763689,Not at intersection,3,60,Local Road,BARRIES,MELTON,-37.68826,144.57333,2022,12,December,22,Night,Weekday
T20220027932,2022-12-06,11:10:00,1,Collision with vehicle,2,Tuesday,163,VEHICLE STRIKES DOOR OF PARKED/STATIONARY VEHICLE,1,763736,Not at intersection,3,40,Local Road,BIRDWOOD,MELBOURNE,-37.82741,144.97267,2022,12,December,11,Midday,Weekday
T20220027735,2022-12-06,18:15:00,1,Collision with vehicle,2,Tuesday,130,REAR END(VEHICLES IN SAME LANE),1,46976,Cross intersection,3,60,Local Road,BROOKLYN,MELTON,-37.701782,144.56494,2022,12,December,18,Afternoon Peak,Weekday
T20220027675,2022-12-06,10:45:00,1,Collision with vehicle,2,Tuesday,121,RIGHT THROUGH,1,36475,T intersection,2,80,Arterial Other,FERNTREE GULLY,KNOX,-37.893913,145.25266,2022,12,December,10,Midday,Weekday
T20220027847,2022-12-06,12:10:00,1,Collision with vehicle,2,Tuesday,113,RIGHT NEAR (INTERSECTIONS ONLY),1,41787,T intersection,3,80,Arterial Highway,SPRINGVALE,MONASH,-37.91597,145.15918,2022,12,December,12,Midday,Weekday
T20220027837,2022-12-06,14:31:00,2,Struck Pedestrian,2,Tuesday,102,FAR SIDE. PED HIT BY VEHICLE FROM THE LEFT,1,353827,T intersection,2,50,Arterial Other,HAMPSTEAD,MARIBYRNONG,-37.77907,144.87479,2022,12,December,14,Midday,Weekday
T20220027682,2022-12-06,12:15:00,1,Collision with vehicle,2,Tuesday,160,VEHICLE COLLIDES WITH VEHICLE PARKED ON LEFT OF ROAD,1,748140,Not at intersection,2,60,Local Road,THE BOULEVARD,BANYULE,-37.775845,145.04788,2022,12,December,12,Midday,Weekday
T20220027686,2022-12-06,05:30:00,1,Collision with vehicle,2,Tuesday,137,LEFT TURN SIDESWIPE,2,763697,Not at intersection,3,40,Local Road,LA TROBE,MELBOURNE,-37.81051,144.9607,2022,12,December,5,Morning Peak,Weekday
T20230005200,2022-12-06,12:00:00,1,Collision with vehicle,2,Tuesday,130,REAR END(VEHICLES IN SAME LANE),1,50470,Cross intersection,3,60,Arterial Other,PRINCES,LATROBE,-38.23846,146.40475,2022,12,December,12,Midday,Weekday
T20220027798,2022-12-06,22:00:00,1,Collision with vehicle,2,Tuesday,133,LANE SIDE SWIPE (VEHICLES IN PARALLEL LANES),5,760923,Not at intersection,3,80,Arterial Other,FERNTREE GULLY,KNOX,-37.903446,145.21483,2022,12,December,22,Night,Weekday
T20220027687,2022-12-06,11:00:00,1,Collision with vehicle,2,Tuesday,110,CROSS TRAFFIC(INTERSECTIONS ONLY),1,747352,Cross intersection,2,60,Arterial Other,CRESWICK-NEWSTEAD,HEPBURN,-37.331593,143.94888,2022,12,December,11,Midday,Weekday
T20220027656,2022-12-06,07:10:00,4,Collision with a fixed object,2,Tuesday,181,OFF RIGHT BEND INTO OBJECT/PARKED VEHICLE,1,763683,Not at intersection,3,100,Arterial Other,MAFFRA-BRIAGOLONG,WELLINGTON,-37.92571,146.99489,2022,12,December,7,Morning Peak,Weekday
T20220027669,2022-12-06,07:10:00,4,Collision with a fixed object,2,Tuesday,173,RIGHT OFF CARRIAGEWAY INTO OBJECT/PARKED VEHICLE,1,741276,T intersection,2,80,Arterial Highway,SPRINGVALE,MONASH,-37.891487,145.16374,2022,12,December,7,Morning Peak,Weekday
T20220029747,2022-12-06,20:20:00,2,Struck Pedestrian,2,Tuesday,103,PED PLAYING/LYING/WORKING/STANDING ON CARRIAGEWAY.,3,747144,Not at intersection,2,50,Local Road,GRETEL,MELTON,-37.690033,144.57855,2022,12,December,20,Night,Weekday
T20220029455,2022-12-06,18:36:00,1,Collision with vehicle,2,Tuesday,121,RIGHT THROUGH,1,45553,T intersection,3,60,Arterial Other,DAWSON,MORELAND,-37.769993,144.94853,2022,12,December,18,Afternoon Peak,Weekday
T20230000270,2022-12-06,20:00:00,2,Struck Pedestrian,2,Tuesday,109,ANY MANOEUVRE INVOLVING PED NOT INCLUDED IN DCAs 100-108.,1,747936,Not at intersection,2,60,Local Road,KOOYONG,GLEN EIRA,-37.879036,145.01633,2022,12,December,20,Night,Weekday
T20220027677,2022-12-06,07:24:00,1,Collision with vehicle,2,Tuesday,130,REAR END(VEHICLES IN SAME LANE),1,751771,Not at intersection,2,100,Arterial Other,MERRIANG,WHITTLESEA,-37.5191,145.0272,2022,12,December,7,Morning Peak,Weekday
T20220027690,2022-12-06,12:00:00,1,Collision with vehicle,2,Tuesday,110,CROSS TRAFFIC(INTERSECTIONS ONLY),1,318680,Cross intersection,3,60,Local Road,DYSON,BALLARAT,-37.544132,143.78688,2022,12,December,12,Midday,Weekday
T20220028154,2022-12-06,10:18:00,1,Collision with vehicle,2,Tuesday,130,REAR END(VEHICLES IN SAME LANE),1,35331,Cross intersection,3,80,Arterial Highway,GREENSBOROUGH,BANYULE,-37.70317,145.08983,2022,12,December,10,Midday,Weekday
T20220027693,2022-12-06,08:52:00,1,Collision with vehicle,2,Tuesday,130,REAR END(VEHICLES IN SAME LANE),1,763673,Multiple intersection,3,80,Arterial Other,FITZGERALD,BRIMBANK,-37.79921,144.78941,2022,12,December,8,Morning Peak,Weekday
T20220027670,2022-12-06,09:05:00,1,Collision with vehicle,2,Tuesday,130,REAR END(VEHICLES IN SAME LANE),1,740692,T intersection,3,50,Local Road,VIEWBRIGHT,CASEY,-38.08055,145.35378,2022,12,December,9,Morning Peak,Weekday
T20220027695,2022-12-06,13:30:00,1,Collision with vehicle,2,Tuesday,113,RIGHT NEAR (INTERSECTIONS ONLY),1,44463,T intersection,3,60,Arterial Highway,LATROBE,GEELONG,-38.151726,144.35197,2022,12,December,13,Midday,Weekday
T20220027696,2022-12-06,14:49:00,1,Collision with vehicle,2,Tuesday,110,CROSS TRAFFIC(INTERSECTIONS ONLY),1,52690,Cross intersection,3,60,Arterial Highway,LAMBERT,ARARAT,-37.277935,142.92493,2022,12,December,14,Midday,Weekday
T20220027698,2022-12-06,11:35:00,1,Collision with vehicle,2,Tuesday,110,CROSS TRAFFIC(INTERSECTIONS ONLY),1,40510,Cross intersection,3,50,Local Road,AITCHISON,BOROONDARA,-37.86128,145.07733,2022,12,December,11,Midday,Weekday
T20220027701,2022-12-06,13:30:00,1,Collision with vehicle,2,Tuesday,130,REAR END(VEHICLES IN SAME LANE),1,796451,Not at intersection,2,60,Arterial Other,BALLARAT,BRIMBANK,-37.777466,144.83179,2022,12,December,13,Midday,Weekday
T20220027702,2022-12-06,15:50:00,8,No collision and no object struck,2,Tuesday,172,OFF CARRIAGEWAY TO RIGHT,1,763735,Not at intersection,2,100,Arterial Highway,MALLEE,MILDURA,-35.063755,142.4249,2022,12,December,15,Afternoon Peak,Weekday
T20220027705,2022-12-06,17:02:00,1,Collision with vehicle,2,Tuesday,121,RIGHT THROUGH,1,286900,Cross intersection,3,60,Arterial Other,CAMMS,CASEY,-38.100475,145.29233,2022,12,December,17,Afternoon Peak,Weekday
T20220027953,2022-12-07,16:00:00,6,Vehicle overturned (no collision),3,Wednesday,180,OFF CARRIAGEWAY ON RIGHT BEND,1,746192,Not at intersection,2,100,Arterial Other,COBDEN-PORT CAMPBELL,CORANGAMITE,-38.392593,143.0767,2022,12,December,16,Afternoon Peak,Weekday
T20220027752,2022-12-07,10:51:00,1,Collision with vehicle,3,Wednesday,110,CROSS TRAFFIC(INTERSECTIONS ONLY),1,246030,Cross intersection,2,60,Arterial Other,MT ALEXANDER,MOONEE VALLEY,-37.76147,144.92183,2022,12,December,10,Midday,Weekday
T20220027754,2022-12-07,07:25:00,1,Collision with vehicle,3,Wednesday,130,REAR END(VEHICLES IN SAME LANE),1,786718,Not at intersection,2,80,Freeway,CITYLINK,MELBOURNE,-37.816105,144.93356,2022,12,December,7,Morning Peak,Weekday