ACCIDENT_NO,ACCIDENT_DATE,ACCIDENT_TIME,ACCIDENT_TYPE,ACCIDENT_TYPE_DESC,DAY_OF_WEEK,DAY_WEEK_DESC,DCA_CODE,DCA_DESC,LIGHT_CONDITION,NODE_ID,ROAD_GEOMETRY_DESC,SEVERITY,SPEED_ZONE,RMA,ROAD_NAME,LGA_NAME,LATITUDE,LONGITUDE,YEAR,MONTH,MONTH_NAME,HOUR,TIME_PERIOD,DAY_TYPE
T20220027755,2022-12-07,13:18:00,1,Collision with vehicle,3,Wednesday,110,CROSS TRAFFIC(INTERSECTIONS ONLY),1,53504,Cross intersection,3,70,Arterial Highway,SURF COAST,GEELONG,-38.21959,144.33774,2022,12,December,13,Midday,Weekday
T20220027757,2022-12-07,12:58:00,1,Collision with vehicle,3,Wednesday,116,LEFT NEAR (INTERSECTIONS ONLY),1,281176,Multiple intersection,3,60,Freeway,CHANDLER,BOROONDARA,-37.78985,145.02643,2022,12,December,12,Midday,Weekday
T20220027758,2022-12-07,10:50:00,1,Collision with vehicle,3,Wednesday,120,HEAD ON (NOT OVERTAKING),1,741696,Not at intersection,2,60,Arterial Other,MACARTHUR,MELBOURNE,-37.788685,144.95639,2022,12,December,10,Midday,Weekday
T20220028214,2022-12-07,19:50:00,1,Collision with vehicle,3,Wednesday,130,REAR END(VEHICLES IN SAME LANE),2,741701,Not at intersection,3,60,Arterial Other,MOUNTAIN,KNOX,-37.84081,145.2661,2022,12,December,19,Night,Weekday
T20220028220,2022-12-07,15:01:00,1,Collision with vehicle,3,Wednesday,130,REAR END(VEHICLES IN SAME LANE),1,775977,Not at intersection,3,50,Arterial Other,BOUNDARY,MORELAND,-37.71851,144.9559,2022,12,December,15,Afternoon Peak,Weekday
T20220027760,2022-12-07,11:45:00,1,Collision with vehicle,3,Wednesday,110,CROSS TRAFFIC(INTERSECTIONS ONLY),1,26,Cross intersection,3,80,Arterial Highway,FRANKSTON-DANDENONG,DANDENONG,-38.02378,145.2135,2022,12,December,11,Midday,Weekday
T20220028655,2022-12-07,20:00:00,7,Fall from or in moving vehicle,3,Wednesday,190,FELL IN/FROM VEHICLE,2,741933,T intersection,3,50,Local Road,SYMONS,BALLARAT,-37.538467,143.8351,2022,12,December,20,Night,Weekday
T20220027763,2022-12-07,07:54:00,1,Collision with vehicle,3,Wednesday,110,CROSS TRAFFIC(INTERSECTIONS ONLY),1,740315,Cross intersection,2,50,Local Road,MCINTYRE,SOUTHERN GRAMPIANS,-37.747696,142.02028,2022,12,December,7,Morning Peak,Weekday
T20220027764,2022-12-07,07:44:00,4,Collision with a fixed object,3,Wednesday,171,LEFT OFF CARRIAGEWAY INTO OBJECT/PARKED VEHICLE,1,778003,Not at intersection,3,50,Arterial Highway,POINT NEPEAN,MORNINGTON PENINSULA,-38.361668,144.88367,2022,12,December,7,Morning Peak,Weekday
T20220028640,2022-12-07,16:30:00,1,Collision with vehicle,3,Wednesday,143,ENTERING PARKING,1,743762,Not at intersection,2,40,Local Road,HIGHETT,YARRA,-37.816055,145.00087,2022,12,December,16,Afternoon Peak,Weekday
T20220028256,2022-12-07,20:47:00,1,Collision with vehicle,3,Wednesday,130,REAR END(VEHICLES IN SAME LANE),2,777493,T intersection,3,60,Arterial Highway,LOWER PLENTY,BANYULE,-37.736816,145.07562,2022,12,December,20,Night,Weekday
T20220027768,2022-12-07,13:00:00,1,Collision with vehicle,3,Wednesday,135,LANE CHANGE LEFT (NOT OVERTAKING),1,752831,Not at intersection,3,80,Freeway,CITYLINK,MORELAND,-37.75604,144.93744,2022,12,December,13,Midday,Weekday
T20220028047,2022-12-07,08:01:00,1,Collision with vehicle,3,Wednesday,147,VEHICLE STRIKES ANOTHER VEH WHILE EMERGING FROM DRIVEWAY,1,730815,Not at intersection,3,80,Arterial Other,WELLINGTON,YARRA RANGES,-37.95657,145.35132,2022,12,December,8,Morning Peak,Weekday
T20220027771,2022-12-07,09:00:00,1,Collision with vehicle,3,Wednesday,120,HEAD ON (NOT OVERTAKING),1,740504,Not at intersection,2,80,Arterial Other,BELGRAVE-HALLAM,YARRA RANGES,-37.9664,145.31885,2022,12,December,9,Morning Peak,Weekday
T20220027778,2022-12-07,11:30:00,1,Collision with vehicle,3,Wednesday,110,CROSS TRAFFIC(INTERSECTIONS ONLY),1,747932,Cross intersection,1,100,Arterial Other,MERRIGUM-ARDMONA,SHEPPARTON,-36.372475,145.22287,2022,12,December,11,Midday,Weekday
T20220027780,2022-12-07,15:55:00,1,Collision with vehicle,3,Wednesday,121,RIGHT THROUGH,1,780896,Not at intersection,2,80,Arterial Other,PASCOE VALE,HUME,-37.66189,144.92311,2022,12,December,15,Afternoon Peak,Weekday
T20220027781,2022-12-07,16:28:00,8,No collision and no object struck,3,Wednesday,174,OUT OF CONTROL ON CARRIAGEWAY (ON STRAIGHT),1,744803,Not at intersection,3,100,Arterial Highway,CALDER,BENDIGO,-36.850777,144.22879,2022,12,December,16,Afternoon Peak,Weekday
T20230000877,2022-12-07,11:52:00,1,Collision with vehicle,3,Wednesday,130,REAR END(VEHICLES IN SAME LANE),1,763487,Not at intersection,3,80,Arterial Highway,SPRINGVALE,MONASH,-37.90718,145.16078,2022,12,December,11,Midday,Weekday
T20220029054,2022-12-07,14:00:00,1,Collision with vehicle,3,Wednesday,147,VEHICLE STRIKES ANOTHER VEH WHILE EMERGING FROM DRIVEWAY,1,279919,Not at intersection,3,60,Local Road,BUNGOWER,MORNINGTON PENINSULA,-38.221058,145.05867,2022,12,December,14,Midday,Weekday
T20220028277,2022-12-07,07:50:00,1,Collision with vehicle,3,Wednesday,130,REAR END(VEHICLES IN SAME LANE),9,278821,Cross intersection,3,60,Local Road,AITKEN,HUME,-37.57533,144.92088,2022,12,December,7,Morning Peak,Weekday
T20220028723,2022-12-07,15:30:00,4,Collision with a fixed object,3,Wednesday,179,OTHER ACCIDENTS-OFF STRAIGHT NOT INCLUDED IN DCAs 170-175,1,763485,Not at intersection,3,60,Local Road,HOWARD,BENDIGO,-36.70518,144.31636,2022,12,December,15,Afternoon Peak,Weekday
T20220027808,2022-12-07,17:40:00,1,Collision with vehicle,3,Wednesday,110,CROSS TRAFFIC(INTERSECTIONS ONLY),1,750222,Cross intersection,2,100,Local Road,LONGWOOD-SHEPPARTON,STRATHBOGIE,-36.642025,145.31837,2022,12,December,17,Afternoon Peak,Weekday
T20220027785,2022-12-07,17:15:00,1,Collision with vehicle,3,Wednesday,140,U TURN,5,740406,Not at intersection,2,60,Local Road,STATION,MELTON,-37.68741,144.57802,2022,12,December,17,Afternoon Peak,Weekday
T20220029070,2022-12-07,16:30:00,1,Collision with vehicle,3,Wednesday,113,RIGHT NEAR (INTERSECTIONS ONLY),1,29676,Cross intersection,3,60,Arterial Other,BLUFF,BAYSIDE,-37.93765,145.02382,2022,12,December,16,Afternoon Peak,Weekday
T20220027786,2022-12-07,16:43:00,1,Collision with vehicle,3,Wednesday,121,RIGHT THROUGH,1,37480,T intersection,2,60,Arterial Other,BEACONSFIELD,PORT PHILLIP,-37.84843,144.94994,2022,12,December,16,Afternoon Peak,Weekday
T20220027788,2022-12-07,16:30:00,2,Struck Pedestrian,3,Wednesday,101,PED EMERGES FROM IN FRONT OF PARKED OR STATIONARY VEHICLE,1,763484,Not at intersection,3,50,Arterial Other,ST GEORGES,YARRA,-37.781487,144.98541,2022,12,December,16,Afternoon Peak,Weekday
T20220027796,2022-12-07,18:29:00,1,Collision with vehicle,3,Wednesday,130,REAR END(VEHICLES IN SAME LANE),1,775990,Not at intersection,3,100,Freeway,METROPOLITAN RING,WHITTLESEA,-37.686123,145.06088,2022,12,December,18,Afternoon Peak,Weekday
T20220027809,2022-12-07,18:45:00,1,Collision with vehicle,3,Wednesday,140,U TURN,1,775991,Not at intersection,3,60,Local Road,VICTORIA,YARRA RANGES,-37.756573,145.33524,2022,12,December,18,Afternoon Peak,Weekday
T20230001112,2022-12-07,17:30:00,1,Collision with vehicle,3,Wednesday,111,RIGHT FAR (INTERSECTIONS ONLY),9,22724,T intersection,3,80,Arterial Other,BALLARAT-CARNGHAM,BALLARAT,-37.566666,143.78282,2022,12,December,17,Afternoon Peak,Weekday
T20220027802,2022-12-07,19:35:00,1,Collision with vehicle,3,Wednesday,112,LEFT FAR (INTERSECTIONS ONLY),2,337596,T intersection,3,50,Local Road,COOPER,HUME,-37.688633,144.92758,2022,12,December,19,Night,Weekday
T20220027810,2022-12-07,18:14:00,1,Collision with vehicle,3,Wednesday,113,RIGHT NEAR (INTERSECTIONS ONLY),1,43594,T intersection,2,80,Arterial Highway,MOOROODUC,FRANKSTON,-38.19403,145.1351,2022,12,December,18,Afternoon Peak,Weekday
T20230000325,2022-12-07,05:15:00,1,Collision with vehicle,3,Wednesday,119,OTHER ADJACENT (INTERSECTIONS ONLY),2,359238,Cross intersection,3,80,Arterial Highway,LYNBROOK,CASEY,-38.050503,145.25743,2022,12,December,5,Morning Peak,Weekday
T20220027812,2022-12-07,15:21:00,1,Collision with vehicle,3,Wednesday,132,RIGHT REAR.,1,742823,T intersection,2,50,Local Road,PHILIP,WHITEHORSE,-37.842556,145.1968,2022,12,December,15,Afternoon Peak,Weekday
T20220027814,2022-12-07,17:00:00,1,Collision with vehicle,3,Wednesday,130,REAR END(VEHICLES IN SAME LANE),1,765750,Not at intersection,2,100,Freeway,SOUTH GIPPSLAND,DANDENONG,-38.01329,145.24982,2022,12,December,17,Afternoon Peak,Weekday
T20220027804,2022-12-07,14:40:00,1,Collision with vehicle,3,Wednesday,148,VEHICLE OFF FOOTPATH STRIKES VEH ON CARRIAGEWAY,1,783455,Cross intersection,3,80,Arterial Highway,PRINCES,CASEY,-38.026012,145.30655,2022,12,December,14,Midday,Weekday
T20220027817,2022-12-07,18:10:00,1,Collision with vehicle,3,Wednesday,121,RIGHT THROUGH,1,780441,T intersection,3,100,Arterial Highway,MIDLAND,SHEPPARTON,-36.420948,145.17328,2022,12,December,18,Afternoon Peak,Weekday
T20220027806,2022-12-07,17:44:00,2,Struck Pedestrian,3,Wednesday,109,ANY MANOEUVRE INVOLVING PED NOT INCLUDED IN DCAs 100-108.,1,780991,Not at intersection,2,80,Arterial Highway,PRINCES,DANDENONG,-37.95347,145.17943,2022,12,December,17,Afternoon Peak,Weekday
T20220027823,2022-12-07,22:38:00,1,Collision with vehicle,3,Wednesday,160,VEHICLE COLLIDES WITH VEHICLE PARKED ON LEFT OF ROAD,3,763486,Not at intersection,2,60,Local Road,EXFORD,MELTON,-37.71917,144.57224,2022,12,December,22,Night,Weekday
T20220027873,2022-12-07,16:47:00,1,Collision with vehicle,3,Wednesday,130,REAR END(VEHICLES IN SAME LANE),1,10850,Multiple intersection,3,60,Arterial Highway,MONTAGUE,MELBOURNE,-37.825325,144.94795,2022,12,December,16,Afternoon Peak,Weekday
T20230001724,2022-12-07,17:15:00,1,Collision with vehicle,3,Wednesday,130,REAR END(VEHICLES IN SAME LANE),1,763488,Not at intersection,3,100,Freeway,EASTERN,WHITEHORSE,-37.79705,145.12825,2022,12,December,17,Afternoon Peak,Weekday
T20220028141,2022-12-07,08:30:00,1,Collision with vehicle,3,Wednesday,130,REAR END(VEHICLES IN SAME LANE),1,777491,Not at intersection,3,100,Freeway,CLYDE-PRINCES IN,CASEY,-38.04277,145.33627,2022,12,December,8,Morning Peak,Weekday
T20220027741,2022-12-07,07:20:00,1,Collision with vehicle,3,Wednesday,130,REAR END(VEHICLES IN SAME LANE),1,775985,Not at intersection,3,80,Local Road,BOES,MORNINGTON PENINSULA,-38.284878,145.16696,2022,12,December,7,Morning Peak,Weekday
T20220027742,2022-12-07,08:55:00,1,Collision with vehicle,3,Wednesday,121,RIGHT THROUGH,1,763483,Not at intersection,3,60,Arterial Other,MURRUMBEENA,GLEN EIRA,-37.888226,145.06679,2022,12,December,8,Morning Peak,Weekday
T20220027945,2022-12-07,16:00:00,1,Collision with vehicle,3,Wednesday,111,RIGHT FAR (INTERSECTIONS ONLY),1,412,Cross intersection,3,40,Local Road,PERRY,DAREBIN,-37.77228,145.02452,2022,12,December,16,Afternoon Peak,Weekday
T20220027747,2022-12-07,11:01:00,1,Collision with vehicle,3,Wednesday,142,LEAVING PARKING,1,740883,Not at intersection,2,60,Local Road,STATION,KINGSTON,-38.02724,145.10234,2022,12,December,11,Midday,Weekday
T20220027749,2022-12-07,11:25:00,4,Collision with a fixed object,3,Wednesday,173,RIGHT OFF CARRIAGEWAY INTO OBJECT/PARKED VEHICLE,1,353186,Cross intersection,3,60,Freeway,PRINCES,WYNDHAM,-37.91185,144.68114,2022,12,December,11,Midday,Weekday
T20220028719,2022-12-08,19:30:00,1,Collision with vehicle,4,Thursday,130,REAR END(VEHICLES IN SAME LANE),9,721,T intersection,3,80,Arterial Highway,WELLINGTON,MONASH,-37.917057,145.14714,2022,12,December,19,Night,Weekday
T20220027888,2022-12-08,15:57:00,1,Collision with vehicle,4,Thursday,130,REAR END(VEHICLES IN SAME LANE),1,743151,Not at intersection,2,80,Arterial Highway,DANDENONG,MONASH,-37.930237,145.15253,2022,12,December,15,Afternoon Peak,Weekday
T20220028518,2022-12-08,06:45:00,1,Collision with vehicle,4,Thursday,130,REAR END(VEHICLES IN SAME LANE),2,706955,Not at intersection,3,80,Arterial Highway,DINGLEY,KINGSTON,-37.941666,145.0931,2022,12,December,6,Morning Peak,Weekday
T20230004309,2022-12-08,18:00:00,1,Collision with vehicle,4,Thursday,130,REAR END(VEHICLES IN SAME LANE),9,51709,T intersection,3,60,Arterial Highway,HIGH,BENDIGO,-36.78339,144.2476,2022,12,December,18,Afternoon Peak,Weekday
T20220028360,2022-12-08,19:30:00,7,Fall from or in moving vehicle,4,Thursday,190,FELL IN/FROM VEHICLE,1,783462,Not at intersection,3,50,Arterial Other,MAIN,BRIMBANK,-37.745552,144.81091,2022,12,December,19,Night,Weekday
T20220027884,2022-12-08,16:30:00,1,Collision with vehicle,4,Thursday,147,VEHICLE STRIKES ANOTHER VEH WHILE EMERGING FROM DRIVEWAY,1,747354,Not at intersection,2,40,Local Road,GLEN IRIS,BOROONDARA,-37.85989,145.06621,2022,12,December,16,Afternoon Peak,Weekday
T20220027881,2022-12-08,15:50:00,1,Collision with vehicle,4,Thursday,147,VEHICLE STRIKES ANOTHER VEH WHILE EMERGING FROM DRIVEWAY,1,763482,Not at intersection,3,50,Local Road,STOCKDALE,GLEN EIRA,-37.917213,145.06596,2022,12,December,15,Afternoon Peak,Weekday
T20220027878,2022-12-08,15:20:00,2,Struck Pedestrian,4,Thursday,100,PED NEAR SIDE. PED HIT BY VEHICLE FROM THE RIGHT.,1,42102,T intersection,2,40,Arterial Other,BLUFF,BAYSIDE,-37.939064,145.02356,2022,12,December,15,Afternoon Peak,Weekday
T20220027877,2022-12-08,14:50:00,1,Collision with vehicle,4,Thursday,121,RIGHT THROUGH,1,682617,Not at intersection,2,70,Arterial Other,SOUTH,KINGSTON,-37.93503,145.0502,2022,12,December,14,Midday,Weekday
T20220027876,2022-12-08,13:46:00,1,Collision with vehicle,4,Thursday,130,REAR END(VEHICLES IN SAME LANE),1,740694,Not at intersection,3,60,Arterial Other,MILLEARA,MOONEE VALLEY,-37.75403,144.86076,2022,12,December,13,Midday,Weekday
T20220028480,2022-12-08,07:23:00,1,Collision with vehicle,4,Thursday,130,REAR END(VEHICLES IN SAME LANE),1,741499,Not at intersection,3,100,Freeway,PRINCES,HOBSONS BAY,-37.854755,144.77867,2022,12,December,7,Morning Peak,Weekday
T20220027868,2022-12-08,06:50:00,1,Collision with vehicle,4,Thursday,130,REAR END(VEHICLES IN SAME LANE),1,750717,T intersection,3,80,Local Road,BOUNDARY,MELTON,-37.79961,144.64767,2022,12,December,6,Morning Peak,Weekday
T20220027864,2022-12-08,10:20:00,1,Collision with vehicle,4,Thursday,121,RIGHT THROUGH,1,335866,Cross intersection,3,70,Arterial Other,STATION,BRIMBANK,-37.760014,144.7768,2022,12,December,10,Midday,Weekday
T20220027862,2022-12-08,12:14:00,1,Collision with vehicle,4,Thursday,113,RIGHT NEAR (INTERSECTIONS ONLY),1,51060,T intersection,3,60,Arterial Highway,HIGH,SHEPPARTON,-36.38258,145.4106,2022,12,December,12,Midday,Weekday
T20220027914,2022-12-08,20:09:00,1,Collision with vehicle,4,Thursday,121,RIGHT THROUGH,3,995,Cross intersection,3,60,Local Road,EVANS,HUME,-37.582016,144.72768,2022,12,December,20,Night,Weekday
T20220027917,2022-12-08,22:15:00,1,Collision with vehicle,4,Thursday,119,OTHER ADJACENT (INTERSECTIONS ONLY),3,742932,Multiple intersection,3,80,Arterial Other,KEILOR PARK,BRIMBANK,-37.73733,144.85016,2022,12,December,22,Night,Weekday
T20220027889,2022-12-08,17:15:00,1,Collision with vehicle,4,Thursday,120,HEAD ON (NOT OVERTAKING),1,763433,Not at intersection,3,60,Local Road,WILSONS,MORNINGTON PENINSULA,-38.232674,145.04013,2022,12,December,17,Afternoon Peak,Weekday
T20220027848,2022-12-08,09:17:00,1,Collision with vehicle,4,Thursday,121,RIGHT THROUGH,1,743666,Cross intersection,2,60,Arterial Other,FLEMINGTON ROAD SERVICE,MELBOURNE,-37.793766,144.94737,2022,12,December,9,Morning Peak,Weekday
T20220027893,2022-12-08,16:10:00,1,Collision with vehicle,4,Thursday,120,HEAD ON (NOT OVERTAKING),1,740984,Not at intersection,3,60,Arterial Highway,GREAT OCEAN,COLAC OTWAY,-38.74211,143.25356,2022,12,December,16,Afternoon Peak,Weekday
T20220027896,2022-12-08,16:15:00,1,Collision with vehicle,4,Thursday,113,RIGHT NEAR (INTERSECTIONS ONLY),1,786767,T intersection,2,60,Arterial Other,BROWNS-SCARSDALE,GOLDEN PLAINS,-37.66868,143.65462,2022,12,December,16,Afternoon Peak,Weekday
T20220027898,2022-12-08,18:08:00,2,Struck Pedestrian,4,Thursday,100,PED NEAR SIDE. PED HIT BY VEHICLE FROM THE RIGHT.,1,36354,T intersection,3,60,Arterial Other,RALEIGH,MARIBYRNONG,-37.768997,144.8867,2022,12,December,18,Afternoon Peak,Weekday
T20220028355,2022-12-08,09:20:00,4,Collision with a fixed object,4,Thursday,173,RIGHT OFF CARRIAGEWAY INTO OBJECT/PARKED VEHICLE,1,780354,Not at intersection,3,50,Local Road,LYGON,MORELAND,-37.76236,144.97334,2022,12,December,9,Morning Peak,Weekday
T20220027900,2022-12-08,14:30:00,1,Collision with vehicle,4,Thursday,135,LANE CHANGE LEFT (NOT OVERTAKING),1,778202,Not at intersection,3,80,Freeway,WEST GATE,HOBSONS BAY,-37.825237,144.84045,2022,12,December,14,Midday,Weekday
T20220028051,2022-12-08,08:09:00,4,Collision with a fixed object,4,Thursday,173,RIGHT OFF CARRIAGEWAY INTO OBJECT/PARKED VEHICLE,1,780895,Not at intersection,2,70,Arterial Other,CANTERBURY,MAROONDAH,-37.822067,145.30275,2022,12,December,8,Morning Peak,Weekday
T20230001695,2022-12-08,15:22:00,1,Collision with vehicle,4,Thursday,110,CROSS TRAFFIC(INTERSECTIONS ONLY),1,767593,Cross intersection,3,80,Arterial Highway,PRINCES,DANDENONG,-37.96151,145.18849,2022,12,December,15,Afternoon Peak,Weekday
T20220027842,2022-12-08,08:00:00,4,Collision with a fixed object,4,Thursday,173,RIGHT OFF CARRIAGEWAY INTO OBJECT/PARKED VEHICLE,1,58713,T intersection,3,60,Arterial Other,HECKENDORF,WODONGA,-36.13549,146.86397,2022,12,December,8,Morning Peak,Weekday
T20220027841,2022-12-08,06:15:00,6,Vehicle overturned (no collision),4,Thursday,170,OFF CARRIAGEWAY TO LEFT,2,743360,Not at intersection,2,100,Local Road,ARTHURS CREEK,NILLUMBIK,-37.574486,145.1907,2022,12,December,6,Morning Peak,Weekday
T20220027939,2022-12-08,12:50:00,1,Collision with vehicle,4,Thursday,121,RIGHT THROUGH,1,778013,Cross intersection,3,80,Local Road,ROBERTSON,MORNINGTON PENINSULA,-38.22319,145.05324,2022,12,December,12,Midday,Weekday
T20220027911,2022-12-08,19:08:00,2,Struck Pedestrian,4,Thursday,100,PED NEAR SIDE. PED HIT BY VEHICLE FROM THE RIGHT.,1,29780,Cross intersection,3,60,Arterial Other,MURRAY,DAREBIN,-37.737972,145.004,2022,12,December,19,Night,Weekday
T20220027903,2022-12-08,17:22:00,4,Collision with a fixed object,4,Thursday,171,LEFT OFF CARRIAGEWAY INTO OBJECT/PARKED VEHICLE,1,746191,Not at intersection,2,100,Arterial Highway,GREAT ALPINE,ALPINE,-36.676098,146.88794,2022,12,December,17,Afternoon Peak,Weekday
T20220027905,2022-12-08,16:34:00,1,Collision with vehicle,4,Thursday,130,REAR END(VEHICLES IN SAME LANE),1,222317,Cross intersection,3,70,Arterial Highway,PLENTY,DAREBIN,-37.708935,145.05052,2022,12,December,16,Afternoon Peak,Weekday
T20220027906,2022-12-08,17:00:00,4,Collision with a fixed object,4,Thursday,183,OFF LEFT BEND INTO OBJECT/PARKED VEHICLE,1,746480,Not at intersection,3,100,Arterial Other,WESTERNPORT,CARDINIA,-38.25549,145.59177,2022,12,December,17,Afternoon Peak,Weekday
T20220027907,2022-12-08,19:28:00,1,Collision with vehicle,4,Thursday,148,VEHICLE OFF FOOTPATH STRIKES VEH ON CARRIAGEWAY,1,745313,T intersection,2,60,Local Road,PARKLANDS,WHITTLESEA,-37.685337,145.02931,2022,12,December,19,Night,Weekday
T20220029252,2022-12-08,23:10:00,1,Collision with vehicle,4,Thursday,142,LEAVING PARKING,3,778012,Not at intersection,3,40,Arterial Other,CHAPEL,STONNINGTON,-37.839123,144.9957,2022,12,December,23,Night,Weekday
T20220027920,2022-12-08,05:40:00,1,Collision with vehicle,4,Thursday,169,OTHER ON PATH,2,740695,Not at intersection,3,40,Local Road,WELLINGTON,BOROONDARA,-37.80923,145.03165,2022,12,December,5,Morning Peak,Weekday
T20220028814,2022-12-08,09:55:00,2,Struck Pedestrian,4,Thursday,194,PARKED CAR RUN AWAY,1,742418,Not at intersection,3,40,Arterial Other,SHANNON,GEELONG,-38.137867,144.33691,2022,12,December,9,Morning Peak,Weekday
T20220027940,2022-12-08,22:30:00,8,No collision and no object struck,4,Thursday,182,OFF CARRIAGEWAY ON LEFT BEND,5,783458,Not at intersection,3,100,Local Road,OXLEY-GRETA WEST,WANGARATTA,-36.53447,146.23898,2022,12,December,22,Night,Weekday
T20220028310,2022-12-08,16:30:00,1,Collision with vehicle,4,Thursday,130,REAR END(VEHICLES IN SAME LANE),9,744714,Not at intersection,3,60,Local Road,SALTWATER,WYNDHAM,-37.911575,144.77216,2022,12,December,16,Afternoon Peak,Weekday
T20230000036,2022-12-08,23:30:00,1,Collision with vehicle,4,Thursday,149,OTHER MANOEUVRING NOT INCLUDED IN DCAs 140-148,9,35298,Cross intersection,3,40,Arterial Other,BRUNSWICK,MORELAND,-37.778294,144.97069,2022,12,December,23,Night,Weekday
T20220027830,2022-12-08,05:15:00,8,No collision and no object struck,4,Thursday,174,OUT OF CONTROL ON CARRIAGEWAY (ON STRAIGHT),2,60279,T intersection,2,50,Arterial Other,MOLLISON,MACEDON RANGES,-37.24696,144.45366,2022,12,December,5,Morning Peak,Weekday
T20220029038,2022-12-08,17:30:00,1,Collision with vehicle,4,Thursday,121,RIGHT THROUGH,1,265474,T intersection,3,40,Local Road,LA TROBE,MELBOURNE,-37.81218,144.95494,2022,12,December,17,Afternoon Peak,Weekday
T20220027828,2022-12-08,04:00:00,1,Collision with vehicle,4,Thursday,169,OTHER ON PATH,3,785921,Not at intersection,3,60,Arterial Other,DONCASTER,BOROONDARA,-37.794044,145.0788,2022,12,December,4,Late Night,Weekday
T20220027826,2022-12-08,00:30:00,1,Collision with vehicle,4,Thursday,113,RIGHT NEAR (INTERSECTIONS ONLY),3,741486,T intersection,3,50,Local Road,COLEMAN,KNOX,-37.862186,145.24301,2022,12,December,0,Late Night,Weekday
T20220027918,2022-12-08,21:40:00,1,Collision with vehicle,4,Thursday,110,CROSS TRAFFIC(INTERSECTIONS ONLY),3,70828,Cross intersection,2,80,Arterial Highway,CHELTENHAM,DANDENONG,-37.994442,145.17545,2022,12,December,21,Night,Weekday
T20220027927,2022-12-08,10:07:00,1,Collision with vehicle,4,Thursday,140,U TURN,1,690127,Not at intersection,2,100,Arterial Highway,SOUTH GIPPSLAND,CARDINIA,-38.2137,145.45927,2022,12,December,10,Midday,Weekday
T20220028505,2022-12-09,07:58:00,2,Struck Pedestrian,5,Friday,100,PED NEAR SIDE. PED HIT BY VEHICLE FROM THE RIGHT.,2,64279,T intersection,3,60,Arterial Other,THOMPSONS,MANNINGHAM,-37.7773,145.08556,2022,12,December,7,Morning Peak,Weekday
T20220028054,2022-12-09,14:00:00,1,Collision with vehicle,5,Friday,147,VEHICLE STRIKES ANOTHER VEH WHILE EMERGING FROM DRIVEWAY,1,780727,Not at intersection,3,60,Local Road,BRYANTS,DANDENONG,-37.99583,145.21408,2022,12,December,14,Midday,Weekday
T20220027938,2022-12-09,07:41:00,4,Collision with a fixed object,5,Friday,183,OFF LEFT BEND INTO OBJECT/PARKED VEHICLE,1,780990,Not at intersection,2,60,Freeway,WESTERN IN-MELTON,MELTON,-37.694378,144.60217,2022,12,December,7,Morning Peak,Weekday
T20220028102,2022-12-09,23:20:00,4,Collision with a fixed object,5,Friday,175,OFF END OF ROAD/T-INTERSECTION.,3,46395,T intersection,3,60,Local Road,BAYLISS,WYNDHAM,-37.868504,144.69633,2022,12,December,23,Night,Weekday
T20220028415,2022-12-09,07:28:00,1,Collision with vehicle,5,Friday,130,REAR END(VEHICLES IN SAME LANE),2,781530,Not at intersection,3,60,Arterial Other,MT ALEXANDER,MOONEE VALLEY,-37.760563,144.92078,2022,12,December,7,Morning Peak,Weekday
T20220028663,2022-12-09,17:50:00,1,Collision with vehicle,5,Friday,140,U TURN,1,741935,Not at intersection,2,60,Arterial Other,COOK,MELBOURNE,-37.828007,144.9218,2022,12,December,17,Afternoon Peak,Weekday
T20220028400,2022-12-09,15:00:00,7,Fall from or in moving vehicle,5,Friday,190,FELL IN/FROM VEHICLE,1,741496,Not at intersection,3,60,Arterial Other,SYDNEY ROAD SERVICE,HUME,-37.68289,144.95749,2022,12,December,15,Afternoon Peak,Weekday
T20230000124,2022-12-09,15:31:00,1,Collision with vehicle,5,Friday,130,REAR END(VEHICLES IN SAME LANE),1,41712,T intersection,3,80,Arterial Highway,DANDENONG,MONASH,-37.913017,145.1251,2022,12,December,15,Afternoon Peak,Weekday
T20220027935,2022-12-09,08:15:00,6,Vehicle overturned (no collision),5,Friday,174,OUT OF CONTROL ON CARRIAGEWAY (ON STRAIGHT),1,43915,Cross intersection,3,80,Arterial Other,CLYDE-FIVE WAYS,CASEY,-38.118744,145.32716,2022,12,December,8,Morning Peak,Weekday
T20230001382,2022-12-09,11:30:00,8,No collision and no object struck,5,Friday,174,OUT OF CONTROL ON CARRIAGEWAY (ON STRAIGHT),1,748941,T intersection,3,50,Arterial Other,BALLARTO ROAD -PEARCEDALE,CASEY,-38.124325,145.24936,2022,12,December,11,Midday,Weekday
T20220028012,2022-12-09,19:45:00,4,Collision with a fixed object,5,Friday,173,RIGHT OFF CARRIAGEWAY INTO OBJECT/PARKED VEHICLE,1,776521,Not at intersection,2,100,Local Road,RIFLE BUTTS,MANSFIELD,-37.08315,146.09741,2022,12,December,19,Night,Weekday