ACCIDENT_NO,ACCIDENT_DATE,ACCIDENT_TIME,ACCIDENT_TYPE,ACCIDENT_TYPE_DESC,DAY_OF_WEEK,DAY_WEEK_DESC,DCA_CODE,DCA_DESC,LIGHT_CONDITION,NODE_ID,ROAD_GEOMETRY_DESC,SEVERITY,SPEED_ZONE,RMA,ROAD_NAME,LGA_NAME,LATITUDE,LONGITUDE,YEAR,MONTH,MONTH_NAME,HOUR,TIME_PERIOD,DAY_TYPE
T20220028009,2022-12-09,20:30:00,8,No collision and no object struck,5,Friday,174,OUT OF CONTROL ON CARRIAGEWAY (ON STRAIGHT),3,747574,Not at intersection,3,40,Arterial Other,VICTORIA,YARRA,-37.81106,145.00562,2022,12,December,20,Night,Weekday
T20220028008,2022-12-09,20:55:00,1,Collision with vehicle,5,Friday,137,LEFT TURN SIDESWIPE,3,29386,Cross intersection,3,60,Arterial Other,MACARTHUR,MELBOURNE,-37.78988,144.95876,2022,12,December,20,Night,Weekday
T20220028005,2022-12-09,14:55:00,1,Collision with vehicle,5,Friday,131,LEFT REAR,1,46544,T intersection,2,60,Arterial Other,PLENTY,DAREBIN,-37.727684,145.01958,2022,12,December,14,Midday,Weekday
T20220028001,2022-12-09,16:50:00,1,Collision with vehicle,5,Friday,121,RIGHT THROUGH,1,43258,T intersection,3,60,Local Road,PERRY,DANDENONG,-38.031605,145.18332,2022,12,December,16,Afternoon Peak,Weekday
T20220027997,2022-12-09,15:10:00,1,Collision with vehicle,5,Friday,122,LEFT THROUGH,1,783332,T intersection,3,50,Local Road,PANDORA,WHITTLESEA,-37.68399,144.99373,2022,12,December,15,Afternoon Peak,Weekday
T20220027968,2022-12-09,14:10:00,2,Struck Pedestrian,5,Friday,102,FAR SIDE. PED HIT BY VEHICLE FROM THE LEFT,1,37229,T intersection,2,40,Arterial Other,BRIDGE,YARRA,-37.818794,145.00145,2022,12,December,14,Midday,Weekday
T20220027994,2022-12-09,18:34:00,1,Collision with vehicle,5,Friday,121,RIGHT THROUGH,1,37766,T intersection,3,40,Arterial Other,MALVERN,STONNINGTON,-37.848568,145.00679,2022,12,December,18,Afternoon Peak,Weekday
T20220027986,2022-12-09,13:58:00,1,Collision with vehicle,5,Friday,132,RIGHT REAR.,1,740697,T intersection,3,60,Local Road,CHARMAN,KINGSTON,-37.97425,145.05403,2022,12,December,13,Midday,Weekday
T20220027985,2022-12-09,16:15:00,1,Collision with vehicle,5,Friday,137,LEFT TURN SIDESWIPE,1,727448,T intersection,3,60,Arterial Other,HEIDELBERG,DAREBIN,-37.784237,145.01169,2022,12,December,16,Afternoon Peak,Weekday
T20220027981,2022-12-09,16:38:00,2,Struck Pedestrian,5,Friday,100,PED NEAR SIDE. PED HIT BY VEHICLE FROM THE RIGHT.,1,742719,Not at intersection,2,40,Local Road,SEPARATION,DAREBIN,-37.77113,145.01404,2022,12,December,16,Afternoon Peak,Weekday
T20220027979,2022-12-09,15:25:00,1,Collision with vehicle,5,Friday,140,U TURN,1,741697,Not at intersection,3,70,Arterial Other,FRANKSTON-FLINDERS,MORNINGTON PENINSULA,-38.30465,145.18362,2022,12,December,15,Afternoon Peak,Weekday
T20220027930,2022-12-09,04:00:00,4,Collision with a fixed object,5,Friday,173,RIGHT OFF CARRIAGEWAY INTO OBJECT/PARKED VEHICLE,5,740596,Not at intersection,3,60,Local Road,CRANE,BENDIGO,-36.724884,144.28818,2022,12,December,4,Late Night,Weekday
T20220027971,2022-12-09,12:10:00,5,collision with some other object,5,Friday,189,OTHER ACCIDENTS ON CURVE NOT INCLUDED IN DCAs 180-184,1,783328,Not at intersection,3,100,Arterial Highway,GLENELG,GLENELG,-37.5803,141.54187,2022,12,December,12,Midday,Weekday
T20220027967,2022-12-09,06:31:00,1,Collision with vehicle,5,Friday,140,U TURN,1,45203,T intersection,2,60,Arterial Other,BALLARAT,MARIBYRNONG,-37.78552,144.87549,2022,12,December,6,Morning Peak,Weekday
T20220027965,2022-12-09,09:39:00,4,Collision with a fixed object,5,Friday,171,LEFT OFF CARRIAGEWAY INTO OBJECT/PARKED VEHICLE,1,749654,Not at intersection,2,50,Local Road,BINDTS,WHITTLESEA,-37.599365,145.04636,2022,12,December,9,Morning Peak,Weekday
T20220027959,2022-12-09,11:18:00,1,Collision with vehicle,5,Friday,130,REAR END(VEHICLES IN SAME LANE),1,779649,T intersection,3,100,Freeway,FORSTER-MONASH IN,MONASH,-37.893524,145.13025,2022,12,December,11,Midday,Weekday
T20220027951,2022-12-09,10:55:00,1,Collision with vehicle,5,Friday,135,LANE CHANGE LEFT (NOT OVERTAKING),1,782753,Not at intersection,2,80,Freeway,MONASH,STONNINGTON,-37.847713,145.04225,2022,12,December,10,Midday,Weekday
T20220027949,2022-12-09,11:10:00,2,Struck Pedestrian,5,Friday,100,PED NEAR SIDE. PED HIT BY VEHICLE FROM THE RIGHT.,1,52730,Cross intersection,3,50,Arterial Highway,NEILL,PYRENEES,-37.429886,143.38367,2022,12,December,11,Midday,Weekday
T20220027948,2022-12-09,11:34:00,1,Collision with vehicle,5,Friday,130,REAR END(VEHICLES IN SAME LANE),1,747573,Not at intersection,3,60,Arterial Other,MORNINGTON-TYABB,MORNINGTON PENINSULA,-38.234425,145.0503,2022,12,December,11,Midday,Weekday
T20220028829,2022-12-09,08:00:00,1,Collision with vehicle,5,Friday,130,REAR END(VEHICLES IN SAME LANE),1,742320,Not at intersection,3,100,Freeway,MONASH,CASEY,-38.019367,145.31088,2022,12,December,8,Morning Peak,Weekday
T20220027933,2022-12-09,07:25:00,7,Fall from or in moving vehicle,5,Friday,190,FELL IN/FROM VEHICLE,1,783343,Not at intersection,3,40,Local Road,MILLER,YARRA,-37.777554,144.98845,2022,12,December,7,Morning Peak,Weekday
T20230001171,2022-12-09,19:15:00,1,Collision with vehicle,5,Friday,116,LEFT NEAR (INTERSECTIONS ONLY),9,51569,T intersection,3,60,Arterial Highway,EAGLEHAWK,BENDIGO,-36.749474,144.25874,2022,12,December,19,Night,Weekday
T20220027936,2022-12-09,07:00:00,1,Collision with vehicle,5,Friday,113,RIGHT NEAR (INTERSECTIONS ONLY),1,245143,T intersection,3,60,Arterial Other,HOWITT,BAW BAW,-38.168903,145.93204,2022,12,December,7,Morning Peak,Weekday
T20220029318,2022-12-09,13:25:00,1,Collision with vehicle,5,Friday,130,REAR END(VEHICLES IN SAME LANE),1,743374,T intersection,2,60,Arterial Highway,ST GEORGES,DAREBIN,-37.763542,144.99219,2022,12,December,13,Midday,Weekday
T20220028041,2022-12-09,06:30:00,1,Collision with vehicle,5,Friday,130,REAR END(VEHICLES IN SAME LANE),1,777443,Multiple intersection,3,60,Freeway,POWER,MELBOURNE,-37.82537,144.96461,2022,12,December,6,Morning Peak,Weekday
T20220028044,2022-12-09,17:40:00,1,Collision with vehicle,5,Friday,135,LANE CHANGE LEFT (NOT OVERTAKING),1,775987,Not at intersection,3,60,Arterial Other,VICTORIA,MELBOURNE,-37.80685,144.96469,2022,12,December,17,Afternoon Peak,Weekday
T20220028498,2022-12-10,19:30:00,8,No collision and no object struck,6,Saturday,179,OTHER ACCIDENTS-OFF STRAIGHT NOT INCLUDED IN DCAs 170-175,2,652052,T intersection,2,60,Local Road,TINDALS,MANNINGHAM,-37.7758,145.1908,2022,12,December,19,Night,Weekend
T20220028497,2022-12-10,18:20:00,1,Collision with vehicle,6,Saturday,130,REAR END(VEHICLES IN SAME LANE),1,741706,Not at intersection,3,80,Arterial Other,THOMPSONS,CASEY,-38.083538,145.28528,2022,12,December,18,Afternoon Peak,Weekend
T20220028078,2022-12-10,17:25:00,4,Collision with a fixed object,6,Saturday,171,LEFT OFF CARRIAGEWAY INTO OBJECT/PARKED VEHICLE,1,58680,T intersection,2,50,Local Road,NICOLE,WODONGA,-36.127106,146.87079,2022,12,December,17,Afternoon Peak,Weekend
T20220028060,2022-12-10,06:30:00,3,Struck animal,6,Saturday,167,STRUCK ANIMAL,1,740597,Not at intersection,1,100,Local Road,EAST WEST,COLAC OTWAY,-38.451626,143.463,2022,12,December,6,Morning Peak,Weekend
T20220028032,2022-12-10,06:55:00,1,Collision with vehicle,6,Saturday,113,RIGHT NEAR (INTERSECTIONS ONLY),1,43620,T intersection,3,80,Arterial Highway,PRINCES,CASEY,-38.01419,145.29015,2022,12,December,6,Morning Peak,Weekend
T20220028059,2022-12-10,12:28:00,1,Collision with vehicle,6,Saturday,130,REAR END(VEHICLES IN SAME LANE),1,762838,Not at intersection,2,60,Arterial Other,ELLIOTT,MELBOURNE,-37.787872,144.95074,2022,12,December,12,Midday,Weekend
T20220028061,2022-12-10,12:10:00,1,Collision with vehicle,6,Saturday,134,LANE CHANGE RIGHT (NOT OVERTAKING),1,762833,Not at intersection,2,60,Arterial Other,RALEIGH,MARIBYRNONG,-37.76868,144.88907,2022,12,December,12,Midday,Weekend
T20220028058,2022-12-10,12:30:00,1,Collision with vehicle,6,Saturday,160,VEHICLE COLLIDES WITH VEHICLE PARKED ON LEFT OF ROAD,1,771421,Not at intersection,2,50,Local Road,STAUGHTON,BOROONDARA,-37.84893,145.0607,2022,12,December,12,Midday,Weekend
T20220028228,2022-12-10,10:00:00,1,Collision with vehicle,6,Saturday,113,RIGHT NEAR (INTERSECTIONS ONLY),1,68024,T intersection,3,60,Arterial Other,BURKE,STONNINGTON,-37.87194,145.04895,2022,12,December,10,Midday,Weekend
T20220028029,2022-12-10,08:30:00,1,Collision with vehicle,6,Saturday,113,RIGHT NEAR (INTERSECTIONS ONLY),1,73145,Cross intersection,2,60,Local Road,SHELL,GEELONG,-38.25934,144.55035,2022,12,December,8,Morning Peak,Weekend
T20220028036,2022-12-10,07:30:00,1,Collision with vehicle,6,Saturday,120,HEAD ON (NOT OVERTAKING),1,749551,Not at intersection,2,80,Local Road,NORTH,CASEY,-38.173084,145.25731,2022,12,December,7,Morning Peak,Weekend
T20220028055,2022-12-10,10:09:00,1,Collision with vehicle,6,Saturday,140,U TURN,1,29527,Cross intersection,2,60,Arterial Other,WHITEHALL,MARIBYRNONG,-37.803185,144.90514,2022,12,December,10,Midday,Weekend
T20220028039,2022-12-10,07:28:00,1,Collision with vehicle,6,Saturday,113,RIGHT NEAR (INTERSECTIONS ONLY),1,42592,T intersection,3,60,Arterial Other,POLICE,DANDENONG,-37.937237,145.18953,2022,12,December,7,Morning Peak,Weekend
T20220028021,2022-12-10,01:19:00,2,Struck Pedestrian,6,Saturday,102,FAR SIDE. PED HIT BY VEHICLE FROM THE LEFT,3,751182,Not at intersection,2,80,Arterial Highway,BURWOOD,KNOX,-37.88237,145.2762,2022,12,December,1,Late Night,Weekend
T20220028066,2022-12-10,23:21:00,1,Collision with vehicle,6,Saturday,130,REAR END(VEHICLES IN SAME LANE),3,617,Cross intersection,3,40,Arterial Other,BLACKBURN,MONASH,-37.872204,145.14839,2022,12,December,23,Night,Weekend
T20220028119,2022-12-10,00:40:00,1,Collision with vehicle,6,Saturday,130,REAR END(VEHICLES IN SAME LANE),9,780355,Not at intersection,3,100,Freeway,SPRINGVALE-MONASH OUT,MONASH,-37.90889,145.16147,2022,12,December,0,Late Night,Weekend
T20220028856,2022-12-10,18:30:00,4,Collision with a fixed object,6,Saturday,171,LEFT OFF CARRIAGEWAY INTO OBJECT/PARKED VEHICLE,1,786769,Not at intersection,3,80,Local Road,MT AITKEN,MELTON,-37.584663,144.65857,2022,12,December,18,Afternoon Peak,Weekend
T20220028076,2022-12-10,16:47:00,4,Collision with a fixed object,6,Saturday,171,LEFT OFF CARRIAGEWAY INTO OBJECT/PARKED VEHICLE,1,762834,T intersection,3,80,Local Road,HARKNESS,MELTON,-37.668644,144.53426,2022,12,December,16,Afternoon Peak,Weekend
T20230001732,2022-12-10,14:20:00,1,Collision with vehicle,6,Saturday,140,U TURN,1,749777,Not at intersection,3,60,Arterial Other,BEACH,BAYSIDE,-37.961605,145.0114,2022,12,December,14,Midday,Weekend
T20220028101,2022-12-10,15:00:00,4,Collision with a fixed object,6,Saturday,183,OFF LEFT BEND INTO OBJECT/PARKED VEHICLE,1,745529,Not at intersection,2,100,Local Road,TAMBORITHA,WELLINGTON,-37.56354,146.62343,2022,12,December,15,Afternoon Peak,Weekend
T20220028677,2022-12-10,11:40:00,1,Collision with vehicle,6,Saturday,131,LEFT REAR,1,743566,Cross intersection,3,60,Local Road,AUTUMN,GEELONG,-38.14099,144.3299,2022,12,December,11,Midday,Weekend
T20220028276,2022-12-10,10:18:00,1,Collision with vehicle,6,Saturday,130,REAR END(VEHICLES IN SAME LANE),1,741286,Not at intersection,2,80,Freeway,TULLAMARINE,MOONEE VALLEY,-37.734905,144.89806,2022,12,December,10,Midday,Weekend
T20220028049,2022-12-10,11:22:00,1,Collision with vehicle,6,Saturday,113,RIGHT NEAR (INTERSECTIONS ONLY),1,740699,T intersection,2,60,Local Road,OSBOURNE,BASS COAST,-38.45226,145.23448,2022,12,December,11,Midday,Weekend
T20220028022,2022-12-10,02:35:00,1,Collision with vehicle,6,Saturday,169,OTHER ON PATH,5,762832,Not at intersection,3,50,Local Road,BOWEN,BOROONDARA,-37.818253,145.03748,2022,12,December,2,Late Night,Weekend
T20220028096,2022-12-10,17:50:00,1,Collision with vehicle,6,Saturday,120,HEAD ON (NOT OVERTAKING),1,772865,T intersection,2,50,Local Road,YARRA,HOBSONS BAY,-37.85121,144.89665,2022,12,December,17,Afternoon Peak,Weekend
T20220028095,2022-12-10,19:30:00,1,Collision with vehicle,6,Saturday,119,OTHER ADJACENT (INTERSECTIONS ONLY),1,290258,Cross intersection,3,60,Arterial Other,ST KILDA,MELBOURNE,-37.85022,144.98064,2022,12,December,19,Night,Weekend
T20220028052,2022-12-10,11:41:00,1,Collision with vehicle,6,Saturday,160,VEHICLE COLLIDES WITH VEHICLE PARKED ON LEFT OF ROAD,1,762836,Not at intersection,3,60,Arterial Other,SEVENTH,MILDURA,-34.19155,142.17397,2022,12,December,11,Midday,Weekend
T20230016842,2022-12-10,23:10:00,4,Collision with a fixed object,6,Saturday,171,LEFT OFF CARRIAGEWAY INTO OBJECT/PARKED VEHICLE,3,780700,T intersection,3,50,Local Road,FOGARTY,GEELONG,-38.190582,144.30789,2022,12,December,23,Night,Weekend
T20220028973,2022-12-10,10:35:00,1,Collision with vehicle,6,Saturday,110,CROSS TRAFFIC(INTERSECTIONS ONLY),1,54742,Cross intersection,3,50,Local Road,FERGUSON,MOONEE VALLEY,-37.772415,144.91237,2022,12,December,10,Midday,Weekend
T20220028086,2022-12-10,16:23:00,1,Collision with vehicle,6,Saturday,130,REAR END(VEHICLES IN SAME LANE),1,779960,Not at intersection,3,60,Arterial Highway,WARRIGAL,STONNINGTON,-37.885994,145.08957,2022,12,December,16,Afternoon Peak,Weekend
T20220028084,2022-12-10,16:33:00,1,Collision with vehicle,6,Saturday,130,REAR END(VEHICLES IN SAME LANE),1,743153,T intersection,2,60,Arterial Other,DALTON,WHITTLESEA,-37.669605,145.0318,2022,12,December,16,Afternoon Peak,Weekend
T20220028083,2022-12-10,09:30:00,1,Collision with vehicle,6,Saturday,130,REAR END(VEHICLES IN SAME LANE),1,785923,Not at intersection,3,80,Arterial Highway,DANDENONG,GLEN EIRA,-37.886642,145.07649,2022,12,December,9,Morning Peak,Weekend
T20220028082,2022-12-10,18:02:00,8,No collision and no object struck,6,Saturday,184,OUT OF CONTROL ON CARRIAGEWAY (ON BEND),1,740888,Not at intersection,3,60,Local Road,DAVID HILL,YARRA RANGES,-37.887527,145.4285,2022,12,December,18,Afternoon Peak,Weekend
T20220028031,2022-12-10,09:00:00,1,Collision with vehicle,6,Saturday,110,CROSS TRAFFIC(INTERSECTIONS ONLY),1,740698,Cross intersection,3,70,Arterial Highway,DANDENONG,STONNINGTON,-37.85886,145.00128,2022,12,December,9,Morning Peak,Weekend
T20220028080,2022-12-10,15:55:00,4,Collision with a fixed object,6,Saturday,175,OFF END OF ROAD/T-INTERSECTION.,1,747575,T intersection,2,50,Local Road,RICHARD,LATROBE,-38.187607,146.25095,2022,12,December,15,Afternoon Peak,Weekend
T20220028064,2022-12-10,14:44:00,4,Collision with a fixed object,6,Saturday,171,LEFT OFF CARRIAGEWAY INTO OBJECT/PARKED VEHICLE,1,762802,Not at intersection,3,60,Arterial Highway,NORTH,GLEN EIRA,-37.9046,145.04555,2022,12,December,14,Midday,Weekend
T20220028127,2022-12-10,21:20:00,3,Struck animal,6,Saturday,167,STRUCK ANIMAL,5,744283,Not at intersection,3,100,Arterial Other,WANGARATTA-WHITFIELD,WANGARATTA,-36.454144,146.36723,2022,12,December,21,Night,Weekend
T20230000515,2022-12-11,06:15:00,4,Collision with a fixed object,7,Sunday,183,OFF LEFT BEND INTO OBJECT/PARKED VEHICLE,2,746930,Not at intersection,3,60,Freeway,SUNSHINE-WESTERN RING OUT,BRIMBANK,-37.749813,144.83212,2022,12,December,6,Morning Peak,Weekend
T20220029095,2022-12-11,22:30:00,8,No collision and no object struck,7,Sunday,174,OUT OF CONTROL ON CARRIAGEWAY (ON STRAIGHT),3,742950,Not at intersection,3,50,Local Road,RAYMOND,DAREBIN,-37.739628,144.98412,2022,12,December,22,Night,Weekend
T20220028604,2022-12-11,11:40:00,7,Fall from or in moving vehicle,7,Sunday,190,FELL IN/FROM VEHICLE,1,742380,Not at intersection,2,100,Freeway,PRINCES,WYNDHAM,-37.949245,144.59293,2022,12,December,11,Midday,Weekend
T20230000690,2022-12-11,20:36:00,1,Collision with vehicle,7,Sunday,135,LANE CHANGE LEFT (NOT OVERTAKING),2,748040,Not at intersection,3,50,Local Road,WOOD,DAREBIN,-37.735622,145.02457,2022,12,December,20,Night,Weekend
T20230002038,2022-12-11,16:45:00,1,Collision with vehicle,7,Sunday,130,REAR END(VEHICLES IN SAME LANE),1,762621,Not at intersection,3,80,Arterial Other,PRINCES,WYNDHAM,-37.892387,144.68388,2022,12,December,16,Afternoon Peak,Weekend
T20230000836,2022-12-11,13:15:00,6,Vehicle overturned (no collision),7,Sunday,174,OUT OF CONTROL ON CARRIAGEWAY (ON STRAIGHT),1,783365,Not at intersection,3,100,Local Road,DE MOTTS,GOLDEN PLAINS,-37.891575,144.205,2022,12,December,13,Midday,Weekend
T20220028224,2022-12-11,16:55:00,1,Collision with vehicle,7,Sunday,113,RIGHT NEAR (INTERSECTIONS ONLY),1,42541,T intersection,3,60,Arterial Other,POLICE,DANDENONG,-37.93352,145.15964,2022,12,December,16,Afternoon Peak,Weekend
T20220028183,2022-12-11,23:27:00,4,Collision with a fixed object,7,Sunday,173,RIGHT OFF CARRIAGEWAY INTO OBJECT/PARKED VEHICLE,5,786771,Not at intersection,2,100,Local Road,THOMPSONS,HUME,-37.655895,144.74138,2022,12,December,23,Night,Weekend
T20220028180,2022-12-11,22:55:00,1,Collision with vehicle,7,Sunday,147,VEHICLE STRIKES ANOTHER VEH WHILE EMERGING FROM DRIVEWAY,3,778014,Not at intersection,3,80,Arterial Highway,SPRINGVALE,MONASH,-37.87623,145.16649,2022,12,December,22,Night,Weekend
T20220028179,2022-12-11,22:40:00,4,Collision with a fixed object,7,Sunday,173,RIGHT OFF CARRIAGEWAY INTO OBJECT/PARKED VEHICLE,3,783372,Cross intersection,3,80,Arterial Other,EPPING,WHITTLESEA,-37.59437,145.03365,2022,12,December,22,Night,Weekend
T20220028177,2022-12-11,21:45:00,1,Collision with vehicle,7,Sunday,121,RIGHT THROUGH,3,44332,T intersection,3,60,Local Road,DEBORAH,WYNDHAM,-37.892445,144.65556,2022,12,December,21,Night,Weekend
T20220028382,2022-12-11,13:14:00,2,Struck Pedestrian,7,Sunday,102,FAR SIDE. PED HIT BY VEHICLE FROM THE LEFT,1,741915,Not at intersection,3,40,Local Road,PULTNEY,DANDENONG,-37.989437,145.21509,2022,12,December,13,Midday,Weekend
T20220028174,2022-12-11,18:20:00,1,Collision with vehicle,7,Sunday,130,REAR END(VEHICLES IN SAME LANE),1,747356,Cross intersection,3,80,Arterial Other,PASCOE VALE,HUME,-37.663715,144.92221,2022,12,December,18,Afternoon Peak,Weekend
T20220028172,2022-12-11,14:30:00,1,Collision with vehicle,7,Sunday,135,LANE CHANGE LEFT (NOT OVERTAKING),1,240735,Not at intersection,3,100,Freeway,EASTLINK,DANDENONG,-37.967396,145.19476,2022,12,December,14,Midday,Weekend
T20220028164,2022-12-11,16:45:00,8,No collision and no object struck,7,Sunday,174,OUT OF CONTROL ON CARRIAGEWAY (ON STRAIGHT),2,133986,T intersection,3,80,Arterial Highway,NEPEAN,KINGSTON,-37.97673,145.06668,2022,12,December,16,Afternoon Peak,Weekend
T20220028162,2022-12-11,13:39:00,8,No collision and no object struck,7,Sunday,174,OUT OF CONTROL ON CARRIAGEWAY (ON STRAIGHT),1,22736,Cross intersection,2,50,Arterial Other,INGLIS,MOORABOOL,-37.60016,144.22546,2022,12,December,13,Midday,Weekend
T20220028495,2022-12-11,20:35:00,4,Collision with a fixed object,7,Sunday,171,LEFT OFF CARRIAGEWAY INTO OBJECT/PARKED VEHICLE,3,249285,Multiple intersection,3,60,Local Road,MOUNTAIN VIEW,MORNINGTON PENINSULA,-38.205536,145.09213,2022,12,December,20,Night,Weekend
T20220028157,2022-12-11,15:00:00,4,Collision with a fixed object,7,Sunday,175,OFF END OF ROAD/T-INTERSECTION.,1,51556,T intersection,3,60,Arterial Other,WEEROONA,BENDIGO,-36.744434,144.29025,2022,12,December,15,Afternoon Peak,Weekend
T20220028156,2022-12-11,12:04:00,4,Collision with a fixed object,7,Sunday,183,OFF LEFT BEND INTO OBJECT/PARKED VEHICLE,1,747257,Not at intersection,2,80,Arterial Other,PAKENHAM,CARDINIA,-37.985615,145.5062,2022,12,December,12,Midday,Weekend
T20220028151,2022-12-11,12:55:00,1,Collision with vehicle,7,Sunday,116,LEFT NEAR (INTERSECTIONS ONLY),1,783392,Cross intersection,3,60,Arterial Highway,MOUNT,BANYULE,-37.7589,145.06157,2022,12,December,12,Midday,Weekend
T20220028148,2022-12-11,12:57:00,1,Collision with vehicle,7,Sunday,134,LANE CHANGE RIGHT (NOT OVERTAKING),1,42608,T intersection,3,80,Arterial Highway,WELLINGTON,MONASH,-37.923126,145.19548,2022,12,December,12,Midday,Weekend
T20220028147,2022-12-11,12:41:00,1,Collision with vehicle,7,Sunday,119,OTHER ADJACENT (INTERSECTIONS ONLY),1,40105,Cross intersection,2,60,Arterial Other,BARKLY,PORT PHILLIP,-37.864098,144.98178,2022,12,December,12,Midday,Weekend
T20220028146,2022-12-11,07:47:00,4,Collision with a fixed object,7,Sunday,183,OFF LEFT BEND INTO OBJECT/PARKED VEHICLE,1,753489,Not at intersection,2,60,Arterial Other,CORIO QUAY,GEELONG,-38.103924,144.36269,2022,12,December,7,Morning Peak,Weekend
T20220028145,2022-12-11,12:41:00,5,collision with some other object,7,Sunday,166,STRUCK OBJECT ON CARRIAGEWAY,1,741489,Not at intersection,2,60,Local Road,SCRIVENERS,EAST GIPPSLAND,-37.838783,147.95074,2022,12,December,12,Midday,Weekend
T20220028143,2022-12-11,11:10:00,6,Vehicle overturned (no collision),7,Sunday,174,OUT OF CONTROL ON CARRIAGEWAY (ON STRAIGHT),1,741488,Not at intersection,2,100,Arterial Highway,GREAT ALPINE,EAST GIPPSLAND,-37.75797,147.70876,2022,12,December,11,Midday,Weekend
T20220028142,2022-12-11,12:20:00,1,Collision with vehicle,7,Sunday,113,RIGHT NEAR (INTERSECTIONS ONLY),1,52340,Cross intersection,3,100,Arterial Highway,BASS,SOUTH GIPPSLAND,-38.530037,145.88014,2022,12,December,12,Midday,Weekend
T20220028413,2022-12-11,13:30:00,8,No collision and no object struck,7,Sunday,182,OFF CARRIAGEWAY ON LEFT BEND,1,741498,Not at intersection,2,100,Local Road,H TREE EXTENSION,BAW BAW,-37.995632,146.09628,2022,12,December,13,Midday,Weekend
T20220028140,2022-12-11,10:45:00,1,Collision with vehicle,7,Sunday,110,CROSS TRAFFIC(INTERSECTIONS ONLY),1,60539,Cross intersection,2,100,Local Road,RACECOURSE,PYRENEES,-37.408703,143.44582,2022,12,December,10,Midday,Weekend
T20220028138,2022-12-11,09:30:00,8,No collision and no object struck,7,Sunday,174,OUT OF CONTROL ON CARRIAGEWAY (ON STRAIGHT),1,773185,Not at intersection,3,100,Local Road,YENDON-EGERTON,MOORABOOL,-37.627434,144.03928,2022,12,December,9,Morning Peak,Weekend
T20220028131,2022-12-11,07:00:00,4,Collision with a fixed object,7,Sunday,173,RIGHT OFF CARRIAGEWAY INTO OBJECT/PARKED VEHICLE,9,756300,Not at intersection,1,100,Local Road,JINDIVICK-NEERIM SOUTH,BAW BAW,-38.037052,145.93068,2022,12,December,7,Morning Peak,Weekend
T20220028579,2022-12-11,12:50:00,1,Collision with vehicle,7,Sunday,130,REAR END(VEHICLES IN SAME LANE),1,779962,Cross intersection,3,70,Arterial Highway,PLENTY,WHITTLESEA,-37.687042,145.06729,2022,12,December,12,Midday,Weekend
T20220028130,2022-12-11,09:38:00,1,Collision with vehicle,7,Sunday,121,RIGHT THROUGH,1,29356,T intersection,3,40,Arterial Other,SYDNEY,MORELAND,-37.76549,144.96239,2022,12,December,9,Morning Peak,Weekend
T20220028120,2022-12-11,01:25:00,4,Collision with a fixed object,7,Sunday,171,LEFT OFF CARRIAGEWAY INTO OBJECT/PARKED VEHICLE,5,762620,Not at intersection,3,80,Local Road,FINCHS,BALLARAT,-37.583523,143.7519,2022,12,December,1,Late Night,Weekend
T20220028116,2022-12-11,01:40:00,8,No collision and no object struck,7,Sunday,174,OUT OF CONTROL ON CARRIAGEWAY (ON STRAIGHT),3,124664,Not at intersection,3,40,Local Road,LONSDALE,MELBOURNE,-37.814213,144.95557,2022,12,December,1,Late Night,Weekend
T20220028115,2022-12-11,01:52:00,1,Collision with vehicle,7,Sunday,160,VEHICLE COLLIDES WITH VEHICLE PARKED ON LEFT OF ROAD,3,783384,Not at intersection,3,60,Arterial Other,BARKLY,PORT PHILLIP,-37.868164,144.98103,2022,12,December,1,Late Night,Weekend
T20220028114,2022-12-11,01:34:00,6,Vehicle overturned (no collision),7,Sunday,184,OUT OF CONTROL ON CARRIAGEWAY (ON BEND),5,746081,Not at intersection,3,80,Arterial Other,RIDDELL,HUME,-37.555862,144.70216,2022,12,December,1,Late Night,Weekend
T20220028111,2022-12-11,02:00:00,2,Struck Pedestrian,7,Sunday,102,FAR SIDE. PED HIT BY VEHICLE FROM THE LEFT,3,258790,Cross intersection,3,50,Local Road,PERTH,BRIMBANK,-37.777576,144.8151,2022,12,December,2,Late Night,Weekend
T20220028110,2022-12-11,01:12:00,1,Collision with vehicle,7,Sunday,136,RIGHT TURN SIDESWIPE,3,754545,Not at intersection,3,50,Local Road,BARKLY,WHITEHORSE,-37.81734,145.19484,2022,12,December,1,Late Night,Weekend
T20220028106,2022-12-11,00:54:00,1,Collision with vehicle,7,Sunday,120,HEAD ON (NOT OVERTAKING),3,744819,Not at intersection,2,80,Arterial Other,CLYDE-FIVE WAYS,CASEY,-38.12673,145.32559,2022,12,December,0,Late Night,Weekend
T20220028691,2022-12-11,23:38:00,1,Collision with vehicle,7,Sunday,120,HEAD ON (NOT OVERTAKING),3,742518,Not at intersection,3,40,Arterial Other,BRIDGE,YARRA,-37.817905,144.99318,2022,12,December,23,Night,Weekend