ACCIDENT_NO,ACCIDENT_DATE,ACCIDENT_TIME,ACCIDENT_TYPE,ACCIDENT_TYPE_DESC,DAY_OF_WEEK,DAY_WEEK_DESC,DCA_CODE,DCA_DESC,LIGHT_CONDITION,NODE_ID,ROAD_GEOMETRY_DESC,SEVERITY,SPEED_ZONE,RMA,ROAD_NAME,LGA_NAME,LATITUDE,LONGITUDE,YEAR,MONTH,MONTH_NAME,HOUR,TIME_PERIOD,DAY_TYPE
T20220028136,2022-12-11,10:35:00,1,Collision with vehicle,7,Sunday,121,RIGHT THROUGH,1,47219,T intersection,3,60,Arterial Highway,MELBA,YARRA RANGES,-37.65253,145.37627,2022,12,December,10,Midday,Weekend
T20220028446,2022-12-11,14:50:00,6,Vehicle overturned (no collision),7,Sunday,174,OUT OF CONTROL ON CARRIAGEWAY (ON STRAIGHT),1,741929,Not at intersection,3,40,Arterial Other,VICTORIA,YARRA,-37.81108,145.00581,2022,12,December,14,Midday,Weekend
T20230001165,2022-12-11,18:10:00,1,Collision with vehicle,7,Sunday,116,LEFT NEAR (INTERSECTIONS ONLY),1,48089,T intersection,3,60,Local Road,DONALD CAMERON,HUME,-37.625427,144.93304,2022,12,December,18,Afternoon Peak,Weekend
T20220028185,2022-12-12,00:45:00,4,Collision with a fixed object,1,Monday,171,LEFT OFF CARRIAGEWAY INTO OBJECT/PARKED VEHICLE,3,762474,Not at intersection,3,70,Arterial Other,FOOTSCRAY-CAROLINE SPRINGS,BRIMBANK,-37.774765,144.80876,2022,12,December,0,Late Night,Weekday
T20230004597,2022-12-12,08:15:00,1,Collision with vehicle,1,Monday,148,VEHICLE OFF FOOTPATH STRIKES VEH ON CARRIAGEWAY,1,757040,Not at intersection,2,40,Local Road,WELLSFORD,WELLINGTON,-37.967236,147.08508,2022,12,December,8,Morning Peak,Weekday
T20220028223,2022-12-12,10:40:00,1,Collision with vehicle,1,Monday,110,CROSS TRAFFIC(INTERSECTIONS ONLY),1,741492,Cross intersection,3,50,Arterial Other,CONTINGENT,BAW BAW,-38.21426,146.15411,2022,12,December,10,Midday,Weekday
T20220029327,2022-12-12,17:25:00,1,Collision with vehicle,1,Monday,130,REAR END(VEHICLES IN SAME LANE),9,44249,T intersection,3,70,Arterial Other,IRONBARK,NILLUMBIK,-37.639442,145.13226,2022,12,December,17,Afternoon Peak,Weekday
T20220028357,2022-12-12,20:56:00,1,Collision with vehicle,1,Monday,121,RIGHT THROUGH,2,49576,Cross intersection,2,60,Local Road,FISKEN,MOORABOOL,-37.6852,144.44305,2022,12,December,20,Night,Weekday
T20230004790,2022-12-12,05:55:00,1,Collision with vehicle,1,Monday,130,REAR END(VEHICLES IN SAME LANE),2,25939,Cross intersection,3,60,Freeway,AIRPORT,BRIMBANK,-37.70692,144.86739,2022,12,December,5,Morning Peak,Weekday
T20220028287,2022-12-12,21:15:00,2,Struck Pedestrian,1,Monday,100,PED NEAR SIDE. PED HIT BY VEHICLE FROM THE RIGHT.,3,745007,Not at intersection,2,70,Arterial Other,STATION,BRIMBANK,-37.767063,144.77544,2022,12,December,21,Night,Weekday
T20220028891,2022-12-12,17:15:00,1,Collision with vehicle,1,Monday,130,REAR END(VEHICLES IN SAME LANE),1,744398,Not at intersection,3,100,Freeway,CALDER,MOONEE VALLEY,-37.7343,144.88872,2022,12,December,17,Afternoon Peak,Weekday
T20220029703,2022-12-12,15:45:00,1,Collision with vehicle,1,Monday,175,OFF END OF ROAD/T-INTERSECTION.,1,744610,T intersection,3,50,Local Road,ELIZABETH,MORNINGTON PENINSULA,-38.37274,144.9138,2022,12,December,15,Afternoon Peak,Weekday
T20220028227,2022-12-12,15:30:00,2,Struck Pedestrian,1,Monday,101,PED EMERGES FROM IN FRONT OF PARKED OR STATIONARY VEHICLE,1,741283,Not at intersection,3,50,Local Road,WILSON,DANDENONG,-37.9894,145.22096,2022,12,December,15,Afternoon Peak,Weekday
T20220028229,2022-12-12,15:17:00,4,Collision with a fixed object,1,Monday,171,LEFT OFF CARRIAGEWAY INTO OBJECT/PARKED VEHICLE,1,752712,Not at intersection,2,80,Local Road,SCRUBBY,LATROBE,-38.190254,146.48604,2022,12,December,15,Afternoon Peak,Weekday
T20220028805,2022-12-12,19:00:00,1,Collision with vehicle,1,Monday,140,U TURN,1,742318,Not at intersection,3,60,Local Road,HIGH,MANNINGHAM,-37.761543,145.11896,2022,12,December,19,Night,Weekday
T20220028288,2022-12-12,21:05:00,1,Collision with vehicle,1,Monday,130,REAR END(VEHICLES IN SAME LANE),3,741702,Not at intersection,3,60,Local Road,EXETER,MAROONDAH,-37.770233,145.29132,2022,12,December,21,Night,Weekday
T20230000808,2022-12-12,14:11:00,1,Collision with vehicle,1,Monday,121,RIGHT THROUGH,1,762575,Multiple intersection,3,70,Arterial Other,BACCHUS MARSH,GEELONG,-38.0602,144.3582,2022,12,December,14,Midday,Weekday
T20220028233,2022-12-12,11:05:00,1,Collision with vehicle,1,Monday,130,REAR END(VEHICLES IN SAME LANE),1,743261,Not at intersection,3,40,Arterial Other,KURRAK,NILLUMBIK,-37.649967,145.11577,2022,12,December,11,Midday,Weekday
T20220028198,2022-12-12,08:00:00,4,Collision with a fixed object,1,Monday,171,LEFT OFF CARRIAGEWAY INTO OBJECT/PARKED VEHICLE,1,783394,Not at intersection,3,80,Arterial Other,BALLARTO,CASEY,-38.134754,145.3346,2022,12,December,8,Morning Peak,Weekday
T20220028394,2022-12-12,15:40:00,2,Struck Pedestrian,1,Monday,101,PED EMERGES FROM IN FRONT OF PARKED OR STATIONARY VEHICLE,1,751175,Not at intersection,2,60,Arterial Other,DRUMMOND,BALLARAT,-37.571125,143.84557,2022,12,December,15,Afternoon Peak,Weekday
T20220028238,2022-12-12,15:10:00,1,Collision with vehicle,1,Monday,130,REAR END(VEHICLES IN SAME LANE),1,777478,Not at intersection,3,60,Arterial Other,SCORESBY,KNOX,-37.864986,145.26414,2022,12,December,15,Afternoon Peak,Weekday
T20220028395,2022-12-12,17:20:00,1,Collision with vehicle,1,Monday,130,REAR END(VEHICLES IN SAME LANE),1,749152,Not at intersection,3,60,Local Road,ROSSACK,GEELONG,-38.20138,144.31183,2022,12,December,17,Afternoon Peak,Weekday
T20220028239,2022-12-12,15:57:00,1,Collision with vehicle,1,Monday,121,RIGHT THROUGH,1,36198,T intersection,2,60,Arterial Other,DUDLEY,MELBOURNE,-37.80848,144.95493,2022,12,December,15,Afternoon Peak,Weekday
T20220028301,2022-12-12,15:00:00,1,Collision with vehicle,1,Monday,130,REAR END(VEHICLES IN SAME LANE),1,775978,Not at intersection,3,70,Arterial Highway,SPRINGVALE,MONASH,-37.878773,145.166,2022,12,December,15,Afternoon Peak,Weekday
T20220028240,2022-12-12,15:50:00,1,Collision with vehicle,1,Monday,136,RIGHT TURN SIDESWIPE,1,36408,Cross intersection,3,60,Arterial Other,VICTORIA,MELBOURNE,-37.808113,144.97316,2022,12,December,15,Afternoon Peak,Weekday
T20220028402,2022-12-12,15:55:00,4,Collision with a fixed object,1,Monday,171,LEFT OFF CARRIAGEWAY INTO OBJECT/PARKED VEHICLE,1,744188,Not at intersection,2,100,Arterial Other,NAR NAR GOON-LONGWARRY,CARDINIA,-38.08584,145.63852,2022,12,December,15,Afternoon Peak,Weekday
T20220028241,2022-12-12,16:45:00,1,Collision with vehicle,1,Monday,140,U TURN,1,762584,Not at intersection,3,80,Arterial Highway,MAROONDAH,YARRA RANGES,-37.68345,145.4557,2022,12,December,16,Afternoon Peak,Weekday
T20220028196,2022-12-12,08:50:00,1,Collision with vehicle,1,Monday,121,RIGHT THROUGH,1,778568,Not at intersection,2,70,Arterial Other,MELROSE,HUME,-37.705814,144.88483,2022,12,December,8,Morning Peak,Weekday
T20220028217,2022-12-12,11:13:00,6,Vehicle overturned (no collision),1,Monday,180,OFF CARRIAGEWAY ON RIGHT BEND,1,745528,Not at intersection,2,100,Arterial Other,KIEWA VALLEY,INDIGO,-36.360886,147.03596,2022,12,December,11,Midday,Weekday
T20220028250,2022-12-12,14:30:00,4,Collision with a fixed object,1,Monday,171,LEFT OFF CARRIAGEWAY INTO OBJECT/PARKED VEHICLE,1,745744,Not at intersection,2,50,Arterial Other,COHUNA-MCMILLANS,GANNAWARRA,-35.80933,144.21867,2022,12,December,14,Midday,Weekday
T20220028265,2022-12-12,16:20:00,1,Collision with vehicle,1,Monday,130,REAR END(VEHICLES IN SAME LANE),1,762561,Not at intersection,2,100,Freeway,WESTERN RING,MORELAND,-37.694263,144.92586,2022,12,December,16,Afternoon Peak,Weekday
T20220029287,2022-12-12,16:58:00,1,Collision with vehicle,1,Monday,110,CROSS TRAFFIC(INTERSECTIONS ONLY),1,40195,Cross intersection,3,70,Arterial Highway,DANDENONG,STONNINGTON,-37.8601,145.01054,2022,12,December,16,Afternoon Peak,Weekday
T20220028338,2022-12-12,20:24:00,2,Struck Pedestrian,1,Monday,100,PED NEAR SIDE. PED HIT BY VEHICLE FROM THE RIGHT.,1,35355,Cross intersection,3,40,Local Road,ELIZABETH,MELBOURNE,-37.812283,144.96227,2022,12,December,20,Night,Weekday
T20220028213,2022-12-12,11:15:00,1,Collision with vehicle,1,Monday,121,RIGHT THROUGH,1,741491,Cross intersection,3,60,Arterial Highway,ALBERT,DAREBIN,-37.74442,145.02223,2022,12,December,11,Midday,Weekday
T20220029729,2022-12-12,17:00:00,8,No collision and no object struck,1,Monday,174,OUT OF CONTROL ON CARRIAGEWAY (ON STRAIGHT),9,37621,Cross intersection,3,60,Arterial Highway,PUNT,STONNINGTON,-37.848343,144.98457,2022,12,December,17,Afternoon Peak,Weekday
T20220029209,2022-12-12,17:00:00,1,Collision with vehicle,1,Monday,130,REAR END(VEHICLES IN SAME LANE),1,766220,Not at intersection,3,60,Arterial Other,HUNTINGDALE,MONASH,-37.855915,145.11392,2022,12,December,17,Afternoon Peak,Weekday
T20220028312,2022-12-12,14:50:00,1,Collision with vehicle,1,Monday,132,RIGHT REAR.,1,741288,Not at intersection,3,60,Arterial Other,ESPLANADE,BAYSIDE,-37.918617,144.98787,2022,12,December,14,Midday,Weekday
T20220028204,2022-12-12,08:50:00,4,Collision with a fixed object,1,Monday,171,LEFT OFF CARRIAGEWAY INTO OBJECT/PARKED VEHICLE,1,744285,Not at intersection,3,80,Local Road,WEST,MITCHELL,-37.11072,144.84418,2022,12,December,8,Morning Peak,Weekday
T20220028609,2022-12-12,16:06:00,1,Collision with vehicle,1,Monday,130,REAR END(VEHICLES IN SAME LANE),1,762459,Not at intersection,2,60,Arterial Highway,GEELONG,MARIBYRNONG,-37.801388,144.8877,2022,12,December,16,Afternoon Peak,Weekday
T20220029627,2022-12-12,17:20:00,4,Collision with a fixed object,1,Monday,183,OFF LEFT BEND INTO OBJECT/PARKED VEHICLE,1,765025,Not at intersection,3,80,Arterial Other,DAYLESFORD-TRENTHAM,HEPBURN,-37.384907,144.20607,2022,12,December,17,Afternoon Peak,Weekday
T20220028202,2022-12-12,08:00:00,4,Collision with a fixed object,1,Monday,181,OFF RIGHT BEND INTO OBJECT/PARKED VEHICLE,1,762582,Not at intersection,3,50,Local Road,BROOKVILLE,HUME,-37.556217,144.94864,2022,12,December,8,Morning Peak,Weekday
T20220028199,2022-12-12,09:47:00,1,Collision with vehicle,1,Monday,121,RIGHT THROUGH,1,20923,T intersection,3,60,Freeway,OLD GIPPSTOWN,LATROBE,-38.183887,146.23848,2022,12,December,9,Morning Peak,Weekday
T20220028191,2022-12-12,07:40:00,1,Collision with vehicle,1,Monday,121,RIGHT THROUGH,1,741490,T intersection,2,40,Local Road,STATION,KINGSTON,-38.02649,145.10191,2022,12,December,7,Morning Peak,Weekday
T20220028189,2022-12-12,05:20:00,1,Collision with vehicle,1,Monday,130,REAR END(VEHICLES IN SAME LANE),2,777441,Cross intersection,3,40,Freeway,HUME,MITCHELL,-37.350796,145.02171,2022,12,December,5,Morning Peak,Weekday
T20220028448,2022-12-12,13:30:00,1,Collision with vehicle,1,Monday,130,REAR END(VEHICLES IN SAME LANE),1,356040,T intersection,3,60,Arterial Highway,BELL,DAREBIN,-37.742844,144.98018,2022,12,December,13,Midday,Weekday
T20230000760,2022-12-12,11:10:00,5,collision with some other object,1,Monday,166,STRUCK OBJECT ON CARRIAGEWAY,1,775994,Not at intersection,3,50,Arterial Other,EDITHVALE,KINGSTON,-38.028908,145.12993,2022,12,December,11,Midday,Weekday
T20220028187,2022-12-12,05:00:00,1,Collision with vehicle,1,Monday,111,RIGHT FAR (INTERSECTIONS ONLY),2,741700,Cross intersection,3,70,Freeway,AIRPORT,BRIMBANK,-37.714924,144.87462,2022,12,December,5,Morning Peak,Weekday
T20220028320,2022-12-12,19:00:00,4,Collision with a fixed object,1,Monday,141,U TURN INTO FIXED OBJECT/PARKED VEHICLE,2,45652,T intersection,3,80,Arterial Other,MAHONEYS,WHITTLESEA,-37.69154,144.97905,2022,12,December,19,Night,Weekday
T20220028297,2022-12-12,17:48:00,1,Collision with vehicle,1,Monday,121,RIGHT THROUGH,1,67678,T intersection,2,60,Arterial Other,TOORONGA,STONNINGTON,-37.861973,145.0405,2022,12,December,17,Afternoon Peak,Weekday
T20220028593,2022-12-12,03:00:00,1,Collision with vehicle,1,Monday,119,OTHER ADJACENT (INTERSECTIONS ONLY),3,12335,Multiple intersection,3,80,Freeway,CAROLINE SPRINGS,MELTON,-37.756332,144.73967,2022,12,December,3,Late Night,Weekday
T20220028670,2022-12-13,14:35:00,1,Collision with vehicle,2,Tuesday,120,HEAD ON (NOT OVERTAKING),1,746821,Not at intersection,3,50,Local Road,OLYMPIC,MORNINGTON PENINSULA,-38.338596,144.98193,2022,12,December,14,Midday,Weekday
T20220028349,2022-12-13,14:47:00,1,Collision with vehicle,2,Tuesday,130,REAR END(VEHICLES IN SAME LANE),1,775980,Not at intersection,2,50,Arterial Other,WAVERLEY,MOONEE VALLEY,-37.756775,144.90717,2022,12,December,14,Midday,Weekday
T20220028351,2022-12-13,14:45:00,1,Collision with vehicle,2,Tuesday,113,RIGHT NEAR (INTERSECTIONS ONLY),1,62351,T intersection,3,50,Local Road,LOUIS,MOONEE VALLEY,-37.715816,144.88832,2022,12,December,14,Midday,Weekday
T20220028356,2022-12-13,18:50:00,2,Struck Pedestrian,2,Tuesday,100,PED NEAR SIDE. PED HIT BY VEHICLE FROM THE RIGHT.,1,29412,T intersection,3,60,Arterial Other,EDGARS,WHITTLESEA,-37.683872,145.00082,2022,12,December,18,Afternoon Peak,Weekday
T20220028278,2022-12-13,09:55:00,1,Collision with vehicle,2,Tuesday,121,RIGHT THROUGH,1,38045,Cross intersection,2,50,Arterial Other,STATION,DAREBIN,-37.778923,145.01813,2022,12,December,9,Morning Peak,Weekday
T20220028364,2022-12-13,15:00:00,2,Struck Pedestrian,2,Tuesday,100,PED NEAR SIDE. PED HIT BY VEHICLE FROM THE RIGHT.,1,226619,Cross intersection,2,60,Arterial Highway,WHITEHORSE,WHITEHORSE,-37.817337,145.11931,2022,12,December,15,Afternoon Peak,Weekday
T20220028367,2022-12-13,15:00:00,4,Collision with a fixed object,2,Tuesday,151,OUT OF CONTROL (OVERTAKING),1,781088,Not at intersection,3,60,Local Road,GREENS,WYNDHAM,-37.885677,144.60135,2022,12,December,15,Afternoon Peak,Weekday
T20220028370,2022-12-13,21:53:00,6,Vehicle overturned (no collision),2,Tuesday,174,OUT OF CONTROL ON CARRIAGEWAY (ON STRAIGHT),5,776069,Not at intersection,2,80,Local Road,TURNBULL-WOOLAMAI,BASS COAST,-38.54794,145.49966,2022,12,December,21,Night,Weekday
T20220028374,2022-12-13,19:10:00,2,Struck Pedestrian,2,Tuesday,102,FAR SIDE. PED HIT BY VEHICLE FROM THE LEFT,1,773708,Not at intersection,2,70,Arterial Other,MAHONEYS,DAREBIN,-37.69303,144.99248,2022,12,December,19,Night,Weekday
T20220028381,2022-12-13,21:36:00,1,Collision with vehicle,2,Tuesday,121,RIGHT THROUGH,6,50001,Cross intersection,2,60,Arterial Highway,MCKILLOP,GEELONG,-38.155567,144.36542,2022,12,December,21,Night,Weekday
T20220028325,2022-12-13,13:00:00,1,Collision with vehicle,2,Tuesday,140,U TURN,1,746292,T intersection,2,60,Arterial Highway,BRIGHTON,PORT PHILLIP,-37.871758,144.98943,2022,12,December,13,Midday,Weekday
T20220028324,2022-12-13,14:45:00,1,Collision with vehicle,2,Tuesday,162,ACCIDENT OR BROKEN DOWN,1,751829,Not at intersection,3,80,Arterial Other,BALLARAT-BURRUMBEET,BALLARAT,-37.55958,143.9059,2022,12,December,14,Midday,Weekday
T20220028342,2022-12-13,14:42:00,1,Collision with vehicle,2,Tuesday,130,REAR END(VEHICLES IN SAME LANE),1,252475,Cross intersection,3,80,Arterial Other,PLENTY,WHITTLESEA,-37.657753,145.077,2022,12,December,14,Midday,Weekday
T20220028667,2022-12-13,20:25:00,1,Collision with vehicle,2,Tuesday,121,RIGHT THROUGH,3,37962,Cross intersection,3,60,Arterial Highway,BELL,DAREBIN,-37.745495,145.0063,2022,12,December,20,Night,Weekday
T20220028341,2022-12-13,15:18:00,4,Collision with a fixed object,2,Tuesday,173,RIGHT OFF CARRIAGEWAY INTO OBJECT/PARKED VEHICLE,1,744070,Cross intersection,2,80,Local Road,HINRICHSEN,CASEY,-38.008766,145.27855,2022,12,December,15,Afternoon Peak,Weekday
T20220028601,2022-12-13,08:36:00,1,Collision with vehicle,2,Tuesday,113,RIGHT NEAR (INTERSECTIONS ONLY),1,351734,Cross intersection,3,60,Arterial Other,COLCHESTER,YARRA RANGES,-37.801838,145.30801,2022,12,December,8,Morning Peak,Weekday
T20220028727,2022-12-13,13:00:00,1,Collision with vehicle,2,Tuesday,130,REAR END(VEHICLES IN SAME LANE),1,742124,Not at intersection,3,70,Arterial Other,GOVERNOR,KINGSTON,-38.008354,145.11296,2022,12,December,13,Midday,Weekday
T20220028306,2022-12-13,12:42:00,1,Collision with vehicle,2,Tuesday,110,CROSS TRAFFIC(INTERSECTIONS ONLY),1,41433,Cross intersection,3,40,Arterial Other,NEERIM,GLEN EIRA,-37.889214,145.05708,2022,12,December,12,Midday,Weekday
T20220028622,2022-12-13,15:08:00,1,Collision with vehicle,2,Tuesday,110,CROSS TRAFFIC(INTERSECTIONS ONLY),1,41203,Cross intersection,3,60,Local Road,DURRANT,BAYSIDE,-37.91036,145.0047,2022,12,December,15,Afternoon Peak,Weekday
T20220028420,2022-12-13,14:30:00,2,Struck Pedestrian,2,Tuesday,107,PED ON FOOTHPATH STRUCK BY VEHENTERING/LEAVING DRIVEWAY.,1,753238,Not at intersection,2,50,Arterial Highway,HIGH,BENDIGO,-36.927544,144.71214,2022,12,December,14,Midday,Weekday
T20220028305,2022-12-13,14:00:00,1,Collision with vehicle,2,Tuesday,130,REAR END(VEHICLES IN SAME LANE),1,775979,Not at intersection,2,60,Arterial Other,NEERIM,GLEN EIRA,-37.89018,145.06546,2022,12,December,14,Midday,Weekday
T20220028266,2022-12-13,08:32:00,1,Collision with vehicle,2,Tuesday,130,REAR END(VEHICLES IN SAME LANE),1,741285,Not at intersection,3,40,Local Road,DEAKIN,LATROBE,-38.198174,146.53401,2022,12,December,8,Morning Peak,Weekday
T20220028344,2022-12-13,15:28:00,1,Collision with vehicle,2,Tuesday,134,LANE CHANGE RIGHT (NOT OVERTAKING),1,749039,Not at intersection,3,100,Freeway,SOUTH GIPPSLAND,DANDENONG,-38.023117,145.24736,2022,12,December,15,Afternoon Peak,Weekday
T20220028337,2022-12-13,15:05:00,1,Collision with vehicle,2,Tuesday,137,LEFT TURN SIDESWIPE,1,36629,T intersection,3,40,Local Road,PERRY,YARRA,-37.800163,144.98718,2022,12,December,15,Afternoon Peak,Weekday
T20220028848,2022-12-13,18:41:00,1,Collision with vehicle,2,Tuesday,130,REAR END(VEHICLES IN SAME LANE),1,667,Cross intersection,3,80,Arterial Highway,BRIGHTON ROAD -NEPEAN,BAYSIDE,-37.883804,144.99686,2022,12,December,18,Afternoon Peak,Weekday
T20220028346,2022-12-13,17:11:00,1,Collision with vehicle,2,Tuesday,130,REAR END(VEHICLES IN SAME LANE),1,35589,Cross intersection,2,40,Arterial Highway,SPRINGVALE,DANDENONG,-37.94715,145.15314,2022,12,December,17,Afternoon Peak,Weekday
T20220028348,2022-12-13,17:20:00,1,Collision with vehicle,2,Tuesday,163,VEHICLE STRIKES DOOR OF PARKED/STATIONARY VEHICLE,1,778117,Not at intersection,3,60,Arterial Other,ST KILDA ROAD SERVICE,PORT PHILLIP,-37.83864,144.97623,2022,12,December,17,Afternoon Peak,Weekday
T20230006325,2022-12-13,11:30:00,1,Collision with vehicle,2,Tuesday,111,RIGHT FAR (INTERSECTIONS ONLY),1,289318,T intersection,3,60,Local Road,VIEW POINT,YARRA RANGES,-37.757202,145.31642,2022,12,December,11,Midday,Weekday
T20220029108,2022-12-13,15:50:00,1,Collision with vehicle,2,Tuesday,121,RIGHT THROUGH,1,742951,T intersection,2,60,Arterial Other,HEIDELBERG,YARRA,-37.780956,145.0301,2022,12,December,15,Afternoon Peak,Weekday
T20220028715,2022-12-13,17:00:00,1,Collision with vehicle,2,Tuesday,110,CROSS TRAFFIC(INTERSECTIONS ONLY),1,37869,Cross intersection,3,60,Arterial Highway,ST GEORGES,DAREBIN,-37.762817,144.99274,2022,12,December,17,Afternoon Peak,Weekday
T20220028451,2022-12-13,22:30:00,1,Collision with vehicle,2,Tuesday,110,CROSS TRAFFIC(INTERSECTIONS ONLY),3,29926,Cross intersection,3,60,Arterial Other,DRUMMOND,BALLARAT,-37.562965,143.84705,2022,12,December,22,Night,Weekday
T20220028454,2022-12-13,06:30:00,1,Collision with vehicle,2,Tuesday,163,VEHICLE STRIKES DOOR OF PARKED/STATIONARY VEHICLE,2,742025,Not at intersection,3,60,Arterial Other,CANTERBURY,PORT PHILLIP,-37.84942,144.96481,2022,12,December,6,Morning Peak,Weekday
T20220029413,2022-12-13,15:25:00,1,Collision with vehicle,2,Tuesday,130,REAR END(VEHICLES IN SAME LANE),1,133720,Not at intersection,3,80,Arterial Highway,PRINCES,CASEY,-38.02218,145.30107,2022,12,December,15,Afternoon Peak,Weekday
T20220028703,2022-12-13,14:05:00,1,Collision with vehicle,2,Tuesday,110,CROSS TRAFFIC(INTERSECTIONS ONLY),1,320474,Cross intersection,3,80,Arterial Other,GREENS ROAD -HUTTON,DANDENONG,-38.011658,145.1717,2022,12,December,14,Midday,Weekday
T20220028345,2022-12-13,16:20:00,1,Collision with vehicle,2,Tuesday,121,RIGHT THROUGH,1,261774,Cross intersection,2,80,Freeway,HEATHERTON-EASTLINK IN,DANDENONG,-37.966667,145.19429,2022,12,December,16,Afternoon Peak,Weekday
T20220028486,2022-12-13,22:00:00,1,Collision with vehicle,2,Tuesday,116,LEFT NEAR (INTERSECTIONS ONLY),3,1180,Cross intersection,2,60,Arterial Other,KOO WEE RUP ROAD -RACECOURSE,CARDINIA,-38.083866,145.49199,2022,12,December,22,Night,Weekday
T20220028490,2022-12-13,09:45:00,1,Collision with vehicle,2,Tuesday,130,REAR END(VEHICLES IN SAME LANE),1,780655,Not at intersection,3,80,Freeway,WEST GATE,MELBOURNE,-37.82749,144.95355,2022,12,December,9,Morning Peak,Weekday
T20220028334,2022-12-13,17:00:00,1,Collision with vehicle,2,Tuesday,110,CROSS TRAFFIC(INTERSECTIONS ONLY),1,51945,Cross intersection,3,60,Local Road,MCKEAN,EAST GIPPSLAND,-37.824635,147.60735,2022,12,December,17,Afternoon Peak,Weekday
T20220028535,2022-12-13,15:44:00,1,Collision with vehicle,2,Tuesday,147,VEHICLE STRIKES ANOTHER VEH WHILE EMERGING FROM DRIVEWAY,1,783085,Not at intersection,3,50,Local Road,CAHILL,DANDENONG,-38.026173,145.19656,2022,12,December,15,Afternoon Peak,Weekday
T20220028299,2022-12-13,13:30:00,6,Vehicle overturned (no collision),2,Tuesday,174,OUT OF CONTROL ON CARRIAGEWAY (ON STRAIGHT),1,57444,Cross intersection,2,60,Arterial Other,CURZON,MELBOURNE,-37.8001,144.94864,2022,12,December,13,Midday,Weekday
T20220028331,2022-12-13,16:02:00,1,Collision with vehicle,2,Tuesday,130,REAR END(VEHICLES IN SAME LANE),1,762384,Not at intersection,3,80,Freeway,WEST GATE IN-KINGS,MELBOURNE,-37.827827,144.9554,2022,12,December,16,Afternoon Peak,Weekday
T20230001716,2022-12-13,15:42:00,1,Collision with vehicle,2,Tuesday,147,VEHICLE STRIKES ANOTHER VEH WHILE EMERGING FROM DRIVEWAY,1,762380,Not at intersection,3,50,Local Road,UXBRIDGE,BENDIGO,-36.80194,144.35394,2022,12,December,15,Afternoon Peak,Weekday
T20220028300,2022-12-13,08:02:00,1,Collision with vehicle,2,Tuesday,121,RIGHT THROUGH,1,38051,Cross intersection,3,60,Arterial Other,HEIDELBERG,DAREBIN,-37.7834,145.01738,2022,12,December,8,Morning Peak,Weekday
T20220028542,2022-12-13,13:30:00,1,Collision with vehicle,2,Tuesday,130,REAR END(VEHICLES IN SAME LANE),1,39853,Cross intersection,3,60,Arterial Other,YORK,YARRA RANGES,-37.796906,145.35968,2022,12,December,13,Midday,Weekday
T20220028328,2022-12-13,15:20:00,1,Collision with vehicle,2,Tuesday,121,RIGHT THROUGH,1,332616,T intersection,2,80,Arterial Other,CRANBOURNE,CASEY,-38.027496,145.3064,2022,12,December,15,Afternoon Peak,Weekday
T20220028275,2022-12-13,08:30:00,1,Collision with vehicle,2,Tuesday,111,RIGHT FAR (INTERSECTIONS ONLY),1,331912,Cross intersection,3,60,Local Road,INGLES,PORT PHILLIP,-37.83175,144.94495,2022,12,December,8,Morning Peak,Weekday
T20220028327,2022-12-13,14:51:00,1,Collision with vehicle,2,Tuesday,130,REAR END(VEHICLES IN SAME LANE),1,744394,Not at intersection,3,80,Arterial Other,MELTON,BRIMBANK,-37.696022,144.77563,2022,12,December,14,Midday,Weekday
T20220028303,2022-12-13,08:05:00,2,Struck Pedestrian,2,Tuesday,102,FAR SIDE. PED HIT BY VEHICLE FROM THE LEFT,1,774319,Cross intersection,2,50,Local Road,LEAKES,WYNDHAM,-37.837116,144.71945,2022,12,December,8,Morning Peak,Weekday
T20220028431,2022-12-14,04:30:00,4,Collision with a fixed object,3,Wednesday,181,OFF RIGHT BEND INTO OBJECT/PARKED VEHICLE,5,752850,Not at intersection,2,100,Local Road,OVERALLS,YARRIAMBIACK,-35.58376,142.56146,2022,12,December,4,Late Night,Weekday
T20220028384,2022-12-14,04:45:00,1,Collision with vehicle,3,Wednesday,120,HEAD ON (NOT OVERTAKING),3,741494,Not at intersection,3,60,Local Road,EDGARS,WHITTLESEA,-37.643,145.00713,2022,12,December,4,Late Night,Weekday
T20220028392,2022-12-14,08:50:00,2,Struck Pedestrian,3,Wednesday,101,PED EMERGES FROM IN FRONT OF PARKED OR STATIONARY VEHICLE,1,741495,Not at intersection,3,40,Arterial Other,HAWTHORN,GLEN EIRA,-37.87869,145.02356,2022,12,December,8,Morning Peak,Weekday
T20220028399,2022-12-14,08:00:00,4,Collision with a fixed object,3,Wednesday,181,OFF RIGHT BEND INTO OBJECT/PARKED VEHICLE,1,783418,Not at intersection,3,100,Arterial Other,MEENIYAN-PROMONTORY,SOUTH GIPPSLAND,-38.729713,146.1218,2022,12,December,8,Morning Peak,Weekday
T20220028403,2022-12-14,06:43:00,1,Collision with vehicle,3,Wednesday,113,RIGHT NEAR (INTERSECTIONS ONLY),2,48191,Cross intersection,3,100,Local Road,DALMORE,CARDINIA,-38.17585,145.42305,2022,12,December,6,Morning Peak,Weekday