ACCIDENT_NO,ACCIDENT_DATE,ACCIDENT_TIME,ACCIDENT_TYPE,ACCIDENT_TYPE_DESC,DAY_OF_WEEK,DAY_WEEK_DESC,DCA_CODE,DCA_DESC,LIGHT_CONDITION,NODE_ID,ROAD_GEOMETRY_DESC,SEVERITY,SPEED_ZONE,RMA,ROAD_NAME,LGA_NAME,LATITUDE,LONGITUDE,YEAR,MONTH,MONTH_NAME,HOUR,TIME_PERIOD,DAY_TYPE
T20220028406,2022-12-14,09:05:00,1,Collision with vehicle,3,Wednesday,113,RIGHT NEAR (INTERSECTIONS ONLY),1,42411,T intersection,2,60,Arterial Other,CLAYTON,KINGSTON,-37.932877,145.11809,2022,12,December,9,Morning Peak,Weekday
T20220028407,2022-12-14,10:58:00,4,Collision with a fixed object,3,Wednesday,171,LEFT OFF CARRIAGEWAY INTO OBJECT/PARKED VEHICLE,1,741497,Not at intersection,3,60,Local Road,RAILWAY,WYNDHAM,-37.89089,144.67978,2022,12,December,10,Midday,Weekday
T20220028410,2022-12-14,11:15:00,1,Collision with vehicle,3,Wednesday,131,LEFT REAR,1,36972,Cross intersection,3,40,Local Road,COLLINS,MELBOURNE,-37.81477,144.96901,2022,12,December,11,Midday,Weekday
T20220028422,2022-12-14,13:28:00,1,Collision with vehicle,3,Wednesday,160,VEHICLE COLLIDES WITH VEHICLE PARKED ON LEFT OF ROAD,1,762313,Not at intersection,2,60,Arterial Other,MILLEARA,MOONEE VALLEY,-37.746136,144.86276,2022,12,December,13,Midday,Weekday
T20220028423,2022-12-14,11:45:00,1,Collision with vehicle,3,Wednesday,120,HEAD ON (NOT OVERTAKING),1,743365,Not at intersection,3,60,Local Road,MATTHEWS,MOONEE VALLEY,-37.723503,144.89108,2022,12,December,11,Midday,Weekday
T20220028424,2022-12-14,01:30:00,4,Collision with a fixed object,3,Wednesday,181,OFF RIGHT BEND INTO OBJECT/PARKED VEHICLE,5,783397,Not at intersection,3,80,Local Road,WHOROULY,WANGARATTA,-36.49203,146.59187,2022,12,December,1,Late Night,Weekday
T20220028430,2022-12-14,09:00:00,4,Collision with a fixed object,3,Wednesday,181,OFF RIGHT BEND INTO OBJECT/PARKED VEHICLE,1,776196,Not at intersection,3,60,Arterial Other,MONBULK,YARRA RANGES,-37.88122,145.38092,2022,12,December,9,Morning Peak,Weekday
T20220028543,2022-12-14,15:20:00,1,Collision with vehicle,3,Wednesday,114,TWO RIGHT TURNING (INTERSECTIONS ONLY),1,51842,Cross intersection,3,50,Arterial Highway,SYDNEY,MITCHELL,-37.294693,144.9517,2022,12,December,15,Afternoon Peak,Weekday
T20220029276,2022-12-14,17:35:00,1,Collision with vehicle,3,Wednesday,130,REAR END(VEHICLES IN SAME LANE),1,776766,Not at intersection,3,60,Arterial Other,STEPHENSONS,MONASH,-37.87328,145.12947,2022,12,December,17,Afternoon Peak,Weekday
T20220028487,2022-12-14,22:50:00,4,Collision with a fixed object,3,Wednesday,175,OFF END OF ROAD/T-INTERSECTION.,3,762155,T intersection,2,50,Local Road,BELLEVUE,MANNINGHAM,-37.783226,145.16615,2022,12,December,22,Night,Weekday
T20220028440,2022-12-14,13:41:00,1,Collision with vehicle,3,Wednesday,113,RIGHT NEAR (INTERSECTIONS ONLY),1,776197,T intersection,2,80,Arterial Other,CRANBOURNE,CASEY,-38.0416,145.30418,2022,12,December,13,Midday,Weekday
T20220028445,2022-12-14,13:15:00,1,Collision with vehicle,3,Wednesday,121,RIGHT THROUGH,1,37626,T intersection,3,60,Arterial Highway,PUNT,STONNINGTON,-37.83306,144.9876,2022,12,December,13,Midday,Weekday
T20220028588,2022-12-14,21:33:00,4,Collision with a fixed object,3,Wednesday,173,RIGHT OFF CARRIAGEWAY INTO OBJECT/PARKED VEHICLE,3,756806,Not at intersection,3,60,Local Road,DONALD CAMERON,HUME,-37.630302,144.92949,2022,12,December,21,Night,Weekday
T20220028455,2022-12-14,18:21:00,1,Collision with vehicle,3,Wednesday,111,RIGHT FAR (INTERSECTIONS ONLY),1,41411,Cross intersection,3,60,Local Road,GLEN HUNTLY,GLEN EIRA,-37.890614,145.052,2022,12,December,18,Afternoon Peak,Weekday
T20220028457,2022-12-14,18:10:00,1,Collision with vehicle,3,Wednesday,121,RIGHT THROUGH,1,278496,T intersection,3,70,Local Road,ENTERPRISE,WHITTLESEA,-37.684563,145.06863,2022,12,December,18,Afternoon Peak,Weekday
T20220028458,2022-12-14,14:30:00,4,Collision with a fixed object,3,Wednesday,171,LEFT OFF CARRIAGEWAY INTO OBJECT/PARKED VEHICLE,1,66444,Cross intersection,3,40,Local Road,GLADE,HOBSONS BAY,-37.827927,144.84262,2022,12,December,14,Midday,Weekday
T20220028523,2022-12-14,08:45:00,1,Collision with vehicle,3,Wednesday,132,RIGHT REAR.,1,777436,Cross intersection,3,80,Arterial Other,DONNYBROOK,WHITTLESEA,-37.55785,145.10963,2022,12,December,8,Morning Peak,Weekday
T20220029071,2022-12-14,14:00:00,1,Collision with vehicle,3,Wednesday,119,OTHER ADJACENT (INTERSECTIONS ONLY),1,61860,T intersection,3,60,Arterial Other,SETTLEMENT,WHITTLESEA,-37.695103,145.04327,2022,12,December,14,Midday,Weekday
T20220028483,2022-12-14,23:20:00,5,collision with some other object,3,Wednesday,171,LEFT OFF CARRIAGEWAY INTO OBJECT/PARKED VEHICLE,3,700150,Not at intersection,2,80,Arterial Other,BERWICK-CRANBOURNE,CASEY,-38.093384,145.33199,2022,12,December,23,Night,Weekday
T20230001712,2022-12-14,10:50:00,1,Collision with vehicle,3,Wednesday,113,RIGHT NEAR (INTERSECTIONS ONLY),1,38399,T intersection,3,60,Local Road,BEAUTY GULLY,MANNINGHAM,-37.755447,145.20686,2022,12,December,10,Midday,Weekday
T20220029559,2022-12-14,20:15:00,1,Collision with vehicle,3,Wednesday,110,CROSS TRAFFIC(INTERSECTIONS ONLY),2,269900,Cross intersection,3,50,Local Road,CLARKSON,BALLARAT,-37.583813,143.83861,2022,12,December,20,Night,Weekday
T20220028990,2022-12-14,16:00:00,1,Collision with vehicle,3,Wednesday,113,RIGHT NEAR (INTERSECTIONS ONLY),1,325358,T intersection,3,60,Freeway,FITZGERALD ROAD -OLD GEELONG ROAD -PRINCES IN,HOBSONS BAY,-37.845947,144.78085,2022,12,December,16,Afternoon Peak,Weekday
T20220028496,2022-12-14,23:30:00,1,Collision with vehicle,3,Wednesday,121,RIGHT THROUGH,3,752059,Cross intersection,2,70,Arterial Other,SYDNEY,HUME,-37.689533,144.958,2022,12,December,23,Night,Weekday
T20220028475,2022-12-14,17:26:00,1,Collision with vehicle,3,Wednesday,130,REAR END(VEHICLES IN SAME LANE),1,20777,T intersection,3,100,Arterial Other,BENGWORDEN,WELLINGTON,-38.049652,147.17166,2022,12,December,17,Afternoon Peak,Weekday
T20220029688,2022-12-14,12:00:00,6,Vehicle overturned (no collision),3,Wednesday,184,OUT OF CONTROL ON CARRIAGEWAY (ON BEND),1,789733,Not at intersection,2,80,Arterial Other,WESTERNPORT,BAW BAW,-38.20036,145.76775,2022,12,December,12,Midday,Weekday
T20220028811,2022-12-14,07:24:00,1,Collision with vehicle,3,Wednesday,130,REAR END(VEHICLES IN SAME LANE),1,750184,Not at intersection,3,80,Arterial Other,WELLINGTON,YARRA RANGES,-37.96019,145.3709,2022,12,December,7,Morning Peak,Weekday
T20220028473,2022-12-14,21:15:00,2,Struck Pedestrian,3,Wednesday,100,PED NEAR SIDE. PED HIT BY VEHICLE FROM THE RIGHT.,3,38006,T intersection,3,60,Arterial Other,HEIDELBERG,DAREBIN,-37.78408,145.00963,2022,12,December,21,Night,Weekday
T20220029231,2022-12-14,13:45:00,1,Collision with vehicle,3,Wednesday,130,REAR END(VEHICLES IN SAME LANE),9,50325,Cross intersection,3,60,Arterial Highway,GEELONG ROAD -SURF COAST,SURF COAST,-38.322273,144.3183,2022,12,December,13,Midday,Weekday
T20220028572,2022-12-14,16:00:00,1,Collision with vehicle,3,Wednesday,110,CROSS TRAFFIC(INTERSECTIONS ONLY),1,222116,Cross intersection,3,50,Local Road,BOUNDARY,MORNINGTON PENINSULA,-38.341816,144.96115,2022,12,December,16,Afternoon Peak,Weekday
T20220028946,2022-12-14,13:20:00,8,No collision and no object struck,3,Wednesday,174,OUT OF CONTROL ON CARRIAGEWAY (ON STRAIGHT),1,745855,Cross intersection,3,50,Local Road,YARANA,BALLARAT,-37.623768,143.87538,2022,12,December,13,Midday,Weekday
T20220028472,2022-12-14,20:20:00,1,Collision with vehicle,3,Wednesday,169,OTHER ON PATH,2,762252,Not at intersection,3,60,Local Road,SUNRISE,NILLUMBIK,-37.682972,145.12378,2022,12,December,20,Night,Weekday
T20220028470,2022-12-14,17:30:00,2,Struck Pedestrian,3,Wednesday,102,FAR SIDE. PED HIT BY VEHICLE FROM THE LEFT,1,73039,T intersection,3,50,Local Road,CHURCHILL,LATROBE,-38.234955,146.41957,2022,12,December,17,Afternoon Peak,Weekday
T20220028468,2022-12-14,18:38:00,1,Collision with vehicle,3,Wednesday,121,RIGHT THROUGH,1,741705,Cross intersection,3,80,Arterial Highway,CABINDA,DANDENONG,-37.994976,145.17816,2022,12,December,18,Afternoon Peak,Weekday
T20220028858,2022-12-14,20:00:00,6,Vehicle overturned (no collision),3,Wednesday,174,OUT OF CONTROL ON CARRIAGEWAY (ON STRAIGHT),2,655107,Not at intersection,3,40,Local Road,BRUNSWICK,YARRA,-37.800087,144.97816,2022,12,December,20,Night,Weekday
T20230001764,2022-12-14,09:04:00,1,Collision with vehicle,3,Wednesday,130,REAR END(VEHICLES IN SAME LANE),1,770211,Not at intersection,3,70,Arterial Highway,PRINCES,GEELONG,-38.075294,144.36888,2022,12,December,9,Morning Peak,Weekday
T20220028466,2022-12-14,17:05:00,1,Collision with vehicle,3,Wednesday,121,RIGHT THROUGH,1,741704,Cross intersection,3,60,Arterial Highway,CHELTENHAM,DANDENONG,-37.995155,145.1818,2022,12,December,17,Afternoon Peak,Weekday
T20240004461,2022-12-14,15:30:00,1,Collision with vehicle,3,Wednesday,146,REVERSING INTO FIXED OBJECT/PARKED VEHICLE,1,798525,Not at intersection,3,50,Local Road,DRYANDRA,CASEY,-38.08907,145.28932,2022,12,December,15,Afternoon Peak,Weekday
T20220028464,2022-12-14,18:28:00,1,Collision with vehicle,3,Wednesday,111,RIGHT FAR (INTERSECTIONS ONLY),1,355539,Cross intersection,3,80,Arterial Highway,WENTWORTH,CASEY,-38.074173,145.27126,2022,12,December,18,Afternoon Peak,Weekday
T20220028461,2022-12-14,14:22:00,1,Collision with vehicle,3,Wednesday,136,RIGHT TURN SIDESWIPE,1,45956,T intersection,3,60,Local Road,ENGLAND,DANDENONG,-38.029537,145.21922,2022,12,December,14,Midday,Weekday
T20220028519,2022-12-15,08:19:00,1,Collision with vehicle,4,Thursday,130,REAR END(VEHICLES IN SAME LANE),1,776187,Not at intersection,3,80,Arterial Other,SOMERTON,HUME,-37.640884,144.93181,2022,12,December,8,Morning Peak,Weekday
T20220028545,2022-12-15,12:00:00,1,Collision with vehicle,4,Thursday,110,CROSS TRAFFIC(INTERSECTIONS ONLY),1,41249,Cross intersection,2,60,Arterial Other,GLEN EIRA,GLEN EIRA,-37.879154,145.01631,2022,12,December,12,Midday,Weekday
T20220028647,2022-12-15,16:45:00,1,Collision with vehicle,4,Thursday,130,REAR END(VEHICLES IN SAME LANE),1,747358,Not at intersection,3,60,Arterial Other,BENETOOK,MILDURA,-34.201904,142.17184,2022,12,December,16,Afternoon Peak,Weekday
T20220028541,2022-12-15,03:30:00,4,Collision with a fixed object,4,Thursday,181,OFF RIGHT BEND INTO OBJECT/PARKED VEHICLE,5,746084,Not at intersection,3,100,Arterial Highway,GREAT ALPINE,ALPINE,-36.907555,147.05959,2022,12,December,3,Late Night,Weekday
T20220028512,2022-12-15,08:56:00,1,Collision with vehicle,4,Thursday,113,RIGHT NEAR (INTERSECTIONS ONLY),1,741828,T intersection,2,60,Local Road,WALLINGTON,GEELONG,-38.219406,144.50562,2022,12,December,8,Morning Peak,Weekday
T20220028508,2022-12-15,05:52:00,1,Collision with vehicle,4,Thursday,154,PULLING OUT -REAR END,1,776186,Not at intersection,3,60,Arterial Other,PRINCES,MELBOURNE,-37.79259,144.97148,2022,12,December,5,Morning Peak,Weekday
T20230002645,2022-12-15,18:44:00,1,Collision with vehicle,4,Thursday,140,U TURN,2,752080,Not at intersection,3,60,Arterial Other,FLEMINGTON,MELBOURNE,-37.79327,144.94702,2022,12,December,18,Afternoon Peak,Weekday
T20220028504,2022-12-15,09:30:00,4,Collision with a fixed object,4,Thursday,181,OFF RIGHT BEND INTO OBJECT/PARKED VEHICLE,1,762002,Not at intersection,2,100,Arterial Other,SEYMOUR-TOOBORAC,MITCHELL,-37.00894,144.96219,2022,12,December,9,Morning Peak,Weekday
T20220028574,2022-12-15,17:00:00,6,Vehicle overturned (no collision),4,Thursday,184,OUT OF CONTROL ON CARRIAGEWAY (ON BEND),2,744821,Not at intersection,2,60,Arterial Highway,DEVIATION,GEELONG,-38.14184,144.32251,2022,12,December,17,Afternoon Peak,Weekday
T20220028575,2022-12-15,18:48:00,1,Collision with vehicle,4,Thursday,110,CROSS TRAFFIC(INTERSECTIONS ONLY),1,61095,Cross intersection,3,80,Arterial Other,VINEYARD,MELTON,-37.619453,144.7053,2022,12,December,18,Afternoon Peak,Weekday
T20220028489,2022-12-15,00:01:00,1,Collision with vehicle,4,Thursday,140,U TURN,3,744174,Cross intersection,3,80,Arterial Other,SYDNEY,HUME,-37.689415,144.95798,2022,12,December,0,Late Night,Weekday
T20220028587,2022-12-15,14:40:00,1,Collision with vehicle,4,Thursday,152,PULLING OUT (OVERTAKING),1,741930,Not at intersection,3,50,Local Road,RACECOURSE,WYNDHAM,-37.90508,144.63985,2022,12,December,14,Midday,Weekday
T20220028484,2022-12-15,00:30:00,1,Collision with vehicle,4,Thursday,120,HEAD ON (NOT OVERTAKING),3,651,T intersection,3,50,Arterial Other,MOUNT DANDENONG TOURIST,YARRA RANGES,-37.86074,145.3558,2022,12,December,0,Late Night,Weekday
T20220028515,2022-12-15,11:25:00,1,Collision with vehicle,4,Thursday,120,HEAD ON (NOT OVERTAKING),1,748474,Not at intersection,2,60,Arterial Other,BEACH,BAYSIDE,-37.96733,145.01225,2022,12,December,11,Midday,Weekday
T20230000242,2022-12-15,15:13:00,1,Collision with vehicle,4,Thursday,130,REAR END(VEHICLES IN SAME LANE),1,746298,Not at intersection,3,60,Freeway,WEST GATE OUT-WEST GATE OUT,MELBOURNE,-37.832237,144.91537,2022,12,December,15,Afternoon Peak,Weekday
T20230000241,2022-12-15,12:30:00,1,Collision with vehicle,4,Thursday,130,REAR END(VEHICLES IN SAME LANE),1,746502,Cross intersection,3,60,Local Road,CHEDDAR,DAREBIN,-37.71186,145.01062,2022,12,December,12,Midday,Weekday
T20220028582,2022-12-15,14:30:00,4,Collision with a fixed object,4,Thursday,183,OFF LEFT BEND INTO OBJECT/PARKED VEHICLE,1,762083,Not at intersection,3,50,Local Road,KURUNJANG,MELTON,-37.67069,144.59094,2022,12,December,14,Midday,Weekday
T20220028584,2022-12-15,20:00:00,4,Collision with a fixed object,4,Thursday,181,OFF RIGHT BEND INTO OBJECT/PARKED VEHICLE,1,742936,Not at intersection,3,80,Arterial Highway,MAROONDAH,YARRA RANGES,-37.64396,145.57434,2022,12,December,20,Night,Weekday
T20220028546,2022-12-15,13:00:00,1,Collision with vehicle,4,Thursday,142,LEAVING PARKING,1,780701,Not at intersection,3,40,Local Road,STEWART,SWAN HILL,-35.34325,143.55186,2022,12,December,13,Midday,Weekday
T20220028562,2022-12-15,17:38:00,1,Collision with vehicle,4,Thursday,121,RIGHT THROUGH,1,44713,Cross intersection,3,60,Arterial Other,GRIMSHAW,BANYULE,-37.703682,145.09454,2022,12,December,17,Afternoon Peak,Weekday
T20220028589,2022-12-15,18:00:00,2,Struck Pedestrian,4,Thursday,102,FAR SIDE. PED HIT BY VEHICLE FROM THE LEFT,1,45885,T intersection,2,80,Arterial Highway,SPRINGVALE,DANDENONG,-37.957222,145.15132,2022,12,December,18,Afternoon Peak,Weekday
T20220028566,2022-12-15,16:18:00,1,Collision with vehicle,4,Thursday,130,REAR END(VEHICLES IN SAME LANE),1,776765,Not at intersection,3,40,Arterial Highway,NEPEAN,FRANKSTON,-38.14001,145.12268,2022,12,December,16,Afternoon Peak,Weekday
T20220028569,2022-12-15,17:27:00,1,Collision with vehicle,4,Thursday,110,CROSS TRAFFIC(INTERSECTIONS ONLY),1,41249,Cross intersection,2,60,Arterial Other,GLEN EIRA,GLEN EIRA,-37.879154,145.01631,2022,12,December,17,Afternoon Peak,Weekday
T20220028767,2022-12-15,13:00:00,1,Collision with vehicle,4,Thursday,121,RIGHT THROUGH,1,742724,Not at intersection,3,80,Arterial Highway,STUD,KNOX,-37.926437,145.23326,2022,12,December,13,Midday,Weekday
T20220028547,2022-12-15,14:58:00,4,Collision with a fixed object,4,Thursday,171,LEFT OFF CARRIAGEWAY INTO OBJECT/PARKED VEHICLE,1,762151,Not at intersection,3,100,Arterial Highway,STURT,MILDURA,-34.226444,142.00287,2022,12,December,14,Midday,Weekday
T20220028570,2022-12-15,14:43:00,1,Collision with vehicle,4,Thursday,120,HEAD ON (NOT OVERTAKING),1,62870,T intersection,2,60,Local Road,JUMPING CREEK,MANNINGHAM,-37.734154,145.26155,2022,12,December,14,Midday,Weekday
T20220028571,2022-12-15,15:41:00,1,Collision with vehicle,4,Thursday,130,REAR END(VEHICLES IN SAME LANE),1,764318,Not at intersection,2,40,Arterial Highway,MURRAY VALLEY,SWAN HILL,-35.218147,143.43915,2022,12,December,15,Afternoon Peak,Weekday
T20220028594,2022-12-15,21:36:00,2,Struck Pedestrian,4,Thursday,100,PED NEAR SIDE. PED HIT BY VEHICLE FROM THE RIGHT.,5,762094,T intersection,3,80,Arterial Highway,MURRAY VALLEY,WODONGA,-36.14188,147.00914,2022,12,December,21,Night,Weekday
T20220028632,2022-12-15,08:20:00,1,Collision with vehicle,4,Thursday,130,REAR END(VEHICLES IN SAME LANE),1,762148,Not at intersection,3,100,Freeway,WESTERN RING,HUME,-37.691906,144.95819,2022,12,December,8,Morning Peak,Weekday
T20220028530,2022-12-15,11:00:00,1,Collision with vehicle,4,Thursday,133,LANE SIDE SWIPE (VEHICLES IN PARALLEL LANES),1,743761,Not at intersection,3,40,Local Road,COLLINS,MELBOURNE,-37.818653,144.9556,2022,12,December,11,Midday,Weekday
T20220028948,2022-12-15,23:00:00,4,Collision with a fixed object,4,Thursday,171,LEFT OFF CARRIAGEWAY INTO OBJECT/PARKED VEHICLE,5,762073,Not at intersection,2,100,Local Road,THREE CHAIN,MACEDON RANGES,-37.281612,144.55925,2022,12,December,23,Night,Weekday
T20220028548,2022-12-15,15:00:00,1,Collision with vehicle,4,Thursday,121,RIGHT THROUGH,1,72855,T intersection,3,60,Arterial Highway,PRINCES HIGHWAY -PRINCES,LATROBE,-38.207153,146.50243,2022,12,December,15,Afternoon Peak,Weekday
T20220028896,2022-12-15,10:30:00,1,Collision with vehicle,4,Thursday,130,REAR END(VEHICLES IN SAME LANE),1,744399,Not at intersection,3,80,Freeway,WEST GATE,HOBSONS BAY,-37.825603,144.88982,2022,12,December,10,Midday,Weekday
T20220028529,2022-12-15,13:30:00,1,Collision with vehicle,4,Thursday,121,RIGHT THROUGH,1,42570,Cross intersection,3,60,Arterial Other,POLICE,MONASH,-37.93499,145.17162,2022,12,December,13,Midday,Weekday
T20220028549,2022-12-15,15:45:00,1,Collision with vehicle,4,Thursday,113,RIGHT NEAR (INTERSECTIONS ONLY),1,289107,Multiple intersection,3,60,Freeway,LEAKES,MELTON,-37.725754,144.65128,2022,12,December,15,Afternoon Peak,Weekday
T20220028524,2022-12-15,12:30:00,1,Collision with vehicle,4,Thursday,147,VEHICLE STRIKES ANOTHER VEH WHILE EMERGING FROM DRIVEWAY,1,325909,Not at intersection,3,60,Arterial Other,LEARMONTH,BALLARAT,-37.53571,143.81927,2022,12,December,12,Midday,Weekday
T20230002426,2022-12-15,12:00:00,1,Collision with vehicle,4,Thursday,133,LANE SIDE SWIPE (VEHICLES IN PARALLEL LANES),9,781075,Not at intersection,3,60,Local Road,MATTHEWS,MOONEE VALLEY,-37.713257,144.88983,2022,12,December,12,Midday,Weekday
T20230001438,2022-12-15,19:24:00,1,Collision with vehicle,4,Thursday,121,RIGHT THROUGH,1,749562,Cross intersection,3,60,Local Road,RYELANDS,CASEY,-38.013893,145.30933,2022,12,December,19,Night,Weekday
T20220029369,2022-12-15,17:19:00,1,Collision with vehicle,4,Thursday,130,REAR END(VEHICLES IN SAME LANE),1,762097,Not at intersection,3,70,Arterial Other,GREAVES,CASEY,-38.056904,145.31488,2022,12,December,17,Afternoon Peak,Weekday
T20220028613,2022-12-15,17:52:00,1,Collision with vehicle,4,Thursday,132,RIGHT REAR.,1,53082,T intersection,3,60,Local Road,EUREKA,BALLARAT,-37.565617,143.88666,2022,12,December,17,Afternoon Peak,Weekday
T20220028522,2022-12-15,11:45:00,1,Collision with vehicle,4,Thursday,160,VEHICLE COLLIDES WITH VEHICLE PARKED ON LEFT OF ROAD,1,742313,Not at intersection,2,50,Local Road,MULHALL,BRIMBANK,-37.756718,144.81337,2022,12,December,11,Midday,Weekday
T20220028538,2022-12-15,08:52:00,1,Collision with vehicle,4,Thursday,121,RIGHT THROUGH,1,780435,Cross intersection,3,60,Local Road,COONANS,MORELAND,-37.752117,144.93605,2022,12,December,8,Morning Peak,Weekday
T20220028553,2022-12-15,15:50:00,1,Collision with vehicle,4,Thursday,121,RIGHT THROUGH,1,742314,T intersection,2,70,Arterial Other,KINGS,BRIMBANK,-37.703945,144.77902,2022,12,December,15,Afternoon Peak,Weekday
T20220028624,2022-12-15,16:40:00,1,Collision with vehicle,4,Thursday,133,LANE SIDE SWIPE (VEHICLES IN PARALLEL LANES),1,37115,Cross intersection,3,60,Local Road,ELIZABETH,YARRA,-37.811188,144.99365,2022,12,December,16,Afternoon Peak,Weekday
T20220028573,2022-12-15,16:30:00,1,Collision with vehicle,4,Thursday,112,LEFT FAR (INTERSECTIONS ONLY),1,52902,Cross intersection,3,50,Local Road,EYRE,BALLARAT,-37.565388,143.84961,2022,12,December,16,Afternoon Peak,Weekday
T20220028554,2022-12-15,15:15:00,1,Collision with vehicle,4,Thursday,120,HEAD ON (NOT OVERTAKING),1,745635,Not at intersection,2,70,Arterial Other,MONBULK,YARRA RANGES,-37.79756,145.39236,2022,12,December,15,Afternoon Peak,Weekday
T20220028559,2022-12-15,15:30:00,1,Collision with vehicle,4,Thursday,130,REAR END(VEHICLES IN SAME LANE),1,742935,Not at intersection,3,50,Local Road,MASON,HOBSONS BAY,-37.838936,144.85126,2022,12,December,15,Afternoon Peak,Weekday
T20220028536,2022-12-15,07:25:00,1,Collision with vehicle,4,Thursday,121,RIGHT THROUGH,2,35422,Cross intersection,3,60,Arterial Other,DAREBIN,DAREBIN,-37.765602,145.02151,2022,12,December,7,Morning Peak,Weekday
T20230006920,2022-12-16,13:07:00,1,Collision with vehicle,5,Friday,132,RIGHT REAR.,1,764345,T intersection,3,80,Arterial Other,WELLINGTON,KNOX,-37.927986,145.29283,2022,12,December,13,Midday,Weekday
T20220028807,2022-12-16,23:20:00,1,Collision with vehicle,5,Friday,130,REAR END(VEHICLES IN SAME LANE),3,742940,Not at intersection,3,70,Arterial Highway,SETTLEMENT,GEELONG,-38.160923,144.35008,2022,12,December,23,Night,Weekday
T20220028664,2022-12-16,13:40:00,1,Collision with vehicle,5,Friday,130,REAR END(VEHICLES IN SAME LANE),1,651632,Not at intersection,3,80,Freeway,BURNLEY,YARRA,-37.828903,144.99977,2022,12,December,13,Midday,Weekday
T20230001113,2022-12-16,05:40:00,4,Collision with a fixed object,5,Friday,171,LEFT OFF CARRIAGEWAY INTO OBJECT/PARKED VEHICLE,1,780357,Not at intersection,3,100,Arterial Highway,MOOROODUC,MORNINGTON PENINSULA,-38.23235,145.09093,2022,12,December,5,Morning Peak,Weekday
T20220028673,2022-12-16,17:21:00,4,Collision with a fixed object,5,Friday,171,LEFT OFF CARRIAGEWAY INTO OBJECT/PARKED VEHICLE,1,761906,Not at intersection,3,80,Local Road,BURNT STORE,BAW BAW,-38.203186,145.86702,2022,12,December,17,Afternoon Peak,Weekday
T20220028790,2022-12-16,15:07:00,2,Struck Pedestrian,5,Friday,109,ANY MANOEUVRE INVOLVING PED NOT INCLUDED IN DCAs 100-108.,1,38807,T intersection,3,50,Arterial Other,HOPKINS,MARIBYRNONG,-37.800365,144.90485,2022,12,December,15,Afternoon Peak,Weekday
T20220028916,2022-12-16,21:45:00,1,Collision with vehicle,5,Friday,121,RIGHT THROUGH,9,50162,Cross intersection,2,60,Arterial Other,FELLMONGERS,GEELONG,-38.17939,144.3693,2022,12,December,21,Night,Weekday
T20220029193,2022-12-16,07:30:00,5,collision with some other object,5,Friday,166,STRUCK OBJECT ON CARRIAGEWAY,1,743264,Not at intersection,3,60,Local Road,HENDERSONS,MORNINGTON PENINSULA,-38.344624,145.16708,2022,12,December,7,Morning Peak,Weekday
T20220028752,2022-12-16,03:50:00,4,Collision with a fixed object,5,Friday,164,PERMANENT OBSTRUCTION ON CARRIAGEWAY,3,761904,Not at intersection,3,60,Local Road,CHAPEL,PORT PHILLIP,-37.858356,144.99214,2022,12,December,3,Late Night,Weekday
T20220028597,2022-12-16,04:00:00,1,Collision with vehicle,5,Friday,160,VEHICLE COLLIDES WITH VEHICLE PARKED ON LEFT OF ROAD,3,759495,Not at intersection,3,60,Local Road,AUTUMN,GEELONG,-38.141827,144.33763,2022,12,December,4,Late Night,Weekday
T20220029030,2022-12-16,14:50:00,1,Collision with vehicle,5,Friday,131,LEFT REAR,1,44684,T intersection,3,70,Arterial Highway,GREENSBOROUGH,BANYULE,-37.722515,145.0807,2022,12,December,14,Midday,Weekday
T20220029228,2022-12-16,10:30:00,1,Collision with vehicle,5,Friday,130,REAR END(VEHICLES IN SAME LANE),1,743165,Not at intersection,3,80,Arterial Highway,WELLINGTON,KNOX,-37.927933,145.23236,2022,12,December,10,Midday,Weekday
T20220028674,2022-12-16,17:42:00,6,Vehicle overturned (no collision),5,Friday,184,OUT OF CONTROL ON CARRIAGEWAY (ON BEND),1,19517,T intersection,3,60,Arterial Other,INGLIS STREET -STRAY,BENDIGO,-36.75147,144.25282,2022,12,December,17,Afternoon Peak,Weekday
T20220028680,2022-12-16,16:55:00,1,Collision with vehicle,5,Friday,160,VEHICLE COLLIDES WITH VEHICLE PARKED ON LEFT OF ROAD,1,749337,Not at intersection,3,70,Arterial Other,SOUTH,GLEN EIRA,-37.93752,145.07173,2022,12,December,16,Afternoon Peak,Weekday
T20220028947,2022-12-16,07:30:00,1,Collision with vehicle,5,Friday,121,RIGHT THROUGH,1,296274,T intersection,3,80,Arterial Other,BELGRAVE-HALLAM ROAD -HALLAM NORTH,CASEY,-37.990284,145.27638,2022,12,December,7,Morning Peak,Weekday
T20220028598,2022-12-16,02:19:00,1,Collision with vehicle,5,Friday,173,RIGHT OFF CARRIAGEWAY INTO OBJECT/PARKED VEHICLE,3,770930,Not at intersection,3,100,Freeway,MONASH,DANDENONG,-37.949898,145.2115,2022,12,December,2,Late Night,Weekday