ACCIDENT_NO,ACCIDENT_DATE,ACCIDENT_TIME,ACCIDENT_TYPE,ACCIDENT_TYPE_DESC,DAY_OF_WEEK,DAY_WEEK_DESC,DCA_CODE,DCA_DESC,LIGHT_CONDITION,NODE_ID,ROAD_GEOMETRY_DESC,SEVERITY,SPEED_ZONE,RMA,ROAD_NAME,LGA_NAME,LATITUDE,LONGITUDE,YEAR,MONTH,MONTH_NAME,HOUR,TIME_PERIOD,DAY_TYPE
T20220028745,2022-12-16,16:25:00,1,Collision with vehicle,5,Friday,120,HEAD ON (NOT OVERTAKING),1,761910,Not at intersection,3,60,Local Road,JUMPING CREEK,MANNINGHAM,-37.735424,145.28012,2022,12,December,16,Afternoon Peak,Weekday
T20220028603,2022-12-16,02:55:00,4,Collision with a fixed object,5,Friday,164,PERMANENT OBSTRUCTION ON CARRIAGEWAY,3,64729,Cross intersection,3,60,Arterial Other,NICHOLSON,YARRA,-37.788082,144.97665,2022,12,December,2,Late Night,Weekday
T20220028606,2022-12-16,05:36:00,1,Collision with vehicle,5,Friday,130,REAR END(VEHICLES IN SAME LANE),2,776188,Not at intersection,2,80,Arterial Highway,SOUTH GIPPSLAND,CASEY,-38.051384,145.25804,2022,12,December,5,Morning Peak,Weekday
T20220028682,2022-12-16,19:30:00,1,Collision with vehicle,5,Friday,136,RIGHT TURN SIDESWIPE,1,40081,T intersection,2,40,Local Road,CARLISLE,PORT PHILLIP,-37.866882,144.97665,2022,12,December,19,Night,Weekday
T20220028869,2022-12-16,15:40:00,1,Collision with vehicle,5,Friday,137,LEFT TURN SIDESWIPE,1,761909,Not at intersection,3,100,Arterial Other,MELBOURNE LANCEFIELD,MACEDON RANGES,-37.33115,144.74077,2022,12,December,15,Afternoon Peak,Weekday
T20220028610,2022-12-16,05:50:00,1,Collision with vehicle,5,Friday,110,CROSS TRAFFIC(INTERSECTIONS ONLY),1,743668,Multiple intersection,2,60,Local Road,TOWNSEND,GEELONG,-38.18029,144.38237,2022,12,December,5,Morning Peak,Weekday
T20220028683,2022-12-16,20:00:00,8,No collision and no object struck,5,Friday,174,OUT OF CONTROL ON CARRIAGEWAY (ON STRAIGHT),1,777321,Not at intersection,3,60,Arterial Other,CLARENDON,PORT PHILLIP,-37.83061,144.95946,2022,12,December,20,Night,Weekday
T20220029110,2022-12-16,20:20:00,1,Collision with vehicle,5,Friday,160,VEHICLE COLLIDES WITH VEHICLE PARKED ON LEFT OF ROAD,2,789912,Not at intersection,2,40,Local Road,CARAVEL,MELBOURNE,-37.81438,144.9408,2022,12,December,20,Night,Weekday
T20230001745,2022-12-16,16:30:00,1,Collision with vehicle,5,Friday,130,REAR END(VEHICLES IN SAME LANE),1,778064,Not at intersection,3,40,Local Road,BRUNSWICK,YARRA,-37.797844,144.97855,2022,12,December,16,Afternoon Peak,Weekday
T20220028625,2022-12-16,06:20:00,1,Collision with vehicle,5,Friday,130,REAR END(VEHICLES IN SAME LANE),1,746703,Not at intersection,3,40,Local Road,SMITH,YARRA,-37.8045,144.98332,2022,12,December,6,Morning Peak,Weekday
T20220028626,2022-12-16,09:37:00,1,Collision with vehicle,5,Friday,121,RIGHT THROUGH,1,37279,T intersection,2,60,Arterial Other,VICTORIA,YARRA,-37.811047,145.00548,2022,12,December,9,Morning Peak,Weekday
T20220029359,2022-12-16,16:40:00,1,Collision with vehicle,5,Friday,130,REAR END(VEHICLES IN SAME LANE),1,50155,T intersection,3,70,Arterial Highway,SETTLEMENT,GEELONG,-38.17851,144.35152,2022,12,December,16,Afternoon Peak,Weekday
T20220028636,2022-12-16,07:05:00,1,Collision with vehicle,5,Friday,130,REAR END(VEHICLES IN SAME LANE),1,742122,Not at intersection,3,60,Arterial Other,DONNYBROOK,HUME,-37.53321,144.88466,2022,12,December,7,Morning Peak,Weekday
T20220028638,2022-12-16,11:30:00,1,Collision with vehicle,5,Friday,130,REAR END(VEHICLES IN SAME LANE),1,279414,T intersection,3,60,Arterial Other,SILKWOOD,WYNDHAM,-37.849377,144.69626,2022,12,December,11,Midday,Weekday
T20220028643,2022-12-16,12:10:00,1,Collision with vehicle,5,Friday,147,VEHICLE STRIKES ANOTHER VEH WHILE EMERGING FROM DRIVEWAY,1,743156,Not at intersection,3,60,Arterial Other,HORNE,HUME,-37.576244,144.72833,2022,12,December,12,Midday,Weekday
T20220028644,2022-12-16,12:28:00,2,Struck Pedestrian,5,Friday,105,PED WALKING AGAINST TRAFFIC.,1,36510,Cross intersection,2,50,Local Road,GERTRUDE,YARRA,-37.805984,144.97945,2022,12,December,12,Midday,Weekday
T20220028646,2022-12-16,13:10:00,1,Collision with vehicle,5,Friday,134,LANE CHANGE RIGHT (NOT OVERTAKING),1,267700,Not at intersection,3,80,Arterial Highway,DANDENONG,MONASH,-37.931168,145.15402,2022,12,December,13,Midday,Weekday
T20220028654,2022-12-16,12:54:00,1,Collision with vehicle,5,Friday,130,REAR END(VEHICLES IN SAME LANE),1,744396,Not at intersection,3,70,Arterial Other,SYDNEY,MORELAND,-37.702354,144.96,2022,12,December,12,Midday,Weekday
T20220028657,2022-12-16,15:18:00,2,Struck Pedestrian,5,Friday,100,PED NEAR SIDE. PED HIT BY VEHICLE FROM THE RIGHT.,1,72176,T intersection,2,50,Arterial Other,VICTORIA,BAW BAW,-38.154865,145.93356,2022,12,December,15,Afternoon Peak,Weekday
T20220028658,2022-12-16,15:30:00,1,Collision with vehicle,5,Friday,130,REAR END(VEHICLES IN SAME LANE),1,744723,Not at intersection,3,60,Local Road,MORRIS,WYNDHAM,-37.849785,144.70648,2022,12,December,15,Afternoon Peak,Weekday
T20220028696,2022-12-16,13:10:00,1,Collision with vehicle,5,Friday,110,CROSS TRAFFIC(INTERSECTIONS ONLY),1,742123,Cross intersection,3,50,Local Road,HARLEY,BENDIGO,-36.772625,144.31639,2022,12,December,13,Midday,Weekday
T20220028693,2022-12-16,23:45:00,4,Collision with a fixed object,5,Friday,173,RIGHT OFF CARRIAGEWAY INTO OBJECT/PARKED VEHICLE,5,759487,Not at intersection,2,100,Freeway,PRINCES,CARDINIA,-38.087955,145.50737,2022,12,December,23,Night,Weekday
T20220028659,2022-12-16,15:30:00,1,Collision with vehicle,5,Friday,113,RIGHT NEAR (INTERSECTIONS ONLY),1,49857,T intersection,2,60,Arterial Other,MCCURDY,GEELONG,-38.13554,144.31891,2022,12,December,15,Afternoon Peak,Weekday
T20220028660,2022-12-16,15:20:00,1,Collision with vehicle,5,Friday,160,VEHICLE COLLIDES WITH VEHICLE PARKED ON LEFT OF ROAD,1,777638,Not at intersection,2,60,Arterial Other,SETTLEMENT,WHITTLESEA,-37.688526,145.0187,2022,12,December,15,Afternoon Peak,Weekday
T20220028688,2022-12-16,21:35:00,7,Fall from or in moving vehicle,5,Friday,190,FELL IN/FROM VEHICLE,2,178271,Unknown,3,50,Local Road,VICTORIA,EAST GIPPSLAND,-37.829914,147.60532,2022,12,December,21,Night,Weekday
T20220028686,2022-12-16,19:30:00,1,Collision with vehicle,5,Friday,130,REAR END(VEHICLES IN SAME LANE),1,37535,Cross intersection,2,60,Local Road,CECIL,PORT PHILLIP,-37.835938,144.95912,2022,12,December,19,Night,Weekday
T20220028685,2022-12-16,19:35:00,1,Collision with vehicle,5,Friday,111,RIGHT FAR (INTERSECTIONS ONLY),1,221900,Multiple intersection,2,60,Freeway,MCCULLOCH,MORNINGTON PENINSULA,-38.34112,144.96014,2022,12,December,19,Night,Weekday
T20220028780,2022-12-17,14:30:00,1,Collision with vehicle,6,Saturday,130,REAR END(VEHICLES IN SAME LANE),1,748922,Cross intersection,3,60,Arterial Other,BURKE,BOROONDARA,-37.823544,145.05818,2022,12,December,14,Midday,Weekend
T20230004426,2022-12-17,09:50:00,1,Collision with vehicle,6,Saturday,110,CROSS TRAFFIC(INTERSECTIONS ONLY),1,50732,Cross intersection,3,50,Local Road,CAMPBELL,MOYNE,-38.38736,142.23381,2022,12,December,9,Morning Peak,Weekend
T20220028732,2022-12-17,11:10:00,1,Collision with vehicle,6,Saturday,135,LANE CHANGE LEFT (NOT OVERTAKING),1,747785,Not at intersection,3,100,Freeway,WESTERN RING,BRIMBANK,-37.78803,144.78833,2022,12,December,11,Midday,Weekend
T20220028741,2022-12-17,16:20:00,1,Collision with vehicle,6,Saturday,130,REAR END(VEHICLES IN SAME LANE),1,745525,Not at intersection,3,60,Arterial Other,EPPING,WHITTLESEA,-37.63273,145.02716,2022,12,December,16,Afternoon Peak,Weekend
T20220029678,2022-12-17,23:45:00,2,Struck Pedestrian,6,Saturday,102,FAR SIDE. PED HIT BY VEHICLE FROM THE LEFT,6,278849,T intersection,2,60,Local Road,WINDSOR,BRIMBANK,-37.787655,144.75395,2022,12,December,23,Night,Weekend
T20220028726,2022-12-17,14:15:00,2,Struck Pedestrian,6,Saturday,102,FAR SIDE. PED HIT BY VEHICLE FROM THE LEFT,1,127636,Not at intersection,3,40,Arterial Other,CARLISLE,PORT PHILLIP,-37.868168,144.98878,2022,12,December,14,Midday,Weekend
T20220028791,2022-12-17,11:00:00,1,Collision with vehicle,6,Saturday,163,VEHICLE STRIKES DOOR OF PARKED/STATIONARY VEHICLE,1,115390,Not at intersection,3,40,Arterial Other,SYDNEY,MORELAND,-37.76795,144.96198,2022,12,December,11,Midday,Weekend
T20220028754,2022-12-17,21:58:00,2,Struck Pedestrian,6,Saturday,100,PED NEAR SIDE. PED HIT BY VEHICLE FROM THE RIGHT.,3,743369,T intersection,3,40,Local Road,WITTON,BAW BAW,-38.162132,145.92714,2022,12,December,21,Night,Weekend
T20230000213,2022-12-17,17:30:00,4,Collision with a fixed object,6,Saturday,171,LEFT OFF CARRIAGEWAY INTO OBJECT/PARKED VEHICLE,9,708973,Not at intersection,3,60,Local Road,CARROLLS,MACEDON RANGES,-37.496372,144.48288,2022,12,December,17,Afternoon Peak,Weekend
T20220028729,2022-12-17,14:40:00,1,Collision with vehicle,6,Saturday,135,LANE CHANGE LEFT (NOT OVERTAKING),1,744822,Not at intersection,2,80,Freeway,SPRINGVALE-EASTERN IN,WHITEHORSE,-37.804363,145.17586,2022,12,December,14,Midday,Weekend
T20220028724,2022-12-17,11:35:00,4,Collision with a fixed object,6,Saturday,175,OFF END OF ROAD/T-INTERSECTION.,1,55909,T intersection,2,60,Local Road,CENTRE,FRANKSTON,-38.148327,145.21037,2022,12,December,11,Midday,Weekend
T20230000878,2022-12-17,09:00:00,1,Collision with vehicle,6,Saturday,142,LEAVING PARKING,1,747793,Not at intersection,3,50,Local Road,CHALLIS,HOBSONS BAY,-37.84545,144.87282,2022,12,December,9,Morning Peak,Weekend
T20220028730,2022-12-17,13:35:00,1,Collision with vehicle,6,Saturday,134,LANE CHANGE RIGHT (NOT OVERTAKING),1,755699,Not at intersection,3,100,Freeway,EASTERN,WHITEHORSE,-37.803925,145.17157,2022,12,December,13,Midday,Weekend
T20220028718,2022-12-17,10:17:00,2,Struck Pedestrian,6,Saturday,100,PED NEAR SIDE. PED HIT BY VEHICLE FROM THE RIGHT.,1,57582,T intersection,3,40,Arterial Other,HAMPTON,BAYSIDE,-37.932995,145.00334,2022,12,December,10,Midday,Weekend
T20220028734,2022-12-17,12:45:00,1,Collision with vehicle,6,Saturday,130,REAR END(VEHICLES IN SAME LANE),1,745974,Not at intersection,3,60,Arterial Other,MAIN,NILLUMBIK,-37.702114,145.17015,2022,12,December,12,Midday,Weekend
T20220028710,2022-12-17,09:07:00,1,Collision with vehicle,6,Saturday,121,RIGHT THROUGH,1,742214,Cross intersection,3,70,Arterial Highway,LATROBE TERRACE -SETTLEMENT,GEELONG,-38.16047,144.35031,2022,12,December,9,Morning Peak,Weekend
T20220029695,2022-12-17,10:00:00,1,Collision with vehicle,6,Saturday,113,RIGHT NEAR (INTERSECTIONS ONLY),9,58992,Y intersection,2,40,Local Road,GREEN,WANGARATTA,-36.357433,146.31367,2022,12,December,10,Midday,Weekend
T20220028709,2022-12-17,10:20:00,1,Collision with vehicle,6,Saturday,130,REAR END(VEHICLES IN SAME LANE),1,44494,T intersection,2,60,Arterial Highway,ALBERT,DAREBIN,-37.73462,145.02432,2022,12,December,10,Midday,Weekend
T20230005005,2022-12-17,19:05:00,1,Collision with vehicle,6,Saturday,121,RIGHT THROUGH,1,33233,T intersection,3,60,Arterial Other,NARRE WARREN,CASEY,-38.09299,145.29378,2022,12,December,19,Night,Weekend
T20220028708,2022-12-17,11:00:00,6,Vehicle overturned (no collision),6,Saturday,174,OUT OF CONTROL ON CARRIAGEWAY (ON STRAIGHT),1,742519,Not at intersection,2,60,Arterial Other,BARWON HEADS,GEELONG,-38.176018,144.35309,2022,12,December,11,Midday,Weekend
T20220028748,2022-12-17,03:40:00,4,Collision with a fixed object,6,Saturday,171,LEFT OFF CARRIAGEWAY INTO OBJECT/PARKED VEHICLE,5,745976,Not at intersection,3,100,Arterial Other,GRAHAM,CAMPASPE,-36.298832,144.95044,2022,12,December,3,Late Night,Weekend
T20220028759,2022-12-17,23:27:00,1,Collision with vehicle,6,Saturday,132,RIGHT REAR.,3,39373,T intersection,3,60,Arterial Other,MIDDLEBOROUGH,WHITEHORSE,-37.82943,145.13647,2022,12,December,23,Night,Weekend
T20220028788,2022-12-17,17:00:00,1,Collision with vehicle,6,Saturday,163,VEHICLE STRIKES DOOR OF PARKED/STATIONARY VEHICLE,9,753377,Not at intersection,3,40,Local Road,CHAPEL,STONNINGTON,-37.840954,144.99533,2022,12,December,17,Afternoon Peak,Weekend
T20220028699,2022-12-17,05:20:00,4,Collision with a fixed object,6,Saturday,181,OFF RIGHT BEND INTO OBJECT/PARKED VEHICLE,2,751372,T intersection,2,50,Local Road,BARKER,YARRA RANGES,-37.769096,145.30574,2022,12,December,5,Morning Peak,Weekend
T20220028742,2022-12-17,13:50:00,1,Collision with vehicle,6,Saturday,140,U TURN,1,762617,Not at intersection,2,60,Local Road,MT PLEASANT,GEELONG,-38.16872,144.32686,2022,12,December,13,Midday,Weekend
T20220028900,2022-12-17,18:00:00,1,Collision with vehicle,6,Saturday,113,RIGHT NEAR (INTERSECTIONS ONLY),1,742526,T intersection,3,50,Local Road,ELLIOT,GEELONG,-38.173393,144.3919,2022,12,December,18,Afternoon Peak,Weekend
T20220028695,2022-12-17,02:15:00,1,Collision with vehicle,6,Saturday,110,CROSS TRAFFIC(INTERSECTIONS ONLY),3,38098,Cross intersection,2,60,Arterial Highway,BELL,DAREBIN,-37.748104,145.02975,2022,12,December,2,Late Night,Weekend
T20220028694,2022-12-17,03:50:00,4,Collision with a fixed object,6,Saturday,175,OFF END OF ROAD/T-INTERSECTION.,6,340745,T intersection,2,100,Arterial Other,LOWER DARLINGTON,CORANGAMITE,-38.027023,143.50282,2022,12,December,3,Late Night,Weekend
T20220028747,2022-12-17,19:55:00,5,collision with some other object,6,Saturday,165,TEMPORARY ROADWORKS,2,742315,Not at intersection,3,50,Local Road,ARGYLL,STONNINGTON,-37.873966,145.08972,2022,12,December,19,Night,Weekend
T20220028728,2022-12-17,11:20:00,4,Collision with a fixed object,6,Saturday,171,LEFT OFF CARRIAGEWAY INTO OBJECT/PARKED VEHICLE,1,742326,Not at intersection,2,60,Arterial Highway,PUNT,STONNINGTON,-37.84341,144.98549,2022,12,December,11,Midday,Weekend
T20230000404,2022-12-17,10:38:00,1,Collision with vehicle,6,Saturday,153,CUTTING IN (OVERTAKING),1,746820,T intersection,3,60,Local Road,CENTRAL,CASEY,-38.042255,145.2598,2022,12,December,10,Midday,Weekend
T20230001650,2022-12-17,16:41:00,1,Collision with vehicle,6,Saturday,130,REAR END(VEHICLES IN SAME LANE),1,763111,Not at intersection,2,60,Freeway,WEST GATE IN-POWER,MELBOURNE,-37.82685,144.96387,2022,12,December,16,Afternoon Peak,Weekend
T20220028740,2022-12-17,17:00:00,1,Collision with vehicle,6,Saturday,130,REAR END(VEHICLES IN SAME LANE),1,761900,Not at intersection,3,60,Arterial Other,HIGH,DAREBIN,-37.707294,145.00922,2022,12,December,17,Afternoon Peak,Weekend
T20220028992,2022-12-17,06:32:00,1,Collision with vehicle,6,Saturday,121,RIGHT THROUGH,1,43027,T intersection,2,60,Arterial Highway,PRINCES,DANDENONG,-37.97877,145.20767,2022,12,December,6,Morning Peak,Weekend
T20220028749,2022-12-17,20:15:00,4,Collision with a fixed object,6,Saturday,171,LEFT OFF CARRIAGEWAY INTO OBJECT/PARKED VEHICLE,1,761903,T intersection,3,50,Local Road,MONTEBELLO,CASEY,-38.05119,145.3187,2022,12,December,20,Night,Weekend
T20220028735,2022-12-17,13:16:00,1,Collision with vehicle,6,Saturday,121,RIGHT THROUGH,1,37914,Cross intersection,2,50,Arterial Other,WESTGARTH,DAREBIN,-37.780743,144.99396,2022,12,December,13,Midday,Weekend
T20220028766,2022-12-17,09:49:00,1,Collision with vehicle,6,Saturday,116,LEFT NEAR (INTERSECTIONS ONLY),1,73667,Unknown,3,50,Arterial Other,FRANKSTON-FLINDERS,MORNINGTON PENINSULA,-38.37378,145.12697,2022,12,December,9,Morning Peak,Weekend
T20220028743,2022-12-17,17:45:00,6,Vehicle overturned (no collision),6,Saturday,182,OFF CARRIAGEWAY ON LEFT BEND,1,775309,Not at intersection,2,100,Local Road,OREILLYS,GANNAWARRA,-35.879368,144.32921,2022,12,December,17,Afternoon Peak,Weekend
T20220028850,2022-12-17,17:00:00,1,Collision with vehicle,6,Saturday,137,LEFT TURN SIDESWIPE,1,36626,Cross intersection,3,40,Arterial Other,JOHNSTON,YARRA,-37.79928,144.98735,2022,12,December,17,Afternoon Peak,Weekend
T20220028772,2022-12-18,08:10:00,1,Collision with vehicle,7,Sunday,113,RIGHT NEAR (INTERSECTIONS ONLY),1,700146,T intersection,2,60,Local Road,REID,MORNINGTON PENINSULA,-38.31606,145.18564,2022,12,December,8,Morning Peak,Weekend
T20220028774,2022-12-18,08:50:00,1,Collision with vehicle,7,Sunday,121,RIGHT THROUGH,1,39435,T intersection,3,60,Arterial Other,BLACKBURN,MANNINGHAM,-37.793476,145.16115,2022,12,December,8,Morning Peak,Weekend
T20220028778,2022-12-18,10:38:00,2,Struck Pedestrian,7,Sunday,102,FAR SIDE. PED HIT BY VEHICLE FROM THE LEFT,1,745526,Cross intersection,3,80,Arterial Other,FERNTREE GULLY,KNOX,-37.899097,145.2329,2022,12,December,10,Midday,Weekend
T20220029224,2022-12-18,12:00:00,1,Collision with vehicle,7,Sunday,121,RIGHT THROUGH,1,65831,Cross intersection,3,40,Arterial Other,KING,MELBOURNE,-37.812466,144.95392,2022,12,December,12,Midday,Weekend
T20220028793,2022-12-18,12:00:00,1,Collision with vehicle,7,Sunday,152,PULLING OUT (OVERTAKING),1,742521,Not at intersection,2,100,Local Road,AGAR,BASS COAST,-38.452076,145.44324,2022,12,December,12,Midday,Weekend
T20220028803,2022-12-18,08:15:00,1,Collision with vehicle,7,Sunday,120,HEAD ON (NOT OVERTAKING),1,742317,Not at intersection,3,100,Local Road,GLENMORE,MOORABOOL,-37.71134,144.2637,2022,12,December,8,Morning Peak,Weekend
T20220028801,2022-12-18,11:30:00,8,No collision and no object struck,7,Sunday,174,OUT OF CONTROL ON CARRIAGEWAY (ON STRAIGHT),1,29416,Not at intersection,2,40,Arterial Other,SPENCER,MELBOURNE,-37.81907,144.95415,2022,12,December,11,Midday,Weekend
T20230005195,2022-12-18,15:20:00,1,Collision with vehicle,7,Sunday,130,REAR END(VEHICLES IN SAME LANE),1,1238,T intersection,3,50,Arterial Other,RINGWOOD-WARRANDYTE,MANNINGHAM,-37.736958,145.22253,2022,12,December,15,Afternoon Peak,Weekend
T20220028799,2022-12-18,10:30:00,1,Collision with vehicle,7,Sunday,130,REAR END(VEHICLES IN SAME LANE),1,742726,Not at intersection,2,50,Local Road,SOUTH PARK,DAREBIN,-37.779022,144.99237,2022,12,December,10,Midday,Weekend
T20220028798,2022-12-18,12:50:00,1,Collision with vehicle,7,Sunday,110,CROSS TRAFFIC(INTERSECTIONS ONLY),1,36863,Cross intersection,3,60,Arterial Highway,HIGH,ARARAT,-37.283627,142.94211,2022,12,December,12,Midday,Weekend
T20220028795,2022-12-18,12:30:00,1,Collision with vehicle,7,Sunday,110,CROSS TRAFFIC(INTERSECTIONS ONLY),1,52682,Cross intersection,3,60,Arterial Highway,LONGFIELD,NORTHERN GRAMPIANS,-37.064175,142.76505,2022,12,December,12,Midday,Weekend
T20220028792,2022-12-18,10:04:00,1,Collision with vehicle,7,Sunday,135,LANE CHANGE LEFT (NOT OVERTAKING),1,669964,Cross intersection,2,80,Arterial Highway,SPRINGVALE,DANDENONG,-37.93259,145.15585,2022,12,December,10,Midday,Weekend
T20220028758,2022-12-18,00:30:00,1,Collision with vehicle,7,Sunday,121,RIGHT THROUGH,6,761898,Not at intersection,3,60,Arterial Other,SPRING,DAREBIN,-37.717937,145.00581,2022,12,December,0,Late Night,Weekend
T20220028999,2022-12-18,06:55:00,1,Collision with vehicle,7,Sunday,120,HEAD ON (NOT OVERTAKING),1,102809,Not at intersection,3,60,Local Road,POWER,CASEY,-37.98757,145.23944,2022,12,December,6,Morning Peak,Weekend
T20220028789,2022-12-18,12:26:00,1,Collision with vehicle,7,Sunday,130,REAR END(VEHICLES IN SAME LANE),1,743568,T intersection,3,80,Local Road,PARKINSONS,YARRA RANGES,-37.808056,145.5952,2022,12,December,12,Midday,Weekend
T20220029215,2022-12-18,16:00:00,1,Collision with vehicle,7,Sunday,130,REAR END(VEHICLES IN SAME LANE),1,743371,Not at intersection,3,80,Freeway,WEST GATE,MARIBYRNONG,-37.825108,144.87889,2022,12,December,16,Afternoon Peak,Weekend
T20230000699,2022-12-18,00:53:00,1,Collision with vehicle,7,Sunday,110,CROSS TRAFFIC(INTERSECTIONS ONLY),3,242278,Cross intersection,3,50,Arterial Other,PRINCES,CARDINIA,-38.06316,145.46008,2022,12,December,0,Late Night,Weekend
T20220028786,2022-12-18,12:00:00,1,Collision with vehicle,7,Sunday,148,VEHICLE OFF FOOTPATH STRIKES VEH ON CARRIAGEWAY,1,742520,Not at intersection,3,70,Local Road,MCKIMMIES,WHITTLESEA,-37.678585,145.06657,2022,12,December,12,Midday,Weekend
T20220028875,2022-12-18,16:00:00,5,collision with some other object,7,Sunday,173,RIGHT OFF CARRIAGEWAY INTO OBJECT/PARKED VEHICLE,1,745970,Not at intersection,3,80,Local Road,MANKS,CARDINIA,-38.173405,145.40428,2022,12,December,16,Afternoon Peak,Weekend
T20230002875,2022-12-18,20:15:00,1,Collision with vehicle,7,Sunday,130,REAR END(VEHICLES IN SAME LANE),1,752496,Not at intersection,3,50,Local Road,EVANS,PORT PHILLIP,-37.83502,144.93959,2022,12,December,20,Night,Weekend
T20220028865,2022-12-18,15:10:00,1,Collision with vehicle,7,Sunday,121,RIGHT THROUGH,1,44365,Cross intersection,3,60,Arterial Other,DERRIMUT,WYNDHAM,-37.87764,144.68279,2022,12,December,15,Afternoon Peak,Weekend
T20220028826,2022-12-18,22:25:00,2,Struck Pedestrian,7,Sunday,105,PED WALKING AGAINST TRAFFIC.,5,758248,Not at intersection,1,100,Arterial Highway,GOULBURN VALLEY,MOIRA,-36.16654,145.43187,2022,12,December,22,Night,Weekend
T20220028784,2022-12-18,10:51:00,1,Collision with vehicle,7,Sunday,121,RIGHT THROUGH,1,292051,T intersection,2,40,Arterial Other,BARWON HEADS,GEELONG,-38.266716,144.45627,2022,12,December,10,Midday,Weekend
T20220028820,2022-12-18,16:57:00,4,Collision with a fixed object,7,Sunday,173,RIGHT OFF CARRIAGEWAY INTO OBJECT/PARKED VEHICLE,1,780358,Not at intersection,3,100,Freeway,MONASH,CASEY,-37.971935,145.23735,2022,12,December,16,Afternoon Peak,Weekend
T20220028764,2022-12-18,01:30:00,4,Collision with a fixed object,7,Sunday,183,OFF LEFT BEND INTO OBJECT/PARKED VEHICLE,5,69255,Cross intersection,2,60,Arterial Other,BELGRAVE-GEMBROOK,YARRA RANGES,-37.910122,145.37733,2022,12,December,1,Late Night,Weekend
T20220028822,2022-12-18,14:55:00,1,Collision with vehicle,7,Sunday,121,RIGHT THROUGH,1,776190,Not at intersection,3,60,Arterial Other,MIDDLEBOROUGH,WHITEHORSE,-37.837616,145.13501,2022,12,December,14,Midday,Weekend
T20220028819,2022-12-18,18:00:00,1,Collision with vehicle,7,Sunday,121,RIGHT THROUGH,1,41394,Cross intersection,3,70,Arterial Highway,DANDENONG,GLEN EIRA,-37.881107,145.04959,2022,12,December,18,Afternoon Peak,Weekend
T20220028823,2022-12-18,18:00:00,4,Collision with a fixed object,7,Sunday,173,RIGHT OFF CARRIAGEWAY INTO OBJECT/PARKED VEHICLE,1,742616,T intersection,3,60,Local Road,MAIN,WHITTLESEA,-37.68023,145.01369,2022,12,December,18,Afternoon Peak,Weekend
T20220028818,2022-12-18,16:46:00,1,Collision with vehicle,7,Sunday,160,VEHICLE COLLIDES WITH VEHICLE PARKED ON LEFT OF ROAD,1,776189,Not at intersection,3,50,Local Road,LYDIARD,BALLARAT,-37.555183,143.85902,2022,12,December,16,Afternoon Peak,Weekend
T20220028817,2022-12-18,16:00:00,1,Collision with vehicle,7,Sunday,130,REAR END(VEHICLES IN SAME LANE),1,745527,Not at intersection,2,50,Local Road,ELEVATION,HUME,-37.60048,144.8973,2022,12,December,16,Afternoon Peak,Weekend
T20220028816,2022-12-18,18:15:00,6,Vehicle overturned (no collision),7,Sunday,174,OUT OF CONTROL ON CARRIAGEWAY (ON STRAIGHT),1,743263,Not at intersection,3,40,Local Road,BRUNSWICK,YARRA,-37.805622,144.97723,2022,12,December,18,Afternoon Peak,Weekend
T20220028821,2022-12-18,19:09:00,4,Collision with a fixed object,7,Sunday,171,LEFT OFF CARRIAGEWAY INTO OBJECT/PARKED VEHICLE,1,744407,Cross intersection,2,60,Arterial Other,EPPING,WHITTLESEA,-37.637127,145.02641,2022,12,December,19,Night,Weekend
T20230005645,2022-12-18,14:20:00,1,Collision with vehicle,7,Sunday,110,CROSS TRAFFIC(INTERSECTIONS ONLY),1,780359,Cross intersection,3,80,Arterial Other,MONBULK,YARRA RANGES,-37.873272,145.4056,2022,12,December,14,Midday,Weekend
T20220028902,2022-12-19,19:10:00,2,Struck Pedestrian,1,Monday,102,FAR SIDE. PED HIT BY VEHICLE FROM THE LEFT,1,744660,Not at intersection,2,40,Arterial Other,VICTORIA,YARRA,-37.81018,144.99689,2022,12,December,19,Night,Weekday
T20230004975,2022-12-19,15:52:00,8,No collision and no object struck,1,Monday,169,OTHER ON PATH,1,55272,T intersection,3,60,Arterial Other,ADAM,BENDIGO,-36.776043,144.27377,2022,12,December,15,Afternoon Peak,Weekday
T20220028922,2022-12-19,19:45:00,1,Collision with vehicle,1,Monday,110,CROSS TRAFFIC(INTERSECTIONS ONLY),1,20790,Cross intersection,3,60,Local Road,FERRIS,BAW BAW,-38.137016,145.84906,2022,12,December,19,Night,Weekday
T20220028903,2022-12-19,16:00:00,1,Collision with vehicle,1,Monday,120,HEAD ON (NOT OVERTAKING),1,751831,Not at intersection,3,80,Local Road,HARKAWAY,CASEY,-38.0151,145.3445,2022,12,December,16,Afternoon Peak,Weekday
T20220028923,2022-12-19,21:03:00,4,Collision with a fixed object,1,Monday,171,LEFT OFF CARRIAGEWAY INTO OBJECT/PARKED VEHICLE,2,760326,Not at intersection,3,60,Local Road,TOOTAL,KINGSTON,-37.969925,145.12354,2022,12,December,21,Night,Weekday