ACCIDENT_NO,ACCIDENT_DATE,ACCIDENT_TIME,ACCIDENT_TYPE,ACCIDENT_TYPE_DESC,DAY_OF_WEEK,DAY_WEEK_DESC,DCA_CODE,DCA_DESC,LIGHT_CONDITION,NODE_ID,ROAD_GEOMETRY_DESC,SEVERITY,SPEED_ZONE,RMA,ROAD_NAME,LGA_NAME,LATITUDE,LONGITUDE,YEAR,MONTH,MONTH_NAME,HOUR,TIME_PERIOD,DAY_TYPE
T20220028887,2022-12-19,14:54:00,1,Collision with vehicle,1,Monday,111,RIGHT FAR (INTERSECTIONS ONLY),1,42186,T intersection,3,60,Arterial Other,BAY,BAYSIDE,-37.956238,145.04207,2022,12,December,14,Midday,Weekday
T20220028878,2022-12-19,13:20:00,1,Collision with vehicle,1,Monday,130,REAR END(VEHICLES IN SAME LANE),1,742525,Unknown,2,60,Arterial Other,HEATHERTON,CASEY,-37.972515,145.2362,2022,12,December,13,Midday,Weekday
T20220028877,2022-12-19,13:20:00,1,Collision with vehicle,1,Monday,113,RIGHT NEAR (INTERSECTIONS ONLY),1,320556,T intersection,2,100,Local Road,WATERLOO,BAW BAW,-38.205364,146.16602,2022,12,December,13,Midday,Weekday
T20220028927,2022-12-19,19:03:00,4,Collision with a fixed object,1,Monday,173,RIGHT OFF CARRIAGEWAY INTO OBJECT/PARKED VEHICLE,1,756299,Not at intersection,1,100,Local Road,PURVIS,LATROBE,-38.144024,146.32175,2022,12,December,19,Night,Weekday
T20230002244,2022-12-19,12:00:00,1,Collision with vehicle,1,Monday,140,U TURN,1,693264,Cross intersection,3,80,Local Road,MCDOWALL,CASEY,-38.04265,145.25223,2022,12,December,12,Midday,Weekday
T20220028868,2022-12-19,09:45:00,1,Collision with vehicle,1,Monday,119,OTHER ADJACENT (INTERSECTIONS ONLY),1,44781,T intersection,3,60,Arterial Other,KARINGAL DRIVE -ST HELENA,BANYULE,-37.701,145.12192,2022,12,December,9,Morning Peak,Weekday
T20220028906,2022-12-19,17:30:00,1,Collision with vehicle,1,Monday,130,REAR END(VEHICLES IN SAME LANE),1,776209,Not at intersection,2,80,Arterial Highway,WELLINGTON,MONASH,-37.921516,145.18155,2022,12,December,17,Afternoon Peak,Weekday
T20220028864,2022-12-19,10:13:00,1,Collision with vehicle,1,Monday,147,VEHICLE STRIKES ANOTHER VEH WHILE EMERGING FROM DRIVEWAY,1,764194,Not at intersection,3,60,Local Road,DOURO,GEELONG,-38.115147,144.34906,2022,12,December,10,Midday,Weekday
T20220028861,2022-12-19,08:00:00,8,No collision and no object struck,1,Monday,174,OUT OF CONTROL ON CARRIAGEWAY (ON STRAIGHT),1,16994,Not at intersection,2,60,Local Road,MARFELL,WARRNAMBOOL,-38.396614,142.50925,2022,12,December,8,Morning Peak,Weekday
T20220028909,2022-12-19,15:10:00,1,Collision with vehicle,1,Monday,130,REAR END(VEHICLES IN SAME LANE),1,755701,T intersection,3,60,Arterial Other,BURKE,BOROONDARA,-37.832787,145.05643,2022,12,December,15,Afternoon Peak,Weekday
T20220028933,2022-12-19,11:25:00,1,Collision with vehicle,1,Monday,130,REAR END(VEHICLES IN SAME LANE),1,745482,Not at intersection,3,100,Arterial Other,WANGARATTA-WHITFIELD,WANGARATTA,-36.594357,146.38326,2022,12,December,11,Midday,Weekday
T20220028910,2022-12-19,09:30:00,1,Collision with vehicle,1,Monday,130,REAR END(VEHICLES IN SAME LANE),1,35622,Cross intersection,3,80,Arterial Highway,STUD,DANDENONG,-37.97103,145.22339,2022,12,December,9,Morning Peak,Weekday
T20220028842,2022-12-19,06:30:00,1,Collision with vehicle,1,Monday,110,CROSS TRAFFIC(INTERSECTIONS ONLY),1,35770,Cross intersection,2,50,Arterial Highway,HIGH STREET -PALL MALL,BENDIGO,-36.7597,144.2786,2022,12,December,6,Morning Peak,Weekday
T20220028844,2022-12-19,07:23:00,1,Collision with vehicle,1,Monday,130,REAR END(VEHICLES IN SAME LANE),1,686347,Not at intersection,3,100,Freeway,WESTERN,MELTON,-37.71295,144.63622,2022,12,December,7,Morning Peak,Weekday
T20220028845,2022-12-19,06:47:00,1,Collision with vehicle,1,Monday,121,RIGHT THROUGH,1,742523,Cross intersection,3,60,Arterial Highway,DANDENONG,MONASH,-37.893105,145.08827,2022,12,December,6,Morning Peak,Weekday
T20220028936,2022-12-19,06:36:00,1,Collision with vehicle,1,Monday,152,PULLING OUT (OVERTAKING),1,309125,Cross intersection,3,60,Local Road,MAIN,MOORABOOL,-37.582397,144.10938,2022,12,December,6,Morning Peak,Weekday
T20220029137,2022-12-19,17:30:00,1,Collision with vehicle,1,Monday,121,RIGHT THROUGH,1,54545,T intersection,3,40,Arterial Other,CHURCH,YARRA,-37.828136,144.9975,2022,12,December,17,Afternoon Peak,Weekday
T20220029055,2022-12-19,09:12:00,1,Collision with vehicle,1,Monday,130,REAR END(VEHICLES IN SAME LANE),1,747360,Not at intersection,3,80,Arterial Other,PRINCES,BAW BAW,-38.152054,145.90851,2022,12,December,9,Morning Peak,Weekday
T20220028851,2022-12-19,08:20:00,1,Collision with vehicle,1,Monday,130,REAR END(VEHICLES IN SAME LANE),1,743050,Not at intersection,3,50,Local Road,COLLINS,BRIMBANK,-37.743233,144.80194,2022,12,December,8,Morning Peak,Weekday
T20220029037,2022-12-19,16:45:00,1,Collision with vehicle,1,Monday,130,REAR END(VEHICLES IN SAME LANE),1,742947,Not at intersection,3,60,Arterial Other,WILLIAMS,STONNINGTON,-37.83504,145.00578,2022,12,December,16,Afternoon Peak,Weekday
T20220029557,2022-12-19,13:30:00,8,No collision and no object struck,1,Monday,180,OFF CARRIAGEWAY ON RIGHT BEND,1,282063,T intersection,3,80,Arterial Highway,SOUTH GIPPSLAND,DANDENONG,-38.03446,145.24525,2022,12,December,13,Midday,Weekday
T20220029177,2022-12-19,21:30:00,1,Collision with vehicle,1,Monday,110,CROSS TRAFFIC(INTERSECTIONS ONLY),3,729259,Cross intersection,3,80,Local Road,FOUNDATION,WYNDHAM,-37.826023,144.764,2022,12,December,21,Night,Weekday
T20220028852,2022-12-19,08:24:00,2,Struck Pedestrian,1,Monday,194,PARKED CAR RUN AWAY,1,751374,Not at intersection,3,50,Local Road,MEREDITH,HUME,-37.687748,144.92532,2022,12,December,8,Morning Peak,Weekday
T20220028921,2022-12-19,21:10:00,2,Struck Pedestrian,1,Monday,103,PED PLAYING/LYING/WORKING/STANDING ON CARRIAGEWAY.,3,1238,T intersection,3,50,Arterial Other,RINGWOOD-WARRANDYTE,MANNINGHAM,-37.736958,145.22253,2022,12,December,21,Night,Weekday
T20220028960,2022-12-19,12:50:00,9,Other accident,1,Monday,172,OFF CARRIAGEWAY TO RIGHT,1,742943,Not at intersection,3,100,Local Road,BULLS,PYRENEES,-37.6122,143.56146,2022,12,December,12,Midday,Weekday
T20220029004,2022-12-20,18:20:00,1,Collision with vehicle,2,Tuesday,130,REAR END(VEHICLES IN SAME LANE),1,745856,Not at intersection,3,60,Arterial Other,HEREFORD,YARRA RANGES,-37.78357,145.38223,2022,12,December,18,Afternoon Peak,Weekday
T20220028977,2022-12-20,11:20:00,1,Collision with vehicle,2,Tuesday,130,REAR END(VEHICLES IN SAME LANE),1,752947,T intersection,3,60,Local Road,BOUNDARY,MORNINGTON PENINSULA,-38.34301,144.97081,2022,12,December,11,Midday,Weekday
T20220029058,2022-12-20,22:28:00,1,Collision with vehicle,2,Tuesday,110,CROSS TRAFFIC(INTERSECTIONS ONLY),3,45524,Cross intersection,2,60,Arterial Other,DERRIMUT ROAD -HOPKINS,MELTON,-37.80502,144.69594,2022,12,December,22,Night,Weekday
T20220028993,2022-12-20,15:25:00,1,Collision with vehicle,2,Tuesday,113,RIGHT NEAR (INTERSECTIONS ONLY),1,70175,T intersection,2,50,Local Road,TALINGA,BAYSIDE,-37.96094,145.032,2022,12,December,15,Afternoon Peak,Weekday
T20220028996,2022-12-20,15:47:00,1,Collision with vehicle,2,Tuesday,121,RIGHT THROUGH,1,705,Cross intersection,2,60,Arterial Other,WAVERLEY,MONASH,-37.880665,145.093,2022,12,December,15,Afternoon Peak,Weekday
T20220028983,2022-12-20,14:40:00,4,Collision with a fixed object,2,Tuesday,171,LEFT OFF CARRIAGEWAY INTO OBJECT/PARKED VEHICLE,1,749554,Not at intersection,2,40,Local Road,NORTHUMBERLAND,MORELAND,-37.717693,144.93338,2022,12,December,14,Midday,Weekday
T20220029000,2022-12-20,12:57:00,1,Collision with vehicle,2,Tuesday,140,U TURN,1,765259,Not at intersection,2,80,Arterial Other,MAIN WHITTLESEA,WHITTLESEA,-37.65254,145.08623,2022,12,December,12,Midday,Weekday
T20220029002,2022-12-20,18:14:00,2,Struck Pedestrian,2,Tuesday,101,PED EMERGES FROM IN FRONT OF PARKED OR STATIONARY VEHICLE,1,742944,Not at intersection,2,40,Local Road,LA TROBE,MELBOURNE,-37.809917,144.96272,2022,12,December,18,Afternoon Peak,Weekday
T20220029574,2022-12-20,15:20:00,1,Collision with vehicle,2,Tuesday,130,REAR END(VEHICLES IN SAME LANE),1,744187,Not at intersection,3,60,Local Road,DOWNES,MOUNT ALEXANDER,-37.047077,144.22054,2022,12,December,15,Afternoon Peak,Weekday
T20220029459,2022-12-20,16:40:00,1,Collision with vehicle,2,Tuesday,140,U TURN,1,745010,Not at intersection,3,50,Local Road,BROUGHAM,WHITEHORSE,-37.821392,145.11546,2022,12,December,16,Afternoon Peak,Weekday
T20220028956,2022-12-20,07:12:00,4,Collision with a fixed object,2,Tuesday,171,LEFT OFF CARRIAGEWAY INTO OBJECT/PARKED VEHICLE,1,776199,Not at intersection,3,50,Local Road,BLYTH,HOBSONS BAY,-37.86816,144.82185,2022,12,December,7,Morning Peak,Weekday
T20220028958,2022-12-20,08:15:00,6,Vehicle overturned (no collision),2,Tuesday,172,OFF CARRIAGEWAY TO RIGHT,1,783496,Not at intersection,3,100,Local Road,LITTLE RIVER-RIPLEY,GEELONG,-37.92655,144.46445,2022,12,December,8,Morning Peak,Weekday
T20220029003,2022-12-20,16:50:00,1,Collision with vehicle,2,Tuesday,130,REAR END(VEHICLES IN SAME LANE),1,779964,Not at intersection,3,60,Arterial Other,CAMP,HUME,-37.685425,144.92108,2022,12,December,16,Afternoon Peak,Weekday
T20220029056,2022-12-20,23:45:00,1,Collision with vehicle,2,Tuesday,121,RIGHT THROUGH,3,39066,Not at intersection,3,60,Arterial Other,WHITEHORSE,BOROONDARA,-37.810566,145.06232,2022,12,December,23,Night,Weekday
T20220028975,2022-12-20,13:58:00,1,Collision with vehicle,2,Tuesday,147,VEHICLE STRIKES ANOTHER VEH WHILE EMERGING FROM DRIVEWAY,1,712830,Not at intersection,3,60,Arterial Highway,POINT NEPEAN,MORNINGTON PENINSULA,-38.367188,144.86183,2022,12,December,13,Midday,Weekday
T20230000091,2022-12-20,18:30:00,1,Collision with vehicle,2,Tuesday,140,U TURN,1,337915,T intersection,3,80,Arterial Other,BERWICK-CRANBOURNE,CASEY,-38.114037,145.32812,2022,12,December,18,Afternoon Peak,Weekday
T20220029021,2022-12-20,08:35:00,1,Collision with vehicle,2,Tuesday,130,REAR END(VEHICLES IN SAME LANE),1,744400,Not at intersection,3,40,Arterial Other,BERWICK-CRANBOURNE,CASEY,-38.074608,145.33533,2022,12,December,8,Morning Peak,Weekday
T20230003385,2022-12-20,08:15:00,7,Fall from or in moving vehicle,2,Tuesday,190,FELL IN/FROM VEHICLE,1,783558,Not at intersection,3,60,Local Road,OLEANDER,WHITTLESEA,-37.650597,145.08105,2022,12,December,8,Morning Peak,Weekday
T20220029009,2022-12-20,18:00:00,1,Collision with vehicle,2,Tuesday,111,RIGHT FAR (INTERSECTIONS ONLY),1,742945,Cross intersection,3,60,Arterial Other,DIAMOND CREEK,NILLUMBIK,-37.675117,145.14651,2022,12,December,18,Afternoon Peak,Weekday
T20220029010,2022-12-20,16:55:00,1,Collision with vehicle,2,Tuesday,147,VEHICLE STRIKES ANOTHER VEH WHILE EMERGING FROM DRIVEWAY,1,743569,Not at intersection,2,80,Arterial Other,CLYDE-FIVE WAYS,CASEY,-38.15921,145.31888,2022,12,December,16,Afternoon Peak,Weekday
T20220029012,2022-12-20,18:38:00,1,Collision with vehicle,2,Tuesday,120,HEAD ON (NOT OVERTAKING),1,745745,Not at intersection,3,50,Local Road,WATERHAVEN,WYNDHAM,-37.876125,144.72815,2022,12,December,18,Afternoon Peak,Weekday
T20230000880,2022-12-20,15:00:00,1,Collision with vehicle,2,Tuesday,130,REAR END(VEHICLES IN SAME LANE),1,756405,Not at intersection,2,60,Arterial Highway,QUEENS,PORT PHILLIP,-37.850624,144.97842,2022,12,December,15,Afternoon Peak,Weekday
T20220029625,2022-12-20,07:15:00,1,Collision with vehicle,2,Tuesday,121,RIGHT THROUGH,1,745013,Cross intersection,3,40,Arterial Other,MADDEN,YARRA,-37.82784,145.00722,2022,12,December,7,Morning Peak,Weekday
T20220029218,2022-12-20,17:34:00,1,Collision with vehicle,2,Tuesday,130,REAR END(VEHICLES IN SAME LANE),1,45942,T intersection,3,70,Arterial Highway,WHITEHORSE,WHITEHORSE,-37.81688,145.18962,2022,12,December,17,Afternoon Peak,Weekday
T20220028959,2022-12-20,09:50:00,1,Collision with vehicle,2,Tuesday,137,LEFT TURN SIDESWIPE,1,35350,Cross intersection,3,60,Local Road,LITTLE LONSDALE,MELBOURNE,-37.812737,144.95688,2022,12,December,9,Morning Peak,Weekday
T20230015368,2022-12-20,16:27:00,1,Collision with vehicle,2,Tuesday,160,VEHICLE COLLIDES WITH VEHICLE PARKED ON LEFT OF ROAD,1,776659,Not at intersection,3,50,Local Road,DOUGLAS,HOBSONS BAY,-37.845352,144.89224,2022,12,December,16,Afternoon Peak,Weekday
T20220029017,2022-12-20,18:20:00,7,Fall from or in moving vehicle,2,Tuesday,179,OTHER ACCIDENTS-OFF STRAIGHT NOT INCLUDED IN DCAs 170-175,1,742946,Not at intersection,3,50,Local Road,VICTORIA,MORELAND,-37.766006,144.9535,2022,12,December,18,Afternoon Peak,Weekday
T20220029020,2022-12-20,16:15:00,1,Collision with vehicle,2,Tuesday,130,REAR END(VEHICLES IN SAME LANE),1,761860,Not at intersection,3,100,Freeway,WESTERN,MELTON,-37.716995,144.64185,2022,12,December,16,Afternoon Peak,Weekday
T20220028967,2022-12-20,10:45:00,2,Struck Pedestrian,2,Tuesday,194,PARKED CAR RUN AWAY,1,761859,Not at intersection,2,50,Local Road,GOLDEN POINT,MOUNT ALEXANDER,-37.05344,144.27414,2022,12,December,10,Midday,Weekday
T20220028934,2022-12-20,03:30:00,1,Collision with vehicle,2,Tuesday,150,HEAD ON(OVERTAKING),3,786691,Not at intersection,2,80,Arterial Other,CLYDE-FIVE WAYS,CASEY,-38.134823,145.32399,2022,12,December,3,Late Night,Weekday
T20220029043,2022-12-20,16:19:00,6,Vehicle overturned (no collision),2,Tuesday,174,OUT OF CONTROL ON CARRIAGEWAY (ON STRAIGHT),1,43535,T intersection,3,50,Local Road,KARINGAL,FRANKSTON,-38.149853,145.16565,2022,12,December,16,Afternoon Peak,Weekday
T20220029079,2022-12-20,13:45:00,1,Collision with vehicle,2,Tuesday,137,LEFT TURN SIDESWIPE,1,36626,Cross intersection,3,40,Arterial Other,JOHNSTON,YARRA,-37.79928,144.98735,2022,12,December,13,Midday,Weekday
T20220029027,2022-12-20,15:34:00,1,Collision with vehicle,2,Tuesday,130,REAR END(VEHICLES IN SAME LANE),1,745604,Not at intersection,3,40,Local Road,PAKINGTON,GEELONG,-38.141644,144.34811,2022,12,December,15,Afternoon Peak,Weekday
T20220029052,2022-12-20,23:30:00,1,Collision with vehicle,2,Tuesday,140,U TURN,3,742948,T intersection,2,60,Arterial Highway,BRIGHTON ROAD SERVICE,PORT PHILLIP,-37.87311,144.99014,2022,12,December,23,Night,Weekday
T20220028995,2022-12-20,16:52:00,2,Struck Pedestrian,2,Tuesday,100,PED NEAR SIDE. PED HIT BY VEHICLE FROM THE RIGHT.,1,41713,Cross intersection,2,40,Arterial Other,STEPHENSONS,MONASH,-37.876842,145.12885,2022,12,December,16,Afternoon Peak,Weekday
T20220029028,2022-12-20,18:20:00,1,Collision with vehicle,2,Tuesday,159,OTHER OVERTAKING MANOEUVRES NOT INCLUDED IN DCAs 150-154,2,777368,Not at intersection,3,50,Arterial Other,YARRA,BOROONDARA,-37.787823,145.02121,2022,12,December,18,Afternoon Peak,Weekday
T20220028939,2022-12-20,06:38:00,1,Collision with vehicle,2,Tuesday,121,RIGHT THROUGH,1,744824,Not at intersection,3,50,Local Road,PINEWOOD,MONASH,-37.890423,145.14423,2022,12,December,6,Morning Peak,Weekday
T20220028943,2022-12-20,08:20:00,4,Collision with a fixed object,2,Tuesday,171,LEFT OFF CARRIAGEWAY INTO OBJECT/PARKED VEHICLE,1,745854,Not at intersection,3,80,Freeway,CITYLINK,MELBOURNE,-37.78018,144.9391,2022,12,December,8,Morning Peak,Weekday
T20220028944,2022-12-20,07:00:00,1,Collision with vehicle,2,Tuesday,111,RIGHT FAR (INTERSECTIONS ONLY),1,19370,Cross intersection,2,100,Local Road,ECHUCA-NANNEELLA,CAMPASPE,-36.256153,144.77751,2022,12,December,7,Morning Peak,Weekday
T20220029051,2022-12-20,16:00:00,1,Collision with vehicle,2,Tuesday,160,VEHICLE COLLIDES WITH VEHICLE PARKED ON LEFT OF ROAD,1,744178,Not at intersection,3,60,Arterial Other,BEACH,BAYSIDE,-37.95052,145.00221,2022,12,December,16,Afternoon Peak,Weekday
T20220029029,2022-12-20,19:30:00,6,Vehicle overturned (no collision),2,Tuesday,184,OUT OF CONTROL ON CARRIAGEWAY (ON BEND),1,743570,Not at intersection,2,100,Local Road,SEC ACCESS,ALPINE,-36.798737,146.66635,2022,12,December,19,Night,Weekday
T20220028949,2022-12-20,08:50:00,1,Collision with vehicle,2,Tuesday,130,REAR END(VEHICLES IN SAME LANE),1,743158,Cross intersection,3,80,Arterial Other,PORTARLINGTON,GEELONG,-38.18094,144.51253,2022,12,December,8,Morning Peak,Weekday
T20220028951,2022-12-20,08:10:00,4,Collision with a fixed object,2,Tuesday,171,LEFT OFF CARRIAGEWAY INTO OBJECT/PARKED VEHICLE,1,744182,Not at intersection,2,80,Local Road,VICKERYS,SURF COAST,-38.322247,144.21931,2022,12,December,8,Morning Peak,Weekday
T20220028954,2022-12-20,06:00:00,1,Collision with vehicle,2,Tuesday,160,VEHICLE COLLIDES WITH VEHICLE PARKED ON LEFT OF ROAD,1,742727,Not at intersection,3,60,Arterial Other,BEACH,BAYSIDE,-37.993748,145.03316,2022,12,December,6,Morning Peak,Weekday
T20220029031,2022-12-20,17:04:00,1,Collision with vehicle,2,Tuesday,121,RIGHT THROUGH,1,744177,Not at intersection,3,60,Arterial Other,SANDHURST,BENDIGO,-36.73322,144.26453,2022,12,December,17,Afternoon Peak,Weekday
T20220029044,2022-12-20,20:50:00,2,Struck Pedestrian,2,Tuesday,100,PED NEAR SIDE. PED HIT BY VEHICLE FROM THE RIGHT.,3,745523,Cross intersection,2,60,Arterial Highway,BELL,DAREBIN,-37.74563,145.00609,2022,12,December,20,Night,Weekday
T20220029049,2022-12-20,22:34:00,1,Collision with vehicle,2,Tuesday,130,REAR END(VEHICLES IN SAME LANE),3,327634,Cross intersection,2,100,Freeway,DALTON,WHITTLESEA,-37.686275,145.02866,2022,12,December,22,Night,Weekday
T20220029034,2022-12-20,20:30:00,6,Vehicle overturned (no collision),2,Tuesday,174,OUT OF CONTROL ON CARRIAGEWAY (ON STRAIGHT),2,752714,Not at intersection,3,40,Arterial Other,ESPLANADE,MORNINGTON PENINSULA,-38.21845,145.0332,2022,12,December,20,Night,Weekday
T20230002098,2022-12-20,15:15:00,1,Collision with vehicle,2,Tuesday,135,LANE CHANGE LEFT (NOT OVERTAKING),1,755103,Not at intersection,3,80,Freeway,WEST GATE,MELBOURNE,-37.831783,144.90228,2022,12,December,15,Afternoon Peak,Weekday
T20220029035,2022-12-20,18:45:00,8,No collision and no object struck,2,Tuesday,180,OFF CARRIAGEWAY ON RIGHT BEND,1,744423,Not at intersection,2,80,Local Road,BULN BULN,BAW BAW,-38.112118,145.89186,2022,12,December,18,Afternoon Peak,Weekday
T20220028991,2022-12-20,16:30:00,1,Collision with vehicle,2,Tuesday,130,REAR END(VEHICLES IN SAME LANE),1,745637,Not at intersection,3,60,Arterial Highway,NORTH,MONASH,-37.909824,145.0879,2022,12,December,16,Afternoon Peak,Weekday
T20220028986,2022-12-20,12:45:00,1,Collision with vehicle,2,Tuesday,139,OTHER SAME DIRECTION-MANOUEVRES NOT INCLUDED IN DCAs 130-137,1,742728,Not at intersection,3,60,Arterial Other,FLEMINGTON ROAD SERVICE,MELBOURNE,-37.79743,144.95255,2022,12,December,12,Midday,Weekday
T20220029039,2022-12-20,18:05:00,8,No collision and no object struck,2,Tuesday,151,OUT OF CONTROL (OVERTAKING),1,745522,Not at intersection,3,60,Arterial Other,MAIN,NILLUMBIK,-37.703735,145.1607,2022,12,December,18,Afternoon Peak,Weekday
T20220029042,2022-12-20,21:10:00,1,Collision with vehicle,2,Tuesday,163,VEHICLE STRIKES DOOR OF PARKED/STATIONARY VEHICLE,3,760214,Not at intersection,3,50,Local Road,CHARNWOOD,PORT PHILLIP,-37.860275,144.9866,2022,12,December,21,Night,Weekday
T20220029179,2022-12-21,16:40:00,8,No collision and no object struck,3,Wednesday,174,OUT OF CONTROL ON CARRIAGEWAY (ON STRAIGHT),9,743972,Not at intersection,2,40,Local Road,NAPIER,YARRA,-37.803528,144.97986,2022,12,December,16,Afternoon Peak,Weekday
T20230000810,2022-12-21,07:45:00,1,Collision with vehicle,3,Wednesday,150,HEAD ON(OVERTAKING),1,747791,Not at intersection,3,100,Local Road,LOCH-WONTHAGGI,BASS COAST,-38.495213,145.61728,2022,12,December,7,Morning Peak,Weekday
T20220029061,2022-12-21,07:20:00,1,Collision with vehicle,3,Wednesday,143,ENTERING PARKING,1,742949,Not at intersection,3,50,Local Road,GOOCH,DAREBIN,-37.75826,145.0034,2022,12,December,7,Morning Peak,Weekday
T20220029076,2022-12-21,09:30:00,1,Collision with vehicle,3,Wednesday,147,VEHICLE STRIKES ANOTHER VEH WHILE EMERGING FROM DRIVEWAY,1,780367,Not at intersection,3,70,Arterial Other,KINGS,BRIMBANK,-37.72809,144.78197,2022,12,December,9,Morning Peak,Weekday
T20230000368,2022-12-21,21:15:00,2,Struck Pedestrian,3,Wednesday,102,FAR SIDE. PED HIT BY VEHICLE FROM THE LEFT,9,746819,Not at intersection,3,50,Local Road,OAKLAND,CASEY,-38.04337,145.25655,2022,12,December,21,Night,Weekday
T20220029068,2022-12-21,08:20:00,1,Collision with vehicle,3,Wednesday,110,CROSS TRAFFIC(INTERSECTIONS ONLY),1,44679,Cross intersection,3,50,Local Road,BLACK,BANYULE,-37.711094,145.08028,2022,12,December,8,Morning Peak,Weekday
T20230000910,2022-12-21,04:21:00,2,Struck Pedestrian,3,Wednesday,103,PED PLAYING/LYING/WORKING/STANDING ON CARRIAGEWAY.,3,750937,Not at intersection,3,60,Arterial Other,CITY,MELBOURNE,-37.82411,144.96225,2022,12,December,4,Late Night,Weekday
T20220029078,2022-12-21,06:20:00,4,Collision with a fixed object,3,Wednesday,173,RIGHT OFF CARRIAGEWAY INTO OBJECT/PARKED VEHICLE,1,121421,T intersection,2,70,Arterial Other,EDGARS,WHITTLESEA,-37.67237,145.0018,2022,12,December,6,Morning Peak,Weekday
T20220029188,2022-12-21,21:30:00,1,Collision with vehicle,3,Wednesday,148,VEHICLE OFF FOOTPATH STRIKES VEH ON CARRIAGEWAY,3,36230,Cross intersection,2,60,Arterial Other,ELIZABETH,MELBOURNE,-37.806293,144.9595,2022,12,December,21,Night,Weekday
T20220029186,2022-12-21,14:13:00,1,Collision with vehicle,3,Wednesday,134,LANE CHANGE RIGHT (NOT OVERTAKING),1,761774,Not at intersection,3,70,Arterial Other,MT DANDENONG,MAROONDAH,-37.811077,145.24342,2022,12,December,14,Midday,Weekday
T20220029105,2022-12-21,11:33:00,1,Collision with vehicle,3,Wednesday,121,RIGHT THROUGH,1,743971,T intersection,2,70,Arterial Highway,WOODLANDS,KINGSTON,-37.987724,145.11787,2022,12,December,11,Midday,Weekday
T20220029117,2022-12-21,13:59:00,4,Collision with a fixed object,3,Wednesday,173,RIGHT OFF CARRIAGEWAY INTO OBJECT/PARKED VEHICLE,1,743765,Not at intersection,2,50,Local Road,ALKIRA,GEELONG,-38.093872,144.35356,2022,12,December,13,Midday,Weekday
T20220029116,2022-12-21,14:05:00,1,Collision with vehicle,3,Wednesday,121,RIGHT THROUGH,1,45118,Cross intersection,2,70,Arterial Other,BALLARAT,MARIBYRNONG,-37.779396,144.84943,2022,12,December,14,Midday,Weekday
T20220029112,2022-12-21,14:30:00,1,Collision with vehicle,3,Wednesday,111,RIGHT FAR (INTERSECTIONS ONLY),1,38667,Cross intersection,3,60,Arterial Highway,FRANCIS,MARIBYRNONG,-37.8199,144.87895,2022,12,December,14,Midday,Weekday
T20220029109,2022-12-21,06:35:00,1,Collision with vehicle,3,Wednesday,147,VEHICLE STRIKES ANOTHER VEH WHILE EMERGING FROM DRIVEWAY,1,749882,Not at intersection,3,50,Local Road,SUNLINE,MELTON,-37.80626,144.74953,2022,12,December,6,Morning Peak,Weekday
T20220029106,2022-12-21,10:45:00,1,Collision with vehicle,3,Wednesday,110,CROSS TRAFFIC(INTERSECTIONS ONLY),1,745009,Cross intersection,3,60,Local Road,WENTWORTH,BASS COAST,-38.601902,145.59993,2022,12,December,10,Midday,Weekday
T20220029098,2022-12-21,11:45:00,6,Vehicle overturned (no collision),3,Wednesday,170,OFF CARRIAGEWAY TO LEFT,1,761744,Not at intersection,2,100,Arterial Other,MYAMYN-MACARTHUR,MOYNE,-37.99941,141.86006,2022,12,December,11,Midday,Weekday
T20220029090,2022-12-21,11:43:00,4,Collision with a fixed object,3,Wednesday,171,LEFT OFF CARRIAGEWAY INTO OBJECT/PARKED VEHICLE,1,745870,Not at intersection,2,60,Arterial Other,THOMPSON,KINGSTON,-38.067776,145.14575,2022,12,December,11,Midday,Weekday
T20220029086,2022-12-21,07:25:00,1,Collision with vehicle,3,Wednesday,130,REAR END(VEHICLES IN SAME LANE),1,780442,Not at intersection,3,100,Freeway,WESTERN,MELTON,-37.745327,144.70107,2022,12,December,7,Morning Peak,Weekday
T20220029154,2022-12-21,22:20:00,1,Collision with vehicle,3,Wednesday,130,REAR END(VEHICLES IN SAME LANE),3,725428,Not at intersection,2,70,Arterial Highway,SURFCOAST,SURF COAST,-38.26758,144.32874,2022,12,December,22,Night,Weekday
T20220029152,2022-12-21,22:39:00,4,Collision with a fixed object,3,Wednesday,175,OFF END OF ROAD/T-INTERSECTION.,5,355797,T intersection,2,80,Local Road,FIFTH,MILDURA,-34.181656,142.06975,2022,12,December,22,Night,Weekday
T20220029151,2022-12-21,23:00:00,1,Collision with vehicle,3,Wednesday,116,LEFT NEAR (INTERSECTIONS ONLY),3,289107,T intersection,2,60,Freeway,LEAKES,MELTON,-37.725754,144.65128,2022,12,December,23,Night,Weekday
T20230001232,2022-12-21,14:45:00,1,Collision with vehicle,3,Wednesday,130,REAR END(VEHICLES IN SAME LANE),1,758476,Not at intersection,3,60,Local Road,BUNGOWER,MORNINGTON PENINSULA,-38.222363,145.06364,2022,12,December,14,Midday,Weekday