ACCIDENT_NO,ACCIDENT_DATE,ACCIDENT_TIME,ACCIDENT_TYPE,ACCIDENT_TYPE_DESC,DAY_OF_WEEK,DAY_WEEK_DESC,DCA_CODE,DCA_DESC,LIGHT_CONDITION,NODE_ID,ROAD_GEOMETRY_DESC,SEVERITY,SPEED_ZONE,RMA,ROAD_NAME,LGA_NAME,LATITUDE,LONGITUDE,YEAR,MONTH,MONTH_NAME,HOUR,TIME_PERIOD,DAY_TYPE
T20220029150,2022-12-21,21:40:00,2,Struck Pedestrian,3,Wednesday,106,VEH STRIKES PED ON FOOTPATH/MEDIAN/TRAFFIC ISLAND.,2,783587,Not at intersection,3,60,Arterial Other,SYDNEY,MORELAND,-37.73079,144.96397,2022,12,December,21,Night,Weekday
T20220029149,2022-12-21,22:33:00,1,Collision with vehicle,3,Wednesday,136,RIGHT TURN SIDESWIPE,3,41245,T intersection,3,60,Arterial Other,PASCOE VALE,MORELAND,-37.724384,144.92235,2022,12,December,22,Night,Weekday
T20220029145,2022-12-21,16:10:00,1,Collision with vehicle,3,Wednesday,113,RIGHT NEAR (INTERSECTIONS ONLY),1,580300,Cross intersection,3,80,Arterial Highway,STUD,KNOX,-37.929577,145.23286,2022,12,December,16,Afternoon Peak,Weekday
T20220029143,2022-12-21,19:12:00,4,Collision with a fixed object,3,Wednesday,173,RIGHT OFF CARRIAGEWAY INTO OBJECT/PARKED VEHICLE,2,745857,Not at intersection,2,80,Local Road,PARKER,YARRA RANGES,-37.81648,145.45793,2022,12,December,19,Night,Weekday
T20220029139,2022-12-21,19:37:00,2,Struck Pedestrian,3,Wednesday,100,PED NEAR SIDE. PED HIT BY VEHICLE FROM THE RIGHT.,3,743160,Not at intersection,3,60,Arterial Other,RYRIE,GEELONG,-38.151302,144.36656,2022,12,December,19,Night,Weekday
T20220029133,2022-12-21,16:30:00,5,collision with some other object,3,Wednesday,166,STRUCK OBJECT ON CARRIAGEWAY,1,776466,Not at intersection,2,100,Local Road,CHURCH,BENDIGO,-36.985703,144.51152,2022,12,December,16,Afternoon Peak,Weekday
T20220029131,2022-12-21,17:15:00,8,No collision and no object struck,3,Wednesday,174,OUT OF CONTROL ON CARRIAGEWAY (ON STRAIGHT),1,743573,Not at intersection,2,100,Freeway,PRINCES,CASEY,-38.03448,145.32674,2022,12,December,17,Afternoon Peak,Weekday
T20220029146,2022-12-21,20:20:00,1,Collision with vehicle,3,Wednesday,140,U TURN,1,744926,Not at intersection,3,60,Arterial Other,CITY,MELBOURNE,-37.825214,144.96095,2022,12,December,20,Night,Weekday
T20220029126,2022-12-21,13:00:00,4,Collision with a fixed object,3,Wednesday,171,LEFT OFF CARRIAGEWAY INTO OBJECT/PARKED VEHICLE,1,749338,Cross intersection,3,60,Arterial Highway,WHITEHORSE,WHITEHORSE,-37.815514,145.10347,2022,12,December,13,Midday,Weekday
T20220029120,2022-12-21,16:00:00,1,Collision with vehicle,3,Wednesday,110,CROSS TRAFFIC(INTERSECTIONS ONLY),1,58262,Cross intersection,3,50,Local Road,BEVERIDGE,SWAN HILL,-35.336693,143.5574,2022,12,December,16,Afternoon Peak,Weekday
T20230008471,2022-12-21,20:00:00,1,Collision with vehicle,3,Wednesday,110,CROSS TRAFFIC(INTERSECTIONS ONLY),2,36800,Cross intersection,3,60,Local Road,BOUNDARY,PORT PHILLIP,-37.830063,144.94511,2022,12,December,20,Night,Weekday
T20220029075,2022-12-21,08:15:00,1,Collision with vehicle,3,Wednesday,110,CROSS TRAFFIC(INTERSECTIONS ONLY),1,43788,Cross intersection,3,60,Arterial Other,CLEGG,YARRA RANGES,-37.782345,145.41853,2022,12,December,8,Morning Peak,Weekday
T20230001821,2022-12-22,10:02:00,1,Collision with vehicle,4,Thursday,130,REAR END(VEHICLES IN SAME LANE),1,768508,Not at intersection,3,80,Arterial Other,BORONIA,KNOX,-37.84663,145.21936,2022,12,December,10,Midday,Weekday
T20220029305,2022-12-22,07:53:00,1,Collision with vehicle,4,Thursday,110,CROSS TRAFFIC(INTERSECTIONS ONLY),1,749154,Cross intersection,3,50,Local Road,SUMMIT,GEELONG,-38.181793,144.32797,2022,12,December,7,Morning Peak,Weekday
T20220029191,2022-12-22,09:30:00,1,Collision with vehicle,4,Thursday,121,RIGHT THROUGH,1,743164,Cross intersection,3,80,Local Road,AINSDALE,KNOX,-37.848423,145.23016,2022,12,December,9,Morning Peak,Weekday
T20220029173,2022-12-22,07:27:00,1,Collision with vehicle,4,Thursday,110,CROSS TRAFFIC(INTERSECTIONS ONLY),1,40055,Cross intersection,2,50,Local Road,LANGRIDGE,PORT PHILLIP,-37.854645,144.96545,2022,12,December,7,Morning Peak,Weekday
T20220029267,2022-12-22,17:10:00,1,Collision with vehicle,4,Thursday,130,REAR END(VEHICLES IN SAME LANE),1,743373,Not at intersection,3,80,Arterial Highway,GEELONG,MARIBYRNONG,-37.804485,144.88184,2022,12,December,17,Afternoon Peak,Weekday
T20230010011,2022-12-22,21:45:00,8,No collision and no object struck,4,Thursday,174,OUT OF CONTROL ON CARRIAGEWAY (ON STRAIGHT),3,775407,Not at intersection,3,60,Local Road,MAIR,BALLARAT,-37.558975,143.85141,2022,12,December,21,Night,Weekday
T20220029256,2022-12-22,16:28:00,1,Collision with vehicle,4,Thursday,121,RIGHT THROUGH,1,340944,Not at intersection,3,60,Arterial Other,MAIN HURSTBRIDGE,NILLUMBIK,-37.674236,145.15906,2022,12,December,16,Afternoon Peak,Weekday
T20220029175,2022-12-22,09:15:00,8,No collision and no object struck,4,Thursday,170,OFF CARRIAGEWAY TO LEFT,1,743162,Not at intersection,3,80,Arterial Other,CRANBOURNE-FRANKSTON,CASEY,-38.109837,145.2537,2022,12,December,9,Morning Peak,Weekday
T20220029266,2022-12-22,18:35:00,1,Collision with vehicle,4,Thursday,120,HEAD ON (NOT OVERTAKING),2,744406,Not at intersection,2,100,Arterial Other,MELBOURNE LANCEFIELD,MACEDON RANGES,-37.498447,144.76018,2022,12,December,18,Afternoon Peak,Weekday
T20230001469,2022-12-22,11:00:00,5,collision with some other object,4,Thursday,166,STRUCK OBJECT ON CARRIAGEWAY,1,785617,Not at intersection,3,30,Local Road,CAMP,MACEDON RANGES,-37.213566,144.63991,2022,12,December,11,Midday,Weekday
T20230030145,2022-12-22,12:00:00,1,Collision with vehicle,4,Thursday,130,REAR END(VEHICLES IN SAME LANE),1,57548,T intersection,3,60,Arterial Highway,BURWOOD,KNOX,-37.888683,145.2913,2022,12,December,12,Midday,Weekday
T20220029166,2022-12-22,07:15:00,1,Collision with vehicle,4,Thursday,140,U TURN,1,4647,Not at intersection,3,50,Arterial Other,SYDNEY,MORELAND,-37.72791,144.9637,2022,12,December,7,Morning Peak,Weekday
T20220029223,2022-12-22,13:00:00,8,No collision and no object struck,4,Thursday,174,OUT OF CONTROL ON CARRIAGEWAY (ON STRAIGHT),1,43844,T intersection,3,50,Local Road,EDWARDES,DAREBIN,-37.715633,144.9996,2022,12,December,13,Midday,Weekday
T20220029227,2022-12-22,15:00:00,6,Vehicle overturned (no collision),4,Thursday,174,OUT OF CONTROL ON CARRIAGEWAY (ON STRAIGHT),1,743973,Not at intersection,2,40,Local Road,LYGON,MORELAND,-37.769375,144.97208,2022,12,December,15,Afternoon Peak,Weekday
T20220029197,2022-12-22,11:48:00,1,Collision with vehicle,4,Thursday,163,VEHICLE STRIKES DOOR OF PARKED/STATIONARY VEHICLE,1,743265,Not at intersection,2,40,Arterial Other,MALVERN,STONNINGTON,-37.847797,145.00095,2022,12,December,11,Midday,Weekday
T20220029230,2022-12-22,15:15:00,1,Collision with vehicle,4,Thursday,130,REAR END(VEHICLES IN SAME LANE),1,211446,Not at intersection,2,40,Local Road,CHAPEL,PORT PHILLIP,-37.86119,144.99165,2022,12,December,15,Afternoon Peak,Weekday
T20220029232,2022-12-22,12:30:00,1,Collision with vehicle,4,Thursday,111,RIGHT FAR (INTERSECTIONS ONLY),1,64047,Cross intersection,2,50,Arterial Other,VAN NESS,MARIBYRNONG,-37.770397,144.8958,2022,12,December,12,Midday,Weekday
T20220029239,2022-12-22,16:28:00,2,Struck Pedestrian,4,Thursday,102,FAR SIDE. PED HIT BY VEHICLE FROM THE LEFT,1,743974,T intersection,3,60,Arterial Other,ST ALBANS,BRIMBANK,-37.758244,144.81049,2022,12,December,16,Afternoon Peak,Weekday
T20220029282,2022-12-22,09:00:00,1,Collision with vehicle,4,Thursday,130,REAR END(VEHICLES IN SAME LANE),1,740880,Not at intersection,2,60,Arterial Other,SWAN,MELBOURNE,-37.823895,144.98248,2022,12,December,9,Morning Peak,Weekday
T20220029214,2022-12-22,13:00:00,2,Struck Pedestrian,4,Thursday,102,FAR SIDE. PED HIT BY VEHICLE FROM THE LEFT,1,744606,Not at intersection,3,50,Local Road,SCOTT,YARRIAMBIACK,-36.249573,142.39502,2022,12,December,13,Midday,Weekday
T20230005008,2022-12-22,13:45:00,1,Collision with vehicle,4,Thursday,111,RIGHT FAR (INTERSECTIONS ONLY),1,517,Cross intersection,3,60,Arterial Other,WARRANDYTE,MAROONDAH,-37.79382,145.23538,2022,12,December,13,Midday,Weekday
T20220029162,2022-12-22,06:27:00,1,Collision with vehicle,4,Thursday,110,CROSS TRAFFIC(INTERSECTIONS ONLY),1,29377,Cross intersection,2,60,Arterial Other,KING,MELBOURNE,-37.805504,144.94865,2022,12,December,6,Morning Peak,Weekday
T20220029244,2022-12-22,17:24:00,1,Collision with vehicle,4,Thursday,110,CROSS TRAFFIC(INTERSECTIONS ONLY),1,761275,Cross intersection,3,80,Arterial Other,CLYDE,CASEY,-38.04027,145.34215,2022,12,December,17,Afternoon Peak,Weekday
T20220029588,2022-12-22,18:00:00,4,Collision with a fixed object,4,Thursday,171,LEFT OFF CARRIAGEWAY INTO OBJECT/PARKED VEHICLE,1,761274,Not at intersection,3,60,Local Road,DONALD CAMERON,HUME,-37.622204,144.93251,2022,12,December,18,Afternoon Peak,Weekday
T20220029245,2022-12-22,17:50:00,1,Collision with vehicle,4,Thursday,150,HEAD ON(OVERTAKING),1,745937,Not at intersection,2,60,Arterial Other,ANAKIE,GEELONG,-38.113846,144.33095,2022,12,December,17,Afternoon Peak,Weekday
T20220029195,2022-12-22,10:30:00,2,Struck Pedestrian,4,Thursday,102,FAR SIDE. PED HIT BY VEHICLE FROM THE LEFT,1,49203,Cross intersection,3,50,Arterial Highway,BAIR STREET -KOONWARRA,SOUTH GIPPSLAND,-38.479782,145.94904,2022,12,December,10,Midday,Weekday
T20220029259,2022-12-22,18:40:00,6,Vehicle overturned (no collision),4,Thursday,180,OFF CARRIAGEWAY ON RIGHT BEND,1,762472,Not at intersection,3,100,Arterial Highway,MELBA,MURRINDINDI,-37.48338,145.41899,2022,12,December,18,Afternoon Peak,Weekday
T20220029273,2022-12-22,22:18:00,2,Struck Pedestrian,4,Thursday,100,PED NEAR SIDE. PED HIT BY VEHICLE FROM THE RIGHT.,3,764484,Not at intersection,2,60,Local Road,CLOW,DANDENONG,-37.98517,145.21689,2022,12,December,22,Night,Weekday
T20220029204,2022-12-22,10:30:00,1,Collision with vehicle,4,Thursday,132,RIGHT REAR.,1,36293,Cross intersection,3,60,Local Road,VIEW,MORELAND,-37.69578,144.92499,2022,12,December,10,Midday,Weekday
T20220029484,2022-12-22,18:30:00,2,Struck Pedestrian,4,Thursday,100,PED NEAR SIDE. PED HIT BY VEHICLE FROM THE RIGHT.,1,37955,T intersection,2,50,Local Road,HIGH,DAREBIN,-37.77203,144.99846,2022,12,December,18,Afternoon Peak,Weekday
T20220029160,2022-12-22,05:59:00,4,Collision with a fixed object,4,Thursday,173,RIGHT OFF CARRIAGEWAY INTO OBJECT/PARKED VEHICLE,1,763739,Not at intersection,2,80,Arterial Highway,MAIN,NORTHERN GRAMPIANS,-37.146034,142.84348,2022,12,December,5,Morning Peak,Weekday
T20220029248,2022-12-22,17:33:00,2,Struck Pedestrian,4,Thursday,102,FAR SIDE. PED HIT BY VEHICLE FROM THE LEFT,1,673,Cross intersection,3,80,Arterial Highway,NEPEAN,GLEN EIRA,-37.89761,145.00566,2022,12,December,17,Afternoon Peak,Weekday
T20220029247,2022-12-22,18:25:00,1,Collision with vehicle,4,Thursday,130,REAR END(VEHICLES IN SAME LANE),1,749979,Not at intersection,3,100,Freeway,MONASH,MONASH,-37.8857,145.10121,2022,12,December,18,Afternoon Peak,Weekday
T20220029157,2022-12-22,00:02:00,1,Collision with vehicle,4,Thursday,142,LEAVING PARKING,3,42952,T intersection,3,60,Arterial Other,HEATHERTON,DANDENONG,-37.96608,145.18231,2022,12,December,0,Late Night,Weekday
T20220029764,2022-12-22,12:00:00,1,Collision with vehicle,4,Thursday,130,REAR END(VEHICLES IN SAME LANE),1,49685,Multiple intersection,2,60,Arterial Other,ANAKIE,GEELONG,-38.081783,144.33717,2022,12,December,12,Midday,Weekday
T20220029200,2022-12-22,12:33:00,1,Collision with vehicle,4,Thursday,130,REAR END(VEHICLES IN SAME LANE),1,57342,Cross intersection,3,80,Arterial Other,SOMERTON,HUME,-37.64288,144.94672,2022,12,December,12,Midday,Weekday
T20220029720,2022-12-22,15:10:00,1,Collision with vehicle,4,Thursday,110,CROSS TRAFFIC(INTERSECTIONS ONLY),1,60762,Cross intersection,3,60,Local Road,LIGAR,BALLARAT,-37.55146,143.86235,2022,12,December,15,Afternoon Peak,Weekday
T20220029213,2022-12-22,11:59:00,6,Vehicle overturned (no collision),4,Thursday,184,OUT OF CONTROL ON CARRIAGEWAY (ON BEND),1,744405,T intersection,2,60,Arterial Other,MAIN HURSTBRIDGE,NILLUMBIK,-37.67457,145.16516,2022,12,December,11,Midday,Weekday
T20220029320,2022-12-22,18:10:00,1,Collision with vehicle,4,Thursday,121,RIGHT THROUGH,1,280084,Multiple intersection,3,80,Freeway,BURWOOD,KNOX,-37.861015,145.2112,2022,12,December,18,Afternoon Peak,Weekday
T20230002503,2022-12-22,11:00:00,1,Collision with vehicle,4,Thursday,120,HEAD ON (NOT OVERTAKING),1,752281,Not at intersection,3,100,Local Road,MOUNT BEST TIN MINE,SOUTH GIPPSLAND,-38.59848,146.31061,2022,12,December,11,Midday,Weekday
T20220029206,2022-12-22,11:40:00,1,Collision with vehicle,4,Thursday,121,RIGHT THROUGH,1,43808,T intersection,3,80,Arterial Other,MONBULK,YARRA RANGES,-37.820133,145.4113,2022,12,December,11,Midday,Weekday
T20230000121,2022-12-22,07:45:00,1,Collision with vehicle,4,Thursday,135,LANE CHANGE LEFT (NOT OVERTAKING),1,730276,T intersection,3,60,Arterial Other,CLAYTON,KINGSTON,-37.95019,145.11485,2022,12,December,7,Morning Peak,Weekday
T20220029325,2022-12-23,17:25:00,1,Collision with vehicle,5,Friday,113,RIGHT NEAR (INTERSECTIONS ONLY),1,61615,T intersection,3,50,Local Road,DIMBOOLA,HUME,-37.678886,144.9119,2022,12,December,17,Afternoon Peak,Weekday
T20220029316,2022-12-23,12:40:00,1,Collision with vehicle,5,Friday,121,RIGHT THROUGH,1,251819,Not at intersection,3,60,Arterial Other,JELLS,MONASH,-37.91039,145.18842,2022,12,December,12,Midday,Weekday
T20230007287,2022-12-23,13:30:00,1,Collision with vehicle,5,Friday,135,LANE CHANGE LEFT (NOT OVERTAKING),1,783329,Not at intersection,3,80,Arterial Other,SYDNEY,HUME,-37.64905,144.95236,2022,12,December,13,Midday,Weekday
T20220029314,2022-12-23,11:35:00,4,Collision with a fixed object,5,Friday,173,RIGHT OFF CARRIAGEWAY INTO OBJECT/PARKED VEHICLE,1,762705,Not at intersection,2,70,Arterial Other,MAHONEYS,DAREBIN,-37.694195,145.00404,2022,12,December,11,Midday,Weekday
T20220029313,2022-12-23,10:40:00,1,Collision with vehicle,5,Friday,130,REAR END(VEHICLES IN SAME LANE),1,745123,Not at intersection,3,60,Arterial Other,HAMPTON,BAYSIDE,-37.912945,145.00714,2022,12,December,10,Midday,Weekday
T20220029309,2022-12-23,12:38:00,1,Collision with vehicle,5,Friday,133,LANE SIDE SWIPE (VEHICLES IN PARALLEL LANES),1,777367,Not at intersection,3,40,Local Road,CHAPEL,PORT PHILLIP,-37.86561,144.99086,2022,12,December,12,Midday,Weekday
T20220029367,2022-12-23,20:40:00,1,Collision with vehicle,5,Friday,160,VEHICLE COLLIDES WITH VEHICLE PARKED ON LEFT OF ROAD,2,761269,Not at intersection,3,60,Arterial Other,CAMBERWELL,BOROONDARA,-37.84038,145.06705,2022,12,December,20,Night,Weekday
T20220029361,2022-12-23,21:50:00,2,Struck Pedestrian,5,Friday,104,PED WALKING WITH TRAFFIC,5,751141,Not at intersection,2,100,Arterial Highway,DANDENONG-HASTINGS,CASEY,-38.198933,145.21603,2022,12,December,21,Night,Weekday
T20220029308,2022-12-23,11:30:00,1,Collision with vehicle,5,Friday,130,REAR END(VEHICLES IN SAME LANE),1,38289,Cross intersection,3,70,Arterial Other,FOOTE,MANNINGHAM,-37.75717,145.11336,2022,12,December,11,Midday,Weekday
T20220029304,2022-12-23,13:05:00,1,Collision with vehicle,5,Friday,110,CROSS TRAFFIC(INTERSECTIONS ONLY),1,743975,Cross intersection,3,70,Local Road,HIGH,MELTON,-37.69104,144.6052,2022,12,December,13,Midday,Weekday
T20220029356,2022-12-23,23:45:00,4,Collision with a fixed object,5,Friday,183,OFF LEFT BEND INTO OBJECT/PARKED VEHICLE,5,780985,Not at intersection,2,100,Arterial Highway,HENTY,GLENELG,-37.935272,141.76274,2022,12,December,23,Night,Weekday
T20220029355,2022-12-23,19:59:00,4,Collision with a fixed object,5,Friday,181,OFF RIGHT BEND INTO OBJECT/PARKED VEHICLE,1,744699,Not at intersection,1,80,Local Road,MONKEY GULLY,MANSFIELD,-37.08058,146.08537,2022,12,December,19,Night,Weekday
T20220029349,2022-12-23,20:10:00,1,Collision with vehicle,5,Friday,130,REAR END(VEHICLES IN SAME LANE),2,773187,Not at intersection,3,60,Local Road,TAYLORS,MELTON,-37.71716,144.66397,2022,12,December,20,Night,Weekday
T20220029344,2022-12-23,20:20:00,4,Collision with a fixed object,5,Friday,171,LEFT OFF CARRIAGEWAY INTO OBJECT/PARKED VEHICLE,2,765496,Not at intersection,3,100,Local Road,KONAGADERRA,HUME,-37.5218,144.80537,2022,12,December,20,Night,Weekday
T20220029303,2022-12-23,12:50:00,1,Collision with vehicle,5,Friday,120,HEAD ON (NOT OVERTAKING),1,746705,Not at intersection,2,50,Local Road,HOWARD,WHITTLESEA,-37.652084,145.0268,2022,12,December,12,Midday,Weekday
T20220029343,2022-12-23,20:30:00,1,Collision with vehicle,5,Friday,110,CROSS TRAFFIC(INTERSECTIONS ONLY),2,39718,Cross intersection,2,70,Arterial Other,MT DANDENONG,MAROONDAH,-37.800556,145.26346,2022,12,December,20,Night,Weekday
T20220029335,2022-12-23,18:24:00,1,Collision with vehicle,5,Friday,140,U TURN,1,37416,T intersection,3,40,Arterial Other,BAY,PORT PHILLIP,-37.83727,144.94356,2022,12,December,18,Afternoon Peak,Weekday
T20220029330,2022-12-23,16:50:00,2,Struck Pedestrian,5,Friday,102,FAR SIDE. PED HIT BY VEHICLE FROM THE LEFT,1,774736,Not at intersection,2,60,Arterial Other,WANTIRNA,KNOX,-37.846,145.22716,2022,12,December,16,Afternoon Peak,Weekday
T20220029302,2022-12-23,10:22:00,2,Struck Pedestrian,5,Friday,100,PED NEAR SIDE. PED HIT BY VEHICLE FROM THE RIGHT.,1,35359,T intersection,2,60,Local Road,BOURKE,MELBOURNE,-37.814247,144.96317,2022,12,December,10,Midday,Weekday
T20220029300,2022-12-23,12:47:00,1,Collision with vehicle,5,Friday,148,VEHICLE OFF FOOTPATH STRIKES VEH ON CARRIAGEWAY,1,278216,T intersection,3,50,Freeway,MORNINGTON PENINSULA IN-THOMPSON,KINGSTON,-38.067562,145.14658,2022,12,December,12,Midday,Weekday
T20220029294,2022-12-23,10:44:00,4,Collision with a fixed object,5,Friday,171,LEFT OFF CARRIAGEWAY INTO OBJECT/PARKED VEHICLE,1,776467,Not at intersection,2,60,Arterial Highway,SOUTH GIPPSLAND,DANDENONG,-38.001686,145.22598,2022,12,December,10,Midday,Weekday
T20220029293,2022-12-23,07:00:00,1,Collision with vehicle,5,Friday,121,RIGHT THROUGH,1,44195,T intersection,2,60,Arterial Other,SPRING,DAREBIN,-37.716393,145.00671,2022,12,December,7,Morning Peak,Weekday
T20220029284,2022-12-23,06:57:00,1,Collision with vehicle,5,Friday,110,CROSS TRAFFIC(INTERSECTIONS ONLY),1,38885,Cross intersection,3,60,Arterial Other,DENMARK STREET -POWER,BOROONDARA,-37.81365,145.02788,2022,12,December,6,Morning Peak,Weekday
T20230005589,2022-12-23,13:00:00,8,No collision and no object struck,5,Friday,170,OFF CARRIAGEWAY TO LEFT,1,777362,Not at intersection,3,70,Arterial Highway,COLAC,GEELONG,-38.19636,144.31956,2022,12,December,13,Midday,Weekday
T20220029275,2022-12-23,01:30:00,4,Collision with a fixed object,5,Friday,171,LEFT OFF CARRIAGEWAY INTO OBJECT/PARKED VEHICLE,3,41584,Cross intersection,3,80,Arterial Highway,DANDENONG,MONASH,-37.893482,145.09341,2022,12,December,1,Late Night,Weekday
T20230000376,2022-12-23,21:00:00,4,Collision with a fixed object,5,Friday,173,RIGHT OFF CARRIAGEWAY INTO OBJECT/PARKED VEHICLE,9,783350,T intersection,3,50,Local Road,ORIENT,WHITEHORSE,-37.827026,145.20305,2022,12,December,21,Night,Weekday
T20220029297,2022-12-23,12:50:00,1,Collision with vehicle,5,Friday,140,U TURN,1,749980,T intersection,3,60,Local Road,FURLONG,BRIMBANK,-37.76244,144.8293,2022,12,December,12,Midday,Weekday
T20230012293,2022-12-23,15:35:00,1,Collision with vehicle,5,Friday,131,LEFT REAR,1,17632,T intersection,3,70,Arterial Highway,HIGH,SHEPPARTON,-36.386135,145.42438,2022,12,December,15,Afternoon Peak,Weekday
T20220029657,2022-12-23,18:20:00,1,Collision with vehicle,5,Friday,121,RIGHT THROUGH,1,744403,Not at intersection,3,50,Local Road,ROCHESTER,BOROONDARA,-37.813637,145.08305,2022,12,December,18,Afternoon Peak,Weekday
T20220029366,2022-12-24,03:40:00,1,Collision with vehicle,6,Saturday,160,VEHICLE COLLIDES WITH VEHICLE PARKED ON LEFT OF ROAD,3,746497,Not at intersection,3,70,Local Road,MCCLELLAND,FRANKSTON,-38.14785,145.17427,2022,12,December,3,Late Night,Weekend
T20220029415,2022-12-24,18:50:00,1,Collision with vehicle,6,Saturday,147,VEHICLE STRIKES ANOTHER VEH WHILE EMERGING FROM DRIVEWAY,1,744355,Not at intersection,2,50,Local Road,GREAVES,WYNDHAM,-37.894604,144.6441,2022,12,December,18,Afternoon Peak,Weekend
T20220029417,2022-12-24,13:24:00,4,Collision with a fixed object,6,Saturday,171,LEFT OFF CARRIAGEWAY INTO OBJECT/PARKED VEHICLE,1,763737,Not at intersection,2,100,Local Road,LITTLE RIVER-RIPLEY,GEELONG,-37.878677,144.42523,2022,12,December,13,Midday,Weekend
T20220029424,2022-12-24,21:31:00,2,Struck Pedestrian,6,Saturday,102,FAR SIDE. PED HIT BY VEHICLE FROM THE LEFT,3,743862,T intersection,3,60,Local Road,CORRIGAN,DANDENONG,-37.96222,145.169,2022,12,December,21,Night,Weekend
T20220029379,2022-12-24,10:34:00,1,Collision with vehicle,6,Saturday,148,VEHICLE OFF FOOTPATH STRIKES VEH ON CARRIAGEWAY,1,776468,Not at intersection,3,50,Local Road,RUSSELL,DANDENONG,-37.940056,145.16394,2022,12,December,10,Midday,Weekend
T20220029376,2022-12-24,07:45:00,4,Collision with a fixed object,6,Saturday,173,RIGHT OFF CARRIAGEWAY INTO OBJECT/PARKED VEHICLE,1,757257,Not at intersection,3,80,Arterial Highway,SPRINGVALE,KINGSTON,-38.001865,145.14253,2022,12,December,7,Morning Peak,Weekend
T20220029535,2022-12-24,21:56:00,5,collision with some other object,6,Saturday,166,STRUCK OBJECT ON CARRIAGEWAY,6,58950,T intersection,3,60,Local Road,PARKSIDE,SHEPPARTON,-36.35734,145.38902,2022,12,December,21,Night,Weekend
T20220029375,2022-12-24,11:10:00,1,Collision with vehicle,6,Saturday,115,RIGHT/LEFT FAR (INTERSECTIONS ONLY),1,747681,T intersection,3,50,Local Road,CLAIRWOOD,CARDINIA,-38.075325,145.48863,2022,12,December,11,Midday,Weekend
T20220029374,2022-12-24,08:00:00,2,Struck Pedestrian,6,Saturday,102,FAR SIDE. PED HIT BY VEHICLE FROM THE LEFT,1,743469,T intersection,1,40,Arterial Other,UPPER HEIDELBERG,BANYULE,-37.771404,145.04071,2022,12,December,8,Morning Peak,Weekend
T20220029371,2022-12-24,06:40:00,1,Collision with vehicle,6,Saturday,110,CROSS TRAFFIC(INTERSECTIONS ONLY),1,43723,Cross intersection,3,60,Arterial Other,COBURNS,MELTON,-37.687576,144.56755,2022,12,December,6,Morning Peak,Weekend
T20220029358,2022-12-24,00:30:00,1,Collision with vehicle,6,Saturday,160,VEHICLE COLLIDES WITH VEHICLE PARKED ON LEFT OF ROAD,3,746706,Not at intersection,2,40,Local Road,SANDFORD,BRIMBANK,-37.766014,144.82498,2022,12,December,0,Late Night,Weekend
T20220029396,2022-12-24,15:45:00,1,Collision with vehicle,6,Saturday,121,RIGHT THROUGH,1,234746,Not at intersection,2,60,Arterial Other,EPPING,WHITTLESEA,-37.65311,145.02284,2022,12,December,15,Afternoon Peak,Weekend
T20230004964,2022-12-24,16:45:00,1,Collision with vehicle,6,Saturday,140,U TURN,1,775225,Not at intersection,3,50,Local Road,SEVENOAKS,WHITEHORSE,-37.85401,145.15811,2022,12,December,16,Afternoon Peak,Weekend
T20220029393,2022-12-24,15:44:00,1,Collision with vehicle,6,Saturday,147,VEHICLE STRIKES ANOTHER VEH WHILE EMERGING FROM DRIVEWAY,1,743574,Not at intersection,3,60,Arterial Highway,POINT NEPEAN,MORNINGTON PENINSULA,-38.36003,144.77513,2022,12,December,15,Afternoon Peak,Weekend
T20220029426,2022-12-24,22:54:00,1,Collision with vehicle,6,Saturday,121,RIGHT THROUGH,3,332517,Cross intersection,3,80,Arterial Other,CLYDE,CASEY,-38.068558,145.33675,2022,12,December,22,Night,Weekend
T20230012164,2022-12-24,11:00:00,1,Collision with vehicle,6,Saturday,152,PULLING OUT (OVERTAKING),1,775112,Not at intersection,3,80,Local Road,MCMAHENS,DANDENONG,-38.036407,145.18005,2022,12,December,11,Midday,Weekend
T20220029389,2022-12-24,14:29:00,1,Collision with vehicle,6,Saturday,137,LEFT TURN SIDESWIPE,1,35408,Cross intersection,3,40,Arterial Other,HIGH,MELBOURNE,-37.85022,144.98064,2022,12,December,14,Midday,Weekend
T20220029388,2022-12-24,09:45:00,6,Vehicle overturned (no collision),6,Saturday,180,OFF CARRIAGEWAY ON RIGHT BEND,1,783360,Y intersection,3,100,Freeway,GREAT ALPINE-HUME IN,WANGARATTA,-36.369884,146.37865,2022,12,December,9,Morning Peak,Weekend
T20220029414,2022-12-24,20:13:00,6,Vehicle overturned (no collision),6,Saturday,174,OUT OF CONTROL ON CARRIAGEWAY (ON STRAIGHT),2,743767,Cross intersection,2,50,Local Road,JACK,HOBSONS BAY,-37.845577,144.87628,2022,12,December,20,Night,Weekend
T20220029427,2022-12-24,21:15:00,1,Collision with vehicle,6,Saturday,152,PULLING OUT (OVERTAKING),9,743470,Multiple intersection,1,80,Arterial Highway,PHILLIP ISLAND,BASS COAST,-38.467888,145.239,2022,12,December,21,Night,Weekend