ACCIDENT_NO,ACCIDENT_DATE,ACCIDENT_TIME,ACCIDENT_TYPE,ACCIDENT_TYPE_DESC,DAY_OF_WEEK,DAY_WEEK_DESC,DCA_CODE,DCA_DESC,LIGHT_CONDITION,NODE_ID,ROAD_GEOMETRY_DESC,SEVERITY,SPEED_ZONE,RMA,ROAD_NAME,LGA_NAME,LATITUDE,LONGITUDE,YEAR,MONTH,MONTH_NAME,HOUR,TIME_PERIOD,DAY_TYPE
T20220029431,2022-12-24,23:30:00,1,Collision with vehicle,6,Saturday,131,LEFT REAR,3,761773,Not at intersection,3,50,Local Road,ESPLANADE,EAST GIPPSLAND,-37.918697,147.72537,2022,12,December,23,Night,Weekend
T20220029399,2022-12-24,15:00:00,1,Collision with vehicle,6,Saturday,121,RIGHT THROUGH,1,743575,Cross intersection,3,60,Local Road,CENTRE DANDENONG,KINGSTON,-37.969208,145.08707,2022,12,December,15,Afternoon Peak,Weekend
T20230012194,2022-12-24,10:30:00,4,Collision with a fixed object,6,Saturday,171,LEFT OFF CARRIAGEWAY INTO OBJECT/PARKED VEHICLE,1,780422,T intersection,3,100,Local Road,OAKPARK,GLENELG,-38.357765,141.5717,2022,12,December,10,Midday,Weekend
T20220029652,2022-12-24,10:47:00,6,Vehicle overturned (no collision),6,Saturday,174,OUT OF CONTROL ON CARRIAGEWAY (ON STRAIGHT),1,786725,Not at intersection,2,60,Arterial Other,ESPLANADE,MORNINGTON PENINSULA,-38.24466,145.02983,2022,12,December,10,Midday,Weekend
T20220029449,2022-12-24,23:30:00,1,Collision with vehicle,6,Saturday,173,RIGHT OFF CARRIAGEWAY INTO OBJECT/PARKED VEHICLE,3,783353,Not at intersection,3,50,Local Road,JOHN,INDIGO,-36.366455,146.68448,2022,12,December,23,Night,Weekend
T20220029397,2022-12-24,15:05:00,4,Collision with a fixed object,6,Saturday,181,OFF RIGHT BEND INTO OBJECT/PARKED VEHICLE,1,744179,Not at intersection,3,100,Arterial Other,LYELL,BENDIGO,-36.942608,144.47925,2022,12,December,15,Afternoon Peak,Weekend
T20220029364,2022-12-24,03:35:00,1,Collision with vehicle,6,Saturday,121,RIGHT THROUGH,3,227538,Cross intersection,3,80,Arterial Highway,PLENTY,BANYULE,-37.688423,145.06656,2022,12,December,3,Late Night,Weekend
T20220029363,2022-12-24,03:18:00,4,Collision with a fixed object,6,Saturday,171,LEFT OFF CARRIAGEWAY INTO OBJECT/PARKED VEHICLE,3,44472,Cross intersection,2,40,Local Road,MALOP,GEELONG,-38.14729,144.36075,2022,12,December,3,Late Night,Weekend
T20220029362,2022-12-24,03:52:00,6,Vehicle overturned (no collision),6,Saturday,174,OUT OF CONTROL ON CARRIAGEWAY (ON STRAIGHT),3,786722,Not at intersection,3,50,Local Road,UNNAMED,KNOX,-37.85952,145.28476,2022,12,December,3,Late Night,Weekend
T20220029401,2022-12-24,16:10:00,1,Collision with vehicle,6,Saturday,110,CROSS TRAFFIC(INTERSECTIONS ONLY),1,5481,Cross intersection,2,80,Arterial Highway,FRANKSTON-DANDENONG,FRANKSTON,-38.112686,145.1575,2022,12,December,16,Afternoon Peak,Weekend
T20230000719,2022-12-24,15:00:00,8,No collision and no object struck,6,Saturday,174,OUT OF CONTROL ON CARRIAGEWAY (ON STRAIGHT),9,41180,Cross intersection,3,60,Local Road,COCHRANE,BAYSIDE,-37.89684,144.99948,2022,12,December,15,Afternoon Peak,Weekend
T20220029403,2022-12-24,16:45:00,4,Collision with a fixed object,6,Saturday,181,OFF RIGHT BEND INTO OBJECT/PARKED VEHICLE,1,780889,Not at intersection,2,100,Arterial Other,DONALD-SWAN HILL,SWAN HILL,-35.557182,143.40591,2022,12,December,16,Afternoon Peak,Weekend
T20220029408,2022-12-24,18:43:00,2,Struck Pedestrian,6,Saturday,100,PED NEAR SIDE. PED HIT BY VEHICLE FROM THE RIGHT.,1,290975,Not at intersection,2,60,Arterial Highway,BELL,DAREBIN,-37.74524,145.00282,2022,12,December,18,Afternoon Peak,Weekend
T20230007587,2022-12-24,09:00:00,4,Collision with a fixed object,6,Saturday,171,LEFT OFF CARRIAGEWAY INTO OBJECT/PARKED VEHICLE,1,783386,Not at intersection,3,70,Arterial Highway,MAIN,EAST GIPPSLAND,-37.838177,147.59698,2022,12,December,9,Morning Peak,Weekend
T20220029416,2022-12-24,17:00:00,1,Collision with vehicle,6,Saturday,121,RIGHT THROUGH,1,743576,Cross intersection,3,60,Local Road,HENRY,CARDINIA,-38.075085,145.4374,2022,12,December,17,Afternoon Peak,Weekend
T20230001440,2022-12-24,19:06:00,1,Collision with vehicle,6,Saturday,113,RIGHT NEAR (INTERSECTIONS ONLY),1,63054,T intersection,3,60,Arterial Other,SYDNEY,MORELAND,-37.740173,144.9668,2022,12,December,19,Night,Weekend
T20220029465,2022-12-25,18:12:00,1,Collision with vehicle,7,Sunday,113,RIGHT NEAR (INTERSECTIONS ONLY),1,40681,T intersection,3,70,Arterial Other,HIGHBURY,MONASH,-37.856087,145.11893,2022,12,December,18,Afternoon Peak,Weekend
T20230005163,2022-12-25,16:54:00,1,Collision with vehicle,7,Sunday,121,RIGHT THROUGH,1,229659,Cross intersection,3,80,Arterial Highway,BURWOOD,KNOX,-37.872967,145.24796,2022,12,December,16,Afternoon Peak,Weekend
T20220029463,2022-12-25,17:35:00,1,Collision with vehicle,7,Sunday,134,LANE CHANGE RIGHT (NOT OVERTAKING),1,786730,Not at intersection,2,60,Local Road,ANDERSON,MORELAND,-37.69474,144.95905,2022,12,December,17,Afternoon Peak,Weekend
T20220029461,2022-12-25,16:49:00,1,Collision with vehicle,7,Sunday,130,REAR END(VEHICLES IN SAME LANE),1,751142,Not at intersection,3,100,Arterial Highway,GREAT ALPINE,WANGARATTA,-36.359722,146.3573,2022,12,December,16,Afternoon Peak,Weekend
T20230000876,2022-12-25,11:00:00,8,No collision and no object struck,7,Sunday,179,OTHER ACCIDENTS-OFF STRAIGHT NOT INCLUDED IN DCAs 170-175,1,747792,Not at intersection,3,80,Local Road,DEVON NORTH CONNECTION,WELLINGTON,-38.521763,146.6471,2022,12,December,11,Midday,Weekend
T20220029446,2022-12-25,11:00:00,1,Collision with vehicle,7,Sunday,133,LANE SIDE SWIPE (VEHICLES IN PARALLEL LANES),1,751375,Not at intersection,2,100,Freeway,PENINSULA LINK IN-EASTLINK,FRANKSTON,-38.089737,145.15475,2022,12,December,11,Midday,Weekend
T20220029458,2022-12-25,14:18:00,1,Collision with vehicle,7,Sunday,121,RIGHT THROUGH,1,743768,T intersection,2,50,Local Road,CANTERBURY,GEELONG,-38.033405,144.38922,2022,12,December,14,Midday,Weekend
T20220029543,2022-12-25,21:58:00,1,Collision with vehicle,7,Sunday,160,VEHICLE COLLIDES WITH VEHICLE PARKED ON LEFT OF ROAD,6,744185,Not at intersection,3,60,Local Road,GLADSTONE,DANDENONG,-37.954086,145.2078,2022,12,December,21,Night,Weekend
T20220029456,2022-12-25,14:45:00,1,Collision with vehicle,7,Sunday,130,REAR END(VEHICLES IN SAME LANE),1,44881,T intersection,3,60,Local Road,HOMESTEAD,YARRA RANGES,-37.73466,145.28288,2022,12,December,14,Midday,Weekend
T20220029454,2022-12-25,15:50:00,1,Collision with vehicle,7,Sunday,140,U TURN,1,744181,Not at intersection,3,60,Arterial Highway,HIGH,BENDIGO,-36.77899,144.25098,2022,12,December,15,Afternoon Peak,Weekend
T20220029453,2022-12-25,12:00:00,4,Collision with a fixed object,7,Sunday,181,OFF RIGHT BEND INTO OBJECT/PARKED VEHICLE,1,761054,Not at intersection,3,100,Arterial Other,OMEO,TOWONG,-36.461643,147.26291,2022,12,December,12,Midday,Weekend
T20220029592,2022-12-25,20:45:00,8,No collision and no object struck,7,Sunday,174,OUT OF CONTROL ON CARRIAGEWAY (ON STRAIGHT),2,330561,T intersection,3,80,Arterial Highway,FRANKLIN,YARRIAMBIACK,-36.254463,142.40279,2022,12,December,20,Night,Weekend
T20220029438,2022-12-25,00:35:00,1,Collision with vehicle,7,Sunday,130,REAR END(VEHICLES IN SAME LANE),3,761057,Not at intersection,3,80,Local Road,CHAPEL,DANDENONG,-38.007454,145.16028,2022,12,December,0,Late Night,Weekend
T20220029440,2022-12-25,04:03:00,4,Collision with a fixed object,7,Sunday,181,OFF RIGHT BEND INTO OBJECT/PARKED VEHICLE,3,760017,Not at intersection,2,50,Local Road,BRIDGEWATER,CASEY,-38.065964,145.34756,2022,12,December,4,Late Night,Weekend
T20220029448,2022-12-25,10:20:00,4,Collision with a fixed object,7,Sunday,171,LEFT OFF CARRIAGEWAY INTO OBJECT/PARKED VEHICLE,1,750186,Not at intersection,2,100,Arterial Highway,HAMILTON,MOYNE,-38.003536,143.02954,2022,12,December,10,Midday,Weekend
T20230000248,2022-12-25,19:07:00,8,No collision and no object struck,7,Sunday,174,OUT OF CONTROL ON CARRIAGEWAY (ON STRAIGHT),1,788455,Not at intersection,3,80,Local Road,WATSONS,MURRINDINDI,-37.47855,145.27808,2022,12,December,19,Night,Weekend
T20220029476,2022-12-25,20:25:00,2,Struck Pedestrian,7,Sunday,103,PED PLAYING/LYING/WORKING/STANDING ON CARRIAGEWAY.,1,761056,Not at intersection,3,60,Arterial Other,BACCHUS MARSH,MOORABOOL,-37.687935,144.47658,2022,12,December,20,Night,Weekend
T20220029475,2022-12-25,18:50:00,1,Collision with vehicle,7,Sunday,121,RIGHT THROUGH,1,269843,Cross intersection,1,80,Arterial Other,RED ROCKS,BASS COAST,-38.463448,145.20143,2022,12,December,18,Afternoon Peak,Weekend
T20220029474,2022-12-25,21:55:00,1,Collision with vehicle,7,Sunday,122,LEFT THROUGH,6,48877,T intersection,3,50,Arterial Highway,POINT NEPEAN,MORNINGTON PENINSULA,-38.35774,144.89789,2022,12,December,21,Night,Weekend
T20220029473,2022-12-25,18:00:00,1,Collision with vehicle,7,Sunday,120,HEAD ON (NOT OVERTAKING),1,754769,Not at intersection,3,80,Arterial Highway,GREAT OCEAN,COLAC OTWAY,-38.682434,143.38286,2022,12,December,18,Afternoon Peak,Weekend
T20220029469,2022-12-25,19:00:00,6,Vehicle overturned (no collision),7,Sunday,180,OFF CARRIAGEWAY ON RIGHT BEND,1,784793,Not at intersection,2,100,Local Road,WOOLSTHORPE-HEXHAM,MOYNE,-38.05333,142.61763,2022,12,December,19,Night,Weekend
T20230001354,2022-12-25,12:00:00,1,Collision with vehicle,7,Sunday,130,REAR END(VEHICLES IN SAME LANE),1,761055,Not at intersection,3,100,Freeway,PRINCES,HOBSONS BAY,-37.85639,144.77855,2022,12,December,12,Midday,Weekend
T20220029561,2022-12-25,18:15:00,2,Struck Pedestrian,7,Sunday,104,PED WALKING WITH TRAFFIC,1,36828,T intersection,3,40,Arterial Other,SPENCER,MELBOURNE,-37.815136,144.95235,2022,12,December,18,Afternoon Peak,Weekend
T20220029565,2022-12-25,14:00:00,8,No collision and no object struck,7,Sunday,180,OFF CARRIAGEWAY ON RIGHT BEND,1,750188,Not at intersection,2,60,Arterial Other,MARYSVILLE-WOODS POINT,MURRINDINDI,-37.519276,145.79594,2022,12,December,14,Midday,Weekend
T20230000263,2022-12-25,12:15:00,1,Collision with vehicle,7,Sunday,130,REAR END(VEHICLES IN SAME LANE),1,777454,Not at intersection,3,80,Freeway,METROPOLITAN RING,NILLUMBIK,-37.688194,145.08026,2022,12,December,12,Midday,Weekend
T20220029447,2022-12-25,12:02:00,1,Collision with vehicle,7,Sunday,110,CROSS TRAFFIC(INTERSECTIONS ONLY),1,22453,Cross intersection,3,60,Local Road,GRIFFITHS,NORTHERN GRAMPIANS,-37.06,142.76462,2022,12,December,12,Midday,Weekend
T20230000132,2022-12-25,10:00:00,6,Vehicle overturned (no collision),7,Sunday,174,OUT OF CONTROL ON CARRIAGEWAY (ON STRAIGHT),1,68764,Cross intersection,3,50,Local Road,EUSTON,MONASH,-37.89479,145.08485,2022,12,December,10,Midday,Weekend
T20220029472,2022-12-25,20:50:00,4,Collision with a fixed object,7,Sunday,183,OFF LEFT BEND INTO OBJECT/PARKED VEHICLE,3,780369,Not at intersection,3,80,Freeway,WEST GATE,HOBSONS BAY,-37.825474,144.88354,2022,12,December,20,Night,Weekend
T20230000210,2022-12-26,18:00:00,1,Collision with vehicle,1,Monday,130,REAR END(VEHICLES IN SAME LANE),9,752950,Not at intersection,3,40,Arterial Highway,BELL,MORELAND,-37.741013,144.96338,2022,12,December,18,Afternoon Peak,Weekday
T20220029547,2022-12-26,23:40:00,1,Collision with vehicle,1,Monday,113,RIGHT NEAR (INTERSECTIONS ONLY),3,292841,Cross intersection,3,80,Freeway,BELGRAVE-HALLAM-MONASH IN,CASEY,-37.998283,145.27507,2022,12,December,23,Night,Weekday
T20230001852,2022-12-26,10:10:00,1,Collision with vehicle,1,Monday,140,U TURN,1,671302,T intersection,3,80,Arterial Other,SOUTH,KINGSTON,-37.93387,145.04071,2022,12,December,10,Midday,Weekday
T20220029566,2022-12-26,21:30:00,4,Collision with a fixed object,1,Monday,171,LEFT OFF CARRIAGEWAY INTO OBJECT/PARKED VEHICLE,3,753378,Not at intersection,3,100,Freeway,MONASH,MONASH,-37.912712,145.1655,2022,12,December,21,Night,Weekday
T20230000084,2022-12-26,21:10:00,1,Collision with vehicle,1,Monday,121,RIGHT THROUGH,3,1070,T intersection,2,60,Arterial Highway,LONSDALE,MORNINGTON PENINSULA,-38.351215,144.92146,2022,12,December,21,Night,Weekday
T20230000059,2022-12-26,14:30:00,6,Vehicle overturned (no collision),1,Monday,184,OUT OF CONTROL ON CARRIAGEWAY (ON BEND),1,748923,Not at intersection,3,100,Arterial Other,OMEO,EAST GIPPSLAND,-37.00753,147.56812,2022,12,December,14,Midday,Weekday
T20220029513,2022-12-26,17:50:00,2,Struck Pedestrian,1,Monday,106,VEH STRIKES PED ON FOOTPATH/MEDIAN/TRAFFIC ISLAND.,1,771830,Not at intersection,2,60,Arterial Other,BURKE,BOROONDARA,-37.820534,145.05876,2022,12,December,17,Afternoon Peak,Weekday
T20220029488,2022-12-26,10:12:00,1,Collision with vehicle,1,Monday,160,VEHICLE COLLIDES WITH VEHICLE PARKED ON LEFT OF ROAD,1,757525,Not at intersection,3,60,Local Road,COLCHESTER,MAROONDAH,-37.831795,145.30238,2022,12,December,10,Midday,Weekday
T20220029496,2022-12-26,11:40:00,1,Collision with vehicle,1,Monday,121,RIGHT THROUGH,1,751833,Not at intersection,2,100,Local Road,GLEN ALVIE,BASS COAST,-38.487488,145.6475,2022,12,December,11,Midday,Weekday
T20220029516,2022-12-26,16:41:00,1,Collision with vehicle,1,Monday,110,CROSS TRAFFIC(INTERSECTIONS ONLY),1,235335,Cross intersection,3,60,Arterial Highway,LARUNDEL,SWAN HILL,-35.054558,142.88286,2022,12,December,16,Afternoon Peak,Weekday
T20220029499,2022-12-26,13:05:00,4,Collision with a fixed object,1,Monday,181,OFF RIGHT BEND INTO OBJECT/PARKED VEHICLE,1,745428,Multiple intersection,2,80,Local Road,JUMBUK,LATROBE,-38.372185,146.39992,2022,12,December,13,Midday,Weekday
T20230013698,2022-12-26,13:00:00,8,No collision and no object struck,1,Monday,174,OUT OF CONTROL ON CARRIAGEWAY (ON STRAIGHT),1,776481,Not at intersection,3,50,Local Road,FOREST,BENDIGO,-36.750736,144.26843,2022,12,December,13,Midday,Weekday
T20220029501,2022-12-26,13:25:00,1,Collision with vehicle,1,Monday,130,REAR END(VEHICLES IN SAME LANE),1,46274,Multiple intersection,3,60,Arterial Highway,BEACH,FRANKSTON,-38.144146,145.13681,2022,12,December,13,Midday,Weekday
T20220029502,2022-12-26,14:30:00,1,Collision with vehicle,1,Monday,130,REAR END(VEHICLES IN SAME LANE),1,745858,Not at intersection,3,60,Arterial Other,WAVERLEY,STONNINGTON,-37.879353,145.07564,2022,12,December,14,Midday,Weekday
T20220029503,2022-12-26,10:30:00,8,No collision and no object struck,1,Monday,184,OUT OF CONTROL ON CARRIAGEWAY (ON BEND),1,745011,Not at intersection,2,60,Arterial Other,ARTHURS SEAT,MORNINGTON PENINSULA,-38.347218,144.95029,2022,12,December,10,Midday,Weekday
T20220029505,2022-12-26,13:50:00,1,Collision with vehicle,1,Monday,130,REAR END(VEHICLES IN SAME LANE),1,746087,Not at intersection,2,80,Local Road,BUNGOWER,MORNINGTON PENINSULA,-38.22562,145.07487,2022,12,December,13,Midday,Weekday
T20220029509,2022-12-26,15:29:00,1,Collision with vehicle,1,Monday,123,RIGHT/LEFT. ONE VEH TURNING RIGHT THE OTHER LEFT.,1,45205,Y intersection,2,60,Arterial Other,CORDITE AVENUE -RALEIGH,MARIBYRNONG,-37.769596,144.88213,2022,12,December,15,Afternoon Peak,Weekday
T20230000150,2022-12-26,10:15:00,8,No collision and no object struck,1,Monday,174,OUT OF CONTROL ON CARRIAGEWAY (ON STRAIGHT),1,745743,Not at intersection,3,50,Arterial Other,RIVERSDALE,BOROONDARA,-37.83013,145.04604,2022,12,December,10,Midday,Weekday
T20220029518,2022-12-26,18:55:00,1,Collision with vehicle,1,Monday,148,VEHICLE OFF FOOTPATH STRIKES VEH ON CARRIAGEWAY,1,746294,Not at intersection,2,60,Local Road,MALIBU,WYNDHAM,-37.89978,144.73877,2022,12,December,18,Afternoon Peak,Weekday
T20220029519,2022-12-26,18:00:00,6,Vehicle overturned (no collision),1,Monday,170,OFF CARRIAGEWAY TO LEFT,1,755826,Not at intersection,2,100,Arterial Highway,PRINCES,GLENELG,-38.05105,141.55048,2022,12,December,18,Afternoon Peak,Weekday
T20220029522,2022-12-26,17:11:00,1,Collision with vehicle,1,Monday,130,REAR END(VEHICLES IN SAME LANE),1,58046,Cross intersection,3,60,Freeway,CAROLINE SPRINGS BOULEVARD -WESTERN,MELTON,-37.755943,144.73969,2022,12,December,17,Afternoon Peak,Weekday
T20220029523,2022-12-26,14:50:00,1,Collision with vehicle,1,Monday,152,PULLING OUT (OVERTAKING),1,106701,Not at intersection,2,80,Local Road,CRAIG,CASEY,-38.14896,145.2921,2022,12,December,14,Midday,Weekday
T20220029525,2022-12-26,21:50:00,6,Vehicle overturned (no collision),1,Monday,180,OFF CARRIAGEWAY ON RIGHT BEND,5,780425,Not at intersection,3,100,Local Road,CHILDERS COVE,MOYNE,-38.484085,142.6839,2022,12,December,21,Night,Weekday
T20220029527,2022-12-26,18:53:00,6,Vehicle overturned (no collision),1,Monday,184,OUT OF CONTROL ON CARRIAGEWAY (ON BEND),1,764066,Not at intersection,2,100,Local Road,MIRBOO,SOUTH GIPPSLAND,-38.48431,146.21127,2022,12,December,18,Afternoon Peak,Weekday
T20220029531,2022-12-26,19:00:00,1,Collision with vehicle,1,Monday,120,HEAD ON (NOT OVERTAKING),1,744401,Not at intersection,2,100,Arterial Other,TIMBOON-COLAC,CORANGAMITE,-38.437344,143.20332,2022,12,December,19,Night,Weekday
T20220029533,2022-12-26,20:10:00,4,Collision with a fixed object,1,Monday,181,OFF RIGHT BEND INTO OBJECT/PARKED VEHICLE,2,780888,Not at intersection,2,100,Local Road,CARMODYS,STRATHBOGIE,-36.80735,145.3459,2022,12,December,20,Night,Weekday
T20220029536,2022-12-26,21:19:00,1,Collision with vehicle,1,Monday,113,RIGHT NEAR (INTERSECTIONS ONLY),3,309120,Cross intersection,3,80,Arterial Other,CHILDS,WHITTLESEA,-37.67046,145.07098,2022,12,December,21,Night,Weekday
T20220029537,2022-12-26,21:20:00,1,Collision with vehicle,1,Monday,130,REAR END(VEHICLES IN SAME LANE),3,29623,Cross intersection,3,80,Arterial Highway,SPRINGVALE,WHITEHORSE,-37.862015,145.16922,2022,12,December,21,Night,Weekday
T20220029539,2022-12-26,22:20:00,1,Collision with vehicle,1,Monday,147,VEHICLE STRIKES ANOTHER VEH WHILE EMERGING FROM DRIVEWAY,3,749155,Not at intersection,3,70,Arterial Other,COBURG-CRAIGIEBURN,HUME,-37.68668,144.9579,2022,12,December,22,Night,Weekday
T20220029540,2022-12-26,23:20:00,1,Collision with vehicle,1,Monday,116,LEFT NEAR (INTERSECTIONS ONLY),3,43092,Cross intersection,3,40,Local Road,MCCRAE,DANDENONG,-37.991833,145.22105,2022,12,December,23,Night,Weekday
T20230000104,2022-12-26,00:00:00,2,Struck Pedestrian,1,Monday,104,PED WALKING WITH TRAFFIC,9,745424,Not at intersection,3,50,Local Road,ARCHIBALD,CASEY,-38.010983,145.3177,2022,12,December,0,Late Night,Weekday
T20220029576,2022-12-27,12:30:00,6,Vehicle overturned (no collision),2,Tuesday,174,OUT OF CONTROL ON CARRIAGEWAY (ON STRAIGHT),1,745012,Not at intersection,2,100,Local Road,BILLYWING,SOUTHERN GRAMPIANS,-37.24462,142.20522,2022,12,December,12,Midday,Weekday
T20220029580,2022-12-27,14:10:00,1,Collision with vehicle,2,Tuesday,130,REAR END(VEHICLES IN SAME LANE),1,757421,Not at intersection,2,100,Freeway,PRINCES,GEELONG,-38.004795,144.48662,2022,12,December,14,Midday,Weekday
T20220029558,2022-12-27,09:53:00,1,Collision with vehicle,2,Tuesday,113,RIGHT NEAR (INTERSECTIONS ONLY),1,38731,Cross intersection,3,70,Arterial Highway,PLENTY,WHITTLESEA,-37.68831,145.06625,2022,12,December,9,Morning Peak,Weekday
T20220029553,2022-12-27,09:00:00,1,Collision with vehicle,2,Tuesday,121,RIGHT THROUGH,1,45587,T intersection,2,60,Arterial Other,BRUNSWICK,MORELAND,-37.775894,144.95047,2022,12,December,9,Morning Peak,Weekday
T20220029552,2022-12-27,08:40:00,2,Struck Pedestrian,2,Tuesday,100,PED NEAR SIDE. PED HIT BY VEHICLE FROM THE RIGHT.,1,282646,Cross intersection,3,60,Arterial Highway,ST GEORGES BIKE,DAREBIN,-37.75176,144.99493,2022,12,December,8,Morning Peak,Weekday
T20220029662,2022-12-27,11:30:00,2,Struck Pedestrian,2,Tuesday,107,PED ON FOOTHPATH STRUCK BY VEHENTERING/LEAVING DRIVEWAY.,1,757419,Not at intersection,3,50,Arterial Highway,HANSON,TOWONG,-36.196926,147.90167,2022,12,December,11,Midday,Weekday
T20230000352,2022-12-27,21:30:00,1,Collision with vehicle,2,Tuesday,121,RIGHT THROUGH,3,40203,Cross intersection,3,60,Local Road,INKERMAN,PORT PHILLIP,-37.867596,145.00917,2022,12,December,21,Night,Weekday
T20220029609,2022-12-27,21:30:00,1,Collision with vehicle,2,Tuesday,121,RIGHT THROUGH,3,1211,Cross intersection,3,60,Arterial Other,KINGSBURY,DAREBIN,-37.7268,145.05078,2022,12,December,21,Night,Weekday
T20220029610,2022-12-27,21:50:00,2,Struck Pedestrian,2,Tuesday,102,FAR SIDE. PED HIT BY VEHICLE FROM THE LEFT,3,43349,T intersection,3,60,Arterial Highway,NEPEAN,FRANKSTON,-38.10984,145.12575,2022,12,December,21,Night,Weekday
T20220029611,2022-12-27,23:35:00,4,Collision with a fixed object,2,Tuesday,171,LEFT OFF CARRIAGEWAY INTO OBJECT/PARKED VEHICLE,3,40291,Cross intersection,2,40,Arterial Other,GLENFERRIE,STONNINGTON,-37.84379,145.03154,2022,12,December,23,Night,Weekday
T20220029575,2022-12-27,06:10:00,1,Collision with vehicle,2,Tuesday,134,LANE CHANGE RIGHT (NOT OVERTAKING),1,780427,Not at intersection,3,80,Freeway,TULLAMARINE,HUME,-37.693237,144.88472,2022,12,December,6,Morning Peak,Weekday
T20220029601,2022-12-27,18:20:00,4,Collision with a fixed object,2,Tuesday,173,RIGHT OFF CARRIAGEWAY INTO OBJECT/PARKED VEHICLE,1,776470,Not at intersection,3,100,Local Road,COLAC-LORNE,COLAC OTWAY,-38.366817,143.71039,2022,12,December,18,Afternoon Peak,Weekday
T20220029725,2022-12-27,17:50:00,4,Collision with a fixed object,2,Tuesday,175,OFF END OF ROAD/T-INTERSECTION.,1,781096,Not at intersection,3,50,Local Road,BIRDSONG,BAW BAW,-38.018776,145.95764,2022,12,December,17,Afternoon Peak,Weekday
T20220029577,2022-12-27,14:15:00,1,Collision with vehicle,2,Tuesday,137,LEFT TURN SIDESWIPE,1,37525,T intersection,2,60,Arterial Other,BEACONSFIELD,PORT PHILLIP,-37.85157,144.95639,2022,12,December,14,Midday,Weekday
T20220029589,2022-12-27,22:17:00,1,Collision with vehicle,2,Tuesday,160,VEHICLE COLLIDES WITH VEHICLE PARKED ON LEFT OF ROAD,5,748476,T intersection,2,60,Local Road,DROMANA,MORNINGTON PENINSULA,-38.323006,144.98509,2022,12,December,22,Night,Weekday
T20220029647,2022-12-27,21:09:00,4,Collision with a fixed object,2,Tuesday,171,LEFT OFF CARRIAGEWAY INTO OBJECT/PARKED VEHICLE,5,757423,Not at intersection,3,50,Local Road,WALPOLE,BOROONDARA,-37.795956,145.03348,2022,12,December,21,Night,Weekday
T20220029567,2022-12-27,10:50:00,1,Collision with vehicle,2,Tuesday,163,VEHICLE STRIKES DOOR OF PARKED/STATIONARY VEHICLE,1,776461,Not at intersection,3,50,Local Road,NORTH,BAYSIDE,-37.897564,144.98753,2022,12,December,10,Midday,Weekday
T20220029582,2022-12-27,13:30:00,1,Collision with vehicle,2,Tuesday,110,CROSS TRAFFIC(INTERSECTIONS ONLY),1,50631,Cross intersection,2,50,Arterial Other,MAIN,COLAC OTWAY,-38.357674,143.58289,2022,12,December,13,Midday,Weekday
T20220029617,2022-12-27,11:15:00,4,Collision with a fixed object,2,Tuesday,171,LEFT OFF CARRIAGEWAY INTO OBJECT/PARKED VEHICLE,1,748139,Not at intersection,2,50,Local Road,ONTARIO,MILDURA,-34.186535,142.14099,2022,12,December,11,Midday,Weekday
T20220029581,2022-12-27,12:40:00,1,Collision with vehicle,2,Tuesday,120,HEAD ON (NOT OVERTAKING),1,775971,Not at intersection,3,80,Local Road,RIDGE,WHITTLESEA,-37.525406,145.16989,2022,12,December,12,Midday,Weekday
T20220029544,2022-12-27,02:03:00,1,Collision with vehicle,2,Tuesday,121,RIGHT THROUGH,3,353633,Cross intersection,2,80,Arterial Other,CRANBOURNE-FRANKSTON,CASEY,-38.109997,145.25334,2022,12,December,2,Late Night,Weekday
T20220029600,2022-12-27,19:51:00,1,Collision with vehicle,2,Tuesday,130,REAR END(VEHICLES IN SAME LANE),1,708097,Cross intersection,2,80,Arterial Highway,NEPEAN,BAYSIDE,-37.899887,145.00621,2022,12,December,19,Night,Weekday
T20220029579,2022-12-27,11:37:00,1,Collision with vehicle,2,Tuesday,113,RIGHT NEAR (INTERSECTIONS ONLY),1,71280,T intersection,3,60,Arterial Other,MCLEOD,KINGSTON,-38.07398,145.12938,2022,12,December,11,Midday,Weekday
T20220029571,2022-12-27,11:38:00,2,Struck Pedestrian,2,Tuesday,100,PED NEAR SIDE. PED HIT BY VEHICLE FROM THE RIGHT.,1,757426,Not at intersection,3,60,Local Road,SPRINGS,KINGSTON,-37.93615,145.1082,2022,12,December,11,Midday,Weekday
T20220029602,2022-12-27,17:05:00,1,Collision with vehicle,2,Tuesday,120,HEAD ON (NOT OVERTAKING),1,746089,Not at intersection,3,80,Arterial Highway,WESTERN,HORSHAM,-36.833706,142.39091,2022,12,December,17,Afternoon Peak,Weekday
T20220029603,2022-12-27,20:35:00,1,Collision with vehicle,2,Tuesday,110,CROSS TRAFFIC(INTERSECTIONS ONLY),2,45524,Cross intersection,3,60,Arterial Other,DERRIMUT ROAD -HOPKINS,MELTON,-37.80502,144.69594,2022,12,December,20,Night,Weekday
T20220029772,2022-12-27,17:55:00,1,Collision with vehicle,2,Tuesday,110,CROSS TRAFFIC(INTERSECTIONS ONLY),1,51210,Cross intersection,2,50,Arterial Other,ANDERSON,STRATHBOGIE,-36.75228,145.5687,2022,12,December,17,Afternoon Peak,Weekday