ACCIDENT_NO,ACCIDENT_DATE,ACCIDENT_TIME,ACCIDENT_TYPE,ACCIDENT_TYPE_DESC,DAY_OF_WEEK,DAY_WEEK_DESC,DCA_CODE,DCA_DESC,LIGHT_CONDITION,NODE_ID,ROAD_GEOMETRY_DESC,SEVERITY,SPEED_ZONE,RMA,ROAD_NAME,LGA_NAME,LATITUDE,LONGITUDE,YEAR,MONTH,MONTH_NAME,HOUR,TIME_PERIOD,DAY_TYPE
T20230000063,2022-12-27,15:15:00,1,Collision with vehicle,2,Tuesday,136,RIGHT TURN SIDESWIPE,1,750387,Not at intersection,2,50,Arterial Highway,MELBA,YARRA RANGES,-37.659145,145.37415,2022,12,December,15,Afternoon Peak,Weekday
T20220029572,2022-12-27,08:43:00,1,Collision with vehicle,2,Tuesday,121,RIGHT THROUGH,1,720061,Not at intersection,3,80,Arterial Other,FERNTREE GULLY,KNOX,-37.883434,145.27423,2022,12,December,8,Morning Peak,Weekday
T20220029584,2022-12-27,15:05:00,1,Collision with vehicle,2,Tuesday,140,U TURN,1,744402,Not at intersection,2,80,Arterial Highway,BURWOOD,KNOX,-37.887527,145.28642,2022,12,December,15,Afternoon Peak,Weekday
T20220029546,2022-12-27,01:37:00,1,Collision with vehicle,2,Tuesday,160,VEHICLE COLLIDES WITH VEHICLE PARKED ON LEFT OF ROAD,3,757424,Not at intersection,3,50,Local Road,SEEBECK,CASEY,-38.052902,145.28589,2022,12,December,1,Late Night,Weekday
T20220029591,2022-12-27,15:40:00,1,Collision with vehicle,2,Tuesday,121,RIGHT THROUGH,1,49229,Cross intersection,3,60,Arterial Highway,FIFTEENTH,MILDURA,-34.21099,142.14137,2022,12,December,15,Afternoon Peak,Weekday
T20220029620,2022-12-28,06:43:00,1,Collision with vehicle,3,Wednesday,137,LEFT TURN SIDESWIPE,1,225423,Cross intersection,2,80,Arterial Other,PRINCES,CARDINIA,-38.062576,145.43738,2022,12,December,6,Morning Peak,Weekday
T20220029619,2022-12-28,05:50:00,1,Collision with vehicle,3,Wednesday,130,REAR END(VEHICLES IN SAME LANE),2,777357,Not at intersection,3,60,Freeway,MONTAGUE-CITYLINK OUT RAMP ON-MONTAGUE-WEST G,PORT PHILLIP,-37.82712,144.9467,2022,12,December,5,Morning Peak,Weekday
T20220029672,2022-12-28,15:20:00,1,Collision with vehicle,3,Wednesday,110,CROSS TRAFFIC(INTERSECTIONS ONLY),1,36796,Cross intersection,2,80,Arterial Other,NARRE WARREN NORTH,CASEY,-38.013874,145.3092,2022,12,December,15,Afternoon Peak,Weekday
T20220029646,2022-12-28,11:25:00,1,Collision with vehicle,3,Wednesday,110,CROSS TRAFFIC(INTERSECTIONS ONLY),1,52547,Cross intersection,2,80,Arterial Highway,FIFTEENTH,MILDURA,-34.243694,142.18057,2022,12,December,11,Midday,Weekday
T20220029659,2022-12-28,15:30:00,4,Collision with a fixed object,3,Wednesday,173,RIGHT OFF CARRIAGEWAY INTO OBJECT/PARKED VEHICLE,1,757411,Not at intersection,3,60,Arterial Other,RALEIGH,MARIBYRNONG,-37.769535,144.89693,2022,12,December,15,Afternoon Peak,Weekday
T20230002058,2022-12-28,19:30:00,2,Struck Pedestrian,3,Wednesday,103,PED PLAYING/LYING/WORKING/STANDING ON CARRIAGEWAY.,2,750544,Not at intersection,3,60,Arterial Other,MT DERRIMUT,BRIMBANK,-37.778564,144.77367,2022,12,December,19,Night,Weekday
T20220029653,2022-12-28,11:20:00,1,Collision with vehicle,3,Wednesday,130,REAR END(VEHICLES IN SAME LANE),1,792202,Not at intersection,3,80,Arterial Other,FORREST-APOLLO BAY,COLAC OTWAY,-38.541763,143.70561,2022,12,December,11,Midday,Weekday
T20230000551,2022-12-28,16:10:00,1,Collision with vehicle,3,Wednesday,113,RIGHT NEAR (INTERSECTIONS ONLY),1,57548,T intersection,3,80,Arterial Highway,BURWOOD,KNOX,-37.888683,145.2913,2022,12,December,16,Afternoon Peak,Weekday
T20220029615,2022-12-28,04:50:00,1,Collision with vehicle,3,Wednesday,160,VEHICLE COLLIDES WITH VEHICLE PARKED ON LEFT OF ROAD,3,744608,Not at intersection,2,60,Arterial Other,POINT LONSDALE,QUEENSCLIFFE,-38.276714,144.61763,2022,12,December,4,Late Night,Weekday
T20220029669,2022-12-28,17:50:00,1,Collision with vehicle,3,Wednesday,121,RIGHT THROUGH,1,36812,Cross intersection,2,60,Arterial Other,MONTAGUE,PORT PHILLIP,-37.82841,144.94792,2022,12,December,17,Afternoon Peak,Weekday
T20220029682,2022-12-28,23:20:00,4,Collision with a fixed object,3,Wednesday,173,RIGHT OFF CARRIAGEWAY INTO OBJECT/PARKED VEHICLE,5,757418,Not at intersection,2,80,Arterial Other,SYDNEY,HUME,-37.65675,144.95325,2022,12,December,23,Night,Weekday
T20220029690,2022-12-28,23:10:00,4,Collision with a fixed object,3,Wednesday,173,RIGHT OFF CARRIAGEWAY INTO OBJECT/PARKED VEHICLE,5,57331,Multiple intersection,3,50,Local Road,CEDAR,BALLARAT,-37.564857,143.82289,2022,12,December,23,Night,Weekday
T20220029691,2022-12-28,21:32:00,1,Collision with vehicle,3,Wednesday,135,LANE CHANGE LEFT (NOT OVERTAKING),3,39204,T intersection,2,60,Arterial Other,CANTERBURY,BOROONDARA,-37.82564,145.0947,2022,12,December,21,Night,Weekday
T20220029614,2022-12-28,03:00:00,4,Collision with a fixed object,3,Wednesday,171,LEFT OFF CARRIAGEWAY INTO OBJECT/PARKED VEHICLE,3,751874,Not at intersection,2,60,Arterial Highway,CHURCH,GEELONG,-38.131367,144.34448,2022,12,December,3,Late Night,Weekday
T20220029649,2022-12-28,11:00:00,2,Struck Pedestrian,3,Wednesday,100,PED NEAR SIDE. PED HIT BY VEHICLE FROM THE RIGHT.,1,760120,Not at intersection,2,50,Local Road,FIFTEENTH,MILDURA,-34.206272,142.1358,2022,12,December,11,Midday,Weekday
T20220029667,2022-12-28,17:02:00,1,Collision with vehicle,3,Wednesday,130,REAR END(VEHICLES IN SAME LANE),1,68101,T intersection,3,60,Arterial Other,HIGH STREET,MONASH,-37.87471,145.1703,2022,12,December,17,Afternoon Peak,Weekday
T20220029640,2022-12-28,10:34:00,1,Collision with vehicle,3,Wednesday,113,RIGHT NEAR (INTERSECTIONS ONLY),1,233796,Cross intersection,2,60,Arterial Other,DERRIMUT,WYNDHAM,-37.841053,144.68967,2022,12,December,10,Midday,Weekday
T20220029639,2022-12-28,10:50:00,4,Collision with a fixed object,3,Wednesday,173,RIGHT OFF CARRIAGEWAY INTO OBJECT/PARKED VEHICLE,1,757736,Not at intersection,2,50,Local Road,SUNNINGDALE,HUME,-37.578625,144.74991,2022,12,December,10,Midday,Weekday
T20220029638,2022-12-28,11:10:00,1,Collision with vehicle,3,Wednesday,110,CROSS TRAFFIC(INTERSECTIONS ONLY),1,17545,Cross intersection,3,50,Arterial Highway,TELFORD,MOIRA,-36.018997,146.00035,2022,12,December,11,Midday,Weekday
T20220029632,2022-12-28,10:25:00,4,Collision with a fixed object,3,Wednesday,171,LEFT OFF CARRIAGEWAY INTO OBJECT/PARKED VEHICLE,1,757410,Unknown,3,60,Local Road,KARADOC,MILDURA,-34.225647,142.17287,2022,12,December,10,Midday,Weekday
T20220029630,2022-12-28,08:46:00,1,Collision with vehicle,3,Wednesday,113,RIGHT NEAR (INTERSECTIONS ONLY),1,304319,Multiple intersection,3,80,Freeway,PRINCES OUT-CLYDE,CASEY,-38.044,145.34146,2022,12,December,8,Morning Peak,Weekday
T20220029628,2022-12-28,10:30:00,4,Collision with a fixed object,3,Wednesday,173,RIGHT OFF CARRIAGEWAY INTO OBJECT/PARKED VEHICLE,1,61566,T intersection,2,50,Local Road,JAMES COOK,MELTON,-37.675877,144.56024,2022,12,December,10,Midday,Weekday
T20220029626,2022-12-28,10:11:00,1,Collision with vehicle,3,Wednesday,130,REAR END(VEHICLES IN SAME LANE),1,751834,Not at intersection,3,40,Arterial Other,LA TROBE,BALLARAT,-37.570007,143.81209,2022,12,December,10,Midday,Weekday
T20220029670,2022-12-28,16:10:00,1,Collision with vehicle,3,Wednesday,160,VEHICLE COLLIDES WITH VEHICLE PARKED ON LEFT OF ROAD,1,757412,Not at intersection,3,50,Local Road,STEVEDORE,HOBSONS BAY,-37.856777,144.89664,2022,12,December,16,Afternoon Peak,Weekday
T20230013780,2022-12-28,12:00:00,7,Fall from or in moving vehicle,3,Wednesday,190,FELL IN/FROM VEHICLE,1,776569,T intersection,3,100,Local Road,GLEN CREEK,MANSFIELD,-36.945694,145.94269,2022,12,December,12,Midday,Weekday
T20230001372,2022-12-29,07:58:00,5,collision with some other object,4,Thursday,166,STRUCK OBJECT ON CARRIAGEWAY,1,764455,Not at intersection,3,100,Local Road,CREEK JUNCTION,STRATHBOGIE,-36.821186,145.79967,2022,12,December,7,Morning Peak,Weekday
T20220029685,2022-12-29,01:38:00,4,Collision with a fixed object,4,Thursday,173,RIGHT OFF CARRIAGEWAY INTO OBJECT/PARKED VEHICLE,3,753052,Not at intersection,2,60,Arterial Other,PLUMMER,PORT PHILLIP,-37.832542,144.92581,2022,12,December,1,Late Night,Weekday
T20220029721,2022-12-29,13:15:00,6,Vehicle overturned (no collision),4,Thursday,174,OUT OF CONTROL ON CARRIAGEWAY (ON STRAIGHT),1,765026,Not at intersection,2,50,Local Road,SUTTONS,HEPBURN,-37.298656,144.25438,2022,12,December,13,Midday,Weekday
T20220029723,2022-12-29,13:34:00,1,Collision with vehicle,4,Thursday,130,REAR END(VEHICLES IN SAME LANE),1,770246,Not at intersection,2,100,Arterial Other,BARWON HEADS,GEELONG,-38.19678,144.36182,2022,12,December,13,Midday,Weekday
T20220029710,2022-12-29,09:55:00,1,Collision with vehicle,4,Thursday,121,RIGHT THROUGH,1,39371,Cross intersection,3,60,Arterial Other,CANTERBURY,WHITEHORSE,-37.830406,145.1363,2022,12,December,9,Morning Peak,Weekday
T20230000790,2022-12-29,13:58:00,2,Struck Pedestrian,4,Thursday,100,PED NEAR SIDE. PED HIT BY VEHICLE FROM THE RIGHT.,1,751841,Not at intersection,3,60,Arterial Other,NORMAN,BALLARAT,-37.532284,143.82408,2022,12,December,13,Midday,Weekday
T20220029783,2022-12-29,10:20:00,1,Collision with vehicle,4,Thursday,130,REAR END(VEHICLES IN SAME LANE),9,778379,Not at intersection,3,80,Arterial Other,BLACKBURN,MONASH,-37.916637,145.14006,2022,12,December,10,Midday,Weekday
T20220029712,2022-12-29,10:52:00,1,Collision with vehicle,4,Thursday,113,RIGHT NEAR (INTERSECTIONS ONLY),1,26,Cross intersection,3,80,Arterial Highway,FRANKSTON-DANDENONG,DANDENONG,-38.02378,145.2135,2022,12,December,10,Midday,Weekday
T20220029708,2022-12-29,08:20:00,6,Vehicle overturned (no collision),4,Thursday,184,OUT OF CONTROL ON CARRIAGEWAY (ON BEND),1,748257,Not at intersection,2,100,Local Road,KONGWAK,BASS COAST,-38.519566,145.68951,2022,12,December,8,Morning Peak,Weekday
T20220029713,2022-12-29,11:40:00,1,Collision with vehicle,4,Thursday,133,LANE SIDE SWIPE (VEHICLES IN PARALLEL LANES),1,757402,Not at intersection,3,100,Arterial Highway,HENTY,HORSHAM,-36.749645,142.1984,2022,12,December,11,Midday,Weekday
T20220029706,2022-12-29,11:25:00,2,Struck Pedestrian,4,Thursday,100,PED NEAR SIDE. PED HIT BY VEHICLE FROM THE RIGHT.,1,340607,Not at intersection,2,60,Arterial Highway,KINGS,PORT PHILLIP,-37.834713,144.97015,2022,12,December,11,Midday,Weekday
T20220029755,2022-12-29,21:46:00,1,Collision with vehicle,4,Thursday,113,RIGHT NEAR (INTERSECTIONS ONLY),2,11603,T intersection,2,60,Freeway,MELROSE,BRIMBANK,-37.708683,144.887,2022,12,December,21,Night,Weekday
T20220029751,2022-12-29,15:00:00,4,Collision with a fixed object,4,Thursday,171,LEFT OFF CARRIAGEWAY INTO OBJECT/PARKED VEHICLE,1,744716,Not at intersection,3,50,Local Road,FORREST,BRIMBANK,-37.784958,144.82338,2022,12,December,15,Afternoon Peak,Weekday
T20220029745,2022-12-29,19:57:00,1,Collision with vehicle,4,Thursday,110,CROSS TRAFFIC(INTERSECTIONS ONLY),2,65815,Cross intersection,3,60,Arterial Other,WHITEHORSE,BOROONDARA,-37.81209,145.07507,2022,12,December,19,Night,Weekday
T20220029743,2022-12-29,15:01:00,4,Collision with a fixed object,4,Thursday,171,LEFT OFF CARRIAGEWAY INTO OBJECT/PARKED VEHICLE,1,29886,T intersection,3,100,Freeway,FORSYTH,WYNDHAM,-37.873013,144.73668,2022,12,December,15,Afternoon Peak,Weekday
T20220029742,2022-12-29,17:40:00,1,Collision with vehicle,4,Thursday,130,REAR END(VEHICLES IN SAME LANE),1,745524,Not at intersection,3,80,Arterial Other,PLENTY,WHITTLESEA,-37.65781,145.07755,2022,12,December,17,Afternoon Peak,Weekday
T20220029737,2022-12-29,17:10:00,1,Collision with vehicle,4,Thursday,121,RIGHT THROUGH,1,757398,Cross intersection,3,50,Arterial Other,HEALESVILLE-YARRA GLEN,YARRA RANGES,-37.660416,145.37411,2022,12,December,17,Afternoon Peak,Weekday
T20220029733,2022-12-29,15:50:00,6,Vehicle overturned (no collision),4,Thursday,174,OUT OF CONTROL ON CARRIAGEWAY (ON STRAIGHT),1,744613,Not at intersection,3,40,Local Road,PERRY,YARRA,-37.800125,144.98686,2022,12,December,15,Afternoon Peak,Weekday
T20220029732,2022-12-29,16:03:00,1,Collision with vehicle,4,Thursday,121,RIGHT THROUGH,1,72648,T intersection,2,60,Local Road,GOLF LINKS,FRANKSTON,-38.195797,145.1774,2022,12,December,16,Afternoon Peak,Weekday
T20220029717,2022-12-29,06:03:00,1,Collision with vehicle,4,Thursday,110,CROSS TRAFFIC(INTERSECTIONS ONLY),1,221383,Cross intersection,2,80,Arterial Other,HUME HIGHWAY -SYDNEY,HUME,-37.643353,144.95146,2022,12,December,6,Morning Peak,Weekday
T20220029727,2022-12-29,15:00:00,1,Collision with vehicle,4,Thursday,133,LANE SIDE SWIPE (VEHICLES IN PARALLEL LANES),1,744612,Not at intersection,2,100,Arterial Highway,HUME,HUME,-37.521,144.94876,2022,12,December,15,Afternoon Peak,Weekday
T20220029841,2022-12-29,20:00:00,4,Collision with a fixed object,4,Thursday,173,RIGHT OFF CARRIAGEWAY INTO OBJECT/PARKED VEHICLE,2,763703,Not at intersection,2,60,Local Road,BOX FOREST,MORELAND,-37.70414,144.95683,2022,12,December,20,Night,Weekday
T20230000045,2022-12-29,13:30:00,1,Collision with vehicle,4,Thursday,130,REAR END(VEHICLES IN SAME LANE),1,278692,Multiple intersection,3,80,Freeway,GOLF LINKS,FRANKSTON,-38.180996,145.15881,2022,12,December,13,Midday,Weekday
T20220029724,2022-12-29,13:15:00,6,Vehicle overturned (no collision),4,Thursday,184,OUT OF CONTROL ON CARRIAGEWAY (ON BEND),1,746295,Not at intersection,3,100,Local Road,ANCONA,MANSFIELD,-36.960552,145.79498,2022,12,December,13,Midday,Weekday
T20220029705,2022-12-29,12:00:00,2,Struck Pedestrian,4,Thursday,102,FAR SIDE. PED HIT BY VEHICLE FROM THE LEFT,1,776738,Not at intersection,3,40,Local Road,YOUNG,FRANKSTON,-38.141815,145.12628,2022,12,December,12,Midday,Weekday
T20220029701,2022-12-29,10:05:00,1,Collision with vehicle,4,Thursday,130,REAR END(VEHICLES IN SAME LANE),1,757400,Not at intersection,3,70,Arterial Other,CANTERBURY,WHITEHORSE,-37.836166,145.19455,2022,12,December,10,Midday,Weekday
T20220029698,2022-12-29,09:55:00,2,Struck Pedestrian,4,Thursday,100,PED NEAR SIDE. PED HIT BY VEHICLE FROM THE RIGHT.,1,757364,Not at intersection,3,60,Local Road,BEACH,FRANKSTON,-38.14349,145.13445,2022,12,December,9,Morning Peak,Weekday
T20230000060,2022-12-29,00:51:00,4,Collision with a fixed object,4,Thursday,171,LEFT OFF CARRIAGEWAY INTO OBJECT/PARKED VEHICLE,3,757408,Not at intersection,3,60,Arterial Other,BLACKBURN,MONASH,-37.881058,145.14673,2022,12,December,0,Late Night,Weekday
T20220029711,2022-12-29,08:12:00,1,Collision with vehicle,4,Thursday,130,REAR END(VEHICLES IN SAME LANE),1,776739,Not at intersection,3,80,Arterial Highway,STUD,KNOX,-37.917454,145.23502,2022,12,December,8,Morning Peak,Weekday
T20230000061,2022-12-29,15:45:00,4,Collision with a fixed object,4,Thursday,175,OFF END OF ROAD/T-INTERSECTION.,1,338494,T intersection,2,100,Arterial Other,BRUTHEN-BUCHAN,EAST GIPPSLAND,-37.51631,148.16344,2022,12,December,15,Afternoon Peak,Weekday
T20230000129,2022-12-29,16:00:00,6,Vehicle overturned (no collision),4,Thursday,174,OUT OF CONTROL ON CARRIAGEWAY (ON STRAIGHT),1,745642,T intersection,3,60,Local Road,BLACK DOG,MELTON,-37.692905,144.5505,2022,12,December,16,Afternoon Peak,Weekday
T20220029696,2022-12-29,08:33:00,2,Struck Pedestrian,4,Thursday,102,FAR SIDE. PED HIT BY VEHICLE FROM THE LEFT,1,745391,Not at intersection,2,60,Arterial Other,SPRING,DAREBIN,-37.72147,145.0029,2022,12,December,8,Morning Peak,Weekday
T20220029689,2022-12-29,04:00:00,4,Collision with a fixed object,4,Thursday,183,OFF LEFT BEND INTO OBJECT/PARKED VEHICLE,3,777578,Not at intersection,2,60,Local Road,CALDER PARK,MELTON,-37.70944,144.75494,2022,12,December,4,Late Night,Weekday
T20220029726,2022-12-29,12:34:00,1,Collision with vehicle,4,Thursday,113,RIGHT NEAR (INTERSECTIONS ONLY),1,744611,T intersection,3,50,Local Road,CHISHOLM,MELTON,-37.756256,144.74745,2022,12,December,12,Midday,Weekday
T20220029773,2022-12-30,11:00:00,1,Collision with vehicle,5,Friday,130,REAR END(VEHICLES IN SAME LANE),1,52347,T intersection,3,100,Arterial Other,INVERLOCH-VENUS BAY,SOUTH GIPPSLAND,-38.63687,145.84517,2022,12,December,11,Midday,Weekday
T20230001133,2022-12-30,06:21:00,6,Vehicle overturned (no collision),5,Friday,170,OFF CARRIAGEWAY TO LEFT,9,19611,T intersection,3,100,Arterial Highway,MURRAY VALLEY,SWAN HILL,-35.206966,143.4008,2022,12,December,6,Morning Peak,Weekday
T20230000484,2022-12-30,10:56:00,1,Collision with vehicle,5,Friday,131,LEFT REAR,1,251622,Cross intersection,3,60,Arterial Other,PRINCES,CARDINIA,-38.056442,145.3894,2022,12,December,10,Midday,Weekday
T20220029770,2022-12-30,10:38:00,4,Collision with a fixed object,5,Friday,173,RIGHT OFF CARRIAGEWAY INTO OBJECT/PARKED VEHICLE,1,758456,Not at intersection,2,80,Local Road,SANDY POINT,MORNINGTON PENINSULA,-38.379627,145.15892,2022,12,December,10,Midday,Weekday
T20220029768,2022-12-30,07:58:00,3,Struck animal,5,Friday,167,STRUCK ANIMAL,1,744829,Not at intersection,3,100,Local Road,MILLWOOD,BENDIGO,-36.624344,144.32974,2022,12,December,7,Morning Peak,Weekday
T20220029767,2022-12-30,06:52:00,1,Collision with vehicle,5,Friday,130,REAR END(VEHICLES IN SAME LANE),1,29417,Cross intersection,2,40,Arterial Other,KING,MELBOURNE,-37.816383,144.95573,2022,12,December,6,Morning Peak,Weekday
T20220029813,2022-12-30,00:04:00,4,Collision with a fixed object,5,Friday,173,RIGHT OFF CARRIAGEWAY INTO OBJECT/PARKED VEHICLE,3,775508,Not at intersection,3,50,Local Road,CHURCH,YARRA,-37.8076,145.00113,2022,12,December,0,Late Night,Weekday
T20220029759,2022-12-30,03:30:00,5,collision with some other object,5,Friday,171,LEFT OFF CARRIAGEWAY INTO OBJECT/PARKED VEHICLE,3,757355,Not at intersection,3,60,Local Road,SKYE,FRANKSTON,-38.133606,145.14449,2022,12,December,3,Late Night,Weekday
T20220029812,2022-12-30,20:00:00,6,Vehicle overturned (no collision),5,Friday,174,OUT OF CONTROL ON CARRIAGEWAY (ON STRAIGHT),1,745421,Not at intersection,3,80,Local Road,THE SHUNTOFF,BASS COAST,-38.414253,145.56114,2022,12,December,20,Night,Weekday
T20220029810,2022-12-30,19:27:00,2,Struck Pedestrian,5,Friday,109,ANY MANOEUVRE INVOLVING PED NOT INCLUDED IN DCAs 100-108.,1,753379,Not at intersection,2,50,Local Road,CECIL,PORT PHILLIP,-37.835514,144.95892,2022,12,December,19,Night,Weekday
T20220029808,2022-12-30,19:25:00,1,Collision with vehicle,5,Friday,140,U TURN,1,42617,T intersection,3,50,Local Road,COOLAVIN,DANDENONG,-37.955315,145.19716,2022,12,December,19,Night,Weekday
T20230001362,2022-12-30,14:00:00,6,Vehicle overturned (no collision),5,Friday,174,OUT OF CONTROL ON CARRIAGEWAY (ON STRAIGHT),1,749626,Not at intersection,2,100,Arterial Other,KATAMATITE-NATHALIA,MOIRA,-36.099064,145.55132,2022,12,December,14,Midday,Weekday
T20220029806,2022-12-30,19:52:00,1,Collision with vehicle,5,Friday,113,RIGHT NEAR (INTERSECTIONS ONLY),1,222047,Multiple intersection,3,60,Freeway,BAYVIEW,MORNINGTON PENINSULA,-38.355564,144.9286,2022,12,December,19,Night,Weekday
T20220029804,2022-12-30,16:45:00,1,Collision with vehicle,5,Friday,160,VEHICLE COLLIDES WITH VEHICLE PARKED ON LEFT OF ROAD,1,757349,Not at intersection,3,60,Local Road,FINDON,WHITTLESEA,-37.639706,145.05345,2022,12,December,16,Afternoon Peak,Weekday
T20220029782,2022-12-30,14:20:00,6,Vehicle overturned (no collision),5,Friday,182,OFF CARRIAGEWAY ON LEFT BEND,1,747032,Not at intersection,3,100,Local Road,RIVER,CAMPASPE,-36.12604,144.78877,2022,12,December,14,Midday,Weekday
T20220029796,2022-12-30,16:00:00,1,Collision with vehicle,5,Friday,110,CROSS TRAFFIC(INTERSECTIONS ONLY),1,52964,Cross intersection,2,60,Local Road,CLAYTON,BALLARAT,-37.576153,143.8776,2022,12,December,16,Afternoon Peak,Weekday
T20220029845,2022-12-30,21:45:00,1,Collision with vehicle,5,Friday,113,RIGHT NEAR (INTERSECTIONS ONLY),3,787,Cross intersection,3,80,Arterial Other,WESTALL,DANDENONG,-37.94585,145.13936,2022,12,December,21,Night,Weekday
T20220029793,2022-12-30,09:30:00,1,Collision with vehicle,5,Friday,120,HEAD ON (NOT OVERTAKING),1,759318,Not at intersection,3,60,Arterial Other,ESPLANADE,BAYSIDE,-37.914185,144.98668,2022,12,December,9,Morning Peak,Weekday
T20220029791,2022-12-30,17:10:00,2,Struck Pedestrian,5,Friday,100,PED NEAR SIDE. PED HIT BY VEHICLE FROM THE RIGHT.,1,745639,Not at intersection,3,40,Local Road,LAVA,WARRNAMBOOL,-38.38217,142.48575,2022,12,December,17,Afternoon Peak,Weekday
T20230000366,2022-12-30,14:35:00,1,Collision with vehicle,5,Friday,130,REAR END(VEHICLES IN SAME LANE),1,777352,Not at intersection,3,60,Arterial Other,CRANBOURNE,FRANKSTON,-38.15403,145.16199,2022,12,December,14,Midday,Weekday
T20220029789,2022-12-30,16:55:00,1,Collision with vehicle,5,Friday,116,LEFT NEAR (INTERSECTIONS ONLY),1,56018,Cross intersection,3,60,Arterial Highway,ROUGHEAD,SOUTH GIPPSLAND,-38.47209,145.94885,2022,12,December,16,Afternoon Peak,Weekday
T20220029788,2022-12-30,15:18:00,4,Collision with a fixed object,5,Friday,171,LEFT OFF CARRIAGEWAY INTO OBJECT/PARKED VEHICLE,1,747690,T intersection,2,40,Arterial Other,CHURCH,YARRA,-37.82686,144.99773,2022,12,December,15,Afternoon Peak,Weekday
T20220029785,2022-12-30,15:05:00,6,Vehicle overturned (no collision),5,Friday,174,OUT OF CONTROL ON CARRIAGEWAY (ON STRAIGHT),1,744830,Not at intersection,3,40,Local Road,PARK,YARRA,-37.784424,145.01457,2022,12,December,15,Afternoon Peak,Weekday
T20220029784,2022-12-30,14:00:00,1,Collision with vehicle,5,Friday,113,RIGHT NEAR (INTERSECTIONS ONLY),1,70351,T intersection,2,80,Arterial Highway,KING GEORGE,DANDENONG,-37.971397,145.19904,2022,12,December,14,Midday,Weekday
T20230000193,2022-12-30,13:30:00,1,Collision with vehicle,5,Friday,113,RIGHT NEAR (INTERSECTIONS ONLY),1,39873,T intersection,2,40,Local Road,HIGH,HOBSONS BAY,-37.863823,144.77403,2022,12,December,13,Midday,Weekday
T20220029781,2022-12-30,12:51:00,1,Collision with vehicle,5,Friday,130,REAR END(VEHICLES IN SAME LANE),1,757262,Not at intersection,3,80,Arterial Other,MICKLEHAM,HUME,-37.687794,144.8825,2022,12,December,12,Midday,Weekday
T20220029779,2022-12-30,13:22:00,1,Collision with vehicle,5,Friday,113,RIGHT NEAR (INTERSECTIONS ONLY),1,35871,T intersection,3,60,Local Road,DUNCAN,CARDINIA,-38.07529,145.47444,2022,12,December,13,Midday,Weekday
T20230000131,2022-12-30,14:50:00,1,Collision with vehicle,5,Friday,130,REAR END(VEHICLES IN SAME LANE),1,745862,Not at intersection,3,70,Arterial Other,MAHONEYS,WHITTLESEA,-37.693523,144.9988,2022,12,December,14,Midday,Weekday
T20220029775,2022-12-30,12:36:00,1,Collision with vehicle,5,Friday,130,REAR END(VEHICLES IN SAME LANE),1,746190,Not at intersection,2,100,Freeway,MONASH OUT-SOUTH GIPPSLAND OUT,CASEY,-37.994755,145.2538,2022,12,December,12,Midday,Weekday
T20230000374,2022-12-31,19:15:00,1,Collision with vehicle,6,Saturday,130,REAR END(VEHICLES IN SAME LANE),9,45433,Cross intersection,3,60,Arterial Other,MT ALEXANDER,MOONEE VALLEY,-37.772705,144.92691,2022,12,December,19,Night,Weekend
T20230000197,2022-12-31,01:15:00,1,Collision with vehicle,6,Saturday,147,VEHICLE STRIKES ANOTHER VEH WHILE EMERGING FROM DRIVEWAY,3,757227,Unknown,2,50,Local Road,WARRUGA,WHITTLESEA,-37.613445,145.04169,2022,12,December,1,Late Night,Weekend
T20230003029,2022-12-31,12:15:00,6,Vehicle overturned (no collision),6,Saturday,170,OFF CARRIAGEWAY TO LEFT,1,758812,Not at intersection,3,100,Arterial Other,BEECHWORTH-WANGARATTA,WANGARATTA,-36.38471,146.4963,2022,12,December,12,Midday,Weekend
T20230005737,2022-12-31,10:00:00,1,Collision with vehicle,6,Saturday,147,VEHICLE STRIKES ANOTHER VEH WHILE EMERGING FROM DRIVEWAY,1,338301,Not at intersection,3,50,Arterial Other,BUCKLEY,MARIBYRNONG,-37.80353,144.8939,2022,12,December,10,Midday,Weekend
T20220029852,2022-12-31,17:37:00,8,No collision and no object struck,6,Saturday,170,OFF CARRIAGEWAY TO LEFT,1,757253,Not at intersection,2,70,Arterial Highway,COLAC,GEELONG,-38.201107,144.3104,2022,12,December,17,Afternoon Peak,Weekend
T20220029842,2022-12-31,16:10:00,1,Collision with vehicle,6,Saturday,140,U TURN,1,745220,T intersection,3,40,Local Road,RATHDOWNE,MELBOURNE,-37.793957,144.97112,2022,12,December,16,Afternoon Peak,Weekend
T20230015182,2022-12-31,13:58:00,1,Collision with vehicle,6,Saturday,130,REAR END(VEHICLES IN SAME LANE),1,776591,Not at intersection,3,60,Arterial Other,BEACH,BAYSIDE,-37.945892,145.00096,2022,12,December,13,Midday,Weekend
T20230000331,2022-12-31,16:45:00,1,Collision with vehicle,6,Saturday,120,HEAD ON (NOT OVERTAKING),1,773922,Not at intersection,3,50,Local Road,VICTORIA TILE,MOORABOOL,-37.62786,144.09818,2022,12,December,16,Afternoon Peak,Weekend