ACCIDENT_NO,ACCIDENT_DATE,ACCIDENT_TIME,ACCIDENT_TYPE,ACCIDENT_TYPE_DESC,DAY_OF_WEEK,DAY_WEEK_DESC,DCA_CODE,DCA_DESC,LIGHT_CONDITION,NODE_ID,ROAD_GEOMETRY_DESC,SEVERITY,SPEED_ZONE,RMA,ROAD_NAME,LGA_NAME,LATITUDE,LONGITUDE,YEAR,MONTH,MONTH_NAME,HOUR,TIME_PERIOD,DAY_TYPE
T20230007597,2022-12-31,07:00:00,3,Struck animal,6,Saturday,167,STRUCK ANIMAL,1,764610,Not at intersection,3,100,Local Road,SEBASTOPOL-SMYTHESDALE,GOLDEN PLAINS,-37.64214,143.71727,2022,12,December,7,Morning Peak,Weekend
T20220029839,2022-12-31,14:20:00,1,Collision with vehicle,6,Saturday,130,REAR END(VEHICLES IN SAME LANE),1,745219,Not at intersection,3,40,Local Road,ST KILDA,MELBOURNE,-37.820206,144.96883,2022,12,December,14,Midday,Weekend
T20230000202,2022-12-31,12:00:00,8,No collision and no object struck,6,Saturday,174,OUT OF CONTROL ON CARRIAGEWAY (ON STRAIGHT),1,745867,T intersection,3,60,Local Road,BRITANNIA CREEK,YARRA RANGES,-37.792297,145.657,2022,12,December,12,Midday,Weekend
T20230000052,2022-12-31,20:30:00,1,Collision with vehicle,6,Saturday,121,RIGHT THROUGH,2,348200,Multiple intersection,2,60,Arterial Highway,BULLEEN,BOROONDARA,-37.779644,145.07869,2022,12,December,20,Night,Weekend
T20230000350,2022-12-31,17:30:00,4,Collision with a fixed object,6,Saturday,183,OFF LEFT BEND INTO OBJECT/PARKED VEHICLE,1,746504,Not at intersection,3,100,Local Road,BROWNS,MORNINGTON PENINSULA,-38.397774,144.93181,2022,12,December,17,Afternoon Peak,Weekend
T20230000009,2022-12-31,19:30:00,6,Vehicle overturned (no collision),6,Saturday,174,OUT OF CONTROL ON CARRIAGEWAY (ON STRAIGHT),1,744928,Not at intersection,1,60,Arterial Other,BARMAH-SHEPPARTON,MOIRA,-36.133976,145.27966,2022,12,December,19,Night,Weekend
T20230000032,2022-12-31,20:55:00,1,Collision with vehicle,6,Saturday,121,RIGHT THROUGH,1,746296,Cross intersection,2,100,Arterial Highway,MIDLAND,SHEPPARTON,-36.403744,145.29553,2022,12,December,20,Night,Weekend
T20230000022,2022-12-31,14:15:00,1,Collision with vehicle,6,Saturday,132,RIGHT REAR.,1,751251,Y intersection,3,80,Local Road,TYABB-TOORADIN,MORNINGTON PENINSULA,-38.25268,145.21553,2022,12,December,14,Midday,Weekend
T20230000020,2022-12-31,11:07:00,1,Collision with vehicle,6,Saturday,116,LEFT NEAR (INTERSECTIONS ONLY),1,21007,T intersection,2,80,Arterial Other,BLOOMFIELD,BAW BAW,-38.161407,145.97856,2022,12,December,11,Midday,Weekend
T20230000016,2022-12-31,22:45:00,1,Collision with vehicle,6,Saturday,120,HEAD ON (NOT OVERTAKING),3,745740,Not at intersection,3,50,Local Road,SHAFTSBURY,MONASH,-37.92099,145.16772,2022,12,December,22,Night,Weekend
T20220029840,2022-12-31,13:40:00,1,Collision with vehicle,6,Saturday,139,OTHER SAME DIRECTION-MANOUEVRES NOT INCLUDED IN DCAs 130-137,1,295520,Not at intersection,3,60,Local Road,ORMOND,CASEY,-38.04885,145.27484,2022,12,December,13,Midday,Weekend
T20220029834,2022-12-31,12:25:00,1,Collision with vehicle,6,Saturday,113,RIGHT NEAR (INTERSECTIONS ONLY),1,42515,Cross intersection,2,80,Arterial Highway,SPRINGVALE,MONASH,-37.925453,145.15723,2022,12,December,12,Midday,Weekend
T20220029828,2022-12-31,10:50:00,1,Collision with vehicle,6,Saturday,130,REAR END(VEHICLES IN SAME LANE),1,776730,Not at intersection,3,40,Arterial Highway,SMYTHES,BALLARAT,-37.590393,143.80664,2022,12,December,10,Midday,Weekend
T20220029827,2022-12-31,09:07:00,1,Collision with vehicle,6,Saturday,130,REAR END(VEHICLES IN SAME LANE),1,45175,Cross intersection,2,80,Arterial Highway,BASS,BASS COAST,-38.40758,145.53038,2022,12,December,9,Morning Peak,Weekend
T20220029825,2022-12-31,09:50:00,1,Collision with vehicle,6,Saturday,130,REAR END(VEHICLES IN SAME LANE),1,780448,Not at intersection,3,60,Arterial Other,DALTON,WHITTLESEA,-37.696064,145.02246,2022,12,December,9,Morning Peak,Weekend
T20220029844,2022-12-31,13:00:00,1,Collision with vehicle,6,Saturday,130,REAR END(VEHICLES IN SAME LANE),1,222041,Multiple intersection,3,60,Freeway,PENINSULA LINK,MORNINGTON PENINSULA,-38.37029,144.90863,2022,12,December,13,Midday,Weekend
T20220029821,2022-12-31,08:10:00,1,Collision with vehicle,6,Saturday,133,LANE SIDE SWIPE (VEHICLES IN PARALLEL LANES),1,755007,Not at intersection,2,100,Arterial Other,TRARALGON CREEK,LATROBE,-38.217545,146.54684,2022,12,December,8,Morning Peak,Weekend
T20220029817,2022-12-31,01:45:00,1,Collision with vehicle,6,Saturday,163,VEHICLE STRIKES DOOR OF PARKED/STATIONARY VEHICLE,3,754885,Not at intersection,3,40,Arterial Other,CHAPEL,STONNINGTON,-37.83896,144.99573,2022,12,December,1,Late Night,Weekend
T20230000003,2022-12-31,20:47:00,4,Collision with a fixed object,6,Saturday,173,RIGHT OFF CARRIAGEWAY INTO OBJECT/PARKED VEHICLE,2,776174,Not at intersection,2,80,Arterial Highway,GREAT ALPINE,ALPINE,-36.73453,147.00464,2022,12,December,20,Night,Weekend
T20230000001,2022-12-31,17:50:00,4,Collision with a fixed object,6,Saturday,171,LEFT OFF CARRIAGEWAY INTO OBJECT/PARKED VEHICLE,1,752612,Not at intersection,2,50,Local Road,BINDOWAN,WYNDHAM,-37.850235,144.68132,2022,12,December,17,Afternoon Peak,Weekend
T20220029862,2022-12-31,12:15:00,1,Collision with vehicle,6,Saturday,110,CROSS TRAFFIC(INTERSECTIONS ONLY),1,744927,Cross intersection,1,100,Local Road,LABUAN,MOIRA,-35.940907,145.53162,2022,12,December,12,Midday,Weekend
T20220029861,2022-12-31,20:56:00,5,collision with some other object,6,Saturday,173,RIGHT OFF CARRIAGEWAY INTO OBJECT/PARKED VEHICLE,2,747033,Not at intersection,2,100,Freeway,GRIEVE-WEST GATE IN,HOBSONS BAY,-37.82527,144.83011,2022,12,December,20,Night,Weekend
T20230000046,2023-01-01,16:18:00,1,Collision with vehicle,7,Sunday,116,LEFT NEAR (INTERSECTIONS ONLY),1,311885,T intersection,3,70,Arterial Highway,PENTECOST,MORNINGTON PENINSULA,-38.226353,145.0488,2023,1,January,16,Afternoon Peak,Weekend
T20230000548,2023-01-01,12:50:00,1,Collision with vehicle,7,Sunday,130,REAR END(VEHICLES IN SAME LANE),1,746931,Not at intersection,3,80,Arterial Highway,WONTHAGGI,BASS COAST,-38.626945,145.72218,2023,1,January,12,Midday,Weekend
T20230000028,2023-01-01,11:57:00,1,Collision with vehicle,7,Sunday,110,CROSS TRAFFIC(INTERSECTIONS ONLY),1,42394,Cross intersection,3,60,Arterial Other,CLAYTON,KINGSTON,-37.94294,145.1163,2023,1,January,11,Midday,Weekend
T20230002430,2023-01-01,13:40:00,1,Collision with vehicle,7,Sunday,110,CROSS TRAFFIC(INTERSECTIONS ONLY),9,40195,Cross intersection,3,70,Arterial Highway,DANDENONG,STONNINGTON,-37.8601,145.01054,2023,1,January,13,Midday,Weekend
T20230000042,2023-01-01,11:10:00,1,Collision with vehicle,7,Sunday,140,U TURN,1,776731,Not at intersection,3,60,Arterial Other,MOLLISON,MACEDON RANGES,-37.18858,144.38312,2023,1,January,11,Midday,Weekend
T20230000043,2023-01-01,17:20:00,1,Collision with vehicle,7,Sunday,110,CROSS TRAFFIC(INTERSECTIONS ONLY),1,315779,Cross intersection,3,50,Arterial Other,VICTORIA CROSS,WODONGA,-36.13911,146.8917,2023,1,January,17,Afternoon Peak,Weekend
T20230000044,2023-01-01,16:53:00,1,Collision with vehicle,7,Sunday,131,LEFT REAR,1,776732,Not at intersection,2,50,Local Road,CLIPPER,MORNINGTON PENINSULA,-38.315304,145.00221,2023,1,January,16,Afternoon Peak,Weekend
T20230000008,2023-01-01,00:30:00,1,Collision with vehicle,7,Sunday,130,REAR END(VEHICLES IN SAME LANE),3,773543,Not at intersection,3,40,Local Road,PERTOBE,WARRNAMBOOL,-38.393177,142.47995,2023,1,January,0,Late Night,Weekend
T20230000047,2023-01-01,15:50:00,1,Collision with vehicle,7,Sunday,116,LEFT NEAR (INTERSECTIONS ONLY),1,54934,T intersection,2,50,Local Road,LITTLECROFT,CASEY,-38.065437,145.30019,2023,1,January,15,Afternoon Peak,Weekend
T20230000050,2023-01-01,19:18:00,2,Struck Pedestrian,7,Sunday,107,PED ON FOOTHPATH STRUCK BY VEHENTERING/LEAVING DRIVEWAY.,1,783444,Cross intersection,3,60,Arterial Other,EDGARS,WHITTLESEA,-37.67872,144.99925,2023,1,January,19,Night,Weekend
T20230000053,2023-01-01,09:15:00,4,Collision with a fixed object,7,Sunday,183,OFF LEFT BEND INTO OBJECT/PARKED VEHICLE,1,748689,Not at intersection,2,60,Local Road,ANNANDALE,HUME,-37.700096,144.84523,2023,1,January,9,Morning Peak,Weekend
T20230000056,2023-01-01,23:00:00,4,Collision with a fixed object,7,Sunday,164,PERMANENT OBSTRUCTION ON CARRIAGEWAY,3,39962,T intersection,2,60,Local Road,MASON,HOBSONS BAY,-37.83977,144.85835,2023,1,January,23,Night,Weekend
T20230000026,2023-01-01,09:59:00,1,Collision with vehicle,7,Sunday,132,RIGHT REAR.,1,748259,Not at intersection,2,100,Arterial Other,INVERLOCH-KONGWAK,BASS COAST,-38.617573,145.72293,2023,1,January,9,Morning Peak,Weekend
T20230000023,2023-01-01,10:00:00,3,Struck animal,7,Sunday,167,STRUCK ANIMAL,1,748258,Not at intersection,2,80,Local Road,THOMPSON,GOLDEN PLAINS,-37.952118,144.18088,2023,1,January,10,Midday,Weekend
T20230000029,2023-01-01,08:30:00,4,Collision with a fixed object,7,Sunday,173,RIGHT OFF CARRIAGEWAY INTO OBJECT/PARKED VEHICLE,1,781003,Not at intersection,2,60,Local Road,PEEL,BALLARAT,-37.552013,143.86581,2023,1,January,8,Morning Peak,Weekend
T20230000037,2023-01-01,12:40:00,1,Collision with vehicle,7,Sunday,110,CROSS TRAFFIC(INTERSECTIONS ONLY),1,36276,Cross intersection,3,60,Arterial Highway,VENTNOR,BASS COAST,-38.463642,145.23898,2023,1,January,12,Midday,Weekend
T20230000017,2023-01-01,00:43:00,2,Struck Pedestrian,7,Sunday,103,PED PLAYING/LYING/WORKING/STANDING ON CARRIAGEWAY.,5,752847,Not at intersection,2,50,Local Road,ACACIA,MOIRA,-35.920563,145.65594,2023,1,January,0,Late Night,Weekend
T20230000049,2023-01-01,18:30:00,6,Vehicle overturned (no collision),7,Sunday,174,OUT OF CONTROL ON CARRIAGEWAY (ON STRAIGHT),1,773609,Not at intersection,3,60,Arterial Highway,PLENTY,WHITTLESEA,-37.695766,145.05946,2023,1,January,18,Afternoon Peak,Weekend
T20230000070,2023-01-01,20:30:00,1,Collision with vehicle,7,Sunday,110,CROSS TRAFFIC(INTERSECTIONS ONLY),1,67077,Cross intersection,2,50,Local Road,DANKS,PORT PHILLIP,-37.845528,144.94823,2023,1,January,20,Night,Weekend
T20230000031,2023-01-01,01:36:00,1,Collision with vehicle,7,Sunday,160,VEHICLE COLLIDES WITH VEHICLE PARKED ON LEFT OF ROAD,3,751597,Not at intersection,3,60,Arterial Other,MARKET,BRIMBANK,-37.79873,144.83932,2023,1,January,1,Late Night,Weekend
T20230000874,2023-01-01,22:14:00,6,Vehicle overturned (no collision),7,Sunday,174,OUT OF CONTROL ON CARRIAGEWAY (ON STRAIGHT),5,748138,Not at intersection,3,80,Local Road,OLD DROUIN,BAW BAW,-38.130226,145.78491,2023,1,January,22,Night,Weekend
T20230000078,2023-01-01,20:25:00,1,Collision with vehicle,7,Sunday,121,RIGHT THROUGH,3,249380,T intersection,3,70,Arterial Other,COBURG-CRAIGIEBURN,HUME,-37.68785,144.95805,2023,1,January,20,Night,Weekend
T20230001486,2023-01-01,02:00:00,1,Collision with vehicle,7,Sunday,160,VEHICLE COLLIDES WITH VEHICLE PARKED ON LEFT OF ROAD,3,750940,Not at intersection,3,50,Local Road,SANCTUARY LAKES SOUTH,WYNDHAM,-37.902843,144.76982,2023,1,January,2,Late Night,Weekend
T20230000082,2023-01-01,17:20:00,1,Collision with vehicle,7,Sunday,134,LANE CHANGE RIGHT (NOT OVERTAKING),1,776740,Not at intersection,3,100,Arterial Highway,HAMILTON,GOLDEN PLAINS,-38.079784,143.82028,2023,1,January,17,Afternoon Peak,Weekend
T20230000014,2023-01-01,02:40:00,1,Collision with vehicle,7,Sunday,130,REAR END(VEHICLES IN SAME LANE),3,758473,T intersection,3,70,Arterial Other,FITZGERALD,BRIMBANK,-37.795856,144.7898,2023,1,January,2,Late Night,Weekend
T20230000355,2023-01-01,13:20:00,1,Collision with vehicle,7,Sunday,113,RIGHT NEAR (INTERSECTIONS ONLY),1,60806,Cross intersection,3,60,Arterial Other,GREENDALE-MYRNIONG ROAD -HIGH,MOORABOOL,-37.56073,144.29883,2023,1,January,13,Midday,Weekend
T20230030840,2023-01-01,20:30:00,7,Fall from or in moving vehicle,7,Sunday,190,FELL IN/FROM VEHICLE,3,794617,T intersection,3,70,Arterial Highway,PLENTY,BANYULE,-37.707977,145.05188,2023,1,January,20,Night,Weekend
T20230000324,2023-01-01,02:30:00,1,Collision with vehicle,7,Sunday,116,LEFT NEAR (INTERSECTIONS ONLY),6,278624,Cross intersection,3,70,Local Road,EDGARS,WHITTLESEA,-37.620754,145.00523,2023,1,January,2,Late Night,Weekend
T20230000532,2023-01-01,12:30:00,1,Collision with vehicle,7,Sunday,160,VEHICLE COLLIDES WITH VEHICLE PARKED ON LEFT OF ROAD,1,787170,Not at intersection,3,60,Arterial Other,BEACH,KINGSTON,-37.99097,145.06384,2023,1,January,12,Midday,Weekend
T20230001645,2023-01-01,14:00:00,4,Collision with a fixed object,7,Sunday,171,LEFT OFF CARRIAGEWAY INTO OBJECT/PARKED VEHICLE,1,760809,Not at intersection,2,60,Local Road,NATIONAL,DANDENONG,-38.040897,145.2342,2023,1,January,14,Midday,Weekend
T20230000013,2023-01-01,00:30:00,2,Struck Pedestrian,7,Sunday,102,FAR SIDE. PED HIT BY VEHICLE FROM THE LEFT,4,783442,T intersection,3,50,Local Road,MIDAS,HUME,-37.658474,144.9148,2023,1,January,0,Late Night,Weekend
T20230000011,2023-01-01,01:37:00,4,Collision with a fixed object,7,Sunday,173,RIGHT OFF CARRIAGEWAY INTO OBJECT/PARKED VEHICLE,4,750089,Not at intersection,2,60,Local Road,BLACK SPRINGS,YARRA RANGES,-37.756924,145.30368,2023,1,January,1,Late Night,Weekend
T20230000035,2023-01-01,13:00:00,1,Collision with vehicle,7,Sunday,120,HEAD ON (NOT OVERTAKING),1,780449,Not at intersection,3,80,Arterial Other,WOODS POINT,YARRA RANGES,-37.63643,145.90625,2023,1,January,13,Midday,Weekend
T20230000007,2023-01-01,00:05:00,1,Collision with vehicle,7,Sunday,169,OTHER ON PATH,3,770440,Not at intersection,2,50,Local Road,FERNDALE,KNOX,-37.89602,145.30695,2023,1,January,0,Late Night,Weekend
T20230000109,2023-01-02,21:15:00,1,Collision with vehicle,1,Monday,130,REAR END(VEHICLES IN SAME LANE),5,755006,Not at intersection,2,80,Arterial Other,BOUNDARY,KINGSTON,-37.985054,145.10951,2023,1,January,21,Night,Weekday
T20230000057,2023-01-02,02:55:00,4,Collision with a fixed object,1,Monday,171,LEFT OFF CARRIAGEWAY INTO OBJECT/PARKED VEHICLE,3,39038,T intersection,3,60,Arterial Other,BURKE,BOROONDARA,-37.815884,145.05965,2023,1,January,2,Late Night,Weekday
T20230000184,2023-01-02,09:00:00,1,Collision with vehicle,1,Monday,163,VEHICLE STRIKES DOOR OF PARKED/STATIONARY VEHICLE,1,777675,Not at intersection,3,60,Local Road,WONGA,MAROONDAH,-37.792896,145.2439,2023,1,January,9,Morning Peak,Weekday
T20230000064,2023-01-02,08:00:00,8,No collision and no object struck,1,Monday,149,OTHER MANOEUVRING NOT INCLUDED IN DCAs 140-148,1,746499,Not at intersection,3,50,Local Road,GAWLER,GLENELG,-38.35056,141.60594,2023,1,January,8,Morning Peak,Weekday
T20230000065,2023-01-02,08:05:00,4,Collision with a fixed object,1,Monday,173,RIGHT OFF CARRIAGEWAY INTO OBJECT/PARKED VEHICLE,1,776733,T intersection,2,70,Arterial Other,HEIDELBERG,YARRA,-37.785057,145.00163,2023,1,January,8,Morning Peak,Weekday
T20230000068,2023-01-02,09:30:00,1,Collision with vehicle,1,Monday,135,LANE CHANGE LEFT (NOT OVERTAKING),1,773544,Not at intersection,3,50,Arterial Highway,MURRAY,COLAC OTWAY,-38.339745,143.5857,2023,1,January,9,Morning Peak,Weekday
T20230000071,2023-01-02,08:59:00,4,Collision with a fixed object,1,Monday,183,OFF LEFT BEND INTO OBJECT/PARKED VEHICLE,1,746605,Not at intersection,2,80,Arterial Other,DON,YARRA RANGES,-37.695072,145.56744,2023,1,January,8,Morning Peak,Weekday
T20230000074,2023-01-02,12:21:00,1,Collision with vehicle,1,Monday,110,CROSS TRAFFIC(INTERSECTIONS ONLY),1,15485,Cross intersection,3,80,Arterial Other,VENTNOR,BASS COAST,-38.46361,145.20143,2023,1,January,12,Midday,Weekday
T20230000080,2023-01-02,13:40:00,1,Collision with vehicle,1,Monday,147,VEHICLE STRIKES ANOTHER VEH WHILE EMERGING FROM DRIVEWAY,1,780934,Not at intersection,3,50,Local Road,CORRIGAN,DANDENONG,-37.97072,145.16725,2023,1,January,13,Midday,Weekday
T20230001274,2023-01-02,14:45:00,7,Fall from or in moving vehicle,1,Monday,172,OFF CARRIAGEWAY TO RIGHT,1,49638,T intersection,3,60,Arterial Other,BACCHUS MARSH,GEELONG,-38.05347,144.35837,2023,1,January,14,Midday,Weekday
T20230018545,2023-01-02,01:00:00,1,Collision with vehicle,1,Monday,113,RIGHT NEAR (INTERSECTIONS ONLY),3,323114,Multiple intersection,3,70,Freeway,BALLARAT,BRIMBANK,-37.770313,144.79631,2023,1,January,1,Late Night,Weekday
T20230000106,2023-01-02,20:12:00,1,Collision with vehicle,1,Monday,121,RIGHT THROUGH,2,48143,T intersection,3,40,Local Road,HOPKINS,MARIBYRNONG,-37.79995,144.90115,2023,1,January,20,Night,Weekday
T20230000107,2023-01-02,16:00:00,1,Collision with vehicle,1,Monday,130,REAR END(VEHICLES IN SAME LANE),1,746395,Not at intersection,3,60,Freeway,ANAKIE,GEELONG,-38.07755,144.33392,2023,1,January,16,Afternoon Peak,Weekday
T20230000100,2023-01-02,18:15:00,1,Collision with vehicle,1,Monday,120,HEAD ON (NOT OVERTAKING),1,772847,Not at intersection,3,60,Local Road,HALL,FRANKSTON,-38.10283,145.19955,2023,1,January,18,Afternoon Peak,Weekday
T20230000101,2023-01-02,14:50:00,1,Collision with vehicle,1,Monday,110,CROSS TRAFFIC(INTERSECTIONS ONLY),1,341777,Cross intersection,2,70,Arterial Other,EDGARS,WHITTLESEA,-37.65831,145.00743,2023,1,January,14,Midday,Weekday
T20230001143,2023-01-02,22:00:00,1,Collision with vehicle,1,Monday,110,CROSS TRAFFIC(INTERSECTIONS ONLY),3,59749,Cross intersection,3,60,Local Road,MACKENZIE,BENDIGO,-36.76712,144.2618,2023,1,January,22,Night,Weekday
T20230001580,2023-01-02,14:40:00,1,Collision with vehicle,1,Monday,121,RIGHT THROUGH,1,51978,Cross intersection,3,60,Arterial Highway,PRINCES,EAST GIPPSLAND,-37.875015,148.00737,2023,1,January,14,Midday,Weekday
T20230000090,2023-01-02,14:20:00,1,Collision with vehicle,1,Monday,120,HEAD ON (NOT OVERTAKING),1,780450,Not at intersection,3,100,Arterial Other,MEENIYAN-PROMONTORY,SOUTH GIPPSLAND,-38.64962,146.0171,2023,1,January,14,Midday,Weekday
T20230000257,2023-01-02,14:59:00,1,Collision with vehicle,1,Monday,136,RIGHT TURN SIDESWIPE,1,45420,T intersection,2,60,Arterial Other,MT ALEXANDER,MOONEE VALLEY,-37.765263,144.92372,2023,1,January,14,Midday,Weekday
T20230000169,2023-01-03,17:30:00,1,Collision with vehicle,2,Tuesday,130,REAR END(VEHICLES IN SAME LANE),2,777944,Not at intersection,3,60,Local Road,TARNEIT,WYNDHAM,-37.832638,144.67273,2023,1,January,17,Afternoon Peak,Weekday
T20230000295,2023-01-03,15:30:00,1,Collision with vehicle,2,Tuesday,130,REAR END(VEHICLES IN SAME LANE),1,752480,Not at intersection,3,60,Local Road,MORRIS,WYNDHAM,-37.85726,144.70511,2023,1,January,15,Afternoon Peak,Weekday
T20230000165,2023-01-03,19:45:00,4,Collision with a fixed object,2,Tuesday,183,OFF LEFT BEND INTO OBJECT/PARKED VEHICLE,2,44049,T intersection,2,80,Local Road,DENHAM,MORNINGTON PENINSULA,-38.272263,145.21495,2023,1,January,19,Night,Weekday
T20230000164,2023-01-03,17:45:00,4,Collision with a fixed object,2,Tuesday,171,LEFT OFF CARRIAGEWAY INTO OBJECT/PARKED VEHICLE,1,745864,T intersection,3,80,Arterial Highway,ROAD 14,YARRA RANGES,-37.64862,145.56555,2023,1,January,17,Afternoon Peak,Weekday
T20230000161,2023-01-03,17:45:00,1,Collision with vehicle,2,Tuesday,140,U TURN,1,46819,T intersection,3,60,Arterial Other,TOORAK,MELBOURNE,-37.836952,144.9758,2023,1,January,17,Afternoon Peak,Weekday
T20230000160,2023-01-03,15:55:00,8,No collision and no object struck,2,Tuesday,182,OFF CARRIAGEWAY ON LEFT BEND,1,745643,Not at intersection,3,100,Local Road,GAP,STRATHBOGIE,-36.8698,145.44566,2023,1,January,15,Afternoon Peak,Weekday
T20230000181,2023-01-03,23:30:00,1,Collision with vehicle,2,Tuesday,130,REAR END(VEHICLES IN SAME LANE),3,753589,Not at intersection,2,40,Arterial Other,BERWICK-CRANBOURNE,CASEY,-38.105656,145.32983,2023,1,January,23,Night,Weekday
T20230000567,2023-01-03,11:30:00,1,Collision with vehicle,2,Tuesday,120,HEAD ON (NOT OVERTAKING),1,746933,Not at intersection,3,100,Arterial Highway,PRINCES,CORANGAMITE,-38.326397,143.34084,2023,1,January,11,Midday,Weekday
T20230000183,2023-01-03,22:52:00,1,Collision with vehicle,2,Tuesday,110,CROSS TRAFFIC(INTERSECTIONS ONLY),3,324029,Cross intersection,3,80,Arterial Other,BERWICK-CRANBOURNE,CASEY,-38.117744,145.31926,2023,1,January,22,Night,Weekday
T20230000152,2023-01-03,15:00:00,1,Collision with vehicle,2,Tuesday,111,RIGHT FAR (INTERSECTIONS ONLY),1,50449,Cross intersection,3,60,Arterial Highway,GRAHAM STREET -MCKENZIE,BASS COAST,-38.605804,145.59372,2023,1,January,15,Afternoon Peak,Weekday
T20230002628,2023-01-03,15:30:00,6,Vehicle overturned (no collision),2,Tuesday,180,OFF CARRIAGEWAY ON RIGHT BEND,1,752488,T intersection,3,80,Arterial Other,DON ROAD -DONNA BUANG,YARRA RANGES,-37.70175,145.57219,2023,1,January,15,Afternoon Peak,Weekday
T20230000148,2023-01-03,14:40:00,1,Collision with vehicle,2,Tuesday,130,REAR END(VEHICLES IN SAME LANE),1,36685,Cross intersection,3,70,Arterial Highway,HODDLE,YARRA,-37.80716,144.99178,2023,1,January,14,Midday,Weekday
T20230000144,2023-01-03,11:38:00,1,Collision with vehicle,2,Tuesday,121,RIGHT THROUGH,1,241855,T intersection,2,60,Arterial Other,HIGHBURY,MONASH,-37.8558,145.11647,2023,1,January,11,Midday,Weekday
T20230000143,2023-01-03,13:16:00,1,Collision with vehicle,2,Tuesday,111,RIGHT FAR (INTERSECTIONS ONLY),1,62340,Cross intersection,3,50,Local Road,DUNNE,DAREBIN,-37.715508,145.04065,2023,1,January,13,Midday,Weekday
T20230000142,2023-01-03,13:00:00,1,Collision with vehicle,2,Tuesday,147,VEHICLE STRIKES ANOTHER VEH WHILE EMERGING FROM DRIVEWAY,1,783451,Not at intersection,3,60,Arterial Other,GRANGE,DAREBIN,-37.76883,145.02695,2023,1,January,13,Midday,Weekday
T20230000140,2023-01-03,13:30:00,1,Collision with vehicle,2,Tuesday,163,VEHICLE STRIKES DOOR OF PARKED/STATIONARY VEHICLE,1,778358,Not at intersection,3,40,Arterial Other,CLARENDON,PORT PHILLIP,-37.833485,144.9608,2023,1,January,13,Midday,Weekday
T20230000138,2023-01-03,12:27:00,1,Collision with vehicle,2,Tuesday,142,LEAVING PARKING,1,780935,Not at intersection,3,40,Local Road,ASHBURN,BOROONDARA,-37.8643,145.08072,2023,1,January,12,Midday,Weekday
T20230000175,2023-01-03,14:59:00,1,Collision with vehicle,2,Tuesday,150,HEAD ON(OVERTAKING),1,751144,Not at intersection,2,60,Local Road,BRIDGE INN,WHITTLESEA,-37.59697,145.06377,2023,1,January,14,Midday,Weekday
T20230000137,2023-01-03,13:20:00,4,Collision with a fixed object,2,Tuesday,181,OFF RIGHT BEND INTO OBJECT/PARKED VEHICLE,1,773555,Not at intersection,2,80,Local Road,BALFOUR,BAW BAW,-38.141853,145.87096,2023,1,January,13,Midday,Weekday
T20230000133,2023-01-03,12:30:00,1,Collision with vehicle,2,Tuesday,153,CUTTING IN (OVERTAKING),1,780702,T intersection,3,40,Local Road,BELLBRIDGE,WYNDHAM,-37.8684,144.71045,2023,1,January,12,Midday,Weekday
T20230000125,2023-01-03,08:46:00,1,Collision with vehicle,2,Tuesday,113,RIGHT NEAR (INTERSECTIONS ONLY),1,773188,T intersection,3,50,Local Road,JUSCELINA,HUME,-37.58408,144.89996,2023,1,January,8,Morning Peak,Weekday
T20230000122,2023-01-03,07:00:00,1,Collision with vehicle,2,Tuesday,133,LANE SIDE SWIPE (VEHICLES IN PARALLEL LANES),1,781005,Not at intersection,2,70,Arterial Other,MELROSE DRIVE -MICKLEHAM,HUME,-37.699673,144.88052,2023,1,January,7,Morning Peak,Weekday
T20230000217,2023-01-03,17:38:00,1,Collision with vehicle,2,Tuesday,121,RIGHT THROUGH,1,35355,Cross intersection,2,40,Local Road,ELIZABETH,MELBOURNE,-37.812283,144.96227,2023,1,January,17,Afternoon Peak,Weekday
T20230001355,2023-01-03,22:00:00,3,Struck animal,2,Tuesday,167,STRUCK ANIMAL,3,685428,Not at intersection,3,40,Arterial Highway,NORTH ROAD SERVICE,MONASH,-37.911316,145.10132,2023,1,January,22,Night,Weekday
T20230001358,2023-01-03,13:44:00,1,Collision with vehicle,2,Tuesday,121,RIGHT THROUGH,1,278630,Cross intersection,3,80,Freeway,DANDENONG,DANDENONG,-38.001053,145.19063,2023,1,January,13,Midday,Weekday
T20230000219,2023-01-03,20:12:00,6,Vehicle overturned (no collision),2,Tuesday,174,OUT OF CONTROL ON CARRIAGEWAY (ON STRAIGHT),2,769258,Not at intersection,2,60,Local Road,KENNETH WATSON,WODONGA,-36.139175,146.93735,2023,1,January,20,Night,Weekday
T20230013061,2023-01-03,21:25:00,1,Collision with vehicle,2,Tuesday,135,LANE CHANGE LEFT (NOT OVERTAKING),3,775572,Not at intersection,3,80,Freeway,WEST GATE,HOBSONS BAY,-37.829254,144.89755,2023,1,January,21,Night,Weekday
T20230000115,2023-01-03,02:22:00,1,Collision with vehicle,2,Tuesday,130,REAR END(VEHICLES IN SAME LANE),3,777643,T intersection,3,60,Local Road,MURLONG,SWAN HILL,-35.33613,143.54483,2023,1,January,2,Late Night,Weekday
T20230000113,2023-01-03,00:45:00,1,Collision with vehicle,2,Tuesday,130,REAR END(VEHICLES IN SAME LANE),3,777088,Not at intersection,3,40,Freeway,WEST GATE,HOBSONS BAY,-37.829338,144.89769,2023,1,January,0,Late Night,Weekday