ACCIDENT_NO,ACCIDENT_DATE,ACCIDENT_TIME,ACCIDENT_TYPE,ACCIDENT_TYPE_DESC,DAY_OF_WEEK,DAY_WEEK_DESC,DCA_CODE,DCA_DESC,LIGHT_CONDITION,NODE_ID,ROAD_GEOMETRY_DESC,SEVERITY,SPEED_ZONE,RMA,ROAD_NAME,LGA_NAME,LATITUDE,LONGITUDE,YEAR,MONTH,MONTH_NAME,HOUR,TIME_PERIOD,DAY_TYPE
T20230001662,2023-01-03,11:05:00,1,Collision with vehicle,2,Tuesday,147,VEHICLE STRIKES ANOTHER VEH WHILE EMERGING FROM DRIVEWAY,1,785925,Not at intersection,3,50,Local Road,TAYLOR,YARRA RANGES,-37.78623,145.3255,2023,1,January,11,Midday,Weekday
T20230000174,2023-01-03,21:23:00,2,Struck Pedestrian,2,Tuesday,100,PED NEAR SIDE. PED HIT BY VEHICLE FROM THE RIGHT.,3,763126,Not at intersection,2,60,Arterial Other,BARRY,HUME,-37.666435,144.94662,2023,1,January,21,Night,Weekday
T20230000173,2023-01-03,15:40:00,1,Collision with vehicle,2,Tuesday,112,LEFT FAR (INTERSECTIONS ONLY),1,745866,T intersection,3,50,Local Road,GAMMAGE,WHITTLESEA,-37.625126,145.00623,2023,1,January,15,Afternoon Peak,Weekday
T20230000286,2023-01-04,17:00:00,1,Collision with vehicle,3,Wednesday,130,REAR END(VEHICLES IN SAME LANE),1,225009,Cross intersection,3,60,Arterial Other,PLENTY,WHITTLESEA,-37.67038,145.07123,2023,1,January,17,Afternoon Peak,Weekday
T20230000185,2023-01-04,01:52:00,4,Collision with a fixed object,3,Wednesday,173,RIGHT OFF CARRIAGEWAY INTO OBJECT/PARKED VEHICLE,3,783529,T intersection,3,60,Arterial Highway,TOORAK,BOROONDARA,-37.844902,145.04088,2023,1,January,1,Late Night,Weekday
T20230000315,2023-01-04,22:00:00,1,Collision with vehicle,3,Wednesday,160,VEHICLE COLLIDES WITH VEHICLE PARKED ON LEFT OF ROAD,3,783531,Not at intersection,3,60,Arterial Other,MALVERN,STONNINGTON,-37.854088,145.04926,2023,1,January,22,Night,Weekday
T20230000221,2023-01-04,16:10:00,1,Collision with vehicle,3,Wednesday,121,RIGHT THROUGH,1,746092,Not at intersection,3,80,Arterial Other,DONNYBROOK,HUME,-37.537243,144.9192,2023,1,January,16,Afternoon Peak,Weekday
T20230006671,2023-01-04,08:20:00,1,Collision with vehicle,3,Wednesday,130,REAR END(VEHICLES IN SAME LANE),1,51750,Cross intersection,3,80,Local Road,MANDURANG,BENDIGO,-36.826515,144.30278,2023,1,January,8,Morning Peak,Weekday
T20230000627,2023-01-04,16:30:00,1,Collision with vehicle,3,Wednesday,110,CROSS TRAFFIC(INTERSECTIONS ONLY),1,44415,Cross intersection,3,50,Local Road,FORDHAM,DAREBIN,-37.715008,145.01831,2023,1,January,16,Afternoon Peak,Weekday
T20230000323,2023-01-04,13:53:00,1,Collision with vehicle,3,Wednesday,121,RIGHT THROUGH,1,37055,T intersection,3,70,Arterial Highway,HODDLE,MELBOURNE,-37.811256,144.99109,2023,1,January,13,Midday,Weekday
T20230000216,2023-01-04,14:45:00,1,Collision with vehicle,3,Wednesday,110,CROSS TRAFFIC(INTERSECTIONS ONLY),1,29382,Cross intersection,2,60,Arterial Other,MONTAGUE,PORT PHILLIP,-37.831802,144.95119,2023,1,January,14,Midday,Weekday
T20230000616,2023-01-04,10:30:00,6,Vehicle overturned (no collision),3,Wednesday,174,OUT OF CONTROL ON CARRIAGEWAY (ON STRAIGHT),1,753764,T intersection,3,100,Local Road,BRAHAMS,YARRA RANGES,-37.776737,145.82988,2023,1,January,10,Midday,Weekday
T20230000235,2023-01-04,20:35:00,1,Collision with vehicle,3,Wednesday,121,RIGHT THROUGH,2,752848,T intersection,2,80,Arterial Other,CLYDE,CASEY,-38.050667,145.34001,2023,1,January,20,Night,Weekday
T20230000232,2023-01-04,16:45:00,4,Collision with a fixed object,3,Wednesday,171,LEFT OFF CARRIAGEWAY INTO OBJECT/PARKED VEHICLE,1,745931,Not at intersection,2,100,Freeway,MORNINGTON PENINSULA,MORNINGTON PENINSULA,-38.324955,144.99942,2023,1,January,16,Afternoon Peak,Weekday
T20230000340,2023-01-04,17:12:00,1,Collision with vehicle,3,Wednesday,130,REAR END(VEHICLES IN SAME LANE),9,746503,Not at intersection,3,100,Freeway,STUD-MONASH OUT,DANDENONG,-37.95978,145.2264,2023,1,January,17,Afternoon Peak,Weekday
T20230000231,2023-01-04,16:43:00,1,Collision with vehicle,3,Wednesday,110,CROSS TRAFFIC(INTERSECTIONS ONLY),1,17789,Cross intersection,1,100,Local Road,COSGROVE-LEMNOS,SHEPPARTON,-36.34745,145.53156,2023,1,January,16,Afternoon Peak,Weekday
T20230000208,2023-01-04,13:30:00,1,Collision with vehicle,3,Wednesday,113,RIGHT NEAR (INTERSECTIONS ONLY),1,747258,T intersection,3,60,Arterial Other,MT ALEXANDER,MOONEE VALLEY,-37.75529,144.91739,2023,1,January,13,Midday,Weekday
T20230000230,2023-01-04,15:30:00,1,Collision with vehicle,3,Wednesday,140,U TURN,1,754421,Not at intersection,2,60,Arterial Other,STATION,WHITEHORSE,-37.84948,145.12015,2023,1,January,15,Afternoon Peak,Weekday
T20230000229,2023-01-04,19:10:00,6,Vehicle overturned (no collision),3,Wednesday,172,OFF CARRIAGEWAY TO RIGHT,1,746818,Not at intersection,2,100,Freeway,PENINSULA LINK,FRANKSTON,-38.172806,145.1627,2023,1,January,19,Night,Weekday
T20230000334,2023-01-04,07:35:00,6,Vehicle overturned (no collision),3,Wednesday,174,OUT OF CONTROL ON CARRIAGEWAY (ON STRAIGHT),1,777090,Cross intersection,2,60,Local Road,ROSS CREEK-HADDON,GOLDEN PLAINS,-37.5907,143.71928,2023,1,January,7,Morning Peak,Weekday
T20230000226,2023-01-04,17:17:00,1,Collision with vehicle,3,Wednesday,130,REAR END(VEHICLES IN SAME LANE),1,760807,Not at intersection,2,80,Arterial Other,NARRE WARREN,CASEY,-38.081123,145.2963,2023,1,January,17,Afternoon Peak,Weekday
T20230001577,2023-01-04,15:00:00,1,Collision with vehicle,3,Wednesday,110,CROSS TRAFFIC(INTERSECTIONS ONLY),9,43245,Cross intersection,3,50,Local Road,BECCLES,MORELAND,-37.699226,144.97333,2023,1,January,15,Afternoon Peak,Weekday
T20230001609,2023-01-04,10:36:00,1,Collision with vehicle,3,Wednesday,111,RIGHT FAR (INTERSECTIONS ONLY),1,749567,T intersection,3,80,Local Road,GOLF LINKS,CASEY,-38.041515,145.30411,2023,1,January,10,Midday,Weekday
T20230000255,2023-01-04,15:00:00,1,Collision with vehicle,3,Wednesday,130,REAR END(VEHICLES IN SAME LANE),1,777089,T intersection,3,100,Arterial Highway,MAROONDAH,MANSFIELD,-37.031258,145.99063,2023,1,January,15,Afternoon Peak,Weekday
T20230015529,2023-01-04,18:00:00,1,Collision with vehicle,3,Wednesday,130,REAR END(VEHICLES IN SAME LANE),2,50873,T intersection,3,60,Local Road,KANE,WODONGA,-36.119785,146.90054,2023,1,January,18,Afternoon Peak,Weekday
T20230000727,2023-01-04,15:00:00,1,Collision with vehicle,3,Wednesday,121,RIGHT THROUGH,1,42570,Cross intersection,3,60,Arterial Other,POLICE,MONASH,-37.93499,145.17162,2023,1,January,15,Afternoon Peak,Weekday
T20230000576,2023-01-04,13:29:00,1,Collision with vehicle,3,Wednesday,130,REAR END(VEHICLES IN SAME LANE),1,37531,T intersection,3,80,Arterial Other,PLENTY,WHITTLESEA,-37.662857,145.0723,2023,1,January,13,Midday,Weekday
T20230000383,2023-01-04,17:05:00,1,Collision with vehicle,3,Wednesday,130,REAR END(VEHICLES IN SAME LANE),1,774482,Not at intersection,3,40,Arterial Other,MURRAY,DAREBIN,-37.737724,145.00151,2023,1,January,17,Afternoon Peak,Weekday
T20230000200,2023-01-04,10:20:00,1,Collision with vehicle,3,Wednesday,135,LANE CHANGE LEFT (NOT OVERTAKING),1,89355,Not at intersection,3,80,Arterial Other,CANTERBURY,MAROONDAH,-37.823563,145.29678,2023,1,January,10,Midday,Weekday
T20230000891,2023-01-05,16:00:00,1,Collision with vehicle,4,Thursday,140,U TURN,1,777093,Not at intersection,3,50,Local Road,PANTON,BENDIGO,-36.771915,144.26184,2023,1,January,16,Afternoon Peak,Weekday
T20230000275,2023-01-05,13:24:00,4,Collision with a fixed object,4,Thursday,171,LEFT OFF CARRIAGEWAY INTO OBJECT/PARKED VEHICLE,1,221987,Multiple intersection,2,80,Freeway,HUME OUT-COOPER,WHITTLESEA,-37.64825,144.98973,2023,1,January,13,Midday,Weekday
T20230000291,2023-01-05,17:30:00,1,Collision with vehicle,4,Thursday,113,RIGHT NEAR (INTERSECTIONS ONLY),1,39736,Cross intersection,3,70,Arterial Other,BAYSWATER,MAROONDAH,-37.811962,145.26947,2023,1,January,17,Afternoon Peak,Weekday
T20230000274,2023-01-05,15:00:00,1,Collision with vehicle,4,Thursday,113,RIGHT NEAR (INTERSECTIONS ONLY),1,243224,T intersection,3,80,Local Road,RING,BALLARAT,-37.53989,143.80081,2023,1,January,15,Afternoon Peak,Weekday
T20230000296,2023-01-05,19:15:00,1,Collision with vehicle,4,Thursday,134,LANE CHANGE RIGHT (NOT OVERTAKING),1,252030,Not at intersection,3,80,Arterial Highway,FRANKSTON-DANDENONG,FRANKSTON,-38.11965,145.14719,2023,1,January,19,Night,Weekday
T20230000272,2023-01-05,13:28:00,1,Collision with vehicle,4,Thursday,110,CROSS TRAFFIC(INTERSECTIONS ONLY),1,783577,Cross intersection,3,60,Arterial Other,MT ALEXANDER,MOONEE VALLEY,-37.744644,144.9101,2023,1,January,13,Midday,Weekday
T20230000271,2023-01-05,11:10:00,1,Collision with vehicle,4,Thursday,120,HEAD ON (NOT OVERTAKING),1,769981,Not at intersection,2,60,Arterial Other,CEMETERY,MELBOURNE,-37.79293,144.9675,2023,1,January,11,Midday,Weekday
T20230000268,2023-01-05,09:00:00,1,Collision with vehicle,4,Thursday,130,REAR END(VEHICLES IN SAME LANE),1,139333,Not at intersection,2,80,Freeway,WEST GATE,MELBOURNE,-37.82577,144.94263,2023,1,January,9,Morning Peak,Weekday
T20230000308,2023-01-05,21:10:00,1,Collision with vehicle,4,Thursday,111,RIGHT FAR (INTERSECTIONS ONLY),3,752846,Multiple intersection,2,80,Arterial Other,COOPER,WHITTLESEA,-37.64803,144.99054,2023,1,January,21,Night,Weekday
T20230000267,2023-01-05,12:15:00,2,Struck Pedestrian,4,Thursday,101,PED EMERGES FROM IN FRONT OF PARKED OR STATIONARY VEHICLE,1,750936,Not at intersection,3,50,Local Road,SANCTUARY LAKES SOUTH,WYNDHAM,-37.90279,144.77202,2023,1,January,12,Midday,Weekday
T20230000311,2023-01-05,22:45:00,1,Collision with vehicle,4,Thursday,130,REAR END(VEHICLES IN SAME LANE),5,758475,Not at intersection,3,100,Arterial Highway,PRINCES,CORANGAMITE,-38.284763,143.29955,2023,1,January,22,Night,Weekday
T20230000261,2023-01-05,06:15:00,1,Collision with vehicle,4,Thursday,120,HEAD ON (NOT OVERTAKING),1,745978,Not at intersection,1,80,Arterial Highway,PRINCES,WELLINGTON,-38.103703,146.92825,2023,1,January,6,Morning Peak,Weekday
T20230000259,2023-01-05,07:00:00,1,Collision with vehicle,4,Thursday,130,REAR END(VEHICLES IN SAME LANE),1,747147,Cross intersection,3,80,Arterial Other,BOUNDARY ROAD -RAYMOND,WYNDHAM,-37.81514,144.804,2023,1,January,7,Morning Peak,Weekday
T20230000249,2023-01-05,08:45:00,2,Struck Pedestrian,4,Thursday,100,PED NEAR SIDE. PED HIT BY VEHICLE FROM THE RIGHT.,1,229733,Cross intersection,2,80,Arterial Highway,CLAYTON,MONASH,-37.91115,145.12234,2023,1,January,8,Morning Peak,Weekday
T20230000656,2023-01-05,22:50:00,1,Collision with vehicle,4,Thursday,135,LANE CHANGE LEFT (NOT OVERTAKING),3,756512,Not at intersection,3,100,Freeway,CITYLINK,MELBOURNE,-37.781452,144.93935,2023,1,January,22,Night,Weekday
T20230000317,2023-01-05,14:00:00,4,Collision with a fixed object,4,Thursday,181,OFF RIGHT BEND INTO OBJECT/PARKED VEHICLE,1,749771,Not at intersection,3,80,Arterial Other,GEMBROOK-LAUNCHING PLACE,CARDINIA,-37.92906,145.55931,2023,1,January,14,Midday,Weekday
T20230000239,2023-01-05,03:42:00,2,Struck Pedestrian,4,Thursday,106,VEH STRIKES PED ON FOOTPATH/MEDIAN/TRAFFIC ISLAND.,3,55144,Not at intersection,2,40,Local Road,BARRY,MELBOURNE,-37.813114,144.95943,2023,1,January,3,Late Night,Weekday
T20230000319,2023-01-05,23:50:00,1,Collision with vehicle,4,Thursday,134,LANE CHANGE RIGHT (NOT OVERTAKING),3,774493,Not at intersection,3,80,Arterial Other,MAIN WHITTLESEA,WHITTLESEA,-37.661026,145.07283,2023,1,January,23,Night,Weekday
T20230014839,2023-01-05,11:00:00,1,Collision with vehicle,4,Thursday,113,RIGHT NEAR (INTERSECTIONS ONLY),1,49400,T intersection,3,60,Arterial Highway,GOULBURN VALLEY,MURRINDINDI,-37.213566,145.41615,2023,1,January,11,Midday,Weekday
T20230000320,2023-01-05,10:30:00,6,Vehicle overturned (no collision),4,Thursday,174,OUT OF CONTROL ON CARRIAGEWAY (ON STRAIGHT),1,783532,Not at intersection,3,40,Local Road,QUEEN,MELBOURNE,-37.815533,144.96094,2023,1,January,10,Midday,Weekday
T20230000322,2023-01-05,13:24:00,1,Collision with vehicle,4,Thursday,160,VEHICLE COLLIDES WITH VEHICLE PARKED ON LEFT OF ROAD,1,780258,Not at intersection,3,60,Local Road,KENSINGTON,GEELONG,-38.180843,144.46605,2023,1,January,13,Midday,Weekday
T20230000303,2023-01-05,20:35:00,1,Collision with vehicle,4,Thursday,130,REAR END(VEHICLES IN SAME LANE),2,746929,Not at intersection,3,60,Arterial Highway,WESTERN,NORTHERN GRAMPIANS,-37.080074,142.77887,2023,1,January,20,Night,Weekday
T20230000862,2023-01-05,16:37:00,1,Collision with vehicle,4,Thursday,169,OTHER ON PATH,1,763582,Not at intersection,3,50,Arterial Other,DRUMMOND,BALLARAT,-37.557816,143.84799,2023,1,January,16,Afternoon Peak,Weekday
T20230000683,2023-01-05,07:50:00,1,Collision with vehicle,4,Thursday,160,VEHICLE COLLIDES WITH VEHICLE PARKED ON LEFT OF ROAD,1,747157,Not at intersection,2,50,Local Road,GARNETT,MONASH,-37.90648,145.11272,2023,1,January,7,Morning Peak,Weekday
T20230003899,2023-01-05,17:05:00,1,Collision with vehicle,4,Thursday,130,REAR END(VEHICLES IN SAME LANE),1,777096,Not at intersection,3,60,Arterial Other,STATION,BRIMBANK,-37.77264,144.77443,2023,1,January,17,Afternoon Peak,Weekday
T20230000349,2023-01-05,22:00:00,4,Collision with a fixed object,4,Thursday,171,LEFT OFF CARRIAGEWAY INTO OBJECT/PARKED VEHICLE,5,758678,Not at intersection,3,100,Local Road,HARD HILLS,NORTHERN GRAMPIANS,-36.573044,143.3148,2023,1,January,22,Night,Weekday
T20230000709,2023-01-05,12:30:00,1,Collision with vehicle,4,Thursday,136,RIGHT TURN SIDESWIPE,1,747584,T intersection,3,100,Arterial Highway,BASS,BASS COAST,-38.54444,145.46141,2023,1,January,12,Midday,Weekday
T20230000285,2023-01-05,15:49:00,1,Collision with vehicle,4,Thursday,120,HEAD ON (NOT OVERTAKING),1,772836,Not at intersection,3,60,Arterial Other,CANTERBURY,WHITEHORSE,-37.827454,145.11052,2023,1,January,15,Afternoon Peak,Weekday
T20230000279,2023-01-05,15:00:00,1,Collision with vehicle,4,Thursday,110,CROSS TRAFFIC(INTERSECTIONS ONLY),1,36949,Cross intersection,3,40,Local Road,MILES,MELBOURNE,-37.82832,144.9659,2023,1,January,15,Afternoon Peak,Weekday
T20230000724,2023-01-05,14:00:00,2,Struck Pedestrian,4,Thursday,100,PED NEAR SIDE. PED HIT BY VEHICLE FROM THE RIGHT.,1,40524,T intersection,2,40,Arterial Other,HIGH,BOROONDARA,-37.863243,145.07819,2023,1,January,14,Midday,Weekday
T20230000429,2023-01-05,17:00:00,1,Collision with vehicle,4,Thursday,110,CROSS TRAFFIC(INTERSECTIONS ONLY),1,783585,Cross intersection,3,60,Arterial Other,HASTINGS,FRANKSTON,-38.153637,145.13379,2023,1,January,17,Afternoon Peak,Weekday
T20230000333,2023-01-06,06:50:00,1,Collision with vehicle,5,Friday,130,REAR END(VEHICLES IN SAME LANE),2,777257,Not at intersection,3,60,Arterial Other,BALWYN,BOROONDARA,-37.81214,145.08148,2023,1,January,6,Morning Peak,Weekday
T20230000341,2023-01-06,07:14:00,1,Collision with vehicle,5,Friday,121,RIGHT THROUGH,1,29646,Cross intersection,3,60,Arterial Other,NEERIM,GLEN EIRA,-37.88727,145.04613,2023,1,January,7,Morning Peak,Weekday
T20230000826,2023-01-06,13:15:00,2,Struck Pedestrian,5,Friday,103,PED PLAYING/LYING/WORKING/STANDING ON CARRIAGEWAY.,1,783677,Not at intersection,3,50,Local Road,HARBOUR,QUEENSCLIFFE,-38.26409,144.667,2023,1,January,13,Midday,Weekday
T20230007856,2023-01-06,23:00:00,1,Collision with vehicle,5,Friday,110,CROSS TRAFFIC(INTERSECTIONS ONLY),6,73189,Cross intersection,3,50,Local Road,DARE,GEELONG,-38.26875,144.52156,2023,1,January,23,Night,Weekday
T20230000622,2023-01-06,21:00:00,1,Collision with vehicle,5,Friday,116,LEFT NEAR (INTERSECTIONS ONLY),3,783684,Cross intersection,3,60,Arterial Highway,MURRAY VALLEY HIGHWAY -NORTHERN,CAMPASPE,-36.140472,144.72942,2023,1,January,21,Night,Weekday
T20230000344,2023-01-06,06:55:00,1,Collision with vehicle,5,Friday,111,RIGHT FAR (INTERSECTIONS ONLY),1,766765,T intersection,3,100,Arterial Highway,MURRAY VALLEY,CAMPASPE,-36.00586,144.42775,2023,1,January,6,Morning Peak,Weekday
T20230007539,2023-01-06,11:38:00,4,Collision with a fixed object,5,Friday,173,RIGHT OFF CARRIAGEWAY INTO OBJECT/PARKED VEHICLE,1,780704,Not at intersection,3,100,Freeway,WESTERN RING,MORELAND,-37.693886,144.90727,2023,1,January,11,Midday,Weekday
T20230000345,2023-01-06,12:30:00,1,Collision with vehicle,5,Friday,148,VEHICLE OFF FOOTPATH STRIKES VEH ON CARRIAGEWAY,1,746708,Not at intersection,2,50,Local Road,STANLEY,DANDENONG,-37.99408,145.16931,2023,1,January,12,Midday,Weekday
T20230000526,2023-01-06,12:15:00,1,Collision with vehicle,5,Friday,130,REAR END(VEHICLES IN SAME LANE),1,746716,Not at intersection,3,100,Freeway,PRINCES,WYNDHAM,-37.869213,144.7563,2023,1,January,12,Midday,Weekday
T20230000347,2023-01-06,11:18:00,1,Collision with vehicle,5,Friday,110,CROSS TRAFFIC(INTERSECTIONS ONLY),1,44081,Cross intersection,3,50,Arterial Highway,NEPEAN,MORNINGTON PENINSULA,-38.328457,144.97726,2023,1,January,11,Midday,Weekday
T20230001155,2023-01-06,08:56:00,1,Collision with vehicle,5,Friday,130,REAR END(VEHICLES IN SAME LANE),1,777637,T intersection,3,70,Arterial Highway,RAGLAN,WARRNAMBOOL,-38.383656,142.52106,2023,1,January,8,Morning Peak,Weekday
T20230000329,2023-01-06,06:45:00,4,Collision with a fixed object,5,Friday,171,LEFT OFF CARRIAGEWAY INTO OBJECT/PARKED VEHICLE,1,763832,Not at intersection,2,60,Arterial Other,BERWICK-CRANBOURNE,CASEY,-38.114643,145.2947,2023,1,January,6,Morning Peak,Weekday
T20230001203,2023-01-06,20:00:00,4,Collision with a fixed object,5,Friday,171,LEFT OFF CARRIAGEWAY INTO OBJECT/PARKED VEHICLE,2,749614,Not at intersection,3,80,Arterial Other,EPPING-KILMORE,MITCHELL,-37.41527,145.02286,2023,1,January,20,Night,Weekday
T20230003135,2023-01-06,05:35:00,1,Collision with vehicle,5,Friday,130,REAR END(VEHICLES IN SAME LANE),2,774701,Not at intersection,3,60,Arterial Highway,KINGS,PORT PHILLIP,-37.82968,144.96391,2023,1,January,5,Morning Peak,Weekday
T20230000358,2023-01-06,12:40:00,4,Collision with a fixed object,5,Friday,181,OFF RIGHT BEND INTO OBJECT/PARKED VEHICLE,1,780703,Not at intersection,3,80,Arterial Other,PITFIELD-SCARSDALE,GOLDEN PLAINS,-37.78848,143.61145,2023,1,January,12,Midday,Weekday
T20230000326,2023-01-06,08:15:00,1,Collision with vehicle,5,Friday,113,RIGHT NEAR (INTERSECTIONS ONLY),1,57701,Cross intersection,2,100,Arterial Highway,PRINCES,WARRNAMBOOL,-38.386597,142.55154,2023,1,January,8,Morning Peak,Weekday
T20230000360,2023-01-06,10:50:00,1,Collision with vehicle,5,Friday,120,HEAD ON (NOT OVERTAKING),1,780853,Not at intersection,3,50,Local Road,TYLER,DAREBIN,-37.732224,145.02454,2023,1,January,10,Midday,Weekday
T20230000339,2023-01-06,08:00:00,1,Collision with vehicle,5,Friday,120,HEAD ON (NOT OVERTAKING),1,746194,Not at intersection,1,100,Arterial Highway,MCIVOR,BENDIGO,-36.88534,144.66304,2023,1,January,8,Morning Peak,Weekday
T20230000361,2023-01-06,14:15:00,1,Collision with vehicle,5,Friday,121,RIGHT THROUGH,1,52516,Cross intersection,3,60,Arterial Highway,DEAKIN,MILDURA,-34.19823,142.14699,2023,1,January,14,Midday,Weekday
T20230000336,2023-01-06,10:53:00,1,Collision with vehicle,5,Friday,110,CROSS TRAFFIC(INTERSECTIONS ONLY),1,287496,Cross intersection,2,100,Arterial Highway,PYRENEES,MOUNT ALEXANDER,-37.096043,144.32663,2023,1,January,10,Midday,Weekday
T20230000367,2023-01-06,13:38:00,1,Collision with vehicle,5,Friday,120,HEAD ON (NOT OVERTAKING),1,774417,Not at intersection,2,100,Arterial Other,WANGARATTA-WHITFIELD,WANGARATTA,-36.517586,146.3803,2023,1,January,13,Midday,Weekday
T20230029570,2023-01-06,12:15:00,1,Collision with vehicle,5,Friday,130,REAR END(VEHICLES IN SAME LANE),1,134741,T intersection,3,70,Arterial Other,CANTERBURY,WHITEHORSE,-37.833755,145.16429,2023,1,January,12,Midday,Weekday
T20230000380,2023-01-06,17:00:00,8,No collision and no object struck,5,Friday,174,OUT OF CONTROL ON CARRIAGEWAY (ON STRAIGHT),1,752844,Not at intersection,2,100,Local Road,MCLACHLANS,TOWONG,-36.26405,147.93929,2023,1,January,17,Afternoon Peak,Weekday
T20230000381,2023-01-06,10:08:00,1,Collision with vehicle,5,Friday,110,CROSS TRAFFIC(INTERSECTIONS ONLY),1,39109,Cross intersection,2,60,Arterial Other,WHITEHORSE,BOROONDARA,-37.81153,145.0704,2023,1,January,10,Midday,Weekday
T20230000351,2023-01-06,10:35:00,4,Collision with a fixed object,5,Friday,171,LEFT OFF CARRIAGEWAY INTO OBJECT/PARKED VEHICLE,1,256848,Not at intersection,2,60,Local Road,CAMBRIDGE,YARRA RANGES,-37.79166,145.31418,2023,1,January,10,Midday,Weekday
T20230000321,2023-01-06,07:10:00,1,Collision with vehicle,5,Friday,121,RIGHT THROUGH,2,825,Cross intersection,3,50,Arterial Other,SYDNEY,MORELAND,-37.714855,144.962,2023,1,January,7,Morning Peak,Weekday
T20230000384,2023-01-06,18:31:00,6,Vehicle overturned (no collision),5,Friday,174,OUT OF CONTROL ON CARRIAGEWAY (ON STRAIGHT),1,758004,Not at intersection,3,40,Local Road,CHAMBERS,HOBSONS BAY,-37.83557,144.84253,2023,1,January,18,Afternoon Peak,Weekday
T20230001053,2023-01-06,08:07:00,1,Collision with vehicle,5,Friday,120,HEAD ON (NOT OVERTAKING),1,749043,Not at intersection,3,50,Local Road,IRVING,CARDINIA,-38.06734,145.4898,2023,1,January,8,Morning Peak,Weekday
T20230000390,2023-01-06,19:37:00,4,Collision with a fixed object,5,Friday,171,LEFT OFF CARRIAGEWAY INTO OBJECT/PARKED VEHICLE,2,769513,Not at intersection,2,60,Arterial Other,CURDIE,CORANGAMITE,-38.327915,143.0712,2023,1,January,19,Night,Weekday
T20230000392,2023-01-06,21:24:00,1,Collision with vehicle,5,Friday,153,CUTTING IN (OVERTAKING),3,754066,Not at intersection,3,70,Arterial Other,FERNTREE GULLY,MONASH,-37.903004,145.1561,2023,1,January,21,Night,Weekday
T20230002618,2023-01-06,20:20:00,1,Collision with vehicle,5,Friday,130,REAR END(VEHICLES IN SAME LANE),2,777649,T intersection,3,60,Arterial Highway,NEPEAN,FRANKSTON,-38.152504,145.1121,2023,1,January,20,Night,Weekday
T20230000395,2023-01-06,18:45:00,1,Collision with vehicle,5,Friday,110,CROSS TRAFFIC(INTERSECTIONS ONLY),1,43662,Cross intersection,3,60,Arterial Other,GAP,HUME,-37.578457,144.71011,2023,1,January,18,Afternoon Peak,Weekday
T20230000545,2023-01-06,22:00:00,1,Collision with vehicle,5,Friday,130,REAR END(VEHICLES IN SAME LANE),3,36249,T intersection,3,80,Arterial Other,CRANBOURNE-FRANKSTON,FRANKSTON,-38.149254,145.1967,2023,1,January,22,Night,Weekday
T20230000396,2023-01-06,14:25:00,1,Collision with vehicle,5,Friday,121,RIGHT THROUGH,1,32014,Cross intersection,1,70,Arterial Highway,BURWOOD,WHITEHORSE,-37.85212,145.13235,2023,1,January,14,Midday,Weekday
T20230000397,2023-01-06,15:35:00,1,Collision with vehicle,5,Friday,120,HEAD ON (NOT OVERTAKING),1,773703,Not at intersection,1,80,Arterial Other,GEELONG,GEELONG,-38.12711,144.6274,2023,1,January,15,Afternoon Peak,Weekday
T20230000400,2023-01-06,23:22:00,1,Collision with vehicle,5,Friday,110,CROSS TRAFFIC(INTERSECTIONS ONLY),3,44606,Cross intersection,3,50,Arterial Other,MAIN,BALLARAT,-37.564983,143.8675,2023,1,January,23,Night,Weekday
T20230000479,2023-01-06,18:30:00,1,Collision with vehicle,5,Friday,163,VEHICLE STRIKES DOOR OF PARKED/STATIONARY VEHICLE,1,783591,T intersection,3,40,Local Road,ELIZABETH,MELBOURNE,-37.814163,144.96312,2023,1,January,18,Afternoon Peak,Weekday
T20230001334,2023-01-06,22:05:00,1,Collision with vehicle,5,Friday,110,CROSS TRAFFIC(INTERSECTIONS ONLY),3,43788,Cross intersection,3,60,Arterial Other,CLEGG,YARRA RANGES,-37.782345,145.41853,2023,1,January,22,Night,Weekday
T20230001142,2023-01-07,11:00:00,8,No collision and no object struck,6,Saturday,174,OUT OF CONTROL ON CARRIAGEWAY (ON STRAIGHT),1,748266,Not at intersection,3,70,Local Road,FIRTH,MACEDON RANGES,-37.43262,144.40375,2023,1,January,11,Midday,Weekend
T20230000455,2023-01-07,18:20:00,1,Collision with vehicle,6,Saturday,113,RIGHT NEAR (INTERSECTIONS ONLY),1,753013,T intersection,2,80,Arterial Other,DAYLESFORD-MALMSBURY,HEPBURN,-37.275494,144.29848,2023,1,January,18,Afternoon Peak,Weekend
T20230000454,2023-01-07,15:00:00,1,Collision with vehicle,6,Saturday,133,LANE SIDE SWIPE (VEHICLES IN PARALLEL LANES),1,781006,Not at intersection,2,50,Arterial Highway,GREAT OCEAN,SURF COAST,-38.468037,144.08534,2023,1,January,15,Afternoon Peak,Weekend
T20230000453,2023-01-07,17:20:00,2,Struck Pedestrian,6,Saturday,108,PED STRUCK WALKING TO/FROM OR BOARDING/ALIGHTING VEHICLE.,1,783845,Not at intersection,3,50,Local Road,IONA,BAYSIDE,-37.973976,145.02344,2023,1,January,17,Afternoon Peak,Weekend
T20230000446,2023-01-07,17:00:00,1,Collision with vehicle,6,Saturday,121,RIGHT THROUGH,1,43292,T intersection,3,40,Arterial Highway,NEPEAN,KINGSTON,-38.050625,145.11516,2023,1,January,17,Afternoon Peak,Weekend