ACCIDENT_NO,ACCIDENT_DATE,ACCIDENT_TIME,ACCIDENT_TYPE,ACCIDENT_TYPE_DESC,DAY_OF_WEEK,DAY_WEEK_DESC,DCA_CODE,DCA_DESC,LIGHT_CONDITION,NODE_ID,ROAD_GEOMETRY_DESC,SEVERITY,SPEED_ZONE,RMA,ROAD_NAME,LGA_NAME,LATITUDE,LONGITUDE,YEAR,MONTH,MONTH_NAME,HOUR,TIME_PERIOD,DAY_TYPE
T20230000445,2023-01-07,15:12:00,1,Collision with vehicle,6,Saturday,130,REAR END(VEHICLES IN SAME LANE),1,746710,Not at intersection,2,80,Arterial Other,WHITE HILL,MORNINGTON PENINSULA,-38.362175,145.0119,2023,1,January,15,Afternoon Peak,Weekend
T20230000443,2023-01-07,15:50:00,4,Collision with a fixed object,6,Saturday,183,OFF LEFT BEND INTO OBJECT/PARKED VEHICLE,1,757893,Not at intersection,2,80,Local Road,OBSERVATION,YARRA RANGES,-37.56235,145.87253,2023,1,January,15,Afternoon Peak,Weekend
T20230000440,2023-01-07,15:30:00,5,collision with some other object,6,Saturday,191,LOAD OR MISSILE STRUCK VEHICLE,1,746509,Not at intersection,2,100,Arterial Highway,WESTERN,HORSHAM,-36.803204,142.33148,2023,1,January,15,Afternoon Peak,Weekend
T20230002803,2023-01-07,08:33:00,1,Collision with vehicle,6,Saturday,130,REAR END(VEHICLES IN SAME LANE),1,280282,T intersection,3,60,Arterial Other,HEIDELBERG-WARRANDYTE ROAD -YARRA,MANNINGHAM,-37.747395,145.2099,2023,1,January,8,Morning Peak,Weekend
T20230000439,2023-01-07,15:41:00,1,Collision with vehicle,6,Saturday,130,REAR END(VEHICLES IN SAME LANE),1,752065,Not at intersection,2,100,Local Road,PURVIS,LATROBE,-38.13721,146.2938,2023,1,January,15,Afternoon Peak,Weekend
T20230000438,2023-01-07,15:36:00,1,Collision with vehicle,6,Saturday,116,LEFT NEAR (INTERSECTIONS ONLY),1,49073,T intersection,2,70,Arterial Other,DONCASTER,MANNINGHAM,-37.788033,145.15262,2023,1,January,15,Afternoon Peak,Weekend
T20230000437,2023-01-07,15:40:00,1,Collision with vehicle,6,Saturday,142,LEAVING PARKING,1,747365,Not at intersection,3,40,Local Road,EIGHTH,MILDURA,-34.18358,142.16086,2023,1,January,15,Afternoon Peak,Weekend
T20230000436,2023-01-07,15:45:00,4,Collision with a fixed object,6,Saturday,173,RIGHT OFF CARRIAGEWAY INTO OBJECT/PARKED VEHICLE,1,783687,Not at intersection,3,50,Local Road,STREETS,WODONGA,-36.155415,146.88264,2023,1,January,15,Afternoon Peak,Weekend
T20230000428,2023-01-07,12:36:00,4,Collision with a fixed object,6,Saturday,171,LEFT OFF CARRIAGEWAY INTO OBJECT/PARKED VEHICLE,1,753571,Not at intersection,2,100,Local Road,GREENSHIELDS,BAW BAW,-38.163815,145.87065,2023,1,January,12,Midday,Weekend
T20230000427,2023-01-07,10:30:00,4,Collision with a fixed object,6,Saturday,181,OFF RIGHT BEND INTO OBJECT/PARKED VEHICLE,1,777033,Not at intersection,2,100,Local Road,EUROA-STRATHBOGIE,STRATHBOGIE,-36.80788,145.64035,2023,1,January,10,Midday,Weekend
T20230000426,2023-01-07,12:30:00,4,Collision with a fixed object,6,Saturday,171,LEFT OFF CARRIAGEWAY INTO OBJECT/PARKED VEHICLE,1,747579,Not at intersection,2,60,Local Road,MILNERS,YARRA RANGES,-37.798664,145.60687,2023,1,January,12,Midday,Weekend
T20230000423,2023-01-07,11:15:00,1,Collision with vehicle,6,Saturday,121,RIGHT THROUGH,1,346616,Cross intersection,2,80,Freeway,PRINCES,CASEY,-38.02835,145.32202,2023,1,January,11,Midday,Weekend
T20230000418,2023-01-07,10:45:00,1,Collision with vehicle,6,Saturday,114,TWO RIGHT TURNING (INTERSECTIONS ONLY),1,40062,Cross intersection,3,50,Local Road,MARY,PORT PHILLIP,-37.85963,144.97311,2023,1,January,10,Midday,Weekend
T20230000417,2023-01-07,10:30:00,1,Collision with vehicle,6,Saturday,113,RIGHT NEAR (INTERSECTIONS ONLY),1,746508,T intersection,3,60,Local Road,TIMOR,BANYULE,-37.7419,145.04578,2023,1,January,10,Midday,Weekend
T20230000413,2023-01-07,09:40:00,1,Collision with vehicle,6,Saturday,113,RIGHT NEAR (INTERSECTIONS ONLY),1,746717,T intersection,2,60,Arterial Other,DROUIN-KORUMBURRA,BAW BAW,-38.140026,145.85562,2023,1,January,9,Morning Peak,Weekend
T20230000410,2023-01-07,07:10:00,1,Collision with vehicle,6,Saturday,130,REAR END(VEHICLES IN SAME LANE),1,777739,Not at intersection,3,80,Arterial Other,BORONIA,KNOX,-37.856285,145.25444,2023,1,January,7,Morning Peak,Weekend
T20230000406,2023-01-07,06:03:00,1,Collision with vehicle,6,Saturday,110,CROSS TRAFFIC(INTERSECTIONS ONLY),2,35298,Cross intersection,2,60,Arterial Other,BRUNSWICK,MORELAND,-37.778294,144.97069,2023,1,January,6,Morning Peak,Weekend
T20230000403,2023-01-07,04:00:00,3,Struck animal,6,Saturday,167,STRUCK ANIMAL,5,769009,Not at intersection,2,100,Arterial Other,GRAHAM,CAMPASPE,-36.298843,144.9964,2023,1,January,4,Late Night,Weekend
T20230005858,2023-01-07,13:00:00,8,No collision and no object struck,6,Saturday,170,OFF CARRIAGEWAY TO LEFT,1,762258,Not at intersection,3,80,Arterial Other,TYERS-WALHALLA,BAW BAW,-37.975822,146.39507,2023,1,January,13,Midday,Weekend
T20230000960,2023-01-07,12:30:00,6,Vehicle overturned (no collision),6,Saturday,172,OFF CARRIAGEWAY TO RIGHT,1,783686,Not at intersection,3,60,Arterial Other,ESPLANADE,MORNINGTON PENINSULA,-38.286606,144.99187,2023,1,January,12,Midday,Weekend
T20230007811,2023-01-07,09:45:00,1,Collision with vehicle,6,Saturday,160,VEHICLE COLLIDES WITH VEHICLE PARKED ON LEFT OF ROAD,1,765418,Not at intersection,2,50,Arterial Other,ESPLANADE,BAYSIDE,-37.91543,144.98712,2023,1,January,9,Morning Peak,Weekend
T20230000519,2023-01-07,22:30:00,4,Collision with a fixed object,6,Saturday,181,OFF RIGHT BEND INTO OBJECT/PARKED VEHICLE,5,751813,Not at intersection,3,100,Arterial Highway,GREAT ALPINE,ALPINE,-36.921696,147.06482,2023,1,January,22,Night,Weekend
T20230000501,2023-01-07,16:55:00,1,Collision with vehicle,6,Saturday,121,RIGHT THROUGH,1,45934,T intersection,3,60,Local Road,SHEILA,DAREBIN,-37.735756,145.02522,2023,1,January,16,Afternoon Peak,Weekend
T20230000599,2023-01-07,11:30:00,1,Collision with vehicle,6,Saturday,143,ENTERING PARKING,1,760678,Not at intersection,3,40,Arterial Other,VICTORIA,YARRA,-37.81007,144.99582,2023,1,January,11,Midday,Weekend
T20230000456,2023-01-07,20:56:00,2,Struck Pedestrian,6,Saturday,102,FAR SIDE. PED HIT BY VEHICLE FROM THE LEFT,2,746711,Cross intersection,2,60,Local Road,MACAULAY,MELBOURNE,-37.79542,144.9388,2023,1,January,20,Night,Weekend
T20230000461,2023-01-07,11:15:00,6,Vehicle overturned (no collision),6,Saturday,184,OUT OF CONTROL ON CARRIAGEWAY (ON BEND),1,747580,Not at intersection,3,80,Arterial Other,LANG LANG-POOWONG,SOUTH GIPPSLAND,-38.333843,145.70798,2023,1,January,11,Midday,Weekend
T20230002590,2023-01-07,18:10:00,4,Collision with a fixed object,6,Saturday,181,OFF RIGHT BEND INTO OBJECT/PARKED VEHICLE,1,783689,Not at intersection,3,100,Arterial Other,ROKEWOOD-SKIPTON,CORANGAMITE,-37.74274,143.42996,2023,1,January,18,Afternoon Peak,Weekend
T20230000466,2023-01-07,20:00:00,1,Collision with vehicle,6,Saturday,110,CROSS TRAFFIC(INTERSECTIONS ONLY),2,60923,Cross intersection,2,50,Local Road,ASCOT,BALLARAT,-37.570908,143.84254,2023,1,January,20,Night,Weekend
T20230000463,2023-01-07,20:27:00,1,Collision with vehicle,6,Saturday,120,HEAD ON (NOT OVERTAKING),2,746712,Not at intersection,2,50,Local Road,MOORE,WELLINGTON,-38.15576,146.77554,2023,1,January,20,Night,Weekend
T20230000462,2023-01-07,21:28:00,1,Collision with vehicle,6,Saturday,121,RIGHT THROUGH,3,55850,T intersection,2,60,Local Road,ACKERLY,BENALLA,-36.546295,145.9777,2023,1,January,21,Night,Weekend
T20230000459,2023-01-07,09:23:00,1,Collision with vehicle,6,Saturday,130,REAR END(VEHICLES IN SAME LANE),1,777635,Not at intersection,3,60,Arterial Other,MONBULK,YARRA RANGES,-37.88282,145.39064,2023,1,January,9,Morning Peak,Weekend
T20230000620,2023-01-08,09:00:00,5,collision with some other object,7,Sunday,166,STRUCK OBJECT ON CARRIAGEWAY,1,747152,T intersection,3,80,Local Road,MCCULLOUGH,BAW BAW,-37.96254,146.0115,2023,1,January,9,Morning Peak,Weekend
T20230000508,2023-01-08,13:15:00,4,Collision with a fixed object,7,Sunday,183,OFF LEFT BEND INTO OBJECT/PARKED VEHICLE,1,774025,Not at intersection,2,80,Arterial Highway,BASS,SOUTH GIPPSLAND,-38.485928,145.93645,2023,1,January,13,Midday,Weekend
T20230000483,2023-01-08,10:30:00,1,Collision with vehicle,7,Sunday,121,RIGHT THROUGH,1,57203,T intersection,2,80,Arterial Other,KENSINGTON,GEELONG,-38.175537,144.46716,2023,1,January,10,Midday,Weekend
T20230005813,2023-01-08,13:08:00,1,Collision with vehicle,7,Sunday,130,REAR END(VEHICLES IN SAME LANE),1,35636,Cross intersection,3,60,Arterial Highway,OVERTON,FRANKSTON,-38.13007,145.13147,2023,1,January,13,Midday,Weekend
T20230000507,2023-01-08,13:46:00,4,Collision with a fixed object,7,Sunday,164,PERMANENT OBSTRUCTION ON CARRIAGEWAY,1,783910,Not at intersection,3,100,Arterial Highway,DANDENONG-HASTINGS,DANDENONG,-38.046555,145.24536,2023,1,January,13,Midday,Weekend
T20230000816,2023-01-08,15:40:00,8,No collision and no object struck,7,Sunday,180,OFF CARRIAGEWAY ON RIGHT BEND,1,783846,Not at intersection,3,60,Local Road,NOLANS,BALLARAT,-37.660934,143.83684,2023,1,January,15,Afternoon Peak,Weekend
T20230000498,2023-01-08,13:28:00,1,Collision with vehicle,7,Sunday,134,LANE CHANGE RIGHT (NOT OVERTAKING),1,758679,Not at intersection,3,80,Freeway,TULLAMARINE,MOONEE VALLEY,-37.72062,144.89201,2023,1,January,13,Midday,Weekend
T20230000503,2023-01-08,14:52:00,1,Collision with vehicle,7,Sunday,113,RIGHT NEAR (INTERSECTIONS ONLY),1,280692,T intersection,2,70,Arterial Highway,NEPEAN,MORNINGTON PENINSULA,-38.232906,145.04033,2023,1,January,14,Midday,Weekend
T20230000480,2023-01-08,08:45:00,1,Collision with vehicle,7,Sunday,147,VEHICLE STRIKES ANOTHER VEH WHILE EMERGING FROM DRIVEWAY,1,73988,T intersection,3,60,Local Road,ALEXANDER,BASS COAST,-38.45233,145.23482,2023,1,January,8,Morning Peak,Weekend
T20230000523,2023-01-08,19:29:00,2,Struck Pedestrian,7,Sunday,100,PED NEAR SIDE. PED HIT BY VEHICLE FROM THE RIGHT.,1,746715,Not at intersection,3,50,Local Road,ROUSE,PORT PHILLIP,-37.84243,144.94,2023,1,January,19,Night,Weekend
T20230000502,2023-01-08,12:35:00,1,Collision with vehicle,7,Sunday,121,RIGHT THROUGH,1,57050,T intersection,2,70,Local Road,MCGREGOR,CARDINIA,-38.083588,145.4727,2023,1,January,12,Midday,Weekend
T20230000795,2023-01-08,21:15:00,1,Collision with vehicle,7,Sunday,130,REAR END(VEHICLES IN SAME LANE),9,747588,Not at intersection,2,60,Arterial Other,FRANKSTON-FLINDERS,MORNINGTON PENINSULA,-38.37396,145.11467,2023,1,January,21,Night,Weekend
T20230000533,2023-01-08,21:07:00,4,Collision with a fixed object,7,Sunday,173,RIGHT OFF CARRIAGEWAY INTO OBJECT/PARKED VEHICLE,5,783947,T intersection,3,50,Local Road,ELEVATION,HUME,-37.601406,144.90028,2023,1,January,21,Night,Weekend
T20230000485,2023-01-08,08:15:00,4,Collision with a fixed object,7,Sunday,171,LEFT OFF CARRIAGEWAY INTO OBJECT/PARKED VEHICLE,1,783951,Not at intersection,3,80,Arterial Other,BALNARRING,MORNINGTON PENINSULA,-38.301,145.0797,2023,1,January,8,Morning Peak,Weekend
T20230000809,2023-01-08,16:09:00,1,Collision with vehicle,7,Sunday,160,VEHICLE COLLIDES WITH VEHICLE PARKED ON LEFT OF ROAD,1,778362,Not at intersection,3,50,Local Road,BOTHA,DAREBIN,-37.700966,145.00334,2023,1,January,16,Afternoon Peak,Weekend
T20230000487,2023-01-08,10:58:00,1,Collision with vehicle,7,Sunday,110,CROSS TRAFFIC(INTERSECTIONS ONLY),1,324029,Cross intersection,2,80,Arterial Other,BERWICK-CRANBOURNE,CASEY,-38.117744,145.31926,2023,1,January,10,Midday,Weekend
T20230001403,2023-01-08,12:30:00,1,Collision with vehicle,7,Sunday,130,REAR END(VEHICLES IN SAME LANE),1,49807,Not at intersection,2,70,Arterial Highway,PRINCES,GEELONG,-38.12126,144.35327,2023,1,January,12,Midday,Weekend
T20230000488,2023-01-08,12:20:00,4,Collision with a fixed object,7,Sunday,181,OFF RIGHT BEND INTO OBJECT/PARKED VEHICLE,1,783938,Not at intersection,3,100,Local Road,RINGIN,BAW BAW,-38.15917,145.8084,2023,1,January,12,Midday,Weekend
T20230000469,2023-01-08,01:45:00,4,Collision with a fixed object,7,Sunday,183,OFF LEFT BEND INTO OBJECT/PARKED VEHICLE,3,746608,Not at intersection,3,60,Local Road,RUSHDALE,KNOX,-37.899643,145.25568,2023,1,January,1,Late Night,Weekend
T20230000473,2023-01-08,07:09:00,1,Collision with vehicle,7,Sunday,148,VEHICLE OFF FOOTPATH STRIKES VEH ON CARRIAGEWAY,1,35262,Cross intersection,2,70,Arterial Highway,LATROBE,GEELONG,-38.15461,144.35143,2023,1,January,7,Morning Peak,Weekend
T20230000522,2023-01-08,17:54:00,1,Collision with vehicle,7,Sunday,160,VEHICLE COLLIDES WITH VEHICLE PARKED ON LEFT OF ROAD,1,780263,Not at intersection,3,50,Arterial Highway,BROOKE,LODDON,-36.57425,143.86755,2023,1,January,17,Afternoon Peak,Weekend
T20230001596,2023-01-08,20:37:00,1,Collision with vehicle,7,Sunday,130,REAR END(VEHICLES IN SAME LANE),2,777634,Not at intersection,3,60,Local Road,ROSSACK,GEELONG,-38.215103,144.31058,2023,1,January,20,Night,Weekend
T20230000521,2023-01-08,17:08:00,1,Collision with vehicle,7,Sunday,160,VEHICLE COLLIDES WITH VEHICLE PARKED ON LEFT OF ROAD,1,746817,Unknown,3,50,Local Road,MCKINNON,GLEN EIRA,-37.913685,145.05869,2023,1,January,17,Afternoon Peak,Weekend
T20230000530,2023-01-08,20:58:00,4,Collision with a fixed object,7,Sunday,183,OFF LEFT BEND INTO OBJECT/PARKED VEHICLE,5,781008,Not at intersection,2,60,Local Road,CHAPPLE,WODONGA,-36.12175,146.90164,2023,1,January,20,Night,Weekend
T20230000517,2023-01-08,13:00:00,4,Collision with a fixed object,7,Sunday,181,OFF RIGHT BEND INTO OBJECT/PARKED VEHICLE,1,753272,Not at intersection,2,80,Arterial Other,WOODS POINT,YARRA RANGES,-37.66618,145.85507,2023,1,January,13,Midday,Weekend
T20230000516,2023-01-08,15:46:00,1,Collision with vehicle,7,Sunday,121,RIGHT THROUGH,1,134,Cross intersection,3,60,Arterial Highway,MAIN,KINGSTON,-38.00586,145.08574,2023,1,January,15,Afternoon Peak,Weekend
T20230000496,2023-01-08,12:40:00,1,Collision with vehicle,7,Sunday,116,LEFT NEAR (INTERSECTIONS ONLY),1,754086,T intersection,3,60,Local Road,WALKER,BALLARAT,-37.595425,143.82446,2023,1,January,12,Midday,Weekend
T20230000511,2023-01-08,13:30:00,3,Struck animal,7,Sunday,167,STRUCK ANIMAL,1,751115,Not at intersection,2,80,Local Road,RIVER,GANNAWARRA,-35.67428,144.17303,2023,1,January,13,Midday,Weekend
T20230000477,2023-01-08,10:20:00,4,Collision with a fixed object,7,Sunday,171,LEFT OFF CARRIAGEWAY INTO OBJECT/PARKED VEHICLE,1,753157,Not at intersection,3,50,Local Road,DUDLEY,GLEN EIRA,-37.880337,145.04865,2023,1,January,10,Midday,Weekend
T20230000510,2023-01-08,11:35:00,1,Collision with vehicle,7,Sunday,121,RIGHT THROUGH,1,29680,T intersection,3,60,Arterial Other,KEYS,KINGSTON,-37.94763,145.05902,2023,1,January,11,Midday,Weekend
T20230005854,2023-01-08,14:00:00,8,No collision and no object struck,7,Sunday,189,OTHER ACCIDENTS ON CURVE NOT INCLUDED IN DCAs 180-184,1,785227,Not at intersection,3,60,Local Road,SWITCH,GEELONG,-37.8691,144.24535,2023,1,January,14,Midday,Weekend
T20230000780,2023-01-08,14:30:00,8,No collision and no object struck,7,Sunday,179,OTHER ACCIDENTS-OFF STRAIGHT NOT INCLUDED IN DCAs 170-175,1,15294,T intersection,3,100,Arterial Other,EPPING-KILMORE,MITCHELL,-37.421246,145.02263,2023,1,January,14,Midday,Weekend
T20230000833,2023-01-08,19:30:00,2,Struck Pedestrian,7,Sunday,100,PED NEAR SIDE. PED HIT BY VEHICLE FROM THE RIGHT.,9,761776,Not at intersection,3,50,Local Road,ST JOHNS,DANDENONG,-37.949036,145.15028,2023,1,January,19,Night,Weekend
T20230000492,2023-01-08,12:55:00,1,Collision with vehicle,7,Sunday,134,LANE CHANGE RIGHT (NOT OVERTAKING),1,746714,Cross intersection,2,60,Arterial Other,BARKLY,PORT PHILLIP,-37.864273,144.98175,2023,1,January,12,Midday,Weekend
T20230005412,2023-01-08,16:00:00,2,Struck Pedestrian,7,Sunday,100,PED NEAR SIDE. PED HIT BY VEHICLE FROM THE RIGHT.,1,788442,Not at intersection,3,40,Local Road,THE ESPLANADE,BASS COAST,-38.63518,145.73111,2023,1,January,16,Afternoon Peak,Weekend
T20230000497,2023-01-08,13:25:00,6,Vehicle overturned (no collision),7,Sunday,174,OUT OF CONTROL ON CARRIAGEWAY (ON STRAIGHT),1,747366,Not at intersection,2,50,Local Road,EXELL,MELTON,-37.70042,144.57791,2023,1,January,13,Midday,Weekend
T20230001183,2023-01-09,08:15:00,1,Collision with vehicle,1,Monday,160,VEHICLE COLLIDES WITH VEHICLE PARKED ON LEFT OF ROAD,1,748483,T intersection,2,60,Arterial Other,BEACH,BAYSIDE,-37.95075,145.00244,2023,1,January,8,Morning Peak,Weekday
T20230001348,2023-01-09,01:00:00,8,No collision and no object struck,1,Monday,179,OTHER ACCIDENTS-OFF STRAIGHT NOT INCLUDED IN DCAs 170-175,3,354705,T intersection,3,40,Local Road,LYGON,MELBOURNE,-37.80109,144.96687,2023,1,January,1,Late Night,Weekday
T20230000611,2023-01-09,23:00:00,8,No collision and no object struck,1,Monday,174,OUT OF CONTROL ON CARRIAGEWAY (ON STRAIGHT),3,747255,Not at intersection,2,50,Local Road,VISTA,BASS COAST,-38.527897,145.33612,2023,1,January,23,Night,Weekday
T20230000609,2023-01-09,21:14:00,1,Collision with vehicle,1,Monday,110,CROSS TRAFFIC(INTERSECTIONS ONLY),3,683318,Cross intersection,2,80,Arterial Other,SUNSHINE,BRIMBANK,-37.729427,144.81503,2023,1,January,21,Night,Weekday
T20230000624,2023-01-09,08:28:00,4,Collision with a fixed object,1,Monday,173,RIGHT OFF CARRIAGEWAY INTO OBJECT/PARKED VEHICLE,1,757026,Not at intersection,2,80,Local Road,WORSLEY,DANDENONG,-38.061592,145.18266,2023,1,January,8,Morning Peak,Weekday
T20230000565,2023-01-09,08:12:00,1,Collision with vehicle,1,Monday,111,RIGHT FAR (INTERSECTIONS ONLY),1,65042,T intersection,3,60,Local Road,BOORAL,BRIMBANK,-37.79489,144.81602,2023,1,January,8,Morning Peak,Weekday
T20230001520,2023-01-09,14:51:00,1,Collision with vehicle,1,Monday,130,REAR END(VEHICLES IN SAME LANE),1,754304,Not at intersection,3,80,Arterial Highway,SPRINGVALE,WHITEHORSE,-37.86161,145.16911,2023,1,January,14,Midday,Weekday
T20230000612,2023-01-09,02:00:00,1,Collision with vehicle,1,Monday,121,RIGHT THROUGH,3,55691,Cross intersection,2,70,Arterial Other,CAMP,HUME,-37.689003,144.95235,2023,1,January,2,Late Night,Weekday
T20230000597,2023-01-09,16:30:00,1,Collision with vehicle,1,Monday,130,REAR END(VEHICLES IN SAME LANE),1,747151,Not at intersection,3,100,Freeway,MORNINGTON PENINSULA,DANDENONG,-38.04119,145.14105,2023,1,January,16,Afternoon Peak,Weekday
T20230000596,2023-01-09,17:45:00,2,Struck Pedestrian,1,Monday,100,PED NEAR SIDE. PED HIT BY VEHICLE FROM THE RIGHT.,1,202162,Not at intersection,2,40,Arterial Other,CENTRE,GLEN EIRA,-37.917667,145.03217,2023,1,January,17,Afternoon Peak,Weekday
T20230000594,2023-01-09,16:00:00,6,Vehicle overturned (no collision),1,Monday,182,OFF CARRIAGEWAY ON LEFT BEND,1,755663,Not at intersection,2,80,Local Road,KINGLAKE-GLENBURN,MURRINDINDI,-37.510715,145.3636,2023,1,January,16,Afternoon Peak,Weekday
T20230000591,2023-01-09,14:20:00,1,Collision with vehicle,1,Monday,110,CROSS TRAFFIC(INTERSECTIONS ONLY),1,61046,Cross intersection,3,60,Local Road,BEVERIN,BALLARAT,-37.595276,143.8397,2023,1,January,14,Midday,Weekday
T20230000553,2023-01-09,09:18:00,6,Vehicle overturned (no collision),1,Monday,184,OUT OF CONTROL ON CARRIAGEWAY (ON BEND),1,788259,Not at intersection,2,100,Arterial Highway,PRINCES,MOYNE,-38.3281,142.39998,2023,1,January,9,Morning Peak,Weekday
T20230000543,2023-01-09,06:30:00,4,Collision with a fixed object,1,Monday,175,OFF END OF ROAD/T-INTERSECTION.,1,762475,T intersection,2,60,Local Road,PROSPERITY,DANDENONG,-38.051334,145.20966,2023,1,January,6,Morning Peak,Weekday
T20230000542,2023-01-09,07:45:00,1,Collision with vehicle,1,Monday,116,LEFT NEAR (INTERSECTIONS ONLY),1,59079,T intersection,2,60,Local Road,MACISAAC,SHEPPARTON,-36.379105,145.34634,2023,1,January,7,Morning Peak,Weekday
T20230000541,2023-01-09,07:30:00,4,Collision with a fixed object,1,Monday,173,RIGHT OFF CARRIAGEWAY INTO OBJECT/PARKED VEHICLE,1,746879,Not at intersection,2,100,Arterial Highway,WIMMERA,LODDON,-36.709747,143.60072,2023,1,January,7,Morning Peak,Weekday
T20230000537,2023-01-09,07:00:00,1,Collision with vehicle,1,Monday,110,CROSS TRAFFIC(INTERSECTIONS ONLY),1,35794,Cross intersection,2,60,Arterial Highway,RAGLAN,WARRNAMBOOL,-38.38395,142.49258,2023,1,January,7,Morning Peak,Weekday
T20230000571,2023-01-09,07:38:00,6,Vehicle overturned (no collision),1,Monday,174,OUT OF CONTROL ON CARRIAGEWAY (ON STRAIGHT),1,754765,Not at intersection,1,100,Arterial Other,CASTERTON-APSLEY,WEST WIMMERA,-37.10686,141.03691,2023,1,January,7,Morning Peak,Weekday
T20230001003,2023-01-09,16:30:00,1,Collision with vehicle,1,Monday,137,LEFT TURN SIDESWIPE,1,36489,Cross intersection,3,40,Local Road,BRUNSWICK,YARRA,-37.794735,144.97908,2023,1,January,16,Afternoon Peak,Weekday
T20230000639,2023-01-09,17:07:00,1,Collision with vehicle,1,Monday,130,REAR END(VEHICLES IN SAME LANE),1,755938,Not at intersection,3,100,Freeway,WESTERN RING,BRIMBANK,-37.707867,144.88539,2023,1,January,17,Afternoon Peak,Weekday
T20230000566,2023-01-09,09:00:00,1,Collision with vehicle,1,Monday,113,RIGHT NEAR (INTERSECTIONS ONLY),1,30043,T intersection,3,80,Arterial Highway,PRINCES,CASEY,-38.002953,145.24709,2023,1,January,9,Morning Peak,Weekday
T20230000581,2023-01-09,08:57:00,1,Collision with vehicle,1,Monday,153,CUTTING IN (OVERTAKING),1,756825,Not at intersection,3,80,Local Road,BRUSHY PARK,YARRA RANGES,-37.75011,145.28712,2023,1,January,8,Morning Peak,Weekday
T20230000585,2023-01-09,15:31:00,1,Collision with vehicle,1,Monday,130,REAR END(VEHICLES IN SAME LANE),1,778359,Not at intersection,3,100,Freeway,WESTERN,MELTON,-37.752705,144.72922,2023,1,January,15,Afternoon Peak,Weekday
T20230000579,2023-01-09,12:30:00,5,collision with some other object,1,Monday,191,LOAD OR MISSILE STRUCK VEHICLE,1,748583,Not at intersection,3,50,Arterial Other,OLINDA-MONBULK,YARRA RANGES,-37.854984,145.36856,2023,1,January,12,Midday,Weekday
T20230000686,2023-01-09,06:00:00,1,Collision with vehicle,1,Monday,134,LANE CHANGE RIGHT (NOT OVERTAKING),2,747158,Not at intersection,2,100,Freeway,MONASH,CASEY,-37.980072,145.24283,2023,1,January,6,Morning Peak,Weekday
T20230000547,2023-01-09,06:40:00,4,Collision with a fixed object,1,Monday,189,OTHER ACCIDENTS ON CURVE NOT INCLUDED IN DCAs 180-184,1,780705,Not at intersection,3,80,Arterial Other,BELGRAVE-HALLAM,YARRA RANGES,-37.96217,145.34369,2023,1,January,6,Morning Peak,Weekday
T20230000684,2023-01-10,05:30:00,3,Struck animal,2,Tuesday,167,STRUCK ANIMAL,5,776364,Not at intersection,3,100,Local Road,FRY,GANNAWARRA,-35.662704,143.52693,2023,1,January,5,Morning Peak,Weekday
T20230000680,2023-01-10,16:31:00,4,Collision with a fixed object,2,Tuesday,171,LEFT OFF CARRIAGEWAY INTO OBJECT/PARKED VEHICLE,1,747044,Not at intersection,1,50,Local Road,FRANCISCAN,FRANKSTON,-38.165287,145.15594,2023,1,January,16,Afternoon Peak,Weekday
T20230000615,2023-01-10,03:15:00,8,No collision and no object struck,2,Tuesday,170,OFF CARRIAGEWAY TO LEFT,3,775263,Not at intersection,2,60,Arterial Other,THOMPSON,GEELONG,-38.09788,144.3459,2023,1,January,3,Late Night,Weekday
T20230000844,2023-01-10,15:50:00,1,Collision with vehicle,2,Tuesday,113,RIGHT NEAR (INTERSECTIONS ONLY),1,784332,T intersection,3,50,Local Road,HOGANS,WYNDHAM,-37.85923,144.64864,2023,1,January,15,Afternoon Peak,Weekday
T20230000617,2023-01-10,06:09:00,1,Collision with vehicle,2,Tuesday,110,CROSS TRAFFIC(INTERSECTIONS ONLY),1,243224,Cross intersection,3,80,Local Road,RING,BALLARAT,-37.53989,143.80081,2023,1,January,6,Morning Peak,Weekday
T20230000619,2023-01-10,08:45:00,1,Collision with vehicle,2,Tuesday,110,CROSS TRAFFIC(INTERSECTIONS ONLY),1,54706,Cross intersection,3,50,Local Road,ANDERSON,WELLINGTON,-37.97732,146.79099,2023,1,January,8,Morning Peak,Weekday
T20230000626,2023-01-10,10:30:00,1,Collision with vehicle,2,Tuesday,121,RIGHT THROUGH,1,44402,Cross intersection,2,60,Arterial Other,MURRAY,DAREBIN,-37.738804,145.01154,2023,1,January,10,Midday,Weekday
T20230000672,2023-01-10,17:30:00,1,Collision with vehicle,2,Tuesday,130,REAR END(VEHICLES IN SAME LANE),1,123537,Cross intersection,3,60,Arterial Highway,HODDLE,YARRA,-37.8096,144.99138,2023,1,January,17,Afternoon Peak,Weekday
T20230000818,2023-01-10,18:00:00,2,Struck Pedestrian,2,Tuesday,104,PED WALKING WITH TRAFFIC,1,90906,Not at intersection,3,40,Arterial Other,CARLISLE,PORT PHILLIP,-37.868565,144.9919,2023,1,January,18,Afternoon Peak,Weekday
T20230001181,2023-01-10,22:27:00,1,Collision with vehicle,2,Tuesday,110,CROSS TRAFFIC(INTERSECTIONS ONLY),3,784344,Cross intersection,3,70,Arterial Highway,WARRIGAL,KINGSTON,-37.93863,145.07968,2023,1,January,22,Night,Weekday