ACCIDENT_NO,ACCIDENT_DATE,ACCIDENT_TIME,ACCIDENT_TYPE,ACCIDENT_TYPE_DESC,DAY_OF_WEEK,DAY_WEEK_DESC,DCA_CODE,DCA_DESC,LIGHT_CONDITION,NODE_ID,ROAD_GEOMETRY_DESC,SEVERITY,SPEED_ZONE,RMA,ROAD_NAME,LGA_NAME,LATITUDE,LONGITUDE,YEAR,MONTH,MONTH_NAME,HOUR,TIME_PERIOD,DAY_TYPE
T20230000669,2023-01-10,19:10:00,1,Collision with vehicle,2,Tuesday,122,LEFT THROUGH,2,689631,Cross intersection,3,60,Arterial Other,CHANDLER,DANDENONG,-37.974354,145.1857,2023,1,January,19,Night,Weekday
T20230000667,2023-01-10,16:49:00,1,Collision with vehicle,2,Tuesday,130,REAR END(VEHICLES IN SAME LANE),1,749042,Not at intersection,3,60,Arterial Other,HEATHERTON,DANDENONG,-37.964214,145.16684,2023,1,January,16,Afternoon Peak,Weekday
T20230003004,2023-01-10,15:30:00,1,Collision with vehicle,2,Tuesday,131,LEFT REAR,1,768030,Cross intersection,3,60,Freeway,OHERNS,WHITTLESEA,-37.63396,144.99336,2023,1,January,15,Afternoon Peak,Weekday
T20230000664,2023-01-10,17:10:00,1,Collision with vehicle,2,Tuesday,130,REAR END(VEHICLES IN SAME LANE),1,763581,Not at intersection,2,100,Freeway,MONASH,CASEY,-37.977882,145.24095,2023,1,January,17,Afternoon Peak,Weekday
T20230002471,2023-01-10,19:00:00,4,Collision with a fixed object,2,Tuesday,171,LEFT OFF CARRIAGEWAY INTO OBJECT/PARKED VEHICLE,1,773190,Not at intersection,2,80,Local Road,HOPKINS FALLS,MOYNE,-38.328957,142.59967,2023,1,January,19,Night,Weekday
T20230000631,2023-01-10,10:00:00,1,Collision with vehicle,2,Tuesday,133,LANE SIDE SWIPE (VEHICLES IN PARALLEL LANES),1,44687,T intersection,3,60,Arterial Highway,GREENSBOROUGH,BANYULE,-37.73002,145.07942,2023,1,January,10,Midday,Weekday
T20230008711,2023-01-10,15:00:00,1,Collision with vehicle,2,Tuesday,135,LANE CHANGE LEFT (NOT OVERTAKING),1,784333,Not at intersection,3,60,Arterial Highway,ST KILDA,PORT PHILLIP,-37.86727,144.98647,2023,1,January,15,Afternoon Peak,Weekday
T20230000663,2023-01-10,16:55:00,1,Collision with vehicle,2,Tuesday,130,REAR END(VEHICLES IN SAME LANE),1,777092,Not at intersection,3,60,Arterial Highway,BELL,DAREBIN,-37.74341,144.98601,2023,1,January,16,Afternoon Peak,Weekday
T20230000659,2023-01-10,16:50:00,1,Collision with vehicle,2,Tuesday,130,REAR END(VEHICLES IN SAME LANE),1,777630,Not at intersection,3,60,Arterial Other,PLENTY,DAREBIN,-37.730495,145.01537,2023,1,January,16,Afternoon Peak,Weekday
T20230000655,2023-01-10,15:07:00,1,Collision with vehicle,2,Tuesday,140,U TURN,1,66514,T intersection,2,60,Arterial Other,BLACKSHAWS,HOBSONS BAY,-37.82968,144.83475,2023,1,January,15,Afternoon Peak,Weekday
T20230000648,2023-01-10,13:35:00,1,Collision with vehicle,2,Tuesday,134,LANE CHANGE RIGHT (NOT OVERTAKING),1,747583,Not at intersection,2,80,Freeway,HUME,WHITTLESEA,-37.681816,144.98503,2023,1,January,13,Midday,Weekday
T20230000638,2023-01-10,12:05:00,1,Collision with vehicle,2,Tuesday,130,REAR END(VEHICLES IN SAME LANE),1,788405,Not at intersection,2,40,Local Road,CHURCH,YARRA,-37.810356,145.00067,2023,1,January,12,Midday,Weekday
T20230000643,2023-01-10,13:37:00,6,Vehicle overturned (no collision),2,Tuesday,184,OUT OF CONTROL ON CARRIAGEWAY (ON BEND),1,747155,Not at intersection,2,80,Local Road,JOSEPH YOUNG,MOUNT ALEXANDER,-36.990036,144.30698,2023,1,January,13,Midday,Weekday
T20230001062,2023-01-10,19:06:00,4,Collision with a fixed object,2,Tuesday,171,LEFT OFF CARRIAGEWAY INTO OBJECT/PARKED VEHICLE,1,278579,Multiple intersection,2,80,Freeway,BALLARAT,GEELONG,-38.104557,144.31908,2023,1,January,19,Night,Weekday
T20230002622,2023-01-10,17:30:00,4,Collision with a fixed object,2,Tuesday,171,LEFT OFF CARRIAGEWAY INTO OBJECT/PARKED VEHICLE,1,784347,Not at intersection,3,60,Local Road,EXFORD,MELTON,-37.706165,144.57446,2023,1,January,17,Afternoon Peak,Weekday
T20230000784,2023-01-10,11:00:00,8,No collision and no object struck,2,Tuesday,175,OFF END OF ROAD/T-INTERSECTION.,1,747586,T intersection,3,100,Local Road,REILLYS,MACEDON RANGES,-37.203163,144.65721,2023,1,January,11,Midday,Weekday
T20230015198,2023-01-10,18:20:00,1,Collision with vehicle,2,Tuesday,130,REAR END(VEHICLES IN SAME LANE),1,776579,Not at intersection,3,80,Arterial Other,DIAMOND CREEK,NILLUMBIK,-37.688854,145.11398,2023,1,January,18,Afternoon Peak,Weekday
T20230000954,2023-01-10,15:49:00,2,Struck Pedestrian,2,Tuesday,102,FAR SIDE. PED HIT BY VEHICLE FROM THE LEFT,1,788408,Not at intersection,2,60,Arterial Highway,HODDLE,YARRA,-37.802204,144.99258,2023,1,January,15,Afternoon Peak,Weekday
T20230000706,2023-01-10,12:45:00,8,No collision and no object struck,2,Tuesday,151,OUT OF CONTROL (OVERTAKING),1,747368,Not at intersection,3,80,Arterial Other,MARYSVILLE-WOODS POINT,YARRA RANGES,-37.53658,145.84097,2023,1,January,12,Midday,Weekday
T20230001913,2023-01-10,17:50:00,1,Collision with vehicle,2,Tuesday,136,RIGHT TURN SIDESWIPE,1,752279,T intersection,3,60,Local Road,WALLIS,MITCHELL,-37.016815,145.1345,2023,1,January,17,Afternoon Peak,Weekday
T20230000698,2023-01-10,16:40:00,1,Collision with vehicle,2,Tuesday,160,VEHICLE COLLIDES WITH VEHICLE PARKED ON LEFT OF ROAD,1,788407,Not at intersection,3,100,Local Road,ECHUCA-SERPENTINE,LODDON,-36.28798,144.15323,2023,1,January,16,Afternoon Peak,Weekday
T20230000689,2023-01-10,21:30:00,4,Collision with a fixed object,2,Tuesday,171,LEFT OFF CARRIAGEWAY INTO OBJECT/PARKED VEHICLE,3,784345,Not at intersection,3,80,Arterial Other,PASCOE VALE,HUME,-37.656853,144.9272,2023,1,January,21,Night,Weekday
T20230000735,2023-01-11,07:30:00,1,Collision with vehicle,3,Wednesday,130,REAR END(VEHICLES IN SAME LANE),1,777867,Not at intersection,3,60,Freeway,MONASH,MONASH,-37.92938,145.18472,2023,1,January,7,Morning Peak,Weekday
T20230001200,2023-01-11,06:30:00,1,Collision with vehicle,3,Wednesday,130,REAR END(VEHICLES IN SAME LANE),9,323730,Cross intersection,3,80,Arterial Other,BOUNDARY,KINGSTON,-37.966434,145.11101,2023,1,January,6,Morning Peak,Weekday
T20230000734,2023-01-11,06:31:00,1,Collision with vehicle,3,Wednesday,134,LANE CHANGE RIGHT (NOT OVERTAKING),1,137879,Not at intersection,2,60,Local Road,BURNS,HOBSONS BAY,-37.845882,144.79057,2023,1,January,6,Morning Peak,Weekday
T20230000691,2023-01-11,02:20:00,1,Collision with vehicle,3,Wednesday,110,CROSS TRAFFIC(INTERSECTIONS ONLY),3,144327,Cross intersection,2,50,Arterial Other,MELROSE,HUME,-37.69935,144.8802,2023,1,January,2,Late Night,Weekday
T20230000710,2023-01-11,05:50:00,1,Collision with vehicle,3,Wednesday,130,REAR END(VEHICLES IN SAME LANE),1,777623,Cross intersection,2,80,Local Road,POUND,DANDENONG,-38.02667,145.24364,2023,1,January,5,Morning Peak,Weekday
T20230001480,2023-01-11,08:30:00,1,Collision with vehicle,3,Wednesday,110,CROSS TRAFFIC(INTERSECTIONS ONLY),1,39296,Cross intersection,3,50,Local Road,ELIZABETH,BRIMBANK,-37.74246,144.79404,2023,1,January,8,Morning Peak,Weekday
T20230003203,2023-01-11,08:50:00,4,Collision with a fixed object,3,Wednesday,181,OFF RIGHT BEND INTO OBJECT/PARKED VEHICLE,1,757742,Not at intersection,3,80,Local Road,DRUMMOND-VAUGHAN,MOUNT ALEXANDER,-37.193993,144.23743,2023,1,January,8,Morning Peak,Weekday
T20230000733,2023-01-11,13:25:00,1,Collision with vehicle,3,Wednesday,121,RIGHT THROUGH,1,777379,Not at intersection,3,60,Arterial Other,MIDDLEBOROUGH,WHITEHORSE,-37.848347,145.13303,2023,1,January,13,Midday,Weekday
T20230000723,2023-01-11,10:40:00,1,Collision with vehicle,3,Wednesday,134,LANE CHANGE RIGHT (NOT OVERTAKING),1,748092,Not at intersection,2,100,Freeway,WESTERN RING,BRIMBANK,-37.784943,144.78954,2023,1,January,10,Midday,Weekday
T20230001739,2023-01-11,08:30:00,1,Collision with vehicle,3,Wednesday,130,REAR END(VEHICLES IN SAME LANE),9,749992,T intersection,3,60,Arterial Other,CENTRE,KINGSTON,-37.928,145.11452,2023,1,January,8,Morning Peak,Weekday
T20230000762,2023-01-11,15:00:00,4,Collision with a fixed object,3,Wednesday,173,RIGHT OFF CARRIAGEWAY INTO OBJECT/PARKED VEHICLE,1,775507,Not at intersection,1,80,Arterial Other,DONALD-MURTOA,BULOKE,-36.39454,142.9293,2023,1,January,15,Afternoon Peak,Weekday
T20230000732,2023-01-11,13:15:00,1,Collision with vehicle,3,Wednesday,113,RIGHT NEAR (INTERSECTIONS ONLY),1,48995,Y intersection,2,80,Arterial Other,FRANKSTON-FLINDERS,MORNINGTON PENINSULA,-38.389355,145.09135,2023,1,January,13,Midday,Weekday
T20230000731,2023-01-11,13:23:00,1,Collision with vehicle,3,Wednesday,130,REAR END(VEHICLES IN SAME LANE),1,747585,Not at intersection,3,80,Arterial Other,ROBINSONS,BRIMBANK,-37.802383,144.752,2023,1,January,13,Midday,Weekday
T20230000712,2023-01-11,08:40:00,1,Collision with vehicle,3,Wednesday,130,REAR END(VEHICLES IN SAME LANE),1,751840,Not at intersection,3,70,Arterial Other,POUND,CASEY,-38.026566,145.2543,2023,1,January,8,Morning Peak,Weekday
T20230000927,2023-01-11,11:00:00,1,Collision with vehicle,3,Wednesday,120,HEAD ON (NOT OVERTAKING),1,751580,Not at intersection,3,100,Local Road,CARROLLS,ALPINE,-36.50936,146.82715,2023,1,January,11,Midday,Weekday
T20230000752,2023-01-11,17:50:00,6,Vehicle overturned (no collision),3,Wednesday,182,OFF CARRIAGEWAY ON LEFT BEND,1,781010,Not at intersection,2,100,Arterial Other,PORTLAND-CASTERTON,GLENELG,-37.65891,141.49927,2023,1,January,17,Afternoon Peak,Weekday
T20230000782,2023-01-11,09:20:00,6,Vehicle overturned (no collision),3,Wednesday,182,OFF CARRIAGEWAY ON LEFT BEND,1,748041,Not at intersection,2,60,Arterial Other,MONBULK,YARRA RANGES,-37.882786,145.39024,2023,1,January,9,Morning Peak,Weekday
T20230000755,2023-01-11,09:30:00,1,Collision with vehicle,3,Wednesday,110,CROSS TRAFFIC(INTERSECTIONS ONLY),1,749557,Cross intersection,2,40,Local Road,STORY,MELBOURNE,-37.796635,144.95366,2023,1,January,9,Morning Peak,Weekday
T20230000729,2023-01-11,13:52:00,1,Collision with vehicle,3,Wednesday,140,U TURN,1,346061,Not at intersection,3,60,Local Road,GREY,LATROBE,-38.19146,146.518,2023,1,January,13,Midday,Weekday
T20230000768,2023-01-11,22:20:00,5,collision with some other object,3,Wednesday,166,STRUCK OBJECT ON CARRIAGEWAY,3,778260,Not at intersection,3,100,Freeway,MONASH,MONASH,-37.925526,145.18037,2023,1,January,22,Night,Weekday
T20230000765,2023-01-11,04:01:00,4,Collision with a fixed object,3,Wednesday,173,RIGHT OFF CARRIAGEWAY INTO OBJECT/PARKED VEHICLE,5,754887,Not at intersection,3,100,Arterial Other,HEATHCOTE-KYNETON,MOUNT ALEXANDER,-37.15817,144.49945,2023,1,January,4,Late Night,Weekday
T20230000707,2023-01-11,09:15:00,2,Struck Pedestrian,3,Wednesday,104,PED WALKING WITH TRAFFIC,1,784373,Not at intersection,3,50,Local Road,COWIE,GEELONG,-38.105816,144.34932,2023,1,January,9,Morning Peak,Weekday
T20230000757,2023-01-11,16:23:00,1,Collision with vehicle,3,Wednesday,130,REAR END(VEHICLES IN SAME LANE),1,747790,Not at intersection,3,100,Freeway,MONASH,MONASH,-37.931965,145.18846,2023,1,January,16,Afternoon Peak,Weekday
T20230001099,2023-01-11,09:30:00,6,Vehicle overturned (no collision),3,Wednesday,184,OUT OF CONTROL ON CARRIAGEWAY (ON BEND),1,752481,Not at intersection,3,80,Arterial Other,BONANG,EAST GIPPSLAND,-37.20078,148.72824,2023,1,January,9,Morning Peak,Weekday
T20230000828,2023-01-11,22:00:00,2,Struck Pedestrian,3,Wednesday,100,PED NEAR SIDE. PED HIT BY VEHICLE FROM THE RIGHT.,6,749558,Not at intersection,2,60,Arterial Other,FAIRFIELD-RESERVOIR,DAREBIN,-37.74759,145.02173,2023,1,January,22,Night,Weekday
T20230000717,2023-01-11,10:10:00,1,Collision with vehicle,3,Wednesday,130,REAR END(VEHICLES IN SAME LANE),1,750439,Not at intersection,3,40,Arterial Other,DIMBOOLA-RAINBOW,HINDMARSH,-36.37194,142.0187,2023,1,January,10,Midday,Weekday
T20230000756,2023-01-11,21:18:00,1,Collision with vehicle,3,Wednesday,133,LANE SIDE SWIPE (VEHICLES IN PARALLEL LANES),3,747373,Not at intersection,3,60,Local Road,HIGH,MELTON,-37.684784,144.56151,2023,1,January,21,Night,Weekday
T20230000716,2023-01-11,10:45:00,8,No collision and no object struck,3,Wednesday,174,OUT OF CONTROL ON CARRIAGEWAY (ON STRAIGHT),1,747370,Not at intersection,2,50,Local Road,WOODLANDS,CASEY,-38.135445,145.23972,2023,1,January,10,Midday,Weekday
T20230000720,2023-01-11,10:35:00,1,Collision with vehicle,3,Wednesday,132,RIGHT REAR.,1,754649,Not at intersection,2,60,Arterial Other,CANNING,MOONEE VALLEY,-37.77059,144.86896,2023,1,January,10,Midday,Weekday
T20230000777,2023-01-11,08:10:00,1,Collision with vehicle,3,Wednesday,110,CROSS TRAFFIC(INTERSECTIONS ONLY),1,39385,Cross intersection,3,60,Arterial Other,MIDDLEBOROUGH,WHITEHORSE,-37.803226,145.14163,2023,1,January,8,Morning Peak,Weekday
T20230000743,2023-01-11,15:45:00,4,Collision with a fixed object,3,Wednesday,171,LEFT OFF CARRIAGEWAY INTO OBJECT/PARKED VEHICLE,1,758809,Not at intersection,2,60,Local Road,SAXTON,MOIRA,-36.088387,145.43727,2023,1,January,15,Afternoon Peak,Weekday
T20230004738,2023-01-11,10:50:00,1,Collision with vehicle,3,Wednesday,116,LEFT NEAR (INTERSECTIONS ONLY),1,784365,T intersection,3,60,Local Road,BERKSHIRE,BRIMBANK,-37.76448,144.83226,2023,1,January,10,Midday,Weekday
T20230000744,2023-01-11,16:00:00,1,Collision with vehicle,3,Wednesday,110,CROSS TRAFFIC(INTERSECTIONS ONLY),1,44860,Cross intersection,3,60,Arterial Other,ELEVENTH,MILDURA,-34.185295,142.15231,2023,1,January,16,Afternoon Peak,Weekday
T20230000748,2023-01-11,13:45:00,1,Collision with vehicle,3,Wednesday,130,REAR END(VEHICLES IN SAME LANE),1,748926,Not at intersection,3,60,Arterial Other,GRIMSHAW,BANYULE,-37.70351,145.09288,2023,1,January,13,Midday,Weekday
T20230000714,2023-01-11,10:35:00,4,Collision with a fixed object,3,Wednesday,171,LEFT OFF CARRIAGEWAY INTO OBJECT/PARKED VEHICLE,1,784371,Cross intersection,3,40,Local Road,RUSDEN,BAYSIDE,-37.886368,144.99883,2023,1,January,10,Midday,Weekday
T20230000749,2023-01-11,13:45:00,1,Collision with vehicle,3,Wednesday,133,LANE SIDE SWIPE (VEHICLES IN PARALLEL LANES),1,784368,Not at intersection,3,40,Arterial Highway,ROSANNA,BANYULE,-37.75153,145.07054,2023,1,January,13,Midday,Weekday
T20230002110,2023-01-11,20:00:00,1,Collision with vehicle,3,Wednesday,137,LEFT TURN SIDESWIPE,2,29528,Cross intersection,3,60,Arterial Highway,RACECOURSE ROAD -SMITHFIELD,MELBOURNE,-37.787704,144.92525,2023,1,January,20,Night,Weekday
T20230001242,2023-01-11,11:30:00,1,Collision with vehicle,3,Wednesday,121,RIGHT THROUGH,1,322346,Y intersection,3,60,Arterial Other,POUND,CASEY,-38.02831,145.26881,2023,1,January,11,Midday,Weekday
T20230000813,2023-01-12,12:20:00,2,Struck Pedestrian,4,Thursday,100,PED NEAR SIDE. PED HIT BY VEHICLE FROM THE RIGHT.,1,30356,Cross intersection,2,40,Local Road,ARRIVAL,HUME,-37.670006,144.85344,2023,1,January,12,Midday,Weekday
T20230002007,2023-01-12,16:19:00,1,Collision with vehicle,4,Thursday,121,RIGHT THROUGH,1,36019,Cross intersection,3,60,Arterial Other,MORELAND,MORELAND,-37.756535,144.97366,2023,1,January,16,Afternoon Peak,Weekday
T20230000821,2023-01-12,14:30:00,8,No collision and no object struck,4,Thursday,182,OFF CARRIAGEWAY ON LEFT BEND,1,748479,Not at intersection,2,70,Arterial Other,MARYSVILLE-WOODS POINT,YARRA RANGES,-37.55877,145.87347,2023,1,January,14,Midday,Weekday
T20230000822,2023-01-12,14:35:00,2,Struck Pedestrian,4,Thursday,100,PED NEAR SIDE. PED HIT BY VEHICLE FROM THE RIGHT.,1,753159,Not at intersection,3,50,Local Road,FREDERICK,MORELAND,-37.710655,144.97113,2023,1,January,14,Midday,Weekday
T20230000791,2023-01-12,10:56:00,1,Collision with vehicle,4,Thursday,121,RIGHT THROUGH,1,788438,Cross intersection,2,60,Freeway,CALDER,BRIMBANK,-37.72602,144.84966,2023,1,January,10,Midday,Weekday
T20230001187,2023-01-12,17:50:00,1,Collision with vehicle,4,Thursday,130,REAR END(VEHICLES IN SAME LANE),1,39978,Cross intersection,3,50,Local Road,LESLIE,HOBSONS BAY,-37.84105,144.86967,2023,1,January,17,Afternoon Peak,Weekday
T20230028482,2023-01-12,14:00:00,1,Collision with vehicle,4,Thursday,130,REAR END(VEHICLES IN SAME LANE),1,797157,Not at intersection,3,60,Arterial Other,HEATHS,WYNDHAM,-37.879887,144.65118,2023,1,January,14,Midday,Weekday
T20230000805,2023-01-12,10:00:00,1,Collision with vehicle,4,Thursday,120,HEAD ON (NOT OVERTAKING),1,759700,Not at intersection,3,50,Local Road,VICTORIA,SHEPPARTON,-36.390987,145.39935,2023,1,January,10,Midday,Weekday
T20230000830,2023-01-12,16:40:00,1,Collision with vehicle,4,Thursday,110,CROSS TRAFFIC(INTERSECTIONS ONLY),1,299403,Cross intersection,2,80,Arterial Highway,MIDLAND,GOLDEN PLAINS,-38.028236,144.17456,2023,1,January,16,Afternoon Peak,Weekday
T20230000832,2023-01-12,17:27:00,4,Collision with a fixed object,4,Thursday,181,OFF RIGHT BEND INTO OBJECT/PARKED VEHICLE,1,781011,Not at intersection,2,80,Local Road,HAUNTED HILLS,LATROBE,-38.201084,146.30936,2023,1,January,17,Afternoon Peak,Weekday
T20230001082,2023-01-12,21:20:00,1,Collision with vehicle,4,Thursday,133,LANE SIDE SWIPE (VEHICLES IN PARALLEL LANES),2,777389,Not at intersection,3,100,Arterial Other,TOOLAMBA,SHEPPARTON,-36.563816,145.27742,2023,1,January,21,Night,Weekday
T20230000834,2023-01-12,14:58:00,1,Collision with vehicle,4,Thursday,132,RIGHT REAR.,1,50415,T intersection,3,60,Arterial Highway,PHILLIP ISLAND,BASS COAST,-38.508003,145.29166,2023,1,January,14,Midday,Weekday
T20230000792,2023-01-12,10:30:00,4,Collision with a fixed object,4,Thursday,175,OFF END OF ROAD/T-INTERSECTION.,1,784388,T intersection,3,40,Arterial Highway,WARRIGAL,MONASH,-37.898335,145.08739,2023,1,January,10,Midday,Weekday
T20230000838,2023-01-12,16:30:00,4,Collision with a fixed object,4,Thursday,173,RIGHT OFF CARRIAGEWAY INTO OBJECT/PARKED VEHICLE,1,751600,Not at intersection,3,100,Arterial Other,STAWELL-AVOCA,NORTHERN GRAMPIANS,-36.99348,142.87366,2023,1,January,16,Afternoon Peak,Weekday
T20230000840,2023-01-12,15:50:00,1,Collision with vehicle,4,Thursday,148,VEHICLE OFF FOOTPATH STRIKES VEH ON CARRIAGEWAY,1,784375,Not at intersection,3,60,Local Road,OLD BELGRAVE,YARRA RANGES,-37.900867,145.32271,2023,1,January,15,Afternoon Peak,Weekday
T20230000841,2023-01-12,14:40:00,1,Collision with vehicle,4,Thursday,111,RIGHT FAR (INTERSECTIONS ONLY),1,37058,T intersection,2,70,Arterial Highway,HODDLE,MELBOURNE,-37.81533,144.99037,2023,1,January,14,Midday,Weekday
T20230000842,2023-01-12,17:11:00,1,Collision with vehicle,4,Thursday,130,REAR END(VEHICLES IN SAME LANE),1,749982,Not at intersection,3,60,Arterial Other,MT DANDENONG,MAROONDAH,-37.79933,145.27867,2023,1,January,17,Afternoon Peak,Weekday
T20230000779,2023-01-12,09:05:00,1,Collision with vehicle,4,Thursday,116,LEFT NEAR (INTERSECTIONS ONLY),1,47362,Y intersection,2,40,Local Road,EASTERN,PORT PHILLIP,-37.83305,144.96542,2023,1,January,9,Morning Peak,Weekday
T20230000845,2023-01-12,15:44:00,1,Collision with vehicle,4,Thursday,130,REAR END(VEHICLES IN SAME LANE),1,711904,Not at intersection,3,80,Arterial Other,HEATHERTON,DANDENONG,-37.972095,145.2335,2023,1,January,15,Afternoon Peak,Weekday
T20230000853,2023-01-12,17:09:00,6,Vehicle overturned (no collision),4,Thursday,179,OTHER ACCIDENTS-OFF STRAIGHT NOT INCLUDED IN DCAs 170-175,1,358547,Cross intersection,3,70,Arterial Other,MAHONEYS,HUME,-37.68964,144.95801,2023,1,January,17,Afternoon Peak,Weekday
T20230000854,2023-01-12,21:14:00,4,Collision with a fixed object,4,Thursday,171,LEFT OFF CARRIAGEWAY INTO OBJECT/PARKED VEHICLE,5,752720,Not at intersection,2,50,Arterial Highway,WARBURTON,YARRA RANGES,-37.754925,145.68321,2023,1,January,21,Night,Weekday
T20230000856,2023-01-12,17:43:00,2,Struck Pedestrian,4,Thursday,100,PED NEAR SIDE. PED HIT BY VEHICLE FROM THE RIGHT.,1,784378,Not at intersection,3,40,Local Road,FLINDERS,MELBOURNE,-37.817993,144.96558,2023,1,January,17,Afternoon Peak,Weekday
T20230000796,2023-01-12,08:26:00,2,Struck Pedestrian,4,Thursday,102,FAR SIDE. PED HIT BY VEHICLE FROM THE LEFT,1,28,T intersection,2,60,Arterial Other,ESPLANADE,BAYSIDE,-37.91249,144.98576,2023,1,January,8,Morning Peak,Weekday
T20230001400,2023-01-12,13:49:00,1,Collision with vehicle,4,Thursday,110,CROSS TRAFFIC(INTERSECTIONS ONLY),1,38778,Cross intersection,3,60,Local Road,HYDE,MARIBYRNONG,-37.814377,144.89717,2023,1,January,13,Midday,Weekday
T20230000797,2023-01-12,11:46:00,2,Struck Pedestrian,4,Thursday,100,PED NEAR SIDE. PED HIT BY VEHICLE FROM THE RIGHT.,1,292945,Not at intersection,2,60,Arterial Other,WATTLETREE,STONNINGTON,-37.863068,145.03365,2023,1,January,11,Midday,Weekday
T20230008555,2023-01-12,19:15:00,8,No collision and no object struck,4,Thursday,174,OUT OF CONTROL ON CARRIAGEWAY (ON STRAIGHT),1,774380,Not at intersection,2,60,Local Road,VALE,LATROBE,-38.18156,146.26332,2023,1,January,19,Night,Weekday
T20230000871,2023-01-12,16:00:00,1,Collision with vehicle,4,Thursday,121,RIGHT THROUGH,1,699041,Not at intersection,2,80,Arterial Other,BALLARTO,FRANKSTON,-38.116974,145.19241,2023,1,January,16,Afternoon Peak,Weekday
T20230001060,2023-01-12,20:46:00,1,Collision with vehicle,4,Thursday,116,LEFT NEAR (INTERSECTIONS ONLY),3,46594,T intersection,3,60,Local Road,CYNTHIA,BRIMBANK,-37.69565,144.75446,2023,1,January,20,Night,Weekday
T20230000799,2023-01-12,11:30:00,1,Collision with vehicle,4,Thursday,135,LANE CHANGE LEFT (NOT OVERTAKING),1,765763,Not at intersection,2,70,Arterial Highway,DANDENONG,MONASH,-37.924934,145.1441,2023,1,January,11,Midday,Weekday
T20230000800,2023-01-12,11:50:00,2,Struck Pedestrian,4,Thursday,100,PED NEAR SIDE. PED HIT BY VEHICLE FROM THE RIGHT.,1,36193,Cross intersection,2,40,Local Road,HOWARD,MELBOURNE,-37.803547,144.95406,2023,1,January,11,Midday,Weekday
T20230000803,2023-01-12,12:10:00,4,Collision with a fixed object,4,Thursday,171,LEFT OFF CARRIAGEWAY INTO OBJECT/PARKED VEHICLE,1,747589,Not at intersection,2,100,Local Road,OLD SALE,BAW BAW,-38.094326,146.0413,2023,1,January,12,Midday,Weekday
T20230007908,2023-01-12,14:00:00,7,Fall from or in moving vehicle,4,Thursday,190,FELL IN/FROM VEHICLE,1,765409,Not at intersection,3,60,Arterial Other,PASCOE VALE,HUME,-37.653603,144.92923,2023,1,January,14,Midday,Weekday
T20230000984,2023-01-12,10:40:00,1,Collision with vehicle,4,Thursday,133,LANE SIDE SWIPE (VEHICLES IN PARALLEL LANES),1,784376,Not at intersection,3,100,Arterial Other,BENGWORDEN,WELLINGTON,-38.061855,147.14737,2023,1,January,10,Midday,Weekday
T20230001449,2023-01-12,18:00:00,1,Collision with vehicle,4,Thursday,130,REAR END(VEHICLES IN SAME LANE),1,44514,T intersection,2,50,Local Road,HANSON,HUME,-37.59261,144.93724,2023,1,January,18,Afternoon Peak,Weekday
T20230000806,2023-01-12,09:00:00,1,Collision with vehicle,4,Thursday,113,RIGHT NEAR (INTERSECTIONS ONLY),1,225712,T intersection,2,70,Freeway,PLENTY VALLEY,WHITTLESEA,-37.686172,145.06775,2023,1,January,9,Morning Peak,Weekday
T20230001325,2023-01-12,19:20:00,4,Collision with a fixed object,4,Thursday,173,RIGHT OFF CARRIAGEWAY INTO OBJECT/PARKED VEHICLE,1,748703,Not at intersection,3,60,Arterial Highway,ALBERT,DAREBIN,-37.732567,145.02502,2023,1,January,19,Night,Weekday
T20230000776,2023-01-12,06:20:00,1,Collision with vehicle,4,Thursday,130,REAR END(VEHICLES IN SAME LANE),2,748367,Not at intersection,2,100,Freeway,HUME,HUME,-37.589813,144.948,2023,1,January,6,Morning Peak,Weekday
T20230001314,2023-01-12,15:19:00,1,Collision with vehicle,4,Thursday,130,REAR END(VEHICLES IN SAME LANE),1,778127,Multiple intersection,3,60,Arterial Other,BACCHUS MARSH,GEELONG,-38.0832,144.35818,2023,1,January,15,Afternoon Peak,Weekday
T20230000883,2023-01-12,21:20:00,1,Collision with vehicle,4,Thursday,121,RIGHT THROUGH,3,715351,T intersection,3,80,Arterial Other,BERWICK-CRANBOURNE,CASEY,-38.09788,145.33144,2023,1,January,21,Night,Weekday
T20230000775,2023-01-12,04:15:00,4,Collision with a fixed object,4,Thursday,179,OTHER ACCIDENTS-OFF STRAIGHT NOT INCLUDED IN DCAs 170-175,3,772182,T intersection,2,60,Local Road,GRICES,CASEY,-38.076046,145.34784,2023,1,January,4,Late Night,Weekday
T20230000988,2023-01-12,06:00:00,1,Collision with vehicle,4,Thursday,121,RIGHT THROUGH,1,899,Cross intersection,2,80,Arterial Highway,FRANKSTON-DANDENONG,FRANKSTON,-38.08594,145.1834,2023,1,January,6,Morning Peak,Weekday
T20230001043,2023-01-12,13:38:00,1,Collision with vehicle,4,Thursday,132,RIGHT REAR.,1,777606,Not at intersection,3,60,Arterial Other,SETTLEMENT,WHITTLESEA,-37.688557,145.01898,2023,1,January,13,Midday,Weekday