ACCIDENT_NO,ACCIDENT_DATE,ACCIDENT_TIME,ACCIDENT_TYPE,ACCIDENT_TYPE_DESC,DAY_OF_WEEK,DAY_WEEK_DESC,DCA_CODE,DCA_DESC,LIGHT_CONDITION,NODE_ID,ROAD_GEOMETRY_DESC,SEVERITY,SPEED_ZONE,RMA,ROAD_NAME,LGA_NAME,LATITUDE,LONGITUDE,YEAR,MONTH,MONTH_NAME,HOUR,TIME_PERIOD,DAY_TYPE
T20230000906,2023-01-12,17:30:00,1,Collision with vehicle,4,Thursday,133,LANE SIDE SWIPE (VEHICLES IN PARALLEL LANES),1,751842,Not at intersection,3,60,Local Road,LYELL,MACEDON RANGES,-37.48632,144.58566,2023,1,January,17,Afternoon Peak,Weekday
T20230000786,2023-01-12,07:41:00,1,Collision with vehicle,4,Thursday,120,HEAD ON (NOT OVERTAKING),1,748043,Not at intersection,2,80,Local Road,LEPPITT,CARDINIA,-38.025246,145.4465,2023,1,January,7,Morning Peak,Weekday
T20230000783,2023-01-12,07:10:00,1,Collision with vehicle,4,Thursday,110,CROSS TRAFFIC(INTERSECTIONS ONLY),1,32011,Cross intersection,3,80,Arterial Highway,PRINCES,EAST GIPPSLAND,-37.8204,147.66287,2023,1,January,7,Morning Peak,Weekday
T20230000788,2023-01-12,08:00:00,1,Collision with vehicle,4,Thursday,130,REAR END(VEHICLES IN SAME LANE),1,777380,Cross intersection,3,60,Local Road,COLLEGE,MELBOURNE,-37.793728,144.95839,2023,1,January,8,Morning Peak,Weekday
T20230000811,2023-01-12,08:08:00,1,Collision with vehicle,4,Thursday,121,RIGHT THROUGH,1,777850,Cross intersection,3,80,Arterial Other,HUME HIGHWAY -SYDNEY,HUME,-37.643303,144.95116,2023,1,January,8,Morning Peak,Weekday
T20230000829,2023-01-12,17:21:00,1,Collision with vehicle,4,Thursday,148,VEHICLE OFF FOOTPATH STRIKES VEH ON CARRIAGEWAY,1,56802,T intersection,2,60,Arterial Other,WILTSHIRE,BALLARAT,-37.582672,143.80789,2023,1,January,17,Afternoon Peak,Weekday
T20230000887,2023-01-13,11:57:00,6,Vehicle overturned (no collision),5,Friday,174,OUT OF CONTROL ON CARRIAGEWAY (ON STRAIGHT),1,583688,Not at intersection,2,40,Local Road,EXHIBITION,MELBOURNE,-37.814148,144.97151,2023,1,January,11,Midday,Weekday
T20230000889,2023-01-13,12:00:00,1,Collision with vehicle,5,Friday,133,LANE SIDE SWIPE (VEHICLES IN PARALLEL LANES),1,42979,T intersection,2,60,Arterial Other,HEATHERTON,DANDENONG,-37.966927,145.18945,2023,1,January,12,Midday,Weekday
T20230000896,2023-01-13,14:30:00,1,Collision with vehicle,5,Friday,121,RIGHT THROUGH,1,660522,T intersection,3,70,Arterial Other,FOOTE,MANNINGHAM,-37.757893,145.11853,2023,1,January,14,Midday,Weekday
T20230000897,2023-01-13,14:40:00,1,Collision with vehicle,5,Friday,160,VEHICLE COLLIDES WITH VEHICLE PARKED ON LEFT OF ROAD,1,787349,Not at intersection,2,60,Arterial Other,WILLIAMSTOWN,PORT PHILLIP,-37.83143,144.94336,2023,1,January,14,Midday,Weekday
T20230000898,2023-01-13,11:59:00,1,Collision with vehicle,5,Friday,140,U TURN,1,771660,Not at intersection,3,50,Local Road,AUSTRAK,HUME,-37.640255,144.9472,2023,1,January,11,Midday,Weekday
T20230000899,2023-01-13,14:42:00,2,Struck Pedestrian,5,Friday,102,FAR SIDE. PED HIT BY VEHICLE FROM THE LEFT,1,748694,Not at intersection,2,60,Arterial Other,MURRAY,DAREBIN,-37.736015,144.9835,2023,1,January,14,Midday,Weekday
T20230000903,2023-01-13,15:08:00,1,Collision with vehicle,5,Friday,130,REAR END(VEHICLES IN SAME LANE),1,748695,Not at intersection,3,80,Arterial Other,JOHN FIELD,LATROBE,-38.18259,146.29062,2023,1,January,15,Afternoon Peak,Weekday
T20230000912,2023-01-13,16:45:00,1,Collision with vehicle,5,Friday,130,REAR END(VEHICLES IN SAME LANE),1,752721,Cross intersection,2,60,Local Road,BRUNEL,FRANKSTON,-38.11012,145.14235,2023,1,January,16,Afternoon Peak,Weekday
T20230000917,2023-01-13,15:55:00,4,Collision with a fixed object,5,Friday,173,RIGHT OFF CARRIAGEWAY INTO OBJECT/PARKED VEHICLE,1,751717,Not at intersection,2,100,Arterial Highway,GOULBURN VALLEY,MOIRA,-35.927055,145.43185,2023,1,January,15,Afternoon Peak,Weekday
T20230001800,2023-01-13,16:30:00,1,Collision with vehicle,5,Friday,130,REAR END(VEHICLES IN SAME LANE),1,777679,Not at intersection,3,70,Arterial Other,SPRINGVALE,KINGSTON,-38.02636,145.1326,2023,1,January,16,Afternoon Peak,Weekday
T20230001801,2023-01-13,18:51:00,1,Collision with vehicle,5,Friday,110,CROSS TRAFFIC(INTERSECTIONS ONLY),1,52884,Cross intersection,3,50,Local Road,DANA,BALLARAT,-37.563488,143.85147,2023,1,January,18,Afternoon Peak,Weekday
T20230000920,2023-01-13,16:40:00,1,Collision with vehicle,5,Friday,130,REAR END(VEHICLES IN SAME LANE),1,751966,Not at intersection,3,70,Arterial Other,ST GEORGES,DAREBIN,-37.741634,144.99883,2023,1,January,16,Afternoon Peak,Weekday
T20230002593,2023-01-13,21:00:00,6,Vehicle overturned (no collision),5,Friday,179,OTHER ACCIDENTS-OFF STRAIGHT NOT INCLUDED IN DCAs 170-175,2,784391,Not at intersection,3,100,Local Road,BUNYIP RIVER,CARDINIA,-37.96709,145.72739,2023,1,January,21,Night,Weekday
T20230000923,2023-01-13,15:50:00,1,Collision with vehicle,5,Friday,130,REAR END(VEHICLES IN SAME LANE),1,777387,Not at intersection,3,80,Freeway,WESTERN RING,WYNDHAM,-37.821114,144.81035,2023,1,January,15,Afternoon Peak,Weekday
T20230000928,2023-01-13,15:15:00,1,Collision with vehicle,5,Friday,110,CROSS TRAFFIC(INTERSECTIONS ONLY),1,360426,Cross intersection,3,60,Arterial Highway,SOUTH GIPPSLAND,CASEY,-38.10797,145.28314,2023,1,January,15,Afternoon Peak,Weekday
T20230000931,2023-01-13,13:10:00,1,Collision with vehicle,5,Friday,131,LEFT REAR,1,352248,Cross intersection,2,50,Arterial Other,THOMPSONS,CASEY,-38.078243,145.24406,2023,1,January,13,Midday,Weekday
T20230000936,2023-01-13,02:00:00,1,Collision with vehicle,5,Friday,154,PULLING OUT -REAR END,3,775622,Not at intersection,2,70,Arterial Other,ST ALBANS,BRIMBANK,-37.772495,144.8212,2023,1,January,2,Late Night,Weekday
T20230000938,2023-01-13,21:03:00,1,Collision with vehicle,5,Friday,120,HEAD ON (NOT OVERTAKING),2,782,Cross intersection,3,60,Arterial Highway,WARRIGAL,KINGSTON,-37.924,145.08247,2023,1,January,21,Night,Weekday
T20230000940,2023-01-13,22:48:00,4,Collision with a fixed object,5,Friday,175,OFF END OF ROAD/T-INTERSECTION.,3,777388,T intersection,3,50,Local Road,HONOUR,CASEY,-38.08286,145.34161,2023,1,January,22,Night,Weekday
T20230000941,2023-01-13,17:00:00,4,Collision with a fixed object,5,Friday,183,OFF LEFT BEND INTO OBJECT/PARKED VEHICLE,1,751802,Not at intersection,2,80,Arterial Other,WOODS POINT,YARRA RANGES,-37.617947,145.90215,2023,1,January,17,Afternoon Peak,Weekday
T20230000943,2023-01-13,22:40:00,1,Collision with vehicle,5,Friday,169,OTHER ON PATH,3,759218,Not at intersection,2,50,Local Road,HEDGELEY,GEELONG,-38.104347,144.33727,2023,1,January,22,Night,Weekday
T20230001936,2023-01-13,11:30:00,1,Collision with vehicle,5,Friday,130,REAR END(VEHICLES IN SAME LANE),1,777383,Not at intersection,2,60,Arterial Highway,SPRINGVALE,WHITEHORSE,-37.81907,145.17593,2023,1,January,11,Midday,Weekday
T20230000965,2023-01-13,22:10:00,4,Collision with a fixed object,5,Friday,151,OUT OF CONTROL (OVERTAKING),5,778890,Not at intersection,2,60,Arterial Other,HOPKINS,MELTON,-37.76657,144.70161,2023,1,January,22,Night,Weekday
T20230000970,2023-01-13,14:10:00,1,Collision with vehicle,5,Friday,134,LANE CHANGE RIGHT (NOT OVERTAKING),1,783472,Not at intersection,3,70,Arterial Other,PLENTY,WHITTLESEA,-37.684643,145.0683,2023,1,January,14,Midday,Weekday
T20230001090,2023-01-13,11:20:00,1,Collision with vehicle,5,Friday,110,CROSS TRAFFIC(INTERSECTIONS ONLY),1,50724,Cross intersection,3,50,Local Road,JAPAN,WARRNAMBOOL,-38.388542,142.48926,2023,1,January,11,Midday,Weekday
T20230001182,2023-01-13,22:08:00,4,Collision with a fixed object,5,Friday,179,OTHER ACCIDENTS-OFF STRAIGHT NOT INCLUDED IN DCAs 170-175,3,777381,Not at intersection,2,60,Local Road,BLAIR,HUME,-37.67369,144.93086,2023,1,January,22,Night,Weekday
T20230001273,2023-01-13,18:00:00,1,Collision with vehicle,5,Friday,130,REAR END(VEHICLES IN SAME LANE),1,775964,Not at intersection,3,100,Freeway,MONASH,DANDENONG,-37.947334,145.20793,2023,1,January,18,Afternoon Peak,Weekday
T20230001412,2023-01-13,16:00:00,8,No collision and no object struck,5,Friday,179,OTHER ACCIDENTS-OFF STRAIGHT NOT INCLUDED IN DCAs 170-175,1,784506,Not at intersection,3,50,Arterial Highway,GLENELG,GOLDEN PLAINS,-37.62143,143.7064,2023,1,January,16,Afternoon Peak,Weekday
T20230002180,2023-01-13,23:00:00,4,Collision with a fixed object,5,Friday,171,LEFT OFF CARRIAGEWAY INTO OBJECT/PARKED VEHICLE,5,751715,Not at intersection,3,100,Arterial Other,DUNACH-EDDINGTON,CENTRAL GOLDFIELDS,-37.118965,143.77582,2023,1,January,23,Night,Weekday
T20230002996,2023-01-13,17:24:00,1,Collision with vehicle,5,Friday,130,REAR END(VEHICLES IN SAME LANE),1,42800,T intersection,3,60,Arterial Highway,WARRIGAL,KINGSTON,-37.965454,145.07452,2023,1,January,17,Afternoon Peak,Weekday
T20230002702,2023-01-13,17:00:00,1,Collision with vehicle,5,Friday,133,LANE SIDE SWIPE (VEHICLES IN PARALLEL LANES),9,752729,Not at intersection,3,80,Freeway,METROPOLITAN RING,NILLUMBIK,-37.689335,145.0837,2023,1,January,17,Afternoon Peak,Weekday
T20230002639,2023-01-13,19:40:00,1,Collision with vehicle,5,Friday,130,REAR END(VEHICLES IN SAME LANE),2,582848,Multiple intersection,3,80,Freeway,PRINCES,CASEY,-38.003826,145.25291,2023,1,January,19,Night,Weekday
T20230003073,2023-01-13,14:00:00,1,Collision with vehicle,5,Friday,136,RIGHT TURN SIDESWIPE,1,273099,T intersection,3,60,Arterial Other,POLICE,MONASH,-37.938515,145.20343,2023,1,January,14,Midday,Weekday
T20230007960,2023-01-13,13:40:00,1,Collision with vehicle,5,Friday,130,REAR END(VEHICLES IN SAME LANE),1,765663,Not at intersection,3,60,Arterial Other,AUBURN,BOROONDARA,-37.826946,145.0442,2023,1,January,13,Midday,Weekday
T20230004383,2023-01-13,16:11:00,1,Collision with vehicle,5,Friday,130,REAR END(VEHICLES IN SAME LANE),1,45241,T intersection,3,60,Arterial Other,RALEIGH,MARIBYRNONG,-37.768932,144.89172,2023,1,January,16,Afternoon Peak,Weekday
T20230000866,2023-01-13,04:45:00,1,Collision with vehicle,5,Friday,113,RIGHT NEAR (INTERSECTIONS ONLY),3,322870,T intersection,2,80,Arterial Highway,WELLINGTON,MONASH,-37.91733,145.14934,2023,1,January,4,Late Night,Weekday
T20230000867,2023-01-13,06:00:00,1,Collision with vehicle,5,Friday,169,OTHER ON PATH,2,777386,Not at intersection,2,50,Local Road,RICHARDSON,MOONEE VALLEY,-37.75049,144.91243,2023,1,January,6,Morning Peak,Weekday
T20230000873,2023-01-13,04:55:00,1,Collision with vehicle,5,Friday,130,REAR END(VEHICLES IN SAME LANE),5,748219,Not at intersection,1,100,Arterial Highway,FRANKSTON-DANDENONG,DANDENONG,-38.0629,145.20232,2023,1,January,4,Late Night,Weekday
T20230004517,2023-01-13,16:10:00,1,Collision with vehicle,5,Friday,137,LEFT TURN SIDESWIPE,1,249929,T intersection,3,80,Arterial Highway,BELL,DAREBIN,-37.746365,145.01483,2023,1,January,16,Afternoon Peak,Weekday
T20230000879,2023-01-13,11:30:00,1,Collision with vehicle,5,Friday,121,RIGHT THROUGH,1,44126,Cross intersection,2,60,Local Road,DUNDAS,MORNINGTON PENINSULA,-38.371147,144.819,2023,1,January,11,Midday,Weekday
T20230000881,2023-01-13,09:45:00,1,Collision with vehicle,5,Friday,111,RIGHT FAR (INTERSECTIONS ONLY),1,777872,Multiple intersection,3,50,Local Road,PUCKLE,MOONEE VALLEY,-37.767143,144.92477,2023,1,January,9,Morning Peak,Weekday
T20230000884,2023-01-13,11:00:00,1,Collision with vehicle,5,Friday,160,VEHICLE COLLIDES WITH VEHICLE PARKED ON LEFT OF ROAD,1,748927,Not at intersection,3,60,Arterial Other,MELVILLE,MORELAND,-37.75005,144.94633,2023,1,January,11,Midday,Weekday
T20230000885,2023-01-13,12:22:00,1,Collision with vehicle,5,Friday,139,OTHER SAME DIRECTION-MANOUEVRES NOT INCLUDED IN DCAs 130-137,1,747794,Not at intersection,2,50,Local Road,TAYLOR,KINGSTON,-37.934113,145.03894,2023,1,January,12,Midday,Weekday
T20230000886,2023-01-13,08:35:00,1,Collision with vehicle,5,Friday,148,VEHICLE OFF FOOTPATH STRIKES VEH ON CARRIAGEWAY,1,747795,Cross intersection,3,50,Local Road,FERGUSON,HOBSONS BAY,-37.859238,144.90053,2023,1,January,8,Morning Peak,Weekday
T20230000945,2023-01-14,01:10:00,4,Collision with a fixed object,6,Saturday,173,RIGHT OFF CARRIAGEWAY INTO OBJECT/PARKED VEHICLE,3,787344,Not at intersection,2,60,Local Road,ROSLYN,GEELONG,-38.17357,144.3273,2023,1,January,1,Late Night,Weekend
T20230001018,2023-01-14,16:06:00,1,Collision with vehicle,6,Saturday,139,OTHER SAME DIRECTION-MANOUEVRES NOT INCLUDED IN DCAs 130-137,1,757891,Multiple intersection,2,80,Local Road,BEAUCHAMP,MACEDON RANGES,-37.24357,144.46338,2023,1,January,16,Afternoon Peak,Weekend
T20230000946,2023-01-14,01:30:00,7,Fall from or in moving vehicle,6,Saturday,190,FELL IN/FROM VEHICLE,3,783477,Not at intersection,3,60,Arterial Other,SETTLEMENT,WHITTLESEA,-37.693787,145.03287,2023,1,January,1,Late Night,Weekend
T20230012291,2023-01-14,08:30:00,4,Collision with a fixed object,6,Saturday,179,OTHER ACCIDENTS-OFF STRAIGHT NOT INCLUDED IN DCAs 170-175,2,777207,T intersection,3,50,Local Road,HAYTON PARK,CASEY,-38.11457,145.24747,2023,1,January,8,Morning Peak,Weekend
T20230001019,2023-01-14,18:41:00,6,Vehicle overturned (no collision),6,Saturday,174,OUT OF CONTROL ON CARRIAGEWAY (ON STRAIGHT),1,748263,Not at intersection,2,80,Local Road,NAYOOK-POWELLTOWN,BAW BAW,-37.9279,145.9564,2023,1,January,18,Afternoon Peak,Weekend
T20230001105,2023-01-14,16:00:00,5,collision with some other object,6,Saturday,171,LEFT OFF CARRIAGEWAY INTO OBJECT/PARKED VEHICLE,1,751377,Not at intersection,3,100,Local Road,NORTH SOUTH,PYRENEES,-37.631985,143.51447,2023,1,January,16,Afternoon Peak,Weekend
T20230001022,2023-01-14,20:01:00,4,Collision with a fixed object,6,Saturday,181,OFF RIGHT BEND INTO OBJECT/PARKED VEHICLE,1,764481,Not at intersection,2,60,Arterial Other,RIDGE,YARRA RANGES,-37.830814,145.35504,2023,1,January,20,Night,Weekend
T20230000971,2023-01-14,08:20:00,1,Collision with vehicle,6,Saturday,121,RIGHT THROUGH,1,747940,Y intersection,2,60,Local Road,POINT NEPEAN,MORNINGTON PENINSULA,-38.34783,144.93007,2023,1,January,8,Morning Peak,Weekend
T20230000951,2023-01-14,00:15:00,1,Collision with vehicle,6,Saturday,160,VEHICLE COLLIDES WITH VEHICLE PARKED ON LEFT OF ROAD,3,748481,Not at intersection,3,50,Local Road,RESERVE,WYNDHAM,-37.868774,144.70668,2023,1,January,0,Late Night,Weekend
T20230000956,2023-01-14,06:45:00,1,Collision with vehicle,6,Saturday,110,CROSS TRAFFIC(INTERSECTIONS ONLY),2,52524,Cross intersection,3,60,Local Road,FIFTEENTH,MILDURA,-34.202568,142.1314,2023,1,January,6,Morning Peak,Weekend
T20230000950,2023-01-14,03:36:00,1,Collision with vehicle,6,Saturday,133,LANE SIDE SWIPE (VEHICLES IN PARALLEL LANES),3,208948,Not at intersection,2,80,Arterial Highway,DANDENONG,MONASH,-37.893448,145.09325,2023,1,January,3,Late Night,Weekend
T20230001023,2023-01-14,14:50:00,7,Fall from or in moving vehicle,6,Saturday,190,FELL IN/FROM VEHICLE,1,750091,Not at intersection,3,40,Arterial Other,DYNON,MELBOURNE,-37.80598,144.94014,2023,1,January,14,Midday,Weekend
T20230001024,2023-01-14,21:26:00,1,Collision with vehicle,6,Saturday,139,OTHER SAME DIRECTION-MANOUEVRES NOT INCLUDED IN DCAs 130-137,3,753782,Not at intersection,2,50,Local Road,DALEY,MORELAND,-37.69627,144.92107,2023,1,January,21,Night,Weekend
T20230002971,2023-01-14,08:07:00,1,Collision with vehicle,6,Saturday,160,VEHICLE COLLIDES WITH VEHICLE PARKED ON LEFT OF ROAD,1,752739,Not at intersection,3,50,Local Road,OAKGROVE,CASEY,-38.052753,145.29842,2023,1,January,8,Morning Peak,Weekend
T20230001561,2023-01-14,15:20:00,2,Struck Pedestrian,6,Saturday,101,PED EMERGES FROM IN FRONT OF PARKED OR STATIONARY VEHICLE,9,42427,T intersection,3,50,Arterial Other,CENTRE,KINGSTON,-37.929768,145.12889,2023,1,January,15,Afternoon Peak,Weekend
T20230001389,2023-01-14,12:20:00,1,Collision with vehicle,6,Saturday,130,REAR END(VEHICLES IN SAME LANE),1,780075,Not at intersection,3,60,Arterial Highway,PHILLIP ISLAND,BASS COAST,-38.521538,145.3811,2023,1,January,12,Midday,Weekend
T20230001027,2023-01-14,21:10:00,1,Collision with vehicle,6,Saturday,160,VEHICLE COLLIDES WITH VEHICLE PARKED ON LEFT OF ROAD,3,754424,Not at intersection,3,70,Arterial Other,EDGARS,WHITTLESEA,-37.680443,144.99896,2023,1,January,21,Night,Weekend
T20230000949,2023-01-14,00:55:00,1,Collision with vehicle,6,Saturday,160,VEHICLE COLLIDES WITH VEHICLE PARKED ON LEFT OF ROAD,3,763110,Not at intersection,2,60,Arterial Highway,NEPEAN,KINGSTON,-38.031235,145.10419,2023,1,January,0,Late Night,Weekend
T20230001239,2023-01-14,13:32:00,1,Collision with vehicle,6,Saturday,130,REAR END(VEHICLES IN SAME LANE),1,749160,Not at intersection,3,60,Arterial Highway,SMITHFIELD,MELBOURNE,-37.794346,144.91441,2023,1,January,13,Midday,Weekend
T20230001447,2023-01-14,16:00:00,1,Collision with vehicle,6,Saturday,130,REAR END(VEHICLES IN SAME LANE),1,794010,Not at intersection,3,100,Freeway,MONASH,MONASH,-37.892445,145.12564,2023,1,January,16,Afternoon Peak,Weekend
T20230006335,2023-01-14,13:30:00,7,Fall from or in moving vehicle,6,Saturday,190,FELL IN/FROM VEHICLE,1,777385,Not at intersection,3,80,Arterial Highway,GREAT ALPINE,ALPINE,-36.908485,147.05565,2023,1,January,13,Midday,Weekend
T20230000961,2023-01-14,06:42:00,4,Collision with a fixed object,6,Saturday,181,OFF RIGHT BEND INTO OBJECT/PARKED VEHICLE,1,765165,Not at intersection,3,100,Arterial Highway,WIMMERA,HORSHAM,-36.633003,142.27719,2023,1,January,6,Morning Peak,Weekend
T20230004282,2023-01-14,20:00:00,3,Struck animal,6,Saturday,167,STRUCK ANIMAL,2,777399,Not at intersection,3,100,Local Road,HAPPY VALLEY-HAPPY VALLEY CROSSING,GOLDEN PLAINS,-37.74592,143.58113,2023,1,January,20,Night,Weekend
T20230018819,2023-01-14,12:00:00,1,Collision with vehicle,6,Saturday,130,REAR END(VEHICLES IN SAME LANE),1,49836,T intersection,3,50,Local Road,CHURCH,GEELONG,-38.12984,144.33194,2023,1,January,12,Midday,Weekend
T20230000974,2023-01-14,10:15:00,6,Vehicle overturned (no collision),6,Saturday,170,OFF CARRIAGEWAY TO LEFT,1,781284,Multiple intersection,3,100,Local Road,LATROBE RIVER,BAW BAW,-37.971184,146.0857,2023,1,January,10,Midday,Weekend
T20230000975,2023-01-14,09:30:00,6,Vehicle overturned (no collision),6,Saturday,170,OFF CARRIAGEWAY TO LEFT,1,752610,Not at intersection,2,100,Arterial Other,BENALLA-YARRAWONGA,MOIRA,-36.11425,145.9798,2023,1,January,9,Morning Peak,Weekend
T20230000978,2023-01-14,11:00:00,2,Struck Pedestrian,6,Saturday,109,ANY MANOEUVRE INVOLVING PED NOT INCLUDED IN DCAs 100-108.,1,38772,Cross intersection,3,50,Local Road,IRVING,MARIBYRNONG,-37.802315,144.89912,2023,1,January,11,Midday,Weekend
T20230000979,2023-01-14,08:06:00,6,Vehicle overturned (no collision),6,Saturday,174,OUT OF CONTROL ON CARRIAGEWAY (ON STRAIGHT),1,780707,Not at intersection,3,100,Arterial Other,MAFFRA-ROSEDALE,WELLINGTON,-38.109962,146.86224,2023,1,January,8,Morning Peak,Weekend
T20230000980,2023-01-14,11:40:00,1,Collision with vehicle,6,Saturday,130,REAR END(VEHICLES IN SAME LANE),1,748042,Not at intersection,2,60,Arterial Other,HOTHAM,GLEN EIRA,-37.88101,144.99722,2023,1,January,11,Midday,Weekend
T20230000966,2023-01-14,08:15:00,8,No collision and no object struck,6,Saturday,130,REAR END(VEHICLES IN SAME LANE),1,783476,Not at intersection,3,30,Local Road,AXE CREEK,BENDIGO,-36.861065,144.38516,2023,1,January,8,Morning Peak,Weekend
T20230000982,2023-01-14,10:53:00,4,Collision with a fixed object,6,Saturday,171,LEFT OFF CARRIAGEWAY INTO OBJECT/PARKED VEHICLE,1,783478,Not at intersection,3,100,Local Road,AVOCA,CENTRAL GOLDFIELDS,-37.141174,143.64792,2023,1,January,10,Midday,Weekend
T20230000983,2023-01-14,14:50:00,1,Collision with vehicle,6,Saturday,121,RIGHT THROUGH,1,280084,T intersection,3,80,Freeway,BURWOOD,KNOX,-37.861015,145.2112,2023,1,January,14,Midday,Weekend
T20230000991,2023-01-14,14:40:00,7,Fall from or in moving vehicle,6,Saturday,190,FELL IN/FROM VEHICLE,1,41752,Not at intersection,3,80,Arterial Other,BLACKBURN,MONASH,-37.884403,145.1461,2023,1,January,14,Midday,Weekend
T20230001002,2023-01-14,16:35:00,1,Collision with vehicle,6,Saturday,163,VEHICLE STRIKES DOOR OF PARKED/STATIONARY VEHICLE,1,753383,Not at intersection,3,50,Local Road,CARRINGTON,WHITEHORSE,-37.819798,145.11743,2023,1,January,16,Afternoon Peak,Weekend
T20230001007,2023-01-14,17:30:00,8,No collision and no object struck,6,Saturday,174,OUT OF CONTROL ON CARRIAGEWAY (ON STRAIGHT),1,765299,Not at intersection,2,80,Arterial Highway,PRINCES,CORANGAMITE,-38.25571,143.23965,2023,1,January,17,Afternoon Peak,Weekend
T20230001010,2023-01-14,20:43:00,1,Collision with vehicle,6,Saturday,110,CROSS TRAFFIC(INTERSECTIONS ONLY),2,326348,Cross intersection,2,40,Local Road,BOWEN,MELBOURNE,-37.77995,144.96283,2023,1,January,20,Night,Weekend
T20230001014,2023-01-14,18:50:00,1,Collision with vehicle,6,Saturday,137,LEFT TURN SIDESWIPE,1,305833,Cross intersection,3,50,Local Road,FOSTER,DANDENONG,-37.989296,145.20909,2023,1,January,18,Afternoon Peak,Weekend
T20230001016,2023-01-14,16:32:00,1,Collision with vehicle,6,Saturday,113,RIGHT NEAR (INTERSECTIONS ONLY),1,29528,T intersection,2,50,Arterial Highway,RACECOURSE ROAD -SMITHFIELD,MELBOURNE,-37.787704,144.92525,2023,1,January,16,Afternoon Peak,Weekend
T20230001017,2023-01-14,19:33:00,1,Collision with vehicle,6,Saturday,122,LEFT THROUGH,1,750332,T intersection,3,50,Arterial Other,NEWMARKET,BALLARAT,-37.498676,143.8061,2023,1,January,19,Night,Weekend
T20230001048,2023-01-15,11:40:00,1,Collision with vehicle,7,Sunday,121,RIGHT THROUGH,1,59490,T intersection,3,50,Arterial Highway,LODDON VALLEY,BENDIGO,-36.717674,144.25041,2023,1,January,11,Midday,Weekend
T20230001224,2023-01-15,03:20:00,1,Collision with vehicle,7,Sunday,130,REAR END(VEHICLES IN SAME LANE),3,748486,Not at intersection,3,40,Arterial Other,HIGH,STONNINGTON,-37.85335,145.00433,2023,1,January,3,Late Night,Weekend
T20230001069,2023-01-15,12:00:00,4,Collision with a fixed object,7,Sunday,183,OFF LEFT BEND INTO OBJECT/PARKED VEHICLE,1,765520,Not at intersection,2,100,Local Road,EILDON-JAMIESON,MURRINDINDI,-37.266148,145.9051,2023,1,January,12,Midday,Weekend
T20230001068,2023-01-15,15:55:00,1,Collision with vehicle,7,Sunday,121,RIGHT THROUGH,1,73843,Cross intersection,3,50,Local Road,KOROIT,WARRNAMBOOL,-38.37952,142.4745,2023,1,January,15,Afternoon Peak,Weekend
T20230001064,2023-01-15,16:10:00,1,Collision with vehicle,7,Sunday,140,U TURN,1,748482,T intersection,3,60,Local Road,LEAKES,MELTON,-37.72869,144.65286,2023,1,January,16,Afternoon Peak,Weekend
T20230001038,2023-01-15,01:27:00,1,Collision with vehicle,7,Sunday,121,RIGHT THROUGH,3,54553,Cross intersection,3,70,Arterial Highway,DANDENONG,PORT PHILLIP,-37.85993,145.007,2023,1,January,1,Late Night,Weekend
T20230001063,2023-01-15,16:10:00,1,Collision with vehicle,7,Sunday,130,REAR END(VEHICLES IN SAME LANE),1,777602,Not at intersection,3,100,Freeway,PRINCES,GEELONG,-38.02328,144.44595,2023,1,January,16,Afternoon Peak,Weekend
T20230001061,2023-01-15,15:00:00,4,Collision with a fixed object,7,Sunday,181,OFF RIGHT BEND INTO OBJECT/PARKED VEHICLE,1,754751,Not at intersection,2,80,Arterial Highway,GREAT OCEAN,COLAC OTWAY,-38.705605,143.76822,2023,1,January,15,Afternoon Peak,Weekend
T20230001058,2023-01-15,14:28:00,1,Collision with vehicle,7,Sunday,130,REAR END(VEHICLES IN SAME LANE),1,777668,Not at intersection,2,80,Freeway,MONASH,STONNINGTON,-37.84984,145.04848,2023,1,January,14,Midday,Weekend
T20230014884,2023-01-15,13:20:00,1,Collision with vehicle,7,Sunday,130,REAR END(VEHICLES IN SAME LANE),1,776526,Not at intersection,3,80,Arterial Other,CRANBOURNE-FRANKSTON,FRANKSTON,-38.144333,145.20593,2023,1,January,13,Midday,Weekend
T20230017921,2023-01-15,20:30:00,1,Collision with vehicle,7,Sunday,131,LEFT REAR,2,60659,Y intersection,3,100,Arterial Highway,MAROONDAH,MURRINDINDI,-37.5227,145.67255,2023,1,January,20,Night,Weekend
T20230001050,2023-01-15,11:00:00,2,Struck Pedestrian,7,Sunday,100,PED NEAR SIDE. PED HIT BY VEHICLE FROM THE RIGHT.,1,92791,Cross intersection,2,60,Arterial Other,MIDDLEBOROUGH,WHITEHORSE,-37.85186,145.1324,2023,1,January,11,Midday,Weekend
T20230001045,2023-01-15,10:21:00,1,Collision with vehicle,7,Sunday,132,RIGHT REAR.,1,45311,T intersection,2,60,Arterial Other,LANGS,MOONEE VALLEY,-37.782707,144.90793,2023,1,January,10,Midday,Weekend
T20230001040,2023-01-15,06:50:00,4,Collision with a fixed object,7,Sunday,171,LEFT OFF CARRIAGEWAY INTO OBJECT/PARKED VEHICLE,2,787348,Not at intersection,2,60,Arterial Other,STATION,DAREBIN,-37.760582,145.02121,2023,1,January,6,Morning Peak,Weekend