ACCIDENT_NO,ACCIDENT_DATE,ACCIDENT_TIME,ACCIDENT_TYPE,ACCIDENT_TYPE_DESC,DAY_OF_WEEK,DAY_WEEK_DESC,DCA_CODE,DCA_DESC,LIGHT_CONDITION,NODE_ID,ROAD_GEOMETRY_DESC,SEVERITY,SPEED_ZONE,RMA,ROAD_NAME,LGA_NAME,LATITUDE,LONGITUDE,YEAR,MONTH,MONTH_NAME,HOUR,TIME_PERIOD,DAY_TYPE
T20230002460,2023-01-15,11:30:00,8,No collision and no object struck,7,Sunday,174,OUT OF CONTROL ON CARRIAGEWAY (ON STRAIGHT),1,780460,Not at intersection,2,50,Local Road,SYLVATERRE-TIMMS LAKE,LODDON,-36.149895,144.2208,2023,1,January,11,Midday,Weekend
T20230001075,2023-01-15,18:52:00,6,Vehicle overturned (no collision),7,Sunday,198,OTHER ACCIDENTS NOT CLASSIFIABLE ELSEWHERE,1,756513,Not at intersection,2,100,Freeway,MONASH,STONNINGTON,-37.869473,145.06384,2023,1,January,18,Afternoon Peak,Weekend
T20230001115,2023-01-15,16:00:00,2,Struck Pedestrian,7,Sunday,100,PED NEAR SIDE. PED HIT BY VEHICLE FROM THE RIGHT.,1,787346,T intersection,2,40,Local Road,STORY,MELBOURNE,-37.795635,144.95241,2023,1,January,16,Afternoon Peak,Weekend
T20230001077,2023-01-15,20:06:00,8,No collision and no object struck,7,Sunday,174,OUT OF CONTROL ON CARRIAGEWAY (ON STRAIGHT),2,760581,Not at intersection,2,60,Arterial Other,KLAUER,FRANKSTON,-38.118904,145.13947,2023,1,January,20,Night,Weekend
T20230001080,2023-01-15,21:12:00,6,Vehicle overturned (no collision),7,Sunday,172,OFF CARRIAGEWAY TO RIGHT,5,783486,T intersection,3,80,Local Road,BULMANS,MELTON,-37.649277,144.5565,2023,1,January,21,Night,Weekend
T20230001041,2023-01-15,08:25:00,6,Vehicle overturned (no collision),7,Sunday,174,OUT OF CONTROL ON CARRIAGEWAY (ON STRAIGHT),1,43852,Cross intersection,2,90,Arterial Highway,DANDENONG-HASTINGS,CASEY,-38.06289,145.24245,2023,1,January,8,Morning Peak,Weekend
T20230002543,2023-01-15,11:00:00,6,Vehicle overturned (no collision),7,Sunday,174,OUT OF CONTROL ON CARRIAGEWAY (ON STRAIGHT),1,751849,Not at intersection,3,60,Arterial Other,EMERALD-MONBULK,CARDINIA,-37.92257,145.44327,2023,1,January,11,Midday,Weekend
T20240001037,2023-01-15,13:15:00,1,Collision with vehicle,7,Sunday,130,REAR END(VEHICLES IN SAME LANE),1,255532,Not at intersection,3,70,Arterial Highway,NORTH,GLEN EIRA,-37.904408,145.04407,2023,1,January,13,Midday,Weekend
T20230001070,2023-01-15,13:45:00,6,Vehicle overturned (no collision),7,Sunday,174,OUT OF CONTROL ON CARRIAGEWAY (ON STRAIGHT),1,754991,Not at intersection,2,60,Arterial Highway,GREAT OCEAN,SURF COAST,-38.471626,144.0455,2023,1,January,13,Midday,Weekend
T20230001781,2023-01-16,16:45:00,1,Collision with vehicle,1,Monday,130,REAR END(VEHICLES IN SAME LANE),9,352622,Not at intersection,3,40,Arterial Other,SUNBURY,HUME,-37.59399,144.7567,2023,1,January,16,Afternoon Peak,Weekday
T20230001132,2023-01-16,14:28:00,1,Collision with vehicle,1,Monday,134,LANE CHANGE RIGHT (NOT OVERTAKING),1,751713,Not at intersection,2,60,Arterial Highway,MORELAND,MARIBYRNONG,-37.808712,144.90277,2023,1,January,14,Midday,Weekday
T20230001131,2023-01-16,13:43:00,4,Collision with a fixed object,1,Monday,171,LEFT OFF CARRIAGEWAY INTO OBJECT/PARKED VEHICLE,1,781182,Not at intersection,3,80,Arterial Highway,GREAT OCEAN,COLAC OTWAY,-38.73786,143.67981,2023,1,January,13,Midday,Weekday
T20230005739,2023-01-16,10:57:00,4,Collision with a fixed object,1,Monday,181,OFF RIGHT BEND INTO OBJECT/PARKED VEHICLE,1,783597,Not at intersection,3,80,Local Road,CALLAGHANS,MOORABOOL,-37.538643,144.10907,2023,1,January,10,Midday,Weekday
T20230001162,2023-01-16,15:50:00,1,Collision with vehicle,1,Monday,148,VEHICLE OFF FOOTPATH STRIKES VEH ON CARRIAGEWAY,1,783596,Not at intersection,3,40,Local Road,UNNAMED,EAST GIPPSLAND,-37.8238,147.64328,2023,1,January,15,Afternoon Peak,Weekday
T20230001106,2023-01-16,09:27:00,1,Collision with vehicle,1,Monday,130,REAR END(VEHICLES IN SAME LANE),1,704631,Not at intersection,3,100,Freeway,MONASH,MONASH,-37.927086,145.18233,2023,1,January,9,Morning Peak,Weekday
T20230001166,2023-01-16,14:29:00,1,Collision with vehicle,1,Monday,135,LANE CHANGE LEFT (NOT OVERTAKING),1,777452,Not at intersection,2,100,Freeway,PRINCES,WYNDHAM,-37.912983,144.67844,2023,1,January,14,Midday,Weekday
T20230001102,2023-01-16,09:45:00,1,Collision with vehicle,1,Monday,136,RIGHT TURN SIDESWIPE,1,41448,Cross intersection,2,60,Arterial Other,NEERIM,GLEN EIRA,-37.889812,145.06229,2023,1,January,9,Morning Peak,Weekday
T20230001158,2023-01-16,17:47:00,1,Collision with vehicle,1,Monday,130,REAR END(VEHICLES IN SAME LANE),1,748933,Not at intersection,3,100,Freeway,HUME,WHITTLESEA,-37.634113,144.99332,2023,1,January,17,Afternoon Peak,Weekday
T20230001157,2023-01-16,14:54:00,1,Collision with vehicle,1,Monday,153,CUTTING IN (OVERTAKING),1,292163,Cross intersection,2,60,Arterial Other,MICKLEHAM,HUME,-37.62269,144.88385,2023,1,January,14,Midday,Weekday
T20230001127,2023-01-16,11:45:00,3,Struck animal,1,Monday,167,STRUCK ANIMAL,1,781180,Not at intersection,3,100,Arterial Highway,PRINCES,EAST GIPPSLAND,-37.748127,148.3737,2023,1,January,11,Midday,Weekday
T20230001156,2023-01-16,19:45:00,1,Collision with vehicle,1,Monday,121,RIGHT THROUGH,1,41964,Cross intersection,3,60,Arterial Highway,BURWOOD,KNOX,-37.8886,145.2946,2023,1,January,19,Night,Weekday
T20230001103,2023-01-16,08:51:00,1,Collision with vehicle,1,Monday,133,LANE SIDE SWIPE (VEHICLES IN PARALLEL LANES),1,748264,Not at intersection,2,100,Freeway,PENINSULA LINK,FRANKSTON,-38.12472,145.1725,2023,1,January,8,Morning Peak,Weekday
T20230001153,2023-01-16,10:30:00,1,Collision with vehicle,1,Monday,131,LEFT REAR,1,777838,T intersection,3,80,Arterial Other,DONCASTER-MORDIALLOC,KINGSTON,-38.007603,145.10391,2023,1,January,10,Midday,Weekday
T20230001152,2023-01-16,15:35:00,1,Collision with vehicle,1,Monday,120,HEAD ON (NOT OVERTAKING),1,776230,Not at intersection,1,80,Arterial Other,FRANKSTON-FLINDERS,MORNINGTON PENINSULA,-38.232872,145.18408,2023,1,January,15,Afternoon Peak,Weekday
T20230001146,2023-01-16,16:20:00,1,Collision with vehicle,1,Monday,130,REAR END(VEHICLES IN SAME LANE),1,753481,Not at intersection,3,100,Freeway,WESTERN,BRIMBANK,-37.800694,144.79655,2023,1,January,16,Afternoon Peak,Weekday
T20230002880,2023-01-16,18:15:00,1,Collision with vehicle,1,Monday,130,REAR END(VEHICLES IN SAME LANE),2,779366,Not at intersection,3,60,Arterial Other,WAVERLEY,MONASH,-37.888027,145.15637,2023,1,January,18,Afternoon Peak,Weekday
T20230001410,2023-01-16,13:30:00,7,Fall from or in moving vehicle,1,Monday,190,FELL IN/FROM VEHICLE,1,749045,Not at intersection,3,100,Local Road,SPARGO-BLAKEVILLE,MOORABOOL,-37.481476,144.18661,2023,1,January,13,Midday,Weekday
T20230001126,2023-01-16,13:01:00,4,Collision with a fixed object,1,Monday,171,LEFT OFF CARRIAGEWAY INTO OBJECT/PARKED VEHICLE,1,748265,Not at intersection,3,100,Local Road,OLD BRIDGEWATER-SERPENTINE,LODDON,-36.504787,143.99231,2023,1,January,13,Midday,Weekday
T20230001176,2023-01-16,14:30:00,1,Collision with vehicle,1,Monday,139,OTHER SAME DIRECTION-MANOUEVRES NOT INCLUDED IN DCAs 130-137,1,783592,Not at intersection,3,100,Local Road,NORTH HARCOURT,BENDIGO,-36.929245,144.29327,2023,1,January,14,Midday,Weekday
T20230001591,2023-01-16,12:50:00,2,Struck Pedestrian,1,Monday,100,PED NEAR SIDE. PED HIT BY VEHICLE FROM THE RIGHT.,1,57772,Cross intersection,2,50,Arterial Other,BELGRAVE-GEMBROOK,CARDINIA,-37.932083,145.44073,2023,1,January,12,Midday,Weekday
T20230001139,2023-01-16,07:15:00,1,Collision with vehicle,1,Monday,120,HEAD ON (NOT OVERTAKING),1,773776,Not at intersection,2,100,Arterial Highway,PRINCES,EAST GIPPSLAND,-37.699448,148.71854,2023,1,January,7,Morning Peak,Weekday
T20230001108,2023-01-16,11:16:00,1,Collision with vehicle,1,Monday,110,CROSS TRAFFIC(INTERSECTIONS ONLY),1,52413,Cross intersection,3,60,Local Road,GRANT,EAST GIPPSLAND,-37.824497,147.62057,2023,1,January,11,Midday,Weekday
T20230001091,2023-01-16,07:50:00,1,Collision with vehicle,1,Monday,152,PULLING OUT (OVERTAKING),1,782533,T intersection,2,50,Local Road,FRONTIER,MELTON,-37.718742,144.67546,2023,1,January,7,Morning Peak,Weekday
T20230001922,2023-01-16,18:00:00,1,Collision with vehicle,1,Monday,121,RIGHT THROUGH,1,783586,T intersection,3,60,Arterial Other,HALLAM,CASEY,-38.034897,145.26732,2023,1,January,18,Afternoon Peak,Weekday
T20230006788,2023-01-16,06:40:00,1,Collision with vehicle,1,Monday,130,REAR END(VEHICLES IN SAME LANE),9,29766,Cross intersection,3,60,Arterial Highway,SOUTH GIPPSLAND,CASEY,-38.113033,145.28279,2023,1,January,6,Morning Peak,Weekday
T20230001144,2023-01-16,17:50:00,1,Collision with vehicle,1,Monday,148,VEHICLE OFF FOOTPATH STRIKES VEH ON CARRIAGEWAY,1,787351,Not at intersection,3,50,Arterial Highway,PRINCES HIGHWAY SERVICE,CASEY,-38.022236,145.30057,2023,1,January,17,Afternoon Peak,Weekday
T20230001101,2023-01-16,08:58:00,1,Collision with vehicle,1,Monday,130,REAR END(VEHICLES IN SAME LANE),1,777448,Not at intersection,2,40,Arterial Other,WAVERLEY,STONNINGTON,-37.876305,145.05089,2023,1,January,8,Morning Peak,Weekday
T20230001135,2023-01-16,14:18:00,1,Collision with vehicle,1,Monday,113,RIGHT NEAR (INTERSECTIONS ONLY),1,42282,T intersection,3,60,Local Road,COCHRANES,KINGSTON,-37.942963,145.06825,2023,1,January,14,Midday,Weekday
T20230004294,2023-01-16,17:25:00,1,Collision with vehicle,1,Monday,147,VEHICLE STRIKES ANOTHER VEH WHILE EMERGING FROM DRIVEWAY,1,773196,Not at intersection,3,80,Local Road,OLD GIPPSLAND,YARRA RANGES,-37.765633,145.38982,2023,1,January,17,Afternoon Peak,Weekday
T20230001140,2023-01-16,14:17:00,4,Collision with a fixed object,1,Monday,171,LEFT OFF CARRIAGEWAY INTO OBJECT/PARKED VEHICLE,1,773945,Not at intersection,2,60,Local Road,CENTRE,LATROBE,-38.221443,146.44177,2023,1,January,14,Midday,Weekday
T20230001206,2023-01-17,07:50:00,1,Collision with vehicle,2,Tuesday,110,CROSS TRAFFIC(INTERSECTIONS ONLY),1,43815,Cross intersection,1,80,Local Road,BEENAK,YARRA RANGES,-37.79486,145.45699,2023,1,January,7,Morning Peak,Weekday
T20230001207,2023-01-17,11:40:00,1,Collision with vehicle,2,Tuesday,113,RIGHT NEAR (INTERSECTIONS ONLY),1,29518,T intersection,3,50,Arterial Highway,PLENTY,WHITTLESEA,-37.692017,145.06267,2023,1,January,11,Midday,Weekday
T20230001217,2023-01-17,14:30:00,1,Collision with vehicle,2,Tuesday,110,CROSS TRAFFIC(INTERSECTIONS ONLY),1,60873,Cross intersection,3,60,Local Road,EYRE,BALLARAT,-37.564857,143.84521,2023,1,January,14,Midday,Weekday
T20230001220,2023-01-17,08:15:00,1,Collision with vehicle,2,Tuesday,130,REAR END(VEHICLES IN SAME LANE),1,793140,Not at intersection,3,60,Arterial Highway,ST KILDA,PORT PHILLIP,-37.859818,144.9839,2023,1,January,8,Morning Peak,Weekday
T20230001221,2023-01-17,14:40:00,1,Collision with vehicle,2,Tuesday,131,LEFT REAR,1,777430,Not at intersection,3,70,Arterial Other,SYDNEY,MORELAND,-37.706932,144.96109,2023,1,January,14,Midday,Weekday
T20230001223,2023-01-17,15:56:00,1,Collision with vehicle,2,Tuesday,113,RIGHT NEAR (INTERSECTIONS ONLY),1,777392,Private property,2,100,Arterial Highway,MIDLAND,SHEPPARTON,-36.409386,145.25609,2023,1,January,15,Afternoon Peak,Weekday
T20230001172,2023-01-17,01:10:00,4,Collision with a fixed object,2,Tuesday,171,LEFT OFF CARRIAGEWAY INTO OBJECT/PARKED VEHICLE,3,749159,Not at intersection,2,80,Arterial Other,FERNTREE GULLY,KNOX,-37.892944,145.25546,2023,1,January,1,Late Night,Weekday
T20230001409,2023-01-17,16:20:00,8,No collision and no object struck,2,Tuesday,172,OFF CARRIAGEWAY TO RIGHT,1,754888,Not at intersection,3,60,Arterial Highway,NAPIER,BENDIGO,-36.72557,144.30943,2023,1,January,16,Afternoon Peak,Weekday
T20230001193,2023-01-17,08:43:00,1,Collision with vehicle,2,Tuesday,116,LEFT NEAR (INTERSECTIONS ONLY),1,222752,T intersection,3,60,Local Road,BOUNDARY,GEELONG,-38.185722,144.38135,2023,1,January,8,Morning Peak,Weekday
T20230001485,2023-01-17,10:15:00,1,Collision with vehicle,2,Tuesday,113,RIGHT NEAR (INTERSECTIONS ONLY),1,52514,Cross intersection,3,60,Arterial Other,ELEVENTH,MILDURA,-34.197777,142.16722,2023,1,January,10,Midday,Weekday
T20230002295,2023-01-17,21:00:00,5,collision with some other object,2,Tuesday,199,UNKNOWN-NO DETAILS ON MANOEUVRES OF ROAD-USERS IN ACCIDENT,2,773627,Not at intersection,3,60,Local Road,HAWDON,SHEPPARTON,-36.36941,145.41565,2023,1,January,21,Night,Weekday
T20230002370,2023-01-17,08:30:00,1,Collision with vehicle,2,Tuesday,139,OTHER SAME DIRECTION-MANOUEVRES NOT INCLUDED IN DCAs 130-137,2,781171,Not at intersection,3,100,Freeway,MORNINGTON PENINSULA,KINGSTON,-38.075695,145.14975,2023,1,January,8,Morning Peak,Weekday
T20230001417,2023-01-17,06:54:00,1,Collision with vehicle,2,Tuesday,130,REAR END(VEHICLES IN SAME LANE),1,355719,T intersection,3,50,Arterial Other,ROXBURGH PARK DRIVE -SOMERTON,HUME,-37.639812,144.92384,2023,1,January,6,Morning Peak,Weekday
T20230002365,2023-01-17,17:30:00,6,Vehicle overturned (no collision),2,Tuesday,184,OUT OF CONTROL ON CARRIAGEWAY (ON BEND),1,752599,Multiple intersection,3,100,Local Road,RIVER,WANGARATTA,-36.41169,146.45444,2023,1,January,17,Afternoon Peak,Weekday
T20230002982,2023-01-17,18:30:00,1,Collision with vehicle,2,Tuesday,130,REAR END(VEHICLES IN SAME LANE),1,42016,Cross intersection,3,50,Local Road,DENDY,BAYSIDE,-37.919483,144.99312,2023,1,January,18,Afternoon Peak,Weekday
T20230010551,2023-01-17,18:00:00,1,Collision with vehicle,2,Tuesday,130,REAR END(VEHICLES IN SAME LANE),1,190407,T intersection,3,60,Arterial Highway,PRINCES HIGHWAY,MARIBYRNONG,-37.794548,144.90085,2023,1,January,18,Afternoon Peak,Weekday
T20230001175,2023-01-17,07:15:00,4,Collision with a fixed object,2,Tuesday,181,OFF RIGHT BEND INTO OBJECT/PARKED VEHICLE,1,787356,Not at intersection,2,60,Local Road,BAY,MORNINGTON PENINSULA,-38.271484,145.02841,2023,1,January,7,Morning Peak,Weekday
T20230002262,2023-01-17,23:47:00,1,Collision with vehicle,2,Tuesday,148,VEHICLE OFF FOOTPATH STRIKES VEH ON CARRIAGEWAY,4,763130,T intersection,3,60,Arterial Highway,WHITEHORSE,WHITEHORSE,-37.818653,145.1285,2023,1,January,23,Night,Weekday
T20230001483,2023-01-17,11:30:00,1,Collision with vehicle,2,Tuesday,130,REAR END(VEHICLES IN SAME LANE),1,749356,Cross intersection,3,50,Local Road,NOLAN,BENDIGO,-36.74707,144.28697,2023,1,January,11,Midday,Weekday
T20230001179,2023-01-17,08:00:00,1,Collision with vehicle,2,Tuesday,142,LEAVING PARKING,1,748934,Not at intersection,3,50,Local Road,GOWER,DAREBIN,-37.742775,145.02452,2023,1,January,8,Morning Peak,Weekday
T20230002915,2023-01-17,13:22:00,1,Collision with vehicle,2,Tuesday,121,RIGHT THROUGH,1,11101,Cross intersection,2,60,Freeway,SEAFORD-FRANKSTON IN,FRANKSTON,-38.10867,145.13852,2023,1,January,13,Midday,Weekday
T20230001255,2023-01-17,20:05:00,1,Collision with vehicle,2,Tuesday,110,CROSS TRAFFIC(INTERSECTIONS ONLY),2,50190,Cross intersection,2,80,Arterial Highway,BELLARINE,GEELONG,-38.182743,144.43764,2023,1,January,20,Night,Weekday
T20230001253,2023-01-17,23:37:00,1,Collision with vehicle,2,Tuesday,151,OUT OF CONTROL (OVERTAKING),3,37278,T intersection,2,60,Arterial Other,VICTORIA,YARRA,-37.81114,145.00642,2023,1,January,23,Night,Weekday
T20230001251,2023-01-17,22:07:00,1,Collision with vehicle,2,Tuesday,121,RIGHT THROUGH,3,748699,Cross intersection,2,70,Arterial Other,BOUNDARY,BRIMBANK,-37.81518,144.80782,2023,1,January,22,Night,Weekday
T20230001186,2023-01-17,06:07:00,1,Collision with vehicle,2,Tuesday,132,RIGHT REAR.,1,49048,Cross intersection,1,60,Arterial Highway,SUTHERLAND,GOLDEN PLAINS,-37.840443,144.07236,2023,1,January,6,Morning Peak,Weekday
T20230001250,2023-01-17,21:43:00,1,Collision with vehicle,2,Tuesday,121,RIGHT THROUGH,3,759588,Cross intersection,3,60,Arterial Highway,ST GEORGES,DAREBIN,-37.75881,144.99358,2023,1,January,21,Night,Weekday
T20230001248,2023-01-17,15:10:00,1,Collision with vehicle,2,Tuesday,130,REAR END(VEHICLES IN SAME LANE),1,749879,Not at intersection,2,80,Freeway,MONASH,MONASH,-37.892696,145.12804,2023,1,January,15,Afternoon Peak,Weekday
T20230001247,2023-01-17,18:50:00,1,Collision with vehicle,2,Tuesday,140,U TURN,1,783621,Not at intersection,3,60,Arterial Other,CENTRE,KINGSTON,-37.92995,145.13033,2023,1,January,18,Afternoon Peak,Weekday
T20230002732,2023-01-17,09:44:00,1,Collision with vehicle,2,Tuesday,130,REAR END(VEHICLES IN SAME LANE),1,777429,Not at intersection,3,60,Arterial Other,EDGARS,WHITTLESEA,-37.656113,145.00632,2023,1,January,9,Morning Peak,Weekday
T20230001246,2023-01-17,20:43:00,1,Collision with vehicle,2,Tuesday,113,RIGHT NEAR (INTERSECTIONS ONLY),2,881,T intersection,2,60,Local Road,JAMES,KINGSTON,-38.01639,145.09459,2023,1,January,20,Night,Weekday
T20230001245,2023-01-17,21:40:00,1,Collision with vehicle,2,Tuesday,113,RIGHT NEAR (INTERSECTIONS ONLY),3,748698,T intersection,3,60,Arterial Highway,PUNT,MELBOURNE,-37.823048,144.9891,2023,1,January,21,Night,Weekday
T20230001243,2023-01-17,16:55:00,1,Collision with vehicle,2,Tuesday,116,LEFT NEAR (INTERSECTIONS ONLY),1,757263,Multiple intersection,3,60,Freeway,FRANKSTON OUT-SEAFORD,FRANKSTON,-38.10878,145.13986,2023,1,January,16,Afternoon Peak,Weekday
T20230001194,2023-01-17,03:50:00,4,Collision with a fixed object,2,Tuesday,171,LEFT OFF CARRIAGEWAY INTO OBJECT/PARKED VEHICLE,5,749559,Not at intersection,3,80,Local Road,OGRADYS,MITCHELL,-37.30085,144.98904,2023,1,January,3,Late Night,Weekday
T20230001233,2023-01-17,15:14:00,1,Collision with vehicle,2,Tuesday,113,RIGHT NEAR (INTERSECTIONS ONLY),1,295550,T intersection,3,80,Arterial Other,TONE,WANGARATTA,-36.373505,146.28905,2023,1,January,15,Afternoon Peak,Weekday
T20230001231,2023-01-17,17:35:00,1,Collision with vehicle,2,Tuesday,130,REAR END(VEHICLES IN SAME LANE),2,750938,Not at intersection,2,80,Freeway,WEST GATE,MELBOURNE,-37.8339,144.90851,2023,1,January,17,Afternoon Peak,Weekday
T20230001230,2023-01-17,14:59:00,1,Collision with vehicle,2,Tuesday,121,RIGHT THROUGH,1,307024,Not at intersection,2,80,Arterial Highway,SOUTH GIPPSLAND,CASEY,-38.08387,145.27736,2023,1,January,14,Midday,Weekday
T20230001198,2023-01-17,09:45:00,1,Collision with vehicle,2,Tuesday,130,REAR END(VEHICLES IN SAME LANE),1,756171,Not at intersection,3,100,Freeway,FRANKSTON,FRANKSTON,-38.14327,145.13647,2023,1,January,9,Morning Peak,Weekday
T20230001184,2023-01-17,06:59:00,1,Collision with vehicle,2,Tuesday,121,RIGHT THROUGH,1,8759,Cross intersection,3,60,Arterial Highway,SOUTH GIPPSLAND,CASEY,-38.113052,145.28278,2023,1,January,6,Morning Peak,Weekday
T20230006764,2023-01-17,18:44:00,1,Collision with vehicle,2,Tuesday,111,RIGHT FAR (INTERSECTIONS ONLY),2,308076,Y intersection,3,60,Freeway,LEAKES,MELTON,-37.721573,144.65309,2023,1,January,18,Afternoon Peak,Weekday
T20230001204,2023-01-17,11:15:00,1,Collision with vehicle,2,Tuesday,160,VEHICLE COLLIDES WITH VEHICLE PARKED ON LEFT OF ROAD,1,781012,Not at intersection,2,40,Local Road,MOORABOOL,GEELONG,-38.15231,144.35841,2023,1,January,11,Midday,Weekday
T20230001252,2023-01-17,15:40:00,1,Collision with vehicle,2,Tuesday,147,VEHICLE STRIKES ANOTHER VEH WHILE EMERGING FROM DRIVEWAY,1,751602,Not at intersection,3,40,Arterial Other,MURRAY,DAREBIN,-37.737755,145.0018,2023,1,January,15,Afternoon Peak,Weekday
T20230001313,2023-01-18,13:20:00,1,Collision with vehicle,3,Wednesday,121,RIGHT THROUGH,1,748936,Not at intersection,3,60,Local Road,FULHAM,KNOX,-37.91873,145.23886,2023,1,January,13,Midday,Weekday
T20230001276,2023-01-18,07:36:00,6,Vehicle overturned (no collision),3,Wednesday,180,OFF CARRIAGEWAY ON RIGHT BEND,1,752276,Not at intersection,2,100,Arterial Highway,SOUTH GIPPSLAND,SOUTH GIPPSLAND,-38.366558,145.7076,2023,1,January,7,Morning Peak,Weekday
T20230001315,2023-01-18,12:00:00,4,Collision with a fixed object,3,Wednesday,183,OFF LEFT BEND INTO OBJECT/PARKED VEHICLE,1,754425,Not at intersection,3,50,Local Road,MABEL,WHITTLESEA,-37.586792,145.11963,2023,1,January,12,Midday,Weekday
T20230001317,2023-01-18,12:30:00,1,Collision with vehicle,3,Wednesday,130,REAR END(VEHICLES IN SAME LANE),1,752951,Not at intersection,3,80,Arterial Other,HEATHERTON,CASEY,-37.972797,145.23915,2023,1,January,12,Midday,Weekday
T20230001321,2023-01-18,18:00:00,4,Collision with a fixed object,3,Wednesday,171,LEFT OFF CARRIAGEWAY INTO OBJECT/PARKED VEHICLE,1,787369,Not at intersection,2,100,Local Road,BACK KYNETON,BENDIGO,-36.932034,144.68967,2023,1,January,18,Afternoon Peak,Weekday
T20230001277,2023-01-18,09:26:00,6,Vehicle overturned (no collision),3,Wednesday,182,OFF CARRIAGEWAY ON LEFT BEND,1,258880,Not at intersection,3,100,Local Road,FAIRBANK,SOUTH GIPPSLAND,-38.414112,145.9424,2023,1,January,9,Morning Peak,Weekday
T20230001285,2023-01-18,10:16:00,1,Collision with vehicle,3,Wednesday,120,HEAD ON (NOT OVERTAKING),1,775896,Not at intersection,2,40,Local Road,MOUNT COTTRELL,MELTON,-37.70795,144.62015,2023,1,January,10,Midday,Weekday
T20230001287,2023-01-18,10:47:00,1,Collision with vehicle,3,Wednesday,120,HEAD ON (NOT OVERTAKING),1,224428,Not at intersection,2,100,Arterial Highway,DANDENONG-HASTINGS,MORNINGTON PENINSULA,-38.252876,145.21469,2023,1,January,10,Midday,Weekday
T20230001288,2023-01-18,11:01:00,1,Collision with vehicle,3,Wednesday,130,REAR END(VEHICLES IN SAME LANE),1,779889,Not at intersection,2,100,Freeway,PRINCES,CARDINIA,-38.091698,145.47968,2023,1,January,11,Midday,Weekday
T20230001293,2023-01-18,13:05:00,1,Collision with vehicle,3,Wednesday,130,REAR END(VEHICLES IN SAME LANE),1,777767,Not at intersection,3,60,Arterial Highway,TORQUAY,GEELONG,-38.20842,144.34003,2023,1,January,13,Midday,Weekday
T20230001296,2023-01-18,06:15:00,4,Collision with a fixed object,3,Wednesday,151,OUT OF CONTROL (OVERTAKING),2,757634,Not at intersection,3,100,Freeway,WESTERN RING,HUME,-37.69442,144.92125,2023,1,January,6,Morning Peak,Weekday
T20230001298,2023-01-18,08:50:00,1,Collision with vehicle,3,Wednesday,110,CROSS TRAFFIC(INTERSECTIONS ONLY),1,52967,Cross intersection,3,60,Local Road,KLINE,BALLARAT,-37.577003,143.88333,2023,1,January,8,Morning Peak,Weekday
T20230001299,2023-01-18,12:40:00,1,Collision with vehicle,3,Wednesday,147,VEHICLE STRIKES ANOTHER VEH WHILE EMERGING FROM DRIVEWAY,1,765423,Not at intersection,2,100,Arterial Highway,BASS,BASS COAST,-38.56306,145.53287,2023,1,January,12,Midday,Weekday
T20230001303,2023-01-18,14:25:00,2,Struck Pedestrian,3,Wednesday,102,FAR SIDE. PED HIT BY VEHICLE FROM THE LEFT,1,777762,Not at intersection,3,40,Local Road,RESERVOIR,HUME,-37.641743,144.93123,2023,1,January,14,Midday,Weekday
T20230001304,2023-01-18,12:55:00,7,Fall from or in moving vehicle,3,Wednesday,190,FELL IN/FROM VEHICLE,1,748935,Not at intersection,3,70,Arterial Highway,ST GEORGES,DAREBIN,-37.767235,144.99185,2023,1,January,12,Midday,Weekday
T20230001306,2023-01-18,14:42:00,1,Collision with vehicle,3,Wednesday,121,RIGHT THROUGH,1,51916,Cross intersection,3,70,Arterial Highway,MIDLAND,BENDIGO,-36.705154,144.31616,2023,1,January,14,Midday,Weekday
T20230001307,2023-01-18,14:10:00,1,Collision with vehicle,3,Wednesday,121,RIGHT THROUGH,1,55677,T intersection,2,60,Arterial Other,EDGARS,WHITTLESEA,-37.689663,145.00226,2023,1,January,14,Midday,Weekday
T20230002131,2023-01-18,18:10:00,1,Collision with vehicle,3,Wednesday,147,VEHICLE STRIKES ANOTHER VEH WHILE EMERGING FROM DRIVEWAY,9,751381,Not at intersection,3,60,Local Road,SUSSEX,MORELAND,-37.72676,144.95032,2023,1,January,18,Afternoon Peak,Weekday
T20230002616,2023-01-18,17:05:00,1,Collision with vehicle,3,Wednesday,130,REAR END(VEHICLES IN SAME LANE),1,728982,Not at intersection,3,60,Arterial Highway,BELL,MOONEE VALLEY,-37.735962,144.92744,2023,1,January,17,Afternoon Peak,Weekday
T20230001308,2023-01-18,14:30:00,1,Collision with vehicle,3,Wednesday,110,CROSS TRAFFIC(INTERSECTIONS ONLY),1,52986,Cross intersection,3,60,Local Road,CLARKSON,BALLARAT,-37.58206,143.83894,2023,1,January,14,Midday,Weekday
T20230002189,2023-01-18,14:15:00,1,Collision with vehicle,3,Wednesday,111,RIGHT FAR (INTERSECTIONS ONLY),1,39963,T intersection,3,60,Arterial Other,KOROROIT CREEK,HOBSONS BAY,-37.85383,144.85794,2023,1,January,14,Midday,Weekday
T20230000814,2023-01-18,13:07:00,1,Collision with vehicle,3,Wednesday,139,OTHER SAME DIRECTION-MANOUEVRES NOT INCLUDED IN DCAs 130-137,1,783169,Not at intersection,3,100,Freeway,HUME OUT-NORTHERN,MITCHELL,-37.447464,144.97981,2023,1,January,13,Midday,Weekday
T20230001613,2023-01-18,08:30:00,1,Collision with vehicle,3,Wednesday,121,RIGHT THROUGH,1,43935,Cross intersection,2,80,Arterial Highway,SOUTH GIPPSLAND,CASEY,-38.159912,145.31857,2023,1,January,8,Morning Peak,Weekday