ACCIDENT_NO,ACCIDENT_DATE,ACCIDENT_TIME,ACCIDENT_TYPE,ACCIDENT_TYPE_DESC,DAY_OF_WEEK,DAY_WEEK_DESC,DCA_CODE,DCA_DESC,LIGHT_CONDITION,NODE_ID,ROAD_GEOMETRY_DESC,SEVERITY,SPEED_ZONE,RMA,ROAD_NAME,LGA_NAME,LATITUDE,LONGITUDE,YEAR,MONTH,MONTH_NAME,HOUR,TIME_PERIOD,DAY_TYPE
T20230001310,2023-01-18,13:45:00,1,Collision with vehicle,3,Wednesday,130,REAR END(VEHICLES IN SAME LANE),1,772184,Not at intersection,2,80,Arterial Other,SYDNEY,HUME,-37.644882,144.9514,2023,1,January,13,Midday,Weekday
T20230004229,2023-01-18,10:50:00,1,Collision with vehicle,3,Wednesday,132,RIGHT REAR.,1,336568,T intersection,3,60,Arterial Other,BLACKBURN,MANNINGHAM,-37.771805,145.16507,2023,1,January,10,Midday,Weekday
T20230001399,2023-01-18,15:20:00,2,Struck Pedestrian,3,Wednesday,100,PED NEAR SIDE. PED HIT BY VEHICLE FROM THE RIGHT.,1,591756,Cross intersection,3,60,Arterial Highway,CHELTENHAM,DANDENONG,-37.99143,145.19627,2023,1,January,15,Afternoon Peak,Weekday
T20230004811,2023-01-18,01:27:00,3,Struck animal,3,Wednesday,167,STRUCK ANIMAL,6,757871,Not at intersection,3,100,Arterial Highway,PRINCES,MOYNE,-38.32812,142.38217,2023,1,January,1,Late Night,Weekday
T20230001718,2023-01-18,16:15:00,1,Collision with vehicle,3,Wednesday,111,RIGHT FAR (INTERSECTIONS ONLY),1,275245,T intersection,3,50,Local Road,BLACK DOG,MELTON,-37.692867,144.55797,2023,1,January,16,Afternoon Peak,Weekday
T20230001402,2023-01-18,16:23:00,1,Collision with vehicle,3,Wednesday,147,VEHICLE STRIKES ANOTHER VEH WHILE EMERGING FROM DRIVEWAY,1,749561,Not at intersection,3,60,Arterial Highway,HIGH,MITCHELL,-37.41705,144.97906,2023,1,January,16,Afternoon Peak,Weekday
T20230007516,2023-01-18,06:30:00,1,Collision with vehicle,3,Wednesday,130,REAR END(VEHICLES IN SAME LANE),2,778009,Not at intersection,2,60,Arterial Other,OLD GEELONG,WYNDHAM,-37.877625,144.71126,2023,1,January,6,Morning Peak,Weekday
T20230001327,2023-01-18,17:30:00,1,Collision with vehicle,3,Wednesday,120,HEAD ON (NOT OVERTAKING),1,772822,Not at intersection,3,60,Arterial Other,HEIDELBERG-WARRANDYTE,MANNINGHAM,-37.752625,145.15848,2023,1,January,17,Afternoon Peak,Weekday
T20230001328,2023-01-18,16:09:00,1,Collision with vehicle,3,Wednesday,140,U TURN,1,278720,T intersection,3,50,Local Road,CITY VISTA,MELTON,-37.718323,144.72609,2023,1,January,16,Afternoon Peak,Weekday
T20230001331,2023-01-18,13:45:00,8,No collision and no object struck,3,Wednesday,151,OUT OF CONTROL (OVERTAKING),1,81560,Not at intersection,3,50,Local Road,GILBERT,DAREBIN,-37.74334,144.98924,2023,1,January,13,Midday,Weekday
T20230001332,2023-01-18,17:40:00,1,Collision with vehicle,3,Wednesday,111,RIGHT FAR (INTERSECTIONS ONLY),1,44232,Cross intersection,3,50,Local Road,DAVISSON,WHITTLESEA,-37.648956,145.02998,2023,1,January,17,Afternoon Peak,Weekday
T20230001404,2023-01-18,09:30:00,4,Collision with a fixed object,3,Wednesday,181,OFF RIGHT BEND INTO OBJECT/PARKED VEHICLE,1,748942,Not at intersection,2,50,Local Road,LYNDARUM,WHITTLESEA,-37.62971,145.02255,2023,1,January,9,Morning Peak,Weekday
T20230001338,2023-01-18,21:20:00,1,Collision with vehicle,3,Wednesday,135,LANE CHANGE LEFT (NOT OVERTAKING),3,777428,Not at intersection,3,100,Freeway,WESTERN RING,HUME,-37.691917,144.95753,2023,1,January,21,Night,Weekday
T20230001339,2023-01-18,21:15:00,1,Collision with vehicle,3,Wednesday,121,RIGHT THROUGH,3,43517,T intersection,2,80,Arterial Other,CRANBOURNE,FRANKSTON,-38.150913,145.15123,2023,1,January,21,Night,Weekday
T20230001341,2023-01-18,20:00:00,4,Collision with a fixed object,3,Wednesday,181,OFF RIGHT BEND INTO OBJECT/PARKED VEHICLE,5,775582,Not at intersection,2,100,Local Road,GLENBURNIE,WHITTLESEA,-37.49599,145.0849,2023,1,January,20,Night,Weekday
T20230001754,2023-01-18,13:05:00,4,Collision with a fixed object,3,Wednesday,171,LEFT OFF CARRIAGEWAY INTO OBJECT/PARKED VEHICLE,1,650979,Cross intersection,3,60,Arterial Highway,CLOW,DANDENONG,-37.98481,145.21394,2023,1,January,13,Midday,Weekday
T20230005113,2023-01-18,09:15:00,1,Collision with vehicle,3,Wednesday,130,REAR END(VEHICLES IN SAME LANE),1,777439,Not at intersection,3,100,Freeway,EASTERN,MANNINGHAM,-37.796295,145.11862,2023,1,January,9,Morning Peak,Weekday
T20230005031,2023-01-18,13:27:00,1,Collision with vehicle,3,Wednesday,130,REAR END(VEHICLES IN SAME LANE),1,777182,Not at intersection,2,80,Arterial Highway,DANDENONG,DANDENONG,-37.931168,145.1537,2023,1,January,13,Midday,Weekday
T20230001350,2023-01-18,20:02:00,1,Collision with vehicle,3,Wednesday,130,REAR END(VEHICLES IN SAME LANE),1,750368,Cross intersection,2,80,Freeway,BORONIA,KNOX,-37.846264,145.21632,2023,1,January,20,Night,Weekday
T20230003287,2023-01-18,14:00:00,6,Vehicle overturned (no collision),3,Wednesday,151,OUT OF CONTROL (OVERTAKING),1,262027,T intersection,3,60,Local Road,CHURCH,YARRA,-37.8092,145.00087,2023,1,January,14,Midday,Weekday
T20230001453,2023-01-18,22:30:00,4,Collision with a fixed object,3,Wednesday,175,OFF END OF ROAD/T-INTERSECTION.,5,1147,Cross intersection,2,80,Arterial Other,ARTHURS SEAT ROAD -WHITE HILL,MORNINGTON PENINSULA,-38.36937,145.00508,2023,1,January,22,Night,Weekday
T20230001256,2023-01-18,02:10:00,4,Collision with a fixed object,3,Wednesday,171,LEFT OFF CARRIAGEWAY INTO OBJECT/PARKED VEHICLE,3,783627,Not at intersection,3,50,Local Road,EDWARDS,BALLARAT,-37.60104,143.83589,2023,1,January,2,Late Night,Weekday
T20230001460,2023-01-18,08:53:00,1,Collision with vehicle,3,Wednesday,130,REAR END(VEHICLES IN SAME LANE),1,325176,Cross intersection,3,70,Arterial Other,BALLARAT,BRIMBANK,-37.77021,144.77475,2023,1,January,8,Morning Peak,Weekday
T20230001257,2023-01-18,00:26:00,4,Collision with a fixed object,3,Wednesday,171,LEFT OFF CARRIAGEWAY INTO OBJECT/PARKED VEHICLE,5,772183,Not at intersection,3,40,Local Road,HUGH KING,MILDURA,-34.184273,142.16594,2023,1,January,0,Late Night,Weekday
T20230001259,2023-01-18,04:45:00,6,Vehicle overturned (no collision),3,Wednesday,174,OUT OF CONTROL ON CARRIAGEWAY (ON STRAIGHT),3,748700,T intersection,3,40,Arterial Other,SYDNEY,MORELAND,-37.751713,144.96478,2023,1,January,4,Late Night,Weekday
T20230001263,2023-01-18,07:45:00,4,Collision with a fixed object,3,Wednesday,181,OFF RIGHT BEND INTO OBJECT/PARKED VEHICLE,1,749874,Not at intersection,3,80,Arterial Highway,MELBA,YARRA RANGES,-37.67197,145.38168,2023,1,January,7,Morning Peak,Weekday
T20230001371,2023-01-18,06:45:00,7,Fall from or in moving vehicle,3,Wednesday,190,FELL IN/FROM VEHICLE,2,206,Cross intersection,3,40,Arterial Other,KING,MELBOURNE,-37.818356,144.95663,2023,1,January,6,Morning Peak,Weekday
T20230001265,2023-01-18,08:00:00,1,Collision with vehicle,3,Wednesday,113,RIGHT NEAR (INTERSECTIONS ONLY),1,748701,T intersection,3,50,Local Road,EDWARDS,BALLARAT,-37.60316,143.83594,2023,1,January,8,Morning Peak,Weekday
T20230001267,2023-01-18,06:37:00,1,Collision with vehicle,3,Wednesday,121,RIGHT THROUGH,2,42570,Cross intersection,2,60,Arterial Other,POLICE,MONASH,-37.93499,145.17162,2023,1,January,6,Morning Peak,Weekday
T20230001269,2023-01-18,09:06:00,1,Collision with vehicle,3,Wednesday,113,RIGHT NEAR (INTERSECTIONS ONLY),1,71615,Cross intersection,2,70,Local Road,RAGLAN,WELLINGTON,-38.09812,147.06514,2023,1,January,9,Morning Peak,Weekday
T20230001270,2023-01-18,07:25:00,2,Struck Pedestrian,3,Wednesday,100,PED NEAR SIDE. PED HIT BY VEHICLE FROM THE RIGHT.,1,749538,Not at intersection,2,60,Arterial Highway,NEPEAN,FRANKSTON,-38.150684,145.11426,2023,1,January,7,Morning Peak,Weekday
T20230001444,2023-01-19,22:58:00,1,Collision with vehicle,4,Thursday,130,REAR END(VEHICLES IN SAME LANE),3,749772,T intersection,3,80,Arterial Other,BERWICK-CRANBOURNE,CASEY,-38.097973,145.33142,2023,1,January,22,Night,Weekday
T20230001432,2023-01-19,18:30:00,4,Collision with a fixed object,4,Thursday,173,RIGHT OFF CARRIAGEWAY INTO OBJECT/PARKED VEHICLE,1,774063,Not at intersection,3,100,Arterial Other,NATIMUK-HAMILTON,SOUTHERN GRAMPIANS,-37.501373,142.02495,2023,1,January,18,Afternoon Peak,Weekday
T20230001396,2023-01-19,12:53:00,1,Collision with vehicle,4,Thursday,111,RIGHT FAR (INTERSECTIONS ONLY),1,256561,Cross intersection,2,50,Local Road,LONSDALE,BALLARAT,-37.575455,143.83614,2023,1,January,12,Midday,Weekday
T20230001343,2023-01-19,00:15:00,1,Collision with vehicle,4,Thursday,121,RIGHT THROUGH,3,44630,Cross intersection,3,60,Arterial Highway,DON STREET -HIGH,BENDIGO,-36.76347,144.27058,2023,1,January,0,Late Night,Weekday
T20230001344,2023-01-19,01:15:00,4,Collision with a fixed object,4,Thursday,171,LEFT OFF CARRIAGEWAY INTO OBJECT/PARKED VEHICLE,3,759496,T intersection,2,60,Local Road,YOUNGMAN,DAREBIN,-37.735435,145.0087,2023,1,January,1,Late Night,Weekday
T20230001427,2023-01-19,16:21:00,1,Collision with vehicle,4,Thursday,169,OTHER ON PATH,1,756521,Not at intersection,2,50,Local Road,KAROOMBA,GEELONG,-38.136604,144.32219,2023,1,January,16,Afternoon Peak,Weekday
T20230001353,2023-01-19,07:50:00,1,Collision with vehicle,4,Thursday,130,REAR END(VEHICLES IN SAME LANE),1,749560,Not at intersection,2,80,Freeway,WEST GATE,WYNDHAM,-37.825882,144.82133,2023,1,January,7,Morning Peak,Weekday
T20230001431,2023-01-19,16:09:00,4,Collision with a fixed object,4,Thursday,171,LEFT OFF CARRIAGEWAY INTO OBJECT/PARKED VEHICLE,1,782461,Not at intersection,2,100,Arterial Highway,HOPKINS,MOYNE,-38.286503,142.59415,2023,1,January,16,Afternoon Peak,Weekday
T20230001430,2023-01-19,17:52:00,1,Collision with vehicle,4,Thursday,110,CROSS TRAFFIC(INTERSECTIONS ONLY),1,707275,Cross intersection,2,100,Arterial Other,CURDIES-LEICHFIELD,CORANGAMITE,-38.39839,142.95613,2023,1,January,17,Afternoon Peak,Weekday
T20230001356,2023-01-19,08:00:00,2,Struck Pedestrian,4,Thursday,102,FAR SIDE. PED HIT BY VEHICLE FROM THE LEFT,1,748938,Not at intersection,2,40,Local Road,WESTLEY,BANYULE,-37.76786,145.04381,2023,1,January,8,Morning Peak,Weekday
T20230001428,2023-01-19,18:50:00,1,Collision with vehicle,4,Thursday,147,VEHICLE STRIKES ANOTHER VEH WHILE EMERGING FROM DRIVEWAY,1,760832,Not at intersection,3,80,Local Road,ELCHO,GEELONG,-38.02625,144.32503,2023,1,January,18,Afternoon Peak,Weekday
T20230001376,2023-01-19,12:30:00,1,Collision with vehicle,4,Thursday,134,LANE CHANGE RIGHT (NOT OVERTAKING),1,760890,Not at intersection,3,50,Arterial Highway,PALL MALL,BENDIGO,-36.757973,144.28079,2023,1,January,12,Midday,Weekday
T20230001360,2023-01-19,07:40:00,1,Collision with vehicle,4,Thursday,139,OTHER SAME DIRECTION-MANOUEVRES NOT INCLUDED IN DCAs 130-137,1,749161,Not at intersection,3,60,Arterial Other,MARINE,PORT PHILLIP,-37.88024,144.97751,2023,1,January,7,Morning Peak,Weekday
T20230001380,2023-01-19,11:40:00,4,Collision with a fixed object,4,Thursday,171,LEFT OFF CARRIAGEWAY INTO OBJECT/PARKED VEHICLE,1,753767,Not at intersection,3,80,Freeway,CITYLINK,MELBOURNE,-37.805058,144.93417,2023,1,January,11,Midday,Weekday
T20230001405,2023-01-19,16:05:00,1,Collision with vehicle,4,Thursday,110,CROSS TRAFFIC(INTERSECTIONS ONLY),1,43056,Cross intersection,2,40,Local Road,THOMAS,DANDENONG,-37.988213,145.21277,2023,1,January,16,Afternoon Peak,Weekday
T20230001364,2023-01-19,07:45:00,1,Collision with vehicle,4,Thursday,120,HEAD ON (NOT OVERTAKING),1,758752,Not at intersection,2,100,Local Road,POUND CREEK,BASS COAST,-38.584053,145.81625,2023,1,January,7,Morning Peak,Weekday
T20230003094,2023-01-19,11:50:00,1,Collision with vehicle,4,Thursday,121,RIGHT THROUGH,1,51051,Cross intersection,3,50,Local Road,LOCKWOOD,SHEPPARTON,-36.380856,145.41626,2023,1,January,11,Midday,Weekday
T20230001384,2023-01-19,09:35:00,1,Collision with vehicle,4,Thursday,130,REAR END(VEHICLES IN SAME LANE),1,752068,Not at intersection,3,50,Arterial Other,MCCALLUM,SWAN HILL,-35.338413,143.55963,2023,1,January,9,Morning Peak,Weekday
T20230001401,2023-01-19,11:05:00,1,Collision with vehicle,4,Thursday,120,HEAD ON (NOT OVERTAKING),1,357062,Not at intersection,2,60,Arterial Other,HEIDELBERG-KINGLAKE,NILLUMBIK,-37.580402,145.28908,2023,1,January,11,Midday,Weekday
T20230001448,2023-01-19,23:10:00,4,Collision with a fixed object,4,Thursday,173,RIGHT OFF CARRIAGEWAY INTO OBJECT/PARKED VEHICLE,5,787350,Not at intersection,2,60,Local Road,UNNAMED,HUME,-37.54803,144.7219,2023,1,January,23,Night,Weekday
T20230001385,2023-01-19,11:20:00,1,Collision with vehicle,4,Thursday,121,RIGHT THROUGH,1,29377,Cross intersection,3,60,Arterial Other,KING,MELBOURNE,-37.805504,144.94865,2023,1,January,11,Midday,Weekday
T20230001446,2023-01-19,21:47:00,1,Collision with vehicle,4,Thursday,121,RIGHT THROUGH,3,759320,T intersection,2,60,Arterial Other,PLUMPTON,MORELAND,-37.713028,144.9234,2023,1,January,21,Night,Weekday
T20230001374,2023-01-19,08:58:00,1,Collision with vehicle,4,Thursday,110,CROSS TRAFFIC(INTERSECTIONS ONLY),1,275767,Cross intersection,3,100,Local Road,BLACKS,MOYNE,-38.30364,142.63507,2023,1,January,8,Morning Peak,Weekday
T20230001443,2023-01-19,22:15:00,1,Collision with vehicle,4,Thursday,131,LEFT REAR,3,760895,Not at intersection,3,60,Arterial Other,POLICE,MONASH,-37.936237,145.18124,2023,1,January,22,Night,Weekday
T20230001442,2023-01-19,15:50:00,1,Collision with vehicle,4,Thursday,121,RIGHT THROUGH,1,36768,Cross intersection,2,80,Arterial Other,COOPER,HUME,-37.644398,144.95755,2023,1,January,15,Afternoon Peak,Weekday
T20230001437,2023-01-19,18:35:00,2,Struck Pedestrian,4,Thursday,108,PED STRUCK WALKING TO/FROM OR BOARDING/ALIGHTING VEHICLE.,1,757522,Not at intersection,2,60,Arterial Other,ROYAL,MELBOURNE,-37.787952,144.959,2023,1,January,18,Afternoon Peak,Weekday
T20230001388,2023-01-19,13:10:00,1,Collision with vehicle,4,Thursday,121,RIGHT THROUGH,1,40045,T intersection,2,60,Arterial Other,WOORITE,MOONEE VALLEY,-37.729855,144.86935,2023,1,January,13,Midday,Weekday
T20230001378,2023-01-19,11:18:00,1,Collision with vehicle,4,Thursday,113,RIGHT NEAR (INTERSECTIONS ONLY),1,72630,T intersection,2,60,Local Road,CANADIAN BAY,MORNINGTON PENINSULA,-38.192917,145.09648,2023,1,January,11,Midday,Weekday
T20230001406,2023-01-19,15:55:00,1,Collision with vehicle,4,Thursday,130,REAR END(VEHICLES IN SAME LANE),1,680486,Not at intersection,3,70,Arterial Other,THOMPSONS,DANDENONG,-38.07648,145.22908,2023,1,January,15,Afternoon Peak,Weekday
T20230001411,2023-01-19,15:24:00,1,Collision with vehicle,4,Thursday,113,RIGHT NEAR (INTERSECTIONS ONLY),1,38868,Cross intersection,2,60,Arterial Other,BARKERS,BOROONDARA,-37.812737,145.02026,2023,1,January,15,Afternoon Peak,Weekday
T20230021355,2023-01-19,15:50:00,1,Collision with vehicle,4,Thursday,130,REAR END(VEHICLES IN SAME LANE),9,780982,Not at intersection,3,80,Arterial Other,THOMPSONS,CASEY,-38.078533,145.24753,2023,1,January,15,Afternoon Peak,Weekday
T20230001418,2023-01-19,17:51:00,1,Collision with vehicle,4,Thursday,147,VEHICLE STRIKES ANOTHER VEH WHILE EMERGING FROM DRIVEWAY,1,749525,Not at intersection,2,50,Local Road,POOLE,BRIMBANK,-37.77372,144.7709,2023,1,January,17,Afternoon Peak,Weekday
T20230001419,2023-01-19,16:11:00,1,Collision with vehicle,4,Thursday,113,RIGHT NEAR (INTERSECTIONS ONLY),1,236448,T intersection,3,60,Local Road,FLORENCE,SHEPPARTON,-36.377583,145.42442,2023,1,January,16,Afternoon Peak,Weekday
T20230001422,2023-01-19,14:30:00,1,Collision with vehicle,4,Thursday,130,REAR END(VEHICLES IN SAME LANE),1,751253,T intersection,2,70,Arterial Other,BAYSWATER,MAROONDAH,-37.805363,145.27211,2023,1,January,14,Midday,Weekday
T20230003745,2023-01-19,15:19:00,1,Collision with vehicle,4,Thursday,130,REAR END(VEHICLES IN SAME LANE),1,768511,Cross intersection,3,80,Arterial Other,CANTERBURY,WHITEHORSE,-37.83467,145.17267,2023,1,January,15,Afternoon Peak,Weekday
T20230001425,2023-01-19,17:25:00,1,Collision with vehicle,4,Thursday,131,LEFT REAR,1,748943,Not at intersection,3,50,Local Road,BONDI,KINGSTON,-38.0624,145.12358,2023,1,January,17,Afternoon Peak,Weekday
T20230001426,2023-01-19,17:45:00,4,Collision with a fixed object,4,Thursday,173,RIGHT OFF CARRIAGEWAY INTO OBJECT/PARKED VEHICLE,1,43594,T intersection,3,80,Arterial Highway,MOOROODUC,FRANKSTON,-38.19403,145.1351,2023,1,January,17,Afternoon Peak,Weekday
T20230007971,2023-01-19,18:30:00,1,Collision with vehicle,4,Thursday,130,REAR END(VEHICLES IN SAME LANE),1,777794,Not at intersection,3,60,Arterial Other,CHRISTIES,MELTON,-37.75654,144.73967,2023,1,January,18,Afternoon Peak,Weekday
T20230002113,2023-01-19,13:30:00,1,Collision with vehicle,4,Thursday,147,VEHICLE STRIKES ANOTHER VEH WHILE EMERGING FROM DRIVEWAY,1,752725,Multiple intersection,3,50,Local Road,KIRKLAND,STRATHBOGIE,-36.74832,145.57053,2023,1,January,13,Midday,Weekday
T20230001751,2023-01-19,09:30:00,1,Collision with vehicle,4,Thursday,130,REAR END(VEHICLES IN SAME LANE),1,780203,T intersection,3,80,Local Road,CHARLWOOD,WYNDHAM,-37.90866,144.60516,2023,1,January,9,Morning Peak,Weekday
T20230001543,2023-01-20,23:29:00,4,Collision with a fixed object,5,Friday,181,OFF RIGHT BEND INTO OBJECT/PARKED VEHICLE,3,750355,Not at intersection,3,60,Local Road,BOARDWALK,WYNDHAM,-37.890446,144.73221,2023,1,January,23,Night,Weekday
T20230002633,2023-01-20,08:50:00,1,Collision with vehicle,5,Friday,130,REAR END(VEHICLES IN SAME LANE),1,287624,Not at intersection,2,100,Freeway,WEST GATE,MELBOURNE,-37.82725,144.96278,2023,1,January,8,Morning Peak,Weekday
T20230001475,2023-01-20,08:30:00,1,Collision with vehicle,5,Friday,130,REAR END(VEHICLES IN SAME LANE),1,760587,Not at intersection,3,80,Arterial Highway,MCIVOR,BENDIGO,-36.772713,144.3567,2023,1,January,8,Morning Peak,Weekday
T20230001531,2023-01-20,18:30:00,1,Collision with vehicle,5,Friday,130,REAR END(VEHICLES IN SAME LANE),1,774089,T intersection,3,50,Arterial Other,ELONERA,DANDENONG,-37.958157,145.19142,2023,1,January,18,Afternoon Peak,Weekday
T20230005345,2023-01-20,15:55:00,1,Collision with vehicle,5,Friday,134,LANE CHANGE RIGHT (NOT OVERTAKING),1,781201,Not at intersection,3,50,Local Road,CRAMER,WARRNAMBOOL,-38.376858,142.49567,2023,1,January,15,Afternoon Peak,Weekday
T20230001624,2023-01-20,19:30:00,1,Collision with vehicle,5,Friday,130,REAR END(VEHICLES IN SAME LANE),1,309683,Cross intersection,3,60,Arterial Other,OSHEA,CASEY,-38.05993,145.33846,2023,1,January,19,Night,Weekday
T20230001532,2023-01-20,20:30:00,1,Collision with vehicle,5,Friday,179,OTHER ACCIDENTS-OFF STRAIGHT NOT INCLUDED IN DCAs 170-175,2,777768,T intersection,3,50,Local Road,REGENT,WHITTLESEA,-37.604935,145.06873,2023,1,January,20,Night,Weekday
T20230001856,2023-01-20,20:02:00,7,Fall from or in moving vehicle,5,Friday,190,FELL IN/FROM VEHICLE,1,783681,Not at intersection,3,50,Local Road,WESTON,MORELAND,-37.775764,144.97011,2023,1,January,20,Night,Weekday
T20230001534,2023-01-20,15:05:00,1,Collision with vehicle,5,Friday,132,RIGHT REAR.,1,760583,T intersection,3,60,Local Road,HAYSTON,WHITTLESEA,-37.629364,145.03644,2023,1,January,15,Afternoon Peak,Weekday
T20230001538,2023-01-20,15:15:00,1,Collision with vehicle,5,Friday,130,REAR END(VEHICLES IN SAME LANE),1,752070,Not at intersection,3,80,Arterial Other,PASCOE VALE,HUME,-37.646458,144.93048,2023,1,January,15,Afternoon Peak,Weekday
T20230001539,2023-01-20,15:10:00,1,Collision with vehicle,5,Friday,110,CROSS TRAFFIC(INTERSECTIONS ONLY),1,45636,Cross intersection,2,40,Local Road,BARKLY,MORELAND,-37.775814,144.95811,2023,1,January,15,Afternoon Peak,Weekday
T20230001868,2023-01-20,05:00:00,4,Collision with a fixed object,5,Friday,181,OFF RIGHT BEND INTO OBJECT/PARKED VEHICLE,5,750731,Not at intersection,2,100,Arterial Highway,GOULBURN VALLEY,MURRINDINDI,-37.17068,145.29997,2023,1,January,5,Morning Peak,Weekday
T20230001541,2023-01-20,22:30:00,5,collision with some other object,5,Friday,166,STRUCK OBJECT ON CARRIAGEWAY,5,760586,Not at intersection,3,100,Arterial Highway,MELBA,MURRINDINDI,-37.395004,145.46565,2023,1,January,22,Night,Weekday
T20230001542,2023-01-20,18:37:00,1,Collision with vehicle,5,Friday,130,REAR END(VEHICLES IN SAME LANE),1,777723,Not at intersection,3,60,Arterial Other,HUME,HUME,-37.59144,144.94237,2023,1,January,18,Afternoon Peak,Weekday
T20230001463,2023-01-20,07:20:00,2,Struck Pedestrian,5,Friday,102,FAR SIDE. PED HIT BY VEHICLE FROM THE LEFT,1,775371,Not at intersection,2,50,Local Road,GOLF LINKS,MITCHELL,-37.475914,144.95352,2023,1,January,7,Morning Peak,Weekday
T20230001467,2023-01-20,10:55:00,1,Collision with vehicle,5,Friday,121,RIGHT THROUGH,1,356648,T intersection,3,70,Arterial Other,COSTAS,WYNDHAM,-37.874916,144.71811,2023,1,January,10,Midday,Weekday
T20230001530,2023-01-20,16:13:00,1,Collision with vehicle,5,Friday,110,CROSS TRAFFIC(INTERSECTIONS ONLY),1,225697,Cross intersection,3,60,Local Road,AVERYS,BENDIGO,-36.71778,144.27385,2023,1,January,16,Afternoon Peak,Weekday
T20230001473,2023-01-20,09:42:00,1,Collision with vehicle,5,Friday,134,LANE CHANGE RIGHT (NOT OVERTAKING),1,783680,Not at intersection,3,100,Freeway,PRINCES,WYNDHAM,-37.915417,144.67053,2023,1,January,9,Morning Peak,Weekday
T20230001474,2023-01-20,10:02:00,1,Collision with vehicle,5,Friday,148,VEHICLE OFF FOOTPATH STRIKES VEH ON CARRIAGEWAY,1,783688,Cross intersection,3,60,Local Road,GOLF LINKS,FRANKSTON,-38.181873,145.16005,2023,1,January,10,Midday,Weekday
T20230001476,2023-01-20,09:40:00,4,Collision with a fixed object,5,Friday,181,OFF RIGHT BEND INTO OBJECT/PARKED VEHICLE,1,774421,Not at intersection,3,100,Arterial Other,PENSHURST-WARRNAMBOOL,MOYNE,-38.004204,142.3093,2023,1,January,9,Morning Peak,Weekday
T20230001477,2023-01-20,11:22:00,1,Collision with vehicle,5,Friday,130,REAR END(VEHICLES IN SAME LANE),1,760585,Not at intersection,3,60,Arterial Other,HODDLE,YARRA,-37.78875,144.99495,2023,1,January,11,Midday,Weekday
T20230006329,2023-01-20,09:15:00,1,Collision with vehicle,5,Friday,130,REAR END(VEHICLES IN SAME LANE),1,777786,Not at intersection,3,80,Arterial Highway,DANDENONG,STONNINGTON,-37.8836,145.05608,2023,1,January,9,Morning Peak,Weekday
T20230001556,2023-01-20,22:35:00,1,Collision with vehicle,5,Friday,110,CROSS TRAFFIC(INTERSECTIONS ONLY),5,19647,Cross intersection,1,100,Arterial Other,LANCASTER,CAMPASPE,-36.313484,145.10356,2023,1,January,22,Night,Weekday
T20230001452,2023-01-20,02:45:00,4,Collision with a fixed object,5,Friday,171,LEFT OFF CARRIAGEWAY INTO OBJECT/PARKED VEHICLE,3,783682,Not at intersection,3,60,Arterial Other,ELEVENTH,MILDURA,-34.17979,142.14569,2023,1,January,2,Late Night,Weekday
T20230002344,2023-01-20,16:00:00,4,Collision with a fixed object,5,Friday,173,RIGHT OFF CARRIAGEWAY INTO OBJECT/PARKED VEHICLE,1,783683,Not at intersection,3,40,Arterial Other,ST KILDA ROAD SERVICE,MELBOURNE,-37.829433,144.97154,2023,1,January,16,Afternoon Peak,Weekday
T20230001544,2023-01-20,20:41:00,4,Collision with a fixed object,5,Friday,181,OFF RIGHT BEND INTO OBJECT/PARKED VEHICLE,2,767214,Not at intersection,2,60,Local Road,MCNAUGHTON,MONASH,-37.92798,145.13667,2023,1,January,20,Night,Weekday
T20230001545,2023-01-20,23:37:00,1,Collision with vehicle,5,Friday,160,VEHICLE COLLIDES WITH VEHICLE PARKED ON LEFT OF ROAD,3,767585,Not at intersection,2,50,Local Road,RUSSELL,WARRNAMBOOL,-38.357002,142.44615,2023,1,January,23,Night,Weekday
T20230001547,2023-01-20,23:09:00,2,Struck Pedestrian,5,Friday,107,PED ON FOOTHPATH STRUCK BY VEHENTERING/LEAVING DRIVEWAY.,3,749774,Not at intersection,2,50,Local Road,DARCY,MOORABOOL,-37.69286,144.41676,2023,1,January,23,Night,Weekday
T20230001481,2023-01-20,12:04:00,1,Collision with vehicle,5,Friday,110,CROSS TRAFFIC(INTERSECTIONS ONLY),1,59034,Cross intersection,3,80,Arterial Other,WANGARATTA,WANGARATTA,-36.36468,146.30086,2023,1,January,12,Midday,Weekday
T20230001490,2023-01-20,12:55:00,4,Collision with a fixed object,5,Friday,183,OFF LEFT BEND INTO OBJECT/PARKED VEHICLE,1,749163,Not at intersection,3,50,Local Road,CHLORIS,GLEN EIRA,-37.88586,145.02768,2023,1,January,12,Midday,Weekday
T20230001491,2023-01-20,08:20:00,1,Collision with vehicle,5,Friday,163,VEHICLE STRIKES DOOR OF PARKED/STATIONARY VEHICLE,1,760588,Not at intersection,2,50,Local Road,DENDY,BAYSIDE,-37.91981,144.99615,2023,1,January,8,Morning Peak,Weekday
T20230001500,2023-01-20,15:30:00,1,Collision with vehicle,5,Friday,121,RIGHT THROUGH,1,40550,T intersection,2,60,Local Road,MATTHEWS,MOONEE VALLEY,-37.726673,144.89058,2023,1,January,15,Afternoon Peak,Weekday