ACCIDENT_NO,ACCIDENT_DATE,ACCIDENT_TIME,ACCIDENT_TYPE,ACCIDENT_TYPE_DESC,DAY_OF_WEEK,DAY_WEEK_DESC,DCA_CODE,DCA_DESC,LIGHT_CONDITION,NODE_ID,ROAD_GEOMETRY_DESC,SEVERITY,SPEED_ZONE,RMA,ROAD_NAME,LGA_NAME,LATITUDE,LONGITUDE,YEAR,MONTH,MONTH_NAME,HOUR,TIME_PERIOD,DAY_TYPE
T20230001503,2023-01-20,15:36:00,1,Collision with vehicle,5,Friday,130,REAR END(VEHICLES IN SAME LANE),1,749986,Not at intersection,2,100,Freeway,WESTERN RING,BRIMBANK,-37.796482,144.78812,2023,1,January,15,Afternoon Peak,Weekday
T20230001508,2023-01-20,16:35:00,1,Collision with vehicle,5,Friday,130,REAR END(VEHICLES IN SAME LANE),1,17640,Cross intersection,3,60,Arterial Highway,GREAT ALPINE,WANGARATTA,-36.394806,146.45412,2023,1,January,16,Afternoon Peak,Weekday
T20230001517,2023-01-20,17:04:00,1,Collision with vehicle,5,Friday,143,ENTERING PARKING,1,757154,Not at intersection,2,40,Local Road,STURT,BALLARAT,-37.562145,143.86046,2023,1,January,17,Afternoon Peak,Weekday
T20230001553,2023-01-20,20:25:00,1,Collision with vehicle,5,Friday,160,VEHICLE COLLIDES WITH VEHICLE PARKED ON LEFT OF ROAD,6,760822,Not at intersection,3,50,Local Road,OAKBANK,MORNINGTON PENINSULA,-38.221596,145.16853,2023,1,January,20,Night,Weekday
T20230001524,2023-01-20,14:08:00,1,Collision with vehicle,5,Friday,130,REAR END(VEHICLES IN SAME LANE),1,749564,Cross intersection,2,70,Arterial Other,COOPER,WHITTLESEA,-37.651875,145.02362,2023,1,January,14,Midday,Weekday
T20230001593,2023-01-21,12:03:00,1,Collision with vehicle,6,Saturday,120,HEAD ON (NOT OVERTAKING),1,777999,Not at intersection,3,50,Local Road,KIDDS,CASEY,-37.986828,145.23167,2023,1,January,12,Midday,Weekend
T20230001594,2023-01-21,13:35:00,1,Collision with vehicle,6,Saturday,110,CROSS TRAFFIC(INTERSECTIONS ONLY),1,749566,Multiple intersection,3,80,Freeway,BROADFORD-WANDONG,MITCHELL,-37.28682,145.05603,2023,1,January,13,Midday,Weekend
T20230001621,2023-01-21,17:54:00,2,Struck Pedestrian,6,Saturday,102,FAR SIDE. PED HIT BY VEHICLE FROM THE LEFT,1,753385,Not at intersection,2,60,Arterial Other,WAVERLEY,MONASH,-37.88056,145.09209,2023,1,January,17,Afternoon Peak,Weekend
T20230001620,2023-01-21,13:45:00,1,Collision with vehicle,6,Saturday,140,U TURN,1,756925,Not at intersection,3,60,Local Road,ONTARIO,MILDURA,-34.206253,142.11708,2023,1,January,13,Midday,Weekend
T20230001615,2023-01-21,16:25:00,4,Collision with a fixed object,6,Saturday,183,OFF LEFT BEND INTO OBJECT/PARKED VEHICLE,1,751104,Not at intersection,2,80,Arterial Other,GRANYA,TOWONG,-36.14285,147.33229,2023,1,January,16,Afternoon Peak,Weekend
T20230001611,2023-01-21,16:24:00,1,Collision with vehicle,6,Saturday,160,VEHICLE COLLIDES WITH VEHICLE PARKED ON LEFT OF ROAD,1,782522,Not at intersection,2,50,Arterial Other,MAIN,SOUTH GIPPSLAND,-38.652412,146.20253,2023,1,January,16,Afternoon Peak,Weekend
T20230001604,2023-01-21,14:17:00,1,Collision with vehicle,6,Saturday,129,OTHER OPPOSING MANOEUVRES NOT INCLUDED IN DCAs 120-125.,1,42348,T intersection,3,70,Arterial Other,KINGSTON,KINGSTON,-37.955208,145.09401,2023,1,January,14,Midday,Weekend
T20230001600,2023-01-21,12:30:00,8,No collision and no object struck,6,Saturday,184,OUT OF CONTROL ON CARRIAGEWAY (ON BEND),1,760532,Not at intersection,2,80,Local Road,BIG RIVER,MURRINDINDI,-37.52715,145.97397,2023,1,January,12,Midday,Weekend
T20230001554,2023-01-21,02:00:00,6,Vehicle overturned (no collision),6,Saturday,170,OFF CARRIAGEWAY TO LEFT,5,761059,Not at intersection,2,60,Arterial Other,MOUNT DANDENONG TOURIST,YARRA RANGES,-37.889652,145.32144,2023,1,January,2,Late Night,Weekend
T20230001555,2023-01-21,04:20:00,1,Collision with vehicle,6,Saturday,111,RIGHT FAR (INTERSECTIONS ONLY),3,288676,T intersection,3,60,Freeway,PASCOE VALE,MORELAND,-37.694668,144.91525,2023,1,January,4,Late Night,Weekend
T20230001559,2023-01-21,06:00:00,1,Collision with vehicle,6,Saturday,110,CROSS TRAFFIC(INTERSECTIONS ONLY),1,39063,Cross intersection,2,60,Arterial Other,BURKE,BOROONDARA,-37.81037,145.06068,2023,1,January,6,Morning Peak,Weekend
T20230001772,2023-01-21,19:38:00,1,Collision with vehicle,6,Saturday,132,RIGHT REAR.,2,777773,Not at intersection,2,100,Local Road,SEBASTOPOL-SMYTHESDALE,GOLDEN PLAINS,-37.63975,143.72893,2023,1,January,19,Night,Weekend
T20230001693,2023-01-21,14:06:00,2,Struck Pedestrian,6,Saturday,100,PED NEAR SIDE. PED HIT BY VEHICLE FROM THE RIGHT.,1,783711,Cross intersection,3,60,Local Road,RIVERSDALE,WHITEHORSE,-37.838512,145.12003,2023,1,January,14,Midday,Weekend
T20230007632,2023-01-21,17:15:00,1,Collision with vehicle,6,Saturday,124,RIGHT/RIGHT BOTH VEHs FROM OPPOSITE DIRECTIONS TURNING RIGHT,1,777766,Cross intersection,3,60,Arterial Other,TOORAK,STONNINGTON,-37.84028,145.00212,2023,1,January,17,Afternoon Peak,Weekend
T20230002411,2023-01-21,21:40:00,1,Collision with vehicle,6,Saturday,140,U TURN,3,773871,Not at intersection,2,60,Arterial Highway,POINT NEPEAN,MORNINGTON PENINSULA,-38.335587,144.9588,2023,1,January,21,Night,Weekend
T20230001635,2023-01-21,21:44:00,1,Collision with vehicle,6,Saturday,169,OTHER ON PATH,3,754427,Not at intersection,2,60,Local Road,DOVETON,BALLARAT,-37.53446,143.86014,2023,1,January,21,Night,Weekend
T20230002063,2023-01-21,12:05:00,4,Collision with a fixed object,6,Saturday,183,OFF LEFT BEND INTO OBJECT/PARKED VEHICLE,1,751150,Not at intersection,3,100,Arterial Other,KIEWA VALLEY,ALPINE,-36.647915,147.12453,2023,1,January,12,Midday,Weekend
T20230001560,2023-01-21,05:30:00,1,Collision with vehicle,6,Saturday,114,TWO RIGHT TURNING (INTERSECTIONS ONLY),3,46621,Multiple intersection,2,60,Arterial Highway,WURUNDJERI,MELBOURNE,-37.821846,144.9522,2023,1,January,5,Morning Peak,Weekend
T20230002923,2023-01-21,13:00:00,8,No collision and no object struck,6,Saturday,172,OFF CARRIAGEWAY TO RIGHT,1,760533,Not at intersection,3,50,Local Road,FEHON,MARIBYRNONG,-37.81661,144.88736,2023,1,January,13,Midday,Weekend
T20230001717,2023-01-21,16:06:00,1,Collision with vehicle,6,Saturday,110,CROSS TRAFFIC(INTERSECTIONS ONLY),1,53374,Cross intersection,3,70,Arterial Highway,NEPEAN,MORNINGTON PENINSULA,-38.21868,145.059,2023,1,January,16,Afternoon Peak,Weekend
T20230001646,2023-01-21,17:30:00,1,Collision with vehicle,6,Saturday,121,RIGHT THROUGH,1,258000,T intersection,2,60,Local Road,EASTBOURNE,MORNINGTON PENINSULA,-38.36792,144.90771,2023,1,January,17,Afternoon Peak,Weekend
T20230001750,2023-01-21,17:00:00,1,Collision with vehicle,6,Saturday,136,RIGHT TURN SIDESWIPE,1,273911,T intersection,3,100,Arterial Highway,GREAT OCEAN,COLAC OTWAY,-38.78033,143.43109,2023,1,January,17,Afternoon Peak,Weekend
T20230005513,2023-01-21,15:30:00,4,Collision with a fixed object,6,Saturday,173,RIGHT OFF CARRIAGEWAY INTO OBJECT/PARKED VEHICLE,1,760571,T intersection,2,40,Local Road,WARMINGTON,BRIMBANK,-37.80115,144.82697,2023,1,January,15,Afternoon Peak,Weekend
T20230002094,2023-01-21,13:00:00,1,Collision with vehicle,6,Saturday,130,REAR END(VEHICLES IN SAME LANE),1,29485,Not at intersection,3,40,Arterial Highway,ST GEORGES,DAREBIN,-37.77652,144.98975,2023,1,January,13,Midday,Weekend
T20230003533,2023-01-21,12:49:00,1,Collision with vehicle,6,Saturday,137,LEFT TURN SIDESWIPE,1,38051,Cross intersection,3,60,Arterial Other,HEIDELBERG,DAREBIN,-37.7834,145.01738,2023,1,January,12,Midday,Weekend
T20230001598,2023-01-21,13:30:00,8,No collision and no object struck,6,Saturday,149,OTHER MANOEUVRING NOT INCLUDED IN DCAs 140-148,1,782140,Not at intersection,2,100,Local Road,OLD COACH,CORANGAMITE,-38.70482,143.16487,2023,1,January,13,Midday,Weekend
T20230015804,2023-01-21,07:00:00,3,Struck animal,6,Saturday,167,STRUCK ANIMAL,2,777281,Not at intersection,3,80,Local Road,BUNINYONG-MT MERCER,BALLARAT,-37.68843,143.8737,2023,1,January,7,Morning Peak,Weekend
T20230001564,2023-01-21,05:50:00,1,Collision with vehicle,6,Saturday,130,REAR END(VEHICLES IN SAME LANE),2,349422,Cross intersection,2,80,Arterial Other,VICTORIA,YARRA RANGES,-37.761135,145.3343,2023,1,January,5,Morning Peak,Weekend
T20230001568,2023-01-21,09:45:00,8,No collision and no object struck,6,Saturday,140,U TURN,1,756812,Not at intersection,3,40,Local Road,CHAPEL,PORT PHILLIP,-37.868126,144.99039,2023,1,January,9,Morning Peak,Weekend
T20230001599,2023-01-21,11:00:00,1,Collision with vehicle,6,Saturday,121,RIGHT THROUGH,1,31040,T intersection,2,60,Arterial Other,JOHNSTON,YARRA,-37.800743,145.00217,2023,1,January,11,Midday,Weekend
T20230001629,2023-01-21,20:50:00,4,Collision with a fixed object,6,Saturday,173,RIGHT OFF CARRIAGEWAY INTO OBJECT/PARKED VEHICLE,5,757265,Not at intersection,2,100,Local Road,SUTHERLANDS,MACEDON RANGES,-37.451584,144.72963,2023,1,January,20,Night,Weekend
T20230001570,2023-01-21,09:38:00,6,Vehicle overturned (no collision),6,Saturday,174,OUT OF CONTROL ON CARRIAGEWAY (ON STRAIGHT),1,749358,Not at intersection,2,50,Local Road,SEPTEMBER,GEELONG,-38.171455,144.41692,2023,1,January,9,Morning Peak,Weekend
T20230003181,2023-01-21,10:45:00,2,Struck Pedestrian,6,Saturday,108,PED STRUCK WALKING TO/FROM OR BOARDING/ALIGHTING VEHICLE.,1,40434,Cross intersection,3,40,Arterial Other,BURKE,BOROONDARA,-37.835304,145.05595,2023,1,January,10,Midday,Weekend
T20230001579,2023-01-21,10:50:00,1,Collision with vehicle,6,Saturday,121,RIGHT THROUGH,1,777769,Multiple intersection,3,80,Freeway,BORONIA-EASTLINK OUT,KNOX,-37.846436,145.2177,2023,1,January,10,Midday,Weekend
T20230001582,2023-01-21,12:30:00,1,Collision with vehicle,6,Saturday,121,RIGHT THROUGH,1,49902,Cross intersection,2,60,Arterial Other,SHANNON,GEELONG,-38.143482,144.3358,2023,1,January,12,Midday,Weekend
T20230001584,2023-01-21,07:38:00,6,Vehicle overturned (no collision),6,Saturday,170,OFF CARRIAGEWAY TO LEFT,1,769435,Not at intersection,2,80,Arterial Other,DUNCANS,WYNDHAM,-37.925755,144.70346,2023,1,January,7,Morning Peak,Weekend
T20230001587,2023-01-21,11:32:00,2,Struck Pedestrian,6,Saturday,100,PED NEAR SIDE. PED HIT BY VEHICLE FROM THE RIGHT.,1,749988,T intersection,2,80,Arterial Highway,SOUTH GIPPSLAND,CASEY,-38.087143,145.27872,2023,1,January,11,Midday,Weekend
T20230001588,2023-01-21,12:09:00,1,Collision with vehicle,6,Saturday,110,CROSS TRAFFIC(INTERSECTIONS ONLY),1,50843,Cross intersection,3,100,Local Road,NARING,MOIRA,-36.069107,145.45047,2023,1,January,12,Midday,Weekend
T20230001590,2023-01-21,10:03:00,1,Collision with vehicle,6,Saturday,137,LEFT TURN SIDESWIPE,1,289646,T intersection,2,60,Arterial Other,MARINE PARADE -ORMOND,PORT PHILLIP,-37.88192,144.97789,2023,1,January,10,Midday,Weekend
T20230001652,2023-01-21,17:40:00,1,Collision with vehicle,6,Saturday,120,HEAD ON (NOT OVERTAKING),1,760572,Not at intersection,3,60,Local Road,TINDALS,MANNINGHAM,-37.767754,145.19983,2023,1,January,17,Afternoon Peak,Weekend
T20230001659,2023-01-22,13:44:00,2,Struck Pedestrian,7,Sunday,100,PED NEAR SIDE. PED HIT BY VEHICLE FROM THE RIGHT.,1,49732,Cross intersection,3,70,Arterial Highway,PRINCES,GEELONG,-38.095078,144.35568,2023,1,January,13,Midday,Weekend
T20230001689,2023-01-22,19:07:00,4,Collision with a fixed object,7,Sunday,181,OFF RIGHT BEND INTO OBJECT/PARKED VEHICLE,1,760511,Not at intersection,3,100,Local Road,DICKIE,CARDINIA,-38.030052,145.41756,2023,1,January,19,Night,Weekend
T20230001688,2023-01-22,15:26:00,4,Collision with a fixed object,7,Sunday,173,RIGHT OFF CARRIAGEWAY INTO OBJECT/PARKED VEHICLE,1,752677,Not at intersection,1,100,Arterial Other,TIMBOON-PORT CAMPBELL,CORANGAMITE,-38.48959,142.98564,2023,1,January,15,Afternoon Peak,Weekend
T20230001637,2023-01-22,03:00:00,1,Collision with vehicle,7,Sunday,133,LANE SIDE SWIPE (VEHICLES IN PARALLEL LANES),9,29764,Cross intersection,3,80,Arterial Other,THOMPSONS,CASEY,-38.089348,145.33255,2023,1,January,3,Late Night,Weekend
T20230001644,2023-01-22,06:50:00,4,Collision with a fixed object,7,Sunday,181,OFF RIGHT BEND INTO OBJECT/PARKED VEHICLE,1,760505,Not at intersection,3,60,Freeway,BATMAN,MELBOURNE,-37.821213,144.97626,2023,1,January,6,Morning Peak,Weekend
T20230001686,2023-01-22,13:56:00,4,Collision with a fixed object,7,Sunday,173,RIGHT OFF CARRIAGEWAY INTO OBJECT/PARKED VEHICLE,1,778073,Cross intersection,1,100,Local Road,MITCHELL,SHEPPARTON,-36.456974,145.40807,2023,1,January,13,Midday,Weekend
T20230001649,2023-01-22,08:30:00,1,Collision with vehicle,7,Sunday,113,RIGHT NEAR (INTERSECTIONS ONLY),1,44463,T intersection,2,70,Arterial Highway,LATROBE,GEELONG,-38.151726,144.35197,2023,1,January,8,Morning Peak,Weekend
T20230001685,2023-01-22,14:45:00,4,Collision with a fixed object,7,Sunday,181,OFF RIGHT BEND INTO OBJECT/PARKED VEHICLE,1,751595,Not at intersection,1,70,Local Road,STINTONS,MANNINGHAM,-37.77229,145.21307,2023,1,January,14,Midday,Weekend
T20230001683,2023-01-22,10:15:00,6,Vehicle overturned (no collision),7,Sunday,180,OFF CARRIAGEWAY ON RIGHT BEND,1,752483,Not at intersection,3,100,Arterial Other,WOOLSTHORPE-HEYWOOD,MOYNE,-38.13037,142.16522,2023,1,January,10,Midday,Weekend
T20230001676,2023-01-22,16:40:00,1,Collision with vehicle,7,Sunday,130,REAR END(VEHICLES IN SAME LANE),1,759819,Not at intersection,3,60,Arterial Highway,WARRIGAL,BOROONDARA,-37.85932,145.09402,2023,1,January,16,Afternoon Peak,Weekend
T20230001672,2023-01-22,13:49:00,6,Vehicle overturned (no collision),7,Sunday,151,OUT OF CONTROL (OVERTAKING),1,777274,Not at intersection,3,100,Local Road,YELLOW DOG,MURRINDINDI,-37.521633,145.7635,2023,1,January,13,Midday,Weekend
T20230001944,2023-01-22,18:00:00,1,Collision with vehicle,7,Sunday,110,CROSS TRAFFIC(INTERSECTIONS ONLY),1,340956,Cross intersection,3,50,Local Road,FORSYTH,WYNDHAM,-37.843407,144.73167,2023,1,January,18,Afternoon Peak,Weekend
T20230001748,2023-01-22,19:35:00,1,Collision with vehicle,7,Sunday,131,LEFT REAR,6,46606,Cross intersection,3,40,Local Road,BLAIR,MARIBYRNONG,-37.772705,144.8798,2023,1,January,19,Night,Weekend
T20230003489,2023-01-22,11:00:00,6,Vehicle overturned (no collision),7,Sunday,170,OFF CARRIAGEWAY TO LEFT,1,760516,Not at intersection,3,50,Local Road,WOODSIDE,FRANKSTON,-38.179512,145.14108,2023,1,January,11,Midday,Weekend
T20230001632,2023-01-22,01:15:00,1,Collision with vehicle,7,Sunday,160,VEHICLE COLLIDES WITH VEHICLE PARKED ON LEFT OF ROAD,3,90835,Not at intersection,2,40,Local Road,CHAPEL,STONNINGTON,-37.85585,144.99261,2023,1,January,1,Late Night,Weekend
T20230001867,2023-01-22,15:30:00,1,Collision with vehicle,7,Sunday,130,REAR END(VEHICLES IN SAME LANE),1,777776,Not at intersection,3,100,Local Road,ROCKLANDS,HORSHAM,-37.20687,141.93958,2023,1,January,15,Afternoon Peak,Weekend
T20230007155,2023-01-22,00:40:00,1,Collision with vehicle,7,Sunday,160,VEHICLE COLLIDES WITH VEHICLE PARKED ON LEFT OF ROAD,3,60706,Cross intersection,3,50,Arterial Other,NORMAN,BALLARAT,-37.53435,143.84131,2023,1,January,0,Late Night,Weekend
T20230001664,2023-01-22,14:15:00,1,Collision with vehicle,7,Sunday,130,REAR END(VEHICLES IN SAME LANE),1,749570,T intersection,2,60,Arterial Other,MT ALEXANDER,MOONEE VALLEY,-37.764664,144.92334,2023,1,January,14,Midday,Weekend
T20230001658,2023-01-22,12:25:00,4,Collision with a fixed object,7,Sunday,171,LEFT OFF CARRIAGEWAY INTO OBJECT/PARKED VEHICLE,1,775125,Not at intersection,3,100,Arterial Highway,WESTERN,HORSHAM,-36.759144,142.24615,2023,1,January,12,Midday,Weekend
T20230001842,2023-01-22,03:00:00,4,Collision with a fixed object,7,Sunday,183,OFF LEFT BEND INTO OBJECT/PARKED VEHICLE,5,760451,Not at intersection,3,100,Arterial Highway,MURRAY VALLEY,CAMPASPE,-36.1826,144.85225,2023,1,January,3,Late Night,Weekend
T20230001653,2023-01-22,11:30:00,1,Collision with vehicle,7,Sunday,110,CROSS TRAFFIC(INTERSECTIONS ONLY),1,55175,Cross intersection,3,60,Arterial Other,HIGH,MITCHELL,-37.205444,145.04541,2023,1,January,11,Midday,Weekend
T20230003711,2023-01-22,13:10:00,1,Collision with vehicle,7,Sunday,130,REAR END(VEHICLES IN SAME LANE),1,757535,T intersection,3,80,Arterial Other,BERWICK-CRANBOURNE,CASEY,-38.09783,145.33144,2023,1,January,13,Midday,Weekend
T20230001660,2023-01-22,10:55:00,1,Collision with vehicle,7,Sunday,136,RIGHT TURN SIDESWIPE,1,65743,Cross intersection,3,40,Local Road,ELIZABETH,MELBOURNE,-37.810318,144.96136,2023,1,January,10,Midday,Weekend
T20230001663,2023-01-22,12:10:00,1,Collision with vehicle,7,Sunday,130,REAR END(VEHICLES IN SAME LANE),1,749569,T intersection,3,50,Local Road,PROSPERITY,WYNDHAM,-37.838745,144.73994,2023,1,January,12,Midday,Weekend
T20230001691,2023-01-22,16:31:00,4,Collision with a fixed object,7,Sunday,173,RIGHT OFF CARRIAGEWAY INTO OBJECT/PARKED VEHICLE,9,775547,Not at intersection,3,50,Local Road,RANFURLIE,MONASH,-37.89468,145.16681,2023,1,January,16,Afternoon Peak,Weekend
T20230014289,2023-01-22,16:30:00,1,Collision with vehicle,7,Sunday,130,REAR END(VEHICLES IN SAME LANE),1,776148,Not at intersection,3,40,Freeway,HUME,MITCHELL,-37.41579,144.99666,2023,1,January,16,Afternoon Peak,Weekend
T20230001783,2023-01-23,18:10:00,1,Collision with vehicle,1,Monday,130,REAR END(VEHICLES IN SAME LANE),1,749993,Not at intersection,3,70,Arterial Other,GREAVES,CASEY,-38.055855,145.30672,2023,1,January,18,Afternoon Peak,Weekday
T20230004264,2023-01-23,08:00:00,1,Collision with vehicle,1,Monday,130,REAR END(VEHICLES IN SAME LANE),1,757039,Not at intersection,3,50,Arterial Other,MELBOURNE,HOBSONS BAY,-37.856766,144.89279,2023,1,January,8,Morning Peak,Weekday
T20230001782,2023-01-23,16:20:00,1,Collision with vehicle,1,Monday,130,REAR END(VEHICLES IN SAME LANE),1,758008,Not at intersection,3,60,Arterial Other,STATION,WHITEHORSE,-37.821617,145.12315,2023,1,January,16,Afternoon Peak,Weekday
T20230001777,2023-01-23,18:26:00,1,Collision with vehicle,1,Monday,130,REAR END(VEHICLES IN SAME LANE),1,753161,Not at intersection,3,50,Local Road,EDDY,BALLARAT,-37.567284,143.86105,2023,1,January,18,Afternoon Peak,Weekday
T20230001776,2023-01-23,15:55:00,1,Collision with vehicle,1,Monday,113,RIGHT NEAR (INTERSECTIONS ONLY),1,43974,T intersection,2,80,Arterial Highway,NEPEAN,MORNINGTON PENINSULA,-38.24053,145.03653,2023,1,January,15,Afternoon Peak,Weekday
T20230001773,2023-01-23,17:00:00,1,Collision with vehicle,1,Monday,160,VEHICLE COLLIDES WITH VEHICLE PARKED ON LEFT OF ROAD,1,749876,Not at intersection,3,50,Local Road,MILLICENT,BANYULE,-37.740833,145.06909,2023,1,January,17,Afternoon Peak,Weekday
T20230001769,2023-01-23,16:40:00,1,Collision with vehicle,1,Monday,111,RIGHT FAR (INTERSECTIONS ONLY),1,777772,T intersection,3,80,Arterial Highway,FRANKSTON-DANDENONG,DANDENONG,-38.00107,145.21799,2023,1,January,16,Afternoon Peak,Weekday
T20230001768,2023-01-23,16:35:00,1,Collision with vehicle,1,Monday,130,REAR END(VEHICLES IN SAME LANE),1,775209,Not at intersection,3,80,Arterial Highway,SOUTH GIPPSLAND,CASEY,-38.067345,145.26714,2023,1,January,16,Afternoon Peak,Weekday
T20230001765,2023-01-23,16:33:00,1,Collision with vehicle,1,Monday,147,VEHICLE STRIKES ANOTHER VEH WHILE EMERGING FROM DRIVEWAY,1,760407,Not at intersection,3,70,Arterial Other,CANTERBURY,MAROONDAH,-37.832367,145.26588,2023,1,January,16,Afternoon Peak,Weekday
T20230001763,2023-01-23,16:20:00,1,Collision with vehicle,1,Monday,121,RIGHT THROUGH,1,35314,Y intersection,2,80,Arterial Other,WHITE HILL,MORNINGTON PENINSULA,-38.346527,145.00615,2023,1,January,16,Afternoon Peak,Weekday
T20230001762,2023-01-23,14:15:00,2,Struck Pedestrian,1,Monday,100,PED NEAR SIDE. PED HIT BY VEHICLE FROM THE RIGHT.,1,41670,Cross intersection,2,70,Arterial Highway,NORTH,MONASH,-37.912212,145.1096,2023,1,January,14,Midday,Weekday
T20230001759,2023-01-23,16:10:00,4,Collision with a fixed object,1,Monday,171,LEFT OFF CARRIAGEWAY INTO OBJECT/PARKED VEHICLE,1,749878,T intersection,2,60,Arterial Other,MOOROOLBARK,YARRA RANGES,-37.763397,145.33385,2023,1,January,16,Afternoon Peak,Weekday
T20230010149,2023-01-23,13:00:00,5,collision with some other object,1,Monday,179,OTHER ACCIDENTS-OFF STRAIGHT NOT INCLUDED IN DCAs 170-175,1,771962,Not at intersection,3,50,Arterial Other,BERWICK-CRANBOURNE,CASEY,-38.10618,145.32973,2023,1,January,13,Midday,Weekday
T20230001756,2023-01-23,15:13:00,4,Collision with a fixed object,1,Monday,199,UNKNOWN-NO DETAILS ON MANOEUVRES OF ROAD-USERS IN ACCIDENT,1,781287,Not at intersection,3,50,Local Road,SMETHURST,CARDINIA,-38.074894,145.46579,2023,1,January,15,Afternoon Peak,Weekday
T20230001746,2023-01-23,11:40:00,1,Collision with vehicle,1,Monday,113,RIGHT NEAR (INTERSECTIONS ONLY),1,43960,T intersection,3,100,Arterial Highway,SOUTH GIPPSLAND,CASEY,-38.21373,145.41458,2023,1,January,11,Midday,Weekday
T20230001742,2023-01-23,10:00:00,4,Collision with a fixed object,1,Monday,171,LEFT OFF CARRIAGEWAY INTO OBJECT/PARKED VEHICLE,1,777771,Not at intersection,2,50,Local Road,BRISTOL,LATROBE,-38.183,146.25128,2023,1,January,10,Midday,Weekday
T20230001736,2023-01-23,10:00:00,1,Collision with vehicle,1,Monday,147,VEHICLE STRIKES ANOTHER VEH WHILE EMERGING FROM DRIVEWAY,1,749778,Not at intersection,3,50,Local Road,GOVERNOR,KINGSTON,-38.007713,145.10204,2023,1,January,10,Midday,Weekday
T20230005094,2023-01-23,07:21:00,1,Collision with vehicle,1,Monday,154,PULLING OUT -REAR END,1,760442,Not at intersection,3,60,Arterial Highway,WHITEHORSE,WHITEHORSE,-37.817043,145.11562,2023,1,January,7,Morning Peak,Weekday
T20230001734,2023-01-23,07:27:00,1,Collision with vehicle,1,Monday,121,RIGHT THROUGH,1,304268,T intersection,3,60,Freeway,EASTERN IN-CHANDLER,BOROONDARA,-37.79205,145.02989,2023,1,January,7,Morning Peak,Weekday
T20230001729,2023-01-23,08:45:00,1,Collision with vehicle,1,Monday,160,VEHICLE COLLIDES WITH VEHICLE PARKED ON LEFT OF ROAD,2,780724,Not at intersection,2,50,Local Road,TUCKER,GLEN EIRA,-37.90716,145.05318,2023,1,January,8,Morning Peak,Weekday
T20230001728,2023-01-23,03:00:00,6,Vehicle overturned (no collision),1,Monday,184,OUT OF CONTROL ON CARRIAGEWAY (ON BEND),9,758007,Not at intersection,2,60,Local Road,MASON,WANGARATTA,-36.376274,146.30711,2023,1,January,3,Late Night,Weekday
T20230001726,2023-01-23,09:05:00,4,Collision with a fixed object,1,Monday,183,OFF LEFT BEND INTO OBJECT/PARKED VEHICLE,1,770841,Not at intersection,2,100,Arterial Other,GEELONG-BALLAN,GOLDEN PLAINS,-37.809647,144.20172,2023,1,January,9,Morning Peak,Weekday
T20230002303,2023-01-23,20:22:00,1,Collision with vehicle,1,Monday,162,ACCIDENT OR BROKEN DOWN,2,777442,Not at intersection,2,100,Freeway,EASTLINK,KNOX,-37.923878,145.21358,2023,1,January,20,Night,Weekday
T20230002523,2023-01-23,17:38:00,1,Collision with vehicle,1,Monday,130,REAR END(VEHICLES IN SAME LANE),1,778051,Not at intersection,3,80,Arterial Highway,DINGLEY,KINGSTON,-37.964466,145.13255,2023,1,January,17,Afternoon Peak,Weekday
T20230002920,2023-01-23,18:45:00,1,Collision with vehicle,1,Monday,130,REAR END(VEHICLES IN SAME LANE),2,759494,Not at intersection,3,80,Arterial Highway,WHITEHORSE,WHITEHORSE,-37.81854,145.17531,2023,1,January,18,Afternoon Peak,Weekday
T20230002403,2023-01-23,16:25:00,1,Collision with vehicle,1,Monday,130,REAR END(VEHICLES IN SAME LANE),1,756280,Not at intersection,3,40,Arterial Other,CRAIGIEBURN,HUME,-37.598186,144.93431,2023,1,January,16,Afternoon Peak,Weekday
T20230002905,2023-01-23,07:55:00,1,Collision with vehicle,1,Monday,111,RIGHT FAR (INTERSECTIONS ONLY),1,52661,Cross intersection,3,60,Local Road,BURNS,CENTRAL GOLDFIELDS,-37.051514,143.73851,2023,1,January,7,Morning Peak,Weekday
T20230001706,2023-01-23,02:42:00,4,Collision with a fixed object,1,Monday,173,RIGHT OFF CARRIAGEWAY INTO OBJECT/PARKED VEHICLE,3,768037,Not at intersection,2,70,Arterial Highway,BURWOOD,WHITEHORSE,-37.849846,145.1145,2023,1,January,2,Late Night,Weekday
T20230001711,2023-01-23,06:16:00,1,Collision with vehicle,1,Monday,130,REAR END(VEHICLES IN SAME LANE),1,749990,Not at intersection,3,80,Arterial Other,BERWICK-CRANBOURNE,CASEY,-38.08302,145.33385,2023,1,January,6,Morning Peak,Weekday
T20230001714,2023-01-23,07:35:00,1,Collision with vehicle,1,Monday,110,CROSS TRAFFIC(INTERSECTIONS ONLY),1,57008,Cross intersection,2,60,Arterial Highway,COBB HIGHWAY -HEYGARTH,CAMPASPE,-36.12499,144.75226,2023,1,January,7,Morning Peak,Weekday
T20230001719,2023-01-23,09:44:00,4,Collision with a fixed object,1,Monday,146,REVERSING INTO FIXED OBJECT/PARKED VEHICLE,1,751491,Not at intersection,3,50,Local Road,BILLABONG,WANGARATTA,-36.37706,146.32939,2023,1,January,9,Morning Peak,Weekday