ACCIDENT_NO,ACCIDENT_DATE,ACCIDENT_TIME,ACCIDENT_TYPE,ACCIDENT_TYPE_DESC,DAY_OF_WEEK,DAY_WEEK_DESC,DCA_CODE,DCA_DESC,LIGHT_CONDITION,NODE_ID,ROAD_GEOMETRY_DESC,SEVERITY,SPEED_ZONE,RMA,ROAD_NAME,LGA_NAME,LATITUDE,LONGITUDE,YEAR,MONTH,MONTH_NAME,HOUR,TIME_PERIOD,DAY_TYPE
T20230001721,2023-01-23,10:03:00,1,Collision with vehicle,1,Monday,130,REAR END(VEHICLES IN SAME LANE),1,777770,Cross intersection,3,60,Arterial Other,MONTAGUE,PORT PHILLIP,-37.828457,144.94797,2023,1,January,10,Midday,Weekday
T20230001722,2023-01-23,10:05:00,1,Collision with vehicle,1,Monday,110,CROSS TRAFFIC(INTERSECTIONS ONLY),1,43788,Cross intersection,3,60,Arterial Other,CLEGG,YARRA RANGES,-37.782345,145.41853,2023,1,January,10,Midday,Weekday
T20230001891,2023-01-23,22:38:00,1,Collision with vehicle,1,Monday,121,RIGHT THROUGH,3,335867,Cross intersection,3,60,Arterial Other,STATION,BRIMBANK,-37.760014,144.7768,2023,1,January,22,Night,Weekday
T20230001876,2023-01-23,15:30:00,1,Collision with vehicle,1,Monday,130,REAR END(VEHICLES IN SAME LANE),1,777450,Not at intersection,3,100,Freeway,PRINCES-MONASH OUT,CASEY,-38.03158,145.32443,2023,1,January,15,Afternoon Peak,Weekday
T20230002965,2023-01-23,21:48:00,1,Collision with vehicle,1,Monday,119,OTHER ADJACENT (INTERSECTIONS ONLY),2,40862,Cross intersection,3,60,Arterial Other,MITCHAM,WHITEHORSE,-37.8335,145.1951,2023,1,January,21,Night,Weekday
T20230001864,2023-01-23,18:43:00,1,Collision with vehicle,1,Monday,133,LANE SIDE SWIPE (VEHICLES IN PARALLEL LANES),1,750194,Not at intersection,3,80,Arterial Other,HEATHERTON,CASEY,-37.97653,145.27078,2023,1,January,18,Afternoon Peak,Weekday
T20230001841,2023-01-23,07:15:00,1,Collision with vehicle,1,Monday,110,CROSS TRAFFIC(INTERSECTIONS ONLY),1,35781,Cross intersection,3,40,Local Road,BELLERINE,GEELONG,-38.14669,144.36668,2023,1,January,7,Morning Peak,Weekday
T20230001838,2023-01-23,11:46:00,1,Collision with vehicle,1,Monday,120,HEAD ON (NOT OVERTAKING),1,39962,T intersection,2,60,Local Road,MASON,HOBSONS BAY,-37.83977,144.85835,2023,1,January,11,Midday,Weekday
T20230001834,2023-01-23,15:00:00,1,Collision with vehicle,1,Monday,130,REAR END(VEHICLES IN SAME LANE),1,777774,Not at intersection,3,70,Arterial Other,BALLAN,GEELONG,-38.09726,144.30504,2023,1,January,15,Afternoon Peak,Weekday
T20230001817,2023-01-23,14:55:00,1,Collision with vehicle,1,Monday,130,REAR END(VEHICLES IN SAME LANE),1,750192,Not at intersection,3,80,Arterial Other,NARRE WARREN NORTH,CASEY,-38.01977,145.30815,2023,1,January,14,Midday,Weekday
T20230001797,2023-01-23,17:40:00,1,Collision with vehicle,1,Monday,130,REAR END(VEHICLES IN SAME LANE),1,778364,Not at intersection,3,60,Arterial Highway,WHITEHORSE,WHITEHORSE,-37.816948,145.20958,2023,1,January,17,Afternoon Peak,Weekday
T20230001795,2023-01-23,19:55:00,1,Collision with vehicle,1,Monday,110,CROSS TRAFFIC(INTERSECTIONS ONLY),1,50106,Cross intersection,3,60,Local Road,BARWON,GEELONG,-38.170937,144.367,2023,1,January,19,Night,Weekday
T20230001790,2023-01-23,14:38:00,1,Collision with vehicle,1,Monday,111,RIGHT FAR (INTERSECTIONS ONLY),1,29816,Cross intersection,3,70,Arterial Other,BALLARAT,BRIMBANK,-37.777145,144.8287,2023,1,January,14,Midday,Weekday
T20230001789,2023-01-23,17:40:00,1,Collision with vehicle,1,Monday,130,REAR END(VEHICLES IN SAME LANE),1,792747,Cross intersection,3,70,Arterial Other,DALTON,WHITTLESEA,-37.67666,145.03062,2023,1,January,17,Afternoon Peak,Weekday
T20230001837,2023-01-24,12:35:00,2,Struck Pedestrian,2,Tuesday,100,PED NEAR SIDE. PED HIT BY VEHICLE FROM THE RIGHT.,1,759478,Not at intersection,3,60,Arterial Other,HORNE,HUME,-37.584705,144.72217,2023,1,January,12,Midday,Weekday
T20230003244,2023-01-24,14:10:00,1,Collision with vehicle,2,Tuesday,113,RIGHT NEAR (INTERSECTIONS ONLY),1,45124,T intersection,3,50,Arterial Highway,WARBURTON,YARRA RANGES,-37.77748,145.60458,2023,1,January,14,Midday,Weekday
T20230002448,2023-01-24,14:52:00,1,Collision with vehicle,2,Tuesday,130,REAR END(VEHICLES IN SAME LANE),1,751614,Not at intersection,3,60,Arterial Highway,BELL,BANYULE,-37.751324,145.04636,2023,1,January,14,Midday,Weekday
T20230001972,2023-01-24,11:00:00,1,Collision with vehicle,2,Tuesday,115,RIGHT/LEFT FAR (INTERSECTIONS ONLY),1,777777,T intersection,3,50,Local Road,PADDYS,BALLARAT,-37.57602,143.80643,2023,1,January,11,Midday,Weekday
T20230001831,2023-01-24,10:22:00,6,Vehicle overturned (no collision),2,Tuesday,174,OUT OF CONTROL ON CARRIAGEWAY (ON STRAIGHT),1,750286,Not at intersection,2,60,Arterial Other,ST KILDA,MELBOURNE,-37.84001,144.97691,2023,1,January,10,Midday,Weekday
T20230001887,2023-01-24,18:53:00,4,Collision with a fixed object,2,Tuesday,183,OFF LEFT BEND INTO OBJECT/PARKED VEHICLE,1,759477,T intersection,2,50,Local Road,JAMES COOK,MELTON,-37.68093,144.56296,2023,1,January,18,Afternoon Peak,Weekday
T20230001814,2023-01-24,05:45:00,1,Collision with vehicle,2,Tuesday,140,U TURN,2,38057,Cross intersection,2,60,Arterial Other,ALBERT,DAREBIN,-37.75101,145.02118,2023,1,January,5,Morning Peak,Weekday
T20230002126,2023-01-24,13:10:00,8,No collision and no object struck,2,Tuesday,140,U TURN,1,757267,Not at intersection,3,40,Local Road,CHAPEL,STONNINGTON,-37.841454,144.99522,2023,1,January,13,Midday,Weekday
T20230002009,2023-01-24,16:30:00,1,Collision with vehicle,2,Tuesday,137,LEFT TURN SIDESWIPE,1,39097,T intersection,3,60,Arterial Other,BULLEEN,BOROONDARA,-37.79261,145.07048,2023,1,January,16,Afternoon Peak,Weekday
T20230001897,2023-01-24,23:01:00,4,Collision with a fixed object,2,Tuesday,183,OFF LEFT BEND INTO OBJECT/PARKED VEHICLE,5,783728,Not at intersection,3,100,Local Road,WESTERN,ARARAT,-37.348076,143.13405,2023,1,January,23,Night,Weekday
T20230001940,2023-01-24,15:15:00,1,Collision with vehicle,2,Tuesday,110,CROSS TRAFFIC(INTERSECTIONS ONLY),1,52979,Cross intersection,2,80,Local Road,FINCHS,BALLARAT,-37.57808,143.75288,2023,1,January,15,Afternoon Peak,Weekday
T20230001882,2023-01-24,18:30:00,2,Struck Pedestrian,2,Tuesday,101,PED EMERGES FROM IN FRONT OF PARKED OR STATIONARY VEHICLE,1,759482,Not at intersection,3,60,Arterial Other,MT ALEXANDER,MOONEE VALLEY,-37.773186,144.92712,2023,1,January,18,Afternoon Peak,Weekday
T20230001881,2023-01-24,20:00:00,1,Collision with vehicle,2,Tuesday,110,CROSS TRAFFIC(INTERSECTIONS ONLY),2,363,Cross intersection,2,40,Local Road,CECIL,PORT PHILLIP,-37.833717,144.9581,2023,1,January,20,Night,Weekday
T20230001880,2023-01-24,19:13:00,4,Collision with a fixed object,2,Tuesday,141,U TURN INTO FIXED OBJECT/PARKED VEHICLE,1,750732,Cross intersection,3,80,Arterial Other,CLYDE,CASEY,-38.04021,145.34215,2023,1,January,19,Night,Weekday
T20230001874,2023-01-24,17:45:00,1,Collision with vehicle,2,Tuesday,130,REAR END(VEHICLES IN SAME LANE),1,750096,Not at intersection,2,80,Freeway,WEST GATE IN-CITYLINK OUT,MELBOURNE,-37.82657,144.92896,2023,1,January,17,Afternoon Peak,Weekday
T20230002060,2023-01-24,18:00:00,1,Collision with vehicle,2,Tuesday,121,RIGHT THROUGH,1,35976,Cross intersection,2,60,Arterial Other,MORELAND,MORELAND,-37.756172,144.97041,2023,1,January,18,Afternoon Peak,Weekday
T20230003656,2023-01-24,18:00:00,1,Collision with vehicle,2,Tuesday,139,OTHER SAME DIRECTION-MANOUEVRES NOT INCLUDED IN DCAs 130-137,1,754660,Not at intersection,3,60,Arterial Highway,MAROONDAH,MAROONDAH,-37.81684,145.22363,2023,1,January,18,Afternoon Peak,Weekday
T20230002496,2023-01-24,15:40:00,1,Collision with vehicle,2,Tuesday,137,LEFT TURN SIDESWIPE,1,41394,T intersection,3,80,Arterial Highway,DANDENONG,GLEN EIRA,-37.881107,145.04959,2023,1,January,15,Afternoon Peak,Weekday
T20230001873,2023-01-24,18:21:00,1,Collision with vehicle,2,Tuesday,110,CROSS TRAFFIC(INTERSECTIONS ONLY),1,288498,Cross intersection,3,50,Arterial Highway,HIGH STREET -PALL MALL,BENDIGO,-36.75947,144.27835,2023,1,January,18,Afternoon Peak,Weekday
T20230001824,2023-01-24,06:56:00,4,Collision with a fixed object,2,Tuesday,173,RIGHT OFF CARRIAGEWAY INTO OBJECT/PARKED VEHICLE,1,763585,Not at intersection,3,100,Arterial Other,GEELONG-BACCHUS MARSH,MOORABOOL,-37.77787,144.43498,2023,1,January,6,Morning Peak,Weekday
T20230001862,2023-01-24,16:45:00,1,Collision with vehicle,2,Tuesday,148,VEHICLE OFF FOOTPATH STRIKES VEH ON CARRIAGEWAY,1,750095,Cross intersection,2,60,Local Road,BEACONSFIELD,DAREBIN,-37.764343,144.99228,2023,1,January,16,Afternoon Peak,Weekday
T20230002936,2023-01-24,08:50:00,1,Collision with vehicle,2,Tuesday,130,REAR END(VEHICLES IN SAME LANE),1,752842,Not at intersection,2,60,Arterial Highway,ABERDEEN,GEELONG,-38.146423,144.34431,2023,1,January,8,Morning Peak,Weekday
T20230001857,2023-01-24,10:00:00,1,Collision with vehicle,2,Tuesday,130,REAR END(VEHICLES IN SAME LANE),1,753875,Not at intersection,3,60,Arterial Other,SUNBURY,HUME,-37.6037,144.76633,2023,1,January,10,Midday,Weekday
T20230001827,2023-01-24,07:30:00,4,Collision with a fixed object,2,Tuesday,183,OFF LEFT BEND INTO OBJECT/PARKED VEHICLE,1,750094,Not at intersection,3,60,Local Road,BREAKFAST CREEK,SURF COAST,-38.35676,144.03835,2023,1,January,7,Morning Peak,Weekday
T20230006885,2023-01-24,06:05:00,1,Collision with vehicle,2,Tuesday,130,REAR END(VEHICLES IN SAME LANE),2,765533,Not at intersection,3,100,Freeway,MONASH,CASEY,-38.004173,145.29776,2023,1,January,6,Morning Peak,Weekday
T20230001847,2023-01-24,10:30:00,1,Collision with vehicle,2,Tuesday,113,RIGHT NEAR (INTERSECTIONS ONLY),1,54444,T intersection,3,60,Arterial Other,POINT COOK,HOBSONS BAY,-37.887142,144.756,2023,1,January,10,Midday,Weekday
T20230001829,2023-01-24,08:40:00,2,Struck Pedestrian,2,Tuesday,102,FAR SIDE. PED HIT BY VEHICLE FROM THE LEFT,1,69230,T intersection,3,60,Arterial Other,CLAYTON,MONASH,-37.909546,145.12263,2023,1,January,8,Morning Peak,Weekday
T20230001892,2023-01-24,23:10:00,3,Struck animal,2,Tuesday,167,STRUCK ANIMAL,5,751605,Not at intersection,3,100,Arterial Other,TAWONGA GAP,ALPINE,-36.73207,147.0237,2023,1,January,23,Night,Weekday
T20230001906,2023-01-24,17:37:00,1,Collision with vehicle,2,Tuesday,130,REAR END(VEHICLES IN SAME LANE),1,759489,Not at intersection,3,80,Arterial Highway,MAROONDAH,YARRA RANGES,-37.750683,145.37128,2023,1,January,17,Afternoon Peak,Weekday
T20230002266,2023-01-24,18:50:00,1,Collision with vehicle,2,Tuesday,130,REAR END(VEHICLES IN SAME LANE),1,786973,Not at intersection,3,60,Arterial Other,NORMANBY,DAREBIN,-37.758766,144.99295,2023,1,January,18,Afternoon Peak,Weekday
T20230002015,2023-01-24,14:50:00,1,Collision with vehicle,2,Tuesday,163,VEHICLE STRIKES DOOR OF PARKED/STATIONARY VEHICLE,1,750282,Not at intersection,2,50,Local Road,HOOPER,MORNINGTON PENINSULA,-38.28091,145.00821,2023,1,January,14,Midday,Weekday
T20230002569,2023-01-24,17:36:00,1,Collision with vehicle,2,Tuesday,130,REAR END(VEHICLES IN SAME LANE),1,777779,Not at intersection,3,60,Arterial Highway,TOORAK,BOROONDARA,-37.848877,145.08237,2023,1,January,17,Afternoon Peak,Weekday
T20230004940,2023-01-24,08:30:00,1,Collision with vehicle,2,Tuesday,121,RIGHT THROUGH,1,32015,Cross intersection,3,80,Arterial Highway,BURWOOD,WHITEHORSE,-37.852516,145.15201,2023,1,January,8,Morning Peak,Weekday
T20230002595,2023-01-24,19:20:00,1,Collision with vehicle,2,Tuesday,130,REAR END(VEHICLES IN SAME LANE),2,779014,Not at intersection,3,80,Freeway,WEST GATE,HOBSONS BAY,-37.82571,144.83554,2023,1,January,19,Night,Weekday
T20230003053,2023-01-24,22:00:00,4,Collision with a fixed object,2,Tuesday,181,OFF RIGHT BEND INTO OBJECT/PARKED VEHICLE,4,753389,Not at intersection,2,50,Local Road,HUSSEYS,MANNINGHAM,-37.759632,145.2194,2023,1,January,22,Night,Weekday
T20230001885,2023-01-24,20:20:00,4,Collision with a fixed object,2,Tuesday,171,LEFT OFF CARRIAGEWAY INTO OBJECT/PARKED VEHICLE,1,764787,Cross intersection,3,40,Local Road,SWANSTON,MELBOURNE,-37.815567,144.96657,2023,1,January,20,Night,Weekday
T20230001955,2023-01-25,14:38:00,1,Collision with vehicle,3,Wednesday,140,U TURN,1,750197,T intersection,3,40,Local Road,BOURKE,MELBOURNE,-37.814724,144.96152,2023,1,January,14,Midday,Weekday
T20230001954,2023-01-25,14:20:00,1,Collision with vehicle,3,Wednesday,147,VEHICLE STRIKES ANOTHER VEH WHILE EMERGING FROM DRIVEWAY,1,759025,Not at intersection,3,40,Arterial Other,MURRAY,DAREBIN,-37.737743,145.00172,2023,1,January,14,Midday,Weekday
T20230001921,2023-01-25,08:28:00,2,Struck Pedestrian,3,Wednesday,100,PED NEAR SIDE. PED HIT BY VEHICLE FROM THE RIGHT.,1,35713,T intersection,3,40,Arterial Other,SYDNEY,MORELAND,-37.77474,144.96083,2023,1,January,8,Morning Peak,Weekday
T20230002185,2023-01-25,15:55:00,1,Collision with vehicle,3,Wednesday,130,REAR END(VEHICLES IN SAME LANE),1,750737,T intersection,2,50,Local Road,KINGDOM,CASEY,-38.092873,145.28879,2023,1,January,15,Afternoon Peak,Weekday
T20230001980,2023-01-25,21:35:00,2,Struck Pedestrian,3,Wednesday,102,FAR SIDE. PED HIT BY VEHICLE FROM THE LEFT,3,750541,Multiple intersection,2,60,Arterial Other,NORMANBY,PORT PHILLIP,-37.828083,144.94994,2023,1,January,21,Night,Weekday
T20230001953,2023-01-25,14:30:00,1,Collision with vehicle,3,Wednesday,113,RIGHT NEAR (INTERSECTIONS ONLY),1,37540,T intersection,3,60,Local Road,ROXBURGH PARK,HUME,-37.62985,144.91982,2023,1,January,14,Midday,Weekday
T20230002502,2023-01-25,17:00:00,1,Collision with vehicle,3,Wednesday,130,REAR END(VEHICLES IN SAME LANE),1,755940,Cross intersection,3,60,Arterial Highway,PUNT,PORT PHILLIP,-37.85551,144.9831,2023,1,January,17,Afternoon Peak,Weekday
T20230001982,2023-01-25,16:30:00,2,Struck Pedestrian,3,Wednesday,102,FAR SIDE. PED HIT BY VEHICLE FROM THE LEFT,1,43764,Cross intersection,3,60,Local Road,BROOKLYN,MELTON,-37.702995,144.57506,2023,1,January,16,Afternoon Peak,Weekday
T20230001983,2023-01-25,19:45:00,1,Collision with vehicle,3,Wednesday,132,RIGHT REAR.,3,782693,T intersection,3,60,Arterial Other,BEACH,BAYSIDE,-37.964417,145.0122,2023,1,January,19,Night,Weekday
T20230001986,2023-01-25,21:34:00,6,Vehicle overturned (no collision),3,Wednesday,170,OFF CARRIAGEWAY TO LEFT,5,752598,Not at intersection,2,100,Arterial Other,FEDERATION,WANGARATTA,-36.198215,146.38318,2023,1,January,21,Night,Weekday
T20230001987,2023-01-25,21:10:00,1,Collision with vehicle,3,Wednesday,130,REAR END(VEHICLES IN SAME LANE),4,50898,T intersection,3,50,Local Road,BROCKLEY,WODONGA,-36.12759,146.8809,2023,1,January,21,Night,Weekday
T20230001951,2023-01-25,13:45:00,4,Collision with a fixed object,3,Wednesday,183,OFF LEFT BEND INTO OBJECT/PARKED VEHICLE,1,756070,T intersection,2,80,Local Road,LODERS,MORNINGTON PENINSULA,-38.280315,145.1131,2023,1,January,13,Midday,Weekday
T20230001988,2023-01-25,22:20:00,4,Collision with a fixed object,3,Wednesday,171,LEFT OFF CARRIAGEWAY INTO OBJECT/PARKED VEHICLE,5,759227,T intersection,2,50,Local Road,MCFEES,DANDENONG,-37.963764,145.21251,2023,1,January,22,Night,Weekday
T20230001990,2023-01-25,22:45:00,1,Collision with vehicle,3,Wednesday,136,RIGHT TURN SIDESWIPE,3,783730,T intersection,3,60,Local Road,FURLONG,BRIMBANK,-37.762398,144.82895,2023,1,January,22,Night,Weekday
T20230001946,2023-01-25,06:00:00,1,Collision with vehicle,3,Wednesday,111,RIGHT FAR (INTERSECTIONS ONLY),1,783533,T intersection,3,60,Local Road,DOHERTYS,WYNDHAM,-37.820454,144.69897,2023,1,January,6,Morning Peak,Weekday
T20230001991,2023-01-25,21:10:00,8,No collision and no object struck,3,Wednesday,179,OTHER ACCIDENTS-OFF STRAIGHT NOT INCLUDED IN DCAs 170-175,3,760931,Not at intersection,2,40,Local Road,MILTON,MELBOURNE,-37.808605,144.95406,2023,1,January,21,Night,Weekday
T20230001994,2023-01-25,20:27:00,4,Collision with a fixed object,3,Wednesday,171,LEFT OFF CARRIAGEWAY INTO OBJECT/PARKED VEHICLE,2,760823,Not at intersection,1,100,Local Road,MOLYULLAH-TATONG,BENALLA,-36.681458,146.09691,2023,1,January,20,Night,Weekday
T20230001993,2023-01-25,23:44:00,1,Collision with vehicle,3,Wednesday,135,LANE CHANGE LEFT (NOT OVERTAKING),3,759228,Not at intersection,3,100,Freeway,WESTERN RING,MORELAND,-37.704704,144.88959,2023,1,January,23,Night,Weekday
T20230002011,2023-01-25,19:30:00,1,Collision with vehicle,3,Wednesday,130,REAR END(VEHICLES IN SAME LANE),2,750543,T intersection,3,80,Arterial Other,THOMPSONS,CASEY,-38.078136,145.244,2023,1,January,19,Night,Weekday
T20230001934,2023-01-25,12:00:00,1,Collision with vehicle,3,Wednesday,110,CROSS TRAFFIC(INTERSECTIONS ONLY),1,603064,Cross intersection,3,100,Arterial Other,CAPE OTWAY,SURF COAST,-38.21981,144.21637,2023,1,January,12,Midday,Weekday
T20230002170,2023-01-25,16:48:00,1,Collision with vehicle,3,Wednesday,130,REAR END(VEHICLES IN SAME LANE),1,778147,Not at intersection,2,100,Freeway,MONASH,MONASH,-37.89292,145.13266,2023,1,January,16,Afternoon Peak,Weekday
T20230002019,2023-01-25,16:45:00,1,Collision with vehicle,3,Wednesday,130,REAR END(VEHICLES IN SAME LANE),1,778132,Not at intersection,3,80,Freeway,WEST GATE,MELBOURNE,-37.83307,144.91331,2023,1,January,16,Afternoon Peak,Weekday
T20230001904,2023-01-25,07:00:00,1,Collision with vehicle,3,Wednesday,110,CROSS TRAFFIC(INTERSECTIONS ONLY),1,22585,Cross intersection,3,80,Arterial Other,REMEMBRANCE,BALLARAT,-37.51141,143.70609,2023,1,January,7,Morning Peak,Weekday
T20230001902,2023-01-25,05:42:00,1,Collision with vehicle,3,Wednesday,110,CROSS TRAFFIC(INTERSECTIONS ONLY),2,358801,Cross intersection,2,50,Arterial Other,BIGGS,BRIMBANK,-37.739513,144.8233,2023,1,January,5,Morning Peak,Weekday
T20230001947,2023-01-25,10:40:00,1,Collision with vehicle,3,Wednesday,120,HEAD ON (NOT OVERTAKING),1,780280,Not at intersection,3,70,Arterial Other,BALLAN,WYNDHAM,-37.89386,144.63309,2023,1,January,10,Midday,Weekday
T20230001996,2023-01-25,21:49:00,1,Collision with vehicle,3,Wednesday,121,RIGHT THROUGH,3,350792,Cross intersection,2,60,Arterial Highway,BALLARAT,GEELONG,-38.126865,144.33936,2023,1,January,21,Night,Weekday
T20230001898,2023-01-25,02:33:00,4,Collision with a fixed object,3,Wednesday,173,RIGHT OFF CARRIAGEWAY INTO OBJECT/PARKED VEHICLE,3,783534,Not at intersection,3,60,Arterial Other,BLACKBURN,MONASH,-37.879784,145.14696,2023,1,January,2,Late Night,Weekday
T20230001942,2023-01-25,06:50:00,1,Collision with vehicle,3,Wednesday,110,CROSS TRAFFIC(INTERSECTIONS ONLY),1,50125,Cross intersection,2,60,Local Road,BELLE VUE,GEELONG,-38.173187,144.32413,2023,1,January,6,Morning Peak,Weekday
T20230001961,2023-01-25,17:25:00,3,Struck animal,3,Wednesday,167,STRUCK ANIMAL,1,752607,Not at intersection,2,80,Local Road,NORMAN WADE SCENIC,GLENELG,-38.38316,141.58432,2023,1,January,17,Afternoon Peak,Weekday
T20230001929,2023-01-25,12:01:00,2,Struck Pedestrian,3,Wednesday,100,PED NEAR SIDE. PED HIT BY VEHICLE FROM THE RIGHT.,1,756173,Not at intersection,3,40,Local Road,RESEARCH,MONASH,-37.90769,145.13359,2023,1,January,12,Midday,Weekday
T20230002046,2023-01-25,22:30:00,1,Collision with vehicle,3,Wednesday,163,VEHICLE STRIKES DOOR OF PARKED/STATIONARY VEHICLE,3,758910,Not at intersection,3,60,Arterial Other,FLEMINGTON ROAD SERVICE,MELBOURNE,-37.795902,144.95007,2023,1,January,22,Night,Weekday
T20230001901,2023-01-25,05:11:00,1,Collision with vehicle,3,Wednesday,130,REAR END(VEHICLES IN SAME LANE),3,44917,Not at intersection,2,60,Arterial Other,BILLINGHAM,BRIMBANK,-37.75997,144.77643,2023,1,January,5,Morning Peak,Weekday
T20230001928,2023-01-25,09:00:00,1,Collision with vehicle,3,Wednesday,136,RIGHT TURN SIDESWIPE,1,49230,Cross intersection,3,80,Local Road,ETIWANDA,MILDURA,-34.2323,142.1254,2023,1,January,9,Morning Peak,Weekday
T20230002041,2023-01-25,19:00:00,6,Vehicle overturned (no collision),3,Wednesday,170,OFF CARRIAGEWAY TO LEFT,1,760682,Not at intersection,3,50,Local Road,MOUNTAINVIEW,CASEY,-38.073223,145.32454,2023,1,January,19,Night,Weekday
T20230001941,2023-01-25,09:18:00,2,Struck Pedestrian,3,Wednesday,108,PED STRUCK WALKING TO/FROM OR BOARDING/ALIGHTING VEHICLE.,1,758254,Not at intersection,3,50,Arterial Other,POUND,CASEY,-38.02928,145.27489,2023,1,January,9,Morning Peak,Weekday
T20230001963,2023-01-25,14:23:00,1,Collision with vehicle,3,Wednesday,130,REAR END(VEHICLES IN SAME LANE),1,753574,Not at intersection,2,80,Arterial Highway,PRINCES,CASEY,-38.027077,145.31256,2023,1,January,14,Midday,Weekday
T20230001914,2023-01-25,08:10:00,1,Collision with vehicle,3,Wednesday,130,REAR END(VEHICLES IN SAME LANE),1,750196,Not at intersection,3,80,Arterial Other,FITZGERALD,WYNDHAM,-37.815086,144.78711,2023,1,January,8,Morning Peak,Weekday
T20230001918,2023-01-25,07:40:00,1,Collision with vehicle,3,Wednesday,130,REAR END(VEHICLES IN SAME LANE),1,750334,Not at intersection,3,60,Arterial Other,COOPER,WHITTLESEA,-37.65066,145.01122,2023,1,January,7,Morning Peak,Weekday
T20230002047,2023-01-25,17:30:00,1,Collision with vehicle,3,Wednesday,130,REAR END(VEHICLES IN SAME LANE),1,778133,T intersection,3,60,Local Road,ROBINSWOOD,CASEY,-38.06834,145.30458,2023,1,January,17,Afternoon Peak,Weekday
T20230001926,2023-01-25,10:50:00,1,Collision with vehicle,3,Wednesday,130,REAR END(VEHICLES IN SAME LANE),1,754428,Not at intersection,3,60,Local Road,SUTTON,BALLARAT,-37.57962,143.82747,2023,1,January,10,Midday,Weekday
T20230001923,2023-01-25,12:05:00,2,Struck Pedestrian,3,Wednesday,100,PED NEAR SIDE. PED HIT BY VEHICLE FROM THE RIGHT.,1,478,Multiple intersection,3,60,Arterial Other,HIGH STREET -HIGH,BOROONDARA,-37.80748,145.02888,2023,1,January,12,Midday,Weekday
T20230001920,2023-01-25,11:31:00,2,Struck Pedestrian,3,Wednesday,100,PED NEAR SIDE. PED HIT BY VEHICLE FROM THE RIGHT.,1,45484,T intersection,2,60,Arterial Other,MT ALEXANDER,MOONEE VALLEY,-37.78312,144.93504,2023,1,January,11,Midday,Weekday
T20230001967,2023-01-25,16:53:00,8,No collision and no object struck,3,Wednesday,174,OUT OF CONTROL ON CARRIAGEWAY (ON STRAIGHT),1,270441,T intersection,2,60,Local Road,EAGLE,MELBOURNE,-37.812363,144.95428,2023,1,January,16,Afternoon Peak,Weekday
T20230001968,2023-01-25,18:15:00,1,Collision with vehicle,3,Wednesday,134,LANE CHANGE RIGHT (NOT OVERTAKING),1,751606,Not at intersection,2,70,Arterial Highway,LATROBE,GEELONG,-38.14333,144.3534,2023,1,January,18,Afternoon Peak,Weekday
T20230001969,2023-01-25,16:30:00,1,Collision with vehicle,3,Wednesday,130,REAR END(VEHICLES IN SAME LANE),1,750941,Not at intersection,2,80,Arterial Other,MT DUNEED,SURF COAST,-38.247467,144.32234,2023,1,January,16,Afternoon Peak,Weekday
T20230001970,2023-01-25,16:17:00,2,Struck Pedestrian,3,Wednesday,100,PED NEAR SIDE. PED HIT BY VEHICLE FROM THE RIGHT.,1,41785,Cross intersection,3,50,Local Road,HILTON,MORELAND,-37.702003,144.93922,2023,1,January,16,Afternoon Peak,Weekday
T20230001971,2023-01-25,18:48:00,8,No collision and no object struck,3,Wednesday,184,OUT OF CONTROL ON CARRIAGEWAY (ON BEND),1,750198,Not at intersection,3,80,Freeway,MONASH,STONNINGTON,-37.840508,145.03922,2023,1,January,18,Afternoon Peak,Weekday
T20230001979,2023-01-25,19:00:00,8,No collision and no object struck,3,Wednesday,174,OUT OF CONTROL ON CARRIAGEWAY (ON STRAIGHT),1,759178,Not at intersection,3,50,Arterial Other,BRIDGE,YARRA,-37.81803,144.9943,2023,1,January,19,Night,Weekday
T20230001956,2023-01-25,10:49:00,4,Collision with a fixed object,3,Wednesday,173,RIGHT OFF CARRIAGEWAY INTO OBJECT/PARKED VEHICLE,1,760217,Not at intersection,2,80,Arterial Other,KORUMBURRA-WARRAGUL,SOUTH GIPPSLAND,-38.343597,145.90039,2023,1,January,10,Midday,Weekday
T20230001958,2023-01-25,14:42:00,1,Collision with vehicle,3,Wednesday,110,CROSS TRAFFIC(INTERSECTIONS ONLY),1,49287,Cross intersection,3,50,Local Road,EASTWOOD,BALLARAT,-37.564976,143.86461,2023,1,January,14,Midday,Weekday
T20230002031,2023-01-25,13:30:00,4,Collision with a fixed object,3,Wednesday,181,OFF RIGHT BEND INTO OBJECT/PARKED VEHICLE,1,759005,T intersection,3,100,Local Road,FYANS CREEK,NORTHERN GRAMPIANS,-37.10687,142.5588,2023,1,January,13,Midday,Weekday
T20230002801,2023-01-25,15:25:00,1,Collision with vehicle,3,Wednesday,137,LEFT TURN SIDESWIPE,1,36320,Cross intersection,3,60,Arterial Other,MORNINGTON-TYABB,MORNINGTON PENINSULA,-38.231327,145.04599,2023,1,January,15,Afternoon Peak,Weekday
T20230001909,2023-01-25,09:40:00,1,Collision with vehicle,3,Wednesday,130,REAR END(VEHICLES IN SAME LANE),1,32494,T intersection,2,70,Arterial Highway,DANDENONG,STONNINGTON,-37.881477,145.05019,2023,1,January,9,Morning Peak,Weekday