ACCIDENT_NO,ACCIDENT_DATE,ACCIDENT_TIME,ACCIDENT_TYPE,ACCIDENT_TYPE_DESC,DAY_OF_WEEK,DAY_WEEK_DESC,DCA_CODE,DCA_DESC,LIGHT_CONDITION,NODE_ID,ROAD_GEOMETRY_DESC,SEVERITY,SPEED_ZONE,RMA,ROAD_NAME,LGA_NAME,LATITUDE,LONGITUDE,YEAR,MONTH,MONTH_NAME,HOUR,TIME_PERIOD,DAY_TYPE
T20230002069,2023-01-26,20:50:00,1,Collision with vehicle,4,Thursday,121,RIGHT THROUGH,3,35451,Cross intersection,3,50,Arterial Other,RYANS,NILLUMBIK,-37.68677,145.14294,2023,1,January,20,Night,Weekday
T20230002048,2023-01-26,14:39:00,4,Collision with a fixed object,4,Thursday,171,LEFT OFF CARRIAGEWAY INTO OBJECT/PARKED VEHICLE,1,751607,Not at intersection,3,50,Local Road,JESSIE,DAREBIN,-37.741074,144.99443,2023,1,January,14,Midday,Weekday
T20230002042,2023-01-26,12:30:00,1,Collision with vehicle,4,Thursday,111,RIGHT FAR (INTERSECTIONS ONLY),1,323717,Multiple intersection,3,60,Freeway,BURKE,STONNINGTON,-37.85242,145.05258,2023,1,January,12,Midday,Weekday
T20230002212,2023-01-26,15:50:00,8,No collision and no object struck,4,Thursday,184,OUT OF CONTROL ON CARRIAGEWAY (ON BEND),1,751382,Not at intersection,2,80,Arterial Other,BONANG,EAST GIPPSLAND,-37.304844,148.70299,2023,1,January,15,Afternoon Peak,Weekday
T20230002049,2023-01-26,13:18:00,4,Collision with a fixed object,4,Thursday,175,OFF END OF ROAD/T-INTERSECTION.,1,777040,T intersection,2,80,Arterial Other,POINT COOK,WYNDHAM,-37.9146,144.75098,2023,1,January,13,Midday,Weekday
T20230002052,2023-01-26,15:45:00,1,Collision with vehicle,4,Thursday,120,HEAD ON (NOT OVERTAKING),1,779372,Not at intersection,2,100,Local Road,PEARCES,LATROBE,-38.21614,146.29285,2023,1,January,15,Afternoon Peak,Weekday
T20230002037,2023-01-26,10:00:00,1,Collision with vehicle,4,Thursday,130,REAR END(VEHICLES IN SAME LANE),1,48002,T intersection,3,60,Arterial Other,WARRIGAL,WHITEHORSE,-37.831856,145.09894,2023,1,January,10,Midday,Weekday
T20230002040,2023-01-26,11:22:00,4,Collision with a fixed object,4,Thursday,181,OFF RIGHT BEND INTO OBJECT/PARKED VEHICLE,1,774026,Not at intersection,2,100,Local Road,MCDONALDS,SOUTH GIPPSLAND,-38.31118,145.64975,2023,1,January,11,Midday,Weekday
T20230002033,2023-01-26,02:30:00,6,Vehicle overturned (no collision),4,Thursday,172,OFF CARRIAGEWAY TO RIGHT,5,752071,Not at intersection,1,100,Local Road,MILL,SOUTHERN GRAMPIANS,-37.672546,142.19168,2023,1,January,2,Late Night,Weekday
T20230002029,2023-01-26,10:50:00,1,Collision with vehicle,4,Thursday,131,LEFT REAR,1,750733,Cross intersection,2,60,Arterial Other,ESPLANADE,MORNINGTON PENINSULA,-38.26981,145.00966,2023,1,January,10,Midday,Weekday
T20230002028,2023-01-26,09:30:00,1,Collision with vehicle,4,Thursday,130,REAR END(VEHICLES IN SAME LANE),1,43915,Cross intersection,3,80,Arterial Other,CLYDE-FIVE WAYS,CASEY,-38.118744,145.32716,2023,1,January,9,Morning Peak,Weekday
T20230002071,2023-01-26,16:33:00,1,Collision with vehicle,4,Thursday,121,RIGHT THROUGH,1,708234,T intersection,3,60,Local Road,ROSAMOND,MARIBYRNONG,-37.770405,144.88646,2023,1,January,16,Afternoon Peak,Weekday
T20230002980,2023-01-26,12:30:00,4,Collision with a fixed object,4,Thursday,181,OFF RIGHT BEND INTO OBJECT/PARKED VEHICLE,1,757530,Not at intersection,3,30,Arterial Other,WOODS POINT,YARRA RANGES,-37.714188,145.81831,2023,1,January,12,Midday,Weekday
T20230002065,2023-01-26,16:05:00,4,Collision with a fixed object,4,Thursday,171,LEFT OFF CARRIAGEWAY INTO OBJECT/PARKED VEHICLE,1,763967,Not at intersection,2,50,Local Road,SHAWS,WYNDHAM,-37.89016,144.66312,2023,1,January,16,Afternoon Peak,Weekday
T20230002076,2023-01-26,14:28:00,1,Collision with vehicle,4,Thursday,121,RIGHT THROUGH,1,296274,T intersection,3,80,Arterial Other,BELGRAVE-HALLAM ROAD -HALLAM NORTH,CASEY,-37.990284,145.27638,2023,1,January,14,Midday,Weekday
T20230002008,2023-01-26,06:35:00,6,Vehicle overturned (no collision),4,Thursday,174,OUT OF CONTROL ON CARRIAGEWAY (ON STRAIGHT),1,751148,Not at intersection,3,100,Local Road,ANDERSONS,SURF COAST,-38.204147,144.20547,2023,1,January,6,Morning Peak,Weekday
T20230002024,2023-01-26,10:28:00,1,Collision with vehicle,4,Thursday,130,REAR END(VEHICLES IN SAME LANE),1,774105,Not at intersection,2,60,Local Road,LYGON,YARRA,-37.78274,144.96999,2023,1,January,10,Midday,Weekday
T20230007709,2023-01-26,12:00:00,6,Vehicle overturned (no collision),4,Thursday,184,OUT OF CONTROL ON CARRIAGEWAY (ON BEND),1,764827,Not at intersection,3,100,Local Road,EILDON-JAMIESON,MURRINDINDI,-37.303417,145.92216,2023,1,January,12,Midday,Weekday
T20240001940,2023-01-26,11:00:00,1,Collision with vehicle,4,Thursday,130,REAR END(VEHICLES IN SAME LANE),1,795918,T intersection,2,40,Arterial Other,ORMOND,PORT PHILLIP,-37.887104,144.98401,2023,1,January,11,Midday,Weekday
T20230004850,2023-01-26,10:41:00,7,Fall from or in moving vehicle,4,Thursday,190,FELL IN/FROM VEHICLE,1,786902,Not at intersection,2,50,Local Road,OLINDA,YARRA RANGES,-37.788788,145.37105,2023,1,January,10,Midday,Weekday
T20230002062,2023-01-26,15:25:00,1,Collision with vehicle,4,Thursday,134,LANE CHANGE RIGHT (NOT OVERTAKING),1,751845,Not at intersection,3,50,Local Road,RAILWAY,GLEN EIRA,-37.894215,145.0758,2023,1,January,15,Afternoon Peak,Weekday
T20230002697,2023-01-26,21:30:00,4,Collision with a fixed object,4,Thursday,173,RIGHT OFF CARRIAGEWAY INTO OBJECT/PARKED VEHICLE,9,752285,Not at intersection,3,80,Arterial Other,CRAIGIEBURN,WHITTLESEA,-37.602192,144.96875,2023,1,January,21,Night,Weekday
T20230004879,2023-01-26,09:32:00,1,Collision with vehicle,4,Thursday,111,RIGHT FAR (INTERSECTIONS ONLY),1,342491,Multiple intersection,2,60,Freeway,LITHGOW,MITCHELL,-37.47378,144.97458,2023,1,January,9,Morning Peak,Weekday
T20230002018,2023-01-26,10:15:00,1,Collision with vehicle,4,Thursday,160,VEHICLE COLLIDES WITH VEHICLE PARKED ON LEFT OF ROAD,1,758988,Not at intersection,3,60,Local Road,CENTENARY,MELTON,-37.671898,144.56387,2023,1,January,10,Midday,Weekday
T20230002408,2023-01-26,11:30:00,6,Vehicle overturned (no collision),4,Thursday,149,OTHER MANOEUVRING NOT INCLUDED IN DCAs 140-148,9,43979,T intersection,3,80,Arterial Highway,NEPEAN,MORNINGTON PENINSULA,-38.26484,145.03732,2023,1,January,11,Midday,Weekday
T20230002308,2023-01-26,19:00:00,6,Vehicle overturned (no collision),4,Thursday,174,OUT OF CONTROL ON CARRIAGEWAY (ON STRAIGHT),2,753163,Not at intersection,2,80,Local Road,HEARDS,HORSHAM,-36.91706,142.07712,2023,1,January,19,Night,Weekday
T20230002023,2023-01-26,10:00:00,1,Collision with vehicle,4,Thursday,116,LEFT NEAR (INTERSECTIONS ONLY),1,758986,T intersection,3,80,Arterial Other,MOUNTAIN,KNOX,-37.863438,145.31984,2023,1,January,10,Midday,Weekday
T20230002423,2023-01-26,11:30:00,6,Vehicle overturned (no collision),4,Thursday,180,OFF CARRIAGEWAY ON RIGHT BEND,1,751392,Not at intersection,3,30,Local Road,CLARKES,MITCHELL,-37.413326,145.06996,2023,1,January,11,Midday,Weekday
T20230002056,2023-01-26,16:20:00,1,Collision with vehicle,4,Thursday,120,HEAD ON (NOT OVERTAKING),1,751844,Not at intersection,2,60,Arterial Other,MOUNT BUFFALO,ALPINE,-36.713543,146.7882,2023,1,January,16,Afternoon Peak,Weekday
T20230002026,2023-01-26,09:38:00,4,Collision with a fixed object,4,Thursday,181,OFF RIGHT BEND INTO OBJECT/PARKED VEHICLE,1,761268,Not at intersection,2,100,Arterial Other,WHITTLESEA-YEA,MURRINDINDI,-37.301,145.37408,2023,1,January,9,Morning Peak,Weekday
T20230003435,2023-01-27,07:50:00,1,Collision with vehicle,5,Friday,130,REAR END(VEHICLES IN SAME LANE),1,765295,Cross intersection,3,80,Local Road,GEORGE,DANDENONG,-37.989853,145.20473,2023,1,January,7,Morning Peak,Weekday
T20230002087,2023-01-27,06:20:00,1,Collision with vehicle,5,Friday,110,CROSS TRAFFIC(INTERSECTIONS ONLY),2,332681,Cross intersection,2,80,Arterial Highway,DINGLEY,KINGSTON,-37.959618,145.11264,2023,1,January,6,Morning Peak,Weekday
T20230002207,2023-01-27,20:20:00,1,Collision with vehicle,5,Friday,152,PULLING OUT (OVERTAKING),2,778151,Not at intersection,3,100,Arterial Highway,BASS,BASS COAST,-38.56691,145.5615,2023,1,January,20,Night,Weekday
T20230002088,2023-01-27,07:45:00,1,Collision with vehicle,5,Friday,130,REAR END(VEHICLES IN SAME LANE),1,750545,Not at intersection,3,80,Freeway,WEST GATE,MARIBYRNONG,-37.824535,144.87477,2023,1,January,7,Morning Peak,Weekday
T20230002091,2023-01-27,08:35:00,8,No collision and no object struck,5,Friday,174,OUT OF CONTROL ON CARRIAGEWAY (ON STRAIGHT),1,754430,Not at intersection,3,80,Arterial Other,COOLART,MORNINGTON PENINSULA,-38.315983,145.1456,2023,1,January,8,Morning Peak,Weekday
T20230002237,2023-01-27,14:55:00,8,No collision and no object struck,5,Friday,180,OFF CARRIAGEWAY ON RIGHT BEND,1,753386,Not at intersection,2,80,Arterial Other,GEMBROOK-LAUNCHING PLACE,CARDINIA,-37.899982,145.59369,2023,1,January,14,Midday,Weekday
T20230002181,2023-01-27,12:40:00,6,Vehicle overturned (no collision),5,Friday,174,OUT OF CONTROL ON CARRIAGEWAY (ON STRAIGHT),1,786694,Not at intersection,3,40,Local Road,HIGH,DAREBIN,-37.73285,145.00488,2023,1,January,12,Midday,Weekday
T20230002252,2023-01-27,18:40:00,1,Collision with vehicle,5,Friday,113,RIGHT NEAR (INTERSECTIONS ONLY),1,37723,T intersection,3,40,Arterial Other,HIGH,STONNINGTON,-37.852367,144.99715,2023,1,January,18,Afternoon Peak,Weekday
T20230002315,2023-01-27,17:00:00,1,Collision with vehicle,5,Friday,120,HEAD ON (NOT OVERTAKING),1,752073,Not at intersection,2,100,Local Road,DONNELLYS CREEK,BAW BAW,-37.73834,146.40352,2023,1,January,17,Afternoon Peak,Weekday
T20230003194,2023-01-27,10:15:00,6,Vehicle overturned (no collision),5,Friday,184,OUT OF CONTROL ON CARRIAGEWAY (ON BEND),1,753590,Not at intersection,2,80,Arterial Other,WARBURTON-WOODS POINT,YARRA RANGES,-37.576263,145.90791,2023,1,January,10,Midday,Weekday
T20230002084,2023-01-27,05:56:00,4,Collision with a fixed object,5,Friday,151,OUT OF CONTROL (OVERTAKING),2,778146,Not at intersection,3,100,Freeway,PRINCES,CARDINIA,-38.0749,145.5383,2023,1,January,5,Morning Peak,Weekday
T20230002099,2023-01-27,08:15:00,1,Collision with vehicle,5,Friday,113,RIGHT NEAR (INTERSECTIONS ONLY),1,299679,T intersection,3,100,Arterial Other,DIGGERS REST-COIMADAI,MELTON,-37.62818,144.64499,2023,1,January,8,Morning Peak,Weekday
T20230002103,2023-01-27,10:37:00,4,Collision with a fixed object,5,Friday,171,LEFT OFF CARRIAGEWAY INTO OBJECT/PARKED VEHICLE,1,758813,Not at intersection,2,60,Arterial Other,TOORAK,STONNINGTON,-37.842663,145.02217,2023,1,January,10,Midday,Weekday
T20230002081,2023-01-27,02:58:00,4,Collision with a fixed object,5,Friday,171,LEFT OFF CARRIAGEWAY INTO OBJECT/PARKED VEHICLE,5,781613,Not at intersection,2,60,Local Road,TALMAGE,BRIMBANK,-37.778683,144.82474,2023,1,January,2,Late Night,Weekday
T20230005527,2023-01-27,16:45:00,1,Collision with vehicle,5,Friday,130,REAR END(VEHICLES IN SAME LANE),1,775669,Not at intersection,3,60,Arterial Other,HEATHERTON,DANDENONG,-37.97001,145.21465,2023,1,January,16,Afternoon Peak,Weekday
T20230002083,2023-01-27,05:57:00,1,Collision with vehicle,5,Friday,110,CROSS TRAFFIC(INTERSECTIONS ONLY),2,29905,Cross intersection,2,50,Local Road,ERNST WANKE,CASEY,-38.014503,145.32422,2023,1,January,5,Morning Peak,Weekday
T20230002116,2023-01-27,13:08:00,2,Struck Pedestrian,5,Friday,100,PED NEAR SIDE. PED HIT BY VEHICLE FROM THE RIGHT.,1,783572,Not at intersection,3,60,Arterial Highway,WARRIGAL,BOROONDARA,-37.863323,145.09329,2023,1,January,13,Midday,Weekday
T20230002117,2023-01-27,12:25:00,1,Collision with vehicle,5,Friday,113,RIGHT NEAR (INTERSECTIONS ONLY),1,32368,T intersection,3,50,Arterial Other,MOUNT DANDENONG TOURIST,YARRA RANGES,-37.868675,145.3525,2023,1,January,12,Midday,Weekday
T20230002118,2023-01-27,10:30:00,1,Collision with vehicle,5,Friday,130,REAR END(VEHICLES IN SAME LANE),1,778135,Cross intersection,3,80,Arterial Other,DIAMOND CREEK,NILLUMBIK,-37.689034,145.11386,2023,1,January,10,Midday,Weekday
T20230002120,2023-01-27,07:46:00,1,Collision with vehicle,5,Friday,163,VEHICLE STRIKES DOOR OF PARKED/STATIONARY VEHICLE,1,729107,Not at intersection,2,40,Arterial Other,SPENCER,MELBOURNE,-37.814896,144.95222,2023,1,January,7,Morning Peak,Weekday
T20230002124,2023-01-27,12:15:00,4,Collision with a fixed object,5,Friday,173,RIGHT OFF CARRIAGEWAY INTO OBJECT/PARKED VEHICLE,1,750944,Not at intersection,2,60,Arterial Highway,ALBERT,DAREBIN,-37.73582,145.02423,2023,1,January,12,Midday,Weekday
T20230002125,2023-01-27,13:30:00,1,Collision with vehicle,5,Friday,160,VEHICLE COLLIDES WITH VEHICLE PARKED ON LEFT OF ROAD,1,750546,Not at intersection,3,50,Local Road,THE TERRACE,GEELONG,-38.266953,144.51833,2023,1,January,13,Midday,Weekday
T20230002127,2023-01-27,14:55:00,1,Collision with vehicle,5,Friday,130,REAR END(VEHICLES IN SAME LANE),1,37803,Cross intersection,2,50,Arterial Other,NICHOLSON,MORELAND,-37.751534,144.97655,2023,1,January,14,Midday,Weekday
T20230002129,2023-01-27,12:24:00,1,Collision with vehicle,5,Friday,113,RIGHT NEAR (INTERSECTIONS ONLY),1,758274,T intersection,2,60,Local Road,HADDON-WINDERMERE,BALLARAT,-37.521004,143.7054,2023,1,January,12,Midday,Weekday
T20230002612,2023-01-27,14:30:00,1,Collision with vehicle,5,Friday,130,REAR END(VEHICLES IN SAME LANE),1,766769,Not at intersection,3,40,Arterial Highway,MURRAY VALLEY,CAMPASPE,-36.107586,144.69731,2023,1,January,14,Midday,Weekday
T20230002132,2023-01-27,14:12:00,1,Collision with vehicle,5,Friday,113,RIGHT NEAR (INTERSECTIONS ONLY),1,55504,Multiple intersection,2,80,Freeway,WESTERN OUT-BALLARAT-MARYBOROUGH,BALLARAT,-37.510303,143.80484,2023,1,January,14,Midday,Weekday
T20230002134,2023-01-27,13:13:00,4,Collision with a fixed object,5,Friday,181,OFF RIGHT BEND INTO OBJECT/PARKED VEHICLE,1,783571,Not at intersection,3,50,Local Road,COOKS,LATROBE,-38.16174,146.39156,2023,1,January,13,Midday,Weekday
T20230002136,2023-01-27,15:55:00,1,Collision with vehicle,5,Friday,121,RIGHT THROUGH,1,324500,T intersection,3,70,Local Road,LINTON,KINGSTON,-37.93416,145.04315,2023,1,January,15,Afternoon Peak,Weekday
T20230002106,2023-01-27,09:35:00,1,Collision with vehicle,5,Friday,113,RIGHT NEAR (INTERSECTIONS ONLY),1,42244,T intersection,3,60,Arterial Other,CHESTERVILLE,KINGSTON,-37.945843,145.05937,2023,1,January,9,Morning Peak,Weekday
T20230002107,2023-01-27,10:32:00,4,Collision with a fixed object,5,Friday,173,RIGHT OFF CARRIAGEWAY INTO OBJECT/PARKED VEHICLE,1,775574,T intersection,2,50,Local Road,HAUGHTON,MONASH,-37.906025,145.09544,2023,1,January,10,Midday,Weekday
T20230002108,2023-01-27,10:30:00,1,Collision with vehicle,5,Friday,137,LEFT TURN SIDESWIPE,1,750942,Not at intersection,2,50,Local Road,THE ESPLANADE,SURF COAST,-38.326088,144.32733,2023,1,January,10,Midday,Weekday
T20230002111,2023-01-27,12:27:00,1,Collision with vehicle,5,Friday,121,RIGHT THROUGH,1,38420,T intersection,2,80,Arterial Highway,MAROONDAH,MAROONDAH,-37.78271,145.28415,2023,1,January,12,Midday,Weekday
T20230002140,2023-01-27,17:31:00,2,Struck Pedestrian,5,Friday,101,PED EMERGES FROM IN FRONT OF PARKED OR STATIONARY VEHICLE,1,758908,Not at intersection,2,50,Arterial Other,GRANT,MOORABOOL,-37.681385,144.43434,2023,1,January,17,Afternoon Peak,Weekday
T20230002141,2023-01-27,13:50:00,1,Collision with vehicle,5,Friday,140,U TURN,1,751151,Not at intersection,3,70,Arterial Other,CENTRE DANDENONG,KINGSTON,-37.983498,145.13242,2023,1,January,13,Midday,Weekday
T20230003687,2023-01-27,15:15:00,1,Collision with vehicle,5,Friday,130,REAR END(VEHICLES IN SAME LANE),1,658787,Cross intersection,3,50,Arterial Highway,RINGWOOD STREET -WANTIRNA,MAROONDAH,-37.81603,145.22728,2023,1,January,15,Afternoon Peak,Weekday
T20230002368,2023-01-27,17:45:00,1,Collision with vehicle,5,Friday,116,LEFT NEAR (INTERSECTIONS ONLY),1,50473,Cross intersection,3,40,Arterial Other,HAIGH STREET -MOORE,LATROBE,-38.173183,146.26157,2023,1,January,17,Afternoon Peak,Weekday
T20230002302,2023-01-27,08:15:00,6,Vehicle overturned (no collision),5,Friday,170,OFF CARRIAGEWAY TO LEFT,1,783579,Not at intersection,3,100,Local Road,MCSWAIN,CAMPASPE,-36.144253,144.71028,2023,1,January,8,Morning Peak,Weekday
T20230002115,2023-01-27,08:19:00,1,Collision with vehicle,5,Friday,130,REAR END(VEHICLES IN SAME LANE),1,750445,Not at intersection,1,100,Arterial Other,RUTHERGLEN-SPRINGHURST,INDIGO,-36.116997,146.47208,2023,1,January,8,Morning Peak,Weekday
T20230004739,2023-01-27,12:30:00,4,Collision with a fixed object,5,Friday,189,OTHER ACCIDENTS ON CURVE NOT INCLUDED IN DCAs 180-184,1,781203,Not at intersection,3,40,Arterial Highway,MAROONDAH,YARRA RANGES,-37.597683,145.63487,2023,1,January,12,Midday,Weekday
T20230002297,2023-01-27,11:00:00,8,No collision and no object struck,5,Friday,174,OUT OF CONTROL ON CARRIAGEWAY (ON STRAIGHT),1,47426,T intersection,2,50,Arterial Highway,POINT NEPEAN,MORNINGTON PENINSULA,-38.320248,144.71486,2023,1,January,11,Midday,Weekday
T20230003741,2023-01-27,09:45:00,1,Collision with vehicle,5,Friday,130,REAR END(VEHICLES IN SAME LANE),1,778157,Not at intersection,2,60,Arterial Highway,KEERA,GEELONG,-38.136337,144.35228,2023,1,January,9,Morning Peak,Weekday
T20230002143,2023-01-27,13:43:00,1,Collision with vehicle,5,Friday,110,CROSS TRAFFIC(INTERSECTIONS ONLY),1,72764,Cross intersection,3,80,Arterial Highway,PRINCES,BAW BAW,-38.203194,146.05957,2023,1,January,13,Midday,Weekday
T20230002150,2023-01-27,14:30:00,2,Struck Pedestrian,5,Friday,102,FAR SIDE. PED HIT BY VEHICLE FROM THE LEFT,1,57854,Cross intersection,3,60,Arterial Other,BACCHUS MARSH,GEELONG,-38.08346,144.35817,2023,1,January,14,Midday,Weekday
T20230002153,2023-01-27,18:07:00,1,Collision with vehicle,5,Friday,110,CROSS TRAFFIC(INTERSECTIONS ONLY),1,42292,Cross intersection,2,60,Arterial Other,MELVILLE,MORELAND,-37.741726,144.94527,2023,1,January,18,Afternoon Peak,Weekday
T20230002157,2023-01-27,20:30:00,1,Collision with vehicle,5,Friday,116,LEFT NEAR (INTERSECTIONS ONLY),1,781612,Cross intersection,2,80,Arterial Highway,PRINCES HIGHWAY -DANDENONG,MONASH,-37.932583,145.1563,2023,1,January,20,Night,Weekday
T20230004506,2023-01-27,11:30:00,6,Vehicle overturned (no collision),5,Friday,180,OFF CARRIAGEWAY ON RIGHT BEND,1,764577,Not at intersection,3,70,Local Road,DALYSTON-GLEN FORBES,BASS COAST,-38.52898,145.5591,2023,1,January,11,Midday,Weekday
T20230002158,2023-01-27,14:15:00,1,Collision with vehicle,5,Friday,152,PULLING OUT (OVERTAKING),1,754890,T intersection,2,100,Arterial Other,GISBORNE-MELTON,MELTON,-37.614662,144.59245,2023,1,January,14,Midday,Weekday
T20230002162,2023-01-27,19:07:00,6,Vehicle overturned (no collision),5,Friday,174,OUT OF CONTROL ON CARRIAGEWAY (ON STRAIGHT),1,56000,T intersection,2,60,Local Road,SEVERN,MARIBYRNONG,-37.81247,144.88037,2023,1,January,19,Night,Weekday
T20230002165,2023-01-27,19:27:00,6,Vehicle overturned (no collision),5,Friday,174,OUT OF CONTROL ON CARRIAGEWAY (ON STRAIGHT),1,758171,Not at intersection,2,100,Arterial Other,MANSFIELD-WOODS POINT,MANSFIELD,-37.383976,146.2362,2023,1,January,19,Night,Weekday
T20230002166,2023-01-27,21:53:00,1,Collision with vehicle,5,Friday,110,CROSS TRAFFIC(INTERSECTIONS ONLY),2,38039,Cross intersection,3,60,Arterial Other,DAREBIN,DAREBIN,-37.765366,145.01926,2023,1,January,21,Night,Weekday
T20230002080,2023-01-27,00:30:00,1,Collision with vehicle,5,Friday,111,RIGHT FAR (INTERSECTIONS ONLY),5,750734,T intersection,3,40,Local Road,MOTTO,HUME,-37.643578,144.93326,2023,1,January,0,Late Night,Weekday
T20230002209,2023-01-28,13:54:00,6,Vehicle overturned (no collision),6,Saturday,174,OUT OF CONTROL ON CARRIAGEWAY (ON STRAIGHT),1,751153,Not at intersection,3,40,Arterial Other,GLENFERRIE,STONNINGTON,-37.86108,145.02855,2023,1,January,13,Midday,Weekend
T20230002232,2023-01-28,13:54:00,4,Collision with a fixed object,6,Saturday,181,OFF RIGHT BEND INTO OBJECT/PARKED VEHICLE,1,269000,Not at intersection,3,100,Arterial Other,KORUMBURRA-WONTHAGGI,SOUTH GIPPSLAND,-38.460114,145.78986,2023,1,January,13,Midday,Weekend
T20230002480,2023-01-28,12:13:00,1,Collision with vehicle,6,Saturday,130,REAR END(VEHICLES IN SAME LANE),1,754068,Not at intersection,3,60,Arterial Other,POLICE,MONASH,-37.934677,145.16908,2023,1,January,12,Midday,Weekend
T20230002204,2023-01-28,11:50:00,1,Collision with vehicle,6,Saturday,120,HEAD ON (NOT OVERTAKING),1,776564,Not at intersection,2,100,Arterial Other,BUCKLAND GAP,WANGARATTA,-36.41318,146.69681,2023,1,January,11,Midday,Weekend
T20230002184,2023-01-28,11:07:00,1,Collision with vehicle,6,Saturday,111,RIGHT FAR (INTERSECTIONS ONLY),1,750736,T intersection,3,80,Local Road,RING,BALLARAT,-37.539825,143.80086,2023,1,January,11,Midday,Weekend
T20230002345,2023-01-28,18:00:00,1,Collision with vehicle,6,Saturday,130,REAR END(VEHICLES IN SAME LANE),1,777753,Not at intersection,3,70,Arterial Other,MELTON,MELTON,-37.69041,144.60513,2023,1,January,18,Afternoon Peak,Weekend
T20230002206,2023-01-28,10:12:00,4,Collision with a fixed object,6,Saturday,173,RIGHT OFF CARRIAGEWAY INTO OBJECT/PARKED VEHICLE,1,752410,Not at intersection,1,60,Local Road,OSHEA,CASEY,-38.06055,145.34163,2023,1,January,10,Midday,Weekend
T20230002186,2023-01-28,11:40:00,2,Struck Pedestrian,6,Saturday,100,PED NEAR SIDE. PED HIT BY VEHICLE FROM THE RIGHT.,1,753483,Not at intersection,3,50,Local Road,HARRINGTON,HOBSONS BAY,-37.864758,144.81291,2023,1,January,11,Midday,Weekend
T20230002208,2023-01-28,15:45:00,1,Collision with vehicle,6,Saturday,130,REAR END(VEHICLES IN SAME LANE),1,755825,Not at intersection,2,50,Local Road,HIGHFIELD,BOROONDARA,-37.834347,145.08507,2023,1,January,15,Afternoon Peak,Weekend
T20230002195,2023-01-28,12:30:00,2,Struck Pedestrian,6,Saturday,100,PED NEAR SIDE. PED HIT BY VEHICLE FROM THE RIGHT.,1,751152,Not at intersection,2,40,Arterial Highway,POINT NEPEAN,MORNINGTON PENINSULA,-38.370422,144.82281,2023,1,January,12,Midday,Weekend
T20230002219,2023-01-28,16:24:00,4,Collision with a fixed object,6,Saturday,171,LEFT OFF CARRIAGEWAY INTO OBJECT/PARKED VEHICLE,1,762381,Not at intersection,1,100,Local Road,MT ZERO,NORTHERN GRAMPIANS,-37.073647,142.51901,2023,1,January,16,Afternoon Peak,Weekend
T20230002311,2023-01-28,17:30:00,2,Struck Pedestrian,6,Saturday,100,PED NEAR SIDE. PED HIT BY VEHICLE FROM THE RIGHT.,1,778137,Cross intersection,2,40,Local Road,SEPARATION,DAREBIN,-37.769363,144.99913,2023,1,January,17,Afternoon Peak,Weekend
T20230002200,2023-01-28,12:25:00,1,Collision with vehicle,6,Saturday,116,LEFT NEAR (INTERSECTIONS ONLY),1,751609,Multiple intersection,2,80,Arterial Other,THOMPSON,FRANKSTON,-38.070477,145.18106,2023,1,January,12,Midday,Weekend
T20230002174,2023-01-28,07:58:00,1,Collision with vehicle,6,Saturday,130,REAR END(VEHICLES IN SAME LANE),1,778149,Not at intersection,3,60,Arterial Other,MCDONALDS,WHITTLESEA,-37.650486,145.08095,2023,1,January,7,Morning Peak,Weekend
T20230002203,2023-01-28,13:30:00,1,Collision with vehicle,6,Saturday,133,LANE SIDE SWIPE (VEHICLES IN PARALLEL LANES),1,750946,Not at intersection,2,60,Arterial Other,FITZGERALD,BRIMBANK,-37.80028,144.78922,2023,1,January,13,Midday,Weekend
T20230002236,2023-01-28,11:55:00,1,Collision with vehicle,6,Saturday,113,RIGHT NEAR (INTERSECTIONS ONLY),1,52340,Cross intersection,2,100,Arterial Highway,BASS,SOUTH GIPPSLAND,-38.530037,145.88014,2023,1,January,11,Midday,Weekend
T20230002194,2023-01-28,11:15:00,1,Collision with vehicle,6,Saturday,130,REAR END(VEHICLES IN SAME LANE),1,777359,Not at intersection,3,100,Arterial Other,COBDEN-PORT CAMPBELL,CORANGAMITE,-38.37417,143.05998,2023,1,January,11,Midday,Weekend
T20230002179,2023-01-28,09:00:00,1,Collision with vehicle,6,Saturday,140,U TURN,1,932,T intersection,2,80,Arterial Highway,NEPEAN,MORNINGTON PENINSULA,-38.179165,145.09624,2023,1,January,9,Morning Peak,Weekend
T20230004616,2023-01-28,05:40:00,3,Struck animal,6,Saturday,167,STRUCK ANIMAL,2,756836,Not at intersection,3,80,Local Road,BRIDGE INN,WHITTLESEA,-37.596745,145.06175,2023,1,January,5,Morning Peak,Weekend
T20230012020,2023-01-28,20:34:00,1,Collision with vehicle,6,Saturday,110,CROSS TRAFFIC(INTERSECTIONS ONLY),2,41167,Cross intersection,3,30,Local Road,CARPENTER,BAYSIDE,-37.914917,144.99367,2023,1,January,20,Night,Weekend
T20230002221,2023-01-28,21:12:00,1,Collision with vehicle,6,Saturday,134,LANE CHANGE RIGHT (NOT OVERTAKING),2,732613,Not at intersection,3,80,Arterial Other,HALL,CASEY,-38.10819,145.2434,2023,1,January,21,Night,Weekend