ACCIDENT_NO,ACCIDENT_DATE,ACCIDENT_TIME,ACCIDENT_TYPE,ACCIDENT_TYPE_DESC,DAY_OF_WEEK,DAY_WEEK_DESC,DCA_CODE,DCA_DESC,LIGHT_CONDITION,NODE_ID,ROAD_GEOMETRY_DESC,SEVERITY,SPEED_ZONE,RMA,ROAD_NAME,LGA_NAME,LATITUDE,LONGITUDE,YEAR,MONTH,MONTH_NAME,HOUR,TIME_PERIOD,DAY_TYPE
T20230004482,2023-01-28,14:00:00,1,Collision with vehicle,6,Saturday,111,RIGHT FAR (INTERSECTIONS ONLY),1,37888,T intersection,3,60,Arterial Other,QUEENS,YARRA,-37.786896,144.99333,2023,1,January,14,Midday,Weekend
T20230003544,2023-01-28,05:30:00,3,Struck animal,6,Saturday,167,STRUCK ANIMAL,5,754657,Not at intersection,3,60,Freeway,CALDER OUT-SPRINGVALE,MACEDON RANGES,-37.29788,144.50642,2023,1,January,5,Morning Peak,Weekend
T20230003028,2023-01-28,11:23:00,1,Collision with vehicle,6,Saturday,163,VEHICLE STRIKES DOOR OF PARKED/STATIONARY VEHICLE,1,758159,Not at intersection,3,60,Arterial Highway,POINT NEPEAN,MORNINGTON PENINSULA,-38.366077,144.86641,2023,1,January,11,Midday,Weekend
T20230002957,2023-01-28,14:15:00,1,Collision with vehicle,6,Saturday,130,REAR END(VEHICLES IN SAME LANE),1,778140,Not at intersection,3,60,Freeway,EASTERN IN-CHANDLER,BOROONDARA,-37.79193,145.02997,2023,1,January,14,Midday,Weekend
T20230002218,2023-01-28,18:37:00,2,Struck Pedestrian,6,Saturday,108,PED STRUCK WALKING TO/FROM OR BOARDING/ALIGHTING VEHICLE.,1,759322,Not at intersection,3,50,Local Road,SIR GARNET,BOROONDARA,-37.821217,145.09029,2023,1,January,18,Afternoon Peak,Weekend
T20230002216,2023-01-28,16:20:00,2,Struck Pedestrian,6,Saturday,100,PED NEAR SIDE. PED HIT BY VEHICLE FROM THE RIGHT.,1,760429,Not at intersection,2,50,Local Road,GRANT OLSON,MANNINGHAM,-37.765553,145.09296,2023,1,January,16,Afternoon Peak,Weekend
T20230002183,2023-01-28,10:50:00,1,Collision with vehicle,6,Saturday,113,RIGHT NEAR (INTERSECTIONS ONLY),1,278920,Multiple intersection,2,60,Local Road,PEARL RIVER,MELBOURNE,-37.80978,144.9359,2023,1,January,10,Midday,Weekend
T20230002215,2023-01-28,18:35:00,4,Collision with a fixed object,6,Saturday,175,OFF END OF ROAD/T-INTERSECTION.,1,753491,T intersection,3,60,Local Road,TROUPS,MELTON,-37.73497,144.67091,2023,1,January,18,Afternoon Peak,Weekend
T20230002214,2023-01-28,18:00:00,1,Collision with vehicle,6,Saturday,147,VEHICLE STRIKES ANOTHER VEH WHILE EMERGING FROM DRIVEWAY,1,762245,Not at intersection,2,60,Arterial Other,PLENTY,WHITTLESEA,-37.521137,145.11327,2023,1,January,18,Afternoon Peak,Weekend
T20230002213,2023-01-28,14:52:00,1,Collision with vehicle,6,Saturday,130,REAR END(VEHICLES IN SAME LANE),1,44386,Cross intersection,3,60,Arterial Other,POINT COOK,HOBSONS BAY,-37.87501,144.75832,2023,1,January,14,Midday,Weekend
T20230002265,2023-01-29,08:24:00,4,Collision with a fixed object,7,Sunday,183,OFF LEFT BEND INTO OBJECT/PARKED VEHICLE,1,756175,Not at intersection,3,100,Arterial Other,TIMBOON-COLAC,CORANGAMITE,-38.454468,143.02528,2023,1,January,8,Morning Peak,Weekend
T20230002283,2023-01-29,22:08:00,4,Collision with a fixed object,7,Sunday,181,OFF RIGHT BEND INTO OBJECT/PARKED VEHICLE,3,751847,Not at intersection,2,50,Local Road,VINCENT,WHITTLESEA,-37.639263,145.07976,2023,1,January,22,Night,Weekend
T20230002242,2023-01-29,08:50:00,1,Collision with vehicle,7,Sunday,111,RIGHT FAR (INTERSECTIONS ONLY),1,263109,T intersection,3,70,Arterial Highway,NORTH,MONASH,-37.913914,145.12439,2023,1,January,8,Morning Peak,Weekend
T20230002243,2023-01-29,09:06:00,4,Collision with a fixed object,7,Sunday,181,OFF RIGHT BEND INTO OBJECT/PARKED VEHICLE,1,751726,Not at intersection,3,80,Arterial Other,BITTERN-DROMANA,MORNINGTON PENINSULA,-38.35211,145.06027,2023,1,January,9,Morning Peak,Weekend
T20230002278,2023-01-29,19:53:00,1,Collision with vehicle,7,Sunday,139,OTHER SAME DIRECTION-MANOUEVRES NOT INCLUDED IN DCAs 130-137,1,752484,Not at intersection,3,60,Local Road,TAYLOR,BENDIGO,-36.71531,144.31706,2023,1,January,19,Night,Weekend
T20230002231,2023-01-29,01:20:00,3,Struck animal,7,Sunday,167,STRUCK ANIMAL,5,786937,Not at intersection,2,100,Arterial Other,PLENTY,WHITTLESEA,-37.543793,145.10985,2023,1,January,1,Late Night,Weekend
T20230003261,2023-01-29,09:30:00,6,Vehicle overturned (no collision),7,Sunday,174,OUT OF CONTROL ON CARRIAGEWAY (ON STRAIGHT),1,754442,Not at intersection,3,70,Arterial Highway,RAGLAN,WARRNAMBOOL,-38.384598,142.51257,2023,1,January,9,Morning Peak,Weekend
T20230002275,2023-01-29,18:34:00,4,Collision with a fixed object,7,Sunday,171,LEFT OFF CARRIAGEWAY INTO OBJECT/PARKED VEHICLE,1,775404,Not at intersection,2,80,Local Road,BALD HILL,HEPBURN,-37.331413,144.11063,2023,1,January,18,Afternoon Peak,Weekend
T20230002260,2023-01-29,14:12:00,2,Struck Pedestrian,7,Sunday,100,PED NEAR SIDE. PED HIT BY VEHICLE FROM THE RIGHT.,1,765879,T intersection,3,50,Local Road,MARY,MORELAND,-37.741196,144.9643,2023,1,January,14,Midday,Weekend
T20230002248,2023-01-29,10:38:00,4,Collision with a fixed object,7,Sunday,181,OFF RIGHT BEND INTO OBJECT/PARKED VEHICLE,1,751014,Not at intersection,2,40,Arterial Other,COLAC-LAVERS HILL,COLAC OTWAY,-38.608513,143.51689,2023,1,January,10,Midday,Weekend
T20230002247,2023-01-29,09:27:00,1,Collision with vehicle,7,Sunday,110,CROSS TRAFFIC(INTERSECTIONS ONLY),1,48577,Cross intersection,3,50,Local Road,MARLBOROUGH,GLEN EIRA,-37.91502,145.06738,2023,1,January,9,Morning Peak,Weekend
T20230002270,2023-01-29,16:05:00,1,Collision with vehicle,7,Sunday,116,LEFT NEAR (INTERSECTIONS ONLY),1,40287,T intersection,2,60,Arterial Other,GLENFERRIE,BOROONDARA,-37.83549,145.03302,2023,1,January,16,Afternoon Peak,Weekend
T20230002273,2023-01-29,18:40:00,1,Collision with vehicle,7,Sunday,121,RIGHT THROUGH,1,10592,T intersection,2,80,Arterial Highway,PRINCES,DANDENONG,-37.933174,145.15694,2023,1,January,18,Afternoon Peak,Weekend
T20230002310,2023-01-29,12:45:00,1,Collision with vehicle,7,Sunday,121,RIGHT THROUGH,1,780381,T intersection,3,100,Local Road,WATERLOO,BAW BAW,-38.20511,146.08998,2023,1,January,12,Midday,Weekend
T20230002241,2023-01-29,07:20:00,1,Collision with vehicle,7,Sunday,130,REAR END(VEHICLES IN SAME LANE),1,752280,Cross intersection,2,80,Arterial Highway,WELLINGTON,KNOX,-37.925606,145.21391,2023,1,January,7,Morning Peak,Weekend
T20230002230,2023-01-29,05:07:00,4,Collision with a fixed object,7,Sunday,151,OUT OF CONTROL (OVERTAKING),2,781295,Not at intersection,3,80,Arterial Other,PLENTY,WHITTLESEA,-37.632584,145.096,2023,1,January,5,Morning Peak,Weekend
T20230002606,2023-01-29,15:30:00,1,Collision with vehicle,7,Sunday,130,REAR END(VEHICLES IN SAME LANE),1,778139,T intersection,2,50,Arterial Highway,ABERDEEN,GEELONG,-38.147274,144.35141,2023,1,January,15,Afternoon Peak,Weekend
T20230003725,2023-01-29,10:40:00,4,Collision with a fixed object,7,Sunday,171,LEFT OFF CARRIAGEWAY INTO OBJECT/PARKED VEHICLE,1,278821,Cross intersection,2,60,Local Road,AITKEN,HUME,-37.57533,144.92088,2023,1,January,10,Midday,Weekend
T20230002402,2023-01-29,11:10:00,1,Collision with vehicle,7,Sunday,110,CROSS TRAFFIC(INTERSECTIONS ONLY),1,45123,Cross intersection,3,80,Arterial Highway,PRINCES,BAW BAW,-38.203823,146.06763,2023,1,January,11,Midday,Weekend
T20230002258,2023-01-29,07:53:00,4,Collision with a fixed object,7,Sunday,173,RIGHT OFF CARRIAGEWAY INTO OBJECT/PARKED VEHICLE,1,775857,Not at intersection,2,100,Arterial Other,MAIN NEERIM,BAW BAW,-38.072243,145.9058,2023,1,January,7,Morning Peak,Weekend
T20230002228,2023-01-29,03:50:00,1,Collision with vehicle,7,Sunday,173,RIGHT OFF CARRIAGEWAY INTO OBJECT/PARKED VEHICLE,3,756174,T intersection,3,60,Local Road,GOLDSWORTHY,GEELONG,-38.076717,144.34409,2023,1,January,3,Late Night,Weekend
T20230002286,2023-01-29,22:03:00,1,Collision with vehicle,7,Sunday,120,HEAD ON (NOT OVERTAKING),3,778152,Not at intersection,3,60,Local Road,AITKEN,HUME,-37.607296,144.9116,2023,1,January,22,Night,Weekend
T20230002229,2023-01-29,05:05:00,1,Collision with vehicle,7,Sunday,110,CROSS TRAFFIC(INTERSECTIONS ONLY),2,778136,Cross intersection,3,40,Local Road,ELIZABETH,MELBOURNE,-37.816097,144.96402,2023,1,January,5,Morning Peak,Weekend
T20230002332,2023-01-30,11:00:00,1,Collision with vehicle,1,Monday,120,HEAD ON (NOT OVERTAKING),1,756176,Not at intersection,1,100,Arterial Highway,GLENELG,SOUTHERN GRAMPIANS,-37.578518,141.57367,2023,1,January,11,Midday,Weekday
T20230002292,2023-01-30,05:37:00,4,Collision with a fixed object,1,Monday,173,RIGHT OFF CARRIAGEWAY INTO OBJECT/PARKED VEHICLE,2,782520,Not at intersection,2,80,Arterial Highway,NEPEAN,KINGSTON,-37.949596,145.04634,2023,1,January,5,Morning Peak,Weekday
T20230002294,2023-01-30,09:00:00,1,Collision with vehicle,1,Monday,113,RIGHT NEAR (INTERSECTIONS ONLY),1,751383,T intersection,3,80,Arterial Highway,FENTON,MONASH,-37.904594,145.11145,2023,1,January,9,Morning Peak,Weekday
T20230002299,2023-01-30,08:44:00,1,Collision with vehicle,1,Monday,137,LEFT TURN SIDESWIPE,1,41576,T intersection,2,60,Arterial Highway,WARRIGAL,STONNINGTON,-37.8766,145.09138,2023,1,January,8,Morning Peak,Weekday
T20230002319,2023-01-30,13:32:00,1,Collision with vehicle,1,Monday,130,REAR END(VEHICLES IN SAME LANE),1,751384,Not at intersection,3,40,Local Road,MYER,EAST GIPPSLAND,-37.878918,147.99371,2023,1,January,13,Midday,Weekday
T20230002720,2023-01-30,15:00:00,1,Collision with vehicle,1,Monday,113,RIGHT NEAR (INTERSECTIONS ONLY),1,752084,T intersection,3,50,Arterial Highway,CHELTENHAM,DANDENONG,-37.99075,145.20667,2023,1,January,15,Afternoon Peak,Weekday
T20230002304,2023-01-30,12:00:00,8,No collision and no object struck,1,Monday,174,OUT OF CONTROL ON CARRIAGEWAY (ON STRAIGHT),1,741387,Not at intersection,2,80,Local Road,PAULS,YARRA RANGES,-37.61308,145.4504,2023,1,January,12,Midday,Weekday
T20230002301,2023-01-30,11:00:00,1,Collision with vehicle,1,Monday,120,HEAD ON (NOT OVERTAKING),1,42454,Cross intersection,2,60,Arterial Other,WESTALL,DANDENONG,-37.94324,145.13992,2023,1,January,11,Midday,Weekday
T20230002350,2023-01-30,16:00:00,2,Struck Pedestrian,1,Monday,109,ANY MANOEUVRE INVOLVING PED NOT INCLUDED IN DCAs 100-108.,1,770123,Not at intersection,2,50,Local Road,LEAMINGTON,DAREBIN,-37.712532,145.00241,2023,1,January,16,Afternoon Peak,Weekday
T20230002314,2023-01-30,11:00:00,1,Collision with vehicle,1,Monday,160,VEHICLE COLLIDES WITH VEHICLE PARKED ON LEFT OF ROAD,1,752072,T intersection,3,50,Local Road,GRAVLIER,WHITTLESEA,-37.632576,145.06279,2023,1,January,11,Midday,Weekday
T20230002346,2023-01-30,17:55:00,1,Collision with vehicle,1,Monday,121,RIGHT THROUGH,1,39675,T intersection,3,60,Local Road,BEDFORD,MAROONDAH,-37.81858,145.24281,2023,1,January,17,Afternoon Peak,Weekday
T20230003089,2023-01-30,08:25:00,2,Struck Pedestrian,1,Monday,102,FAR SIDE. PED HIT BY VEHICLE FROM THE LEFT,1,770925,Not at intersection,3,40,Local Road,VALLEY,BOROONDARA,-37.85159,145.06268,2023,1,January,8,Morning Peak,Weekday
T20230002338,2023-01-30,18:00:00,1,Collision with vehicle,1,Monday,116,LEFT NEAR (INTERSECTIONS ONLY),1,1172,Cross intersection,2,80,Arterial Other,PRINCES,CARDINIA,-38.068752,145.47125,2023,1,January,18,Afternoon Peak,Weekday
T20230002337,2023-01-30,15:06:00,2,Struck Pedestrian,1,Monday,106,VEH STRIKES PED ON FOOTPATH/MEDIAN/TRAFFIC ISLAND.,1,783589,Not at intersection,3,50,Local Road,TYNTYNDER,FRANKSTON,-38.11146,145.18672,2023,1,January,15,Afternoon Peak,Weekday
T20230002307,2023-01-30,08:10:00,1,Collision with vehicle,1,Monday,110,CROSS TRAFFIC(INTERSECTIONS ONLY),1,51751,Cross intersection,1,100,Arterial Other,BENDIGO-MARYBOROUGH,LODDON,-36.836887,143.92932,2023,1,January,8,Morning Peak,Weekday
T20230002336,2023-01-30,14:40:00,1,Collision with vehicle,1,Monday,116,LEFT NEAR (INTERSECTIONS ONLY),1,751157,T intersection,3,80,Arterial Highway,SOUTH GIPPSLAND,CASEY,-38.069202,145.2681,2023,1,January,14,Midday,Weekday
T20230002339,2023-01-30,17:25:00,1,Collision with vehicle,1,Monday,110,CROSS TRAFFIC(INTERSECTIONS ONLY),1,751848,Cross intersection,3,50,Local Road,MORTON,BALLARAT,-37.579544,143.85384,2023,1,January,17,Afternoon Peak,Weekday
T20230003014,2023-01-30,08:45:00,1,Collision with vehicle,1,Monday,113,RIGHT NEAR (INTERSECTIONS ONLY),1,63833,T intersection,3,60,Local Road,OLD GIPPSLAND,YARRA RANGES,-37.764687,145.3807,2023,1,January,8,Morning Peak,Weekday
T20230002334,2023-01-30,16:50:00,1,Collision with vehicle,1,Monday,121,RIGHT THROUGH,1,356679,T intersection,2,50,Local Road,YUILLE,FRANKSTON,-38.158596,145.12263,2023,1,January,16,Afternoon Peak,Weekday
T20230002320,2023-01-30,14:10:00,1,Collision with vehicle,1,Monday,130,REAR END(VEHICLES IN SAME LANE),1,751723,Not at intersection,2,100,Freeway,WESTERN RING,BRIMBANK,-37.755135,144.82614,2023,1,January,14,Midday,Weekday
T20230002363,2023-01-30,23:00:00,1,Collision with vehicle,1,Monday,110,CROSS TRAFFIC(INTERSECTIONS ONLY),3,773628,Cross intersection,2,60,Arterial Highway,BENALLA ROAD -MIDLAND,SHEPPARTON,-36.388348,145.43188,2023,1,January,23,Night,Weekday
T20230002321,2023-01-30,13:00:00,2,Struck Pedestrian,1,Monday,100,PED NEAR SIDE. PED HIT BY VEHICLE FROM THE RIGHT.,1,35684,Cross intersection,2,40,Local Road,FIREBRACE,HORSHAM,-36.714287,142.1997,2023,1,January,13,Midday,Weekday
T20230002331,2023-01-30,15:00:00,1,Collision with vehicle,1,Monday,122,LEFT THROUGH,1,778153,T intersection,3,50,Local Road,GREENWOOD,FRANKSTON,-38.111362,145.1832,2023,1,January,15,Afternoon Peak,Weekday
T20230002328,2023-01-30,13:30:00,6,Vehicle overturned (no collision),1,Monday,180,OFF CARRIAGEWAY ON RIGHT BEND,1,754768,Not at intersection,2,80,Arterial Other,MANSFIELD-WHITFIELD,WANGARATTA,-36.764603,146.36087,2023,1,January,13,Midday,Weekday
T20230002326,2023-01-30,13:40:00,1,Collision with vehicle,1,Monday,130,REAR END(VEHICLES IN SAME LANE),1,594814,Cross intersection,3,80,Arterial Other,WHITTLESEA-YEA,MURRINDINDI,-37.47608,145.23657,2023,1,January,13,Midday,Weekday
T20230002741,2023-01-30,18:30:00,8,No collision and no object struck,1,Monday,174,OUT OF CONTROL ON CARRIAGEWAY (ON STRAIGHT),1,752085,Cross intersection,2,50,Local Road,SIMPSON,MOORABOOL,-37.678257,144.44159,2023,1,January,18,Afternoon Peak,Weekday
T20230004118,2023-01-30,16:35:00,1,Collision with vehicle,1,Monday,130,REAR END(VEHICLES IN SAME LANE),1,44349,Cross intersection,3,60,Local Road,SHAWS,WYNDHAM,-37.890038,144.66199,2023,1,January,16,Afternoon Peak,Weekday
T20230002358,2023-01-30,20:50:00,2,Struck Pedestrian,1,Monday,100,PED NEAR SIDE. PED HIT BY VEHICLE FROM THE RIGHT.,3,751611,Not at intersection,2,50,Local Road,THE BOULEVARD,WHITTLESEA,-37.67633,145.03186,2023,1,January,20,Night,Weekday
T20230002355,2023-01-30,18:15:00,1,Collision with vehicle,1,Monday,116,LEFT NEAR (INTERSECTIONS ONLY),1,29587,T intersection,3,60,Arterial Other,BEACONSFIELD,PORT PHILLIP,-37.860317,144.97195,2023,1,January,18,Afternoon Peak,Weekday
T20230002324,2023-01-30,12:31:00,1,Collision with vehicle,1,Monday,140,U TURN,1,753265,Not at intersection,3,50,Local Road,FIREBRACE,HORSHAM,-36.7158,142.19972,2023,1,January,12,Midday,Weekday
T20230005343,2023-01-30,11:30:00,1,Collision with vehicle,1,Monday,110,CROSS TRAFFIC(INTERSECTIONS ONLY),1,44593,Cross intersection,3,60,Arterial Other,LA TROBE,BALLARAT,-37.572754,143.83662,2023,1,January,11,Midday,Weekday
T20230002351,2023-01-30,19:00:00,4,Collision with a fixed object,1,Monday,171,LEFT OFF CARRIAGEWAY INTO OBJECT/PARKED VEHICLE,1,751385,Cross intersection,3,60,Local Road,WHIRRAKEE,BENDIGO,-36.663067,144.35077,2023,1,January,19,Night,Weekday
T20230002449,2023-01-30,08:45:00,4,Collision with a fixed object,1,Monday,173,RIGHT OFF CARRIAGEWAY INTO OBJECT/PARKED VEHICLE,1,63425,T intersection,3,70,Local Road,BRYSONS,MANNINGHAM,-37.752598,145.2614,2023,1,January,8,Morning Peak,Weekday
T20230003331,2023-01-30,16:50:00,1,Collision with vehicle,1,Monday,110,CROSS TRAFFIC(INTERSECTIONS ONLY),1,295048,Cross intersection,3,60,Arterial Highway,FORGE CREEK ROAD -MAIN,EAST GIPPSLAND,-37.831295,147.61113,2023,1,January,16,Afternoon Peak,Weekday
T20230002535,2023-01-30,16:00:00,1,Collision with vehicle,1,Monday,130,REAR END(VEHICLES IN SAME LANE),1,751718,Not at intersection,3,100,Freeway,SOUTH GIPPSLAND,DANDENONG,-38.01645,145.24913,2023,1,January,16,Afternoon Peak,Weekday
T20230002718,2023-01-31,08:00:00,1,Collision with vehicle,2,Tuesday,110,CROSS TRAFFIC(INTERSECTIONS ONLY),1,50746,Cross intersection,3,100,Arterial Highway,GLENELG,GOLDEN PLAINS,-37.668617,143.48378,2023,1,January,8,Morning Peak,Weekday
T20230002714,2023-01-31,18:55:00,1,Collision with vehicle,2,Tuesday,130,REAR END(VEHICLES IN SAME LANE),1,778155,Not at intersection,3,60,Freeway,WEST GATE,HOBSONS BAY,-37.82746,144.89452,2023,1,January,18,Afternoon Peak,Weekday
T20230002389,2023-01-31,10:06:00,1,Collision with vehicle,2,Tuesday,130,REAR END(VEHICLES IN SAME LANE),1,35641,Cross intersection,3,80,Arterial Other,CRANBOURNE-FRANKSTON,FRANKSTON,-38.15072,145.19511,2023,1,January,10,Midday,Weekday
T20230002393,2023-01-31,07:50:00,1,Collision with vehicle,2,Tuesday,121,RIGHT THROUGH,1,751389,T intersection,3,80,Arterial Other,CANTERBURY,YARRA RANGES,-37.818733,145.31445,2023,1,January,7,Morning Peak,Weekday
T20230002394,2023-01-31,10:30:00,1,Collision with vehicle,2,Tuesday,130,REAR END(VEHICLES IN SAME LANE),1,757894,Not at intersection,3,80,Arterial Highway,NEPEAN,KINGSTON,-37.93849,145.03856,2023,1,January,10,Midday,Weekday
T20230002397,2023-01-31,10:30:00,4,Collision with a fixed object,2,Tuesday,171,LEFT OFF CARRIAGEWAY INTO OBJECT/PARKED VEHICLE,1,782519,Not at intersection,2,100,Arterial Highway,HUME,MITCHELL,-37.498917,144.9558,2023,1,January,10,Midday,Weekday
T20230002398,2023-01-31,10:53:00,8,No collision and no object struck,2,Tuesday,174,OUT OF CONTROL ON CARRIAGEWAY (ON STRAIGHT),1,751708,Cross intersection,3,60,Arterial Other,BLACKBURN ROAD SERVICE,MONASH,-37.900913,145.14272,2023,1,January,10,Midday,Weekday
T20230002401,2023-01-31,08:35:00,1,Collision with vehicle,2,Tuesday,130,REAR END(VEHICLES IN SAME LANE),1,69231,T intersection,3,70,Arterial Other,EAST BOUNDARY,GLEN EIRA,-37.90959,145.06113,2023,1,January,8,Morning Peak,Weekday
T20230002404,2023-01-31,06:15:00,1,Collision with vehicle,2,Tuesday,130,REAR END(VEHICLES IN SAME LANE),1,753575,Not at intersection,3,100,Freeway,PRINCES,HOBSONS BAY,-37.867836,144.77063,2023,1,January,6,Morning Peak,Weekday
T20230002405,2023-01-31,10:50:00,1,Collision with vehicle,2,Tuesday,116,LEFT NEAR (INTERSECTIONS ONLY),1,777366,T intersection,2,80,Local Road,JESICA,HUME,-37.658314,144.95354,2023,1,January,10,Midday,Weekday
T20230002902,2023-01-31,15:59:00,1,Collision with vehicle,2,Tuesday,121,RIGHT THROUGH,1,126,T intersection,2,50,Arterial Highway,FRANKSTON-DANDENONG,FRANKSTON,-38.11836,145.14908,2023,1,January,15,Afternoon Peak,Weekday
T20230002410,2023-01-31,13:00:00,1,Collision with vehicle,2,Tuesday,169,OTHER ON PATH,1,753486,Not at intersection,2,50,Local Road,REDBOURNE,MORNINGTON PENINSULA,-38.192905,145.08792,2023,1,January,13,Midday,Weekday
T20230002422,2023-01-31,12:00:00,1,Collision with vehicle,2,Tuesday,135,LANE CHANGE LEFT (NOT OVERTAKING),9,754652,Not at intersection,3,100,Freeway,PRINCES,HOBSONS BAY,-37.845005,144.78397,2023,1,January,12,Midday,Weekday
T20230002425,2023-01-31,13:50:00,1,Collision with vehicle,2,Tuesday,129,OTHER OPPOSING MANOEUVRES NOT INCLUDED IN DCAs 120-125.,1,46274,T intersection,3,60,Arterial Highway,BEACH,FRANKSTON,-38.144146,145.13681,2023,1,January,13,Midday,Weekday
T20230002427,2023-01-31,16:25:00,1,Collision with vehicle,2,Tuesday,110,CROSS TRAFFIC(INTERSECTIONS ONLY),1,35449,Cross intersection,2,40,Arterial Highway,FOOTSCRAY,MELBOURNE,-37.807697,144.91617,2023,1,January,16,Afternoon Peak,Weekday
T20230002428,2023-01-31,14:05:00,1,Collision with vehicle,2,Tuesday,121,RIGHT THROUGH,1,751719,Not at intersection,3,60,Local Road,LEATHER,GEELONG,-38.18583,144.3703,2023,1,January,14,Midday,Weekday
T20230002429,2023-01-31,13:24:00,6,Vehicle overturned (no collision),2,Tuesday,170,OFF CARRIAGEWAY TO LEFT,1,775511,Not at intersection,3,100,Local Road,WOORINEN,SWAN HILL,-35.296204,143.46504,2023,1,January,13,Midday,Weekday
T20230002431,2023-01-31,17:20:00,2,Struck Pedestrian,2,Tuesday,102,FAR SIDE. PED HIT BY VEHICLE FROM THE LEFT,1,778138,Not at intersection,3,40,Local Road,PIERSON,MAROONDAH,-37.795643,145.28073,2023,1,January,17,Afternoon Peak,Weekday
T20230002437,2023-01-31,16:40:00,4,Collision with a fixed object,2,Tuesday,173,RIGHT OFF CARRIAGEWAY INTO OBJECT/PARKED VEHICLE,1,769265,T intersection,3,60,Arterial Other,HEATHERTON,DANDENONG,-37.96695,145.1896,2023,1,January,16,Afternoon Peak,Weekday
T20230002438,2023-01-31,16:45:00,1,Collision with vehicle,2,Tuesday,130,REAR END(VEHICLES IN SAME LANE),1,778457,Not at intersection,3,80,Arterial Highway,NEPEAN,KINGSTON,-37.979347,145.06882,2023,1,January,16,Afternoon Peak,Weekday
T20230002439,2023-01-31,15:55:00,1,Collision with vehicle,2,Tuesday,120,HEAD ON (NOT OVERTAKING),1,771825,Not at intersection,2,100,Arterial Other,INVERLOCH-VENUS BAY,SOUTH GIPPSLAND,-38.651917,145.85432,2023,1,January,15,Afternoon Peak,Weekday
T20230002441,2023-01-31,15:16:00,1,Collision with vehicle,2,Tuesday,152,PULLING OUT (OVERTAKING),1,751582,Not at intersection,2,60,Freeway,WESTERN IN-ROBINSONS,MELTON,-37.79439,144.7526,2023,1,January,15,Afternoon Peak,Weekday
T20230002442,2023-01-31,18:17:00,1,Collision with vehicle,2,Tuesday,132,RIGHT REAR.,1,49305,Cross intersection,2,100,Arterial Other,HAWDON,CAMPASPE,-36.211296,145.10362,2023,1,January,18,Afternoon Peak,Weekday
T20230002443,2023-01-31,18:51:00,1,Collision with vehicle,2,Tuesday,148,VEHICLE OFF FOOTPATH STRIKES VEH ON CARRIAGEWAY,1,52861,Cross intersection,3,50,Arterial Other,MAIR,BALLARAT,-37.559807,143.85815,2023,1,January,18,Afternoon Peak,Weekday
T20230002447,2023-01-31,19:08:00,1,Collision with vehicle,2,Tuesday,110,CROSS TRAFFIC(INTERSECTIONS ONLY),2,52926,Cross intersection,3,50,Arterial Other,GRANT,BALLARAT,-37.56855,143.86061,2023,1,January,19,Night,Weekday
T20230002450,2023-01-31,19:20:00,1,Collision with vehicle,2,Tuesday,124,RIGHT/RIGHT BOTH VEHs FROM OPPOSITE DIRECTIONS TURNING RIGHT,1,36815,Cross intersection,3,60,Arterial Other,SPENCER,MELBOURNE,-37.809277,144.94939,2023,1,January,19,Night,Weekday
T20230002451,2023-01-31,17:00:00,1,Collision with vehicle,2,Tuesday,148,VEHICLE OFF FOOTPATH STRIKES VEH ON CARRIAGEWAY,1,752605,Not at intersection,3,80,Arterial Highway,PHILLIP ISLAND,BASS COAST,-38.515316,145.31178,2023,1,January,17,Afternoon Peak,Weekday
T20230002452,2023-01-31,17:45:00,1,Collision with vehicle,2,Tuesday,113,RIGHT NEAR (INTERSECTIONS ONLY),1,228615,T intersection,2,50,Local Road,GEORGE,WHITEHORSE,-37.852486,145.19058,2023,1,January,17,Afternoon Peak,Weekday
T20230002528,2023-01-31,05:40:00,3,Struck animal,2,Tuesday,167,STRUCK ANIMAL,2,751720,Not at intersection,3,100,Arterial Highway,MCIVOR,BENDIGO,-36.771763,144.40874,2023,1,January,5,Morning Peak,Weekday
T20230002453,2023-01-31,13:37:00,2,Struck Pedestrian,2,Tuesday,100,PED NEAR SIDE. PED HIT BY VEHICLE FROM THE RIGHT.,1,778382,Not at intersection,2,40,Local Road,LITTLE BRIDGE,BALLARAT,-37.5631,143.86176,2023,1,January,13,Midday,Weekday
T20230002517,2023-01-31,22:51:00,1,Collision with vehicle,2,Tuesday,121,RIGHT THROUGH,3,354743,Cross intersection,2,60,Arterial Highway,FERNTREE GULLY,MONASH,-37.90345,145.16142,2023,1,January,22,Night,Weekday
T20230002514,2023-01-31,08:30:00,8,No collision and no object struck,2,Tuesday,179,OTHER ACCIDENTS-OFF STRAIGHT NOT INCLUDED IN DCAs 170-175,1,752485,T intersection,3,50,Local Road,THE ELMS,MITCHELL,-37.31151,144.95801,2023,1,January,8,Morning Peak,Weekday
T20230002454,2023-01-31,19:15:00,1,Collision with vehicle,2,Tuesday,116,LEFT NEAR (INTERSECTIONS ONLY),1,754431,Cross intersection,2,60,Arterial Highway,FRANKSTON-DANDENONG,DANDENONG,-37.999832,145.21825,2023,1,January,19,Night,Weekday
T20230002455,2023-01-31,19:00:00,1,Collision with vehicle,2,Tuesday,160,VEHICLE COLLIDES WITH VEHICLE PARKED ON LEFT OF ROAD,2,768757,Not at intersection,3,50,Local Road,BANKSIA,BANYULE,-37.75622,145.03604,2023,1,January,19,Night,Weekday
T20230002464,2023-01-31,16:48:00,1,Collision with vehicle,2,Tuesday,115,RIGHT/LEFT FAR (INTERSECTIONS ONLY),1,760015,T intersection,2,50,Local Road,WILLUM,DANDENONG,-37.998463,145.20001,2023,1,January,16,Afternoon Peak,Weekday