ACCIDENT_NO,ACCIDENT_DATE,ACCIDENT_TIME,ACCIDENT_TYPE,ACCIDENT_TYPE_DESC,DAY_OF_WEEK,DAY_WEEK_DESC,DCA_CODE,DCA_DESC,LIGHT_CONDITION,NODE_ID,ROAD_GEOMETRY_DESC,SEVERITY,SPEED_ZONE,RMA,ROAD_NAME,LGA_NAME,LATITUDE,LONGITUDE,YEAR,MONTH,MONTH_NAME,HOUR,TIME_PERIOD,DAY_TYPE
T20230002465,2023-01-31,15:49:00,1,Collision with vehicle,2,Tuesday,132,RIGHT REAR.,1,762712,T intersection,1,100,Arterial Other,TRARALGON-MAFFRA,LATROBE,-38.14902,146.55487,2023,1,January,15,Afternoon Peak,Weekday
T20230002466,2023-01-31,05:36:00,1,Collision with vehicle,2,Tuesday,169,OTHER ON PATH,3,763948,Not at intersection,3,50,Local Road,FLORENCE,MONASH,-37.881683,145.159,2023,1,January,5,Morning Peak,Weekday
T20230002469,2023-01-31,19:25:00,1,Collision with vehicle,2,Tuesday,111,RIGHT FAR (INTERSECTIONS ONLY),1,240715,T intersection,3,80,Arterial Other,PRINCES,CARDINIA,-38.071285,145.4778,2023,1,January,19,Night,Weekday
T20230002470,2023-01-31,22:22:00,1,Collision with vehicle,2,Tuesday,121,RIGHT THROUGH,3,770921,Cross intersection,3,60,Local Road,SAYERS,WYNDHAM,-37.848434,144.68802,2023,1,January,22,Night,Weekday
T20230002472,2023-01-31,21:49:00,4,Collision with a fixed object,2,Tuesday,173,RIGHT OFF CARRIAGEWAY INTO OBJECT/PARKED VEHICLE,3,765292,Not at intersection,3,60,Arterial Other,MELROSE,WODONGA,-36.122257,146.86716,2023,1,January,21,Night,Weekday
T20230002646,2023-01-31,18:10:00,1,Collision with vehicle,2,Tuesday,111,RIGHT FAR (INTERSECTIONS ONLY),1,37242,Cross intersection,3,40,Arterial Other,SWAN,YARRA,-37.82603,145.00107,2023,1,January,18,Afternoon Peak,Weekday
T20230002754,2023-01-31,17:40:00,1,Collision with vehicle,2,Tuesday,116,LEFT NEAR (INTERSECTIONS ONLY),1,386,T intersection,2,60,Arterial Other,HIGH,WHITTLESEA,-37.68504,145.01303,2023,1,January,17,Afternoon Peak,Weekday
T20230003337,2023-01-31,14:30:00,1,Collision with vehicle,2,Tuesday,132,RIGHT REAR.,1,762715,Not at intersection,3,60,Local Road,ROONEYS,WARRNAMBOOL,-38.367676,142.45409,2023,1,January,14,Midday,Weekday
T20230002629,2023-01-31,17:30:00,1,Collision with vehicle,2,Tuesday,130,REAR END(VEHICLES IN SAME LANE),1,752078,Not at intersection,3,80,Freeway,MONASH,MONASH,-37.888622,145.11372,2023,1,January,17,Afternoon Peak,Weekday
T20230002457,2023-01-31,19:35:00,1,Collision with vehicle,2,Tuesday,134,LANE CHANGE RIGHT (NOT OVERTAKING),2,351927,Cross intersection,2,70,Arterial Highway,EAST BOUNDARY,GLEN EIRA,-37.906624,145.06177,2023,1,January,19,Night,Weekday
T20230003406,2023-01-31,14:47:00,1,Collision with vehicle,2,Tuesday,137,LEFT TURN SIDESWIPE,1,43914,Cross intersection,3,50,Arterial Other,SPRING,DAREBIN,-37.73032,145.00055,2023,1,January,14,Midday,Weekday
T20230005582,2023-01-31,08:00:00,1,Collision with vehicle,2,Tuesday,110,CROSS TRAFFIC(INTERSECTIONS ONLY),2,44166,Cross intersection,3,80,Arterial Other,BONEO,MORNINGTON PENINSULA,-38.3981,144.8882,2023,1,January,8,Morning Peak,Weekday
T20230004922,2023-01-31,15:50:00,1,Collision with vehicle,2,Tuesday,116,LEFT NEAR (INTERSECTIONS ONLY),1,778158,T intersection,3,80,Local Road,REDWOOD,KINGSTON,-37.987106,145.11487,2023,1,January,15,Afternoon Peak,Weekday
T20230002369,2023-01-31,04:18:00,8,No collision and no object struck,2,Tuesday,174,OUT OF CONTROL ON CARRIAGEWAY (ON STRAIGHT),3,751612,Not at intersection,3,50,Local Road,WOODHOUSE,MANNINGHAM,-37.78614,145.17162,2023,1,January,4,Late Night,Weekday
T20230002375,2023-01-31,07:55:00,1,Collision with vehicle,2,Tuesday,130,REAR END(VEHICLES IN SAME LANE),1,30938,T intersection,3,60,Arterial Other,DONCASTER,BOROONDARA,-37.792877,145.06784,2023,1,January,7,Morning Peak,Weekday
T20230002377,2023-01-31,08:37:00,1,Collision with vehicle,2,Tuesday,132,RIGHT REAR.,1,51675,T intersection,3,100,Arterial Highway,CALDER ALTERNATIVE,BENDIGO,-36.769848,144.13486,2023,1,January,8,Morning Peak,Weekday
T20230002381,2023-01-31,10:20:00,2,Struck Pedestrian,2,Tuesday,101,PED EMERGES FROM IN FRONT OF PARKED OR STATIONARY VEHICLE,1,751386,Not at intersection,2,40,Arterial Other,CHAPEL,STONNINGTON,-37.83715,144.9961,2023,1,January,10,Midday,Weekday
T20230002383,2023-01-31,08:34:00,6,Vehicle overturned (no collision),2,Tuesday,174,OUT OF CONTROL ON CARRIAGEWAY (ON STRAIGHT),1,751387,T intersection,3,40,Arterial Other,VICTORIA,YARRA,-37.811035,145.00537,2023,1,January,8,Morning Peak,Weekday
T20230002385,2023-01-31,08:10:00,4,Collision with a fixed object,2,Tuesday,183,OFF LEFT BEND INTO OBJECT/PARKED VEHICLE,1,754326,Not at intersection,1,60,Local Road,OVERTON LEA,BRIMBANK,-37.70704,144.76682,2023,1,January,8,Morning Peak,Weekday
T20230003248,2023-01-31,18:38:00,1,Collision with vehicle,2,Tuesday,110,CROSS TRAFFIC(INTERSECTIONS ONLY),1,60768,Cross intersection,3,60,Arterial Other,WATER,BALLARAT,-37.553482,143.90013,2023,1,January,18,Afternoon Peak,Weekday
T20230002725,2023-01-31,08:30:00,1,Collision with vehicle,2,Tuesday,130,REAR END(VEHICLES IN SAME LANE),1,752611,Not at intersection,3,40,Arterial Other,HEATHERTON,CASEY,-37.977654,145.2798,2023,1,January,8,Morning Peak,Weekday
T20230003436,2023-02-01,10:15:00,1,Collision with vehicle,3,Wednesday,110,CROSS TRAFFIC(INTERSECTIONS ONLY),9,52938,Multiple intersection,3,40,Arterial Other,BALLARAT-CARNGHAM ROAD -LA TROBE,BALLARAT,-37.569836,143.81046,2023,2,February,10,Midday,Weekday
T20230002499,2023-02-01,08:55:00,1,Collision with vehicle,3,Wednesday,111,RIGHT FAR (INTERSECTIONS ONLY),2,39919,Cross intersection,3,50,Local Road,CHAMBERS,HOBSONS BAY,-37.835304,144.84258,2023,2,February,8,Morning Peak,Weekday
T20230002500,2023-02-01,11:18:00,1,Collision with vehicle,3,Wednesday,160,VEHICLE COLLIDES WITH VEHICLE PARKED ON LEFT OF ROAD,1,751584,Not at intersection,3,70,Arterial Other,EAST BOUNDARY,GLEN EIRA,-37.922367,145.05898,2023,2,February,11,Midday,Weekday
T20230002516,2023-02-01,13:26:00,4,Collision with a fixed object,3,Wednesday,179,OTHER ACCIDENTS-OFF STRAIGHT NOT INCLUDED IN DCAs 170-175,1,782518,Not at intersection,2,50,Local Road,FOLLETT,KINGSTON,-37.97072,145.06879,2023,2,February,13,Midday,Weekday
T20230003450,2023-02-01,12:30:00,8,No collision and no object struck,3,Wednesday,174,OUT OF CONTROL ON CARRIAGEWAY (ON STRAIGHT),1,29550,Cross intersection,3,60,Arterial Other,RIVERSDALE,BOROONDARA,-37.829857,145.04366,2023,2,February,12,Midday,Weekday
T20230002504,2023-02-01,11:05:00,1,Collision with vehicle,3,Wednesday,113,RIGHT NEAR (INTERSECTIONS ONLY),1,751709,T intersection,2,80,Arterial Other,BACCHUS MARSH,GEELONG,-38.036846,144.35574,2023,2,February,11,Midday,Weekday
T20230002573,2023-02-01,22:51:00,4,Collision with a fixed object,3,Wednesday,171,LEFT OFF CARRIAGEWAY INTO OBJECT/PARKED VEHICLE,3,228138,T intersection,2,80,Arterial Other,PLENTY,WHITTLESEA,-37.64665,145.09282,2023,2,February,22,Night,Weekday
T20230002542,2023-02-01,16:50:00,1,Collision with vehicle,3,Wednesday,140,U TURN,1,754432,Cross intersection,3,100,Arterial Other,MONASH,LATROBE,-38.331493,146.35039,2023,2,February,16,Afternoon Peak,Weekday
T20230006740,2023-02-01,17:20:00,1,Collision with vehicle,3,Wednesday,121,RIGHT THROUGH,1,277716,T intersection,3,50,Local Road,INDUSTRIAL,KINGSTON,-38.00541,145.11096,2023,2,February,17,Afternoon Peak,Weekday
T20230004305,2023-02-01,08:18:00,1,Collision with vehicle,3,Wednesday,147,VEHICLE STRIKES ANOTHER VEH WHILE EMERGING FROM DRIVEWAY,1,756190,Not at intersection,3,60,Arterial Other,MAIN,NILLUMBIK,-37.70513,145.15282,2023,2,February,8,Morning Peak,Weekday
T20230005288,2023-02-01,21:55:00,1,Collision with vehicle,3,Wednesday,130,REAR END(VEHICLES IN SAME LANE),3,768498,T intersection,3,70,Arterial Other,DYNON,MELBOURNE,-37.801773,144.9172,2023,2,February,21,Night,Weekday
T20230002520,2023-02-01,12:00:00,1,Collision with vehicle,3,Wednesday,121,RIGHT THROUGH,1,43129,Cross intersection,3,50,Local Road,BOX,CASEY,-37.995087,145.23802,2023,2,February,12,Midday,Weekday
T20230003438,2023-02-01,07:50:00,1,Collision with vehicle,3,Wednesday,130,REAR END(VEHICLES IN SAME LANE),1,754445,Not at intersection,3,40,Arterial Other,BURKE,BOROONDARA,-37.82505,145.0579,2023,2,February,7,Morning Peak,Weekday
T20230002581,2023-02-01,14:00:00,4,Collision with a fixed object,3,Wednesday,173,RIGHT OFF CARRIAGEWAY INTO OBJECT/PARKED VEHICLE,1,798959,Not at intersection,3,60,Arterial Other,MCLEOD,KINGSTON,-38.07342,145.13081,2023,2,February,14,Midday,Weekday
T20230002583,2023-02-01,16:30:00,8,No collision and no object struck,3,Wednesday,174,OUT OF CONTROL ON CARRIAGEWAY (ON STRAIGHT),1,341778,Cross intersection,3,40,Local Road,BRUNSWICK,YARRA,-37.79989,144.9782,2023,2,February,16,Afternoon Peak,Weekday
T20230002546,2023-02-01,18:31:00,1,Collision with vehicle,3,Wednesday,160,VEHICLE COLLIDES WITH VEHICLE PARKED ON LEFT OF ROAD,1,754201,Not at intersection,3,50,Local Road,RIPPON,SOUTHERN GRAMPIANS,-37.744442,142.03938,2023,2,February,18,Afternoon Peak,Weekday
T20230002554,2023-02-01,17:25:00,1,Collision with vehicle,3,Wednesday,113,RIGHT NEAR (INTERSECTIONS ONLY),1,752604,T intersection,3,60,Arterial Other,POINT COOK,WYNDHAM,-37.90293,144.75307,2023,2,February,17,Afternoon Peak,Weekday
T20230004132,2023-02-01,05:40:00,1,Collision with vehicle,3,Wednesday,130,REAR END(VEHICLES IN SAME LANE),2,755955,Not at intersection,3,100,Freeway,MONASH,CASEY,-38.001396,145.2941,2023,2,February,5,Morning Peak,Weekday
T20230002525,2023-02-01,13:30:00,1,Collision with vehicle,3,Wednesday,110,CROSS TRAFFIC(INTERSECTIONS ONLY),1,234609,Cross intersection,2,80,Arterial Highway,WELLINGTON,MONASH,-37.91615,145.14015,2023,2,February,13,Midday,Weekday
T20230003345,2023-02-01,18:35:00,1,Collision with vehicle,3,Wednesday,134,LANE CHANGE RIGHT (NOT OVERTAKING),1,252874,T intersection,3,80,Arterial Highway,SHEPPARD,KNOX,-37.893456,145.23273,2023,2,February,18,Afternoon Peak,Weekday
T20230002527,2023-02-01,11:40:00,1,Collision with vehicle,3,Wednesday,113,RIGHT NEAR (INTERSECTIONS ONLY),1,756624,T intersection,3,40,Arterial Other,PALMERS,WYNDHAM,-37.821697,144.74937,2023,2,February,11,Midday,Weekday
T20230006267,2023-02-01,14:30:00,6,Vehicle overturned (no collision),3,Wednesday,170,OFF CARRIAGEWAY TO LEFT,1,761895,Not at intersection,3,80,Arterial Highway,MAROONDAH,YARRA RANGES,-37.677746,145.4902,2023,2,February,14,Midday,Weekday
T20230002550,2023-02-01,17:04:00,1,Collision with vehicle,3,Wednesday,130,REAR END(VEHICLES IN SAME LANE),1,751850,Not at intersection,3,100,Freeway,HUME,WHITTLESEA,-37.63481,144.9932,2023,2,February,17,Afternoon Peak,Weekday
T20230002478,2023-02-01,00:11:00,1,Collision with vehicle,3,Wednesday,171,LEFT OFF CARRIAGEWAY INTO OBJECT/PARKED VEHICLE,3,752179,T intersection,3,60,Arterial Other,WESTALL ROAD SERVICE,DANDENONG,-37.933254,145.14195,2023,2,February,0,Late Night,Weekday
T20230002476,2023-02-01,03:50:00,4,Collision with a fixed object,3,Wednesday,171,LEFT OFF CARRIAGEWAY INTO OBJECT/PARKED VEHICLE,3,783603,Not at intersection,3,60,Arterial Other,ASCOT VALE,MOONEE VALLEY,-37.77426,144.92363,2023,2,February,3,Late Night,Weekday
T20230003168,2023-02-01,10:45:00,1,Collision with vehicle,3,Wednesday,130,REAR END(VEHICLES IN SAME LANE),1,46519,T intersection,3,40,Arterial Other,MALVERN,STONNINGTON,-37.84698,144.995,2023,2,February,10,Midday,Weekday
T20230002582,2023-02-01,21:00:00,4,Collision with a fixed object,3,Wednesday,171,LEFT OFF CARRIAGEWAY INTO OBJECT/PARKED VEHICLE,5,783634,Not at intersection,3,100,Local Road,LECKIES,STRATHBOGIE,-36.659184,145.51355,2023,2,February,21,Night,Weekday
T20230002568,2023-02-01,21:25:00,1,Collision with vehicle,3,Wednesday,130,REAR END(VEHICLES IN SAME LANE),3,842,Cross intersection,3,80,Arterial Highway,SPRINGVALE,DANDENONG,-37.978523,145.14696,2023,2,February,21,Night,Weekday
T20230002529,2023-02-01,12:20:00,6,Vehicle overturned (no collision),3,Wednesday,174,OUT OF CONTROL ON CARRIAGEWAY (ON STRAIGHT),1,751716,Not at intersection,3,40,Arterial Other,VICTORIA,YARRA,-37.811085,145.00586,2023,2,February,12,Midday,Weekday
T20230003254,2023-02-01,05:59:00,1,Collision with vehicle,3,Wednesday,139,OTHER SAME DIRECTION-MANOUEVRES NOT INCLUDED IN DCAs 130-137,1,757888,Not at intersection,2,100,Freeway,PRINCES,CASEY,-38.050697,145.35632,2023,2,February,5,Morning Peak,Weekday
T20230003993,2023-02-01,09:00:00,1,Collision with vehicle,3,Wednesday,130,REAR END(VEHICLES IN SAME LANE),9,777752,Cross intersection,3,80,Arterial Other,PASCOE VALE,HUME,-37.663765,144.92216,2023,2,February,9,Morning Peak,Weekday
T20230002532,2023-02-01,15:08:00,1,Collision with vehicle,3,Wednesday,121,RIGHT THROUGH,1,751710,Not at intersection,2,80,Arterial Highway,DANDENONG VALLEY,KNOX,-37.900837,145.23392,2023,2,February,15,Afternoon Peak,Weekday
T20230002552,2023-02-01,14:45:00,1,Collision with vehicle,3,Wednesday,137,LEFT TURN SIDESWIPE,1,54068,T intersection,3,80,Arterial Highway,HARPUR,GEELONG,-38.079185,144.36465,2023,2,February,14,Midday,Weekday
T20230002536,2023-02-01,16:15:00,1,Collision with vehicle,3,Wednesday,120,HEAD ON (NOT OVERTAKING),1,751712,Not at intersection,2,80,Local Road,MANKS,CARDINIA,-38.17793,145.43913,2023,2,February,16,Afternoon Peak,Weekday
T20230002537,2023-02-01,16:50:00,1,Collision with vehicle,3,Wednesday,113,RIGHT NEAR (INTERSECTIONS ONLY),1,17685,Cross intersection,3,100,Arterial Highway,MAROONDAH,MANSFIELD,-37.020184,145.80185,2023,2,February,16,Afternoon Peak,Weekday
T20230002571,2023-02-01,21:13:00,1,Collision with vehicle,3,Wednesday,153,CUTTING IN (OVERTAKING),3,796987,Not at intersection,3,40,Arterial Other,PASCOE,MORELAND,-37.716396,144.93552,2023,2,February,21,Night,Weekday
T20230007332,2023-02-01,09:46:00,1,Collision with vehicle,3,Wednesday,139,OTHER SAME DIRECTION-MANOUEVRES NOT INCLUDED IN DCAs 130-137,1,777560,Not at intersection,3,100,Freeway,MONASH,MONASH,-37.913403,145.16624,2023,2,February,9,Morning Peak,Weekday
T20230002538,2023-02-01,16:22:00,4,Collision with a fixed object,3,Wednesday,171,LEFT OFF CARRIAGEWAY INTO OBJECT/PARKED VEHICLE,1,752805,Not at intersection,2,50,Local Road,FAIRCHILD,KINGSTON,-37.94471,145.08003,2023,2,February,16,Afternoon Peak,Weekday
T20230019606,2023-02-01,14:13:00,4,Collision with a fixed object,3,Wednesday,164,PERMANENT OBSTRUCTION ON CARRIAGEWAY,1,779533,Not at intersection,3,60,Arterial Other,SAYERS,WYNDHAM,-37.851173,144.71332,2023,2,February,14,Midday,Weekday
T20230002565,2023-02-01,16:37:00,1,Collision with vehicle,3,Wednesday,120,HEAD ON (NOT OVERTAKING),1,755941,Not at intersection,2,40,Local Road,LAKESIDE,PORT PHILLIP,-37.838787,144.97037,2023,2,February,16,Afternoon Peak,Weekday
T20230002559,2023-02-01,14:45:00,1,Collision with vehicle,3,Wednesday,148,VEHICLE OFF FOOTPATH STRIKES VEH ON CARRIAGEWAY,1,752602,Not at intersection,3,60,Arterial Other,SCORESBY,KNOX,-37.869183,145.26141,2023,2,February,14,Midday,Weekday
T20230002511,2023-02-01,11:57:00,1,Collision with vehicle,3,Wednesday,130,REAR END(VEHICLES IN SAME LANE),1,752075,Not at intersection,3,70,Arterial Other,SOMERTON,HUME,-37.643215,144.95091,2023,2,February,11,Midday,Weekday
T20230002563,2023-02-01,19:30:00,1,Collision with vehicle,3,Wednesday,130,REAR END(VEHICLES IN SAME LANE),2,752282,T intersection,3,60,Arterial Other,CANTERBURY,BOROONDARA,-37.821945,145.06303,2023,2,February,19,Night,Weekday
T20230002510,2023-02-01,12:10:00,1,Collision with vehicle,3,Wednesday,130,REAR END(VEHICLES IN SAME LANE),1,757528,Not at intersection,2,80,Arterial Other,WELLINGTON,KNOX,-37.92669,145.2434,2023,2,February,12,Midday,Weekday
T20230002513,2023-02-01,08:58:00,1,Collision with vehicle,3,Wednesday,121,RIGHT THROUGH,1,40906,Cross intersection,2,80,Arterial Other,BORONIA,KNOX,-37.8515,145.23988,2023,2,February,8,Morning Peak,Weekday
T20230002540,2023-02-01,18:20:00,4,Collision with a fixed object,3,Wednesday,171,LEFT OFF CARRIAGEWAY INTO OBJECT/PARKED VEHICLE,1,752601,Not at intersection,3,80,Local Road,KILLARA,YARRA RANGES,-37.72329,145.4045,2023,2,February,18,Afternoon Peak,Weekday
T20230002497,2023-02-01,09:04:00,1,Collision with vehicle,3,Wednesday,121,RIGHT THROUGH,1,289646,T intersection,2,60,Arterial Other,MARINE PARADE -ORMOND,PORT PHILLIP,-37.88192,144.97789,2023,2,February,9,Morning Peak,Weekday
T20230002495,2023-02-01,08:04:00,2,Struck Pedestrian,3,Wednesday,101,PED EMERGES FROM IN FRONT OF PARKED OR STATIONARY VEHICLE,1,752380,Not at intersection,1,60,Arterial Other,MT ALEXANDER,MOONEE VALLEY,-37.783203,144.93523,2023,2,February,8,Morning Peak,Weekday
T20230002490,2023-02-01,08:00:00,1,Collision with vehicle,3,Wednesday,121,RIGHT THROUGH,1,34899,T intersection,2,70,Arterial Other,COOPER,WHITTLESEA,-37.64901,144.99915,2023,2,February,8,Morning Peak,Weekday
T20230002489,2023-02-01,08:00:00,1,Collision with vehicle,3,Wednesday,140,U TURN,1,753164,Not at intersection,3,40,Arterial Highway,ALBERT,BALLARAT,-37.615112,143.83676,2023,2,February,8,Morning Peak,Weekday
T20230002487,2023-02-01,08:25:00,2,Struck Pedestrian,3,Wednesday,102,FAR SIDE. PED HIT BY VEHICLE FROM THE LEFT,1,59730,Cross intersection,2,60,Local Road,MUNDY,BENDIGO,-36.763695,144.29233,2023,2,February,8,Morning Peak,Weekday
T20230002485,2023-02-01,08:10:00,1,Collision with vehicle,3,Wednesday,132,RIGHT REAR.,1,259402,T intersection,2,50,Local Road,GERALD,GLEN EIRA,-37.897617,145.06912,2023,2,February,8,Morning Peak,Weekday
T20230002736,2023-02-02,16:00:00,2,Struck Pedestrian,4,Thursday,100,PED NEAR SIDE. PED HIT BY VEHICLE FROM THE RIGHT.,1,752537,T intersection,3,50,Arterial Other,CRANBOURNE-FRANKSTON,CASEY,-38.114803,145.25143,2023,2,February,16,Afternoon Peak,Weekday
T20230002654,2023-02-02,16:00:00,1,Collision with vehicle,4,Thursday,110,CROSS TRAFFIC(INTERSECTIONS ONLY),1,752728,Cross intersection,3,60,Arterial Other,SWANSEA ROAD -YORK,YARRA RANGES,-37.79685,145.35968,2023,2,February,16,Afternoon Peak,Weekday
T20230002986,2023-02-02,17:30:00,1,Collision with vehicle,4,Thursday,163,VEHICLE STRIKES DOOR OF PARKED/STATIONARY VEHICLE,1,752957,Not at intersection,2,40,Local Road,CARDIGAN,MELBOURNE,-37.797714,144.96596,2023,2,February,17,Afternoon Peak,Weekday
T20230002619,2023-02-02,04:45:00,4,Collision with a fixed object,4,Thursday,181,OFF RIGHT BEND INTO OBJECT/PARKED VEHICLE,3,763621,Not at intersection,1,80,Freeway,WESTERN RING OUT-KEILOR PARK,BRIMBANK,-37.73761,144.84978,2023,2,February,4,Late Night,Weekday
T20230002660,2023-02-02,14:00:00,1,Collision with vehicle,4,Thursday,169,OTHER ON PATH,1,752081,T intersection,3,50,Local Road,BURGUNDY,WYNDHAM,-37.88781,144.62836,2023,2,February,14,Midday,Weekday
T20230002667,2023-02-02,21:05:00,1,Collision with vehicle,4,Thursday,169,OTHER ON PATH,3,751855,Not at intersection,3,50,Local Road,REIGATE,GEELONG,-38.166016,144.31148,2023,2,February,21,Night,Weekday
T20230002670,2023-02-02,22:06:00,1,Collision with vehicle,4,Thursday,121,RIGHT THROUGH,3,19417,Cross intersection,3,60,Arterial Other,HOLMES,BENDIGO,-36.735703,144.26689,2023,2,February,22,Night,Weekday
T20230002673,2023-02-02,22:45:00,1,Collision with vehicle,4,Thursday,139,OTHER SAME DIRECTION-MANOUEVRES NOT INCLUDED IN DCAs 130-137,3,752552,T intersection,3,80,Local Road,PRINCES DOMAIN,CASEY,-38.00501,145.26544,2023,2,February,22,Night,Weekday
T20230002600,2023-02-02,10:39:00,6,Vehicle overturned (no collision),4,Thursday,174,OUT OF CONTROL ON CARRIAGEWAY (ON STRAIGHT),1,42543,T intersection,2,60,Local Road,LIGHTWOOD,DANDENONG,-37.95347,145.1582,2023,2,February,10,Midday,Weekday
T20230002676,2023-02-02,23:30:00,4,Collision with a fixed object,4,Thursday,171,LEFT OFF CARRIAGEWAY INTO OBJECT/PARKED VEHICLE,5,755652,Not at intersection,2,80,Local Road,YANKEE FLAT,MOORABOOL,-37.597046,143.91365,2023,2,February,23,Night,Weekday
T20230002599,2023-02-02,11:46:00,4,Collision with a fixed object,4,Thursday,146,REVERSING INTO FIXED OBJECT/PARKED VEHICLE,1,780285,Not at intersection,3,40,Local Road,EIGHTH,MILDURA,-34.18415,142.16154,2023,2,February,11,Midday,Weekday
T20230002677,2023-02-02,23:33:00,4,Collision with a fixed object,4,Thursday,171,LEFT OFF CARRIAGEWAY INTO OBJECT/PARKED VEHICLE,3,759592,Not at intersection,3,50,Local Road,KING GEORGE,DANDENONG,-37.978676,145.19759,2023,2,February,23,Night,Weekday
T20230002690,2023-02-02,05:50:00,2,Struck Pedestrian,4,Thursday,102,FAR SIDE. PED HIT BY VEHICLE FROM THE LEFT,3,44312,Cross intersection,3,70,Arterial Other,LEAKES,WYNDHAM,-37.83944,144.74709,2023,2,February,5,Morning Peak,Weekday
T20230002691,2023-02-02,19:10:00,1,Collision with vehicle,4,Thursday,130,REAR END(VEHICLES IN SAME LANE),1,710223,T intersection,3,60,Arterial Highway,BELL,MORELAND,-37.742226,144.97433,2023,2,February,19,Night,Weekday
T20230002627,2023-02-02,12:10:00,2,Struck Pedestrian,4,Thursday,103,PED PLAYING/LYING/WORKING/STANDING ON CARRIAGEWAY.,1,752558,Not at intersection,3,40,Arterial Other,BENGWORDEN,EAST GIPPSLAND,-37.97898,147.45685,2023,2,February,12,Midday,Weekday
T20230016299,2023-02-02,13:55:00,1,Collision with vehicle,4,Thursday,147,VEHICLE STRIKES ANOTHER VEH WHILE EMERGING FROM DRIVEWAY,1,778455,Not at intersection,3,50,Local Road,SYDNEY,KNOX,-37.844395,145.2505,2023,2,February,13,Midday,Weekday
T20230002613,2023-02-02,11:50:00,1,Collision with vehicle,4,Thursday,130,REAR END(VEHICLES IN SAME LANE),1,752603,Not at intersection,3,60,Arterial Other,KEILOR,MOONEE VALLEY,-37.735447,144.88762,2023,2,February,11,Midday,Weekday
T20230002637,2023-02-02,16:50:00,6,Vehicle overturned (no collision),4,Thursday,174,OUT OF CONTROL ON CARRIAGEWAY (ON STRAIGHT),2,752079,Not at intersection,3,60,Arterial Other,MALVERN,STONNINGTON,-37.8503,145.01993,2023,2,February,16,Afternoon Peak,Weekday
T20230002730,2023-02-02,16:30:00,1,Collision with vehicle,4,Thursday,137,LEFT TURN SIDESWIPE,1,65879,T intersection,3,50,Local Road,ADDERLEY,MELBOURNE,-37.81348,144.95033,2023,2,February,16,Afternoon Peak,Weekday
T20230002726,2023-02-02,18:30:00,1,Collision with vehicle,4,Thursday,130,REAR END(VEHICLES IN SAME LANE),1,758012,Not at intersection,2,60,Local Road,ORRONG,PORT PHILLIP,-37.862576,145.0101,2023,2,February,18,Afternoon Peak,Weekday
T20230002656,2023-02-02,16:50:00,1,Collision with vehicle,4,Thursday,110,CROSS TRAFFIC(INTERSECTIONS ONLY),1,53517,Cross intersection,3,70,Arterial Highway,RAGLAN,WARRNAMBOOL,-38.367054,142.46407,2023,2,February,16,Afternoon Peak,Weekday
T20230002610,2023-02-02,12:06:00,2,Struck Pedestrian,4,Thursday,100,PED NEAR SIDE. PED HIT BY VEHICLE FROM THE RIGHT.,1,765522,Not at intersection,3,50,Local Road,CIVIC,MAROONDAH,-37.79974,145.28235,2023,2,February,12,Midday,Weekday
T20230003200,2023-02-02,16:45:00,1,Collision with vehicle,4,Thursday,130,REAR END(VEHICLES IN SAME LANE),1,50071,Cross intersection,3,60,Arterial Other,FYANS,GEELONG,-38.163815,144.36162,2023,2,February,16,Afternoon Peak,Weekday
T20230002608,2023-02-02,09:20:00,4,Collision with a fixed object,4,Thursday,181,OFF RIGHT BEND INTO OBJECT/PARKED VEHICLE,1,773834,T intersection,2,100,Arterial Highway,SOUTH GIPPSLAND,SOUTH GIPPSLAND,-38.646683,146.22952,2023,2,February,9,Morning Peak,Weekday
T20230004408,2023-02-02,10:00:00,1,Collision with vehicle,4,Thursday,111,RIGHT FAR (INTERSECTIONS ONLY),1,40521,Cross intersection,3,60,Arterial Highway,TOORAK,BOROONDARA,-37.848694,145.08083,2023,2,February,10,Midday,Weekday
T20230003730,2023-02-02,17:10:00,1,Collision with vehicle,4,Thursday,121,RIGHT THROUGH,1,755298,Cross intersection,3,70,Local Road,LIVERPOOL,MAROONDAH,-37.81818,145.3168,2023,2,February,17,Afternoon Peak,Weekday
T20230003009,2023-02-02,19:00:00,1,Collision with vehicle,4,Thursday,130,REAR END(VEHICLES IN SAME LANE),2,762937,Not at intersection,3,60,Arterial Other,HOTHAM,GLEN EIRA,-37.867966,144.99974,2023,2,February,19,Night,Weekday
T20230002584,2023-02-02,07:55:00,1,Collision with vehicle,4,Thursday,150,HEAD ON(OVERTAKING),1,762480,Not at intersection,3,80,Local Road,TYABB-TOORADIN,MORNINGTON PENINSULA,-38.23771,145.23392,2023,2,February,7,Morning Peak,Weekday
T20230002585,2023-02-02,07:00:00,5,collision with some other object,4,Thursday,171,LEFT OFF CARRIAGEWAY INTO OBJECT/PARKED VEHICLE,1,767471,Not at intersection,1,60,Arterial Highway,MAROONDAH,MAROONDAH,-37.805176,145.2446,2023,2,February,7,Morning Peak,Weekday