ACCIDENT_NO,ACCIDENT_DATE,ACCIDENT_TIME,ACCIDENT_TYPE,ACCIDENT_TYPE_DESC,DAY_OF_WEEK,DAY_WEEK_DESC,DCA_CODE,DCA_DESC,LIGHT_CONDITION,NODE_ID,ROAD_GEOMETRY_DESC,SEVERITY,SPEED_ZONE,RMA,ROAD_NAME,LGA_NAME,LATITUDE,LONGITUDE,YEAR,MONTH,MONTH_NAME,HOUR,TIME_PERIOD,DAY_TYPE
T20230002601,2023-02-02,10:39:00,4,Collision with a fixed object,4,Thursday,171,LEFT OFF CARRIAGEWAY INTO OBJECT/PARKED VEHICLE,1,752727,Not at intersection,3,60,Arterial Highway,YARRAGON,SOUTH GIPPSLAND,-38.467587,145.95291,2023,2,February,10,Midday,Weekday
T20230005721,2023-02-02,12:51:00,1,Collision with vehicle,4,Thursday,133,LANE SIDE SWIPE (VEHICLES IN PARALLEL LANES),1,761791,Not at intersection,3,80,Freeway,WESTERN RING,BRIMBANK,-37.74923,144.8342,2023,2,February,12,Midday,Weekday
T20230002650,2023-02-02,15:03:00,1,Collision with vehicle,4,Thursday,130,REAR END(VEHICLES IN SAME LANE),1,241121,Cross intersection,2,80,Arterial Other,COOPER,WHITTLESEA,-37.647015,144.98029,2023,2,February,15,Afternoon Peak,Weekday
T20230002578,2023-02-02,00:35:00,1,Collision with vehicle,4,Thursday,110,CROSS TRAFFIC(INTERSECTIONS ONLY),3,45434,Cross intersection,2,60,Arterial Other,ASCOT VALE,MOONEE VALLEY,-37.772564,144.92392,2023,2,February,0,Late Night,Weekday
T20230002635,2023-02-02,16:20:00,2,Struck Pedestrian,4,Thursday,102,FAR SIDE. PED HIT BY VEHICLE FROM THE LEFT,1,752284,Not at intersection,3,40,Local Road,STATION,MAROONDAH,-37.815994,145.22984,2023,2,February,16,Afternoon Peak,Weekday
T20230003853,2023-02-02,16:45:00,1,Collision with vehicle,4,Thursday,130,REAR END(VEHICLES IN SAME LANE),1,757885,Not at intersection,3,60,Arterial Other,SYNNOT,WYNDHAM,-37.90342,144.66016,2023,2,February,16,Afternoon Peak,Weekday
T20230002594,2023-02-02,09:25:00,1,Collision with vehicle,4,Thursday,149,OTHER MANOEUVRING NOT INCLUDED IN DCAs 140-148,1,752076,Not at intersection,3,50,Local Road,CLEVELAND,MONASH,-37.86796,145.10547,2023,2,February,9,Morning Peak,Weekday
T20230002591,2023-02-02,10:20:00,1,Collision with vehicle,4,Thursday,130,REAR END(VEHICLES IN SAME LANE),1,753488,T intersection,2,80,Arterial Other,MCCORMICKS ROAD -THOMPSONS,FRANKSTON,-38.07324,145.20305,2023,2,February,10,Midday,Weekday
T20230002634,2023-02-02,12:27:00,1,Collision with vehicle,4,Thursday,148,VEHICLE OFF FOOTPATH STRIKES VEH ON CARRIAGEWAY,1,756178,Cross intersection,1,60,Local Road,DOCK LINK,MELBOURNE,-37.8078,144.9161,2023,2,February,12,Midday,Weekday
T20230002632,2023-02-02,13:45:00,1,Collision with vehicle,4,Thursday,130,REAR END(VEHICLES IN SAME LANE),1,754434,Cross intersection,3,50,Local Road,EDGARS,WHITTLESEA,-37.620674,145.00522,2023,2,February,13,Midday,Weekday
T20230002861,2023-02-02,14:10:00,1,Collision with vehicle,4,Thursday,130,REAR END(VEHICLES IN SAME LANE),1,760222,Multiple intersection,3,60,Arterial Other,DONCASTER,MANNINGHAM,-37.788406,145.10431,2023,2,February,14,Midday,Weekday
T20230002631,2023-02-02,14:40:00,1,Collision with vehicle,4,Thursday,139,OTHER SAME DIRECTION-MANOUEVRES NOT INCLUDED IN DCAs 130-137,1,46060,T intersection,3,80,Arterial Highway,STUD,KNOX,-37.8731,145.23286,2023,2,February,14,Midday,Weekday
T20230002625,2023-02-02,13:30:00,1,Collision with vehicle,4,Thursday,130,REAR END(VEHICLES IN SAME LANE),1,752283,Not at intersection,3,60,Arterial Other,PASCOE VALE,MOONEE VALLEY,-37.744377,144.92752,2023,2,February,13,Midday,Weekday
T20230002626,2023-02-02,13:26:00,1,Collision with vehicle,4,Thursday,113,RIGHT NEAR (INTERSECTIONS ONLY),1,51145,Cross intersection,2,60,Arterial Highway,GOULBURN VALLEY,SHEPPARTON,-36.41375,145.39246,2023,2,February,13,Midday,Weekday
T20230002640,2023-02-02,17:27:00,4,Collision with a fixed object,4,Thursday,183,OFF LEFT BEND INTO OBJECT/PARKED VEHICLE,1,754753,Not at intersection,3,80,Arterial Highway,GREAT OCEAN,COLAC OTWAY,-38.72922,143.70126,2023,2,February,17,Afternoon Peak,Weekday
T20230002647,2023-02-02,17:27:00,1,Collision with vehicle,4,Thursday,110,CROSS TRAFFIC(INTERSECTIONS ONLY),2,64490,Cross intersection,2,40,Local Road,PATERSON,YARRA,-37.78277,144.96684,2023,2,February,17,Afternoon Peak,Weekday
T20230003592,2023-02-02,17:30:00,1,Collision with vehicle,4,Thursday,130,REAR END(VEHICLES IN SAME LANE),2,238,Cross intersection,3,40,Local Road,FLINDERS,MELBOURNE,-37.81745,144.96744,2023,2,February,17,Afternoon Peak,Weekday
T20230002649,2023-02-02,17:43:00,1,Collision with vehicle,4,Thursday,134,LANE CHANGE RIGHT (NOT OVERTAKING),1,42220,T intersection,3,80,Arterial Highway,NEPEAN,KINGSTON,-37.95145,145.04765,2023,2,February,17,Afternoon Peak,Weekday
T20230004844,2023-02-02,11:30:00,8,No collision and no object struck,4,Thursday,170,OFF CARRIAGEWAY TO LEFT,1,757889,Not at intersection,2,80,Arterial Other,CRANBOURNE,CASEY,-38.067627,145.29848,2023,2,February,11,Midday,Weekday
T20230002621,2023-02-02,12:50:00,6,Vehicle overturned (no collision),4,Thursday,174,OUT OF CONTROL ON CARRIAGEWAY (ON STRAIGHT),1,752606,Not at intersection,3,100,Local Road,OLD TOOLANGI,MURRINDINDI,-37.53973,145.46631,2023,2,February,12,Midday,Weekday
T20230002889,2023-02-02,10:55:00,1,Collision with vehicle,4,Thursday,142,LEAVING PARKING,1,752734,Not at intersection,3,60,Arterial Other,MURRUMBEENA,GLEN EIRA,-37.890602,145.06635,2023,2,February,10,Midday,Weekday
T20230002620,2023-02-02,12:47:00,1,Collision with vehicle,4,Thursday,132,RIGHT REAR.,1,757886,Not at intersection,3,80,Arterial Other,HEALESVILLE-KOO WEE RUP,YARRA RANGES,-37.70518,145.52226,2023,2,February,12,Midday,Weekday
T20230005556,2023-02-03,10:30:00,1,Collision with vehicle,5,Friday,110,CROSS TRAFFIC(INTERSECTIONS ONLY),1,42352,Cross intersection,3,60,Arterial Other,CLARINDA,KINGSTON,-37.94067,145.09793,2023,2,February,10,Midday,Weekday
T20230002756,2023-02-03,14:50:00,1,Collision with vehicle,5,Friday,121,RIGHT THROUGH,1,752287,Not at intersection,3,60,Arterial Other,PASCOE VALE,HUME,-37.66202,144.923,2023,2,February,14,Midday,Weekday
T20230002738,2023-02-03,15:36:00,1,Collision with vehicle,5,Friday,121,RIGHT THROUGH,1,42487,T intersection,3,60,Arterial Other,HEATHERTON,DANDENONG,-37.961674,145.14632,2023,2,February,15,Afternoon Peak,Weekday
T20230002740,2023-02-03,17:30:00,1,Collision with vehicle,5,Friday,140,U TURN,1,752286,T intersection,2,60,Arterial Other,LOCKWOOD,BENDIGO,-36.796642,144.23517,2023,2,February,17,Afternoon Peak,Weekday
T20230006459,2023-02-03,11:00:00,4,Collision with a fixed object,5,Friday,181,OFF RIGHT BEND INTO OBJECT/PARKED VEHICLE,1,783636,Not at intersection,3,50,Local Road,TORBAY,BANYULE,-37.722656,145.07312,2023,2,February,11,Midday,Weekday
T20230002742,2023-02-03,13:53:00,2,Struck Pedestrian,5,Friday,100,PED NEAR SIDE. PED HIT BY VEHICLE FROM THE RIGHT.,1,754437,Not at intersection,3,50,Local Road,HANNA,DANDENONG,-37.9773,145.19005,2023,2,February,13,Midday,Weekday
T20230002746,2023-02-03,14:00:00,4,Collision with a fixed object,5,Friday,183,OFF LEFT BEND INTO OBJECT/PARKED VEHICLE,1,752534,Not at intersection,3,70,Arterial Other,MOUNT DANDENONG TOURIST,YARRA RANGES,-37.888783,145.3193,2023,2,February,14,Midday,Weekday
T20230003669,2023-02-03,16:25:00,1,Collision with vehicle,5,Friday,113,RIGHT NEAR (INTERSECTIONS ONLY),1,764329,T intersection,3,60,Local Road,SUNSET,MAROONDAH,-37.83243,145.23839,2023,2,February,16,Afternoon Peak,Weekday
T20230004841,2023-02-03,17:30:00,1,Collision with vehicle,5,Friday,130,REAR END(VEHICLES IN SAME LANE),1,777348,Multiple intersection,3,80,Freeway,BRAESIDE-DANDENONG,DANDENONG,-38.011158,145.18758,2023,2,February,17,Afternoon Peak,Weekday
T20230002745,2023-02-03,18:52:00,2,Struck Pedestrian,5,Friday,102,FAR SIDE. PED HIT BY VEHICLE FROM THE LEFT,1,102203,T intersection,3,60,Arterial Highway,PRINCES,DANDENONG,-37.97891,145.20782,2023,2,February,18,Afternoon Peak,Weekday
T20230002737,2023-02-03,14:57:00,1,Collision with vehicle,5,Friday,130,REAR END(VEHICLES IN SAME LANE),1,757881,Not at intersection,3,100,Freeway,PRINCES,CARDINIA,-38.07751,145.4243,2023,2,February,14,Midday,Weekday
T20230003169,2023-02-03,23:17:00,1,Collision with vehicle,5,Friday,121,RIGHT THROUGH,3,257069,Cross intersection,3,60,Arterial Highway,PRINCES,DANDENONG,-37.933174,145.15694,2023,2,February,23,Night,Weekday
T20230015471,2023-02-03,06:30:00,1,Collision with vehicle,5,Friday,130,REAR END(VEHICLES IN SAME LANE),2,776803,Not at intersection,3,60,Arterial Other,SOMERTON,HUME,-37.639843,144.9229,2023,2,February,6,Morning Peak,Weekday
T20230002748,2023-02-03,17:36:00,4,Collision with a fixed object,5,Friday,183,OFF LEFT BEND INTO OBJECT/PARKED VEHICLE,1,767123,Not at intersection,2,70,Arterial Other,EDGARS,WHITTLESEA,-37.684944,145.00195,2023,2,February,17,Afternoon Peak,Weekday
T20230002749,2023-02-03,16:25:00,1,Collision with vehicle,5,Friday,130,REAR END(VEHICLES IN SAME LANE),1,755013,Not at intersection,3,100,Freeway,WESTERN RING,HUME,-37.69437,144.91629,2023,2,February,16,Afternoon Peak,Weekday
T20230005225,2023-02-03,15:30:00,1,Collision with vehicle,5,Friday,130,REAR END(VEHICLES IN SAME LANE),1,47705,Cross intersection,3,60,Arterial Highway,PRINCES,GEELONG,-38.084167,144.35867,2023,2,February,15,Afternoon Peak,Weekday
T20230003055,2023-02-03,07:45:00,1,Collision with vehicle,5,Friday,130,REAR END(VEHICLES IN SAME LANE),2,780024,T intersection,3,60,Arterial Other,PASCOE VALE,MOONEE VALLEY,-37.743435,144.92827,2023,2,February,7,Morning Peak,Weekday
T20230002789,2023-02-03,13:00:00,1,Collision with vehicle,5,Friday,116,LEFT NEAR (INTERSECTIONS ONLY),1,221405,T intersection,3,80,Arterial Other,SYDNEY,HUME,-37.663223,144.9546,2023,2,February,13,Midday,Weekday
T20230003847,2023-02-03,16:47:00,4,Collision with a fixed object,5,Friday,181,OFF RIGHT BEND INTO OBJECT/PARKED VEHICLE,1,69349,T intersection,3,60,Arterial Other,BELGRAVE-HALLAM,YARRA RANGES,-37.9133,145.35614,2023,2,February,16,Afternoon Peak,Weekday
T20230002715,2023-02-03,08:30:00,2,Struck Pedestrian,5,Friday,102,FAR SIDE. PED HIT BY VEHICLE FROM THE LEFT,1,757882,Not at intersection,3,40,Local Road,ARTHURTON,DAREBIN,-37.769108,144.99706,2023,2,February,8,Morning Peak,Weekday
T20230002713,2023-02-03,14:00:00,6,Vehicle overturned (no collision),5,Friday,174,OUT OF CONTROL ON CARRIAGEWAY (ON STRAIGHT),1,752083,T intersection,2,50,Local Road,WILLIAM,MELBOURNE,-37.809597,144.95544,2023,2,February,14,Midday,Weekday
T20230002700,2023-02-03,06:10:00,2,Struck Pedestrian,5,Friday,100,PED NEAR SIDE. PED HIT BY VEHICLE FROM THE RIGHT.,2,43199,Not at intersection,2,60,Arterial Highway,NEPEAN,KINGSTON,-38.02776,145.10214,2023,2,February,6,Morning Peak,Weekday
T20230003178,2023-02-03,15:00:00,1,Collision with vehicle,5,Friday,147,VEHICLE STRIKES ANOTHER VEH WHILE EMERGING FROM DRIVEWAY,1,782480,Not at intersection,3,50,Local Road,TALASKIA,KNOX,-37.897167,145.31374,2023,2,February,15,Afternoon Peak,Weekday
T20230002699,2023-02-03,12:34:00,2,Struck Pedestrian,5,Friday,100,PED NEAR SIDE. PED HIT BY VEHICLE FROM THE RIGHT.,1,752547,Cross intersection,3,60,Local Road,CLARENDON,MELBOURNE,-37.81608,144.9826,2023,2,February,12,Midday,Weekday
T20230003628,2023-02-03,13:00:00,1,Collision with vehicle,5,Friday,130,REAR END(VEHICLES IN SAME LANE),1,579669,T intersection,3,60,Arterial Other,CHISHOLM,MELTON,-37.75933,144.74838,2023,2,February,13,Midday,Weekday
T20230003270,2023-02-03,12:26:00,1,Collision with vehicle,5,Friday,130,REAR END(VEHICLES IN SAME LANE),1,753972,Not at intersection,3,50,Local Road,SWANSTON,KINGSTON,-37.976826,145.06647,2023,2,February,12,Midday,Weekday
T20230003541,2023-02-03,13:55:00,1,Collision with vehicle,5,Friday,110,CROSS TRAFFIC(INTERSECTIONS ONLY),1,37508,Cross intersection,3,60,Arterial Other,FERRARS,PORT PHILLIP,-37.83554,144.95613,2023,2,February,13,Midday,Weekday
T20230002709,2023-02-03,08:30:00,1,Collision with vehicle,5,Friday,136,RIGHT TURN SIDESWIPE,1,773191,Not at intersection,3,40,Local Road,CARDINIA,CARDINIA,-38.1455,145.4244,2023,2,February,8,Morning Peak,Weekday
T20230003233,2023-02-03,08:09:00,1,Collision with vehicle,5,Friday,115,RIGHT/LEFT FAR (INTERSECTIONS ONLY),1,754086,T intersection,3,50,Local Road,WALKER,BALLARAT,-37.595425,143.82446,2023,2,February,8,Morning Peak,Weekday
T20230002751,2023-02-03,18:42:00,1,Collision with vehicle,5,Friday,111,RIGHT FAR (INTERSECTIONS ONLY),1,787479,T intersection,2,50,Local Road,BASSETTS,WHITTLESEA,-37.59366,145.11784,2023,2,February,18,Afternoon Peak,Weekday
T20230002978,2023-02-03,13:30:00,1,Collision with vehicle,5,Friday,160,VEHICLE COLLIDES WITH VEHICLE PARKED ON LEFT OF ROAD,1,186315,Not at intersection,2,50,Arterial Other,ROYAL,MELBOURNE,-37.79772,144.95781,2023,2,February,13,Midday,Weekday
T20230002698,2023-02-03,07:06:00,1,Collision with vehicle,5,Friday,140,U TURN,1,763112,Not at intersection,2,50,Local Road,LEADER,HUME,-37.64334,144.94421,2023,2,February,7,Morning Peak,Weekday
T20230002704,2023-02-03,12:10:00,1,Collision with vehicle,5,Friday,130,REAR END(VEHICLES IN SAME LANE),1,757526,Not at intersection,3,70,Arterial Other,BALLARAT,BRIMBANK,-37.77071,144.77733,2023,2,February,12,Midday,Weekday
T20230002706,2023-02-03,08:25:00,7,Fall from or in moving vehicle,5,Friday,190,FELL IN/FROM VEHICLE,1,754435,Not at intersection,3,60,Arterial Other,MELBOURNE,HOBSONS BAY,-37.842068,144.88309,2023,2,February,8,Morning Peak,Weekday
T20230002712,2023-02-03,09:20:00,2,Struck Pedestrian,5,Friday,100,PED NEAR SIDE. PED HIT BY VEHICLE FROM THE RIGHT.,1,752489,Cross intersection,3,40,Local Road,SWANSTON,MELBOURNE,-37.817375,144.9674,2023,2,February,9,Morning Peak,Weekday
T20230002696,2023-02-03,10:15:00,1,Collision with vehicle,5,Friday,110,CROSS TRAFFIC(INTERSECTIONS ONLY),1,1195,Cross intersection,2,60,Arterial Highway,SURF COAST,GEELONG,-38.20495,144.34064,2023,2,February,10,Midday,Weekday
T20230002731,2023-02-03,16:00:00,1,Collision with vehicle,5,Friday,140,U TURN,1,752544,Not at intersection,3,50,Local Road,MCARTHUR,BANYULE,-37.775112,145.06241,2023,2,February,16,Afternoon Peak,Weekday
T20230002693,2023-02-03,10:40:00,2,Struck Pedestrian,5,Friday,100,PED NEAR SIDE. PED HIT BY VEHICLE FROM THE RIGHT.,1,753278,Cross intersection,3,40,Local Road,LYGON,MORELAND,-37.778275,144.9707,2023,2,February,10,Midday,Weekday
T20230002757,2023-02-03,22:37:00,1,Collision with vehicle,5,Friday,113,RIGHT NEAR (INTERSECTIONS ONLY),3,30046,Cross intersection,2,70,Freeway,SOUTH GIPPSLAND,CASEY,-38.02608,145.24709,2023,2,February,22,Night,Weekday
T20230002707,2023-02-03,11:35:00,2,Struck Pedestrian,5,Friday,102,FAR SIDE. PED HIT BY VEHICLE FROM THE LEFT,1,752550,Not at intersection,2,60,Local Road,SOUTH,MARIBYRNONG,-37.79262,144.86145,2023,2,February,11,Midday,Weekday
T20230002687,2023-02-03,08:20:00,2,Struck Pedestrian,5,Friday,100,PED NEAR SIDE. PED HIT BY VEHICLE FROM THE RIGHT.,1,752082,T intersection,2,40,Local Road,CARRINGTON,GLEN EIRA,-37.87423,145.00328,2023,2,February,8,Morning Peak,Weekday
T20230002679,2023-02-03,01:30:00,4,Collision with a fixed object,5,Friday,179,OTHER ACCIDENTS-OFF STRAIGHT NOT INCLUDED IN DCAs 170-175,3,777912,T intersection,3,50,Local Road,KATRINA,WHITEHORSE,-37.803436,145.14354,2023,2,February,1,Late Night,Weekday
T20230003748,2023-02-03,18:00:00,8,No collision and no object struck,5,Friday,174,OUT OF CONTROL ON CARRIAGEWAY (ON STRAIGHT),1,754899,Not at intersection,2,60,Arterial Other,CHURCH,YARRA,-37.829987,144.99716,2023,2,February,18,Afternoon Peak,Weekday
T20230003051,2023-02-04,16:30:00,1,Collision with vehicle,6,Saturday,110,CROSS TRAFFIC(INTERSECTIONS ONLY),1,777154,Cross intersection,3,40,Local Road,RATHDOWNE,YARRA,-37.78874,144.97202,2023,2,February,16,Afternoon Peak,Weekend
T20230002783,2023-02-04,12:00:00,1,Collision with vehicle,6,Saturday,130,REAR END(VEHICLES IN SAME LANE),1,797649,Not at intersection,3,100,Arterial Highway,PRINCES,EAST GIPPSLAND,-37.8447,147.9292,2023,2,February,12,Midday,Weekend
T20230002763,2023-02-04,03:30:00,4,Collision with a fixed object,6,Saturday,171,LEFT OFF CARRIAGEWAY INTO OBJECT/PARKED VEHICLE,3,96162,Not at intersection,2,60,Arterial Highway,WARRIGAL,MONASH,-37.900726,145.08685,2023,2,February,3,Late Night,Weekend
T20230002761,2023-02-04,00:04:00,1,Collision with vehicle,6,Saturday,120,HEAD ON (NOT OVERTAKING),3,778526,Not at intersection,2,60,Local Road,BOUNDARY,GEELONG,-38.182384,144.38196,2023,2,February,0,Late Night,Weekend
T20230002779,2023-02-04,11:10:00,1,Collision with vehicle,6,Saturday,110,CROSS TRAFFIC(INTERSECTIONS ONLY),1,754203,Cross intersection,2,100,Arterial Other,FRANKSTON-FLINDERS,MORNINGTON PENINSULA,-38.40672,145.0653,2023,2,February,11,Midday,Weekend
T20230002794,2023-02-04,13:40:00,2,Struck Pedestrian,6,Saturday,105,PED WALKING AGAINST TRAFFIC.,1,760221,Not at intersection,2,50,Local Road,SYCAMORE,FRANKSTON,-38.165154,145.1353,2023,2,February,13,Midday,Weekend
T20230002760,2023-02-04,01:05:00,1,Collision with vehicle,6,Saturday,135,LANE CHANGE LEFT (NOT OVERTAKING),3,785926,Not at intersection,3,60,Freeway,WEST GATE,HOBSONS BAY,-37.829224,144.89749,2023,2,February,1,Late Night,Weekend
T20230002823,2023-02-04,21:30:00,1,Collision with vehicle,6,Saturday,130,REAR END(VEHICLES IN SAME LANE),3,758806,Cross intersection,3,80,Arterial Highway,STUD,DANDENONG,-37.957706,145.22578,2023,2,February,21,Night,Weekend
T20230002786,2023-02-04,12:15:00,1,Collision with vehicle,6,Saturday,121,RIGHT THROUGH,1,752955,Not at intersection,2,80,Arterial Highway,SOUTH GIPPSLAND,CASEY,-38.084316,145.27754,2023,2,February,12,Midday,Weekend
T20230002818,2023-02-04,21:50:00,4,Collision with a fixed object,6,Saturday,181,OFF RIGHT BEND INTO OBJECT/PARKED VEHICLE,2,781204,Not at intersection,3,80,Local Road,CHAPLINS,CENTRAL GOLDFIELDS,-37.043816,143.79099,2023,2,February,21,Night,Weekend
T20230002798,2023-02-04,12:00:00,1,Collision with vehicle,6,Saturday,163,VEHICLE STRIKES DOOR OF PARKED/STATIONARY VEHICLE,1,780287,Not at intersection,3,40,Local Road,GLEN HUNTLY,GLEN EIRA,-37.884693,145.00395,2023,2,February,12,Midday,Weekend
T20230002796,2023-02-04,12:00:00,4,Collision with a fixed object,6,Saturday,183,OFF LEFT BEND INTO OBJECT/PARKED VEHICLE,1,771824,Not at intersection,2,100,Arterial Highway,STRZELECKI,SOUTH GIPPSLAND,-38.371395,146.18028,2023,2,February,12,Midday,Weekend
T20230002812,2023-02-04,20:10:00,1,Collision with vehicle,6,Saturday,121,RIGHT THROUGH,1,46803,Cross intersection,3,60,Arterial Other,GLENROY,MORELAND,-37.70602,144.91743,2023,2,February,20,Night,Weekend
T20230002817,2023-02-04,16:39:00,4,Collision with a fixed object,6,Saturday,171,LEFT OFF CARRIAGEWAY INTO OBJECT/PARKED VEHICLE,1,29886,Cross intersection,3,60,Freeway,FORSYTH,WYNDHAM,-37.873013,144.73668,2023,2,February,16,Afternoon Peak,Weekend
T20230002947,2023-02-04,18:20:00,1,Collision with vehicle,6,Saturday,135,LANE CHANGE LEFT (NOT OVERTAKING),1,776792,Not at intersection,2,60,Arterial Highway,BRIGHTON ROAD SERVICE,PORT PHILLIP,-37.871933,144.98961,2023,2,February,18,Afternoon Peak,Weekend
T20230003125,2023-02-04,20:35:00,1,Collision with vehicle,6,Saturday,112,LEFT FAR (INTERSECTIONS ONLY),2,40055,Cross intersection,3,50,Local Road,LANGRIDGE,PORT PHILLIP,-37.854645,144.96545,2023,2,February,20,Night,Weekend
T20230002924,2023-02-04,15:30:00,1,Collision with vehicle,6,Saturday,140,U TURN,1,757033,Not at intersection,3,100,Local Road,RIDGE,COLAC OTWAY,-38.51656,143.60329,2023,2,February,15,Afternoon Peak,Weekend
T20230002972,2023-02-04,10:30:00,6,Vehicle overturned (no collision),6,Saturday,174,OUT OF CONTROL ON CARRIAGEWAY (ON STRAIGHT),1,44393,Cross intersection,2,60,Arterial Other,PLENTY,DAREBIN,-37.731155,145.01445,2023,2,February,10,Midday,Weekend
T20230002807,2023-02-04,17:45:00,1,Collision with vehicle,6,Saturday,134,LANE CHANGE RIGHT (NOT OVERTAKING),1,763951,Not at intersection,2,60,Local Road,COBURNS,MELTON,-37.676685,144.56972,2023,2,February,17,Afternoon Peak,Weekend
T20230002922,2023-02-04,14:05:00,1,Collision with vehicle,6,Saturday,130,REAR END(VEHICLES IN SAME LANE),1,43175,T intersection,3,60,Local Road,CHUTE,KINGSTON,-38.009846,145.09201,2023,2,February,14,Midday,Weekend
T20230002839,2023-02-04,20:56:00,1,Collision with vehicle,6,Saturday,130,REAR END(VEHICLES IN SAME LANE),3,752494,Not at intersection,3,40,Local Road,CHAPEL,STONNINGTON,-37.840347,144.99545,2023,2,February,20,Night,Weekend
T20230002774,2023-02-04,10:50:00,1,Collision with vehicle,6,Saturday,130,REAR END(VEHICLES IN SAME LANE),1,651574,T intersection,3,60,Local Road,ORBIS,MELTON,-37.721485,144.73128,2023,2,February,10,Midday,Weekend
T20230002792,2023-02-04,14:10:00,1,Collision with vehicle,6,Saturday,110,CROSS TRAFFIC(INTERSECTIONS ONLY),1,752490,Cross intersection,3,60,Local Road,SOLDIERS,CASEY,-38.050774,145.35841,2023,2,February,14,Midday,Weekend
T20230002771,2023-02-04,09:08:00,1,Collision with vehicle,6,Saturday,147,VEHICLE STRIKES ANOTHER VEH WHILE EMERGING FROM DRIVEWAY,1,752469,T intersection,3,60,Arterial Other,DORSET,MAROONDAH,-37.77571,145.29443,2023,2,February,9,Morning Peak,Weekend
T20230006889,2023-02-04,11:48:00,1,Collision with vehicle,6,Saturday,160,VEHICLE COLLIDES WITH VEHICLE PARKED ON LEFT OF ROAD,1,778198,Not at intersection,3,50,Local Road,BARKLY,BALLARAT,-37.57007,143.8623,2023,2,February,11,Midday,Weekend
T20230002813,2023-02-04,18:20:00,6,Vehicle overturned (no collision),6,Saturday,174,OUT OF CONTROL ON CARRIAGEWAY (ON STRAIGHT),1,772696,Not at intersection,2,100,Freeway,EASTERN,YARRA,-37.791824,145.01273,2023,2,February,18,Afternoon Peak,Weekend
T20230004904,2023-02-04,12:30:00,1,Collision with vehicle,6,Saturday,130,REAR END(VEHICLES IN SAME LANE),1,46236,T intersection,3,80,Arterial Highway,NEPEAN,KINGSTON,-37.981476,145.07059,2023,2,February,12,Midday,Weekend
T20230002778,2023-02-04,09:00:00,2,Struck Pedestrian,6,Saturday,100,PED NEAR SIDE. PED HIT BY VEHICLE FROM THE RIGHT.,1,757387,Not at intersection,3,50,Local Road,BAIRD,MORELAND,-37.707214,144.97081,2023,2,February,9,Morning Peak,Weekend
T20230002791,2023-02-04,13:54:00,1,Collision with vehicle,6,Saturday,110,CROSS TRAFFIC(INTERSECTIONS ONLY),1,778527,Cross intersection,3,50,Local Road,JANE,LATROBE,-38.233906,146.39226,2023,2,February,13,Midday,Weekend
T20230002795,2023-02-04,12:50:00,4,Collision with a fixed object,6,Saturday,171,LEFT OFF CARRIAGEWAY INTO OBJECT/PARKED VEHICLE,1,771992,Not at intersection,3,60,Arterial Highway,MELBA,MURRINDINDI,-37.214874,145.43312,2023,2,February,12,Midday,Weekend
T20230002821,2023-02-04,23:01:00,4,Collision with a fixed object,6,Saturday,171,LEFT OFF CARRIAGEWAY INTO OBJECT/PARKED VEHICLE,3,41725,T intersection,2,60,Arterial Other,WAVERLEY,MONASH,-37.88522,145.1319,2023,2,February,23,Night,Weekend
T20230003068,2023-02-04,13:10:00,1,Collision with vehicle,6,Saturday,121,RIGHT THROUGH,1,43319,T intersection,2,60,Arterial Other,MCLEOD ROAD -STATION,KINGSTON,-38.076363,145.1232,2023,2,February,13,Midday,Weekend
T20230005387,2023-02-05,16:35:00,1,Collision with vehicle,7,Sunday,131,LEFT REAR,1,355818,Not at intersection,3,40,Arterial Highway,BEAUFORT,MAROONDAH,-37.79596,145.25682,2023,2,February,16,Afternoon Peak,Weekend
T20230002896,2023-02-05,21:30:00,1,Collision with vehicle,7,Sunday,110,CROSS TRAFFIC(INTERSECTIONS ONLY),3,229963,Cross intersection,3,70,Arterial Other,SAYERS,WYNDHAM,-37.852726,144.73128,2023,2,February,21,Night,Weekend
T20230002834,2023-02-05,06:00:00,1,Collision with vehicle,7,Sunday,110,CROSS TRAFFIC(INTERSECTIONS ONLY),2,231,Cross intersection,2,40,Local Road,LITTLE COLLINS,MELBOURNE,-37.81451,144.96608,2023,2,February,6,Morning Peak,Weekend
T20230002892,2023-02-05,21:20:00,1,Collision with vehicle,7,Sunday,121,RIGHT THROUGH,3,783641,T intersection,3,60,Arterial Other,BURKE,STONNINGTON,-37.85173,145.05281,2023,2,February,21,Night,Weekend
T20230002877,2023-02-05,17:05:00,1,Collision with vehicle,7,Sunday,110,CROSS TRAFFIC(INTERSECTIONS ONLY),1,753267,Cross intersection,3,70,Arterial Highway,NORTH,GLEN EIRA,-37.902267,145.02603,2023,2,February,17,Afternoon Peak,Weekend
T20230002876,2023-02-05,14:26:00,4,Collision with a fixed object,7,Sunday,183,OFF LEFT BEND INTO OBJECT/PARKED VEHICLE,1,753487,Not at intersection,3,70,Arterial Other,OLD DANDENONG,KINGSTON,-37.960728,145.10199,2023,2,February,14,Midday,Weekend
T20230002870,2023-02-05,15:20:00,2,Struck Pedestrian,7,Sunday,102,FAR SIDE. PED HIT BY VEHICLE FROM THE LEFT,1,771663,Not at intersection,2,60,Local Road,SETTLEMENT,BASS COAST,-38.456154,145.23714,2023,2,February,15,Afternoon Peak,Weekend