ACCIDENT_NO,ACCIDENT_DATE,ACCIDENT_TIME,ACCIDENT_TYPE,ACCIDENT_TYPE_DESC,DAY_OF_WEEK,DAY_WEEK_DESC,DCA_CODE,DCA_DESC,LIGHT_CONDITION,NODE_ID,ROAD_GEOMETRY_DESC,SEVERITY,SPEED_ZONE,RMA,ROAD_NAME,LGA_NAME,LATITUDE,LONGITUDE,YEAR,MONTH,MONTH_NAME,HOUR,TIME_PERIOD,DAY_TYPE
T20230002863,2023-02-05,15:00:00,1,Collision with vehicle,7,Sunday,121,RIGHT THROUGH,1,29718,Cross intersection,3,80,Arterial Highway,PRINCES,CASEY,-38.001484,145.23485,2023,2,February,15,Afternoon Peak,Weekend
T20230005466,2023-02-05,11:30:00,1,Collision with vehicle,7,Sunday,130,REAR END(VEHICLES IN SAME LANE),1,672395,Cross intersection,3,80,Arterial Other,CLYDE,CASEY,-38.050655,145.34001,2023,2,February,11,Midday,Weekend
T20230002921,2023-02-05,12:30:00,6,Vehicle overturned (no collision),7,Sunday,184,OUT OF CONTROL ON CARRIAGEWAY (ON BEND),1,752737,Not at intersection,3,100,Local Road,HORSFALL,TOWONG,-36.56611,147.51015,2023,2,February,12,Midday,Weekend
T20230002825,2023-02-05,01:20:00,1,Collision with vehicle,7,Sunday,110,CROSS TRAFFIC(INTERSECTIONS ONLY),3,585605,Cross intersection,3,40,Arterial Other,CRAIGIEBURN,HUME,-37.59186,144.89458,2023,2,February,1,Late Night,Weekend
T20230004259,2023-02-05,11:30:00,6,Vehicle overturned (no collision),7,Sunday,184,OUT OF CONTROL ON CARRIAGEWAY (ON BEND),1,755960,Not at intersection,3,60,Local Road,ROWLEY PARK,MOUNT ALEXANDER,-37.098557,144.21376,2023,2,February,11,Midday,Weekend
T20230002916,2023-02-05,22:30:00,4,Collision with a fixed object,7,Sunday,171,LEFT OFF CARRIAGEWAY INTO OBJECT/PARKED VEHICLE,5,783642,Not at intersection,3,60,Local Road,JUMPING CREEK,MANNINGHAM,-37.73596,145.2782,2023,2,February,22,Night,Weekend
T20230002838,2023-02-05,07:05:00,4,Collision with a fixed object,7,Sunday,173,RIGHT OFF CARRIAGEWAY INTO OBJECT/PARKED VEHICLE,1,783644,Not at intersection,3,60,Arterial Other,HORNE,HUME,-37.585064,144.72191,2023,2,February,7,Morning Peak,Weekend
T20230002845,2023-02-05,10:50:00,6,Vehicle overturned (no collision),7,Sunday,184,OUT OF CONTROL ON CARRIAGEWAY (ON BEND),1,752680,Not at intersection,2,100,Local Road,GLENMORE,MOORABOOL,-37.730175,144.37927,2023,2,February,10,Midday,Weekend
T20230002851,2023-02-05,11:15:00,1,Collision with vehicle,7,Sunday,137,LEFT TURN SIDESWIPE,1,244068,T intersection,3,60,Arterial Other,WALKER,MELBOURNE,-37.784706,144.95918,2023,2,February,11,Midday,Weekend
T20230004011,2023-02-05,06:45:00,1,Collision with vehicle,7,Sunday,110,CROSS TRAFFIC(INTERSECTIONS ONLY),2,52875,Cross intersection,3,40,Arterial Highway,DOVETON,BALLARAT,-37.561764,143.8548,2023,2,February,6,Morning Peak,Weekend
T20230002879,2023-02-05,12:17:00,1,Collision with vehicle,7,Sunday,130,REAR END(VEHICLES IN SAME LANE),1,759704,Not at intersection,2,60,Arterial Highway,WARRIGAL,STONNINGTON,-37.88907,145.08894,2023,2,February,12,Midday,Weekend
T20230002940,2023-02-05,21:25:00,4,Collision with a fixed object,7,Sunday,151,OUT OF CONTROL (OVERTAKING),2,778529,Y intersection,3,80,Local Road,BUNGOWER,MORNINGTON PENINSULA,-38.232803,145.12177,2023,2,February,21,Night,Weekend
T20230002959,2023-02-05,16:25:00,1,Collision with vehicle,7,Sunday,130,REAR END(VEHICLES IN SAME LANE),1,752738,Not at intersection,3,80,Arterial Other,HEATHERTON,CASEY,-37.97278,145.24025,2023,2,February,16,Afternoon Peak,Weekend
T20230008134,2023-02-05,10:30:00,4,Collision with a fixed object,7,Sunday,199,UNKNOWN-NO DETAILS ON MANOEUVRES OF ROAD-USERS IN ACCIDENT,1,783646,Not at intersection,3,30,Local Road,PIGDONS,GEELONG,-38.19438,144.30508,2023,2,February,10,Midday,Weekend
T20230002852,2023-02-05,13:20:00,3,Struck animal,7,Sunday,167,STRUCK ANIMAL,1,760580,Not at intersection,2,100,Local Road,HEATHCOTE-NORTH COSTERFIELD,BENDIGO,-36.887085,144.73134,2023,2,February,13,Midday,Weekend
T20230002903,2023-02-05,23:00:00,4,Collision with a fixed object,7,Sunday,179,OTHER ACCIDENTS-OFF STRAIGHT NOT INCLUDED IN DCAs 170-175,3,770924,Not at intersection,2,50,Local Road,MAMMALIA,WHITTLESEA,-37.68563,145.07668,2023,2,February,23,Night,Weekend
T20230003480,2023-02-05,13:00:00,7,Fall from or in moving vehicle,7,Sunday,184,OUT OF CONTROL ON CARRIAGEWAY (ON BEND),1,754207,Not at intersection,3,100,Local Road,WILD COW,BAW BAW,-38.065174,146.31401,2023,2,February,13,Midday,Weekend
T20230002909,2023-02-05,18:45:00,4,Collision with a fixed object,7,Sunday,181,OFF RIGHT BEND INTO OBJECT/PARKED VEHICLE,1,753268,Not at intersection,3,60,Local Road,SOUTH,SOUTH GIPPSLAND,-38.371395,145.7578,2023,2,February,18,Afternoon Peak,Weekend
T20230002895,2023-02-05,20:20:00,4,Collision with a fixed object,7,Sunday,173,RIGHT OFF CARRIAGEWAY INTO OBJECT/PARKED VEHICLE,1,781394,Not at intersection,2,60,Arterial Other,MORNINGTON-DROMANA,MORNINGTON PENINSULA,-38.302475,144.99231,2023,2,February,20,Night,Weekend
T20230002891,2023-02-05,15:45:00,1,Collision with vehicle,7,Sunday,163,VEHICLE STRIKES DOOR OF PARKED/STATIONARY VEHICLE,1,753388,Not at intersection,3,60,Local Road,ANDERSON,MARIBYRNONG,-37.816597,144.8901,2023,2,February,15,Afternoon Peak,Weekend
T20230002886,2023-02-05,13:20:00,1,Collision with vehicle,7,Sunday,121,RIGHT THROUGH,1,44617,T intersection,2,50,Local Road,GORDON,MORELAND,-37.6985,144.92447,2023,2,February,13,Midday,Weekend
T20230002862,2023-02-05,13:45:00,4,Collision with a fixed object,7,Sunday,181,OFF RIGHT BEND INTO OBJECT/PARKED VEHICLE,1,760934,Not at intersection,2,80,Arterial Other,WOODS POINT,YARRA RANGES,-37.642647,145.88487,2023,2,February,13,Midday,Weekend
T20230002885,2023-02-05,14:30:00,6,Vehicle overturned (no collision),7,Sunday,172,OFF CARRIAGEWAY TO RIGHT,1,783992,Not at intersection,2,100,Arterial Other,HYLAND,WELLINGTON,-38.410164,146.75093,2023,2,February,14,Midday,Weekend
T20230002857,2023-02-05,14:16:00,8,No collision and no object struck,7,Sunday,172,OFF CARRIAGEWAY TO RIGHT,1,752971,T intersection,3,50,Local Road,BEVERLEY,MONASH,-37.879585,145.1203,2023,2,February,14,Midday,Weekend
T20230002855,2023-02-05,13:30:00,1,Collision with vehicle,7,Sunday,120,HEAD ON (NOT OVERTAKING),1,778229,Not at intersection,3,60,Arterial Other,ROKEWOOD-SHELFORD,GOLDEN PLAINS,-38.013233,143.97208,2023,2,February,13,Midday,Weekend
T20230003035,2023-02-06,20:10:00,1,Collision with vehicle,1,Monday,121,RIGHT THROUGH,1,56018,Cross intersection,3,60,Arterial Highway,ROUGHEAD,SOUTH GIPPSLAND,-38.47209,145.94885,2023,2,February,20,Night,Weekday
T20230003260,2023-02-06,10:00:00,6,Vehicle overturned (no collision),1,Monday,174,OUT OF CONTROL ON CARRIAGEWAY (ON STRAIGHT),1,764327,Not at intersection,3,100,Local Road,BUCKLEYS,LATROBE,-38.23343,146.32631,2023,2,February,10,Midday,Weekday
T20230002944,2023-02-06,08:15:00,1,Collision with vehicle,1,Monday,121,RIGHT THROUGH,1,774145,T intersection,3,50,Local Road,ELLSCOTT,HUME,-37.542034,144.89851,2023,2,February,8,Morning Peak,Weekday
T20230002968,2023-02-06,16:48:00,1,Collision with vehicle,1,Monday,152,PULLING OUT (OVERTAKING),2,760223,Not at intersection,3,100,Arterial Other,NERRENA,SOUTH GIPPSLAND,-38.5113,146.07236,2023,2,February,16,Afternoon Peak,Weekday
T20230002964,2023-02-06,18:07:00,1,Collision with vehicle,1,Monday,130,REAR END(VEHICLES IN SAME LANE),1,778243,Not at intersection,3,80,Arterial Other,CRANBOURNE-FRANKSTON,FRANKSTON,-38.14401,145.20634,2023,2,February,18,Afternoon Peak,Weekday
T20230002963,2023-02-06,17:10:00,1,Collision with vehicle,1,Monday,130,REAR END(VEHICLES IN SAME LANE),1,754892,Not at intersection,3,60,Arterial Other,EPSOM,MELBOURNE,-37.78499,144.91893,2023,2,February,17,Afternoon Peak,Weekday
T20230003611,2023-02-06,22:14:00,1,Collision with vehicle,1,Monday,160,VEHICLE COLLIDES WITH VEHICLE PARKED ON LEFT OF ROAD,5,754457,Not at intersection,3,60,Local Road,BINDTS,WHITTLESEA,-37.60761,145.04512,2023,2,February,22,Night,Weekday
T20230002962,2023-02-06,16:20:00,1,Collision with vehicle,1,Monday,130,REAR END(VEHICLES IN SAME LANE),1,43068,T intersection,3,60,Arterial Other,HEATHERTON,DANDENONG,-37.9702,145.21623,2023,2,February,16,Afternoon Peak,Weekday
T20230002961,2023-02-06,14:31:00,4,Collision with a fixed object,1,Monday,171,LEFT OFF CARRIAGEWAY INTO OBJECT/PARKED VEHICLE,1,783651,Not at intersection,3,80,Arterial Other,WILLIAMSONS,MANNINGHAM,-37.767525,145.13138,2023,2,February,14,Midday,Weekday
T20230002904,2023-02-06,06:22:00,1,Collision with vehicle,1,Monday,130,REAR END(VEHICLES IN SAME LANE),3,753277,Not at intersection,3,100,Freeway,WESTERN RING,HUME,-37.69351,144.93474,2023,2,February,6,Morning Peak,Weekday
T20230002956,2023-02-06,12:42:00,2,Struck Pedestrian,1,Monday,100,PED NEAR SIDE. PED HIT BY VEHICLE FROM THE RIGHT.,1,765294,Not at intersection,2,60,Arterial Highway,BELL,BANYULE,-37.752544,145.04959,2023,2,February,12,Midday,Weekday
T20230002910,2023-02-06,06:37:00,1,Collision with vehicle,1,Monday,110,CROSS TRAFFIC(INTERSECTIONS ONLY),2,17544,Cross intersection,3,60,Arterial Highway,TELFORD,MOIRA,-36.017704,146.00461,2023,2,February,6,Morning Peak,Weekday
T20230009792,2023-02-06,19:57:00,1,Collision with vehicle,1,Monday,121,RIGHT THROUGH,1,780532,T intersection,3,60,Local Road,GLASSCOCKS,CASEY,-38.07376,145.32948,2023,2,February,19,Night,Weekday
T20230002900,2023-02-06,00:15:00,8,No collision and no object struck,1,Monday,174,OUT OF CONTROL ON CARRIAGEWAY (ON STRAIGHT),3,752941,Unknown,3,50,Arterial Other,MACAULAY,MELBOURNE,-37.798714,144.9425,2023,2,February,0,Late Night,Weekday
T20230005743,2023-02-06,06:30:00,1,Collision with vehicle,1,Monday,110,CROSS TRAFFIC(INTERSECTIONS ONLY),1,43072,Cross intersection,3,50,Local Road,ANN,DANDENONG,-37.978943,145.21565,2023,2,February,6,Morning Peak,Weekday
T20230002911,2023-02-06,06:29:00,1,Collision with vehicle,1,Monday,110,CROSS TRAFFIC(INTERSECTIONS ONLY),2,52933,Cross intersection,2,60,Arterial Other,GRANT,BALLARAT,-37.56966,143.86278,2023,2,February,6,Morning Peak,Weekday
T20230003477,2023-02-06,08:35:00,1,Collision with vehicle,1,Monday,129,OTHER OPPOSING MANOEUVRES NOT INCLUDED IN DCAs 120-125.,1,353176,T intersection,3,60,Arterial Other,FITZGERALDS ROAD SERVICE,WYNDHAM,-37.82321,144.78625,2023,2,February,8,Morning Peak,Weekday
T20230002913,2023-02-06,08:30:00,8,No collision and no object struck,1,Monday,184,OUT OF CONTROL ON CARRIAGEWAY (ON BEND),1,752933,Not at intersection,3,80,Local Road,BUTTERMANS,NILLUMBIK,-37.623474,145.32965,2023,2,February,8,Morning Peak,Weekday
T20230002983,2023-02-06,20:00:00,1,Collision with vehicle,1,Monday,160,VEHICLE COLLIDES WITH VEHICLE PARKED ON LEFT OF ROAD,2,777740,Not at intersection,3,70,Arterial Other,KINGS,BRIMBANK,-37.73027,144.78157,2023,2,February,20,Night,Weekday
T20230002984,2023-02-06,18:25:00,1,Collision with vehicle,1,Monday,113,RIGHT NEAR (INTERSECTIONS ONLY),1,64505,T intersection,2,60,Local Road,LYGON,YARRA,-37.783077,144.96994,2023,2,February,18,Afternoon Peak,Weekday
T20230002985,2023-02-06,22:00:00,1,Collision with vehicle,1,Monday,110,CROSS TRAFFIC(INTERSECTIONS ONLY),3,36362,Cross intersection,3,40,Local Road,DRUMMOND,YARRA,-37.7896,144.97035,2023,2,February,22,Night,Weekday
T20230003099,2023-02-06,14:09:00,1,Collision with vehicle,1,Monday,130,REAR END(VEHICLES IN SAME LANE),1,778531,T intersection,3,60,Local Road,LYALL,CASEY,-38.109505,145.28362,2023,2,February,14,Midday,Weekday
T20230005109,2023-02-06,01:24:00,1,Collision with vehicle,1,Monday,110,CROSS TRAFFIC(INTERSECTIONS ONLY),3,766651,Cross intersection,3,60,Local Road,INKERMAN,GLEN EIRA,-37.866463,145.00009,2023,2,February,1,Late Night,Weekday
T20230002988,2023-02-06,06:30:00,1,Collision with vehicle,1,Monday,148,VEHICLE OFF FOOTPATH STRIKES VEH ON CARRIAGEWAY,2,14900,T intersection,2,40,Arterial Highway,ST KILDA,PORT PHILLIP,-37.857307,144.98273,2023,2,February,6,Morning Peak,Weekday
T20230003045,2023-02-06,09:02:00,1,Collision with vehicle,1,Monday,111,RIGHT FAR (INTERSECTIONS ONLY),1,781378,T intersection,3,60,Arterial Other,HUNTINGDALE,MONASH,-37.856525,145.11383,2023,2,February,9,Morning Peak,Weekday
T20230002908,2023-02-06,09:25:00,1,Collision with vehicle,1,Monday,135,LANE CHANGE LEFT (NOT OVERTAKING),1,778528,Not at intersection,2,100,Freeway,MONASH,CASEY,-37.969322,145.23615,2023,2,February,9,Morning Peak,Weekday
T20230002925,2023-02-06,12:15:00,1,Collision with vehicle,1,Monday,110,CROSS TRAFFIC(INTERSECTIONS ONLY),1,51953,Cross intersection,3,50,Arterial Highway,MAIN,EAST GIPPSLAND,-37.826775,147.62682,2023,2,February,12,Midday,Weekday
T20230002930,2023-02-06,10:35:00,2,Struck Pedestrian,1,Monday,101,PED EMERGES FROM IN FRONT OF PARKED OR STATIONARY VEHICLE,1,752932,Not at intersection,3,50,Local Road,OUTLOOK,MORELAND,-37.704956,144.9068,2023,2,February,10,Midday,Weekday
T20230002934,2023-02-06,09:35:00,1,Collision with vehicle,1,Monday,137,LEFT TURN SIDESWIPE,1,29534,Cross intersection,2,60,Arterial Other,POWER,BOROONDARA,-37.818783,145.02692,2023,2,February,9,Morning Peak,Weekday
T20230003197,2023-02-06,18:15:00,1,Collision with vehicle,1,Monday,130,REAR END(VEHICLES IN SAME LANE),1,753876,Not at intersection,3,60,Arterial Other,SURREY,WHITEHORSE,-37.806515,145.1586,2023,2,February,18,Afternoon Peak,Weekday
T20230002937,2023-02-06,12:56:00,1,Collision with vehicle,1,Monday,130,REAR END(VEHICLES IN SAME LANE),1,49137,T intersection,2,80,Arterial Highway,PRINCES,GEELONG,-38.127583,144.35165,2023,2,February,12,Midday,Weekday
T20230002981,2023-02-06,15:49:00,4,Collision with a fixed object,1,Monday,173,RIGHT OFF CARRIAGEWAY INTO OBJECT/PARKED VEHICLE,1,37202,T intersection,1,40,Arterial Other,CHURCH,YARRA,-37.821438,144.99867,2023,2,February,15,Afternoon Peak,Weekday
T20230003022,2023-02-07,08:30:00,1,Collision with vehicle,2,Tuesday,137,LEFT TURN SIDESWIPE,1,767804,Cross intersection,3,50,Local Road,VICTORIA,DAREBIN,-37.76364,145.01244,2023,2,February,8,Morning Peak,Weekday
T20230003026,2023-02-07,10:21:00,1,Collision with vehicle,2,Tuesday,142,LEAVING PARKING,1,754078,Not at intersection,3,40,Arterial Other,CAMBERWELL,BOROONDARA,-37.828445,145.05336,2023,2,February,10,Midday,Weekday
T20230003027,2023-02-07,12:55:00,1,Collision with vehicle,2,Tuesday,111,RIGHT FAR (INTERSECTIONS ONLY),1,29784,Cross intersection,1,70,Arterial Other,PASCOE VALE,HUME,-37.640507,144.92879,2023,2,February,12,Midday,Weekday
T20230003030,2023-02-07,10:00:00,1,Collision with vehicle,2,Tuesday,134,LANE CHANGE RIGHT (NOT OVERTAKING),1,773974,Not at intersection,2,60,Arterial Other,BARRY,HUME,-37.666862,144.95079,2023,2,February,10,Midday,Weekday
T20230003034,2023-02-07,13:20:00,2,Struck Pedestrian,2,Tuesday,100,PED NEAR SIDE. PED HIT BY VEHICLE FROM THE RIGHT.,1,765882,Not at intersection,1,60,Arterial Other,MT ALEXANDER,MOONEE VALLEY,-37.744984,144.91064,2023,2,February,13,Midday,Weekday
T20230003076,2023-02-07,19:50:00,4,Collision with a fixed object,2,Tuesday,171,LEFT OFF CARRIAGEWAY INTO OBJECT/PARKED VEHICLE,2,778530,Not at intersection,3,60,Local Road,LYREBIRD,FRANKSTON,-38.102966,145.18745,2023,2,February,19,Night,Weekday
T20230003077,2023-02-07,18:34:00,1,Collision with vehicle,2,Tuesday,160,VEHICLE COLLIDES WITH VEHICLE PARKED ON LEFT OF ROAD,1,760935,Not at intersection,2,70,Arterial Other,MANNINGHAM,MANNINGHAM,-37.77252,145.10591,2023,2,February,18,Afternoon Peak,Weekday
T20230003036,2023-02-07,15:06:00,2,Struck Pedestrian,2,Tuesday,102,FAR SIDE. PED HIT BY VEHICLE FROM THE LEFT,1,753361,Not at intersection,3,40,Local Road,RAILWAY,MONASH,-37.879333,145.16318,2023,2,February,15,Afternoon Peak,Weekday
T20230003037,2023-02-07,12:00:00,1,Collision with vehicle,2,Tuesday,129,OTHER OPPOSING MANOEUVRES NOT INCLUDED IN DCAs 120-125.,1,10410,Multiple intersection,2,60,Arterial Other,KEILOR,MOONEE VALLEY,-37.74442,144.90999,2023,2,February,12,Midday,Weekday
T20230005097,2023-02-07,07:40:00,1,Collision with vehicle,2,Tuesday,110,CROSS TRAFFIC(INTERSECTIONS ONLY),1,37729,Cross intersection,3,40,Arterial Other,TOORAK,STONNINGTON,-37.839798,144.99811,2023,2,February,7,Morning Peak,Weekday
T20230003571,2023-02-07,18:00:00,1,Collision with vehicle,2,Tuesday,121,RIGHT THROUGH,2,43292,T intersection,3,50,Arterial Highway,NEPEAN,KINGSTON,-38.050625,145.11516,2023,2,February,18,Afternoon Peak,Weekday
T20230003001,2023-02-07,09:39:00,2,Struck Pedestrian,2,Tuesday,100,PED NEAR SIDE. PED HIT BY VEHICLE FROM THE RIGHT.,1,754440,Cross intersection,2,60,Arterial Highway,DIMBOOLA,HORSHAM,-36.71044,142.19633,2023,2,February,9,Morning Peak,Weekday
T20230002998,2023-02-07,08:20:00,4,Collision with a fixed object,2,Tuesday,183,OFF LEFT BEND INTO OBJECT/PARKED VEHICLE,1,753276,Not at intersection,3,80,Arterial Other,MELBOURNE,MACEDON RANGES,-37.49407,144.60634,2023,2,February,8,Morning Peak,Weekday
T20230002994,2023-02-07,05:30:00,3,Struck animal,2,Tuesday,167,STRUCK ANIMAL,2,780292,Not at intersection,3,60,Local Road,BASIN-OLINDA,YARRA RANGES,-37.8541,145.35432,2023,2,February,5,Morning Peak,Weekday
T20230003422,2023-02-07,17:00:00,1,Collision with vehicle,2,Tuesday,130,REAR END(VEHICLES IN SAME LANE),1,753975,Not at intersection,2,80,Arterial Other,CAMPBELLFIELD-GREENSBOROUGH,WHITTLESEA,-37.693146,144.99504,2023,2,February,17,Afternoon Peak,Weekday
T20230003052,2023-02-07,16:15:00,1,Collision with vehicle,2,Tuesday,160,VEHICLE COLLIDES WITH VEHICLE PARKED ON LEFT OF ROAD,1,780309,Not at intersection,3,60,Local Road,SPRINGFIELD,WHITEHORSE,-37.81273,145.17271,2023,2,February,16,Afternoon Peak,Weekday
T20230003059,2023-02-07,19:25:00,4,Collision with a fixed object,2,Tuesday,173,RIGHT OFF CARRIAGEWAY INTO OBJECT/PARKED VEHICLE,1,768040,Not at intersection,3,100,Arterial Highway,PRINCES,EAST GIPPSLAND,-37.740307,148.1551,2023,2,February,19,Night,Weekday
T20230003060,2023-02-07,20:15:00,1,Collision with vehicle,2,Tuesday,130,REAR END(VEHICLES IN SAME LANE),2,778939,Not at intersection,3,80,Arterial Other,DONNYBROOK,HUME,-37.5364,144.91193,2023,2,February,20,Night,Weekday
T20230003044,2023-02-07,16:09:00,1,Collision with vehicle,2,Tuesday,130,REAR END(VEHICLES IN SAME LANE),1,773635,Y intersection,3,50,Local Road,MACCLESFIELD,CARDINIA,-37.91917,145.46921,2023,2,February,16,Afternoon Peak,Weekday
T20230003046,2023-02-07,17:22:00,1,Collision with vehicle,2,Tuesday,134,LANE CHANGE RIGHT (NOT OVERTAKING),1,753275,Not at intersection,3,60,Arterial Other,THOMPSON,GEELONG,-38.10236,144.34502,2023,2,February,17,Afternoon Peak,Weekday
T20230003893,2023-02-07,19:45:00,1,Collision with vehicle,2,Tuesday,110,CROSS TRAFFIC(INTERSECTIONS ONLY),1,15419,Cross intersection,3,60,Local Road,MT PLEASANT,GEELONG,-38.170612,144.34268,2023,2,February,19,Night,Weekday
T20230003049,2023-02-07,07:29:00,1,Collision with vehicle,2,Tuesday,110,CROSS TRAFFIC(INTERSECTIONS ONLY),1,53372,Cross intersection,1,100,Arterial Highway,MURRAY VALLEY,MOIRA,-35.92548,145.3319,2023,2,February,7,Morning Peak,Weekday
T20230013064,2023-02-07,14:45:00,1,Collision with vehicle,2,Tuesday,135,LANE CHANGE LEFT (NOT OVERTAKING),1,775651,Not at intersection,3,100,Freeway,MONASH,CASEY,-37.97093,145.23676,2023,2,February,14,Midday,Weekday
T20230003058,2023-02-07,17:08:00,1,Collision with vehicle,2,Tuesday,130,REAR END(VEHICLES IN SAME LANE),1,759216,Not at intersection,2,80,Freeway,HUME-METROPOLITAN RING IN,WHITTLESEA,-37.687412,144.98628,2023,2,February,17,Afternoon Peak,Weekday
T20230003618,2023-02-07,11:07:00,8,No collision and no object struck,2,Tuesday,174,OUT OF CONTROL ON CARRIAGEWAY (ON STRAIGHT),9,759725,Not at intersection,3,40,Local Road,ELIZABETH,MELBOURNE,-37.815533,144.96376,2023,2,February,11,Midday,Weekday
T20230003062,2023-02-07,19:22:00,1,Collision with vehicle,2,Tuesday,111,RIGHT FAR (INTERSECTIONS ONLY),1,17778,Cross intersection,1,100,Local Road,KATANDRA MAIN,SHEPPARTON,-36.23916,145.5594,2023,2,February,19,Night,Weekday
T20230003063,2023-02-07,23:49:00,4,Collision with a fixed object,2,Tuesday,171,LEFT OFF CARRIAGEWAY INTO OBJECT/PARKED VEHICLE,3,759217,Not at intersection,2,70,Arterial Highway,PRINCES,GEELONG,-38.077557,144.36646,2023,2,February,23,Night,Weekday
T20230003012,2023-02-07,07:06:00,1,Collision with vehicle,2,Tuesday,147,VEHICLE STRIKES ANOTHER VEH WHILE EMERGING FROM DRIVEWAY,1,776641,Not at intersection,2,80,Arterial Highway,FRANKSTON-DANDENONG,DANDENONG,-38.01521,145.21529,2023,2,February,7,Morning Peak,Weekday
T20230003011,2023-02-07,10:15:00,1,Collision with vehicle,2,Tuesday,121,RIGHT THROUGH,1,37455,T intersection,2,40,Local Road,RICHARDSON,PORT PHILLIP,-37.841324,144.94707,2023,2,February,10,Midday,Weekday
T20230008877,2023-02-07,15:15:00,1,Collision with vehicle,2,Tuesday,130,REAR END(VEHICLES IN SAME LANE),1,768541,Cross intersection,3,80,Arterial Highway,SOUTH GIPPSLAND,CASEY,-38.04253,145.25224,2023,2,February,15,Afternoon Peak,Weekday
T20230003334,2023-02-08,08:00:00,1,Collision with vehicle,3,Wednesday,137,LEFT TURN SIDESWIPE,1,6899,Cross intersection,3,60,Arterial Other,LYGON,MELBOURNE,-37.792244,144.9684,2023,2,February,8,Morning Peak,Weekday
T20230003101,2023-02-08,08:10:00,1,Collision with vehicle,3,Wednesday,121,RIGHT THROUGH,1,36386,Cross intersection,3,40,Local Road,NEWRY,YARRA,-37.78976,144.97183,2023,2,February,8,Morning Peak,Weekday
T20230003098,2023-02-08,08:45:00,1,Collision with vehicle,3,Wednesday,134,LANE CHANGE RIGHT (NOT OVERTAKING),2,779015,Not at intersection,3,60,Local Road,MINERVA,GEELONG,-38.13051,144.3318,2023,2,February,8,Morning Peak,Weekday
T20230003072,2023-02-08,06:10:00,1,Collision with vehicle,3,Wednesday,140,U TURN,1,753577,T intersection,2,80,Local Road,NORMANBY,CASEY,-38.099873,145.2829,2023,2,February,6,Morning Peak,Weekday
T20230003066,2023-02-08,04:45:00,3,Struck animal,3,Wednesday,167,STRUCK ANIMAL,5,756412,Not at intersection,3,80,Local Road,KILLARA,YARRA RANGES,-37.744984,145.46802,2023,2,February,4,Late Night,Weekday
T20230021081,2023-02-08,15:30:00,1,Collision with vehicle,3,Wednesday,160,VEHICLE COLLIDES WITH VEHICLE PARKED ON LEFT OF ROAD,1,780539,Not at intersection,3,50,Local Road,RALEIGH,DAREBIN,-37.759846,145.01082,2023,2,February,15,Afternoon Peak,Weekday
T20230004858,2023-02-08,16:40:00,1,Collision with vehicle,3,Wednesday,130,REAR END(VEHICLES IN SAME LANE),1,36193,Cross intersection,3,50,Local Road,HOWARD,MELBOURNE,-37.803547,144.95406,2023,2,February,16,Afternoon Peak,Weekday
T20230003215,2023-02-08,18:00:00,1,Collision with vehicle,3,Wednesday,163,VEHICLE STRIKES DOOR OF PARKED/STATIONARY VEHICLE,1,772188,Not at intersection,3,40,Arterial Other,CHURCH,YARRA,-37.82513,144.99803,2023,2,February,18,Afternoon Peak,Weekday
T20230003088,2023-02-08,09:03:00,1,Collision with vehicle,3,Wednesday,136,RIGHT TURN SIDESWIPE,1,754204,Not at intersection,3,50,Local Road,GEOFFREY,WHITTLESEA,-37.681686,145.01646,2023,2,February,9,Morning Peak,Weekday
T20230003085,2023-02-08,05:35:00,1,Collision with vehicle,3,Wednesday,130,REAR END(VEHICLES IN SAME LANE),3,42421,T intersection,3,60,Arterial Other,CENTRE,KINGSTON,-37.929913,145.13004,2023,2,February,5,Morning Peak,Weekday
T20230003269,2023-02-08,11:28:00,1,Collision with vehicle,3,Wednesday,140,U TURN,1,44928,T intersection,2,60,Arterial Other,MAIN,BRIMBANK,-37.743324,144.79184,2023,2,February,11,Midday,Weekday
T20230003083,2023-02-08,10:50:00,4,Collision with a fixed object,3,Wednesday,181,OFF RIGHT BEND INTO OBJECT/PARKED VEHICLE,1,774893,Not at intersection,3,50,Local Road,LAGANA,SHEPPARTON,-36.396526,145.41577,2023,2,February,10,Midday,Weekday
T20230003266,2023-02-08,18:00:00,1,Collision with vehicle,3,Wednesday,110,CROSS TRAFFIC(INTERSECTIONS ONLY),1,55897,Cross intersection,3,50,Local Road,CAROLINE SPRINGS,MELTON,-37.73589,144.7404,2023,2,February,18,Afternoon Peak,Weekday
T20230018445,2023-02-08,22:04:00,1,Collision with vehicle,3,Wednesday,130,REAR END(VEHICLES IN SAME LANE),9,778712,Cross intersection,3,50,Local Road,MAJESTIC,CASEY,-38.089592,145.2883,2023,2,February,22,Night,Weekday
T20230003140,2023-02-08,23:18:00,1,Collision with vehicle,3,Wednesday,130,REAR END(VEHICLES IN SAME LANE),3,754441,Not at intersection,3,40,Freeway,METROPOLITAN RING,WHITTLESEA,-37.68585,145.01878,2023,2,February,23,Night,Weekday
T20230003091,2023-02-08,12:32:00,1,Collision with vehicle,3,Wednesday,110,CROSS TRAFFIC(INTERSECTIONS ONLY),1,51403,Cross intersection,3,50,Local Road,HOVELL,CAMPASPE,-36.131775,144.75719,2023,2,February,12,Midday,Weekday