ACCIDENT_NO,ACCIDENT_DATE,ACCIDENT_TIME,ACCIDENT_TYPE,ACCIDENT_TYPE_DESC,DAY_OF_WEEK,DAY_WEEK_DESC,DCA_CODE,DCA_DESC,LIGHT_CONDITION,NODE_ID,ROAD_GEOMETRY_DESC,SEVERITY,SPEED_ZONE,RMA,ROAD_NAME,LGA_NAME,LATITUDE,LONGITUDE,YEAR,MONTH,MONTH_NAME,HOUR,TIME_PERIOD,DAY_TYPE
T20230006370,2023-02-08,19:10:00,1,Collision with vehicle,3,Wednesday,163,VEHICLE STRIKES DOOR OF PARKED/STATIONARY VEHICLE,2,775627,Not at intersection,3,50,Arterial Other,HIGH,STONNINGTON,-37.85232,144.99681,2023,2,February,19,Night,Weekday
T20230003096,2023-02-08,12:33:00,1,Collision with vehicle,3,Wednesday,152,PULLING OUT (OVERTAKING),1,754077,Not at intersection,3,50,Local Road,ALBERT,KINGSTON,-38.004353,145.08629,2023,2,February,12,Midday,Weekday
T20230003139,2023-02-08,22:52:00,1,Collision with vehicle,3,Wednesday,121,RIGHT THROUGH,3,779017,Not at intersection,3,60,Arterial Highway,BURWOOD,WHITEHORSE,-37.849438,145.10884,2023,2,February,22,Night,Weekday
T20230003130,2023-02-08,18:50:00,2,Struck Pedestrian,3,Wednesday,101,PED EMERGES FROM IN FRONT OF PARKED OR STATIONARY VEHICLE,1,762147,Not at intersection,2,60,Local Road,WILSONS,GEELONG,-38.173653,144.39085,2023,2,February,18,Afternoon Peak,Weekday
T20230003127,2023-02-08,19:04:00,4,Collision with a fixed object,3,Wednesday,171,LEFT OFF CARRIAGEWAY INTO OBJECT/PARKED VEHICLE,1,758013,Not at intersection,3,60,Local Road,FAULKNERS,MELTON,-37.77375,144.62666,2023,2,February,19,Night,Weekday
T20230003124,2023-02-08,17:43:00,2,Struck Pedestrian,3,Wednesday,100,PED NEAR SIDE. PED HIT BY VEHICLE FROM THE RIGHT.,1,753484,Not at intersection,3,60,Local Road,HUME,MELTON,-37.711777,144.72975,2023,2,February,17,Afternoon Peak,Weekday
T20230003123,2023-02-08,18:15:00,6,Vehicle overturned (no collision),3,Wednesday,180,OFF CARRIAGEWAY ON RIGHT BEND,1,781393,Not at intersection,2,80,Arterial Other,WELLINGTON,YARRA RANGES,-37.939625,145.38281,2023,2,February,18,Afternoon Peak,Weekday
T20230005108,2023-02-08,08:00:00,1,Collision with vehicle,3,Wednesday,130,REAR END(VEHICLES IN SAME LANE),1,758486,Not at intersection,2,100,Arterial Other,MANSFIELD-WHITFIELD,MANSFIELD,-36.946465,146.20277,2023,2,February,8,Morning Peak,Weekday
T20230003122,2023-02-08,17:30:00,4,Collision with a fixed object,3,Wednesday,183,OFF LEFT BEND INTO OBJECT/PARKED VEHICLE,1,760579,Not at intersection,2,60,Arterial Other,BELGRAVE-GEMBROOK,YARRA RANGES,-37.917637,145.40237,2023,2,February,17,Afternoon Peak,Weekday
T20230003121,2023-02-08,17:30:00,1,Collision with vehicle,3,Wednesday,135,LANE CHANGE LEFT (NOT OVERTAKING),2,779016,Not at intersection,3,80,Arterial Highway,PRINCES,CASEY,-38.01818,145.29529,2023,2,February,17,Afternoon Peak,Weekday
T20230003120,2023-02-08,19:00:00,1,Collision with vehicle,3,Wednesday,130,REAR END(VEHICLES IN SAME LANE),1,753170,Not at intersection,3,80,Arterial Highway,NEPEAN,KINGSTON,-37.965393,145.0576,2023,2,February,19,Night,Weekday
T20230003119,2023-02-08,16:15:00,1,Collision with vehicle,3,Wednesday,160,VEHICLE COLLIDES WITH VEHICLE PARKED ON LEFT OF ROAD,1,759215,Not at intersection,2,30,Local Road,GOLD,YARRA,-37.79849,144.98923,2023,2,February,16,Afternoon Peak,Weekday
T20230003118,2023-02-08,17:53:00,1,Collision with vehicle,3,Wednesday,121,RIGHT THROUGH,1,698463,T intersection,2,70,Arterial Other,SOUTH,KINGSTON,-37.9353,145.0523,2023,2,February,17,Afternoon Peak,Weekday
T20230005639,2023-02-08,11:03:00,2,Struck Pedestrian,3,Wednesday,104,PED WALKING WITH TRAFFIC,9,786699,Not at intersection,3,50,Local Road,WHITEHORSE,WHITEHORSE,-37.818176,145.17285,2023,2,February,11,Midday,Weekday
T20230003941,2023-02-08,09:00:00,1,Collision with vehicle,3,Wednesday,130,REAR END(VEHICLES IN SAME LANE),1,304636,Cross intersection,2,40,Local Road,AITKEN,HUME,-37.616432,144.91342,2023,2,February,9,Morning Peak,Weekday
T20230003093,2023-02-08,12:30:00,1,Collision with vehicle,3,Wednesday,113,RIGHT NEAR (INTERSECTIONS ONLY),1,759724,T intersection,2,80,Arterial Other,FERNTREE GULLY,KNOX,-37.884926,145.26828,2023,2,February,12,Midday,Weekday
T20230003116,2023-02-08,14:15:00,2,Struck Pedestrian,3,Wednesday,100,PED NEAR SIDE. PED HIT BY VEHICLE FROM THE RIGHT.,1,754076,Not at intersection,3,40,Local Road,COLLINS,MELBOURNE,-37.818813,144.95505,2023,2,February,14,Midday,Weekday
T20230003115,2023-02-08,17:42:00,1,Collision with vehicle,3,Wednesday,130,REAR END(VEHICLES IN SAME LANE),1,753169,Not at intersection,3,60,Arterial Other,POINT COOK,WYNDHAM,-37.888287,144.75578,2023,2,February,17,Afternoon Peak,Weekday
T20230003111,2023-02-08,15:18:00,1,Collision with vehicle,3,Wednesday,130,REAR END(VEHICLES IN SAME LANE),1,753390,Not at intersection,3,60,Arterial Highway,QUEENS,PORT PHILLIP,-37.84908,144.97781,2023,2,February,15,Afternoon Peak,Weekday
T20230011192,2023-02-08,18:03:00,1,Collision with vehicle,3,Wednesday,113,RIGHT NEAR (INTERSECTIONS ONLY),2,42680,T intersection,3,80,Arterial Other,WELLINGTON,YARRA RANGES,-37.961178,145.36115,2023,2,February,18,Afternoon Peak,Weekday
T20230003204,2023-02-09,16:24:00,1,Collision with vehicle,4,Thursday,154,PULLING OUT -REAR END,1,762364,Not at intersection,2,70,Arterial Other,BALLARAT,BRIMBANK,-37.770805,144.77974,2023,2,February,16,Afternoon Peak,Weekday
T20230003199,2023-02-09,11:50:00,1,Collision with vehicle,4,Thursday,130,REAR END(VEHICLES IN SAME LANE),1,755943,Not at intersection,2,40,Arterial Other,QUEENS PARK,GEELONG,-38.14978,144.32289,2023,2,February,11,Midday,Weekday
T20230003172,2023-02-09,08:15:00,1,Collision with vehicle,4,Thursday,119,OTHER ADJACENT (INTERSECTIONS ONLY),1,36798,Cross intersection,3,60,Arterial Other,NORMANBY,PORT PHILLIP,-37.830566,144.9457,2023,2,February,8,Morning Peak,Weekday
T20230003235,2023-02-09,22:10:00,1,Collision with vehicle,4,Thursday,140,U TURN,3,779233,Not at intersection,3,60,Arterial Other,BURKE,BOROONDARA,-37.83605,145.05582,2023,2,February,22,Night,Weekday
T20230003198,2023-02-09,08:30:00,1,Collision with vehicle,4,Thursday,163,VEHICLE STRIKES DOOR OF PARKED/STATIONARY VEHICLE,1,66052,T intersection,3,40,Local Road,CHURCH,MELBOURNE,-37.81799,144.9579,2023,2,February,8,Morning Peak,Weekday
T20230003341,2023-02-09,22:15:00,6,Vehicle overturned (no collision),4,Thursday,182,OFF CARRIAGEWAY ON LEFT BEND,5,795776,Not at intersection,3,100,Arterial Other,LISMORE-SKIPTON,CORANGAMITE,-37.734707,143.34027,2023,2,February,22,Night,Weekday
T20230003182,2023-02-09,12:04:00,1,Collision with vehicle,4,Thursday,131,LEFT REAR,1,759594,Cross intersection,2,100,Arterial Other,BLUE RIBBON,HORSHAM,-36.682423,142.20207,2023,2,February,12,Midday,Weekday
T20230003191,2023-02-09,10:45:00,1,Collision with vehicle,4,Thursday,140,U TURN,1,754070,T intersection,2,100,Arterial Other,TRARALGON CREEK,LATROBE,-38.23357,146.541,2023,2,February,10,Midday,Weekday
T20230003230,2023-02-09,19:19:00,1,Collision with vehicle,4,Thursday,159,OTHER OVERTAKING MANOEUVRES NOT INCLUDED IN DCAs 150-154,1,765397,Not at intersection,1,60,Arterial Other,PARA,BANYULE,-37.713703,145.115,2023,2,February,19,Night,Weekday
T20230003588,2023-02-09,08:30:00,1,Collision with vehicle,4,Thursday,130,REAR END(VEHICLES IN SAME LANE),1,769282,Not at intersection,3,80,Arterial Other,HEATHERTON,CASEY,-37.973927,145.24878,2023,2,February,8,Morning Peak,Weekday
T20230003229,2023-02-09,21:35:00,1,Collision with vehicle,4,Thursday,160,VEHICLE COLLIDES WITH VEHICLE PARKED ON LEFT OF ROAD,3,777997,Not at intersection,3,50,Local Road,HAWKER,HUME,-37.624657,144.92668,2023,2,February,21,Night,Weekday
T20230014114,2023-02-09,17:30:00,1,Collision with vehicle,4,Thursday,130,REAR END(VEHICLES IN SAME LANE),2,57918,Y intersection,3,80,Arterial Highway,DANDENONG,STONNINGTON,-37.878128,145.04764,2023,2,February,17,Afternoon Peak,Weekday
T20230003151,2023-02-09,08:35:00,1,Collision with vehicle,4,Thursday,137,LEFT TURN SIDESWIPE,1,38050,Cross intersection,2,60,Arterial Other,HEIDELBERG,DAREBIN,-37.782944,145.01978,2023,2,February,8,Morning Peak,Weekday
T20230003308,2023-02-09,08:33:00,8,No collision and no object struck,4,Thursday,179,OTHER ACCIDENTS-OFF STRAIGHT NOT INCLUDED IN DCAs 170-175,1,17569,Cross intersection,3,60,Arterial Other,GADSDEN,WODONGA,-36.10924,146.86993,2023,2,February,8,Morning Peak,Weekday
T20230003226,2023-02-09,19:49:00,1,Collision with vehicle,4,Thursday,140,U TURN,1,774895,T intersection,2,60,Arterial Other,BLUFF,BAYSIDE,-37.9735,145.01657,2023,2,February,19,Night,Weekday
T20230003152,2023-02-09,08:20:00,1,Collision with vehicle,4,Thursday,113,RIGHT NEAR (INTERSECTIONS ONLY),1,42626,T intersection,3,50,Local Road,CHARLES,MORELAND,-37.7304,144.95457,2023,2,February,8,Morning Peak,Weekday
T20230004449,2023-02-09,17:00:00,1,Collision with vehicle,4,Thursday,163,VEHICLE STRIKES DOOR OF PARKED/STATIONARY VEHICLE,1,778186,Not at intersection,3,40,Arterial Other,SPENCER,MELBOURNE,-37.815857,144.95267,2023,2,February,17,Afternoon Peak,Weekday
T20230003222,2023-02-09,14:14:00,1,Collision with vehicle,4,Thursday,130,REAR END(VEHICLES IN SAME LANE),1,783778,Not at intersection,3,80,Arterial Highway,MAROONDAH,YARRA RANGES,-37.743885,145.37328,2023,2,February,14,Midday,Weekday
T20230007919,2023-02-09,12:45:00,1,Collision with vehicle,4,Thursday,153,CUTTING IN (OVERTAKING),1,769297,Not at intersection,3,80,Local Road,OLD YEO,COLAC OTWAY,-38.366787,143.6387,2023,2,February,12,Midday,Weekday
T20230004370,2023-02-09,09:19:00,1,Collision with vehicle,4,Thursday,130,REAR END(VEHICLES IN SAME LANE),2,781030,Not at intersection,3,60,Arterial Other,GLEN EIRA,GLEN EIRA,-37.879917,145.02242,2023,2,February,9,Morning Peak,Weekday
T20230003359,2023-02-09,08:20:00,1,Collision with vehicle,4,Thursday,135,LANE CHANGE LEFT (NOT OVERTAKING),1,755294,Not at intersection,3,60,Arterial Highway,BELL,DAREBIN,-37.74683,145.0176,2023,2,February,8,Morning Peak,Weekday
T20230003727,2023-02-09,15:57:00,1,Collision with vehicle,4,Thursday,111,RIGHT FAR (INTERSECTIONS ONLY),1,779005,T intersection,3,80,Arterial Other,FRANKSTON-FLINDERS,MORNINGTON PENINSULA,-38.28569,145.1836,2023,2,February,15,Afternoon Peak,Weekday
T20230003433,2023-02-09,22:00:00,4,Collision with a fixed object,4,Thursday,173,RIGHT OFF CARRIAGEWAY INTO OBJECT/PARKED VEHICLE,3,783690,Not at intersection,3,60,Arterial Other,ESPLANADE,MORNINGTON PENINSULA,-38.24342,145.02994,2023,2,February,22,Night,Weekday
T20230003166,2023-02-09,07:06:00,1,Collision with vehicle,4,Thursday,130,REAR END(VEHICLES IN SAME LANE),1,754995,Not at intersection,3,70,Arterial Other,POUND,CASEY,-38.040752,145.29062,2023,2,February,7,Morning Peak,Weekday
T20230004589,2023-02-09,07:50:00,1,Collision with vehicle,4,Thursday,135,LANE CHANGE LEFT (NOT OVERTAKING),1,783693,Not at intersection,3,70,Arterial Highway,HODDLE,YARRA,-37.796486,144.99353,2023,2,February,7,Morning Peak,Weekday
T20230003148,2023-02-09,08:05:00,1,Collision with vehicle,4,Thursday,130,REAR END(VEHICLES IN SAME LANE),1,754552,Not at intersection,3,60,Local Road,NORTH,SHEPPARTON,-36.380413,145.40614,2023,2,February,8,Morning Peak,Weekday
T20230003147,2023-02-09,07:10:00,1,Collision with vehicle,4,Thursday,160,VEHICLE COLLIDES WITH VEHICLE PARKED ON LEFT OF ROAD,1,759326,Not at intersection,3,50,Local Road,ELDORADO,HUME,-37.657963,144.91875,2023,2,February,7,Morning Peak,Weekday
T20230003145,2023-02-09,05:54:00,1,Collision with vehicle,4,Thursday,134,LANE CHANGE RIGHT (NOT OVERTAKING),3,757034,Not at intersection,2,100,Freeway,MONASH,CASEY,-37.998947,145.28293,2023,2,February,5,Morning Peak,Weekday
T20230003208,2023-02-09,13:50:00,1,Collision with vehicle,4,Thursday,116,LEFT NEAR (INTERSECTIONS ONLY),1,254449,Cross intersection,3,60,Local Road,MCINTOSH,HOBSONS BAY,-37.843594,144.85101,2023,2,February,13,Midday,Weekday
T20230003564,2023-02-09,08:10:00,1,Collision with vehicle,4,Thursday,137,LEFT TURN SIDESWIPE,1,783691,Not at intersection,3,80,Arterial Highway,SPRINGVALE,DANDENONG,-37.995224,145.14383,2023,2,February,8,Morning Peak,Weekday
T20230003265,2023-02-09,16:31:00,1,Collision with vehicle,4,Thursday,110,CROSS TRAFFIC(INTERSECTIONS ONLY),1,51247,Cross intersection,3,100,Arterial Highway,MURRAY VALLEY,MOIRA,-35.94814,145.67802,2023,2,February,16,Afternoon Peak,Weekday
T20230003207,2023-02-09,16:45:00,4,Collision with a fixed object,4,Thursday,146,REVERSING INTO FIXED OBJECT/PARKED VEHICLE,1,754030,Not at intersection,3,40,Local Road,JEFFERY,BANYULE,-37.714104,145.10802,2023,2,February,16,Afternoon Peak,Weekday
T20230003565,2023-02-09,15:00:00,1,Collision with vehicle,4,Thursday,110,CROSS TRAFFIC(INTERSECTIONS ONLY),1,52943,Cross intersection,3,60,Arterial Other,MAIN,BALLARAT,-37.571625,143.87076,2023,2,February,15,Afternoon Peak,Weekday
T20230003206,2023-02-09,15:25:00,1,Collision with vehicle,4,Thursday,148,VEHICLE OFF FOOTPATH STRIKES VEH ON CARRIAGEWAY,1,72671,Cross intersection,3,50,Local Road,BARWARRE,GEELONG,-38.19679,144.35255,2023,2,February,15,Afternoon Peak,Weekday
T20230003177,2023-02-09,08:11:00,1,Collision with vehicle,4,Thursday,147,VEHICLE STRIKES ANOTHER VEH WHILE EMERGING FROM DRIVEWAY,1,754069,Not at intersection,3,70,Arterial Other,BLACKBURN,MONASH,-37.920296,145.13939,2023,2,February,8,Morning Peak,Weekday
T20230003188,2023-02-09,13:30:00,1,Collision with vehicle,4,Thursday,121,RIGHT THROUGH,1,29738,Cross intersection,3,60,Arterial Other,MURRAY,MORELAND,-37.735954,144.98291,2023,2,February,13,Midday,Weekday
T20230003185,2023-02-09,13:18:00,1,Collision with vehicle,4,Thursday,130,REAR END(VEHICLES IN SAME LANE),1,774348,Cross intersection,3,60,Local Road,THOMAS MITCHELL,WODONGA,-36.134018,146.90381,2023,2,February,13,Midday,Weekday
T20230003184,2023-02-09,13:20:00,1,Collision with vehicle,4,Thursday,121,RIGHT THROUGH,1,753391,Not at intersection,3,40,Local Road,LONSDALE,MELBOURNE,-37.812008,144.9632,2023,2,February,13,Midday,Weekday
T20230003340,2023-02-09,10:30:00,1,Collision with vehicle,4,Thursday,121,RIGHT THROUGH,1,753784,Not at intersection,2,50,Local Road,NEALE,BRIMBANK,-37.75224,144.77449,2023,2,February,10,Midday,Weekday
T20230003295,2023-02-10,17:20:00,1,Collision with vehicle,5,Friday,121,RIGHT THROUGH,1,778180,Cross intersection,3,80,Arterial Highway,SOUTH GIPPSLAND,CASEY,-38.084705,145.27771,2023,2,February,17,Afternoon Peak,Weekday
T20230003294,2023-02-10,17:00:00,2,Struck Pedestrian,5,Friday,101,PED EMERGES FROM IN FRONT OF PARKED OR STATIONARY VEHICLE,1,753597,Not at intersection,2,60,Local Road,MCGRATH,WYNDHAM,-37.884933,144.63199,2023,2,February,17,Afternoon Peak,Weekday
T20230003293,2023-02-10,15:30:00,1,Collision with vehicle,5,Friday,121,RIGHT THROUGH,1,755593,Cross intersection,3,60,Local Road,NARCISSUS,KNOX,-37.861797,145.27812,2023,2,February,15,Afternoon Peak,Weekday
T20230003292,2023-02-10,17:30:00,1,Collision with vehicle,5,Friday,163,VEHICLE STRIKES DOOR OF PARKED/STATIONARY VEHICLE,1,753596,Not at intersection,3,40,Local Road,ELIZABETH,MELBOURNE,-37.809017,144.96075,2023,2,February,17,Afternoon Peak,Weekday
T20230003291,2023-02-10,15:00:00,1,Collision with vehicle,5,Friday,137,LEFT TURN SIDESWIPE,1,68673,T intersection,3,60,Local Road,MARKET,WYNDHAM,-37.890636,144.65387,2023,2,February,15,Afternoon Peak,Weekday
T20230003286,2023-02-10,17:10:00,1,Collision with vehicle,5,Friday,133,LANE SIDE SWIPE (VEHICLES IN PARALLEL LANES),1,753687,Not at intersection,3,40,Local Road,NELSON,HOBSONS BAY,-37.863056,144.90437,2023,2,February,17,Afternoon Peak,Weekday
T20230003285,2023-02-10,15:40:00,2,Struck Pedestrian,5,Friday,100,PED NEAR SIDE. PED HIT BY VEHICLE FROM THE RIGHT.,1,39235,T intersection,3,60,Arterial Other,CANTERBURY,WHITEHORSE,-37.82625,145.09993,2023,2,February,15,Afternoon Peak,Weekday
T20230003284,2023-02-10,15:54:00,2,Struck Pedestrian,5,Friday,100,PED NEAR SIDE. PED HIT BY VEHICLE FROM THE RIGHT.,1,35414,Y intersection,3,60,Arterial Other,ALEXANDRA,STONNINGTON,-37.834843,144.99655,2023,2,February,15,Afternoon Peak,Weekday
T20230003283,2023-02-10,11:20:00,4,Collision with a fixed object,5,Friday,175,OFF END OF ROAD/T-INTERSECTION.,1,754766,T intersection,2,100,Local Road,LIMESTONE,EAST GIPPSLAND,-36.897877,147.91522,2023,2,February,11,Midday,Weekday
T20230003281,2023-02-10,11:50:00,6,Vehicle overturned (no collision),5,Friday,182,OFF CARRIAGEWAY ON LEFT BEND,1,753595,Not at intersection,3,80,Arterial Other,HEIDELBERG-KINGLAKE,NILLUMBIK,-37.562508,145.31836,2023,2,February,11,Midday,Weekday
T20230012347,2023-02-10,09:00:00,4,Collision with a fixed object,5,Friday,179,OTHER ACCIDENTS-OFF STRAIGHT NOT INCLUDED IN DCAs 170-175,1,781205,Not at intersection,3,50,Local Road,GLANVILLE,CAMPASPE,-36.12569,144.90456,2023,2,February,9,Morning Peak,Weekday
T20230003272,2023-02-10,08:00:00,1,Collision with vehicle,5,Friday,113,RIGHT NEAR (INTERSECTIONS ONLY),1,64891,T intersection,3,50,Local Road,BEACHLEY,MARIBYRNONG,-37.791332,144.85112,2023,2,February,8,Morning Peak,Weekday
T20230003507,2023-02-10,14:45:00,1,Collision with vehicle,5,Friday,130,REAR END(VEHICLES IN SAME LANE),1,813,Cross intersection,2,70,Arterial Other,SYDNEY,MORELAND,-37.701077,144.96011,2023,2,February,14,Midday,Weekday
T20230003736,2023-02-10,09:00:00,1,Collision with vehicle,5,Friday,129,OTHER OPPOSING MANOEUVRES NOT INCLUDED IN DCAs 120-125.,1,43129,Cross intersection,3,50,Local Road,BOX,CASEY,-37.995087,145.23802,2023,2,February,9,Morning Peak,Weekday
T20230003297,2023-02-10,17:15:00,1,Collision with vehicle,5,Friday,134,LANE CHANGE RIGHT (NOT OVERTAKING),1,779018,Not at intersection,3,50,Local Road,HANSON,HUME,-37.592747,144.93726,2023,2,February,17,Afternoon Peak,Weekday
T20230003267,2023-02-10,12:16:00,1,Collision with vehicle,5,Friday,110,CROSS TRAFFIC(INTERSECTIONS ONLY),1,684171,Cross intersection,2,100,Local Road,CARRARAGARMUNGEE ESTATE,WANGARATTA,-36.32948,146.45956,2023,2,February,12,Midday,Weekday
T20230003263,2023-02-10,08:20:00,1,Collision with vehicle,5,Friday,137,LEFT TURN SIDESWIPE,1,753952,T intersection,3,60,Arterial Other,MT ALEXANDER,MOONEE VALLEY,-37.781364,144.9327,2023,2,February,8,Morning Peak,Weekday
T20230003262,2023-02-10,06:55:00,4,Collision with a fixed object,5,Friday,181,OFF RIGHT BEND INTO OBJECT/PARKED VEHICLE,1,755944,Not at intersection,3,50,Local Road,BEAUMONT,CASEY,-38.01846,145.35329,2023,2,February,6,Morning Peak,Weekday
T20230003259,2023-02-10,10:15:00,2,Struck Pedestrian,5,Friday,100,PED NEAR SIDE. PED HIT BY VEHICLE FROM THE RIGHT.,1,763463,T intersection,3,50,Local Road,OHEA,MORELAND,-37.73671,144.95627,2023,2,February,10,Midday,Weekday
T20230003258,2023-02-10,11:37:00,1,Collision with vehicle,5,Friday,135,LANE CHANGE LEFT (NOT OVERTAKING),1,755708,T intersection,2,80,Arterial Highway,PRINCES,DANDENONG,-37.97516,145.20366,2023,2,February,11,Midday,Weekday
T20230003742,2023-02-10,16:38:00,1,Collision with vehicle,5,Friday,133,LANE SIDE SWIPE (VEHICLES IN PARALLEL LANES),1,783701,Not at intersection,3,60,Arterial Highway,MAROONDAH,YARRA RANGES,-37.668507,145.5116,2023,2,February,16,Afternoon Peak,Weekday
T20230004985,2023-02-10,15:05:00,1,Collision with vehicle,5,Friday,150,HEAD ON(OVERTAKING),1,758281,Not at intersection,3,40,Arterial Other,MALVERN,STONNINGTON,-37.852825,145.03906,2023,2,February,15,Afternoon Peak,Weekday
T20230003309,2023-02-10,18:29:00,1,Collision with vehicle,5,Friday,130,REAR END(VEHICLES IN SAME LANE),1,778999,Not at intersection,3,100,Freeway,PRINCES,WYNDHAM,-37.873173,144.73743,2023,2,February,18,Afternoon Peak,Weekday
T20230004953,2023-02-10,15:30:00,1,Collision with vehicle,5,Friday,130,REAR END(VEHICLES IN SAME LANE),1,41339,Cross intersection,3,60,Arterial Highway,NORTH,GLEN EIRA,-37.90324,145.0349,2023,2,February,15,Afternoon Peak,Weekday
T20230004141,2023-02-10,13:50:00,8,No collision and no object struck,5,Friday,174,OUT OF CONTROL ON CARRIAGEWAY (ON STRAIGHT),1,37408,Cross intersection,3,40,Arterial Other,GRAHAM,PORT PHILLIP,-37.84028,144.9408,2023,2,February,13,Midday,Weekday
T20230003975,2023-02-10,15:25:00,1,Collision with vehicle,5,Friday,130,REAR END(VEHICLES IN SAME LANE),1,773719,T intersection,3,100,Freeway,MONASH,DANDENONG,-37.956543,145.2209,2023,2,February,15,Afternoon Peak,Weekday
T20230003299,2023-02-10,17:15:00,1,Collision with vehicle,5,Friday,111,RIGHT FAR (INTERSECTIONS ONLY),1,755945,Cross intersection,2,100,Arterial Other,BORUNG,YARRIAMBIACK,-36.339848,142.22592,2023,2,February,17,Afternoon Peak,Weekday
T20230003300,2023-02-10,16:40:00,1,Collision with vehicle,5,Friday,130,REAR END(VEHICLES IN SAME LANE),1,753783,Not at intersection,3,40,Arterial Highway,WARRIGAL,STONNINGTON,-37.87497,145.09169,2023,2,February,16,Afternoon Peak,Weekday
T20230003303,2023-02-10,15:00:00,1,Collision with vehicle,5,Friday,121,RIGHT THROUGH,1,40573,T intersection,3,60,Arterial Highway,WARRIGAL,MONASH,-37.85675,145.0945,2023,2,February,15,Afternoon Peak,Weekday
T20230003304,2023-02-10,13:30:00,6,Vehicle overturned (no collision),5,Friday,180,OFF CARRIAGEWAY ON RIGHT BEND,1,753598,Not at intersection,2,100,Arterial Other,BEECHWORTH-CHILTERN,INDIGO,-36.33473,146.68759,2023,2,February,13,Midday,Weekday
T20230003305,2023-02-10,17:00:00,1,Collision with vehicle,5,Friday,113,RIGHT NEAR (INTERSECTIONS ONLY),1,228000,T intersection,3,60,Local Road,BEDFORD,MAROONDAH,-37.820312,145.24553,2023,2,February,17,Afternoon Peak,Weekday
T20230003306,2023-02-10,18:40:00,6,Vehicle overturned (no collision),5,Friday,182,OFF CARRIAGEWAY ON LEFT BEND,1,755606,Not at intersection,2,100,Arterial Other,WHITTLESEA-YEA,MURRINDINDI,-37.43388,145.24481,2023,2,February,18,Afternoon Peak,Weekday
T20230003310,2023-02-10,18:00:00,1,Collision with vehicle,5,Friday,137,LEFT TURN SIDESWIPE,1,38006,T intersection,3,60,Arterial Other,HEIDELBERG,DAREBIN,-37.78408,145.00963,2023,2,February,18,Afternoon Peak,Weekday
T20230003312,2023-02-10,16:48:00,4,Collision with a fixed object,5,Friday,171,LEFT OFF CARRIAGEWAY INTO OBJECT/PARKED VEHICLE,1,757873,T intersection,3,60,Local Road,VERE,MELTON,-37.716183,144.68907,2023,2,February,16,Afternoon Peak,Weekday
T20230003314,2023-02-10,19:00:00,6,Vehicle overturned (no collision),5,Friday,184,OUT OF CONTROL ON CARRIAGEWAY (ON BEND),1,754315,Not at intersection,2,80,Freeway,CALDER OUT-COUANGALT,MACEDON RANGES,-37.54086,144.6417,2023,2,February,19,Night,Weekday
T20230003320,2023-02-10,21:29:00,1,Collision with vehicle,5,Friday,130,REAR END(VEHICLES IN SAME LANE),5,758014,Not at intersection,2,100,Freeway,WESTERN RING IN-WESTERN,BRIMBANK,-37.7962,144.7878,2023,2,February,21,Night,Weekday
T20230003321,2023-02-10,20:10:00,4,Collision with a fixed object,5,Friday,183,OFF LEFT BEND INTO OBJECT/PARKED VEHICLE,2,758169,Not at intersection,2,100,Arterial Other,KATAMATITE-NATHALIA,MOIRA,-36.073124,145.22517,2023,2,February,20,Night,Weekday
T20230003323,2023-02-10,22:10:00,5,collision with some other object,5,Friday,175,OFF END OF ROAD/T-INTERSECTION.,5,59045,T intersection,2,100,Local Road,ARDMONA,SHEPPARTON,-36.372456,145.29553,2023,2,February,22,Night,Weekday
T20230003325,2023-02-10,21:30:00,2,Struck Pedestrian,5,Friday,100,PED NEAR SIDE. PED HIT BY VEHICLE FROM THE RIGHT.,3,65713,T intersection,2,50,Local Road,GAMON,MARIBYRNONG,-37.80978,144.88986,2023,2,February,21,Night,Weekday
T20230003326,2023-02-10,23:30:00,6,Vehicle overturned (no collision),5,Friday,180,OFF CARRIAGEWAY ON RIGHT BEND,5,779019,Y intersection,3,80,Arterial Other,MURRAY RIVER,TOWONG,-36.09293,147.06233,2023,2,February,23,Night,Weekday
T20230003327,2023-02-10,05:50:00,1,Collision with vehicle,5,Friday,136,RIGHT TURN SIDESWIPE,2,778816,Not at intersection,3,60,Arterial Other,FAIRFIELD-RESERVOIR,DAREBIN,-37.7482,145.02164,2023,2,February,5,Morning Peak,Weekday
T20230003328,2023-02-10,22:30:00,1,Collision with vehicle,5,Friday,139,OTHER SAME DIRECTION-MANOUEVRES NOT INCLUDED IN DCAs 130-137,3,753973,Not at intersection,2,80,Arterial Highway,DANDENONG,STONNINGTON,-37.88461,145.06305,2023,2,February,22,Night,Weekday
T20230004197,2023-02-10,06:30:00,1,Collision with vehicle,5,Friday,116,LEFT NEAR (INTERSECTIONS ONLY),1,38688,Cross intersection,3,50,Arterial Highway,GEELONG,MARIBYRNONG,-37.803978,144.8828,2023,2,February,6,Morning Peak,Weekday