ACCIDENT_NO,ACCIDENT_DATE,ACCIDENT_TIME,ACCIDENT_TYPE,ACCIDENT_TYPE_DESC,DAY_OF_WEEK,DAY_WEEK_DESC,DCA_CODE,DCA_DESC,LIGHT_CONDITION,NODE_ID,ROAD_GEOMETRY_DESC,SEVERITY,SPEED_ZONE,RMA,ROAD_NAME,LGA_NAME,LATITUDE,LONGITUDE,YEAR,MONTH,MONTH_NAME,HOUR,TIME_PERIOD,DAY_TYPE
T20230003329,2023-02-10,23:30:00,1,Collision with vehicle,5,Friday,121,RIGHT THROUGH,3,35723,T intersection,3,70,Freeway,EASTERN OUT-DONCASTER,MANNINGHAM,-37.788414,145.10425,2023,2,February,23,Night,Weekday
T20230008122,2023-02-10,12:00:00,4,Collision with a fixed object,5,Friday,173,RIGHT OFF CARRIAGEWAY INTO OBJECT/PARKED VEHICLE,1,771201,Not at intersection,3,100,Local Road,MELLIS,YARRIAMBIACK,-36.29754,142.59337,2023,2,February,12,Midday,Weekday
T20230003247,2023-02-10,08:46:00,1,Collision with vehicle,5,Friday,119,OTHER ADJACENT (INTERSECTIONS ONLY),1,48046,T intersection,3,50,Arterial Other,MCDONALD,BRIMBANK,-37.811863,144.8476,2023,2,February,8,Morning Peak,Weekday
T20230003245,2023-02-10,09:30:00,4,Collision with a fixed object,5,Friday,171,LEFT OFF CARRIAGEWAY INTO OBJECT/PARKED VEHICLE,1,753971,Not at intersection,2,80,Local Road,PORTREATH,SURF COAST,-38.330788,144.18007,2023,2,February,9,Morning Peak,Weekday
T20230003243,2023-02-10,08:58:00,1,Collision with vehicle,5,Friday,110,CROSS TRAFFIC(INTERSECTIONS ONLY),2,59154,Cross intersection,3,50,Local Road,ALEXANDRA,SHEPPARTON,-36.392807,145.359,2023,2,February,8,Morning Peak,Weekday
T20230003333,2023-02-10,16:15:00,1,Collision with vehicle,5,Friday,130,REAR END(VEHICLES IN SAME LANE),1,360501,T intersection,3,60,Freeway,WESTERN RING IN-BOUNDARY,BRIMBANK,-37.815285,144.80905,2023,2,February,16,Afternoon Peak,Weekday
T20230003238,2023-02-10,05:20:00,1,Collision with vehicle,5,Friday,110,CROSS TRAFFIC(INTERSECTIONS ONLY),2,52938,Cross intersection,3,60,Arterial Other,BALLARAT-CARNGHAM ROAD -LA TROBE,BALLARAT,-37.569836,143.81046,2023,2,February,5,Morning Peak,Weekday
T20230003342,2023-02-10,12:45:00,1,Collision with vehicle,5,Friday,163,VEHICLE STRIKES DOOR OF PARKED/STATIONARY VEHICLE,1,754305,Not at intersection,3,40,Local Road,COLLINS,MELBOURNE,-37.814114,144.97124,2023,2,February,12,Midday,Weekday
T20230003350,2023-02-11,11:15:00,1,Collision with vehicle,6,Saturday,121,RIGHT THROUGH,1,760014,T intersection,3,60,Arterial Other,MT ALEXANDER,MOONEE VALLEY,-37.773552,144.92732,2023,2,February,11,Midday,Weekend
T20230003367,2023-02-11,11:30:00,1,Collision with vehicle,6,Saturday,130,REAR END(VEHICLES IN SAME LANE),1,756816,Not at intersection,2,60,Arterial Other,LLOYD,LATROBE,-38.17749,146.2591,2023,2,February,11,Midday,Weekend
T20230003472,2023-02-11,13:30:00,1,Collision with vehicle,6,Saturday,130,REAR END(VEHICLES IN SAME LANE),1,755947,Not at intersection,3,60,Arterial Other,JASPER,GLEN EIRA,-37.93331,145.03899,2023,2,February,13,Midday,Weekend
T20230003846,2023-02-11,08:51:00,1,Collision with vehicle,6,Saturday,121,RIGHT THROUGH,1,296486,T intersection,3,80,Arterial Other,PRINCES,CARDINIA,-38.065605,145.50694,2023,2,February,8,Morning Peak,Weekend
T20230012102,2023-02-11,16:30:00,1,Collision with vehicle,6,Saturday,139,OTHER SAME DIRECTION-MANOUEVRES NOT INCLUDED IN DCAs 130-137,9,49839,Cross intersection,3,40,Arterial Other,SHANNON,GEELONG,-38.13066,144.3383,2023,2,February,16,Afternoon Peak,Weekend
T20230003349,2023-02-11,09:08:00,4,Collision with a fixed object,6,Saturday,171,LEFT OFF CARRIAGEWAY INTO OBJECT/PARKED VEHICLE,1,783712,Not at intersection,3,50,Local Road,DEBENHAM,BRIMBANK,-37.751423,144.80717,2023,2,February,9,Morning Peak,Weekend
T20230003393,2023-02-11,18:11:00,6,Vehicle overturned (no collision),6,Saturday,170,OFF CARRIAGEWAY TO LEFT,1,783578,Not at intersection,3,50,Arterial Other,GEELONG ROAD SERVICE,BALLARAT,-37.637108,143.8829,2023,2,February,18,Afternoon Peak,Weekend
T20230003354,2023-02-11,09:30:00,1,Collision with vehicle,6,Saturday,121,RIGHT THROUGH,1,753786,Multiple intersection,2,80,Arterial Highway,LOWER DANDENONG,KINGSTON,-37.987846,145.11859,2023,2,February,9,Morning Peak,Weekend
T20230003387,2023-02-11,16:27:00,1,Collision with vehicle,6,Saturday,147,VEHICLE STRIKES ANOTHER VEH WHILE EMERGING FROM DRIVEWAY,1,753878,Not at intersection,3,50,Local Road,GOLFERS,STONNINGTON,-37.877354,145.08208,2023,2,February,16,Afternoon Peak,Weekend
T20230003377,2023-02-11,15:00:00,4,Collision with a fixed object,6,Saturday,181,OFF RIGHT BEND INTO OBJECT/PARKED VEHICLE,1,783541,Not at intersection,3,100,Arterial Other,DARTMOOR-HAMILTON,GLENELG,-37.835052,141.47714,2023,2,February,15,Afternoon Peak,Weekend
T20230003382,2023-02-11,15:59:00,1,Collision with vehicle,6,Saturday,110,CROSS TRAFFIC(INTERSECTIONS ONLY),1,43788,Cross intersection,1,60,Arterial Other,CLEGG,YARRA RANGES,-37.782345,145.41853,2023,2,February,15,Afternoon Peak,Weekend
T20230003397,2023-02-11,23:00:00,1,Collision with vehicle,6,Saturday,116,LEFT NEAR (INTERSECTIONS ONLY),3,354492,Cross intersection,3,60,Arterial Highway,STUD,DANDENONG,-37.971024,145.22357,2023,2,February,23,Night,Weekend
T20230003356,2023-02-11,13:00:00,4,Collision with a fixed object,6,Saturday,181,OFF RIGHT BEND INTO OBJECT/PARKED VEHICLE,1,755605,Not at intersection,2,100,Arterial Highway,MELBA,MURRINDINDI,-37.522003,145.42406,2023,2,February,13,Midday,Weekend
T20230006201,2023-02-11,17:55:00,1,Collision with vehicle,6,Saturday,121,RIGHT THROUGH,1,29766,Cross intersection,2,60,Arterial Highway,SOUTH GIPPSLAND,CASEY,-38.113033,145.28279,2023,2,February,17,Afternoon Peak,Weekend
T20230003383,2023-02-11,16:10:00,6,Vehicle overturned (no collision),6,Saturday,174,OUT OF CONTROL ON CARRIAGEWAY (ON STRAIGHT),1,754074,Not at intersection,2,70,Arterial Highway,NORTH ROAD SERVICE,GLEN EIRA,-37.904636,145.04639,2023,2,February,16,Afternoon Peak,Weekend
T20230003372,2023-02-11,14:43:00,1,Collision with vehicle,6,Saturday,121,RIGHT THROUGH,1,660522,Cross intersection,3,70,Arterial Other,FOOTE,MANNINGHAM,-37.757893,145.11853,2023,2,February,14,Midday,Weekend
T20230003977,2023-02-11,19:30:00,6,Vehicle overturned (no collision),6,Saturday,184,OUT OF CONTROL ON CARRIAGEWAY (ON BEND),2,270301,Y intersection,2,80,Local Road,MIA MIA-DERRINAL,BENDIGO,-36.934967,144.56589,2023,2,February,19,Night,Weekend
T20230003348,2023-02-11,12:00:00,8,No collision and no object struck,6,Saturday,174,OUT OF CONTROL ON CARRIAGEWAY (ON STRAIGHT),1,753877,Not at intersection,2,100,Arterial Other,BIRREGURRA-FORREST,COLAC OTWAY,-38.433575,143.77551,2023,2,February,12,Midday,Weekend
T20230003346,2023-02-11,09:14:00,1,Collision with vehicle,6,Saturday,121,RIGHT THROUGH,1,359981,Cross intersection,3,60,Arterial Highway,GRANGE ROAD -JASPER,GLEN EIRA,-37.904514,145.04393,2023,2,February,9,Morning Peak,Weekend
T20230005859,2023-02-11,21:17:00,1,Collision with vehicle,6,Saturday,132,RIGHT REAR.,2,36967,Cross intersection,3,40,Local Road,BOURKE,MELBOURNE,-37.812088,144.97057,2023,2,February,21,Night,Weekend
T20230003344,2023-02-11,07:20:00,1,Collision with vehicle,6,Saturday,148,VEHICLE OFF FOOTPATH STRIKES VEH ON CARRIAGEWAY,1,768774,Not at intersection,3,50,Arterial Other,MURRAY,DAREBIN,-37.737648,145.00076,2023,2,February,7,Morning Peak,Weekend
T20230003394,2023-02-11,20:10:00,4,Collision with a fixed object,6,Saturday,151,OUT OF CONTROL (OVERTAKING),2,778076,Not at intersection,3,60,Local Road,PADDYS,BALLARAT,-37.576317,143.80878,2023,2,February,20,Night,Weekend
T20230003355,2023-02-11,12:34:00,1,Collision with vehicle,6,Saturday,140,U TURN,1,62881,T intersection,3,60,Arterial Other,SYDNEY,MORELAND,-37.734825,144.9657,2023,2,February,12,Midday,Weekend
T20230003366,2023-02-11,15:00:00,1,Collision with vehicle,6,Saturday,130,REAR END(VEHICLES IN SAME LANE),1,757388,Not at intersection,2,60,Arterial Other,BULLA,MOONEE VALLEY,-37.740143,144.90756,2023,2,February,15,Afternoon Peak,Weekend
T20230004857,2023-02-11,09:50:00,1,Collision with vehicle,6,Saturday,130,REAR END(VEHICLES IN SAME LANE),1,778323,Not at intersection,3,60,Arterial Highway,WARRIGAL,MONASH,-37.914425,145.08434,2023,2,February,9,Morning Peak,Weekend
T20230003352,2023-02-11,11:51:00,1,Collision with vehicle,6,Saturday,121,RIGHT THROUGH,1,40712,Cross intersection,3,60,Arterial Other,MIDDLEBOROUGH,WHITEHORSE,-37.845837,145.13348,2023,2,February,11,Midday,Weekend
T20230003384,2023-02-11,14:55:00,1,Collision with vehicle,6,Saturday,147,VEHICLE STRIKES ANOTHER VEH WHILE EMERGING FROM DRIVEWAY,1,45490,T intersection,3,60,Arterial Other,MT ALEXANDER,MOONEE VALLEY,-37.783333,144.9355,2023,2,February,14,Midday,Weekend
T20230003339,2023-02-11,07:13:00,1,Collision with vehicle,6,Saturday,160,VEHICLE COLLIDES WITH VEHICLE PARKED ON LEFT OF ROAD,1,754444,Not at intersection,3,50,Local Road,ORMOND,CASEY,-38.055786,145.28883,2023,2,February,7,Morning Peak,Weekend
T20230003681,2023-02-11,10:05:00,2,Struck Pedestrian,6,Saturday,109,ANY MANOEUVRE INVOLVING PED NOT INCLUDED IN DCAs 100-108.,1,767721,Not at intersection,2,50,Arterial Highway,NORTHERN,BENDIGO,-36.494473,144.60858,2023,2,February,10,Midday,Weekend
T20230003581,2023-02-11,07:50:00,1,Collision with vehicle,6,Saturday,147,VEHICLE STRIKES ANOTHER VEH WHILE EMERGING FROM DRIVEWAY,1,754451,Not at intersection,3,50,Local Road,ESPLANADE,HOBSONS BAY,-37.87117,144.83441,2023,2,February,7,Morning Peak,Weekend
T20230003343,2023-02-11,03:00:00,4,Collision with a fixed object,6,Saturday,171,LEFT OFF CARRIAGEWAY INTO OBJECT/PARKED VEHICLE,5,776418,Not at intersection,2,80,Local Road,ONEILLS,MORNINGTON PENINSULA,-38.252808,145.211,2023,2,February,3,Late Night,Weekend
T20230003504,2023-02-11,23:00:00,1,Collision with vehicle,6,Saturday,120,HEAD ON (NOT OVERTAKING),6,758675,Not at intersection,2,60,Arterial Other,MOLLISON,MACEDON RANGES,-37.255108,144.45215,2023,2,February,23,Night,Weekend
T20230003391,2023-02-11,19:32:00,1,Collision with vehicle,6,Saturday,163,VEHICLE STRIKES DOOR OF PARKED/STATIONARY VEHICLE,2,753879,Not at intersection,3,40,Local Road,BIRDWOOD,MELBOURNE,-37.833317,144.98096,2023,2,February,19,Night,Weekend
T20230003392,2023-02-11,21:40:00,6,Vehicle overturned (no collision),6,Saturday,174,OUT OF CONTROL ON CARRIAGEWAY (ON STRAIGHT),3,753944,Not at intersection,2,60,Arterial Other,TOORAK,STONNINGTON,-37.84146,145.01204,2023,2,February,21,Night,Weekend
T20230003363,2023-02-11,12:45:00,1,Collision with vehicle,6,Saturday,131,LEFT REAR,1,777640,Not at intersection,3,50,Local Road,BOTHA,DAREBIN,-37.702244,145.00206,2023,2,February,12,Midday,Weekend
T20230003870,2023-02-11,10:00:00,6,Vehicle overturned (no collision),6,Saturday,174,OUT OF CONTROL ON CARRIAGEWAY (ON STRAIGHT),1,758261,Not at intersection,3,50,Local Road,BORONIA,MAROONDAH,-37.817486,145.27118,2023,2,February,10,Midday,Weekend
T20230003401,2023-02-11,23:05:00,1,Collision with vehicle,6,Saturday,121,RIGHT THROUGH,3,754314,T intersection,2,50,Local Road,HENTY,DAREBIN,-37.719116,144.99994,2023,2,February,23,Night,Weekend
T20230003386,2023-02-11,17:48:00,6,Vehicle overturned (no collision),6,Saturday,184,OUT OF CONTROL ON CARRIAGEWAY (ON BEND),1,763561,Not at intersection,2,50,Local Road,HOBART,CASEY,-38.043373,145.35551,2023,2,February,17,Afternoon Peak,Weekend
T20230003358,2023-02-11,13:30:00,1,Collision with vehicle,6,Saturday,110,CROSS TRAFFIC(INTERSECTIONS ONLY),1,43858,Cross intersection,2,80,Arterial Highway,SOUTH GIPPSLAND,CASEY,-38.087067,145.27869,2023,2,February,13,Midday,Weekend
T20230003357,2023-02-11,12:12:00,1,Collision with vehicle,6,Saturday,121,RIGHT THROUGH,1,779020,Not at intersection,3,50,Local Road,ALTONA,BANYULE,-37.745857,145.04266,2023,2,February,12,Midday,Weekend
T20230003400,2023-02-11,23:05:00,1,Collision with vehicle,6,Saturday,130,REAR END(VEHICLES IN SAME LANE),5,779000,Not at intersection,3,100,Freeway,PRINCES,CASEY,-38.04165,145.33476,2023,2,February,23,Night,Weekend
T20230003368,2023-02-11,14:15:00,3,Struck animal,6,Saturday,167,STRUCK ANIMAL,1,759485,Not at intersection,2,100,Arterial Other,DEANS MARSH-LORNE,SURF COAST,-38.415733,143.89456,2023,2,February,14,Midday,Weekend
T20230003678,2023-02-11,20:30:00,1,Collision with vehicle,6,Saturday,130,REAR END(VEHICLES IN SAME LANE),2,759707,Not at intersection,3,60,Arterial Other,BULLA,MOONEE VALLEY,-37.736404,144.90506,2023,2,February,20,Night,Weekend
T20230005064,2023-02-11,14:20:00,6,Vehicle overturned (no collision),6,Saturday,170,OFF CARRIAGEWAY TO LEFT,1,783576,Not at intersection,3,100,Local Road,TERANG-FRAMLINGHAM,MOYNE,-38.231995,142.81985,2023,2,February,14,Midday,Weekend
T20230003428,2023-02-12,10:55:00,1,Collision with vehicle,7,Sunday,110,CROSS TRAFFIC(INTERSECTIONS ONLY),1,779021,Cross intersection,3,60,Local Road,KLINE,BALLARAT,-37.57733,143.88324,2023,2,February,10,Midday,Weekend
T20230003442,2023-02-12,16:50:00,1,Collision with vehicle,7,Sunday,121,RIGHT THROUGH,1,358547,Cross intersection,2,60,Arterial Other,MAHONEYS,HUME,-37.68964,144.95801,2023,2,February,16,Afternoon Peak,Weekend
T20230003441,2023-02-12,11:45:00,8,No collision and no object struck,7,Sunday,182,OFF CARRIAGEWAY ON LEFT BEND,1,754556,Not at intersection,2,100,Arterial Other,OMEO,EAST GIPPSLAND,-36.991116,147.49231,2023,2,February,11,Midday,Weekend
T20230003440,2023-02-12,11:45:00,4,Collision with a fixed object,7,Sunday,181,OFF RIGHT BEND INTO OBJECT/PARKED VEHICLE,1,758747,Not at intersection,2,100,Arterial Other,NHILL-JEPARIT,HINDMARSH,-36.214638,141.88356,2023,2,February,11,Midday,Weekend
T20230003437,2023-02-12,11:00:00,4,Collision with a fixed object,7,Sunday,171,LEFT OFF CARRIAGEWAY INTO OBJECT/PARKED VEHICLE,1,777696,Not at intersection,2,100,Local Road,TINGER SPUR,MANSFIELD,-37.594738,146.22752,2023,2,February,11,Midday,Weekend
T20230003445,2023-02-12,15:45:00,1,Collision with vehicle,7,Sunday,120,HEAD ON (NOT OVERTAKING),1,765767,Not at intersection,3,80,Arterial Highway,SOUTH GIPPSLAND,CASEY,-38.06768,145.26735,2023,2,February,15,Afternoon Peak,Weekend
T20230003426,2023-02-12,11:40:00,1,Collision with vehicle,7,Sunday,116,LEFT NEAR (INTERSECTIONS ONLY),1,50097,Cross intersection,3,60,Arterial Other,BARRABOOL,GEELONG,-38.169186,144.30975,2023,2,February,11,Midday,Weekend
T20230003446,2023-02-12,15:57:00,4,Collision with a fixed object,7,Sunday,173,RIGHT OFF CARRIAGEWAY INTO OBJECT/PARKED VEHICLE,1,781280,Not at intersection,3,100,Local Road,HARMONY,MOUNT ALEXANDER,-36.992916,144.26138,2023,2,February,15,Afternoon Peak,Weekend
T20230003415,2023-02-12,05:45:00,4,Collision with a fixed object,7,Sunday,173,RIGHT OFF CARRIAGEWAY INTO OBJECT/PARKED VEHICLE,3,755839,Not at intersection,3,60,Arterial Other,TAYLORS,BRIMBANK,-37.729443,144.81273,2023,2,February,5,Morning Peak,Weekend
T20230003414,2023-02-12,07:43:00,4,Collision with a fixed object,7,Sunday,175,OFF END OF ROAD/T-INTERSECTION.,1,46355,T intersection,1,60,Freeway,BURKE,BOROONDARA,-37.78404,145.06279,2023,2,February,7,Morning Peak,Weekend
T20230003412,2023-02-12,08:54:00,1,Collision with vehicle,7,Sunday,160,VEHICLE COLLIDES WITH VEHICLE PARKED ON LEFT OF ROAD,1,35300,T intersection,2,50,Arterial Highway,SPRINGVALE,MONASH,-37.921394,145.15825,2023,2,February,8,Morning Peak,Weekend
T20230003464,2023-02-12,22:35:00,7,Fall from or in moving vehicle,7,Sunday,170,OFF CARRIAGEWAY TO LEFT,3,781883,Not at intersection,3,50,Local Road,JAMES COOK,CASEY,-37.98622,145.27644,2023,2,February,22,Night,Weekend
T20230003493,2023-02-12,11:00:00,6,Vehicle overturned (no collision),7,Sunday,174,OUT OF CONTROL ON CARRIAGEWAY (ON STRAIGHT),1,759596,T intersection,3,60,Arterial Other,SYMONDS,YARRA RANGES,-37.649654,145.37212,2023,2,February,11,Midday,Weekend
T20230003461,2023-02-12,22:35:00,4,Collision with a fixed object,7,Sunday,171,LEFT OFF CARRIAGEWAY INTO OBJECT/PARKED VEHICLE,3,754307,T intersection,3,50,Local Road,FEWSTER,BAYSIDE,-37.93768,145.01205,2023,2,February,22,Night,Weekend
T20230004228,2023-02-12,11:36:00,1,Collision with vehicle,7,Sunday,130,REAR END(VEHICLES IN SAME LANE),1,757834,Not at intersection,3,80,Arterial Other,WESTERNPORT,CARDINIA,-38.26969,145.55325,2023,2,February,11,Midday,Weekend
T20230003510,2023-02-12,13:38:00,1,Collision with vehicle,7,Sunday,130,REAR END(VEHICLES IN SAME LANE),1,779559,Not at intersection,3,60,Arterial Highway,PLENTY,BANYULE,-37.700584,145.05821,2023,2,February,13,Midday,Weekend
T20230003509,2023-02-12,22:45:00,4,Collision with a fixed object,7,Sunday,171,LEFT OFF CARRIAGEWAY INTO OBJECT/PARKED VEHICLE,3,754448,Not at intersection,3,50,Local Road,CREEKWOOD,HUME,-37.586727,144.92874,2023,2,February,22,Night,Weekend
T20230004103,2023-02-12,11:10:00,1,Collision with vehicle,7,Sunday,111,RIGHT FAR (INTERSECTIONS ONLY),1,51060,T intersection,3,60,Arterial Highway,HIGH,SHEPPARTON,-36.38258,145.4106,2023,2,February,11,Midday,Weekend
T20230003467,2023-02-12,00:58:00,6,Vehicle overturned (no collision),7,Sunday,180,OFF CARRIAGEWAY ON RIGHT BEND,5,755843,Not at intersection,2,60,Local Road,WATT,SHEPPARTON,-36.40374,145.37239,2023,2,February,0,Late Night,Weekend
T20230003403,2023-02-12,01:12:00,1,Collision with vehicle,7,Sunday,111,RIGHT FAR (INTERSECTIONS ONLY),3,611888,T intersection,3,60,Local Road,WHITELAW,BALLARAT,-37.580406,143.82478,2023,2,February,1,Late Night,Weekend
T20230003411,2023-02-12,08:00:00,1,Collision with vehicle,7,Sunday,110,CROSS TRAFFIC(INTERSECTIONS ONLY),1,256561,Cross intersection,2,60,Local Road,LONSDALE,BALLARAT,-37.575455,143.83614,2023,2,February,8,Morning Peak,Weekend
T20230003449,2023-02-12,17:22:00,1,Collision with vehicle,7,Sunday,121,RIGHT THROUGH,1,35517,Cross intersection,2,60,Arterial Other,RIVERSDALE,BOROONDARA,-37.83421,145.08136,2023,2,February,17,Afternoon Peak,Weekend
T20230003432,2023-02-12,12:00:00,4,Collision with a fixed object,7,Sunday,181,OFF RIGHT BEND INTO OBJECT/PARKED VEHICLE,1,767133,Not at intersection,2,100,Local Road,NORTHWOOD,STRATHBOGIE,-36.877403,145.08537,2023,2,February,12,Midday,Weekend
T20230003408,2023-02-12,00:18:00,2,Struck Pedestrian,7,Sunday,102,FAR SIDE. PED HIT BY VEHICLE FROM THE LEFT,6,774321,Not at intersection,2,50,Local Road,MARQUANDS,WYNDHAM,-37.839275,144.72862,2023,2,February,0,Late Night,Weekend
T20230003844,2023-02-12,16:30:00,1,Collision with vehicle,7,Sunday,130,REAR END(VEHICLES IN SAME LANE),1,780325,Not at intersection,3,60,Freeway,WEST GATE IN-POWER,MELBOURNE,-37.825943,144.96486,2023,2,February,16,Afternoon Peak,Weekend
T20230003434,2023-02-12,10:48:00,4,Collision with a fixed object,7,Sunday,171,LEFT OFF CARRIAGEWAY INTO OBJECT/PARKED VEHICLE,1,781609,Not at intersection,2,60,Arterial Highway,BELL,MORELAND,-37.74189,144.9713,2023,2,February,10,Midday,Weekend
T20230003429,2023-02-12,11:37:00,4,Collision with a fixed object,7,Sunday,181,OFF RIGHT BEND INTO OBJECT/PARKED VEHICLE,1,755946,Not at intersection,3,100,Local Road,DALRY,YARRA RANGES,-37.75798,145.5608,2023,2,February,11,Midday,Weekend
T20230004523,2023-02-12,15:00:00,1,Collision with vehicle,7,Sunday,121,RIGHT THROUGH,9,1288,T intersection,3,60,Arterial Other,VAN NESS,MARIBYRNONG,-37.76942,144.89597,2023,2,February,15,Afternoon Peak,Weekend
T20230003535,2023-02-13,21:55:00,3,Struck animal,1,Monday,167,STRUCK ANIMAL,5,754450,Not at intersection,2,80,Local Road,RAILWAY,YARRA RANGES,-37.772503,145.62846,2023,2,February,21,Night,Weekday
T20230003536,2023-02-13,21:15:00,1,Collision with vehicle,1,Monday,160,VEHICLE COLLIDES WITH VEHICLE PARKED ON LEFT OF ROAD,5,755837,Not at intersection,3,50,Local Road,DAVID COLLINS,CASEY,-37.991894,145.27089,2023,2,February,21,Night,Weekday
T20230011572,2023-02-13,14:05:00,1,Collision with vehicle,1,Monday,130,REAR END(VEHICLES IN SAME LANE),9,761162,Not at intersection,3,40,Arterial Other,DONNYBROOK,HUME,-37.541042,144.95268,2023,2,February,14,Midday,Weekday
T20230003538,2023-02-13,22:23:00,1,Collision with vehicle,1,Monday,113,RIGHT NEAR (INTERSECTIONS ONLY),3,40833,T intersection,3,60,Local Road,HIGHBURY,WHITEHORSE,-37.86302,145.17755,2023,2,February,22,Night,Weekday
T20230004445,2023-02-13,20:20:00,1,Collision with vehicle,1,Monday,130,REAR END(VEHICLES IN SAME LANE),9,780328,Not at intersection,3,60,Arterial Other,CAMBERWELL,BOROONDARA,-37.839024,145.06552,2023,2,February,20,Night,Weekday
T20230003487,2023-02-13,14:00:00,6,Vehicle overturned (no collision),1,Monday,184,OUT OF CONTROL ON CARRIAGEWAY (ON BEND),1,756414,Not at intersection,2,60,Arterial Highway,GREAT OCEAN,CORANGAMITE,-38.68264,143.14478,2023,2,February,14,Midday,Weekday
T20230004655,2023-02-13,08:00:00,1,Collision with vehicle,1,Monday,130,REAR END(VEHICLES IN SAME LANE),1,757044,Not at intersection,3,60,Arterial Other,KARINGAL,BANYULE,-37.7024,145.12424,2023,2,February,8,Morning Peak,Weekday
T20230003491,2023-02-13,11:30:00,6,Vehicle overturned (no collision),1,Monday,170,OFF CARRIAGEWAY TO LEFT,1,786789,T intersection,2,100,Arterial Other,PRINCETOWN,CORANGAMITE,-38.628292,143.14748,2023,2,February,11,Midday,Weekday
T20230003468,2023-02-13,01:20:00,5,collision with some other object,1,Monday,166,STRUCK OBJECT ON CARRIAGEWAY,3,758276,Cross intersection,3,60,Local Road,ELGIN,MELBOURNE,-37.79715,144.96748,2023,2,February,1,Late Night,Weekday
T20230003495,2023-02-13,13:10:00,1,Collision with vehicle,1,Monday,116,LEFT NEAR (INTERSECTIONS ONLY),1,231077,T intersection,3,60,Local Road,CARRAMAR,MONASH,-37.87871,145.15845,2023,2,February,13,Midday,Weekday
T20230003647,2023-02-13,21:10:00,1,Collision with vehicle,1,Monday,123,RIGHT/LEFT. ONE VEH TURNING RIGHT THE OTHER LEFT.,3,38534,Cross intersection,3,60,Arterial Other,ANDERSON,BRIMBANK,-37.787975,144.82692,2023,2,February,21,Night,Weekday
T20230007347,2023-02-13,04:20:00,3,Struck animal,1,Monday,167,STRUCK ANIMAL,5,779267,Not at intersection,3,100,Arterial Other,SUNBURY-RIDDELLS CREEK,HUME,-37.4937,144.68242,2023,2,February,4,Late Night,Weekday
T20230003501,2023-02-13,13:50:00,1,Collision with vehicle,1,Monday,130,REAR END(VEHICLES IN SAME LANE),1,761257,Not at intersection,2,50,Arterial Other,HIGH,CASEY,-38.031414,145.34605,2023,2,February,13,Midday,Weekday
T20230003502,2023-02-13,15:20:00,1,Collision with vehicle,1,Monday,130,REAR END(VEHICLES IN SAME LANE),1,53504,Cross intersection,3,70,Arterial Highway,SURF COAST,GEELONG,-38.21959,144.33774,2023,2,February,15,Afternoon Peak,Weekday
T20230004828,2023-02-13,09:30:00,1,Collision with vehicle,1,Monday,148,VEHICLE OFF FOOTPATH STRIKES VEH ON CARRIAGEWAY,1,786801,Not at intersection,3,60,Freeway,EDGARS-METROPOLITAN RING OUT,WHITTLESEA,-37.68638,145.00282,2023,2,February,9,Morning Peak,Weekday
T20230003476,2023-02-13,09:40:00,1,Collision with vehicle,1,Monday,110,CROSS TRAFFIC(INTERSECTIONS ONLY),1,37025,Cross intersection,3,60,Arterial Other,VICTORIA,YARRA,-37.809044,144.98566,2023,2,February,9,Morning Peak,Weekday
T20230003505,2023-02-13,09:40:00,1,Collision with vehicle,1,Monday,130,REAR END(VEHICLES IN SAME LANE),1,779358,Not at intersection,3,70,Arterial Other,BARWON HEADS,GEELONG,-38.206734,144.36754,2023,2,February,9,Morning Peak,Weekday
T20230003612,2023-02-13,08:50:00,1,Collision with vehicle,1,Monday,130,REAR END(VEHICLES IN SAME LANE),1,222523,Cross intersection,2,60,Arterial Highway,BURWOOD,WHITEHORSE,-37.849426,145.10901,2023,2,February,8,Morning Peak,Weekday
T20230004218,2023-02-13,21:00:00,1,Collision with vehicle,1,Monday,147,VEHICLE STRIKES ANOTHER VEH WHILE EMERGING FROM DRIVEWAY,3,756188,Not at intersection,3,60,Local Road,DEVONSHIRE,BRIMBANK,-37.786392,144.84523,2023,2,February,21,Night,Weekday
T20230004274,2023-02-13,16:00:00,1,Collision with vehicle,1,Monday,116,LEFT NEAR (INTERSECTIONS ONLY),1,783594,Cross intersection,3,60,Local Road,MORACK,WHITEHORSE,-37.83948,145.20042,2023,2,February,16,Afternoon Peak,Weekday
T20230003481,2023-02-13,09:30:00,1,Collision with vehicle,1,Monday,160,VEHICLE COLLIDES WITH VEHICLE PARKED ON LEFT OF ROAD,1,773193,Not at intersection,3,60,Local Road,MAIN,KINGSTON,-37.931133,145.12811,2023,2,February,9,Morning Peak,Weekday
T20230003692,2023-02-13,08:00:00,1,Collision with vehicle,1,Monday,130,REAR END(VEHICLES IN SAME LANE),1,762718,Not at intersection,3,100,Freeway,MONASH,MONASH,-37.89372,145.13756,2023,2,February,8,Morning Peak,Weekday
T20230003707,2023-02-13,17:00:00,1,Collision with vehicle,1,Monday,121,RIGHT THROUGH,1,397,T intersection,3,50,Arterial Other,ST GEORGES,YARRA,-37.7779,144.9885,2023,2,February,17,Afternoon Peak,Weekday