ACCIDENT_NO,ACCIDENT_DATE,ACCIDENT_TIME,ACCIDENT_TYPE,ACCIDENT_TYPE_DESC,DAY_OF_WEEK,DAY_WEEK_DESC,DCA_CODE,DCA_DESC,LIGHT_CONDITION,NODE_ID,ROAD_GEOMETRY_DESC,SEVERITY,SPEED_ZONE,RMA,ROAD_NAME,LGA_NAME,LATITUDE,LONGITUDE,YEAR,MONTH,MONTH_NAME,HOUR,TIME_PERIOD,DAY_TYPE
T20230003511,2023-02-13,16:20:00,1,Collision with vehicle,1,Monday,132,RIGHT REAR.,1,51809,T intersection,3,60,Arterial Highway,JOHNSTONE,MOUNT ALEXANDER,-37.071327,144.21031,2023,2,February,16,Afternoon Peak,Weekday
T20230003513,2023-02-13,18:35:00,1,Collision with vehicle,1,Monday,113,RIGHT NEAR (INTERSECTIONS ONLY),1,67769,T intersection,2,50,Local Road,BAMBARA,KNOX,-37.864178,145.22375,2023,2,February,18,Afternoon Peak,Weekday
T20230003517,2023-02-13,18:30:00,1,Collision with vehicle,1,Monday,116,LEFT NEAR (INTERSECTIONS ONLY),1,227538,T intersection,3,60,Arterial Highway,PLENTY,BANYULE,-37.688423,145.06656,2023,2,February,18,Afternoon Peak,Weekday
T20230019822,2023-02-13,08:05:00,1,Collision with vehicle,1,Monday,130,REAR END(VEHICLES IN SAME LANE),2,779581,Not at intersection,3,60,Arterial Highway,LONSDALE,DANDENONG,-37.992973,145.21603,2023,2,February,8,Morning Peak,Weekday
T20230003482,2023-02-13,11:39:00,4,Collision with a fixed object,1,Monday,173,RIGHT OFF CARRIAGEWAY INTO OBJECT/PARKED VEHICLE,1,754209,Not at intersection,3,60,Local Road,TAYLORS,MELTON,-37.724075,144.75124,2023,2,February,11,Midday,Weekday
T20230003523,2023-02-13,18:11:00,1,Collision with vehicle,1,Monday,113,RIGHT NEAR (INTERSECTIONS ONLY),1,57835,T intersection,2,50,Arterial Other,CRAIGIEBURN,HUME,-37.59724,144.9252,2023,2,February,18,Afternoon Peak,Weekday
T20230003531,2023-02-13,16:20:00,1,Collision with vehicle,1,Monday,120,HEAD ON (NOT OVERTAKING),1,765263,Not at intersection,2,80,Local Road,PATERNOSTER,CARDINIA,-37.961067,145.49637,2023,2,February,16,Afternoon Peak,Weekday
T20230003532,2023-02-13,16:30:00,1,Collision with vehicle,1,Monday,110,CROSS TRAFFIC(INTERSECTIONS ONLY),1,754449,Cross intersection,3,50,Local Road,CANDOVER,GEELONG,-38.141373,144.3531,2023,2,February,16,Afternoon Peak,Weekday
T20230003630,2023-02-14,16:50:00,1,Collision with vehicle,2,Tuesday,120,HEAD ON (NOT OVERTAKING),2,779004,Not at intersection,3,60,Arterial Other,MELVILLE,MORELAND,-37.745853,144.94456,2023,2,February,16,Afternoon Peak,Weekday
T20230003626,2023-02-14,19:00:00,2,Struck Pedestrian,2,Tuesday,100,PED NEAR SIDE. PED HIT BY VEHICLE FROM THE RIGHT.,2,52851,Cross intersection,2,50,Local Road,LYONS,BALLARAT,-37.55908,143.85228,2023,2,February,19,Night,Weekday
T20230006662,2023-02-14,08:30:00,1,Collision with vehicle,2,Tuesday,130,REAR END(VEHICLES IN SAME LANE),1,323852,Cross intersection,3,80,Arterial Other,BERWICK-CRANBOURNE,CASEY,-38.116344,145.30765,2023,2,February,8,Morning Peak,Weekday
T20230003625,2023-02-14,16:35:00,1,Collision with vehicle,2,Tuesday,140,U TURN,1,754896,Not at intersection,3,50,Local Road,MARWEN,BRIMBANK,-37.811047,144.78271,2023,2,February,16,Afternoon Peak,Weekday
T20230003623,2023-02-14,17:15:00,1,Collision with vehicle,2,Tuesday,130,REAR END(VEHICLES IN SAME LANE),1,778077,Not at intersection,2,40,Freeway,WESTERN,BALLARAT,-37.526115,143.86763,2023,2,February,17,Afternoon Peak,Weekday
T20230003622,2023-02-14,03:45:00,3,Struck animal,2,Tuesday,167,STRUCK ANIMAL,9,755835,Not at intersection,3,100,Arterial Other,HEATHCOTE-NAGAMBIE,STRATHBOGIE,-36.85276,144.86577,2023,2,February,3,Late Night,Weekday
T20230003621,2023-02-14,18:54:00,1,Collision with vehicle,2,Tuesday,134,LANE CHANGE RIGHT (NOT OVERTAKING),1,779003,Not at intersection,2,100,Freeway,CALDER,BRIMBANK,-37.706688,144.81819,2023,2,February,18,Afternoon Peak,Weekday
T20230003617,2023-02-14,18:00:00,1,Collision with vehicle,2,Tuesday,110,CROSS TRAFFIC(INTERSECTIONS ONLY),1,36399,Cross intersection,2,60,Local Road,CANNING,MELBOURNE,-37.79774,144.97289,2023,2,February,18,Afternoon Peak,Weekday
T20230003616,2023-02-14,17:45:00,1,Collision with vehicle,2,Tuesday,121,RIGHT THROUGH,1,29479,Cross intersection,3,60,Arterial Other,MALVERN,STONNINGTON,-37.84971,145.01549,2023,2,February,17,Afternoon Peak,Weekday
T20230003615,2023-02-14,15:30:00,1,Collision with vehicle,2,Tuesday,110,CROSS TRAFFIC(INTERSECTIONS ONLY),1,1188,Cross intersection,2,60,Arterial Highway,ALBERT,DAREBIN,-37.740128,145.02336,2023,2,February,15,Afternoon Peak,Weekday
T20230003609,2023-02-14,16:45:00,2,Struck Pedestrian,2,Tuesday,100,PED NEAR SIDE. PED HIT BY VEHICLE FROM THE RIGHT.,1,755836,Cross intersection,3,60,Arterial Other,TOORAK,STONNINGTON,-37.84167,145.01381,2023,2,February,16,Afternoon Peak,Weekday
T20230003605,2023-02-14,16:21:00,1,Collision with vehicle,2,Tuesday,147,VEHICLE STRIKES ANOTHER VEH WHILE EMERGING FROM DRIVEWAY,1,756415,Not at intersection,2,50,Local Road,RESERVOIR,HUME,-37.642117,144.93115,2023,2,February,16,Afternoon Peak,Weekday
T20230003602,2023-02-14,15:20:00,1,Collision with vehicle,2,Tuesday,130,REAR END(VEHICLES IN SAME LANE),1,754455,Not at intersection,3,70,Arterial Other,MORNINGTON-TYABB,MORNINGTON PENINSULA,-38.23663,145.05803,2023,2,February,15,Afternoon Peak,Weekday
T20230003601,2023-02-14,15:40:00,4,Collision with a fixed object,2,Tuesday,173,RIGHT OFF CARRIAGEWAY INTO OBJECT/PARKED VEHICLE,1,781392,Not at intersection,2,100,Arterial Highway,PRINCES,SURF COAST,-38.2123,144.2236,2023,2,February,15,Afternoon Peak,Weekday
T20230003599,2023-02-14,12:41:00,1,Collision with vehicle,2,Tuesday,160,VEHICLE COLLIDES WITH VEHICLE PARKED ON LEFT OF ROAD,1,125491,Not at intersection,3,40,Local Road,STATION,BRIMBANK,-37.74124,144.80624,2023,2,February,12,Midday,Weekday
T20230003594,2023-02-14,13:49:00,1,Collision with vehicle,2,Tuesday,130,REAR END(VEHICLES IN SAME LANE),1,308783,Cross intersection,3,80,Arterial Highway,DINGLEY,KINGSTON,-37.95942,145.11278,2023,2,February,13,Midday,Weekday
T20230003589,2023-02-14,14:50:00,1,Collision with vehicle,2,Tuesday,148,VEHICLE OFF FOOTPATH STRIKES VEH ON CARRIAGEWAY,1,754557,Not at intersection,2,60,Arterial Other,QUEEN,BAW BAW,-38.16716,145.94751,2023,2,February,14,Midday,Weekday
T20230003583,2023-02-14,14:11:00,1,Collision with vehicle,2,Tuesday,137,LEFT TURN SIDESWIPE,1,61036,T intersection,3,40,Arterial Other,CRAIGIEBURN,HUME,-37.59859,144.9373,2023,2,February,14,Midday,Weekday
T20230003671,2023-02-14,19:30:00,1,Collision with vehicle,2,Tuesday,142,LEAVING PARKING,2,782374,Not at intersection,3,50,Local Road,STATION,YARRA,-37.786526,144.97585,2023,2,February,19,Night,Weekday
T20230005194,2023-02-14,17:45:00,1,Collision with vehicle,2,Tuesday,130,REAR END(VEHICLES IN SAME LANE),1,780335,Cross intersection,3,80,Arterial Highway,DANDENONG,MONASH,-37.893463,145.09332,2023,2,February,17,Afternoon Peak,Weekday
T20230003756,2023-02-14,08:52:00,1,Collision with vehicle,2,Tuesday,130,REAR END(VEHICLES IN SAME LANE),1,66160,T intersection,3,60,Local Road,BEDFORD,MAROONDAH,-37.81981,145.24474,2023,2,February,8,Morning Peak,Weekday
T20230005221,2023-02-14,16:10:00,1,Collision with vehicle,2,Tuesday,130,REAR END(VEHICLES IN SAME LANE),1,776522,Not at intersection,2,100,Freeway,EASTERN,MANNINGHAM,-37.79744,145.12294,2023,2,February,16,Afternoon Peak,Weekday
T20230004026,2023-02-14,15:15:00,1,Collision with vehicle,2,Tuesday,130,REAR END(VEHICLES IN SAME LANE),1,777903,Not at intersection,3,60,Arterial Highway,STUD,DANDENONG,-37.97302,145.22302,2023,2,February,15,Afternoon Peak,Weekday
T20230003774,2023-02-14,19:05:00,1,Collision with vehicle,2,Tuesday,121,RIGHT THROUGH,1,44186,T intersection,3,80,Local Road,COLDSTREAM WEST,YARRA RANGES,-37.716457,145.34254,2023,2,February,19,Night,Weekday
T20230003933,2023-02-14,13:17:00,1,Collision with vehicle,2,Tuesday,110,CROSS TRAFFIC(INTERSECTIONS ONLY),1,25256,Cross intersection,3,80,Arterial Other,PRINCES,CARDINIA,-38.061775,145.45534,2023,2,February,13,Midday,Weekday
T20230003580,2023-02-14,10:08:00,1,Collision with vehicle,2,Tuesday,110,CROSS TRAFFIC(INTERSECTIONS ONLY),1,43725,Cross intersection,3,80,Local Road,COBURNS,MELTON,-37.65164,144.57454,2023,2,February,10,Midday,Weekday
T20230003568,2023-02-14,12:45:00,1,Collision with vehicle,2,Tuesday,130,REAR END(VEHICLES IN SAME LANE),1,774896,Not at intersection,3,60,Local Road,CHEDDAR,DAREBIN,-37.714542,145.00923,2023,2,February,12,Midday,Weekday
T20230008084,2023-02-14,09:15:00,1,Collision with vehicle,2,Tuesday,130,REAR END(VEHICLES IN SAME LANE),1,778375,Not at intersection,3,100,Freeway,MONASH,CASEY,-37.998775,145.2817,2023,2,February,9,Morning Peak,Weekday
T20230003668,2023-02-14,09:00:00,1,Collision with vehicle,2,Tuesday,121,RIGHT THROUGH,1,45490,T intersection,3,60,Arterial Other,MT ALEXANDER,MOONEE VALLEY,-37.783333,144.9355,2023,2,February,9,Morning Peak,Weekday
T20230004735,2023-02-14,16:00:00,1,Collision with vehicle,2,Tuesday,130,REAR END(VEHICLES IN SAME LANE),1,50996,T intersection,3,50,Arterial Other,BALACLAVA,SHEPPARTON,-36.367188,145.40617,2023,2,February,16,Afternoon Peak,Weekday
T20230003793,2023-02-14,22:00:00,7,Fall from or in moving vehicle,2,Tuesday,190,FELL IN/FROM VEHICLE,6,754903,Not at intersection,2,50,Local Road,THE ESPLANADE,SURF COAST,-38.33373,144.32533,2023,2,February,22,Night,Weekday
T20230003542,2023-02-14,00:22:00,4,Collision with a fixed object,2,Tuesday,173,RIGHT OFF CARRIAGEWAY INTO OBJECT/PARKED VEHICLE,3,44661,Cross intersection,3,60,Local Road,HOPE,CARDINIA,-38.090187,145.71547,2023,2,February,0,Late Night,Weekday
T20230003778,2023-02-14,14:30:00,1,Collision with vehicle,2,Tuesday,130,REAR END(VEHICLES IN SAME LANE),1,755832,Not at intersection,3,80,Arterial Other,CLYDE-FIVE WAYS,CASEY,-38.159897,145.31857,2023,2,February,14,Midday,Weekday
T20230003956,2023-02-14,16:30:00,1,Collision with vehicle,2,Tuesday,113,RIGHT NEAR (INTERSECTIONS ONLY),9,42367,T intersection,3,50,Local Road,EAST,MORELAND,-37.7099,144.95027,2023,2,February,16,Afternoon Peak,Weekday
T20230005764,2023-02-14,09:00:00,1,Collision with vehicle,2,Tuesday,130,REAR END(VEHICLES IN SAME LANE),1,779270,Not at intersection,3,60,Freeway,SUNSHINE-WESTERN RING OUT,BRIMBANK,-37.74959,144.83296,2023,2,February,9,Morning Peak,Weekday
T20230003563,2023-02-14,10:33:00,1,Collision with vehicle,2,Tuesday,121,RIGHT THROUGH,1,684847,T intersection,2,60,Freeway,BOUNDARY,WYNDHAM,-37.8155,144.80899,2023,2,February,10,Midday,Weekday
T20230003543,2023-02-14,05:15:00,2,Struck Pedestrian,2,Tuesday,100,PED NEAR SIDE. PED HIT BY VEHICLE FROM THE RIGHT.,3,353192,T intersection,2,80,Arterial Other,CLYDE,CASEY,-38.057682,145.33865,2023,2,February,5,Morning Peak,Weekday
T20230012929,2023-02-14,06:27:00,1,Collision with vehicle,2,Tuesday,130,REAR END(VEHICLES IN SAME LANE),1,775493,Not at intersection,3,100,Freeway,WESTERN RING,BRIMBANK,-37.74093,144.84836,2023,2,February,6,Morning Peak,Weekday
T20230012681,2023-02-14,16:30:00,1,Collision with vehicle,2,Tuesday,136,RIGHT TURN SIDESWIPE,1,57933,Cross intersection,3,60,Arterial Other,KINGS,PORT PHILLIP,-37.83626,144.97534,2023,2,February,16,Afternoon Peak,Weekday
T20230003567,2023-02-14,12:04:00,1,Collision with vehicle,2,Tuesday,130,REAR END(VEHICLES IN SAME LANE),1,773616,Not at intersection,2,50,Local Road,WALLIS,MITCHELL,-37.02505,145.13503,2023,2,February,12,Midday,Weekday
T20230003545,2023-02-14,05:49:00,2,Struck Pedestrian,2,Tuesday,100,PED NEAR SIDE. PED HIT BY VEHICLE FROM THE RIGHT.,3,758260,Not at intersection,3,80,Arterial Highway,DANDENONG,MONASH,-37.911156,145.12187,2023,2,February,5,Morning Peak,Weekday
T20230003546,2023-02-14,07:30:00,1,Collision with vehicle,2,Tuesday,113,RIGHT NEAR (INTERSECTIONS ONLY),1,754309,Cross intersection,3,60,Local Road,POINT NEPEAN,MORNINGTON PENINSULA,-38.361145,144.77919,2023,2,February,7,Morning Peak,Weekday
T20230003547,2023-02-14,08:33:00,1,Collision with vehicle,2,Tuesday,110,CROSS TRAFFIC(INTERSECTIONS ONLY),1,42084,Cross intersection,3,50,Local Road,EARLSFIELD,BAYSIDE,-37.934612,145.01657,2023,2,February,8,Morning Peak,Weekday
T20230003553,2023-02-14,07:13:00,1,Collision with vehicle,2,Tuesday,130,REAR END(VEHICLES IN SAME LANE),1,755834,Not at intersection,3,80,Arterial Other,WILLIAMSONS,MANNINGHAM,-37.77285,145.12773,2023,2,February,7,Morning Peak,Weekday
T20230004356,2023-02-14,18:00:00,1,Collision with vehicle,2,Tuesday,163,VEHICLE STRIKES DOOR OF PARKED/STATIONARY VEHICLE,1,758805,Not at intersection,2,40,Local Road,FLINDERS,MELBOURNE,-37.816185,144.97179,2023,2,February,18,Afternoon Peak,Weekday
T20230003738,2023-02-14,18:00:00,1,Collision with vehicle,2,Tuesday,135,LANE CHANGE LEFT (NOT OVERTAKING),1,754898,Not at intersection,3,50,Arterial Other,JACKA,PORT PHILLIP,-37.86675,144.97433,2023,2,February,18,Afternoon Peak,Weekday
T20230003715,2023-02-14,05:54:00,1,Collision with vehicle,2,Tuesday,140,U TURN,2,755493,Not at intersection,2,50,Arterial Highway,POINT NEPEAN,MORNINGTON PENINSULA,-38.31998,144.71281,2023,2,February,5,Morning Peak,Weekday
T20230003559,2023-02-14,11:13:00,1,Collision with vehicle,2,Tuesday,113,RIGHT NEAR (INTERSECTIONS ONLY),1,37385,Multiple intersection,2,70,Arterial Other,DORSET,MAROONDAH,-37.818253,145.2879,2023,2,February,11,Midday,Weekday
T20230009492,2023-02-14,16:30:00,1,Collision with vehicle,2,Tuesday,130,REAR END(VEHICLES IN SAME LANE),1,779028,Not at intersection,3,80,Freeway,CITYLINK,MOONEE VALLEY,-37.734035,144.9089,2023,2,February,16,Afternoon Peak,Weekday
T20230003649,2023-02-14,13:43:00,1,Collision with vehicle,2,Tuesday,121,RIGHT THROUGH,1,72071,T intersection,3,80,Arterial Other,CRANBOURNE,FRANKSTON,-38.152706,145.15663,2023,2,February,13,Midday,Weekday
T20230003643,2023-02-14,20:55:00,1,Collision with vehicle,2,Tuesday,130,REAR END(VEHICLES IN SAME LANE),3,29485,Multiple intersection,2,60,Arterial Highway,ST GEORGES,DAREBIN,-37.77652,144.98975,2023,2,February,20,Night,Weekday
T20230003641,2023-02-14,15:28:00,1,Collision with vehicle,2,Tuesday,130,REAR END(VEHICLES IN SAME LANE),1,755492,Not at intersection,3,60,Arterial Other,SUNSHINE,MARIBYRNONG,-37.800537,144.8709,2023,2,February,15,Afternoon Peak,Weekday
T20230003638,2023-02-14,17:33:00,1,Collision with vehicle,2,Tuesday,130,REAR END(VEHICLES IN SAME LANE),1,41646,Cross intersection,3,50,Local Road,BERKELEY,MONASH,-37.906784,145.10744,2023,2,February,17,Afternoon Peak,Weekday
T20230003634,2023-02-14,19:30:00,2,Struck Pedestrian,2,Tuesday,103,PED PLAYING/LYING/WORKING/STANDING ON CARRIAGEWAY.,1,754659,Not at intersection,3,50,Local Road,BALLINTINE,BENALLA,-36.55803,145.95718,2023,2,February,19,Night,Weekday
T20230003648,2023-02-15,03:20:00,1,Collision with vehicle,3,Wednesday,120,HEAD ON (NOT OVERTAKING),5,754897,Not at intersection,3,100,Local Road,LYNNES,BASS COAST,-38.57857,145.64839,2023,2,February,3,Late Night,Weekday
T20230003654,2023-02-15,09:17:00,1,Collision with vehicle,3,Wednesday,140,U TURN,2,779884,Not at intersection,2,60,Local Road,LINSELL,CASEY,-38.098812,145.29555,2023,2,February,9,Morning Peak,Weekday
T20230003655,2023-02-15,07:10:00,1,Collision with vehicle,3,Wednesday,130,REAR END(VEHICLES IN SAME LANE),1,760563,Not at intersection,3,60,Freeway,2810F 5441F,MOONEE VALLEY,-37.713478,144.89044,2023,2,February,7,Morning Peak,Weekday
T20230003657,2023-02-15,08:28:00,1,Collision with vehicle,3,Wednesday,147,VEHICLE STRIKES ANOTHER VEH WHILE EMERGING FROM DRIVEWAY,1,757534,Not at intersection,2,60,Arterial Other,DRYBURGH,MELBOURNE,-37.800632,144.94391,2023,2,February,8,Morning Peak,Weekday
T20230004104,2023-02-15,07:45:00,1,Collision with vehicle,3,Wednesday,130,REAR END(VEHICLES IN SAME LANE),1,778374,Not at intersection,3,40,Arterial Highway,MCIVOR,BENDIGO,-36.79126,144.5094,2023,2,February,7,Morning Peak,Weekday
T20230003789,2023-02-15,16:17:00,1,Collision with vehicle,3,Wednesday,136,RIGHT TURN SIDESWIPE,1,773194,T intersection,2,50,Local Road,FAIRWAYS,HUME,-37.607586,144.90948,2023,2,February,16,Afternoon Peak,Weekday
T20230003666,2023-02-15,10:40:00,7,Fall from or in moving vehicle,3,Wednesday,190,FELL IN/FROM VEHICLE,1,320623,T intersection,2,40,Local Road,BOURKE,MELBOURNE,-37.814716,144.96153,2023,2,February,10,Midday,Weekday
T20230003791,2023-02-15,08:15:00,1,Collision with vehicle,3,Wednesday,110,CROSS TRAFFIC(INTERSECTIONS ONLY),1,47967,Cross intersection,3,50,Local Road,CHIFLEY,DAREBIN,-37.743492,145.03049,2023,2,February,8,Morning Peak,Weekday
T20230005979,2023-02-15,19:00:00,1,Collision with vehicle,3,Wednesday,113,RIGHT NEAR (INTERSECTIONS ONLY),1,14474,Multiple intersection,3,80,Freeway,MONASH IN-NARRE WARREN NORTH,CASEY,-38.018215,145.30853,2023,2,February,19,Night,Weekday
T20230003660,2023-02-15,10:08:00,1,Collision with vehicle,3,Wednesday,130,REAR END(VEHICLES IN SAME LANE),1,779413,T intersection,2,60,Arterial Other,THOMPSON,GEELONG,-38.08668,144.34807,2023,2,February,10,Midday,Weekday
T20230003685,2023-02-15,12:25:00,1,Collision with vehicle,3,Wednesday,129,OTHER OPPOSING MANOEUVRES NOT INCLUDED IN DCAs 120-125.,1,779412,Not at intersection,3,60,Arterial Highway,DANDENONG VALLEY,DANDENONG,-37.975697,145.22267,2023,2,February,12,Midday,Weekday
T20230003686,2023-02-15,14:05:00,1,Collision with vehicle,3,Wednesday,140,U TURN,1,756822,Not at intersection,2,60,Local Road,SOMERVILLE,BENDIGO,-36.76954,144.29195,2023,2,February,14,Midday,Weekday
T20230003728,2023-02-15,13:15:00,6,Vehicle overturned (no collision),3,Wednesday,170,OFF CARRIAGEWAY TO LEFT,1,758160,Not at intersection,2,100,Arterial Other,KERANG-MURRABIT,GANNAWARRA,-35.718143,143.92986,2023,2,February,13,Midday,Weekday
T20230003677,2023-02-15,07:44:00,2,Struck Pedestrian,3,Wednesday,100,PED NEAR SIDE. PED HIT BY VEHICLE FROM THE RIGHT.,1,280757,Cross intersection,2,60,Arterial Other,GOURLAY,MELTON,-37.692066,144.7442,2023,2,February,7,Morning Peak,Weekday
T20230003675,2023-02-15,13:15:00,2,Struck Pedestrian,3,Wednesday,100,PED NEAR SIDE. PED HIT BY VEHICLE FROM THE RIGHT.,1,290371,T intersection,2,60,Arterial Highway,WHITEHORSE,WHITEHORSE,-37.81651,145.19232,2023,2,February,13,Midday,Weekday
T20230003719,2023-02-15,22:00:00,4,Collision with a fixed object,3,Wednesday,175,OFF END OF ROAD/T-INTERSECTION.,5,223101,T intersection,2,80,Local Road,NICHOLSON-SARSFIELD,EAST GIPPSLAND,-37.808315,147.73637,2023,2,February,22,Night,Weekday
T20230003690,2023-02-15,15:05:00,1,Collision with vehicle,3,Wednesday,121,RIGHT THROUGH,1,45608,T intersection,3,50,Arterial Other,BRUNSWICK,MORELAND,-37.776596,144.95628,2023,2,February,15,Afternoon Peak,Weekday
T20230003672,2023-02-15,09:30:00,1,Collision with vehicle,3,Wednesday,130,REAR END(VEHICLES IN SAME LANE),1,754758,Not at intersection,3,70,Arterial Highway,MOOROODUC,FRANKSTON,-38.14714,145.13564,2023,2,February,9,Morning Peak,Weekday
T20230004033,2023-02-15,11:00:00,2,Struck Pedestrian,3,Wednesday,100,PED NEAR SIDE. PED HIT BY VEHICLE FROM THE RIGHT.,1,986,Cross intersection,2,80,Arterial Other,HIGH,CASEY,-38.03961,145.36034,2023,2,February,11,Midday,Weekday
T20230003712,2023-02-15,18:55:00,1,Collision with vehicle,3,Wednesday,135,LANE CHANGE LEFT (NOT OVERTAKING),1,755107,Not at intersection,3,80,Arterial Other,BALLARAT,BRIMBANK,-37.763702,144.75789,2023,2,February,18,Afternoon Peak,Weekday
T20230003689,2023-02-15,12:10:00,1,Collision with vehicle,3,Wednesday,134,LANE CHANGE RIGHT (NOT OVERTAKING),1,774275,Not at intersection,3,100,Freeway,WESTERN RING,MORELAND,-37.69933,144.89651,2023,2,February,12,Midday,Weekday
T20230003670,2023-02-15,10:56:00,1,Collision with vehicle,3,Wednesday,133,LANE SIDE SWIPE (VEHICLES IN PARALLEL LANES),1,762717,Not at intersection,2,60,Local Road,BRIDLE,LATROBE,-38.223297,146.4337,2023,2,February,10,Midday,Weekday
T20230004250,2023-02-15,07:15:00,1,Collision with vehicle,3,Wednesday,160,VEHICLE COLLIDES WITH VEHICLE PARKED ON LEFT OF ROAD,9,758466,Not at intersection,2,60,Arterial Other,NORTH,BAYSIDE,-37.898693,144.99742,2023,2,February,7,Morning Peak,Weekday
T20230003680,2023-02-15,12:04:00,1,Collision with vehicle,3,Wednesday,146,REVERSING INTO FIXED OBJECT/PARKED VEHICLE,1,761569,Not at intersection,3,50,Local Road,FEATHERTOP,MANNINGHAM,-37.76686,145.10762,2023,2,February,12,Midday,Weekday
T20230006281,2023-02-15,21:05:00,1,Collision with vehicle,3,Wednesday,130,REAR END(VEHICLES IN SAME LANE),9,761163,Not at intersection,3,40,Freeway,WESTERN,MELTON,-37.69623,144.61122,2023,2,February,21,Night,Weekday
T20230003706,2023-02-15,17:24:00,1,Collision with vehicle,3,Wednesday,113,RIGHT NEAR (INTERSECTIONS ONLY),1,43289,Cross intersection,3,60,Arterial Other,HALLAM SOUTH,CASEY,-38.0199,145.27045,2023,2,February,17,Afternoon Peak,Weekday
T20230003703,2023-02-15,16:25:00,4,Collision with a fixed object,3,Wednesday,181,OFF RIGHT BEND INTO OBJECT/PARKED VEHICLE,1,760830,Not at intersection,3,100,Local Road,HESLOP,BASS COAST,-38.576088,145.59537,2023,2,February,16,Afternoon Peak,Weekday
T20230004129,2023-02-15,19:40:00,1,Collision with vehicle,3,Wednesday,120,HEAD ON (NOT OVERTAKING),2,35986,Cross intersection,3,40,Local Road,LYGON,MORELAND,-37.775867,144.97102,2023,2,February,19,Night,Weekday
T20230003760,2023-02-15,16:31:00,1,Collision with vehicle,3,Wednesday,120,HEAD ON (NOT OVERTAKING),1,233269,T intersection,2,50,Local Road,LAURA,CASEY,-38.04366,145.27896,2023,2,February,16,Afternoon Peak,Weekday
T20230003702,2023-02-15,18:04:00,1,Collision with vehicle,3,Wednesday,121,RIGHT THROUGH,1,755950,Not at intersection,3,80,Arterial Highway,SOUTH GIPPSLAND,CASEY,-38.084976,145.27782,2023,2,February,18,Afternoon Peak,Weekday
T20230007002,2023-02-15,21:30:00,1,Collision with vehicle,3,Wednesday,130,REAR END(VEHICLES IN SAME LANE),2,67855,T intersection,2,70,Arterial Highway,DANDENONG,STONNINGTON,-37.866142,145.02771,2023,2,February,21,Night,Weekday
T20230003701,2023-02-15,08:55:00,1,Collision with vehicle,3,Wednesday,130,REAR END(VEHICLES IN SAME LANE),1,777895,Not at intersection,3,100,Local Road,CONNEWARREN,MOYNE,-38.06742,142.673,2023,2,February,8,Morning Peak,Weekday
T20230003667,2023-02-15,08:35:00,1,Collision with vehicle,3,Wednesday,148,VEHICLE OFF FOOTPATH STRIKES VEH ON CARRIAGEWAY,1,783610,Not at intersection,3,40,Local Road,WATERVIEW,HUME,-37.60159,144.90378,2023,2,February,8,Morning Peak,Weekday
T20230020546,2023-02-15,03:00:00,4,Collision with a fixed object,3,Wednesday,181,OFF RIGHT BEND INTO OBJECT/PARKED VEHICLE,5,796432,Not at intersection,3,100,Local Road,GHIN GHIN,MURRINDINDI,-37.1733,145.36775,2023,2,February,3,Late Night,Weekday
T20230003645,2023-02-15,00:33:00,1,Collision with vehicle,3,Wednesday,130,REAR END(VEHICLES IN SAME LANE),3,779159,Not at intersection,2,60,Arterial Highway,WARRIGAL,MONASH,-37.892956,145.08823,2023,2,February,0,Late Night,Weekday
T20230003834,2023-02-15,13:04:00,1,Collision with vehicle,3,Wednesday,130,REAR END(VEHICLES IN SAME LANE),1,760433,Not at intersection,3,60,Arterial Other,SPRINGVALE,MANNINGHAM,-37.791832,145.18005,2023,2,February,13,Midday,Weekday
T20230003871,2023-02-15,15:25:00,1,Collision with vehicle,3,Wednesday,113,RIGHT NEAR (INTERSECTIONS ONLY),1,755394,T intersection,3,50,Local Road,CORMISTOM,MAROONDAH,-37.791546,145.23196,2023,2,February,15,Afternoon Peak,Weekday
T20230003652,2023-02-15,07:00:00,1,Collision with vehicle,3,Wednesday,116,LEFT NEAR (INTERSECTIONS ONLY),1,57546,T intersection,2,80,Arterial Highway,NEPEAN,BAYSIDE,-37.889023,145.00096,2023,2,February,7,Morning Peak,Weekday
T20230003653,2023-02-15,07:55:00,1,Collision with vehicle,3,Wednesday,121,RIGHT THROUGH,1,40202,Cross intersection,2,40,Arterial Other,BALACLAVA,GLEN EIRA,-37.87066,145.0086,2023,2,February,7,Morning Peak,Weekday
T20230003843,2023-02-16,15:30:00,6,Vehicle overturned (no collision),4,Thursday,170,OFF CARRIAGEWAY TO LEFT,1,755604,Not at intersection,2,70,Local Road,MELBOURNE,MORNINGTON PENINSULA,-38.379955,144.793,2023,2,February,15,Afternoon Peak,Weekday
T20230004154,2023-02-16,13:00:00,1,Collision with vehicle,4,Thursday,140,U TURN,1,769524,Not at intersection,2,60,Arterial Other,HAWTHORN,GLEN EIRA,-37.897663,145.01993,2023,2,February,13,Midday,Weekday
T20230003720,2023-02-16,00:47:00,1,Collision with vehicle,4,Thursday,160,VEHICLE COLLIDES WITH VEHICLE PARKED ON LEFT OF ROAD,3,777894,Not at intersection,3,60,Local Road,PLANTATION,GEELONG,-38.068256,144.3724,2023,2,February,0,Late Night,Weekday