ACCIDENT_NO,ACCIDENT_DATE,ACCIDENT_TIME,ACCIDENT_TYPE,ACCIDENT_TYPE_DESC,DAY_OF_WEEK,DAY_WEEK_DESC,DCA_CODE,DCA_DESC,LIGHT_CONDITION,NODE_ID,ROAD_GEOMETRY_DESC,SEVERITY,SPEED_ZONE,RMA,ROAD_NAME,LGA_NAME,LATITUDE,LONGITUDE,YEAR,MONTH,MONTH_NAME,HOUR,TIME_PERIOD,DAY_TYPE
T20230004192,2023-02-16,14:27:00,1,Collision with vehicle,4,Thursday,110,CROSS TRAFFIC(INTERSECTIONS ONLY),1,38809,Cross intersection,3,60,Arterial Other,WHITEHALL,MARIBYRNONG,-37.801216,144.90605,2023,2,February,14,Midday,Weekday
T20230003850,2023-02-16,18:00:00,1,Collision with vehicle,4,Thursday,137,LEFT TURN SIDESWIPE,1,757764,Not at intersection,3,60,Arterial Other,JACKA,PORT PHILLIP,-37.867455,144.97472,2023,2,February,18,Afternoon Peak,Weekday
T20230003788,2023-02-16,15:49:00,2,Struck Pedestrian,4,Thursday,100,PED NEAR SIDE. PED HIT BY VEHICLE FROM THE RIGHT.,1,36631,T intersection,2,50,Local Road,DUFF,CASEY,-38.10108,145.27713,2023,2,February,15,Afternoon Peak,Weekday
T20230006440,2023-02-16,14:40:00,1,Collision with vehicle,4,Thursday,130,REAR END(VEHICLES IN SAME LANE),1,1724,Not at intersection,3,70,Arterial Other,STATION,BRIMBANK,-37.77051,144.77473,2023,2,February,14,Midday,Weekday
T20230003759,2023-02-16,11:55:00,1,Collision with vehicle,4,Thursday,150,HEAD ON(OVERTAKING),1,776652,Not at intersection,3,100,Local Road,NARRACAN CONNECTION,BAW BAW,-38.254845,146.19177,2023,2,February,11,Midday,Weekday
T20230003792,2023-02-16,15:57:00,1,Collision with vehicle,4,Thursday,121,RIGHT THROUGH,1,778269,Not at intersection,2,100,Local Road,HAPPY VALLEY,SWAN HILL,-34.64052,142.7339,2023,2,February,15,Afternoon Peak,Weekday
T20230004198,2023-02-16,23:40:00,4,Collision with a fixed object,4,Thursday,171,LEFT OFF CARRIAGEWAY INTO OBJECT/PARKED VEHICLE,3,757155,Not at intersection,3,60,Local Road,PINNACLE,HOBSONS BAY,-37.838375,144.82045,2023,2,February,23,Night,Weekday
T20230010089,2023-02-16,06:30:00,1,Collision with vehicle,4,Thursday,130,REAR END(VEHICLES IN SAME LANE),9,49475,Cross intersection,3,50,Arterial Highway,HIGH STREET -NORTHERN,MITCHELL,-37.419655,144.97888,2023,2,February,6,Morning Peak,Weekday
T20230004214,2023-02-16,05:40:00,1,Collision with vehicle,4,Thursday,130,REAR END(VEHICLES IN SAME LANE),2,756060,Not at intersection,3,80,Arterial Highway,SOUTH GIPPSLAND,CASEY,-38.050274,145.25728,2023,2,February,5,Morning Peak,Weekday
T20230003807,2023-02-16,17:52:00,2,Struck Pedestrian,4,Thursday,106,VEH STRIKES PED ON FOOTPATH/MEDIAN/TRAFFIC ISLAND.,1,41546,T intersection,2,60,Arterial Highway,WARRIGAL,MONASH,-37.915005,145.08423,2023,2,February,17,Afternoon Peak,Weekday
T20230003753,2023-02-16,08:25:00,1,Collision with vehicle,4,Thursday,130,REAR END(VEHICLES IN SAME LANE),1,763114,Not at intersection,3,40,Freeway,HUME,WODONGA,-36.10846,146.87506,2023,2,February,8,Morning Peak,Weekday
T20230005014,2023-02-16,15:45:00,1,Collision with vehicle,4,Thursday,130,REAR END(VEHICLES IN SAME LANE),1,778373,Not at intersection,3,100,Freeway,PRINCES,HOBSONS BAY,-37.852448,144.7795,2023,2,February,15,Afternoon Peak,Weekday
T20230003773,2023-02-16,07:05:00,2,Struck Pedestrian,4,Thursday,100,PED NEAR SIDE. PED HIT BY VEHICLE FROM THE RIGHT.,1,39558,Cross intersection,2,70,Arterial Highway,WHITEHORSE,WHITEHORSE,-37.816303,145.19366,2023,2,February,7,Morning Peak,Weekday
T20230003771,2023-02-16,13:30:00,1,Collision with vehicle,4,Thursday,110,CROSS TRAFFIC(INTERSECTIONS ONLY),1,754901,Cross intersection,2,60,Arterial Highway,GEELONG ROAD -SURF COAST,SURF COAST,-38.322235,144.31851,2023,2,February,13,Midday,Weekday
T20230003739,2023-02-16,07:40:00,1,Collision with vehicle,4,Thursday,120,HEAD ON (NOT OVERTAKING),1,776553,Not at intersection,2,50,Local Road,AMAYLA,FRANKSTON,-38.105064,145.16609,2023,2,February,7,Morning Peak,Weekday
T20230003752,2023-02-16,10:43:00,3,Struck animal,4,Thursday,167,STRUCK ANIMAL,1,779409,Not at intersection,3,80,Arterial Highway,PRINCES,EAST GIPPSLAND,-37.816383,147.73901,2023,2,February,10,Midday,Weekday
T20230003776,2023-02-16,13:35:00,1,Collision with vehicle,4,Thursday,160,VEHICLE COLLIDES WITH VEHICLE PARKED ON LEFT OF ROAD,1,754794,T intersection,1,70,Arterial Other,KOROROIT CREEK,HOBSONS BAY,-37.854652,144.861,2023,2,February,13,Midday,Weekday
T20230003747,2023-02-16,11:11:00,1,Collision with vehicle,4,Thursday,121,RIGHT THROUGH,1,29701,Cross intersection,3,80,Arterial Other,BOUNDARY,KINGSTON,-37.97228,145.11168,2023,2,February,11,Midday,Weekday
T20230003770,2023-02-16,11:05:00,1,Collision with vehicle,4,Thursday,130,REAR END(VEHICLES IN SAME LANE),1,773618,Multiple intersection,2,40,Arterial Highway,CALDER,BULOKE,-35.61341,142.97055,2023,2,February,11,Midday,Weekday
T20230003801,2023-02-16,12:52:00,1,Collision with vehicle,4,Thursday,120,HEAD ON (NOT OVERTAKING),1,777417,Not at intersection,2,50,Arterial Other,YARRA,BOROONDARA,-37.793823,145.01555,2023,2,February,12,Midday,Weekday
T20230003800,2023-02-16,14:15:00,1,Collision with vehicle,4,Thursday,121,RIGHT THROUGH,1,723742,T intersection,3,60,Local Road,RING,BALLARAT,-37.52827,143.8044,2023,2,February,14,Midday,Weekday
T20230003799,2023-02-16,18:14:00,1,Collision with vehicle,4,Thursday,163,VEHICLE STRIKES DOOR OF PARKED/STATIONARY VEHICLE,1,755823,Not at intersection,3,40,Arterial Other,UPPER HEIDELBERG,BANYULE,-37.76715,145.04443,2023,2,February,18,Afternoon Peak,Weekday
T20230003798,2023-02-16,17:35:00,6,Vehicle overturned (no collision),4,Thursday,182,OFF CARRIAGEWAY ON LEFT BEND,1,757775,Not at intersection,3,100,Arterial Other,WOOLSTHORPE-HEYWOOD,GLENELG,-38.15076,141.7698,2023,2,February,17,Afternoon Peak,Weekday
T20230003974,2023-02-16,16:45:00,1,Collision with vehicle,4,Thursday,160,VEHICLE COLLIDES WITH VEHICLE PARKED ON LEFT OF ROAD,1,755822,Not at intersection,3,60,Local Road,KELSO,HUME,-37.587147,144.9021,2023,2,February,16,Afternoon Peak,Weekday
T20230003796,2023-02-16,14:50:00,1,Collision with vehicle,4,Thursday,130,REAR END(VEHICLES IN SAME LANE),1,238627,Not at intersection,3,100,Freeway,EASTERN,WHITEHORSE,-37.800686,145.15477,2023,2,February,14,Midday,Weekday
T20230004465,2023-02-16,08:45:00,1,Collision with vehicle,4,Thursday,135,LANE CHANGE LEFT (NOT OVERTAKING),1,783614,Not at intersection,3,40,Arterial Other,WATTLETREE,STONNINGTON,-37.86227,145.02754,2023,2,February,8,Morning Peak,Weekday
T20230003960,2023-02-16,18:10:00,1,Collision with vehicle,4,Thursday,163,VEHICLE STRIKES DOOR OF PARKED/STATIONARY VEHICLE,1,786857,Not at intersection,3,40,Local Road,CLARENDON,YARRA,-37.808876,144.98381,2023,2,February,18,Afternoon Peak,Weekday
T20230003767,2023-02-16,12:13:00,1,Collision with vehicle,4,Thursday,147,VEHICLE STRIKES ANOTHER VEH WHILE EMERGING FROM DRIVEWAY,1,754900,Not at intersection,2,50,Local Road,MATTHEWS,MOONEE VALLEY,-37.732563,144.88963,2023,2,February,12,Midday,Weekday
T20230003740,2023-02-16,06:40:00,1,Collision with vehicle,4,Thursday,121,RIGHT THROUGH,1,590746,T intersection,2,80,Arterial Highway,SOUTH GIPPSLAND,CASEY,-38.046204,145.25452,2023,2,February,6,Morning Peak,Weekday
T20230003780,2023-02-16,07:54:00,1,Collision with vehicle,4,Thursday,130,REAR END(VEHICLES IN SAME LANE),1,755951,Not at intersection,3,80,Arterial Other,PASCOE VALE,HUME,-37.644676,144.92961,2023,2,February,7,Morning Peak,Weekday
T20230005790,2023-02-16,18:15:00,1,Collision with vehicle,4,Thursday,137,LEFT TURN SIDESWIPE,1,770691,T intersection,3,60,Arterial Other,HEIDELBERG,DAREBIN,-37.78391,145.0075,2023,2,February,18,Afternoon Peak,Weekday
T20230003761,2023-02-16,08:13:00,1,Collision with vehicle,4,Thursday,113,RIGHT NEAR (INTERSECTIONS ONLY),2,328425,Cross intersection,2,80,Arterial Other,HALL,CASEY,-38.108097,145.2427,2023,2,February,8,Morning Peak,Weekday
T20230009917,2023-02-16,11:15:00,1,Collision with vehicle,4,Thursday,130,REAR END(VEHICLES IN SAME LANE),1,771232,Cross intersection,3,60,Arterial Other,DORSET,MAROONDAH,-37.825943,145.28758,2023,2,February,11,Midday,Weekday
T20230003803,2023-02-16,12:41:00,4,Collision with a fixed object,4,Thursday,164,PERMANENT OBSTRUCTION ON CARRIAGEWAY,1,783616,Not at intersection,3,40,Arterial Highway,GLENELG,BALLARAT,-37.59038,143.79787,2023,2,February,12,Midday,Weekday
T20230003806,2023-02-16,14:05:00,1,Collision with vehicle,4,Thursday,113,RIGHT NEAR (INTERSECTIONS ONLY),1,41744,T intersection,2,70,Arterial Other,BLACKBURN,MONASH,-37.90986,145.14133,2023,2,February,14,Midday,Weekday
T20230003811,2023-02-16,18:42:00,1,Collision with vehicle,4,Thursday,121,RIGHT THROUGH,1,38308,Cross intersection,3,60,Arterial Other,FOOTE,MANNINGHAM,-37.75777,145.11856,2023,2,February,18,Afternoon Peak,Weekday
T20230003813,2023-02-16,15:20:00,1,Collision with vehicle,4,Thursday,130,REAR END(VEHICLES IN SAME LANE),1,754904,Not at intersection,3,60,Arterial Other,HUME,HUME,-37.59094,144.94226,2023,2,February,15,Afternoon Peak,Weekday
T20230003814,2023-02-16,18:18:00,1,Collision with vehicle,4,Thursday,121,RIGHT THROUGH,2,40712,Cross intersection,3,60,Arterial Other,MIDDLEBOROUGH,WHITEHORSE,-37.845837,145.13348,2023,2,February,18,Afternoon Peak,Weekday
T20230003815,2023-02-16,07:00:00,1,Collision with vehicle,4,Thursday,111,RIGHT FAR (INTERSECTIONS ONLY),2,42018,Cross intersection,3,50,Local Road,NEW,BAYSIDE,-37.92501,144.99466,2023,2,February,7,Morning Peak,Weekday
T20230003816,2023-02-16,17:10:00,6,Vehicle overturned (no collision),4,Thursday,182,OFF CARRIAGEWAY ON LEFT BEND,1,760523,Not at intersection,2,100,Local Road,GLENORCHY,YARRIAMBIACK,-36.73682,142.71289,2023,2,February,17,Afternoon Peak,Weekday
T20230003817,2023-02-16,08:30:00,1,Collision with vehicle,4,Thursday,137,LEFT TURN SIDESWIPE,1,783611,Not at intersection,3,40,Local Road,RATHDOWNE,MELBOURNE,-37.804672,144.9693,2023,2,February,8,Morning Peak,Weekday
T20230003818,2023-02-16,07:45:00,1,Collision with vehicle,4,Thursday,130,REAR END(VEHICLES IN SAME LANE),9,755830,Not at intersection,3,100,Freeway,HUME,WHITTLESEA,-37.643,144.99178,2023,2,February,7,Morning Peak,Weekday
T20230003819,2023-02-16,18:36:00,4,Collision with a fixed object,4,Thursday,171,LEFT OFF CARRIAGEWAY INTO OBJECT/PARKED VEHICLE,1,755108,Not at intersection,3,100,Local Road,OLD DROUIN,BAW BAW,-38.130257,145.78517,2023,2,February,18,Afternoon Peak,Weekday
T20230003889,2023-02-16,17:40:00,1,Collision with vehicle,4,Thursday,130,REAR END(VEHICLES IN SAME LANE),1,221464,T intersection,3,70,Arterial Other,SYDNEY,MORELAND,-37.694748,144.9591,2023,2,February,17,Afternoon Peak,Weekday
T20230003822,2023-02-16,20:00:00,1,Collision with vehicle,4,Thursday,181,OFF RIGHT BEND INTO OBJECT/PARKED VEHICLE,2,760577,Not at intersection,2,50,Local Road,BATT,WODONGA,-36.11591,146.88284,2023,2,February,20,Night,Weekday
T20230003823,2023-02-16,18:00:00,1,Collision with vehicle,4,Thursday,120,HEAD ON (NOT OVERTAKING),1,759024,Not at intersection,2,100,Arterial Highway,MAROONA-GLENTHOMPSON,ARARAT,-37.493183,142.7777,2023,2,February,18,Afternoon Peak,Weekday
T20230003824,2023-02-16,20:50:00,1,Collision with vehicle,4,Thursday,121,RIGHT THROUGH,3,37017,T intersection,3,60,Arterial Other,VICTORIA,YARRA,-37.80885,144.98381,2023,2,February,20,Night,Weekday
T20230003829,2023-02-16,22:45:00,1,Collision with vehicle,4,Thursday,131,LEFT REAR,3,779549,Not at intersection,3,50,Arterial Other,NICHOLSON,MORELAND,-37.742683,144.97804,2023,2,February,22,Night,Weekday
T20230003795,2023-02-16,09:15:00,1,Collision with vehicle,4,Thursday,111,RIGHT FAR (INTERSECTIONS ONLY),1,45524,Cross intersection,3,60,Arterial Other,DERRIMUT ROAD -HOPKINS,MELTON,-37.80502,144.69594,2023,2,February,9,Morning Peak,Weekday
T20230003864,2023-02-17,12:17:00,1,Collision with vehicle,5,Friday,140,U TURN,1,779901,Not at intersection,3,100,Arterial Other,LANCASTER,CAMPASPE,-36.313488,145.09749,2023,2,February,12,Midday,Weekday
T20230003867,2023-02-17,09:20:00,1,Collision with vehicle,5,Friday,130,REAR END(VEHICLES IN SAME LANE),1,755821,Not at intersection,3,80,Arterial Other,THOMPSONS,CASEY,-38.081444,145.27002,2023,2,February,9,Morning Peak,Weekday
T20230003869,2023-02-17,10:40:00,1,Collision with vehicle,5,Friday,163,VEHICLE STRIKES DOOR OF PARKED/STATIONARY VEHICLE,1,770122,Not at intersection,2,40,Arterial Other,VICTORIA,YARRA,-37.81069,145.00185,2023,2,February,10,Midday,Weekday
T20230003872,2023-02-17,06:57:00,5,collision with some other object,5,Friday,191,LOAD OR MISSILE STRUCK VEHICLE,1,755300,Not at intersection,2,100,Freeway,WESTERN,MELTON,-37.756252,144.7354,2023,2,February,6,Morning Peak,Weekday
T20230003880,2023-02-17,06:45:00,3,Struck animal,5,Friday,167,STRUCK ANIMAL,1,755790,Not at intersection,3,100,Arterial Other,CRESWICK-NEWSTEAD,HEPBURN,-37.225716,143.9425,2023,2,February,6,Morning Peak,Weekday
T20230003882,2023-02-17,13:24:00,1,Collision with vehicle,5,Friday,135,LANE CHANGE LEFT (NOT OVERTAKING),1,755712,Not at intersection,3,100,Freeway,PRINCES,CASEY,-38.05499,145.36252,2023,2,February,13,Midday,Weekday
T20230003901,2023-02-17,17:00:00,1,Collision with vehicle,5,Friday,116,LEFT NEAR (INTERSECTIONS ONLY),1,755111,T intersection,2,100,Arterial Other,PAKENHAM,CARDINIA,-38.040794,145.48215,2023,2,February,17,Afternoon Peak,Weekday
T20230006616,2023-02-17,11:05:00,1,Collision with vehicle,5,Friday,113,RIGHT NEAR (INTERSECTIONS ONLY),1,221829,Multiple intersection,3,100,Arterial Highway,PRINCES,GLENELG,-38.301533,141.60048,2023,2,February,11,Midday,Weekday
T20230003900,2023-02-17,14:30:00,1,Collision with vehicle,5,Friday,130,REAR END(VEHICLES IN SAME LANE),1,766646,Not at intersection,3,40,Arterial Other,HOWE,BALLARAT,-37.50712,143.80542,2023,2,February,14,Midday,Weekday
T20230003898,2023-02-17,16:30:00,1,Collision with vehicle,5,Friday,121,RIGHT THROUGH,1,1070,T intersection,3,60,Arterial Highway,LONSDALE,MORNINGTON PENINSULA,-38.351215,144.92146,2023,2,February,16,Afternoon Peak,Weekday
T20230004039,2023-02-17,11:00:00,4,Collision with a fixed object,5,Friday,173,RIGHT OFF CARRIAGEWAY INTO OBJECT/PARKED VEHICLE,1,776271,Not at intersection,2,40,Arterial Highway,MELBA,MURRINDINDI,-37.51273,145.42503,2023,2,February,11,Midday,Weekday
T20230012200,2023-02-17,06:15:00,1,Collision with vehicle,5,Friday,130,REAR END(VEHICLES IN SAME LANE),2,321820,Cross intersection,3,80,Local Road,BOUNDARY,MELTON,-37.808083,144.72339,2023,2,February,6,Morning Peak,Weekday
T20230006882,2023-02-17,13:15:00,1,Collision with vehicle,5,Friday,130,REAR END(VEHICLES IN SAME LANE),1,350211,Cross intersection,3,80,Arterial Highway,DANDENONG,MONASH,-37.911423,145.1223,2023,2,February,13,Midday,Weekday
T20230003887,2023-02-17,13:15:00,6,Vehicle overturned (no collision),5,Friday,184,OUT OF CONTROL ON CARRIAGEWAY (ON BEND),1,757536,Not at intersection,2,80,Local Road,LEARMONTH CREEK,YARRA RANGES,-37.873585,145.74547,2023,2,February,13,Midday,Weekday
T20230003895,2023-02-17,16:26:00,1,Collision with vehicle,5,Friday,130,REAR END(VEHICLES IN SAME LANE),1,779408,T intersection,3,50,Local Road,CLAREDALE,CASEY,-38.00063,145.22737,2023,2,February,16,Afternoon Peak,Weekday
T20230003892,2023-02-17,16:10:00,2,Struck Pedestrian,5,Friday,101,PED EMERGES FROM IN FRONT OF PARKED OR STATIONARY VEHICLE,1,755497,Not at intersection,3,50,Local Road,OAKWOOD,GEELONG,-38.21396,144.30415,2023,2,February,16,Afternoon Peak,Weekday
T20230003924,2023-02-17,19:00:00,1,Collision with vehicle,5,Friday,130,REAR END(VEHICLES IN SAME LANE),1,760690,Not at intersection,3,80,Freeway,HUME IN-COOPER,WHITTLESEA,-37.647976,144.99152,2023,2,February,19,Night,Weekday
T20230004289,2023-02-17,15:00:00,1,Collision with vehicle,5,Friday,130,REAR END(VEHICLES IN SAME LANE),1,756832,Not at intersection,3,50,Local Road,SEPARATION,DAREBIN,-37.771927,145.0214,2023,2,February,15,Afternoon Peak,Weekday
T20230004291,2023-02-17,13:00:00,1,Collision with vehicle,5,Friday,130,REAR END(VEHICLES IN SAME LANE),1,762007,Not at intersection,3,70,Arterial Other,HOWITT,BALLARAT,-37.539963,143.82863,2023,2,February,13,Midday,Weekday
T20230003891,2023-02-17,15:36:00,1,Collision with vehicle,5,Friday,160,VEHICLE COLLIDES WITH VEHICLE PARKED ON LEFT OF ROAD,1,776336,Not at intersection,3,60,Arterial Other,BLACKSHAWS,HOBSONS BAY,-37.8324,144.85939,2023,2,February,15,Afternoon Peak,Weekday
T20230004880,2023-02-17,05:30:00,5,collision with some other object,5,Friday,171,LEFT OFF CARRIAGEWAY INTO OBJECT/PARKED VEHICLE,2,773759,Not at intersection,3,50,Arterial Other,WAVERLEY,MOONEE VALLEY,-37.76385,144.90596,2023,2,February,5,Morning Peak,Weekday
T20230004928,2023-02-17,13:00:00,1,Collision with vehicle,5,Friday,121,RIGHT THROUGH,1,36519,Cross intersection,3,80,Arterial Other,CRANBOURNE-FRANKSTON,FRANKSTON,-38.144722,145.20511,2023,2,February,13,Midday,Weekday
T20230004776,2023-02-17,17:45:00,1,Collision with vehicle,5,Friday,160,VEHICLE COLLIDES WITH VEHICLE PARKED ON LEFT OF ROAD,1,757393,Not at intersection,3,50,Local Road,PAYNE,WHITTLESEA,-37.651443,145.09396,2023,2,February,17,Afternoon Peak,Weekday
T20230007962,2023-02-17,15:30:00,1,Collision with vehicle,5,Friday,120,HEAD ON (NOT OVERTAKING),1,767146,Not at intersection,3,40,Local Road,DOMAIN,MELBOURNE,-37.83457,144.98586,2023,2,February,15,Afternoon Peak,Weekday
T20230006092,2023-02-17,15:30:00,1,Collision with vehicle,5,Friday,134,LANE CHANGE RIGHT (NOT OVERTAKING),1,761156,Multiple intersection,3,40,Freeway,WAURN PONDS,GEELONG,-38.20392,144.30205,2023,2,February,15,Afternoon Peak,Weekday
T20230005420,2023-02-17,13:32:00,1,Collision with vehicle,5,Friday,159,OTHER OVERTAKING MANOEUVRES NOT INCLUDED IN DCAs 150-154,1,37749,Cross intersection,2,60,Arterial Other,WILLIAMS,STONNINGTON,-37.847137,145.00339,2023,2,February,13,Midday,Weekday
T20230010602,2023-02-17,09:55:00,1,Collision with vehicle,5,Friday,130,REAR END(VEHICLES IN SAME LANE),1,779427,Not at intersection,3,50,Local Road,WILLANDRA,WHITTLESEA,-37.650158,145.00851,2023,2,February,9,Morning Peak,Weekday
T20230004191,2023-02-17,12:04:00,8,No collision and no object struck,5,Friday,174,OUT OF CONTROL ON CARRIAGEWAY (ON STRAIGHT),1,271693,Not at intersection,3,50,Local Road,RATHDOWNE,MELBOURNE,-37.79715,144.97057,2023,2,February,12,Midday,Weekday
T20230003840,2023-02-17,06:50:00,1,Collision with vehicle,5,Friday,113,RIGHT NEAR (INTERSECTIONS ONLY),2,45046,Cross intersection,3,60,Local Road,LIDDIARD,LATROBE,-38.20213,146.55115,2023,2,February,6,Morning Peak,Weekday
T20230003905,2023-02-17,15:45:00,1,Collision with vehicle,5,Friday,140,U TURN,1,763743,Not at intersection,3,60,Local Road,KNIGHT,SHEPPARTON,-36.373608,145.39743,2023,2,February,15,Afternoon Peak,Weekday
T20230004806,2023-02-17,15:40:00,1,Collision with vehicle,5,Friday,120,HEAD ON (NOT OVERTAKING),1,758378,Cross intersection,2,60,Local Road,ALBANY,MONASH,-37.934937,145.17163,2023,2,February,15,Afternoon Peak,Weekday
T20230003907,2023-02-17,17:34:00,4,Collision with a fixed object,5,Friday,181,OFF RIGHT BEND INTO OBJECT/PARKED VEHICLE,1,781391,Not at intersection,2,100,Freeway,MORNINGTON PENINSULA,MORNINGTON PENINSULA,-38.36022,144.92075,2023,2,February,17,Afternoon Peak,Weekday
T20230003909,2023-02-17,14:15:00,1,Collision with vehicle,5,Friday,133,LANE SIDE SWIPE (VEHICLES IN PARALLEL LANES),1,39697,Cross intersection,3,80,Arterial Highway,MAROONDAH,MAROONDAH,-37.79783,145.25394,2023,2,February,14,Midday,Weekday
T20230003914,2023-02-17,19:08:00,1,Collision with vehicle,5,Friday,136,RIGHT TURN SIDESWIPE,1,37910,Cross intersection,3,60,Arterial Other,HIGH,DAREBIN,-37.782124,144.99648,2023,2,February,19,Night,Weekday
T20230003857,2023-02-17,09:06:00,1,Collision with vehicle,5,Friday,113,RIGHT NEAR (INTERSECTIONS ONLY),1,50870,T intersection,3,50,Local Road,LAWRENCE,WODONGA,-36.119198,146.84956,2023,2,February,9,Morning Peak,Weekday
T20230003915,2023-02-17,18:45:00,1,Collision with vehicle,5,Friday,141,U TURN INTO FIXED OBJECT/PARKED VEHICLE,1,774147,Not at intersection,2,50,Local Road,ALEXANDER,CASEY,-38.10428,145.2804,2023,2,February,18,Afternoon Peak,Weekday
T20230003884,2023-02-17,15:30:00,1,Collision with vehicle,5,Friday,136,RIGHT TURN SIDESWIPE,1,38021,Cross intersection,3,60,Local Road,GOOCH,DAREBIN,-37.759293,145.01317,2023,2,February,15,Afternoon Peak,Weekday
T20230003849,2023-02-17,08:35:00,1,Collision with vehicle,5,Friday,120,HEAD ON (NOT OVERTAKING),1,770961,Not at intersection,3,60,Arterial Other,HEATHS,WYNDHAM,-37.876694,144.67563,2023,2,February,8,Morning Peak,Weekday
T20230003916,2023-02-17,15:11:00,2,Struck Pedestrian,5,Friday,100,PED NEAR SIDE. PED HIT BY VEHICLE FROM THE RIGHT.,1,761782,T intersection,3,40,Local Road,PANGANA,WYNDHAM,-37.900677,144.7261,2023,2,February,15,Afternoon Peak,Weekday
T20230003920,2023-02-17,13:30:00,1,Collision with vehicle,5,Friday,110,CROSS TRAFFIC(INTERSECTIONS ONLY),1,255024,Cross intersection,3,60,Arterial Highway,HOPETOUN,YARRIAMBIACK,-35.938065,142.42235,2023,2,February,13,Midday,Weekday
T20230003922,2023-02-17,18:54:00,8,No collision and no object struck,5,Friday,174,OUT OF CONTROL ON CARRIAGEWAY (ON STRAIGHT),1,757150,T intersection,2,100,Local Road,KINGSTON,HEPBURN,-37.410194,143.94475,2023,2,February,18,Afternoon Peak,Weekday
T20230003926,2023-02-17,23:44:00,4,Collision with a fixed object,5,Friday,173,RIGHT OFF CARRIAGEWAY INTO OBJECT/PARKED VEHICLE,3,781608,Not at intersection,2,50,Local Road,BAROSSA,WHITEHORSE,-37.85601,145.19733,2023,2,February,23,Night,Weekday
T20230003931,2023-02-17,10:40:00,4,Collision with a fixed object,5,Friday,179,OTHER ACCIDENTS-OFF STRAIGHT NOT INCLUDED IN DCAs 170-175,1,43094,T intersection,2,50,Arterial Highway,LONSDALE,DANDENONG,-37.999763,145.22404,2023,2,February,10,Midday,Weekday
T20230003831,2023-02-17,01:34:00,8,No collision and no object struck,5,Friday,170,OFF CARRIAGEWAY TO LEFT,5,781388,Not at intersection,2,100,Arterial Highway,WESTERN,NORTHERN GRAMPIANS,-37.02268,142.72032,2023,2,February,1,Late Night,Weekday
T20230004047,2023-02-17,22:00:00,1,Collision with vehicle,5,Friday,171,LEFT OFF CARRIAGEWAY INTO OBJECT/PARKED VEHICLE,3,783620,Not at intersection,3,60,Local Road,REYNOLDS,YARRA RANGES,-37.908592,145.35292,2023,2,February,22,Night,Weekday
T20230003883,2023-02-17,15:20:00,2,Struck Pedestrian,5,Friday,100,PED NEAR SIDE. PED HIT BY VEHICLE FROM THE RIGHT.,1,755110,Not at intersection,2,50,Local Road,PALMER,BRIMBANK,-37.789158,144.76067,2023,2,February,15,Afternoon Peak,Weekday
T20230003860,2023-02-17,08:10:00,1,Collision with vehicle,5,Friday,133,LANE SIDE SWIPE (VEHICLES IN PARALLEL LANES),1,478,Multiple intersection,2,60,Arterial Other,HIGH STREET -HIGH,BOROONDARA,-37.80748,145.02888,2023,2,February,8,Morning Peak,Weekday
T20230004117,2023-02-17,12:30:00,6,Vehicle overturned (no collision),5,Friday,184,OUT OF CONTROL ON CARRIAGEWAY (ON BEND),1,782145,Not at intersection,2,80,Arterial Highway,GREAT OCEAN,COLAC OTWAY,-38.737648,143.29225,2023,2,February,12,Midday,Weekday
T20230018634,2023-02-17,19:00:00,1,Collision with vehicle,5,Friday,130,REAR END(VEHICLES IN SAME LANE),2,781627,T intersection,3,60,Local Road,LEE,FRANKSTON,-38.15097,145.1512,2023,2,February,19,Night,Weekday
T20230003861,2023-02-17,10:45:00,1,Collision with vehicle,5,Friday,121,RIGHT THROUGH,1,97506,T intersection,3,80,Arterial Other,FERNTREE GULLY,KNOX,-37.884937,145.26825,2023,2,February,10,Midday,Weekday
T20230003962,2023-02-17,15:45:00,2,Struck Pedestrian,5,Friday,100,PED NEAR SIDE. PED HIT BY VEHICLE FROM THE RIGHT.,1,759809,T intersection,3,50,Arterial Other,GRANTHAM,MORELAND,-37.770203,144.94984,2023,2,February,15,Afternoon Peak,Weekday
T20230004809,2023-02-18,00:10:00,2,Struck Pedestrian,6,Saturday,100,PED NEAR SIDE. PED HIT BY VEHICLE FROM THE RIGHT.,6,757541,Not at intersection,3,70,Arterial Other,JOHNSTONE,HUME,-37.681023,144.90294,2023,2,February,0,Late Night,Weekend
T20230003986,2023-02-18,16:20:00,4,Collision with a fixed object,6,Saturday,181,OFF RIGHT BEND INTO OBJECT/PARKED VEHICLE,1,768513,Not at intersection,2,100,Local Road,GRIBBLES,CORANGAMITE,-38.4023,143.10573,2023,2,February,16,Afternoon Peak,Weekend
T20230004007,2023-02-18,21:10:00,1,Collision with vehicle,6,Saturday,121,RIGHT THROUGH,3,673299,Cross intersection,3,50,Local Road,ELEVATION,HUME,-37.598625,144.89328,2023,2,February,21,Night,Weekend