ACCIDENT_NO,ACCIDENT_DATE,ACCIDENT_TIME,ACCIDENT_TYPE,ACCIDENT_TYPE_DESC,DAY_OF_WEEK,DAY_WEEK_DESC,DCA_CODE,DCA_DESC,LIGHT_CONDITION,NODE_ID,ROAD_GEOMETRY_DESC,SEVERITY,SPEED_ZONE,RMA,ROAD_NAME,LGA_NAME,LATITUDE,LONGITUDE,YEAR,MONTH,MONTH_NAME,HOUR,TIME_PERIOD,DAY_TYPE
T20230004010,2023-02-18,19:36:00,1,Collision with vehicle,6,Saturday,113,RIGHT NEAR (INTERSECTIONS ONLY),2,245367,T intersection,2,60,Local Road,JAMES MIRAMS,HUME,-37.620117,144.92622,2023,2,February,19,Night,Weekend
T20230004013,2023-02-18,22:30:00,1,Collision with vehicle,6,Saturday,111,RIGHT FAR (INTERSECTIONS ONLY),3,44386,Cross intersection,3,60,Arterial Other,POINT COOK,HOBSONS BAY,-37.87501,144.75832,2023,2,February,22,Night,Weekend
T20230005267,2023-02-18,12:15:00,1,Collision with vehicle,6,Saturday,132,RIGHT REAR.,1,50407,Cross intersection,3,80,Local Road,PYRAMID ROCK,BASS COAST,-38.482094,145.22014,2023,2,February,12,Midday,Weekend
T20230014514,2023-02-18,18:40:00,8,No collision and no object struck,6,Saturday,180,OFF CARRIAGEWAY ON RIGHT BEND,1,776367,Not at intersection,3,80,Local Road,KERGUNYAH,INDIGO,-36.33057,147.0383,2023,2,February,18,Afternoon Peak,Weekend
T20230003998,2023-02-18,19:23:00,1,Collision with vehicle,6,Saturday,130,REAR END(VEHICLES IN SAME LANE),2,779405,Not at intersection,3,60,Arterial Other,POINT COOK,HOBSONS BAY,-37.87629,144.75803,2023,2,February,19,Night,Weekend
T20230003965,2023-02-18,13:35:00,4,Collision with a fixed object,6,Saturday,171,LEFT OFF CARRIAGEWAY INTO OBJECT/PARKED VEHICLE,1,755787,Not at intersection,3,60,Arterial Other,ASQUITH,BOROONDARA,-37.797676,145.04404,2023,2,February,13,Midday,Weekend
T20230005088,2023-02-18,07:30:00,6,Vehicle overturned (no collision),6,Saturday,174,OUT OF CONTROL ON CARRIAGEWAY (ON STRAIGHT),1,786916,Not at intersection,2,80,Arterial Highway,CALDER,MILDURA,-34.246304,142.18369,2023,2,February,7,Morning Peak,Weekend
T20230003978,2023-02-18,14:13:00,8,No collision and no object struck,6,Saturday,184,OUT OF CONTROL ON CARRIAGEWAY (ON BEND),1,343622,Not at intersection,2,100,Arterial Other,GEMBROOK-LAUNCHING PLACE,CARDINIA,-37.90822,145.591,2023,2,February,14,Midday,Weekend
T20230003948,2023-02-18,12:30:00,1,Collision with vehicle,6,Saturday,113,RIGHT NEAR (INTERSECTIONS ONLY),1,53506,T intersection,3,60,Arterial Other,SETTLEMENT,WHITTLESEA,-37.68987,145.02846,2023,2,February,12,Midday,Weekend
T20230003973,2023-02-18,12:30:00,4,Collision with a fixed object,6,Saturday,173,RIGHT OFF CARRIAGEWAY INTO OBJECT/PARKED VEHICLE,1,782144,Not at intersection,3,60,Local Road,SEVENTH,WELLINGTON,-38.18946,147.42593,2023,2,February,12,Midday,Weekend
T20230003972,2023-02-18,10:30:00,1,Collision with vehicle,6,Saturday,148,VEHICLE OFF FOOTPATH STRIKES VEH ON CARRIAGEWAY,1,755500,T intersection,3,50,Local Road,CARINISH,MONASH,-37.927303,145.12453,2023,2,February,10,Midday,Weekend
T20230003996,2023-02-18,18:00:00,4,Collision with a fixed object,6,Saturday,173,RIGHT OFF CARRIAGEWAY INTO OBJECT/PARKED VEHICLE,1,755789,Not at intersection,3,60,Arterial Highway,SMITHFIELD,MELBOURNE,-37.789536,144.92241,2023,2,February,18,Afternoon Peak,Weekend
T20230003967,2023-02-18,11:30:00,1,Collision with vehicle,6,Saturday,121,RIGHT THROUGH,1,762484,T intersection,2,40,Local Road,THE PARADE,MELTON,-37.7335,144.73924,2023,2,February,11,Midday,Weekend
T20230003964,2023-02-18,11:45:00,1,Collision with vehicle,6,Saturday,147,VEHICLE STRIKES ANOTHER VEH WHILE EMERGING FROM DRIVEWAY,1,756184,Not at intersection,2,50,Local Road,ASPIRE,MELTON,-37.700764,144.72661,2023,2,February,11,Midday,Weekend
T20230003995,2023-02-18,18:29:00,1,Collision with vehicle,6,Saturday,121,RIGHT THROUGH,1,765508,T intersection,2,50,Local Road,MYRTLE,FRANKSTON,-38.15323,145.17323,2023,2,February,18,Afternoon Peak,Weekend
T20230003988,2023-02-18,14:58:00,4,Collision with a fixed object,6,Saturday,181,OFF RIGHT BEND INTO OBJECT/PARKED VEHICLE,1,775752,T intersection,1,50,Local Road,HENRY LAWSON,CASEY,-38.051285,145.25128,2023,2,February,14,Midday,Weekend
T20230004780,2023-02-18,12:00:00,4,Collision with a fixed object,6,Saturday,149,OTHER MANOEUVRING NOT INCLUDED IN DCAs 140-148,1,757285,T intersection,2,60,Arterial Other,HENTY STREET -LOCH VALLEY,BAW BAW,-37.89197,145.99901,2023,2,February,12,Midday,Weekend
T20230003987,2023-02-18,11:50:00,1,Collision with vehicle,6,Saturday,135,LANE CHANGE LEFT (NOT OVERTAKING),1,756185,Not at intersection,3,80,Arterial Highway,WHITEHORSE,WHITEHORSE,-37.816307,145.20476,2023,2,February,11,Midday,Weekend
T20230004006,2023-02-18,14:20:00,1,Collision with vehicle,6,Saturday,121,RIGHT THROUGH,1,755952,T intersection,3,50,Local Road,ROBINSWOOD,CASEY,-38.068375,145.30571,2023,2,February,14,Midday,Weekend
T20230003999,2023-02-18,16:40:00,2,Struck Pedestrian,6,Saturday,102,FAR SIDE. PED HIT BY VEHICLE FROM THE LEFT,1,755302,Not at intersection,3,50,Arterial Highway,WARBURTON,YARRA RANGES,-37.781452,145.61302,2023,2,February,16,Afternoon Peak,Weekend
T20230003959,2023-02-18,10:00:00,1,Collision with vehicle,6,Saturday,113,RIGHT NEAR (INTERSECTIONS ONLY),1,73915,Cross intersection,3,50,Arterial Highway,ALBERT,MOYNE,-38.38272,142.22913,2023,2,February,10,Midday,Weekend
T20230003950,2023-02-18,07:40:00,4,Collision with a fixed object,6,Saturday,179,OTHER ACCIDENTS-OFF STRAIGHT NOT INCLUDED IN DCAs 170-175,2,790305,Not at intersection,3,50,Local Road,WERRIL,SWAN HILL,-35.36061,143.55173,2023,2,February,7,Morning Peak,Weekend
T20230003949,2023-02-18,07:50:00,1,Collision with vehicle,6,Saturday,121,RIGHT THROUGH,1,106352,T intersection,3,80,Arterial Other,THOMPSONS,CASEY,-38.0804,145.2615,2023,2,February,7,Morning Peak,Weekend
T20230004058,2023-02-18,15:51:00,1,Collision with vehicle,6,Saturday,132,RIGHT REAR.,1,757422,Not at intersection,2,100,Arterial Highway,GREAT OCEAN,COLAC OTWAY,-38.763287,143.54854,2023,2,February,15,Afternoon Peak,Weekend
T20230003947,2023-02-18,11:45:00,1,Collision with vehicle,6,Saturday,160,VEHICLE COLLIDES WITH VEHICLE PARKED ON LEFT OF ROAD,1,755301,Not at intersection,3,60,Arterial Other,STATION,DAREBIN,-37.76974,145.01967,2023,2,February,11,Midday,Weekend
T20230003943,2023-02-18,08:50:00,1,Collision with vehicle,6,Saturday,110,CROSS TRAFFIC(INTERSECTIONS ONLY),1,773629,Cross intersection,3,80,Local Road,HARKAWAY,CASEY,-38.00037,145.34155,2023,2,February,8,Morning Peak,Weekend
T20230003942,2023-02-18,11:55:00,6,Vehicle overturned (no collision),6,Saturday,184,OUT OF CONTROL ON CARRIAGEWAY (ON BEND),1,758686,Not at intersection,2,100,Local Road,COALVILLE,BAW BAW,-38.22904,146.26962,2023,2,February,11,Midday,Weekend
T20230005076,2023-02-18,19:52:00,1,Collision with vehicle,6,Saturday,110,CROSS TRAFFIC(INTERSECTIONS ONLY),2,772064,Cross intersection,3,80,Arterial Highway,SOUTH GIPPSLAND,CASEY,-38.042553,145.25226,2023,2,February,19,Night,Weekend
T20230004241,2023-02-18,09:30:00,6,Vehicle overturned (no collision),6,Saturday,174,OUT OF CONTROL ON CARRIAGEWAY (ON STRAIGHT),9,786919,Not at intersection,2,60,Arterial Other,KEILOR PARK,BRIMBANK,-37.738167,144.85072,2023,2,February,9,Morning Peak,Weekend
T20230003939,2023-02-18,10:00:00,1,Collision with vehicle,6,Saturday,121,RIGHT THROUGH,1,39263,T intersection,2,60,Arterial Other,BELMORE,WHITEHORSE,-37.80053,145.11407,2023,2,February,10,Midday,Weekend
T20230004522,2023-02-18,11:33:00,2,Struck Pedestrian,6,Saturday,102,FAR SIDE. PED HIT BY VEHICLE FROM THE LEFT,1,773550,Not at intersection,2,60,Arterial Other,MT ALEXANDER,MOONEE VALLEY,-37.74644,144.9113,2023,2,February,11,Midday,Weekend
T20230004074,2023-02-19,20:34:00,6,Vehicle overturned (no collision),7,Sunday,170,OFF CARRIAGEWAY TO LEFT,1,761554,Not at intersection,2,60,Local Road,ROBINSON,CASEY,-37.98241,145.31691,2023,2,February,20,Night,Weekend
T20230004088,2023-02-19,22:45:00,4,Collision with a fixed object,7,Sunday,175,OFF END OF ROAD/T-INTERSECTION.,3,769770,Dead end,3,50,Local Road,THE GATEWAY,HUME,-37.691208,144.95305,2023,2,February,22,Night,Weekend
T20230004087,2023-02-19,23:40:00,2,Struck Pedestrian,7,Sunday,102,FAR SIDE. PED HIT BY VEHICLE FROM THE LEFT,3,786920,T intersection,2,60,Arterial Highway,ST KILDA,PORT PHILLIP,-37.85639,144.98318,2023,2,February,23,Night,Weekend
T20230004086,2023-02-19,23:04:00,4,Collision with a fixed object,7,Sunday,173,RIGHT OFF CARRIAGEWAY INTO OBJECT/PARKED VEHICLE,3,239572,Not at intersection,2,60,Local Road,ROSAMOND,MARIBYRNONG,-37.77036,144.88646,2023,2,February,23,Night,Weekend
T20230005134,2023-02-19,18:00:00,4,Collision with a fixed object,7,Sunday,164,PERMANENT OBSTRUCTION ON CARRIAGEWAY,9,39026,Cross intersection,3,50,Local Road,BRAESWOOD,BRIMBANK,-37.733322,144.77223,2023,2,February,18,Afternoon Peak,Weekend
T20230004084,2023-02-19,21:10:00,4,Collision with a fixed object,7,Sunday,175,OFF END OF ROAD/T-INTERSECTION.,3,757152,T intersection,2,80,Local Road,TOOMUC VALLEY,CARDINIA,-38.032124,145.46419,2023,2,February,21,Night,Weekend
T20230004079,2023-02-19,15:30:00,1,Collision with vehicle,7,Sunday,130,REAR END(VEHICLES IN SAME LANE),1,757273,Not at intersection,2,50,Local Road,KIDDS,CASEY,-37.986965,145.23293,2023,2,February,15,Afternoon Peak,Weekend
T20230004078,2023-02-19,21:30:00,1,Collision with vehicle,7,Sunday,133,LANE SIDE SWIPE (VEHICLES IN PARALLEL LANES),3,760434,Not at intersection,3,60,Arterial Other,EPSOM,MELBOURNE,-37.785667,144.91959,2023,2,February,21,Night,Weekend
T20230004783,2023-02-19,12:15:00,4,Collision with a fixed object,7,Sunday,183,OFF LEFT BEND INTO OBJECT/PARKED VEHICLE,1,763744,Not at intersection,3,100,Local Road,MYRTLEFORD-STANLEY,INDIGO,-36.442024,146.755,2023,2,February,12,Midday,Weekend
T20230004075,2023-02-19,20:02:00,4,Collision with a fixed object,7,Sunday,181,OFF RIGHT BEND INTO OBJECT/PARKED VEHICLE,2,783716,Not at intersection,3,60,Arterial Other,HEREFORD,YARRA RANGES,-37.764416,145.36252,2023,2,February,20,Night,Weekend
T20230004204,2023-02-19,16:00:00,7,Fall from or in moving vehicle,7,Sunday,190,FELL IN/FROM VEHICLE,1,778227,Not at intersection,3,100,Local Road,BEN VALLEY,INDIGO,-36.35636,146.90434,2023,2,February,16,Afternoon Peak,Weekend
T20230004157,2023-02-19,21:20:00,1,Collision with vehicle,7,Sunday,160,VEHICLE COLLIDES WITH VEHICLE PARKED ON LEFT OF ROAD,2,779402,Not at intersection,2,50,Local Road,DALLAS,MONASH,-37.905,145.0812,2023,2,February,21,Night,Weekend
T20230004110,2023-02-19,13:30:00,1,Collision with vehicle,7,Sunday,163,VEHICLE STRIKES DOOR OF PARKED/STATIONARY VEHICLE,9,774337,Not at intersection,2,60,Arterial Other,ESPLANADE,BAYSIDE,-37.913815,144.98645,2023,2,February,13,Midday,Weekend
T20230004237,2023-02-19,13:00:00,6,Vehicle overturned (no collision),7,Sunday,184,OUT OF CONTROL ON CARRIAGEWAY (ON BEND),1,758019,Not at intersection,3,100,Local Road,MONKEY GULLY,GOLDEN PLAINS,-37.689884,143.72194,2023,2,February,13,Midday,Weekend
T20230004753,2023-02-19,00:10:00,7,Fall from or in moving vehicle,7,Sunday,190,FELL IN/FROM VEHICLE,3,783703,Not at intersection,3,60,Arterial Other,MT ALEXANDER,MOONEE VALLEY,-37.76838,144.92528,2023,2,February,0,Late Night,Weekend
T20230004040,2023-02-19,12:33:00,1,Collision with vehicle,7,Sunday,121,RIGHT THROUGH,1,40099,Cross intersection,2,50,Arterial Other,BARKLY,PORT PHILLIP,-37.860218,144.98248,2023,2,February,12,Midday,Weekend
T20230004263,2023-02-19,11:45:00,8,No collision and no object struck,7,Sunday,174,OUT OF CONTROL ON CARRIAGEWAY (ON STRAIGHT),1,755961,Not at intersection,3,80,Arterial Other,GEMBROOK-LAUNCHING PLACE,YARRA RANGES,-37.852837,145.5941,2023,2,February,11,Midday,Weekend
T20230004520,2023-02-19,22:10:00,1,Collision with vehicle,7,Sunday,130,REAR END(VEHICLES IN SAME LANE),3,35497,Cross intersection,3,60,Arterial Highway,ST KILDA,PORT PHILLIP,-37.86045,144.9841,2023,2,February,22,Night,Weekend
T20230006072,2023-02-19,10:15:00,1,Collision with vehicle,7,Sunday,130,REAR END(VEHICLES IN SAME LANE),1,36506,T intersection,3,60,Arterial Other,DERRIMUT,WYNDHAM,-37.87014,144.68405,2023,2,February,10,Midday,Weekend
T20230004015,2023-02-19,01:45:00,1,Collision with vehicle,7,Sunday,147,VEHICLE STRIKES ANOTHER VEH WHILE EMERGING FROM DRIVEWAY,3,776908,Not at intersection,3,80,Arterial Other,SYDNEY,HUME,-37.670128,144.95517,2023,2,February,1,Late Night,Weekend
T20230004019,2023-02-19,04:45:00,1,Collision with vehicle,7,Sunday,110,CROSS TRAFFIC(INTERSECTIONS ONLY),3,29377,Cross intersection,3,60,Arterial Other,KING,MELBOURNE,-37.805504,144.94865,2023,2,February,4,Late Night,Weekend
T20230004027,2023-02-19,09:40:00,1,Collision with vehicle,7,Sunday,130,REAR END(VEHICLES IN SAME LANE),1,755785,Not at intersection,3,50,Arterial Other,WARRENHEIP,BALLARAT,-37.648006,143.88472,2023,2,February,9,Morning Peak,Weekend
T20230004028,2023-02-19,09:50:00,1,Collision with vehicle,7,Sunday,120,HEAD ON (NOT OVERTAKING),1,765752,Not at intersection,3,100,Local Road,ROCHES,BAW BAW,-38.220238,146.1177,2023,2,February,9,Morning Peak,Weekend
T20230004030,2023-02-19,10:00:00,1,Collision with vehicle,7,Sunday,130,REAR END(VEHICLES IN SAME LANE),1,778002,Not at intersection,3,100,Freeway,GEELONG RING,GEELONG,-38.14929,144.2953,2023,2,February,10,Midday,Weekend
T20230008733,2023-02-19,17:00:00,1,Collision with vehicle,7,Sunday,140,U TURN,9,779900,Not at intersection,3,50,Arterial Other,JACKSONS,DANDENONG,-37.938602,145.1924,2023,2,February,17,Afternoon Peak,Weekend
T20230004936,2023-02-19,12:30:00,6,Vehicle overturned (no collision),7,Sunday,182,OFF CARRIAGEWAY ON LEFT BEND,1,757872,Not at intersection,3,100,Arterial Other,MARYSVILLE-WOODS POINT,MURRINDINDI,-37.519268,145.79669,2023,2,February,12,Midday,Weekend
T20230005649,2023-02-19,13:20:00,1,Collision with vehicle,7,Sunday,130,REAR END(VEHICLES IN SAME LANE),1,783707,Cross intersection,3,80,Arterial Highway,NEPEAN,KINGSTON,-37.965652,145.05779,2023,2,February,13,Midday,Weekend
T20230004023,2023-02-19,05:45:00,4,Collision with a fixed object,7,Sunday,173,RIGHT OFF CARRIAGEWAY INTO OBJECT/PARKED VEHICLE,2,755501,Not at intersection,2,70,Arterial Highway,PLENTY,DAREBIN,-37.721275,145.0333,2023,2,February,5,Morning Peak,Weekend
T20230004045,2023-02-19,13:58:00,8,No collision and no object struck,7,Sunday,174,OUT OF CONTROL ON CARRIAGEWAY (ON STRAIGHT),1,775372,Not at intersection,2,100,Local Road,RAYNORS,MITCHELL,-37.379543,145.09888,2023,2,February,13,Midday,Weekend
T20230004050,2023-02-19,02:31:00,1,Collision with vehicle,7,Sunday,110,CROSS TRAFFIC(INTERSECTIONS ONLY),3,37610,Cross intersection,3,40,Arterial Highway,PUNT,STONNINGTON,-37.83832,144.98653,2023,2,February,2,Late Night,Weekend
T20230004052,2023-02-19,15:00:00,1,Collision with vehicle,7,Sunday,131,LEFT REAR,1,778261,Not at intersection,3,100,Arterial Highway,PRINCES,CORANGAMITE,-38.255295,143.2419,2023,2,February,15,Afternoon Peak,Weekend
T20230004054,2023-02-19,11:40:00,1,Collision with vehicle,7,Sunday,120,HEAD ON (NOT OVERTAKING),1,755953,Not at intersection,2,80,Local Road,MYERS CREEK,YARRA RANGES,-37.59883,145.51872,2023,2,February,11,Midday,Weekend
T20230004056,2023-02-19,13:45:00,4,Collision with a fixed object,7,Sunday,149,OTHER MANOEUVRING NOT INCLUDED IN DCAs 140-148,1,775601,Unknown,2,50,Local Road,ROBERTSON,MURRINDINDI,-37.531372,145.3412,2023,2,February,13,Midday,Weekend
T20230004061,2023-02-19,15:54:00,4,Collision with a fixed object,7,Sunday,181,OFF RIGHT BEND INTO OBJECT/PARKED VEHICLE,1,755502,Not at intersection,3,70,Arterial Other,GREEN GULLY,BRIMBANK,-37.724354,144.82686,2023,2,February,15,Afternoon Peak,Weekend
T20230004063,2023-02-19,12:40:00,4,Collision with a fixed object,7,Sunday,181,OFF RIGHT BEND INTO OBJECT/PARKED VEHICLE,1,755713,Not at intersection,3,80,Arterial Other,WOODS POINT,YARRA RANGES,-37.618725,145.90361,2023,2,February,12,Midday,Weekend
T20230004067,2023-02-19,16:50:00,1,Collision with vehicle,7,Sunday,111,RIGHT FAR (INTERSECTIONS ONLY),1,50732,Cross intersection,3,50,Local Road,CAMPBELL,MOYNE,-38.38736,142.23381,2023,2,February,16,Afternoon Peak,Weekend
T20230004069,2023-02-19,17:35:00,1,Collision with vehicle,7,Sunday,132,RIGHT REAR.,2,779404,T intersection,3,60,Arterial Other,BOUNDARY,MORELAND,-37.7188,144.95883,2023,2,February,17,Afternoon Peak,Weekend
T20230004070,2023-02-19,14:55:00,1,Collision with vehicle,7,Sunday,134,LANE CHANGE RIGHT (NOT OVERTAKING),1,755714,Not at intersection,3,80,Freeway,WEST GATE IN-KINGS,MELBOURNE,-37.827972,144.95605,2023,2,February,14,Midday,Weekend
T20230004072,2023-02-19,19:10:00,1,Collision with vehicle,7,Sunday,113,RIGHT NEAR (INTERSECTIONS ONLY),1,628,Cross intersection,3,60,Arterial Highway,BURWOOD,WHITEHORSE,-37.858574,145.19795,2023,2,February,19,Night,Weekend
T20230004094,2023-02-20,08:14:00,1,Collision with vehicle,1,Monday,120,HEAD ON (NOT OVERTAKING),1,756418,Not at intersection,2,50,Local Road,RIVIERA,GEELONG,-38.2582,144.51434,2023,2,February,8,Morning Peak,Weekday
T20230004232,2023-02-20,21:36:00,4,Collision with a fixed object,1,Monday,181,OFF RIGHT BEND INTO OBJECT/PARKED VEHICLE,2,781570,Not at intersection,3,50,Arterial Other,BELGRAVE-GEMBROOK,YARRA RANGES,-37.908466,145.35535,2023,2,February,21,Night,Weekday
T20230004108,2023-02-20,07:25:00,1,Collision with vehicle,1,Monday,120,HEAD ON (NOT OVERTAKING),1,775551,Not at intersection,2,60,Arterial Other,THOMPSONS,MANNINGHAM,-37.760685,145.11205,2023,2,February,7,Morning Peak,Weekday
T20230004109,2023-02-20,10:20:00,4,Collision with a fixed object,1,Monday,173,RIGHT OFF CARRIAGEWAY INTO OBJECT/PARKED VEHICLE,1,48020,Cross intersection,3,50,Local Road,DOYNTON,MONASH,-37.88076,145.1443,2023,2,February,10,Midday,Weekday
T20230004177,2023-02-20,16:50:00,1,Collision with vehicle,1,Monday,130,REAR END(VEHICLES IN SAME LANE),1,778226,Not at intersection,3,100,Arterial Other,COBDEN-PORT CAMPBELL,CORANGAMITE,-38.41194,143.07858,2023,2,February,16,Afternoon Peak,Weekday
T20230007569,2023-02-20,10:00:00,5,collision with some other object,1,Monday,191,LOAD OR MISSILE STRUCK VEHICLE,1,764608,Not at intersection,3,80,Local Road,NAPOLEON,KNOX,-37.923023,145.27013,2023,2,February,10,Midday,Weekday
T20230004225,2023-02-20,20:56:00,1,Collision with vehicle,1,Monday,130,REAR END(VEHICLES IN SAME LANE),9,234871,T intersection,3,60,Arterial Highway,PLENTY,BANYULE,-37.70003,145.05836,2023,2,February,20,Night,Weekday
T20230004168,2023-02-20,15:20:00,4,Collision with a fixed object,1,Monday,173,RIGHT OFF CARRIAGEWAY INTO OBJECT/PARKED VEHICLE,1,786922,Not at intersection,2,80,Local Road,BLUESTONE BRIDGE,GEELONG,-38.09095,144.32408,2023,2,February,15,Afternoon Peak,Weekday
T20230004605,2023-02-20,16:30:00,1,Collision with vehicle,1,Monday,130,REAR END(VEHICLES IN SAME LANE),1,777508,T intersection,3,60,Arterial Other,CAMBERWELL,BOROONDARA,-37.842075,145.06895,2023,2,February,16,Afternoon Peak,Weekday
T20230004169,2023-02-20,10:00:00,1,Collision with vehicle,1,Monday,130,REAR END(VEHICLES IN SAME LANE),1,777845,Cross intersection,2,70,Arterial Other,SOUTH,GLEN EIRA,-37.936325,145.06134,2023,2,February,10,Midday,Weekday
T20230004147,2023-02-20,12:40:00,1,Collision with vehicle,1,Monday,134,LANE CHANGE RIGHT (NOT OVERTAKING),1,767729,Not at intersection,3,80,Arterial Highway,WELLINGTON,MONASH,-37.9157,145.13474,2023,2,February,12,Midday,Weekday
T20230004148,2023-02-20,14:22:00,1,Collision with vehicle,1,Monday,135,LANE CHANGE LEFT (NOT OVERTAKING),1,756186,Not at intersection,3,60,Local Road,OHERNS,WHITTLESEA,-37.63592,145.00925,2023,2,February,14,Midday,Weekday
T20230004187,2023-02-20,19:45:00,4,Collision with a fixed object,1,Monday,141,U TURN INTO FIXED OBJECT/PARKED VEHICLE,1,760435,Not at intersection,2,80,Arterial Highway,BURWOOD,WHITEHORSE,-37.855904,145.17693,2023,2,February,19,Night,Weekday
T20230004188,2023-02-20,22:00:00,1,Collision with vehicle,1,Monday,132,RIGHT REAR.,3,49246,Cross intersection,3,60,Arterial Highway,GLENELG HIGHWAY -SMYTHES,BALLARAT,-37.5904,143.80649,2023,2,February,22,Night,Weekday
T20230004189,2023-02-20,20:15:00,1,Collision with vehicle,1,Monday,113,RIGHT NEAR (INTERSECTIONS ONLY),3,38673,Cross intersection,2,60,Arterial Other,MELBOURNE,HOBSONS BAY,-37.82925,144.88135,2023,2,February,20,Night,Weekday
T20230004111,2023-02-20,07:24:00,1,Collision with vehicle,1,Monday,120,HEAD ON (NOT OVERTAKING),2,768777,Not at intersection,3,50,Local Road,PATTERSON,GLEN EIRA,-37.927265,145.04875,2023,2,February,7,Morning Peak,Weekday
T20230004165,2023-02-20,15:00:00,6,Vehicle overturned (no collision),1,Monday,174,OUT OF CONTROL ON CARRIAGEWAY (ON STRAIGHT),1,783830,Not at intersection,3,50,Local Road,MUNRO,MORELAND,-37.74494,144.96529,2023,2,February,15,Afternoon Peak,Weekday
T20230004194,2023-02-20,22:55:00,1,Collision with vehicle,1,Monday,110,CROSS TRAFFIC(INTERSECTIONS ONLY),3,43260,Cross intersection,2,80,Arterial Other,GREENS,DANDENONG,-38.01341,145.20575,2023,2,February,22,Night,Weekday
T20230004149,2023-02-20,11:55:00,4,Collision with a fixed object,1,Monday,183,OFF LEFT BEND INTO OBJECT/PARKED VEHICLE,1,755607,Not at intersection,1,100,Arterial Other,MOE-WILLOW GROVE,BAW BAW,-38.12323,146.25304,2023,2,February,11,Midday,Weekday
T20230004162,2023-02-20,16:13:00,1,Collision with vehicle,1,Monday,121,RIGHT THROUGH,1,37052,Cross intersection,3,70,Arterial Highway,HODDLE,YARRA,-37.809612,144.99138,2023,2,February,16,Afternoon Peak,Weekday
T20230004151,2023-02-20,12:50:00,1,Collision with vehicle,1,Monday,134,LANE CHANGE RIGHT (NOT OVERTAKING),1,774016,Not at intersection,3,100,Freeway,PRINCES,WYNDHAM,-37.87688,144.72269,2023,2,February,12,Midday,Weekday
T20230004155,2023-02-20,16:10:00,2,Struck Pedestrian,1,Monday,102,FAR SIDE. PED HIT BY VEHICLE FROM THE LEFT,1,783828,Cross intersection,3,60,Arterial Highway,WHITEHORSE,WHITEHORSE,-37.816803,145.11482,2023,2,February,16,Afternoon Peak,Weekday
T20230004171,2023-02-20,14:59:00,1,Collision with vehicle,1,Monday,121,RIGHT THROUGH,1,757038,Multiple intersection,2,80,Arterial Other,MONASH OUT-BELGRAVE-HALLAM,CASEY,-37.997215,145.27528,2023,2,February,14,Midday,Weekday
T20230004195,2023-02-20,23:35:00,2,Struck Pedestrian,1,Monday,103,PED PLAYING/LYING/WORKING/STANDING ON CARRIAGEWAY.,3,760226,Not at intersection,2,60,Arterial Other,BLACKSHAWS,HOBSONS BAY,-37.834274,144.87677,2023,2,February,23,Night,Weekday
T20230005325,2023-02-20,18:00:00,6,Vehicle overturned (no collision),1,Monday,174,OUT OF CONTROL ON CARRIAGEWAY (ON STRAIGHT),1,40930,T intersection,3,60,Local Road,LEWIS,KNOX,-37.865383,145.25189,2023,2,February,18,Afternoon Peak,Weekday
T20230004119,2023-02-20,11:45:00,1,Collision with vehicle,1,Monday,111,RIGHT FAR (INTERSECTIONS ONLY),1,29457,Cross intersection,2,70,Arterial Other,HIGH,WHITTLESEA,-37.69482,145.01141,2023,2,February,11,Midday,Weekday
T20230004667,2023-02-20,09:00:00,1,Collision with vehicle,1,Monday,130,REAR END(VEHICLES IN SAME LANE),2,779663,Not at intersection,2,60,Local Road,TOWNSEND,GEELONG,-38.1808,144.3867,2023,2,February,9,Morning Peak,Weekday
T20230004199,2023-02-20,16:30:00,6,Vehicle overturned (no collision),1,Monday,180,OFF CARRIAGEWAY ON RIGHT BEND,1,756831,Not at intersection,2,60,Arterial Other,MALLACOOTA-GENOA,EAST GIPPSLAND,-37.47892,149.59856,2023,2,February,16,Afternoon Peak,Weekday
T20230004128,2023-02-20,11:30:00,1,Collision with vehicle,1,Monday,121,RIGHT THROUGH,1,40764,Cross intersection,2,60,Arterial Other,HIGHBURY,MONASH,-37.85977,145.15076,2023,2,February,11,Midday,Weekday
T20230004130,2023-02-20,10:26:00,1,Collision with vehicle,1,Monday,113,RIGHT NEAR (INTERSECTIONS ONLY),1,726593,T intersection,2,100,Arterial Highway,MIDLAND,HEPBURN,-37.253716,144.13698,2023,2,February,10,Midday,Weekday
T20230004137,2023-02-20,13:11:00,1,Collision with vehicle,1,Monday,110,CROSS TRAFFIC(INTERSECTIONS ONLY),1,69986,Cross intersection,3,60,Local Road,KING,EAST GIPPSLAND,-37.915283,147.72041,2023,2,February,13,Midday,Weekday
T20230004393,2023-02-20,03:45:00,1,Collision with vehicle,1,Monday,135,LANE CHANGE LEFT (NOT OVERTAKING),5,757278,Not at intersection,3,100,Freeway,WESTERN,MELTON,-37.73183,144.66539,2023,2,February,3,Late Night,Weekday
T20230004139,2023-02-20,10:26:00,1,Collision with vehicle,1,Monday,171,LEFT OFF CARRIAGEWAY INTO OBJECT/PARKED VEHICLE,1,774028,T intersection,1,60,Local Road,BEACH,FRANKSTON,-38.14738,145.14421,2023,2,February,10,Midday,Weekday