ACCIDENT_NO,ACCIDENT_DATE,ACCIDENT_TIME,ACCIDENT_TYPE,ACCIDENT_TYPE_DESC,DAY_OF_WEEK,DAY_WEEK_DESC,DCA_CODE,DCA_DESC,LIGHT_CONDITION,NODE_ID,ROAD_GEOMETRY_DESC,SEVERITY,SPEED_ZONE,RMA,ROAD_NAME,LGA_NAME,LATITUDE,LONGITUDE,YEAR,MONTH,MONTH_NAME,HOUR,TIME_PERIOD,DAY_TYPE
T20230004102,2023-02-20,09:00:00,4,Collision with a fixed object,1,Monday,173,RIGHT OFF CARRIAGEWAY INTO OBJECT/PARKED VEHICLE,1,768375,Not at intersection,3,40,Local Road,CAROLINE SPRINGS,MELTON,-37.73905,144.73804,2023,2,February,9,Morning Peak,Weekday
T20230004093,2023-02-20,05:58:00,4,Collision with a fixed object,1,Monday,171,LEFT OFF CARRIAGEWAY INTO OBJECT/PARKED VEHICLE,3,756417,Not at intersection,2,80,Local Road,EXFORD,MELTON,-37.736057,144.5765,2023,2,February,5,Morning Peak,Weekday
T20230004091,2023-02-20,05:18:00,1,Collision with vehicle,1,Monday,130,REAR END(VEHICLES IN SAME LANE),5,767268,Not at intersection,2,40,Arterial Other,SUNBURY,HUME,-37.64301,144.82645,2023,2,February,5,Morning Peak,Weekday
T20230004339,2023-02-20,09:30:00,3,Struck animal,1,Monday,167,STRUCK ANIMAL,1,775607,Not at intersection,2,100,Arterial Other,OMEO,EAST GIPPSLAND,-36.79579,147.47151,2023,2,February,9,Morning Peak,Weekday
T20230004160,2023-02-20,15:40:00,1,Collision with vehicle,1,Monday,130,REAR END(VEHICLES IN SAME LANE),1,757151,Not at intersection,3,40,Local Road,MAIN,WHITTLESEA,-37.678936,145.00098,2023,2,February,15,Afternoon Peak,Weekday
T20230004100,2023-02-20,08:40:00,5,collision with some other object,1,Monday,179,OTHER ACCIDENTS-OFF STRAIGHT NOT INCLUDED IN DCAs 170-175,1,763350,Not at intersection,3,50,Local Road,HOLTS,MOORABOOL,-37.662666,144.43866,2023,2,February,8,Morning Peak,Weekday
T20230004161,2023-02-20,15:50:00,1,Collision with vehicle,1,Monday,130,REAR END(VEHICLES IN SAME LANE),1,778271,Cross intersection,3,60,Local Road,WEDDELL,GEELONG,-38.131424,144.34464,2023,2,February,15,Afternoon Peak,Weekday
T20230004092,2023-02-20,06:10:00,1,Collision with vehicle,1,Monday,121,RIGHT THROUGH,1,755715,T intersection,2,60,Local Road,MCGREGOR,CARDINIA,-38.10026,145.46913,2023,2,February,6,Morning Peak,Weekday
T20230005898,2023-02-20,13:15:00,1,Collision with vehicle,1,Monday,121,RIGHT THROUGH,1,53992,Cross intersection,3,60,Freeway,HUME,MITCHELL,-37.350925,145.02213,2023,2,February,13,Midday,Weekday
T20230004140,2023-02-20,08:04:00,2,Struck Pedestrian,1,Monday,108,PED STRUCK WALKING TO/FROM OR BOARDING/ALIGHTING VEHICLE.,1,770953,Not at intersection,2,60,Local Road,PATTERSONS,CASEY,-38.120907,145.3457,2023,2,February,8,Morning Peak,Weekday
T20230004166,2023-02-20,17:20:00,1,Collision with vehicle,1,Monday,147,VEHICLE STRIKES ANOTHER VEH WHILE EMERGING FROM DRIVEWAY,1,756187,Not at intersection,3,50,Local Road,MCNAUGHTON,MONASH,-37.93034,145.13606,2023,2,February,17,Afternoon Peak,Weekday
T20230004099,2023-02-20,07:46:00,1,Collision with vehicle,1,Monday,116,LEFT NEAR (INTERSECTIONS ONLY),2,53226,T intersection,3,50,Local Road,HUNTINGTON,MORELAND,-37.751427,144.97552,2023,2,February,7,Morning Peak,Weekday
T20230004240,2023-02-20,17:50:00,1,Collision with vehicle,1,Monday,130,REAR END(VEHICLES IN SAME LANE),1,40990,T intersection,3,60,Arterial Other,PASCOE VALE,MORELAND,-37.70251,144.91527,2023,2,February,17,Afternoon Peak,Weekday
T20230004097,2023-02-20,07:34:00,1,Collision with vehicle,1,Monday,120,HEAD ON (NOT OVERTAKING),1,755716,Not at intersection,2,70,Arterial Other,SOMERTON,HUME,-37.636875,144.89572,2023,2,February,7,Morning Peak,Weekday
T20230004095,2023-02-20,07:09:00,1,Collision with vehicle,1,Monday,121,RIGHT THROUGH,1,47714,T intersection,2,60,Arterial Highway,MOZART,PORT PHILLIP,-37.8697,144.98805,2023,2,February,7,Morning Peak,Weekday
T20230004114,2023-02-20,07:28:00,4,Collision with a fixed object,1,Monday,173,RIGHT OFF CARRIAGEWAY INTO OBJECT/PARKED VEHICLE,1,760506,Not at intersection,2,70,Arterial Other,ANDERSONS CREEK,MANNINGHAM,-37.769356,145.171,2023,2,February,7,Morning Peak,Weekday
T20230007391,2023-02-20,18:30:00,1,Collision with vehicle,1,Monday,113,RIGHT NEAR (INTERSECTIONS ONLY),1,783792,T intersection,3,50,Local Road,HANSON,HUME,-37.598495,144.93791,2023,2,February,18,Afternoon Peak,Weekday
T20230004175,2023-02-20,17:15:00,1,Collision with vehicle,1,Monday,130,REAR END(VEHICLES IN SAME LANE),1,777848,T intersection,3,90,Arterial Other,MCCORMICKS ROAD -THOMPSONS,FRANKSTON,-38.07322,145.20302,2023,2,February,17,Afternoon Peak,Weekday
T20230004107,2023-02-20,07:15:00,1,Collision with vehicle,1,Monday,110,CROSS TRAFFIC(INTERSECTIONS ONLY),1,57576,Cross intersection,2,80,Arterial Highway,WELLINGTON,MONASH,-37.921875,145.1863,2023,2,February,7,Morning Peak,Weekday
T20230005227,2023-02-20,17:00:00,1,Collision with vehicle,1,Monday,116,LEFT NEAR (INTERSECTIONS ONLY),1,244915,T intersection,3,40,Arterial Other,GLADE,HUME,-37.597557,144.92969,2023,2,February,17,Afternoon Peak,Weekday
T20230004548,2023-02-20,16:55:00,1,Collision with vehicle,1,Monday,131,LEFT REAR,1,40511,T intersection,3,60,Arterial Other,JOHNSTONE,HUME,-37.681183,144.90497,2023,2,February,16,Afternoon Peak,Weekday
T20230004115,2023-02-20,08:03:00,1,Collision with vehicle,1,Monday,133,LANE SIDE SWIPE (VEHICLES IN PARALLEL LANES),2,781793,Not at intersection,3,100,Freeway,PRINCES,WYNDHAM,-37.869766,144.7524,2023,2,February,8,Morning Peak,Weekday
T20230004509,2023-02-21,10:30:00,1,Collision with vehicle,2,Tuesday,147,VEHICLE STRIKES ANOTHER VEH WHILE EMERGING FROM DRIVEWAY,1,758277,Not at intersection,3,60,Local Road,KINGSCLERE,DANDENONG,-37.99397,145.17555,2023,2,February,10,Midday,Weekday
T20230004283,2023-02-21,18:35:00,4,Collision with a fixed object,2,Tuesday,171,LEFT OFF CARRIAGEWAY INTO OBJECT/PARKED VEHICLE,1,776604,Not at intersection,2,50,Local Road,WEEKS,WODONGA,-36.12639,146.86485,2023,2,February,18,Afternoon Peak,Weekday
T20230004970,2023-02-21,11:55:00,1,Collision with vehicle,2,Tuesday,113,RIGHT NEAR (INTERSECTIONS ONLY),1,51199,Cross intersection,3,60,Arterial Other,RUSHWORTH ROAD -WATSON,SHEPPARTON,-36.617752,145.21454,2023,2,February,11,Midday,Weekday
T20230004288,2023-02-21,13:56:00,1,Collision with vehicle,2,Tuesday,110,CROSS TRAFFIC(INTERSECTIONS ONLY),1,317347,Cross intersection,3,50,Local Road,MCWILLIAM,DANDENONG,-37.9385,145.16608,2023,2,February,13,Midday,Weekday
T20230004248,2023-02-21,13:00:00,4,Collision with a fixed object,2,Tuesday,173,RIGHT OFF CARRIAGEWAY INTO OBJECT/PARKED VEHICLE,1,776736,Not at intersection,2,100,Freeway,EASTLINK,DANDENONG,-38.03068,145.18968,2023,2,February,13,Midday,Weekday
T20230004242,2023-02-21,14:10:00,1,Collision with vehicle,2,Tuesday,130,REAR END(VEHICLES IN SAME LANE),1,221544,T intersection,3,80,Arterial Highway,WELLINGTON,MONASH,-37.915443,145.13466,2023,2,February,14,Midday,Weekday
T20230004292,2023-02-21,20:30:00,1,Collision with vehicle,2,Tuesday,173,RIGHT OFF CARRIAGEWAY INTO OBJECT/PARKED VEHICLE,3,757277,T intersection,2,100,Local Road,BUNYIP RIVER,CARDINIA,-38.12762,145.6857,2023,2,February,20,Night,Weekday
T20230004341,2023-02-21,22:15:00,1,Collision with vehicle,2,Tuesday,130,REAR END(VEHICLES IN SAME LANE),3,41871,T intersection,3,80,Arterial Highway,STUD,KNOX,-37.889046,145.23288,2023,2,February,22,Night,Weekday
T20230004338,2023-02-21,12:00:00,1,Collision with vehicle,2,Tuesday,121,RIGHT THROUGH,1,29397,Cross intersection,3,40,Arterial Other,VICTORIA,MELBOURNE,-37.807293,144.96884,2023,2,February,12,Midday,Weekday
T20230004333,2023-02-21,16:50:00,6,Vehicle overturned (no collision),2,Tuesday,174,OUT OF CONTROL ON CARRIAGEWAY (ON STRAIGHT),1,298913,T intersection,2,50,Local Road,HUMMINGBIRD,WYNDHAM,-37.836193,144.66762,2023,2,February,16,Afternoon Peak,Weekday
T20230004293,2023-02-21,20:05:00,1,Collision with vehicle,2,Tuesday,110,CROSS TRAFFIC(INTERSECTIONS ONLY),2,29972,Cross intersection,3,50,Arterial Highway,HIGH,MURRINDINDI,-37.212395,145.42177,2023,2,February,20,Night,Weekday
T20230005528,2023-02-21,06:14:00,1,Collision with vehicle,2,Tuesday,113,RIGHT NEAR (INTERSECTIONS ONLY),2,45262,T intersection,3,60,Arterial Other,BARRY,HUME,-37.666714,144.94942,2023,2,February,6,Morning Peak,Weekday
T20230005547,2023-02-21,14:45:00,1,Collision with vehicle,2,Tuesday,130,REAR END(VEHICLES IN SAME LANE),1,760028,T intersection,3,40,Local Road,DOUGLAS,DANDENONG,-37.965565,145.17392,2023,2,February,14,Midday,Weekday
T20230004236,2023-02-21,08:00:00,1,Collision with vehicle,2,Tuesday,121,RIGHT THROUGH,1,756189,Not at intersection,2,80,Local Road,WELLINGTON,MONASH,-37.91975,145.16676,2023,2,February,8,Morning Peak,Weekday
T20230004227,2023-02-21,09:50:00,1,Collision with vehicle,2,Tuesday,110,CROSS TRAFFIC(INTERSECTIONS ONLY),1,309260,Cross intersection,2,80,Arterial Other,NAPOLEON,KNOX,-37.91352,145.27231,2023,2,February,9,Morning Peak,Weekday
T20230004226,2023-02-21,11:03:00,1,Collision with vehicle,2,Tuesday,113,RIGHT NEAR (INTERSECTIONS ONLY),1,755957,T intersection,3,70,Arterial Other,CANTERBURY,WHITEHORSE,-37.83422,145.205,2023,2,February,11,Midday,Weekday
T20230005791,2023-02-21,13:25:00,1,Collision with vehicle,2,Tuesday,163,VEHICLE STRIKES DOOR OF PARKED/STATIONARY VEHICLE,1,780349,Not at intersection,3,40,Local Road,SMITH,YARRA,-37.807686,144.98277,2023,2,February,13,Midday,Weekday
T20230004224,2023-02-21,09:35:00,1,Collision with vehicle,2,Tuesday,150,HEAD ON(OVERTAKING),1,770121,Not at intersection,2,80,Arterial Other,TAWONGA GAP,ALPINE,-36.71489,147.11766,2023,2,February,9,Morning Peak,Weekday
T20230004221,2023-02-21,07:40:00,1,Collision with vehicle,2,Tuesday,111,RIGHT FAR (INTERSECTIONS ONLY),1,29398,Cross intersection,3,60,Arterial Other,RIDDELL,HUME,-37.55975,144.71022,2023,2,February,7,Morning Peak,Weekday
T20230004220,2023-02-21,10:03:00,1,Collision with vehicle,2,Tuesday,130,REAR END(VEHICLES IN SAME LANE),1,353797,T intersection,2,80,Arterial Highway,HALLAM,CASEY,-38.05747,145.26239,2023,2,February,10,Midday,Weekday
T20230005467,2023-02-21,19:20:00,1,Collision with vehicle,2,Tuesday,130,REAR END(VEHICLES IN SAME LANE),1,777840,Cross intersection,3,70,Arterial Other,LITTLE BOUNDARY,WYNDHAM,-37.818752,144.81909,2023,2,February,19,Night,Weekday
T20230005379,2023-02-21,09:30:00,1,Collision with vehicle,2,Tuesday,131,LEFT REAR,1,44621,Cross intersection,3,60,Arterial Other,KINGSBURY,DAREBIN,-37.729725,145.06085,2023,2,February,9,Morning Peak,Weekday
T20230004219,2023-02-21,07:45:00,1,Collision with vehicle,2,Tuesday,136,RIGHT TURN SIDESWIPE,1,756931,T intersection,2,60,Local Road,ORMOND,CASEY,-38.049023,145.27635,2023,2,February,7,Morning Peak,Weekday
T20230005971,2023-02-21,07:40:00,1,Collision with vehicle,2,Tuesday,113,RIGHT NEAR (INTERSECTIONS ONLY),1,69569,T intersection,3,60,Arterial Other,CENTRE,KINGSTON,-37.92458,145.08699,2023,2,February,7,Morning Peak,Weekday
T20230004217,2023-02-21,10:39:00,1,Collision with vehicle,2,Tuesday,110,CROSS TRAFFIC(INTERSECTIONS ONLY),1,15421,Cross intersection,3,50,Local Road,HIGH,GEELONG,-38.171158,144.34688,2023,2,February,10,Midday,Weekday
T20230004395,2023-02-21,09:40:00,1,Collision with vehicle,2,Tuesday,130,REAR END(VEHICLES IN SAME LANE),1,779399,Not at intersection,3,60,Arterial Highway,BULLEEN,MANNINGHAM,-37.762466,145.08319,2023,2,February,9,Morning Peak,Weekday
T20230004216,2023-02-21,08:01:00,1,Collision with vehicle,2,Tuesday,113,RIGHT NEAR (INTERSECTIONS ONLY),1,60138,T intersection,2,80,Local Road,OGILVIES,MANSFIELD,-37.077866,146.09392,2023,2,February,8,Morning Peak,Weekday
T20230004215,2023-02-21,06:38:00,1,Collision with vehicle,2,Tuesday,135,LANE CHANGE LEFT (NOT OVERTAKING),2,756629,Not at intersection,3,60,Arterial Other,HEATHERTON,DANDENONG,-37.970165,145.21597,2023,2,February,6,Morning Peak,Weekday
T20230004212,2023-02-21,09:10:00,1,Collision with vehicle,2,Tuesday,110,CROSS TRAFFIC(INTERSECTIONS ONLY),1,56911,Cross intersection,3,80,Arterial Other,PLYMOUTH,MAROONDAH,-37.78142,145.25616,2023,2,February,9,Morning Peak,Weekday
T20230004211,2023-02-21,09:00:00,1,Collision with vehicle,2,Tuesday,131,LEFT REAR,1,15376,Cross intersection,2,60,Local Road,EMMERSONS,GEELONG,-38.0694,144.31937,2023,2,February,9,Morning Peak,Weekday
T20230004207,2023-02-21,08:03:00,1,Collision with vehicle,2,Tuesday,115,RIGHT/LEFT FAR (INTERSECTIONS ONLY),1,43678,T intersection,3,50,Local Road,GILBERT,DAREBIN,-37.725163,144.99226,2023,2,February,8,Morning Peak,Weekday
T20230004201,2023-02-21,05:50:00,4,Collision with a fixed object,2,Tuesday,164,PERMANENT OBSTRUCTION ON CARRIAGEWAY,5,757275,Not at intersection,3,100,Freeway,METROPOLITAN RING,MORELAND,-37.691025,144.97057,2023,2,February,5,Morning Peak,Weekday
T20230004296,2023-02-21,23:30:00,4,Collision with a fixed object,2,Tuesday,175,OFF END OF ROAD/T-INTERSECTION.,3,44964,T intersection,2,60,Arterial Other,BURNS,NILLUMBIK,-37.60451,145.26678,2023,2,February,23,Night,Weekday
T20230004196,2023-02-21,03:36:00,1,Collision with vehicle,2,Tuesday,160,VEHICLE COLLIDES WITH VEHICLE PARKED ON LEFT OF ROAD,3,755956,Not at intersection,3,50,Local Road,MANOR HOUSE,WHITTLESEA,-37.633125,145.01518,2023,2,February,3,Late Night,Weekday
T20230004690,2023-02-21,11:55:00,1,Collision with vehicle,2,Tuesday,163,VEHICLE STRIKES DOOR OF PARKED/STATIONARY VEHICLE,1,783810,Not at intersection,3,40,Local Road,HOPKINS,MARIBYRNONG,-37.799877,144.90053,2023,2,February,11,Midday,Weekday
T20230004695,2023-02-21,11:00:00,1,Collision with vehicle,2,Tuesday,121,RIGHT THROUGH,1,246885,T intersection,3,60,Arterial Other,MCINTYRE,BRIMBANK,-37.753933,144.83293,2023,2,February,11,Midday,Weekday
T20230004331,2023-02-21,14:00:00,1,Collision with vehicle,2,Tuesday,120,HEAD ON (NOT OVERTAKING),1,763466,Not at intersection,3,80,Arterial Highway,GREAT OCEAN,CORANGAMITE,-38.746586,143.26985,2023,2,February,14,Midday,Weekday
T20230004251,2023-02-21,11:15:00,6,Vehicle overturned (no collision),2,Tuesday,184,OUT OF CONTROL ON CARRIAGEWAY (ON BEND),1,755959,Multiple intersection,3,80,Arterial Highway,FRANKSTON-DANDENONG,FRANKSTON,-38.0721,145.19441,2023,2,February,11,Midday,Weekday
T20230004773,2023-02-21,06:30:00,1,Collision with vehicle,2,Tuesday,130,REAR END(VEHICLES IN SAME LANE),2,779378,Not at intersection,3,80,Freeway,PRINCES,HOBSONS BAY,-37.83262,144.81102,2023,2,February,6,Morning Peak,Weekday
T20230004267,2023-02-21,17:25:00,1,Collision with vehicle,2,Tuesday,130,REAR END(VEHICLES IN SAME LANE),1,780326,Not at intersection,3,80,Arterial Highway,WELLINGTON,MONASH,-37.915558,145.13354,2023,2,February,17,Afternoon Peak,Weekday
T20230005404,2023-02-21,23:10:00,1,Collision with vehicle,2,Tuesday,121,RIGHT THROUGH,3,759351,Cross intersection,2,70,Arterial Other,SYDNEY,MORELAND,-37.69212,144.95839,2023,2,February,23,Night,Weekday
T20230004265,2023-02-21,16:00:00,1,Collision with vehicle,2,Tuesday,152,PULLING OUT (OVERTAKING),1,779400,Not at intersection,3,80,Local Road,UNION,BOROONDARA,-37.81186,145.1,2023,2,February,16,Afternoon Peak,Weekday
T20230004262,2023-02-21,13:00:00,1,Collision with vehicle,2,Tuesday,113,RIGHT NEAR (INTERSECTIONS ONLY),1,757276,Cross intersection,3,60,Arterial Highway,PRINCES,ARARAT,-37.283314,142.93948,2023,2,February,13,Midday,Weekday
T20230004260,2023-02-21,15:00:00,4,Collision with a fixed object,2,Tuesday,149,OTHER MANOEUVRING NOT INCLUDED IN DCAs 140-148,1,783123,Not at intersection,2,50,Local Road,OVENS,WANGARATTA,-36.354008,146.32455,2023,2,February,15,Afternoon Peak,Weekday
T20230004258,2023-02-21,13:50:00,6,Vehicle overturned (no collision),2,Tuesday,182,OFF CARRIAGEWAY ON LEFT BEND,1,758262,Not at intersection,2,100,Local Road,MYRTLEFORD-STANLEY,INDIGO,-36.44187,146.75511,2023,2,February,13,Midday,Weekday
T20230004269,2023-02-21,16:00:00,3,Struck animal,2,Tuesday,167,STRUCK ANIMAL,1,757407,Not at intersection,2,100,Arterial Other,LICOLA,WELLINGTON,-37.838215,146.68369,2023,2,February,16,Afternoon Peak,Weekday
T20230004254,2023-02-21,14:20:00,6,Vehicle overturned (no collision),2,Tuesday,174,OUT OF CONTROL ON CARRIAGEWAY (ON STRAIGHT),1,760576,Not at intersection,2,50,Local Road,FAIRY DELL,BENDIGO,-36.929,144.7144,2023,2,February,14,Midday,Weekday
T20230004270,2023-02-21,15:49:00,1,Collision with vehicle,2,Tuesday,111,RIGHT FAR (INTERSECTIONS ONLY),1,227388,T intersection,3,40,Arterial Other,HIGH,BOROONDARA,-37.804573,145.03694,2023,2,February,15,Afternoon Peak,Weekday
T20230004273,2023-02-21,16:00:00,1,Collision with vehicle,2,Tuesday,130,REAR END(VEHICLES IN SAME LANE),1,756630,Not at intersection,3,70,Arterial Highway,NORTH,GLEN EIRA,-37.902393,145.02818,2023,2,February,16,Afternoon Peak,Weekday
T20230008966,2023-02-21,08:50:00,1,Collision with vehicle,2,Tuesday,131,LEFT REAR,1,777833,Cross intersection,3,50,Local Road,KIRKHAM,DANDENONG,-37.998745,145.2087,2023,2,February,8,Morning Peak,Weekday
T20230004276,2023-02-21,18:43:00,1,Collision with vehicle,2,Tuesday,134,LANE CHANGE RIGHT (NOT OVERTAKING),1,91042,Not at intersection,3,70,Arterial Highway,DANDENONG,STONNINGTON,-37.858543,144.99892,2023,2,February,18,Afternoon Peak,Weekday
T20230004366,2023-02-22,16:39:00,1,Collision with vehicle,3,Wednesday,110,CROSS TRAFFIC(INTERSECTIONS ONLY),1,54640,Cross intersection,1,80,Arterial Other,MEENIYAN-MIRBOO NORTH,SOUTH GIPPSLAND,-38.446663,146.12947,2023,2,February,16,Afternoon Peak,Weekday
T20230004302,2023-02-22,06:00:00,1,Collision with vehicle,3,Wednesday,113,RIGHT NEAR (INTERSECTIONS ONLY),3,756631,T intersection,2,80,Local Road,WALLACE,KNOX,-37.87699,145.2383,2023,2,February,6,Morning Peak,Weekday
T20230004367,2023-02-22,15:49:00,1,Collision with vehicle,3,Wednesday,113,RIGHT NEAR (INTERSECTIONS ONLY),1,71159,T intersection,2,60,Local Road,FIRST,KINGSTON,-38.04659,145.13264,2023,2,February,15,Afternoon Peak,Weekday
T20230004386,2023-02-22,20:55:00,1,Collision with vehicle,3,Wednesday,113,RIGHT NEAR (INTERSECTIONS ONLY),6,46834,T intersection,3,50,Local Road,GREENBELT,DAREBIN,-37.733162,145.03316,2023,2,February,20,Night,Weekday
T20230007802,2023-02-22,07:01:00,1,Collision with vehicle,3,Wednesday,130,REAR END(VEHICLES IN SAME LANE),1,766906,Not at intersection,3,100,Freeway,MONASH,MONASH,-37.92907,145.18434,2023,2,February,7,Morning Peak,Weekday
T20230004340,2023-02-22,13:30:00,2,Struck Pedestrian,3,Wednesday,100,PED NEAR SIDE. PED HIT BY VEHICLE FROM THE RIGHT.,1,35315,Cross intersection,2,40,Arterial Highway,LONSDALE,DANDENONG,-37.98811,145.21445,2023,2,February,13,Midday,Weekday
T20230004368,2023-02-22,14:49:00,4,Collision with a fixed object,3,Wednesday,173,RIGHT OFF CARRIAGEWAY INTO OBJECT/PARKED VEHICLE,1,768515,Not at intersection,1,100,Arterial Highway,WESTERN,WEST WIMMERA,-36.35742,141.08333,2023,2,February,14,Midday,Weekday
T20230004307,2023-02-22,06:10:00,4,Collision with a fixed object,3,Wednesday,181,OFF RIGHT BEND INTO OBJECT/PARKED VEHICLE,2,781567,Not at intersection,3,60,Arterial Other,BIRREGURRA-FORREST,COLAC OTWAY,-38.468513,143.75845,2023,2,February,6,Morning Peak,Weekday
T20230004314,2023-02-22,08:00:00,1,Collision with vehicle,3,Wednesday,113,RIGHT NEAR (INTERSECTIONS ONLY),1,42849,T intersection,3,80,Arterial Other,BOUNDARY,KINGSTON,-37.989563,145.10745,2023,2,February,8,Morning Peak,Weekday
T20230004452,2023-02-22,15:00:00,1,Collision with vehicle,3,Wednesday,136,RIGHT TURN SIDESWIPE,1,36966,Cross intersection,3,50,Local Road,EXHIBITION,MELBOURNE,-37.810127,144.96965,2023,2,February,15,Afternoon Peak,Weekday
T20230005733,2023-02-22,08:00:00,1,Collision with vehicle,3,Wednesday,129,OTHER OPPOSING MANOEUVRES NOT INCLUDED IN DCAs 120-125.,2,35466,Cross intersection,3,50,Arterial Other,STATION,WHITEHORSE,-37.82874,145.12183,2023,2,February,8,Morning Peak,Weekday
T20230004315,2023-02-22,08:55:00,1,Collision with vehicle,3,Wednesday,110,CROSS TRAFFIC(INTERSECTIONS ONLY),1,758264,Cross intersection,2,60,Arterial Highway,RAGLAN,WARRNAMBOOL,-38.37394,142.47739,2023,2,February,8,Morning Peak,Weekday
T20230004316,2023-02-22,08:12:00,1,Collision with vehicle,3,Wednesday,135,LANE CHANGE LEFT (NOT OVERTAKING),1,779852,Not at intersection,2,80,Freeway,PRINCES,HOBSONS BAY,-37.833195,144.8099,2023,2,February,8,Morning Peak,Weekday
T20230004318,2023-02-22,07:15:00,4,Collision with a fixed object,3,Wednesday,173,RIGHT OFF CARRIAGEWAY INTO OBJECT/PARKED VEHICLE,1,757000,Not at intersection,2,100,Arterial Other,MAIN NEERIM,BAW BAW,-38.072517,145.90437,2023,2,February,7,Morning Peak,Weekday
T20230004376,2023-02-22,15:50:00,1,Collision with vehicle,3,Wednesday,130,REAR END(VEHICLES IN SAME LANE),1,336015,Not at intersection,2,80,Arterial Highway,DINGLEY,DANDENONG,-37.965336,145.13509,2023,2,February,15,Afternoon Peak,Weekday
T20230004344,2023-02-22,14:40:00,1,Collision with vehicle,3,Wednesday,121,RIGHT THROUGH,1,40450,Cross intersection,2,60,Arterial Other,RIVERSDALE,BOROONDARA,-37.832157,145.06369,2023,2,February,14,Midday,Weekday
T20230004378,2023-02-22,17:30:00,1,Collision with vehicle,3,Wednesday,121,RIGHT THROUGH,1,250146,T intersection,3,60,Arterial Highway,BELL,MORELAND,-37.740246,144.9557,2023,2,February,17,Afternoon Peak,Weekday
T20230004439,2023-02-22,10:00:00,1,Collision with vehicle,3,Wednesday,113,RIGHT NEAR (INTERSECTIONS ONLY),1,39541,T intersection,3,60,Arterial Other,MITCHAM,WHITEHORSE,-37.808167,145.19266,2023,2,February,10,Midday,Weekday
T20230004346,2023-02-22,14:20:00,1,Collision with vehicle,3,Wednesday,147,VEHICLE STRIKES ANOTHER VEH WHILE EMERGING FROM DRIVEWAY,1,759214,Not at intersection,2,40,Local Road,BROWN,YARRA,-37.80766,144.98933,2023,2,February,14,Midday,Weekday
T20230004351,2023-02-22,16:21:00,1,Collision with vehicle,3,Wednesday,132,RIGHT REAR.,1,341570,T intersection,2,60,Arterial Other,MORNINGTON-DROMANA,MORNINGTON PENINSULA,-38.314884,144.99055,2023,2,February,16,Afternoon Peak,Weekday
T20230004384,2023-02-22,15:00:00,1,Collision with vehicle,3,Wednesday,130,REAR END(VEHICLES IN SAME LANE),1,778065,Not at intersection,2,60,Arterial Highway,STUD,DANDENONG,-37.971703,145.22327,2023,2,February,15,Afternoon Peak,Weekday
T20230010097,2023-02-22,12:47:00,1,Collision with vehicle,3,Wednesday,113,RIGHT NEAR (INTERSECTIONS ONLY),9,299287,Cross intersection,3,80,Arterial Other,THOMPSONS,CASEY,-38.084538,145.29578,2023,2,February,12,Midday,Weekday
T20230004355,2023-02-22,16:55:00,1,Collision with vehicle,3,Wednesday,160,VEHICLE COLLIDES WITH VEHICLE PARKED ON LEFT OF ROAD,1,756287,Not at intersection,3,50,Local Road,GREAT VALLEY,STONNINGTON,-37.85447,145.05527,2023,2,February,16,Afternoon Peak,Weekday
T20230004377,2023-02-22,17:40:00,4,Collision with a fixed object,3,Wednesday,171,LEFT OFF CARRIAGEWAY INTO OBJECT/PARKED VEHICLE,1,72603,Not at intersection,2,60,Local Road,GLENORMISTON,CORANGAMITE,-38.172924,142.95825,2023,2,February,17,Afternoon Peak,Weekday
T20230004357,2023-02-22,12:30:00,1,Collision with vehicle,3,Wednesday,137,LEFT TURN SIDESWIPE,1,787365,T intersection,3,50,Arterial Other,NORMANBY,DAREBIN,-37.757366,144.98074,2023,2,February,12,Midday,Weekday
T20230004437,2023-02-22,16:50:00,1,Collision with vehicle,3,Wednesday,130,REAR END(VEHICLES IN SAME LANE),1,775210,Not at intersection,3,50,Local Road,CRAIGIE,MORNINGTON PENINSULA,-38.25684,145.04056,2023,2,February,16,Afternoon Peak,Weekday
T20230004359,2023-02-22,17:55:00,8,No collision and no object struck,3,Wednesday,174,OUT OF CONTROL ON CARRIAGEWAY (ON STRAIGHT),1,775411,Not at intersection,3,50,Local Road,OVENS,WANGARATTA,-36.354794,146.3234,2023,2,February,17,Afternoon Peak,Weekday
T20230004320,2023-02-22,07:45:00,1,Collision with vehicle,3,Wednesday,130,REAR END(VEHICLES IN SAME LANE),1,756286,Not at intersection,3,60,Arterial Other,HOPKINS,MELTON,-37.790504,144.69818,2023,2,February,7,Morning Peak,Weekday
T20230004360,2023-02-22,17:10:00,1,Collision with vehicle,3,Wednesday,137,LEFT TURN SIDESWIPE,1,29380,Cross intersection,2,50,Local Road,ARDEN,MELBOURNE,-37.80114,144.95146,2023,2,February,17,Afternoon Peak,Weekday
T20230004321,2023-02-22,10:03:00,1,Collision with vehicle,3,Wednesday,110,CROSS TRAFFIC(INTERSECTIONS ONLY),1,60152,Cross intersection,3,60,Local Road,COOPER,NORTHERN GRAMPIANS,-37.066574,142.77464,2023,2,February,10,Midday,Weekday
T20230007395,2023-02-22,10:00:00,1,Collision with vehicle,3,Wednesday,110,CROSS TRAFFIC(INTERSECTIONS ONLY),1,42352,Cross intersection,3,60,Arterial Other,CLARINDA,KINGSTON,-37.94067,145.09793,2023,2,February,10,Midday,Weekday