ACCIDENT_NO,ACCIDENT_DATE,ACCIDENT_TIME,ACCIDENT_TYPE,ACCIDENT_TYPE_DESC,DAY_OF_WEEK,DAY_WEEK_DESC,DCA_CODE,DCA_DESC,LIGHT_CONDITION,NODE_ID,ROAD_GEOMETRY_DESC,SEVERITY,SPEED_ZONE,RMA,ROAD_NAME,LGA_NAME,LATITUDE,LONGITUDE,YEAR,MONTH,MONTH_NAME,HOUR,TIME_PERIOD,DAY_TYPE
T20230004375,2023-02-22,20:20:00,1,Collision with vehicle,3,Wednesday,121,RIGHT THROUGH,2,291983,T intersection,3,60,Arterial Other,BROADWAY,DAREBIN,-37.716736,145.00774,2023,2,February,20,Night,Weekday
T20230004518,2023-02-22,16:00:00,1,Collision with vehicle,3,Wednesday,130,REAR END(VEHICLES IN SAME LANE),1,761361,Not at intersection,3,100,Freeway,MORNINGTON PENINSULA,DANDENONG,-38.02634,145.1351,2023,2,February,16,Afternoon Peak,Weekday
T20230004390,2023-02-22,22:50:00,4,Collision with a fixed object,3,Wednesday,181,OFF RIGHT BEND INTO OBJECT/PARKED VEHICLE,5,757030,Y intersection,2,80,Local Road,BALFOURS,EAST GIPPSLAND,-37.79731,147.64613,2023,2,February,22,Night,Weekday
T20230020947,2023-02-22,14:30:00,1,Collision with vehicle,3,Wednesday,111,RIGHT FAR (INTERSECTIONS ONLY),1,780411,T intersection,3,60,Local Road,NORTH MOUNTAIN,MITCHELL,-37.3724,145.03146,2023,2,February,14,Midday,Weekday
T20230007169,2023-02-22,19:00:00,1,Collision with vehicle,3,Wednesday,111,RIGHT FAR (INTERSECTIONS ONLY),2,39071,Cross intersection,3,60,Local Road,MAIN,BRIMBANK,-37.741478,144.77512,2023,2,February,19,Night,Weekday
T20230004389,2023-02-22,20:01:00,4,Collision with a fixed object,3,Wednesday,183,OFF LEFT BEND INTO OBJECT/PARKED VEHICLE,2,760399,Not at intersection,1,80,Freeway,EASTLINK-PENINSULA LINK OUT,FRANKSTON,-38.092667,145.15495,2023,2,February,20,Night,Weekday
T20230004379,2023-02-22,21:40:00,1,Collision with vehicle,3,Wednesday,121,RIGHT THROUGH,3,278539,Cross intersection,3,80,Arterial Highway,HEATHERTON LINK,DANDENONG,-37.96882,145.19669,2023,2,February,21,Night,Weekday
T20230006397,2023-02-22,17:45:00,1,Collision with vehicle,3,Wednesday,130,REAR END(VEHICLES IN SAME LANE),1,705158,Not at intersection,3,60,Arterial Other,FLEMINGTON ROAD SERVICE,MELBOURNE,-37.794846,144.94876,2023,2,February,17,Afternoon Peak,Weekday
T20230004361,2023-02-22,15:54:00,1,Collision with vehicle,3,Wednesday,121,RIGHT THROUGH,1,772620,Cross intersection,2,60,Arterial Highway,SOUTH GIPPSLAND,CASEY,-38.113007,145.2828,2023,2,February,15,Afternoon Peak,Weekday
T20230004337,2023-02-22,13:05:00,1,Collision with vehicle,3,Wednesday,160,VEHICLE COLLIDES WITH VEHICLE PARKED ON LEFT OF ROAD,1,777703,Not at intersection,3,50,Arterial Other,CUMBERLAND,MORELAND,-37.723473,144.93983,2023,2,February,13,Midday,Weekday
T20230004494,2023-02-22,15:17:00,1,Collision with vehicle,3,Wednesday,137,LEFT TURN SIDESWIPE,1,37623,T intersection,3,60,Arterial Other,HIGH,STONNINGTON,-37.850864,144.98572,2023,2,February,15,Afternoon Peak,Weekday
T20230004435,2023-02-23,15:30:00,1,Collision with vehicle,4,Thursday,147,VEHICLE STRIKES ANOTHER VEH WHILE EMERGING FROM DRIVEWAY,1,758021,Not at intersection,3,60,Arterial Other,DOHERTYS,HOBSONS BAY,-37.8313,144.82397,2023,2,February,15,Afternoon Peak,Weekday
T20230004438,2023-02-23,07:47:00,1,Collision with vehicle,4,Thursday,133,LANE SIDE SWIPE (VEHICLES IN PARALLEL LANES),1,57571,Not at intersection,3,60,Arterial Highway,NORTH,MONASH,-37.91364,145.12189,2023,2,February,7,Morning Peak,Weekday
T20230004441,2023-02-23,16:00:00,1,Collision with vehicle,4,Thursday,135,LANE CHANGE LEFT (NOT OVERTAKING),1,296587,Not at intersection,3,100,Freeway,MONASH,MONASH,-37.88511,145.09915,2023,2,February,16,Afternoon Peak,Weekday
T20230004425,2023-02-23,14:32:00,1,Collision with vehicle,4,Thursday,113,RIGHT NEAR (INTERSECTIONS ONLY),1,43290,T intersection,3,60,Arterial Other,HALLAM ROAD -HALLAM SOUTH,CASEY,-38.02399,145.26971,2023,2,February,14,Midday,Weekday
T20230004443,2023-02-23,15:50:00,1,Collision with vehicle,4,Thursday,130,REAR END(VEHICLES IN SAME LANE),1,29870,Multiple intersection,2,60,Freeway,MILLERS,HOBSONS BAY,-37.82531,144.84909,2023,2,February,15,Afternoon Peak,Weekday
T20230004448,2023-02-23,12:50:00,1,Collision with vehicle,4,Thursday,130,REAR END(VEHICLES IN SAME LANE),1,757869,T intersection,3,60,Local Road,PICKLES,PORT PHILLIP,-37.845272,144.94351,2023,2,February,12,Midday,Weekday
T20230004451,2023-02-23,17:17:00,1,Collision with vehicle,4,Thursday,130,REAR END(VEHICLES IN SAME LANE),1,757884,Not at intersection,2,100,Freeway,EASTERN,MANNINGHAM,-37.79923,145.14638,2023,2,February,17,Afternoon Peak,Weekday
T20230004453,2023-02-23,16:45:00,1,Collision with vehicle,4,Thursday,113,RIGHT NEAR (INTERSECTIONS ONLY),1,48191,Cross intersection,3,80,Local Road,DALMORE,CARDINIA,-38.17585,145.42305,2023,2,February,16,Afternoon Peak,Weekday
T20230004459,2023-02-23,16:25:00,1,Collision with vehicle,4,Thursday,151,OUT OF CONTROL (OVERTAKING),1,787366,Not at intersection,2,70,Arterial Other,CENTRE DANDENONG,KINGSTON,-37.969833,145.09181,2023,2,February,16,Afternoon Peak,Weekday
T20230004463,2023-02-23,18:12:00,1,Collision with vehicle,4,Thursday,111,RIGHT FAR (INTERSECTIONS ONLY),1,360282,T intersection,3,70,Arterial Other,KEILOR-DERRIMUT,BRIMBANK,-37.751106,144.77817,2023,2,February,18,Afternoon Peak,Weekday
T20230004404,2023-02-23,09:00:00,1,Collision with vehicle,4,Thursday,121,RIGHT THROUGH,1,781808,Cross intersection,2,60,Arterial Other,FYANS,GEELONG,-38.16169,144.35406,2023,2,February,9,Morning Peak,Weekday
T20230004467,2023-02-23,17:37:00,1,Collision with vehicle,4,Thursday,121,RIGHT THROUGH,1,39718,T intersection,2,80,Arterial Other,MT DANDENONG,MAROONDAH,-37.800556,145.26346,2023,2,February,17,Afternoon Peak,Weekday
T20230004474,2023-02-23,15:57:00,1,Collision with vehicle,4,Thursday,113,RIGHT NEAR (INTERSECTIONS ONLY),1,45516,T intersection,2,80,Arterial Other,MELTON,MELTON,-37.683125,144.66124,2023,2,February,15,Afternoon Peak,Weekday
T20230004475,2023-02-23,15:00:00,1,Collision with vehicle,4,Thursday,134,LANE CHANGE RIGHT (NOT OVERTAKING),1,764075,Not at intersection,2,70,Arterial Other,BALLARAT,BRIMBANK,-37.77775,144.83417,2023,2,February,15,Afternoon Peak,Weekday
T20240000296,2023-02-23,12:20:00,1,Collision with vehicle,4,Thursday,121,RIGHT THROUGH,1,46857,Cross intersection,2,80,Arterial Highway,GEELONG,HOBSONS BAY,-37.820576,144.83546,2023,2,February,12,Midday,Weekday
T20230006691,2023-02-23,14:25:00,1,Collision with vehicle,4,Thursday,110,CROSS TRAFFIC(INTERSECTIONS ONLY),1,49169,Cross intersection,3,60,Arterial Highway,MAIN,EAST GIPPSLAND,-37.827858,147.62173,2023,2,February,14,Midday,Weekday
T20230004476,2023-02-23,15:40:00,1,Collision with vehicle,4,Thursday,160,VEHICLE COLLIDES WITH VEHICLE PARKED ON LEFT OF ROAD,1,765163,Not at intersection,2,50,Local Road,HEYINGTON,WHITTLESEA,-37.682655,145.01785,2023,2,February,15,Afternoon Peak,Weekday
T20230004477,2023-02-23,16:27:00,8,No collision and no object struck,4,Thursday,180,OFF CARRIAGEWAY ON RIGHT BEND,1,757750,Not at intersection,2,100,Arterial Other,SNOW,WANGARATTA,-36.53829,146.5915,2023,2,February,16,Afternoon Peak,Weekday
T20230004888,2023-02-23,16:25:00,1,Collision with vehicle,4,Thursday,130,REAR END(VEHICLES IN SAME LANE),1,777497,Not at intersection,3,70,Arterial Other,PLENTY,WHITTLESEA,-37.6336,145.09583,2023,2,February,16,Afternoon Peak,Weekday
T20230004478,2023-02-23,21:35:00,1,Collision with vehicle,4,Thursday,130,REAR END(VEHICLES IN SAME LANE),2,67673,T intersection,3,60,Arterial Other,SCORESBY,KNOX,-37.861614,145.26648,2023,2,February,21,Night,Weekday
T20230004479,2023-02-23,18:05:00,1,Collision with vehicle,4,Thursday,137,LEFT TURN SIDESWIPE,1,241772,Cross intersection,3,40,Arterial Other,BASSETTS,WHITTLESEA,-37.60272,145.11394,2023,2,February,18,Afternoon Peak,Weekday
T20230004681,2023-02-23,17:30:00,1,Collision with vehicle,4,Thursday,130,REAR END(VEHICLES IN SAME LANE),9,757046,Not at intersection,3,60,Arterial Other,MILITARY,MOONEE VALLEY,-37.768154,144.86453,2023,2,February,17,Afternoon Peak,Weekday
T20230004481,2023-02-23,22:45:00,1,Collision with vehicle,4,Thursday,113,RIGHT NEAR (INTERSECTIONS ONLY),3,227538,Cross intersection,3,80,Arterial Highway,PLENTY,BANYULE,-37.688423,145.06656,2023,2,February,22,Night,Weekday
T20230005374,2023-02-23,16:30:00,1,Collision with vehicle,4,Thursday,130,REAR END(VEHICLES IN SAME LANE),1,759346,Not at intersection,3,100,Freeway,MONASH,STONNINGTON,-37.87977,145.08553,2023,2,February,16,Afternoon Peak,Weekday
T20230004861,2023-02-23,08:35:00,1,Collision with vehicle,4,Thursday,130,REAR END(VEHICLES IN SAME LANE),1,777461,Cross intersection,3,60,Arterial Other,HEATHERTON,DANDENONG,-37.960495,145.13657,2023,2,February,8,Morning Peak,Weekday
T20230004502,2023-02-23,19:15:00,5,collision with some other object,4,Thursday,191,LOAD OR MISSILE STRUCK VEHICLE,9,756636,Not at intersection,2,100,Arterial Highway,BASS,BASS COAST,-38.61709,145.74051,2023,2,February,19,Night,Weekday
T20230005291,2023-02-23,17:39:00,1,Collision with vehicle,4,Thursday,130,REAR END(VEHICLES IN SAME LANE),1,247511,Not at intersection,3,100,Arterial Other,HEATHERTON,CASEY,-37.972717,145.23982,2023,2,February,17,Afternoon Peak,Weekday
T20230004703,2023-02-23,18:00:00,1,Collision with vehicle,4,Thursday,137,LEFT TURN SIDESWIPE,1,781784,Not at intersection,3,40,Arterial Other,JACKA,PORT PHILLIP,-37.86695,144.97444,2023,2,February,18,Afternoon Peak,Weekday
T20230004410,2023-02-23,08:55:00,1,Collision with vehicle,4,Thursday,113,RIGHT NEAR (INTERSECTIONS ONLY),1,67473,T intersection,3,60,Local Road,ALBERT,KNOX,-37.857033,145.29567,2023,2,February,8,Morning Peak,Weekday
T20230004409,2023-02-23,10:28:00,1,Collision with vehicle,4,Thursday,113,RIGHT NEAR (INTERSECTIONS ONLY),1,251622,Cross intersection,3,80,Arterial Other,PRINCES,CARDINIA,-38.056442,145.3894,2023,2,February,10,Midday,Weekday
T20230004560,2023-02-23,18:30:00,4,Collision with a fixed object,4,Thursday,164,PERMANENT OBSTRUCTION ON CARRIAGEWAY,1,783820,Not at intersection,3,100,Freeway,WESTERN RING,BRIMBANK,-37.74868,144.83553,2023,2,February,18,Afternoon Peak,Weekday
T20230004556,2023-02-23,08:12:00,2,Struck Pedestrian,4,Thursday,102,FAR SIDE. PED HIT BY VEHICLE FROM THE LEFT,1,51201,Cross intersection,2,50,Arterial Other,LILY,STRATHBOGIE,-36.636517,145.71562,2023,2,February,8,Morning Peak,Weekday
T20230004405,2023-02-23,08:57:00,3,Struck animal,4,Thursday,167,STRUCK ANIMAL,1,767728,Not at intersection,2,100,Arterial Highway,SOUTH GIPPSLAND,WELLINGTON,-38.430557,146.95226,2023,2,February,8,Morning Peak,Weekday
T20230004399,2023-02-23,08:40:00,1,Collision with vehicle,4,Thursday,110,CROSS TRAFFIC(INTERSECTIONS ONLY),1,50633,Cross intersection,2,50,Arterial Other,IRREWILLIPE,COLAC OTWAY,-38.359978,143.5775,2023,2,February,8,Morning Peak,Weekday
T20230006144,2023-02-23,09:30:00,6,Vehicle overturned (no collision),4,Thursday,182,OFF CARRIAGEWAY ON LEFT BEND,1,783822,Not at intersection,3,60,Local Road,LOWER DARGO,WELLINGTON,-37.51562,147.27876,2023,2,February,9,Morning Peak,Weekday
T20230004417,2023-02-23,09:45:00,4,Collision with a fixed object,4,Thursday,183,OFF LEFT BEND INTO OBJECT/PARKED VEHICLE,1,316055,T intersection,3,100,Arterial Other,CRESWICK-NEWSTEAD,MOUNT ALEXANDER,-37.166904,144.04037,2023,2,February,9,Morning Peak,Weekday
T20230004419,2023-02-23,07:45:00,1,Collision with vehicle,4,Thursday,140,U TURN,1,776110,Not at intersection,3,40,Local Road,ORMOND,PORT PHILLIP,-37.886715,144.9898,2023,2,February,7,Morning Peak,Weekday
T20230006805,2023-02-23,19:30:00,1,Collision with vehicle,4,Thursday,110,CROSS TRAFFIC(INTERSECTIONS ONLY),1,29697,Cross intersection,3,50,Local Road,CHARLES,MORELAND,-37.730766,144.9584,2023,2,February,19,Night,Weekday
T20230006245,2023-02-23,08:50:00,1,Collision with vehicle,4,Thursday,130,REAR END(VEHICLES IN SAME LANE),1,251622,Cross intersection,3,80,Arterial Other,PRINCES,CARDINIA,-38.056442,145.3894,2023,2,February,8,Morning Peak,Weekday
T20230004421,2023-02-23,11:51:00,1,Collision with vehicle,4,Thursday,140,U TURN,1,775412,Not at intersection,3,80,Arterial Other,SEYMOUR-TOOBORAC,MITCHELL,-37.029587,145.07816,2023,2,February,11,Midday,Weekday
T20230004483,2023-02-23,23:52:00,4,Collision with a fixed object,4,Thursday,183,OFF LEFT BEND INTO OBJECT/PARKED VEHICLE,5,777025,Not at intersection,2,80,Arterial Other,HOOD,GEELONG,-38.128872,144.69377,2023,2,February,23,Night,Weekday
T20230004484,2023-02-23,21:10:00,1,Collision with vehicle,4,Thursday,118,TWO LEFT TURNING (INTERSECTIONS ONLY),3,35724,T intersection,3,60,Arterial Other,DERRIMUT,WYNDHAM,-37.87488,144.68321,2023,2,February,21,Night,Weekday
T20230004487,2023-02-23,20:15:00,1,Collision with vehicle,4,Thursday,110,CROSS TRAFFIC(INTERSECTIONS ONLY),3,59505,Cross intersection,3,50,Local Road,BARRELL,BENDIGO,-36.722363,144.25894,2023,2,February,20,Night,Weekday
T20230007254,2023-02-23,13:00:00,1,Collision with vehicle,4,Thursday,111,RIGHT FAR (INTERSECTIONS ONLY),1,766233,Cross intersection,3,50,Local Road,JUPITER,GLEN EIRA,-37.894897,145.01453,2023,2,February,13,Midday,Weekday
T20230004430,2023-02-23,12:30:00,1,Collision with vehicle,4,Thursday,160,VEHICLE COLLIDES WITH VEHICLE PARKED ON LEFT OF ROAD,1,779853,Not at intersection,2,60,Local Road,JOBS GULLY,BENDIGO,-36.71105,144.2785,2023,2,February,12,Midday,Weekday
T20230004432,2023-02-23,13:00:00,1,Collision with vehicle,4,Thursday,120,HEAD ON (NOT OVERTAKING),1,245859,Not at intersection,2,70,Arterial Other,KURRAK,NILLUMBIK,-37.651318,145.11057,2023,2,February,13,Midday,Weekday
T20230005660,2023-02-24,17:50:00,1,Collision with vehicle,5,Friday,130,REAR END(VEHICLES IN SAME LANE),1,763358,Not at intersection,3,60,Arterial Highway,ALBERT,HEPBURN,-37.426773,143.89398,2023,2,February,17,Afternoon Peak,Weekday
T20230004562,2023-02-24,16:15:00,1,Collision with vehicle,5,Friday,142,LEAVING PARKING,1,756835,T intersection,2,40,Local Road,HIGH,DAREBIN,-37.729237,145.00554,2023,2,February,16,Afternoon Peak,Weekday
T20230004539,2023-02-24,13:30:00,1,Collision with vehicle,5,Friday,132,RIGHT REAR.,1,777816,Not at intersection,3,100,Arterial Highway,MIDLAND,GOLDEN PLAINS,-37.870663,144.07736,2023,2,February,13,Midday,Weekday
T20230004669,2023-02-24,16:30:00,1,Collision with vehicle,5,Friday,130,REAR END(VEHICLES IN SAME LANE),1,777825,Not at intersection,3,80,Freeway,WEST GATE OUT-TODD,MELBOURNE,-37.832478,144.9164,2023,2,February,16,Afternoon Peak,Weekday
T20230004569,2023-02-24,15:26:00,2,Struck Pedestrian,5,Friday,102,FAR SIDE. PED HIT BY VEHICLE FROM THE LEFT,1,38601,Not at intersection,2,60,Arterial Other,SUNSHINE,MARIBYRNONG,-37.799706,144.86348,2023,2,February,15,Afternoon Peak,Weekday
T20230004570,2023-02-24,20:48:00,1,Collision with vehicle,5,Friday,148,VEHICLE OFF FOOTPATH STRIKES VEH ON CARRIAGEWAY,3,767213,Cross intersection,2,60,Arterial Other,SEAFORD,FRANKSTON,-38.112686,145.15749,2023,2,February,20,Night,Weekday
T20230004571,2023-02-24,15:52:00,1,Collision with vehicle,5,Friday,121,RIGHT THROUGH,1,342396,T intersection,3,80,Freeway,PRINCES,CASEY,-38.028114,145.31999,2023,2,February,15,Afternoon Peak,Weekday
T20230004579,2023-02-24,18:20:00,1,Collision with vehicle,5,Friday,113,RIGHT NEAR (INTERSECTIONS ONLY),1,787377,T intersection,2,80,Local Road,ASSEMBLY,CASEY,-38.003017,145.24709,2023,2,February,18,Afternoon Peak,Weekday
T20230004935,2023-02-24,14:20:00,1,Collision with vehicle,5,Friday,119,OTHER ADJACENT (INTERSECTIONS ONLY),1,42918,Cross intersection,3,60,Arterial Other,HEATHERTON,DANDENONG,-37.965015,145.17332,2023,2,February,14,Midday,Weekday
T20230004581,2023-02-24,21:50:00,1,Collision with vehicle,5,Friday,113,RIGHT NEAR (INTERSECTIONS ONLY),3,42563,T intersection,3,60,Local Road,CORRIGAN,DANDENONG,-37.95444,145.17049,2023,2,February,21,Night,Weekday
T20230004546,2023-02-24,16:05:00,1,Collision with vehicle,5,Friday,121,RIGHT THROUGH,1,763135,Not at intersection,3,60,Local Road,FORSYTH,WYNDHAM,-37.86522,144.73286,2023,2,February,16,Afternoon Peak,Weekday
T20230004553,2023-02-24,16:00:00,1,Collision with vehicle,5,Friday,132,RIGHT REAR.,1,55613,T intersection,3,60,Arterial Highway,POINT NEPEAN,MORNINGTON PENINSULA,-38.37088,144.83745,2023,2,February,16,Afternoon Peak,Weekday
T20230004497,2023-02-24,08:51:00,1,Collision with vehicle,5,Friday,142,LEAVING PARKING,1,756635,Not at intersection,3,40,Arterial Other,ELIZABETH STREET SERVICE,MELBOURNE,-37.80567,144.95903,2023,2,February,8,Morning Peak,Weekday
T20230004513,2023-02-24,09:09:00,1,Collision with vehicle,5,Friday,120,HEAD ON (NOT OVERTAKING),1,756638,Not at intersection,2,100,Local Road,SANDERS,CARDINIA,-38.04393,145.69585,2023,2,February,9,Morning Peak,Weekday
T20230004530,2023-02-24,14:20:00,1,Collision with vehicle,5,Friday,113,RIGHT NEAR (INTERSECTIONS ONLY),1,783824,T intersection,3,60,Local Road,MATTERHORN,CASEY,-38.09186,145.34274,2023,2,February,14,Midday,Weekday
T20230004554,2023-02-24,15:30:00,1,Collision with vehicle,5,Friday,130,REAR END(VEHICLES IN SAME LANE),1,759711,Not at intersection,3,100,Freeway,MONASH,DANDENONG,-37.95178,145.21416,2023,2,February,15,Afternoon Peak,Weekday
T20230004500,2023-02-24,08:18:00,1,Collision with vehicle,5,Friday,140,U TURN,1,45027,T intersection,2,60,Local Road,EUROA,BRIMBANK,-37.7624,144.829,2023,2,February,8,Morning Peak,Weekday
T20230004499,2023-02-24,07:50:00,4,Collision with a fixed object,5,Friday,181,OFF RIGHT BEND INTO OBJECT/PARKED VEHICLE,1,773748,Not at intersection,3,100,Arterial Other,MELBOURNE,HEPBURN,-37.444927,143.92091,2023,2,February,7,Morning Peak,Weekday
T20230004534,2023-02-24,12:10:00,1,Collision with vehicle,5,Friday,130,REAR END(VEHICLES IN SAME LANE),1,774323,Not at intersection,2,80,Arterial Other,COOPER,WHITTLESEA,-37.648457,144.99167,2023,2,February,12,Midday,Weekday
T20230006594,2023-02-24,15:19:00,1,Collision with vehicle,5,Friday,130,REAR END(VEHICLES IN SAME LANE),1,762611,Cross intersection,3,100,Arterial Other,MURCHISON-TATURA,SHEPPARTON,-36.57243,145.2228,2023,2,February,15,Afternoon Peak,Weekday
T20230004557,2023-02-24,18:38:00,1,Collision with vehicle,5,Friday,130,REAR END(VEHICLES IN SAME LANE),1,757883,Not at intersection,3,100,Freeway,MONASH,MONASH,-37.907543,145.15915,2023,2,February,18,Afternoon Peak,Weekday
T20230004505,2023-02-24,08:55:00,1,Collision with vehicle,5,Friday,121,RIGHT THROUGH,1,756730,T intersection,2,40,Local Road,LINLITHGOW,MELBOURNE,-37.823177,144.97086,2023,2,February,8,Morning Peak,Weekday
T20230004533,2023-02-24,06:17:00,1,Collision with vehicle,5,Friday,130,REAR END(VEHICLES IN SAME LANE),3,135254,Not at intersection,3,80,Freeway,WEST GATE,HOBSONS BAY,-37.824955,144.84811,2023,2,February,6,Morning Peak,Weekday
T20230009495,2023-02-24,17:30:00,1,Collision with vehicle,5,Friday,130,REAR END(VEHICLES IN SAME LANE),1,770240,T intersection,3,60,Local Road,GARDENVALE,GLEN EIRA,-37.897694,145.00635,2023,2,February,17,Afternoon Peak,Weekday
T20230004508,2023-02-24,10:15:00,1,Collision with vehicle,5,Friday,121,RIGHT THROUGH,1,24378,Cross intersection,3,80,Arterial Other,PRINCES,CARDINIA,-38.061935,145.45528,2023,2,February,10,Midday,Weekday
T20230004559,2023-02-24,18:30:00,1,Collision with vehicle,5,Friday,140,U TURN,1,779298,Not at intersection,2,50,Local Road,ARENA,CARDINIA,-38.067043,145.42621,2023,2,February,18,Afternoon Peak,Weekday
T20230004689,2023-02-24,10:00:00,1,Collision with vehicle,5,Friday,160,VEHICLE COLLIDES WITH VEHICLE PARKED ON LEFT OF ROAD,1,757538,Not at intersection,3,60,Arterial Other,TOORONGA,STONNINGTON,-37.855022,145.0418,2023,2,February,10,Midday,Weekday
T20230007244,2023-02-24,00:01:00,4,Collision with a fixed object,5,Friday,173,RIGHT OFF CARRIAGEWAY INTO OBJECT/PARKED VEHICLE,6,763855,Not at intersection,3,50,Local Road,ROSSLYN,WHITEHORSE,-37.833553,145.15463,2023,2,February,0,Late Night,Weekday
T20230004511,2023-02-24,12:00:00,1,Collision with vehicle,5,Friday,120,HEAD ON (NOT OVERTAKING),1,780329,Not at intersection,2,80,Arterial Other,WARBURTON-WOODS POINT,YARRA RANGES,-37.57661,145.90805,2023,2,February,12,Midday,Weekday
T20230004524,2023-02-24,08:20:00,1,Collision with vehicle,5,Friday,130,REAR END(VEHICLES IN SAME LANE),1,756834,Not at intersection,2,100,Freeway,METROPOLITAN RING,WHITTLESEA,-37.686573,145.00516,2023,2,February,8,Morning Peak,Weekday
T20230004525,2023-02-24,11:30:00,1,Collision with vehicle,5,Friday,121,RIGHT THROUGH,1,493,T intersection,3,60,Arterial Other,CANTERBURY,BOROONDARA,-37.824272,145.08327,2023,2,February,11,Midday,Weekday
T20230006257,2023-02-24,17:25:00,1,Collision with vehicle,5,Friday,132,RIGHT REAR.,1,763847,Multiple intersection,3,60,Local Road,AVALON,GEELONG,-38.02832,144.42921,2023,2,February,17,Afternoon Peak,Weekday
T20230008690,2023-02-24,07:50:00,1,Collision with vehicle,5,Friday,130,REAR END(VEHICLES IN SAME LANE),1,776768,Not at intersection,3,60,Arterial Other,ORRONG,STONNINGTON,-37.84951,145.01228,2023,2,February,7,Morning Peak,Weekday
T20230004516,2023-02-24,10:29:00,1,Collision with vehicle,5,Friday,116,LEFT NEAR (INTERSECTIONS ONLY),1,42323,T intersection,3,70,Arterial Highway,WARRIGAL,KINGSTON,-37.93155,145.08098,2023,2,February,10,Midday,Weekday
T20230006896,2023-02-24,11:50:00,1,Collision with vehicle,5,Friday,121,RIGHT THROUGH,1,278813,Cross intersection,3,50,Local Road,DARWIN,CARDINIA,-38.068996,145.44193,2023,2,February,11,Midday,Weekday
T20230005187,2023-02-24,14:00:00,8,No collision and no object struck,5,Friday,174,OUT OF CONTROL ON CARRIAGEWAY (ON STRAIGHT),1,758491,Not at intersection,3,60,Arterial Other,HORNE,HUME,-37.58192,144.72418,2023,2,February,14,Midday,Weekday
T20230013077,2023-02-24,17:45:00,1,Collision with vehicle,5,Friday,136,RIGHT TURN SIDESWIPE,1,48593,Cross intersection,3,60,Arterial Other,DUNNINGS,WYNDHAM,-37.886524,144.75005,2023,2,February,17,Afternoon Peak,Weekday
T20230004543,2023-02-24,15:12:00,1,Collision with vehicle,5,Friday,130,REAR END(VEHICLES IN SAME LANE),1,261962,Cross intersection,3,60,Arterial Other,GILLIES,BALLARAT,-37.540752,143.82191,2023,2,February,15,Afternoon Peak,Weekday
T20230004545,2023-02-24,17:00:00,1,Collision with vehicle,5,Friday,130,REAR END(VEHICLES IN SAME LANE),1,775667,Not at intersection,2,100,Freeway,WESTERN,MELTON,-37.787304,144.74864,2023,2,February,17,Afternoon Peak,Weekday
T20230004486,2023-02-24,00:30:00,4,Collision with a fixed object,5,Friday,171,LEFT OFF CARRIAGEWAY INTO OBJECT/PARKED VEHICLE,3,773749,T intersection,3,60,Local Road,HODGSON,BENDIGO,-36.7076,144.24915,2023,2,February,0,Late Night,Weekday
T20230004488,2023-02-24,02:58:00,4,Collision with a fixed object,5,Friday,171,LEFT OFF CARRIAGEWAY INTO OBJECT/PARKED VEHICLE,3,773750,Not at intersection,3,50,Local Road,LONGLEY,BALLARAT,-37.56237,143.8162,2023,2,February,2,Late Night,Weekday
T20230004492,2023-02-24,06:36:00,1,Collision with vehicle,5,Friday,113,RIGHT NEAR (INTERSECTIONS ONLY),1,59045,T intersection,3,100,Local Road,ARDMONA,SHEPPARTON,-36.372456,145.29553,2023,2,February,6,Morning Peak,Weekday
T20230004495,2023-02-24,08:00:00,1,Collision with vehicle,5,Friday,110,CROSS TRAFFIC(INTERSECTIONS ONLY),1,765768,Cross intersection,3,40,Arterial Other,HIGH STREET SERVICE,STRATHBOGIE,-36.782364,145.1544,2023,2,February,8,Morning Peak,Weekday
T20230004663,2023-02-24,03:06:00,4,Collision with a fixed object,5,Friday,173,RIGHT OFF CARRIAGEWAY INTO OBJECT/PARKED VEHICLE,5,775468,Not at intersection,2,50,Local Road,INDI,MILDURA,-34.305996,142.19603,2023,2,February,3,Late Night,Weekday
T20230004632,2023-02-25,16:00:00,1,Collision with vehicle,6,Saturday,135,LANE CHANGE LEFT (NOT OVERTAKING),1,757041,Not at intersection,3,60,Arterial Highway,BELL,MORELAND,-37.73826,144.9379,2023,2,February,16,Afternoon Peak,Weekend
T20230004642,2023-02-25,17:30:00,2,Struck Pedestrian,6,Saturday,103,PED PLAYING/LYING/WORKING/STANDING ON CARRIAGEWAY.,1,672147,T intersection,3,50,Local Road,MONAHANS,CASEY,-38.090195,145.26909,2023,2,February,17,Afternoon Peak,Weekend
T20230004643,2023-02-25,17:24:00,4,Collision with a fixed object,6,Saturday,133,LANE SIDE SWIPE (VEHICLES IN PARALLEL LANES),1,760229,Not at intersection,3,70,Arterial Highway,PLENTY,DAREBIN,-37.711693,145.04778,2023,2,February,17,Afternoon Peak,Weekend