ACCIDENT_NO,ACCIDENT_DATE,ACCIDENT_TIME,ACCIDENT_TYPE,ACCIDENT_TYPE_DESC,DAY_OF_WEEK,DAY_WEEK_DESC,DCA_CODE,DCA_DESC,LIGHT_CONDITION,NODE_ID,ROAD_GEOMETRY_DESC,SEVERITY,SPEED_ZONE,RMA,ROAD_NAME,LGA_NAME,LATITUDE,LONGITUDE,YEAR,MONTH,MONTH_NAME,HOUR,TIME_PERIOD,DAY_TYPE
T20230004644,2023-02-25,18:30:00,1,Collision with vehicle,6,Saturday,110,CROSS TRAFFIC(INTERSECTIONS ONLY),1,780656,Cross intersection,3,60,Arterial Other,PORTER STREET -WILLIAMSONS,MANNINGHAM,-37.752537,145.13474,2023,2,February,18,Afternoon Peak,Weekend
T20230004624,2023-02-25,14:27:00,6,Vehicle overturned (no collision),6,Saturday,180,OFF CARRIAGEWAY ON RIGHT BEND,1,781322,Not at intersection,2,80,Arterial Highway,MIDLAND,HEPBURN,-37.415554,143.9057,2023,2,February,14,Midday,Weekend
T20230004649,2023-02-25,21:45:00,1,Collision with vehicle,6,Saturday,121,RIGHT THROUGH,2,29783,T intersection,3,60,Arterial Other,HIGH,DAREBIN,-37.70884,145.00894,2023,2,February,21,Night,Weekend
T20230004640,2023-02-25,14:19:00,1,Collision with vehicle,6,Saturday,113,RIGHT NEAR (INTERSECTIONS ONLY),1,48296,T intersection,3,100,Local Road,BALD HILL,CARDINIA,-38.099277,145.5664,2023,2,February,14,Midday,Weekend
T20230004937,2023-02-25,19:15:00,8,No collision and no object struck,6,Saturday,180,OFF CARRIAGEWAY ON RIGHT BEND,1,757760,Not at intersection,2,60,Arterial Highway,THORPDALE,SOUTH GIPPSLAND,-38.400608,146.16159,2023,2,February,19,Night,Weekend
T20230004633,2023-02-25,16:20:00,4,Collision with a fixed object,6,Saturday,171,LEFT OFF CARRIAGEWAY INTO OBJECT/PARKED VEHICLE,1,769148,Not at intersection,2,100,Arterial Highway,DANDENONG-HASTINGS,FRANKSTON,-38.199993,145.21582,2023,2,February,16,Afternoon Peak,Weekend
T20230004636,2023-02-25,17:12:00,4,Collision with a fixed object,6,Saturday,171,LEFT OFF CARRIAGEWAY INTO OBJECT/PARKED VEHICLE,1,9814,T intersection,2,80,Local Road,SWAN BAY,GEELONG,-38.216335,144.5621,2023,2,February,17,Afternoon Peak,Weekend
T20230004639,2023-02-25,17:05:00,4,Collision with a fixed object,6,Saturday,173,RIGHT OFF CARRIAGEWAY INTO OBJECT/PARKED VEHICLE,1,760503,Not at intersection,2,100,Arterial Other,GEELONG-BALLAN,GOLDEN PLAINS,-37.81096,144.19914,2023,2,February,17,Afternoon Peak,Weekend
T20230004604,2023-02-25,12:00:00,4,Collision with a fixed object,6,Saturday,171,LEFT OFF CARRIAGEWAY INTO OBJECT/PARKED VEHICLE,1,34524,T intersection,3,60,Local Road,TAYLORS,MELTON,-37.723797,144.74881,2023,2,February,12,Midday,Weekend
T20230006860,2023-02-25,10:40:00,1,Collision with vehicle,6,Saturday,134,LANE CHANGE RIGHT (NOT OVERTAKING),1,83384,Not at intersection,3,80,Arterial Other,FITZSIMONS,MANNINGHAM,-37.75198,145.135,2023,2,February,10,Midday,Weekend
T20230005515,2023-02-25,10:00:00,1,Collision with vehicle,6,Saturday,114,TWO RIGHT TURNING (INTERSECTIONS ONLY),1,670,T intersection,3,50,Local Road,GLEN HUNTLY,GLEN EIRA,-37.88454,145.0028,2023,2,February,10,Midday,Weekend
T20230005718,2023-02-25,15:20:00,1,Collision with vehicle,6,Saturday,121,RIGHT THROUGH,1,759717,Not at intersection,3,60,Arterial Highway,WARRIGAL,MONASH,-37.894783,145.08786,2023,2,February,15,Afternoon Peak,Weekend
T20230004613,2023-02-25,10:15:00,1,Collision with vehicle,6,Saturday,189,OTHER ACCIDENTS ON CURVE NOT INCLUDED IN DCAs 180-184,1,779846,Not at intersection,3,80,Local Road,SUNNY CREEK,BAW BAW,-38.2201,146.13348,2023,2,February,10,Midday,Weekend
T20230005468,2023-02-25,15:15:00,8,No collision and no object struck,6,Saturday,180,OFF CARRIAGEWAY ON RIGHT BEND,1,783915,Not at intersection,3,80,Local Road,MYRTLEFORD-STANLEY,ALPINE,-36.472126,146.75685,2023,2,February,15,Afternoon Peak,Weekend
T20230004656,2023-02-25,23:25:00,1,Collision with vehicle,6,Saturday,160,VEHICLE COLLIDES WITH VEHICLE PARKED ON LEFT OF ROAD,3,781667,Not at intersection,3,50,Local Road,MOFFAT,BRIMBANK,-37.741585,144.78323,2023,2,February,23,Night,Weekend
T20230004609,2023-02-25,12:20:00,1,Collision with vehicle,6,Saturday,110,CROSS TRAFFIC(INTERSECTIONS ONLY),1,51160,Cross intersection,3,80,Arterial Other,WANGARATTA-WHITFIELD,WANGARATTA,-36.44535,146.36362,2023,2,February,12,Midday,Weekend
T20230004606,2023-02-25,06:29:00,1,Collision with vehicle,6,Saturday,121,RIGHT THROUGH,1,695251,Cross intersection,2,80,Arterial Highway,SPRINGVALE,KINGSTON,-37.990948,145.14468,2023,2,February,6,Morning Peak,Weekend
T20230004599,2023-02-25,10:27:00,1,Collision with vehicle,6,Saturday,130,REAR END(VEHICLES IN SAME LANE),1,41800,Cross intersection,3,70,Arterial Highway,SPRINGVALE,MONASH,-37.888885,145.16414,2023,2,February,10,Midday,Weekend
T20230004602,2023-02-25,03:57:00,4,Collision with a fixed object,6,Saturday,171,LEFT OFF CARRIAGEWAY INTO OBJECT/PARKED VEHICLE,5,765162,Not at intersection,2,100,Arterial Highway,PRINCES,EAST GIPPSLAND,-37.7116,148.6591,2023,2,February,3,Late Night,Weekend
T20230004601,2023-02-25,11:15:00,1,Collision with vehicle,6,Saturday,113,RIGHT NEAR (INTERSECTIONS ONLY),1,653283,Cross intersection,2,80,Arterial Other,CRANBOURNE-FRANKSTON,FRANKSTON,-38.144615,145.20502,2023,2,February,11,Midday,Weekend
T20230007149,2023-02-25,15:20:00,1,Collision with vehicle,6,Saturday,130,REAR END(VEHICLES IN SAME LANE),1,779359,Cross intersection,3,70,Arterial Other,VINEYARD ROAD -HORNE,HUME,-37.58608,144.72058,2023,2,February,15,Afternoon Peak,Weekend
T20230005686,2023-02-25,10:15:00,1,Collision with vehicle,6,Saturday,121,RIGHT THROUGH,1,43620,T intersection,3,80,Arterial Highway,PRINCES,CASEY,-38.01419,145.29015,2023,2,February,10,Midday,Weekend
T20230004666,2023-02-25,15:45:00,1,Collision with vehicle,6,Saturday,160,VEHICLE COLLIDES WITH VEHICLE PARKED ON LEFT OF ROAD,1,757281,Not at intersection,3,40,Arterial Other,CARLISLE,PORT PHILLIP,-37.86927,144.99747,2023,2,February,15,Afternoon Peak,Weekend
T20230004653,2023-02-25,22:02:00,2,Struck Pedestrian,6,Saturday,108,PED STRUCK WALKING TO/FROM OR BOARDING/ALIGHTING VEHICLE.,3,779299,Not at intersection,3,50,Local Road,TUNSTALL,MANNINGHAM,-37.799034,145.16931,2023,2,February,22,Night,Weekend
T20230010827,2023-02-25,14:50:00,1,Collision with vehicle,6,Saturday,110,CROSS TRAFFIC(INTERSECTIONS ONLY),1,44411,Cross intersection,3,60,Local Road,CHEDDAR,DAREBIN,-37.70394,145.01672,2023,2,February,14,Midday,Weekend
T20230016655,2023-02-25,15:10:00,1,Collision with vehicle,6,Saturday,132,RIGHT REAR.,1,777338,Not at intersection,3,60,Local Road,POINT NEPEAN,MORNINGTON PENINSULA,-38.348316,144.92923,2023,2,February,15,Afternoon Peak,Weekend
T20230006849,2023-02-25,17:25:00,1,Collision with vehicle,6,Saturday,160,VEHICLE COLLIDES WITH VEHICLE PARKED ON LEFT OF ROAD,1,762734,Not at intersection,3,80,Arterial Highway,BURWOOD,WHITEHORSE,-37.851784,145.1445,2023,2,February,17,Afternoon Peak,Weekend
T20230004870,2023-02-25,14:26:00,4,Collision with a fixed object,6,Saturday,173,RIGHT OFF CARRIAGEWAY INTO OBJECT/PARKED VEHICLE,1,783919,Not at intersection,3,80,Arterial Highway,SUNRAYSIA,BULOKE,-36.229504,142.85887,2023,2,February,14,Midday,Weekend
T20230006018,2023-02-25,21:00:00,4,Collision with a fixed object,6,Saturday,181,OFF RIGHT BEND INTO OBJECT/PARKED VEHICLE,5,783914,T intersection,3,100,Local Road,CARPENDEIT-BUNGADOR,CORANGAMITE,-38.39041,143.25606,2023,2,February,21,Night,Weekend
T20240006955,2023-02-25,19:30:00,1,Collision with vehicle,6,Saturday,129,OTHER OPPOSING MANOEUVRES NOT INCLUDED IN DCAs 120-125.,2,800038,Not at intersection,3,50,Local Road,STATION,KNOX,-37.881756,145.29456,2023,2,February,19,Night,Weekend
T20230004600,2023-02-25,09:30:00,1,Collision with vehicle,6,Saturday,139,OTHER SAME DIRECTION-MANOUEVRES NOT INCLUDED IN DCAs 130-137,1,783918,Not at intersection,3,70,Arterial Other,COBURG-CRAIGIEBURN,MORELAND,-37.694077,144.95868,2023,2,February,9,Morning Peak,Weekend
T20230004641,2023-02-25,16:06:00,2,Struck Pedestrian,6,Saturday,102,FAR SIDE. PED HIT BY VEHICLE FROM THE LEFT,1,757042,Cross intersection,3,80,Arterial Highway,PRINCES,CASEY,-38.0032,145.24915,2023,2,February,16,Afternoon Peak,Weekend
T20230004591,2023-02-25,06:45:00,1,Collision with vehicle,6,Saturday,121,RIGHT THROUGH,1,300082,Cross intersection,3,60,Arterial Highway,BELL,DAREBIN,-37.74454,144.99747,2023,2,February,6,Morning Peak,Weekend
T20230004595,2023-02-25,08:45:00,1,Collision with vehicle,6,Saturday,147,VEHICLE STRIKES ANOTHER VEH WHILE EMERGING FROM DRIVEWAY,1,757279,Not at intersection,3,40,Local Road,MERTON,HOBSONS BAY,-37.872997,144.77736,2023,2,February,8,Morning Peak,Weekend
T20230004619,2023-02-25,12:22:00,1,Collision with vehicle,6,Saturday,120,HEAD ON (NOT OVERTAKING),1,774475,Not at intersection,2,100,Arterial Other,MELBOURNE,HEPBURN,-37.45968,143.94447,2023,2,February,12,Midday,Weekend
T20230004648,2023-02-25,15:45:00,4,Collision with a fixed object,6,Saturday,171,LEFT OFF CARRIAGEWAY INTO OBJECT/PARKED VEHICLE,1,38589,T intersection,3,60,Arterial Highway,FRANCIS,HOBSONS BAY,-37.817566,144.85826,2023,2,February,15,Afternoon Peak,Weekend
T20230004654,2023-02-25,23:20:00,1,Collision with vehicle,6,Saturday,160,VEHICLE COLLIDES WITH VEHICLE PARKED ON LEFT OF ROAD,3,775478,Not at intersection,3,50,Local Road,CLAUSCEN,KNOX,-37.927128,145.24641,2023,2,February,23,Night,Weekend
T20230004651,2023-02-25,20:20:00,4,Collision with a fixed object,6,Saturday,171,LEFT OFF CARRIAGEWAY INTO OBJECT/PARKED VEHICLE,2,781598,Not at intersection,3,100,Arterial Other,MEENIYAN-PROMONTORY,SOUTH GIPPSLAND,-38.69118,146.07129,2023,2,February,20,Night,Weekend
T20230004630,2023-02-25,16:30:00,8,No collision and no object struck,6,Saturday,174,OUT OF CONTROL ON CARRIAGEWAY (ON STRAIGHT),1,787378,Not at intersection,2,40,Local Road,LYGON,MORELAND,-37.769257,144.9721,2023,2,February,16,Afternoon Peak,Weekend
T20230004969,2023-02-26,19:30:00,8,No collision and no object struck,7,Sunday,174,OUT OF CONTROL ON CARRIAGEWAY (ON STRAIGHT),1,757763,Not at intersection,3,80,Local Road,MUCKLEFORD-CASTLEMAINE,MOUNT ALEXANDER,-37.04115,144.18434,2023,2,February,19,Night,Weekend
T20230004721,2023-02-26,20:11:00,4,Collision with a fixed object,7,Sunday,173,RIGHT OFF CARRIAGEWAY INTO OBJECT/PARKED VEHICLE,5,783121,Not at intersection,3,100,Local Road,LANDSBOROUGH,NORTHERN GRAMPIANS,-37.0529,142.93323,2023,2,February,20,Night,Weekend
T20230004725,2023-02-26,23:53:00,1,Collision with vehicle,7,Sunday,120,HEAD ON (NOT OVERTAKING),5,776167,Not at intersection,2,100,Arterial Highway,PHILLIP ISLAND,BASS COAST,-38.522163,145.4033,2023,2,February,23,Night,Weekend
T20230004710,2023-02-26,14:51:00,1,Collision with vehicle,7,Sunday,132,RIGHT REAR.,1,35708,T intersection,2,60,Arterial Other,PASCOE VALE,MOONEE VALLEY,-37.743492,144.92825,2023,2,February,14,Midday,Weekend
T20230005477,2023-02-26,14:00:00,8,No collision and no object struck,7,Sunday,174,OUT OF CONTROL ON CARRIAGEWAY (ON STRAIGHT),1,759213,Not at intersection,2,80,Local Road,BLUEGUM,MOORABOOL,-37.572784,144.43823,2023,2,February,14,Midday,Weekend
T20230005500,2023-02-26,17:50:00,1,Collision with vehicle,7,Sunday,131,LEFT REAR,9,37779,T intersection,3,50,Local Road,BRUCE,STONNINGTON,-37.83752,145.01141,2023,2,February,17,Afternoon Peak,Weekend
T20230004708,2023-02-26,15:05:00,1,Collision with vehicle,7,Sunday,110,CROSS TRAFFIC(INTERSECTIONS ONLY),1,787379,Cross intersection,2,50,Local Road,CRAMER,DAREBIN,-37.739933,144.99919,2023,2,February,15,Afternoon Peak,Weekend
T20230004712,2023-02-26,17:55:00,1,Collision with vehicle,7,Sunday,160,VEHICLE COLLIDES WITH VEHICLE PARKED ON LEFT OF ROAD,2,757751,Not at intersection,2,50,Local Road,LYDIA,HUME,-37.670128,144.94983,2023,2,February,17,Afternoon Peak,Weekend
T20230004707,2023-02-26,11:15:00,1,Collision with vehicle,7,Sunday,147,VEHICLE STRIKES ANOTHER VEH WHILE EMERGING FROM DRIVEWAY,1,783920,Not at intersection,3,60,Local Road,HOGANS,WYNDHAM,-37.86412,144.69647,2023,2,February,11,Midday,Weekend
T20230004696,2023-02-26,14:35:00,4,Collision with a fixed object,7,Sunday,171,LEFT OFF CARRIAGEWAY INTO OBJECT/PARKED VEHICLE,1,764490,Not at intersection,2,70,Arterial Other,NARRACAN,LATROBE,-38.177265,146.26706,2023,2,February,14,Midday,Weekend
T20230004709,2023-02-26,17:00:00,4,Collision with a fixed object,7,Sunday,183,OFF LEFT BEND INTO OBJECT/PARKED VEHICLE,1,773764,Not at intersection,2,80,Arterial Other,MAIN NEERIM,BAW BAW,-38.030235,145.9548,2023,2,February,17,Afternoon Peak,Weekend
T20230004711,2023-02-26,17:10:00,1,Collision with vehicle,7,Sunday,113,RIGHT NEAR (INTERSECTIONS ONLY),1,1030,Cross intersection,3,60,Arterial Other,WESTERN PORT,MORNINGTON PENINSULA,-38.285446,145.18843,2023,2,February,17,Afternoon Peak,Weekend
T20230004706,2023-02-26,17:41:00,1,Collision with vehicle,7,Sunday,116,LEFT NEAR (INTERSECTIONS ONLY),1,57576,Cross intersection,2,80,Arterial Highway,WELLINGTON,MONASH,-37.921875,145.1863,2023,2,February,17,Afternoon Peak,Weekend
T20230004713,2023-02-26,15:10:00,1,Collision with vehicle,7,Sunday,112,LEFT FAR (INTERSECTIONS ONLY),1,83546,Cross intersection,3,60,Arterial Other,REYNOLDS,MANNINGHAM,-37.763718,145.16898,2023,2,February,15,Afternoon Peak,Weekend
T20230004955,2023-02-26,12:12:00,1,Collision with vehicle,7,Sunday,110,CROSS TRAFFIC(INTERSECTIONS ONLY),1,50353,Cross intersection,3,80,Arterial Other,BIRREGURRA-DEANS MARSH,COLAC OTWAY,-38.344177,143.80994,2023,2,February,12,Midday,Weekend
T20230004705,2023-02-26,16:38:00,1,Collision with vehicle,7,Sunday,116,LEFT NEAR (INTERSECTIONS ONLY),1,757282,Cross intersection,2,80,Arterial Highway,PRINCES,GLENELG,-38.28108,141.61543,2023,2,February,16,Afternoon Peak,Weekend
T20230006739,2023-02-26,15:00:00,1,Collision with vehicle,7,Sunday,130,REAR END(VEHICLES IN SAME LANE),1,777802,Cross intersection,3,70,Arterial Highway,SPRINGVALE,MONASH,-37.888905,145.16414,2023,2,February,15,Afternoon Peak,Weekend
T20230004702,2023-02-26,17:20:00,1,Collision with vehicle,7,Sunday,130,REAR END(VEHICLES IN SAME LANE),2,29801,Cross intersection,3,50,Arterial Other,SHANNON,GEELONG,-38.14165,144.33615,2023,2,February,17,Afternoon Peak,Weekend
T20230004694,2023-02-26,12:50:00,1,Collision with vehicle,7,Sunday,120,HEAD ON (NOT OVERTAKING),1,760439,Not at intersection,2,60,Arterial Other,BUCKLEY,MOONEE VALLEY,-37.753876,144.88895,2023,2,February,12,Midday,Weekend
T20230004788,2023-02-26,00:30:00,4,Collision with a fixed object,7,Sunday,181,OFF RIGHT BEND INTO OBJECT/PARKED VEHICLE,5,783923,Not at intersection,3,80,Arterial Other,WOODS POINT,YARRA RANGES,-37.732075,145.74878,2023,2,February,0,Late Night,Weekend
T20230004676,2023-02-26,10:59:00,1,Collision with vehicle,7,Sunday,130,REAR END(VEHICLES IN SAME LANE),1,757045,Not at intersection,3,60,Arterial Other,BALCOMBE,KINGSTON,-37.98146,145.06638,2023,2,February,10,Midday,Weekend
T20230004701,2023-02-26,11:00:00,1,Collision with vehicle,7,Sunday,143,ENTERING PARKING,1,760440,Not at intersection,3,40,Local Road,THE ESPLANADE,SURF COAST,-38.33686,144.32452,2023,2,February,11,Midday,Weekend
T20230004714,2023-02-26,17:30:00,4,Collision with a fixed object,7,Sunday,181,OFF RIGHT BEND INTO OBJECT/PARKED VEHICLE,1,787380,Not at intersection,2,80,Arterial Other,WOODS POINT,YARRA RANGES,-37.616676,145.90616,2023,2,February,17,Afternoon Peak,Weekend
T20230008821,2023-02-26,11:30:00,1,Collision with vehicle,7,Sunday,132,RIGHT REAR.,1,714632,Cross intersection,3,60,Arterial Other,BERWICK-CRANBOURNE ROAD -THOMPSONS,CASEY,-38.089558,145.33305,2023,2,February,11,Midday,Weekend
T20230004697,2023-02-26,12:15:00,4,Collision with a fixed object,7,Sunday,181,OFF RIGHT BEND INTO OBJECT/PARKED VEHICLE,1,778087,Not at intersection,1,100,Arterial Other,MARYBOROUGH-ST ARNAUD,PYRENEES,-36.969147,143.52182,2023,2,February,12,Midday,Weekend
T20230004950,2023-02-26,13:15:00,1,Collision with vehicle,7,Sunday,112,LEFT FAR (INTERSECTIONS ONLY),1,40684,T intersection,3,60,Arterial Other,HOFFMANS,MOONEE VALLEY,-37.73801,144.89223,2023,2,February,13,Midday,Weekend
T20230004670,2023-02-26,09:20:00,2,Struck Pedestrian,7,Sunday,100,PED NEAR SIDE. PED HIT BY VEHICLE FROM THE RIGHT.,1,237771,Not at intersection,3,50,Local Road,HIGH,DAREBIN,-37.73941,145.00378,2023,2,February,9,Morning Peak,Weekend
T20230005937,2023-02-26,19:00:00,1,Collision with vehicle,7,Sunday,130,REAR END(VEHICLES IN SAME LANE),1,760449,Not at intersection,3,100,Freeway,PENINSULA LINK,FRANKSTON,-38.097824,145.155,2023,2,February,19,Night,Weekend
T20230004717,2023-02-26,19:30:00,1,Collision with vehicle,7,Sunday,110,CROSS TRAFFIC(INTERSECTIONS ONLY),1,29948,Cross intersection,3,60,Arterial Highway,MCKILLOP,GEELONG,-38.153427,144.35791,2023,2,February,19,Night,Weekend
T20230004685,2023-02-26,07:30:00,1,Collision with vehicle,7,Sunday,160,VEHICLE COLLIDES WITH VEHICLE PARKED ON LEFT OF ROAD,1,783922,Not at intersection,3,100,Freeway,PRINCES,CARDINIA,-38.091766,145.48305,2023,2,February,7,Morning Peak,Weekend
T20230004865,2023-02-26,09:40:00,3,Struck animal,7,Sunday,167,STRUCK ANIMAL,1,762722,Not at intersection,3,100,Local Road,BEENAK,YARRA RANGES,-37.885372,145.62025,2023,2,February,9,Morning Peak,Weekend
T20230004719,2023-02-26,16:00:00,1,Collision with vehicle,7,Sunday,130,REAR END(VEHICLES IN SAME LANE),1,784875,Not at intersection,3,50,Arterial Other,BRUNSWICK,MORELAND,-37.77683,144.95824,2023,2,February,16,Afternoon Peak,Weekend
T20230004682,2023-02-26,12:21:00,1,Collision with vehicle,7,Sunday,113,RIGHT NEAR (INTERSECTIONS ONLY),1,43289,Cross intersection,2,60,Arterial Other,HALLAM SOUTH,CASEY,-38.0199,145.27045,2023,2,February,12,Midday,Weekend
T20230007999,2023-02-26,10:05:00,1,Collision with vehicle,7,Sunday,110,CROSS TRAFFIC(INTERSECTIONS ONLY),1,16792,Cross intersection,3,60,Arterial Other,CARAMUT,WARRNAMBOOL,-38.35219,142.46165,2023,2,February,10,Midday,Weekend
T20230006112,2023-02-26,10:20:00,1,Collision with vehicle,7,Sunday,130,REAR END(VEHICLES IN SAME LANE),1,777495,Not at intersection,3,50,Arterial Other,GAFFNEY,MORELAND,-37.73364,144.96155,2023,2,February,10,Midday,Weekend
T20230004679,2023-02-26,11:00:00,1,Collision with vehicle,7,Sunday,123,RIGHT/LEFT. ONE VEH TURNING RIGHT THE OTHER LEFT.,1,780332,Cross intersection,3,80,Arterial Other,BERWICK-CRANBOURNE ROAD -CLYDE,CASEY,-38.07459,145.33562,2023,2,February,11,Midday,Weekend
T20230004720,2023-02-26,22:23:00,6,Vehicle overturned (no collision),7,Sunday,174,OUT OF CONTROL ON CARRIAGEWAY (ON STRAIGHT),3,271545,Cross intersection,3,60,Arterial Highway,SURF COAST,SURF COAST,-38.300648,144.32242,2023,2,February,22,Night,Weekend
T20230004826,2023-02-26,02:30:00,1,Collision with vehicle,7,Sunday,133,LANE SIDE SWIPE (VEHICLES IN PARALLEL LANES),5,757542,Not at intersection,3,80,Freeway,PRINCES,HOBSONS BAY,-37.83732,144.80109,2023,2,February,2,Late Night,Weekend
T20230004805,2023-02-27,16:05:00,1,Collision with vehicle,1,Monday,148,VEHICLE OFF FOOTPATH STRIKES VEH ON CARRIAGEWAY,1,757754,T intersection,2,50,Local Road,MITFORD,PORT PHILLIP,-37.872433,144.98198,2023,2,February,16,Afternoon Peak,Weekday
T20230004815,2023-02-27,21:30:00,4,Collision with a fixed object,1,Monday,171,LEFT OFF CARRIAGEWAY INTO OBJECT/PARKED VEHICLE,3,36072,Cross intersection,3,80,Arterial Other,EPPING,WHITTLESEA,-37.594006,145.03372,2023,2,February,21,Night,Weekday
T20230004816,2023-02-27,03:00:00,4,Collision with a fixed object,1,Monday,171,LEFT OFF CARRIAGEWAY INTO OBJECT/PARKED VEHICLE,3,758481,Not at intersection,3,60,Local Road,SOUTH,MARIBYRNONG,-37.79071,144.8464,2023,2,February,3,Late Night,Weekday
T20230004819,2023-02-27,23:45:00,4,Collision with a fixed object,1,Monday,173,RIGHT OFF CARRIAGEWAY INTO OBJECT/PARKED VEHICLE,5,757287,Not at intersection,2,40,Local Road,ROMSEY,MACEDON RANGES,-37.345257,144.60104,2023,2,February,23,Night,Weekday
T20230004875,2023-02-27,14:05:00,1,Collision with vehicle,1,Monday,131,LEFT REAR,1,777746,Cross intersection,2,60,Arterial Other,MILLERS,HOBSONS BAY,-37.83119,144.84825,2023,2,February,14,Midday,Weekday
T20230004824,2023-02-27,23:09:00,4,Collision with a fixed object,1,Monday,181,OFF RIGHT BEND INTO OBJECT/PARKED VEHICLE,5,760940,Not at intersection,3,100,Arterial Other,MACARTHUR-PENSHURST,SOUTHERN GRAMPIANS,-37.87359,142.1932,2023,2,February,23,Night,Weekday
T20230004883,2023-02-27,16:40:00,1,Collision with vehicle,1,Monday,134,LANE CHANGE RIGHT (NOT OVERTAKING),1,786931,Cross intersection,3,60,Local Road,LIBERATOR,BALLARAT,-37.5276,143.80347,2023,2,February,16,Afternoon Peak,Weekday
T20230004921,2023-02-27,11:15:00,1,Collision with vehicle,1,Monday,133,LANE SIDE SWIPE (VEHICLES IN PARALLEL LANES),1,784292,Not at intersection,3,100,Freeway,EASTERN,BOROONDARA,-37.77988,145.08853,2023,2,February,11,Midday,Weekday
T20230004839,2023-02-27,14:30:00,4,Collision with a fixed object,1,Monday,181,OFF RIGHT BEND INTO OBJECT/PARKED VEHICLE,1,761053,Not at intersection,2,100,Arterial Highway,GREAT ALPINE,EAST GIPPSLAND,-37.13685,147.50784,2023,2,February,14,Midday,Weekday
T20230004836,2023-02-27,20:35:00,1,Collision with vehicle,1,Monday,121,RIGHT THROUGH,2,783200,Cross intersection,3,60,Local Road,OHERNS,WHITTLESEA,-37.637676,145.02629,2023,2,February,20,Night,Weekday
T20230004988,2023-02-27,08:15:00,6,Vehicle overturned (no collision),1,Monday,174,OUT OF CONTROL ON CARRIAGEWAY (ON STRAIGHT),9,754899,Not at intersection,3,60,Arterial Other,CHURCH,YARRA,-37.829987,144.99716,2023,2,February,8,Morning Peak,Weekday
T20230004833,2023-02-27,13:35:00,4,Collision with a fixed object,1,Monday,171,LEFT OFF CARRIAGEWAY INTO OBJECT/PARKED VEHICLE,1,757544,Not at intersection,2,50,Local Road,MONTEITH,CASEY,-37.97385,145.26422,2023,2,February,13,Midday,Weekday
T20230004831,2023-02-27,10:59:00,4,Collision with a fixed object,1,Monday,173,RIGHT OFF CARRIAGEWAY INTO OBJECT/PARKED VEHICLE,1,757543,Not at intersection,2,60,Arterial Other,CHILDS,WHITTLESEA,-37.667458,145.06012,2023,2,February,10,Midday,Weekday
T20230004767,2023-02-27,10:35:00,4,Collision with a fixed object,1,Monday,141,U TURN INTO FIXED OBJECT/PARKED VEHICLE,1,759823,T intersection,2,60,Local Road,YARRA,BOROONDARA,-37.821644,145.02068,2023,2,February,10,Midday,Weekday
T20230004775,2023-02-27,08:30:00,1,Collision with vehicle,1,Monday,120,HEAD ON (NOT OVERTAKING),1,757876,Not at intersection,2,70,Arterial Other,LYSTERFIELD,YARRA RANGES,-37.920155,145.30045,2023,2,February,8,Morning Peak,Weekday
T20230004777,2023-02-27,10:15:00,4,Collision with a fixed object,1,Monday,173,RIGHT OFF CARRIAGEWAY INTO OBJECT/PARKED VEHICLE,1,758279,Not at intersection,2,100,Arterial Other,WALLAN,WHITTLESEA,-37.456398,145.07164,2023,2,February,10,Midday,Weekday
T20230004778,2023-02-27,14:00:00,6,Vehicle overturned (no collision),1,Monday,174,OUT OF CONTROL ON CARRIAGEWAY (ON STRAIGHT),1,764489,Not at intersection,2,100,Arterial Highway,SUNRAYSIA,YARRIAMBIACK,-35.528595,142.52464,2023,2,February,14,Midday,Weekday
T20230005396,2023-02-27,17:00:00,1,Collision with vehicle,1,Monday,130,REAR END(VEHICLES IN SAME LANE),1,774002,Not at intersection,3,100,Freeway,WESTERN RING,MORELAND,-37.705723,144.88828,2023,2,February,17,Afternoon Peak,Weekday
T20230004781,2023-02-27,10:13:00,1,Collision with vehicle,1,Monday,120,HEAD ON (NOT OVERTAKING),1,776742,Not at intersection,2,100,Arterial Other,GRAHAM,CAMPASPE,-36.29884,144.98328,2023,2,February,10,Midday,Weekday
T20230004786,2023-02-27,16:15:00,1,Collision with vehicle,1,Monday,130,REAR END(VEHICLES IN SAME LANE),1,781912,Cross intersection,3,60,Arterial Other,MELBOURNE,WODONGA,-36.11482,146.86858,2023,2,February,16,Afternoon Peak,Weekday
T20230004789,2023-02-27,15:02:00,4,Collision with a fixed object,1,Monday,181,OFF RIGHT BEND INTO OBJECT/PARKED VEHICLE,1,766945,Not at intersection,2,100,Arterial Other,TRENTHAM,MACEDON RANGES,-37.28805,144.4406,2023,2,February,15,Afternoon Peak,Weekday
T20230005028,2023-02-27,06:40:00,1,Collision with vehicle,1,Monday,130,REAR END(VEHICLES IN SAME LANE),2,105361,Not at intersection,3,60,Arterial Other,MELBOURNE-LANCEFIELD,HUME,-37.62457,144.78989,2023,2,February,6,Morning Peak,Weekday
T20230004792,2023-02-27,15:26:00,4,Collision with a fixed object,1,Monday,181,OFF RIGHT BEND INTO OBJECT/PARKED VEHICLE,1,61946,T intersection,3,50,Local Road,CAMERON,BANYULE,-37.698593,145.0749,2023,2,February,15,Afternoon Peak,Weekday
T20230004797,2023-02-27,18:45:00,1,Collision with vehicle,1,Monday,133,LANE SIDE SWIPE (VEHICLES IN PARALLEL LANES),1,784243,Not at intersection,3,40,Arterial Other,SWAN,YARRA,-37.82521,144.9937,2023,2,February,18,Afternoon Peak,Weekday