ACCIDENT_NO,ACCIDENT_DATE,ACCIDENT_TIME,ACCIDENT_TYPE,ACCIDENT_TYPE_DESC,DAY_OF_WEEK,DAY_WEEK_DESC,DCA_CODE,DCA_DESC,LIGHT_CONDITION,NODE_ID,ROAD_GEOMETRY_DESC,SEVERITY,SPEED_ZONE,RMA,ROAD_NAME,LGA_NAME,LATITUDE,LONGITUDE,YEAR,MONTH,MONTH_NAME,HOUR,TIME_PERIOD,DAY_TYPE
T20230004798,2023-02-27,12:12:00,1,Collision with vehicle,1,Monday,121,RIGHT THROUGH,1,41456,Cross intersection,3,60,Arterial Other,PASCOE VALE,MOONEE VALLEY,-37.730015,144.92392,2023,2,February,12,Midday,Weekday
T20230004800,2023-02-27,15:20:00,1,Collision with vehicle,1,Monday,130,REAR END(VEHICLES IN SAME LANE),1,764202,Not at intersection,3,80,Arterial Other,VINEYARD,HUME,-37.5955,144.71382,2023,2,February,15,Afternoon Peak,Weekday
T20230018154,2023-02-27,17:44:00,1,Collision with vehicle,1,Monday,131,LEFT REAR,1,782048,Not at intersection,3,60,Local Road,HIGHBURY,WHITEHORSE,-37.862873,145.17632,2023,2,February,17,Afternoon Peak,Weekday
T20230008557,2023-02-27,11:00:00,1,Collision with vehicle,1,Monday,130,REAR END(VEHICLES IN SAME LANE),1,652017,T intersection,3,40,Local Road,MASONS,MOORABOOL,-37.668175,144.44106,2023,2,February,11,Midday,Weekday
T20230004804,2023-02-27,15:59:00,1,Collision with vehicle,1,Monday,121,RIGHT THROUGH,1,757286,T intersection,3,60,Local Road,TARNEIT,WYNDHAM,-37.88776,144.66252,2023,2,February,15,Afternoon Peak,Weekday
T20230005340,2023-02-27,06:30:00,1,Collision with vehicle,1,Monday,160,VEHICLE COLLIDES WITH VEHICLE PARKED ON LEFT OF ROAD,2,759345,Not at intersection,3,50,Local Road,DRUMMOND,SHEPPARTON,-36.371803,145.423,2023,2,February,6,Morning Peak,Weekday
T20230006082,2023-02-27,15:30:00,1,Collision with vehicle,1,Monday,131,LEFT REAR,1,780149,T intersection,3,100,Arterial Highway,BASS,BASS COAST,-38.412075,145.52715,2023,2,February,15,Afternoon Peak,Weekday
T20230005049,2023-02-27,11:00:00,1,Collision with vehicle,1,Monday,113,RIGHT NEAR (INTERSECTIONS ONLY),1,758031,T intersection,3,50,Local Road,FELLOWS,GEELONG,-38.27952,144.60783,2023,2,February,11,Midday,Weekday
T20230007371,2023-02-27,23:52:00,1,Collision with vehicle,1,Monday,130,REAR END(VEHICLES IN SAME LANE),3,779874,Not at intersection,3,40,Freeway,WEST GATE,HOBSONS BAY,-37.824707,144.8487,2023,2,February,23,Night,Weekday
T20230004762,2023-02-27,06:30:00,1,Collision with vehicle,1,Monday,147,VEHICLE STRIKES ANOTHER VEH WHILE EMERGING FROM DRIVEWAY,2,759331,Not at intersection,2,80,Arterial Other,MELTON,MELTON,-37.686577,144.69217,2023,2,February,6,Morning Peak,Weekday
T20230004759,2023-02-27,11:38:00,1,Collision with vehicle,1,Monday,121,RIGHT THROUGH,1,39964,T intersection,3,60,Arterial Other,BLACKSHAWS,HOBSONS BAY,-37.832535,144.86063,2023,2,February,11,Midday,Weekday
T20230004755,2023-02-27,09:06:00,1,Collision with vehicle,1,Monday,119,OTHER ADJACENT (INTERSECTIONS ONLY),1,70611,T intersection,2,60,Arterial Highway,LOWER DANDENONG,KINGSTON,-37.98501,145.09608,2023,2,February,9,Morning Peak,Weekday
T20230004752,2023-02-27,08:15:00,2,Struck Pedestrian,1,Monday,107,PED ON FOOTHPATH STRUCK BY VEHENTERING/LEAVING DRIVEWAY.,1,784238,Not at intersection,3,30,Arterial Other,CANTERBURY,MAROONDAH,-37.82127,145.30565,2023,2,February,8,Morning Peak,Weekday
T20230004751,2023-02-27,08:45:00,1,Collision with vehicle,1,Monday,111,RIGHT FAR (INTERSECTIONS ONLY),1,36799,Cross intersection,3,50,Local Road,DONALD,MARIBYRNONG,-37.7978,144.89993,2023,2,February,8,Morning Peak,Weekday
T20230004748,2023-02-27,07:20:00,4,Collision with a fixed object,1,Monday,171,LEFT OFF CARRIAGEWAY INTO OBJECT/PARKED VEHICLE,2,781591,Not at intersection,3,100,Arterial Other,MORTLAKE-ARARAT,ARARAT,-37.57997,142.83456,2023,2,February,7,Morning Peak,Weekday
T20230004745,2023-02-27,07:10:00,1,Collision with vehicle,1,Monday,121,RIGHT THROUGH,1,617,Cross intersection,3,60,Arterial Other,BLACKBURN,MONASH,-37.872204,145.14839,2023,2,February,7,Morning Peak,Weekday
T20230005142,2023-02-27,11:48:00,1,Collision with vehicle,1,Monday,135,LANE CHANGE LEFT (NOT OVERTAKING),1,784295,Not at intersection,3,80,Freeway,METROPOLITAN RING,HUME,-37.690903,144.97026,2023,2,February,11,Midday,Weekday
T20230004741,2023-02-27,08:45:00,1,Collision with vehicle,1,Monday,130,REAR END(VEHICLES IN SAME LANE),1,757284,Not at intersection,3,80,Arterial Highway,WARBURTON,YARRA RANGES,-37.758858,145.39084,2023,2,February,8,Morning Peak,Weekday
T20230004734,2023-02-27,06:30:00,5,collision with some other object,1,Monday,151,OUT OF CONTROL (OVERTAKING),3,757870,Not at intersection,2,60,Arterial Other,ROYAL,MELBOURNE,-37.791138,144.95862,2023,2,February,6,Morning Peak,Weekday
T20230004733,2023-02-27,07:47:00,2,Struck Pedestrian,1,Monday,102,FAR SIDE. PED HIT BY VEHICLE FROM THE LEFT,1,757752,T intersection,2,50,Arterial Other,NEWBURGH,BOROONDARA,-37.82277,145.04498,2023,2,February,7,Morning Peak,Weekday
T20230004730,2023-02-27,04:45:00,2,Struck Pedestrian,1,Monday,102,FAR SIDE. PED HIT BY VEHICLE FROM THE LEFT,3,760939,Not at intersection,2,60,Arterial Other,KING,MELBOURNE,-37.808495,144.9519,2023,2,February,4,Late Night,Weekday
T20230004729,2023-02-27,06:20:00,4,Collision with a fixed object,1,Monday,171,LEFT OFF CARRIAGEWAY INTO OBJECT/PARKED VEHICLE,3,757283,Not at intersection,2,60,Local Road,COLEMAN,MONASH,-37.87764,145.15439,2023,2,February,6,Morning Peak,Weekday
T20230004728,2023-02-27,06:23:00,1,Collision with vehicle,1,Monday,148,VEHICLE OFF FOOTPATH STRIKES VEH ON CARRIAGEWAY,3,679770,Cross intersection,2,60,Arterial Other,DORSET,KNOX,-37.86276,145.28561,2023,2,February,6,Morning Peak,Weekday
T20230008140,2023-02-27,06:15:00,8,No collision and no object struck,1,Monday,184,OUT OF CONTROL ON CARRIAGEWAY (ON BEND),9,490,T intersection,3,60,Arterial Other,BURKE,BOROONDARA,-37.82728,145.05748,2023,2,February,6,Morning Peak,Weekday
T20230004823,2023-02-28,03:30:00,4,Collision with a fixed object,2,Tuesday,171,LEFT OFF CARRIAGEWAY INTO OBJECT/PARKED VEHICLE,3,774451,Not at intersection,3,80,Arterial Highway,DANDENONG,STONNINGTON,-37.884544,145.07054,2023,2,February,3,Late Night,Weekday
T20230004868,2023-02-28,10:23:00,1,Collision with vehicle,2,Tuesday,179,OTHER ACCIDENTS-OFF STRAIGHT NOT INCLUDED IN DCAs 170-175,1,757874,Not at intersection,2,80,Arterial Highway,NEPEAN,BAYSIDE,-37.892113,145.0026,2023,2,February,10,Midday,Weekday
T20230004863,2023-02-28,12:15:00,1,Collision with vehicle,2,Tuesday,130,REAR END(VEHICLES IN SAME LANE),1,760815,Not at intersection,3,60,Arterial Highway,WARBURTON,YARRA RANGES,-37.779465,145.52892,2023,2,February,12,Midday,Weekday
T20230004864,2023-02-28,10:52:00,1,Collision with vehicle,2,Tuesday,150,HEAD ON(OVERTAKING),1,758633,Not at intersection,1,100,Arterial Highway,WIMMERA,YARRIAMBIACK,-36.621098,142.40709,2023,2,February,10,Midday,Weekday
T20230005121,2023-02-28,16:30:00,6,Vehicle overturned (no collision),2,Tuesday,174,OUT OF CONTROL ON CARRIAGEWAY (ON STRAIGHT),1,36571,T intersection,3,40,Local Road,PEEL,YARRA,-37.804977,144.98323,2023,2,February,16,Afternoon Peak,Weekday
T20230023847,2023-02-28,08:44:00,1,Collision with vehicle,2,Tuesday,113,RIGHT NEAR (INTERSECTIONS ONLY),1,70034,T intersection,3,50,Local Road,ABBOTT,BAYSIDE,-37.949947,145.01364,2023,2,February,8,Morning Peak,Weekday
T20230007931,2023-02-28,08:50:00,1,Collision with vehicle,2,Tuesday,130,REAR END(VEHICLES IN SAME LANE),1,769033,Not at intersection,3,60,Arterial Other,BULLA,MOONEE VALLEY,-37.73757,144.90576,2023,2,February,8,Morning Peak,Weekday
T20230004872,2023-02-28,13:43:00,1,Collision with vehicle,2,Tuesday,113,RIGHT NEAR (INTERSECTIONS ONLY),1,278810,Cross intersection,3,60,Arterial Other,HORNE STREET -VINEYARD,HUME,-37.58606,144.72063,2023,2,February,13,Midday,Weekday
T20230005106,2023-02-28,16:40:00,1,Collision with vehicle,2,Tuesday,163,VEHICLE STRIKES DOOR OF PARKED/STATIONARY VEHICLE,1,780271,Not at intersection,3,40,Local Road,FLINDERS,MELBOURNE,-37.818012,144.96552,2023,2,February,16,Afternoon Peak,Weekday
T20230005760,2023-02-28,17:10:00,1,Collision with vehicle,2,Tuesday,130,REAR END(VEHICLES IN SAME LANE),1,775624,Not at intersection,2,80,Arterial Highway,PRINCES,CASEY,-38.003696,145.2532,2023,2,February,17,Afternoon Peak,Weekday
T20230004878,2023-02-28,14:30:00,1,Collision with vehicle,2,Tuesday,135,LANE CHANGE LEFT (NOT OVERTAKING),1,784306,Not at intersection,3,80,Freeway,PRINCES,WYNDHAM,-37.842613,144.78908,2023,2,February,14,Midday,Weekday
T20230004856,2023-02-28,09:30:00,1,Collision with vehicle,2,Tuesday,140,U TURN,1,759332,Not at intersection,3,50,Local Road,FREEMAN,HUME,-37.656677,144.96048,2023,2,February,9,Morning Peak,Weekday
T20230004876,2023-02-28,14:27:00,1,Collision with vehicle,2,Tuesday,110,CROSS TRAFFIC(INTERSECTIONS ONLY),1,336094,Cross intersection,2,70,Local Road,MCKIMMIES,WHITTLESEA,-37.67744,145.0542,2023,2,February,14,Midday,Weekday
T20230006240,2023-02-28,08:15:00,1,Collision with vehicle,2,Tuesday,121,RIGHT THROUGH,1,30938,T intersection,3,60,Arterial Other,DONCASTER,BOROONDARA,-37.792877,145.06784,2023,2,February,8,Morning Peak,Weekday
T20230004923,2023-02-28,16:30:00,1,Collision with vehicle,2,Tuesday,137,LEFT TURN SIDESWIPE,1,35714,Multiple intersection,3,50,Arterial Other,ROYAL PARADE -SYDNEY,MORELAND,-37.778046,144.96024,2023,2,February,16,Afternoon Peak,Weekday
T20230004871,2023-02-28,13:52:00,4,Collision with a fixed object,2,Tuesday,171,LEFT OFF CARRIAGEWAY INTO OBJECT/PARKED VEHICLE,1,760942,Cross intersection,2,60,Local Road,BAY,BENDIGO,-36.77663,144.25371,2023,2,February,13,Midday,Weekday
T20230005766,2023-02-28,15:00:00,4,Collision with a fixed object,2,Tuesday,171,LEFT OFF CARRIAGEWAY INTO OBJECT/PARKED VEHICLE,1,46944,T intersection,3,80,Arterial Other,WELLINGTON,KNOX,-37.927483,145.2535,2023,2,February,15,Afternoon Peak,Weekday
T20230004845,2023-02-28,06:15:00,1,Collision with vehicle,2,Tuesday,147,VEHICLE STRIKES ANOTHER VEH WHILE EMERGING FROM DRIVEWAY,3,47717,T intersection,2,60,Local Road,DALGETY,DANDENONG,-37.994526,145.20961,2023,2,February,6,Morning Peak,Weekday
T20230004842,2023-02-28,08:30:00,1,Collision with vehicle,2,Tuesday,111,RIGHT FAR (INTERSECTIONS ONLY),1,66265,Cross intersection,2,70,Arterial Other,GRIEVE,HOBSONS BAY,-37.823097,144.82985,2023,2,February,8,Morning Peak,Weekday
T20230005079,2023-02-28,17:00:00,1,Collision with vehicle,2,Tuesday,110,CROSS TRAFFIC(INTERSECTIONS ONLY),1,38045,Cross intersection,2,60,Arterial Other,STATION,DAREBIN,-37.778923,145.01813,2023,2,February,17,Afternoon Peak,Weekday
T20230004852,2023-02-28,09:24:00,1,Collision with vehicle,2,Tuesday,110,CROSS TRAFFIC(INTERSECTIONS ONLY),1,36796,Cross intersection,3,80,Arterial Other,NARRE WARREN NORTH,CASEY,-38.013874,145.3092,2023,2,February,9,Morning Peak,Weekday
T20230022526,2023-02-28,09:45:00,3,Struck animal,2,Tuesday,167,STRUCK ANIMAL,1,790000,Not at intersection,3,100,Arterial Other,CASTERTON-APSLEY,WEST WIMMERA,-37.394447,141.21965,2023,2,February,9,Morning Peak,Weekday
T20230004855,2023-02-28,05:45:00,1,Collision with vehicle,2,Tuesday,120,HEAD ON (NOT OVERTAKING),5,757755,Not at intersection,1,100,Arterial Highway,BASS,BASS COAST,-38.566746,145.56123,2023,2,February,5,Morning Peak,Weekday
T20230004918,2023-02-28,15:41:00,1,Collision with vehicle,2,Tuesday,121,RIGHT THROUGH,1,337163,Cross intersection,3,60,Arterial Other,HUNTINGDALE,MONASH,-37.8762,145.11018,2023,2,February,15,Afternoon Peak,Weekday
T20230004915,2023-02-28,22:44:00,6,Vehicle overturned (no collision),2,Tuesday,174,OUT OF CONTROL ON CARRIAGEWAY (ON STRAIGHT),3,770450,Cross intersection,3,40,Local Road,LITTLE BOURKE,MELBOURNE,-37.815666,144.95436,2023,2,February,22,Night,Weekday
T20230004913,2023-02-28,02:00:00,1,Collision with vehicle,2,Tuesday,134,LANE CHANGE RIGHT (NOT OVERTAKING),3,757643,Not at intersection,3,80,Arterial Highway,SPRINGVALE,MONASH,-37.904774,145.16118,2023,2,February,2,Late Night,Weekday
T20230004838,2023-02-28,07:10:00,1,Collision with vehicle,2,Tuesday,130,REAR END(VEHICLES IN SAME LANE),1,272415,Not at intersection,2,100,Freeway,MONASH,MONASH,-37.88536,145.09908,2023,2,February,7,Morning Peak,Weekday
T20230004912,2023-02-28,18:35:00,1,Collision with vehicle,2,Tuesday,135,LANE CHANGE LEFT (NOT OVERTAKING),1,757758,Not at intersection,3,80,Freeway,CITYLINK,MORELAND,-37.773834,144.93713,2023,2,February,18,Afternoon Peak,Weekday
T20230004907,2023-02-28,17:08:00,1,Collision with vehicle,2,Tuesday,110,CROSS TRAFFIC(INTERSECTIONS ONLY),1,52025,Cross intersection,2,100,Local Road,NAMBROK,WELLINGTON,-38.049088,146.83783,2023,2,February,17,Afternoon Peak,Weekday
T20230006039,2023-02-28,14:35:00,1,Collision with vehicle,2,Tuesday,132,RIGHT REAR.,1,778216,Not at intersection,3,40,Local Road,ARTHUR,PORT PHILLIP,-37.839386,144.97523,2023,2,February,14,Midday,Weekday
T20230004903,2023-02-28,16:15:00,2,Struck Pedestrian,2,Tuesday,102,FAR SIDE. PED HIT BY VEHICLE FROM THE LEFT,1,47851,T intersection,3,50,Local Road,ADELAIDE,MORNINGTON PENINSULA,-38.233334,145.03113,2023,2,February,16,Afternoon Peak,Weekday
T20230004843,2023-02-28,07:45:00,1,Collision with vehicle,2,Tuesday,130,REAR END(VEHICLES IN SAME LANE),2,779990,Not at intersection,3,100,Freeway,MONASH,MONASH,-37.930634,145.18678,2023,2,February,7,Morning Peak,Weekday
T20230004965,2023-02-28,15:50:00,1,Collision with vehicle,2,Tuesday,135,LANE CHANGE LEFT (NOT OVERTAKING),1,784304,T intersection,3,100,Freeway,METROPOLITAN RING OUT-PLENTY,WHITTLESEA,-37.686172,145.06334,2023,2,February,15,Afternoon Peak,Weekday
T20230004899,2023-02-28,16:39:00,1,Collision with vehicle,2,Tuesday,121,RIGHT THROUGH,1,673299,Cross intersection,3,50,Local Road,ELEVATION,HUME,-37.598625,144.89328,2023,2,February,16,Afternoon Peak,Weekday
T20230004847,2023-02-28,10:00:00,1,Collision with vehicle,2,Tuesday,121,RIGHT THROUGH,1,773197,Cross intersection,3,60,Arterial Highway,HESSE,SURF COAST,-38.243317,143.98926,2023,2,February,10,Midday,Weekday
T20230004898,2023-02-28,15:50:00,2,Struck Pedestrian,2,Tuesday,107,PED ON FOOTHPATH STRUCK BY VEHENTERING/LEAVING DRIVEWAY.,1,784301,Not at intersection,3,50,Local Road,SKENE,WARRNAMBOOL,-38.38225,142.4927,2023,2,February,15,Afternoon Peak,Weekday
T20230004892,2023-02-28,13:55:00,1,Collision with vehicle,2,Tuesday,120,HEAD ON (NOT OVERTAKING),1,35377,T intersection,3,60,Local Road,LIGHTWOOD,HUME,-37.649296,144.91603,2023,2,February,13,Midday,Weekday
T20230016837,2023-02-28,18:00:00,4,Collision with a fixed object,2,Tuesday,171,LEFT OFF CARRIAGEWAY INTO OBJECT/PARKED VEHICLE,1,781590,Not at intersection,3,100,Local Road,OLD SALE,BAW BAW,-38.07479,146.07788,2023,2,February,18,Afternoon Peak,Weekday
T20230004832,2023-02-28,06:55:00,1,Collision with vehicle,2,Tuesday,147,VEHICLE STRIKES ANOTHER VEH WHILE EMERGING FROM DRIVEWAY,1,784300,Not at intersection,3,60,Arterial Other,BEACH,BAYSIDE,-37.969204,145.01198,2023,2,February,6,Morning Peak,Weekday
T20230004873,2023-02-28,13:37:00,1,Collision with vehicle,2,Tuesday,130,REAR END(VEHICLES IN SAME LANE),1,140690,Not at intersection,2,60,Local Road,KOOYONG,GLEN EIRA,-37.88694,145.01477,2023,2,February,13,Midday,Weekday
T20230004992,2023-03-01,16:33:00,1,Collision with vehicle,3,Wednesday,121,RIGHT THROUGH,1,781975,Not at intersection,3,60,Local Road,LEARMONTH,BALLARAT,-37.566647,143.81108,2023,3,March,16,Afternoon Peak,Weekday
T20230004991,2023-03-01,20:42:00,1,Collision with vehicle,3,Wednesday,121,RIGHT THROUGH,3,49465,Cross intersection,3,60,Arterial Highway,HIGH STREET -NORTHERN,MITCHELL,-37.4067,144.97986,2023,3,March,20,Night,Weekday
T20230004986,2023-03-01,14:19:00,1,Collision with vehicle,3,Wednesday,113,RIGHT NEAR (INTERSECTIONS ONLY),1,758139,T intersection,3,50,Local Road,BOX,DANDENONG,-37.995937,145.22473,2023,3,March,14,Midday,Weekday
T20230006853,2023-03-01,19:00:00,1,Collision with vehicle,3,Wednesday,130,REAR END(VEHICLES IN SAME LANE),1,763608,Not at intersection,2,70,Arterial Other,SYDNEY,HUME,-37.684696,144.95763,2023,3,March,19,Night,Weekday
T20230009181,2023-03-01,08:30:00,1,Collision with vehicle,3,Wednesday,130,REAR END(VEHICLES IN SAME LANE),1,769319,Not at intersection,3,50,Arterial Other,HOPKINS,MARIBYRNONG,-37.800594,144.90677,2023,3,March,8,Morning Peak,Weekday
T20230007554,2023-03-01,12:10:00,6,Vehicle overturned (no collision),3,Wednesday,174,OUT OF CONTROL ON CARRIAGEWAY (ON STRAIGHT),1,704653,Not at intersection,3,60,Arterial Other,ST GEORGES,YARRA,-37.7845,144.98282,2023,3,March,12,Midday,Weekday
T20230006133,2023-03-01,16:54:00,1,Collision with vehicle,3,Wednesday,116,LEFT NEAR (INTERSECTIONS ONLY),1,324648,Cross intersection,3,80,Arterial Other,CRANBOURNE ROAD -NARRE WARREN,CASEY,-38.07179,145.29774,2023,3,March,16,Afternoon Peak,Weekday
T20230004983,2023-03-01,18:45:00,1,Collision with vehicle,3,Wednesday,120,HEAD ON (NOT OVERTAKING),1,758280,T intersection,2,60,Local Road,THE AVENUE,MOONEE VALLEY,-37.73778,144.87831,2023,3,March,18,Afternoon Peak,Weekday
T20230004982,2023-03-01,16:00:00,4,Collision with a fixed object,3,Wednesday,171,LEFT OFF CARRIAGEWAY INTO OBJECT/PARKED VEHICLE,1,781367,Not at intersection,2,60,Local Road,WANSTEAD,WARRNAMBOOL,-38.383186,142.51172,2023,3,March,16,Afternoon Peak,Weekday
T20230004981,2023-03-01,17:00:00,1,Collision with vehicle,3,Wednesday,160,VEHICLE COLLIDES WITH VEHICLE PARKED ON LEFT OF ROAD,2,779909,Not at intersection,3,60,Arterial Highway,SOUTH GIPPSLAND,SOUTH GIPPSLAND,-38.471333,145.94185,2023,3,March,17,Afternoon Peak,Weekday
T20230004977,2023-03-01,18:10:00,1,Collision with vehicle,3,Wednesday,110,CROSS TRAFFIC(INTERSECTIONS ONLY),1,37436,Cross intersection,2,40,Arterial Other,CROCKFORD,PORT PHILLIP,-37.83483,144.94643,2023,3,March,18,Afternoon Peak,Weekday
T20230004968,2023-03-01,08:00:00,1,Collision with vehicle,3,Wednesday,130,REAR END(VEHICLES IN SAME LANE),2,758026,Not at intersection,3,100,Freeway,WESTERN,MELTON,-37.71344,144.6369,2023,3,March,8,Morning Peak,Weekday
T20230004967,2023-03-01,08:40:00,1,Collision with vehicle,3,Wednesday,121,RIGHT THROUGH,1,44738,Cross intersection,3,60,Arterial Other,THE CIRCUIT,BANYULE,-37.702854,145.10086,2023,3,March,8,Morning Peak,Weekday
T20230004966,2023-03-01,13:40:00,1,Collision with vehicle,3,Wednesday,121,RIGHT THROUGH,1,758482,T intersection,3,60,Local Road,PROSPERITY,WYNDHAM,-37.83676,144.74017,2023,3,March,13,Midday,Weekday
T20230004963,2023-03-01,11:30:00,4,Collision with a fixed object,3,Wednesday,171,LEFT OFF CARRIAGEWAY INTO OBJECT/PARKED VEHICLE,1,783595,T intersection,3,100,Local Road,DIGGERS,WEST WIMMERA,-36.725346,141.34442,2023,3,March,11,Midday,Weekday
T20230004961,2023-03-01,13:10:00,2,Struck Pedestrian,3,Wednesday,100,PED NEAR SIDE. PED HIT BY VEHICLE FROM THE RIGHT.,1,765770,Not at intersection,3,40,Arterial Other,UPPER HEIDELBERG,BANYULE,-37.767128,145.04446,2023,3,March,13,Midday,Weekday
T20230004954,2023-03-01,08:41:00,1,Collision with vehicle,3,Wednesday,130,REAR END(VEHICLES IN SAME LANE),1,761571,Not at intersection,3,100,Freeway,WESTERN,MELTON,-37.714474,144.63834,2023,3,March,8,Morning Peak,Weekday
T20230005199,2023-03-01,09:00:00,1,Collision with vehicle,3,Wednesday,130,REAR END(VEHICLES IN SAME LANE),1,796371,Not at intersection,3,70,Arterial Highway,MCMAHONS,FRANKSTON,-38.15051,145.13403,2023,3,March,9,Morning Peak,Weekday
T20230004944,2023-03-01,09:45:00,2,Struck Pedestrian,3,Wednesday,100,PED NEAR SIDE. PED HIT BY VEHICLE FROM THE RIGHT.,1,757644,Cross intersection,1,60,Arterial Other,MELVILLE,MORELAND,-37.762215,144.94424,2023,3,March,9,Morning Peak,Weekday
T20230004920,2023-03-01,05:39:00,1,Collision with vehicle,3,Wednesday,160,VEHICLE COLLIDES WITH VEHICLE PARKED ON LEFT OF ROAD,3,761787,Not at intersection,2,50,Local Road,HODGSON,MANNINGHAM,-37.764626,145.10371,2023,3,March,5,Morning Peak,Weekday
T20230004947,2023-03-01,12:05:00,1,Collision with vehicle,3,Wednesday,147,VEHICLE STRIKES ANOTHER VEH WHILE EMERGING FROM DRIVEWAY,1,784313,Not at intersection,3,60,Local Road,FOLEYS,BRIMBANK,-37.781586,144.75693,2023,3,March,12,Midday,Weekday
T20230004919,2023-03-01,05:25:00,6,Vehicle overturned (no collision),3,Wednesday,174,OUT OF CONTROL ON CARRIAGEWAY (ON STRAIGHT),3,900,Not at intersection,2,80,Arterial Highway,FRANKSTON-DANDENONG,FRANKSTON,-38.0722,145.1945,2023,3,March,5,Morning Peak,Weekday
T20230004989,2023-03-01,18:58:00,1,Collision with vehicle,3,Wednesday,134,LANE CHANGE RIGHT (NOT OVERTAKING),1,777449,Not at intersection,3,100,Freeway,EASTERN,BOROONDARA,-37.78587,145.10045,2023,3,March,18,Afternoon Peak,Weekday
T20230004949,2023-03-01,10:45:00,1,Collision with vehicle,3,Wednesday,130,REAR END(VEHICLES IN SAME LANE),1,777501,Not at intersection,3,40,Arterial Other,NICHOLSON,YARRA,-37.803917,144.97386,2023,3,March,10,Midday,Weekday
T20230004930,2023-03-01,08:40:00,1,Collision with vehicle,3,Wednesday,130,REAR END(VEHICLES IN SAME LANE),1,758156,Not at intersection,2,50,Local Road,RAGLAN,BALLARAT,-37.559937,143.85062,2023,3,March,8,Morning Peak,Weekday
T20230005003,2023-03-01,23:10:00,1,Collision with vehicle,3,Wednesday,130,REAR END(VEHICLES IN SAME LANE),3,780458,Not at intersection,2,60,Arterial Highway,HODDLE,YARRA,-37.7968,144.99347,2023,3,March,23,Night,Weekday
T20230004973,2023-03-01,10:22:00,1,Collision with vehicle,3,Wednesday,130,REAR END(VEHICLES IN SAME LANE),1,758027,Not at intersection,3,60,Arterial Other,FULLARD,CASEY,-38.031,145.30446,2023,3,March,10,Midday,Weekday
T20230005000,2023-03-01,20:15:00,1,Collision with vehicle,3,Wednesday,147,VEHICLE STRIKES ANOTHER VEH WHILE EMERGING FROM DRIVEWAY,3,758483,Not at intersection,3,60,Arterial Other,ASHLEY,MARIBYRNONG,-37.794197,144.86298,2023,3,March,20,Night,Weekday
T20230004999,2023-03-01,22:17:00,1,Collision with vehicle,3,Wednesday,160,VEHICLE COLLIDES WITH VEHICLE PARKED ON LEFT OF ROAD,5,758028,Not at intersection,2,60,Arterial Other,CHILDS,WHITTLESEA,-37.66046,145.02663,2023,3,March,22,Night,Weekday
T20230008104,2023-03-01,08:30:00,1,Collision with vehicle,3,Wednesday,130,REAR END(VEHICLES IN SAME LANE),1,777836,Not at intersection,3,50,Arterial Other,BARNARD,BENDIGO,-36.75609,144.27246,2023,3,March,8,Morning Peak,Weekday
T20230004995,2023-03-01,21:47:00,2,Struck Pedestrian,3,Wednesday,102,FAR SIDE. PED HIT BY VEHICLE FROM THE LEFT,3,770574,T intersection,3,40,Local Road,BOURKE,MELBOURNE,-37.811783,144.9716,2023,3,March,21,Night,Weekday
T20230005054,2023-03-01,08:30:00,1,Collision with vehicle,3,Wednesday,116,LEFT NEAR (INTERSECTIONS ONLY),1,59009,T intersection,3,50,Arterial Other,BALACLAVA,SHEPPARTON,-36.366817,145.40326,2023,3,March,8,Morning Peak,Weekday
T20230006081,2023-03-02,18:15:00,1,Collision with vehicle,4,Thursday,121,RIGHT THROUGH,1,39492,T intersection,3,80,Arterial Other,SPRINGVALE,MANNINGHAM,-37.798283,145.17871,2023,3,March,18,Afternoon Peak,Weekday
T20230005400,2023-03-02,08:20:00,1,Collision with vehicle,4,Thursday,113,RIGHT NEAR (INTERSECTIONS ONLY),1,38944,T intersection,3,60,Arterial Other,RIVERSDALE,BOROONDARA,-37.829094,145.03716,2023,3,March,8,Morning Peak,Weekday
T20230005075,2023-03-02,20:12:00,1,Collision with vehicle,4,Thursday,113,RIGHT NEAR (INTERSECTIONS ONLY),3,37738,T intersection,2,40,Arterial Other,MALVERN,STONNINGTON,-37.84773,145.00046,2023,3,March,20,Night,Weekday
T20230005398,2023-03-02,22:00:00,1,Collision with vehicle,4,Thursday,120,HEAD ON (NOT OVERTAKING),5,778181,Not at intersection,2,100,Arterial Other,MEENIYAN-PROMONTORY,SOUTH GIPPSLAND,-38.708027,146.08945,2023,3,March,22,Night,Weekday
T20230005047,2023-03-02,15:30:00,2,Struck Pedestrian,4,Thursday,100,PED NEAR SIDE. PED HIT BY VEHICLE FROM THE RIGHT.,1,783608,Cross intersection,3,50,Local Road,ALLENBY,BRIMBANK,-37.7036,144.75282,2023,3,March,15,Afternoon Peak,Weekday
T20230005048,2023-03-02,14:22:00,1,Collision with vehicle,4,Thursday,130,REAR END(VEHICLES IN SAME LANE),1,719529,Cross intersection,3,80,Arterial Highway,FERNTREE GULLY,KNOX,-37.899242,145.23323,2023,3,March,14,Midday,Weekday
T20230005078,2023-03-02,21:03:00,1,Collision with vehicle,4,Thursday,121,RIGHT THROUGH,3,29863,Cross intersection,3,70,Freeway,KEILOR PARK-CALDER IN,BRIMBANK,-37.725388,144.84975,2023,3,March,21,Night,Weekday