ACCIDENT_NO,ACCIDENT_DATE,ACCIDENT_TIME,ACCIDENT_TYPE,ACCIDENT_TYPE_DESC,DAY_OF_WEEK,DAY_WEEK_DESC,DCA_CODE,DCA_DESC,LIGHT_CONDITION,NODE_ID,ROAD_GEOMETRY_DESC,SEVERITY,SPEED_ZONE,RMA,ROAD_NAME,LGA_NAME,LATITUDE,LONGITUDE,YEAR,MONTH,MONTH_NAME,HOUR,TIME_PERIOD,DAY_TYPE
T20230005068,2023-03-02,15:30:00,1,Collision with vehicle,4,Thursday,110,CROSS TRAFFIC(INTERSECTIONS ONLY),1,222116,Cross intersection,2,60,Local Road,BOUNDARY,MORNINGTON PENINSULA,-38.341816,144.96115,2023,3,March,15,Afternoon Peak,Weekday
T20230005118,2023-03-02,21:45:00,4,Collision with a fixed object,4,Thursday,173,RIGHT OFF CARRIAGEWAY INTO OBJECT/PARKED VEHICLE,3,763965,Not at intersection,2,80,Freeway,CITYLINK,MOONEE VALLEY,-37.732773,144.91852,2023,3,March,21,Night,Weekday
T20230005042,2023-03-02,13:05:00,4,Collision with a fixed object,4,Thursday,164,PERMANENT OBSTRUCTION ON CARRIAGEWAY,1,29886,Multiple intersection,1,60,Freeway,FORSYTH,WYNDHAM,-37.873013,144.73668,2023,3,March,13,Midday,Weekday
T20230005037,2023-03-02,08:50:00,4,Collision with a fixed object,4,Thursday,181,OFF RIGHT BEND INTO OBJECT/PARKED VEHICLE,1,762831,Not at intersection,1,60,Arterial Other,GRAMPIANS,NORTHERN GRAMPIANS,-37.135742,142.52129,2023,3,March,8,Morning Peak,Weekday
T20230005036,2023-03-02,08:30:00,1,Collision with vehicle,4,Thursday,160,VEHICLE COLLIDES WITH VEHICLE PARKED ON LEFT OF ROAD,1,773720,Not at intersection,2,50,Local Road,RODNEY,GEELONG,-38.099255,144.34932,2023,3,March,8,Morning Peak,Weekday
T20230005035,2023-03-02,08:50:00,1,Collision with vehicle,4,Thursday,130,REAR END(VEHICLES IN SAME LANE),1,764705,Not at intersection,3,50,Local Road,BLAIR,HUME,-37.668312,144.93248,2023,3,March,8,Morning Peak,Weekday
T20230005976,2023-03-02,12:25:00,1,Collision with vehicle,4,Thursday,133,LANE SIDE SWIPE (VEHICLES IN PARALLEL LANES),1,489,Cross intersection,3,40,Arterial Other,BURKE,BOROONDARA,-37.828114,145.05733,2023,3,March,12,Midday,Weekday
T20230005090,2023-03-02,23:00:00,7,Fall from or in moving vehicle,4,Thursday,190,FELL IN/FROM VEHICLE,3,783605,T intersection,3,60,Arterial Other,WELLINGTON,MELBOURNE,-37.81552,144.97743,2023,3,March,23,Night,Weekday
T20230005033,2023-03-02,08:35:00,1,Collision with vehicle,4,Thursday,121,RIGHT THROUGH,1,50328,Cross intersection,2,60,Arterial Highway,GEELONG,SURF COAST,-38.325985,144.31758,2023,3,March,8,Morning Peak,Weekday
T20230005030,2023-03-02,08:08:00,1,Collision with vehicle,4,Thursday,160,VEHICLE COLLIDES WITH VEHICLE PARKED ON LEFT OF ROAD,1,778325,Not at intersection,3,60,Local Road,MILL PARK,WHITTLESEA,-37.675438,145.06694,2023,3,March,8,Morning Peak,Weekday
T20230005027,2023-03-02,08:15:00,4,Collision with a fixed object,4,Thursday,183,OFF LEFT BEND INTO OBJECT/PARKED VEHICLE,1,765022,Not at intersection,3,100,Arterial Other,LAVERS HILL-COBDEN,CORANGAMITE,-38.47488,143.21857,2023,3,March,8,Morning Peak,Weekday
T20230005025,2023-03-02,11:15:00,6,Vehicle overturned (no collision),4,Thursday,180,OFF CARRIAGEWAY ON RIGHT BEND,1,774074,Not at intersection,2,80,Arterial Other,KORUMBURRA-WONTHAGGI,SOUTH GIPPSLAND,-38.47217,145.77002,2023,3,March,11,Midday,Weekday
T20230005024,2023-03-02,08:10:00,1,Collision with vehicle,4,Thursday,134,LANE CHANGE RIGHT (NOT OVERTAKING),1,758030,Not at intersection,2,100,Freeway,PRINCES,CASEY,-38.036915,145.32936,2023,3,March,8,Morning Peak,Weekday
T20230005023,2023-03-02,11:22:00,1,Collision with vehicle,4,Thursday,110,CROSS TRAFFIC(INTERSECTIONS ONLY),1,62922,Cross intersection,3,40,Local Road,BELLEVUE,BANYULE,-37.7359,145.06393,2023,3,March,11,Midday,Weekday
T20230005022,2023-03-02,12:00:00,2,Struck Pedestrian,4,Thursday,100,PED NEAR SIDE. PED HIT BY VEHICLE FROM THE RIGHT.,1,758155,Not at intersection,2,60,Arterial Highway,ALBERT,BALLARAT,-37.58638,143.84097,2023,3,March,12,Midday,Weekday
T20230005928,2023-03-02,08:20:00,1,Collision with vehicle,4,Thursday,130,REAR END(VEHICLES IN SAME LANE),1,760448,Not at intersection,3,60,Arterial Other,BAYSWATER,MAROONDAH,-37.83262,145.26953,2023,3,March,8,Morning Peak,Weekday
T20230005219,2023-03-02,17:52:00,2,Struck Pedestrian,4,Thursday,101,PED EMERGES FROM IN FRONT OF PARKED OR STATIONARY VEHICLE,2,29841,T intersection,3,40,Arterial Other,SYDNEY,MORELAND,-37.774258,144.9609,2023,3,March,17,Afternoon Peak,Weekday
T20230007270,2023-03-02,10:03:00,4,Collision with a fixed object,4,Thursday,171,LEFT OFF CARRIAGEWAY INTO OBJECT/PARKED VEHICLE,1,783602,Not at intersection,3,40,Arterial Other,WELLINGTON,YARRA RANGES,-37.935345,145.30779,2023,3,March,10,Midday,Weekday
T20230005040,2023-03-02,12:00:00,1,Collision with vehicle,4,Thursday,113,RIGHT NEAR (INTERSECTIONS ONLY),1,783618,Cross intersection,3,50,Arterial Other,RYRIE,GEELONG,-38.15219,144.36978,2023,3,March,12,Midday,Weekday
T20230007325,2023-03-02,15:00:00,1,Collision with vehicle,4,Thursday,134,LANE CHANGE RIGHT (NOT OVERTAKING),1,768591,Not at intersection,2,80,Arterial Highway,NEPEAN,GLEN EIRA,-37.89751,145.00562,2023,3,March,15,Afternoon Peak,Weekday
T20230005744,2023-03-02,15:45:00,1,Collision with vehicle,4,Thursday,130,REAR END(VEHICLES IN SAME LANE),1,775666,Not at intersection,3,60,Arterial Other,MELROSE,MORELAND,-37.70745,144.88628,2023,3,March,15,Afternoon Peak,Weekday
T20230024503,2023-03-02,14:00:00,1,Collision with vehicle,4,Thursday,130,REAR END(VEHICLES IN SAME LANE),1,783779,Not at intersection,3,40,Local Road,JOBS GULLY,BENDIGO,-36.72119,144.26633,2023,3,March,14,Midday,Weekday
T20230005114,2023-03-03,13:15:00,1,Collision with vehicle,5,Friday,136,RIGHT TURN SIDESWIPE,1,29503,Cross intersection,3,50,Local Road,BURGUNDY,BANYULE,-37.756786,145.0704,2023,3,March,13,Midday,Weekday
T20230005932,2023-03-03,06:19:00,1,Collision with vehicle,5,Friday,130,REAR END(VEHICLES IN SAME LANE),2,760240,Not at intersection,2,80,Freeway,WEST GATE IN-KINGS,MELBOURNE,-37.827747,144.96054,2023,3,March,6,Morning Peak,Weekday
T20230005111,2023-03-03,10:27:00,1,Collision with vehicle,5,Friday,130,REAR END(VEHICLES IN SAME LANE),1,758797,Not at intersection,3,70,Arterial Other,CENTRE DANDENONG,KINGSTON,-37.972385,145.11256,2023,3,March,10,Midday,Weekday
T20230005171,2023-03-03,23:50:00,1,Collision with vehicle,5,Friday,110,CROSS TRAFFIC(INTERSECTIONS ONLY),5,55921,Cross intersection,3,80,Local Road,HALL,CARDINIA,-38.130726,145.5085,2023,3,March,23,Night,Weekday
T20230006358,2023-03-03,14:25:00,4,Collision with a fixed object,5,Friday,181,OFF RIGHT BEND INTO OBJECT/PARKED VEHICLE,1,783622,Not at intersection,3,70,Local Road,BOUNDARY,YARRA RANGES,-37.97285,145.3798,2023,3,March,14,Midday,Weekday
T20230005099,2023-03-03,08:05:00,1,Collision with vehicle,5,Friday,111,RIGHT FAR (INTERSECTIONS ONLY),1,299534,T intersection,3,60,Local Road,LINSELL,CASEY,-38.09896,145.29669,2023,3,March,8,Morning Peak,Weekday
T20230005098,2023-03-03,08:05:00,1,Collision with vehicle,5,Friday,130,REAR END(VEHICLES IN SAME LANE),1,758284,Not at intersection,2,60,Arterial Other,MARINE,PORT PHILLIP,-37.877903,144.97722,2023,3,March,8,Morning Peak,Weekday
T20230005157,2023-03-03,19:55:00,4,Collision with a fixed object,5,Friday,146,REVERSING INTO FIXED OBJECT/PARKED VEHICLE,2,767136,Not at intersection,3,50,Local Road,SILVERDALE,MOORABOOL,-37.662693,144.4227,2023,3,March,19,Night,Weekday
T20230005093,2023-03-03,05:45:00,4,Collision with a fixed object,5,Friday,171,LEFT OFF CARRIAGEWAY INTO OBJECT/PARKED VEHICLE,2,783629,Not at intersection,3,80,Local Road,TINAMBA-NEWRY,WELLINGTON,-37.939957,146.8845,2023,3,March,5,Morning Peak,Weekday
T20230005151,2023-03-03,13:45:00,1,Collision with vehicle,5,Friday,160,VEHICLE COLLIDES WITH VEHICLE PARKED ON LEFT OF ROAD,1,758642,Not at intersection,2,60,Local Road,HOUSTON,BENDIGO,-36.776012,144.27429,2023,3,March,13,Midday,Weekday
T20230005154,2023-03-03,15:50:00,1,Collision with vehicle,5,Friday,111,RIGHT FAR (INTERSECTIONS ONLY),1,329211,Cross intersection,3,50,Local Road,MILLER,CASEY,-38.028114,145.35164,2023,3,March,15,Afternoon Peak,Weekday
T20230005658,2023-03-03,12:00:00,1,Collision with vehicle,5,Friday,110,CROSS TRAFFIC(INTERSECTIONS ONLY),1,41225,Cross intersection,2,50,Local Road,PARK,GLEN EIRA,-37.880966,145.0126,2023,3,March,12,Midday,Weekday
T20230005155,2023-03-03,18:32:00,1,Collision with vehicle,5,Friday,130,REAR END(VEHICLES IN SAME LANE),2,43763,Cross intersection,2,60,Local Road,FIRST,MELTON,-37.70093,144.57545,2023,3,March,18,Afternoon Peak,Weekday
T20230005092,2023-03-03,02:00:00,4,Collision with a fixed object,5,Friday,171,LEFT OFF CARRIAGEWAY INTO OBJECT/PARKED VEHICLE,5,761908,Not at intersection,2,60,Local Road,EMU,HUME,-37.551758,144.72481,2023,3,March,2,Late Night,Weekday
T20230006392,2023-03-03,16:50:00,1,Collision with vehicle,5,Friday,130,REAR END(VEHICLES IN SAME LANE),1,761583,Not at intersection,3,80,Freeway,EDGARS-METROPOLITAN RING IN,WHITTLESEA,-37.687897,144.99928,2023,3,March,16,Afternoon Peak,Weekday
T20230005166,2023-03-03,21:50:00,1,Collision with vehicle,5,Friday,121,RIGHT THROUGH,3,39539,T intersection,3,60,Arterial Other,MITCHAM,MANNINGHAM,-37.80405,145.18925,2023,3,March,21,Night,Weekday
T20230005465,2023-03-03,13:40:00,1,Collision with vehicle,5,Friday,163,VEHICLE STRIKES DOOR OF PARKED/STATIONARY VEHICLE,1,780348,Not at intersection,3,50,Local Road,INKERMAN,PORT PHILLIP,-37.86491,144.98793,2023,3,March,13,Midday,Weekday
T20230005146,2023-03-03,16:30:00,1,Collision with vehicle,5,Friday,121,RIGHT THROUGH,1,131892,Cross intersection,3,60,Arterial Highway,DANDENONG VALLEY,DANDENONG,-37.990116,145.21461,2023,3,March,16,Afternoon Peak,Weekday
T20230005636,2023-03-03,18:30:00,1,Collision with vehicle,5,Friday,130,REAR END(VEHICLES IN SAME LANE),1,762013,Not at intersection,3,50,Arterial Other,GILLIES,BALLARAT,-37.532482,143.8235,2023,3,March,18,Afternoon Peak,Weekday
T20230005525,2023-03-03,08:20:00,1,Collision with vehicle,5,Friday,130,REAR END(VEHICLES IN SAME LANE),1,777369,Not at intersection,3,80,Arterial Highway,SPRINGVALE,WHITEHORSE,-37.835102,145.1726,2023,3,March,8,Morning Peak,Weekday
T20230006208,2023-03-03,14:00:00,4,Collision with a fixed object,5,Friday,181,OFF RIGHT BEND INTO OBJECT/PARKED VEHICLE,1,783628,Not at intersection,3,80,Arterial Highway,MAROONDAH,MURRINDINDI,-37.01268,145.69682,2023,3,March,14,Midday,Weekday
T20230005164,2023-03-03,22:20:00,7,Fall from or in moving vehicle,5,Friday,190,FELL IN/FROM VEHICLE,3,37580,T intersection,3,60,Local Road,PALMERSTON,PORT PHILLIP,-37.832733,144.97021,2023,3,March,22,Night,Weekday
T20230005586,2023-03-03,20:45:00,1,Collision with vehicle,5,Friday,130,REAR END(VEHICLES IN SAME LANE),1,580839,Cross intersection,3,80,Arterial Highway,THOMPSONS,CASEY,-38.082108,145.27649,2023,3,March,20,Night,Weekday
T20230005189,2023-03-03,07:38:00,4,Collision with a fixed object,5,Friday,171,LEFT OFF CARRIAGEWAY INTO OBJECT/PARKED VEHICLE,1,760475,Not at intersection,3,80,Local Road,TAMINICK GAP,WANGARATTA,-36.409966,146.25058,2023,3,March,7,Morning Peak,Weekday
T20230005149,2023-03-03,16:50:00,1,Collision with vehicle,5,Friday,131,LEFT REAR,1,69985,T intersection,2,60,Arterial Other,WICKHAM,KINGSTON,-37.946682,145.0548,2023,3,March,16,Afternoon Peak,Weekday
T20230005147,2023-03-03,15:05:00,4,Collision with a fixed object,5,Friday,171,LEFT OFF CARRIAGEWAY INTO OBJECT/PARKED VEHICLE,1,761897,Not at intersection,2,60,Arterial Other,BLACKBURN,MANNINGHAM,-37.77195,145.16504,2023,3,March,15,Afternoon Peak,Weekday
T20230007513,2023-03-03,09:38:00,1,Collision with vehicle,5,Friday,121,RIGHT THROUGH,1,788471,Multiple intersection,3,80,Freeway,PRINCES-MONASH IN,CASEY,-38.027863,145.31989,2023,3,March,9,Morning Peak,Weekday
T20230005224,2023-03-03,19:25:00,1,Collision with vehicle,5,Friday,153,CUTTING IN (OVERTAKING),2,234574,T intersection,3,40,Local Road,CLARENDON,MELBOURNE,-37.81496,144.98277,2023,3,March,19,Night,Weekday
T20230009764,2023-03-03,07:07:00,1,Collision with vehicle,5,Friday,130,REAR END(VEHICLES IN SAME LANE),1,29436,T intersection,3,60,Arterial Highway,PUNT,MELBOURNE,-37.821655,144.98935,2023,3,March,7,Morning Peak,Weekday
T20230005116,2023-03-03,09:20:00,1,Collision with vehicle,5,Friday,147,VEHICLE STRIKES ANOTHER VEH WHILE EMERGING FROM DRIVEWAY,1,775818,Not at intersection,3,60,Local Road,BARRY,HUME,-37.667183,144.95549,2023,3,March,9,Morning Peak,Weekday
T20230005138,2023-03-03,14:00:00,1,Collision with vehicle,5,Friday,163,VEHICLE STRIKES DOOR OF PARKED/STATIONARY VEHICLE,1,758798,Not at intersection,3,60,Arterial Other,MALVERN,STONNINGTON,-37.853294,145.04272,2023,3,March,14,Midday,Weekday
T20230005129,2023-03-03,09:55:00,1,Collision with vehicle,5,Friday,134,LANE CHANGE RIGHT (NOT OVERTAKING),1,763138,Not at intersection,3,60,Arterial Other,SPENCER,MELBOURNE,-37.80633,144.94527,2023,3,March,9,Morning Peak,Weekday
T20230005125,2023-03-03,08:00:00,1,Collision with vehicle,5,Friday,137,LEFT TURN SIDESWIPE,1,36464,Cross intersection,2,40,Local Road,BRUNSWICK,YARRA,-37.802338,144.97777,2023,3,March,8,Morning Peak,Weekday
T20230005120,2023-03-03,09:27:00,1,Collision with vehicle,5,Friday,134,LANE CHANGE RIGHT (NOT OVERTAKING),1,780288,Not at intersection,2,50,Arterial Other,MITCHELL,MARIBYRNONG,-37.781544,144.8682,2023,3,March,9,Morning Peak,Weekday
T20230005145,2023-03-03,15:25:00,1,Collision with vehicle,5,Friday,111,RIGHT FAR (INTERSECTIONS ONLY),1,773198,T intersection,3,40,Local Road,BRIDGE,CARDINIA,-38.07156,145.41898,2023,3,March,15,Afternoon Peak,Weekday
T20230005160,2023-03-03,17:40:00,1,Collision with vehicle,5,Friday,132,RIGHT REAR.,1,47195,T intersection,2,60,Arterial Other,BAY,BAYSIDE,-37.956806,145.0467,2023,3,March,17,Afternoon Peak,Weekday
T20230005865,2023-03-03,20:00:00,1,Collision with vehicle,5,Friday,130,REAR END(VEHICLES IN SAME LANE),2,241,Cross intersection,3,40,Local Road,ALBERT,MELBOURNE,-37.809246,144.97298,2023,3,March,20,Night,Weekday
T20230005346,2023-03-03,22:35:00,1,Collision with vehicle,5,Friday,121,RIGHT THROUGH,3,29858,Multiple intersection,2,60,Freeway,WEST GATE OUT-MELBOURNE,HOBSONS BAY,-37.82599,144.88097,2023,3,March,22,Night,Weekday
T20230005677,2023-03-03,10:15:00,2,Struck Pedestrian,5,Friday,102,FAR SIDE. PED HIT BY VEHICLE FROM THE LEFT,1,781552,Not at intersection,3,60,Arterial Other,THOMPSONS,MANNINGHAM,-37.77899,145.08237,2023,3,March,10,Midday,Weekday
T20230008320,2023-03-03,06:35:00,1,Collision with vehicle,5,Friday,110,CROSS TRAFFIC(INTERSECTIONS ONLY),2,353559,Cross intersection,3,80,Arterial Highway,PRINCES,DANDENONG,-38.003372,145.24911,2023,3,March,6,Morning Peak,Weekday
T20230006337,2023-03-04,10:45:00,1,Collision with vehicle,6,Saturday,130,REAR END(VEHICLES IN SAME LANE),1,761582,Not at intersection,3,60,Arterial Other,WERRIBEE MAIN,WYNDHAM,-37.92492,144.63155,2023,3,March,10,Midday,Weekend
T20230005600,2023-03-04,16:50:00,2,Struck Pedestrian,6,Saturday,100,PED NEAR SIDE. PED HIT BY VEHICLE FROM THE RIGHT.,1,787164,Not at intersection,3,40,Arterial Highway,PRINCES,DANDENONG,-37.939823,145.16396,2023,3,March,16,Afternoon Peak,Weekend
T20230005217,2023-03-04,13:38:00,1,Collision with vehicle,6,Saturday,147,VEHICLE STRIKES ANOTHER VEH WHILE EMERGING FROM DRIVEWAY,1,759336,T intersection,2,60,Local Road,BENETOOK,MILDURA,-34.19508,142.18205,2023,3,March,13,Midday,Weekend
T20230005244,2023-03-04,18:00:00,1,Collision with vehicle,6,Saturday,115,RIGHT/LEFT FAR (INTERSECTIONS ONLY),1,760944,T intersection,3,50,Local Road,GISBORNE,DAREBIN,-37.721256,145.02466,2023,3,March,18,Afternoon Peak,Weekend
T20230005245,2023-03-04,17:20:00,1,Collision with vehicle,6,Saturday,121,RIGHT THROUGH,1,38185,T intersection,3,60,Arterial Other,UPPER HEIDELBERG,BANYULE,-37.74768,145.05777,2023,3,March,17,Afternoon Peak,Weekend
T20230005248,2023-03-04,19:00:00,4,Collision with a fixed object,6,Saturday,183,OFF LEFT BEND INTO OBJECT/PARKED VEHICLE,1,781321,Not at intersection,2,100,Arterial Other,DIGGERS REST-COIMADAI,MOORABOOL,-37.63228,144.50226,2023,3,March,19,Night,Weekend
T20230005229,2023-03-04,14:20:00,1,Collision with vehicle,6,Saturday,120,HEAD ON (NOT OVERTAKING),1,759337,T intersection,3,50,Local Road,SUSSEX,MORELAND,-37.725983,144.95044,2023,3,March,14,Midday,Weekend
T20230005249,2023-03-04,22:15:00,4,Collision with a fixed object,6,Saturday,181,OFF RIGHT BEND INTO OBJECT/PARKED VEHICLE,5,760232,Not at intersection,2,100,Arterial Other,MANSFIELD-WOODS POINT,MANSFIELD,-37.21763,146.16231,2023,3,March,22,Night,Weekend
T20230005250,2023-03-04,17:20:00,6,Vehicle overturned (no collision),6,Saturday,174,OUT OF CONTROL ON CARRIAGEWAY (ON STRAIGHT),1,777468,Not at intersection,2,60,Local Road,THUNDER,BENDIGO,-36.74225,144.29066,2023,3,March,17,Afternoon Peak,Weekend
T20230005251,2023-03-04,23:10:00,2,Struck Pedestrian,6,Saturday,104,PED WALKING WITH TRAFFIC,3,758918,Not at intersection,2,60,Arterial Highway,LEONGATHA,SOUTH GIPPSLAND,-38.438816,145.82806,2023,3,March,23,Night,Weekend
T20230005252,2023-03-04,04:34:00,1,Collision with vehicle,6,Saturday,130,REAR END(VEHICLES IN SAME LANE),3,39584,Cross intersection,3,80,Arterial Highway,MAROONDAH HIGHWAY -WHITEHORSE,WHITEHORSE,-37.81717,145.21336,2023,3,March,4,Late Night,Weekend
T20230005262,2023-03-04,23:23:00,1,Collision with vehicle,6,Saturday,134,LANE CHANGE RIGHT (NOT OVERTAKING),3,787162,Not at intersection,3,100,Freeway,MONASH,CASEY,-37.999756,145.28874,2023,3,March,23,Night,Weekend
T20230005228,2023-03-04,14:52:00,1,Collision with vehicle,6,Saturday,120,HEAD ON (NOT OVERTAKING),1,773779,T intersection,2,60,Arterial Other,ESPLANADE,MORNINGTON PENINSULA,-38.28735,144.99142,2023,3,March,14,Midday,Weekend
T20230005428,2023-03-04,17:42:00,1,Collision with vehicle,6,Saturday,113,RIGHT NEAR (INTERSECTIONS ONLY),1,66110,Cross intersection,2,40,Arterial Other,GLENFERRIE,BOROONDARA,-37.818825,145.03606,2023,3,March,17,Afternoon Peak,Weekend
T20230005425,2023-03-04,10:10:00,1,Collision with vehicle,6,Saturday,140,U TURN,1,783705,Not at intersection,3,60,Local Road,YUILLES,MORNINGTON PENINSULA,-38.230442,145.04713,2023,3,March,10,Midday,Weekend
T20230005410,2023-03-04,21:00:00,1,Collision with vehicle,6,Saturday,130,REAR END(VEHICLES IN SAME LANE),3,759827,Not at intersection,3,60,Arterial Other,MICKLEHAM,HUME,-37.694843,144.88121,2023,3,March,21,Night,Weekend
T20230005290,2023-03-04,14:50:00,4,Collision with a fixed object,6,Saturday,181,OFF RIGHT BEND INTO OBJECT/PARKED VEHICLE,1,767726,Not at intersection,2,80,Arterial Highway,GREAT OCEAN,SURF COAST,-38.575294,143.9483,2023,3,March,14,Midday,Weekend
T20230005185,2023-03-04,06:53:00,1,Collision with vehicle,6,Saturday,134,LANE CHANGE RIGHT (NOT OVERTAKING),2,758490,Not at intersection,3,60,Local Road,CHEDDAR,DAREBIN,-37.70525,145.01625,2023,3,March,6,Morning Peak,Weekend
T20230005241,2023-03-04,16:00:00,1,Collision with vehicle,6,Saturday,130,REAR END(VEHICLES IN SAME LANE),1,775549,Not at intersection,2,100,Freeway,MONASH,MONASH,-37.905857,145.15675,2023,3,March,16,Afternoon Peak,Weekend
T20230005243,2023-03-04,18:07:00,1,Collision with vehicle,6,Saturday,113,RIGHT NEAR (INTERSECTIONS ONLY),1,37019,T intersection,2,80,Arterial Other,CRANBOURNE,CASEY,-38.038742,145.30473,2023,3,March,18,Afternoon Peak,Weekend
T20230005223,2023-03-04,10:30:00,1,Collision with vehicle,6,Saturday,137,LEFT TURN SIDESWIPE,1,781780,Not at intersection,3,50,Local Road,FOREST,BALLARAT,-37.540684,143.8312,2023,3,March,10,Midday,Weekend
T20230005230,2023-03-04,16:45:00,1,Collision with vehicle,6,Saturday,113,RIGHT NEAR (INTERSECTIONS ONLY),1,42427,T intersection,3,60,Arterial Other,CENTRE,KINGSTON,-37.929768,145.12889,2023,3,March,16,Afternoon Peak,Weekend
T20230005233,2023-03-04,16:00:00,1,Collision with vehicle,6,Saturday,160,VEHICLE COLLIDES WITH VEHICLE PARKED ON LEFT OF ROAD,1,759338,Not at intersection,2,60,Arterial Highway,NEPEAN,KINGSTON,-38.08361,145.12422,2023,3,March,16,Afternoon Peak,Weekend
T20230005399,2023-03-04,21:45:00,1,Collision with vehicle,6,Saturday,130,REAR END(VEHICLES IN SAME LANE),9,778388,Not at intersection,3,80,Freeway,FOOTSCRAY-CITYLINK IN,MELBOURNE,-37.810036,144.93407,2023,3,March,21,Night,Weekend
T20230005193,2023-03-04,11:30:00,8,No collision and no object struck,6,Saturday,174,OUT OF CONTROL ON CARRIAGEWAY (ON STRAIGHT),1,578942,Cross intersection,3,80,Freeway,PENINSULA LINK,FRANKSTON,-38.108974,145.16162,2023,3,March,11,Midday,Weekend
T20230005202,2023-03-04,12:20:00,8,No collision and no object struck,6,Saturday,174,OUT OF CONTROL ON CARRIAGEWAY (ON STRAIGHT),1,51595,Cross intersection,3,60,Arterial Highway,EAGLEHAWK ROAD -MARONG,BENDIGO,-36.755657,144.26366,2023,3,March,12,Midday,Weekend
T20230005496,2023-03-04,22:45:00,1,Collision with vehicle,6,Saturday,110,CROSS TRAFFIC(INTERSECTIONS ONLY),3,29537,Cross intersection,3,40,Arterial Other,PRINCESS,BOROONDARA,-37.79912,145.03032,2023,3,March,22,Night,Weekend
T20230005203,2023-03-04,12:30:00,1,Collision with vehicle,6,Saturday,110,CROSS TRAFFIC(INTERSECTIONS ONLY),1,40679,Cross intersection,3,60,Arterial Other,HOFFMANS,MOONEE VALLEY,-37.737328,144.89233,2023,3,March,12,Midday,Weekend
T20230005209,2023-03-04,10:05:00,1,Collision with vehicle,6,Saturday,134,LANE CHANGE RIGHT (NOT OVERTAKING),1,765772,Not at intersection,3,80,Freeway,WEST GATE,HOBSONS BAY,-37.82461,144.85283,2023,3,March,10,Midday,Weekend
T20230006963,2023-03-04,12:00:00,6,Vehicle overturned (no collision),6,Saturday,180,OFF CARRIAGEWAY ON RIGHT BEND,1,763147,Not at intersection,3,100,Local Road,WARRUMYEA,MOYNE,-38.303333,142.69588,2023,3,March,12,Midday,Weekend
T20230005505,2023-03-04,15:30:00,1,Collision with vehicle,6,Saturday,135,LANE CHANGE LEFT (NOT OVERTAKING),1,761576,Not at intersection,3,80,Freeway,PRINCES,HOBSONS BAY,-37.835705,144.80453,2023,3,March,15,Afternoon Peak,Weekend
T20230005183,2023-03-04,03:08:00,2,Struck Pedestrian,6,Saturday,104,PED WALKING WITH TRAFFIC,5,767025,Not at intersection,1,100,Freeway,WESTERN RING,HUME,-37.693043,144.9387,2023,3,March,3,Late Night,Weekend
T20230005234,2023-03-04,15:35:00,2,Struck Pedestrian,6,Saturday,101,PED EMERGES FROM IN FRONT OF PARKED OR STATIONARY VEHICLE,1,759339,Not at intersection,2,60,Local Road,BAMBRA,GLEN EIRA,-37.897804,145.02686,2023,3,March,15,Afternoon Peak,Weekend
T20230005210,2023-03-04,11:45:00,1,Collision with vehicle,6,Saturday,110,CROSS TRAFFIC(INTERSECTIONS ONLY),1,668382,Cross intersection,3,50,Local Road,HUME,MOIRA,-36.011036,146.00594,2023,3,March,11,Midday,Weekend
T20230005177,2023-03-04,01:50:00,1,Collision with vehicle,6,Saturday,160,VEHICLE COLLIDES WITH VEHICLE PARKED ON LEFT OF ROAD,3,783817,Not at intersection,3,60,Arterial Other,BLACKBURN,WHITEHORSE,-37.844173,145.15477,2023,3,March,1,Late Night,Weekend
T20230005767,2023-03-04,18:30:00,1,Collision with vehicle,6,Saturday,132,RIGHT REAR.,1,45403,T intersection,3,60,Arterial Other,PASCOE VALE,MOONEE VALLEY,-37.745853,144.92612,2023,3,March,18,Afternoon Peak,Weekend
T20230005213,2023-03-04,13:30:00,4,Collision with a fixed object,6,Saturday,181,OFF RIGHT BEND INTO OBJECT/PARKED VEHICLE,1,759023,Not at intersection,2,40,Local Road,FLANAGANS,MOORABOOL,-37.682426,144.48357,2023,3,March,13,Midday,Weekend
T20230005188,2023-03-04,09:45:00,1,Collision with vehicle,6,Saturday,121,RIGHT THROUGH,1,227538,Cross intersection,3,60,Arterial Highway,PLENTY,BANYULE,-37.688423,145.06656,2023,3,March,9,Morning Peak,Weekend
T20230005240,2023-03-04,17:32:00,1,Collision with vehicle,6,Saturday,113,RIGHT NEAR (INTERSECTIONS ONLY),2,689996,Cross intersection,3,80,Arterial Highway,SOUTH GIPPSLAND OUT-SOUTH GIPPSLAND,CASEY,-38.037624,145.2488,2023,3,March,17,Afternoon Peak,Weekend
T20230005174,2023-03-04,02:45:00,2,Struck Pedestrian,6,Saturday,100,PED NEAR SIDE. PED HIT BY VEHICLE FROM THE RIGHT.,3,775820,Not at intersection,2,60,Arterial Other,FURLONG,BRIMBANK,-37.76073,144.81514,2023,3,March,2,Late Night,Weekend
T20230005419,2023-03-04,11:00:00,1,Collision with vehicle,6,Saturday,130,REAR END(VEHICLES IN SAME LANE),1,759353,Not at intersection,3,60,Local Road,SHAWS,WYNDHAM,-37.888973,144.65224,2023,3,March,11,Midday,Weekend
T20230007339,2023-03-05,15:00:00,1,Collision with vehicle,7,Sunday,116,LEFT NEAR (INTERSECTIONS ONLY),1,64035,T intersection,3,60,Arterial Other,MARIBYRNONG ROAD -RALEIGH,MOONEE VALLEY,-37.770153,144.90192,2023,3,March,15,Afternoon Peak,Weekend