ACCIDENT_NO,ACCIDENT_DATE,ACCIDENT_TIME,ACCIDENT_TYPE,ACCIDENT_TYPE_DESC,DAY_OF_WEEK,DAY_WEEK_DESC,DCA_CODE,DCA_DESC,LIGHT_CONDITION,NODE_ID,ROAD_GEOMETRY_DESC,SEVERITY,SPEED_ZONE,RMA,ROAD_NAME,LGA_NAME,LATITUDE,LONGITUDE,YEAR,MONTH,MONTH_NAME,HOUR,TIME_PERIOD,DAY_TYPE
T20230007887,2023-03-05,05:45:00,5,collision with some other object,7,Sunday,166,STRUCK OBJECT ON CARRIAGEWAY,2,767144,Not at intersection,3,100,Local Road,CARLYLE,INDIGO,-36.024647,146.4461,2023,3,March,5,Morning Peak,Weekend
T20230005299,2023-03-05,01:30:00,4,Collision with a fixed object,7,Sunday,171,LEFT OFF CARRIAGEWAY INTO OBJECT/PARKED VEHICLE,3,232994,T intersection,3,60,Arterial Other,BEACH,KINGSTON,-37.99212,145.06572,2023,3,March,1,Late Night,Weekend
T20230007106,2023-03-05,14:00:00,1,Collision with vehicle,7,Sunday,130,REAR END(VEHICLES IN SAME LANE),1,780551,Not at intersection,3,60,Arterial Other,MELVILLE,MORELAND,-37.757523,144.9451,2023,3,March,14,Midday,Weekend
T20230010814,2023-03-05,13:00:00,1,Collision with vehicle,7,Sunday,135,LANE CHANGE LEFT (NOT OVERTAKING),1,783735,Not at intersection,3,60,Arterial Highway,WYNDHAM,SHEPPARTON,-36.385426,145.39845,2023,3,March,13,Midday,Weekend
T20230010362,2023-03-05,06:00:00,4,Collision with a fixed object,7,Sunday,181,OFF RIGHT BEND INTO OBJECT/PARKED VEHICLE,2,783733,Not at intersection,3,60,Arterial Other,BENAMBRA,EAST GIPPSLAND,-37.0653,147.60765,2023,3,March,6,Morning Peak,Weekend
T20230005303,2023-03-05,17:24:00,4,Collision with a fixed object,7,Sunday,173,RIGHT OFF CARRIAGEWAY INTO OBJECT/PARKED VEHICLE,1,772344,Not at intersection,1,100,Local Road,KATANDRA MAIN,SHEPPARTON,-36.237587,145.61095,2023,3,March,17,Afternoon Peak,Weekend
T20230005300,2023-03-05,16:23:00,1,Collision with vehicle,7,Sunday,130,REAR END(VEHICLES IN SAME LANE),1,780341,Not at intersection,3,100,Freeway,PENINSULA LINK,MORNINGTON PENINSULA,-38.199757,145.14272,2023,3,March,16,Afternoon Peak,Weekend
T20230005270,2023-03-05,07:25:00,1,Collision with vehicle,7,Sunday,122,LEFT THROUGH,1,278453,Cross intersection,3,40,Local Road,HARBOUR,MELBOURNE,-37.821014,144.94743,2023,3,March,7,Morning Peak,Weekend
T20230005272,2023-03-05,08:40:00,4,Collision with a fixed object,7,Sunday,183,OFF LEFT BEND INTO OBJECT/PARKED VEHICLE,1,774416,Not at intersection,2,80,Arterial Other,BEACONSFIELD-EMERALD,CARDINIA,-37.965862,145.4643,2023,3,March,8,Morning Peak,Weekend
T20230005274,2023-03-05,08:50:00,1,Collision with vehicle,7,Sunday,160,VEHICLE COLLIDES WITH VEHICLE PARKED ON LEFT OF ROAD,1,780339,Not at intersection,3,50,Local Road,PROSPECT HILL,BOROONDARA,-37.82923,145.06631,2023,3,March,8,Morning Peak,Weekend
T20230005275,2023-03-05,09:53:00,1,Collision with vehicle,7,Sunday,135,LANE CHANGE LEFT (NOT OVERTAKING),1,267637,Not at intersection,2,60,Arterial Other,BEACH,BAYSIDE,-37.98299,145.02206,2023,3,March,9,Morning Peak,Weekend
T20230005279,2023-03-05,11:57:00,1,Collision with vehicle,7,Sunday,121,RIGHT THROUGH,1,781738,Not at intersection,3,60,Arterial Other,RINGWOOD-WARRANDYTE,MANNINGHAM,-37.736874,145.22372,2023,3,March,11,Midday,Weekend
T20230005283,2023-03-05,11:30:00,1,Collision with vehicle,7,Sunday,130,REAR END(VEHICLES IN SAME LANE),1,758695,Not at intersection,2,80,Arterial Other,WOODS POINT,YARRA RANGES,-37.67508,145.85858,2023,3,March,11,Midday,Weekend
T20230005284,2023-03-05,13:40:00,2,Struck Pedestrian,7,Sunday,102,FAR SIDE. PED HIT BY VEHICLE FROM THE LEFT,1,774092,Not at intersection,2,50,Local Road,CARINISH,MONASH,-37.92494,145.1214,2023,3,March,13,Midday,Weekend
T20230005285,2023-03-05,08:49:00,4,Collision with a fixed object,7,Sunday,173,RIGHT OFF CARRIAGEWAY INTO OBJECT/PARKED VEHICLE,1,764473,Not at intersection,2,100,Arterial Other,MILLEWA,MILDURA,-34.40784,141.45679,2023,3,March,8,Morning Peak,Weekend
T20230005286,2023-03-05,12:20:00,1,Collision with vehicle,7,Sunday,121,RIGHT THROUGH,1,47415,T intersection,2,100,Freeway,CALDER,BRIMBANK,-37.671326,144.76393,2023,3,March,12,Midday,Weekend
T20230005287,2023-03-05,12:45:00,1,Collision with vehicle,7,Sunday,110,CROSS TRAFFIC(INTERSECTIONS ONLY),1,36194,Cross intersection,2,50,Local Road,CAPEL,MELBOURNE,-37.805786,144.95515,2023,3,March,12,Midday,Weekend
T20230005296,2023-03-05,14:30:00,3,Struck animal,7,Sunday,167,STRUCK ANIMAL,1,762724,Not at intersection,3,100,Arterial Other,GRAMPIANS,SOUTHERN GRAMPIANS,-37.626637,142.33768,2023,3,March,14,Midday,Weekend
T20230005298,2023-03-05,15:05:00,6,Vehicle overturned (no collision),7,Sunday,170,OFF CARRIAGEWAY TO LEFT,1,759924,Not at intersection,3,40,Local Road,SALAMAUA,MITCHELL,-36.991314,145.03679,2023,3,March,15,Afternoon Peak,Weekend
T20230006222,2023-03-05,11:45:00,1,Collision with vehicle,7,Sunday,130,REAR END(VEHICLES IN SAME LANE),1,773782,Not at intersection,3,80,Arterial Highway,MAROONDAH,YARRA RANGES,-37.683674,145.4273,2023,3,March,11,Midday,Weekend
T20230006193,2023-03-05,19:10:00,8,No collision and no object struck,7,Sunday,174,OUT OF CONTROL ON CARRIAGEWAY (ON STRAIGHT),2,250680,Cross intersection,2,40,Local Road,ARGYLE,YARRA,-37.79816,144.9844,2023,3,March,19,Night,Weekend
T20230007581,2023-03-05,14:03:00,1,Collision with vehicle,7,Sunday,110,CROSS TRAFFIC(INTERSECTIONS ONLY),1,52527,Cross intersection,3,60,Local Road,SIXTEENTH,MILDURA,-34.211197,142.12094,2023,3,March,14,Midday,Weekend
T20230011592,2023-03-05,19:00:00,1,Collision with vehicle,7,Sunday,130,REAR END(VEHICLES IN SAME LANE),2,50469,T intersection,3,60,Arterial Highway,PRINCES,GEELONG,-38.202442,144.30634,2023,3,March,19,Night,Weekend
T20230005304,2023-03-05,15:42:00,1,Collision with vehicle,7,Sunday,120,HEAD ON (NOT OVERTAKING),1,762256,Not at intersection,2,80,Arterial Highway,GLENELG,GOLDEN PLAINS,-37.660435,143.65971,2023,3,March,15,Afternoon Peak,Weekend
T20230005319,2023-03-05,18:20:00,6,Vehicle overturned (no collision),7,Sunday,174,OUT OF CONTROL ON CARRIAGEWAY (ON STRAIGHT),1,758920,Not at intersection,3,100,Arterial Highway,MIDLAND,MOORABOOL,-37.76812,144.01807,2023,3,March,18,Afternoon Peak,Weekend
T20230005322,2023-03-05,15:45:00,4,Collision with a fixed object,7,Sunday,173,RIGHT OFF CARRIAGEWAY INTO OBJECT/PARKED VEHICLE,1,781584,Not at intersection,3,80,Local Road,HALL,FRANKSTON,-38.10471,145.21509,2023,3,March,15,Afternoon Peak,Weekend
T20230005330,2023-03-05,21:00:00,6,Vehicle overturned (no collision),7,Sunday,172,OFF CARRIAGEWAY TO RIGHT,2,780289,Not at intersection,3,100,Freeway,PENINSULA LINK,FRANKSTON,-38.112167,145.16351,2023,3,March,21,Night,Weekend
T20230005326,2023-03-06,06:55:00,1,Collision with vehicle,1,Monday,110,CROSS TRAFFIC(INTERSECTIONS ONLY),2,49597,Cross intersection,2,100,Arterial Highway,MIDLAND,GOLDEN PLAINS,-37.943157,144.12587,2023,3,March,6,Morning Peak,Weekday
T20230005386,2023-03-06,15:37:00,1,Collision with vehicle,1,Monday,152,PULLING OUT (OVERTAKING),1,41235,T intersection,2,60,Local Road,KOOYONG,GLEN EIRA,-37.891632,145.01392,2023,3,March,15,Afternoon Peak,Weekday
T20230005380,2023-03-06,17:40:00,1,Collision with vehicle,1,Monday,111,RIGHT FAR (INTERSECTIONS ONLY),2,52860,Cross intersection,3,60,Arterial Other,STURT,BALLARAT,-37.559677,143.83904,2023,3,March,17,Afternoon Peak,Weekday
T20230005334,2023-03-06,08:30:00,1,Collision with vehicle,1,Monday,130,REAR END(VEHICLES IN SAME LANE),1,778211,Not at intersection,3,100,Freeway,EASTERN,BOROONDARA,-37.791115,145.04929,2023,3,March,8,Morning Peak,Weekday
T20230008715,2023-03-06,16:40:00,1,Collision with vehicle,1,Monday,130,REAR END(VEHICLES IN SAME LANE),1,769442,Not at intersection,3,100,Freeway,WESTERN RING OUT-PASCOE VALE,HUME,-37.698605,144.89662,2023,3,March,16,Afternoon Peak,Weekday
T20230005335,2023-03-06,10:50:00,1,Collision with vehicle,1,Monday,130,REAR END(VEHICLES IN SAME LANE),1,128370,Not at intersection,2,60,Arterial Other,ALEXANDRA,STONNINGTON,-37.831814,144.98901,2023,3,March,10,Midday,Weekday
T20230005336,2023-03-06,10:42:00,4,Collision with a fixed object,1,Monday,173,RIGHT OFF CARRIAGEWAY INTO OBJECT/PARKED VEHICLE,1,788036,Not at intersection,2,70,Arterial Other,EAST BOUNDARY,GLEN EIRA,-37.921337,145.05894,2023,3,March,10,Midday,Weekday
T20230005337,2023-03-06,11:00:00,8,No collision and no object struck,1,Monday,172,OFF CARRIAGEWAY TO RIGHT,1,759343,Not at intersection,2,100,Freeway,PRINCES,WYNDHAM,-37.972324,144.55183,2023,3,March,11,Midday,Weekday
T20230005408,2023-03-06,15:50:00,1,Collision with vehicle,1,Monday,121,RIGHT THROUGH,1,778197,Not at intersection,3,60,Arterial Other,FURLONG,BRIMBANK,-37.76079,144.81564,2023,3,March,15,Afternoon Peak,Weekday
T20230007004,2023-03-06,07:20:00,1,Collision with vehicle,1,Monday,160,VEHICLE COLLIDES WITH VEHICLE PARKED ON LEFT OF ROAD,1,762944,Not at intersection,3,50,Local Road,PROGRESS,NILLUMBIK,-37.70073,145.13557,2023,3,March,7,Morning Peak,Weekday
T20230005339,2023-03-06,11:45:00,1,Collision with vehicle,1,Monday,163,VEHICLE STRIKES DOOR OF PARKED/STATIONARY VEHICLE,1,759344,Cross intersection,3,40,Arterial Other,CLARENDON,PORT PHILLIP,-37.830162,144.95926,2023,3,March,11,Midday,Weekday
T20230005957,2023-03-06,12:30:00,1,Collision with vehicle,1,Monday,131,LEFT REAR,1,48073,T intersection,3,40,Local Road,ESPLANADE,HOBSONS BAY,-37.870556,144.82855,2023,3,March,12,Midday,Weekday
T20230005350,2023-03-06,13:40:00,1,Collision with vehicle,1,Monday,130,REAR END(VEHICLES IN SAME LANE),1,700066,Cross intersection,3,60,Arterial Highway,HIGH,MITCHELL,-37.41317,144.97939,2023,3,March,13,Midday,Weekday
T20230005390,2023-03-06,16:06:00,1,Collision with vehicle,1,Monday,148,VEHICLE OFF FOOTPATH STRIKES VEH ON CARRIAGEWAY,1,764582,Not at intersection,2,40,Local Road,NICHOLSON,MARIBYRNONG,-37.801617,144.89925,2023,3,March,16,Afternoon Peak,Weekday
T20230005388,2023-03-06,15:00:00,1,Collision with vehicle,1,Monday,113,RIGHT NEAR (INTERSECTIONS ONLY),1,341716,T intersection,3,60,Arterial Other,BAKEWELL,CASEY,-38.111507,145.29019,2023,3,March,15,Afternoon Peak,Weekday
T20230005385,2023-03-06,15:16:00,1,Collision with vehicle,1,Monday,111,RIGHT FAR (INTERSECTIONS ONLY),1,69828,T intersection,2,70,Arterial Other,SOUTH,GLEN EIRA,-37.936745,145.06459,2023,3,March,15,Afternoon Peak,Weekday
T20230005341,2023-03-06,13:00:00,1,Collision with vehicle,1,Monday,134,LANE CHANGE RIGHT (NOT OVERTAKING),1,756136,Cross intersection,3,80,Arterial Highway,FERNTREE GULLY,KNOX,-37.899048,145.23318,2023,3,March,13,Midday,Weekday
T20230006732,2023-03-06,17:30:00,1,Collision with vehicle,1,Monday,111,RIGHT FAR (INTERSECTIONS ONLY),2,260158,Cross intersection,3,60,Arterial Other,COBURNS,MELTON,-37.686344,144.5678,2023,3,March,17,Afternoon Peak,Weekday
T20230006066,2023-03-06,07:30:00,1,Collision with vehicle,1,Monday,152,PULLING OUT (OVERTAKING),2,766655,Not at intersection,3,60,Arterial Other,KILMORE,MACEDON RANGES,-37.473316,144.64331,2023,3,March,7,Morning Peak,Weekday
T20230005344,2023-03-06,09:10:00,1,Collision with vehicle,1,Monday,137,LEFT TURN SIDESWIPE,1,781778,Not at intersection,3,60,Arterial Highway,ALEXANDRA,YARRA,-37.794376,144.98807,2023,3,March,9,Morning Peak,Weekday
T20230005438,2023-03-06,13:48:00,1,Collision with vehicle,1,Monday,130,REAR END(VEHICLES IN SAME LANE),1,776935,T intersection,3,80,Arterial Highway,SOUTH GIPPSLAND,DANDENONG,-38.02999,145.24393,2023,3,March,13,Midday,Weekday
T20230005372,2023-03-06,14:30:00,1,Collision with vehicle,1,Monday,113,RIGHT NEAR (INTERSECTIONS ONLY),1,43268,T intersection,3,60,Local Road,ABBOTTS,DANDENONG,-38.033787,145.229,2023,3,March,14,Midday,Weekday
T20230005348,2023-03-06,06:56:00,8,No collision and no object struck,1,Monday,184,OUT OF CONTROL ON CARRIAGEWAY (ON BEND),1,669606,Multiple intersection,2,60,Freeway,WESTFIELD,BRIMBANK,-37.71679,144.8772,2023,3,March,6,Morning Peak,Weekday
T20230006947,2023-03-06,17:53:00,1,Collision with vehicle,1,Monday,130,REAR END(VEHICLES IN SAME LANE),2,331898,T intersection,3,50,Local Road,DOHERTYS,WYNDHAM,-37.82179,144.7108,2023,3,March,17,Afternoon Peak,Weekday
T20230005377,2023-03-06,16:33:00,1,Collision with vehicle,1,Monday,113,RIGHT NEAR (INTERSECTIONS ONLY),1,355606,Cross intersection,3,80,Arterial Highway,MANGANS,YARRA RANGES,-37.75067,145.37169,2023,3,March,16,Afternoon Peak,Weekday
T20230005366,2023-03-06,14:16:00,1,Collision with vehicle,1,Monday,130,REAR END(VEHICLES IN SAME LANE),1,760234,Not at intersection,3,100,Arterial Highway,SOUTH GIPPSLAND,CARDINIA,-38.281578,145.54672,2023,3,March,14,Midday,Weekday
T20230005635,2023-03-06,21:00:00,1,Collision with vehicle,1,Monday,110,CROSS TRAFFIC(INTERSECTIONS ONLY),2,52938,Cross intersection,3,40,Arterial Other,BALLARAT-CARNGHAM ROAD -LA TROBE,BALLARAT,-37.569836,143.81046,2023,3,March,21,Night,Weekday
T20230005418,2023-03-06,17:12:00,1,Collision with vehicle,1,Monday,113,RIGHT NEAR (INTERSECTIONS ONLY),1,44497,T intersection,2,70,Arterial Highway,BELLARINE,GEELONG,-38.17476,144.40692,2023,3,March,17,Afternoon Peak,Weekday
T20230005321,2023-03-06,07:57:00,1,Collision with vehicle,1,Monday,130,REAR END(VEHICLES IN SAME LANE),1,778196,Not at intersection,3,70,Arterial Other,YAN YEAN,NILLUMBIK,-37.675552,145.12584,2023,3,March,7,Morning Peak,Weekday
T20230005411,2023-03-06,20:00:00,6,Vehicle overturned (no collision),1,Monday,174,OUT OF CONTROL ON CARRIAGEWAY (ON STRAIGHT),3,760700,Not at intersection,2,60,Local Road,BELLARA,MAROONDAH,-37.771797,145.29852,2023,3,March,20,Night,Weekday
T20230005324,2023-03-06,07:50:00,1,Collision with vehicle,1,Monday,147,VEHICLE STRIKES ANOTHER VEH WHILE EMERGING FROM DRIVEWAY,1,759341,Not at intersection,3,50,Local Road,WADDELL,MOORABOOL,-37.677734,144.43658,2023,3,March,7,Morning Peak,Weekday
T20230005383,2023-03-06,13:40:00,1,Collision with vehicle,1,Monday,110,CROSS TRAFFIC(INTERSECTIONS ONLY),1,29643,Cross intersection,3,60,Arterial Other,BOORAN ROAD -GLEN EIRA,GLEN EIRA,-37.881428,145.03459,2023,3,March,13,Midday,Weekday
T20230006171,2023-03-06,15:00:00,2,Struck Pedestrian,1,Monday,102,FAR SIDE. PED HIT BY VEHICLE FROM THE LEFT,1,44665,Cross intersection,2,50,Arterial Highway,BARKER,MOUNT ALEXANDER,-37.065628,144.2168,2023,3,March,15,Afternoon Peak,Weekday
T20230005360,2023-03-06,13:50:00,1,Collision with vehicle,1,Monday,121,RIGHT THROUGH,1,54820,T intersection,3,60,Arterial Other,LEWIN,BRIMBANK,-37.76416,144.75815,2023,3,March,13,Midday,Weekday
T20230005382,2023-03-06,16:15:00,1,Collision with vehicle,1,Monday,110,CROSS TRAFFIC(INTERSECTIONS ONLY),1,63111,Cross intersection,3,50,Local Road,NOGA,MOONEE VALLEY,-37.742577,144.87277,2023,3,March,16,Afternoon Peak,Weekday
T20230005945,2023-03-06,16:15:00,1,Collision with vehicle,1,Monday,130,REAR END(VEHICLES IN SAME LANE),1,133986,T intersection,3,80,Arterial Highway,NEPEAN,KINGSTON,-37.97673,145.06668,2023,3,March,16,Afternoon Peak,Weekday
T20230006903,2023-03-06,11:00:00,1,Collision with vehicle,1,Monday,130,REAR END(VEHICLES IN SAME LANE),1,775963,Not at intersection,3,50,Arterial Other,HEATHERTON,CASEY,-37.97517,145.25954,2023,3,March,11,Midday,Weekday
T20230005561,2023-03-06,15:30:00,8,No collision and no object struck,1,Monday,174,OUT OF CONTROL ON CARRIAGEWAY (ON STRAIGHT),1,764922,Not at intersection,3,100,Local Road,GLENMORE,EAST GIPPSLAND,-37.223293,148.25186,2023,3,March,15,Afternoon Peak,Weekday
T20230005397,2023-03-06,14:27:00,2,Struck Pedestrian,1,Monday,106,VEH STRIKES PED ON FOOTPATH/MEDIAN/TRAFFIC ISLAND.,1,65690,Not at intersection,3,40,Arterial Other,DUDLEY,MELBOURNE,-37.809414,144.95187,2023,3,March,14,Midday,Weekday
T20230005402,2023-03-06,20:30:00,1,Collision with vehicle,1,Monday,121,RIGHT THROUGH,3,759604,Cross intersection,3,50,Local Road,DEVONSHIRE,BRIMBANK,-37.78647,144.84586,2023,3,March,20,Night,Weekday
T20230005369,2023-03-06,10:40:00,1,Collision with vehicle,1,Monday,130,REAR END(VEHICLES IN SAME LANE),1,788037,Not at intersection,3,80,Freeway,SOUTH GIPPSLAND-SOUTH GIPPSLAND IN,DANDENONG,-38.03597,145.246,2023,3,March,10,Midday,Weekday
T20230005356,2023-03-06,10:15:00,1,Collision with vehicle,1,Monday,130,REAR END(VEHICLES IN SAME LANE),1,780345,Not at intersection,3,80,Freeway,PRINCES,HOBSONS BAY,-37.84195,144.79118,2023,3,March,10,Midday,Weekday
T20230005392,2023-03-06,17:15:00,1,Collision with vehicle,1,Monday,130,REAR END(VEHICLES IN SAME LANE),1,760026,Not at intersection,3,90,Arterial Other,THOMPSONS,DANDENONG,-38.076077,145.22589,2023,3,March,17,Afternoon Peak,Weekday
T20230008330,2023-03-06,20:30:00,1,Collision with vehicle,1,Monday,121,RIGHT THROUGH,2,686287,Not at intersection,3,80,Arterial Other,DAMON,CARDINIA,-38.06519,145.43678,2023,3,March,20,Night,Weekday
T20230005394,2023-03-06,18:10:00,1,Collision with vehicle,1,Monday,130,REAR END(VEHICLES IN SAME LANE),1,777353,Cross intersection,3,80,Local Road,POWER,CASEY,-38.001568,145.23483,2023,3,March,18,Afternoon Peak,Weekday
T20230005427,2023-03-06,15:50:00,1,Collision with vehicle,1,Monday,130,REAR END(VEHICLES IN SAME LANE),1,49048,Cross intersection,3,60,Arterial Highway,SUTHERLAND,GOLDEN PLAINS,-37.840443,144.07236,2023,3,March,15,Afternoon Peak,Weekday
T20230007109,2023-03-06,14:30:00,1,Collision with vehicle,1,Monday,130,REAR END(VEHICLES IN SAME LANE),9,780379,Not at intersection,3,80,Freeway,WEST GATE,HOBSONS BAY,-37.825714,144.83525,2023,3,March,14,Midday,Weekday
T20230006269,2023-03-06,22:30:00,7,Fall from or in moving vehicle,1,Monday,184,OUT OF CONTROL ON CARRIAGEWAY (ON BEND),6,35847,T intersection,3,50,Local Road,INGLES,MELBOURNE,-37.823788,144.9349,2023,3,March,22,Night,Weekday
T20230005807,2023-03-07,05:20:00,1,Collision with vehicle,2,Tuesday,111,RIGHT FAR (INTERSECTIONS ONLY),2,760034,Cross intersection,3,40,Arterial Other,MURRAY,DAREBIN,-37.737545,144.99974,2023,3,March,5,Morning Peak,Weekday
T20230005471,2023-03-07,15:05:00,1,Collision with vehicle,2,Tuesday,130,REAR END(VEHICLES IN SAME LANE),1,759357,Not at intersection,3,40,Local Road,PLEASANT,BALLARAT,-37.564327,143.8382,2023,3,March,15,Afternoon Peak,Weekday
T20230005508,2023-03-07,20:10:00,1,Collision with vehicle,2,Tuesday,136,RIGHT TURN SIDESWIPE,3,36566,T intersection,2,50,Local Road,SMITH,YARRA,-37.80175,144.9838,2023,3,March,20,Night,Weekday
T20230005473,2023-03-07,15:55:00,2,Struck Pedestrian,2,Tuesday,102,FAR SIDE. PED HIT BY VEHICLE FROM THE LEFT,1,767114,Not at intersection,3,50,Local Road,CLOW,DANDENONG,-37.98514,145.21666,2023,3,March,15,Afternoon Peak,Weekday
T20230005493,2023-03-07,16:48:00,1,Collision with vehicle,2,Tuesday,121,RIGHT THROUGH,1,70662,Cross intersection,3,80,Arterial Highway,LOWER DANDENONG,KINGSTON,-37.987457,145.11794,2023,3,March,16,Afternoon Peak,Weekday
T20230005481,2023-03-07,12:30:00,4,Collision with a fixed object,2,Tuesday,181,OFF RIGHT BEND INTO OBJECT/PARKED VEHICLE,1,764206,Not at intersection,2,100,Arterial Other,BONANG,EAST GIPPSLAND,-37.139034,148.73404,2023,3,March,12,Midday,Weekday
T20230005494,2023-03-07,16:44:00,1,Collision with vehicle,2,Tuesday,110,CROSS TRAFFIC(INTERSECTIONS ONLY),1,57663,Cross intersection,2,60,Arterial Other,SOUTH VALLEY,GEELONG,-38.185215,144.31609,2023,3,March,16,Afternoon Peak,Weekday
T20230005507,2023-03-07,20:07:00,8,No collision and no object struck,2,Tuesday,174,OUT OF CONTROL ON CARRIAGEWAY (ON STRAIGHT),3,35366,Cross intersection,2,40,Local Road,FLINDERS,MELBOURNE,-37.815758,144.96945,2023,3,March,20,Night,Weekday
T20230005454,2023-03-07,10:16:00,1,Collision with vehicle,2,Tuesday,113,RIGHT NEAR (INTERSECTIONS ONLY),1,39267,T intersection,3,60,Arterial Other,ELGAR,WHITEHORSE,-37.811558,145.116,2023,3,March,10,Midday,Weekday
T20230005497,2023-03-07,17:50:00,1,Collision with vehicle,2,Tuesday,121,RIGHT THROUGH,1,760027,Cross intersection,3,80,Arterial Other,GREENS,DANDENONG,-38.012527,145.19615,2023,3,March,17,Afternoon Peak,Weekday
T20230015105,2023-03-07,10:00:00,6,Vehicle overturned (no collision),2,Tuesday,174,OUT OF CONTROL ON CARRIAGEWAY (ON STRAIGHT),1,792636,Not at intersection,2,60,Arterial Other,KEILOR,MOONEE VALLEY,-37.73925,144.89728,2023,3,March,10,Midday,Weekday
T20230007330,2023-03-07,17:30:00,1,Collision with vehicle,2,Tuesday,121,RIGHT THROUGH,1,773784,Not at intersection,3,80,Local Road,OLD HEALESVILLE,YARRA RANGES,-37.643833,145.41089,2023,3,March,17,Afternoon Peak,Weekday
T20230005474,2023-03-07,15:40:00,2,Struck Pedestrian,2,Tuesday,105,PED WALKING AGAINST TRAFFIC.,1,773200,T intersection,3,50,Local Road,SATELBERG,LATROBE,-38.23883,146.41968,2023,3,March,15,Afternoon Peak,Weekday
T20230005436,2023-03-07,07:44:00,4,Collision with a fixed object,2,Tuesday,181,OFF RIGHT BEND INTO OBJECT/PARKED VEHICLE,2,763598,Not at intersection,2,60,Local Road,CENTRE,CASEY,-38.02463,145.294,2023,3,March,7,Morning Peak,Weekday
T20230005638,2023-03-07,19:45:00,1,Collision with vehicle,2,Tuesday,113,RIGHT NEAR (INTERSECTIONS ONLY),2,326209,T intersection,3,80,Arterial Other,CRANBOURNE-NARRE WARREN,CASEY,-38.053555,145.30138,2023,3,March,19,Night,Weekday
T20230005441,2023-03-07,10:55:00,1,Collision with vehicle,2,Tuesday,142,LEAVING PARKING,1,759212,Not at intersection,2,50,Local Road,CRAIG,HOBSONS BAY,-37.83245,144.89354,2023,3,March,10,Midday,Weekday
T20230005498,2023-03-07,16:50:00,1,Collision with vehicle,2,Tuesday,130,REAR END(VEHICLES IN SAME LANE),1,42205,Cross intersection,3,50,Arterial Other,BOUNDARY,MORELAND,-37.717667,144.94818,2023,3,March,16,Afternoon Peak,Weekday
T20230005433,2023-03-07,09:00:00,1,Collision with vehicle,2,Tuesday,116,LEFT NEAR (INTERSECTIONS ONLY),1,29908,Cross intersection,3,80,Arterial Other,PLENTY,WHITTLESEA,-37.637505,145.09555,2023,3,March,9,Morning Peak,Weekday
T20230005562,2023-03-07,11:50:00,1,Collision with vehicle,2,Tuesday,121,RIGHT THROUGH,1,652647,Cross intersection,3,60,Local Road,ORRONG,GLEN EIRA,-37.870735,145.00859,2023,3,March,11,Midday,Weekday
T20230005480,2023-03-07,09:25:00,1,Collision with vehicle,2,Tuesday,130,REAR END(VEHICLES IN SAME LANE),1,766900,Not at intersection,2,40,Arterial Highway,PRINCES,EAST GIPPSLAND,-37.889156,147.39014,2023,3,March,9,Morning Peak,Weekday
T20230005476,2023-03-07,16:31:00,1,Collision with vehicle,2,Tuesday,121,RIGHT THROUGH,1,45955,T intersection,3,60,Local Road,LINCOLN,MAROONDAH,-37.78923,145.30568,2023,3,March,16,Afternoon Peak,Weekday
T20230005580,2023-03-07,10:00:00,1,Collision with vehicle,2,Tuesday,131,LEFT REAR,1,759609,Cross intersection,3,80,Arterial Other,BACK BEACH,BASS COAST,-38.496696,145.23903,2023,3,March,10,Midday,Weekday
T20230005440,2023-03-07,09:51:00,1,Collision with vehicle,2,Tuesday,130,REAR END(VEHICLES IN SAME LANE),1,759355,Not at intersection,3,80,Freeway,WESTERN IN-WESTERN RING,BRIMBANK,-37.791634,144.78708,2023,3,March,9,Morning Peak,Weekday
T20230005456,2023-03-07,13:05:00,1,Collision with vehicle,2,Tuesday,114,TWO RIGHT TURNING (INTERSECTIONS ONLY),1,781703,Y intersection,3,60,Local Road,CORIO,SHEPPARTON,-36.38552,145.40253,2023,3,March,13,Midday,Weekday
T20230005509,2023-03-07,21:38:00,1,Collision with vehicle,2,Tuesday,110,CROSS TRAFFIC(INTERSECTIONS ONLY),2,39336,Cross intersection,3,60,Arterial Other,STATION,WHITEHORSE,-37.80177,145.12686,2023,3,March,21,Night,Weekday
T20230005585,2023-03-07,17:00:00,1,Collision with vehicle,2,Tuesday,130,REAR END(VEHICLES IN SAME LANE),1,35581,T intersection,3,60,Arterial Highway,BELL,MORELAND,-37.73951,144.94847,2023,3,March,17,Afternoon Peak,Weekday
T20230005457,2023-03-07,09:30:00,1,Collision with vehicle,2,Tuesday,121,RIGHT THROUGH,1,590746,T intersection,3,80,Arterial Highway,SOUTH GIPPSLAND,CASEY,-38.046204,145.25452,2023,3,March,9,Morning Peak,Weekday
T20230005510,2023-03-07,05:30:00,1,Collision with vehicle,2,Tuesday,147,VEHICLE STRIKES ANOTHER VEH WHILE EMERGING FROM DRIVEWAY,2,783819,Not at intersection,2,60,Arterial Highway,SOUTH GIPPSLAND,CASEY,-38.120495,145.28798,2023,3,March,5,Morning Peak,Weekday
T20230005463,2023-03-07,14:26:00,1,Collision with vehicle,2,Tuesday,120,HEAD ON (NOT OVERTAKING),1,772084,Not at intersection,2,100,Arterial Highway,PRINCES,CORANGAMITE,-38.2614,142.88101,2023,3,March,14,Midday,Weekday
T20230005449,2023-03-07,13:05:00,1,Collision with vehicle,2,Tuesday,113,RIGHT NEAR (INTERSECTIONS ONLY),1,39317,T intersection,3,60,Arterial Other,STATION,WHITEHORSE,-37.816113,145.1243,2023,3,March,13,Midday,Weekday