ACCIDENT_NO,ACCIDENT_DATE,ACCIDENT_TIME,ACCIDENT_TYPE,ACCIDENT_TYPE_DESC,DAY_OF_WEEK,DAY_WEEK_DESC,DCA_CODE,DCA_DESC,LIGHT_CONDITION,NODE_ID,ROAD_GEOMETRY_DESC,SEVERITY,SPEED_ZONE,RMA,ROAD_NAME,LGA_NAME,LATITUDE,LONGITUDE,YEAR,MONTH,MONTH_NAME,HOUR,TIME_PERIOD,DAY_TYPE
T20230005618,2023-03-07,20:20:00,1,Collision with vehicle,2,Tuesday,163,VEHICLE STRIKES DOOR OF PARKED/STATIONARY VEHICLE,2,139680,Not at intersection,3,40,Local Road,BOURKE,MELBOURNE,-37.811733,144.97177,2023,3,March,20,Night,Weekday
T20230005499,2023-03-07,18:55:00,1,Collision with vehicle,2,Tuesday,110,CROSS TRAFFIC(INTERSECTIONS ONLY),2,705458,Cross intersection,3,80,Arterial Other,COOPER,WHITTLESEA,-37.647446,144.98479,2023,3,March,18,Afternoon Peak,Weekday
T20230008491,2023-03-07,16:20:00,1,Collision with vehicle,2,Tuesday,130,REAR END(VEHICLES IN SAME LANE),1,767154,Cross intersection,3,60,Arterial Other,STATION,DAREBIN,-37.76543,145.0204,2023,3,March,16,Afternoon Peak,Weekday
T20230005934,2023-03-07,09:00:00,2,Struck Pedestrian,2,Tuesday,100,PED NEAR SIDE. PED HIT BY VEHICLE FROM THE RIGHT.,1,29860,T intersection,2,60,Arterial Other,HEATHERTON,DANDENONG,-37.966938,145.18954,2023,3,March,9,Morning Peak,Weekday
T20230005502,2023-03-07,16:15:00,6,Vehicle overturned (no collision),2,Tuesday,170,OFF CARRIAGEWAY TO LEFT,1,767582,Not at intersection,2,100,Arterial Other,LATROBE,LATROBE,-38.21967,146.39781,2023,3,March,16,Afternoon Peak,Weekday
T20230005531,2023-03-07,16:30:00,1,Collision with vehicle,2,Tuesday,110,CROSS TRAFFIC(INTERSECTIONS ONLY),1,358222,Cross intersection,3,100,Arterial Highway,SOUTH GIPPSLAND,CASEY,-38.03685,145.24771,2023,3,March,16,Afternoon Peak,Weekday
T20230006931,2023-03-07,14:15:00,1,Collision with vehicle,2,Tuesday,130,REAR END(VEHICLES IN SAME LANE),1,778187,Cross intersection,3,60,Arterial Highway,WARRIGAL,STONNINGTON,-37.89283,145.08826,2023,3,March,14,Midday,Weekday
T20230005662,2023-03-07,14:30:00,1,Collision with vehicle,2,Tuesday,112,LEFT FAR (INTERSECTIONS ONLY),1,781562,T intersection,3,60,Arterial Other,BURKE,BOROONDARA,-37.81979,145.0589,2023,3,March,14,Midday,Weekday
T20230005539,2023-03-07,09:30:00,1,Collision with vehicle,2,Tuesday,113,RIGHT NEAR (INTERSECTIONS ONLY),1,783836,T intersection,2,80,Arterial Highway,WELLINGTON,MONASH,-37.91672,145.14299,2023,3,March,9,Morning Peak,Weekday
T20230005453,2023-03-07,09:00:00,1,Collision with vehicle,2,Tuesday,111,RIGHT FAR (INTERSECTIONS ONLY),1,29645,Cross intersection,3,40,Arterial Other,NORMANBY ROAD -SMITH,GLEN EIRA,-37.87566,145.0396,2023,3,March,9,Morning Peak,Weekday
T20230006059,2023-03-07,23:30:00,1,Collision with vehicle,2,Tuesday,171,LEFT OFF CARRIAGEWAY INTO OBJECT/PARKED VEHICLE,3,763603,Not at intersection,3,50,Local Road,HILTON,MORELAND,-37.702175,144.9407,2023,3,March,23,Night,Weekday
T20230005423,2023-03-07,06:15:00,1,Collision with vehicle,2,Tuesday,134,LANE CHANGE RIGHT (NOT OVERTAKING),2,783825,Not at intersection,2,100,Freeway,GEELONG RING,GEELONG,-38.06628,144.33745,2023,3,March,6,Morning Peak,Weekday
T20230021936,2023-03-07,12:00:00,1,Collision with vehicle,2,Tuesday,111,RIGHT FAR (INTERSECTIONS ONLY),1,781426,T intersection,3,50,Local Road,KORUMBURRA,BASS COAST,-38.602646,145.59207,2023,3,March,12,Midday,Weekday
T20230005489,2023-03-07,18:15:00,8,No collision and no object struck,2,Tuesday,174,OUT OF CONTROL ON CARRIAGEWAY (ON STRAIGHT),1,37079,T intersection,2,70,Arterial Highway,GREENSBOROUGH,BANYULE,-37.71447,145.0828,2023,3,March,18,Afternoon Peak,Weekday
T20230005488,2023-03-07,13:25:00,1,Collision with vehicle,2,Tuesday,160,VEHICLE COLLIDES WITH VEHICLE PARKED ON LEFT OF ROAD,1,778204,Not at intersection,2,40,Local Road,CHAPEL,STONNINGTON,-37.851044,144.99348,2023,3,March,13,Midday,Weekday
T20230005430,2023-03-07,08:45:00,4,Collision with a fixed object,2,Tuesday,193,STRUCK RAILWAY CROSSING FURNITURE,2,781507,Not at intersection,3,60,Arterial Other,MOLLISON,MACEDON RANGES,-37.258904,144.45145,2023,3,March,8,Morning Peak,Weekday
T20230005503,2023-03-07,15:43:00,1,Collision with vehicle,2,Tuesday,130,REAR END(VEHICLES IN SAME LANE),1,775224,Cross intersection,2,60,Arterial Other,LANCASTER-MOOROOPNA,SHEPPARTON,-36.313683,145.20473,2023,3,March,15,Afternoon Peak,Weekday
T20230011403,2023-03-07,12:30:00,1,Collision with vehicle,2,Tuesday,140,U TURN,1,228997,Cross intersection,3,70,Arterial Highway,ST GEORGES,DAREBIN,-37.76436,144.99243,2023,3,March,12,Midday,Weekday
T20230005491,2023-03-07,15:10:00,1,Collision with vehicle,2,Tuesday,121,RIGHT THROUGH,1,40317,T intersection,3,60,Arterial Other,TOORAK,STONNINGTON,-37.844307,145.03557,2023,3,March,15,Afternoon Peak,Weekday
T20230005461,2023-03-07,14:00:00,1,Collision with vehicle,2,Tuesday,129,OTHER OPPOSING MANOEUVRES NOT INCLUDED IN DCAs 120-125.,1,763356,Not at intersection,2,40,Local Road,MCLENNANS,HEPBURN,-37.31285,143.82597,2023,3,March,14,Midday,Weekday
T20230005587,2023-03-08,12:29:00,4,Collision with a fixed object,3,Wednesday,173,RIGHT OFF CARRIAGEWAY INTO OBJECT/PARKED VEHICLE,1,762492,Not at intersection,3,100,Local Road,KONAGADERRA,HUME,-37.509895,144.78476,2023,3,March,12,Midday,Weekday
T20230005640,2023-03-08,11:15:00,1,Collision with vehicle,3,Wednesday,130,REAR END(VEHICLES IN SAME LANE),1,773671,Cross intersection,2,70,Arterial Other,CANTERBURY,MAROONDAH,-37.832474,145.22743,2023,3,March,11,Midday,Weekday
T20230005584,2023-03-08,15:03:00,2,Struck Pedestrian,3,Wednesday,100,PED NEAR SIDE. PED HIT BY VEHICLE FROM THE RIGHT.,1,759475,Not at intersection,3,40,Arterial Other,MURRAY,DAREBIN,-37.7378,145.00229,2023,3,March,15,Afternoon Peak,Weekday
T20230005579,2023-03-08,13:02:00,4,Collision with a fixed object,3,Wednesday,181,OFF RIGHT BEND INTO OBJECT/PARKED VEHICLE,1,774073,Not at intersection,2,100,Arterial Other,MEENIYAN-PROMONTORY,SOUTH GIPPSLAND,-38.652046,146.01993,2023,3,March,13,Midday,Weekday
T20230005578,2023-03-08,14:20:00,4,Collision with a fixed object,3,Wednesday,171,LEFT OFF CARRIAGEWAY INTO OBJECT/PARKED VEHICLE,1,765268,Not at intersection,2,100,Local Road,WANGANDARY,WANGARATTA,-36.333042,146.26492,2023,3,March,14,Midday,Weekday
T20230005574,2023-03-08,11:45:00,1,Collision with vehicle,3,Wednesday,130,REAR END(VEHICLES IN SAME LANE),1,761790,Not at intersection,2,60,Arterial Highway,TORQUAY,GEELONG,-38.18263,144.34471,2023,3,March,11,Midday,Weekday
T20230005573,2023-03-08,13:15:00,1,Collision with vehicle,3,Wednesday,113,RIGHT NEAR (INTERSECTIONS ONLY),1,759828,T intersection,3,80,Arterial Other,NARRE WARREN NORTH,CASEY,-38.01684,145.30861,2023,3,March,13,Midday,Weekday
T20230005572,2023-03-08,12:07:00,1,Collision with vehicle,3,Wednesday,130,REAR END(VEHICLES IN SAME LANE),1,44138,Cross intersection,2,60,Arterial Highway,POINT NEPEAN,MORNINGTON PENINSULA,-38.367756,144.8593,2023,3,March,12,Midday,Weekday
T20230005571,2023-03-08,11:51:00,4,Collision with a fixed object,3,Wednesday,173,RIGHT OFF CARRIAGEWAY INTO OBJECT/PARKED VEHICLE,1,307512,T intersection,3,50,Arterial Highway,LINEHAM,CASEY,-38.1242,145.28938,2023,3,March,11,Midday,Weekday
T20230005568,2023-03-08,12:07:00,1,Collision with vehicle,3,Wednesday,160,VEHICLE COLLIDES WITH VEHICLE PARKED ON LEFT OF ROAD,1,780859,Not at intersection,3,60,Local Road,BRIDGEWATER,HUME,-37.60366,144.92915,2023,3,March,12,Midday,Weekday
T20230006187,2023-03-08,08:04:00,1,Collision with vehicle,3,Wednesday,130,REAR END(VEHICLES IN SAME LANE),1,780375,Not at intersection,3,60,Arterial Other,ORMOND,MOONEE VALLEY,-37.773083,144.93211,2023,3,March,8,Morning Peak,Weekday
T20230005566,2023-03-08,09:30:00,1,Collision with vehicle,3,Wednesday,160,VEHICLE COLLIDES WITH VEHICLE PARKED ON LEFT OF ROAD,1,759926,Not at intersection,3,50,Arterial Other,YARRA,YARRA,-37.830498,145.0265,2023,3,March,9,Morning Peak,Weekday
T20230005564,2023-03-08,06:43:00,1,Collision with vehicle,3,Wednesday,148,VEHICLE OFF FOOTPATH STRIKES VEH ON CARRIAGEWAY,2,714,Cross intersection,1,60,Arterial Other,WAVERLEY,MONASH,-37.884705,145.12735,2023,3,March,6,Morning Peak,Weekday
T20230006586,2023-03-08,21:00:00,1,Collision with vehicle,3,Wednesday,113,RIGHT NEAR (INTERSECTIONS ONLY),6,762020,T intersection,3,50,Local Road,AMALFI,CASEY,-37.975826,145.24185,2023,3,March,21,Night,Weekday
T20230005747,2023-03-08,17:20:00,1,Collision with vehicle,3,Wednesday,121,RIGHT THROUGH,2,780213,Cross intersection,3,70,Freeway,KEILOR PARK,BRIMBANK,-37.726357,144.8495,2023,3,March,17,Afternoon Peak,Weekday
T20230025129,2023-03-08,15:50:00,1,Collision with vehicle,3,Wednesday,110,CROSS TRAFFIC(INTERSECTIONS ONLY),1,42062,Cross intersection,3,50,Arterial Other,BAY,BAYSIDE,-37.95173,145.00401,2023,3,March,15,Afternoon Peak,Weekday
T20230005560,2023-03-08,09:24:00,2,Struck Pedestrian,3,Wednesday,102,FAR SIDE. PED HIT BY VEHICLE FROM THE LEFT,1,779284,Not at intersection,1,80,Arterial Highway,WELLINGTON,MONASH,-37.91472,145.1288,2023,3,March,9,Morning Peak,Weekday
T20230005602,2023-03-08,17:25:00,2,Struck Pedestrian,3,Wednesday,104,PED WALKING WITH TRAFFIC,2,763357,Not at intersection,3,40,Local Road,NINA,BRIMBANK,-37.78882,144.79811,2023,3,March,17,Afternoon Peak,Weekday
T20230005603,2023-03-08,18:38:00,7,Fall from or in moving vehicle,3,Wednesday,190,FELL IN/FROM VEHICLE,2,764084,Not at intersection,3,40,Arterial Other,BRIDGE,YARRA,-37.81954,145.00864,2023,3,March,18,Afternoon Peak,Weekday
T20230005604,2023-03-08,10:58:00,1,Collision with vehicle,3,Wednesday,137,LEFT TURN SIDESWIPE,1,684308,Not at intersection,3,40,Arterial Other,COMMERCIAL,MELBOURNE,-37.84541,144.98293,2023,3,March,10,Midday,Weekday
T20230006120,2023-03-08,16:15:00,6,Vehicle overturned (no collision),3,Wednesday,174,OUT OF CONTROL ON CARRIAGEWAY (ON STRAIGHT),1,760951,Not at intersection,3,100,Freeway,LONSDALE-MORNINGTON PENINSULA IN,MORNINGTON PENINSULA,-38.355114,144.9262,2023,3,March,16,Afternoon Peak,Weekday
T20230005664,2023-03-08,20:15:00,8,No collision and no object struck,3,Wednesday,180,OFF CARRIAGEWAY ON RIGHT BEND,2,780736,Cross intersection,3,50,Local Road,QUEEN,BENDIGO,-36.803608,144.22444,2023,3,March,20,Night,Weekday
T20230005606,2023-03-08,18:30:00,1,Collision with vehicle,3,Wednesday,116,LEFT NEAR (INTERSECTIONS ONLY),1,759610,Cross intersection,3,50,Local Road,SLOSS,HORSHAM,-36.719677,142.2037,2023,3,March,18,Afternoon Peak,Weekday
T20230005608,2023-03-08,14:59:00,1,Collision with vehicle,3,Wednesday,130,REAR END(VEHICLES IN SAME LANE),1,769774,Not at intersection,3,60,Arterial Other,LOWER PLENTY,BANYULE,-37.73917,145.07153,2023,3,March,14,Midday,Weekday
T20240005890,2023-03-08,06:30:00,3,Struck animal,3,Wednesday,167,STRUCK ANIMAL,2,799382,Not at intersection,3,80,Arterial Highway,MIDLAND,HEPBURN,-37.41484,143.93478,2023,3,March,6,Morning Peak,Weekday
T20230005609,2023-03-08,18:25:00,1,Collision with vehicle,3,Wednesday,130,REAR END(VEHICLES IN SAME LANE),1,767115,Not at intersection,2,80,Arterial Other,FERNTREE GULLY,KNOX,-37.892628,145.25597,2023,3,March,18,Afternoon Peak,Weekday
T20230005610,2023-03-08,15:00:00,1,Collision with vehicle,3,Wednesday,130,REAR END(VEHICLES IN SAME LANE),1,780350,Not at intersection,2,60,Arterial Other,MT DANDENONG,MAROONDAH,-37.79866,145.2807,2023,3,March,15,Afternoon Peak,Weekday
T20230005514,2023-03-08,01:15:00,1,Collision with vehicle,3,Wednesday,120,HEAD ON (NOT OVERTAKING),5,764479,Not at intersection,2,80,Local Road,GREIGS,MELTON,-37.744377,144.66447,2023,3,March,1,Late Night,Weekday
T20230005518,2023-03-08,02:30:00,1,Collision with vehicle,3,Wednesday,130,REAR END(VEHICLES IN SAME LANE),3,777185,Not at intersection,3,40,Freeway,PRINCES,CASEY,-38.041985,145.33487,2023,3,March,2,Late Night,Weekday
T20230005519,2023-03-08,02:45:00,4,Collision with a fixed object,3,Wednesday,181,OFF RIGHT BEND INTO OBJECT/PARKED VEHICLE,3,774173,T intersection,2,60,Local Road,CARNOUSTIE,SURF COAST,-38.34552,144.30338,2023,3,March,2,Late Night,Weekday
T20230005520,2023-03-08,04:57:00,4,Collision with a fixed object,3,Wednesday,171,LEFT OFF CARRIAGEWAY INTO OBJECT/PARKED VEHICLE,3,776554,Not at intersection,3,80,Arterial Highway,FRANKSTON-DANDENONG,DANDENONG,-38.05425,145.20752,2023,3,March,4,Late Night,Weekday
T20230005522,2023-03-08,06:40:00,1,Collision with vehicle,3,Wednesday,130,REAR END(VEHICLES IN SAME LANE),1,212308,Not at intersection,3,80,Arterial Other,HEATHERTON,CASEY,-37.97222,145.23473,2023,3,March,6,Morning Peak,Weekday
T20230005524,2023-03-08,06:35:00,1,Collision with vehicle,3,Wednesday,130,REAR END(VEHICLES IN SAME LANE),5,762491,Not at intersection,3,100,Arterial Highway,FRANKSTON-DANDENONG,FRANKSTON,-38.08132,145.18704,2023,3,March,6,Morning Peak,Weekday
T20230005611,2023-03-08,19:52:00,1,Collision with vehicle,3,Wednesday,110,CROSS TRAFFIC(INTERSECTIONS ONLY),2,65471,Cross intersection,2,50,Local Road,LEICESTER,MELBOURNE,-37.80423,144.9603,2023,3,March,19,Night,Weekday
T20230005612,2023-03-08,18:00:00,8,No collision and no object struck,3,Wednesday,172,OFF CARRIAGEWAY TO RIGHT,2,783909,Not at intersection,3,100,Local Road,WALLALOO EAST,NORTHERN GRAMPIANS,-36.884617,142.93153,2023,3,March,18,Afternoon Peak,Weekday
T20230005530,2023-03-08,08:24:00,1,Collision with vehicle,3,Wednesday,121,RIGHT THROUGH,1,39131,Cross intersection,3,50,Arterial Other,BELMORE,BOROONDARA,-37.802586,145.0762,2023,3,March,8,Morning Peak,Weekday
T20230005613,2023-03-08,20:40:00,4,Collision with a fixed object,3,Wednesday,181,OFF RIGHT BEND INTO OBJECT/PARKED VEHICLE,5,774135,Not at intersection,2,100,Arterial Other,DROUIN-KORUMBURRA,SOUTH GIPPSLAND,-38.2695,145.7827,2023,3,March,20,Night,Weekday
T20230005532,2023-03-08,08:30:00,1,Collision with vehicle,3,Wednesday,110,CROSS TRAFFIC(INTERSECTIONS ONLY),1,56357,Cross intersection,3,50,Local Road,ANZAC,MILDURA,-34.166515,142.05627,2023,3,March,8,Morning Peak,Weekday
T20230005598,2023-03-08,14:05:00,1,Collision with vehicle,3,Wednesday,116,LEFT NEAR (INTERSECTIONS ONLY),1,35352,Cross intersection,3,50,Arterial Other,CLARENDON,MELBOURNE,-37.826637,144.95764,2023,3,March,14,Midday,Weekday
T20230005559,2023-03-08,12:06:00,1,Collision with vehicle,3,Wednesday,121,RIGHT THROUGH,1,775663,Not at intersection,2,80,Local Road,HARKAWAY,CASEY,-37.976624,145.35892,2023,3,March,12,Midday,Weekday
T20230005533,2023-03-08,08:30:00,1,Collision with vehicle,3,Wednesday,121,RIGHT THROUGH,1,39160,Cross intersection,3,60,Arterial Other,CANTERBURY,BOROONDARA,-37.824047,145.08134,2023,3,March,8,Morning Peak,Weekday
T20230005536,2023-03-08,08:20:00,4,Collision with a fixed object,3,Wednesday,171,LEFT OFF CARRIAGEWAY INTO OBJECT/PARKED VEHICLE,1,783945,T intersection,2,50,Local Road,TRUSCOTT,BENDIGO,-36.723995,144.27061,2023,3,March,8,Morning Peak,Weekday
T20230006552,2023-03-08,16:50:00,1,Collision with vehicle,3,Wednesday,121,RIGHT THROUGH,1,36785,T intersection,3,70,Arterial Other,SHARPS,BRIMBANK,-37.706764,144.86601,2023,3,March,16,Afternoon Peak,Weekday
T20230008017,2023-03-08,15:29:00,1,Collision with vehicle,3,Wednesday,130,REAR END(VEHICLES IN SAME LANE),1,780747,Not at intersection,3,60,Arterial Other,EARL,BOROONDARA,-37.79646,145.03952,2023,3,March,15,Afternoon Peak,Weekday
T20230005542,2023-03-08,09:00:00,1,Collision with vehicle,3,Wednesday,124,RIGHT/RIGHT BOTH VEHs FROM OPPOSITE DIRECTIONS TURNING RIGHT,1,29449,Cross intersection,3,60,Arterial Other,CLYDE,CASEY,-38.040283,145.34215,2023,3,March,9,Morning Peak,Weekday
T20230005599,2023-03-08,18:30:00,1,Collision with vehicle,3,Wednesday,113,RIGHT NEAR (INTERSECTIONS ONLY),1,37910,Cross intersection,2,60,Arterial Other,HIGH,DAREBIN,-37.782124,144.99648,2023,3,March,18,Afternoon Peak,Weekday
T20230005544,2023-03-08,09:37:00,1,Collision with vehicle,3,Wednesday,110,CROSS TRAFFIC(INTERSECTIONS ONLY),1,37508,Cross intersection,2,60,Arterial Other,FERRARS,PORT PHILLIP,-37.83554,144.95613,2023,3,March,9,Morning Peak,Weekday
T20230005545,2023-03-08,10:18:00,4,Collision with a fixed object,3,Wednesday,171,LEFT OFF CARRIAGEWAY INTO OBJECT/PARKED VEHICLE,1,783913,Not at intersection,2,50,Arterial Highway,OCEAN,SURF COAST,-38.53263,143.97849,2023,3,March,10,Midday,Weekday
T20230009386,2023-03-08,08:30:00,1,Collision with vehicle,3,Wednesday,160,VEHICLE COLLIDES WITH VEHICLE PARKED ON LEFT OF ROAD,2,780748,Not at intersection,3,50,Local Road,HAZELWOOD,KNOX,-37.869133,145.2813,2023,3,March,8,Morning Peak,Weekday
T20230005596,2023-03-08,17:17:00,1,Collision with vehicle,3,Wednesday,130,REAR END(VEHICLES IN SAME LANE),1,760575,Not at intersection,3,100,Freeway,WESTERN RING,BRIMBANK,-37.708076,144.88544,2023,3,March,17,Afternoon Peak,Weekday
T20230006320,2023-03-08,07:10:00,1,Collision with vehicle,3,Wednesday,111,RIGHT FAR (INTERSECTIONS ONLY),2,54722,T intersection,3,50,Local Road,MAWSON,BRIMBANK,-37.699757,144.786,2023,3,March,7,Morning Peak,Weekday
T20230006291,2023-03-08,11:45:00,1,Collision with vehicle,3,Wednesday,133,LANE SIDE SWIPE (VEHICLES IN PARALLEL LANES),1,761265,Not at intersection,3,80,Freeway,WEST GATE,MELBOURNE,-37.828117,144.95544,2023,3,March,11,Midday,Weekday
T20230005594,2023-03-08,17:09:00,1,Collision with vehicle,3,Wednesday,130,REAR END(VEHICLES IN SAME LANE),2,780733,Not at intersection,3,100,Freeway,MONASH,MONASH,-37.93168,145.1881,2023,3,March,17,Afternoon Peak,Weekday
T20230005593,2023-03-08,16:10:00,1,Collision with vehicle,3,Wednesday,121,RIGHT THROUGH,1,40096,Cross intersection,2,40,Arterial Other,FITZROY,PORT PHILLIP,-37.857983,144.9804,2023,3,March,16,Afternoon Peak,Weekday
T20230015069,2023-03-08,05:10:00,4,Collision with a fixed object,3,Wednesday,189,OTHER ACCIDENTS ON CURVE NOT INCLUDED IN DCAs 180-184,2,778289,Not at intersection,3,60,Arterial Other,CLEGG,YARRA RANGES,-37.781677,145.43091,2023,3,March,5,Morning Peak,Weekday
T20230005690,2023-03-08,23:00:00,2,Struck Pedestrian,3,Wednesday,102,FAR SIDE. PED HIT BY VEHICLE FROM THE LEFT,3,773556,Not at intersection,3,40,Local Road,THERRY,MELBOURNE,-37.807186,144.95963,2023,3,March,23,Night,Weekday
T20230005592,2023-03-08,17:40:00,1,Collision with vehicle,3,Wednesday,121,RIGHT THROUGH,1,40373,T intersection,3,60,Arterial Other,TOORONGA,STONNINGTON,-37.84985,145.04285,2023,3,March,17,Afternoon Peak,Weekday
T20230018974,2023-03-08,16:00:00,1,Collision with vehicle,3,Wednesday,131,LEFT REAR,1,795211,Cross intersection,3,60,Arterial Highway,PLENTY,BANYULE,-37.6978,145.0591,2023,3,March,16,Afternoon Peak,Weekday
T20230005551,2023-03-08,11:57:00,4,Collision with a fixed object,3,Wednesday,173,RIGHT OFF CARRIAGEWAY INTO OBJECT/PARKED VEHICLE,1,759608,Not at intersection,2,100,Arterial Highway,GREAT OCEAN,SURF COAST,-38.373573,144.22559,2023,3,March,11,Midday,Weekday
T20230005553,2023-03-08,07:38:00,1,Collision with vehicle,3,Wednesday,173,RIGHT OFF CARRIAGEWAY INTO OBJECT/PARKED VEHICLE,1,759473,Not at intersection,2,50,Local Road,GREY,PORT PHILLIP,-37.86403,144.98164,2023,3,March,7,Morning Peak,Weekday
T20230005591,2023-03-08,08:15:00,1,Collision with vehicle,3,Wednesday,137,LEFT TURN SIDESWIPE,2,65799,Cross intersection,3,40,Local Road,LA TROBE,MELBOURNE,-37.811756,144.95645,2023,3,March,8,Morning Peak,Weekday
T20230005588,2023-03-08,16:20:00,1,Collision with vehicle,3,Wednesday,121,RIGHT THROUGH,1,767155,T intersection,2,80,Local Road,LAUDERDALE,CASEY,-38.023525,145.30751,2023,3,March,16,Afternoon Peak,Weekday
T20230005619,2023-03-09,02:30:00,4,Collision with a fixed object,4,Thursday,189,OTHER ACCIDENTS ON CURVE NOT INCLUDED IN DCAs 180-184,5,780734,Not at intersection,2,50,Local Road,PLANE,BALLARAT,-37.56086,143.82603,2023,3,March,2,Late Night,Weekday
T20230005680,2023-03-09,16:23:00,1,Collision with vehicle,4,Thursday,130,REAR END(VEHICLES IN SAME LANE),1,761896,Not at intersection,2,70,Arterial Other,FERNTREE GULLY,MONASH,-37.89926,145.1247,2023,3,March,16,Afternoon Peak,Weekday
T20230005696,2023-03-09,16:15:00,1,Collision with vehicle,4,Thursday,113,RIGHT NEAR (INTERSECTIONS ONLY),1,35769,Cross intersection,3,60,Arterial Highway,CAMPBELL,SWAN HILL,-35.34835,143.56194,2023,3,March,16,Afternoon Peak,Weekday
T20230005678,2023-03-09,15:22:00,1,Collision with vehicle,4,Thursday,171,LEFT OFF CARRIAGEWAY INTO OBJECT/PARKED VEHICLE,1,759829,Not at intersection,3,80,Freeway,BEACONSFIELD-NAR NAR GOON,CARDINIA,-38.05697,145.37808,2023,3,March,15,Afternoon Peak,Weekday
T20230005689,2023-03-09,15:00:00,1,Collision with vehicle,4,Thursday,130,REAR END(VEHICLES IN SAME LANE),1,664754,Cross intersection,3,60,Arterial Other,CENTRE,GLEN EIRA,-37.921135,145.05891,2023,3,March,15,Afternoon Peak,Weekday
T20230005698,2023-03-09,19:30:00,1,Collision with vehicle,4,Thursday,110,CROSS TRAFFIC(INTERSECTIONS ONLY),2,780739,Cross intersection,3,60,Arterial Other,BALCOMBE,BAYSIDE,-37.975567,145.01668,2023,3,March,19,Night,Weekday
T20230007955,2023-03-09,20:30:00,1,Collision with vehicle,4,Thursday,130,REAR END(VEHICLES IN SAME LANE),2,780746,Y intersection,3,70,Arterial Other,ST ALBANS,BRIMBANK,-37.749317,144.80376,2023,3,March,20,Night,Weekday
T20230005669,2023-03-09,12:52:00,1,Collision with vehicle,4,Thursday,130,REAR END(VEHICLES IN SAME LANE),1,759721,Not at intersection,2,60,Local Road,ORMOND,GEELONG,-38.15752,144.37387,2023,3,March,12,Midday,Weekday
T20230005687,2023-03-09,16:50:00,1,Collision with vehicle,4,Thursday,116,LEFT NEAR (INTERSECTIONS ONLY),1,43155,T intersection,3,50,Local Road,MATTHEW FLINDERS,CASEY,-37.980633,145.2564,2023,3,March,16,Afternoon Peak,Weekday
T20230005668,2023-03-09,07:33:00,3,Struck animal,4,Thursday,167,STRUCK ANIMAL,1,780353,Not at intersection,2,100,Arterial Other,LANCEFIELD,HUME,-37.525105,144.76163,2023,3,March,7,Morning Peak,Weekday
T20230005637,2023-03-09,07:30:00,1,Collision with vehicle,4,Thursday,130,REAR END(VEHICLES IN SAME LANE),1,760029,T intersection,3,80,Arterial Other,HUME,HUME,-37.62856,144.94876,2023,3,March,7,Morning Peak,Weekday
T20230005981,2023-03-09,17:05:00,1,Collision with vehicle,4,Thursday,130,REAR END(VEHICLES IN SAME LANE),1,761375,Not at intersection,3,40,Arterial Highway,PRINCES HIGHWAY,MELBOURNE,-37.787777,144.92593,2023,3,March,17,Afternoon Peak,Weekday
T20230005671,2023-03-09,15:25:00,1,Collision with vehicle,4,Thursday,121,RIGHT THROUGH,1,760568,Not at intersection,3,50,Local Road,ELLIS,BENDIGO,-36.774445,144.29413,2023,3,March,15,Afternoon Peak,Weekday
T20230006254,2023-03-09,17:50:00,1,Collision with vehicle,4,Thursday,130,REAR END(VEHICLES IN SAME LANE),1,761264,Not at intersection,3,50,Arterial Other,MARIBYRNONG,MOONEE VALLEY,-37.771442,144.91353,2023,3,March,17,Afternoon Peak,Weekday
T20230005676,2023-03-09,16:59:00,2,Struck Pedestrian,4,Thursday,101,PED EMERGES FROM IN FRONT OF PARKED OR STATIONARY VEHICLE,1,759612,Not at intersection,3,50,Arterial Other,SERVICE,EAST GIPPSLAND,-37.82543,147.62907,2023,3,March,16,Afternoon Peak,Weekday
T20230005685,2023-03-09,16:00:00,2,Struck Pedestrian,4,Thursday,100,PED NEAR SIDE. PED HIT BY VEHICLE FROM THE RIGHT.,1,759613,T intersection,3,60,Arterial Other,CIVIC,HOBSONS BAY,-37.86277,144.81497,2023,3,March,16,Afternoon Peak,Weekday
T20230005683,2023-03-09,18:00:00,1,Collision with vehicle,4,Thursday,130,REAR END(VEHICLES IN SAME LANE),1,780356,Not at intersection,3,50,Arterial Other,SHANNON,GEELONG,-38.140423,144.3364,2023,3,March,18,Afternoon Peak,Weekday
T20230005652,2023-03-09,08:30:00,1,Collision with vehicle,4,Thursday,110,CROSS TRAFFIC(INTERSECTIONS ONLY),1,38987,Cross intersection,2,60,Arterial Other,AUBURN,BOROONDARA,-37.82524,145.04453,2023,3,March,8,Morning Peak,Weekday
T20230005655,2023-03-09,13:10:00,1,Collision with vehicle,4,Thursday,152,PULLING OUT (OVERTAKING),1,773780,Not at intersection,2,100,Local Road,SIMS,MOYNE,-38.294754,142.4539,2023,3,March,13,Midday,Weekday
T20230005688,2023-03-09,14:32:00,1,Collision with vehicle,4,Thursday,121,RIGHT THROUGH,1,1356,Cross intersection,3,60,Arterial Other,MELVILLE,MORELAND,-37.753277,144.94574,2023,3,March,14,Midday,Weekday
T20230005705,2023-03-09,20:40:00,8,No collision and no object struck,4,Thursday,174,OUT OF CONTROL ON CARRIAGEWAY (ON STRAIGHT),3,23933,Cross intersection,2,60,Local Road,BOARDWALK,WYNDHAM,-37.88459,144.73285,2023,3,March,20,Night,Weekday
T20230005648,2023-03-09,12:05:00,1,Collision with vehicle,4,Thursday,132,RIGHT REAR.,1,38457,T intersection,2,60,Arterial Other,HULL,YARRA RANGES,-37.778957,145.32628,2023,3,March,12,Midday,Weekday