ACCIDENT_NO,ACCIDENT_DATE,ACCIDENT_TIME,ACCIDENT_TYPE,ACCIDENT_TYPE_DESC,DAY_OF_WEEK,DAY_WEEK_DESC,DCA_CODE,DCA_DESC,LIGHT_CONDITION,NODE_ID,ROAD_GEOMETRY_DESC,SEVERITY,SPEED_ZONE,RMA,ROAD_NAME,LGA_NAME,LATITUDE,LONGITUDE,YEAR,MONTH,MONTH_NAME,HOUR,TIME_PERIOD,DAY_TYPE
T20230005659,2023-03-09,08:36:00,4,Collision with a fixed object,4,Thursday,171,LEFT OFF CARRIAGEWAY INTO OBJECT/PARKED VEHICLE,1,774703,Not at intersection,2,60,Local Road,OLD GIPPSLAND,YARRA RANGES,-37.765373,145.38731,2023,3,March,8,Morning Peak,Weekday
T20230005722,2023-03-09,21:23:00,4,Collision with a fixed object,4,Thursday,183,OFF LEFT BEND INTO OBJECT/PARKED VEHICLE,3,769291,Not at intersection,1,40,Local Road,WESTWOOD,MELTON,-37.769825,144.7558,2023,3,March,21,Night,Weekday
T20230005719,2023-03-09,22:50:00,1,Collision with vehicle,4,Thursday,110,CROSS TRAFFIC(INTERSECTIONS ONLY),3,336,Cross intersection,3,60,Local Road,BRIDGE,PORT PHILLIP,-37.836235,144.94273,2023,3,March,22,Night,Weekday
T20230005709,2023-03-09,17:40:00,2,Struck Pedestrian,4,Thursday,107,PED ON FOOTHPATH STRUCK BY VEHENTERING/LEAVING DRIVEWAY.,1,774185,Not at intersection,2,50,Local Road,FEDERAL,CAMPASPE,-36.1394,144.7669,2023,3,March,17,Afternoon Peak,Weekday
T20230005646,2023-03-09,09:44:00,2,Struck Pedestrian,4,Thursday,108,PED STRUCK WALKING TO/FROM OR BOARDING/ALIGHTING VEHICLE.,1,36584,T intersection,3,40,Local Road,SMITH,YARRA,-37.79657,144.98468,2023,3,March,9,Morning Peak,Weekday
T20230005625,2023-03-09,07:40:00,2,Struck Pedestrian,4,Thursday,104,PED WALKING WITH TRAFFIC,1,761267,Not at intersection,2,60,Local Road,BARKLY,INDIGO,-36.046516,146.46748,2023,3,March,7,Morning Peak,Weekday
T20230005715,2023-03-09,05:30:00,4,Collision with a fixed object,4,Thursday,171,LEFT OFF CARRIAGEWAY INTO OBJECT/PARKED VEHICLE,3,766456,Not at intersection,3,80,Arterial Other,LATROBE RIVER,LATROBE,-38.17317,146.34598,2023,3,March,5,Morning Peak,Weekday
T20230006640,2023-03-09,11:40:00,1,Collision with vehicle,4,Thursday,110,CROSS TRAFFIC(INTERSECTIONS ONLY),1,52234,Cross intersection,3,60,Local Road,HIGH,LATROBE,-38.201637,146.54657,2023,3,March,11,Midday,Weekday
T20230005626,2023-03-09,08:33:00,1,Collision with vehicle,4,Thursday,121,RIGHT THROUGH,1,36216,Cross intersection,2,50,Local Road,COBDEN,MELBOURNE,-37.803925,144.95746,2023,3,March,8,Morning Peak,Weekday
T20230005627,2023-03-09,07:45:00,1,Collision with vehicle,4,Thursday,120,HEAD ON (NOT OVERTAKING),2,780735,Not at intersection,3,80,Arterial Other,KORUMBURRA-WARRAGUL,BAW BAW,-38.31178,145.8982,2023,3,March,7,Morning Peak,Weekday
T20230009817,2023-03-09,20:10:00,3,Struck animal,4,Thursday,167,STRUCK ANIMAL,9,780533,Not at intersection,3,80,Arterial Other,GISBORNE-MELTON,MELTON,-37.59172,144.58205,2023,3,March,20,Night,Weekday
T20230005628,2023-03-09,08:07:00,1,Collision with vehicle,4,Thursday,120,HEAD ON (NOT OVERTAKING),1,775758,Not at intersection,2,60,Local Road,CAIRNLEA,BRIMBANK,-37.75467,144.79013,2023,3,March,8,Morning Peak,Weekday
T20230005629,2023-03-09,07:52:00,1,Collision with vehicle,4,Thursday,134,LANE CHANGE RIGHT (NOT OVERTAKING),1,783761,Not at intersection,3,100,Freeway,KEILOR PARK-WESTERN RING IN,BRIMBANK,-37.741272,144.84856,2023,3,March,7,Morning Peak,Weekday
T20230005712,2023-03-09,16:20:00,1,Collision with vehicle,4,Thursday,130,REAR END(VEHICLES IN SAME LANE),1,762370,Not at intersection,3,50,Local Road,MILLER,WHITTLESEA,-37.638145,145.02164,2023,3,March,16,Afternoon Peak,Weekday
T20230005630,2023-03-09,09:15:00,1,Collision with vehicle,4,Thursday,110,CROSS TRAFFIC(INTERSECTIONS ONLY),1,66069,Cross intersection,3,60,Arterial Highway,WHITEHORSE,WHITEHORSE,-37.817936,145.12395,2023,3,March,9,Morning Peak,Weekday
T20230007561,2023-03-09,08:35:00,1,Collision with vehicle,4,Thursday,110,CROSS TRAFFIC(INTERSECTIONS ONLY),2,39673,Cross intersection,3,60,Local Road,OBAN,MAROONDAH,-37.794605,145.24155,2023,3,March,8,Morning Peak,Weekday
T20230005711,2023-03-09,22:09:00,1,Collision with vehicle,4,Thursday,121,RIGHT THROUGH,3,39398,T intersection,2,70,Arterial Other,DONCASTER,MANNINGHAM,-37.78751,145.14815,2023,3,March,22,Night,Weekday
T20230005701,2023-03-09,15:45:00,1,Collision with vehicle,4,Thursday,110,CROSS TRAFFIC(INTERSECTIONS ONLY),1,36172,Cross intersection,3,60,Arterial Other,CHANDLER,DANDENONG,-37.984547,145.18379,2023,3,March,15,Afternoon Peak,Weekday
T20230005633,2023-03-09,08:49:00,6,Vehicle overturned (no collision),4,Thursday,174,OUT OF CONTROL ON CARRIAGEWAY (ON STRAIGHT),1,52968,Cross intersection,3,50,Local Road,BELL,BALLARAT,-37.576763,143.83835,2023,3,March,8,Morning Peak,Weekday
T20230005692,2023-03-09,15:00:00,1,Collision with vehicle,4,Thursday,139,OTHER SAME DIRECTION-MANOUEVRES NOT INCLUDED IN DCAs 130-137,1,780737,T intersection,3,60,Arterial Other,PASCOE VALE,MORELAND,-37.70938,144.9167,2023,3,March,15,Afternoon Peak,Weekday
T20230005693,2023-03-09,18:24:00,7,Fall from or in moving vehicle,4,Thursday,190,FELL IN/FROM VEHICLE,1,759722,Not at intersection,2,100,Local Road,COALMINE,MOORABOOL,-37.686474,144.02571,2023,3,March,18,Afternoon Peak,Weekday
T20230005797,2023-03-09,15:00:00,2,Struck Pedestrian,4,Thursday,102,FAR SIDE. PED HIT BY VEHICLE FROM THE LEFT,1,61657,Cross intersection,3,50,Local Road,SMITH,MELTON,-37.681637,144.58568,2023,3,March,15,Afternoon Peak,Weekday
T20230005704,2023-03-09,18:20:00,1,Collision with vehicle,4,Thursday,110,CROSS TRAFFIC(INTERSECTIONS ONLY),1,59609,Cross intersection,2,50,Local Road,MILROY,BENDIGO,-36.74682,144.26746,2023,3,March,18,Afternoon Peak,Weekday
T20230005757,2023-03-09,17:00:00,6,Vehicle overturned (no collision),4,Thursday,174,OUT OF CONTROL ON CARRIAGEWAY (ON STRAIGHT),1,763742,Not at intersection,2,40,Arterial Highway,GREAT ALPINE,EAST GIPPSLAND,-37.12292,147.44736,2023,3,March,17,Afternoon Peak,Weekday
T20230005691,2023-03-09,18:29:00,1,Collision with vehicle,4,Thursday,134,LANE CHANGE RIGHT (NOT OVERTAKING),1,760030,Not at intersection,3,60,Local Road,SWANSTON,GEELONG,-38.160343,144.36322,2023,3,March,18,Afternoon Peak,Weekday
T20230005670,2023-03-09,12:31:00,4,Collision with a fixed object,4,Thursday,173,RIGHT OFF CARRIAGEWAY INTO OBJECT/PARKED VEHICLE,1,767257,Not at intersection,2,100,Arterial Highway,NORTHERN,CAMPASPE,-36.37504,144.69041,2023,3,March,12,Midday,Weekday
T20230005804,2023-03-10,17:59:00,1,Collision with vehicle,5,Friday,130,REAR END(VEHICLES IN SAME LANE),1,759832,Not at intersection,2,100,Arterial Highway,SOUTH GIPPSLAND,CARDINIA,-38.21243,145.46442,2023,3,March,17,Afternoon Peak,Weekday
T20230006765,2023-03-10,22:00:00,1,Collision with vehicle,5,Friday,121,RIGHT THROUGH,3,49321,Cross intersection,3,60,Arterial Other,CONDON,BENDIGO,-36.773247,144.30522,2023,3,March,22,Night,Weekday
T20230005808,2023-03-10,17:20:00,1,Collision with vehicle,5,Friday,150,HEAD ON(OVERTAKING),1,776236,Not at intersection,3,60,Arterial Other,BACCHUS MARSH,MOORABOOL,-37.68746,144.47752,2023,3,March,17,Afternoon Peak,Weekday
T20230005994,2023-03-10,20:30:00,6,Vehicle overturned (no collision),5,Friday,182,OFF CARRIAGEWAY ON LEFT BEND,5,783808,Not at intersection,3,80,Arterial Highway,GREAT ALPINE,EAST GIPPSLAND,-37.136074,147.50888,2023,3,March,20,Night,Weekday
T20230006646,2023-03-10,21:12:00,1,Collision with vehicle,5,Friday,120,HEAD ON (NOT OVERTAKING),5,780419,Not at intersection,3,100,Local Road,BENDIGO-SUTTON GRANGE,MOUNT ALEXANDER,-37.074383,144.36249,2023,3,March,21,Night,Weekday
T20230005998,2023-03-10,18:14:00,4,Collision with a fixed object,5,Friday,179,OTHER ACCIDENTS-OFF STRAIGHT NOT INCLUDED IN DCAs 170-175,2,42664,T intersection,3,80,Arterial Other,WELLINGTON,KNOX,-37.92655,145.24414,2023,3,March,18,Afternoon Peak,Weekday
T20230005745,2023-03-10,07:10:00,1,Collision with vehicle,5,Friday,134,LANE CHANGE RIGHT (NOT OVERTAKING),1,783852,T intersection,3,80,Arterial Highway,MOUNTAIN,FRANKSTON,-38.194202,145.13538,2023,3,March,7,Morning Peak,Weekday
T20230005748,2023-03-10,10:30:00,1,Collision with vehicle,5,Friday,110,CROSS TRAFFIC(INTERSECTIONS ONLY),1,41579,Cross intersection,3,40,Arterial Other,GAFFNEY,MORELAND,-37.730373,144.92834,2023,3,March,10,Midday,Weekday
T20230005751,2023-03-10,09:10:00,1,Collision with vehicle,5,Friday,130,REAR END(VEHICLES IN SAME LANE),1,777618,T intersection,3,80,Arterial Other,STEIGLITZ,GOLDEN PLAINS,-37.886497,144.1879,2023,3,March,9,Morning Peak,Weekday
T20230005752,2023-03-10,12:30:00,1,Collision with vehicle,5,Friday,121,RIGHT THROUGH,1,780337,Not at intersection,3,40,Local Road,LONSDALE,MELBOURNE,-37.811726,144.96417,2023,3,March,12,Midday,Weekday
T20230005755,2023-03-10,08:00:00,4,Collision with a fixed object,5,Friday,173,RIGHT OFF CARRIAGEWAY INTO OBJECT/PARKED VEHICLE,1,775512,Not at intersection,3,100,Arterial Highway,MALLEE,SWAN HILL,-35.056026,143.01482,2023,3,March,8,Morning Peak,Weekday
T20230005812,2023-03-10,17:40:00,1,Collision with vehicle,5,Friday,121,RIGHT THROUGH,2,278539,Cross intersection,3,80,Arterial Highway,HEATHERTON LINK,DANDENONG,-37.96882,145.19669,2023,3,March,17,Afternoon Peak,Weekday
T20230005758,2023-03-10,13:50:00,1,Collision with vehicle,5,Friday,147,VEHICLE STRIKES ANOTHER VEH WHILE EMERGING FROM DRIVEWAY,1,776281,Not at intersection,3,60,Arterial Other,MAHONEYS,HUME,-37.68971,144.95868,2023,3,March,13,Midday,Weekday
T20230005759,2023-03-10,11:18:00,1,Collision with vehicle,5,Friday,113,RIGHT NEAR (INTERSECTIONS ONLY),1,359007,T intersection,3,70,Freeway,KOROROIT CREEK,HOBSONS BAY,-37.844734,144.78877,2023,3,March,11,Midday,Weekday
T20230005761,2023-03-10,12:00:00,1,Collision with vehicle,5,Friday,130,REAR END(VEHICLES IN SAME LANE),1,138227,Not at intersection,2,100,Freeway,TULLAMARINE,HUME,-37.695316,144.88602,2023,3,March,12,Midday,Weekday
T20230005765,2023-03-10,12:30:00,1,Collision with vehicle,5,Friday,121,RIGHT THROUGH,1,760032,Not at intersection,3,30,Arterial Other,KINGSBURY,DAREBIN,-37.722775,145.04463,2023,3,March,12,Midday,Weekday
T20230006714,2023-03-10,17:30:00,1,Collision with vehicle,5,Friday,121,RIGHT THROUGH,1,36663,T intersection,3,70,Arterial Other,CHILDS,WHITTLESEA,-37.66258,145.04846,2023,3,March,17,Afternoon Peak,Weekday
T20230005768,2023-03-10,09:50:00,1,Collision with vehicle,5,Friday,113,RIGHT NEAR (INTERSECTIONS ONLY),1,74165,T intersection,3,100,Arterial Highway,SOUTH GIPPSLAND,SOUTH GIPPSLAND,-38.617126,146.16461,2023,3,March,9,Morning Peak,Weekday
T20230005769,2023-03-10,14:00:00,1,Collision with vehicle,5,Friday,113,RIGHT NEAR (INTERSECTIONS ONLY),1,609054,T intersection,2,80,Arterial Other,KEILOR PARK,BRIMBANK,-37.734383,144.84999,2023,3,March,14,Midday,Weekday
T20230005774,2023-03-10,13:15:00,1,Collision with vehicle,5,Friday,116,LEFT NEAR (INTERSECTIONS ONLY),1,49703,Cross intersection,3,60,Arterial Other,ST GEORGES,GEELONG,-38.08609,144.37442,2023,3,March,13,Midday,Weekday
T20230005780,2023-03-10,15:15:00,1,Collision with vehicle,5,Friday,130,REAR END(VEHICLES IN SAME LANE),1,788361,Not at intersection,3,60,Arterial Other,ST HELENA,BANYULE,-37.699802,145.11368,2023,3,March,15,Afternoon Peak,Weekday
T20230005781,2023-03-10,17:20:00,1,Collision with vehicle,5,Friday,130,REAR END(VEHICLES IN SAME LANE),9,776244,T intersection,3,80,Arterial Other,PLENTY,WHITTLESEA,-37.682938,145.06892,2023,3,March,17,Afternoon Peak,Weekday
T20230005782,2023-03-10,10:51:00,1,Collision with vehicle,5,Friday,111,RIGHT FAR (INTERSECTIONS ONLY),1,50619,Cross intersection,2,100,Arterial Other,COLAC-FORREST,COLAC OTWAY,-38.345325,143.64241,2023,3,March,10,Midday,Weekday
T20230005784,2023-03-10,15:50:00,1,Collision with vehicle,5,Friday,169,OTHER ON PATH,1,761578,Not at intersection,2,50,Local Road,CHURCH,BAYSIDE,-37.974205,145.04756,2023,3,March,15,Afternoon Peak,Weekday
T20230005789,2023-03-10,15:15:00,4,Collision with a fixed object,5,Friday,171,LEFT OFF CARRIAGEWAY INTO OBJECT/PARKED VEHICLE,1,783795,Not at intersection,3,100,Local Road,UNNAMED,MURRINDINDI,-37.33357,145.35277,2023,3,March,15,Afternoon Peak,Weekday
T20230005799,2023-03-10,18:49:00,1,Collision with vehicle,5,Friday,142,LEAVING PARKING,1,254473,Not at intersection,3,60,Local Road,HEATHERDALE,WHITEHORSE,-37.82364,145.21335,2023,3,March,18,Afternoon Peak,Weekday
T20230009081,2023-03-10,08:02:00,1,Collision with vehicle,5,Friday,130,REAR END(VEHICLES IN SAME LANE),1,617624,Not at intersection,3,100,Freeway,MONASH,MONASH,-37.89215,145.1255,2023,3,March,8,Morning Peak,Weekday
T20230005720,2023-03-10,02:21:00,1,Collision with vehicle,5,Friday,111,RIGHT FAR (INTERSECTIONS ONLY),5,707147,T intersection,3,80,Arterial Highway,FRANKSTON-DANDENONG,FRANKSTON,-38.104465,145.1687,2023,3,March,2,Late Night,Weekday
T20230005716,2023-03-10,00:53:00,2,Struck Pedestrian,5,Friday,100,PED NEAR SIDE. PED HIT BY VEHICLE FROM THE RIGHT.,3,123530,Cross intersection,3,70,Arterial Highway,HODDLE,YARRA,-37.80955,144.99138,2023,3,March,0,Late Night,Weekday
T20230005897,2023-03-10,23:50:00,4,Collision with a fixed object,5,Friday,181,OFF RIGHT BEND INTO OBJECT/PARKED VEHICLE,6,781320,Not at intersection,2,50,Local Road,NEWHALL,MOONEE VALLEY,-37.76763,144.91835,2023,3,March,23,Night,Weekday
T20230006165,2023-03-10,13:12:00,1,Collision with vehicle,5,Friday,130,REAR END(VEHICLES IN SAME LANE),1,780983,Not at intersection,3,80,Arterial Other,SYDNEY,HUME,-37.64742,144.95212,2023,3,March,13,Midday,Weekday
T20230005731,2023-03-10,06:46:00,1,Collision with vehicle,5,Friday,121,RIGHT THROUGH,2,40764,Cross intersection,3,60,Arterial Other,HIGHBURY,MONASH,-37.85977,145.15076,2023,3,March,6,Morning Peak,Weekday
T20230005811,2023-03-10,18:35:00,4,Collision with a fixed object,5,Friday,173,RIGHT OFF CARRIAGEWAY INTO OBJECT/PARKED VEHICLE,1,780740,T intersection,2,50,Local Road,ARROYO,MELTON,-37.73609,144.74681,2023,3,March,18,Afternoon Peak,Weekday
T20230005740,2023-03-10,07:50:00,1,Collision with vehicle,5,Friday,130,REAR END(VEHICLES IN SAME LANE),2,760446,Not at intersection,3,100,Freeway,MONASH,MONASH,-37.89238,145.12515,2023,3,March,7,Morning Peak,Weekday
T20230006536,2023-03-10,06:50:00,1,Collision with vehicle,5,Friday,130,REAR END(VEHICLES IN SAME LANE),9,1139,Cross intersection,3,80,Arterial Other,SYDNEY,HUME,-37.647507,144.95213,2023,3,March,6,Morning Peak,Weekday
T20230007390,2023-03-10,09:07:00,1,Collision with vehicle,5,Friday,130,REAR END(VEHICLES IN SAME LANE),1,780426,Not at intersection,3,60,Arterial Highway,NAPIER,BENDIGO,-36.745857,144.29378,2023,3,March,9,Morning Peak,Weekday
T20230007236,2023-03-10,19:25:00,1,Collision with vehicle,5,Friday,132,RIGHT REAR.,2,763619,T intersection,3,50,Local Road,HOTHLYN,HUME,-37.6074,144.9361,2023,3,March,19,Night,Weekday
T20230006204,2023-03-10,20:00:00,6,Vehicle overturned (no collision),5,Friday,174,OUT OF CONTROL ON CARRIAGEWAY (ON STRAIGHT),9,783806,Not at intersection,3,60,Arterial Other,BURNS,NILLUMBIK,-37.612236,145.26431,2023,3,March,20,Night,Weekday
T20230008882,2023-03-10,14:40:00,1,Collision with vehicle,5,Friday,110,CROSS TRAFFIC(INTERSECTIONS ONLY),1,49826,Cross intersection,2,60,Arterial Highway,BALLARAT,GEELONG,-38.126926,144.33925,2023,3,March,14,Midday,Weekday
T20230007910,2023-03-10,18:49:00,4,Collision with a fixed object,5,Friday,171,LEFT OFF CARRIAGEWAY INTO OBJECT/PARKED VEHICLE,1,723134,Not at intersection,3,60,Arterial Other,BRIDGE,BENDIGO,-36.75227,144.28389,2023,3,March,18,Afternoon Peak,Weekday
T20230006619,2023-03-10,14:25:00,1,Collision with vehicle,5,Friday,140,U TURN,1,783853,T intersection,3,70,Arterial Highway,BURWOOD,WHITEHORSE,-37.851624,145.13715,2023,3,March,14,Midday,Weekday
T20230005815,2023-03-10,19:20:00,1,Collision with vehicle,5,Friday,130,REAR END(VEHICLES IN SAME LANE),2,780728,Not at intersection,3,60,Arterial Other,POINT COOK,HOBSONS BAY,-37.88108,144.75713,2023,3,March,19,Night,Weekday
T20230005818,2023-03-10,20:23:00,1,Collision with vehicle,5,Friday,130,REAR END(VEHICLES IN SAME LANE),5,766002,Not at intersection,3,100,Freeway,PRINCES,GEELONG,-38.007893,144.47992,2023,3,March,20,Night,Weekday
T20230005819,2023-03-10,20:30:00,8,No collision and no object struck,5,Friday,174,OUT OF CONTROL ON CARRIAGEWAY (ON STRAIGHT),1,44016,T intersection,2,50,Local Road,BYFIELD,DAREBIN,-37.712734,145.0043,2023,3,March,20,Night,Weekday
T20230005835,2023-03-10,13:25:00,1,Collision with vehicle,5,Friday,130,REAR END(VEHICLES IN SAME LANE),1,270090,Not at intersection,2,80,Freeway,WEST GATE,HOBSONS BAY,-37.82931,144.89764,2023,3,March,13,Midday,Weekday
T20230005836,2023-03-10,21:40:00,1,Collision with vehicle,5,Friday,140,U TURN,5,762923,Not at intersection,2,100,Arterial Highway,GLENELG,GOLDEN PLAINS,-37.626465,143.70195,2023,3,March,21,Night,Weekday
T20230006731,2023-03-10,19:58:00,1,Collision with vehicle,5,Friday,135,LANE CHANGE LEFT (NOT OVERTAKING),2,780745,Not at intersection,3,70,Arterial Other,BALLARAT,BRIMBANK,-37.770252,144.77505,2023,3,March,19,Night,Weekday
T20230025986,2023-03-10,15:30:00,1,Collision with vehicle,5,Friday,111,RIGHT FAR (INTERSECTIONS ONLY),1,57069,T intersection,3,100,Local Road,DRUNG-JUNG,HORSHAM,-36.68652,142.33057,2023,3,March,15,Afternoon Peak,Weekday
T20230005803,2023-03-10,18:15:00,1,Collision with vehicle,5,Friday,132,RIGHT REAR.,1,29469,T intersection,2,60,Arterial Other,ALEXANDRA,STONNINGTON,-37.831673,144.98888,2023,3,March,18,Afternoon Peak,Weekday
T20230008803,2023-03-10,12:40:00,1,Collision with vehicle,5,Friday,111,RIGHT FAR (INTERSECTIONS ONLY),1,42975,Cross intersection,3,80,Arterial Highway,PRINCES,DANDENONG,-37.963478,145.19067,2023,3,March,12,Midday,Weekday
T20230005871,2023-03-10,23:00:00,4,Collision with a fixed object,5,Friday,171,LEFT OFF CARRIAGEWAY INTO OBJECT/PARKED VEHICLE,3,29792,Cross intersection,2,60,Arterial Other,SYNNOT,WYNDHAM,-37.903107,144.66074,2023,3,March,23,Night,Weekday
T20230006848,2023-03-10,19:10:00,1,Collision with vehicle,5,Friday,121,RIGHT THROUGH,2,788420,Cross intersection,2,40,Local Road,LANGRIDGE,YARRA,-37.8074,144.99416,2023,3,March,19,Night,Weekday
T20230005894,2023-03-11,16:00:00,2,Struck Pedestrian,6,Saturday,100,PED NEAR SIDE. PED HIT BY VEHICLE FROM THE RIGHT.,1,776065,Not at intersection,2,40,Arterial Highway,LONSDALE,DANDENONG,-37.98866,145.2144,2023,3,March,16,Afternoon Peak,Weekend
T20230005893,2023-03-11,19:35:00,4,Collision with a fixed object,6,Saturday,164,PERMANENT OBSTRUCTION ON CARRIAGEWAY,2,775780,Not at intersection,2,100,Local Road,COSGROVE-LEMNOS,SHEPPARTON,-36.34744,145.54143,2023,3,March,19,Night,Weekend
T20230005888,2023-03-11,18:29:00,1,Collision with vehicle,6,Saturday,179,OTHER ACCIDENTS-OFF STRAIGHT NOT INCLUDED IN DCAs 170-175,1,788421,Not at intersection,3,100,Freeway,WESTERN RING OUT-FURLONG,BRIMBANK,-37.761494,144.8201,2023,3,March,18,Afternoon Peak,Weekend
T20230005902,2023-03-11,22:56:00,1,Collision with vehicle,6,Saturday,121,RIGHT THROUGH,3,229963,Cross intersection,2,70,Arterial Other,SAYERS,WYNDHAM,-37.852726,144.73128,2023,3,March,22,Night,Weekend
T20230020363,2023-03-11,09:00:00,1,Collision with vehicle,6,Saturday,132,RIGHT REAR.,2,780032,Not at intersection,3,60,Arterial Highway,MIDLAND,BENDIGO,-36.613857,144.50919,2023,3,March,9,Morning Peak,Weekend
T20230005887,2023-03-11,13:00:00,1,Collision with vehicle,6,Saturday,130,REAR END(VEHICLES IN SAME LANE),1,777615,Not at intersection,3,80,Arterial Highway,SOUTH GIPPSLAND,CASEY,-38.039833,145.25043,2023,3,March,13,Midday,Weekend
T20230007259,2023-03-11,20:52:00,1,Collision with vehicle,6,Saturday,130,REAR END(VEHICLES IN SAME LANE),3,773876,Not at intersection,3,60,Arterial Other,MURRUMBEENA,GLEN EIRA,-37.89287,145.06592,2023,3,March,20,Night,Weekend
T20230006246,2023-03-11,09:00:00,1,Collision with vehicle,6,Saturday,110,CROSS TRAFFIC(INTERSECTIONS ONLY),1,351578,Cross intersection,3,60,Arterial Other,FOOT,FRANKSTON,-38.15326,145.13261,2023,3,March,9,Morning Peak,Weekend
T20230005911,2023-03-11,19:00:00,1,Collision with vehicle,6,Saturday,120,HEAD ON (NOT OVERTAKING),1,762382,Not at intersection,3,100,Arterial Other,HEATHCOTE-NAGAMBIE,STRATHBOGIE,-36.799706,145.0541,2023,3,March,19,Night,Weekend
T20230005856,2023-03-11,11:40:00,1,Collision with vehicle,6,Saturday,130,REAR END(VEHICLES IN SAME LANE),1,775625,Not at intersection,2,50,Local Road,BOX FOREST,MORELAND,-37.70411,144.95656,2023,3,March,11,Midday,Weekend
T20230005885,2023-03-11,17:00:00,1,Collision with vehicle,6,Saturday,130,REAR END(VEHICLES IN SAME LANE),1,777616,Not at intersection,2,70,Arterial Other,MORNINGTON-TYABB,MORNINGTON PENINSULA,-38.23842,145.06432,2023,3,March,17,Afternoon Peak,Weekend
T20230006766,2023-03-11,05:40:00,6,Vehicle overturned (no collision),6,Saturday,184,OUT OF CONTROL ON CARRIAGEWAY (ON BEND),5,762730,Not at intersection,3,100,Local Road,OLD BARNAWARTHA,WODONGA,-36.06606,146.72424,2023,3,March,5,Morning Peak,Weekend
T20230005884,2023-03-11,16:15:00,1,Collision with vehicle,6,Saturday,130,REAR END(VEHICLES IN SAME LANE),1,777613,Not at intersection,3,60,Arterial Other,MILITARY,MOONEE VALLEY,-37.769276,144.865,2023,3,March,16,Afternoon Peak,Weekend
T20230005882,2023-03-11,15:05:00,4,Collision with a fixed object,6,Saturday,171,LEFT OFF CARRIAGEWAY INTO OBJECT/PARKED VEHICLE,1,763375,Not at intersection,2,80,Local Road,MYERS CREEK,YARRA RANGES,-37.63299,145.52313,2023,3,March,15,Afternoon Peak,Weekend
T20230005881,2023-03-11,15:10:00,3,Struck animal,6,Saturday,167,STRUCK ANIMAL,1,766225,Not at intersection,2,100,Local Road,VICTORIA POINT,SOUTHERN GRAMPIANS,-37.524258,142.215,2023,3,March,15,Afternoon Peak,Weekend
T20230005919,2023-03-11,14:30:00,1,Collision with vehicle,6,Saturday,148,VEHICLE OFF FOOTPATH STRIKES VEH ON CARRIAGEWAY,1,1285,T intersection,3,60,Arterial Other,GORDON,MARIBYRNONG,-37.776314,144.89128,2023,3,March,14,Midday,Weekend
T20230005857,2023-03-11,11:45:00,1,Collision with vehicle,6,Saturday,143,ENTERING PARKING,1,765298,Cross intersection,2,40,Arterial Other,VICTORIA,YARRA,-37.810085,144.99596,2023,3,March,11,Midday,Weekend
T20230005906,2023-03-11,22:45:00,1,Collision with vehicle,6,Saturday,113,RIGHT NEAR (INTERSECTIONS ONLY),3,35999,T intersection,3,60,Local Road,LYGON,MELBOURNE,-37.785526,144.96953,2023,3,March,22,Night,Weekend
T20230006184,2023-03-11,11:50:00,1,Collision with vehicle,6,Saturday,113,RIGHT NEAR (INTERSECTIONS ONLY),1,776651,Cross intersection,1,40,Local Road,ELGIN,MELBOURNE,-37.797165,144.96762,2023,3,March,11,Midday,Weekend
T20230016099,2023-03-11,17:55:00,1,Collision with vehicle,6,Saturday,121,RIGHT THROUGH,1,38692,T intersection,3,50,Arterial Other,WILLIAMSTOWN,MARIBYRNONG,-37.80583,144.88481,2023,3,March,17,Afternoon Peak,Weekend
T20230005839,2023-03-11,09:35:00,4,Collision with a fixed object,6,Saturday,183,OFF LEFT BEND INTO OBJECT/PARKED VEHICLE,1,781317,Not at intersection,2,50,Local Road,BALMAHA,GOLDEN PLAINS,-38.055737,144.17503,2023,3,March,9,Morning Peak,Weekend
T20230005876,2023-03-11,14:40:00,1,Collision with vehicle,6,Saturday,120,HEAD ON (NOT OVERTAKING),1,254742,Not at intersection,2,60,Arterial Other,HIGH,MANNINGHAM,-37.77902,145.11328,2023,3,March,14,Midday,Weekend
T20230005915,2023-03-11,15:00:00,6,Vehicle overturned (no collision),6,Saturday,180,OFF CARRIAGEWAY ON RIGHT BEND,1,760238,Not at intersection,2,100,Arterial Other,OMEO,TOWONG,-36.72106,147.44951,2023,3,March,15,Afternoon Peak,Weekend
T20230005841,2023-03-11,10:40:00,6,Vehicle overturned (no collision),6,Saturday,184,OUT OF CONTROL ON CARRIAGEWAY (ON BEND),1,760574,Not at intersection,2,80,Arterial Highway,GREAT OCEAN,SURF COAST,-38.38598,144.20772,2023,3,March,10,Midday,Weekend
T20230005844,2023-03-11,10:20:00,1,Collision with vehicle,6,Saturday,134,LANE CHANGE RIGHT (NOT OVERTAKING),1,760235,Not at intersection,3,40,Arterial Other,EPPING,WHITTLESEA,-37.609074,145.03123,2023,3,March,10,Midday,Weekend
T20230005845,2023-03-11,10:15:00,4,Collision with a fixed object,6,Saturday,171,LEFT OFF CARRIAGEWAY INTO OBJECT/PARKED VEHICLE,1,766003,Not at intersection,3,80,Local Road,PLUNKETTS,WODONGA,-36.103863,146.82082,2023,3,March,10,Midday,Weekend
T20230009105,2023-03-11,16:55:00,1,Collision with vehicle,6,Saturday,163,VEHICLE STRIKES DOOR OF PARKED/STATIONARY VEHICLE,1,769050,Not at intersection,2,40,Local Road,LONSDALE,MELBOURNE,-37.81161,144.96455,2023,3,March,16,Afternoon Peak,Weekend