ACCIDENT_NO,ACCIDENT_DATE,ACCIDENT_TIME,ACCIDENT_TYPE,ACCIDENT_TYPE_DESC,DAY_OF_WEEK,DAY_WEEK_DESC,DCA_CODE,DCA_DESC,LIGHT_CONDITION,NODE_ID,ROAD_GEOMETRY_DESC,SEVERITY,SPEED_ZONE,RMA,ROAD_NAME,LGA_NAME,LATITUDE,LONGITUDE,YEAR,MONTH,MONTH_NAME,HOUR,TIME_PERIOD,DAY_TYPE
T20230005863,2023-03-11,13:40:00,6,Vehicle overturned (no collision),6,Saturday,174,OUT OF CONTROL ON CARRIAGEWAY (ON STRAIGHT),1,774037,Not at intersection,2,60,Arterial Other,HIGH,MACEDON RANGES,-37.355873,144.52837,2023,3,March,13,Midday,Weekend
T20230005874,2023-03-11,14:29:00,4,Collision with a fixed object,6,Saturday,173,RIGHT OFF CARRIAGEWAY INTO OBJECT/PARKED VEHICLE,1,762494,Not at intersection,3,60,Local Road,FOLEYS,BRIMBANK,-37.782536,144.76807,2023,3,March,14,Midday,Weekend
T20230010478,2023-03-11,13:00:00,6,Vehicle overturned (no collision),6,Saturday,184,OUT OF CONTROL ON CARRIAGEWAY (ON BEND),1,773575,Not at intersection,3,100,Local Road,OLD FUMINA,BAW BAW,-37.911034,146.02547,2023,3,March,13,Midday,Weekend
T20230005847,2023-03-11,11:57:00,6,Vehicle overturned (no collision),6,Saturday,174,OUT OF CONTROL ON CARRIAGEWAY (ON STRAIGHT),1,760236,Not at intersection,3,80,Arterial Other,MAHONEYS,WHITTLESEA,-37.69272,144.9908,2023,3,March,11,Midday,Weekend
T20230005899,2023-03-11,22:07:00,4,Collision with a fixed object,6,Saturday,173,RIGHT OFF CARRIAGEWAY INTO OBJECT/PARKED VEHICLE,5,776388,Not at intersection,2,100,Arterial Other,DUNOLLY-EDDINGTON,CENTRAL GOLDFIELDS,-36.873993,143.8022,2023,3,March,22,Night,Weekend
T20230005903,2023-03-11,23:14:00,4,Collision with a fixed object,6,Saturday,171,LEFT OFF CARRIAGEWAY INTO OBJECT/PARKED VEHICLE,5,773709,Not at intersection,2,100,Arterial Highway,BELLARINE,GEELONG,-38.194984,144.48297,2023,3,March,23,Night,Weekend
T20230005912,2023-03-11,21:30:00,4,Collision with a fixed object,6,Saturday,164,PERMANENT OBSTRUCTION ON CARRIAGEWAY,2,277970,Cross intersection,3,60,Local Road,PIPELINE,COLAC OTWAY,-38.550312,143.65237,2023,3,March,21,Night,Weekend
T20230005848,2023-03-11,11:00:00,1,Collision with vehicle,6,Saturday,179,OTHER ACCIDENTS-OFF STRAIGHT NOT INCLUDED IN DCAs 170-175,1,773812,Not at intersection,2,100,Arterial Other,CRESWICK-NEWSTEAD,HEPBURN,-37.222107,143.94315,2023,3,March,11,Midday,Weekend
T20230005983,2023-03-11,12:40:00,1,Collision with vehicle,6,Saturday,113,RIGHT NEAR (INTERSECTIONS ONLY),1,37359,T intersection,3,80,Arterial Other,WELLINGTON,KNOX,-37.928867,145.26512,2023,3,March,12,Midday,Weekend
T20230005870,2023-03-11,10:50:00,1,Collision with vehicle,6,Saturday,134,LANE CHANGE RIGHT (NOT OVERTAKING),1,778272,Not at intersection,2,80,Arterial Other,SYDNEY,HUME,-37.678352,144.95634,2023,3,March,10,Midday,Weekend
T20230005866,2023-03-11,12:15:00,1,Collision with vehicle,6,Saturday,160,VEHICLE COLLIDES WITH VEHICLE PARKED ON LEFT OF ROAD,1,752245,Not at intersection,3,50,Local Road,WESTERN,HUME,-37.681618,144.87384,2023,3,March,12,Midday,Weekend
T20230005849,2023-03-11,11:41:00,4,Collision with a fixed object,6,Saturday,171,LEFT OFF CARRIAGEWAY INTO OBJECT/PARKED VEHICLE,1,783856,Not at intersection,3,60,Arterial Other,CENTRE,GLEN EIRA,-37.922516,145.06972,2023,3,March,11,Midday,Weekend
T20230005896,2023-03-11,14:44:00,1,Collision with vehicle,6,Saturday,120,HEAD ON (NOT OVERTAKING),1,760818,Not at intersection,3,50,Local Road,KEYLANA,DANDENONG,-38.00386,145.15668,2023,3,March,14,Midday,Weekend
T20230005860,2023-03-11,12:45:00,1,Collision with vehicle,6,Saturday,148,VEHICLE OFF FOOTPATH STRIKES VEH ON CARRIAGEWAY,1,780741,Not at intersection,2,50,Arterial Other,MURRADOC,GEELONG,-38.173347,144.71204,2023,3,March,12,Midday,Weekend
T20230008168,2023-03-11,19:20:00,1,Collision with vehicle,6,Saturday,121,RIGHT THROUGH,1,45433,Cross intersection,3,60,Arterial Other,MT ALEXANDER,MOONEE VALLEY,-37.772705,144.92691,2023,3,March,19,Night,Weekend
T20230005850,2023-03-11,11:35:00,1,Collision with vehicle,6,Saturday,153,CUTTING IN (OVERTAKING),1,784876,Not at intersection,3,60,Arterial Other,MCINTYRE,BRIMBANK,-37.77578,144.82895,2023,3,March,11,Midday,Weekend
T20230005861,2023-03-11,05:54:00,4,Collision with a fixed object,6,Saturday,183,OFF LEFT BEND INTO OBJECT/PARKED VEHICLE,2,777126,Not at intersection,1,100,Local Road,OLD BARNAWARTHA,WODONGA,-36.06605,146.72426,2023,3,March,5,Morning Peak,Weekend
T20230005862,2023-03-11,10:10:00,1,Collision with vehicle,6,Saturday,121,RIGHT THROUGH,1,760948,Not at intersection,3,60,Arterial Other,GAP,HUME,-37.578693,144.71242,2023,3,March,10,Midday,Weekend
T20230005846,2023-03-11,12:10:00,1,Collision with vehicle,6,Saturday,122,LEFT THROUGH,1,781785,Not at intersection,3,30,Local Road,MAIN,MAROONDAH,-37.79676,145.28098,2023,3,March,12,Midday,Weekend
T20230006073,2023-03-12,13:00:00,6,Vehicle overturned (no collision),7,Sunday,174,OUT OF CONTROL ON CARRIAGEWAY (ON STRAIGHT),1,783907,Not at intersection,3,80,Local Road,NORTH EAST WONWONDAH,HORSHAM,-36.87803,142.18828,2023,3,March,13,Midday,Weekend
T20230005947,2023-03-12,17:04:00,1,Collision with vehicle,7,Sunday,130,REAR END(VEHICLES IN SAME LANE),1,40912,Cross intersection,3,80,Arterial Other,STUD,KNOX,-37.864902,145.23726,2023,3,March,17,Afternoon Peak,Weekend
T20230006286,2023-03-12,10:45:00,1,Collision with vehicle,7,Sunday,147,VEHICLE STRIKES ANOTHER VEH WHILE EMERGING FROM DRIVEWAY,1,761164,Not at intersection,3,80,Arterial Highway,SPRINGVALE,WHITEHORSE,-37.82892,145.17393,2023,3,March,10,Midday,Weekend
T20230006023,2023-03-12,05:30:00,4,Collision with a fixed object,7,Sunday,171,LEFT OFF CARRIAGEWAY INTO OBJECT/PARKED VEHICLE,3,783905,Not at intersection,3,100,Freeway,MONASH IN-WELLINGTON,MONASH,-37.923107,145.17654,2023,3,March,5,Morning Peak,Weekend
T20230006016,2023-03-12,21:39:00,4,Collision with a fixed object,7,Sunday,171,LEFT OFF CARRIAGEWAY INTO OBJECT/PARKED VEHICLE,5,772461,Not at intersection,3,80,Arterial Other,BACK BEACH,BASS COAST,-38.496643,145.22557,2023,3,March,21,Night,Weekend
T20230006509,2023-03-12,13:07:00,1,Collision with vehicle,7,Sunday,183,OFF LEFT BEND INTO OBJECT/PARKED VEHICLE,1,775665,Not at intersection,2,70,Arterial Other,CANTERBURY,MAROONDAH,-37.82766,145.26045,2023,3,March,13,Midday,Weekend
T20230006014,2023-03-12,11:45:00,4,Collision with a fixed object,7,Sunday,173,RIGHT OFF CARRIAGEWAY INTO OBJECT/PARKED VEHICLE,1,761579,Not at intersection,2,100,Local Road,BERRINGA-MISERY CREEK,GOLDEN PLAINS,-37.76104,143.70601,2023,3,March,11,Midday,Weekend
T20230007218,2023-03-12,12:40:00,1,Collision with vehicle,7,Sunday,110,CROSS TRAFFIC(INTERSECTIONS ONLY),1,52985,Cross intersection,3,50,Local Road,RIPON,BALLARAT,-37.581882,143.83742,2023,3,March,12,Midday,Weekend
T20230005952,2023-03-12,18:40:00,2,Struck Pedestrian,7,Sunday,107,PED ON FOOTHPATH STRUCK BY VEHENTERING/LEAVING DRIVEWAY.,2,788431,T intersection,2,60,Arterial Other,SYDNEY,MORELAND,-37.750233,144.96504,2023,3,March,18,Afternoon Peak,Weekend
T20230005951,2023-03-12,16:55:00,1,Collision with vehicle,7,Sunday,113,RIGHT NEAR (INTERSECTIONS ONLY),1,294955,Multiple intersection,2,80,Freeway,BURWOOD,KNOX,-37.86121,145.21114,2023,3,March,16,Afternoon Peak,Weekend
T20230005950,2023-03-12,16:15:00,1,Collision with vehicle,7,Sunday,110,CROSS TRAFFIC(INTERSECTIONS ONLY),1,53110,Cross intersection,3,60,Local Road,DANA,BALLARAT,-37.562794,143.8456,2023,3,March,16,Afternoon Peak,Weekend
T20230005949,2023-03-12,18:00:00,1,Collision with vehicle,7,Sunday,130,REAR END(VEHICLES IN SAME LANE),1,777611,Cross intersection,3,80,Arterial Other,HIGH,MANNINGHAM,-37.773964,145.11427,2023,3,March,18,Afternoon Peak,Weekend
T20230006180,2023-03-12,02:30:00,3,Struck animal,7,Sunday,167,STRUCK ANIMAL,5,761272,Not at intersection,2,80,Arterial Highway,MELBA,MURRINDINDI,-37.427628,145.42235,2023,3,March,2,Late Night,Weekend
T20230006164,2023-03-12,16:40:00,4,Collision with a fixed object,7,Sunday,181,OFF RIGHT BEND INTO OBJECT/PARKED VEHICLE,1,761378,Not at intersection,3,100,Local Road,BACK CREEK,INDIGO,-36.386715,146.86917,2023,3,March,16,Afternoon Peak,Weekend
T20230014146,2023-03-12,10:55:00,1,Collision with vehicle,7,Sunday,113,RIGHT NEAR (INTERSECTIONS ONLY),1,590746,Y intersection,3,80,Arterial Highway,SOUTH GIPPSLAND,CASEY,-38.046204,145.25452,2023,3,March,10,Midday,Weekend
T20230006355,2023-03-12,07:15:00,6,Vehicle overturned (no collision),7,Sunday,174,OUT OF CONTROL ON CARRIAGEWAY (ON STRAIGHT),9,761905,Not at intersection,3,50,Local Road,TISDALL,GEELONG,-38.162758,144.37335,2023,3,March,7,Morning Peak,Weekend
T20230006359,2023-03-12,15:00:00,6,Vehicle overturned (no collision),7,Sunday,174,OUT OF CONTROL ON CARRIAGEWAY (ON STRAIGHT),1,761382,Not at intersection,2,50,Local Road,YOUNG,CAMPASPE,-36.032837,144.5545,2023,3,March,15,Afternoon Peak,Weekend
T20230005986,2023-03-12,17:45:00,1,Collision with vehicle,7,Sunday,133,LANE SIDE SWIPE (VEHICLES IN PARALLEL LANES),1,771936,Not at intersection,2,80,Arterial Other,FITZSIMONS,MANNINGHAM,-37.749012,145.13551,2023,3,March,17,Afternoon Peak,Weekend
T20230005970,2023-03-12,21:04:00,4,Collision with a fixed object,7,Sunday,171,LEFT OFF CARRIAGEWAY INTO OBJECT/PARKED VEHICLE,3,774094,Cross intersection,2,50,Local Road,CENTRAL PARK,HUME,-37.58891,144.90582,2023,3,March,21,Night,Weekend
T20230005961,2023-03-12,21:30:00,6,Vehicle overturned (no collision),7,Sunday,174,OUT OF CONTROL ON CARRIAGEWAY (ON STRAIGHT),3,775254,Not at intersection,3,50,Local Road,KIONGA,MONASH,-37.924454,145.13109,2023,3,March,21,Night,Weekend
T20230005960,2023-03-12,21:43:00,1,Collision with vehicle,7,Sunday,130,REAR END(VEHICLES IN SAME LANE),2,780742,Not at intersection,3,100,Freeway,EASTLINK,KNOX,-37.908028,145.21616,2023,3,March,21,Night,Weekend
T20230005956,2023-03-12,19:20:00,1,Collision with vehicle,7,Sunday,130,REAR END(VEHICLES IN SAME LANE),3,773710,Not at intersection,3,60,Freeway,PRINCES,HOBSONS BAY,-37.827427,144.82007,2023,3,March,19,Night,Weekend
T20230005955,2023-03-12,16:53:00,8,No collision and no object struck,7,Sunday,174,OUT OF CONTROL ON CARRIAGEWAY (ON STRAIGHT),1,781316,Not at intersection,2,100,Arterial Highway,SUNRAYSIA,PYRENEES,-36.93845,143.3324,2023,3,March,16,Afternoon Peak,Weekend
T20230005946,2023-03-12,16:19:00,1,Collision with vehicle,7,Sunday,120,HEAD ON (NOT OVERTAKING),1,774704,Not at intersection,2,70,Arterial Other,WATTLETREE,NILLUMBIK,-37.690166,145.14368,2023,3,March,16,Afternoon Peak,Weekend
T20230005943,2023-03-12,16:30:00,1,Collision with vehicle,7,Sunday,130,REAR END(VEHICLES IN SAME LANE),1,765774,Cross intersection,3,100,Freeway,WESTERN RING,MORELAND,-37.7062,144.88766,2023,3,March,16,Afternoon Peak,Weekend
T20230005941,2023-03-12,15:25:00,1,Collision with vehicle,7,Sunday,130,REAR END(VEHICLES IN SAME LANE),1,763741,Not at intersection,2,80,Arterial Highway,WELLINGTON,MONASH,-37.915688,145.13463,2023,3,March,15,Afternoon Peak,Weekend
T20230005939,2023-03-12,12:00:00,4,Collision with a fixed object,7,Sunday,151,OUT OF CONTROL (OVERTAKING),1,781664,Not at intersection,3,100,Local Road,CRINNION,HUME,-37.617832,144.73941,2023,3,March,12,Midday,Weekend
T20230005935,2023-03-12,09:40:00,1,Collision with vehicle,7,Sunday,132,RIGHT REAR.,1,760701,Not at intersection,2,60,Arterial Other,MARINE,MORNINGTON PENINSULA,-38.319828,144.98605,2023,3,March,9,Morning Peak,Weekend
T20230005927,2023-03-12,12:17:00,1,Collision with vehicle,7,Sunday,160,VEHICLE COLLIDES WITH VEHICLE PARKED ON LEFT OF ROAD,1,760447,Not at intersection,3,40,Arterial Other,BLACKBURN,MANNINGHAM,-37.793755,145.16109,2023,3,March,12,Midday,Weekend
T20230005925,2023-03-12,06:00:00,4,Collision with a fixed object,7,Sunday,175,OFF END OF ROAD/T-INTERSECTION.,6,774129,T intersection,3,80,Local Road,DISNEY,MORNINGTON PENINSULA,-38.353504,145.21338,2023,3,March,6,Morning Peak,Weekend
T20230005924,2023-03-12,12:12:00,1,Collision with vehicle,7,Sunday,130,REAR END(VEHICLES IN SAME LANE),1,46236,Multiple intersection,3,60,Arterial Highway,NEPEAN,KINGSTON,-37.981476,145.07059,2023,3,March,12,Midday,Weekend
T20230005923,2023-03-12,12:30:00,1,Collision with vehicle,7,Sunday,110,CROSS TRAFFIC(INTERSECTIONS ONLY),1,776044,Cross intersection,3,50,Arterial Highway,HIGH,PYRENEES,-37.09051,143.47484,2023,3,March,12,Midday,Weekend
T20230005920,2023-03-12,10:30:00,1,Collision with vehicle,7,Sunday,113,RIGHT NEAR (INTERSECTIONS ONLY),1,35611,T intersection,2,80,Arterial Highway,SPRINGVALE,DANDENONG,-37.97241,145.14821,2023,3,March,10,Midday,Weekend
T20230005917,2023-03-12,12:00:00,6,Vehicle overturned (no collision),7,Sunday,174,OUT OF CONTROL ON CARRIAGEWAY (ON STRAIGHT),1,760239,Not at intersection,3,40,Local Road,LONSDALE,MELBOURNE,-37.810165,144.96954,2023,3,March,12,Midday,Weekend
T20230005916,2023-03-12,11:56:00,1,Collision with vehicle,7,Sunday,110,CROSS TRAFFIC(INTERSECTIONS ONLY),1,760949,Cross intersection,2,50,Arterial Other,STANHOPE,BOROONDARA,-37.825634,145.06505,2023,3,March,11,Midday,Weekend
T20230005914,2023-03-12,10:10:00,1,Collision with vehicle,7,Sunday,110,CROSS TRAFFIC(INTERSECTIONS ONLY),1,60067,Cross intersection,3,50,Local Road,KIDSTON,MANSFIELD,-37.056103,146.0706,2023,3,March,10,Midday,Weekend
T20230005913,2023-03-12,07:30:00,4,Collision with a fixed object,7,Sunday,171,LEFT OFF CARRIAGEWAY INTO OBJECT/PARKED VEHICLE,1,760237,Not at intersection,3,80,Local Road,WATERSONS,MOUNT ALEXANDER,-36.99101,144.03311,2023,3,March,7,Morning Peak,Weekend
T20230005907,2023-03-12,02:00:00,4,Collision with a fixed object,7,Sunday,175,OFF END OF ROAD/T-INTERSECTION.,3,229401,T intersection,2,60,Arterial Other,MARY,WELLINGTON,-37.979733,146.79414,2023,3,March,2,Late Night,Weekend
T20230009794,2023-03-12,01:30:00,3,Struck animal,7,Sunday,167,STRUCK ANIMAL,5,780751,Not at intersection,3,80,Local Road,TANNERY,BENDIGO,-36.814407,144.32246,2023,3,March,1,Late Night,Weekend
T20230006009,2023-03-13,13:20:00,1,Collision with vehicle,1,Monday,110,CROSS TRAFFIC(INTERSECTIONS ONLY),1,38349,Cross intersection,3,60,Arterial Other,KING,MANNINGHAM,-37.77276,145.14044,2023,3,March,13,Midday,Weekday
T20230005992,2023-03-13,07:15:00,1,Collision with vehicle,1,Monday,160,VEHICLE COLLIDES WITH VEHICLE PARKED ON LEFT OF ROAD,2,762015,Not at intersection,3,70,Arterial Highway,DANDENONG,GLEN EIRA,-37.860622,145.01212,2023,3,March,7,Morning Peak,Weekday
T20230005996,2023-03-13,11:00:00,1,Collision with vehicle,1,Monday,130,REAR END(VEHICLES IN SAME LANE),1,760703,Not at intersection,3,80,Arterial Other,ARARAT-HALLS GAP,ARARAT,-37.289093,142.90378,2023,3,March,11,Midday,Weekday
T20230006036,2023-03-13,18:35:00,1,Collision with vehicle,1,Monday,130,REAR END(VEHICLES IN SAME LANE),2,766881,T intersection,3,60,Arterial Other,MELTON,MACEDON RANGES,-37.50133,144.5806,2023,3,March,18,Afternoon Peak,Weekday
T20230005982,2023-03-13,08:15:00,1,Collision with vehicle,1,Monday,113,RIGHT NEAR (INTERSECTIONS ONLY),1,37496,Cross intersection,3,70,Arterial Other,WILLIAMSONS,MANNINGHAM,-37.78326,145.12422,2023,3,March,8,Morning Peak,Weekday
T20230006038,2023-03-13,20:40:00,2,Struck Pedestrian,1,Monday,104,PED WALKING WITH TRAFFIC,3,784194,Not at intersection,3,60,Local Road,LINDRUM,FRANKSTON,-38.14814,145.15448,2023,3,March,20,Night,Weekday
T20230005973,2023-03-13,03:30:00,3,Struck animal,1,Monday,167,STRUCK ANIMAL,5,774724,Not at intersection,2,80,Local Road,TIMOR-DUNOLLY,CENTRAL GOLDFIELDS,-36.98177,143.7086,2023,3,March,3,Late Night,Weekday
T20230005997,2023-03-13,08:50:00,1,Collision with vehicle,1,Monday,113,RIGHT NEAR (INTERSECTIONS ONLY),1,760453,T intersection,2,80,Arterial Highway,WELLINGTON ROAD SERVICE,KNOX,-37.926727,145.22278,2023,3,March,8,Morning Peak,Weekday
T20230006007,2023-03-13,12:25:00,1,Collision with vehicle,1,Monday,112,LEFT FAR (INTERSECTIONS ONLY),1,678425,T intersection,3,60,Local Road,LINSELL,CASEY,-38.099648,145.3022,2023,3,March,12,Midday,Weekday
T20230006008,2023-03-13,11:44:00,1,Collision with vehicle,1,Monday,131,LEFT REAR,1,777502,Not at intersection,3,60,Arterial Other,BACCHUS MARSH,MOORABOOL,-37.67782,144.45116,2023,3,March,11,Midday,Weekday
T20230006035,2023-03-13,00:30:00,1,Collision with vehicle,1,Monday,130,REAR END(VEHICLES IN SAME LANE),3,44309,Cross intersection,3,70,Arterial Other,SAYERS,WYNDHAM,-37.850533,144.70634,2023,3,March,0,Late Night,Weekday
T20230006032,2023-03-13,17:00:00,1,Collision with vehicle,1,Monday,121,RIGHT THROUGH,1,780373,T intersection,2,80,Arterial Other,GLASSCOCKS,CASEY,-38.071823,145.29805,2023,3,March,17,Afternoon Peak,Weekday
T20230006034,2023-03-13,17:55:00,1,Collision with vehicle,1,Monday,116,LEFT NEAR (INTERSECTIONS ONLY),1,1185,Multiple intersection,2,60,Arterial Other,MT PLEASANT ROAD -ROBERTS,GEELONG,-38.168617,144.33086,2023,3,March,17,Afternoon Peak,Weekday
T20230005999,2023-03-13,10:45:00,2,Struck Pedestrian,1,Monday,102,FAR SIDE. PED HIT BY VEHICLE FROM THE LEFT,1,1356,Cross intersection,3,60,Arterial Other,MELVILLE,MORELAND,-37.753277,144.94574,2023,3,March,10,Midday,Weekday
T20230006000,2023-03-13,12:15:00,1,Collision with vehicle,1,Monday,110,CROSS TRAFFIC(INTERSECTIONS ONLY),1,73765,Cross intersection,3,60,Local Road,OTWAY,GLENELG,-38.342148,141.60393,2023,3,March,12,Midday,Weekday
T20230006844,2023-03-13,12:25:00,1,Collision with vehicle,1,Monday,130,REAR END(VEHICLES IN SAME LANE),1,781811,Cross intersection,3,100,Arterial Highway,MAROONDAH,MANSFIELD,-37.0253,145.91928,2023,3,March,12,Midday,Weekday
T20230006001,2023-03-13,10:30:00,2,Struck Pedestrian,1,Monday,101,PED EMERGES FROM IN FRONT OF PARKED OR STATIONARY VEHICLE,1,773844,Not at intersection,2,50,Local Road,MARINE,EAST GIPPSLAND,-37.879833,147.9807,2023,3,March,10,Midday,Weekday
T20230006004,2023-03-13,10:45:00,1,Collision with vehicle,1,Monday,113,RIGHT NEAR (INTERSECTIONS ONLY),1,44401,T intersection,3,60,Arterial Other,PLENTY,DAREBIN,-37.732716,145.01433,2023,3,March,10,Midday,Weekday
T20230006005,2023-03-13,10:18:00,1,Collision with vehicle,1,Monday,110,CROSS TRAFFIC(INTERSECTIONS ONLY),1,68023,Cross intersection,2,60,Arterial Other,HIGH STREET,MONASH,-37.871788,145.14479,2023,3,March,10,Midday,Weekday
T20230006123,2023-03-13,17:45:00,4,Collision with a fixed object,1,Monday,183,OFF LEFT BEND INTO OBJECT/PARKED VEHICLE,1,763846,Not at intersection,3,80,Arterial Other,KORUMBURRA-WONTHAGGI,SOUTH GIPPSLAND,-38.50751,145.72266,2023,3,March,17,Afternoon Peak,Weekday
T20230007610,2023-03-13,14:15:00,1,Collision with vehicle,1,Monday,130,REAR END(VEHICLES IN SAME LANE),1,775628,Not at intersection,3,80,Arterial Highway,STUD,KNOX,-37.89883,145.23312,2023,3,March,14,Midday,Weekday
T20230006054,2023-03-13,23:14:00,1,Collision with vehicle,1,Monday,169,OTHER ON PATH,5,760457,Not at intersection,3,50,Local Road,STEWART,MORELAND,-37.76439,144.97145,2023,3,March,23,Night,Weekday
T20230006024,2023-03-13,15:33:00,1,Collision with vehicle,1,Monday,137,LEFT TURN SIDESWIPE,1,38830,Cross intersection,2,40,Local Road,BELLAIR,MELBOURNE,-37.794468,144.93044,2023,3,March,15,Afternoon Peak,Weekday
T20230006077,2023-03-13,14:30:00,1,Collision with vehicle,1,Monday,130,REAR END(VEHICLES IN SAME LANE),1,763604,Cross intersection,2,60,Arterial Highway,NORTH,GLEN EIRA,-37.90813,145.07408,2023,3,March,14,Midday,Weekday
T20230006013,2023-03-13,13:45:00,4,Collision with a fixed object,1,Monday,171,LEFT OFF CARRIAGEWAY INTO OBJECT/PARKED VEHICLE,1,783912,T intersection,3,70,Arterial Other,MANNINGHAM,MANNINGHAM,-37.77283,145.10736,2023,3,March,13,Midday,Weekday
T20230006096,2023-03-13,15:00:00,1,Collision with vehicle,1,Monday,163,VEHICLE STRIKES DOOR OF PARKED/STATIONARY VEHICLE,1,760584,Not at intersection,3,60,Arterial Other,CHURCH,YARRA,-37.817833,144.99931,2023,3,March,15,Afternoon Peak,Weekday
T20230006790,2023-03-13,19:30:00,4,Collision with a fixed object,1,Monday,171,LEFT OFF CARRIAGEWAY INTO OBJECT/PARKED VEHICLE,2,762612,Not at intersection,3,100,Local Road,ARMSTRONG,SHEPPARTON,-36.456978,145.51053,2023,3,March,19,Night,Weekday
T20230006015,2023-03-13,11:30:00,4,Collision with a fixed object,1,Monday,181,OFF RIGHT BEND INTO OBJECT/PARKED VEHICLE,1,784291,Not at intersection,3,100,Arterial Other,GEMBROOK-LAUNCHING PLACE,CARDINIA,-37.907654,145.58333,2023,3,March,11,Midday,Weekday
T20230006052,2023-03-13,23:45:00,1,Collision with vehicle,1,Monday,110,CROSS TRAFFIC(INTERSECTIONS ONLY),3,67571,Cross intersection,3,70,Arterial Highway,DANDENONG,STONNINGTON,-37.85887,145.00139,2023,3,March,23,Night,Weekday
T20230006028,2023-03-13,12:40:00,1,Collision with vehicle,1,Monday,147,VEHICLE STRIKES ANOTHER VEH WHILE EMERGING FROM DRIVEWAY,1,761270,Not at intersection,2,80,Arterial Highway,FRANKSTON-DANDENONG,FRANKSTON,-38.11204,145.15833,2023,3,March,12,Midday,Weekday
T20230006049,2023-03-13,16:20:00,8,No collision and no object struck,1,Monday,180,OFF CARRIAGEWAY ON RIGHT BEND,1,780818,Not at intersection,2,100,Local Road,SPRINGS,WELLINGTON,-37.823322,146.52861,2023,3,March,16,Afternoon Peak,Weekday
T20230006046,2023-03-13,21:23:00,1,Collision with vehicle,1,Monday,110,CROSS TRAFFIC(INTERSECTIONS ONLY),3,41549,Cross intersection,2,60,Arterial Highway,WARRIGAL,STONNINGTON,-37.88028,145.09076,2023,3,March,21,Night,Weekday
T20230006043,2023-03-13,13:32:00,1,Collision with vehicle,1,Monday,130,REAR END(VEHICLES IN SAME LANE),1,780820,Not at intersection,3,70,Arterial Other,MAHONEYS,DAREBIN,-37.692913,144.99121,2023,3,March,13,Midday,Weekday
T20230006027,2023-03-13,16:00:00,4,Collision with a fixed object,1,Monday,181,OFF RIGHT BEND INTO OBJECT/PARKED VEHICLE,1,765149,Not at intersection,2,60,Arterial Other,KINGSBURY,DAREBIN,-37.724895,145.04669,2023,3,March,16,Afternoon Peak,Weekday
T20230006300,2023-03-13,10:45:00,1,Collision with vehicle,1,Monday,163,VEHICLE STRIKES DOOR OF PARKED/STATIONARY VEHICLE,1,767598,Not at intersection,3,40,Local Road,LITTLE LONSDALE,MELBOURNE,-37.811943,144.95963,2023,3,March,10,Midday,Weekday
T20230006042,2023-03-13,16:35:00,1,Collision with vehicle,1,Monday,113,RIGHT NEAR (INTERSECTIONS ONLY),1,302508,T intersection,3,80,Arterial Other,BERWICK-CRANBOURNE,CASEY,-38.118294,145.32361,2023,3,March,16,Afternoon Peak,Weekday
T20230005989,2023-03-13,09:28:00,1,Collision with vehicle,1,Monday,110,CROSS TRAFFIC(INTERSECTIONS ONLY),1,304737,Cross intersection,2,80,Local Road,POWER,CASEY,-37.97314,145.24226,2023,3,March,9,Morning Peak,Weekday
T20230006040,2023-03-13,16:50:00,1,Collision with vehicle,1,Monday,132,RIGHT REAR.,1,42058,Y intersection,2,60,Arterial Other,BEACH,BAYSIDE,-37.95078,145.00247,2023,3,March,16,Afternoon Peak,Weekday
T20230005990,2023-03-13,07:35:00,4,Collision with a fixed object,1,Monday,183,OFF LEFT BEND INTO OBJECT/PARKED VEHICLE,2,775161,Not at intersection,3,100,Local Road,GLENROWAN-MOYHU,WANGARATTA,-36.52473,146.2297,2023,3,March,7,Morning Peak,Weekday
T20230006138,2023-03-14,15:10:00,1,Collision with vehicle,2,Tuesday,110,CROSS TRAFFIC(INTERSECTIONS ONLY),1,73577,Cross intersection,3,80,Local Road,BACK LARPENT,COLAC OTWAY,-38.350246,143.55771,2023,3,March,15,Afternoon Peak,Weekday
T20230006444,2023-03-14,17:25:00,1,Collision with vehicle,2,Tuesday,130,REAR END(VEHICLES IN SAME LANE),2,777323,Not at intersection,3,100,Freeway,EASTERN,BOROONDARA,-37.78719,145.05661,2023,3,March,17,Afternoon Peak,Weekday
T20230007058,2023-03-14,14:30:00,1,Collision with vehicle,2,Tuesday,148,VEHICLE OFF FOOTPATH STRIKES VEH ON CARRIAGEWAY,1,70029,Cross intersection,3,50,Local Road,BAKERS,DANDENONG,-37.94926,145.19716,2023,3,March,14,Midday,Weekday
T20230006179,2023-03-14,15:40:00,1,Collision with vehicle,2,Tuesday,120,HEAD ON (NOT OVERTAKING),1,771668,Not at intersection,2,100,Arterial Highway,HAMILTON,GOLDEN PLAINS,-38.12347,144.22789,2023,3,March,15,Afternoon Peak,Weekday
T20230013900,2023-03-14,15:10:00,1,Collision with vehicle,2,Tuesday,131,LEFT REAR,1,776083,Not at intersection,3,60,Local Road,MONASH,LATROBE,-38.181953,146.29727,2023,3,March,15,Afternoon Peak,Weekday
T20230022592,2023-03-14,14:40:00,1,Collision with vehicle,2,Tuesday,121,RIGHT THROUGH,1,38153,Cross intersection,3,60,Arterial Other,WATERDALE,BANYULE,-37.74639,145.04703,2023,3,March,14,Midday,Weekday
T20230006182,2023-03-14,19:15:00,1,Collision with vehicle,2,Tuesday,110,CROSS TRAFFIC(INTERSECTIONS ONLY),2,780916,Cross intersection,3,70,Local Road,TRAWALLA,MAROONDAH,-37.80118,145.30154,2023,3,March,19,Night,Weekday