ACCIDENT_NO,ACCIDENT_DATE,ACCIDENT_TIME,ACCIDENT_TYPE,ACCIDENT_TYPE_DESC,DAY_OF_WEEK,DAY_WEEK_DESC,DCA_CODE,DCA_DESC,LIGHT_CONDITION,NODE_ID,ROAD_GEOMETRY_DESC,SEVERITY,SPEED_ZONE,RMA,ROAD_NAME,LGA_NAME,LATITUDE,LONGITUDE,YEAR,MONTH,MONTH_NAME,HOUR,TIME_PERIOD,DAY_TYPE
T20230006136,2023-03-14,16:30:00,1,Collision with vehicle,2,Tuesday,132,RIGHT REAR.,1,777498,Cross intersection,2,80,Arterial Highway,NEPEAN,BAYSIDE,-37.906265,145.00865,2023,3,March,16,Afternoon Peak,Weekday
T20230006145,2023-03-14,18:00:00,1,Collision with vehicle,2,Tuesday,130,REAR END(VEHICLES IN SAME LANE),1,779355,Not at intersection,3,60,Local Road,MILLER,KNOX,-37.85244,145.3004,2023,3,March,18,Afternoon Peak,Weekday
T20230006086,2023-03-14,08:50:00,1,Collision with vehicle,2,Tuesday,130,REAR END(VEHICLES IN SAME LANE),1,780913,Not at intersection,2,60,Arterial Other,MELBOURNE,HOBSONS BAY,-37.829876,144.88142,2023,3,March,8,Morning Peak,Weekday
T20230006139,2023-03-14,18:05:00,1,Collision with vehicle,2,Tuesday,113,RIGHT NEAR (INTERSECTIONS ONLY),1,54214,T intersection,3,40,Arterial Other,NARRE WARREN,CASEY,-38.096836,145.29303,2023,3,March,18,Afternoon Peak,Weekday
T20230006060,2023-03-14,06:25:00,1,Collision with vehicle,2,Tuesday,113,RIGHT NEAR (INTERSECTIONS ONLY),3,38057,Cross intersection,2,60,Arterial Other,ALBERT,DAREBIN,-37.75101,145.02118,2023,3,March,6,Morning Peak,Weekday
T20230006067,2023-03-14,09:20:00,2,Struck Pedestrian,2,Tuesday,107,PED ON FOOTHPATH STRUCK BY VEHENTERING/LEAVING DRIVEWAY.,1,760582,T intersection,2,50,Local Road,VICKERY,MURRINDINDI,-37.1906,145.70558,2023,3,March,9,Morning Peak,Weekday
T20230006069,2023-03-14,09:20:00,1,Collision with vehicle,2,Tuesday,130,REAR END(VEHICLES IN SAME LANE),1,780911,Not at intersection,2,60,Arterial Other,LONSDALE,MORNINGTON PENINSULA,-38.355747,144.92648,2023,3,March,9,Morning Peak,Weekday
T20230006544,2023-03-14,19:53:00,1,Collision with vehicle,2,Tuesday,147,VEHICLE STRIKES ANOTHER VEH WHILE EMERGING FROM DRIVEWAY,2,766458,Not at intersection,3,60,Local Road,SAYERS,WYNDHAM,-37.84839,144.68759,2023,3,March,19,Night,Weekday
T20230012181,2023-03-14,13:00:00,8,No collision and no object struck,2,Tuesday,174,OUT OF CONTROL ON CARRIAGEWAY (ON STRAIGHT),1,775261,Not at intersection,3,40,Arterial Other,SYDNEY,MORELAND,-37.77541,144.96072,2023,3,March,13,Midday,Weekday
T20230006074,2023-03-14,07:26:00,1,Collision with vehicle,2,Tuesday,137,LEFT TURN SIDESWIPE,2,36230,Cross intersection,2,40,Arterial Other,ELIZABETH,MELBOURNE,-37.806293,144.9595,2023,3,March,7,Morning Peak,Weekday
T20230006079,2023-03-14,09:33:00,1,Collision with vehicle,2,Tuesday,121,RIGHT THROUGH,1,41552,T intersection,3,60,Arterial Highway,WARRIGAL,MONASH,-37.886997,145.08939,2023,3,March,9,Morning Peak,Weekday
T20230008621,2023-03-14,08:30:00,1,Collision with vehicle,2,Tuesday,135,LANE CHANGE LEFT (NOT OVERTAKING),2,67124,T intersection,3,60,Arterial Other,ORRONG,STONNINGTON,-37.846943,145.01279,2023,3,March,8,Morning Peak,Weekday
T20230006474,2023-03-14,11:58:00,1,Collision with vehicle,2,Tuesday,110,CROSS TRAFFIC(INTERSECTIONS ONLY),1,306769,Cross intersection,3,50,Local Road,GROSSMANS,SURF COAST,-38.32141,144.31122,2023,3,March,11,Midday,Weekday
T20230006149,2023-03-14,20:40:00,1,Collision with vehicle,2,Tuesday,130,REAR END(VEHICLES IN SAME LANE),2,780915,Not at intersection,3,60,Local Road,FINDON,WHITTLESEA,-37.63809,145.03085,2023,3,March,20,Night,Weekday
T20230006618,2023-03-14,09:00:00,1,Collision with vehicle,2,Tuesday,130,REAR END(VEHICLES IN SAME LANE),1,776383,Cross intersection,3,70,Arterial Other,CANTERBURY ROAD SERVICE,MAROONDAH,-37.826546,145.25659,2023,3,March,9,Morning Peak,Weekday
T20230006216,2023-03-14,06:30:00,2,Struck Pedestrian,2,Tuesday,100,PED NEAR SIDE. PED HIT BY VEHICLE FROM THE RIGHT.,2,780917,Cross intersection,3,60,Arterial Other,WARRIGAL,WHITEHORSE,-37.836044,145.09819,2023,3,March,6,Morning Peak,Weekday
T20230006157,2023-03-14,22:30:00,4,Collision with a fixed object,2,Tuesday,181,OFF RIGHT BEND INTO OBJECT/PARKED VEHICLE,5,775262,Not at intersection,3,80,Local Road,GUYS HILL,BENDIGO,-36.78974,144.32231,2023,3,March,22,Night,Weekday
T20230006108,2023-03-14,11:40:00,1,Collision with vehicle,2,Tuesday,130,REAR END(VEHICLES IN SAME LANE),1,780914,Not at intersection,3,70,Arterial Other,SYDNEY,HUME,-37.672943,144.95561,2023,3,March,11,Midday,Weekday
T20230006124,2023-03-14,13:00:00,1,Collision with vehicle,2,Tuesday,130,REAR END(VEHICLES IN SAME LANE),1,781299,Not at intersection,2,100,Freeway,WESTERN RING,BRIMBANK,-37.738247,144.85133,2023,3,March,13,Midday,Weekday
T20230006653,2023-03-14,14:50:00,4,Collision with a fixed object,2,Tuesday,173,RIGHT OFF CARRIAGEWAY INTO OBJECT/PARKED VEHICLE,1,762729,Not at intersection,2,80,Local Road,WINDERMERE,GEELONG,-38.010376,144.4138,2023,3,March,14,Midday,Weekday
T20230006119,2023-03-14,08:30:00,4,Collision with a fixed object,2,Tuesday,181,OFF RIGHT BEND INTO OBJECT/PARKED VEHICLE,1,778053,Not at intersection,1,100,Arterial Highway,SOUTH GIPPSLAND,SOUTH GIPPSLAND,-38.63998,146.51883,2023,3,March,8,Morning Peak,Weekday
T20230006104,2023-03-14,12:11:00,1,Collision with vehicle,2,Tuesday,121,RIGHT THROUGH,1,52682,Cross intersection,2,60,Arterial Highway,LONGFIELD,NORTHERN GRAMPIANS,-37.064175,142.76505,2023,3,March,12,Midday,Weekday
T20230006102,2023-03-14,12:07:00,1,Collision with vehicle,2,Tuesday,113,RIGHT NEAR (INTERSECTIONS ONLY),1,775414,T intersection,2,60,Local Road,HAMMOND,DANDENONG,-38.028564,145.20277,2023,3,March,12,Midday,Weekday
T20230006091,2023-03-14,07:52:00,1,Collision with vehicle,2,Tuesday,120,HEAD ON (NOT OVERTAKING),1,761478,Not at intersection,3,100,Arterial Other,BALLARAT-MARYBOROUGH,BALLARAT,-37.46429,143.80153,2023,3,March,7,Morning Peak,Weekday
T20230006134,2023-03-14,15:17:00,8,No collision and no object struck,2,Tuesday,174,OUT OF CONTROL ON CARRIAGEWAY (ON STRAIGHT),1,760712,Not at intersection,2,60,Arterial Other,BELGRAVE-GEMBROOK,YARRA RANGES,-37.911274,145.36157,2023,3,March,15,Afternoon Peak,Weekday
T20230006095,2023-03-14,06:40:00,1,Collision with vehicle,2,Tuesday,110,CROSS TRAFFIC(INTERSECTIONS ONLY),2,29626,Cross intersection,2,80,Arterial Highway,BURWOOD,KNOX,-37.8732,145.24783,2023,3,March,6,Morning Peak,Weekday
T20230006151,2023-03-14,15:00:00,7,Fall from or in moving vehicle,2,Tuesday,190,FELL IN/FROM VEHICLE,1,772446,Not at intersection,3,100,Arterial Highway,SUNRAYSIA,PYRENEES,-37.00765,143.3898,2023,3,March,15,Afternoon Peak,Weekday
T20230006094,2023-03-14,10:45:00,4,Collision with a fixed object,2,Tuesday,181,OFF RIGHT BEND INTO OBJECT/PARKED VEHICLE,1,784203,T intersection,3,60,Arterial Other,KANGAROO GROUND-WARRANDYTE,NILLUMBIK,-37.729004,145.23047,2023,3,March,10,Midday,Weekday
T20230006055,2023-03-14,05:15:00,3,Struck animal,2,Tuesday,167,STRUCK ANIMAL,2,777834,Cross intersection,2,80,Arterial Other,PLENTY,WHITTLESEA,-37.622925,145.09665,2023,3,March,5,Morning Peak,Weekday
T20230006084,2023-03-14,09:00:00,4,Collision with a fixed object,2,Tuesday,181,OFF RIGHT BEND INTO OBJECT/PARKED VEHICLE,1,784222,Not at intersection,3,100,Arterial Other,MANSFIELD-WHITFIELD,WANGARATTA,-36.87506,146.32288,2023,3,March,9,Morning Peak,Weekday
T20230006053,2023-03-14,02:01:00,1,Collision with vehicle,2,Tuesday,130,REAR END(VEHICLES IN SAME LANE),3,765031,Not at intersection,2,100,Freeway,MONASH,DANDENONG,-37.956215,145.22044,2023,3,March,2,Late Night,Weekday
T20230006118,2023-03-14,14:21:00,1,Collision with vehicle,2,Tuesday,160,VEHICLE COLLIDES WITH VEHICLE PARKED ON LEFT OF ROAD,1,760710,Not at intersection,2,50,Local Road,KENT,MORELAND,-37.720318,144.94186,2023,3,March,14,Midday,Weekday
T20230007479,2023-03-14,14:30:00,1,Collision with vehicle,2,Tuesday,113,RIGHT NEAR (INTERSECTIONS ONLY),1,784293,T intersection,3,60,Arterial Other,PARA,BANYULE,-37.725227,145.11208,2023,3,March,14,Midday,Weekday
T20230010217,2023-03-14,02:00:00,1,Collision with vehicle,2,Tuesday,130,REAR END(VEHICLES IN SAME LANE),3,778670,Not at intersection,3,50,Local Road,MONTANA,GEELONG,-38.07962,144.34935,2023,3,March,2,Late Night,Weekday
T20230006155,2023-03-14,06:00:00,1,Collision with vehicle,2,Tuesday,169,OTHER ON PATH,2,772083,Not at intersection,2,40,Arterial Other,CHURCH,YARRA,-37.824677,144.99811,2023,3,March,6,Morning Peak,Weekday
T20230006174,2023-03-14,17:15:00,1,Collision with vehicle,2,Tuesday,130,REAR END(VEHICLES IN SAME LANE),1,760953,T intersection,3,60,Arterial Other,WEST FYANS,GEELONG,-38.160168,144.34981,2023,3,March,17,Afternoon Peak,Weekday
T20230006111,2023-03-14,10:40:00,1,Collision with vehicle,2,Tuesday,112,LEFT FAR (INTERSECTIONS ONLY),1,54865,Cross intersection,2,50,Local Road,LYNCH,MOIRA,-36.009045,146.0073,2023,3,March,10,Midday,Weekday
T20230006113,2023-03-14,07:04:00,5,collision with some other object,2,Tuesday,166,STRUCK OBJECT ON CARRIAGEWAY,5,764813,Not at intersection,3,100,Local Road,BERRIWILLOCK-BIRCHIP,BULOKE,-35.81992,142.99525,2023,3,March,7,Morning Peak,Weekday
T20230006107,2023-03-14,10:23:00,1,Collision with vehicle,2,Tuesday,130,REAR END(VEHICLES IN SAME LANE),1,774159,Not at intersection,2,80,Arterial Highway,CHELTENHAM,DANDENONG,-37.994476,145.17572,2023,3,March,10,Midday,Weekday
T20230007044,2023-03-15,19:00:00,1,Collision with vehicle,3,Wednesday,130,REAR END(VEHICLES IN SAME LANE),2,783044,T intersection,3,60,Arterial Other,CLYDE,CASEY,-38.063095,145.33762,2023,3,March,19,Night,Weekday
T20230006188,2023-03-15,12:20:00,4,Collision with a fixed object,3,Wednesday,171,LEFT OFF CARRIAGEWAY INTO OBJECT/PARKED VEHICLE,1,761581,Not at intersection,3,50,Local Road,NEWHAVEN,WHITEHORSE,-37.85853,145.15706,2023,3,March,12,Midday,Weekday
T20230006373,2023-03-15,08:15:00,2,Struck Pedestrian,3,Wednesday,102,FAR SIDE. PED HIT BY VEHICLE FROM THE LEFT,1,783747,Cross intersection,3,40,Local Road,ANCORA IMPARO,MONASH,-37.91449,145.13513,2023,3,March,8,Morning Peak,Weekday
T20230006186,2023-03-15,11:45:00,2,Struck Pedestrian,3,Wednesday,101,PED EMERGES FROM IN FRONT OF PARKED OR STATIONARY VEHICLE,1,761379,Not at intersection,3,50,Local Road,COLLIVER,SHEPPARTON,-36.399433,145.40077,2023,3,March,11,Midday,Weekday
T20230007101,2023-03-15,07:30:00,1,Collision with vehicle,3,Wednesday,130,REAR END(VEHICLES IN SAME LANE),9,766228,Not at intersection,3,100,Freeway,MONASH,DANDENONG,-37.96361,145.23041,2023,3,March,7,Morning Peak,Weekday
T20240005783,2023-03-15,15:00:00,1,Collision with vehicle,3,Wednesday,116,LEFT NEAR (INTERSECTIONS ONLY),1,65785,T intersection,3,60,Arterial Other,ELGAR,WHITEHORSE,-37.81135,145.11603,2023,3,March,15,Afternoon Peak,Weekday
T20230006428,2023-03-15,21:25:00,1,Collision with vehicle,3,Wednesday,140,U TURN,3,43136,Cross intersection,3,80,Arterial Other,BARRY,HUME,-37.663754,144.92218,2023,3,March,21,Night,Weekday
T20230006170,2023-03-15,08:30:00,2,Struck Pedestrian,3,Wednesday,102,FAR SIDE. PED HIT BY VEHICLE FROM THE LEFT,1,761122,Not at intersection,3,60,Local Road,HOWARD,BENDIGO,-36.705624,144.31992,2023,3,March,8,Morning Peak,Weekday
T20230006582,2023-03-15,09:45:00,1,Collision with vehicle,3,Wednesday,130,REAR END(VEHICLES IN SAME LANE),1,59331,Cross intersection,3,50,Local Road,ARUNDEL,BENALLA,-36.549065,145.97446,2023,3,March,9,Morning Peak,Weekday
T20230006163,2023-03-15,06:34:00,1,Collision with vehicle,3,Wednesday,130,REAR END(VEHICLES IN SAME LANE),1,57726,Cross intersection,3,60,Arterial Highway,DANDENONG,DANDENONG,-37.99884,145.17447,2023,3,March,6,Morning Peak,Weekday
T20230006713,2023-03-15,22:55:00,1,Collision with vehicle,3,Wednesday,130,REAR END(VEHICLES IN SAME LANE),3,763607,Not at intersection,3,60,Arterial Other,LANSDOWNE,MELBOURNE,-37.810314,144.97826,2023,3,March,22,Night,Weekday
T20230008344,2023-03-15,13:00:00,7,Fall from or in moving vehicle,3,Wednesday,190,FELL IN/FROM VEHICLE,1,773562,Not at intersection,3,50,Local Road,BARRAND,COLAC OTWAY,-38.757465,143.6637,2023,3,March,13,Midday,Weekday
T20230010506,2023-03-15,19:15:00,1,Collision with vehicle,3,Wednesday,132,RIGHT REAR.,2,777827,T intersection,3,70,Arterial Other,SOMERTON,HUME,-37.640636,144.92981,2023,3,March,19,Night,Weekday
T20230006356,2023-03-15,22:00:00,2,Struck Pedestrian,3,Wednesday,103,PED PLAYING/LYING/WORKING/STANDING ON CARRIAGEWAY.,3,776748,Not at intersection,3,60,Arterial Other,ARNOLD,BENDIGO,-36.747787,144.27954,2023,3,March,22,Night,Weekday
T20230006158,2023-03-15,04:00:00,4,Collision with a fixed object,3,Wednesday,183,OFF LEFT BEND INTO OBJECT/PARKED VEHICLE,3,234955,Not at intersection,3,60,Arterial Highway,WURUNDJERI,MELBOURNE,-37.821835,144.95183,2023,3,March,4,Late Night,Weekday
T20230018231,2023-03-15,16:00:00,6,Vehicle overturned (no collision),3,Wednesday,174,OUT OF CONTROL ON CARRIAGEWAY (ON STRAIGHT),1,778466,Not at intersection,3,50,Local Road,CALLISTER,SHEPPARTON,-36.3838,145.41531,2023,3,March,16,Afternoon Peak,Weekday
T20230006418,2023-03-15,07:55:00,1,Collision with vehicle,3,Wednesday,147,VEHICLE STRIKES ANOTHER VEH WHILE EMERGING FROM DRIVEWAY,1,763724,Not at intersection,3,50,Local Road,CRIMMINS,MITCHELL,-37.30835,144.94666,2023,3,March,7,Morning Peak,Weekday
T20230006677,2023-03-15,08:45:00,1,Collision with vehicle,3,Wednesday,116,LEFT NEAR (INTERSECTIONS ONLY),1,783734,T intersection,3,60,Local Road,PLUNKETT,DANDENONG,-37.995953,145.22466,2023,3,March,8,Morning Peak,Weekday
T20230006822,2023-03-15,12:08:00,1,Collision with vehicle,3,Wednesday,140,U TURN,1,221437,T intersection,3,70,Arterial Other,SYDNEY,HUME,-37.678627,144.95665,2023,3,March,12,Midday,Weekday
T20230006230,2023-03-15,19:40:00,4,Collision with a fixed object,3,Wednesday,173,RIGHT OFF CARRIAGEWAY INTO OBJECT/PARKED VEHICLE,3,761159,Not at intersection,3,60,Arterial Other,SYDNEY,MORELAND,-37.717667,144.96254,2023,3,March,19,Night,Weekday
T20230006238,2023-03-15,20:02:00,1,Collision with vehicle,3,Wednesday,110,CROSS TRAFFIC(INTERSECTIONS ONLY),3,36057,Cross intersection,2,60,Arterial Other,DOHERTYS,WYNDHAM,-37.824944,144.74886,2023,3,March,20,Night,Weekday
T20230007540,2023-03-15,13:30:00,1,Collision with vehicle,3,Wednesday,130,REAR END(VEHICLES IN SAME LANE),9,777492,Cross intersection,3,70,Arterial Other,MELTON,MELTON,-37.691025,144.60463,2023,3,March,13,Midday,Weekday
T20230007111,2023-03-15,08:30:00,7,Fall from or in moving vehicle,3,Wednesday,190,FELL IN/FROM VEHICLE,1,783737,T intersection,3,100,Arterial Highway,MANKS,CASEY,-38.162735,145.3201,2023,3,March,8,Morning Peak,Weekday
T20230006680,2023-03-15,15:30:00,1,Collision with vehicle,3,Wednesday,147,VEHICLE STRIKES ANOTHER VEH WHILE EMERGING FROM DRIVEWAY,1,762265,Not at intersection,3,80,Arterial Other,BELGRAVE-HALLAM,CASEY,-38.005177,145.27357,2023,3,March,15,Afternoon Peak,Weekday
T20230007502,2023-03-15,18:40:00,7,Fall from or in moving vehicle,3,Wednesday,190,FELL IN/FROM VEHICLE,2,781242,Not at intersection,3,60,Arterial Other,BLACKBURN,MANNINGHAM,-37.790348,145.16174,2023,3,March,18,Afternoon Peak,Weekday
T20230007480,2023-03-15,11:20:00,8,No collision and no object struck,3,Wednesday,180,OFF CARRIAGEWAY ON RIGHT BEND,1,773947,Not at intersection,2,80,Arterial Other,BIRCHIP-SEA LAKE,BULOKE,-35.967384,142.92027,2023,3,March,11,Midday,Weekday
T20230006694,2023-03-15,16:30:00,1,Collision with vehicle,3,Wednesday,130,REAR END(VEHICLES IN SAME LANE),1,762268,Not at intersection,3,100,Freeway,MONASH,DANDENONG,-37.96042,145.22586,2023,3,March,16,Afternoon Peak,Weekday
T20230006242,2023-03-15,23:30:00,4,Collision with a fixed object,3,Wednesday,171,LEFT OFF CARRIAGEWAY INTO OBJECT/PARKED VEHICLE,5,797193,Not at intersection,2,60,Local Road,OLD WELLS,FRANKSTON,-38.091675,145.14632,2023,3,March,23,Night,Weekday
T20230006241,2023-03-15,03:52:00,4,Collision with a fixed object,3,Wednesday,173,RIGHT OFF CARRIAGEWAY INTO OBJECT/PARKED VEHICLE,5,776510,Not at intersection,2,80,Local Road,LOWER SOMERVILLE,MORNINGTON PENINSULA,-38.216152,145.19664,2023,3,March,3,Late Night,Weekday
T20230006239,2023-03-15,17:20:00,2,Struck Pedestrian,3,Wednesday,106,VEH STRIKES PED ON FOOTPATH/MEDIAN/TRAFFIC ISLAND.,1,770590,Not at intersection,2,50,Local Road,COOPER,NORTHERN GRAMPIANS,-37.06662,142.77501,2023,3,March,17,Afternoon Peak,Weekday
T20230006236,2023-03-15,21:12:00,6,Vehicle overturned (no collision),3,Wednesday,174,OUT OF CONTROL ON CARRIAGEWAY (ON STRAIGHT),3,769554,Not at intersection,2,40,Local Road,BONICA,WYNDHAM,-37.841354,144.70146,2023,3,March,21,Night,Weekday
T20230006235,2023-03-15,19:10:00,1,Collision with vehicle,3,Wednesday,163,VEHICLE STRIKES DOOR OF PARKED/STATIONARY VEHICLE,2,264240,Cross intersection,3,40,Local Road,COLLINS,MELBOURNE,-37.815536,144.96638,2023,3,March,19,Night,Weekday
T20230006232,2023-03-15,17:15:00,1,Collision with vehicle,3,Wednesday,113,RIGHT NEAR (INTERSECTIONS ONLY),1,42263,T intersection,3,60,Arterial Other,CHESTERVILLE,KINGSTON,-37.939053,145.06078,2023,3,March,17,Afternoon Peak,Weekday
T20230006221,2023-03-15,16:10:00,1,Collision with vehicle,3,Wednesday,120,HEAD ON (NOT OVERTAKING),1,772080,Not at intersection,2,70,Local Road,ERNST WANKE,CASEY,-37.99618,145.29791,2023,3,March,16,Afternoon Peak,Weekday
T20230006219,2023-03-15,17:30:00,1,Collision with vehicle,3,Wednesday,110,CROSS TRAFFIC(INTERSECTIONS ONLY),1,36169,Cross intersection,2,50,Local Road,CHETWYND,MELBOURNE,-37.805458,144.95221,2023,3,March,17,Afternoon Peak,Weekday
T20230006226,2023-03-15,05:30:00,1,Collision with vehicle,3,Wednesday,130,REAR END(VEHICLES IN SAME LANE),2,789913,Cross intersection,3,70,Local Road,ABBOTTS,DANDENONG,-38.034473,145.23459,2023,3,March,5,Morning Peak,Weekday
T20230006217,2023-03-15,16:30:00,1,Collision with vehicle,3,Wednesday,120,HEAD ON (NOT OVERTAKING),1,767821,Not at intersection,3,60,Arterial Other,HIGH,MITCHELL,-37.204945,145.0463,2023,3,March,16,Afternoon Peak,Weekday
T20230006225,2023-03-15,18:00:00,1,Collision with vehicle,3,Wednesday,110,CROSS TRAFFIC(INTERSECTIONS ONLY),2,239620,Cross intersection,3,70,Arterial Highway,NORTHERN,CAMPASPE,-36.35758,144.69713,2023,3,March,18,Afternoon Peak,Weekday
T20230006214,2023-03-15,16:20:00,1,Collision with vehicle,3,Wednesday,121,RIGHT THROUGH,1,763489,Not at intersection,2,60,Local Road,QUEEN,COLAC OTWAY,-38.350883,143.59087,2023,3,March,16,Afternoon Peak,Weekday
T20230006212,2023-03-15,15:29:00,1,Collision with vehicle,3,Wednesday,130,REAR END(VEHICLES IN SAME LANE),1,780376,Not at intersection,2,100,Freeway,WESTERN RING,BRIMBANK,-37.808292,144.8079,2023,3,March,15,Afternoon Peak,Weekday
T20230006199,2023-03-15,06:30:00,1,Collision with vehicle,3,Wednesday,139,OTHER SAME DIRECTION-MANOUEVRES NOT INCLUDED IN DCAs 130-137,3,762496,Not at intersection,3,60,Arterial Highway,POINT NEPEAN,MORNINGTON PENINSULA,-38.36112,144.88562,2023,3,March,6,Morning Peak,Weekday
T20230006197,2023-03-15,10:35:00,1,Collision with vehicle,3,Wednesday,143,ENTERING PARKING,1,761158,Not at intersection,2,60,Arterial Other,WHITEHORSE,BOROONDARA,-37.813023,145.08284,2023,3,March,10,Midday,Weekday
T20230006195,2023-03-15,12:11:00,4,Collision with a fixed object,3,Wednesday,171,LEFT OFF CARRIAGEWAY INTO OBJECT/PARKED VEHICLE,1,761263,T intersection,2,60,Local Road,WEDGE,FRANKSTON,-38.08823,145.20209,2023,3,March,12,Midday,Weekday
T20230006189,2023-03-15,11:45:00,1,Collision with vehicle,3,Wednesday,132,RIGHT REAR.,1,762610,T intersection,3,60,Arterial Other,BALLARTO,CASEY,-38.135803,145.34297,2023,3,March,11,Midday,Weekday
T20230006438,2023-03-16,20:55:00,4,Collision with a fixed object,4,Thursday,183,OFF LEFT BEND INTO OBJECT/PARKED VEHICLE,3,783815,Not at intersection,2,50,Local Road,MOUNT VIEW,MAROONDAH,-37.785122,145.30174,2023,3,March,20,Night,Weekday
T20230006273,2023-03-16,07:30:00,1,Collision with vehicle,4,Thursday,130,REAR END(VEHICLES IN SAME LANE),1,781363,T intersection,2,60,Arterial Other,DYNON,MELBOURNE,-37.80368,144.93211,2023,3,March,7,Morning Peak,Weekday
T20230006271,2023-03-16,12:30:00,4,Collision with a fixed object,4,Thursday,173,RIGHT OFF CARRIAGEWAY INTO OBJECT/PARKED VEHICLE,1,761266,Not at intersection,3,50,Local Road,CURNOW,BENDIGO,-36.759705,144.25539,2023,3,March,12,Midday,Weekday
T20230013983,2023-03-16,16:50:00,1,Collision with vehicle,4,Thursday,130,REAR END(VEHICLES IN SAME LANE),1,778223,Not at intersection,3,60,Local Road,ONTARIO,MILDURA,-34.197403,142.1278,2023,3,March,16,Afternoon Peak,Weekday
T20230006460,2023-03-16,20:45:00,1,Collision with vehicle,4,Thursday,139,OTHER SAME DIRECTION-MANOUEVRES NOT INCLUDED IN DCAs 130-137,3,773841,T intersection,2,70,Arterial Other,SYDNEY,MORELAND,-37.694782,144.95879,2023,3,March,20,Night,Weekday
T20230010120,2023-03-16,17:40:00,1,Collision with vehicle,4,Thursday,130,REAR END(VEHICLES IN SAME LANE),1,771958,Not at intersection,3,40,Local Road,LANGRIDGE,YARRA,-37.807095,144.9911,2023,3,March,17,Afternoon Peak,Weekday
T20230007717,2023-03-16,09:00:00,1,Collision with vehicle,4,Thursday,130,REAR END(VEHICLES IN SAME LANE),1,36992,Cross intersection,3,60,Freeway,BATMAN,MELBOURNE,-37.81601,144.97238,2023,3,March,9,Morning Peak,Weekday
T20230006263,2023-03-16,11:05:00,2,Struck Pedestrian,4,Thursday,100,PED NEAR SIDE. PED HIT BY VEHICLE FROM THE RIGHT.,1,57533,Cross intersection,2,40,Arterial Highway,DANDENONG,GLEN EIRA,-37.878155,145.04735,2023,3,March,11,Midday,Weekday
T20230006323,2023-03-16,23:25:00,4,Collision with a fixed object,4,Thursday,171,LEFT OFF CARRIAGEWAY INTO OBJECT/PARKED VEHICLE,3,781291,Not at intersection,2,40,Arterial Other,CAMBERWELL,BOROONDARA,-37.82778,145.05258,2023,3,March,23,Night,Weekday
T20230006324,2023-03-16,23:28:00,4,Collision with a fixed object,4,Thursday,179,OTHER ACCIDENTS-OFF STRAIGHT NOT INCLUDED IN DCAs 170-175,3,56491,Cross intersection,2,60,Local Road,MYRTLE,DAREBIN,-37.730103,144.99843,2023,3,March,23,Night,Weekday
T20230006573,2023-03-16,14:30:00,6,Vehicle overturned (no collision),4,Thursday,179,OTHER ACCIDENTS-OFF STRAIGHT NOT INCLUDED IN DCAs 170-175,1,762019,Not at intersection,2,60,Arterial Other,KILMORE,MACEDON RANGES,-37.41459,144.74747,2023,3,March,14,Midday,Weekday
T20230006313,2023-03-16,20:10:00,1,Collision with vehicle,4,Thursday,110,CROSS TRAFFIC(INTERSECTIONS ONLY),3,44594,Cross intersection,3,60,Arterial Highway,SKIPTON,BALLARAT,-37.579613,143.84206,2023,3,March,20,Night,Weekday
T20230006301,2023-03-16,17:41:00,1,Collision with vehicle,4,Thursday,132,RIGHT REAR.,1,781294,Not at intersection,2,60,Arterial Other,SETTLEMENT,WHITTLESEA,-37.694717,145.04184,2023,3,March,17,Afternoon Peak,Weekday
T20230006261,2023-03-16,06:40:00,1,Collision with vehicle,4,Thursday,110,CROSS TRAFFIC(INTERSECTIONS ONLY),3,52919,Cross intersection,3,60,Arterial Other,GRANT,BALLARAT,-37.567146,143.85826,2023,3,March,6,Morning Peak,Weekday
T20230006690,2023-03-16,17:00:00,1,Collision with vehicle,4,Thursday,130,REAR END(VEHICLES IN SAME LANE),1,762267,Not at intersection,3,60,Arterial Highway,YORK,WELLINGTON,-38.10243,147.06805,2023,3,March,17,Afternoon Peak,Weekday
T20230006295,2023-03-16,17:00:00,1,Collision with vehicle,4,Thursday,121,RIGHT THROUGH,1,42287,T intersection,3,60,Arterial Other,CENTRE,GLEN EIRA,-37.922737,145.07158,2023,3,March,17,Afternoon Peak,Weekday
T20230009325,2023-03-16,17:20:00,1,Collision with vehicle,4,Thursday,130,REAR END(VEHICLES IN SAME LANE),2,781042,T intersection,3,50,Local Road,CARRICK,HUME,-37.69768,144.89066,2023,3,March,17,Afternoon Peak,Weekday
T20230006259,2023-03-16,09:30:00,1,Collision with vehicle,4,Thursday,130,REAR END(VEHICLES IN SAME LANE),1,761231,Not at intersection,3,60,Arterial Other,COOPER,WHITTLESEA,-37.651134,145.01549,2023,3,March,9,Morning Peak,Weekday
T20230006258,2023-03-16,10:20:00,1,Collision with vehicle,4,Thursday,130,REAR END(VEHICLES IN SAME LANE),1,761161,T intersection,3,60,Arterial Other,CENTRE DANDENONG,KINGSTON,-37.968506,145.08095,2023,3,March,10,Midday,Weekday
T20230006768,2023-03-16,11:50:00,1,Collision with vehicle,4,Thursday,130,REAR END(VEHICLES IN SAME LANE),1,765303,Not at intersection,3,60,Arterial Highway,NAPIER,BENDIGO,-36.749554,144.29092,2023,3,March,11,Midday,Weekday