ACCIDENT_NO,ACCIDENT_DATE,ACCIDENT_TIME,ACCIDENT_TYPE,ACCIDENT_TYPE_DESC,DAY_OF_WEEK,DAY_WEEK_DESC,DCA_CODE,DCA_DESC,LIGHT_CONDITION,NODE_ID,ROAD_GEOMETRY_DESC,SEVERITY,SPEED_ZONE,RMA,ROAD_NAME,LGA_NAME,LATITUDE,LONGITUDE,YEAR,MONTH,MONTH_NAME,HOUR,TIME_PERIOD,DAY_TYPE
T20230006837,2023-03-16,15:40:00,1,Collision with vehicle,4,Thursday,114,TWO RIGHT TURNING (INTERSECTIONS ONLY),1,43989,T intersection,2,60,Local Road,RACECOURSE,MORNINGTON PENINSULA,-38.23511,145.06769,2023,3,March,15,Afternoon Peak,Weekday
T20230006252,2023-03-16,09:26:00,1,Collision with vehicle,4,Thursday,119,OTHER ADJACENT (INTERSECTIONS ONLY),1,40761,T intersection,3,70,Arterial Highway,BURWOOD,WHITEHORSE,-37.85209,145.14874,2023,3,March,9,Morning Peak,Weekday
T20230006292,2023-03-16,12:17:00,1,Collision with vehicle,4,Thursday,113,RIGHT NEAR (INTERSECTIONS ONLY),1,343497,T intersection,3,60,Arterial Other,PRINCES,BAW BAW,-38.13015,145.8497,2023,3,March,12,Midday,Weekday
T20230006319,2023-03-16,17:45:00,4,Collision with a fixed object,4,Thursday,171,LEFT OFF CARRIAGEWAY INTO OBJECT/PARKED VEHICLE,1,772447,Not at intersection,2,40,Local Road,CHESTNUT,CASEY,-37.99182,145.23357,2023,3,March,17,Afternoon Peak,Weekday
T20230006314,2023-03-16,18:55:00,1,Collision with vehicle,4,Thursday,110,CROSS TRAFFIC(INTERSECTIONS ONLY),1,50853,Cross intersection,3,100,Arterial Other,KATAMATITE-NATHALIA,MOIRA,-36.099243,145.5315,2023,3,March,18,Afternoon Peak,Weekday
T20230006451,2023-03-16,14:00:00,4,Collision with a fixed object,4,Thursday,173,RIGHT OFF CARRIAGEWAY INTO OBJECT/PARKED VEHICLE,1,783807,Not at intersection,3,100,Local Road,OLD WILBY,MOIRA,-36.063545,146.01369,2023,3,March,14,Midday,Weekday
T20230006264,2023-03-16,08:15:00,1,Collision with vehicle,4,Thursday,135,LANE CHANGE LEFT (NOT OVERTAKING),1,85140,Not at intersection,2,80,Arterial Highway,GEELONG,MARIBYRNONG,-37.80388,144.88298,2023,3,March,8,Morning Peak,Weekday
T20230006289,2023-03-16,15:00:00,1,Collision with vehicle,4,Thursday,130,REAR END(VEHICLES IN SAME LANE),1,761229,Not at intersection,3,80,Arterial Other,MAIN WHITTLESEA,WHITTLESEA,-37.676334,145.0699,2023,3,March,15,Afternoon Peak,Weekday
T20230007580,2023-03-16,14:45:00,1,Collision with vehicle,4,Thursday,121,RIGHT THROUGH,1,360179,T intersection,3,50,Arterial Other,DROUIN-WARRAGUL,BAW BAW,-38.16665,145.93658,2023,3,March,14,Midday,Weekday
T20230024597,2023-03-16,15:14:00,1,Collision with vehicle,4,Thursday,140,U TURN,1,786054,Not at intersection,3,50,Arterial Other,MAIN,BRIMBANK,-37.744038,144.7983,2023,3,March,15,Afternoon Peak,Weekday
T20230009042,2023-03-16,14:00:00,1,Collision with vehicle,4,Thursday,129,OTHER OPPOSING MANOEUVRES NOT INCLUDED IN DCAs 120-125.,1,42762,Cross intersection,3,60,Arterial Other,BALCOMBE,KINGSTON,-37.980923,145.06198,2023,3,March,14,Midday,Weekday
T20230006278,2023-03-16,13:10:00,1,Collision with vehicle,4,Thursday,113,RIGHT NEAR (INTERSECTIONS ONLY),1,600169,Cross intersection,2,70,Arterial Highway,JAMES,GEELONG,-38.18282,144.33476,2023,3,March,13,Midday,Weekday
T20230006276,2023-03-16,08:30:00,4,Collision with a fixed object,4,Thursday,175,OFF END OF ROAD/T-INTERSECTION.,1,775128,T intersection,2,80,Local Road,HARDYS,BENDIGO,-36.7001,144.13966,2023,3,March,8,Morning Peak,Weekday
T20230008257,2023-03-16,15:11:00,1,Collision with vehicle,4,Thursday,139,OTHER SAME DIRECTION-MANOUEVRES NOT INCLUDED IN DCAs 130-137,1,781243,Not at intersection,3,60,Local Road,NEWBURY,HUME,-37.568695,144.90955,2023,3,March,15,Afternoon Peak,Weekday
T20230006315,2023-03-16,20:35:00,8,No collision and no object struck,4,Thursday,174,OUT OF CONTROL ON CARRIAGEWAY (ON STRAIGHT),3,761273,Not at intersection,2,40,Arterial Other,MT ALEXANDER,MOONEE VALLEY,-37.777664,144.92984,2023,3,March,20,Night,Weekday
T20230006523,2023-03-17,17:30:00,1,Collision with vehicle,5,Friday,132,RIGHT REAR.,2,781240,Cross intersection,3,60,Arterial Other,WARREN,CAMPASPE,-36.12154,144.74239,2023,3,March,17,Afternoon Peak,Weekday
T20230006429,2023-03-17,23:30:00,4,Collision with a fixed object,5,Friday,171,LEFT OFF CARRIAGEWAY INTO OBJECT/PARKED VEHICLE,3,764337,Not at intersection,3,80,Local Road,DIGGERS,WYNDHAM,-37.94479,144.68922,2023,3,March,23,Night,Weekday
T20230006965,2023-03-17,19:45:00,1,Collision with vehicle,5,Friday,135,LANE CHANGE LEFT (NOT OVERTAKING),2,781241,Not at intersection,3,50,Arterial Other,KINGSBURY,DAREBIN,-37.717094,145.04335,2023,3,March,19,Night,Weekday
T20230006475,2023-03-17,20:20:00,2,Struck Pedestrian,5,Friday,100,PED NEAR SIDE. PED HIT BY VEHICLE FROM THE RIGHT.,6,762939,Not at intersection,2,50,Local Road,PARSONS,DANDENONG,-37.9466,145.15099,2023,3,March,20,Night,Weekday
T20230006470,2023-03-17,20:25:00,1,Collision with vehicle,5,Friday,116,LEFT NEAR (INTERSECTIONS ONLY),2,34977,T intersection,3,100,Arterial Highway,BASS,BASS COAST,-38.478825,145.47015,2023,3,March,20,Night,Weekday
T20230006378,2023-03-17,13:00:00,8,No collision and no object struck,5,Friday,189,OTHER ACCIDENTS ON CURVE NOT INCLUDED IN DCAs 180-184,1,761383,Not at intersection,3,80,Arterial Other,WOODS POINT,YARRA RANGES,-37.662605,145.85641,2023,3,March,13,Midday,Weekday
T20230006685,2023-03-17,16:20:00,1,Collision with vehicle,5,Friday,116,LEFT NEAR (INTERSECTIONS ONLY),9,38335,Cross intersection,3,70,Arterial Other,WILLIAMSONS,MANNINGHAM,-37.76203,145.1334,2023,3,March,16,Afternoon Peak,Weekday
T20230006539,2023-03-17,18:58:00,1,Collision with vehicle,5,Friday,145,REVERSING IN STREAM OF TRAFFIC,2,783840,Not at intersection,3,60,Local Road,ALCOCK,WYNDHAM,-37.828716,144.72638,2023,3,March,18,Afternoon Peak,Weekday
T20230008492,2023-03-17,07:40:00,4,Collision with a fixed object,5,Friday,171,LEFT OFF CARRIAGEWAY INTO OBJECT/PARKED VEHICLE,1,52746,Cross intersection,3,40,Local Road,FOREST,BALLARAT,-37.52787,143.83365,2023,3,March,7,Morning Peak,Weekday
T20230006326,2023-03-17,02:18:00,4,Collision with a fixed object,5,Friday,171,LEFT OFF CARRIAGEWAY INTO OBJECT/PARKED VEHICLE,3,781289,Not at intersection,2,80,Arterial Other,SYDNEY,HUME,-37.66934,144.95506,2023,3,March,2,Late Night,Weekday
T20230006327,2023-03-17,03:50:00,4,Collision with a fixed object,5,Friday,183,OFF LEFT BEND INTO OBJECT/PARKED VEHICLE,4,783827,Not at intersection,3,80,Freeway,METROPOLITAN RING,BANYULE,-37.691692,145.0893,2023,3,March,3,Late Night,Weekday
T20230006422,2023-03-17,22:34:00,1,Collision with vehicle,5,Friday,140,U TURN,3,783837,Not at intersection,3,60,Local Road,SWANSTON,MELBOURNE,-37.801186,144.96385,2023,3,March,22,Night,Weekday
T20230006330,2023-03-17,03:48:00,9,Other accident,5,Friday,149,OTHER MANOEUVRING NOT INCLUDED IN DCAs 140-148,5,40995,T intersection,3,40,Local Road,GLEN PARK,MAROONDAH,-37.832394,145.27747,2023,3,March,3,Late Night,Weekday
T20230007239,2023-03-17,17:32:00,1,Collision with vehicle,5,Friday,130,REAR END(VEHICLES IN SAME LANE),2,763729,Not at intersection,3,100,Freeway,HUME,WHITTLESEA,-37.633755,144.9934,2023,3,March,17,Afternoon Peak,Weekday
T20230006423,2023-03-17,23:00:00,1,Collision with vehicle,5,Friday,130,REAR END(VEHICLES IN SAME LANE),3,762261,Not at intersection,3,80,Arterial Highway,WELLINGTON,MONASH,-37.9152,145.13283,2023,3,March,23,Night,Weekday
T20230009263,2023-03-17,18:00:00,1,Collision with vehicle,5,Friday,130,REAR END(VEHICLES IN SAME LANE),1,331835,T intersection,3,80,Arterial Highway,GEELONG,HOBSONS BAY,-37.82219,144.82994,2023,3,March,18,Afternoon Peak,Weekday
T20230008521,2023-03-17,17:30:00,1,Collision with vehicle,5,Friday,130,REAR END(VEHICLES IN SAME LANE),9,71971,Cross intersection,3,50,Local Road,EASTERN BEACH,GEELONG,-38.145145,144.36455,2023,3,March,17,Afternoon Peak,Weekday
T20230006729,2023-03-17,15:30:00,1,Collision with vehicle,5,Friday,121,RIGHT THROUGH,1,37365,T intersection,2,60,Arterial Other,SWAN,YARRA,-37.827236,145.01718,2023,3,March,15,Afternoon Peak,Weekday
T20230006448,2023-03-17,20:15:00,4,Collision with a fixed object,5,Friday,175,OFF END OF ROAD/T-INTERSECTION.,6,761785,T intersection,2,100,Arterial Other,DIGGERS REST-COIMADAI,MELTON,-37.611996,144.56807,2023,3,March,20,Night,Weekday
T20230006412,2023-03-17,15:20:00,1,Collision with vehicle,5,Friday,110,CROSS TRAFFIC(INTERSECTIONS ONLY),1,762260,Cross intersection,3,50,Local Road,KEEN,BOROONDARA,-37.84929,145.06064,2023,3,March,15,Afternoon Peak,Weekday
T20230006347,2023-03-17,07:40:00,1,Collision with vehicle,5,Friday,147,VEHICLE STRIKES ANOTHER VEH WHILE EMERGING FROM DRIVEWAY,2,781238,Not at intersection,3,60,Arterial Other,HIGHBURY,MONASH,-37.85492,145.10878,2023,3,March,7,Morning Peak,Weekday
T20230006410,2023-03-17,20:40:00,1,Collision with vehicle,5,Friday,148,VEHICLE OFF FOOTPATH STRIKES VEH ON CARRIAGEWAY,3,763848,Not at intersection,3,60,Local Road,DOVETON,BALLARAT,-37.54767,143.85739,2023,3,March,20,Night,Weekday
T20230006350,2023-03-17,08:30:00,1,Collision with vehicle,5,Friday,130,REAR END(VEHICLES IN SAME LANE),1,778225,Not at intersection,3,80,Freeway,HUME,WHITTLESEA,-37.63334,144.99374,2023,3,March,8,Morning Peak,Weekday
T20230006354,2023-03-17,09:09:00,4,Collision with a fixed object,5,Friday,171,LEFT OFF CARRIAGEWAY INTO OBJECT/PARKED VEHICLE,1,775185,Not at intersection,2,100,Local Road,WATTLEVALE,STRATHBOGIE,-36.792862,145.08629,2023,3,March,9,Morning Peak,Weekday
T20230006588,2023-03-17,21:20:00,8,No collision and no object struck,5,Friday,172,OFF CARRIAGEWAY TO RIGHT,5,775605,Not at intersection,3,100,Arterial Highway,CALDER,LODDON,-36.46098,143.67737,2023,3,March,21,Night,Weekday
T20230006357,2023-03-17,08:20:00,1,Collision with vehicle,5,Friday,116,LEFT NEAR (INTERSECTIONS ONLY),1,783841,T intersection,2,80,Arterial Highway,SOUTH GIPPSLAND,CASEY,-38.159897,145.31856,2023,3,March,8,Morning Peak,Weekday
T20230006338,2023-03-17,06:46:00,1,Collision with vehicle,5,Friday,121,RIGHT THROUGH,2,763605,Cross intersection,3,60,Local Road,PARK,MORELAND,-37.778057,144.96034,2023,3,March,6,Morning Peak,Weekday
T20230006361,2023-03-17,08:11:00,1,Collision with vehicle,5,Friday,136,RIGHT TURN SIDESWIPE,1,763411,Not at intersection,2,50,Local Road,CAPITAL LINK,HUME,-37.65269,144.9565,2023,3,March,8,Morning Peak,Weekday
T20230006362,2023-03-17,08:30:00,1,Collision with vehicle,5,Friday,130,REAR END(VEHICLES IN SAME LANE),2,781239,Not at intersection,3,100,Freeway,WESTERN-WESTERN RING IN,BRIMBANK,-37.774456,144.79419,2023,3,March,8,Morning Peak,Weekday
T20230006405,2023-03-17,07:15:00,1,Collision with vehicle,5,Friday,110,CROSS TRAFFIC(INTERSECTIONS ONLY),1,311681,Cross intersection,3,50,Local Road,KENT,BALLARAT,-37.58393,143.83241,2023,3,March,7,Morning Peak,Weekday
T20230006363,2023-03-17,13:06:00,1,Collision with vehicle,5,Friday,148,VEHICLE OFF FOOTPATH STRIKES VEH ON CARRIAGEWAY,1,762372,Not at intersection,3,40,Local Road,ALBION,MORELAND,-37.76057,144.96089,2023,3,March,13,Midday,Weekday
T20230006383,2023-03-17,15:55:00,1,Collision with vehicle,5,Friday,132,RIGHT REAR.,1,315090,T intersection,3,100,Arterial Other,ECHUCA-MOOROOPNA,SHEPPARTON,-36.3333,145.3136,2023,3,March,15,Afternoon Peak,Weekday
T20230006404,2023-03-17,17:53:00,1,Collision with vehicle,5,Friday,130,REAR END(VEHICLES IN SAME LANE),2,29523,Y intersection,3,60,Arterial Other,BALLARAT,MARIBYRNONG,-37.792385,144.89348,2023,3,March,17,Afternoon Peak,Weekday
T20230006342,2023-03-17,06:50:00,1,Collision with vehicle,5,Friday,130,REAR END(VEHICLES IN SAME LANE),2,767267,Not at intersection,2,100,Freeway,METROPOLITAN RING,WHITTLESEA,-37.68845,144.9948,2023,3,March,6,Morning Peak,Weekday
T20230006388,2023-03-17,17:11:00,1,Collision with vehicle,5,Friday,110,CROSS TRAFFIC(INTERSECTIONS ONLY),1,42778,Cross intersection,3,50,Local Road,MENTONE,KINGSTON,-37.98817,145.06464,2023,3,March,17,Afternoon Peak,Weekday
T20230006344,2023-03-17,06:41:00,1,Collision with vehicle,5,Friday,130,REAR END(VEHICLES IN SAME LANE),2,317897,Not at intersection,3,100,Freeway,MONASH,MONASH,-37.931797,145.18776,2023,3,March,6,Morning Peak,Weekday
T20230006772,2023-03-17,13:30:00,1,Collision with vehicle,5,Friday,147,VEHICLE STRIKES ANOTHER VEH WHILE EMERGING FROM DRIVEWAY,9,764342,Not at intersection,3,70,Arterial Other,CAMP,HUME,-37.68931,144.9553,2023,3,March,13,Midday,Weekday
T20230006403,2023-03-17,19:50:00,1,Collision with vehicle,5,Friday,110,CROSS TRAFFIC(INTERSECTIONS ONLY),2,51288,Cross intersection,2,50,Arterial Highway,HIGH,MANSFIELD,-37.051495,146.08344,2023,3,March,19,Night,Weekday
T20230006402,2023-03-17,16:10:00,4,Collision with a fixed object,5,Friday,173,RIGHT OFF CARRIAGEWAY INTO OBJECT/PARKED VEHICLE,1,761753,Not at intersection,2,40,Local Road,WREATH,WYNDHAM,-37.821243,144.70125,2023,3,March,16,Afternoon Peak,Weekday
T20230006401,2023-03-17,19:00:00,1,Collision with vehicle,5,Friday,122,LEFT THROUGH,2,743768,T intersection,3,60,Local Road,CANTERBURY,GEELONG,-38.033405,144.38922,2023,3,March,19,Night,Weekday
T20230006400,2023-03-17,17:05:00,1,Collision with vehicle,5,Friday,121,RIGHT THROUGH,1,775394,Cross intersection,3,60,Local Road,WENTWORTH,CASEY,-38.074158,145.27136,2023,3,March,17,Afternoon Peak,Weekday
T20230006398,2023-03-17,17:25:00,1,Collision with vehicle,5,Friday,133,LANE SIDE SWIPE (VEHICLES IN PARALLEL LANES),1,783839,Not at intersection,2,60,Arterial Other,MURRUMBEENA,GLEN EIRA,-37.89313,145.06587,2023,3,March,17,Afternoon Peak,Weekday
T20230006395,2023-03-17,15:00:00,1,Collision with vehicle,5,Friday,130,REAR END(VEHICLES IN SAME LANE),1,779308,Not at intersection,3,70,Arterial Highway,BURWOOD,WHITEHORSE,-37.849934,145.11522,2023,3,March,15,Afternoon Peak,Weekday
T20230006450,2023-03-17,17:00:00,7,Fall from or in moving vehicle,5,Friday,190,FELL IN/FROM VEHICLE,1,205541,Not at intersection,3,60,Arterial Highway,QUEENS,PORT PHILLIP,-37.839138,144.97421,2023,3,March,17,Afternoon Peak,Weekday
T20230006415,2023-03-17,15:05:00,1,Collision with vehicle,5,Friday,150,HEAD ON(OVERTAKING),1,766779,Not at intersection,1,30,Arterial Other,RUSHWORTH-TATURA,CAMPASPE,-36.542183,145.02997,2023,3,March,15,Afternoon Peak,Weekday
T20230009857,2023-03-17,16:52:00,1,Collision with vehicle,5,Friday,113,RIGHT NEAR (INTERSECTIONS ONLY),1,42654,Cross intersection,3,60,Local Road,BRADY,DANDENONG,-37.955288,145.22284,2023,3,March,16,Afternoon Peak,Weekday
T20230006341,2023-03-17,08:46:00,1,Collision with vehicle,5,Friday,130,REAR END(VEHICLES IN SAME LANE),1,778443,Not at intersection,3,80,Arterial Other,CLYDE-FIVE WAYS,CASEY,-38.14814,145.32127,2023,3,March,8,Morning Peak,Weekday
T20230006379,2023-03-17,09:15:00,1,Collision with vehicle,5,Friday,136,RIGHT TURN SIDESWIPE,1,57777,T intersection,3,50,Local Road,PICKLES,PORT PHILLIP,-37.837708,144.94809,2023,3,March,9,Morning Peak,Weekday
T20230006371,2023-03-17,13:15:00,4,Collision with a fixed object,5,Friday,181,OFF RIGHT BEND INTO OBJECT/PARKED VEHICLE,1,777030,Not at intersection,2,100,Arterial Other,CARISBROOK-EDDINGTON,CENTRAL GOLDFIELDS,-37.01158,143.81528,2023,3,March,13,Midday,Weekday
T20230006503,2023-03-18,19:36:00,1,Collision with vehicle,6,Saturday,189,OTHER ACCIDENTS ON CURVE NOT INCLUDED IN DCAs 180-184,2,783908,Not at intersection,3,50,Local Road,RAYMOND MCMAHON,CASEY,-37.978107,145.26079,2023,3,March,19,Night,Weekend
T20230007160,2023-03-18,08:00:00,1,Collision with vehicle,6,Saturday,147,VEHICLE STRIKES ANOTHER VEH WHILE EMERGING FROM DRIVEWAY,1,770457,Not at intersection,2,60,Local Road,OLD MORNINGTON,MORNINGTON PENINSULA,-38.166588,145.10022,2023,3,March,8,Morning Peak,Weekend
T20230006430,2023-03-18,00:24:00,1,Collision with vehicle,6,Saturday,160,VEHICLE COLLIDES WITH VEHICLE PARKED ON LEFT OF ROAD,5,761584,Not at intersection,3,50,Local Road,WOOD,DAREBIN,-37.733696,145.00755,2023,3,March,0,Late Night,Weekend
T20230006434,2023-03-18,04:30:00,4,Collision with a fixed object,6,Saturday,171,LEFT OFF CARRIAGEWAY INTO OBJECT/PARKED VEHICLE,3,778505,Not at intersection,3,70,Arterial Other,DONNYBROOK,WHITTLESEA,-37.542606,144.96928,2023,3,March,4,Late Night,Weekend
T20230006436,2023-03-18,01:30:00,4,Collision with a fixed object,6,Saturday,171,LEFT OFF CARRIAGEWAY INTO OBJECT/PARKED VEHICLE,5,775105,Not at intersection,2,100,Local Road,LILLICO,BAW BAW,-38.1294,145.95786,2023,3,March,1,Late Night,Weekend
T20230006967,2023-03-18,14:00:00,1,Collision with vehicle,6,Saturday,130,REAR END(VEHICLES IN SAME LANE),1,783844,Not at intersection,3,80,Arterial Other,SOMERTON,HUME,-37.64138,144.93504,2023,3,March,14,Midday,Weekend
T20230007035,2023-03-18,18:00:00,1,Collision with vehicle,6,Saturday,130,REAR END(VEHICLES IN SAME LANE),2,763363,Not at intersection,3,100,Freeway,TULLAMARINE,MOONEE VALLEY,-37.712437,144.892,2023,3,March,18,Afternoon Peak,Weekend
T20230008068,2023-03-18,08:00:00,1,Collision with vehicle,6,Saturday,120,HEAD ON (NOT OVERTAKING),1,45789,T intersection,3,80,Freeway,PRINCES OUT-DUNCANS,WYNDHAM,-37.91312,144.68353,2023,3,March,8,Morning Peak,Weekend
T20230006447,2023-03-18,11:35:00,1,Collision with vehicle,6,Saturday,121,RIGHT THROUGH,1,44924,Cross intersection,3,60,Local Road,CAPE NELSON,GLENELG,-38.359856,141.60542,2023,3,March,11,Midday,Weekend
T20230006603,2023-03-18,09:30:00,8,No collision and no object struck,6,Saturday,174,OUT OF CONTROL ON CARRIAGEWAY (ON STRAIGHT),1,774004,Not at intersection,2,100,Local Road,BUNKER HILL,COLAC OTWAY,-38.54275,143.47714,2023,3,March,9,Morning Peak,Weekend
T20230007442,2023-03-18,15:30:00,1,Collision with vehicle,6,Saturday,135,LANE CHANGE LEFT (NOT OVERTAKING),1,775903,Cross intersection,3,60,Arterial Highway,PUNT,STONNINGTON,-37.85343,144.98372,2023,3,March,15,Afternoon Peak,Weekend
T20230006443,2023-03-18,10:15:00,1,Collision with vehicle,6,Saturday,121,RIGHT THROUGH,1,726280,Cross intersection,2,60,Arterial Highway,POWER,MELBOURNE,-37.82462,144.9638,2023,3,March,10,Midday,Weekend
T20230006577,2023-03-18,14:30:00,1,Collision with vehicle,6,Saturday,130,REAR END(VEHICLES IN SAME LANE),1,81618,Not at intersection,3,60,Local Road,ARTHURTON,DAREBIN,-37.768467,144.99174,2023,3,March,14,Midday,Weekend
T20230006491,2023-03-18,17:00:00,1,Collision with vehicle,6,Saturday,110,CROSS TRAFFIC(INTERSECTIONS ONLY),1,44232,Cross intersection,3,50,Local Road,DAVISSON,WHITTLESEA,-37.648956,145.02998,2023,3,March,17,Afternoon Peak,Weekend
T20230006490,2023-03-18,13:00:00,1,Collision with vehicle,6,Saturday,121,RIGHT THROUGH,1,63036,T intersection,3,60,Arterial Other,SYDNEY,MORELAND,-37.739502,144.96692,2023,3,March,13,Midday,Weekend
T20230006489,2023-03-18,20:50:00,4,Collision with a fixed object,6,Saturday,173,RIGHT OFF CARRIAGEWAY INTO OBJECT/PARKED VEHICLE,3,763583,Not at intersection,2,100,Freeway,EASTLINK,DANDENONG,-38.00106,145.1914,2023,3,March,20,Night,Weekend
T20230006481,2023-03-18,18:50:00,1,Collision with vehicle,6,Saturday,116,LEFT NEAR (INTERSECTIONS ONLY),2,770,T intersection,3,60,Arterial Other,JASPER,GLEN EIRA,-37.922592,145.04097,2023,3,March,18,Afternoon Peak,Weekend
T20230012482,2023-03-18,13:35:00,1,Collision with vehicle,6,Saturday,130,REAR END(VEHICLES IN SAME LANE),1,781247,Not at intersection,3,60,Local Road,VICTORIA,DAREBIN,-37.76545,145.01213,2023,3,March,13,Midday,Weekend
T20230006469,2023-03-18,14:05:00,1,Collision with vehicle,6,Saturday,147,VEHICLE STRIKES ANOTHER VEH WHILE EMERGING FROM DRIVEWAY,1,783847,Not at intersection,3,60,Local Road,BROWNS,DANDENONG,-37.94713,145.18768,2023,3,March,14,Midday,Weekend
T20230006468,2023-03-18,15:22:00,1,Collision with vehicle,6,Saturday,140,U TURN,1,783843,Not at intersection,3,60,Arterial Other,CENTRE,DANDENONG,-37.933,145.15485,2023,3,March,15,Afternoon Peak,Weekend
T20230008166,2023-03-18,16:10:00,1,Collision with vehicle,6,Saturday,130,REAR END(VEHICLES IN SAME LANE),9,43136,Cross intersection,3,80,Arterial Other,BARRY,HUME,-37.663754,144.92218,2023,3,March,16,Afternoon Peak,Weekend
T20230006572,2023-03-18,16:00:00,7,Fall from or in moving vehicle,6,Saturday,190,FELL IN/FROM VEHICLE,1,15343,Cross intersection,2,100,Local Road,BACCHUS MARSH-BALLIANG,MOORABOOL,-37.73862,144.39166,2023,3,March,16,Afternoon Peak,Weekend
T20230006681,2023-03-18,16:00:00,1,Collision with vehicle,6,Saturday,121,RIGHT THROUGH,1,36087,Cross intersection,3,60,Arterial Other,DRYBURGH,MELBOURNE,-37.804485,144.94322,2023,3,March,16,Afternoon Peak,Weekend
T20230006467,2023-03-18,16:34:00,1,Collision with vehicle,6,Saturday,130,REAR END(VEHICLES IN SAME LANE),1,237284,Not at intersection,3,60,Arterial Highway,WHITEHORSE,BOROONDARA,-37.81517,145.1007,2023,3,March,16,Afternoon Peak,Weekend
T20230006464,2023-03-18,14:50:00,4,Collision with a fixed object,6,Saturday,171,LEFT OFF CARRIAGEWAY INTO OBJECT/PARKED VEHICLE,1,761749,Not at intersection,2,60,Arterial Other,MAIN,NILLUMBIK,-37.718056,145.14647,2023,3,March,14,Midday,Weekend
T20230006458,2023-03-18,11:42:00,1,Collision with vehicle,6,Saturday,121,RIGHT THROUGH,1,761742,T intersection,2,50,Local Road,TARONGA,WYNDHAM,-37.841763,144.71085,2023,3,March,11,Midday,Weekend
T20230006457,2023-03-18,14:42:00,7,Fall from or in moving vehicle,6,Saturday,190,FELL IN/FROM VEHICLE,1,51695,T intersection,3,60,Arterial Other,MACKENZIE STREET W-OAK,BENDIGO,-36.7775,144.24799,2023,3,March,14,Midday,Weekend
T20230006456,2023-03-18,11:22:00,1,Collision with vehicle,6,Saturday,130,REAR END(VEHICLES IN SAME LANE),1,781288,Not at intersection,2,100,Freeway,PENINSULA LINK,FRANKSTON,-38.17786,145.1611,2023,3,March,11,Midday,Weekend
T20230006496,2023-03-18,23:50:00,4,Collision with a fixed object,6,Saturday,175,OFF END OF ROAD/T-INTERSECTION.,3,22724,T intersection,3,60,Arterial Other,BALLARAT-CARNGHAM,BALLARAT,-37.566666,143.78282,2023,3,March,23,Night,Weekend
T20230006494,2023-03-18,23:40:00,1,Collision with vehicle,6,Saturday,148,VEHICLE OFF FOOTPATH STRIKES VEH ON CARRIAGEWAY,3,307301,T intersection,2,40,Local Road,CHAPEL,STONNINGTON,-37.8483,144.9939,2023,3,March,23,Night,Weekend
T20230006453,2023-03-18,11:30:00,4,Collision with a fixed object,6,Saturday,171,LEFT OFF CARRIAGEWAY INTO OBJECT/PARKED VEHICLE,1,765529,T intersection,3,60,Local Road,BOARDWALK,WYNDHAM,-37.884544,144.73286,2023,3,March,11,Midday,Weekend
T20230006452,2023-03-18,12:15:00,6,Vehicle overturned (no collision),6,Saturday,184,OUT OF CONTROL ON CARRIAGEWAY (ON BEND),1,763958,Not at intersection,3,100,Arterial Highway,CALDER,BENDIGO,-36.72581,144.1207,2023,3,March,12,Midday,Weekend
T20230006540,2023-03-18,08:45:00,1,Collision with vehicle,6,Saturday,137,LEFT TURN SIDESWIPE,9,761798,Cross intersection,2,80,Freeway,CARDINIA ROAD -CARDINIA-PRINCES IN,CARDINIA,-38.0815,145.4333,2023,3,March,8,Morning Peak,Weekend
T20230006424,2023-03-18,00:25:00,1,Collision with vehicle,6,Saturday,121,RIGHT THROUGH,3,319968,T intersection,2,60,Arterial Other,BACCHUS MARSH-WERRIBEE,WYNDHAM,-37.89212,144.62979,2023,3,March,0,Late Night,Weekend
T20230006425,2023-03-18,02:02:00,4,Collision with a fixed object,6,Saturday,183,OFF LEFT BEND INTO OBJECT/PARKED VEHICLE,5,775902,Not at intersection,2,100,Arterial Highway,SUNRAYSIA,NORTHERN GRAMPIANS,-36.582024,143.20152,2023,3,March,2,Late Night,Weekend
T20230006426,2023-03-18,01:35:00,1,Collision with vehicle,6,Saturday,110,CROSS TRAFFIC(INTERSECTIONS ONLY),4,42467,Cross intersection,2,80,Arterial Other,WESTALL,DANDENONG,-37.9314,145.14183,2023,3,March,1,Late Night,Weekend
T20230007969,2023-03-18,10:25:00,1,Collision with vehicle,6,Saturday,130,REAR END(VEHICLES IN SAME LANE),1,768790,T intersection,2,50,Local Road,COPPARDS,GEELONG,-38.16216,144.40468,2023,3,March,10,Midday,Weekend
T20230009130,2023-03-18,16:40:00,1,Collision with vehicle,6,Saturday,130,REAR END(VEHICLES IN SAME LANE),9,769313,Multiple intersection,3,70,Freeway,METROPOLITAN RING OUT-EDGARS,WHITTLESEA,-37.686287,145.0023,2023,3,March,16,Afternoon Peak,Weekend
T20230007277,2023-03-18,21:50:00,1,Collision with vehicle,6,Saturday,130,REAR END(VEHICLES IN SAME LANE),6,723156,Cross intersection,2,60,Local Road,BRUNT,CARDINIA,-38.056534,145.38939,2023,3,March,21,Night,Weekend
T20230007745,2023-03-18,15:05:00,1,Collision with vehicle,6,Saturday,147,VEHICLE STRIKES ANOTHER VEH WHILE EMERGING FROM DRIVEWAY,1,765043,Multiple intersection,3,40,Local Road,CLEELAND,DANDENONG,-37.98345,145.21481,2023,3,March,15,Afternoon Peak,Weekend