ACCIDENT_NO,ACCIDENT_DATE,ACCIDENT_TIME,ACCIDENT_TYPE,ACCIDENT_TYPE_DESC,DAY_OF_WEEK,DAY_WEEK_DESC,DCA_CODE,DCA_DESC,LIGHT_CONDITION,NODE_ID,ROAD_GEOMETRY_DESC,SEVERITY,SPEED_ZONE,RMA,ROAD_NAME,LGA_NAME,LATITUDE,LONGITUDE,YEAR,MONTH,MONTH_NAME,HOUR,TIME_PERIOD,DAY_TYPE
T20230006515,2023-03-18,22:20:00,1,Collision with vehicle,6,Saturday,163,VEHICLE STRIKES DOOR OF PARKED/STATIONARY VEHICLE,3,761797,Not at intersection,3,40,Local Road,BOURKE,MELBOURNE,-37.81614,144.95659,2023,3,March,22,Night,Weekend
T20230006511,2023-03-18,18:15:00,4,Collision with a fixed object,6,Saturday,173,RIGHT OFF CARRIAGEWAY INTO OBJECT/PARKED VEHICLE,1,777032,Not at intersection,2,100,Local Road,HORSEHILL,MOORABOOL,-37.766857,143.98036,2023,3,March,18,Afternoon Peak,Weekend
T20230025883,2023-03-18,11:15:00,1,Collision with vehicle,6,Saturday,130,REAR END(VEHICLES IN SAME LANE),1,785680,Cross intersection,3,60,Arterial Highway,ALEXANDRA,YARRA,-37.794067,144.98503,2023,3,March,11,Midday,Weekend
T20230006508,2023-03-18,14:40:00,1,Collision with vehicle,6,Saturday,130,REAR END(VEHICLES IN SAME LANE),1,761795,Not at intersection,3,80,Freeway,WEST GATE,HOBSONS BAY,-37.825714,144.82726,2023,3,March,14,Midday,Weekend
T20230006545,2023-03-19,16:44:00,1,Collision with vehicle,7,Sunday,130,REAR END(VEHICLES IN SAME LANE),1,780414,T intersection,3,80,Arterial Highway,PRINCES,CASEY,-38.028103,145.3199,2023,3,March,16,Afternoon Peak,Weekend
T20230006547,2023-03-19,21:45:00,2,Struck Pedestrian,7,Sunday,106,VEH STRIKES PED ON FOOTPATH/MEDIAN/TRAFFIC ISLAND.,3,36364,T intersection,3,40,Arterial Other,PRINCES,MELBOURNE,-37.79242,144.96988,2023,3,March,21,Night,Weekend
T20230006551,2023-03-19,19:00:00,1,Collision with vehicle,7,Sunday,152,PULLING OUT (OVERTAKING),1,139023,Not at intersection,2,40,Arterial Other,SYDNEY,MORELAND,-37.755993,144.96402,2023,3,March,19,Night,Weekend
T20230006537,2023-03-19,17:05:00,1,Collision with vehicle,7,Sunday,121,RIGHT THROUGH,1,779462,Cross intersection,3,70,Arterial Other,GOVERNOR,KINGSTON,-38.00945,145.1219,2023,3,March,17,Afternoon Peak,Weekend
T20230006541,2023-03-19,18:24:00,4,Collision with a fixed object,7,Sunday,151,OUT OF CONTROL (OVERTAKING),2,781662,Not at intersection,3,50,Arterial Other,NORTH,HOBSONS BAY,-37.845085,144.89206,2023,3,March,18,Afternoon Peak,Weekend
T20230006567,2023-03-19,15:00:00,8,No collision and no object struck,7,Sunday,174,OUT OF CONTROL ON CARRIAGEWAY (ON STRAIGHT),1,764340,Not at intersection,2,40,Arterial Highway,GREAT ALPINE,EAST GIPPSLAND,-37.12175,147.54262,2023,3,March,15,Afternoon Peak,Weekend
T20230006568,2023-03-19,20:16:00,1,Collision with vehicle,7,Sunday,113,RIGHT NEAR (INTERSECTIONS ONLY),6,52926,Cross intersection,2,60,Arterial Other,GRANT,BALLARAT,-37.56855,143.86061,2023,3,March,20,Night,Weekend
T20230006542,2023-03-19,20:22:00,1,Collision with vehicle,7,Sunday,130,REAR END(VEHICLES IN SAME LANE),3,762018,T intersection,3,60,Arterial Highway,TORQUAY,GEELONG,-38.208626,144.33986,2023,3,March,20,Night,Weekend
T20230006516,2023-03-19,12:21:00,1,Collision with vehicle,7,Sunday,131,LEFT REAR,1,777432,T intersection,3,60,Local Road,BLACK GULLY,NILLUMBIK,-37.65886,145.16006,2023,3,March,12,Midday,Weekend
T20230006501,2023-03-19,01:30:00,4,Collision with a fixed object,7,Sunday,171,LEFT OFF CARRIAGEWAY INTO OBJECT/PARKED VEHICLE,5,774474,Not at intersection,2,100,Local Road,ROLLOS,MOYNE,-38.374043,142.73067,2023,3,March,1,Late Night,Weekend
T20230006527,2023-03-19,17:00:00,4,Collision with a fixed object,7,Sunday,175,OFF END OF ROAD/T-INTERSECTION.,1,53335,T intersection,2,100,Arterial Other,BUNGAREE-CRESWICK,MOORABOOL,-37.524696,143.97159,2023,3,March,17,Afternoon Peak,Weekend
T20230007447,2023-03-19,15:00:00,1,Collision with vehicle,7,Sunday,113,RIGHT NEAR (INTERSECTIONS ONLY),1,346027,T intersection,3,70,Arterial Other,MT DANDENONG,MAROONDAH,-37.80129,145.26016,2023,3,March,15,Afternoon Peak,Weekend
T20230006528,2023-03-19,14:30:00,2,Struck Pedestrian,7,Sunday,102,FAR SIDE. PED HIT BY VEHICLE FROM THE LEFT,1,52755,Cross intersection,2,60,Arterial Other,NORMAN,BALLARAT,-37.53222,143.82355,2023,3,March,14,Midday,Weekend
T20230006529,2023-03-19,18:00:00,1,Collision with vehicle,7,Sunday,120,HEAD ON (NOT OVERTAKING),1,765032,Not at intersection,3,80,Arterial Other,BROADFORD-FLOWERDALE,MURRINDINDI,-37.24495,145.17455,2023,3,March,18,Afternoon Peak,Weekend
T20230008666,2023-03-19,14:00:00,1,Collision with vehicle,7,Sunday,142,LEAVING PARKING,1,782410,Not at intersection,3,50,Local Road,ALMA,PORT PHILLIP,-37.860344,144.98329,2023,3,March,14,Midday,Weekend
T20230006538,2023-03-19,13:00:00,6,Vehicle overturned (no collision),7,Sunday,182,OFF CARRIAGEWAY ON LEFT BEND,1,771104,Not at intersection,1,100,Local Road,OLD COACH,WANGARATTA,-36.289898,146.52469,2023,3,March,13,Midday,Weekend
T20230007378,2023-03-19,10:00:00,1,Collision with vehicle,7,Sunday,135,LANE CHANGE LEFT (NOT OVERTAKING),1,764093,Not at intersection,3,60,Local Road,SAYERS,WYNDHAM,-37.8461,144.6668,2023,3,March,10,Midday,Weekend
T20230006543,2023-03-19,20:11:00,1,Collision with vehicle,7,Sunday,160,VEHICLE COLLIDES WITH VEHICLE PARKED ON LEFT OF ROAD,3,69131,T intersection,2,60,Arterial Other,JASPER,GLEN EIRA,-37.906376,145.04378,2023,3,March,20,Night,Weekend
T20230006514,2023-03-19,07:35:00,1,Collision with vehicle,7,Sunday,110,CROSS TRAFFIC(INTERSECTIONS ONLY),1,15407,Cross intersection,2,60,Arterial Highway,MCKILLOP,GEELONG,-38.158188,144.37453,2023,3,March,7,Morning Peak,Weekend
T20230006513,2023-03-19,11:30:00,1,Collision with vehicle,7,Sunday,130,REAR END(VEHICLES IN SAME LANE),1,761796,Not at intersection,3,60,Local Road,RINGWOOD,MAROONDAH,-37.813538,145.22736,2023,3,March,11,Midday,Weekend
T20230008046,2023-03-19,01:30:00,7,Fall from or in moving vehicle,7,Sunday,190,FELL IN/FROM VEHICLE,5,767605,Not at intersection,2,100,Local Road,CURR,CAMPASPE,-36.32696,144.98131,2023,3,March,1,Late Night,Weekend
T20230011674,2023-03-19,06:50:00,1,Collision with vehicle,7,Sunday,116,LEFT NEAR (INTERSECTIONS ONLY),3,57045,Y intersection,3,80,Arterial Other,MAFFRA-SALE,WELLINGTON,-38.06235,147.0289,2023,3,March,6,Morning Peak,Weekend
T20230009842,2023-03-19,17:15:00,1,Collision with vehicle,7,Sunday,130,REAR END(VEHICLES IN SAME LANE),9,619374,Cross intersection,3,60,Arterial Highway,PUNT,YARRA,-37.82455,144.98886,2023,3,March,17,Afternoon Peak,Weekend
T20230008970,2023-03-19,16:40:00,8,No collision and no object struck,7,Sunday,179,OTHER ACCIDENTS-OFF STRAIGHT NOT INCLUDED IN DCAs 170-175,1,52383,T intersection,3,60,Local Road,HAIGH,LATROBE,-38.171303,146.28374,2023,3,March,16,Afternoon Peak,Weekend
T20230006611,2023-03-19,17:00:00,8,No collision and no object struck,7,Sunday,174,OUT OF CONTROL ON CARRIAGEWAY (ON STRAIGHT),9,783917,Not at intersection,2,50,Local Road,LAWRANCE,GLEN EIRA,-37.88948,145.0748,2023,3,March,17,Afternoon Peak,Weekend
T20230009036,2023-03-19,19:30:00,1,Collision with vehicle,7,Sunday,121,RIGHT THROUGH,3,43741,Cross intersection,3,50,Arterial Other,HIGH,MELTON,-37.6832,144.58315,2023,3,March,19,Night,Weekend
T20230006530,2023-03-19,17:10:00,1,Collision with vehicle,7,Sunday,121,RIGHT THROUGH,1,41372,Cross intersection,2,50,Local Road,DERBY,GLEN EIRA,-37.87918,145.04445,2023,3,March,17,Afternoon Peak,Weekend
T20230006521,2023-03-19,13:11:00,1,Collision with vehicle,7,Sunday,140,U TURN,1,776815,Not at intersection,2,70,Arterial Other,BULLUMWAAL,EAST GIPPSLAND,-37.800175,147.61356,2023,3,March,13,Midday,Weekend
T20230006638,2023-03-19,22:00:00,1,Collision with vehicle,7,Sunday,130,REAR END(VEHICLES IN SAME LANE),3,22519,Cross intersection,3,60,Arterial Other,STURT,BALLARAT,-37.555798,143.81897,2023,3,March,22,Night,Weekend
T20230006520,2023-03-19,13:15:00,1,Collision with vehicle,7,Sunday,140,U TURN,1,763472,T intersection,2,50,Local Road,TALL SEDGE,WHITTLESEA,-37.631824,145.0201,2023,3,March,13,Midday,Weekend
T20230006531,2023-03-19,15:09:00,2,Struck Pedestrian,7,Sunday,108,PED STRUCK WALKING TO/FROM OR BOARDING/ALIGHTING VEHICLE.,1,35302,Cross intersection,3,40,Arterial Other,CLARENDON,PORT PHILLIP,-37.830788,144.95955,2023,3,March,15,Afternoon Peak,Weekend
T20230006519,2023-03-19,11:08:00,1,Collision with vehicle,7,Sunday,134,LANE CHANGE RIGHT (NOT OVERTAKING),1,770455,T intersection,2,80,Arterial Other,BOUNDARY ROAD -MT DERRIMUT,BRIMBANK,-37.811928,144.76936,2023,3,March,11,Midday,Weekend
T20230006564,2023-03-20,07:15:00,1,Collision with vehicle,1,Monday,137,LEFT TURN SIDESWIPE,1,53272,T intersection,2,60,Local Road,FRANKLIN,MELBOURNE,-37.809677,144.95547,2023,3,March,7,Morning Peak,Weekday
T20230006881,2023-03-20,13:45:00,1,Collision with vehicle,1,Monday,121,RIGHT THROUGH,1,281610,T intersection,3,60,Arterial Other,HEALESVILLE-KINGLAKE,YARRA RANGES,-37.65509,145.5059,2023,3,March,13,Midday,Weekday
T20230006623,2023-03-20,19:54:00,2,Struck Pedestrian,1,Monday,107,PED ON FOOTHPATH STRUCK BY VEHENTERING/LEAVING DRIVEWAY.,3,332304,Not at intersection,3,60,Local Road,MOUNTAIN GATE,KNOX,-37.88386,145.27571,2023,3,March,19,Night,Weekday
T20230009029,2023-03-20,12:00:00,1,Collision with vehicle,1,Monday,110,CROSS TRAFFIC(INTERSECTIONS ONLY),1,52912,Cross intersection,3,60,Local Road,EUREKA,BALLARAT,-37.567013,143.89404,2023,3,March,12,Midday,Weekday
T20230006574,2023-03-20,08:48:00,1,Collision with vehicle,1,Monday,130,REAR END(VEHICLES IN SAME LANE),1,319130,Not at intersection,3,100,Freeway,WESTERN RING,HUME,-37.691902,144.9586,2023,3,March,8,Morning Peak,Weekday
T20230006575,2023-03-20,09:46:00,2,Struck Pedestrian,1,Monday,102,FAR SIDE. PED HIT BY VEHICLE FROM THE LEFT,1,762262,Cross intersection,2,80,Arterial Other,THOMPSONS,CASEY,-38.082478,145.27896,2023,3,March,9,Morning Peak,Weekday
T20230006839,2023-03-20,16:50:00,1,Collision with vehicle,1,Monday,133,LANE SIDE SWIPE (VEHICLES IN PARALLEL LANES),1,762732,Not at intersection,2,80,Arterial Highway,SOUTH GIPPSLAND,CASEY,-38.124763,145.2896,2023,3,March,16,Afternoon Peak,Weekday
T20230006581,2023-03-20,08:10:00,1,Collision with vehicle,1,Monday,110,CROSS TRAFFIC(INTERSECTIONS ONLY),1,29826,Cross intersection,2,80,Freeway,PRINCES,CARDINIA,-38.06851,145.62021,2023,3,March,8,Morning Peak,Weekday
T20230006583,2023-03-20,09:10:00,1,Collision with vehicle,1,Monday,110,CROSS TRAFFIC(INTERSECTIONS ONLY),1,67977,Cross intersection,3,50,Local Road,LUCERNE,BOROONDARA,-37.870228,145.07794,2023,3,March,9,Morning Peak,Weekday
T20230006631,2023-03-20,20:41:00,1,Collision with vehicle,1,Monday,121,RIGHT THROUGH,3,57349,Cross intersection,3,80,Arterial Other,PLENTY,WHITTLESEA,-37.65635,145.08011,2023,3,March,20,Night,Weekday
T20230006584,2023-03-20,06:45:00,1,Collision with vehicle,1,Monday,147,VEHICLE STRIKES ANOTHER VEH WHILE EMERGING FROM DRIVEWAY,2,762145,Not at intersection,3,100,Arterial Other,ROBINVALE-SEA LAKE,SWAN HILL,-34.696453,142.79118,2023,3,March,6,Morning Peak,Weekday
T20230006585,2023-03-20,08:30:00,1,Collision with vehicle,1,Monday,121,RIGHT THROUGH,1,359960,Cross intersection,2,80,Arterial Other,DERRIMUT,BRIMBANK,-37.8108,144.75545,2023,3,March,8,Morning Peak,Weekday
T20230006587,2023-03-20,12:10:00,1,Collision with vehicle,1,Monday,113,RIGHT NEAR (INTERSECTIONS ONLY),1,36772,T intersection,2,60,Arterial Other,STUDLEY PARK,BOROONDARA,-37.806747,145.02,2023,3,March,12,Midday,Weekday
T20230006590,2023-03-20,13:00:00,2,Struck Pedestrian,1,Monday,103,PED PLAYING/LYING/WORKING/STANDING ON CARRIAGEWAY.,1,783948,Not at intersection,3,60,Arterial Other,EMERALD-MONBULK,YARRA RANGES,-37.90214,145.44551,2023,3,March,13,Midday,Weekday
T20230006601,2023-03-20,14:46:00,4,Collision with a fixed object,1,Monday,173,RIGHT OFF CARRIAGEWAY INTO OBJECT/PARKED VEHICLE,1,773202,Not at intersection,2,100,Local Road,ROWANS,MOYNE,-38.457966,142.84215,2023,3,March,14,Midday,Weekday
T20230006607,2023-03-20,16:40:00,4,Collision with a fixed object,1,Monday,181,OFF RIGHT BEND INTO OBJECT/PARKED VEHICLE,1,776369,Not at intersection,3,100,Arterial Highway,BASS,BASS COAST,-38.440594,145.48363,2023,3,March,16,Afternoon Peak,Weekday
T20230009245,2023-03-20,08:31:00,1,Collision with vehicle,1,Monday,130,REAR END(VEHICLES IN SAME LANE),1,38517,T intersection,3,60,Arterial Other,DOHERTYS,WYNDHAM,-37.829998,144.80835,2023,3,March,8,Morning Peak,Weekday
T20230006992,2023-03-20,12:45:00,7,Fall from or in moving vehicle,1,Monday,190,FELL IN/FROM VEHICLE,1,248617,Not at intersection,3,80,Arterial Highway,MAROONDAH,YARRA RANGES,-37.646652,145.56877,2023,3,March,12,Midday,Weekday
T20230007196,2023-03-20,16:00:00,1,Collision with vehicle,1,Monday,139,OTHER SAME DIRECTION-MANOUEVRES NOT INCLUDED IN DCAs 130-137,1,763616,Not at intersection,3,80,Arterial Other,BLACKBURN,MONASH,-37.920692,145.13931,2023,3,March,16,Afternoon Peak,Weekday
T20230006612,2023-03-20,17:46:00,4,Collision with a fixed object,1,Monday,181,OFF RIGHT BEND INTO OBJECT/PARKED VEHICLE,1,781362,Not at intersection,2,100,Freeway,EASTERN,BOROONDARA,-37.784576,145.06224,2023,3,March,17,Afternoon Peak,Weekday
T20230006626,2023-03-20,15:34:00,5,collision with some other object,1,Monday,179,OTHER ACCIDENTS-OFF STRAIGHT NOT INCLUDED IN DCAs 170-175,1,762136,Not at intersection,3,50,Local Road,TRENERRY,YARRA,-37.79595,145.00096,2023,3,March,15,Afternoon Peak,Weekday
T20230006632,2023-03-20,21:55:00,1,Collision with vehicle,1,Monday,131,LEFT REAR,3,777438,Not at intersection,3,50,Arterial Other,SETTLEMENT,WHITTLESEA,-37.697227,145.05322,2023,3,March,21,Night,Weekday
T20230006730,2023-03-20,20:00:00,4,Collision with a fixed object,1,Monday,171,LEFT OFF CARRIAGEWAY INTO OBJECT/PARKED VEHICLE,5,775581,Not at intersection,3,60,Arterial Other,HEIDELBERG-KINGLAKE,NILLUMBIK,-37.589195,145.28383,2023,3,March,20,Night,Weekday
T20230006644,2023-03-20,14:40:00,1,Collision with vehicle,1,Monday,130,REAR END(VEHICLES IN SAME LANE),1,774096,Not at intersection,3,100,Arterial Other,KILMORE,MACEDON RANGES,-37.42956,144.71783,2023,3,March,14,Midday,Weekday
T20230007024,2023-03-20,14:00:00,2,Struck Pedestrian,1,Monday,100,PED NEAR SIDE. PED HIT BY VEHICLE FROM THE RIGHT.,1,774174,Not at intersection,3,40,Arterial Other,SPENCER,MELBOURNE,-37.815395,144.95245,2023,3,March,14,Midday,Weekday
T20230006615,2023-03-20,18:00:00,1,Collision with vehicle,1,Monday,160,VEHICLE COLLIDES WITH VEHICLE PARKED ON LEFT OF ROAD,1,763606,Not at intersection,3,50,Arterial Other,VINEYARD,HUME,-37.58704,144.71767,2023,3,March,18,Afternoon Peak,Weekday
T20230009161,2023-03-20,09:20:00,1,Collision with vehicle,1,Monday,130,REAR END(VEHICLES IN SAME LANE),1,788483,Not at intersection,3,80,Freeway,WEST GATE,HOBSONS BAY,-37.824947,144.84865,2023,3,March,9,Morning Peak,Weekday
T20230006571,2023-03-20,08:30:00,1,Collision with vehicle,1,Monday,130,REAR END(VEHICLES IN SAME LANE),1,777413,Not at intersection,3,100,Freeway,MORNINGTON PENINSULA,KINGSTON,-38.07897,145.14908,2023,3,March,8,Morning Peak,Weekday
T20230006686,2023-03-20,13:05:00,1,Collision with vehicle,1,Monday,131,LEFT REAR,1,775415,Cross intersection,3,70,Local Road,OSHEA,CASEY,-38.05994,145.33852,2023,3,March,13,Midday,Weekday
T20230007372,2023-03-20,07:49:00,1,Collision with vehicle,1,Monday,120,HEAD ON (NOT OVERTAKING),1,765659,Not at intersection,3,50,Local Road,TAMBOON,BANYULE,-37.694393,145.1307,2023,3,March,7,Morning Peak,Weekday
T20230007036,2023-03-20,09:05:00,1,Collision with vehicle,1,Monday,124,RIGHT/RIGHT BOTH VEHs FROM OPPOSITE DIRECTIONS TURNING RIGHT,1,37910,Cross intersection,3,40,Arterial Other,HIGH,DAREBIN,-37.782124,144.99648,2023,3,March,9,Morning Peak,Weekday
T20230006635,2023-03-20,23:00:00,1,Collision with vehicle,1,Monday,148,VEHICLE OFF FOOTPATH STRIKES VEH ON CARRIAGEWAY,3,771102,T intersection,2,50,Arterial Other,NARRE WARREN,CASEY,-38.09648,145.29309,2023,3,March,23,Night,Weekday
T20230006660,2023-03-20,16:40:00,2,Struck Pedestrian,1,Monday,100,PED NEAR SIDE. PED HIT BY VEHICLE FROM THE RIGHT.,1,781555,Not at intersection,3,50,Local Road,BOTANIC,WARRNAMBOOL,-38.373646,142.49213,2023,3,March,16,Afternoon Peak,Weekday
T20230006617,2023-03-20,15:19:00,1,Collision with vehicle,1,Monday,116,LEFT NEAR (INTERSECTIONS ONLY),1,41485,Cross intersection,2,60,Local Road,CARDINAL,MORELAND,-37.700855,144.92963,2023,3,March,15,Afternoon Peak,Weekday
T20230014322,2023-03-20,19:51:00,1,Collision with vehicle,1,Monday,130,REAR END(VEHICLES IN SAME LANE),2,774052,Not at intersection,3,60,Arterial Highway,BELL,MORELAND,-37.73838,144.9389,2023,3,March,19,Night,Weekday
T20230006637,2023-03-20,20:55:00,1,Collision with vehicle,1,Monday,160,VEHICLE COLLIDES WITH VEHICLE PARKED ON LEFT OF ROAD,2,52755,Cross intersection,3,60,Arterial Other,NORMAN,BALLARAT,-37.53222,143.82355,2023,3,March,20,Night,Weekday
T20230006858,2023-03-20,18:00:00,1,Collision with vehicle,1,Monday,163,VEHICLE STRIKES DOOR OF PARKED/STATIONARY VEHICLE,1,776126,Not at intersection,2,40,Local Road,GLEN HUNTLY,GLEN EIRA,-37.88958,145.04349,2023,3,March,18,Afternoon Peak,Weekday
T20230006560,2023-03-20,04:30:00,4,Collision with a fixed object,1,Monday,171,LEFT OFF CARRIAGEWAY INTO OBJECT/PARKED VEHICLE,5,776780,Not at intersection,2,100,Local Road,ELMORE-BARNADOWN,BENDIGO,-36.58311,144.569,2023,3,March,4,Late Night,Weekday
T20230006650,2023-03-21,06:45:00,2,Struck Pedestrian,2,Tuesday,100,PED NEAR SIDE. PED HIT BY VEHICLE FROM THE RIGHT.,2,775267,Not at intersection,2,70,Arterial Highway,BURWOOD,WHITEHORSE,-37.851162,145.12398,2023,3,March,6,Morning Peak,Weekday
T20230006656,2023-03-21,09:50:00,1,Collision with vehicle,2,Tuesday,130,REAR END(VEHICLES IN SAME LANE),1,762941,Not at intersection,3,50,Local Road,WESTERN BEACH,GEELONG,-38.13866,144.35582,2023,3,March,9,Morning Peak,Weekday
T20230006725,2023-03-21,15:50:00,1,Collision with vehicle,2,Tuesday,113,RIGHT NEAR (INTERSECTIONS ONLY),1,765274,T intersection,3,50,Local Road,ANKURI,WYNDHAM,-37.840897,144.67365,2023,3,March,15,Afternoon Peak,Weekday
T20230006959,2023-03-21,07:10:00,3,Struck animal,2,Tuesday,167,STRUCK ANIMAL,2,773889,Not at intersection,2,100,Local Road,SEYMOUR-AVENEL,STRATHBOGIE,-36.90565,145.22386,2023,3,March,7,Morning Peak,Weekday
T20230006676,2023-03-21,12:00:00,4,Collision with a fixed object,2,Tuesday,173,RIGHT OFF CARRIAGEWAY INTO OBJECT/PARKED VEHICLE,1,783949,Not at intersection,3,60,Local Road,GALVIN,WYNDHAM,-37.91557,144.62135,2023,3,March,12,Midday,Weekday
T20230006720,2023-03-21,15:20:00,4,Collision with a fixed object,2,Tuesday,171,LEFT OFF CARRIAGEWAY INTO OBJECT/PARKED VEHICLE,1,41061,T intersection,2,60,Arterial Other,PASCOE VALE,MORELAND,-37.712555,144.91719,2023,3,March,15,Afternoon Peak,Weekday
T20230006675,2023-03-21,11:50:00,6,Vehicle overturned (no collision),2,Tuesday,170,OFF CARRIAGEWAY TO LEFT,1,764487,Not at intersection,2,100,Local Road,CALLAGHAN CREEK,TOWONG,-36.40252,147.3787,2023,3,March,11,Midday,Weekday
T20230006664,2023-03-21,12:20:00,1,Collision with vehicle,2,Tuesday,113,RIGHT NEAR (INTERSECTIONS ONLY),1,44014,T intersection,3,80,Arterial Highway,NEPEAN,MORNINGTON PENINSULA,-38.285767,145.03093,2023,3,March,12,Midday,Weekday
T20230006973,2023-03-21,18:55:00,1,Collision with vehicle,2,Tuesday,130,REAR END(VEHICLES IN SAME LANE),2,777742,Not at intersection,3,80,Freeway,WEST GATE,HOBSONS BAY,-37.825733,144.83119,2023,3,March,18,Afternoon Peak,Weekday
T20230007575,2023-03-21,16:45:00,1,Collision with vehicle,2,Tuesday,111,RIGHT FAR (INTERSECTIONS ONLY),1,773714,T intersection,3,60,Arterial Highway,PRINCES,BAW BAW,-38.20876,146.14658,2023,3,March,16,Afternoon Peak,Weekday
T20230006647,2023-03-21,08:25:00,1,Collision with vehicle,2,Tuesday,135,LANE CHANGE LEFT (NOT OVERTAKING),1,762263,Not at intersection,2,40,Local Road,CHAPEL,STONNINGTON,-37.843945,144.99472,2023,3,March,8,Morning Peak,Weekday
T20230007085,2023-03-21,22:20:00,2,Struck Pedestrian,2,Tuesday,100,PED NEAR SIDE. PED HIT BY VEHICLE FROM THE RIGHT.,6,766227,Not at intersection,3,50,Arterial Highway,MANIFOLD,CORANGAMITE,-38.23051,143.14348,2023,3,March,22,Night,Weekday
T20230007473,2023-03-21,08:11:00,1,Collision with vehicle,2,Tuesday,121,RIGHT THROUGH,2,40479,T intersection,3,40,Arterial Other,MALVERN,STONNINGTON,-37.874172,145.06451,2023,3,March,8,Morning Peak,Weekday
T20230006708,2023-03-21,19:28:00,1,Collision with vehicle,2,Tuesday,116,LEFT NEAR (INTERSECTIONS ONLY),2,762501,Cross intersection,3,50,Local Road,BOLAND,CASEY,-38.074688,145.25531,2023,3,March,19,Night,Weekday
T20230006655,2023-03-21,10:40:00,1,Collision with vehicle,2,Tuesday,160,VEHICLE COLLIDES WITH VEHICLE PARKED ON LEFT OF ROAD,1,773888,T intersection,3,50,Local Road,EDMONDSON,WHITTLESEA,-37.66552,145.02481,2023,3,March,10,Midday,Weekday
T20230006689,2023-03-21,17:01:00,1,Collision with vehicle,2,Tuesday,130,REAR END(VEHICLES IN SAME LANE),1,762500,Not at intersection,2,80,Arterial Highway,SOUTH GIPPSLAND,CASEY,-38.069073,145.26823,2023,3,March,17,Afternoon Peak,Weekday
T20230006639,2023-03-21,01:05:00,4,Collision with a fixed object,2,Tuesday,171,LEFT OFF CARRIAGEWAY INTO OBJECT/PARKED VEHICLE,3,69343,T intersection,3,70,Arterial Highway,NORTH,MONASH,-37.91349,145.12074,2023,3,March,1,Late Night,Weekday
T20230012523,2023-03-21,05:00:00,3,Struck animal,2,Tuesday,167,STRUCK ANIMAL,5,775233,Not at intersection,3,100,Arterial Other,MERRIANG,WHITTLESEA,-37.51408,145.02585,2023,3,March,5,Morning Peak,Weekday
T20230006654,2023-03-21,09:50:00,1,Collision with vehicle,2,Tuesday,110,CROSS TRAFFIC(INTERSECTIONS ONLY),1,63541,Cross intersection,3,50,Local Road,ALBION,MOONEE VALLEY,-37.75627,144.92795,2023,3,March,9,Morning Peak,Weekday
T20230006657,2023-03-21,06:30:00,1,Collision with vehicle,2,Tuesday,130,REAR END(VEHICLES IN SAME LANE),2,762264,Not at intersection,3,100,Freeway,PRINCES,HOBSONS BAY,-37.867195,144.7728,2023,3,March,6,Morning Peak,Weekday
T20230006759,2023-03-21,17:15:00,1,Collision with vehicle,2,Tuesday,130,REAR END(VEHICLES IN SAME LANE),2,781742,Not at intersection,3,60,Arterial Other,JASPER,GLEN EIRA,-37.91274,145.04268,2023,3,March,17,Afternoon Peak,Weekday
T20230006789,2023-03-21,19:05:00,1,Collision with vehicle,2,Tuesday,163,VEHICLE STRIKES DOOR OF PARKED/STATIONARY VEHICLE,2,781654,Not at intersection,3,40,Arterial Other,SWAN,YARRA,-37.825336,144.99483,2023,3,March,19,Night,Weekday
T20230007988,2023-03-21,17:45:00,1,Collision with vehicle,2,Tuesday,110,CROSS TRAFFIC(INTERSECTIONS ONLY),1,37861,Cross intersection,3,50,Local Road,HOBSON,DAREBIN,-37.752396,144.99245,2023,3,March,17,Afternoon Peak,Weekday
T20230022681,2023-03-21,17:00:00,1,Collision with vehicle,2,Tuesday,199,UNKNOWN-NO DETAILS ON MANOEUVRES OF ROAD-USERS IN ACCIDENT,2,44976,T intersection,3,60,Arterial Other,ST ALBANS,BRIMBANK,-37.756393,144.80908,2023,3,March,17,Afternoon Peak,Weekday
T20230006716,2023-03-21,18:52:00,2,Struck Pedestrian,2,Tuesday,109,ANY MANOEUVRE INVOLVING PED NOT INCLUDED IN DCAs 100-108.,5,775396,Not at intersection,3,100,Local Road,BRIDGE,SHEPPARTON,-36.49773,145.36919,2023,3,March,18,Afternoon Peak,Weekday
T20230006719,2023-03-21,18:20:00,4,Collision with a fixed object,2,Tuesday,181,OFF RIGHT BEND INTO OBJECT/PARKED VEHICLE,5,771823,Not at intersection,2,100,Arterial Other,MAFFRA-BRIAGOLONG,WELLINGTON,-37.92524,146.99588,2023,3,March,18,Afternoon Peak,Weekday
T20230006711,2023-03-21,19:27:00,1,Collision with vehicle,2,Tuesday,133,LANE SIDE SWIPE (VEHICLES IN PARALLEL LANES),2,227774,Cross intersection,3,60,Arterial Other,QUEENSBERRY,MELBOURNE,-37.804016,144.95827,2023,3,March,19,Night,Weekday
T20230006651,2023-03-21,09:04:00,1,Collision with vehicle,2,Tuesday,121,RIGHT THROUGH,1,763473,T intersection,3,60,Arterial Other,SPRING,DAREBIN,-37.728207,145.00089,2023,3,March,9,Morning Peak,Weekday
T20230006710,2023-03-21,14:40:00,8,No collision and no object struck,2,Tuesday,174,OUT OF CONTROL ON CARRIAGEWAY (ON STRAIGHT),1,762270,Not at intersection,3,60,Arterial Other,SYDNEY,MORELAND,-37.742214,144.96645,2023,3,March,14,Midday,Weekday
T20230006705,2023-03-21,16:08:00,1,Collision with vehicle,2,Tuesday,111,RIGHT FAR (INTERSECTIONS ONLY),2,36033,Cross intersection,3,60,Local Road,ALBERT,MORELAND,-37.769943,144.97198,2023,3,March,16,Afternoon Peak,Weekday
T20230006702,2023-03-21,16:02:00,4,Collision with a fixed object,2,Tuesday,173,RIGHT OFF CARRIAGEWAY INTO OBJECT/PARKED VEHICLE,1,787862,Not at intersection,3,100,Freeway,HUME,WHITTLESEA,-37.6336,144.99342,2023,3,March,16,Afternoon Peak,Weekday