ACCIDENT_NO,ACCIDENT_DATE,ACCIDENT_TIME,ACCIDENT_TYPE,ACCIDENT_TYPE_DESC,DAY_OF_WEEK,DAY_WEEK_DESC,DCA_CODE,DCA_DESC,LIGHT_CONDITION,NODE_ID,ROAD_GEOMETRY_DESC,SEVERITY,SPEED_ZONE,RMA,ROAD_NAME,LGA_NAME,LATITUDE,LONGITUDE,YEAR,MONTH,MONTH_NAME,HOUR,TIME_PERIOD,DAY_TYPE
T20230006742,2023-03-22,07:35:00,1,Collision with vehicle,3,Wednesday,130,REAR END(VEHICLES IN SAME LANE),1,763141,Not at intersection,3,70,Arterial Highway,HODDLE,YARRA,-37.80528,144.99208,2023,3,March,7,Morning Peak,Weekday
T20230006744,2023-03-22,07:10:00,1,Collision with vehicle,3,Wednesday,130,REAR END(VEHICLES IN SAME LANE),1,773883,Not at intersection,3,100,Freeway,PRINCES,CASEY,-38.042248,145.33531,2023,3,March,7,Morning Peak,Weekday
T20230006951,2023-03-22,06:50:00,1,Collision with vehicle,3,Wednesday,111,RIGHT FAR (INTERSECTIONS ONLY),1,45570,T intersection,3,60,Arterial Other,MORELAND,MORELAND,-37.75377,144.94992,2023,3,March,6,Morning Peak,Weekday
T20230006747,2023-03-22,06:55:00,1,Collision with vehicle,3,Wednesday,110,CROSS TRAFFIC(INTERSECTIONS ONLY),3,50038,Cross intersection,3,60,Local Road,VERNER,GEELONG,-38.15928,144.35805,2023,3,March,6,Morning Peak,Weekday
T20230006964,2023-03-22,18:40:00,1,Collision with vehicle,3,Wednesday,130,REAR END(VEHICLES IN SAME LANE),2,778183,Not at intersection,3,60,Arterial Highway,ALBERT,DAREBIN,-37.72598,145.02405,2023,3,March,18,Afternoon Peak,Weekday
T20230007286,2023-03-22,10:05:00,5,collision with some other object,3,Wednesday,166,STRUCK OBJECT ON CARRIAGEWAY,1,763856,Not at intersection,3,100,Freeway,WESTERN RING,BRIMBANK,-37.777542,144.79382,2023,3,March,10,Midday,Weekday
T20230012070,2023-03-22,08:45:00,1,Collision with vehicle,3,Wednesday,130,REAR END(VEHICLES IN SAME LANE),1,774714,Cross intersection,3,40,Arterial Other,GEELONG,BALLARAT,-37.617813,143.87488,2023,3,March,8,Morning Peak,Weekday
T20230007883,2023-03-22,07:30:00,1,Collision with vehicle,3,Wednesday,130,REAR END(VEHICLES IN SAME LANE),2,781736,Not at intersection,3,100,Freeway,PRINCES,WYNDHAM,-37.87725,144.72119,2023,3,March,7,Morning Peak,Weekday
T20230007936,2023-03-22,19:30:00,7,Fall from or in moving vehicle,3,Wednesday,190,FELL IN/FROM VEHICLE,2,773112,Not at intersection,3,40,Local Road,HIGH,WODONGA,-36.121414,146.88805,2023,3,March,19,Night,Weekday
T20230008293,2023-03-22,14:00:00,4,Collision with a fixed object,3,Wednesday,171,LEFT OFF CARRIAGEWAY INTO OBJECT/PARKED VEHICLE,1,773885,Not at intersection,3,100,Local Road,TABLELANDS,EAST GIPPSLAND,-36.82213,147.69576,2023,3,March,14,Midday,Weekday
T20230006842,2023-03-22,15:05:00,1,Collision with vehicle,3,Wednesday,121,RIGHT THROUGH,1,29413,Cross intersection,2,40,Arterial Other,DUDLEY,MELBOURNE,-37.810135,144.94998,2023,3,March,15,Afternoon Peak,Weekday
T20230006840,2023-03-22,12:40:00,1,Collision with vehicle,3,Wednesday,116,LEFT NEAR (INTERSECTIONS ONLY),1,37576,T intersection,3,60,Arterial Other,CANTERBURY,PORT PHILLIP,-37.850666,144.96625,2023,3,March,12,Midday,Weekday
T20230007570,2023-03-22,11:10:00,1,Collision with vehicle,3,Wednesday,132,RIGHT REAR.,9,779303,T intersection,3,60,Arterial Highway,WARRIGAL,KINGSTON,-37.95464,145.0765,2023,3,March,11,Midday,Weekday
T20230006751,2023-03-22,11:00:00,1,Collision with vehicle,3,Wednesday,148,VEHICLE OFF FOOTPATH STRIKES VEH ON CARRIAGEWAY,1,773880,T intersection,3,60,Arterial Highway,KINGS,MELBOURNE,-37.828434,144.96304,2023,3,March,11,Midday,Weekday
T20230006757,2023-03-22,10:38:00,1,Collision with vehicle,3,Wednesday,149,OTHER MANOEUVRING NOT INCLUDED IN DCAs 140-148,1,781741,Not at intersection,3,50,Local Road,HILLVIEW,MORELAND,-37.74843,144.94151,2023,3,March,10,Midday,Weekday
T20230006826,2023-03-22,23:25:00,1,Collision with vehicle,3,Wednesday,142,LEAVING PARKING,6,246091,Not at intersection,2,40,Local Road,SWANSTON,MELBOURNE,-37.811268,144.9646,2023,3,March,23,Night,Weekday
T20230006818,2023-03-22,15:00:00,1,Collision with vehicle,3,Wednesday,139,OTHER SAME DIRECTION-MANOUEVRES NOT INCLUDED IN DCAs 130-137,1,37156,Cross intersection,3,60,Local Road,MERTON,HOBSONS BAY,-37.87699,144.77681,2023,3,March,15,Afternoon Peak,Weekday
T20230006816,2023-03-22,21:25:00,1,Collision with vehicle,3,Wednesday,121,RIGHT THROUGH,3,294710,T intersection,2,60,Arterial Other,MILLERS,HOBSONS BAY,-37.844063,144.84607,2023,3,March,21,Night,Weekday
T20230006813,2023-03-22,20:09:00,4,Collision with a fixed object,3,Wednesday,171,LEFT OFF CARRIAGEWAY INTO OBJECT/PARKED VEHICLE,5,769775,Not at intersection,2,100,Arterial Other,ELMORE-RAYWOOD,BENDIGO,-36.48722,144.37523,2023,3,March,20,Night,Weekday
T20230006809,2023-03-22,18:30:00,6,Vehicle overturned (no collision),3,Wednesday,172,OFF CARRIAGEWAY TO RIGHT,1,775583,Not at intersection,2,100,Local Road,MCKENZIE,GANNAWARRA,-35.773182,143.87463,2023,3,March,18,Afternoon Peak,Weekday
T20230006806,2023-03-22,13:23:00,1,Collision with vehicle,3,Wednesday,110,CROSS TRAFFIC(INTERSECTIONS ONLY),1,37829,Cross intersection,2,50,Arterial Other,NICHOLSON,MORELAND,-37.76735,144.98022,2023,3,March,13,Midday,Weekday
T20230006799,2023-03-22,19:00:00,2,Struck Pedestrian,3,Wednesday,100,PED NEAR SIDE. PED HIT BY VEHICLE FROM THE RIGHT.,1,773632,Cross intersection,2,60,Local Road,FOURTEENTH,MILDURA,-34.198277,142.14703,2023,3,March,19,Night,Weekday
T20230006793,2023-03-22,15:45:00,6,Vehicle overturned (no collision),3,Wednesday,180,OFF CARRIAGEWAY ON RIGHT BEND,1,763143,Not at intersection,2,60,Local Road,DERHAMS,LATROBE,-38.173317,146.41785,2023,3,March,15,Afternoon Peak,Weekday
T20230006783,2023-03-22,14:15:00,1,Collision with vehicle,3,Wednesday,110,CROSS TRAFFIC(INTERSECTIONS ONLY),1,781743,Cross intersection,2,100,Local Road,CODRINGTON-ORFORD,MOYNE,-38.256893,142.06879,2023,3,March,14,Midday,Weekday
T20230006780,2023-03-22,14:30:00,4,Collision with a fixed object,3,Wednesday,171,LEFT OFF CARRIAGEWAY INTO OBJECT/PARKED VEHICLE,1,778506,Not at intersection,3,100,Local Road,NUMURKAH,MOIRA,-36.016598,145.46036,2023,3,March,14,Midday,Weekday
T20230008463,2023-03-22,08:30:00,1,Collision with vehicle,3,Wednesday,130,REAR END(VEHICLES IN SAME LANE),1,791515,Not at intersection,3,40,Arterial Other,DALTON,WHITTLESEA,-37.672398,145.03134,2023,3,March,8,Morning Peak,Weekday
T20230006758,2023-03-22,08:15:00,1,Collision with vehicle,3,Wednesday,160,VEHICLE COLLIDES WITH VEHICLE PARKED ON LEFT OF ROAD,1,773879,Not at intersection,2,60,Local Road,GARDENVALE,GLEN EIRA,-37.897915,145.00815,2023,3,March,8,Morning Peak,Weekday
T20230006761,2023-03-22,05:48:00,4,Collision with a fixed object,3,Wednesday,175,OFF END OF ROAD/T-INTERSECTION.,2,783958,T intersection,3,80,Arterial Highway,MAROONDAH,YARRA RANGES,-37.6723,145.51062,2023,3,March,5,Morning Peak,Weekday
T20230010996,2023-03-22,10:15:00,1,Collision with vehicle,3,Wednesday,130,REAR END(VEHICLES IN SAME LANE),1,773861,T intersection,3,40,Arterial Other,CHURCH,YARRA,-37.82908,144.99731,2023,3,March,10,Midday,Weekday
T20230006763,2023-03-22,12:48:00,1,Collision with vehicle,3,Wednesday,130,REAR END(VEHICLES IN SAME LANE),1,50755,T intersection,3,80,Arterial Highway,PRINCES,COLAC OTWAY,-38.32491,143.62741,2023,3,March,12,Midday,Weekday
T20230007117,2023-03-22,17:00:00,1,Collision with vehicle,3,Wednesday,130,REAR END(VEHICLES IN SAME LANE),1,773203,Not at intersection,2,60,Local Road,DOHERTYS,WYNDHAM,-37.82385,144.73523,2023,3,March,17,Afternoon Peak,Weekday
T20230006775,2023-03-22,13:25:00,2,Struck Pedestrian,3,Wednesday,100,PED NEAR SIDE. PED HIT BY VEHICLE FROM THE RIGHT.,1,36819,Cross intersection,3,40,Arterial Other,SPENCER,MELBOURNE,-37.811047,144.95044,2023,3,March,13,Midday,Weekday
T20230006776,2023-03-22,13:45:00,1,Collision with vehicle,3,Wednesday,135,LANE CHANGE LEFT (NOT OVERTAKING),1,764343,Not at intersection,2,60,Arterial Other,FLEMINGTON ROAD SERVICE,MELBOURNE,-37.793488,144.94702,2023,3,March,13,Midday,Weekday
T20230006777,2023-03-22,12:15:00,4,Collision with a fixed object,3,Wednesday,183,OFF LEFT BEND INTO OBJECT/PARKED VEHICLE,1,775397,Not at intersection,2,100,Local Road,WOOLSTHORPE-HEXHAM,MOYNE,-38.08166,142.58644,2023,3,March,12,Midday,Weekday
T20230006738,2023-03-22,07:34:00,1,Collision with vehicle,3,Wednesday,130,REAR END(VEHICLES IN SAME LANE),1,57576,Cross intersection,2,80,Arterial Highway,WELLINGTON,MONASH,-37.921875,145.1863,2023,3,March,7,Morning Peak,Weekday
T20230007242,2023-03-22,08:40:00,1,Collision with vehicle,3,Wednesday,130,REAR END(VEHICLES IN SAME LANE),1,769547,Cross intersection,3,60,Arterial Other,BORONIA,KNOX,-37.84805,145.22882,2023,3,March,8,Morning Peak,Weekday
T20230006735,2023-03-22,06:50:00,1,Collision with vehicle,3,Wednesday,121,RIGHT THROUGH,2,29783,T intersection,2,60,Arterial Other,HIGH,DAREBIN,-37.70884,145.00894,2023,3,March,6,Morning Peak,Weekday
T20230006734,2023-03-22,06:15:00,1,Collision with vehicle,3,Wednesday,130,REAR END(VEHICLES IN SAME LANE),3,278703,Multiple intersection,3,60,Freeway,BACCHUS MARSH,GEELONG,-38.05862,144.35825,2023,3,March,6,Morning Peak,Weekday
T20230007220,2023-03-22,21:09:00,1,Collision with vehicle,3,Wednesday,121,RIGHT THROUGH,3,36572,Cross intersection,3,40,Local Road,GERTRUDE,YARRA,-37.80637,144.98299,2023,3,March,21,Night,Weekday
T20230006870,2023-03-22,18:20:00,1,Collision with vehicle,3,Wednesday,147,VEHICLE STRIKES ANOTHER VEH WHILE EMERGING FROM DRIVEWAY,1,774130,Not at intersection,3,40,Arterial Other,TUAGGRA,CENTRAL GOLDFIELDS,-37.046665,143.74026,2023,3,March,18,Afternoon Peak,Weekday
T20230006814,2023-03-22,18:24:00,1,Collision with vehicle,3,Wednesday,110,CROSS TRAFFIC(INTERSECTIONS ONLY),1,51314,Cross intersection,3,100,Local Road,BREWER,SHEPPARTON,-36.404198,145.06819,2023,3,March,18,Afternoon Peak,Weekday
T20230011262,2023-03-22,15:00:00,1,Collision with vehicle,3,Wednesday,130,REAR END(VEHICLES IN SAME LANE),1,776700,Not at intersection,3,60,Freeway,CALDER OUT-EDGECOMBE,MACEDON RANGES,-37.243526,144.4643,2023,3,March,15,Afternoon Peak,Weekday
T20230010258,2023-03-22,01:00:00,1,Collision with vehicle,3,Wednesday,160,VEHICLE COLLIDES WITH VEHICLE PARKED ON LEFT OF ROAD,6,772343,Not at intersection,3,50,Local Road,TOLEDO,BRIMBANK,-37.750088,144.82263,2023,3,March,1,Late Night,Weekday
T20230007796,2023-03-22,16:00:00,1,Collision with vehicle,3,Wednesday,137,LEFT TURN SIDESWIPE,1,43665,Cross intersection,3,50,Local Road,COLERAINE,HUME,-37.677544,144.91942,2023,3,March,16,Afternoon Peak,Weekday
T20230006728,2023-03-22,04:00:00,4,Collision with a fixed object,3,Wednesday,171,LEFT OFF CARRIAGEWAY INTO OBJECT/PARKED VEHICLE,3,36203,Cross intersection,2,60,Arterial Other,VINEYARD,MELTON,-37.629066,144.70866,2023,3,March,4,Late Night,Weekday
T20230007806,2023-03-22,05:45:00,6,Vehicle overturned (no collision),3,Wednesday,174,OUT OF CONTROL ON CARRIAGEWAY (ON STRAIGHT),2,773208,Not at intersection,2,60,Local Road,DOHERTYS,WYNDHAM,-37.822918,144.72418,2023,3,March,5,Morning Peak,Weekday
T20230008410,2023-03-22,12:25:00,1,Collision with vehicle,3,Wednesday,133,LANE SIDE SWIPE (VEHICLES IN PARALLEL LANES),1,783957,Not at intersection,3,60,Arterial Other,MELBOURNE,HOBSONS BAY,-37.855045,144.89163,2023,3,March,12,Midday,Weekday
T20230010163,2023-03-23,15:45:00,1,Collision with vehicle,4,Thursday,110,CROSS TRAFFIC(INTERSECTIONS ONLY),1,41003,Cross intersection,3,50,Arterial Other,GLENROY,MORELAND,-37.706036,144.91734,2023,3,March,15,Afternoon Peak,Weekday
T20230007420,2023-03-23,14:55:00,1,Collision with vehicle,4,Thursday,130,REAR END(VEHICLES IN SAME LANE),1,764486,Not at intersection,2,60,Arterial Other,MALVERN,STONNINGTON,-37.852352,145.03543,2023,3,March,14,Midday,Weekday
T20230006887,2023-03-23,13:15:00,1,Collision with vehicle,4,Thursday,121,RIGHT THROUGH,1,781731,Not at intersection,3,80,Local Road,TRIO,MACEDON RANGES,-37.25796,144.47362,2023,3,March,13,Midday,Weekday
T20230006888,2023-03-23,11:53:00,4,Collision with a fixed object,4,Thursday,173,RIGHT OFF CARRIAGEWAY INTO OBJECT/PARKED VEHICLE,1,763964,Not at intersection,2,100,Local Road,ROMSEY,MACEDON RANGES,-37.34697,144.7049,2023,3,March,11,Midday,Weekday
T20230008374,2023-03-23,15:00:00,4,Collision with a fixed object,4,Thursday,171,LEFT OFF CARRIAGEWAY INTO OBJECT/PARKED VEHICLE,1,769039,Cross intersection,2,50,Local Road,GRAND,HUME,-37.57113,144.9059,2023,3,March,15,Afternoon Peak,Weekday
T20230006918,2023-03-23,15:30:00,1,Collision with vehicle,4,Thursday,134,LANE CHANGE RIGHT (NOT OVERTAKING),1,767830,Not at intersection,2,60,Arterial Other,DORSET,MAROONDAH,-37.77488,145.29459,2023,3,March,15,Afternoon Peak,Weekday
T20230011390,2023-03-23,20:00:00,1,Collision with vehicle,4,Thursday,121,RIGHT THROUGH,3,782438,Not at intersection,2,60,Arterial Highway,SPRINGVALE,DANDENONG,-37.93511,145.15553,2023,3,March,20,Night,Weekday
T20230006847,2023-03-23,07:50:00,4,Collision with a fixed object,4,Thursday,181,OFF RIGHT BEND INTO OBJECT/PARKED VEHICLE,2,773824,Not at intersection,2,100,Arterial Other,GEELONG-BALLAN,GOLDEN PLAINS,-37.80957,144.2018,2023,3,March,7,Morning Peak,Weekday
T20230006836,2023-03-23,07:13:00,1,Collision with vehicle,4,Thursday,113,RIGHT NEAR (INTERSECTIONS ONLY),1,294515,T intersection,2,60,Arterial Highway,QUEENS,PORT PHILLIP,-37.849503,144.97787,2023,3,March,7,Morning Peak,Weekday
T20230006827,2023-03-23,01:03:00,1,Collision with vehicle,4,Thursday,130,REAR END(VEHICLES IN SAME LANE),3,766436,Not at intersection,2,40,Freeway,PRINCES,HOBSONS BAY,-37.857414,144.77803,2023,3,March,1,Late Night,Weekday
T20230007099,2023-03-23,10:00:00,4,Collision with a fixed object,4,Thursday,171,LEFT OFF CARRIAGEWAY INTO OBJECT/PARKED VEHICLE,1,784379,Not at intersection,3,50,Local Road,KOOYONG,STONNINGTON,-37.86208,145.01958,2023,3,March,10,Midday,Weekday
T20230006892,2023-03-23,15:10:00,1,Collision with vehicle,4,Thursday,121,RIGHT THROUGH,1,351029,T intersection,3,80,Arterial Other,CLYDE,CASEY,-38.05561,145.33904,2023,3,March,15,Afternoon Peak,Weekday
T20230006894,2023-03-23,13:10:00,1,Collision with vehicle,4,Thursday,120,HEAD ON (NOT OVERTAKING),1,763361,Not at intersection,3,100,Local Road,KURRAJONG GAP,TOWONG,-36.108063,147.08165,2023,3,March,13,Midday,Weekday
T20230007407,2023-03-23,22:10:00,1,Collision with vehicle,4,Thursday,130,REAR END(VEHICLES IN SAME LANE),9,764603,Not at intersection,3,50,Local Road,KOETONG,MORNINGTON PENINSULA,-38.19237,145.08409,2023,3,March,22,Night,Weekday
T20230009277,2023-03-23,16:00:00,4,Collision with a fixed object,4,Thursday,183,OFF LEFT BEND INTO OBJECT/PARKED VEHICLE,9,44085,T intersection,3,80,Arterial Other,WHITE HILL,MORNINGTON PENINSULA,-38.33217,145.00882,2023,3,March,16,Afternoon Peak,Weekday
T20230006913,2023-03-23,16:42:00,1,Collision with vehicle,4,Thursday,110,CROSS TRAFFIC(INTERSECTIONS ONLY),1,29948,Cross intersection,2,60,Arterial Highway,MCKILLOP,GEELONG,-38.153427,144.35791,2023,3,March,16,Afternoon Peak,Weekday
T20230006912,2023-03-23,15:20:00,4,Collision with a fixed object,4,Thursday,171,LEFT OFF CARRIAGEWAY INTO OBJECT/PARKED VEHICLE,1,783018,Cross intersection,2,60,Local Road,ORMOND,GEELONG,-38.154995,144.37163,2023,3,March,15,Afternoon Peak,Weekday
T20230006911,2023-03-23,17:14:00,1,Collision with vehicle,4,Thursday,113,RIGHT NEAR (INTERSECTIONS ONLY),1,224161,T intersection,2,60,Local Road,CLAVENS,WARRNAMBOOL,-38.364952,142.45952,2023,3,March,17,Afternoon Peak,Weekday
T20230006910,2023-03-23,14:50:00,1,Collision with vehicle,4,Thursday,159,OTHER OVERTAKING MANOEUVRES NOT INCLUDED IN DCAs 150-154,1,772615,Not at intersection,2,40,Arterial Highway,GREAT ALPINE,EAST GIPPSLAND,-37.36412,147.8296,2023,3,March,14,Midday,Weekday
T20230006909,2023-03-23,17:20:00,1,Collision with vehicle,4,Thursday,151,OUT OF CONTROL (OVERTAKING),1,764344,Not at intersection,3,60,Arterial Highway,MIDLAND,SHEPPARTON,-36.39252,145.44695,2023,3,March,17,Afternoon Peak,Weekday
T20230007233,2023-03-23,06:40:00,1,Collision with vehicle,4,Thursday,130,REAR END(VEHICLES IN SAME LANE),2,781748,Not at intersection,3,100,Freeway,WESTERN RING OUT-BOUNDARY,WYNDHAM,-37.817223,144.80829,2023,3,March,6,Morning Peak,Weekday
T20230006884,2023-03-23,13:15:00,6,Vehicle overturned (no collision),4,Thursday,174,OUT OF CONTROL ON CARRIAGEWAY (ON STRAIGHT),1,767829,Not at intersection,2,80,Local Road,CRAIG,CASEY,-38.195312,145.28271,2023,3,March,13,Midday,Weekday
T20230006929,2023-03-23,19:00:00,6,Vehicle overturned (no collision),4,Thursday,174,OUT OF CONTROL ON CARRIAGEWAY (ON STRAIGHT),2,767831,Not at intersection,2,80,Freeway,CITYLINK,MELBOURNE,-37.779972,144.939,2023,3,March,19,Night,Weekday
T20230006898,2023-03-23,05:00:00,4,Collision with a fixed object,4,Thursday,171,LEFT OFF CARRIAGEWAY INTO OBJECT/PARKED VEHICLE,4,65371,Cross intersection,3,80,Local Road,OLD BAKER,YARRA RANGES,-37.80123,145.44531,2023,3,March,5,Morning Peak,Weekday
T20230006879,2023-03-23,12:38:00,2,Struck Pedestrian,4,Thursday,100,PED NEAR SIDE. PED HIT BY VEHICLE FROM THE RIGHT.,1,42695,T intersection,3,40,Arterial Other,BALCOMBE,BAYSIDE,-37.97567,145.0176,2023,3,March,12,Midday,Weekday
T20230006877,2023-03-23,11:20:00,6,Vehicle overturned (no collision),4,Thursday,172,OFF CARRIAGEWAY TO RIGHT,1,773823,Not at intersection,3,60,Arterial Other,WHITEHORSE,BALLARAT,-37.603794,143.85612,2023,3,March,11,Midday,Weekday
T20230006871,2023-03-23,10:25:00,1,Collision with vehicle,4,Thursday,130,REAR END(VEHICLES IN SAME LANE),1,764088,Cross intersection,3,50,Local Road,AITKEN,HUME,-37.586002,144.91139,2023,3,March,10,Midday,Weekday
T20230007487,2023-03-23,09:10:00,1,Collision with vehicle,4,Thursday,130,REAR END(VEHICLES IN SAME LANE),1,43939,Cross intersection,3,80,Arterial Highway,DANDENONG-HASTINGS,CASEY,-38.200577,145.21568,2023,3,March,9,Morning Peak,Weekday
T20230006866,2023-03-23,10:08:00,1,Collision with vehicle,4,Thursday,113,RIGHT NEAR (INTERSECTIONS ONLY),1,44923,T intersection,3,60,Arterial Other,MAIN,BRIMBANK,-37.742832,144.78745,2023,3,March,10,Midday,Weekday
T20230006865,2023-03-23,08:00:00,1,Collision with vehicle,4,Thursday,113,RIGHT NEAR (INTERSECTIONS ONLY),1,1294,Cross intersection,3,80,Arterial Other,BALLARTO,CARDINIA,-38.161953,145.53506,2023,3,March,8,Morning Peak,Weekday
T20230006863,2023-03-23,11:04:00,1,Collision with vehicle,4,Thursday,113,RIGHT NEAR (INTERSECTIONS ONLY),1,51521,Cross intersection,3,60,Arterial Highway,NAPIER,BENDIGO,-36.72613,144.309,2023,3,March,11,Midday,Weekday
T20230006899,2023-03-23,12:00:00,1,Collision with vehicle,4,Thursday,120,HEAD ON (NOT OVERTAKING),1,782315,Not at intersection,3,80,Arterial Other,LEARMONTH,BALLARAT,-37.525043,143.80974,2023,3,March,12,Midday,Weekday
T20230009206,2023-03-23,05:55:00,1,Collision with vehicle,4,Thursday,139,OTHER SAME DIRECTION-MANOUEVRES NOT INCLUDED IN DCAs 130-137,3,784327,Not at intersection,3,80,Freeway,PRINCES,HOBSONS BAY,-37.845856,144.78247,2023,3,March,5,Morning Peak,Weekday
T20230006917,2023-03-23,15:45:00,1,Collision with vehicle,4,Thursday,130,REAR END(VEHICLES IN SAME LANE),1,773825,Not at intersection,2,60,Arterial Other,GLENFERN,KNOX,-37.898796,145.29451,2023,3,March,15,Afternoon Peak,Weekday
T20230008797,2023-03-23,06:15:00,8,No collision and no object struck,4,Thursday,184,OUT OF CONTROL ON CARRIAGEWAY (ON BEND),6,266390,Multiple intersection,3,60,Arterial Other,MOUNT DANDENONG TOURIST,YARRA RANGES,-37.83574,145.35693,2023,3,March,6,Morning Peak,Weekday
T20230012084,2023-03-23,13:30:00,1,Collision with vehicle,4,Thursday,163,VEHICLE STRIKES DOOR OF PARKED/STATIONARY VEHICLE,1,781756,Not at intersection,3,40,Local Road,ERSKINE,DAREBIN,-37.723125,145.0251,2023,3,March,13,Midday,Weekday
T20230008039,2023-03-23,16:30:00,1,Collision with vehicle,4,Thursday,148,VEHICLE OFF FOOTPATH STRIKES VEH ON CARRIAGEWAY,1,766674,Not at intersection,3,30,Arterial Other,NORMANBY,MELBOURNE,-37.825466,144.95673,2023,3,March,16,Afternoon Peak,Weekday
T20230009478,2023-03-23,07:00:00,3,Struck animal,4,Thursday,167,STRUCK ANIMAL,2,770007,Not at intersection,3,100,Arterial Other,MELBOURNE LANCEFIELD,MACEDON RANGES,-37.41762,144.74863,2023,3,March,7,Morning Peak,Weekday
T20230006897,2023-03-23,14:40:00,1,Collision with vehicle,4,Thursday,110,CROSS TRAFFIC(INTERSECTIONS ONLY),1,62202,Cross intersection,3,60,Local Road,ALBERT,MELTON,-37.70803,144.56374,2023,3,March,14,Midday,Weekday
T20230007484,2023-03-23,14:30:00,1,Collision with vehicle,4,Thursday,136,RIGHT TURN SIDESWIPE,1,50096,Cross intersection,2,50,Arterial Other,MURRADOC,GEELONG,-38.170845,144.71841,2023,3,March,14,Midday,Weekday
T20230007448,2023-03-24,22:52:00,1,Collision with vehicle,5,Friday,147,VEHICLE STRIKES ANOTHER VEH WHILE EMERGING FROM DRIVEWAY,3,30318,T intersection,3,60,Arterial Other,HORNE,HUME,-37.578465,144.72673,2023,3,March,22,Night,Weekday
T20230008498,2023-03-24,14:30:00,2,Struck Pedestrian,5,Friday,101,PED EMERGES FROM IN FRONT OF PARKED OR STATIONARY VEHICLE,1,35359,Cross intersection,3,40,Local Road,BOURKE,MELBOURNE,-37.814247,144.96317,2023,3,March,14,Midday,Weekday
T20230009663,2023-03-24,20:55:00,1,Collision with vehicle,5,Friday,116,LEFT NEAR (INTERSECTIONS ONLY),3,299534,T intersection,3,50,Local Road,LINSELL,CASEY,-38.09896,145.29669,2023,3,March,20,Night,Weekday
T20230007935,2023-03-24,19:45:00,1,Collision with vehicle,5,Friday,148,VEHICLE OFF FOOTPATH STRIKES VEH ON CARRIAGEWAY,3,42561,T intersection,2,50,Arterial Other,POLICE,MONASH,-37.934406,145.16687,2023,3,March,19,Night,Weekday
T20230007230,2023-03-24,17:00:00,1,Collision with vehicle,5,Friday,142,LEAVING PARKING,1,772709,Not at intersection,3,40,Local Road,HIGHETT,YARRA,-37.816044,145.00076,2023,3,March,17,Afternoon Peak,Weekday
T20230007122,2023-03-24,19:10:00,1,Collision with vehicle,5,Friday,129,OTHER OPPOSING MANOEUVRES NOT INCLUDED IN DCAs 120-125.,1,316196,Unknown,3,60,Arterial Other,FLEMINGTON,MELBOURNE,-37.7895,144.94229,2023,3,March,19,Night,Weekday
T20230006936,2023-03-24,04:08:00,1,Collision with vehicle,5,Friday,160,VEHICLE COLLIDES WITH VEHICLE PARKED ON LEFT OF ROAD,3,774414,Not at intersection,2,70,Arterial Other,SOUTH,KINGSTON,-37.935513,145.0541,2023,3,March,4,Late Night,Weekday
T20230006938,2023-03-24,06:12:00,1,Collision with vehicle,5,Friday,130,REAR END(VEHICLES IN SAME LANE),3,773819,Not at intersection,3,80,Freeway,SUNSHINE-CALDER IN,BRIMBANK,-37.7044,144.8158,2023,3,March,6,Morning Peak,Weekday
T20230006943,2023-03-24,08:25:00,4,Collision with a fixed object,5,Friday,151,OUT OF CONTROL (OVERTAKING),2,781744,Not at intersection,3,100,Local Road,BROWNS,GOLDEN PLAINS,-37.674667,143.68082,2023,3,March,8,Morning Peak,Weekday
T20230006945,2023-03-24,07:23:00,1,Collision with vehicle,5,Friday,120,HEAD ON (NOT OVERTAKING),1,775878,Not at intersection,1,80,Local Road,SCHOOL,GEELONG,-38.06969,144.38431,2023,3,March,7,Morning Peak,Weekday
T20230006949,2023-03-24,09:25:00,4,Collision with a fixed object,5,Friday,171,LEFT OFF CARRIAGEWAY INTO OBJECT/PARKED VEHICLE,1,765304,T intersection,2,100,Arterial Other,WANGARATTA-YARRAWONGA,WANGARATTA,-36.303993,146.27333,2023,3,March,9,Morning Peak,Weekday
T20230006971,2023-03-24,07:17:00,1,Collision with vehicle,5,Friday,113,RIGHT NEAR (INTERSECTIONS ONLY),2,773816,T intersection,3,60,Arterial Other,LYONS,BENDIGO,-36.742695,144.3153,2023,3,March,7,Morning Peak,Weekday
T20230007060,2023-03-24,18:40:00,1,Collision with vehicle,5,Friday,135,LANE CHANGE LEFT (NOT OVERTAKING),1,763245,Not at intersection,3,60,Arterial Highway,GREENSBOROUGH,BANYULE,-37.728603,145.07967,2023,3,March,18,Afternoon Peak,Weekday
T20230007007,2023-03-24,22:30:00,2,Struck Pedestrian,5,Friday,108,PED STRUCK WALKING TO/FROM OR BOARDING/ALIGHTING VEHICLE.,3,683325,Not at intersection,2,40,Local Road,LYGON,MORELAND,-37.769802,144.972,2023,3,March,22,Night,Weekday
T20230008511,2023-03-24,11:20:00,1,Collision with vehicle,5,Friday,121,RIGHT THROUGH,1,344051,Cross intersection,3,60,Arterial Other,GRIEVE,HOBSONS BAY,-37.82417,144.82968,2023,3,March,11,Midday,Weekday
T20230007318,2023-03-24,18:00:00,1,Collision with vehicle,5,Friday,130,REAR END(VEHICLES IN SAME LANE),1,773822,Not at intersection,3,60,Arterial Other,CANTERBURY,BOROONDARA,-37.824562,145.08568,2023,3,March,18,Afternoon Peak,Weekday