ACCIDENT_NO,ACCIDENT_DATE,ACCIDENT_TIME,ACCIDENT_TYPE,ACCIDENT_TYPE_DESC,DAY_OF_WEEK,DAY_WEEK_DESC,DCA_CODE,DCA_DESC,LIGHT_CONDITION,NODE_ID,ROAD_GEOMETRY_DESC,SEVERITY,SPEED_ZONE,RMA,ROAD_NAME,LGA_NAME,LATITUDE,LONGITUDE,YEAR,MONTH,MONTH_NAME,HOUR,TIME_PERIOD,DAY_TYPE
T20230006995,2023-03-24,20:31:00,4,Collision with a fixed object,5,Friday,171,LEFT OFF CARRIAGEWAY INTO OBJECT/PARKED VEHICLE,3,42990,Cross intersection,3,50,Local Road,JONES,DANDENONG,-37.976704,145.20207,2023,3,March,20,Night,Weekday
T20230007585,2023-03-24,02:29:00,1,Collision with vehicle,5,Friday,130,REAR END(VEHICLES IN SAME LANE),6,776127,Not at intersection,3,100,Freeway,PRINCES,WYNDHAM,-37.918526,144.66138,2023,3,March,2,Late Night,Weekday
T20230006982,2023-03-24,13:20:00,1,Collision with vehicle,5,Friday,113,RIGHT NEAR (INTERSECTIONS ONLY),1,764089,T intersection,3,50,Local Road,WAKELIN,BRIMBANK,-37.691906,144.76945,2023,3,March,13,Midday,Weekday
T20230006980,2023-03-24,13:05:00,1,Collision with vehicle,5,Friday,134,LANE CHANGE RIGHT (NOT OVERTAKING),1,773814,Not at intersection,2,50,Arterial Other,KEILOR PARK,BRIMBANK,-37.739258,144.85226,2023,3,March,13,Midday,Weekday
T20230006991,2023-03-24,18:00:00,4,Collision with a fixed object,5,Friday,181,OFF RIGHT BEND INTO OBJECT/PARKED VEHICLE,1,774415,Y intersection,2,50,Local Road,ALFRED,MITCHELL,-37.028732,145.14565,2023,3,March,18,Afternoon Peak,Weekday
T20230006994,2023-03-24,15:18:00,2,Struck Pedestrian,5,Friday,102,FAR SIDE. PED HIT BY VEHICLE FROM THE LEFT,1,763684,T intersection,3,70,Arterial Other,SYDNEY,MORELAND,-37.701073,144.95981,2023,3,March,15,Afternoon Peak,Weekday
T20230013227,2023-03-24,22:30:00,5,collision with some other object,5,Friday,191,LOAD OR MISSILE STRUCK VEHICLE,3,775716,Not at intersection,3,80,Arterial Other,CRANBOURNE-FRANKSTON,FRANKSTON,-38.151615,145.19269,2023,3,March,22,Night,Weekday
T20230006986,2023-03-24,15:34:00,1,Collision with vehicle,5,Friday,121,RIGHT THROUGH,1,775935,T intersection,2,40,Local Road,KNIGHT,SHEPPARTON,-36.37569,145.41316,2023,3,March,15,Afternoon Peak,Weekday
T20230007618,2023-03-24,14:45:00,1,Collision with vehicle,5,Friday,130,REAR END(VEHICLES IN SAME LANE),1,774042,Not at intersection,2,80,Freeway,WESTERN RING,HUME,-37.694286,144.91553,2023,3,March,14,Midday,Weekday
T20230007688,2023-03-24,17:40:00,8,No collision and no object struck,5,Friday,174,OUT OF CONTROL ON CARRIAGEWAY (ON STRAIGHT),1,764821,Not at intersection,3,70,Arterial Other,STATION,BRIMBANK,-37.76938,144.77505,2023,3,March,17,Afternoon Peak,Weekday
T20230006966,2023-03-24,06:55:00,4,Collision with a fixed object,5,Friday,183,OFF LEFT BEND INTO OBJECT/PARKED VEHICLE,1,781224,Not at intersection,2,60,Arterial Highway,ROUGHEAD,SOUTH GIPPSLAND,-38.468994,145.95003,2023,3,March,6,Morning Peak,Weekday
T20230007033,2023-03-24,07:50:00,1,Collision with vehicle,5,Friday,130,REAR END(VEHICLES IN SAME LANE),1,763362,Not at intersection,3,80,Arterial Other,MONBULK,YARRA RANGES,-37.85054,145.42366,2023,3,March,7,Morning Peak,Weekday
T20230006978,2023-03-24,14:44:00,1,Collision with vehicle,5,Friday,120,HEAD ON (NOT OVERTAKING),1,775553,Not at intersection,3,60,Arterial Other,OLD GEELONG,HOBSONS BAY,-37.850277,144.77048,2023,3,March,14,Midday,Weekday
T20230007015,2023-03-24,06:15:00,1,Collision with vehicle,5,Friday,135,LANE CHANGE LEFT (NOT OVERTAKING),3,773820,Not at intersection,3,80,Freeway,WEST GATE,HOBSONS BAY,-37.825226,144.88719,2023,3,March,6,Morning Peak,Weekday
T20230006976,2023-03-24,15:35:00,8,No collision and no object struck,5,Friday,174,OUT OF CONTROL ON CARRIAGEWAY (ON STRAIGHT),1,765421,Not at intersection,2,100,Arterial Highway,GREAT ALPINE,WANGARATTA,-36.384747,146.41873,2023,3,March,15,Afternoon Peak,Weekday
T20230007773,2023-03-24,16:20:00,1,Collision with vehicle,5,Friday,137,LEFT TURN SIDESWIPE,1,765541,Not at intersection,3,40,Local Road,RATHDOWNE,MELBOURNE,-37.79825,144.97035,2023,3,March,16,Afternoon Peak,Weekday
T20230007465,2023-03-24,15:15:00,4,Collision with a fixed object,5,Friday,171,LEFT OFF CARRIAGEWAY INTO OBJECT/PARKED VEHICLE,1,286657,Cross intersection,3,60,Local Road,HUME,MELTON,-37.710793,144.74837,2023,3,March,15,Afternoon Peak,Weekday
T20230007488,2023-03-24,13:30:00,6,Vehicle overturned (no collision),5,Friday,180,OFF CARRIAGEWAY ON RIGHT BEND,1,765039,Not at intersection,3,60,Local Road,DIGGERS,WYNDHAM,-37.970127,144.68481,2023,3,March,13,Midday,Weekday
T20230018526,2023-03-24,04:00:00,4,Collision with a fixed object,5,Friday,173,RIGHT OFF CARRIAGEWAY INTO OBJECT/PARKED VEHICLE,2,320898,Not at intersection,2,70,Arterial Highway,LONSDALE,DANDENONG,-37.99287,145.21623,2023,3,March,4,Late Night,Weekday
T20230012746,2023-03-24,09:00:00,1,Collision with vehicle,5,Friday,110,CROSS TRAFFIC(INTERSECTIONS ONLY),1,781758,Cross intersection,3,80,Arterial Other,CANTERBURY,MAROONDAH,-37.826412,145.25685,2023,3,March,9,Morning Peak,Weekday
T20230006957,2023-03-24,11:41:00,1,Collision with vehicle,5,Friday,110,CROSS TRAFFIC(INTERSECTIONS ONLY),1,22502,Cross intersection,3,70,Arterial Other,LEARMONTH,BALLARAT,-37.524853,143.80957,2023,3,March,11,Midday,Weekday
T20230006956,2023-03-24,08:30:00,8,No collision and no object struck,5,Friday,151,OUT OF CONTROL (OVERTAKING),1,773821,T intersection,2,80,Local Road,MONASH,SWAN HILL,-35.185387,143.35883,2023,3,March,8,Morning Peak,Weekday
T20230013950,2023-03-24,23:12:00,2,Struck Pedestrian,5,Friday,101,PED EMERGES FROM IN FRONT OF PARKED OR STATIONARY VEHICLE,3,781740,T intersection,3,50,Local Road,WHITFIELD,WYNDHAM,-37.8575,144.71968,2023,3,March,23,Night,Weekday
T20230006954,2023-03-24,07:30:00,1,Collision with vehicle,5,Friday,121,RIGHT THROUGH,1,38531,Cross intersection,2,60,Arterial Other,LITTLE BOUNDARY,WYNDHAM,-37.81877,144.8191,2023,3,March,7,Morning Peak,Weekday
T20230006952,2023-03-24,07:30:00,1,Collision with vehicle,5,Friday,130,REAR END(VEHICLES IN SAME LANE),2,763146,Not at intersection,3,80,Freeway,CITYLINK,MELBOURNE,-37.819485,144.93231,2023,3,March,7,Morning Peak,Weekday
T20230007546,2023-03-24,15:45:00,1,Collision with vehicle,5,Friday,121,RIGHT THROUGH,1,221373,T intersection,2,80,Arterial Other,HUME,HUME,-37.61251,144.94661,2023,3,March,15,Afternoon Peak,Weekday
T20230007180,2023-03-25,22:30:00,1,Collision with vehicle,6,Saturday,130,REAR END(VEHICLES IN SAME LANE),3,230844,Not at intersection,1,60,Arterial Other,COOPER,WHITTLESEA,-37.65119,145.016,2023,3,March,22,Night,Weekend
T20230007034,2023-03-25,10:08:00,1,Collision with vehicle,6,Saturday,121,RIGHT THROUGH,1,42247,Cross intersection,2,60,Local Road,DERBY,MORELAND,-37.73564,144.94553,2023,3,March,10,Midday,Weekend
T20230007103,2023-03-25,14:30:00,1,Collision with vehicle,6,Saturday,130,REAR END(VEHICLES IN SAME LANE),1,763850,Not at intersection,3,80,Freeway,WEST GATE,MELBOURNE,-37.825626,144.93665,2023,3,March,14,Midday,Weekend
T20230007020,2023-03-25,10:35:00,1,Collision with vehicle,6,Saturday,121,RIGHT THROUGH,1,50903,T intersection,2,60,Local Road,THOMAS MITCHELL,WODONGA,-36.129925,146.89687,2023,3,March,10,Midday,Weekend
T20230007019,2023-03-25,08:38:00,1,Collision with vehicle,6,Saturday,131,LEFT REAR,2,781745,Not at intersection,3,60,Arterial Other,KELLAWAY,MOONEE VALLEY,-37.764404,144.92383,2023,3,March,8,Morning Peak,Weekend
T20230007031,2023-03-25,12:40:00,1,Collision with vehicle,6,Saturday,139,OTHER SAME DIRECTION-MANOUEVRES NOT INCLUDED IN DCAs 130-137,1,765305,T intersection,2,80,Local Road,BENA-KONGWAK,SOUTH GIPPSLAND,-38.426674,145.73958,2023,3,March,12,Midday,Weekend
T20230007030,2023-03-25,12:06:00,1,Collision with vehicle,6,Saturday,147,VEHICLE STRIKES ANOTHER VEH WHILE EMERGING FROM DRIVEWAY,1,773767,Not at intersection,3,60,Arterial Other,BEACONSFIELD,PORT PHILLIP,-37.858948,144.97064,2023,3,March,12,Midday,Weekend
T20230011720,2023-03-25,11:00:00,1,Collision with vehicle,6,Saturday,160,VEHICLE COLLIDES WITH VEHICLE PARKED ON LEFT OF ROAD,1,775264,Not at intersection,3,60,Arterial Other,NORTH,HOBSONS BAY,-37.844574,144.88733,2023,3,March,11,Midday,Weekend
T20230007097,2023-03-25,13:10:00,2,Struck Pedestrian,6,Saturday,100,PED NEAR SIDE. PED HIT BY VEHICLE FROM THE RIGHT.,1,43052,T intersection,3,50,Local Road,CLOW,DANDENONG,-37.984646,145.21236,2023,3,March,13,Midday,Weekend
T20230007045,2023-03-25,14:15:00,1,Collision with vehicle,6,Saturday,130,REAR END(VEHICLES IN SAME LANE),1,773768,Not at intersection,2,100,Freeway,MONASH,MONASH,-37.89391,145.1393,2023,3,March,14,Midday,Weekend
T20230007050,2023-03-25,14:28:00,7,Fall from or in moving vehicle,6,Saturday,190,FELL IN/FROM VEHICLE,1,787869,Not at intersection,2,60,Local Road,BRUCES CREEK,WHITTLESEA,-37.406208,145.11635,2023,3,March,14,Midday,Weekend
T20230009279,2023-03-25,12:18:00,1,Collision with vehicle,6,Saturday,130,REAR END(VEHICLES IN SAME LANE),1,770466,Not at intersection,3,80,Arterial Highway,DANDENONG VALLEY,KNOX,-37.93028,145.23251,2023,3,March,12,Midday,Weekend
T20230007061,2023-03-25,11:19:00,1,Collision with vehicle,6,Saturday,113,RIGHT NEAR (INTERSECTIONS ONLY),1,772462,Cross intersection,1,80,Arterial Highway,MURRAY VALLEY,MOIRA,-36.017532,146.04915,2023,3,March,11,Midday,Weekend
T20230007067,2023-03-25,16:50:00,1,Collision with vehicle,6,Saturday,121,RIGHT THROUGH,1,29783,T intersection,3,60,Arterial Other,HIGH,DAREBIN,-37.70884,145.00894,2023,3,March,16,Afternoon Peak,Weekend
T20230008208,2023-03-25,23:00:00,2,Struck Pedestrian,6,Saturday,102,FAR SIDE. PED HIT BY VEHICLE FROM THE LEFT,3,775213,Not at intersection,3,60,Arterial Other,SWAN,YARRA,-37.825844,144.99936,2023,3,March,23,Night,Weekend
T20230007049,2023-03-25,14:00:00,6,Vehicle overturned (no collision),6,Saturday,174,OUT OF CONTROL ON CARRIAGEWAY (ON STRAIGHT),1,763611,Multiple intersection,2,60,Arterial Other,DAWSON,MOYNE,-38.104885,142.32219,2023,3,March,14,Midday,Weekend
T20230007070,2023-03-25,16:34:00,1,Collision with vehicle,6,Saturday,121,RIGHT THROUGH,1,698315,Multiple intersection,2,60,Arterial Other,DOHERTYS ROAD -FITZGERALD,WYNDHAM,-37.827995,144.78532,2023,3,March,16,Afternoon Peak,Weekend
T20230007295,2023-03-25,10:30:00,1,Collision with vehicle,6,Saturday,130,REAR END(VEHICLES IN SAME LANE),1,763858,Not at intersection,2,60,Arterial Other,EPSOM,MOONEE VALLEY,-37.786083,144.91998,2023,3,March,10,Midday,Weekend
T20230007039,2023-03-25,14:14:00,2,Struck Pedestrian,6,Saturday,101,PED EMERGES FROM IN FRONT OF PARKED OR STATIONARY VEHICLE,1,763610,Not at intersection,3,50,Local Road,YORK,PORT PHILLIP,-37.856686,144.97197,2023,3,March,14,Midday,Weekend
T20230007023,2023-03-25,08:00:00,1,Collision with vehicle,6,Saturday,130,REAR END(VEHICLES IN SAME LANE),1,44813,Not at intersection,3,50,Arterial Other,BAXTER,BANYULE,-37.73004,145.13524,2023,3,March,8,Morning Peak,Weekend
T20230007017,2023-03-25,07:35:00,1,Collision with vehicle,6,Saturday,116,LEFT NEAR (INTERSECTIONS ONLY),1,1195,Cross intersection,2,60,Arterial Highway,SURF COAST,GEELONG,-38.20495,144.34064,2023,3,March,7,Morning Peak,Weekend
T20230007016,2023-03-25,10:00:00,1,Collision with vehicle,6,Saturday,130,REAR END(VEHICLES IN SAME LANE),1,656426,T intersection,3,60,Local Road,LAKE VIEW,MOYNE,-38.308266,142.37355,2023,3,March,10,Midday,Weekend
T20230007073,2023-03-25,14:58:00,4,Collision with a fixed object,6,Saturday,173,RIGHT OFF CARRIAGEWAY INTO OBJECT/PARKED VEHICLE,1,763149,Not at intersection,3,100,Freeway,METROPOLITAN RING,WHITTLESEA,-37.688477,144.99461,2023,3,March,14,Midday,Weekend
T20230007038,2023-03-25,13:35:00,1,Collision with vehicle,6,Saturday,110,CROSS TRAFFIC(INTERSECTIONS ONLY),1,60113,Cross intersection,3,50,Local Road,KOFOED,NORTHERN GRAMPIANS,-37.05282,142.77419,2023,3,March,13,Midday,Weekend
T20230007013,2023-03-25,07:35:00,1,Collision with vehicle,6,Saturday,110,CROSS TRAFFIC(INTERSECTIONS ONLY),1,38863,Cross intersection,2,50,Arterial Other,HEIDELBERG-KINGLAKE,NILLUMBIK,-37.662613,145.183,2023,3,March,7,Morning Peak,Weekend
T20230007108,2023-03-25,06:45:00,1,Collision with vehicle,6,Saturday,130,REAR END(VEHICLES IN SAME LANE),3,763366,Not at intersection,3,60,Local Road,MACKENZIE,BENDIGO,-36.782417,144.24428,2023,3,March,6,Morning Peak,Weekend
T20230007011,2023-03-25,07:50:00,4,Collision with a fixed object,6,Saturday,171,LEFT OFF CARRIAGEWAY INTO OBJECT/PARKED VEHICLE,1,765034,Not at intersection,3,60,Local Road,THOMPSONS,CASEY,-38.092606,145.36058,2023,3,March,7,Morning Peak,Weekend
T20230007075,2023-03-25,19:15:00,1,Collision with vehicle,6,Saturday,160,VEHICLE COLLIDES WITH VEHICLE PARKED ON LEFT OF ROAD,2,763246,Not at intersection,3,60,Local Road,GREVILLEA,BALLARAT,-37.527428,143.82999,2023,3,March,19,Night,Weekend
T20230007671,2023-03-25,12:00:00,1,Collision with vehicle,6,Saturday,130,REAR END(VEHICLES IN SAME LANE),1,217787,T intersection,3,80,Arterial Highway,SOUTH GIPPSLAND,CASEY,-38.06625,145.26645,2023,3,March,12,Midday,Weekend
T20230007689,2023-03-25,14:30:00,2,Struck Pedestrian,6,Saturday,100,PED NEAR SIDE. PED HIT BY VEHICLE FROM THE RIGHT.,1,764822,Not at intersection,3,50,Arterial Highway,BELLARINE,GEELONG,-38.171597,144.395,2023,3,March,14,Midday,Weekend
T20230009618,2023-03-25,08:15:00,1,Collision with vehicle,6,Saturday,110,CROSS TRAFFIC(INTERSECTIONS ONLY),1,35622,Cross intersection,3,60,Arterial Highway,STUD,DANDENONG,-37.97103,145.22339,2023,3,March,8,Morning Peak,Weekend
T20230007078,2023-03-25,20:53:00,8,No collision and no object struck,6,Saturday,170,OFF CARRIAGEWAY TO LEFT,3,773769,T intersection,3,60,Local Road,STUBBS,MELBOURNE,-37.791355,144.93556,2023,3,March,20,Night,Weekend
T20230008654,2023-03-25,10:26:00,1,Collision with vehicle,6,Saturday,130,REAR END(VEHICLES IN SAME LANE),1,767844,Not at intersection,3,60,Local Road,FISHER,BAW BAW,-38.09099,145.83249,2023,3,March,10,Midday,Weekend
T20230007081,2023-03-25,20:12:00,1,Collision with vehicle,6,Saturday,121,RIGHT THROUGH,3,1067,T intersection,3,50,Arterial Highway,POINT NEPEAN,MORNINGTON PENINSULA,-38.354034,144.91133,2023,3,March,20,Night,Weekend
T20230007051,2023-03-25,12:48:00,4,Collision with a fixed object,6,Saturday,171,LEFT OFF CARRIAGEWAY INTO OBJECT/PARKED VEHICLE,1,763148,Not at intersection,2,40,Local Road,TUDOR,YARRA,-37.820236,145.01253,2023,3,March,12,Midday,Weekend
T20230007054,2023-03-25,14:30:00,6,Vehicle overturned (no collision),6,Saturday,174,OUT OF CONTROL ON CARRIAGEWAY (ON STRAIGHT),1,763364,T intersection,2,80,Arterial Other,MONBULK,YARRA RANGES,-37.797848,145.39296,2023,3,March,14,Midday,Weekend
T20230007048,2023-03-25,11:30:00,4,Collision with a fixed object,6,Saturday,181,OFF RIGHT BEND INTO OBJECT/PARKED VEHICLE,1,773766,Not at intersection,3,100,Arterial Highway,MURRAY VALLEY,TOWONG,-36.152103,147.47118,2023,3,March,11,Midday,Weekend
T20230009163,2023-03-25,09:00:00,1,Collision with vehicle,6,Saturday,140,U TURN,1,769316,T intersection,3,60,Local Road,FORDHOLM,CASEY,-38.034603,145.25896,2023,3,March,9,Morning Peak,Weekend
T20230007032,2023-03-25,12:36:00,1,Collision with vehicle,6,Saturday,111,RIGHT FAR (INTERSECTIONS ONLY),1,55417,T intersection,3,70,Arterial Highway,PRINCES,LATROBE,-38.20542,146.51027,2023,3,March,12,Midday,Weekend
T20230007022,2023-03-25,10:00:00,1,Collision with vehicle,6,Saturday,110,CROSS TRAFFIC(INTERSECTIONS ONLY),1,42352,Cross intersection,2,40,Arterial Other,CLARINDA,KINGSTON,-37.94067,145.09793,2023,3,March,10,Midday,Weekend
T20230007062,2023-03-25,16:30:00,1,Collision with vehicle,6,Saturday,130,REAR END(VEHICLES IN SAME LANE),1,775222,Cross intersection,3,70,Arterial Highway,ALEXANDRA,YARRA,-37.793453,144.98268,2023,3,March,16,Afternoon Peak,Weekend
T20230007084,2023-03-25,00:05:00,1,Collision with vehicle,6,Saturday,130,REAR END(VEHICLES IN SAME LANE),3,356627,T intersection,3,80,Freeway,METROPOLITAN RING OUT-PLENTY,WHITTLESEA,-37.686153,145.06763,2023,3,March,0,Late Night,Weekend
T20230007181,2023-03-25,14:30:00,8,No collision and no object struck,6,Saturday,174,OUT OF CONTROL ON CARRIAGEWAY (ON STRAIGHT),1,335781,Not at intersection,3,80,Local Road,MYLES,MURRINDINDI,-37.36492,145.54198,2023,3,March,14,Midday,Weekend
T20230008712,2023-03-26,23:00:00,3,Struck animal,7,Sunday,167,STRUCK ANIMAL,6,768537,Not at intersection,3,80,Arterial Other,BACCHUS MARSH,GEELONG,-37.978336,144.34802,2023,3,March,23,Night,Weekend
T20230007423,2023-03-26,14:10:00,1,Collision with vehicle,7,Sunday,113,RIGHT NEAR (INTERSECTIONS ONLY),1,41895,T intersection,2,80,Arterial Other,KELLETTS,KNOX,-37.91247,145.25244,2023,3,March,14,Midday,Weekend
T20230007092,2023-03-26,05:10:00,1,Collision with vehicle,7,Sunday,160,VEHICLE COLLIDES WITH VEHICLE PARKED ON LEFT OF ROAD,3,777139,Not at intersection,2,50,Local Road,GLASTONBURY,GEELONG,-38.192177,144.31993,2023,3,March,5,Morning Peak,Weekend
T20230009296,2023-03-26,19:00:00,1,Collision with vehicle,7,Sunday,120,HEAD ON (NOT OVERTAKING),1,772057,Not at intersection,3,60,Local Road,ALMA,PORT PHILLIP,-37.86224,144.99767,2023,3,March,19,Night,Weekend
T20230007105,2023-03-26,09:06:00,8,No collision and no object struck,7,Sunday,174,OUT OF CONTROL ON CARRIAGEWAY (ON STRAIGHT),1,774027,Not at intersection,2,100,Local Road,GLENROWAN,WANGARATTA,-36.44365,146.24347,2023,3,March,9,Morning Peak,Weekend
T20230007252,2023-03-26,13:47:00,1,Collision with vehicle,7,Sunday,120,HEAD ON (NOT OVERTAKING),1,763613,Not at intersection,2,60,Arterial Highway,MAIN,MOUNT ALEXANDER,-37.081146,144.25635,2023,3,March,13,Midday,Weekend
T20230007176,2023-03-26,14:20:00,4,Collision with a fixed object,7,Sunday,181,OFF RIGHT BEND INTO OBJECT/PARKED VEHICLE,1,764824,Not at intersection,2,80,Arterial Highway,MAROONDAH,YARRA RANGES,-37.63316,145.58401,2023,3,March,14,Midday,Weekend
T20230007140,2023-03-26,17:59:00,1,Collision with vehicle,7,Sunday,130,REAR END(VEHICLES IN SAME LANE),2,768395,Not at intersection,2,40,Arterial Other,ST KILDA,MELBOURNE,-37.829212,144.97131,2023,3,March,17,Afternoon Peak,Weekend
T20230008277,2023-03-26,16:15:00,1,Collision with vehicle,7,Sunday,133,LANE SIDE SWIPE (VEHICLES IN PARALLEL LANES),9,766460,Not at intersection,3,60,Local Road,BRIDGE,PORT PHILLIP,-37.834507,144.94067,2023,3,March,16,Afternoon Peak,Weekend
T20230007168,2023-03-26,22:20:00,1,Collision with vehicle,7,Sunday,160,VEHICLE COLLIDES WITH VEHICLE PARKED ON LEFT OF ROAD,3,781747,Not at intersection,3,60,Arterial Other,MAIN,BRIMBANK,-37.74239,144.78342,2023,3,March,22,Night,Weekend
T20230007157,2023-03-26,18:00:00,1,Collision with vehicle,7,Sunday,111,RIGHT FAR (INTERSECTIONS ONLY),1,57165,Multiple intersection,3,60,Local Road,CAIRNLEA,BRIMBANK,-37.76317,144.78975,2023,3,March,18,Afternoon Peak,Weekend
T20230007098,2023-03-26,06:00:00,2,Struck Pedestrian,7,Sunday,103,PED PLAYING/LYING/WORKING/STANDING ON CARRIAGEWAY.,3,777519,Not at intersection,2,80,Arterial Highway,STATE (BELL/SPRINGVALE),DANDENONG,-37.977936,145.14706,2023,3,March,6,Morning Peak,Weekend
T20230007135,2023-03-26,17:25:00,1,Collision with vehicle,7,Sunday,162,ACCIDENT OR BROKEN DOWN,2,782009,Not at intersection,3,80,Freeway,BULLA-CALDER OUT,MOONEE VALLEY,-37.735252,144.89737,2023,3,March,17,Afternoon Peak,Weekend
T20230007136,2023-03-26,16:34:00,2,Struck Pedestrian,7,Sunday,101,PED EMERGES FROM IN FRONT OF PARKED OR STATIONARY VEHICLE,1,767833,Not at intersection,2,50,Local Road,MELALEUCA,KINGSTON,-37.930172,145.10612,2023,3,March,16,Afternoon Peak,Weekend
T20230007116,2023-03-26,10:15:00,1,Collision with vehicle,7,Sunday,110,CROSS TRAFFIC(INTERSECTIONS ONLY),1,15375,Cross intersection,2,100,Local Road,EVANS,GEELONG,-38.06829,144.30989,2023,3,March,10,Midday,Weekend
T20230007202,2023-03-26,21:56:00,2,Struck Pedestrian,7,Sunday,108,PED STRUCK WALKING TO/FROM OR BOARDING/ALIGHTING VEHICLE.,3,773758,Not at intersection,2,60,Arterial Other,HIGH,BOROONDARA,-37.813007,145.02364,2023,3,March,21,Night,Weekend
T20230007156,2023-03-26,21:10:00,1,Collision with vehicle,7,Sunday,132,RIGHT REAR.,3,763477,T intersection,2,50,Local Road,MERCER,GEELONG,-38.142284,144.35596,2023,3,March,21,Night,Weekend
T20230007152,2023-03-26,16:20:00,4,Collision with a fixed object,7,Sunday,181,OFF RIGHT BEND INTO OBJECT/PARKED VEHICLE,1,773704,Not at intersection,2,80,Arterial Other,ELTHAM-YARRA GLEN,YARRA RANGES,-37.649563,145.35658,2023,3,March,16,Afternoon Peak,Weekend
T20230007151,2023-03-26,17:37:00,2,Struck Pedestrian,7,Sunday,102,FAR SIDE. PED HIT BY VEHICLE FROM THE LEFT,1,763740,Not at intersection,2,50,Arterial Other,BEECH,WHITTLESEA,-37.51091,145.11815,2023,3,March,17,Afternoon Peak,Weekend
T20230007142,2023-03-26,16:30:00,1,Collision with vehicle,7,Sunday,139,OTHER SAME DIRECTION-MANOUEVRES NOT INCLUDED IN DCAs 130-137,1,344283,T intersection,2,60,Non Arterial,LEAKES,MELTON,-37.727463,144.65213,2023,3,March,16,Afternoon Peak,Weekend
T20230007093,2023-03-26,01:15:00,1,Collision with vehicle,7,Sunday,113,RIGHT NEAR (INTERSECTIONS ONLY),3,61810,T intersection,1,80,Arterial Other,MAHONEYS,WHITTLESEA,-37.692272,144.98634,2023,3,March,1,Late Night,Weekend
T20230007213,2023-03-26,04:30:00,1,Collision with vehicle,7,Sunday,111,RIGHT FAR (INTERSECTIONS ONLY),2,278926,Cross intersection,3,60,Freeway,ROBINSONS,MELTON,-37.796402,144.75249,2023,3,March,4,Late Night,Weekend
T20230007549,2023-03-26,16:10:00,8,No collision and no object struck,7,Sunday,151,OUT OF CONTROL (OVERTAKING),1,781735,Not at intersection,3,40,Arterial Other,MOUNT DANDENONG TOURIST,YARRA RANGES,-37.8627,145.35382,2023,3,March,16,Afternoon Peak,Weekend
T20230007121,2023-03-26,14:30:00,8,No collision and no object struck,7,Sunday,184,OUT OF CONTROL ON CARRIAGEWAY (ON BEND),1,763476,Not at intersection,2,60,Local Road,GALATEA,NILLUMBIK,-37.67567,145.1499,2023,3,March,14,Midday,Weekend
T20230009125,2023-03-26,14:30:00,1,Collision with vehicle,7,Sunday,113,RIGHT NEAR (INTERSECTIONS ONLY),1,254653,T intersection,3,60,Local Road,NORMANBY,BAW BAW,-38.164536,145.93892,2023,3,March,14,Midday,Weekend
T20230007118,2023-03-26,13:00:00,1,Collision with vehicle,7,Sunday,130,REAR END(VEHICLES IN SAME LANE),1,53307,Multiple intersection,3,60,Freeway,FORSYTH-PRINCES OUT,WYNDHAM,-37.87523,144.73743,2023,3,March,13,Midday,Weekend
T20230007146,2023-03-26,19:00:00,1,Collision with vehicle,7,Sunday,120,HEAD ON (NOT OVERTAKING),2,765535,T intersection,2,60,Arterial Highway,POINT NEPEAN,MORNINGTON PENINSULA,-38.3662,144.80266,2023,3,March,19,Night,Weekend
T20230007125,2023-03-26,14:55:00,1,Collision with vehicle,7,Sunday,130,REAR END(VEHICLES IN SAME LANE),1,781746,Not at intersection,3,70,Arterial Other,TAYLORS,BRIMBANK,-37.72767,144.78442,2023,3,March,14,Midday,Weekend
T20230007128,2023-03-26,15:10:00,2,Struck Pedestrian,7,Sunday,100,PED NEAR SIDE. PED HIT BY VEHICLE FROM THE RIGHT.,1,982,T intersection,2,50,Local Road,BANBURY,DAREBIN,-37.714523,144.98903,2023,3,March,15,Afternoon Peak,Weekend
T20230007115,2023-03-26,12:33:00,1,Collision with vehicle,7,Sunday,140,U TURN,1,46101,T intersection,3,80,Arterial Highway,LONSDALE,DANDENONG,-38.000443,145.2255,2023,3,March,12,Midday,Weekend
T20230007119,2023-03-26,09:30:00,8,No collision and no object struck,7,Sunday,184,OUT OF CONTROL ON CARRIAGEWAY (ON BEND),1,767494,Not at intersection,3,60,Arterial Other,MONBULK,YARRA RANGES,-37.866253,145.40988,2023,3,March,9,Morning Peak,Weekend
T20230007150,2023-03-26,20:00:00,6,Vehicle overturned (no collision),7,Sunday,180,OFF CARRIAGEWAY ON RIGHT BEND,3,774098,Not at intersection,3,60,Local Road,DALPURA,FRANKSTON,-38.136547,145.16933,2023,3,March,20,Night,Weekend
T20230007389,2023-03-26,14:50:00,4,Collision with a fixed object,7,Sunday,181,OFF RIGHT BEND INTO OBJECT/PARKED VEHICLE,1,774175,Not at intersection,2,80,Arterial Other,GEMBROOK,CARDINIA,-37.983055,145.53484,2023,3,March,14,Midday,Weekend
T20230007265,2023-03-27,21:58:00,1,Collision with vehicle,1,Monday,173,RIGHT OFF CARRIAGEWAY INTO OBJECT/PARKED VEHICLE,3,763730,Not at intersection,3,60,Arterial Other,SPRING,DAREBIN,-37.736835,144.9994,2023,3,March,21,Night,Weekday
T20230007276,2023-03-27,20:50:00,1,Collision with vehicle,1,Monday,110,CROSS TRAFFIC(INTERSECTIONS ONLY),3,70662,Cross intersection,3,60,Arterial Highway,LOWER DANDENONG,KINGSTON,-37.987457,145.11794,2023,3,March,20,Night,Weekday