ACCIDENT_NO,ACCIDENT_DATE,ACCIDENT_TIME,ACCIDENT_TYPE,ACCIDENT_TYPE_DESC,DAY_OF_WEEK,DAY_WEEK_DESC,DCA_CODE,DCA_DESC,LIGHT_CONDITION,NODE_ID,ROAD_GEOMETRY_DESC,SEVERITY,SPEED_ZONE,RMA,ROAD_NAME,LGA_NAME,LATITUDE,LONGITUDE,YEAR,MONTH,MONTH_NAME,HOUR,TIME_PERIOD,DAY_TYPE
T20230007296,2023-03-27,17:00:00,1,Collision with vehicle,1,Monday,133,LANE SIDE SWIPE (VEHICLES IN PARALLEL LANES),1,773682,Not at intersection,3,50,Arterial Highway,GEELONG,SURF COAST,-38.326588,144.31764,2023,3,March,17,Afternoon Peak,Weekday
T20230007360,2023-03-27,17:00:00,1,Collision with vehicle,1,Monday,130,REAR END(VEHICLES IN SAME LANE),9,767015,Not at intersection,3,60,Arterial Other,STATION,WHITEHORSE,-37.81342,145.12482,2023,3,March,17,Afternoon Peak,Weekday
T20230008547,2023-03-27,07:11:00,6,Vehicle overturned (no collision),1,Monday,170,OFF CARRIAGEWAY TO LEFT,1,767611,Cross intersection,3,100,Local Road,CARNGHAM-LAKE GOLDSMITH,PYRENEES,-37.56632,143.46814,2023,3,March,7,Morning Peak,Weekday
T20230010810,2023-03-27,15:00:00,2,Struck Pedestrian,1,Monday,102,FAR SIDE. PED HIT BY VEHICLE FROM THE LEFT,1,775832,Not at intersection,2,40,Arterial Other,HIGH,STONNINGTON,-37.857014,145.03227,2023,3,March,15,Afternoon Peak,Weekday
T20230010330,2023-03-27,22:00:00,3,Struck animal,1,Monday,167,STRUCK ANIMAL,5,772737,Not at intersection,3,80,Local Road,MULLALYS,MACEDON RANGES,-37.428085,144.73166,2023,3,March,22,Night,Weekday
T20230011780,2023-03-27,11:55:00,1,Collision with vehicle,1,Monday,140,U TURN,1,774452,Not at intersection,3,50,Local Road,DWYER,HUME,-37.540394,144.95448,2023,3,March,11,Midday,Weekday
T20230008042,2023-03-27,07:00:00,6,Vehicle overturned (no collision),1,Monday,184,OUT OF CONTROL ON CARRIAGEWAY (ON BEND),1,766019,Multiple intersection,2,50,Local Road,SPRINGS,GEELONG,-38.155704,144.56427,2023,3,March,7,Morning Peak,Weekday
T20230007567,2023-03-27,12:30:00,1,Collision with vehicle,1,Monday,160,VEHICLE COLLIDES WITH VEHICLE PARKED ON LEFT OF ROAD,1,776693,Not at intersection,3,40,Arterial Other,JOHNSON STREET SERVICE,WELLINGTON,-37.967335,146.9773,2023,3,March,12,Midday,Weekday
T20230007566,2023-03-27,08:45:00,1,Collision with vehicle,1,Monday,111,RIGHT FAR (INTERSECTIONS ONLY),1,43667,T intersection,3,60,Local Road,ELIZABETH,HUME,-37.584614,144.70808,2023,3,March,8,Morning Peak,Weekday
T20230007523,2023-03-27,07:45:00,1,Collision with vehicle,1,Monday,130,REAR END(VEHICLES IN SAME LANE),1,764356,Not at intersection,3,100,Freeway,PRINCES,HOBSONS BAY,-37.862995,144.7767,2023,3,March,7,Morning Peak,Weekday
T20230007208,2023-03-27,11:20:00,4,Collision with a fixed object,1,Monday,171,LEFT OFF CARRIAGEWAY INTO OBJECT/PARKED VEHICLE,1,776857,Y intersection,2,100,Arterial Highway,NORTHERN,MITCHELL,-37.268314,144.95653,2023,3,March,11,Midday,Weekday
T20230010209,2023-03-27,18:42:00,4,Collision with a fixed object,1,Monday,171,LEFT OFF CARRIAGEWAY INTO OBJECT/PARKED VEHICLE,1,773570,Cross intersection,3,100,Arterial Highway,DANDENONG-HASTINGS,CASEY,-38.200485,145.21571,2023,3,March,18,Afternoon Peak,Weekday
T20230009432,2023-03-27,18:40:00,1,Collision with vehicle,1,Monday,134,LANE CHANGE RIGHT (NOT OVERTAKING),2,771947,Not at intersection,3,80,Local Road,CRANBOURNE,FRANKSTON,-38.151363,145.15251,2023,3,March,18,Afternoon Peak,Weekday
T20230007171,2023-03-27,06:40:00,2,Struck Pedestrian,1,Monday,100,PED NEAR SIDE. PED HIT BY VEHICLE FROM THE RIGHT.,2,116437,Not at intersection,2,60,Arterial Highway,BELL,MORELAND,-37.739536,144.9487,2023,3,March,6,Morning Peak,Weekday
T20230007173,2023-03-27,06:31:00,1,Collision with vehicle,1,Monday,130,REAR END(VEHICLES IN SAME LANE),2,766230,Not at intersection,2,100,Freeway,CALDER,BRIMBANK,-37.711548,144.82979,2023,3,March,6,Morning Peak,Weekday
T20230007175,2023-03-27,09:00:00,1,Collision with vehicle,1,Monday,130,REAR END(VEHICLES IN SAME LANE),1,773204,Not at intersection,3,60,Local Road,BURNBANK,BALLARAT,-37.541836,143.84274,2023,3,March,9,Morning Peak,Weekday
T20230007179,2023-03-27,08:30:00,4,Collision with a fixed object,1,Monday,173,RIGHT OFF CARRIAGEWAY INTO OBJECT/PARKED VEHICLE,1,787791,Not at intersection,3,80,Arterial Other,MARCHBANKS,MITCHELL,-37.194885,145.07072,2023,3,March,8,Morning Peak,Weekday
T20230007182,2023-03-27,07:00:00,1,Collision with vehicle,1,Monday,147,VEHICLE STRIKES ANOTHER VEH WHILE EMERGING FROM DRIVEWAY,2,764348,Not at intersection,2,80,Arterial Highway,DANDENONG,DANDENONG,-37.931293,145.15392,2023,3,March,7,Morning Peak,Weekday
T20230007185,2023-03-27,09:40:00,6,Vehicle overturned (no collision),1,Monday,174,OUT OF CONTROL ON CARRIAGEWAY (ON STRAIGHT),1,764092,Not at intersection,2,60,Local Road,TOWNSEND,GEELONG,-38.180943,144.38788,2023,3,March,9,Morning Peak,Weekday
T20230007186,2023-03-27,10:49:00,1,Collision with vehicle,1,Monday,121,RIGHT THROUGH,1,243678,Not at intersection,2,60,Arterial Other,BAY,KINGSTON,-37.95716,145.04941,2023,3,March,10,Midday,Weekday
T20230007187,2023-03-27,07:50:00,4,Collision with a fixed object,1,Monday,173,RIGHT OFF CARRIAGEWAY INTO OBJECT/PARKED VEHICLE,2,777031,Not at intersection,2,100,Local Road,COBDEN-SOUTH ECKLIN,CORANGAMITE,-38.357403,142.92361,2023,3,March,7,Morning Peak,Weekday
T20230007192,2023-03-27,07:50:00,6,Vehicle overturned (no collision),1,Monday,170,OFF CARRIAGEWAY TO LEFT,1,763728,T intersection,2,60,Local Road,DWYER,HUME,-37.532795,144.95604,2023,3,March,7,Morning Peak,Weekday
T20230009089,2023-03-27,18:52:00,1,Collision with vehicle,1,Monday,147,VEHICLE STRIKES ANOTHER VEH WHILE EMERGING FROM DRIVEWAY,2,769562,Not at intersection,3,40,Local Road,SUSSEX,MORELAND,-37.731777,144.94957,2023,3,March,18,Afternoon Peak,Weekday
T20230007195,2023-03-27,11:37:00,1,Collision with vehicle,1,Monday,129,OTHER OPPOSING MANOEUVRES NOT INCLUDED IN DCAs 120-125.,1,70611,T intersection,3,60,Arterial Highway,LOWER DANDENONG,KINGSTON,-37.98501,145.09608,2023,3,March,11,Midday,Weekday
T20230007199,2023-03-27,08:30:00,2,Struck Pedestrian,1,Monday,194,PARKED CAR RUN AWAY,1,763854,Not at intersection,2,50,Local Road,WHITELAW,SOUTH GIPPSLAND,-38.42948,145.79947,2023,3,March,8,Morning Peak,Weekday
T20230008132,2023-03-27,17:20:00,1,Collision with vehicle,1,Monday,130,REAR END(VEHICLES IN SAME LANE),1,775418,T intersection,3,60,Local Road,WINTERTON,MONASH,-37.9201,145.13571,2023,3,March,17,Afternoon Peak,Weekday
T20230007207,2023-03-27,12:40:00,1,Collision with vehicle,1,Monday,110,CROSS TRAFFIC(INTERSECTIONS ONLY),1,781825,Cross intersection,3,100,Local Road,TWENTY SECOND,MILDURA,-34.272972,142.14243,2023,3,March,12,Midday,Weekday
T20230007212,2023-03-27,13:17:00,1,Collision with vehicle,1,Monday,130,REAR END(VEHICLES IN SAME LANE),1,773691,Not at intersection,3,60,Arterial Other,HIGH,WHITTLESEA,-37.642593,145.02643,2023,3,March,13,Midday,Weekday
T20230007215,2023-03-27,12:58:00,1,Collision with vehicle,1,Monday,130,REAR END(VEHICLES IN SAME LANE),1,764927,Not at intersection,3,60,Arterial Highway,WARRIGAL,STONNINGTON,-37.882553,145.09033,2023,3,March,12,Midday,Weekday
T20230007219,2023-03-27,09:52:00,8,No collision and no object struck,1,Monday,184,OUT OF CONTROL ON CARRIAGEWAY (ON BEND),1,763617,Cross intersection,2,40,Local Road,DALLAS BROOKS,MELBOURNE,-37.831093,144.97658,2023,3,March,9,Morning Peak,Weekday
T20230007221,2023-03-27,11:58:00,1,Collision with vehicle,1,Monday,110,CROSS TRAFFIC(INTERSECTIONS ONLY),1,39195,Cross intersection,3,60,Arterial Other,MAIN,BRIMBANK,-37.742332,144.78291,2023,3,March,11,Midday,Weekday
T20230007223,2023-03-27,17:00:00,1,Collision with vehicle,1,Monday,130,REAR END(VEHICLES IN SAME LANE),2,782016,Not at intersection,3,50,Arterial Other,DERRIMUT,WYNDHAM,-37.892086,144.6801,2023,3,March,17,Afternoon Peak,Weekday
T20230007225,2023-03-27,15:11:00,1,Collision with vehicle,1,Monday,121,RIGHT THROUGH,1,278624,Cross intersection,2,50,Local Road,EDGARS,WHITTLESEA,-37.620754,145.00523,2023,3,March,15,Afternoon Peak,Weekday
T20230007231,2023-03-27,15:46:00,4,Collision with a fixed object,1,Monday,181,OFF RIGHT BEND INTO OBJECT/PARKED VEHICLE,1,770593,Not at intersection,2,100,Arterial Other,BENDIGO-MURCHISON,SHEPPARTON,-36.606777,145.1652,2023,3,March,15,Afternoon Peak,Weekday
T20230007232,2023-03-27,17:48:00,4,Collision with a fixed object,1,Monday,181,OFF RIGHT BEND INTO OBJECT/PARKED VEHICLE,1,773690,Not at intersection,3,60,Local Road,SCENIC,NORTHERN GRAMPIANS,-37.057365,142.79019,2023,3,March,17,Afternoon Peak,Weekday
T20230007235,2023-03-27,14:15:00,1,Collision with vehicle,1,Monday,130,REAR END(VEHICLES IN SAME LANE),1,765779,Not at intersection,3,80,Freeway,MONASH OUT-HIGH,STONNINGTON,-37.85705,145.05865,2023,3,March,14,Midday,Weekday
T20230007238,2023-03-27,17:50:00,4,Collision with a fixed object,1,Monday,171,LEFT OFF CARRIAGEWAY INTO OBJECT/PARKED VEHICLE,1,51713,Cross intersection,3,60,Arterial Highway,HIGH,BENDIGO,-36.785355,144.24667,2023,3,March,17,Afternoon Peak,Weekday
T20230007243,2023-03-27,16:25:00,1,Collision with vehicle,1,Monday,135,LANE CHANGE LEFT (NOT OVERTAKING),1,773680,Not at intersection,2,60,Arterial Other,PLENTY,DAREBIN,-37.732136,145.01443,2023,3,March,16,Afternoon Peak,Weekday
T20230010438,2023-03-27,17:27:00,1,Collision with vehicle,1,Monday,147,VEHICLE STRIKES ANOTHER VEH WHILE EMERGING FROM DRIVEWAY,1,773681,Not at intersection,3,60,Arterial Other,STATION,CARDINIA,-38.198307,145.48741,2023,3,March,17,Afternoon Peak,Weekday
T20230007732,2023-03-27,23:55:00,6,Vehicle overturned (no collision),1,Monday,170,OFF CARRIAGEWAY TO LEFT,5,783016,Not at intersection,2,100,Arterial Other,BARWON HEADS,GEELONG,-38.2595,144.42537,2023,3,March,23,Night,Weekday
T20230007246,2023-03-27,20:01:00,4,Collision with a fixed object,1,Monday,173,RIGHT OFF CARRIAGEWAY INTO OBJECT/PARKED VEHICLE,3,746085,Cross intersection,2,60,Local Road,COBURNS,MELTON,-37.672924,144.57037,2023,3,March,20,Night,Weekday
T20230007248,2023-03-27,19:30:00,1,Collision with vehicle,1,Monday,120,HEAD ON (NOT OVERTAKING),5,765538,Not at intersection,3,70,Local Road,NORTH,FRANKSTON,-38.167046,145.20595,2023,3,March,19,Night,Weekday
T20230007249,2023-03-27,14:51:00,4,Collision with a fixed object,1,Monday,171,LEFT OFF CARRIAGEWAY INTO OBJECT/PARKED VEHICLE,1,782252,Not at intersection,2,80,Arterial Other,THOMPSONS,CASEY,-38.08198,145.27542,2023,3,March,14,Midday,Weekday
T20230007253,2023-03-27,17:02:00,1,Collision with vehicle,1,Monday,120,HEAD ON (NOT OVERTAKING),1,771197,Not at intersection,2,70,Local Road,DUNNINGS,WYNDHAM,-37.883602,144.72318,2023,3,March,17,Afternoon Peak,Weekday
T20230007386,2023-03-27,07:40:00,1,Collision with vehicle,1,Monday,130,REAR END(VEHICLES IN SAME LANE),2,773559,Not at intersection,3,100,Freeway,EASTERN,BOROONDARA,-37.790707,145.03568,2023,3,March,7,Morning Peak,Weekday
T20230007255,2023-03-27,19:10:00,1,Collision with vehicle,1,Monday,151,OUT OF CONTROL (OVERTAKING),2,777910,Not at intersection,3,60,Arterial Highway,STUD,DANDENONG,-37.97073,145.2236,2023,3,March,19,Night,Weekday
T20230007256,2023-03-27,20:46:00,1,Collision with vehicle,1,Monday,113,RIGHT NEAR (INTERSECTIONS ONLY),3,345453,Cross intersection,2,70,Arterial Other,CANTERBURY,MAROONDAH,-37.83237,145.26941,2023,3,March,20,Night,Weekday
T20230007257,2023-03-27,20:30:00,1,Collision with vehicle,1,Monday,130,REAR END(VEHICLES IN SAME LANE),3,38679,T intersection,3,60,Arterial Other,BALLARAT,MARIBYRNONG,-37.78976,144.88596,2023,3,March,20,Night,Weekday
T20230007258,2023-03-27,21:08:00,1,Collision with vehicle,1,Monday,134,LANE CHANGE RIGHT (NOT OVERTAKING),3,763620,Not at intersection,2,100,Freeway,TULLAMARINE,HUME,-37.695187,144.88591,2023,3,March,21,Night,Weekday
T20230007262,2023-03-27,19:52:00,2,Struck Pedestrian,1,Monday,102,FAR SIDE. PED HIT BY VEHICLE FROM THE LEFT,3,201640,Not at intersection,2,80,Arterial Highway,SPRINGVALE,WHITEHORSE,-37.84838,145.17047,2023,3,March,19,Night,Weekday
T20230007263,2023-03-27,14:55:00,1,Collision with vehicle,1,Monday,130,REAR END(VEHICLES IN SAME LANE),1,40191,T intersection,3,40,Arterial Other,ORRONG,STONNINGTON,-37.857788,145.01096,2023,3,March,14,Midday,Weekday
T20230007392,2023-03-28,07:45:00,1,Collision with vehicle,2,Tuesday,121,RIGHT THROUGH,1,39160,Cross intersection,3,60,Arterial Other,CANTERBURY,BOROONDARA,-37.824047,145.08134,2023,3,March,7,Morning Peak,Weekday
T20230008796,2023-03-28,18:40:00,1,Collision with vehicle,2,Tuesday,111,RIGHT FAR (INTERSECTIONS ONLY),2,307863,Multiple intersection,3,60,Freeway,EASTLINK OUT-GREENS,DANDENONG,-38.01157,145.1893,2023,3,March,18,Afternoon Peak,Weekday
T20230007353,2023-03-28,18:30:00,1,Collision with vehicle,2,Tuesday,134,LANE CHANGE RIGHT (NOT OVERTAKING),1,766344,Not at intersection,3,80,Arterial Other,OLD PRINCES,CARDINIA,-38.053497,145.37837,2023,3,March,18,Afternoon Peak,Weekday
T20230007348,2023-03-28,18:00:00,4,Collision with a fixed object,2,Tuesday,173,RIGHT OFF CARRIAGEWAY INTO OBJECT/PARKED VEHICLE,1,798960,Not at intersection,3,100,Arterial Highway,MIDLAND,BENALLA,-36.460487,145.90714,2023,3,March,18,Afternoon Peak,Weekday
T20230007346,2023-03-28,14:54:00,1,Collision with vehicle,2,Tuesday,147,VEHICLE STRIKES ANOTHER VEH WHILE EMERGING FROM DRIVEWAY,1,214322,Not at intersection,2,60,Arterial Other,ORMOND,PORT PHILLIP,-37.888535,144.98633,2023,3,March,14,Midday,Weekday
T20230007299,2023-03-28,09:20:00,1,Collision with vehicle,2,Tuesday,130,REAR END(VEHICLES IN SAME LANE),1,277601,T intersection,2,80,Freeway,MONASH IN-HEATHERTON,CASEY,-37.972523,145.23625,2023,3,March,9,Morning Peak,Weekday
T20230007302,2023-03-28,07:10:00,4,Collision with a fixed object,2,Tuesday,181,OFF RIGHT BEND INTO OBJECT/PARKED VEHICLE,2,781861,Not at intersection,3,80,Arterial Other,LATROBE RIVER,LATROBE,-38.1748,146.34503,2023,3,March,7,Morning Peak,Weekday
T20230007336,2023-03-28,15:45:00,1,Collision with vehicle,2,Tuesday,110,CROSS TRAFFIC(INTERSECTIONS ONLY),1,52979,Cross intersection,2,80,Local Road,FINCHS,BALLARAT,-37.57808,143.75288,2023,3,March,15,Afternoon Peak,Weekday
T20230007629,2023-03-28,17:30:00,1,Collision with vehicle,2,Tuesday,135,LANE CHANGE LEFT (NOT OVERTAKING),1,764714,Not at intersection,3,60,Arterial Other,VICTORIA,MELBOURNE,-37.809555,144.98615,2023,3,March,17,Afternoon Peak,Weekday
T20230007334,2023-03-28,14:42:00,1,Collision with vehicle,2,Tuesday,121,RIGHT THROUGH,1,775398,Not at intersection,2,60,Arterial Other,HEATHERTON,DANDENONG,-37.96131,145.14334,2023,3,March,14,Midday,Weekday
T20230008662,2023-03-28,21:00:00,3,Struck animal,2,Tuesday,167,STRUCK ANIMAL,5,767615,Not at intersection,3,100,Arterial Other,GISBORNE-MELTON,MELTON,-37.58081,144.57382,2023,3,March,21,Night,Weekday
T20230007326,2023-03-28,10:38:00,1,Collision with vehicle,2,Tuesday,159,OTHER OVERTAKING MANOEUVRES NOT INCLUDED IN DCAs 150-154,1,45439,T intersection,2,60,Arterial Other,ASCOT VALE,MOONEE VALLEY,-37.778843,144.92285,2023,3,March,10,Midday,Weekday
T20230007323,2023-03-28,14:55:00,1,Collision with vehicle,2,Tuesday,113,RIGHT NEAR (INTERSECTIONS ONLY),1,301918,T intersection,3,50,Arterial Other,CAMERON,CASEY,-38.11049,145.29039,2023,3,March,14,Midday,Weekday
T20230008554,2023-03-28,14:35:00,1,Collision with vehicle,2,Tuesday,130,REAR END(VEHICLES IN SAME LANE),1,41049,T intersection,3,60,Local Road,ALBERT,KNOX,-37.85321,145.2984,2023,3,March,14,Midday,Weekday
T20230007304,2023-03-28,08:32:00,1,Collision with vehicle,2,Tuesday,121,RIGHT THROUGH,1,773674,Not at intersection,2,50,Local Road,TEDDINGTON,BAYSIDE,-37.935963,145.01865,2023,3,March,8,Morning Peak,Weekday
T20230007272,2023-03-28,01:57:00,4,Collision with a fixed object,2,Tuesday,171,LEFT OFF CARRIAGEWAY INTO OBJECT/PARKED VEHICLE,5,782007,Not at intersection,3,80,Local Road,WALLINGTON,GEELONG,-38.22027,144.50543,2023,3,March,1,Late Night,Weekday
T20230008773,2023-03-28,16:50:00,1,Collision with vehicle,2,Tuesday,130,REAR END(VEHICLES IN SAME LANE),1,768274,Not at intersection,3,60,Local Road,SOMERVILLE,MARIBYRNONG,-37.81204,144.87654,2023,3,March,16,Afternoon Peak,Weekday
T20230007289,2023-03-28,10:20:00,1,Collision with vehicle,2,Tuesday,110,CROSS TRAFFIC(INTERSECTIONS ONLY),1,56741,Cross intersection,2,80,Local Road,CENTRAL,CASEY,-38.09461,145.25533,2023,3,March,10,Midday,Weekday
T20230007829,2023-03-28,09:00:00,1,Collision with vehicle,2,Tuesday,130,REAR END(VEHICLES IN SAME LANE),1,767838,Cross intersection,3,80,Arterial Other,CLYDE,CASEY,-38.074406,145.33536,2023,3,March,9,Morning Peak,Weekday
T20230007306,2023-03-28,07:04:00,1,Collision with vehicle,2,Tuesday,121,RIGHT THROUGH,2,35636,Cross intersection,2,60,Arterial Highway,OVERTON,FRANKSTON,-38.13007,145.13147,2023,3,March,7,Morning Peak,Weekday
T20230007303,2023-03-28,07:23:00,1,Collision with vehicle,2,Tuesday,113,RIGHT NEAR (INTERSECTIONS ONLY),1,12019,T intersection,2,80,Local Road,GREIGS,MELTON,-37.75168,144.61226,2023,3,March,7,Morning Peak,Weekday
T20230007619,2023-03-28,15:30:00,1,Collision with vehicle,2,Tuesday,130,REAR END(VEHICLES IN SAME LANE),1,775322,Not at intersection,3,60,Arterial Highway,PRINCES,DANDENONG,-37.978092,145.20663,2023,3,March,15,Afternoon Peak,Weekday
T20230007365,2023-03-28,22:13:00,1,Collision with vehicle,2,Tuesday,110,CROSS TRAFFIC(INTERSECTIONS ONLY),3,45589,Cross intersection,3,50,Local Road,BELLEVUE,MORELAND,-37.743767,144.95396,2023,3,March,22,Night,Weekday
T20230008038,2023-03-28,12:14:00,1,Collision with vehicle,2,Tuesday,137,LEFT TURN SIDESWIPE,1,38951,T intersection,2,50,Arterial Other,GLENFERRIE,BOROONDARA,-37.807716,145.03815,2023,3,March,12,Midday,Weekday
T20230020084,2023-03-28,16:15:00,1,Collision with vehicle,2,Tuesday,130,REAR END(VEHICLES IN SAME LANE),1,779937,Not at intersection,3,60,Arterial Highway,MIDLAND,BENDIGO,-36.701946,144.31677,2023,3,March,16,Afternoon Peak,Weekday
T20230007363,2023-03-28,21:15:00,1,Collision with vehicle,2,Tuesday,121,RIGHT THROUGH,3,29938,Cross intersection,3,70,Arterial Highway,PRINCES,GEELONG,-38.091434,144.35637,2023,3,March,21,Night,Weekday
T20230007358,2023-03-28,20:26:00,1,Collision with vehicle,2,Tuesday,121,RIGHT THROUGH,3,763961,T intersection,3,50,Local Road,SPRINGFIELD,KINGSTON,-37.928993,145.11478,2023,3,March,20,Night,Weekday
T20230007355,2023-03-28,06:21:00,4,Collision with a fixed object,2,Tuesday,173,RIGHT OFF CARRIAGEWAY INTO OBJECT/PARKED VEHICLE,3,773662,Not at intersection,3,60,Local Road,OSBURN,WODONGA,-36.119453,146.89587,2023,3,March,6,Morning Peak,Weekday
T20230007320,2023-03-28,14:40:00,1,Collision with vehicle,2,Tuesday,160,VEHICLE COLLIDES WITH VEHICLE PARKED ON LEFT OF ROAD,1,773673,Not at intersection,3,40,Local Road,MAUDE,SHEPPARTON,-36.37478,145.40208,2023,3,March,14,Midday,Weekday
T20230007314,2023-03-28,13:52:00,1,Collision with vehicle,2,Tuesday,121,RIGHT THROUGH,1,296274,T intersection,3,80,Arterial Other,BELGRAVE-HALLAM ROAD -HALLAM NORTH,CASEY,-37.990284,145.27638,2023,3,March,13,Midday,Weekday
T20230007313,2023-03-28,13:47:00,1,Collision with vehicle,2,Tuesday,130,REAR END(VEHICLES IN SAME LANE),1,680875,Not at intersection,3,60,Arterial Highway,RACECOURSE,MOONEE VALLEY,-37.788177,144.92966,2023,3,March,13,Midday,Weekday
T20230007312,2023-03-28,12:00:00,1,Collision with vehicle,2,Tuesday,113,RIGHT NEAR (INTERSECTIONS ONLY),1,763859,T intersection,3,60,Local Road,SILVESTER,HUME,-37.62949,144.91693,2023,3,March,12,Midday,Weekday
T20230008413,2023-03-28,14:20:00,1,Collision with vehicle,2,Tuesday,113,RIGHT NEAR (INTERSECTIONS ONLY),1,349641,T intersection,3,70,Local Road,EDGARS,WHITTLESEA,-37.691765,145.00201,2023,3,March,14,Midday,Weekday
T20230007797,2023-03-28,17:30:00,1,Collision with vehicle,2,Tuesday,110,CROSS TRAFFIC(INTERSECTIONS ONLY),9,38213,Cross intersection,3,60,Local Road,DAREBIN,BANYULE,-37.75406,145.06499,2023,3,March,17,Afternoon Peak,Weekday
T20230007695,2023-03-28,19:45:00,1,Collision with vehicle,2,Tuesday,121,RIGHT THROUGH,3,58077,T intersection,3,40,Arterial Other,HIGH,STONNINGTON,-37.858307,145.04225,2023,3,March,19,Night,Weekday
T20230007376,2023-03-29,06:36:00,1,Collision with vehicle,3,Wednesday,110,CROSS TRAFFIC(INTERSECTIONS ONLY),3,781222,Cross intersection,2,60,Arterial Other,BORONIA,KNOX,-37.862835,145.28815,2023,3,March,6,Morning Peak,Weekday
T20230007548,2023-03-29,06:20:00,1,Collision with vehicle,3,Wednesday,130,REAR END(VEHICLES IN SAME LANE),2,764818,Not at intersection,3,80,Freeway,EASTERN,WHITEHORSE,-37.79763,145.13376,2023,3,March,6,Morning Peak,Weekday
T20230007419,2023-03-29,07:33:00,1,Collision with vehicle,3,Wednesday,130,REAR END(VEHICLES IN SAME LANE),2,775603,Not at intersection,2,100,Freeway,HUME,WHITTLESEA,-37.637894,144.99281,2023,3,March,7,Morning Peak,Weekday
T20230007408,2023-03-29,06:57:00,1,Collision with vehicle,3,Wednesday,122,LEFT THROUGH,2,782151,Not at intersection,3,80,Arterial Other,MAFFRA-SALE,WELLINGTON,-38.06443,147.02939,2023,3,March,6,Morning Peak,Weekday
T20230007393,2023-03-29,09:36:00,1,Collision with vehicle,3,Wednesday,110,CROSS TRAFFIC(INTERSECTIONS ONLY),1,36091,Cross intersection,3,40,Local Road,ABBOTSFORD,MELBOURNE,-37.807793,144.94371,2023,3,March,9,Morning Peak,Weekday
T20230007396,2023-03-29,11:20:00,1,Collision with vehicle,3,Wednesday,111,RIGHT FAR (INTERSECTIONS ONLY),1,38969,T intersection,2,60,Arterial Other,HIGH,BOROONDARA,-37.801147,145.04642,2023,3,March,11,Midday,Weekday
T20230007405,2023-03-29,10:12:00,3,Struck animal,3,Wednesday,167,STRUCK ANIMAL,1,764474,Not at intersection,3,80,Arterial Other,GRANYA,TOWONG,-36.166195,147.33473,2023,3,March,10,Midday,Weekday
T20230007418,2023-03-29,13:08:00,4,Collision with a fixed object,3,Wednesday,171,LEFT OFF CARRIAGEWAY INTO OBJECT/PARKED VEHICLE,1,774425,Not at intersection,3,80,Local Road,POWER,CASEY,-37.96464,145.24448,2023,3,March,13,Midday,Weekday
T20230007427,2023-03-29,13:50:00,1,Collision with vehicle,3,Wednesday,120,HEAD ON (NOT OVERTAKING),1,765279,Not at intersection,3,100,Arterial Other,KATAMATITE-NATHALIA,MOIRA,-36.074265,145.22739,2023,3,March,13,Midday,Weekday
T20230009099,2023-03-29,02:55:00,1,Collision with vehicle,3,Wednesday,110,CROSS TRAFFIC(INTERSECTIONS ONLY),3,321719,Cross intersection,3,60,Local Road,AIRPORT,BRIMBANK,-37.706863,144.86739,2023,3,March,2,Late Night,Weekday
T20230007472,2023-03-29,23:00:00,4,Collision with a fixed object,3,Wednesday,171,LEFT OFF CARRIAGEWAY INTO OBJECT/PARKED VEHICLE,3,782152,Not at intersection,3,80,Arterial Other,WELLINGTON,KNOX,-37.928055,145.23338,2023,3,March,23,Night,Weekday
T20230007368,2023-03-29,02:20:00,1,Collision with vehicle,3,Wednesday,160,VEHICLE COLLIDES WITH VEHICLE PARKED ON LEFT OF ROAD,3,772198,Not at intersection,3,50,Local Road,PLUME,GEELONG,-38.092995,144.35893,2023,3,March,2,Late Night,Weekday
T20230007434,2023-03-29,15:00:00,1,Collision with vehicle,3,Wednesday,110,CROSS TRAFFIC(INTERSECTIONS ONLY),1,773205,Cross intersection,3,50,Local Road,ALEXO,HUME,-37.5402,144.90593,2023,3,March,15,Afternoon Peak,Weekday
T20230007469,2023-03-29,21:30:00,1,Collision with vehicle,3,Wednesday,163,VEHICLE STRIKES DOOR OF PARKED/STATIONARY VEHICLE,3,774470,Not at intersection,3,40,Local Road,CHAPEL,STONNINGTON,-37.85099,144.99348,2023,3,March,21,Night,Weekday
T20230007462,2023-03-29,21:43:00,4,Collision with a fixed object,3,Wednesday,171,LEFT OFF CARRIAGEWAY INTO OBJECT/PARKED VEHICLE,3,773619,Not at intersection,3,100,Freeway,SOUTH GIPPSLAND,CASEY,-37.99945,145.25232,2023,3,March,21,Night,Weekday
T20230007460,2023-03-29,20:59:00,2,Struck Pedestrian,3,Wednesday,100,PED NEAR SIDE. PED HIT BY VEHICLE FROM THE RIGHT.,3,336341,Not at intersection,2,80,Arterial Highway,NEPEAN,KINGSTON,-37.97488,145.06517,2023,3,March,20,Night,Weekday
T20230007367,2023-03-29,02:15:00,1,Collision with vehicle,3,Wednesday,140,U TURN,3,763860,Not at intersection,3,50,Local Road,CONNOR,COLAC OTWAY,-38.340767,143.58301,2023,3,March,2,Late Night,Weekday
T20230007432,2023-03-29,10:30:00,1,Collision with vehicle,3,Wednesday,130,REAR END(VEHICLES IN SAME LANE),1,360501,T intersection,3,100,Freeway,WESTERN RING IN-BOUNDARY,BRIMBANK,-37.815285,144.80905,2023,3,March,10,Midday,Weekday
T20230007452,2023-03-29,18:26:00,1,Collision with vehicle,3,Wednesday,140,U TURN,1,772712,Not at intersection,2,50,Arterial Other,ESPLANADE,MORNINGTON PENINSULA,-38.216595,145.03526,2023,3,March,18,Afternoon Peak,Weekday