ACCIDENT_NO,ACCIDENT_DATE,ACCIDENT_TIME,ACCIDENT_TYPE,ACCIDENT_TYPE_DESC,DAY_OF_WEEK,DAY_WEEK_DESC,DCA_CODE,DCA_DESC,LIGHT_CONDITION,NODE_ID,ROAD_GEOMETRY_DESC,SEVERITY,SPEED_ZONE,RMA,ROAD_NAME,LGA_NAME,LATITUDE,LONGITUDE,YEAR,MONTH,MONTH_NAME,HOUR,TIME_PERIOD,DAY_TYPE
T20230010236,2023-03-29,16:20:00,1,Collision with vehicle,3,Wednesday,121,RIGHT THROUGH,1,353658,T intersection,3,80,Arterial Other,AINSDALE,KNOX,-37.848476,145.23013,2023,3,March,16,Afternoon Peak,Weekday
T20230007384,2023-03-29,08:30:00,1,Collision with vehicle,3,Wednesday,130,REAR END(VEHICLES IN SAME LANE),1,774066,Not at intersection,3,50,Local Road,OSHEA,CASEY,-38.061646,145.35078,2023,3,March,8,Morning Peak,Weekday
T20230007402,2023-03-29,08:45:00,2,Struck Pedestrian,3,Wednesday,100,PED NEAR SIDE. PED HIT BY VEHICLE FROM THE RIGHT.,1,764351,T intersection,2,50,Local Road,COPERNICUS,BRIMBANK,-37.7228,144.80336,2023,3,March,8,Morning Peak,Weekday
T20230007941,2023-03-29,09:30:00,1,Collision with vehicle,3,Wednesday,121,RIGHT THROUGH,9,779422,Not at intersection,3,50,Local Road,LAKE,MELTON,-37.732185,144.74458,2023,3,March,9,Morning Peak,Weekday
T20230007942,2023-03-29,12:30:00,1,Collision with vehicle,3,Wednesday,110,CROSS TRAFFIC(INTERSECTIONS ONLY),1,50612,Cross intersection,3,50,Local Road,HART,COLAC OTWAY,-38.34147,143.58109,2023,3,March,12,Midday,Weekday
T20230007398,2023-03-29,09:33:00,1,Collision with vehicle,3,Wednesday,160,VEHICLE COLLIDES WITH VEHICLE PARKED ON LEFT OF ROAD,1,44360,Y intersection,3,60,Local Road,CEMETERY,WYNDHAM,-37.893906,144.67355,2023,3,March,9,Morning Peak,Weekday
T20230007444,2023-03-29,00:16:00,4,Collision with a fixed object,3,Wednesday,164,PERMANENT OBSTRUCTION ON CARRIAGEWAY,5,778369,Not at intersection,1,100,Local Road,SISTERS-GARVOC,MOYNE,-38.295605,142.81557,2023,3,March,0,Late Night,Weekday
T20230007400,2023-03-29,05:45:00,4,Collision with a fixed object,3,Wednesday,173,RIGHT OFF CARRIAGEWAY INTO OBJECT/PARKED VEHICLE,3,765539,Not at intersection,2,60,Local Road,ST ALBANS,GEELONG,-38.178085,144.38097,2023,3,March,5,Morning Peak,Weekday
T20230009304,2023-03-29,05:06:00,1,Collision with vehicle,3,Wednesday,120,HEAD ON (NOT OVERTAKING),2,35612,Cross intersection,3,60,Arterial Other,HEATHERTON,DANDENONG,-37.96444,145.16856,2023,3,March,5,Morning Peak,Weekday
T20230007383,2023-03-29,08:55:00,1,Collision with vehicle,3,Wednesday,113,RIGHT NEAR (INTERSECTIONS ONLY),1,40266,Cross intersection,2,50,Local Road,HOPETOUN,STONNINGTON,-37.84929,145.02794,2023,3,March,8,Morning Peak,Weekday
T20230010992,2023-03-29,19:29:00,1,Collision with vehicle,3,Wednesday,124,RIGHT/RIGHT BOTH VEHs FROM OPPOSITE DIRECTIONS TURNING RIGHT,3,776132,Cross intersection,3,70,Local Road,NOBLE,GEELONG,-38.154613,144.35135,2023,3,March,19,Night,Weekday
T20230007441,2023-03-29,15:25:00,1,Collision with vehicle,3,Wednesday,130,REAR END(VEHICLES IN SAME LANE),1,774498,Not at intersection,3,70,Arterial Highway,PLENTY,WHITTLESEA,-37.688393,145.06618,2023,3,March,15,Afternoon Peak,Weekday
T20230007412,2023-03-29,07:15:00,6,Vehicle overturned (no collision),3,Wednesday,182,OFF CARRIAGEWAY ON LEFT BEND,2,768525,Not at intersection,3,80,Local Road,PATERNOSTER,CARDINIA,-37.953873,145.49196,2023,3,March,7,Morning Peak,Weekday
T20230007409,2023-03-29,10:00:00,4,Collision with a fixed object,3,Wednesday,183,OFF LEFT BEND INTO OBJECT/PARKED VEHICLE,1,773622,Not at intersection,3,70,Local Road,SPLIT ROCK,CARDINIA,-37.995033,145.44493,2023,3,March,10,Midday,Weekday
T20230007414,2023-03-29,11:35:00,1,Collision with vehicle,3,Wednesday,110,CROSS TRAFFIC(INTERSECTIONS ONLY),1,51294,Cross intersection,3,60,Arterial Other,BROADWAY,MOIRA,-35.91673,145.64395,2023,3,March,11,Midday,Weekday
T20230007388,2023-03-29,06:45:00,1,Collision with vehicle,3,Wednesday,130,REAR END(VEHICLES IN SAME LANE),3,773623,Not at intersection,3,60,Arterial Other,EPPING,WHITTLESEA,-37.623337,145.02873,2023,3,March,6,Morning Peak,Weekday
T20230007706,2023-03-29,15:00:00,1,Collision with vehicle,3,Wednesday,111,RIGHT FAR (INTERSECTIONS ONLY),1,765042,T intersection,3,60,Arterial Other,HIGH,DAREBIN,-37.783157,144.99628,2023,3,March,15,Afternoon Peak,Weekday
T20230007380,2023-03-29,06:30:00,1,Collision with vehicle,3,Wednesday,130,REAR END(VEHICLES IN SAME LANE),2,766010,T intersection,3,60,Arterial Other,BARRY,HUME,-37.66451,144.92844,2023,3,March,6,Morning Peak,Weekday
T20230007424,2023-03-29,07:30:00,4,Collision with a fixed object,3,Wednesday,173,RIGHT OFF CARRIAGEWAY INTO OBJECT/PARKED VEHICLE,1,58689,Not at intersection,2,60,Arterial Other,MELROSE,WODONGA,-36.13079,146.8654,2023,3,March,7,Morning Peak,Weekday
T20230007499,2023-03-29,12:35:00,1,Collision with vehicle,3,Wednesday,130,REAR END(VEHICLES IN SAME LANE),1,773620,Not at intersection,3,60,Arterial Highway,HIGH,BENDIGO,-36.781292,144.24915,2023,3,March,12,Midday,Weekday
T20230007481,2023-03-29,21:17:00,1,Collision with vehicle,3,Wednesday,130,REAR END(VEHICLES IN SAME LANE),6,777024,Not at intersection,3,80,Arterial Other,ROSSITER,CARDINIA,-38.199444,145.49057,2023,3,March,21,Night,Weekday
T20230007373,2023-03-29,06:15:00,1,Collision with vehicle,3,Wednesday,121,RIGHT THROUGH,3,29374,Cross intersection,3,60,Arterial Other,VICTORIA,MELBOURNE,-37.80471,144.94514,2023,3,March,6,Morning Peak,Weekday
T20230007415,2023-03-29,10:32:00,1,Collision with vehicle,3,Wednesday,110,CROSS TRAFFIC(INTERSECTIONS ONLY),1,61524,Cross intersection,3,50,Local Road,ASH,WHITTLESEA,-37.67475,145.02701,2023,3,March,10,Midday,Weekday
T20230007417,2023-03-29,09:30:00,1,Collision with vehicle,3,Wednesday,110,CROSS TRAFFIC(INTERSECTIONS ONLY),1,51912,Cross intersection,2,100,Local Road,MITCHELL,CAMPASPE,-36.140476,144.81369,2023,3,March,9,Morning Peak,Weekday
T20230007762,2023-03-29,08:50:00,1,Collision with vehicle,3,Wednesday,113,RIGHT NEAR (INTERSECTIONS ONLY),1,293961,T intersection,2,60,Arterial Other,LA TROBE,BALLARAT,-37.570953,143.81996,2023,3,March,8,Morning Peak,Weekday
T20230008345,2023-03-29,08:20:00,1,Collision with vehicle,3,Wednesday,130,REAR END(VEHICLES IN SAME LANE),1,603652,Cross intersection,3,80,Arterial Other,BORONIA,KNOX,-37.84806,145.22885,2023,3,March,8,Morning Peak,Weekday
T20230007437,2023-03-29,17:00:00,1,Collision with vehicle,3,Wednesday,110,CROSS TRAFFIC(INTERSECTIONS ONLY),1,42872,Cross intersection,3,50,Local Road,BASIL,MORELAND,-37.703777,144.96527,2023,3,March,17,Afternoon Peak,Weekday
T20230007387,2023-03-29,08:04:00,1,Collision with vehicle,3,Wednesday,134,LANE CHANGE RIGHT (NOT OVERTAKING),1,773849,Not at intersection,2,80,Arterial Highway,DANDENONG ROAD SERVICE,STONNINGTON,-37.883503,145.05617,2023,3,March,8,Morning Peak,Weekday
T20230007553,2023-03-30,17:20:00,1,Collision with vehicle,4,Thursday,173,RIGHT OFF CARRIAGEWAY INTO OBJECT/PARKED VEHICLE,1,769179,Not at intersection,1,100,Freeway,GEELONG RING,GEELONG,-38.097237,144.32106,2023,3,March,17,Afternoon Peak,Weekday
T20230007738,2023-03-30,18:50:00,1,Collision with vehicle,4,Thursday,129,OTHER OPPOSING MANOEUVRES NOT INCLUDED IN DCAs 120-125.,2,782158,T intersection,3,70,Local Road,MELALEUCA,WHITTLESEA,-37.67568,145.00009,2023,3,March,18,Afternoon Peak,Weekday
T20230008020,2023-03-30,17:30:00,1,Collision with vehicle,4,Thursday,130,REAR END(VEHICLES IN SAME LANE),1,777444,Not at intersection,3,60,Local Road,FOREST RED GUM,HUME,-37.550575,144.89961,2023,3,March,17,Afternoon Peak,Weekday
T20230010117,2023-03-30,16:30:00,1,Collision with vehicle,4,Thursday,110,CROSS TRAFFIC(INTERSECTIONS ONLY),1,50704,Cross intersection,3,70,Arterial Highway,MAHONEYS,WARRNAMBOOL,-38.384834,142.533,2023,3,March,16,Afternoon Peak,Weekday
T20230010253,2023-03-30,17:10:00,1,Collision with vehicle,4,Thursday,113,RIGHT NEAR (INTERSECTIONS ONLY),9,37460,Cross intersection,3,60,Arterial Other,MONTAGUE,PORT PHILLIP,-37.830982,144.95038,2023,3,March,17,Afternoon Peak,Weekday
T20230015475,2023-03-30,19:00:00,3,Struck animal,4,Thursday,167,STRUCK ANIMAL,2,776721,Not at intersection,3,60,Arterial Other,DONNYBROOK,HUME,-37.541008,144.9513,2023,3,March,19,Night,Weekday
T20230007535,2023-03-30,18:40:00,1,Collision with vehicle,4,Thursday,121,RIGHT THROUGH,2,356393,T intersection,3,80,Arterial Other,BEACONSFIELD-NAR NAR GOON,CARDINIA,-38.06109,145.44408,2023,3,March,18,Afternoon Peak,Weekday
T20230007555,2023-03-30,22:10:00,2,Struck Pedestrian,4,Thursday,102,FAR SIDE. PED HIT BY VEHICLE FROM THE LEFT,3,773701,Not at intersection,2,60,Local Road,SPRING GULLY,BENDIGO,-36.7865,144.2848,2023,3,March,22,Night,Weekday
T20230007894,2023-03-30,15:30:00,2,Struck Pedestrian,4,Thursday,100,PED NEAR SIDE. PED HIT BY VEHICLE FROM THE RIGHT.,1,797378,Not at intersection,2,40,Arterial Other,CLAYTON,MONASH,-37.928036,145.11916,2023,3,March,15,Afternoon Peak,Weekday
T20230007552,2023-03-30,21:50:00,1,Collision with vehicle,4,Thursday,120,HEAD ON (NOT OVERTAKING),3,766235,Not at intersection,3,50,Arterial Other,NICHOLSON,MORELAND,-37.755005,144.97548,2023,3,March,21,Night,Weekday
T20230007928,2023-03-30,07:30:00,1,Collision with vehicle,4,Thursday,130,REAR END(VEHICLES IN SAME LANE),2,40641,Cross intersection,3,60,Arterial Other,ELGAR,WHITEHORSE,-37.830505,145.11253,2023,3,March,7,Morning Peak,Weekday
T20230007672,2023-03-30,18:20:00,1,Collision with vehicle,4,Thursday,135,LANE CHANGE LEFT (NOT OVERTAKING),1,37279,T intersection,3,50,Arterial Other,VICTORIA,YARRA,-37.811047,145.00548,2023,3,March,18,Afternoon Peak,Weekday
T20230015310,2023-03-30,19:35:00,4,Collision with a fixed object,4,Thursday,181,OFF RIGHT BEND INTO OBJECT/PARKED VEHICLE,6,778031,Not at intersection,2,80,Arterial Other,MAIN NEERIM,BAW BAW,-38.05371,145.95052,2023,3,March,19,Night,Weekday
T20230009194,2023-03-30,20:30:00,8,No collision and no object struck,4,Thursday,174,OUT OF CONTROL ON CARRIAGEWAY (ON STRAIGHT),3,769565,Not at intersection,3,70,Arterial Highway,PRINCES,CASEY,-38.02665,145.30893,2023,3,March,20,Night,Weekday
T20230007543,2023-03-30,16:45:00,1,Collision with vehicle,4,Thursday,110,CROSS TRAFFIC(INTERSECTIONS ONLY),1,49284,Cross intersection,3,60,Arterial Other,MAIR,BALLARAT,-37.560482,143.86423,2023,3,March,16,Afternoon Peak,Weekday
T20230007547,2023-03-30,09:10:00,1,Collision with vehicle,4,Thursday,114,TWO RIGHT TURNING (INTERSECTIONS ONLY),1,53202,T intersection,3,50,Local Road,LING,KNOX,-37.92503,145.24248,2023,3,March,9,Morning Peak,Weekday
T20230007550,2023-03-30,21:28:00,4,Collision with a fixed object,4,Thursday,171,LEFT OFF CARRIAGEWAY INTO OBJECT/PARKED VEHICLE,3,787899,Not at intersection,3,50,Local Road,ARDEN,MELBOURNE,-37.7994,144.93639,2023,3,March,21,Night,Weekday
T20230009882,2023-03-30,12:00:00,1,Collision with vehicle,4,Thursday,130,REAR END(VEHICLES IN SAME LANE),1,29761,Cross intersection,3,80,Arterial Other,THOMPSONS,CASEY,-38.079994,145.25813,2023,3,March,12,Midday,Weekday
T20230007551,2023-03-30,21:15:00,1,Collision with vehicle,4,Thursday,120,HEAD ON (NOT OVERTAKING),3,775416,Not at intersection,2,50,Local Road,HEATHERHILL,FRANKSTON,-38.1599,145.1501,2023,3,March,21,Night,Weekday
T20230007524,2023-03-30,16:18:00,4,Collision with a fixed object,4,Thursday,173,RIGHT OFF CARRIAGEWAY INTO OBJECT/PARKED VEHICLE,1,769119,Not at intersection,2,50,Arterial Highway,POINT NEPEAN,MORNINGTON PENINSULA,-38.330624,144.96916,2023,3,March,16,Afternoon Peak,Weekday
T20230007526,2023-03-30,06:00:00,1,Collision with vehicle,4,Thursday,130,REAR END(VEHICLES IN SAME LANE),2,704611,Not at intersection,3,80,Local Road,RINGWOOD,MAROONDAH,-37.81076,145.22733,2023,3,March,6,Morning Peak,Weekday
T20230007529,2023-03-30,15:46:00,1,Collision with vehicle,4,Thursday,148,VEHICLE OFF FOOTPATH STRIKES VEH ON CARRIAGEWAY,1,787901,T intersection,3,50,Local Road,TANTI,MORNINGTON PENINSULA,-38.226196,145.04869,2023,3,March,15,Afternoon Peak,Weekday
T20230007521,2023-03-30,13:40:00,4,Collision with a fixed object,4,Thursday,171,LEFT OFF CARRIAGEWAY INTO OBJECT/PARKED VEHICLE,1,718647,Not at intersection,3,60,Arterial Other,BURKE,BOROONDARA,-37.809086,145.06094,2023,3,March,13,Midday,Weekday
T20230007514,2023-03-30,14:28:00,4,Collision with a fixed object,4,Thursday,173,RIGHT OFF CARRIAGEWAY INTO OBJECT/PARKED VEHICLE,1,773206,Not at intersection,3,60,Local Road,LEAKES,WYNDHAM,-37.83711,144.71936,2023,3,March,14,Midday,Weekday
T20230007507,2023-03-30,13:20:00,1,Collision with vehicle,4,Thursday,121,RIGHT THROUGH,1,764606,Not at intersection,3,50,Local Road,SIDING,CARDINIA,-38.06525,145.41411,2023,3,March,13,Midday,Weekday
T20230007505,2023-03-30,13:00:00,1,Collision with vehicle,4,Thursday,130,REAR END(VEHICLES IN SAME LANE),1,783042,Not at intersection,3,60,Arterial Highway,SOUTH GIPPSLAND,CASEY,-38.11294,145.28273,2023,3,March,13,Midday,Weekday
T20230007810,2023-03-30,17:30:00,1,Collision with vehicle,4,Thursday,130,REAR END(VEHICLES IN SAME LANE),1,35668,T intersection,3,80,Arterial Other,OLD PRINCES,CARDINIA,-38.053772,145.379,2023,3,March,17,Afternoon Peak,Weekday
T20230007511,2023-03-30,15:15:00,6,Vehicle overturned (no collision),4,Thursday,179,OTHER ACCIDENTS-OFF STRAIGHT NOT INCLUDED IN DCAs 170-175,1,787902,Not at intersection,3,50,Local Road,SPARKS,GEELONG,-38.09109,144.35353,2023,3,March,15,Afternoon Peak,Weekday
T20230007503,2023-03-30,11:45:00,1,Collision with vehicle,4,Thursday,130,REAR END(VEHICLES IN SAME LANE),1,766012,Not at intersection,3,40,Arterial Other,EPPING,WHITTLESEA,-37.621964,145.02898,2023,3,March,11,Midday,Weekday
T20230007509,2023-03-30,11:20:00,4,Collision with a fixed object,4,Thursday,171,LEFT OFF CARRIAGEWAY INTO OBJECT/PARKED VEHICLE,1,773610,Not at intersection,3,50,Local Road,BRYN MAWR,CASEY,-38.04462,145.36018,2023,3,March,11,Midday,Weekday
T20230007508,2023-03-30,10:20:00,1,Collision with vehicle,4,Thursday,113,RIGHT NEAR (INTERSECTIONS ONLY),1,765281,T intersection,3,60,Arterial Highway,WHITELAW,SOUTH GIPPSLAND,-38.57732,146.01714,2023,3,March,10,Midday,Weekday
T20230007500,2023-03-30,11:44:00,1,Collision with vehicle,4,Thursday,130,REAR END(VEHICLES IN SAME LANE),1,782153,Not at intersection,2,100,Freeway,PENINSULA LINK,MORNINGTON PENINSULA,-38.23992,145.1232,2023,3,March,11,Midday,Weekday
T20230007498,2023-03-30,11:15:00,8,No collision and no object struck,4,Thursday,170,OFF CARRIAGEWAY TO LEFT,1,787897,Not at intersection,3,80,Arterial Highway,FRANKSTON-DANDENONG,FRANKSTON,-38.109413,145.16095,2023,3,March,11,Midday,Weekday
T20230007496,2023-03-30,11:35:00,1,Collision with vehicle,4,Thursday,121,RIGHT THROUGH,1,51903,Cross intersection,2,80,Arterial Highway,MIDLAND,BENDIGO,-36.695965,144.3179,2023,3,March,11,Midday,Weekday
T20230007489,2023-03-30,08:09:00,1,Collision with vehicle,4,Thursday,130,REAR END(VEHICLES IN SAME LANE),1,764605,Not at intersection,3,80,Arterial Other,PRINCES,CARDINIA,-38.055534,145.38461,2023,3,March,8,Morning Peak,Weekday
T20230007701,2023-03-30,18:08:00,1,Collision with vehicle,4,Thursday,130,REAR END(VEHICLES IN SAME LANE),1,765784,Not at intersection,3,100,Freeway,SOUTH GIPPSLAND,DANDENONG,-38.03074,145.24673,2023,3,March,18,Afternoon Peak,Weekday
T20230007486,2023-03-30,09:59:00,1,Collision with vehicle,4,Thursday,130,REAR END(VEHICLES IN SAME LANE),1,44425,T intersection,3,60,Local Road,CALVERT,GEELONG,-38.129776,144.33142,2023,3,March,9,Morning Peak,Weekday
T20230007476,2023-03-30,06:15:00,1,Collision with vehicle,4,Thursday,163,VEHICLE STRIKES DOOR OF PARKED/STATIONARY VEHICLE,3,764817,Not at intersection,2,40,Local Road,ELIZABETH,MELBOURNE,-37.8087,144.96062,2023,3,March,6,Morning Peak,Weekday
T20230007474,2023-03-30,06:45:00,1,Collision with vehicle,4,Thursday,137,LEFT TURN SIDESWIPE,3,241808,T intersection,3,50,Local Road,ADDERLEY,MELBOURNE,-37.81257,144.9493,2023,3,March,6,Morning Peak,Weekday
T20230007607,2023-03-30,13:15:00,6,Vehicle overturned (no collision),4,Thursday,174,OUT OF CONTROL ON CARRIAGEWAY (ON STRAIGHT),1,764611,Not at intersection,2,60,Local Road,KING,CARDINIA,-38.075253,145.48605,2023,3,March,13,Midday,Weekday
T20230007559,2023-03-30,23:52:00,4,Collision with a fixed object,4,Thursday,183,OFF LEFT BEND INTO OBJECT/PARKED VEHICLE,5,775265,Not at intersection,3,100,Local Road,TOONGABBIE-COWWARR,WELLINGTON,-38.01074,146.65419,2023,3,March,23,Night,Weekday
T20230009092,2023-03-31,20:21:00,1,Collision with vehicle,5,Friday,113,RIGHT NEAR (INTERSECTIONS ONLY),9,38390,T intersection,3,80,Arterial Other,SPRINGVALE,MANNINGHAM,-37.781696,145.18195,2023,3,March,20,Night,Weekday
T20230009808,2023-03-31,08:30:00,1,Collision with vehicle,5,Friday,124,RIGHT/RIGHT BOTH VEHs FROM OPPOSITE DIRECTIONS TURNING RIGHT,1,51703,Cross intersection,3,60,Arterial Other,HATTAM STREET -OAK,BENDIGO,-36.780685,144.25381,2023,3,March,8,Morning Peak,Weekday
T20230011130,2023-03-31,15:37:00,1,Collision with vehicle,5,Friday,130,REAR END(VEHICLES IN SAME LANE),1,704611,Not at intersection,3,80,Local Road,RINGWOOD,MAROONDAH,-37.81076,145.22733,2023,3,March,15,Afternoon Peak,Weekday
T20230009293,2023-03-31,17:05:00,1,Collision with vehicle,5,Friday,113,RIGHT NEAR (INTERSECTIONS ONLY),1,43161,T intersection,3,60,Local Road,JAMES COOK,CASEY,-37.987633,145.26158,2023,3,March,17,Afternoon Peak,Weekday
T20230007648,2023-03-31,06:30:00,4,Collision with a fixed object,5,Friday,173,RIGHT OFF CARRIAGEWAY INTO OBJECT/PARKED VEHICLE,2,782156,Not at intersection,2,100,Freeway,PRINCES,WYNDHAM,-37.84427,144.78552,2023,3,March,6,Morning Peak,Weekday
T20230007641,2023-03-31,19:53:00,1,Collision with vehicle,5,Friday,139,OTHER SAME DIRECTION-MANOUEVRES NOT INCLUDED IN DCAs 130-137,2,779856,T intersection,3,40,Local Road,WELLINGTON,MELBOURNE,-37.816788,144.98216,2023,3,March,19,Night,Weekday
T20230007639,2023-03-31,19:28:00,4,Collision with a fixed object,5,Friday,183,OFF LEFT BEND INTO OBJECT/PARKED VEHICLE,3,773605,Not at intersection,3,50,Local Road,HIGHLAND,CARDINIA,-38.062607,145.47777,2023,3,March,19,Night,Weekday
T20230007636,2023-03-31,16:25:00,1,Collision with vehicle,5,Friday,152,PULLING OUT (OVERTAKING),1,764820,Cross intersection,2,100,Local Road,MT DUNEED,SURF COAST,-38.239998,144.25981,2023,3,March,16,Afternoon Peak,Weekday
T20230007633,2023-03-31,15:30:00,1,Collision with vehicle,5,Friday,116,LEFT NEAR (INTERSECTIONS ONLY),1,29952,T intersection,2,60,Local Road,HIGH,GEELONG,-38.17902,144.33849,2023,3,March,15,Afternoon Peak,Weekday
T20230007631,2023-03-31,19:30:00,9,Other accident,5,Friday,191,LOAD OR MISSILE STRUCK VEHICLE,3,772072,Not at intersection,2,100,Freeway,EASTLINK,DANDENONG,-37.96178,145.19865,2023,3,March,19,Night,Weekday
T20230007603,2023-03-31,14:40:00,4,Collision with a fixed object,5,Friday,173,RIGHT OFF CARRIAGEWAY INTO OBJECT/PARKED VEHICLE,1,787904,Not at intersection,2,80,Local Road,HAWKES,WHITTLESEA,-37.49816,145.1983,2023,3,March,14,Midday,Weekday
T20230007602,2023-03-31,13:04:00,1,Collision with vehicle,5,Friday,140,U TURN,1,781216,Not at intersection,2,60,Arterial Other,ROSSITER,CARDINIA,-38.201714,145.48506,2023,3,March,13,Midday,Weekday
T20230007601,2023-03-31,09:20:00,1,Collision with vehicle,5,Friday,119,OTHER ADJACENT (INTERSECTIONS ONLY),1,665738,Multiple intersection,2,80,Freeway,ROBINSONS,BRIMBANK,-37.79648,144.75278,2023,3,March,9,Morning Peak,Weekday
T20230008525,2023-03-31,18:49:00,1,Collision with vehicle,5,Friday,130,REAR END(VEHICLES IN SAME LANE),1,773591,Not at intersection,3,80,Arterial Highway,PLENTY,DAREBIN,-37.712246,145.047,2023,3,March,18,Afternoon Peak,Weekday
T20230007560,2023-03-31,06:45:00,1,Collision with vehicle,5,Friday,113,RIGHT NEAR (INTERSECTIONS ONLY),5,258466,T intersection,2,40,Local Road,ALFRED,YARRA,-37.78579,144.98482,2023,3,March,6,Morning Peak,Weekday
T20230007579,2023-03-31,08:55:00,1,Collision with vehicle,5,Friday,110,CROSS TRAFFIC(INTERSECTIONS ONLY),1,55289,Cross intersection,2,80,Arterial Other,CRANBOURNE-FRANKSTON,CASEY,-38.118336,145.25073,2023,3,March,8,Morning Peak,Weekday
T20230007578,2023-03-31,12:00:00,1,Collision with vehicle,5,Friday,121,RIGHT THROUGH,1,289107,Cross intersection,3,60,Freeway,LEAKES,MELTON,-37.725754,144.65128,2023,3,March,12,Midday,Weekday
T20230007577,2023-03-31,09:00:00,4,Collision with a fixed object,5,Friday,181,OFF RIGHT BEND INTO OBJECT/PARKED VEHICLE,1,773592,Not at intersection,3,80,Arterial Other,HEALESVILLE-KINGLAKE,MURRINDINDI,-37.542828,145.47891,2023,3,March,9,Morning Peak,Weekday
T20230007574,2023-03-31,11:09:00,1,Collision with vehicle,5,Friday,130,REAR END(VEHICLES IN SAME LANE),1,768163,Not at intersection,2,40,Arterial Other,COLLEGE,MELBOURNE,-37.79209,144.96289,2023,3,March,11,Midday,Weekday
T20230007573,2023-03-31,10:30:00,1,Collision with vehicle,5,Friday,113,RIGHT NEAR (INTERSECTIONS ONLY),1,241387,Cross intersection,2,60,Local Road,GHAZEEPORE,GEELONG,-38.215145,144.30115,2023,3,March,10,Midday,Weekday
T20230011337,2023-03-31,17:30:00,1,Collision with vehicle,5,Friday,139,OTHER SAME DIRECTION-MANOUEVRES NOT INCLUDED IN DCAs 130-137,6,774052,Not at intersection,3,60,Arterial Highway,BELL,MORELAND,-37.73838,144.9389,2023,3,March,17,Afternoon Peak,Weekday
T20230007572,2023-03-31,11:00:00,1,Collision with vehicle,5,Friday,162,ACCIDENT OR BROKEN DOWN,1,782154,T intersection,2,50,Local Road,ADDERLEY,MELBOURNE,-37.812218,144.94888,2023,3,March,11,Midday,Weekday
T20230008482,2023-03-31,11:30:00,4,Collision with a fixed object,5,Friday,173,RIGHT OFF CARRIAGEWAY INTO OBJECT/PARKED VEHICLE,1,773606,Not at intersection,3,80,Arterial Other,GREENS,DANDENONG,-38.011093,145.18285,2023,3,March,11,Midday,Weekday
T20230008112,2023-03-31,05:53:00,1,Collision with vehicle,5,Friday,130,REAR END(VEHICLES IN SAME LANE),3,66345,T intersection,3,80,Arterial Highway,SPRINGVALE,WHITEHORSE,-37.82539,145.17464,2023,3,March,5,Morning Peak,Weekday
T20230007666,2023-03-31,18:45:00,4,Collision with a fixed object,5,Friday,181,OFF RIGHT BEND INTO OBJECT/PARKED VEHICLE,5,774472,Not at intersection,3,80,Arterial Other,EMERALD-MONBULK,CARDINIA,-37.922928,145.44273,2023,3,March,18,Afternoon Peak,Weekday
T20230007608,2023-03-31,12:50:00,1,Collision with vehicle,5,Friday,130,REAR END(VEHICLES IN SAME LANE),1,773636,Not at intersection,3,60,Arterial Highway,HIGH,SHEPPARTON,-36.38244,145.40947,2023,3,March,12,Midday,Weekday
T20230007628,2023-03-31,14:45:00,4,Collision with a fixed object,5,Friday,181,OFF RIGHT BEND INTO OBJECT/PARKED VEHICLE,1,782155,Not at intersection,3,80,Local Road,MCMAHENS,DANDENONG,-38.04405,145.17285,2023,3,March,14,Midday,Weekday
T20230009176,2023-03-31,16:40:00,1,Collision with vehicle,5,Friday,130,REAR END(VEHICLES IN SAME LANE),1,769318,Cross intersection,3,80,Arterial Highway,SOUTH GIPPSLAND,CASEY,-38.050552,145.25748,2023,3,March,16,Afternoon Peak,Weekday
T20230007917,2023-03-31,07:00:00,1,Collision with vehicle,5,Friday,133,LANE SIDE SWIPE (VEHICLES IN PARALLEL LANES),2,787903,Not at intersection,3,60,Arterial Other,GLENFERRIE,STONNINGTON,-37.840282,145.03217,2023,3,March,7,Morning Peak,Weekday
T20230007627,2023-03-31,05:45:00,1,Collision with vehicle,5,Friday,133,LANE SIDE SWIPE (VEHICLES IN PARALLEL LANES),2,794614,Not at intersection,3,60,Arterial Other,HEIDELBERG,YARRA,-37.78506,145.00163,2023,3,March,5,Morning Peak,Weekday
T20230007571,2023-03-31,09:13:00,1,Collision with vehicle,5,Friday,130,REAR END(VEHICLES IN SAME LANE),1,773603,Not at intersection,3,80,Arterial Other,BERWICK-CRANBOURNE,CASEY,-38.086876,145.33313,2023,3,March,9,Morning Peak,Weekday
T20230010170,2023-03-31,13:00:00,1,Collision with vehicle,5,Friday,135,LANE CHANGE LEFT (NOT OVERTAKING),1,773594,Not at intersection,3,60,Arterial Highway,ARGYLE,LATROBE,-38.19449,146.54263,2023,3,March,13,Midday,Weekday
T20230007613,2023-03-31,15:27:00,1,Collision with vehicle,5,Friday,113,RIGHT NEAR (INTERSECTIONS ONLY),1,224428,Cross intersection,2,70,Arterial Highway,DANDENONG-HASTINGS,MORNINGTON PENINSULA,-38.252876,145.21469,2023,3,March,15,Afternoon Peak,Weekday
T20230014270,2023-03-31,17:50:00,1,Collision with vehicle,5,Friday,147,VEHICLE STRIKES ANOTHER VEH WHILE EMERGING FROM DRIVEWAY,2,782826,Not at intersection,3,50,Local Road,MOUNTAIN VIEW,BANYULE,-37.70912,145.11978,2023,3,March,17,Afternoon Peak,Weekday
T20230007626,2023-03-31,16:13:00,1,Collision with vehicle,5,Friday,121,RIGHT THROUGH,1,32339,T intersection,3,80,Arterial Highway,BURWOOD,KNOX,-37.862316,145.21455,2023,3,March,16,Afternoon Peak,Weekday