ACCIDENT_NO,ACCIDENT_DATE,ACCIDENT_TIME,ACCIDENT_TYPE,ACCIDENT_TYPE_DESC,DAY_OF_WEEK,DAY_WEEK_DESC,DCA_CODE,DCA_DESC,LIGHT_CONDITION,NODE_ID,ROAD_GEOMETRY_DESC,SEVERITY,SPEED_ZONE,RMA,ROAD_NAME,LGA_NAME,LATITUDE,LONGITUDE,YEAR,MONTH,MONTH_NAME,HOUR,TIME_PERIOD,DAY_TYPE
T20240001108,2023-03-31,08:45:00,1,Collision with vehicle,5,Friday,136,RIGHT TURN SIDESWIPE,1,798510,T intersection,3,50,Local Road,KINNEAR,MARIBYRNONG,-37.79127,144.89476,2023,3,March,8,Morning Peak,Weekday
T20230007605,2023-03-31,15:15:00,1,Collision with vehicle,5,Friday,132,RIGHT REAR.,1,51614,T intersection,2,60,Arterial Highway,MARONG,BENDIGO,-36.758553,144.25662,2023,3,March,15,Afternoon Peak,Weekday
T20230009487,2023-03-31,08:47:00,1,Collision with vehicle,5,Friday,130,REAR END(VEHICLES IN SAME LANE),1,137544,Not at intersection,3,100,Freeway,PRINCES,HOBSONS BAY,-37.85114,144.77954,2023,3,March,8,Morning Peak,Weekday
T20230007718,2023-03-31,23:41:00,1,Collision with vehicle,5,Friday,120,HEAD ON (NOT OVERTAKING),3,768788,Not at intersection,3,70,Arterial Other,HEATHERTON,KINGSTON,-37.95885,145.12337,2023,3,March,23,Night,Weekday
T20230007617,2023-03-31,17:28:00,4,Collision with a fixed object,5,Friday,181,OFF RIGHT BEND INTO OBJECT/PARKED VEHICLE,2,781997,Not at intersection,3,50,Local Road,WARATAH,EAST GIPPSLAND,-37.913406,147.71246,2023,3,March,17,Afternoon Peak,Weekday
T20230007616,2023-03-31,17:15:00,8,No collision and no object struck,5,Friday,174,OUT OF CONTROL ON CARRIAGEWAY (ON STRAIGHT),1,764613,T intersection,3,60,Arterial Other,MORELAND,MORELAND,-37.753704,144.94937,2023,3,March,17,Afternoon Peak,Weekday
T20230007763,2023-03-31,12:25:00,1,Collision with vehicle,5,Friday,130,REAR END(VEHICLES IN SAME LANE),1,68955,T intersection,3,40,Local Road,CHESTER,MONASH,-37.899765,145.09216,2023,3,March,12,Midday,Weekday
T20230009582,2023-03-31,16:18:00,1,Collision with vehicle,5,Friday,130,REAR END(VEHICLES IN SAME LANE),1,32340,Cross intersection,3,80,Arterial Highway,ST KILDA,PORT PHILLIP,-37.86463,144.98587,2023,3,March,16,Afternoon Peak,Weekday
T20230007661,2023-03-31,19:40:00,3,Struck animal,5,Friday,167,STRUCK ANIMAL,5,764715,Not at intersection,2,100,Local Road,LOGAN-KINGOWER,LODDON,-36.611725,143.55307,2023,3,March,19,Night,Weekday
T20230007656,2023-04-01,00:21:00,4,Collision with a fixed object,6,Saturday,173,RIGHT OFF CARRIAGEWAY INTO OBJECT/PARKED VEHICLE,3,765412,Not at intersection,1,70,Arterial Other,OLD PRINCES,CARDINIA,-38.052635,145.3762,2023,4,April,0,Late Night,Weekend
T20230007655,2023-04-01,02:05:00,1,Collision with vehicle,6,Saturday,160,VEHICLE COLLIDES WITH VEHICLE PARKED ON LEFT OF ROAD,3,764591,Not at intersection,1,60,Local Road,EDWARD,YARRA RANGES,-37.744896,145.3188,2023,4,April,2,Late Night,Weekend
T20230007723,2023-04-01,22:00:00,4,Collision with a fixed object,6,Saturday,171,LEFT OFF CARRIAGEWAY INTO OBJECT/PARKED VEHICLE,5,767493,Not at intersection,3,100,Arterial Other,GRAMPIANS,NORTHERN GRAMPIANS,-37.060207,142.69904,2023,4,April,22,Night,Weekend
T20230007724,2023-04-01,22:00:00,1,Collision with vehicle,6,Saturday,130,REAR END(VEHICLES IN SAME LANE),3,773957,Cross intersection,2,80,Arterial Other,HIGHETT STREET -MIDLAND,MANSFIELD,-37.043392,146.08994,2023,4,April,22,Night,Weekend
T20230007733,2023-04-01,21:30:00,1,Collision with vehicle,6,Saturday,140,U TURN,5,345849,T intersection,2,80,Arterial Other,KELLETTS,KNOX,-37.91127,145.24118,2023,4,April,21,Night,Weekend
T20230007731,2023-04-01,23:26:00,1,Collision with vehicle,6,Saturday,133,LANE SIDE SWIPE (VEHICLES IN PARALLEL LANES),3,787173,Not at intersection,3,60,Arterial Other,HEATHERTON,DANDENONG,-37.970463,145.21846,2023,4,April,23,Night,Weekend
T20230007657,2023-04-01,05:55:00,1,Collision with vehicle,6,Saturday,160,VEHICLE COLLIDES WITH VEHICLE PARKED ON LEFT OF ROAD,3,765783,Not at intersection,2,70,Arterial Other,DERBY,CENTRAL GOLDFIELDS,-37.06019,143.7291,2023,4,April,5,Morning Peak,Weekend
T20230007721,2023-04-01,15:10:00,1,Collision with vehicle,6,Saturday,130,REAR END(VEHICLES IN SAME LANE),1,775735,Not at intersection,2,80,Arterial Highway,MAROONDAH,MAROONDAH,-37.78291,145.28372,2023,4,April,15,Afternoon Peak,Weekend
T20230007719,2023-04-01,20:16:00,1,Collision with vehicle,6,Saturday,163,VEHICLE STRIKES DOOR OF PARKED/STATIONARY VEHICLE,3,776567,Not at intersection,3,40,Local Road,KOORNANG,GLEN EIRA,-37.888817,145.05716,2023,4,April,20,Night,Weekend
T20230009156,2023-04-01,15:30:00,1,Collision with vehicle,6,Saturday,130,REAR END(VEHICLES IN SAME LANE),1,49328,T intersection,3,60,Arterial Highway,MIDLAND,MOUNT ALEXANDER,-37.046906,144.22063,2023,4,April,15,Afternoon Peak,Weekend
T20230007747,2023-04-01,22:10:00,1,Collision with vehicle,6,Saturday,110,CROSS TRAFFIC(INTERSECTIONS ONLY),3,73483,Cross intersection,2,50,Local Road,GELLIBRAND,COLAC OTWAY,-38.33616,143.58688,2023,4,April,22,Night,Weekend
T20230010899,2023-04-01,12:28:00,1,Collision with vehicle,6,Saturday,130,REAR END(VEHICLES IN SAME LANE),1,773763,Not at intersection,3,100,Freeway,WEST GATE OUT-WESTERN RING OUT,HOBSONS BAY,-37.82578,144.82562,2023,4,April,12,Midday,Weekend
T20230007715,2023-04-01,20:10:00,4,Collision with a fixed object,6,Saturday,175,OFF END OF ROAD/T-INTERSECTION.,3,773666,T intersection,2,80,Arterial Other,NARRE WARREN,CASEY,-38.077393,145.297,2023,4,April,20,Night,Weekend
T20230007713,2023-04-01,15:15:00,2,Struck Pedestrian,6,Saturday,101,PED EMERGES FROM IN FRONT OF PARKED OR STATIONARY VEHICLE,1,764828,T intersection,3,40,Arterial Other,ALBERT ROAD SERVICE,PORT PHILLIP,-37.836758,144.96947,2023,4,April,15,Afternoon Peak,Weekend
T20230007760,2023-04-01,15:40:00,1,Collision with vehicle,6,Saturday,129,OTHER OPPOSING MANOEUVRES NOT INCLUDED IN DCAs 120-125.,1,712571,Multiple intersection,2,80,Freeway,PRINCES,DANDENONG,-37.96783,145.19559,2023,4,April,15,Afternoon Peak,Weekend
T20230007710,2023-04-01,16:05:00,1,Collision with vehicle,6,Saturday,121,RIGHT THROUGH,1,780416,T intersection,3,60,Arterial Other,SETTLEMENT ROAD -WOOD,WHITTLESEA,-37.693478,145.02992,2023,4,April,16,Afternoon Peak,Weekend
T20230007684,2023-04-01,10:50:00,6,Vehicle overturned (no collision),6,Saturday,180,OFF CARRIAGEWAY ON RIGHT BEND,1,323392,Not at intersection,3,100,Arterial Other,KIEWA EAST,INDIGO,-36.254776,147.07991,2023,4,April,10,Midday,Weekend
T20230007722,2023-04-01,15:33:00,4,Collision with a fixed object,6,Saturday,173,RIGHT OFF CARRIAGEWAY INTO OBJECT/PARKED VEHICLE,1,766236,T intersection,3,40,Local Road,MININDEE,WYNDHAM,-37.87408,144.60135,2023,4,April,15,Afternoon Peak,Weekend
T20230007720,2023-04-01,20:10:00,1,Collision with vehicle,6,Saturday,110,CROSS TRAFFIC(INTERSECTIONS ONLY),5,17566,Cross intersection,2,100,Arterial Other,BARMAH-SHEPPARTON,MOIRA,-36.099022,145.22374,2023,4,April,20,Night,Weekend
T20230007705,2023-04-01,16:01:00,1,Collision with vehicle,6,Saturday,130,REAR END(VEHICLES IN SAME LANE),1,765282,Not at intersection,2,70,Arterial Highway,ORMOND,GEELONG,-38.16022,144.3766,2023,4,April,16,Afternoon Peak,Weekend
T20230007947,2023-04-01,10:01:00,1,Collision with vehicle,6,Saturday,140,U TURN,1,767145,Not at intersection,3,100,Arterial Other,CHILTERN-RUTHERGLEN,INDIGO,-36.117176,146.55367,2023,4,April,10,Midday,Weekend
T20230008571,2023-04-01,13:30:00,1,Collision with vehicle,6,Saturday,134,LANE CHANGE RIGHT (NOT OVERTAKING),1,787172,Not at intersection,3,70,Arterial Highway,DANDENONG,STONNINGTON,-37.865387,145.02594,2023,4,April,13,Midday,Weekend
T20230007703,2023-04-01,15:30:00,1,Collision with vehicle,6,Saturday,110,CROSS TRAFFIC(INTERSECTIONS ONLY),1,44446,Cross intersection,2,50,Local Road,BOLDREWOOD,DAREBIN,-37.715084,145.02211,2023,4,April,15,Afternoon Peak,Weekend
T20230007726,2023-04-01,22:30:00,1,Collision with vehicle,6,Saturday,121,RIGHT THROUGH,3,36983,T intersection,3,60,Arterial Other,ST KILDA,PORT PHILLIP,-37.829895,144.97133,2023,4,April,22,Night,Weekend
T20230007697,2023-04-01,17:20:00,1,Collision with vehicle,6,Saturday,111,RIGHT FAR (INTERSECTIONS ONLY),2,782157,Cross intersection,3,50,Arterial Other,DALTON ROAD -SETTLEMENT,WHITTLESEA,-37.689697,145.02773,2023,4,April,17,Afternoon Peak,Weekend
T20230007708,2023-04-01,16:56:00,4,Collision with a fixed object,6,Saturday,183,OFF LEFT BEND INTO OBJECT/PARKED VEHICLE,1,39775,T intersection,3,50,Arterial Other,MT DANDENONG,MAROONDAH,-37.799232,145.28642,2023,4,April,16,Afternoon Peak,Weekend
T20230008209,2023-04-01,00:05:00,8,No collision and no object struck,6,Saturday,174,OUT OF CONTROL ON CARRIAGEWAY (ON STRAIGHT),3,36135,T intersection,2,40,Local Road,SMITH,YARRA,-37.79736,144.98454,2023,4,April,0,Late Night,Weekend
T20230009490,2023-04-01,12:14:00,1,Collision with vehicle,6,Saturday,130,REAR END(VEHICLES IN SAME LANE),1,773239,Not at intersection,3,60,Arterial Other,RALEIGH,MARIBYRNONG,-37.770016,144.90085,2023,4,April,12,Midday,Weekend
T20230009530,2023-04-01,17:58:00,1,Collision with vehicle,6,Saturday,130,REAR END(VEHICLES IN SAME LANE),1,777360,Not at intersection,3,70,Local Road,TARNEIT,WYNDHAM,-37.856377,144.6678,2023,4,April,17,Afternoon Peak,Weekend
T20230007682,2023-04-01,11:30:00,1,Collision with vehicle,6,Saturday,110,CROSS TRAFFIC(INTERSECTIONS ONLY),1,44385,Cross intersection,3,60,Arterial Other,POINT COOK,WYNDHAM,-37.90023,144.75356,2023,4,April,11,Midday,Weekend
T20230007673,2023-04-01,07:00:00,1,Collision with vehicle,6,Saturday,121,RIGHT THROUGH,2,780403,Not at intersection,2,60,Freeway,BEACONSFIELD-NAR NAR GOON,CASEY,-38.062187,145.36699,2023,4,April,7,Morning Peak,Weekend
T20230007742,2023-04-01,10:00:00,1,Collision with vehicle,6,Saturday,111,RIGHT FAR (INTERSECTIONS ONLY),1,782159,T intersection,3,80,Arterial Other,MELTON,MELTON,-37.692562,144.75,2023,4,April,10,Midday,Weekend
T20230007670,2023-04-01,10:54:00,1,Collision with vehicle,6,Saturday,163,VEHICLE STRIKES DOOR OF PARKED/STATIONARY VEHICLE,1,754899,Not at intersection,3,40,Arterial Other,CHURCH,YARRA,-37.829987,144.99716,2023,4,April,10,Midday,Weekend
T20230007669,2023-04-01,06:00:00,1,Collision with vehicle,6,Saturday,130,REAR END(VEHICLES IN SAME LANE),2,779192,Not at intersection,2,100,Freeway,PRINCES,CARDINIA,-38.076614,145.41806,2023,4,April,6,Morning Peak,Weekend
T20230007665,2023-04-01,09:00:00,1,Collision with vehicle,6,Saturday,112,LEFT FAR (INTERSECTIONS ONLY),1,774453,T intersection,3,100,Local Road,BAKERS GULLY,ALPINE,-36.744114,146.9546,2023,4,April,9,Morning Peak,Weekend
T20230009021,2023-04-01,17:05:00,1,Collision with vehicle,6,Saturday,113,RIGHT NEAR (INTERSECTIONS ONLY),1,47503,T intersection,3,60,Local Road,MCCORMICKS,FRANKSTON,-38.11106,145.19519,2023,4,April,17,Afternoon Peak,Weekend
T20230008058,2023-04-01,23:00:00,1,Collision with vehicle,6,Saturday,130,REAR END(VEHICLES IN SAME LANE),5,776160,Not at intersection,3,100,Freeway,PRINCES,BAW BAW,-38.190727,146.01628,2023,4,April,23,Night,Weekend
T20230007662,2023-04-01,09:14:00,1,Collision with vehicle,6,Saturday,116,LEFT NEAR (INTERSECTIONS ONLY),1,37168,T intersection,3,60,Local Road,MOSSFIEL,WYNDHAM,-37.87036,144.69138,2023,4,April,9,Morning Peak,Weekend
T20230009415,2023-04-01,14:55:00,1,Collision with vehicle,6,Saturday,130,REAR END(VEHICLES IN SAME LANE),1,777735,Not at intersection,3,60,Arterial Other,GRANGE,DAREBIN,-37.774513,145.02592,2023,4,April,14,Midday,Weekend
T20230007658,2023-04-01,06:45:00,2,Struck Pedestrian,6,Saturday,102,FAR SIDE. PED HIT BY VEHICLE FROM THE LEFT,3,38759,T intersection,2,70,Arterial Other,PLENTY,WHITTLESEA,-37.683002,145.06891,2023,4,April,6,Morning Peak,Weekend
T20230007776,2023-04-02,16:00:00,1,Collision with vehicle,7,Sunday,110,CROSS TRAFFIC(INTERSECTIONS ONLY),1,52507,Cross intersection,3,50,Arterial Other,ELEVENTH,MILDURA,-34.19367,142.16231,2023,4,April,16,Afternoon Peak,Weekend
T20230007758,2023-04-02,13:45:00,6,Vehicle overturned (no collision),7,Sunday,149,OTHER MANOEUVRING NOT INCLUDED IN DCAs 140-148,1,22569,Cross intersection,2,80,Arterial Other,DUNACH-EDDINGTON ROAD -LANDRIGAN,CENTRAL GOLDFIELDS,-37.10382,143.77602,2023,4,April,13,Midday,Weekend
T20230007771,2023-04-02,14:25:00,6,Vehicle overturned (no collision),7,Sunday,184,OUT OF CONTROL ON CARRIAGEWAY (ON BEND),1,766443,Not at intersection,2,100,Local Road,EILDON-JAMIESON,MANSFIELD,-37.280712,146.11949,2023,4,April,14,Midday,Weekend
T20230008816,2023-04-02,12:20:00,1,Collision with vehicle,7,Sunday,130,REAR END(VEHICLES IN SAME LANE),1,769043,Not at intersection,3,40,Arterial Highway,SETTLEMENT,GEELONG,-38.176834,144.35193,2023,4,April,12,Midday,Weekend
T20230007753,2023-04-02,09:50:00,6,Vehicle overturned (no collision),7,Sunday,180,OFF CARRIAGEWAY ON RIGHT BEND,1,784290,Not at intersection,3,80,Arterial Other,BROADFORD-FLOWERDALE,MURRINDINDI,-37.246807,145.17186,2023,4,April,9,Morning Peak,Weekend
T20230007799,2023-04-02,23:30:00,1,Collision with vehicle,7,Sunday,169,OTHER ON PATH,3,765178,Not at intersection,2,40,Arterial Other,HOPKINS,MELTON,-37.795963,144.69731,2023,4,April,23,Night,Weekend
T20230007790,2023-04-02,21:20:00,1,Collision with vehicle,7,Sunday,116,LEFT NEAR (INTERSECTIONS ONLY),3,787405,T intersection,3,40,Local Road,SPRING,MELBOURNE,-37.81036,144.97258,2023,4,April,21,Night,Weekend
T20230008212,2023-04-02,18:30:00,1,Collision with vehicle,7,Sunday,123,RIGHT/LEFT. ONE VEH TURNING RIGHT THE OTHER LEFT.,2,36107,Cross intersection,3,60,Arterial Other,SPENCER,MELBOURNE,-37.808464,144.9487,2023,4,April,18,Afternoon Peak,Weekend
T20230007748,2023-04-02,07:35:00,1,Collision with vehicle,7,Sunday,130,REAR END(VEHICLES IN SAME LANE),1,40686,T intersection,3,70,Arterial Highway,BURWOOD,WHITEHORSE,-37.85102,145.12277,2023,4,April,7,Morning Peak,Weekend
T20230007860,2023-04-02,16:30:00,1,Collision with vehicle,7,Sunday,113,RIGHT NEAR (INTERSECTIONS ONLY),1,775417,Cross intersection,3,50,Arterial Other,CONNESS,INDIGO,-36.151215,146.60925,2023,4,April,16,Afternoon Peak,Weekend
T20230007741,2023-04-02,08:45:00,3,Struck animal,7,Sunday,167,STRUCK ANIMAL,1,766237,Not at intersection,2,50,Local Road,DEANS,LATROBE,-38.24758,146.32582,2023,4,April,8,Morning Peak,Weekend
T20230007746,2023-04-02,09:10:00,1,Collision with vehicle,7,Sunday,116,LEFT NEAR (INTERSECTIONS ONLY),1,29386,Cross intersection,2,60,Arterial Other,MACARTHUR,MELBOURNE,-37.78988,144.95876,2023,4,April,9,Morning Peak,Weekend
T20230007769,2023-04-02,14:06:00,1,Collision with vehicle,7,Sunday,121,RIGHT THROUGH,1,309722,T intersection,2,80,Arterial Other,MICKLEHAM,HUME,-37.614525,144.88583,2023,4,April,14,Midday,Weekend
T20230007794,2023-04-02,21:19:00,1,Collision with vehicle,7,Sunday,130,REAR END(VEHICLES IN SAME LANE),3,773700,Not at intersection,2,60,Arterial Highway,WARRIGAL,STONNINGTON,-37.891514,145.08849,2023,4,April,21,Night,Weekend
T20230007744,2023-04-02,02:10:00,4,Collision with a fixed object,7,Sunday,173,RIGHT OFF CARRIAGEWAY INTO OBJECT/PARKED VEHICLE,3,767140,Not at intersection,3,50,Local Road,MCGREGOR,MOIRA,-36.083153,145.44673,2023,4,April,2,Late Night,Weekend
T20230011272,2023-04-02,15:00:00,8,No collision and no object struck,7,Sunday,180,OFF CARRIAGEWAY ON RIGHT BEND,9,774503,Not at intersection,3,60,Local Road,VIRIDIAN,MELTON,-37.68123,144.7449,2023,4,April,15,Afternoon Peak,Weekend
T20230008206,2023-04-02,07:15:00,4,Collision with a fixed object,7,Sunday,179,OTHER ACCIDENTS-OFF STRAIGHT NOT INCLUDED IN DCAs 170-175,2,782163,Not at intersection,3,50,Local Road,HOLBERRY,HUME,-37.690224,144.93028,2023,4,April,7,Morning Peak,Weekend
T20230007785,2023-04-02,17:41:00,1,Collision with vehicle,7,Sunday,140,U TURN,1,766890,Not at intersection,2,50,Local Road,ALFRED,WYNDHAM,-37.91987,144.63145,2023,4,April,17,Afternoon Peak,Weekend
T20230008045,2023-04-02,15:19:00,8,No collision and no object struck,7,Sunday,182,OFF CARRIAGEWAY ON LEFT BEND,1,782162,Y intersection,2,80,Arterial Other,MARYSVILLE,MURRINDINDI,-37.543785,145.67209,2023,4,April,15,Afternoon Peak,Weekend
T20230008036,2023-04-02,15:00:00,8,No collision and no object struck,7,Sunday,174,OUT OF CONTROL ON CARRIAGEWAY (ON STRAIGHT),1,767720,Not at intersection,3,80,Arterial Other,DONNYBROOK,HUME,-37.53632,144.91124,2023,4,April,15,Afternoon Peak,Weekend
T20230012653,2023-04-02,13:40:00,1,Collision with vehicle,7,Sunday,130,REAR END(VEHICLES IN SAME LANE),1,775523,Not at intersection,2,60,Arterial Highway,MELBOURNE,GEELONG,-38.10982,144.35289,2023,4,April,13,Midday,Weekend
T20230007729,2023-04-02,02:45:00,1,Collision with vehicle,7,Sunday,160,VEHICLE COLLIDES WITH VEHICLE PARKED ON LEFT OF ROAD,3,775833,Not at intersection,2,80,Arterial Highway,BURWOOD,WHITEHORSE,-37.851616,145.12965,2023,4,April,2,Late Night,Weekend
T20230007789,2023-04-02,19:10:00,1,Collision with vehicle,7,Sunday,111,RIGHT FAR (INTERSECTIONS ONLY),3,54103,T intersection,2,60,Local Road,KINGSFORD,MARIBYRNONG,-37.79153,144.85278,2023,4,April,19,Night,Weekend
T20230007756,2023-04-02,01:10:00,1,Collision with vehicle,7,Sunday,132,RIGHT REAR.,3,768529,Cross intersection,2,60,Arterial Highway,ABERDEEN,GEELONG,-38.145725,144.33841,2023,4,April,1,Late Night,Weekend
T20230008032,2023-04-02,15:24:00,8,No collision and no object struck,7,Sunday,174,OUT OF CONTROL ON CARRIAGEWAY (ON STRAIGHT),1,774036,T intersection,2,50,Local Road,CALLAWAY,SOUTH GIPPSLAND,-38.475384,145.95905,2023,4,April,15,Afternoon Peak,Weekend
T20230007767,2023-04-02,14:30:00,4,Collision with a fixed object,7,Sunday,181,OFF RIGHT BEND INTO OBJECT/PARKED VEHICLE,1,767026,Not at intersection,3,100,Local Road,OUTTRIM-LEONGATHA,SOUTH GIPPSLAND,-38.520622,145.83342,2023,4,April,14,Midday,Weekend
T20230007764,2023-04-02,10:00:00,4,Collision with a fixed object,7,Sunday,183,OFF LEFT BEND INTO OBJECT/PARKED VEHICLE,1,773563,Not at intersection,2,100,Local Road,MT BRIDE,YARRA RANGES,-37.823715,145.7385,2023,4,April,10,Midday,Weekend
T20230008029,2023-04-02,17:30:00,6,Vehicle overturned (no collision),7,Sunday,174,OUT OF CONTROL ON CARRIAGEWAY (ON STRAIGHT),2,769032,Cross intersection,3,80,Arterial Highway,BURWOOD,WHITEHORSE,-37.856525,145.1836,2023,4,April,17,Afternoon Peak,Weekend
T20230007728,2023-04-02,00:35:00,4,Collision with a fixed object,7,Sunday,171,LEFT OFF CARRIAGEWAY INTO OBJECT/PARKED VEHICLE,5,774033,Not at intersection,2,80,Arterial Other,BOWSER,WANGARATTA,-36.337013,146.34067,2023,4,April,0,Late Night,Weekend
T20230008562,2023-04-02,08:30:00,1,Collision with vehicle,7,Sunday,133,LANE SIDE SWIPE (VEHICLES IN PARALLEL LANES),1,771101,Not at intersection,3,80,Freeway,WEST GATE,MELBOURNE,-37.83299,144.91302,2023,4,April,8,Morning Peak,Weekend
T20230007783,2023-04-02,18:47:00,2,Struck Pedestrian,7,Sunday,108,PED STRUCK WALKING TO/FROM OR BOARDING/ALIGHTING VEHICLE.,6,765785,T intersection,3,60,Arterial Other,GLENFERRIE,STONNINGTON,-37.839363,145.03233,2023,4,April,18,Afternoon Peak,Weekend
T20230008695,2023-04-02,13:00:00,1,Collision with vehicle,7,Sunday,130,REAR END(VEHICLES IN SAME LANE),1,786788,Not at intersection,3,60,Arterial Other,DALTON,WHITTLESEA,-37.674656,145.03079,2023,4,April,13,Midday,Weekend
T20230007782,2023-04-02,17:45:00,1,Collision with vehicle,7,Sunday,121,RIGHT THROUGH,2,765286,Y intersection,2,80,Local Road,LUMEAH,MORNINGTON PENINSULA,-38.249004,145.23444,2023,4,April,17,Afternoon Peak,Weekend
T20230007759,2023-04-02,13:37:00,1,Collision with vehicle,7,Sunday,171,LEFT OFF CARRIAGEWAY INTO OBJECT/PARKED VEHICLE,1,787446,Not at intersection,2,60,Arterial Highway,MAIN,MOUNT ALEXANDER,-37.08106,144.25844,2023,4,April,13,Midday,Weekend
T20230007787,2023-04-02,15:56:00,4,Collision with a fixed object,7,Sunday,151,OUT OF CONTROL (OVERTAKING),1,765046,Not at intersection,3,80,Freeway,WEST GATE,HOBSONS BAY,-37.82569,144.83647,2023,4,April,15,Afternoon Peak,Weekend
T20230007780,2023-04-02,16:45:00,1,Collision with vehicle,7,Sunday,110,CROSS TRAFFIC(INTERSECTIONS ONLY),1,57416,Cross intersection,3,60,Arterial Other,GRANGE,DAREBIN,-37.768196,145.02707,2023,4,April,16,Afternoon Peak,Weekend
T20230007778,2023-04-02,00:30:00,1,Collision with vehicle,7,Sunday,133,LANE SIDE SWIPE (VEHICLES IN PARALLEL LANES),6,765045,Not at intersection,3,50,Local Road,SOMERVILLE,MARIBYRNONG,-37.813717,144.89139,2023,4,April,0,Late Night,Weekend
T20230007791,2023-04-02,17:45:00,1,Collision with vehicle,7,Sunday,130,REAR END(VEHICLES IN SAME LANE),2,776116,Not at intersection,2,60,Arterial Other,BAY,BAYSIDE,-37.954906,145.03032,2023,4,April,17,Afternoon Peak,Weekend
T20230007882,2023-04-03,18:57:00,1,Collision with vehicle,1,Monday,160,VEHICLE COLLIDES WITH VEHICLE PARKED ON LEFT OF ROAD,2,782277,Not at intersection,3,50,Local Road,LEACH,BANYULE,-37.704494,145.12123,2023,4,April,18,Afternoon Peak,Weekday
T20230012429,2023-04-03,09:15:00,1,Collision with vehicle,1,Monday,110,CROSS TRAFFIC(INTERSECTIONS ONLY),1,42570,Cross intersection,3,60,Arterial Other,POLICE,MONASH,-37.93499,145.17162,2023,4,April,9,Morning Peak,Weekday
T20230007885,2023-04-03,14:07:00,1,Collision with vehicle,1,Monday,113,RIGHT NEAR (INTERSECTIONS ONLY),1,52780,T intersection,2,60,Arterial Other,HOWITT,BALLARAT,-37.54168,143.84415,2023,4,April,14,Midday,Weekday
T20230007886,2023-04-03,18:15:00,1,Collision with vehicle,1,Monday,130,REAR END(VEHICLES IN SAME LANE),2,766240,Not at intersection,3,70,Arterial Other,BALLARAT,BRIMBANK,-37.770626,144.79231,2023,4,April,18,Afternoon Peak,Weekday
T20230007888,2023-04-03,15:50:00,1,Collision with vehicle,1,Monday,136,RIGHT TURN SIDESWIPE,1,43386,Cross intersection,2,60,Arterial Other,MURRAY,MORELAND,-37.735405,144.97746,2023,4,April,15,Afternoon Peak,Weekday
T20230007889,2023-04-03,16:30:00,4,Collision with a fixed object,1,Monday,173,RIGHT OFF CARRIAGEWAY INTO OBJECT/PARKED VEHICLE,1,337661,Not at intersection,3,60,Arterial Other,SYNNOT,WYNDHAM,-37.904068,144.65898,2023,4,April,16,Afternoon Peak,Weekday
T20230007890,2023-04-03,17:50:00,1,Collision with vehicle,1,Monday,110,CROSS TRAFFIC(INTERSECTIONS ONLY),2,53608,Cross intersection,3,60,Arterial Highway,MAIN,EAST GIPPSLAND,-37.828243,147.62187,2023,4,April,17,Afternoon Peak,Weekday
T20230007891,2023-04-03,18:38:00,1,Collision with vehicle,1,Monday,183,OFF LEFT BEND INTO OBJECT/PARKED VEHICLE,2,781565,Not at intersection,2,80,Arterial Other,PASCOE VALE,HUME,-37.661476,144.92322,2023,4,April,18,Afternoon Peak,Weekday
T20230007823,2023-04-03,09:40:00,1,Collision with vehicle,1,Monday,120,HEAD ON (NOT OVERTAKING),1,782275,Not at intersection,3,60,Local Road,ROWAN,WANGARATTA,-36.35027,146.30948,2023,4,April,9,Morning Peak,Weekday
T20230007896,2023-04-03,22:25:00,4,Collision with a fixed object,1,Monday,171,LEFT OFF CARRIAGEWAY INTO OBJECT/PARKED VEHICLE,3,766972,Not at intersection,2,70,Arterial Highway,PLENTY VALLEY,BANYULE,-37.69053,145.06448,2023,4,April,22,Night,Weekday
T20230007898,2023-04-03,22:31:00,1,Collision with vehicle,1,Monday,121,RIGHT THROUGH,3,774137,Cross intersection,2,80,Arterial Other,STUD,KNOX,-37.868942,145.23535,2023,4,April,22,Night,Weekday
T20230007899,2023-04-03,21:52:00,1,Collision with vehicle,1,Monday,137,LEFT TURN SIDESWIPE,3,775690,T intersection,3,50,Arterial Highway,RACECOURSE ROAD -SMITHFIELD,MELBOURNE,-37.78774,144.92517,2023,4,April,21,Night,Weekday
T20230009596,2023-04-03,12:00:00,1,Collision with vehicle,1,Monday,131,LEFT REAR,1,783046,Not at intersection,3,60,Arterial Other,HAWTHORN,GLEN EIRA,-37.90117,145.01923,2023,4,April,12,Midday,Weekday
T20230015751,2023-04-03,15:00:00,1,Collision with vehicle,1,Monday,139,OTHER SAME DIRECTION-MANOUEVRES NOT INCLUDED IN DCAs 130-137,1,776952,Not at intersection,3,80,Arterial Highway,FRANKSTON-DANDENONG,FRANKSTON,-38.10856,145.16272,2023,4,April,15,Afternoon Peak,Weekday
T20230008160,2023-04-03,17:33:00,1,Collision with vehicle,1,Monday,121,RIGHT THROUGH,1,346616,Multiple intersection,3,80,Freeway,PRINCES,CASEY,-38.02835,145.32202,2023,4,April,17,Afternoon Peak,Weekday
T20230008024,2023-04-03,16:25:00,1,Collision with vehicle,1,Monday,147,VEHICLE STRIKES ANOTHER VEH WHILE EMERGING FROM DRIVEWAY,1,263376,Not at intersection,3,70,Arterial Other,HIGH,MELTON,-37.689953,144.60342,2023,4,April,16,Afternoon Peak,Weekday