ACCIDENT_NO,ACCIDENT_DATE,ACCIDENT_TIME,ACCIDENT_TYPE,ACCIDENT_TYPE_DESC,DAY_OF_WEEK,DAY_WEEK_DESC,DCA_CODE,DCA_DESC,LIGHT_CONDITION,NODE_ID,ROAD_GEOMETRY_DESC,SEVERITY,SPEED_ZONE,RMA,ROAD_NAME,LGA_NAME,LATITUDE,LONGITUDE,YEAR,MONTH,MONTH_NAME,HOUR,TIME_PERIOD,DAY_TYPE
T20230009945,2023-04-03,12:00:00,1,Collision with vehicle,1,Monday,130,REAR END(VEHICLES IN SAME LANE),1,775352,Cross intersection,3,60,Local Road,RATHDOWNE,MELBOURNE,-37.80528,144.9692,2023,4,April,12,Midday,Weekday
T20230025538,2023-04-03,15:00:00,1,Collision with vehicle,1,Monday,111,RIGHT FAR (INTERSECTIONS ONLY),1,38305,Cross intersection,3,40,Arterial Other,PARKER,MANNINGHAM,-37.75674,145.11874,2023,4,April,15,Afternoon Peak,Weekday
T20230010574,2023-04-03,08:22:00,1,Collision with vehicle,1,Monday,130,REAR END(VEHICLES IN SAME LANE),1,784346,Not at intersection,3,100,Freeway,EASTERN,WHITEHORSE,-37.797497,145.1341,2023,4,April,8,Morning Peak,Weekday
T20230007827,2023-04-03,10:40:00,2,Struck Pedestrian,1,Monday,102,FAR SIDE. PED HIT BY VEHICLE FROM THE LEFT,1,57912,Cross intersection,2,60,Arterial Other,DONCASTER,BOROONDARA,-37.79333,145.0745,2023,4,April,10,Midday,Weekday
T20230007832,2023-04-03,06:15:00,1,Collision with vehicle,1,Monday,121,RIGHT THROUGH,2,42855,Cross intersection,2,80,Arterial Other,BOUNDARY,KINGSTON,-38.00083,145.1052,2023,4,April,6,Morning Peak,Weekday
T20230007834,2023-04-03,11:32:00,1,Collision with vehicle,1,Monday,160,VEHICLE COLLIDES WITH VEHICLE PARKED ON LEFT OF ROAD,1,782210,Not at intersection,2,60,Arterial Other,BLUFF,BAYSIDE,-37.95503,145.02043,2023,4,April,11,Midday,Weekday
T20230007835,2023-04-03,12:25:00,1,Collision with vehicle,1,Monday,169,OTHER ON PATH,1,766884,Not at intersection,2,60,Arterial Other,SPARROWHAWK,BENDIGO,-36.746773,144.2537,2023,4,April,12,Midday,Weekday
T20230007846,2023-04-03,13:36:00,4,Collision with a fixed object,1,Monday,173,RIGHT OFF CARRIAGEWAY INTO OBJECT/PARKED VEHICLE,1,784296,Not at intersection,3,50,Local Road,RUTHERFORD,BANYULE,-37.738308,145.09572,2023,4,April,13,Midday,Weekday
T20230007847,2023-04-03,12:55:00,1,Collision with vehicle,1,Monday,160,VEHICLE COLLIDES WITH VEHICLE PARKED ON LEFT OF ROAD,1,765787,Not at intersection,3,50,Local Road,PRINCES,SOUTH GIPPSLAND,-38.436607,145.8236,2023,4,April,12,Midday,Weekday
T20230007851,2023-04-03,13:48:00,2,Struck Pedestrian,1,Monday,101,PED EMERGES FROM IN FRONT OF PARKED OR STATIONARY VEHICLE,9,765898,Not at intersection,2,60,Arterial Other,GAFFNEY,MORELAND,-37.73285,144.9531,2023,4,April,13,Midday,Weekday
T20230007857,2023-04-03,11:50:00,1,Collision with vehicle,1,Monday,110,CROSS TRAFFIC(INTERSECTIONS ONLY),1,29970,Cross intersection,2,60,Arterial Highway,WYNDHAM,SHEPPARTON,-36.376972,145.40016,2023,4,April,11,Midday,Weekday
T20230007859,2023-04-03,14:35:00,1,Collision with vehicle,1,Monday,121,RIGHT THROUGH,1,40591,T intersection,3,60,Arterial Highway,WARRIGAL,BOROONDARA,-37.86367,145.09323,2023,4,April,14,Midday,Weekday
T20230015896,2023-04-03,20:15:00,1,Collision with vehicle,1,Monday,113,RIGHT NEAR (INTERSECTIONS ONLY),3,595601,T intersection,3,80,Local Road,PATTERSONS,CASEY,-38.119232,145.33122,2023,4,April,20,Night,Weekday
T20230007808,2023-04-03,08:20:00,1,Collision with vehicle,1,Monday,148,VEHICLE OFF FOOTPATH STRIKES VEH ON CARRIAGEWAY,1,50910,T intersection,3,60,Local Road,FELLTIMBER CREEK,WODONGA,-36.13284,146.84666,2023,4,April,8,Morning Peak,Weekday
T20230007812,2023-04-03,08:49:00,1,Collision with vehicle,1,Monday,121,RIGHT THROUGH,1,243613,Cross intersection,3,60,Freeway,PRINCES OUT-WERRIBEE MAIN,WYNDHAM,-37.92957,144.63586,2023,4,April,8,Morning Peak,Weekday
T20230007816,2023-04-03,07:15:00,1,Collision with vehicle,1,Monday,133,LANE SIDE SWIPE (VEHICLES IN PARALLEL LANES),1,778508,Not at intersection,3,100,Freeway,MORNINGTON PENINSULA,MORNINGTON PENINSULA,-38.3149,145.0145,2023,4,April,7,Morning Peak,Weekday
T20230007821,2023-04-03,08:40:00,1,Collision with vehicle,1,Monday,133,LANE SIDE SWIPE (VEHICLES IN PARALLEL LANES),1,767142,Not at intersection,2,100,Freeway,EASTLINK,KNOX,-37.894386,145.2146,2023,4,April,8,Morning Peak,Weekday
T20230007822,2023-04-03,10:35:00,4,Collision with a fixed object,1,Monday,141,U TURN INTO FIXED OBJECT/PARKED VEHICLE,1,784299,Not at intersection,3,50,Arterial Highway,HIGH,BENDIGO,-36.922142,144.70905,2023,4,April,10,Midday,Weekday
T20230007825,2023-04-03,09:50:00,1,Collision with vehicle,1,Monday,113,RIGHT NEAR (INTERSECTIONS ONLY),1,38673,Cross intersection,3,60,Arterial Other,MELBOURNE,HOBSONS BAY,-37.82925,144.88135,2023,4,April,9,Morning Peak,Weekday
T20230007801,2023-04-03,03:10:00,1,Collision with vehicle,1,Monday,130,REAR END(VEHICLES IN SAME LANE),3,775612,Not at intersection,3,60,Arterial Other,BRUNSWICK,YARRA,-37.78885,144.98007,2023,4,April,3,Late Night,Weekday
T20230007826,2023-04-03,06:35:00,1,Collision with vehicle,1,Monday,192,STRUCK TRAIN,1,765184,Not at intersection,1,50,Local Road,BARWON,GEELONG,-38.17462,144.36913,2023,4,April,6,Morning Peak,Weekday
T20230008222,2023-04-03,07:05:00,1,Collision with vehicle,1,Monday,130,REAR END(VEHICLES IN SAME LANE),1,766459,Not at intersection,3,100,Freeway,EASTERN,WHITEHORSE,-37.79727,145.13058,2023,4,April,7,Morning Peak,Weekday
T20230007956,2023-04-03,07:10:00,1,Collision with vehicle,1,Monday,130,REAR END(VEHICLES IN SAME LANE),1,769549,Not at intersection,3,80,Freeway,PRINCES IN-CLYDE,CASEY,-38.04639,145.34343,2023,4,April,7,Morning Peak,Weekday
T20230007869,2023-04-03,14:24:00,4,Collision with a fixed object,1,Monday,181,OFF RIGHT BEND INTO OBJECT/PARKED VEHICLE,1,765543,Not at intersection,2,50,Arterial Highway,OCEAN,SURF COAST,-38.52756,143.98305,2023,4,April,14,Midday,Weekday
T20230007871,2023-04-03,16:32:00,2,Struck Pedestrian,1,Monday,101,PED EMERGES FROM IN FRONT OF PARKED OR STATIONARY VEHICLE,1,38857,T intersection,3,60,Arterial Other,MAIN HURSTBRIDGE,NILLUMBIK,-37.673832,145.15599,2023,4,April,16,Afternoon Peak,Weekday
T20230007872,2023-04-03,16:27:00,1,Collision with vehicle,1,Monday,113,RIGHT NEAR (INTERSECTIONS ONLY),1,70959,T intersection,2,80,Arterial Other,GOVERNOR,KINGSTON,-38.01073,145.13237,2023,4,April,16,Afternoon Peak,Weekday
T20230007873,2023-04-03,15:15:00,1,Collision with vehicle,1,Monday,130,REAR END(VEHICLES IN SAME LANE),1,58056,T intersection,2,40,Arterial Other,KOO WEE RUP,CARDINIA,-38.1396,145.48863,2023,4,April,15,Afternoon Peak,Weekday
T20230007874,2023-04-03,07:30:00,2,Struck Pedestrian,1,Monday,100,PED NEAR SIDE. PED HIT BY VEHICLE FROM THE RIGHT.,9,36985,Cross intersection,3,40,Local Road,LONSDALE,MELBOURNE,-37.809402,144.97214,2023,4,April,7,Morning Peak,Weekday
T20230007878,2023-04-03,17:20:00,1,Collision with vehicle,1,Monday,160,VEHICLE COLLIDES WITH VEHICLE PARKED ON LEFT OF ROAD,1,765544,Not at intersection,3,50,Local Road,BENSONHURST,WYNDHAM,-37.887714,144.71417,2023,4,April,17,Afternoon Peak,Weekday
T20230014255,2023-04-04,21:00:00,1,Collision with vehicle,2,Tuesday,137,LEFT TURN SIDESWIPE,6,67655,T intersection,3,60,Arterial Other,HOTHAM,PORT PHILLIP,-37.861404,145.00093,2023,4,April,21,Night,Weekday
T20230014441,2023-04-04,16:05:00,1,Collision with vehicle,2,Tuesday,130,REAR END(VEHICLES IN SAME LANE),1,776223,Not at intersection,3,100,Freeway,CALDER,BRIMBANK,-37.718098,144.83847,2023,4,April,16,Afternoon Peak,Weekday
T20230007974,2023-04-04,16:35:00,1,Collision with vehicle,2,Tuesday,130,REAR END(VEHICLES IN SAME LANE),1,777686,Cross intersection,3,60,Arterial Other,DORSET,MAROONDAH,-37.799633,145.28983,2023,4,April,16,Afternoon Peak,Weekday
T20230007914,2023-04-04,05:16:00,1,Collision with vehicle,2,Tuesday,160,VEHICLE COLLIDES WITH VEHICLE PARKED ON LEFT OF ROAD,3,778011,Not at intersection,3,50,Local Road,OKEEFE,DAREBIN,-37.744076,145.01523,2023,4,April,5,Morning Peak,Weekday
T20230008669,2023-04-04,12:50:00,1,Collision with vehicle,2,Tuesday,135,LANE CHANGE LEFT (NOT OVERTAKING),9,346677,Cross intersection,3,50,Arterial Other,PEEL,MELBOURNE,-37.80589,144.95612,2023,4,April,12,Midday,Weekday
T20230010355,2023-04-04,08:20:00,1,Collision with vehicle,2,Tuesday,110,CROSS TRAFFIC(INTERSECTIONS ONLY),1,61077,Cross intersection,3,60,Local Road,SPENCER,BALLARAT,-37.60435,143.83817,2023,4,April,8,Morning Peak,Weekday
T20230007906,2023-04-04,02:30:00,1,Collision with vehicle,2,Tuesday,160,VEHICLE COLLIDES WITH VEHICLE PARKED ON LEFT OF ROAD,3,773911,Not at intersection,3,70,Arterial Other,KOROROIT CREEK,HOBSONS BAY,-37.85527,144.8642,2023,4,April,2,Late Night,Weekday
T20230008979,2023-04-04,06:15:00,3,Struck animal,2,Tuesday,167,STRUCK ANIMAL,2,768799,Not at intersection,3,100,Arterial Other,ARARAT-HALLS GAP,ARARAT,-37.291054,142.89722,2023,4,April,6,Morning Peak,Weekday
T20230007959,2023-04-04,06:45:00,1,Collision with vehicle,2,Tuesday,130,REAR END(VEHICLES IN SAME LANE),9,58046,Cross intersection,3,80,Freeway,CAROLINE SPRINGS BOULEVARD -WESTERN,MELTON,-37.755943,144.73969,2023,4,April,6,Morning Peak,Weekday
T20230007924,2023-04-04,09:45:00,6,Vehicle overturned (no collision),2,Tuesday,174,OUT OF CONTROL ON CARRIAGEWAY (ON STRAIGHT),1,775604,Not at intersection,2,50,Local Road,MURLONG,SWAN HILL,-35.343834,143.54356,2023,4,April,9,Morning Peak,Weekday
T20230008059,2023-04-04,13:30:00,1,Collision with vehicle,2,Tuesday,131,LEFT REAR,1,777354,Not at intersection,3,40,Local Road,BRIDGE INN,WHITTLESEA,-37.596436,145.05876,2023,4,April,13,Midday,Weekday
T20230007939,2023-04-04,12:05:00,1,Collision with vehicle,2,Tuesday,121,RIGHT THROUGH,1,38266,T intersection,2,70,Arterial Other,THOMPSONS,MANNINGHAM,-37.773796,145.09464,2023,4,April,12,Midday,Weekday
T20230008963,2023-04-04,20:32:00,1,Collision with vehicle,2,Tuesday,121,RIGHT THROUGH,2,282000,Cross intersection,3,80,Freeway,BURWOOD,KNOX,-37.86163,145.21243,2023,4,April,20,Night,Weekday
T20230009800,2023-04-04,15:43:00,2,Struck Pedestrian,2,Tuesday,101,PED EMERGES FROM IN FRONT OF PARKED OR STATIONARY VEHICLE,1,770988,Not at intersection,2,50,Local Road,LINSELL,CASEY,-38.102444,145.32074,2023,4,April,15,Afternoon Peak,Weekday
T20230007982,2023-04-04,18:00:00,1,Collision with vehicle,2,Tuesday,113,RIGHT NEAR (INTERSECTIONS ONLY),1,56746,T intersection,3,50,Local Road,LAURENS,MELBOURNE,-37.80217,144.94162,2023,4,April,18,Afternoon Peak,Weekday
T20230007915,2023-04-04,07:50:00,1,Collision with vehicle,2,Tuesday,130,REAR END(VEHICLES IN SAME LANE),1,252346,Cross intersection,3,60,Local Road,LEAKES,WYNDHAM,-37.836212,144.7088,2023,4,April,7,Morning Peak,Weekday
T20230007905,2023-04-04,05:39:00,1,Collision with vehicle,2,Tuesday,113,RIGHT NEAR (INTERSECTIONS ONLY),2,58039,T intersection,3,80,Arterial Other,PLENTY,WHITTLESEA,-37.613087,145.093,2023,4,April,5,Morning Peak,Weekday
T20230009035,2023-04-04,15:20:00,1,Collision with vehicle,2,Tuesday,147,VEHICLE STRIKES ANOTHER VEH WHILE EMERGING FROM DRIVEWAY,1,779737,Y intersection,3,40,Arterial Highway,PRINCES,CORANGAMITE,-38.242958,142.90752,2023,4,April,15,Afternoon Peak,Weekday
T20230009057,2023-04-04,08:45:00,1,Collision with vehicle,2,Tuesday,163,VEHICLE STRIKES DOOR OF PARKED/STATIONARY VEHICLE,1,780445,Not at intersection,3,60,Local Road,KENSINGTON,MELBOURNE,-37.799698,144.91801,2023,4,April,8,Morning Peak,Weekday
T20230007940,2023-04-04,12:11:00,4,Collision with a fixed object,2,Tuesday,173,RIGHT OFF CARRIAGEWAY INTO OBJECT/PARKED VEHICLE,1,787912,Not at intersection,2,60,Local Road,PROCTOR,BRIMBANK,-37.71223,144.78761,2023,4,April,12,Midday,Weekday
T20230007961,2023-04-04,13:55:00,1,Collision with vehicle,2,Tuesday,140,U TURN,1,778163,Not at intersection,3,100,Arterial Highway,HOPKINS,MOYNE,-38.12473,142.72244,2023,4,April,13,Midday,Weekday
T20230009283,2023-04-04,13:30:00,4,Collision with a fixed object,2,Tuesday,173,RIGHT OFF CARRIAGEWAY INTO OBJECT/PARKED VEHICLE,1,72036,Cross intersection,2,50,Local Road,HEARNE,GEELONG,-38.147984,144.37454,2023,4,April,13,Midday,Weekday
T20230007927,2023-04-04,12:00:00,1,Collision with vehicle,2,Tuesday,142,LEAVING PARKING,1,782278,Not at intersection,2,40,Local Road,STURT,BALLARAT,-37.56214,143.85828,2023,4,April,12,Midday,Weekday
T20230011331,2023-04-04,15:00:00,1,Collision with vehicle,2,Tuesday,130,REAR END(VEHICLES IN SAME LANE),1,774071,Not at intersection,3,80,Local Road,LEAKES,WYNDHAM,-37.842155,144.77141,2023,4,April,15,Afternoon Peak,Weekday
T20230008230,2023-04-04,07:46:00,1,Collision with vehicle,2,Tuesday,135,LANE CHANGE LEFT (NOT OVERTAKING),2,40485,T intersection,3,60,Arterial Other,CAMBERWELL,BOROONDARA,-37.842514,145.06946,2023,4,April,7,Morning Peak,Weekday
T20230007997,2023-04-04,05:50:00,1,Collision with vehicle,2,Tuesday,134,LANE CHANGE RIGHT (NOT OVERTAKING),5,765550,Not at intersection,2,100,Freeway,WESTERN RING,WYNDHAM,-37.824493,144.81195,2023,4,April,5,Morning Peak,Weekday
T20230008031,2023-04-04,19:15:00,1,Collision with vehicle,2,Tuesday,134,LANE CHANGE RIGHT (NOT OVERTAKING),3,769550,Not at intersection,3,60,Arterial Highway,PUNT,PORT PHILLIP,-37.856457,144.98273,2023,4,April,19,Night,Weekday
T20230007994,2023-04-04,21:42:00,1,Collision with vehicle,2,Tuesday,121,RIGHT THROUGH,3,1137,Cross intersection,3,70,Arterial Other,HUME HIGHWAY -SYDNEY,HUME,-37.643326,144.95116,2023,4,April,21,Night,Weekday
T20230007948,2023-04-04,12:40:00,1,Collision with vehicle,2,Tuesday,120,HEAD ON (NOT OVERTAKING),1,774432,Not at intersection,3,100,Local Road,MCFEETERS,INDIGO,-36.316975,146.65526,2023,4,April,12,Midday,Weekday
T20230007933,2023-04-04,11:40:00,4,Collision with a fixed object,2,Tuesday,179,OTHER ACCIDENTS-OFF STRAIGHT NOT INCLUDED IN DCAs 170-175,1,35475,T intersection,2,60,Arterial Other,MITCHAM,WHITEHORSE,-37.806416,145.19089,2023,4,April,11,Midday,Weekday
T20230007949,2023-04-04,12:17:00,8,No collision and no object struck,2,Tuesday,179,OTHER ACCIDENTS-OFF STRAIGHT NOT INCLUDED IN DCAs 170-175,1,766017,T intersection,2,60,Local Road,SPUR,MITCHELL,-37.301098,145.08098,2023,4,April,12,Midday,Weekday
T20230007934,2023-04-04,11:40:00,6,Vehicle overturned (no collision),2,Tuesday,180,OFF CARRIAGEWAY ON RIGHT BEND,1,774473,Not at intersection,3,100,Local Road,LLOWALONG,WELLINGTON,-37.90256,147.02425,2023,4,April,11,Midday,Weekday
T20230007992,2023-04-04,10:30:00,1,Collision with vehicle,2,Tuesday,130,REAR END(VEHICLES IN SAME LANE),1,43671,Cross intersection,3,50,Local Road,DUNCANS,WYNDHAM,-37.900948,144.66203,2023,4,April,10,Midday,Weekday
T20230007990,2023-04-04,21:15:00,1,Collision with vehicle,2,Tuesday,130,REAR END(VEHICLES IN SAME LANE),3,774035,Not at intersection,3,80,Arterial Other,MICKLEHAM,HUME,-37.640423,144.88065,2023,4,April,21,Night,Weekday
T20230007989,2023-04-04,18:57:00,1,Collision with vehicle,2,Tuesday,137,LEFT TURN SIDESWIPE,3,232235,T intersection,3,60,Arterial Other,HEIDELBERG,DAREBIN,-37.783764,145.01501,2023,4,April,18,Afternoon Peak,Weekday
T20230007986,2023-04-04,17:44:00,1,Collision with vehicle,2,Tuesday,110,CROSS TRAFFIC(INTERSECTIONS ONLY),3,787913,Cross intersection,3,80,Arterial Other,DIAMOND CREEK ROAD -GREENSBOROUGH,NILLUMBIK,-37.689243,145.11292,2023,4,April,17,Afternoon Peak,Weekday
T20230007981,2023-04-04,18:53:00,1,Collision with vehicle,2,Tuesday,140,U TURN,5,768393,Not at intersection,2,60,Arterial Other,CORANGAMITE LAKE,COLAC OTWAY,-38.28891,143.52255,2023,4,April,18,Afternoon Peak,Weekday
T20230007978,2023-04-04,17:54:00,1,Collision with vehicle,2,Tuesday,110,CROSS TRAFFIC(INTERSECTIONS ONLY),2,44394,Cross intersection,3,60,Local Road,BROWN,CARDINIA,-38.048187,145.41765,2023,4,April,17,Afternoon Peak,Weekday
T20230008004,2023-04-05,06:11:00,1,Collision with vehicle,3,Wednesday,130,REAR END(VEHICLES IN SAME LANE),2,773785,Not at intersection,2,80,Arterial Highway,PRINCES,GEELONG,-38.075314,144.36913,2023,4,April,6,Morning Peak,Weekday
T20230008074,2023-04-05,18:50:00,1,Collision with vehicle,3,Wednesday,130,REAR END(VEHICLES IN SAME LANE),3,766786,Cross intersection,2,70,Arterial Highway,NEPEAN,BAYSIDE,-37.93289,145.03415,2023,4,April,18,Afternoon Peak,Weekday
T20230008075,2023-04-05,17:00:00,1,Collision with vehicle,3,Wednesday,119,OTHER ADJACENT (INTERSECTIONS ONLY),1,773958,T intersection,3,60,Local Road,RECREATION,BALLARAT,-37.60405,143.87071,2023,4,April,17,Afternoon Peak,Weekday
T20230008092,2023-04-05,23:00:00,1,Collision with vehicle,3,Wednesday,111,RIGHT FAR (INTERSECTIONS ONLY),3,34518,Multiple intersection,3,60,Arterial Other,LINCOLN,MOONEE VALLEY,-37.74463,144.91008,2023,4,April,23,Night,Weekday
T20230008136,2023-04-05,10:55:00,1,Collision with vehicle,3,Wednesday,130,REAR END(VEHICLES IN SAME LANE),1,51584,T intersection,3,60,Local Road,CHARLESTON,BENDIGO,-36.752285,144.29425,2023,4,April,10,Midday,Weekday
T20230008639,2023-04-05,19:30:00,3,Struck animal,3,Wednesday,167,STRUCK ANIMAL,5,782708,Not at intersection,2,100,Local Road,HUNTLY-FOSTERVILLE,BENDIGO,-36.67868,144.36763,2023,4,April,19,Night,Weekday
T20230008053,2023-04-05,08:15:00,1,Collision with vehicle,3,Wednesday,133,LANE SIDE SWIPE (VEHICLES IN PARALLEL LANES),2,36579,Y intersection,2,60,Arterial Other,QUEENS,YARRA,-37.79081,144.98567,2023,4,April,8,Morning Peak,Weekday
T20230008005,2023-04-05,06:50:00,6,Vehicle overturned (no collision),3,Wednesday,180,OFF CARRIAGEWAY ON RIGHT BEND,1,772195,Not at intersection,2,80,Local Road,MEDHURST,YARRA RANGES,-37.718742,145.43509,2023,4,April,6,Morning Peak,Weekday
T20230008018,2023-04-05,09:50:00,2,Struck Pedestrian,3,Wednesday,100,PED NEAR SIDE. PED HIT BY VEHICLE FROM THE RIGHT.,1,57391,Cross intersection,2,60,Arterial Other,SYDNEY,MORELAND,-37.73399,144.96535,2023,4,April,9,Morning Peak,Weekday
T20230008174,2023-04-05,22:15:00,4,Collision with a fixed object,3,Wednesday,171,LEFT OFF CARRIAGEWAY INTO OBJECT/PARKED VEHICLE,3,774705,Not at intersection,3,50,Local Road,CASEY FIELDS,CASEY,-38.12099,145.30634,2023,4,April,22,Night,Weekday
T20230008016,2023-04-05,09:13:00,1,Collision with vehicle,3,Wednesday,112,LEFT FAR (INTERSECTIONS ONLY),1,42967,Cross intersection,2,60,Arterial Other,CHANDLER,DANDENONG,-37.96957,145.18663,2023,4,April,9,Morning Peak,Weekday
T20230008226,2023-04-05,21:00:00,1,Collision with vehicle,3,Wednesday,130,REAR END(VEHICLES IN SAME LANE),3,769551,Not at intersection,2,100,Freeway,MONASH,CASEY,-37.975758,145.23906,2023,4,April,21,Night,Weekday
T20230008229,2023-04-05,08:50:00,1,Collision with vehicle,3,Wednesday,130,REAR END(VEHICLES IN SAME LANE),1,767263,Not at intersection,3,40,Arterial Highway,MIDLAND,HEPBURN,-37.368896,144.03888,2023,4,April,8,Morning Peak,Weekday
T20230008065,2023-04-05,17:13:00,1,Collision with vehicle,3,Wednesday,121,RIGHT THROUGH,1,775349,T intersection,2,50,Local Road,CARBINE,BRIMBANK,-37.726685,144.79643,2023,4,April,17,Afternoon Peak,Weekday
T20230015357,2023-04-05,13:30:00,5,collision with some other object,3,Wednesday,171,LEFT OFF CARRIAGEWAY INTO OBJECT/PARKED VEHICLE,1,776680,Not at intersection,2,100,Local Road,AMPHITHEATRE,PYRENEES,-37.265804,143.38618,2023,4,April,13,Midday,Weekday
T20230008113,2023-04-05,20:15:00,3,Struck animal,3,Wednesday,167,STRUCK ANIMAL,5,782698,Not at intersection,3,100,Arterial Other,NHILL-JEPARIT,HINDMARSH,-36.173515,141.89072,2023,4,April,20,Night,Weekday
T20230010322,2023-04-05,13:00:00,1,Collision with vehicle,3,Wednesday,130,REAR END(VEHICLES IN SAME LANE),1,780543,Cross intersection,3,60,Arterial Other,PLENTY,WHITTLESEA,-37.65123,145.08801,2023,4,April,13,Midday,Weekday
T20230009992,2023-04-05,16:00:00,1,Collision with vehicle,3,Wednesday,121,RIGHT THROUGH,1,678416,T intersection,3,60,Arterial Other,MELTON-WERRIBEE,WYNDHAM,-37.86097,144.68593,2023,4,April,16,Afternoon Peak,Weekday
T20230008019,2023-04-05,08:00:00,1,Collision with vehicle,3,Wednesday,130,REAR END(VEHICLES IN SAME LANE),1,776938,Not at intersection,3,80,Arterial Other,CRANBOURNE,CASEY,-38.065372,145.29889,2023,4,April,8,Morning Peak,Weekday
T20230008115,2023-04-05,14:05:00,1,Collision with vehicle,3,Wednesday,163,VEHICLE STRIKES DOOR OF PARKED/STATIONARY VEHICLE,9,777314,Not at intersection,3,40,Arterial Other,CHAPEL,STONNINGTON,-37.836094,144.9963,2023,4,April,14,Midday,Weekday
T20230008707,2023-04-05,17:20:00,1,Collision with vehicle,3,Wednesday,130,REAR END(VEHICLES IN SAME LANE),1,788014,Not at intersection,3,70,Arterial Highway,NORTHERN,CAMPASPE,-36.18344,144.7285,2023,4,April,17,Afternoon Peak,Weekday
T20230008067,2023-04-05,15:20:00,1,Collision with vehicle,3,Wednesday,163,VEHICLE STRIKES DOOR OF PARKED/STATIONARY VEHICLE,1,780424,Not at intersection,3,60,Local Road,GLEN HUNTLY,GLEN EIRA,-37.886852,145.02158,2023,4,April,15,Afternoon Peak,Weekday
T20230008050,2023-04-05,07:45:00,4,Collision with a fixed object,3,Wednesday,171,LEFT OFF CARRIAGEWAY INTO OBJECT/PARKED VEHICLE,1,788005,T intersection,3,80,Arterial Highway,SOUTH GIPPSLAND,CASEY,-38.068638,145.26796,2023,4,April,7,Morning Peak,Weekday
T20230008049,2023-04-05,13:29:00,1,Collision with vehicle,3,Wednesday,130,REAR END(VEHICLES IN SAME LANE),1,774150,Not at intersection,3,80,Arterial Highway,PRINCES,DANDENONG,-37.947697,145.17268,2023,4,April,13,Midday,Weekday
T20230008047,2023-04-05,14:16:00,1,Collision with vehicle,3,Wednesday,121,RIGHT THROUGH,1,777676,T intersection,2,80,Local Road,UNNAMED,MITCHELL,-37.29399,144.93262,2023,4,April,14,Midday,Weekday
T20230008060,2023-04-05,14:05:00,1,Collision with vehicle,3,Wednesday,120,HEAD ON (NOT OVERTAKING),1,767374,Not at intersection,2,80,Local Road,CARDINIA,CARDINIA,-38.09228,145.43123,2023,4,April,14,Midday,Weekday
T20230008201,2023-04-05,08:50:00,1,Collision with vehicle,3,Wednesday,130,REAR END(VEHICLES IN SAME LANE),1,766677,Not at intersection,3,60,Arterial Other,PEEL,MELBOURNE,-37.805977,144.95587,2023,4,April,8,Morning Peak,Weekday
T20230008129,2023-04-05,17:40:00,1,Collision with vehicle,3,Wednesday,132,RIGHT REAR.,1,777346,Not at intersection,3,100,Arterial Highway,GOULBURN VALLEY,MITCHELL,-37.079773,145.19354,2023,4,April,17,Afternoon Peak,Weekday
T20230008033,2023-04-05,12:14:00,1,Collision with vehicle,3,Wednesday,130,REAR END(VEHICLES IN SAME LANE),1,780420,Not at intersection,3,80,Arterial Highway,NEPEAN,KINGSTON,-37.97248,145.06322,2023,4,April,12,Midday,Weekday
T20230008026,2023-04-05,11:50:00,1,Collision with vehicle,3,Wednesday,160,VEHICLE COLLIDES WITH VEHICLE PARKED ON LEFT OF ROAD,1,765789,Not at intersection,2,60,Arterial Other,QUEEN,BAW BAW,-38.166443,145.94019,2023,4,April,11,Midday,Weekday
T20230008025,2023-04-05,09:19:00,1,Collision with vehicle,3,Wednesday,140,U TURN,1,765788,Not at intersection,3,50,Local Road,MERNDA VILLAGE,WHITTLESEA,-37.59246,145.10071,2023,4,April,9,Morning Peak,Weekday
T20230016625,2023-04-05,13:35:00,1,Collision with vehicle,3,Wednesday,121,RIGHT THROUGH,1,777336,T intersection,3,80,Arterial Other,PRINCES,CARDINIA,-38.071945,145.48505,2023,4,April,13,Midday,Weekday
T20230008561,2023-04-05,15:35:00,1,Collision with vehicle,3,Wednesday,113,RIGHT NEAR (INTERSECTIONS ONLY),1,299672,T intersection,3,60,Arterial Other,CHANDLER,DANDENONG,-37.98075,145.18452,2023,4,April,15,Afternoon Peak,Weekday
T20230008103,2023-04-05,17:45:00,1,Collision with vehicle,3,Wednesday,110,CROSS TRAFFIC(INTERSECTIONS ONLY),1,53502,Cross intersection,3,80,Arterial Other,CURR,CAMPASPE,-36.3988,144.98236,2023,4,April,17,Afternoon Peak,Weekday
T20230008195,2023-04-05,23:20:00,1,Collision with vehicle,3,Wednesday,130,REAR END(VEHICLES IN SAME LANE),3,3116,Not at intersection,3,60,Arterial Other,SYDNEY,MORELAND,-37.72103,144.96326,2023,4,April,23,Night,Weekday
T20230008097,2023-04-06,06:45:00,1,Collision with vehicle,4,Thursday,119,OTHER ADJACENT (INTERSECTIONS ONLY),1,495,T intersection,3,60,Arterial Other,ELGAR,WHITEHORSE,-37.807774,145.11668,2023,4,April,6,Morning Peak,Weekday
T20230008099,2023-04-06,06:00:00,1,Collision with vehicle,4,Thursday,116,LEFT NEAR (INTERSECTIONS ONLY),2,788203,Cross intersection,2,100,Arterial Highway,PRINCES,EAST GIPPSLAND,-37.86573,147.49219,2023,4,April,6,Morning Peak,Weekday
T20230010480,2023-04-06,17:25:00,1,Collision with vehicle,4,Thursday,113,RIGHT NEAR (INTERSECTIONS ONLY),9,296639,T intersection,3,60,Arterial Other,BALLAN,WYNDHAM,-37.8645,144.60297,2023,4,April,17,Afternoon Peak,Weekday