ACCIDENT_NO,ACCIDENT_DATE,ACCIDENT_TIME,ACCIDENT_TYPE,ACCIDENT_TYPE_DESC,DAY_OF_WEEK,DAY_WEEK_DESC,DCA_CODE,DCA_DESC,LIGHT_CONDITION,NODE_ID,ROAD_GEOMETRY_DESC,SEVERITY,SPEED_ZONE,RMA,ROAD_NAME,LGA_NAME,LATITUDE,LONGITUDE,YEAR,MONTH,MONTH_NAME,HOUR,TIME_PERIOD,DAY_TYPE
T20230008177,2023-04-06,20:35:00,4,Collision with a fixed object,4,Thursday,179,OTHER ACCIDENTS-OFF STRAIGHT NOT INCLUDED IN DCAs 170-175,3,773761,Not at intersection,2,50,Local Road,BUSHS,BENDIGO,-36.76229,144.28336,2023,4,April,20,Night,Weekday
T20230008171,2023-04-06,17:37:00,1,Collision with vehicle,4,Thursday,135,LANE CHANGE LEFT (NOT OVERTAKING),1,696258,Not at intersection,3,100,Freeway,METROPOLITAN RING,WHITTLESEA,-37.687126,145.00298,2023,4,April,17,Afternoon Peak,Weekday
T20230008145,2023-04-06,16:00:00,1,Collision with vehicle,4,Thursday,113,RIGHT NEAR (INTERSECTIONS ONLY),1,672723,T intersection,3,70,Arterial Other,HIGH,MELTON,-37.683723,144.59486,2023,4,April,16,Afternoon Peak,Weekday
T20230008179,2023-04-06,19:35:00,4,Collision with a fixed object,4,Thursday,183,OFF LEFT BEND INTO OBJECT/PARKED VEHICLE,5,763147,Not at intersection,2,100,Local Road,WARRUMYEA,MOYNE,-38.303333,142.69588,2023,4,April,19,Night,Weekday
T20230008181,2023-04-06,18:40:00,1,Collision with vehicle,4,Thursday,130,REAR END(VEHICLES IN SAME LANE),3,782700,Not at intersection,2,100,Freeway,CALDER,MOONEE VALLEY,-37.728813,144.86636,2023,4,April,18,Afternoon Peak,Weekday
T20230008183,2023-04-06,16:35:00,1,Collision with vehicle,4,Thursday,160,VEHICLE COLLIDES WITH VEHICLE PARKED ON LEFT OF ROAD,1,688431,Not at intersection,3,50,Local Road,SEEBECK,CASEY,-38.05277,145.29066,2023,4,April,16,Afternoon Peak,Weekday
T20230008126,2023-04-06,07:43:00,4,Collision with a fixed object,4,Thursday,164,PERMANENT OBSTRUCTION ON CARRIAGEWAY,1,766124,Not at intersection,2,40,Arterial Other,SWAN,YARRA,-37.825016,144.99203,2023,4,April,7,Morning Peak,Weekday
T20230008127,2023-04-06,11:30:00,4,Collision with a fixed object,4,Thursday,151,OUT OF CONTROL (OVERTAKING),1,766675,Not at intersection,2,60,Arterial Other,BELGRAVE-GEMBROOK,YARRA RANGES,-37.91788,145.40274,2023,4,April,11,Midday,Weekday
T20230008510,2023-04-06,07:30:00,1,Collision with vehicle,4,Thursday,130,REAR END(VEHICLES IN SAME LANE),1,767265,Multiple intersection,3,80,Freeway,EASTLINK IN-HIGH STREET,KNOX,-37.876907,145.21196,2023,4,April,7,Morning Peak,Weekday
T20230008192,2023-04-06,19:15:00,4,Collision with a fixed object,4,Thursday,181,OFF RIGHT BEND INTO OBJECT/PARKED VEHICLE,5,775630,Not at intersection,2,100,Local Road,ODONOGHUE,INDIGO,-36.3041,146.63513,2023,4,April,19,Night,Weekday
T20230008193,2023-04-06,20:50:00,1,Collision with vehicle,4,Thursday,121,RIGHT THROUGH,3,229963,Cross intersection,3,70,Arterial Other,SAYERS,WYNDHAM,-37.852726,144.73128,2023,4,April,20,Night,Weekday
T20230008119,2023-04-06,09:40:00,1,Collision with vehicle,4,Thursday,130,REAR END(VEHICLES IN SAME LANE),1,767027,Not at intersection,2,80,Arterial Other,COOPER,WHITTLESEA,-37.648403,144.99118,2023,4,April,9,Morning Peak,Weekday
T20230008142,2023-04-06,15:00:00,4,Collision with a fixed object,4,Thursday,173,RIGHT OFF CARRIAGEWAY INTO OBJECT/PARKED VEHICLE,1,774184,Not at intersection,2,100,Arterial Highway,MURRAY VALLEY,CAMPASPE,-36.19905,144.98103,2023,4,April,15,Afternoon Peak,Weekday
T20230008530,2023-04-06,07:35:00,1,Collision with vehicle,4,Thursday,130,REAR END(VEHICLES IN SAME LANE),1,782707,Not at intersection,3,100,Freeway,MONASH,MONASH,-37.893703,145.13748,2023,4,April,7,Morning Peak,Weekday
T20230008220,2023-04-06,17:00:00,1,Collision with vehicle,4,Thursday,121,RIGHT THROUGH,1,35712,Cross intersection,3,50,Arterial Other,SYDNEY,MORELAND,-37.767048,144.96213,2023,4,April,17,Afternoon Peak,Weekday
T20230008141,2023-04-06,11:44:00,1,Collision with vehicle,4,Thursday,130,REAR END(VEHICLES IN SAME LANE),1,768388,Not at intersection,3,80,Arterial Other,MICKLEHAM,HUME,-37.632587,144.88187,2023,4,April,11,Midday,Weekday
T20230008138,2023-04-06,13:14:00,1,Collision with vehicle,4,Thursday,130,REAR END(VEHICLES IN SAME LANE),1,47645,T intersection,3,50,Local Road,CLARKE,YARRA RANGES,-37.759018,145.3509,2023,4,April,13,Midday,Weekday
T20230008120,2023-04-06,08:55:00,1,Collision with vehicle,4,Thursday,136,RIGHT TURN SIDESWIPE,1,766566,T intersection,2,60,Arterial Other,PARA,BANYULE,-37.723667,145.11295,2023,4,April,8,Morning Peak,Weekday
T20230013535,2023-04-06,03:20:00,4,Collision with a fixed object,4,Thursday,171,LEFT OFF CARRIAGEWAY INTO OBJECT/PARKED VEHICLE,3,775807,Not at intersection,3,60,Local Road,OHERNS,WHITTLESEA,-37.63401,144.9938,2023,4,April,3,Late Night,Weekday
T20230008123,2023-04-06,06:54:00,1,Collision with vehicle,4,Thursday,142,LEAVING PARKING,2,788040,Not at intersection,2,60,Arterial Highway,HIGH,BENDIGO,-36.776085,144.25417,2023,4,April,6,Morning Peak,Weekday
T20230008153,2023-04-06,17:25:00,1,Collision with vehicle,4,Thursday,133,LANE SIDE SWIPE (VEHICLES IN PARALLEL LANES),1,766243,Not at intersection,3,60,Arterial Other,BURKE,STONNINGTON,-37.877266,145.04793,2023,4,April,17,Afternoon Peak,Weekday
T20230008154,2023-04-06,17:39:00,4,Collision with a fixed object,4,Thursday,183,OFF LEFT BEND INTO OBJECT/PARKED VEHICLE,1,781215,Not at intersection,2,100,Arterial Highway,PYRENEES,ARARAT,-37.198147,143.09998,2023,4,April,17,Afternoon Peak,Weekday
T20230008155,2023-04-06,17:00:00,4,Collision with a fixed object,4,Thursday,171,LEFT OFF CARRIAGEWAY INTO OBJECT/PARKED VEHICLE,1,788226,Not at intersection,3,100,Freeway,PRINCES,CARDINIA,-38.068478,145.6153,2023,4,April,17,Afternoon Peak,Weekday
T20230014505,2023-04-06,23:14:00,4,Collision with a fixed object,4,Thursday,171,LEFT OFF CARRIAGEWAY INTO OBJECT/PARKED VEHICLE,3,776299,Not at intersection,3,80,Arterial Other,MELBOURNE,MACEDON RANGES,-37.49382,144.60458,2023,4,April,23,Night,Weekday
T20230008203,2023-04-06,07:30:00,2,Struck Pedestrian,4,Thursday,102,FAR SIDE. PED HIT BY VEHICLE FROM THE LEFT,1,766244,Cross intersection,2,50,Arterial Other,WHITEHALL,MARIBYRNONG,-37.80114,144.90608,2023,4,April,7,Morning Peak,Weekday
T20230008162,2023-04-06,14:50:00,1,Collision with vehicle,4,Thursday,113,RIGHT NEAR (INTERSECTIONS ONLY),1,36592,T intersection,2,40,Arterial Other,JOHNSTON,YARRA,-37.7992,144.98657,2023,4,April,14,Midday,Weekday
T20230008143,2023-04-06,13:41:00,1,Collision with vehicle,4,Thursday,134,LANE CHANGE RIGHT (NOT OVERTAKING),1,766242,Not at intersection,3,80,Freeway,METROPOLITAN RING OUT-HUME,WHITTLESEA,-37.688362,144.98318,2023,4,April,13,Midday,Weekday
T20230008163,2023-04-06,18:35:00,1,Collision with vehicle,4,Thursday,147,VEHICLE STRIKES ANOTHER VEH WHILE EMERGING FROM DRIVEWAY,3,49750,T intersection,2,50,Arterial Other,NORTH SHORE,GEELONG,-38.09901,144.3565,2023,4,April,18,Afternoon Peak,Weekday
T20230008164,2023-04-06,13:09:00,1,Collision with vehicle,4,Thursday,135,LANE CHANGE LEFT (NOT OVERTAKING),1,782699,Not at intersection,2,100,Freeway,GEELONG RING,GEELONG,-38.21639,144.28963,2023,4,April,13,Midday,Weekday
T20230008167,2023-04-06,20:24:00,4,Collision with a fixed object,4,Thursday,173,RIGHT OFF CARRIAGEWAY INTO OBJECT/PARKED VEHICLE,3,766676,Cross intersection,3,70,Arterial Other,WILLIAMSONS,MANNINGHAM,-37.782143,145.1238,2023,4,April,20,Night,Weekday
T20230008169,2023-04-06,19:03:00,1,Collision with vehicle,4,Thursday,132,RIGHT REAR.,3,34524,T intersection,3,60,Local Road,TAYLORS,MELTON,-37.723797,144.74881,2023,4,April,19,Night,Weekday
T20230008170,2023-04-06,20:00:00,4,Collision with a fixed object,4,Thursday,179,OTHER ACCIDENTS-OFF STRAIGHT NOT INCLUDED IN DCAs 170-175,3,773762,Not at intersection,2,50,Arterial Other,ARNOLD,BENDIGO,-36.749817,144.28297,2023,4,April,20,Night,Weekday
T20230008102,2023-04-06,06:11:00,1,Collision with vehicle,4,Thursday,160,VEHICLE COLLIDES WITH VEHICLE PARKED ON LEFT OF ROAD,9,783159,Not at intersection,3,60,Local Road,HUMFFRAY,BALLARAT,-37.55497,143.88103,2023,4,April,6,Morning Peak,Weekday
T20230008706,2023-04-06,07:30:00,1,Collision with vehicle,4,Thursday,163,VEHICLE STRIKES DOOR OF PARKED/STATIONARY VEHICLE,1,769303,Not at intersection,3,50,Local Road,MARY,PORT PHILLIP,-37.85859,144.97488,2023,4,April,7,Morning Peak,Weekday
T20230008151,2023-04-06,16:10:00,2,Struck Pedestrian,4,Thursday,100,PED NEAR SIDE. PED HIT BY VEHICLE FROM THE RIGHT.,1,774433,Not at intersection,2,80,Arterial Highway,PRINCES HIGHWAY,DANDENONG,-38.001377,145.23236,2023,4,April,16,Afternoon Peak,Weekday
T20230008133,2023-04-06,12:57:00,1,Collision with vehicle,4,Thursday,130,REAR END(VEHICLES IN SAME LANE),1,783166,Not at intersection,3,70,Arterial Other,HOPKINS,MELTON,-37.763786,144.70201,2023,4,April,12,Midday,Weekday
T20230008116,2023-04-06,10:46:00,2,Struck Pedestrian,4,Thursday,100,PED NEAR SIDE. PED HIT BY VEHICLE FROM THE RIGHT.,1,710526,Cross intersection,3,60,Arterial Other,MITCHAM,MANNINGHAM,-37.79641,145.1791,2023,4,April,10,Midday,Weekday
T20230009826,2023-04-06,20:00:00,1,Collision with vehicle,4,Thursday,113,RIGHT NEAR (INTERSECTIONS ONLY),9,8445,Cross intersection,3,80,Arterial Highway,SPRINGVALE,DANDENONG,-37.962154,145.15027,2023,4,April,20,Night,Weekday
T20230008611,2023-04-06,16:24:00,1,Collision with vehicle,4,Thursday,152,PULLING OUT (OVERTAKING),1,788225,Not at intersection,3,60,Arterial Highway,MAIN,MOUNT ALEXANDER,-37.07778,144.24811,2023,4,April,16,Afternoon Peak,Weekday
T20230008124,2023-04-06,08:11:00,1,Collision with vehicle,4,Thursday,130,REAR END(VEHICLES IN SAME LANE),1,768666,Not at intersection,3,80,Arterial Other,MT DUNEED,SURF COAST,-38.248394,144.33022,2023,4,April,8,Morning Peak,Weekday
T20230008105,2023-04-06,08:35:00,1,Collision with vehicle,4,Thursday,135,LANE CHANGE LEFT (NOT OVERTAKING),1,37951,T intersection,3,40,Local Road,DENNIS,DAREBIN,-37.765656,144.9994,2023,4,April,8,Morning Peak,Weekday
T20230008260,2023-04-07,19:14:00,4,Collision with a fixed object,5,Friday,173,RIGHT OFF CARRIAGEWAY INTO OBJECT/PARKED VEHICLE,3,775631,Not at intersection,2,60,Arterial Highway,SETTLEMENT,GEELONG,-38.164665,144.35027,2023,4,April,19,Night,Weekday
T20230012026,2023-04-07,22:20:00,4,Collision with a fixed object,5,Friday,181,OFF RIGHT BEND INTO OBJECT/PARKED VEHICLE,3,775459,Not at intersection,3,80,Local Road,DOCTORS GULLY,NILLUMBIK,-37.609318,145.17538,2023,4,April,22,Night,Weekday
T20230008291,2023-04-07,16:00:00,1,Collision with vehicle,5,Friday,147,VEHICLE STRIKES ANOTHER VEH WHILE EMERGING FROM DRIVEWAY,2,1063,Not at intersection,3,60,Arterial Highway,POINT NEPEAN,MORNINGTON PENINSULA,-38.35718,144.8999,2023,4,April,16,Afternoon Peak,Weekday
T20230008270,2023-04-07,23:40:00,4,Collision with a fixed object,5,Friday,199,UNKNOWN-NO DETAILS ON MANOEUVRES OF ROAD-USERS IN ACCIDENT,5,766679,Not at intersection,2,100,Arterial Highway,GOULBURN VALLEY,MURRINDINDI,-37.165024,145.51546,2023,4,April,23,Night,Weekday
T20230008197,2023-04-07,01:10:00,1,Collision with vehicle,5,Friday,121,RIGHT THROUGH,3,30407,Cross intersection,3,80,Arterial Other,MELTON,BRIMBANK,-37.693577,144.7565,2023,4,April,1,Late Night,Weekday
T20230008266,2023-04-07,22:34:00,6,Vehicle overturned (no collision),5,Friday,172,OFF CARRIAGEWAY TO RIGHT,6,770942,T intersection,2,70,Local Road,TARNEIT,WYNDHAM,-37.810364,144.67654,2023,4,April,22,Night,Weekday
T20230008256,2023-04-07,18:25:00,4,Collision with a fixed object,5,Friday,183,OFF LEFT BEND INTO OBJECT/PARKED VEHICLE,3,775889,Not at intersection,2,50,Local Road,ALKARA,GEELONG,-38.018646,144.4123,2023,4,April,18,Afternoon Peak,Weekday
T20230008198,2023-04-07,02:30:00,4,Collision with a fixed object,5,Friday,181,OFF RIGHT BEND INTO OBJECT/PARKED VEHICLE,3,774413,Multiple intersection,2,50,Local Road,CAMERON,GLENELG,-38.35029,141.59691,2023,4,April,2,Late Night,Weekday
T20240001799,2023-04-07,02:58:00,1,Collision with vehicle,5,Friday,130,REAR END(VEHICLES IN SAME LANE),3,337564,Cross intersection,3,80,Local Road,LEAKES,WYNDHAM,-37.837124,144.71951,2023,4,April,2,Late Night,Weekday
T20230008215,2023-04-07,10:36:00,2,Struck Pedestrian,5,Friday,101,PED EMERGES FROM IN FRONT OF PARKED OR STATIONARY VEHICLE,1,788206,Not at intersection,3,50,Local Road,GRAHAM,WANGARATTA,-36.365444,146.3226,2023,4,April,10,Midday,Weekday
T20230008223,2023-04-07,11:35:00,1,Collision with vehicle,5,Friday,121,RIGHT THROUGH,1,51650,Cross intersection,3,50,Arterial Other,MYRTLE,BENDIGO,-36.7653,144.27307,2023,4,April,11,Midday,Weekday
T20230008227,2023-04-07,12:39:00,1,Collision with vehicle,5,Friday,110,CROSS TRAFFIC(INTERSECTIONS ONLY),1,61524,Cross intersection,2,50,Local Road,ASH,WHITTLESEA,-37.67475,145.02701,2023,4,April,12,Midday,Weekday
T20230008228,2023-04-07,12:35:00,1,Collision with vehicle,5,Friday,113,RIGHT NEAR (INTERSECTIONS ONLY),1,766787,T intersection,2,70,Arterial Highway,NORTHERN,CAMPASPE,-36.151985,144.73085,2023,4,April,12,Midday,Weekday
T20230008951,2023-04-07,09:05:00,4,Collision with a fixed object,5,Friday,175,OFF END OF ROAD/T-INTERSECTION.,1,775606,T intersection,3,100,Local Road,HEXHAM-BALLANGEICH,MOYNE,-38.06229,142.61821,2023,4,April,9,Morning Peak,Weekday
T20230008456,2023-04-07,10:40:00,1,Collision with vehicle,5,Friday,130,REAR END(VEHICLES IN SAME LANE),1,777684,Cross intersection,3,60,Local Road,DALMORE,CARDINIA,-38.146126,145.4245,2023,4,April,10,Midday,Weekday
T20230008211,2023-04-07,06:20:00,3,Struck animal,5,Friday,167,STRUCK ANIMAL,1,766245,Not at intersection,3,80,Arterial Other,MARYBOROUGH-DUNOLLY,CENTRAL GOLDFIELDS,-37.01448,143.7542,2023,4,April,6,Morning Peak,Weekday
T20230008221,2023-04-07,11:00:00,1,Collision with vehicle,5,Friday,113,RIGHT NEAR (INTERSECTIONS ONLY),1,595601,T intersection,2,60,Local Road,PATTERSONS,CASEY,-38.119232,145.33122,2023,4,April,11,Midday,Weekday
T20230008235,2023-04-07,13:37:00,4,Collision with a fixed object,5,Friday,173,RIGHT OFF CARRIAGEWAY INTO OBJECT/PARKED VEHICLE,1,782701,Not at intersection,2,60,Local Road,MONASH,BRIMBANK,-37.789005,144.83595,2023,4,April,13,Midday,Weekday
T20230010230,2023-04-07,19:00:00,3,Struck animal,5,Friday,167,STRUCK ANIMAL,5,772220,Not at intersection,3,100,Local Road,TIPPETTS,GOLDEN PLAINS,-37.83483,143.80748,2023,4,April,19,Night,Weekday
T20230008237,2023-04-07,14:40:00,4,Collision with a fixed object,5,Friday,171,LEFT OFF CARRIAGEWAY INTO OBJECT/PARKED VEHICLE,1,17695,Cross intersection,3,100,Arterial Highway,DOWNEY,MURRINDINDI,-37.191624,145.70969,2023,4,April,14,Midday,Weekday
T20230008239,2023-04-07,14:00:00,4,Collision with a fixed object,5,Friday,181,OFF RIGHT BEND INTO OBJECT/PARKED VEHICLE,1,775314,Not at intersection,3,60,Arterial Other,MOUNT DANDENONG TOURIST,YARRA RANGES,-37.813087,145.37924,2023,4,April,14,Midday,Weekday
T20230008241,2023-04-07,14:08:00,1,Collision with vehicle,5,Friday,189,OTHER ACCIDENTS ON CURVE NOT INCLUDED IN DCAs 180-184,1,46595,T intersection,3,50,Local Road,MARTIN,CARDINIA,-38.06377,145.48824,2023,4,April,14,Midday,Weekday
T20230008242,2023-04-07,14:40:00,1,Collision with vehicle,5,Friday,121,RIGHT THROUGH,1,779591,Cross intersection,2,50,Local Road,CAMMS,CASEY,-38.098064,145.28311,2023,4,April,14,Midday,Weekday
T20230008343,2023-04-07,15:47:00,1,Collision with vehicle,5,Friday,130,REAR END(VEHICLES IN SAME LANE),1,775858,Not at intersection,3,70,Local Road,EVANS,CASEY,-38.059383,145.26233,2023,4,April,15,Afternoon Peak,Weekday
T20230008247,2023-04-07,17:20:00,1,Collision with vehicle,5,Friday,110,CROSS TRAFFIC(INTERSECTIONS ONLY),1,69142,Cross intersection,3,50,Local Road,DURRANT,BAYSIDE,-37.906734,145.0009,2023,4,April,17,Afternoon Peak,Weekday
T20230009519,2023-04-07,15:00:00,6,Vehicle overturned (no collision),5,Friday,174,OUT OF CONTROL ON CARRIAGEWAY (ON STRAIGHT),1,770472,Not at intersection,3,60,Arterial Other,LONGFORD-LOCH SPORT,WELLINGTON,-38.17768,147.12689,2023,4,April,15,Afternoon Peak,Weekday
T20230008258,2023-04-07,18:10:00,1,Collision with vehicle,5,Friday,173,RIGHT OFF CARRIAGEWAY INTO OBJECT/PARKED VEHICLE,3,788189,Not at intersection,2,50,Local Road,CAMERON,MONASH,-37.9222,145.08745,2023,4,April,18,Afternoon Peak,Weekday
T20230008259,2023-04-07,17:53:00,1,Collision with vehicle,5,Friday,181,OFF RIGHT BEND INTO OBJECT/PARKED VEHICLE,2,775846,Not at intersection,2,50,Local Road,DOUGLAS,HOBSONS BAY,-37.84687,144.89195,2023,4,April,17,Afternoon Peak,Weekday
T20230008200,2023-04-07,00:20:00,1,Collision with vehicle,5,Friday,120,HEAD ON (NOT OVERTAKING),3,54951,T intersection,2,50,Local Road,MICHEL,SHEPPARTON,-36.393944,145.41174,2023,4,April,0,Late Night,Weekday
T20230008314,2023-04-08,19:50:00,2,Struck Pedestrian,6,Saturday,102,FAR SIDE. PED HIT BY VEHICLE FROM THE LEFT,3,788227,Not at intersection,3,60,Arterial Other,SAYERS,WYNDHAM,-37.851944,144.72215,2023,4,April,19,Night,Weekend
T20230008922,2023-04-08,23:18:00,1,Collision with vehicle,6,Saturday,147,VEHICLE STRIKES ANOTHER VEH WHILE EMERGING FROM DRIVEWAY,6,770839,Not at intersection,2,60,Arterial Other,BARRY,HUME,-37.666447,144.94675,2023,4,April,23,Night,Weekend
T20230008400,2023-04-08,17:40:00,1,Collision with vehicle,6,Saturday,130,REAR END(VEHICLES IN SAME LANE),2,773722,Not at intersection,3,50,Local Road,ARTHURTON,DAREBIN,-37.76897,144.99591,2023,4,April,17,Afternoon Peak,Weekend
T20230009166,2023-04-08,16:00:00,1,Collision with vehicle,6,Saturday,110,CROSS TRAFFIC(INTERSECTIONS ONLY),1,769317,Cross intersection,3,50,Local Road,RYLANDES,HUME,-37.684628,144.88506,2023,4,April,16,Afternoon Peak,Weekend
T20230008274,2023-04-08,04:20:00,3,Struck animal,6,Saturday,167,STRUCK ANIMAL,2,770228,Not at intersection,3,80,Local Road,RAFTERY,SHEPPARTON,-36.43128,145.37076,2023,4,April,4,Late Night,Weekend
T20230008272,2023-04-08,04:57:00,1,Collision with vehicle,6,Saturday,163,VEHICLE STRIKES DOOR OF PARKED/STATIONARY VEHICLE,3,774454,Not at intersection,3,40,Arterial Other,SPENCER,MELBOURNE,-37.816845,144.95312,2023,4,April,4,Late Night,Weekend
T20230008289,2023-04-08,08:20:00,4,Collision with a fixed object,6,Saturday,173,RIGHT OFF CARRIAGEWAY INTO OBJECT/PARKED VEHICLE,1,770943,Not at intersection,3,100,Freeway,PRINCES,CARDINIA,-38.088955,145.50464,2023,4,April,8,Morning Peak,Weekend
T20230008288,2023-04-08,11:40:00,1,Collision with vehicle,6,Saturday,130,REAR END(VEHICLES IN SAME LANE),1,58615,T intersection,3,60,Local Road,EMERALD,WODONGA,-36.125298,146.85881,2023,4,April,11,Midday,Weekend
T20230010968,2023-04-08,13:20:00,1,Collision with vehicle,6,Saturday,130,REAR END(VEHICLES IN SAME LANE),1,776698,Not at intersection,3,100,Freeway,MONASH,MONASH,-37.88542,145.09946,2023,4,April,13,Midday,Weekend
T20230008325,2023-04-08,22:40:00,1,Collision with vehicle,6,Saturday,160,VEHICLE COLLIDES WITH VEHICLE PARKED ON LEFT OF ROAD,3,774726,Not at intersection,2,50,Local Road,VIEW,BRIMBANK,-37.739143,144.8049,2023,4,April,22,Night,Weekend
T20230008324,2023-04-08,09:15:00,1,Collision with vehicle,6,Saturday,160,VEHICLE COLLIDES WITH VEHICLE PARKED ON LEFT OF ROAD,9,773787,T intersection,3,50,Local Road,AILEEN,GLEN EIRA,-37.894283,145.0183,2023,4,April,9,Morning Peak,Weekend
T20230013248,2023-04-08,15:00:00,1,Collision with vehicle,6,Saturday,110,CROSS TRAFFIC(INTERSECTIONS ONLY),1,36362,Cross intersection,3,40,Local Road,DRUMMOND,YARRA,-37.7896,144.97035,2023,4,April,15,Afternoon Peak,Weekend
T20230008302,2023-04-08,15:30:00,1,Collision with vehicle,6,Saturday,147,VEHICLE STRIKES ANOTHER VEH WHILE EMERGING FROM DRIVEWAY,1,301470,Not at intersection,2,60,Arterial Other,BELGRAVE-HALLAM,CASEY,-38.004982,145.27362,2023,4,April,15,Afternoon Peak,Weekend
T20230008303,2023-04-08,15:25:00,4,Collision with a fixed object,6,Saturday,181,OFF RIGHT BEND INTO OBJECT/PARKED VEHICLE,1,782704,Not at intersection,3,80,Arterial Other,MOE-RAWSON,BAW BAW,-38.091972,146.30824,2023,4,April,15,Afternoon Peak,Weekend
T20230008304,2023-04-08,13:10:00,4,Collision with a fixed object,6,Saturday,181,OFF RIGHT BEND INTO OBJECT/PARKED VEHICLE,1,767174,Not at intersection,2,100,Arterial Other,LAVERS HILL-COBDEN,CORANGAMITE,-38.475605,143.21841,2023,4,April,13,Midday,Weekend
T20230008309,2023-04-08,16:44:00,1,Collision with vehicle,6,Saturday,120,HEAD ON (NOT OVERTAKING),1,775798,Not at intersection,2,80,Arterial Highway,MELBA,YARRA RANGES,-37.673515,145.38152,2023,4,April,16,Afternoon Peak,Weekend
T20230008310,2023-04-08,18:25:00,2,Struck Pedestrian,6,Saturday,100,PED NEAR SIDE. PED HIT BY VEHICLE FROM THE RIGHT.,3,766789,Cross intersection,3,40,Local Road,ELIZABETH,MELBOURNE,-37.808132,144.96036,2023,4,April,18,Afternoon Peak,Weekend
T20230012383,2023-04-08,12:00:00,2,Struck Pedestrian,6,Saturday,100,PED NEAR SIDE. PED HIT BY VEHICLE FROM THE RIGHT.,1,776049,Not at intersection,3,40,Local Road,RAYMOND,WELLINGTON,-38.106094,147.0655,2023,4,April,12,Midday,Weekend
T20230008297,2023-04-08,11:50:00,1,Collision with vehicle,6,Saturday,113,RIGHT NEAR (INTERSECTIONS ONLY),1,775400,Cross intersection,2,100,Arterial Other,LANCEFIELD-TOOBORAC,MITCHELL,-37.17359,144.74995,2023,4,April,11,Midday,Weekend
T20230008298,2023-04-08,11:16:00,1,Collision with vehicle,6,Saturday,130,REAR END(VEHICLES IN SAME LANE),1,766908,Not at intersection,3,80,Freeway,WEST GATE,MELBOURNE,-37.828396,144.92203,2023,4,April,11,Midday,Weekend
T20230008300,2023-04-08,12:30:00,1,Collision with vehicle,6,Saturday,147,VEHICLE STRIKES ANOTHER VEH WHILE EMERGING FROM DRIVEWAY,9,782703,Not at intersection,3,60,Local Road,TAYLORS,BRIMBANK,-37.727398,144.78064,2023,4,April,12,Midday,Weekend
T20230008459,2023-04-08,23:55:00,1,Collision with vehicle,6,Saturday,130,REAR END(VEHICLES IN SAME LANE),3,37768,Cross intersection,3,60,Arterial Other,TOORAK,STONNINGTON,-37.841305,145.01074,2023,4,April,23,Night,Weekend
T20230008282,2023-04-08,10:25:00,1,Collision with vehicle,6,Saturday,135,LANE CHANGE LEFT (NOT OVERTAKING),1,782702,Not at intersection,3,60,Arterial Highway,BRIGHTON,PORT PHILLIP,-37.881798,144.99573,2023,4,April,10,Midday,Weekend
T20230008281,2023-04-08,08:31:00,1,Collision with vehicle,6,Saturday,110,CROSS TRAFFIC(INTERSECTIONS ONLY),1,19418,Cross intersection,3,60,Arterial Highway,CALDER ALTERNATIVE,BENDIGO,-36.73569,144.13298,2023,4,April,8,Morning Peak,Weekend
T20230008477,2023-04-08,12:10:00,1,Collision with vehicle,6,Saturday,137,LEFT TURN SIDESWIPE,1,139993,Not at intersection,3,60,Arterial Highway,BELL,DAREBIN,-37.747124,145.0214,2023,4,April,12,Midday,Weekend
T20230008355,2023-04-08,19:44:00,1,Collision with vehicle,6,Saturday,163,VEHICLE STRIKES DOOR OF PARKED/STATIONARY VEHICLE,3,767019,Not at intersection,3,60,Arterial Other,RIVERSDALE,BOROONDARA,-37.828472,145.03186,2023,4,April,19,Night,Weekend
T20230009843,2023-04-09,19:45:00,1,Collision with vehicle,7,Sunday,131,LEFT REAR,2,35718,Not at intersection,3,60,Arterial Other,JOHNSTONE,HUME,-37.683914,144.91374,2023,4,April,19,Night,Weekend
T20230008366,2023-04-09,15:54:00,4,Collision with a fixed object,7,Sunday,183,OFF LEFT BEND INTO OBJECT/PARKED VEHICLE,1,781214,Not at intersection,3,100,Arterial Highway,WESTERN,PYRENEES,-37.433853,143.40085,2023,4,April,15,Afternoon Peak,Weekend
T20230008403,2023-04-09,12:30:00,4,Collision with a fixed object,7,Sunday,181,OFF RIGHT BEND INTO OBJECT/PARKED VEHICLE,1,769299,Not at intersection,3,60,Arterial Highway,GREAT ALPINE,ALPINE,-36.921677,147.06474,2023,4,April,12,Midday,Weekend
T20230008383,2023-04-09,23:10:00,1,Collision with vehicle,7,Sunday,113,RIGHT NEAR (INTERSECTIONS ONLY),3,40265,T intersection,3,60,Arterial Other,MALVERN,STONNINGTON,-37.85121,145.0269,2023,4,April,23,Night,Weekend
T20230008382,2023-04-09,19:12:00,4,Collision with a fixed object,7,Sunday,181,OFF RIGHT BEND INTO OBJECT/PARKED VEHICLE,5,769439,Not at intersection,1,80,Arterial Other,GRETA,WANGARATTA,-36.38282,146.30267,2023,4,April,19,Night,Weekend
T20230008381,2023-04-09,14:00:00,1,Collision with vehicle,7,Sunday,110,CROSS TRAFFIC(INTERSECTIONS ONLY),1,253525,Cross intersection,2,50,Local Road,CENTRAL PARK,HUME,-37.58892,144.90591,2023,4,April,14,Midday,Weekend
T20230008380,2023-04-09,20:20:00,1,Collision with vehicle,7,Sunday,120,HEAD ON (NOT OVERTAKING),3,767840,Not at intersection,2,70,Arterial Other,SHRIVES,CASEY,-38.031242,145.29784,2023,4,April,20,Night,Weekend
T20230008378,2023-04-09,20:20:00,4,Collision with a fixed object,7,Sunday,171,LEFT OFF CARRIAGEWAY INTO OBJECT/PARKED VEHICLE,3,775608,Not at intersection,2,60,Arterial Other,MOUNTAIN,KNOX,-37.837658,145.28552,2023,4,April,20,Night,Weekend