ACCIDENT_NO,ACCIDENT_DATE,ACCIDENT_TIME,ACCIDENT_TYPE,ACCIDENT_TYPE_DESC,DAY_OF_WEEK,DAY_WEEK_DESC,DCA_CODE,DCA_DESC,LIGHT_CONDITION,NODE_ID,ROAD_GEOMETRY_DESC,SEVERITY,SPEED_ZONE,RMA,ROAD_NAME,LGA_NAME,LATITUDE,LONGITUDE,YEAR,MONTH,MONTH_NAME,HOUR,TIME_PERIOD,DAY_TYPE
T20230008377,2023-04-09,20:00:00,1,Collision with vehicle,7,Sunday,130,REAR END(VEHICLES IN SAME LANE),3,767150,Not at intersection,3,80,Arterial Other,WELLINGTON,KNOX,-37.928852,145.26497,2023,4,April,20,Night,Weekend
T20230008375,2023-04-09,17:40:00,4,Collision with a fixed object,7,Sunday,181,OFF RIGHT BEND INTO OBJECT/PARKED VEHICLE,1,773788,Not at intersection,3,100,Arterial Highway,STRZELECKI,SOUTH GIPPSLAND,-38.358856,146.1881,2023,4,April,17,Afternoon Peak,Weekend
T20230008372,2023-04-09,16:42:00,4,Collision with a fixed object,7,Sunday,171,LEFT OFF CARRIAGEWAY INTO OBJECT/PARKED VEHICLE,1,788182,Not at intersection,3,80,Local Road,DOHERTYS,WYNDHAM,-37.813354,144.63692,2023,4,April,16,Afternoon Peak,Weekend
T20230008369,2023-04-09,16:17:00,1,Collision with vehicle,7,Sunday,113,RIGHT NEAR (INTERSECTIONS ONLY),1,302508,T intersection,3,80,Arterial Other,BERWICK-CRANBOURNE,CASEY,-38.118294,145.32361,2023,4,April,16,Afternoon Peak,Weekend
T20230008428,2023-04-09,19:15:00,4,Collision with a fixed object,7,Sunday,181,OFF RIGHT BEND INTO OBJECT/PARKED VEHICLE,5,783068,Not at intersection,3,100,Local Road,OLD SALE,BAW BAW,-38.089565,145.87856,2023,4,April,19,Night,Weekend
T20230010104,2023-04-09,01:30:00,1,Collision with vehicle,7,Sunday,120,HEAD ON (NOT OVERTAKING),3,775166,Not at intersection,3,40,Local Road,LINLITHGOW,MELBOURNE,-37.82203,144.974,2023,4,April,1,Late Night,Weekend
T20230008359,2023-04-09,14:22:00,1,Collision with vehicle,7,Sunday,130,REAR END(VEHICLES IN SAME LANE),1,777680,Cross intersection,3,40,Arterial Highway,NEPEAN,FRANKSTON,-38.145206,145.11995,2023,4,April,14,Midday,Weekend
T20230008347,2023-04-09,10:50:00,4,Collision with a fixed object,7,Sunday,181,OFF RIGHT BEND INTO OBJECT/PARKED VEHICLE,1,771820,Not at intersection,2,100,Arterial Other,DROUIN-KORUMBURRA,SOUTH GIPPSLAND,-38.366142,145.826,2023,4,April,10,Midday,Weekend
T20230008333,2023-04-09,03:22:00,4,Collision with a fixed object,7,Sunday,171,LEFT OFF CARRIAGEWAY INTO OBJECT/PARKED VEHICLE,3,775734,Not at intersection,2,70,Arterial Other,SYDNEY,HUME,-37.670006,144.95541,2023,4,April,3,Late Night,Weekend
T20230008331,2023-04-09,00:27:00,1,Collision with vehicle,7,Sunday,160,VEHICLE COLLIDES WITH VEHICLE PARKED ON LEFT OF ROAD,3,770461,Not at intersection,3,60,Arterial Other,SYDNEY,MORELAND,-37.721397,144.9633,2023,4,April,0,Late Night,Weekend
T20230008327,2023-04-09,01:00:00,4,Collision with a fixed object,7,Sunday,173,RIGHT OFF CARRIAGEWAY INTO OBJECT/PARKED VEHICLE,3,788267,Not at intersection,3,100,Freeway,MONASH,DANDENONG,-37.95528,145.21912,2023,4,April,1,Late Night,Weekend
T20230008386,2023-04-09,23:00:00,8,No collision and no object struck,7,Sunday,174,OUT OF CONTROL ON CARRIAGEWAY (ON STRAIGHT),3,778287,Not at intersection,2,50,Local Road,BRASSER,MORNINGTON PENINSULA,-38.33219,144.98795,2023,4,April,23,Night,Weekend
T20230008350,2023-04-09,12:16:00,1,Collision with vehicle,7,Sunday,121,RIGHT THROUGH,1,780432,T intersection,3,60,Freeway,SUNSHINE,BRIMBANK,-37.749863,144.83191,2023,4,April,12,Midday,Weekend
T20230008358,2023-04-09,14:45:00,1,Collision with vehicle,7,Sunday,130,REAR END(VEHICLES IN SAME LANE),1,776165,Not at intersection,3,100,Freeway,EASTLINK,DANDENONG,-38.00579,145.18987,2023,4,April,14,Midday,Weekend
T20230008384,2023-04-09,18:56:00,2,Struck Pedestrian,7,Sunday,102,FAR SIDE. PED HIT BY VEHICLE FROM THE LEFT,5,769996,Not at intersection,3,60,Arterial Other,PRINCES,WYNDHAM,-37.906643,144.64601,2023,4,April,18,Afternoon Peak,Weekend
T20230013140,2023-04-09,16:00:00,4,Collision with a fixed object,7,Sunday,173,RIGHT OFF CARRIAGEWAY INTO OBJECT/PARKED VEHICLE,1,781588,Not at intersection,3,60,Local Road,MOAR,SWAN HILL,-35.36559,143.52654,2023,4,April,16,Afternoon Peak,Weekend
T20230008741,2023-04-09,19:30:00,1,Collision with vehicle,7,Sunday,130,REAR END(VEHICLES IN SAME LANE),2,129938,T intersection,3,60,Local Road,RYLANDES,HUME,-37.68443,144.88322,2023,4,April,19,Night,Weekend
T20230008368,2023-04-09,14:55:00,4,Collision with a fixed object,7,Sunday,173,RIGHT OFF CARRIAGEWAY INTO OBJECT/PARKED VEHICLE,1,767608,Not at intersection,3,100,Local Road,SNOWGUM,GOLDEN PLAINS,-37.78638,143.70122,2023,4,April,14,Midday,Weekend
T20230008334,2023-04-09,03:10:00,1,Collision with vehicle,7,Sunday,130,REAR END(VEHICLES IN SAME LANE),3,294515,T intersection,2,60,Arterial Highway,QUEENS,PORT PHILLIP,-37.849503,144.97787,2023,4,April,3,Late Night,Weekend
T20230008360,2023-04-09,14:35:00,1,Collision with vehicle,7,Sunday,140,U TURN,1,768056,Not at intersection,3,60,Arterial Other,HIGHBURY,MONASH,-37.85547,145.11359,2023,4,April,14,Midday,Weekend
T20230012365,2023-04-10,14:00:00,6,Vehicle overturned (no collision),1,Monday,180,OFF CARRIAGEWAY ON RIGHT BEND,1,783158,Not at intersection,3,100,Arterial Other,GRAMPIANS,NORTHERN GRAMPIANS,-37.093716,142.62856,2023,4,April,14,Midday,Weekday
T20230008412,2023-04-10,12:40:00,2,Struck Pedestrian,1,Monday,100,PED NEAR SIDE. PED HIT BY VEHICLE FROM THE RIGHT.,1,767152,Cross intersection,3,70,Arterial Highway,PLENTY,WHITTLESEA,-37.694645,145.0602,2023,4,April,12,Midday,Weekday
T20230008404,2023-04-10,10:05:00,1,Collision with vehicle,1,Monday,113,RIGHT NEAR (INTERSECTIONS ONLY),1,775763,T intersection,2,100,Arterial Highway,BASS,BASS COAST,-38.47213,145.47484,2023,4,April,10,Midday,Weekday
T20230013624,2023-04-10,14:50:00,6,Vehicle overturned (no collision),1,Monday,174,OUT OF CONTROL ON CARRIAGEWAY (ON STRAIGHT),1,775826,Not at intersection,3,50,Local Road,CULGOA,CASEY,-38.223534,145.3081,2023,4,April,14,Midday,Weekday
T20230008401,2023-04-10,11:05:00,4,Collision with a fixed object,1,Monday,171,LEFT OFF CARRIAGEWAY INTO OBJECT/PARKED VEHICLE,1,775164,Not at intersection,2,60,Freeway,MIDDLEBOROUGH-EASTERN IN,WHITEHORSE,-37.79849,145.14,2023,4,April,11,Midday,Weekday
T20230008485,2023-04-10,13:15:00,1,Collision with vehicle,1,Monday,130,REAR END(VEHICLES IN SAME LANE),1,767378,Not at intersection,3,70,Freeway,WEST GATE,MELBOURNE,-37.833565,144.91096,2023,4,April,13,Midday,Weekday
T20230008624,2023-04-10,11:00:00,1,Collision with vehicle,1,Monday,119,OTHER ADJACENT (INTERSECTIONS ONLY),1,707633,T intersection,3,60,Local Road,HAMMOND,DANDENONG,-38.032173,145.20207,2023,4,April,11,Midday,Weekday
T20230008398,2023-04-10,09:25:00,1,Collision with vehicle,1,Monday,111,RIGHT FAR (INTERSECTIONS ONLY),1,37024,T intersection,3,60,Arterial Other,VICTORIA,YARRA,-37.809116,144.98645,2023,4,April,9,Morning Peak,Weekday
T20230008394,2023-04-10,06:17:00,4,Collision with a fixed object,1,Monday,173,RIGHT OFF CARRIAGEWAY INTO OBJECT/PARKED VEHICLE,2,335953,T intersection,2,60,Arterial Other,LOWER PLENTY,BANYULE,-37.733913,145.08069,2023,4,April,6,Morning Peak,Weekday
T20230008454,2023-04-10,23:30:00,4,Collision with a fixed object,1,Monday,181,OFF RIGHT BEND INTO OBJECT/PARKED VEHICLE,5,781213,Not at intersection,2,100,Arterial Highway,MELBA,MURRINDINDI,-37.30347,145.4624,2023,4,April,23,Night,Weekday
T20230008444,2023-04-10,23:35:00,1,Collision with vehicle,1,Monday,160,VEHICLE COLLIDES WITH VEHICLE PARKED ON LEFT OF ROAD,3,780438,T intersection,3,50,Local Road,BOLIVAR,WYNDHAM,-37.84242,144.74026,2023,4,April,23,Night,Weekday
T20230008443,2023-04-10,21:58:00,4,Collision with a fixed object,1,Monday,173,RIGHT OFF CARRIAGEWAY INTO OBJECT/PARKED VEHICLE,3,783583,Not at intersection,3,80,Arterial Highway,BASS,BASS COAST,-38.41132,145.52766,2023,4,April,21,Night,Weekday
T20230008440,2023-04-10,19:20:00,4,Collision with a fixed object,1,Monday,171,LEFT OFF CARRIAGEWAY INTO OBJECT/PARKED VEHICLE,3,777795,Not at intersection,2,50,Local Road,PARKSIDE,HUME,-37.570454,144.93625,2023,4,April,19,Night,Weekday
T20230008389,2023-04-10,02:42:00,4,Collision with a fixed object,1,Monday,151,OUT OF CONTROL (OVERTAKING),3,781659,Not at intersection,3,50,Local Road,BLACKWOOD PARK,KNOX,-37.903755,145.27975,2023,4,April,2,Late Night,Weekday
T20230008433,2023-04-10,19:46:00,4,Collision with a fixed object,1,Monday,181,OFF RIGHT BEND INTO OBJECT/PARKED VEHICLE,3,767492,Not at intersection,2,80,Freeway,METROPOLITAN RING OUT-GREENSBOROUGH,NILLUMBIK,-37.693527,145.09317,2023,4,April,19,Night,Weekday
T20230008431,2023-04-10,16:04:00,1,Collision with vehicle,1,Monday,130,REAR END(VEHICLES IN SAME LANE),1,770946,Not at intersection,3,50,Local Road,ANDERSON,BALLARAT,-37.566486,143.8594,2023,4,April,16,Afternoon Peak,Weekday
T20230008430,2023-04-10,16:40:00,1,Collision with vehicle,1,Monday,110,CROSS TRAFFIC(INTERSECTIONS ONLY),1,54361,Cross intersection,2,60,Arterial Other,KINGS,BRIMBANK,-37.69912,144.7806,2023,4,April,16,Afternoon Peak,Weekday
T20230008429,2023-04-10,16:41:00,1,Collision with vehicle,1,Monday,121,RIGHT THROUGH,1,62380,T intersection,3,60,Local Road,BRIDGE,MELTON,-37.716484,144.59998,2023,4,April,16,Afternoon Peak,Weekday
T20230009311,2023-04-10,18:45:00,1,Collision with vehicle,1,Monday,116,LEFT NEAR (INTERSECTIONS ONLY),2,38051,Cross intersection,3,60,Arterial Other,HEIDELBERG,DAREBIN,-37.7834,145.01738,2023,4,April,18,Afternoon Peak,Weekday
T20230008423,2023-04-10,16:11:00,6,Vehicle overturned (no collision),1,Monday,184,OUT OF CONTROL ON CARRIAGEWAY (ON BEND),1,767377,Not at intersection,3,100,Arterial Other,BEECHWORTH-CHILTERN,INDIGO,-36.334152,146.6878,2023,4,April,16,Afternoon Peak,Weekday
T20230008417,2023-04-10,12:38:00,4,Collision with a fixed object,1,Monday,183,OFF LEFT BEND INTO OBJECT/PARKED VEHICLE,1,770945,Not at intersection,3,60,Arterial Other,PASCOE VALE,HUME,-37.681854,144.91998,2023,4,April,12,Midday,Weekday
T20230008415,2023-04-10,11:30:00,4,Collision with a fixed object,1,Monday,181,OFF RIGHT BEND INTO OBJECT/PARKED VEHICLE,1,767227,Not at intersection,2,100,Arterial Highway,PRINCES,EAST GIPPSLAND,-37.579277,149.01369,2023,4,April,11,Midday,Weekday
T20230014237,2023-04-11,16:45:00,6,Vehicle overturned (no collision),2,Tuesday,174,OUT OF CONTROL ON CARRIAGEWAY (ON STRAIGHT),1,776255,T intersection,3,100,Local Road,NANKERVIS,WANGARATTA,-36.244938,146.5142,2023,4,April,16,Afternoon Peak,Weekday
T20230008501,2023-04-11,05:30:00,2,Struck Pedestrian,2,Tuesday,103,PED PLAYING/LYING/WORKING/STANDING ON CARRIAGEWAY.,2,776422,Not at intersection,3,50,Local Road,MULCAHY,CARDINIA,-38.058254,145.46048,2023,4,April,5,Morning Peak,Weekday
T20230008655,2023-04-11,08:00:00,1,Collision with vehicle,2,Tuesday,147,VEHICLE STRIKES ANOTHER VEH WHILE EMERGING FROM DRIVEWAY,9,772730,Not at intersection,3,50,Local Road,AMBER,CASEY,-37.99821,145.3151,2023,4,April,8,Morning Peak,Weekday
T20230008489,2023-04-11,08:35:00,1,Collision with vehicle,2,Tuesday,132,RIGHT REAR.,1,300547,T intersection,3,80,Arterial Other,MICKLEHAM,HUME,-37.547897,144.87943,2023,4,April,8,Morning Peak,Weekday
T20230008488,2023-04-11,11:11:00,4,Collision with a fixed object,2,Tuesday,171,LEFT OFF CARRIAGEWAY INTO OBJECT/PARKED VEHICLE,1,775609,Not at intersection,2,60,Arterial Other,HIGH,MANNINGHAM,-37.77437,145.1141,2023,4,April,11,Midday,Weekday
T20230011000,2023-04-11,15:14:00,1,Collision with vehicle,2,Tuesday,160,VEHICLE COLLIDES WITH VEHICLE PARKED ON LEFT OF ROAD,1,773983,Not at intersection,3,50,Local Road,ESTHER,WYNDHAM,-37.86044,144.72495,2023,4,April,15,Afternoon Peak,Weekday
T20230008468,2023-04-11,09:00:00,4,Collision with a fixed object,2,Tuesday,183,OFF LEFT BEND INTO OBJECT/PARKED VEHICLE,1,776399,Not at intersection,3,100,Local Road,LIND PARK,EAST GIPPSLAND,-37.537724,149.01477,2023,4,April,9,Morning Peak,Weekday
T20230008467,2023-04-11,11:17:00,1,Collision with vehicle,2,Tuesday,130,REAR END(VEHICLES IN SAME LANE),1,36241,T intersection,2,80,Arterial Highway,DANDENONG-HASTINGS,MORNINGTON PENINSULA,-38.26787,145.19565,2023,4,April,11,Midday,Weekday
T20230008465,2023-04-11,10:25:00,1,Collision with vehicle,2,Tuesday,130,REAR END(VEHICLES IN SAME LANE),1,45157,T intersection,2,60,Arterial Other,MILITARY,MOONEE VALLEY,-37.76216,144.86198,2023,4,April,10,Midday,Weekday
T20230008453,2023-04-11,07:41:00,1,Collision with vehicle,2,Tuesday,159,OTHER OVERTAKING MANOEUVRES NOT INCLUDED IN DCAs 150-154,1,768792,Not at intersection,2,60,Local Road,ESPLANADE,MORNINGTON PENINSULA,-38.21411,145.04474,2023,4,April,7,Morning Peak,Weekday
T20230008452,2023-04-11,05:45:00,1,Collision with vehicle,2,Tuesday,121,RIGHT THROUGH,3,782845,T intersection,1,80,Arterial Other,BERWICK-CRANBOURNE,CASEY,-38.093395,145.33221,2023,4,April,5,Morning Peak,Weekday
T20230008450,2023-04-11,01:00:00,6,Vehicle overturned (no collision),2,Tuesday,174,OUT OF CONTROL ON CARRIAGEWAY (ON STRAIGHT),5,766897,Not at intersection,1,50,Local Road,MCLENNAN,BENDIGO,-36.83941,144.69014,2023,4,April,1,Late Night,Weekday
T20230009086,2023-04-11,23:40:00,1,Collision with vehicle,2,Tuesday,123,RIGHT/LEFT. ONE VEH TURNING RIGHT THE OTHER LEFT.,3,340664,Multiple intersection,3,80,Freeway,SYDNEY,HUME,-37.691723,144.95857,2023,4,April,23,Night,Weekday
T20230008460,2023-04-11,07:30:00,1,Collision with vehicle,2,Tuesday,147,VEHICLE STRIKES ANOTHER VEH WHILE EMERGING FROM DRIVEWAY,2,769300,Not at intersection,3,60,Local Road,HEATHERDALE,WHITEHORSE,-37.82135,145.21335,2023,4,April,7,Morning Peak,Weekday
T20230008497,2023-04-11,14:25:00,1,Collision with vehicle,2,Tuesday,130,REAR END(VEHICLES IN SAME LANE),1,767718,Not at intersection,3,80,Arterial Other,BARWON HEADS,GEELONG,-38.256065,144.39688,2023,4,April,14,Midday,Weekday
T20230008496,2023-04-11,14:32:00,4,Collision with a fixed object,2,Tuesday,181,OFF RIGHT BEND INTO OBJECT/PARKED VEHICLE,1,167796,Not at intersection,2,100,Arterial Other,BEECHWORTH-WODONGA,WODONGA,-36.24682,146.82193,2023,4,April,14,Midday,Weekday
T20230008490,2023-04-11,13:45:00,2,Struck Pedestrian,2,Tuesday,100,PED NEAR SIDE. PED HIT BY VEHICLE FROM THE RIGHT.,1,767491,Cross intersection,2,60,Local Road,RUBICON,BALLARAT,-37.582256,143.84082,2023,4,April,13,Midday,Weekday
T20230012885,2023-04-11,13:30:00,4,Collision with a fixed object,2,Tuesday,173,RIGHT OFF CARRIAGEWAY INTO OBJECT/PARKED VEHICLE,1,781583,Not at intersection,3,80,Local Road,WALSHS,MANSFIELD,-37.16879,146.04492,2023,4,April,13,Midday,Weekday
T20230008539,2023-04-11,23:15:00,4,Collision with a fixed object,2,Tuesday,171,LEFT OFF CARRIAGEWAY INTO OBJECT/PARKED VEHICLE,3,70092,Not at intersection,3,60,Local Road,COLONSAY,DANDENONG,-37.9555,145.16089,2023,4,April,23,Night,Weekday
T20230008588,2023-04-11,10:30:00,1,Collision with vehicle,2,Tuesday,130,REAR END(VEHICLES IN SAME LANE),1,778608,Not at intersection,3,100,Local Road,BOWES,GOLDEN PLAINS,-37.638893,143.80368,2023,4,April,10,Midday,Weekday
T20230008537,2023-04-11,23:57:00,1,Collision with vehicle,2,Tuesday,169,OTHER ON PATH,3,782825,Not at intersection,2,50,Local Road,HAYFIELD,HUME,-37.61292,144.9202,2023,4,April,23,Night,Weekday
T20230008747,2023-04-11,15:00:00,1,Collision with vehicle,2,Tuesday,130,REAR END(VEHICLES IN SAME LANE),1,774100,Cross intersection,3,50,Local Road,YOUNG,FRANKSTON,-38.145332,145.12306,2023,4,April,15,Afternoon Peak,Weekday
T20230008531,2023-04-11,16:03:00,1,Collision with vehicle,2,Tuesday,111,RIGHT FAR (INTERSECTIONS ONLY),1,784395,T intersection,3,50,Arterial Highway,RACECOURSE,MOONEE VALLEY,-37.788746,144.93602,2023,4,April,16,Afternoon Peak,Weekday
T20230008519,2023-04-11,15:50:00,4,Collision with a fixed object,2,Tuesday,181,OFF RIGHT BEND INTO OBJECT/PARKED VEHICLE,1,768057,Not at intersection,3,100,Arterial Highway,PRINCES,EAST GIPPSLAND,-37.579483,149.0128,2023,4,April,15,Afternoon Peak,Weekday
T20230008518,2023-04-11,15:45:00,4,Collision with a fixed object,2,Tuesday,181,OFF RIGHT BEND INTO OBJECT/PARKED VEHICLE,1,784496,Not at intersection,2,80,Arterial Other,WELLS,KINGSTON,-38.014694,145.10426,2023,4,April,15,Afternoon Peak,Weekday
T20230008515,2023-04-11,16:10:00,1,Collision with vehicle,2,Tuesday,135,LANE CHANGE LEFT (NOT OVERTAKING),1,768915,Not at intersection,3,100,Freeway,WESTERN RING,HUME,-37.70307,144.89142,2023,4,April,16,Afternoon Peak,Weekday
T20230008514,2023-04-11,16:28:00,6,Vehicle overturned (no collision),2,Tuesday,170,OFF CARRIAGEWAY TO LEFT,1,783067,Not at intersection,3,100,Local Road,BEVERIDGES,SOUTHERN GRAMPIANS,-37.71106,142.03922,2023,4,April,16,Afternoon Peak,Weekday
T20230009118,2023-04-11,11:15:00,1,Collision with vehicle,2,Tuesday,130,REAR END(VEHICLES IN SAME LANE),1,775721,Not at intersection,3,100,Freeway,EASTLINK,MAROONDAH,-37.8261,145.21729,2023,4,April,11,Midday,Weekday
T20230008581,2023-04-11,20:30:00,4,Collision with a fixed object,2,Tuesday,183,OFF LEFT BEND INTO OBJECT/PARKED VEHICLE,3,776640,Not at intersection,2,60,Arterial Other,HEIDELBERG IN-HODDLE,YARRA,-37.78728,144.99544,2023,4,April,20,Night,Weekday
T20230008500,2023-04-11,15:00:00,1,Collision with vehicle,2,Tuesday,160,VEHICLE COLLIDES WITH VEHICLE PARKED ON LEFT OF ROAD,9,46952,T intersection,2,60,Arterial Other,STATION,WHITEHORSE,-37.80103,145.127,2023,4,April,15,Afternoon Peak,Weekday
T20230011032,2023-04-11,18:00:00,1,Collision with vehicle,2,Tuesday,130,REAR END(VEHICLES IN SAME LANE),3,241846,T intersection,3,60,Arterial Highway,PLENTY,DAREBIN,-37.7232,145.02954,2023,4,April,18,Afternoon Peak,Weekday
T20230008513,2023-04-11,17:00:00,4,Collision with a fixed object,2,Tuesday,173,RIGHT OFF CARRIAGEWAY INTO OBJECT/PARKED VEHICLE,1,788426,Cross intersection,3,60,Arterial Other,MURRAY,DAREBIN,-37.74014,145.02345,2023,4,April,17,Afternoon Peak,Weekday
T20230008508,2023-04-11,13:58:00,4,Collision with a fixed object,2,Tuesday,175,OFF END OF ROAD/T-INTERSECTION.,1,304839,T intersection,2,60,Arterial Highway,COLAC-BALLARAT,COLAC OTWAY,-38.02614,143.65433,2023,4,April,13,Midday,Weekday
T20230011415,2023-04-12,07:00:00,1,Collision with vehicle,3,Wednesday,130,REAR END(VEHICLES IN SAME LANE),2,774156,Not at intersection,3,60,Arterial Other,LOWER PLENTY,BANYULE,-37.7396,145.07077,2023,4,April,7,Morning Peak,Weekday
T20230008568,2023-04-12,00:30:00,1,Collision with vehicle,3,Wednesday,110,CROSS TRAFFIC(INTERSECTIONS ONLY),3,788434,Cross intersection,3,60,Arterial Other,PALMERS,WYNDHAM,-37.839424,144.74709,2023,4,April,0,Late Night,Weekday
T20230008573,2023-04-12,14:36:00,2,Struck Pedestrian,3,Wednesday,105,PED WALKING AGAINST TRAFFIC.,1,767487,Not at intersection,3,60,Arterial Other,HARP,BOROONDARA,-37.79942,145.05147,2023,4,April,14,Midday,Weekday
T20230022109,2023-04-12,11:15:00,1,Collision with vehicle,3,Wednesday,130,REAR END(VEHICLES IN SAME LANE),1,781872,Not at intersection,3,50,Local Road,RAILWAY,BENDIGO,-36.765312,144.28235,2023,4,April,11,Midday,Weekday
T20230008548,2023-04-12,08:25:00,1,Collision with vehicle,3,Wednesday,130,REAR END(VEHICLES IN SAME LANE),1,768392,Not at intersection,2,60,Local Road,FAIRBANK,KINGSTON,-37.94252,145.13414,2023,4,April,8,Morning Peak,Weekday
T20230008541,2023-04-12,05:45:00,8,No collision and no object struck,3,Wednesday,174,OUT OF CONTROL ON CARRIAGEWAY (ON STRAIGHT),3,767379,T intersection,2,60,Arterial Highway,RACECOURSE,MELBOURNE,-37.788345,144.93211,2023,4,April,5,Morning Peak,Weekday
T20230008543,2023-04-12,06:10:00,1,Collision with vehicle,3,Wednesday,113,RIGHT NEAR (INTERSECTIONS ONLY),2,315580,Cross intersection,3,80,Freeway,5799B 2996R,KNOX,-37.903374,145.2145,2023,4,April,6,Morning Peak,Weekday
T20230008590,2023-04-12,17:00:00,7,Fall from or in moving vehicle,3,Wednesday,190,FELL IN/FROM VEHICLE,2,767488,Not at intersection,2,100,Arterial Other,DIGGERS REST-COIMADAI,MELTON,-37.612335,144.5657,2023,4,April,17,Afternoon Peak,Weekday
T20230008702,2023-04-12,06:00:00,1,Collision with vehicle,3,Wednesday,130,REAR END(VEHICLES IN SAME LANE),3,776511,Not at intersection,3,60,Arterial Highway,WARRIGAL,MONASH,-37.909603,145.08524,2023,4,April,6,Morning Peak,Weekday
T20230011112,2023-04-12,10:30:00,4,Collision with a fixed object,3,Wednesday,171,LEFT OFF CARRIAGEWAY INTO OBJECT/PARKED VEHICLE,1,42862,Cross intersection,3,60,Arterial Other,CENTRE DANDENONG,KINGSTON,-37.975807,145.12256,2023,4,April,10,Midday,Weekday
T20230009294,2023-04-12,09:30:00,1,Collision with vehicle,3,Wednesday,130,REAR END(VEHICLES IN SAME LANE),1,35530,T intersection,3,60,Arterial Other,BLACKBURN,WHITEHORSE,-37.84811,145.15288,2023,4,April,9,Morning Peak,Weekday
T20230008605,2023-04-12,21:00:00,1,Collision with vehicle,3,Wednesday,130,REAR END(VEHICLES IN SAME LANE),3,35537,Cross intersection,3,80,Arterial Highway,NEPEAN,BAYSIDE,-37.886272,144.999,2023,4,April,21,Night,Weekday
T20230008606,2023-04-12,16:10:00,2,Struck Pedestrian,3,Wednesday,109,ANY MANOEUVRE INVOLVING PED NOT INCLUDED IN DCAs 100-108.,1,62109,Cross intersection,3,50,Local Road,BANFF,DAREBIN,-37.70497,145.02826,2023,4,April,16,Afternoon Peak,Weekday
T20230010689,2023-04-12,13:30:00,1,Collision with vehicle,3,Wednesday,199,UNKNOWN-NO DETAILS ON MANOEUVRES OF ROAD-USERS IN ACCIDENT,1,777275,T intersection,3,40,Local Road,SMITH,YARRA,-37.804203,144.98337,2023,4,April,13,Midday,Weekday
T20230008614,2023-04-12,22:48:00,1,Collision with vehicle,3,Wednesday,120,HEAD ON (NOT OVERTAKING),5,774282,Not at intersection,2,80,Local Road,WARNEET,CASEY,-38.215385,145.32945,2023,4,April,22,Night,Weekday
T20230008603,2023-04-12,19:17:00,1,Collision with vehicle,3,Wednesday,136,RIGHT TURN SIDESWIPE,5,55134,T intersection,3,80,Local Road,BLACKWELLS,HUME,-37.634796,144.81712,2023,4,April,19,Night,Weekday
T20230008592,2023-04-12,15:40:00,4,Collision with a fixed object,3,Wednesday,181,OFF RIGHT BEND INTO OBJECT/PARKED VEHICLE,1,767612,Not at intersection,3,100,Local Road,DEPTFORD,EAST GIPPSLAND,-37.70948,147.65736,2023,4,April,15,Afternoon Peak,Weekday
T20230009028,2023-04-12,22:40:00,4,Collision with a fixed object,3,Wednesday,171,LEFT OFF CARRIAGEWAY INTO OBJECT/PARKED VEHICLE,3,62635,T intersection,3,50,Local Road,COLLINSON,BRIMBANK,-37.72644,144.85681,2023,4,April,22,Night,Weekday
T20230008829,2023-04-12,19:30:00,2,Struck Pedestrian,3,Wednesday,102,FAR SIDE. PED HIT BY VEHICLE FROM THE LEFT,6,228,Cross intersection,3,60,Arterial Highway,POWER,MELBOURNE,-37.824577,144.96375,2023,4,April,19,Night,Weekday
T20230008552,2023-04-12,07:26:00,4,Collision with a fixed object,3,Wednesday,171,LEFT OFF CARRIAGEWAY INTO OBJECT/PARKED VEHICLE,1,767489,Not at intersection,2,60,Local Road,OLLERTON,LATROBE,-38.181717,146.2791,2023,4,April,7,Morning Peak,Weekday
T20230008558,2023-04-12,06:50:00,1,Collision with vehicle,3,Wednesday,130,REAR END(VEHICLES IN SAME LANE),1,769301,Not at intersection,3,80,Arterial Highway,WESTERN PORT,FRANKSTON,-38.111984,145.23247,2023,4,April,6,Morning Peak,Weekday
T20230008806,2023-04-12,12:00:00,1,Collision with vehicle,3,Wednesday,130,REAR END(VEHICLES IN SAME LANE),1,768276,Cross intersection,3,70,Local Road,SAYERS,WYNDHAM,-37.84639,144.66959,2023,4,April,12,Midday,Weekday
T20230008567,2023-04-12,12:02:00,1,Collision with vehicle,3,Wednesday,121,RIGHT THROUGH,1,777996,Cross intersection,3,80,Local Road,CHISHOLM,MELTON,-37.759445,144.7484,2023,4,April,12,Midday,Weekday
T20230008615,2023-04-13,05:34:00,1,Collision with vehicle,4,Thursday,135,LANE CHANGE LEFT (NOT OVERTAKING),3,769302,Not at intersection,3,80,Freeway,CITYLINK,YARRA,-37.830368,145.0164,2023,4,April,5,Morning Peak,Weekday
T20230008645,2023-04-13,09:10:00,1,Collision with vehicle,4,Thursday,148,VEHICLE OFF FOOTPATH STRIKES VEH ON CARRIAGEWAY,1,326348,Not at intersection,3,40,Local Road,BOWEN,MELBOURNE,-37.77995,144.96283,2023,4,April,9,Morning Peak,Weekday
T20230009508,2023-04-13,08:15:00,4,Collision with a fixed object,4,Thursday,173,RIGHT OFF CARRIAGEWAY INTO OBJECT/PARKED VEHICLE,1,772860,Not at intersection,3,80,Local Road,MOYSTON WEST,ARARAT,-37.28275,142.68915,2023,4,April,8,Morning Peak,Weekday
T20230008642,2023-04-13,12:36:00,9,Other accident,4,Thursday,139,OTHER SAME DIRECTION-MANOUEVRES NOT INCLUDED IN DCAs 130-137,1,768413,Not at intersection,2,50,Local Road,BORONIA,MELTON,-37.702072,144.73438,2023,4,April,12,Midday,Weekday