ACCIDENT_NO,ACCIDENT_DATE,ACCIDENT_TIME,ACCIDENT_TYPE,ACCIDENT_TYPE_DESC,DAY_OF_WEEK,DAY_WEEK_DESC,DCA_CODE,DCA_DESC,LIGHT_CONDITION,NODE_ID,ROAD_GEOMETRY_DESC,SEVERITY,SPEED_ZONE,RMA,ROAD_NAME,LGA_NAME,LATITUDE,LONGITUDE,YEAR,MONTH,MONTH_NAME,HOUR,TIME_PERIOD,DAY_TYPE
T20230008637,2023-04-13,09:15:00,1,Collision with vehicle,4,Thursday,121,RIGHT THROUGH,1,20017,Cross intersection,3,60,Arterial Highway,HIGH,BENDIGO,-36.76339,144.27068,2023,4,April,9,Morning Peak,Weekday
T20230008635,2023-04-13,07:24:00,4,Collision with a fixed object,4,Thursday,181,OFF RIGHT BEND INTO OBJECT/PARKED VEHICLE,1,777138,Not at intersection,2,100,Arterial Other,MAFFRA-ROSEDALE,WELLINGTON,-38.007717,146.88036,2023,4,April,7,Morning Peak,Weekday
T20230008667,2023-04-13,17:20:00,1,Collision with vehicle,4,Thursday,110,CROSS TRAFFIC(INTERSECTIONS ONLY),2,35957,Cross intersection,3,60,Local Road,BLYTH,MORELAND,-37.765587,144.96332,2023,4,April,17,Afternoon Peak,Weekday
T20230008632,2023-04-13,10:22:00,1,Collision with vehicle,4,Thursday,130,REAR END(VEHICLES IN SAME LANE),1,777632,Not at intersection,3,70,Arterial Highway,BALLARAT,GEELONG,-38.120384,144.33403,2023,4,April,10,Midday,Weekday
T20230008631,2023-04-13,09:40:00,1,Collision with vehicle,4,Thursday,121,RIGHT THROUGH,1,43824,Y intersection,3,80,Arterial Other,MONBULK,YARRA RANGES,-37.832355,145.42937,2023,4,April,9,Morning Peak,Weekday
T20230008629,2023-04-13,09:30:00,1,Collision with vehicle,4,Thursday,110,CROSS TRAFFIC(INTERSECTIONS ONLY),1,768272,Cross intersection,3,80,Arterial Other,SOMERTON,HUME,-37.62959,144.83643,2023,4,April,9,Morning Peak,Weekday
T20230008628,2023-04-13,06:44:00,1,Collision with vehicle,4,Thursday,130,REAR END(VEHICLES IN SAME LANE),2,778338,T intersection,3,60,Local Road,DOUGLAS,DANDENONG,-37.973343,145.18459,2023,4,April,6,Morning Peak,Weekday
T20230008617,2023-04-13,06:25:00,2,Struck Pedestrian,4,Thursday,102,FAR SIDE. PED HIT BY VEHICLE FROM THE LEFT,2,767613,Not at intersection,3,60,Local Road,EAST ESPLANADE,BRIMBANK,-37.729073,144.79396,2023,4,April,6,Morning Peak,Weekday
T20230008620,2023-04-13,08:56:00,1,Collision with vehicle,4,Thursday,147,VEHICLE STRIKES ANOTHER VEH WHILE EMERGING FROM DRIVEWAY,1,768536,Not at intersection,3,60,Local Road,LAWRENCE,WODONGA,-36.126675,146.90459,2023,4,April,8,Morning Peak,Weekday
T20230009766,2023-04-13,18:50:00,1,Collision with vehicle,4,Thursday,110,CROSS TRAFFIC(INTERSECTIONS ONLY),6,770985,Cross intersection,2,50,Local Road,LEXTON,WHITEHORSE,-37.811802,145.13342,2023,4,April,18,Afternoon Peak,Weekday
T20230008668,2023-04-13,17:49:00,4,Collision with a fixed object,4,Thursday,171,LEFT OFF CARRIAGEWAY INTO OBJECT/PARKED VEHICLE,2,777039,Not at intersection,3,60,Arterial Highway,HIGH,BENDIGO,-36.78192,144.24867,2023,4,April,17,Afternoon Peak,Weekday
T20230009765,2023-04-13,12:30:00,2,Struck Pedestrian,4,Thursday,103,PED PLAYING/LYING/WORKING/STANDING ON CARRIAGEWAY.,1,781210,Not at intersection,2,50,Local Road,ROSE,STONNINGTON,-37.85076,145.01512,2023,4,April,12,Midday,Weekday
T20230008687,2023-04-13,15:42:00,1,Collision with vehicle,4,Thursday,121,RIGHT THROUGH,1,769997,T intersection,3,60,Local Road,OFFICER SOUTH,CARDINIA,-38.071983,145.40697,2023,4,April,15,Afternoon Peak,Weekday
T20230008651,2023-04-13,14:15:00,1,Collision with vehicle,4,Thursday,110,CROSS TRAFFIC(INTERSECTIONS ONLY),1,35654,Cross intersection,2,80,Local Road,PEARCEDALE,CASEY,-38.1872,145.23802,2023,4,April,14,Midday,Weekday
T20230010412,2023-04-13,14:00:00,1,Collision with vehicle,4,Thursday,134,LANE CHANGE RIGHT (NOT OVERTAKING),1,35463,Cross intersection,3,80,Arterial Other,CANTERBURY,BOROONDARA,-37.825947,145.09723,2023,4,April,14,Midday,Weekday
T20230009078,2023-04-13,17:30:00,1,Collision with vehicle,4,Thursday,130,REAR END(VEHICLES IN SAME LANE),1,769561,Not at intersection,3,100,Freeway,WESTERN RING,BRIMBANK,-37.806747,144.80783,2023,4,April,17,Afternoon Peak,Weekday
T20230008685,2023-04-13,21:38:00,1,Collision with vehicle,4,Thursday,169,OTHER ON PATH,3,774099,Not at intersection,3,50,Local Road,FULHAM,DAREBIN,-37.77678,145.02667,2023,4,April,21,Night,Weekday
T20230008680,2023-04-13,18:40:00,1,Collision with vehicle,4,Thursday,130,REAR END(VEHICLES IN SAME LANE),3,44918,Cross intersection,3,70,Arterial Other,BALLARAT,BRIMBANK,-37.77081,144.77812,2023,4,April,18,Afternoon Peak,Weekday
T20230008619,2023-04-13,07:42:00,1,Collision with vehicle,4,Thursday,116,LEFT NEAR (INTERSECTIONS ONLY),1,768535,T intersection,2,50,Local Road,MARNIE,BENDIGO,-36.786045,144.30951,2023,4,April,7,Morning Peak,Weekday
T20230008627,2023-04-13,06:50:00,4,Collision with a fixed object,4,Thursday,171,LEFT OFF CARRIAGEWAY INTO OBJECT/PARKED VEHICLE,1,776176,Not at intersection,2,60,Arterial Other,MT DANDENONG,YARRA RANGES,-37.807503,145.32622,2023,4,April,6,Morning Peak,Weekday
T20230008713,2023-04-13,12:50:00,1,Collision with vehicle,4,Thursday,140,U TURN,1,787879,Not at intersection,3,60,Arterial Other,WANTIRNA,MAROONDAH,-37.83069,145.22719,2023,4,April,12,Midday,Weekday
T20230008679,2023-04-13,18:42:00,2,Struck Pedestrian,4,Thursday,101,PED EMERGES FROM IN FRONT OF PARKED OR STATIONARY VEHICLE,3,767846,T intersection,3,40,Arterial Other,JOHNSTON,YARRA,-37.800037,144.99496,2023,4,April,18,Afternoon Peak,Weekday
T20230010173,2023-04-13,16:00:00,1,Collision with vehicle,4,Thursday,130,REAR END(VEHICLES IN SAME LANE),1,780507,Cross intersection,3,60,Arterial Other,SYDNEY,MORELAND,-37.73394,144.96532,2023,4,April,16,Afternoon Peak,Weekday
T20230009501,2023-04-13,12:36:00,1,Collision with vehicle,4,Thursday,130,REAR END(VEHICLES IN SAME LANE),1,770242,Cross intersection,3,60,Arterial Highway,FRANKSTON-DANDENONG,DANDENONG,-38.003986,145.21747,2023,4,April,12,Midday,Weekday
T20230008649,2023-04-13,14:20:00,1,Collision with vehicle,4,Thursday,147,VEHICLE STRIKES ANOTHER VEH WHILE EMERGING FROM DRIVEWAY,1,770230,Not at intersection,2,80,Arterial Other,STUD,KNOX,-37.854084,145.24307,2023,4,April,14,Midday,Weekday
T20230010348,2023-04-13,19:20:00,1,Collision with vehicle,4,Thursday,130,REAR END(VEHICLES IN SAME LANE),3,251622,Cross intersection,3,60,Arterial Other,PRINCES,CARDINIA,-38.056442,145.3894,2023,4,April,19,Night,Weekday
T20230008646,2023-04-13,09:30:00,1,Collision with vehicle,4,Thursday,120,HEAD ON (NOT OVERTAKING),1,773959,Not at intersection,3,60,Local Road,DOHERTYS,WYNDHAM,-37.81721,144.67235,2023,4,April,9,Morning Peak,Weekday
T20230013347,2023-04-13,14:30:00,1,Collision with vehicle,4,Thursday,133,LANE SIDE SWIPE (VEHICLES IN PARALLEL LANES),9,776373,Not at intersection,3,80,Freeway,WEST GATE,HOBSONS BAY,-37.82941,144.89781,2023,4,April,14,Midday,Weekday
T20230008678,2023-04-13,14:25:00,1,Collision with vehicle,4,Thursday,130,REAR END(VEHICLES IN SAME LANE),1,775402,Not at intersection,3,50,Local Road,CHURCH,CARDINIA,-37.932167,145.43698,2023,4,April,14,Midday,Weekday
T20230008677,2023-04-13,15:08:00,1,Collision with vehicle,4,Thursday,160,VEHICLE COLLIDES WITH VEHICLE PARKED ON LEFT OF ROAD,1,770947,Not at intersection,2,50,Local Road,SCOTSBURN,WYNDHAM,-37.89704,144.66144,2023,4,April,15,Afternoon Peak,Weekday
T20230008769,2023-04-13,03:20:00,1,Collision with vehicle,4,Thursday,121,RIGHT THROUGH,3,57515,Cross intersection,3,70,Arterial Highway,QUEENS WAY -DANDENONG,PORT PHILLIP,-37.85779,144.99223,2023,4,April,3,Late Night,Weekday
T20230008672,2023-04-13,14:30:00,4,Collision with a fixed object,4,Thursday,181,OFF RIGHT BEND INTO OBJECT/PARKED VEHICLE,1,795468,Not at intersection,1,60,Arterial Other,HEATHCOTE-REDESDALE,BENDIGO,-37.01605,144.54056,2023,4,April,14,Midday,Weekday
T20230008671,2023-04-13,16:30:00,1,Collision with vehicle,4,Thursday,121,RIGHT THROUGH,1,42110,Cross intersection,3,60,Arterial Other,BLUFF,BAYSIDE,-37.946404,145.02219,2023,4,April,16,Afternoon Peak,Weekday
T20230008670,2023-04-13,17:17:00,3,Struck animal,4,Thursday,167,STRUCK ANIMAL,2,780464,Not at intersection,3,100,Local Road,SYLVATERRE-TIMMS LAKE,LODDON,-36.077404,144.23608,2023,4,April,17,Afternoon Peak,Weekday
T20230008650,2023-04-13,09:10:00,1,Collision with vehicle,4,Thursday,119,OTHER ADJACENT (INTERSECTIONS ONLY),1,776118,T intersection,3,40,Local Road,FRANKLIN,MELBOURNE,-37.809402,144.95757,2023,4,April,9,Morning Peak,Weekday
T20230013079,2023-04-13,09:00:00,2,Struck Pedestrian,4,Thursday,107,PED ON FOOTHPATH STRUCK BY VEHENTERING/LEAVING DRIVEWAY.,9,775655,Not at intersection,2,60,Local Road,SAN REMO,MOONEE VALLEY,-37.75549,144.8684,2023,4,April,9,Morning Peak,Weekday
T20230014859,2023-04-13,13:00:00,1,Collision with vehicle,4,Thursday,130,REAR END(VEHICLES IN SAME LANE),1,776946,Not at intersection,3,60,Local Road,PROUSES,BENDIGO,-36.73408,144.27832,2023,4,April,13,Midday,Weekday
T20230008623,2023-04-13,08:10:00,6,Vehicle overturned (no collision),4,Thursday,174,OUT OF CONTROL ON CARRIAGEWAY (ON STRAIGHT),1,776621,Not at intersection,2,70,Arterial Highway,PLENTY,DAREBIN,-37.710377,145.04938,2023,4,April,8,Morning Peak,Weekday
T20230008694,2023-04-13,22:50:00,8,No collision and no object struck,4,Thursday,174,OUT OF CONTROL ON CARRIAGEWAY (ON STRAIGHT),3,768391,Not at intersection,2,100,Freeway,PRINCES,CARDINIA,-38.0818,145.44225,2023,4,April,22,Night,Weekday
T20230008981,2023-04-13,21:30:00,4,Collision with a fixed object,4,Thursday,171,LEFT OFF CARRIAGEWAY INTO OBJECT/PARKED VEHICLE,5,770118,Not at intersection,2,100,Local Road,BAKERS BRIDGE,GOLDEN PLAINS,-38.051838,144.24199,2023,4,April,21,Night,Weekday
T20230008664,2023-04-13,17:05:00,2,Struck Pedestrian,4,Thursday,194,PARKED CAR RUN AWAY,1,767845,T intersection,3,50,Local Road,OMEGA,WHITTLESEA,-37.679726,145.03908,2023,4,April,17,Afternoon Peak,Weekday
T20230008692,2023-04-13,03:20:00,1,Collision with vehicle,4,Thursday,121,RIGHT THROUGH,3,57515,Cross intersection,3,60,Arterial Highway,QUEENS WAY -DANDENONG,PORT PHILLIP,-37.85779,144.99223,2023,4,April,3,Late Night,Weekday
T20230008699,2023-04-14,08:50:00,1,Collision with vehicle,5,Friday,121,RIGHT THROUGH,1,231736,T intersection,3,50,Arterial Highway,POINT NEPEAN,MORNINGTON PENINSULA,-38.35689,144.9009,2023,4,April,8,Morning Peak,Weekday
T20230008724,2023-04-14,13:25:00,1,Collision with vehicle,5,Friday,147,VEHICLE STRIKES ANOTHER VEH WHILE EMERGING FROM DRIVEWAY,1,775881,Not at intersection,2,50,Local Road,STATION,MOORABOOL,-37.68694,144.43617,2023,4,April,13,Midday,Weekday
T20230008745,2023-04-14,17:15:00,2,Struck Pedestrian,5,Friday,109,ANY MANOEUVRE INVOLVING PED NOT INCLUDED IN DCAs 100-108.,2,189435,Not at intersection,3,40,Local Road,LONSDALE,MELBOURNE,-37.810917,144.96693,2023,4,April,17,Afternoon Peak,Weekday
T20230009500,2023-04-14,10:30:00,1,Collision with vehicle,5,Friday,121,RIGHT THROUGH,1,51011,Cross intersection,3,60,Arterial Other,GRETA,WANGARATTA,-36.365192,146.31488,2023,4,April,10,Midday,Weekday
T20230013229,2023-04-14,11:45:00,1,Collision with vehicle,5,Friday,134,LANE CHANGE RIGHT (NOT OVERTAKING),1,338047,T intersection,3,70,Arterial Other,FERNTREE GULLY,MONASH,-37.90081,145.13835,2023,4,April,11,Midday,Weekday
T20230008725,2023-04-14,12:44:00,1,Collision with vehicle,5,Friday,160,VEHICLE COLLIDES WITH VEHICLE PARKED ON LEFT OF ROAD,1,780439,Not at intersection,3,60,Local Road,POWER,CASEY,-37.967632,145.24327,2023,4,April,12,Midday,Weekday
T20230013203,2023-04-14,21:10:00,1,Collision with vehicle,5,Friday,130,REAR END(VEHICLES IN SAME LANE),3,777678,Not at intersection,3,70,Arterial Highway,SPRINGVALE,MONASH,-37.87569,145.16658,2023,4,April,21,Night,Weekday
T20230008718,2023-04-14,09:26:00,5,collision with some other object,5,Friday,166,STRUCK OBJECT ON CARRIAGEWAY,1,787995,Not at intersection,3,100,Freeway,EASTERN,MANNINGHAM,-37.79337,145.1086,2023,4,April,9,Morning Peak,Weekday
T20230008962,2023-04-14,11:17:00,5,collision with some other object,5,Friday,181,OFF RIGHT BEND INTO OBJECT/PARKED VEHICLE,1,787985,Not at intersection,3,100,Arterial Other,LYELL,BENDIGO,-37.017986,144.51936,2023,4,April,11,Midday,Weekday
T20230008720,2023-04-14,12:15:00,6,Vehicle overturned (no collision),5,Friday,184,OUT OF CONTROL ON CARRIAGEWAY (ON BEND),1,621176,T intersection,3,80,Arterial Other,YARRA JUNCTION-NOOJEE,YARRA RANGES,-37.878124,145.78346,2023,4,April,12,Midday,Weekday
T20230009066,2023-04-14,17:50:00,1,Collision with vehicle,5,Friday,130,REAR END(VEHICLES IN SAME LANE),2,38979,T intersection,3,60,Arterial Other,AUBURN,BOROONDARA,-37.81782,145.04591,2023,4,April,17,Afternoon Peak,Weekday
T20230008704,2023-04-14,07:23:00,6,Vehicle overturned (no collision),5,Friday,180,OFF CARRIAGEWAY ON RIGHT BEND,2,779622,T intersection,2,80,Arterial Other,KULKYNE,MILDURA,-34.341743,142.26723,2023,4,April,7,Morning Peak,Weekday
T20230008791,2023-04-14,15:45:00,7,Fall from or in moving vehicle,5,Friday,190,FELL IN/FROM VEHICLE,1,777698,Not at intersection,3,100,Local Road,BIG RIVER,MANSFIELD,-37.42165,146.10565,2023,4,April,15,Afternoon Peak,Weekday
T20230008784,2023-04-14,22:45:00,1,Collision with vehicle,5,Friday,130,REAR END(VEHICLES IN SAME LANE),3,770966,Not at intersection,3,60,Arterial Highway,DANDENONG,STONNINGTON,-37.858913,145.00171,2023,4,April,22,Night,Weekday
T20230009142,2023-04-14,12:18:00,1,Collision with vehicle,5,Friday,130,REAR END(VEHICLES IN SAME LANE),1,770233,Not at intersection,3,80,Arterial Highway,MAROONDAH,MAROONDAH,-37.77091,145.29518,2023,4,April,12,Midday,Weekday
T20230008708,2023-04-14,10:50:00,1,Collision with vehicle,5,Friday,140,U TURN,1,770965,Not at intersection,3,60,Local Road,NELSON,WHITEHORSE,-37.816883,145.1194,2023,4,April,10,Midday,Weekday
T20230008748,2023-04-14,16:48:00,4,Collision with a fixed object,5,Friday,181,OFF RIGHT BEND INTO OBJECT/PARKED VEHICLE,1,768884,Not at intersection,2,100,Local Road,LANCEFIELD-PYALONG,MITCHELL,-37.19505,144.8085,2023,4,April,16,Afternoon Peak,Weekday
T20230008782,2023-04-14,22:56:00,2,Struck Pedestrian,5,Friday,103,PED PLAYING/LYING/WORKING/STANDING ON CARRIAGEWAY.,3,778391,Not at intersection,2,80,Arterial Other,LEARMONTH,BALLARAT,-37.522087,143.80711,2023,4,April,22,Night,Weekday
T20230008752,2023-04-14,14:39:00,4,Collision with a fixed object,5,Friday,173,RIGHT OFF CARRIAGEWAY INTO OBJECT/PARKED VEHICLE,1,773912,Not at intersection,3,50,Local Road,AUSTRALIS,BRIMBANK,-37.803623,144.75877,2023,4,April,14,Midday,Weekday
T20230012087,2023-04-14,16:00:00,1,Collision with vehicle,5,Friday,130,REAR END(VEHICLES IN SAME LANE),1,775594,Not at intersection,3,60,Arterial Other,HEATHS,WYNDHAM,-37.886837,144.63393,2023,4,April,16,Afternoon Peak,Weekday
T20230008754,2023-04-14,18:00:00,1,Collision with vehicle,5,Friday,110,CROSS TRAFFIC(INTERSECTIONS ONLY),2,768058,Cross intersection,3,100,Local Road,PIPERS CREEK,MACEDON RANGES,-37.24996,144.51804,2023,4,April,18,Afternoon Peak,Weekday
T20230008781,2023-04-14,03:00:00,4,Collision with a fixed object,5,Friday,171,LEFT OFF CARRIAGEWAY INTO OBJECT/PARKED VEHICLE,3,773560,T intersection,3,60,Arterial Other,DUNNINGS,WYNDHAM,-37.886555,144.7505,2023,4,April,3,Late Night,Weekday
T20230008757,2023-04-14,17:54:00,1,Collision with vehicle,5,Friday,110,CROSS TRAFFIC(INTERSECTIONS ONLY),3,389,Cross intersection,2,60,Arterial Other,CHILDS,WHITTLESEA,-37.659706,145.0191,2023,4,April,17,Afternoon Peak,Weekday
T20230008758,2023-04-14,18:25:00,1,Collision with vehicle,5,Friday,121,RIGHT THROUGH,5,61825,T intersection,2,60,Local Road,KEITH,HUME,-37.69344,144.92542,2023,4,April,18,Afternoon Peak,Weekday
T20230008759,2023-04-14,18:00:00,1,Collision with vehicle,5,Friday,139,OTHER SAME DIRECTION-MANOUEVRES NOT INCLUDED IN DCAs 130-137,2,39980,T intersection,3,50,Local Road,JACK,HOBSONS BAY,-37.841827,144.87692,2023,4,April,18,Afternoon Peak,Weekday
T20230008763,2023-04-14,15:52:00,1,Collision with vehicle,5,Friday,130,REAR END(VEHICLES IN SAME LANE),1,777690,Not at intersection,3,70,Arterial Highway,COLAC,GEELONG,-38.197727,144.3173,2023,4,April,15,Afternoon Peak,Weekday
T20230008749,2023-04-14,12:56:00,8,No collision and no object struck,5,Friday,174,OUT OF CONTROL ON CARRIAGEWAY (ON STRAIGHT),1,768414,Not at intersection,2,100,Local Road,DAMASCUS,SWAN HILL,-34.62697,142.77068,2023,4,April,12,Midday,Weekday
T20230008693,2023-04-14,00:20:00,4,Collision with a fixed object,5,Friday,171,LEFT OFF CARRIAGEWAY INTO OBJECT/PARKED VEHICLE,3,774461,Not at intersection,3,60,Arterial Highway,POINT NEPEAN,MORNINGTON PENINSULA,-38.343266,144.74951,2023,4,April,0,Late Night,Weekday
T20230008772,2023-04-14,21:30:00,2,Struck Pedestrian,5,Friday,104,PED WALKING WITH TRAFFIC,5,787984,Not at intersection,3,100,Freeway,GEELONG RING,GEELONG,-38.135857,144.30014,2023,4,April,21,Night,Weekday
T20230008727,2023-04-14,11:33:00,1,Collision with vehicle,5,Friday,121,RIGHT THROUGH,1,40443,Multiple intersection,3,60,Arterial Other,MALVERN,STONNINGTON,-37.860073,145.05707,2023,4,April,11,Midday,Weekday
T20230008774,2023-04-14,17:14:00,4,Collision with a fixed object,5,Friday,171,LEFT OFF CARRIAGEWAY INTO OBJECT/PARKED VEHICLE,1,770592,Not at intersection,2,60,Freeway,CITYLINK OUT-KINGS,MELBOURNE,-37.827633,144.96277,2023,4,April,17,Afternoon Peak,Weekday
T20230008777,2023-04-14,23:15:00,9,Other accident,5,Friday,103,PED PLAYING/LYING/WORKING/STANDING ON CARRIAGEWAY.,3,768060,Not at intersection,2,50,Local Road,BURGESS,MAROONDAH,-37.821247,145.29134,2023,4,April,23,Night,Weekday
T20230008737,2023-04-14,14:30:00,1,Collision with vehicle,5,Friday,133,LANE SIDE SWIPE (VEHICLES IN PARALLEL LANES),1,99283,Not at intersection,3,60,Arterial Other,CENTRE,KINGSTON,-37.928112,145.11542,2023,4,April,14,Midday,Weekday
T20230008734,2023-04-14,06:56:00,1,Collision with vehicle,5,Friday,113,RIGHT NEAR (INTERSECTIONS ONLY),2,11603,Cross intersection,3,60,Freeway,MELROSE,BRIMBANK,-37.708683,144.887,2023,4,April,6,Morning Peak,Weekday
T20230008751,2023-04-14,17:15:00,1,Collision with vehicle,5,Friday,110,CROSS TRAFFIC(INTERSECTIONS ONLY),1,29806,Cross intersection,3,50,Local Road,MOLOGA,BANYULE,-37.732918,145.0482,2023,4,April,17,Afternoon Peak,Weekday
T20230008765,2023-04-14,14:56:00,1,Collision with vehicle,5,Friday,130,REAR END(VEHICLES IN SAME LANE),1,768793,Not at intersection,3,60,Local Road,GRAHAM,BASS COAST,-38.60691,145.5827,2023,4,April,14,Midday,Weekday
T20230008819,2023-04-15,12:56:00,8,No collision and no object struck,6,Saturday,184,OUT OF CONTROL ON CARRIAGEWAY (ON BEND),1,769304,Not at intersection,2,60,Arterial Other,HEALESVILLE-KINGLAKE,YARRA RANGES,-37.654785,145.50496,2023,4,April,12,Midday,Weekend
T20230008822,2023-04-15,14:31:00,6,Vehicle overturned (no collision),6,Saturday,170,OFF CARRIAGEWAY TO LEFT,1,769441,Not at intersection,2,100,Arterial Other,HEALESVILLE-YARRA GLEN,YARRA RANGES,-37.659454,145.38905,2023,4,April,14,Midday,Weekend
T20230008827,2023-04-15,15:05:00,1,Collision with vehicle,6,Saturday,113,RIGHT NEAR (INTERSECTIONS ONLY),1,57411,Cross intersection,2,60,Arterial Highway,ST GEORGES,DAREBIN,-37.76063,144.99275,2023,4,April,15,Afternoon Peak,Weekend
T20230008953,2023-04-15,19:55:00,1,Collision with vehicle,6,Saturday,121,RIGHT THROUGH,3,224568,Cross intersection,3,50,Arterial Highway,BURWOOD,KNOX,-37.888744,145.29471,2023,4,April,19,Night,Weekend
T20230008830,2023-04-15,15:15:00,1,Collision with vehicle,6,Saturday,135,LANE CHANGE LEFT (NOT OVERTAKING),1,773663,Not at intersection,2,80,Arterial Other,MELTON,BRIMBANK,-37.69446,144.76395,2023,4,April,15,Afternoon Peak,Weekend
T20230008832,2023-04-15,16:55:00,1,Collision with vehicle,6,Saturday,134,LANE CHANGE RIGHT (NOT OVERTAKING),1,768540,Not at intersection,3,60,Arterial Highway,WARRIGAL,MONASH,-37.923737,145.08252,2023,4,April,16,Afternoon Peak,Weekend
T20230009537,2023-04-15,12:30:00,1,Collision with vehicle,6,Saturday,130,REAR END(VEHICLES IN SAME LANE),1,777629,Not at intersection,3,70,Local Road,COBURNS,MELTON,-37.684128,144.56824,2023,4,April,12,Midday,Weekend
T20230008968,2023-04-15,13:45:00,1,Collision with vehicle,6,Saturday,121,RIGHT THROUGH,1,771447,Not at intersection,3,60,Arterial Other,HUNTINGDALE,MONASH,-37.856823,145.11378,2023,4,April,13,Midday,Weekend
T20230008857,2023-04-15,22:28:00,1,Collision with vehicle,6,Saturday,121,RIGHT THROUGH,3,45642,T intersection,3,60,Arterial Other,ROYAL,MELBOURNE,-37.78472,144.9594,2023,4,April,22,Night,Weekend
T20230008844,2023-04-15,19:45:00,2,Struck Pedestrian,6,Saturday,102,FAR SIDE. PED HIT BY VEHICLE FROM THE LEFT,3,57553,T intersection,2,70,Arterial Highway,BURWOOD,KNOX,-37.893353,145.3093,2023,4,April,19,Night,Weekend
T20230008875,2023-04-15,18:30:00,1,Collision with vehicle,6,Saturday,130,REAR END(VEHICLES IN SAME LANE),3,768280,Not at intersection,3,60,Arterial Highway,QUEENS,PORT PHILLIP,-37.844227,144.97606,2023,4,April,18,Afternoon Peak,Weekend
T20230009316,2023-04-15,12:10:00,1,Collision with vehicle,6,Saturday,110,CROSS TRAFFIC(INTERSECTIONS ONLY),1,51724,Cross intersection,3,50,Local Road,CARPENTER,BENDIGO,-36.79455,144.24289,2023,4,April,12,Midday,Weekend
T20230008863,2023-04-15,22:25:00,4,Collision with a fixed object,6,Saturday,171,LEFT OFF CARRIAGEWAY INTO OBJECT/PARKED VEHICLE,3,774900,Not at intersection,2,60,Arterial Other,MOUNTAIN,KNOX,-37.837875,145.282,2023,4,April,22,Night,Weekend
T20230008860,2023-04-15,23:54:00,4,Collision with a fixed object,6,Saturday,171,LEFT OFF CARRIAGEWAY INTO OBJECT/PARKED VEHICLE,5,768278,Not at intersection,3,100,Arterial Other,WHITTLESEA-YEA,WHITTLESEA,-37.48335,145.19617,2023,4,April,23,Night,Weekend
T20230008859,2023-04-15,23:38:00,3,Struck animal,6,Saturday,167,STRUCK ANIMAL,5,773644,Not at intersection,3,100,Arterial Other,PENSHURST-WARRNAMBOOL,MOYNE,-38.021637,142.30513,2023,4,April,23,Night,Weekend
T20230008853,2023-04-15,22:42:00,1,Collision with vehicle,6,Saturday,130,REAR END(VEHICLES IN SAME LANE),3,39932,Cross intersection,3,70,Arterial Other,KOROROIT CREEK,HOBSONS BAY,-37.85008,144.84505,2023,4,April,22,Night,Weekend
T20230016866,2023-04-15,08:00:00,1,Collision with vehicle,6,Saturday,130,REAR END(VEHICLES IN SAME LANE),1,327298,Not at intersection,3,40,Local Road,LONSDALE,MELBOURNE,-37.812004,144.96321,2023,4,April,8,Morning Peak,Weekend
T20230008851,2023-04-15,20:11:00,1,Collision with vehicle,6,Saturday,169,OTHER ON PATH,3,771446,Not at intersection,2,50,Local Road,BALACLAVA,HOBSONS BAY,-37.874504,144.78026,2023,4,April,20,Night,Weekend
T20230008846,2023-04-15,18:30:00,4,Collision with a fixed object,6,Saturday,173,RIGHT OFF CARRIAGEWAY INTO OBJECT/PARKED VEHICLE,5,308178,Not at intersection,2,100,Arterial Other,DARLINGTON-CAMPERDOWN,CORANGAMITE,-38.100872,143.09508,2023,4,April,18,Afternoon Peak,Weekend
T20230008842,2023-04-15,18:45:00,1,Collision with vehicle,6,Saturday,110,CROSS TRAFFIC(INTERSECTIONS ONLY),3,46872,Cross intersection,3,50,Local Road,CROMER,BRIMBANK,-37.75471,144.83388,2023,4,April,18,Afternoon Peak,Weekend
T20230008841,2023-04-15,19:35:00,1,Collision with vehicle,6,Saturday,110,CROSS TRAFFIC(INTERSECTIONS ONLY),3,41182,Cross intersection,3,50,Arterial Other,PLUMPTON,MORELAND,-37.707542,144.92162,2023,4,April,19,Night,Weekend
T20230008839,2023-04-15,18:13:00,1,Collision with vehicle,6,Saturday,121,RIGHT THROUGH,3,768277,T intersection,3,80,Local Road,FOUR MILE,BENALLA,-36.551243,145.9627,2023,4,April,18,Afternoon Peak,Weekend
T20230008838,2023-04-15,18:36:00,4,Collision with a fixed object,6,Saturday,171,LEFT OFF CARRIAGEWAY INTO OBJECT/PARKED VEHICLE,3,772856,Not at intersection,3,70,Local Road,EVANS,CASEY,-38.06976,145.26015,2023,4,April,18,Afternoon Peak,Weekend
T20230008837,2023-04-15,15:00:00,6,Vehicle overturned (no collision),6,Saturday,175,OFF END OF ROAD/T-INTERSECTION.,1,787998,T intersection,3,100,Arterial Other,WATSON,CAMPASPE,-36.35613,144.93217,2023,4,April,15,Afternoon Peak,Weekend
T20230008835,2023-04-15,18:30:00,2,Struck Pedestrian,6,Saturday,103,PED PLAYING/LYING/WORKING/STANDING ON CARRIAGEWAY.,3,770830,T intersection,3,40,Local Road,CHAPEL,STONNINGTON,-37.845745,144.99437,2023,4,April,18,Afternoon Peak,Weekend
T20230009940,2023-04-15,11:21:00,1,Collision with vehicle,6,Saturday,121,RIGHT THROUGH,1,73704,T intersection,2,50,Local Road,COLCHESTER,MORNINGTON PENINSULA,-38.379276,144.88576,2023,4,April,11,Midday,Weekend