ACCIDENT_NO,ACCIDENT_DATE,ACCIDENT_TIME,ACCIDENT_TYPE,ACCIDENT_TYPE_DESC,DAY_OF_WEEK,DAY_WEEK_DESC,DCA_CODE,DCA_DESC,LIGHT_CONDITION,NODE_ID,ROAD_GEOMETRY_DESC,SEVERITY,SPEED_ZONE,RMA,ROAD_NAME,LGA_NAME,LATITUDE,LONGITUDE,YEAR,MONTH,MONTH_NAME,HOUR,TIME_PERIOD,DAY_TYPE
T20230008783,2023-04-15,01:17:00,2,Struck Pedestrian,6,Saturday,100,PED NEAR SIDE. PED HIT BY VEHICLE FROM THE RIGHT.,3,771218,Not at intersection,3,40,Local Road,SCOTT,YARRIAMBIACK,-36.252285,142.39502,2023,4,April,1,Late Night,Weekend
T20230012175,2023-04-15,16:00:00,6,Vehicle overturned (no collision),6,Saturday,174,OUT OF CONTROL ON CARRIAGEWAY (ON STRAIGHT),9,43336,T intersection,3,60,Arterial Other,MCLEOD,KINGSTON,-38.07292,145.13213,2023,4,April,16,Afternoon Peak,Weekend
T20230008787,2023-04-15,00:06:00,1,Collision with vehicle,6,Saturday,121,RIGHT THROUGH,3,36408,Cross intersection,3,60,Arterial Other,VICTORIA,MELBOURNE,-37.808113,144.97316,2023,4,April,0,Late Night,Weekend
T20230008790,2023-04-15,09:05:00,1,Collision with vehicle,6,Saturday,136,RIGHT TURN SIDESWIPE,1,226619,Cross intersection,3,60,Arterial Highway,WHITEHORSE,WHITEHORSE,-37.817337,145.11931,2023,4,April,9,Morning Peak,Weekend
T20230010624,2023-04-15,21:07:00,1,Collision with vehicle,6,Saturday,113,RIGHT NEAR (INTERSECTIONS ONLY),3,43695,Cross intersection,3,60,Arterial Other,HORNE,HUME,-37.58079,144.725,2023,4,April,21,Night,Weekend
T20230008793,2023-04-15,09:40:00,8,No collision and no object struck,6,Saturday,174,OUT OF CONTROL ON CARRIAGEWAY (ON STRAIGHT),1,768275,Not at intersection,3,80,Arterial Other,HUTTON,DANDENONG,-38.010826,145.14189,2023,4,April,9,Morning Peak,Weekend
T20230010672,2023-04-15,09:00:00,6,Vehicle overturned (no collision),6,Saturday,184,OUT OF CONTROL ON CARRIAGEWAY (ON BEND),1,773648,Not at intersection,3,50,Local Road,BLACK SNAKE CREEK,CARDINIA,-37.947914,145.66324,2023,4,April,9,Morning Peak,Weekend
T20230008794,2023-04-15,09:00:00,1,Collision with vehicle,6,Saturday,130,REAR END(VEHICLES IN SAME LANE),1,768061,Not at intersection,3,60,Arterial Highway,ST GEORGES,DAREBIN,-37.774677,144.99031,2023,4,April,9,Morning Peak,Weekend
T20230008799,2023-04-15,10:35:00,6,Vehicle overturned (no collision),6,Saturday,174,OUT OF CONTROL ON CARRIAGEWAY (ON STRAIGHT),1,769042,Not at intersection,3,100,Arterial Highway,SOUTH GIPPSLAND,CARDINIA,-38.220985,145.50853,2023,4,April,10,Midday,Weekend
T20230008779,2023-04-15,00:55:00,8,No collision and no object struck,6,Saturday,174,OUT OF CONTROL ON CARRIAGEWAY (ON STRAIGHT),3,66765,T intersection,3,40,Arterial Other,TOORAK,MELBOURNE,-37.837368,144.97903,2023,4,April,0,Late Night,Weekend
T20230008807,2023-04-15,12:50:00,2,Struck Pedestrian,6,Saturday,107,PED ON FOOTHPATH STRUCK BY VEHENTERING/LEAVING DRIVEWAY.,1,787999,Not at intersection,3,50,Local Road,WYNDHAM,GEELONG,-38.17223,144.56398,2023,4,April,12,Midday,Weekend
T20230008808,2023-04-15,13:39:00,1,Collision with vehicle,6,Saturday,137,LEFT TURN SIDESWIPE,1,35315,Cross intersection,3,60,Arterial Highway,LONSDALE,DANDENONG,-37.98811,145.21445,2023,4,April,13,Midday,Weekend
T20230010221,2023-04-15,16:10:00,5,collision with some other object,6,Saturday,166,STRUCK OBJECT ON CARRIAGEWAY,2,775613,Not at intersection,3,40,Local Road,LA TROBE,MELBOURNE,-37.81434,144.94731,2023,4,April,16,Afternoon Peak,Weekend
T20230008814,2023-04-15,13:10:00,1,Collision with vehicle,6,Saturday,116,LEFT NEAR (INTERSECTIONS ONLY),1,49800,Cross intersection,3,60,Arterial Other,GEELONG,GEELONG,-38.119087,144.63853,2023,4,April,13,Midday,Weekend
T20230008817,2023-04-15,14:10:00,1,Collision with vehicle,6,Saturday,148,VEHICLE OFF FOOTPATH STRIKES VEH ON CARRIAGEWAY,1,15435,Cross intersection,3,60,Arterial Highway,SURF COAST,GEELONG,-38.19567,144.3424,2023,4,April,14,Midday,Weekend
T20230009167,2023-04-16,10:20:00,1,Collision with vehicle,7,Sunday,130,REAR END(VEHICLES IN SAME LANE),1,770003,Not at intersection,3,80,Freeway,TULLAMARINE,MOONEE VALLEY,-37.734715,144.8964,2023,4,April,10,Midday,Weekend
T20230009180,2023-04-16,16:30:00,1,Collision with vehicle,7,Sunday,130,REAR END(VEHICLES IN SAME LANE),1,777614,Not at intersection,3,60,Arterial Other,TOORAK,STONNINGTON,-37.84218,145.01814,2023,4,April,16,Afternoon Peak,Weekend
T20230008864,2023-04-16,03:15:00,2,Struck Pedestrian,7,Sunday,100,PED NEAR SIDE. PED HIT BY VEHICLE FROM THE RIGHT.,3,768279,Cross intersection,3,40,Local Road,CHAPEL,STONNINGTON,-37.846817,144.99414,2023,4,April,3,Late Night,Weekend
T20230008867,2023-04-16,01:48:00,1,Collision with vehicle,7,Sunday,110,CROSS TRAFFIC(INTERSECTIONS ONLY),3,29542,Cross intersection,3,60,Arterial Other,GLENFERRIE,BOROONDARA,-37.814693,145.03682,2023,4,April,1,Late Night,Weekend
T20230008871,2023-04-16,05:27:00,1,Collision with vehicle,7,Sunday,154,PULLING OUT -REAR END,5,788211,Not at intersection,3,100,Arterial Other,KATAMATITE-SHEPPARTON,MOIRA,-36.179443,145.55013,2023,4,April,5,Morning Peak,Weekend
T20230008899,2023-04-16,14:00:00,4,Collision with a fixed object,7,Sunday,181,OFF RIGHT BEND INTO OBJECT/PARKED VEHICLE,1,775841,Not at intersection,3,80,Arterial Other,BOUNDARY,KINGSTON,-37.987576,145.1089,2023,4,April,14,Midday,Weekend
T20230010803,2023-04-16,00:40:00,4,Collision with a fixed object,7,Sunday,171,LEFT OFF CARRIAGEWAY INTO OBJECT/PARKED VEHICLE,3,773736,Not at intersection,3,60,Local Road,FINDON,WHITTLESEA,-37.63943,145.04654,2023,4,April,0,Late Night,Weekend
T20230008879,2023-04-16,06:30:00,1,Collision with vehicle,7,Sunday,160,VEHICLE COLLIDES WITH VEHICLE PARKED ON LEFT OF ROAD,1,768281,Not at intersection,3,50,Local Road,LEONARD,BAYSIDE,-37.93798,145.03244,2023,4,April,6,Morning Peak,Weekend
T20230008880,2023-04-16,11:37:00,1,Collision with vehicle,7,Sunday,121,RIGHT THROUGH,1,654413,Cross intersection,3,70,Arterial Other,WANTIRNA,MAROONDAH,-37.832474,145.22733,2023,4,April,11,Midday,Weekend
T20230008885,2023-04-16,11:01:00,1,Collision with vehicle,7,Sunday,120,HEAD ON (NOT OVERTAKING),1,775403,Not at intersection,3,60,Local Road,ORMOND,CASEY,-38.05993,145.29112,2023,4,April,11,Midday,Weekend
T20230008929,2023-04-16,22:00:00,1,Collision with vehicle,7,Sunday,131,LEFT REAR,3,744922,T intersection,3,80,Arterial Other,PASCOE VALE,HUME,-37.662594,144.92268,2023,4,April,22,Night,Weekend
T20230008888,2023-04-16,10:45:00,1,Collision with vehicle,7,Sunday,169,OTHER ON PATH,1,775691,Not at intersection,3,50,Local Road,VIEW,MORELAND,-37.696465,144.93065,2023,4,April,10,Midday,Weekend
T20230008889,2023-04-16,13:05:00,1,Collision with vehicle,7,Sunday,121,RIGHT THROUGH,1,324391,Cross intersection,2,60,Arterial Other,SOUTH,GLEN EIRA,-37.93633,145.06137,2023,4,April,13,Midday,Weekend
T20230013113,2023-04-16,13:34:00,1,Collision with vehicle,7,Sunday,130,REAR END(VEHICLES IN SAME LANE),9,775661,Cross intersection,3,50,Local Road,WILLIAMSON,MARIBYRNONG,-37.77555,144.88545,2023,4,April,13,Midday,Weekend
T20230009216,2023-04-16,22:00:00,1,Collision with vehicle,7,Sunday,130,REAR END(VEHICLES IN SAME LANE),3,780430,Not at intersection,3,70,Arterial Highway,ST GEORGES,DAREBIN,-37.759888,144.9929,2023,4,April,22,Night,Weekend
T20230009366,2023-04-16,12:03:00,1,Collision with vehicle,7,Sunday,130,REAR END(VEHICLES IN SAME LANE),1,773699,Not at intersection,2,80,Freeway,WEST GATE,MELBOURNE,-37.825466,144.93999,2023,4,April,12,Midday,Weekend
T20230009140,2023-04-16,03:09:00,4,Collision with a fixed object,7,Sunday,171,LEFT OFF CARRIAGEWAY INTO OBJECT/PARKED VEHICLE,9,771812,Not at intersection,3,50,Local Road,PHILLIPA,MORNINGTON PENINSULA,-38.37511,144.78441,2023,4,April,3,Late Night,Weekend
T20230008935,2023-04-16,23:35:00,1,Collision with vehicle,7,Sunday,121,RIGHT THROUGH,3,218,Cross intersection,3,80,Arterial Other,HUME,HUME,-37.63808,144.9503,2023,4,April,23,Night,Weekend
T20230008934,2023-04-16,00:10:00,4,Collision with a fixed object,7,Sunday,171,LEFT OFF CARRIAGEWAY INTO OBJECT/PARKED VEHICLE,5,769764,Not at intersection,2,100,Local Road,ARTHURS CREEK,NILLUMBIK,-37.576126,145.1942,2023,4,April,0,Late Night,Weekend
T20230008932,2023-04-16,20:40:00,4,Collision with a fixed object,7,Sunday,181,OFF RIGHT BEND INTO OBJECT/PARKED VEHICLE,5,774500,Not at intersection,3,100,Arterial Other,TAGGERTY-THORNTON,MURRINDINDI,-37.31154,145.75093,2023,4,April,20,Night,Weekend
T20230008930,2023-04-16,20:50:00,4,Collision with a fixed object,7,Sunday,173,RIGHT OFF CARRIAGEWAY INTO OBJECT/PARKED VEHICLE,3,768168,T intersection,1,60,Arterial Other,SOUTHERN,BANYULE,-37.741135,145.03809,2023,4,April,20,Night,Weekend
T20230008924,2023-04-16,20:36:00,2,Struck Pedestrian,7,Sunday,102,FAR SIDE. PED HIT BY VEHICLE FROM THE LEFT,3,770967,T intersection,3,60,Local Road,SPRINGFIELD,WHITEHORSE,-37.811172,145.15894,2023,4,April,20,Night,Weekend
T20230008919,2023-04-16,16:40:00,4,Collision with a fixed object,7,Sunday,173,RIGHT OFF CARRIAGEWAY INTO OBJECT/PARKED VEHICLE,1,781580,T intersection,3,70,Arterial Other,SYDNEY,MORELAND,-37.71579,144.96216,2023,4,April,16,Afternoon Peak,Weekend
T20230009486,2023-04-16,12:30:00,1,Collision with vehicle,7,Sunday,110,CROSS TRAFFIC(INTERSECTIONS ONLY),1,770468,Cross intersection,3,70,Arterial Other,HIGH STREET -MELTON,MELTON,-37.6905,144.60469,2023,4,April,12,Midday,Weekend
T20230008918,2023-04-16,18:40:00,1,Collision with vehicle,7,Sunday,130,REAR END(VEHICLES IN SAME LANE),3,780054,Not at intersection,3,70,Arterial Highway,NORTH,GLEN EIRA,-37.901993,145.02507,2023,4,April,18,Afternoon Peak,Weekend
T20230008915,2023-04-16,18:36:00,1,Collision with vehicle,7,Sunday,122,LEFT THROUGH,3,89,Cross intersection,3,40,Local Road,FITZROY,PORT PHILLIP,-37.86201,144.9736,2023,4,April,18,Afternoon Peak,Weekend
T20230009911,2023-04-16,21:00:00,2,Struck Pedestrian,7,Sunday,100,PED NEAR SIDE. PED HIT BY VEHICLE FROM THE RIGHT.,3,776115,Not at intersection,2,60,Local Road,WINDSOR,WHITEHORSE,-37.824287,145.10779,2023,4,April,21,Night,Weekend
T20230008914,2023-04-16,14:30:00,6,Vehicle overturned (no collision),7,Sunday,180,OFF CARRIAGEWAY ON RIGHT BEND,1,788212,Not at intersection,3,80,Local Road,BENETOOK,MILDURA,-34.31315,142.07996,2023,4,April,14,Midday,Weekend
T20230008912,2023-04-16,08:54:00,1,Collision with vehicle,7,Sunday,130,REAR END(VEHICLES IN SAME LANE),1,775593,Not at intersection,3,60,Local Road,AITKEN,HUME,-37.634785,144.91095,2023,4,April,8,Morning Peak,Weekend
T20230013618,2023-04-16,05:30:00,1,Collision with vehicle,7,Sunday,160,VEHICLE COLLIDES WITH VEHICLE PARKED ON LEFT OF ROAD,6,785348,Not at intersection,3,60,Local Road,BROCKLEY,WODONGA,-36.127895,146.88301,2023,4,April,5,Morning Peak,Weekend
T20230008910,2023-04-16,18:23:00,2,Struck Pedestrian,7,Sunday,102,FAR SIDE. PED HIT BY VEHICLE FROM THE LEFT,3,775453,Cross intersection,2,50,Arterial Other,HUNTINGDALE,MONASH,-37.912323,145.10342,2023,4,April,18,Afternoon Peak,Weekend
T20230008900,2023-04-16,03:19:00,4,Collision with a fixed object,7,Sunday,173,RIGHT OFF CARRIAGEWAY INTO OBJECT/PARKED VEHICLE,3,38588,T intersection,2,80,Arterial Highway,GEELONG,MARIBYRNONG,-37.813835,144.85983,2023,4,April,3,Late Night,Weekend
T20230008947,2023-04-17,10:11:00,4,Collision with a fixed object,1,Monday,171,LEFT OFF CARRIAGEWAY INTO OBJECT/PARKED VEHICLE,1,795887,Not at intersection,2,60,Arterial Highway,TOORAK,BOROONDARA,-37.845287,145.04732,2023,4,April,10,Midday,Weekday
T20230008946,2023-04-17,08:39:00,1,Collision with vehicle,1,Monday,120,HEAD ON (NOT OVERTAKING),1,776235,Not at intersection,2,60,Arterial Other,TRAM,MANNINGHAM,-37.79157,145.12561,2023,4,April,8,Morning Peak,Weekday
T20230008943,2023-04-17,07:25:00,2,Struck Pedestrian,1,Monday,100,PED NEAR SIDE. PED HIT BY VEHICLE FROM THE RIGHT.,1,771819,Not at intersection,2,40,Arterial Other,JOHNSTON,YARRA,-37.798107,144.97632,2023,4,April,7,Morning Peak,Weekday
T20230008940,2023-04-17,09:40:00,2,Struck Pedestrian,1,Monday,108,PED STRUCK WALKING TO/FROM OR BOARDING/ALIGHTING VEHICLE.,1,768543,Cross intersection,2,40,Arterial Other,CLARENDON,PORT PHILLIP,-37.83526,144.96161,2023,4,April,9,Morning Peak,Weekday
T20230008938,2023-04-17,06:45:00,1,Collision with vehicle,1,Monday,121,RIGHT THROUGH,1,35514,Cross intersection,3,60,Arterial Other,MALVERN,STONNINGTON,-37.85466,145.05226,2023,4,April,6,Morning Peak,Weekday
T20230012304,2023-04-17,08:00:00,4,Collision with a fixed object,1,Monday,171,LEFT OFF CARRIAGEWAY INTO OBJECT/PARKED VEHICLE,1,775614,Not at intersection,3,100,Arterial Highway,SUNRAYSIA,PYRENEES,-37.049732,143.45322,2023,4,April,8,Morning Peak,Weekday
T20230009064,2023-04-17,13:18:00,1,Collision with vehicle,1,Monday,121,RIGHT THROUGH,1,40653,Cross intersection,2,60,Arterial Other,HUNTINGDALE,MONASH,-37.867928,145.11171,2023,4,April,13,Midday,Weekday
T20230011582,2023-04-17,16:00:00,1,Collision with vehicle,1,Monday,147,VEHICLE STRIKES ANOTHER VEH WHILE EMERGING FROM DRIVEWAY,1,139642,Not at intersection,3,80,Local Road,LEAKES,WYNDHAM,-37.84333,144.7775,2023,4,April,16,Afternoon Peak,Weekday
T20230016410,2023-04-17,15:19:00,6,Vehicle overturned (no collision),1,Monday,182,OFF CARRIAGEWAY ON LEFT BEND,1,783814,Not at intersection,3,100,Local Road,CASTERTON-DARTMOOR,GLENELG,-37.820374,141.29411,2023,4,April,15,Afternoon Peak,Weekday
T20230009268,2023-04-17,08:50:00,1,Collision with vehicle,1,Monday,130,REAR END(VEHICLES IN SAME LANE),1,775455,T intersection,3,40,Arterial Other,BURKE,BOROONDARA,-37.825294,145.05786,2023,4,April,8,Morning Peak,Weekday
T20230008971,2023-04-17,14:15:00,1,Collision with vehicle,1,Monday,130,REAR END(VEHICLES IN SAME LANE),1,768795,Not at intersection,3,60,Arterial Other,ARNOLD,BENDIGO,-36.75073,144.28424,2023,4,April,14,Midday,Weekday
T20230008972,2023-04-17,15:15:00,2,Struck Pedestrian,1,Monday,109,ANY MANOEUVRE INVOLVING PED NOT INCLUDED IN DCAs 100-108.,1,768797,Not at intersection,2,40,Local Road,BROOKVILLE,STONNINGTON,-37.84427,145.00784,2023,4,April,15,Afternoon Peak,Weekday
T20230008973,2023-04-17,13:50:00,6,Vehicle overturned (no collision),1,Monday,174,OUT OF CONTROL ON CARRIAGEWAY (ON STRAIGHT),1,768798,Not at intersection,3,50,Local Road,PHILIP,MOYNE,-38.386967,142.22116,2023,4,April,13,Midday,Weekday
T20230008978,2023-04-17,16:51:00,1,Collision with vehicle,1,Monday,130,REAR END(VEHICLES IN SAME LANE),1,769045,Not at intersection,3,100,Freeway,MONASH,DANDENONG,-37.9545,145.21802,2023,4,April,16,Afternoon Peak,Weekday
T20230008986,2023-04-17,18:28:00,1,Collision with vehicle,1,Monday,111,RIGHT FAR (INTERSECTIONS ONLY),2,44217,Cross intersection,2,50,Local Road,NORTHBOURNE,HUME,-37.64876,144.96336,2023,4,April,18,Afternoon Peak,Weekday
T20230008995,2023-04-17,18:35:00,6,Vehicle overturned (no collision),1,Monday,174,OUT OF CONTROL ON CARRIAGEWAY (ON STRAIGHT),5,776509,Not at intersection,2,60,Local Road,RIVER,SWAN HILL,-34.605804,142.72629,2023,4,April,18,Afternoon Peak,Weekday
T20230008998,2023-04-17,05:45:00,1,Collision with vehicle,1,Monday,110,CROSS TRAFFIC(INTERSECTIONS ONLY),3,768669,Cross intersection,2,50,Local Road,DOVETON,BALLARAT,-37.54862,143.85722,2023,4,April,5,Morning Peak,Weekday
T20230009010,2023-04-17,14:00:00,1,Collision with vehicle,1,Monday,121,RIGHT THROUGH,1,34899,T intersection,2,80,Arterial Other,COOPER,WHITTLESEA,-37.64901,144.99915,2023,4,April,14,Midday,Weekday
T20230009023,2023-04-17,23:40:00,4,Collision with a fixed object,1,Monday,173,RIGHT OFF CARRIAGEWAY INTO OBJECT/PARKED VEHICLE,5,770113,Not at intersection,2,100,Local Road,MAJORCA,CENTRAL GOLDFIELDS,-37.08248,143.75691,2023,4,April,23,Night,Weekday
T20230009123,2023-04-17,19:00:00,1,Collision with vehicle,1,Monday,113,RIGHT NEAR (INTERSECTIONS ONLY),3,60785,T intersection,3,60,Arterial Other,STURT,BALLARAT,-37.554657,143.81628,2023,4,April,19,Night,Weekday
T20230008954,2023-04-17,09:37:00,1,Collision with vehicle,1,Monday,134,LANE CHANGE RIGHT (NOT OVERTAKING),1,769044,Not at intersection,3,50,Local Road,JOHN,YARRA RANGES,-37.757477,145.34401,2023,4,April,9,Morning Peak,Weekday
T20230009024,2023-04-18,06:49:00,6,Vehicle overturned (no collision),2,Tuesday,172,OFF CARRIAGEWAY TO RIGHT,2,777205,Not at intersection,3,100,Arterial Highway,PRINCES,GLENELG,-37.897793,141.11826,2023,4,April,6,Morning Peak,Weekday
T20230010109,2023-04-18,08:15:00,1,Collision with vehicle,2,Tuesday,130,REAR END(VEHICLES IN SAME LANE),1,278928,Not at intersection,3,60,Freeway,PROHASKY,MELBOURNE,-37.831863,144.91829,2023,4,April,8,Morning Peak,Weekday
T20230009114,2023-04-18,19:39:00,1,Collision with vehicle,2,Tuesday,121,RIGHT THROUGH,5,773914,T intersection,3,80,Arterial Highway,DANDENONG,MONASH,-37.919907,145.1358,2023,4,April,19,Night,Weekday
T20230011271,2023-04-18,15:30:00,1,Collision with vehicle,2,Tuesday,130,REAR END(VEHICLES IN SAME LANE),1,774350,Not at intersection,3,100,Freeway,PRINCES OUT-CLYDE,CASEY,-38.043694,145.33951,2023,4,April,15,Afternoon Peak,Weekday
T20230009868,2023-04-18,18:45:00,1,Collision with vehicle,2,Tuesday,130,REAR END(VEHICLES IN SAME LANE),3,775591,Cross intersection,3,80,Arterial Other,CARDINIA ROAD -PRINCES IN-CARDINIA,CARDINIA,-38.081818,145.43379,2023,4,April,18,Afternoon Peak,Weekday
T20230009872,2023-04-18,12:30:00,2,Struck Pedestrian,2,Tuesday,107,PED ON FOOTHPATH STRUCK BY VEHENTERING/LEAVING DRIVEWAY.,1,254741,Not at intersection,2,60,Local Road,CLOW,DANDENONG,-37.985138,145.21664,2023,4,April,12,Midday,Weekday
T20230009046,2023-04-18,08:10:00,1,Collision with vehicle,2,Tuesday,147,VEHICLE STRIKES ANOTHER VEH WHILE EMERGING FROM DRIVEWAY,1,774151,Not at intersection,3,50,Local Road,BURNT,WHITEHORSE,-37.817265,145.17491,2023,4,April,8,Morning Peak,Weekday
T20230009088,2023-04-18,17:42:00,1,Collision with vehicle,2,Tuesday,110,CROSS TRAFFIC(INTERSECTIONS ONLY),2,37747,Cross intersection,2,60,Arterial Other,WILLIAMS,STONNINGTON,-37.846195,145.00359,2023,4,April,17,Afternoon Peak,Weekday
T20230009040,2023-04-18,07:15:00,4,Collision with a fixed object,2,Tuesday,173,RIGHT OFF CARRIAGEWAY INTO OBJECT/PARKED VEHICLE,1,315985,Cross intersection,2,60,Local Road,FERRIS,MELTON,-37.706238,144.60191,2023,4,April,7,Morning Peak,Weekday
T20230010990,2023-04-18,18:36:00,1,Collision with vehicle,2,Tuesday,121,RIGHT THROUGH,3,774430,T intersection,3,60,Arterial Highway,BELL,MORELAND,-37.740826,144.96149,2023,4,April,18,Afternoon Peak,Weekday
T20230009038,2023-04-18,11:30:00,1,Collision with vehicle,2,Tuesday,160,VEHICLE COLLIDES WITH VEHICLE PARKED ON LEFT OF ROAD,1,770115,Not at intersection,2,60,Arterial Other,BEACH,BAYSIDE,-37.929874,144.99118,2023,4,April,11,Midday,Weekday
T20230009068,2023-04-18,16:00:00,6,Vehicle overturned (no collision),2,Tuesday,174,OUT OF CONTROL ON CARRIAGEWAY (ON STRAIGHT),1,91,T intersection,2,40,Local Road,LINCOLN,MELBOURNE,-37.80178,144.96375,2023,4,April,16,Afternoon Peak,Weekday
T20230009093,2023-04-18,21:50:00,4,Collision with a fixed object,2,Tuesday,171,LEFT OFF CARRIAGEWAY INTO OBJECT/PARKED VEHICLE,5,772609,Not at intersection,2,60,Arterial Other,MOUNT DANDENONG TOURIST,YARRA RANGES,-37.853092,145.36235,2023,4,April,21,Night,Weekday
T20230009033,2023-04-18,09:56:00,1,Collision with vehicle,2,Tuesday,120,HEAD ON (NOT OVERTAKING),1,771449,Cross intersection,3,60,Arterial Other,BURWOOD,BOROONDARA,-37.82417,145.04832,2023,4,April,9,Morning Peak,Weekday
T20230009079,2023-04-18,19:10:00,1,Collision with vehicle,2,Tuesday,121,RIGHT THROUGH,3,773839,Cross intersection,2,50,Local Road,MITCHELL,MARIBYRNONG,-37.783787,144.89085,2023,4,April,19,Night,Weekday
T20230011116,2023-04-18,15:18:00,1,Collision with vehicle,2,Tuesday,130,REAR END(VEHICLES IN SAME LANE),1,783422,Not at intersection,3,40,Arterial Other,NICHOLSON,MORELAND,-37.756573,144.9749,2023,4,April,15,Afternoon Peak,Weekday
T20230009070,2023-04-18,17:40:00,1,Collision with vehicle,2,Tuesday,111,RIGHT FAR (INTERSECTIONS ONLY),1,53374,Cross intersection,2,80,Arterial Highway,NEPEAN,MORNINGTON PENINSULA,-38.21868,145.059,2023,4,April,17,Afternoon Peak,Weekday
T20230009004,2023-04-18,00:45:00,2,Struck Pedestrian,2,Tuesday,100,PED NEAR SIDE. PED HIT BY VEHICLE FROM THE RIGHT.,5,768416,Not at intersection,1,100,Freeway,PENINSULA LINK,FRANKSTON,-38.109516,145.16194,2023,4,April,0,Late Night,Weekday
T20230009073,2023-04-18,15:20:00,4,Collision with a fixed object,2,Tuesday,173,RIGHT OFF CARRIAGEWAY INTO OBJECT/PARKED VEHICLE,1,776779,Not at intersection,3,100,Local Road,COLAC-LORNE,COLAC OTWAY,-38.366833,143.71053,2023,4,April,15,Afternoon Peak,Weekday
T20230009076,2023-04-18,18:22:00,1,Collision with vehicle,2,Tuesday,121,RIGHT THROUGH,3,29867,Cross intersection,3,50,Arterial Highway,MAROONDAH,MAROONDAH,-37.81581,145.22734,2023,4,April,18,Afternoon Peak,Weekday
T20230009095,2023-04-18,20:45:00,1,Collision with vehicle,2,Tuesday,121,RIGHT THROUGH,3,696854,T intersection,1,80,Arterial Other,THOMPSONS,CASEY,-38.08817,145.32349,2023,4,April,20,Night,Weekday
T20230009683,2023-04-18,17:25:00,1,Collision with vehicle,2,Tuesday,130,REAR END(VEHICLES IN SAME LANE),2,49318,Cross intersection,3,60,Arterial Highway,CHAPEL STREET -MCIVOR,BENDIGO,-36.758373,144.28738,2023,4,April,17,Afternoon Peak,Weekday
T20230009589,2023-04-18,11:10:00,2,Struck Pedestrian,2,Tuesday,100,PED NEAR SIDE. PED HIT BY VEHICLE FROM THE RIGHT.,1,791517,Not at intersection,3,50,Local Road,COVENTRY,PORT PHILLIP,-37.831753,144.96054,2023,4,April,11,Midday,Weekday
T20230012877,2023-04-18,19:15:00,8,No collision and no object struck,2,Tuesday,170,OFF CARRIAGEWAY TO LEFT,6,238083,Not at intersection,3,80,Arterial Highway,MAROONDAH,MAROONDAH,-37.79103,145.26352,2023,4,April,19,Night,Weekday
T20230009096,2023-04-18,23:15:00,6,Vehicle overturned (no collision),2,Tuesday,180,OFF CARRIAGEWAY ON RIGHT BEND,5,776384,Not at intersection,2,80,Arterial Other,HOOD,GEELONG,-38.129204,144.6942,2023,4,April,23,Night,Weekday
T20230009026,2023-04-18,10:45:00,2,Struck Pedestrian,2,Tuesday,108,PED STRUCK WALKING TO/FROM OR BOARDING/ALIGHTING VEHICLE.,1,788418,Not at intersection,3,60,Arterial Other,ST KILDA ROAD SERVICE,PORT PHILLIP,-37.85162,144.98096,2023,4,April,10,Midday,Weekday
T20230009085,2023-04-18,17:02:00,1,Collision with vehicle,2,Tuesday,110,CROSS TRAFFIC(INTERSECTIONS ONLY),1,52490,Cross intersection,3,60,Local Road,THIRTEENTH,MILDURA,-34.188248,142.14876,2023,4,April,17,Afternoon Peak,Weekday
T20230009027,2023-04-18,10:20:00,1,Collision with vehicle,2,Tuesday,137,LEFT TURN SIDESWIPE,1,788414,T intersection,2,60,Local Road,PINTAIL,SURF COAST,-38.30336,144.34079,2023,4,April,10,Midday,Weekday
T20230012493,2023-04-18,11:55:00,1,Collision with vehicle,2,Tuesday,130,REAR END(VEHICLES IN SAME LANE),1,771230,Not at intersection,3,70,Arterial Other,CLYDE,CASEY,-38.0687,145.3365,2023,4,April,11,Midday,Weekday
T20230009497,2023-04-18,17:20:00,1,Collision with vehicle,2,Tuesday,140,U TURN,1,771453,Not at intersection,3,60,Arterial Highway,FIFTEENTH,MILDURA,-34.213745,142.14471,2023,4,April,17,Afternoon Peak,Weekday
T20230009185,2023-04-18,09:50:00,4,Collision with a fixed object,2,Tuesday,173,RIGHT OFF CARRIAGEWAY INTO OBJECT/PARKED VEHICLE,1,783582,Not at intersection,2,100,Freeway,PRINCES,WYNDHAM,-37.945328,144.59958,2023,4,April,9,Morning Peak,Weekday
T20230009067,2023-04-18,16:50:00,1,Collision with vehicle,2,Tuesday,121,RIGHT THROUGH,1,610319,Cross intersection,3,40,Local Road,LYGON,MELBOURNE,-37.797073,144.96758,2023,4,April,16,Afternoon Peak,Weekday
T20230009077,2023-04-18,16:02:00,4,Collision with a fixed object,2,Tuesday,171,LEFT OFF CARRIAGEWAY INTO OBJECT/PARKED VEHICLE,1,776121,Not at intersection,1,50,Local Road,CLOW,KNOX,-37.897884,145.29968,2023,4,April,16,Afternoon Peak,Weekday
T20230010259,2023-04-18,06:00:00,1,Collision with vehicle,2,Tuesday,113,RIGHT NEAR (INTERSECTIONS ONLY),2,788493,T intersection,3,50,Local Road,VICTORY,BOROONDARA,-37.87062,145.09204,2023,4,April,6,Morning Peak,Weekday
T20230009034,2023-04-18,10:40:00,6,Vehicle overturned (no collision),2,Tuesday,174,OUT OF CONTROL ON CARRIAGEWAY (ON STRAIGHT),1,782082,Not at intersection,3,100,Freeway,WESTERN RING,HUME,-37.693874,144.90376,2023,4,April,10,Midday,Weekday
T20230009062,2023-04-18,16:10:00,4,Collision with a fixed object,2,Tuesday,171,LEFT OFF CARRIAGEWAY INTO OBJECT/PARKED VEHICLE,1,778028,Not at intersection,2,80,Arterial Highway,SPRINGVALE,MONASH,-37.892605,145.16354,2023,4,April,16,Afternoon Peak,Weekday