ACCIDENT_NO,ACCIDENT_DATE,ACCIDENT_TIME,ACCIDENT_TYPE,ACCIDENT_TYPE_DESC,DAY_OF_WEEK,DAY_WEEK_DESC,DCA_CODE,DCA_DESC,LIGHT_CONDITION,NODE_ID,ROAD_GEOMETRY_DESC,SEVERITY,SPEED_ZONE,RMA,ROAD_NAME,LGA_NAME,LATITUDE,LONGITUDE,YEAR,MONTH,MONTH_NAME,HOUR,TIME_PERIOD,DAY_TYPE
T20230009055,2023-04-18,15:05:00,1,Collision with vehicle,2,Tuesday,160,VEHICLE COLLIDES WITH VEHICLE PARKED ON LEFT OF ROAD,1,770232,T intersection,3,60,Arterial Other,BEACONSFIELD,PORT PHILLIP,-37.855675,144.96455,2023,4,April,15,Afternoon Peak,Weekday
T20230009599,2023-04-19,16:24:00,1,Collision with vehicle,3,Wednesday,130,REAR END(VEHICLES IN SAME LANE),1,783943,Not at intersection,3,80,Arterial Other,VICTORIA,MANNINGHAM,-37.7868,145.14377,2023,4,April,16,Afternoon Peak,Weekday
T20230009143,2023-04-19,15:45:00,4,Collision with a fixed object,3,Wednesday,171,LEFT OFF CARRIAGEWAY INTO OBJECT/PARKED VEHICLE,1,775842,Not at intersection,3,80,Arterial Other,CLYDE-FIVE WAYS,CASEY,-38.14978,145.32092,2023,4,April,15,Afternoon Peak,Weekday
T20230009170,2023-04-19,09:56:00,4,Collision with a fixed object,3,Wednesday,179,OTHER ACCIDENTS-OFF STRAIGHT NOT INCLUDED IN DCAs 170-175,1,788435,Not at intersection,3,60,Arterial Other,MT ALEXANDER,MOONEE VALLEY,-37.75365,144.91638,2023,4,April,9,Morning Peak,Weekday
T20230009132,2023-04-19,15:10:00,1,Collision with vehicle,3,Wednesday,113,RIGHT NEAR (INTERSECTIONS ONLY),1,783864,Multiple intersection,2,80,Arterial Highway,NEPEAN,MORNINGTON PENINSULA,-38.303,145.03154,2023,4,April,15,Afternoon Peak,Weekday
T20230009128,2023-04-19,15:22:00,1,Collision with vehicle,3,Wednesday,121,RIGHT THROUGH,1,769312,Cross intersection,3,40,Arterial Other,KING,MELBOURNE,-37.812416,144.9539,2023,4,April,15,Afternoon Peak,Weekday
T20230009126,2023-04-19,14:40:00,2,Struck Pedestrian,3,Wednesday,100,PED NEAR SIDE. PED HIT BY VEHICLE FROM THE RIGHT.,1,45547,Cross intersection,3,50,Arterial Other,MELVILLE,MORELAND,-37.75867,144.94485,2023,4,April,14,Midday,Weekday
T20230013916,2023-04-19,09:00:00,1,Collision with vehicle,3,Wednesday,130,REAR END(VEHICLES IN SAME LANE),1,776140,Not at intersection,3,80,Freeway,BURNLEY,YARRA,-37.82559,144.99303,2023,4,April,9,Morning Peak,Weekday
T20230009122,2023-04-19,10:20:00,4,Collision with a fixed object,3,Wednesday,183,OFF LEFT BEND INTO OBJECT/PARKED VEHICLE,1,771945,Not at intersection,3,80,Arterial Other,TRENTHAM FALLS,HEPBURN,-37.37509,144.32117,2023,4,April,10,Midday,Weekday
T20230009698,2023-04-19,14:00:00,1,Collision with vehicle,3,Wednesday,133,LANE SIDE SWIPE (VEHICLES IN PARALLEL LANES),1,788446,Cross intersection,3,60,Arterial Other,DOHERTYS ROAD -GRIEVE,HOBSONS BAY,-37.831547,144.82646,2023,4,April,14,Midday,Weekday
T20230009121,2023-04-19,09:55:00,1,Collision with vehicle,3,Wednesday,160,VEHICLE COLLIDES WITH VEHICLE PARKED ON LEFT OF ROAD,1,769309,Not at intersection,3,50,Local Road,SEYMOUR,MORNINGTON PENINSULA,-38.181416,145.08995,2023,4,April,9,Morning Peak,Weekday
T20230009119,2023-04-19,05:55:00,1,Collision with vehicle,3,Wednesday,110,CROSS TRAFFIC(INTERSECTIONS ONLY),3,44327,Cross intersection,3,70,Arterial Other,BALLAN ROAD -COTTRELL,WYNDHAM,-37.902905,144.65097,2023,4,April,5,Morning Peak,Weekday
T20230009213,2023-04-19,06:35:00,1,Collision with vehicle,3,Wednesday,130,REAR END(VEHICLES IN SAME LANE),2,776313,Cross intersection,3,80,Arterial Highway,PRINCES,CASEY,-38.0044,145.25764,2023,4,April,6,Morning Peak,Weekday
T20230009110,2023-04-19,07:55:00,1,Collision with vehicle,3,Wednesday,113,RIGHT NEAR (INTERSECTIONS ONLY),1,775152,T intersection,3,70,Arterial Other,FERNTREE GULLY,MONASH,-37.90466,145.17114,2023,4,April,7,Morning Peak,Weekday
T20230009113,2023-04-19,10:15:00,4,Collision with a fixed object,3,Wednesday,171,LEFT OFF CARRIAGEWAY INTO OBJECT/PARKED VEHICLE,1,773760,Not at intersection,2,100,Arterial Highway,PRINCES,WARRNAMBOOL,-38.385525,142.53918,2023,4,April,10,Midday,Weekday
T20230010398,2023-04-19,15:45:00,1,Collision with vehicle,3,Wednesday,147,VEHICLE STRIKES ANOTHER VEH WHILE EMERGING FROM DRIVEWAY,1,779898,Not at intersection,3,30,Arterial Highway,CHELTENHAM,DANDENONG,-37.994537,145.1762,2023,4,April,15,Afternoon Peak,Weekday
T20230009193,2023-04-19,20:40:00,1,Collision with vehicle,3,Wednesday,121,RIGHT THROUGH,3,769320,Not at intersection,3,60,Local Road,CLEELAND,DANDENONG,-37.98253,145.21498,2023,4,April,20,Night,Weekday
T20230009192,2023-04-19,06:50:00,1,Collision with vehicle,3,Wednesday,120,HEAD ON (NOT OVERTAKING),1,783865,Not at intersection,2,60,Local Road,WHITES,GEELONG,-38.230644,144.30789,2023,4,April,6,Morning Peak,Weekday
T20230009803,2023-04-19,18:00:00,1,Collision with vehicle,3,Wednesday,130,REAR END(VEHICLES IN SAME LANE),2,780909,Not at intersection,3,80,Freeway,WEST GATE,MELBOURNE,-37.82547,144.94044,2023,4,April,18,Afternoon Peak,Weekday
T20230010302,2023-04-19,16:00:00,1,Collision with vehicle,3,Wednesday,145,REVERSING IN STREAM OF TRAFFIC,1,788436,T intersection,3,50,Local Road,NARRKWARREN,WHITEHORSE,-37.81249,145.13931,2023,4,April,16,Afternoon Peak,Weekday
T20230009158,2023-04-19,22:15:00,2,Struck Pedestrian,3,Wednesday,102,FAR SIDE. PED HIT BY VEHICLE FROM THE LEFT,6,769052,Not at intersection,2,60,Arterial Other,BELGRAVE-GEMBROOK,CARDINIA,-37.93734,145.49487,2023,4,April,22,Night,Weekday
T20230009159,2023-04-19,21:15:00,4,Collision with a fixed object,3,Wednesday,173,RIGHT OFF CARRIAGEWAY INTO OBJECT/PARKED VEHICLE,5,769564,Not at intersection,2,100,Arterial Highway,SOUTH GIPPSLAND,CARDINIA,-38.211792,145.44339,2023,4,April,21,Night,Weekday
T20230010445,2023-04-19,15:01:00,1,Collision with vehicle,3,Wednesday,145,REVERSING IN STREAM OF TRAFFIC,1,788427,Not at intersection,3,40,Arterial Other,COMMERCIAL,MELBOURNE,-37.845303,144.9821,2023,4,April,15,Afternoon Peak,Weekday
T20230009157,2023-04-19,22:15:00,1,Collision with vehicle,3,Wednesday,121,RIGHT THROUGH,3,221437,T intersection,3,70,Arterial Other,SYDNEY,HUME,-37.678627,144.95665,2023,4,April,22,Night,Weekday
T20230009275,2023-04-19,09:00:00,1,Collision with vehicle,3,Wednesday,163,VEHICLE STRIKES DOOR OF PARKED/STATIONARY VEHICLE,1,777733,Not at intersection,3,40,Local Road,BENDIGO,GLEN EIRA,-37.925713,145.03612,2023,4,April,9,Morning Peak,Weekday
T20230010746,2023-04-19,12:00:00,4,Collision with a fixed object,3,Wednesday,171,LEFT OFF CARRIAGEWAY INTO OBJECT/PARKED VEHICLE,9,791206,Not at intersection,3,30,Local Road,IBBOTSON,GEELONG,-38.166615,144.70267,2023,4,April,12,Midday,Weekday
T20230009155,2023-04-19,21:38:00,4,Collision with a fixed object,3,Wednesday,151,OUT OF CONTROL (OVERTAKING),3,779311,Not at intersection,2,100,Freeway,MONASH,CASEY,-38.001766,145.29475,2023,4,April,21,Night,Weekday
T20230009154,2023-04-19,16:25:00,2,Struck Pedestrian,3,Wednesday,102,FAR SIDE. PED HIT BY VEHICLE FROM THE LEFT,1,36509,T intersection,3,40,Local Road,GERTRUDE,YARRA,-37.80587,144.97835,2023,4,April,16,Afternoon Peak,Weekday
T20230009150,2023-04-19,16:20:00,4,Collision with a fixed object,3,Wednesday,173,RIGHT OFF CARRIAGEWAY INTO OBJECT/PARKED VEHICLE,1,775782,Not at intersection,2,100,Local Road,MCKERNAN,SHEPPARTON,-36.47571,145.48479,2023,4,April,16,Afternoon Peak,Weekday
T20230009149,2023-04-19,16:20:00,2,Struck Pedestrian,3,Wednesday,104,PED WALKING WITH TRAFFIC,1,788429,Not at intersection,3,40,Local Road,ST EDMONDS,STONNINGTON,-37.850376,144.99178,2023,4,April,16,Afternoon Peak,Weekday
T20230009148,2023-04-19,16:13:00,1,Collision with vehicle,3,Wednesday,160,VEHICLE COLLIDES WITH VEHICLE PARKED ON LEFT OF ROAD,1,780446,Not at intersection,3,50,Local Road,ALMA,PORT PHILLIP,-37.862995,145.00368,2023,4,April,16,Afternoon Peak,Weekday
T20230009147,2023-04-19,18:05:00,1,Collision with vehicle,3,Wednesday,130,REAR END(VEHICLES IN SAME LANE),3,773228,Not at intersection,3,80,Freeway,MONASH,STONNINGTON,-37.85958,145.05913,2023,4,April,18,Afternoon Peak,Weekday
T20230009145,2023-04-19,16:25:00,1,Collision with vehicle,3,Wednesday,130,REAR END(VEHICLES IN SAME LANE),1,228531,T intersection,3,60,Local Road,CAROLINE SPRINGS,MELTON,-37.72957,144.74161,2023,4,April,16,Afternoon Peak,Weekday
T20230009265,2023-04-20,20:19:00,1,Collision with vehicle,4,Thursday,130,REAR END(VEHICLES IN SAME LANE),5,770971,Not at intersection,3,100,Freeway,MONASH,DANDENONG,-37.963184,145.23035,2023,4,April,20,Night,Weekday
T20230009240,2023-04-20,20:00:00,1,Collision with vehicle,4,Thursday,121,RIGHT THROUGH,3,70726,Cross intersection,3,80,Arterial Highway,CHELTENHAM ROAD -LOWER DANDENONG,DANDENONG,-37.990784,145.14471,2023,4,April,20,Night,Weekday
T20230009241,2023-04-20,15:29:00,1,Collision with vehicle,4,Thursday,121,RIGHT THROUGH,1,48321,T intersection,3,50,Local Road,CLOW,DANDENONG,-37.985382,145.21873,2023,4,April,15,Afternoon Peak,Weekday
T20230009243,2023-04-20,19:20:00,1,Collision with vehicle,4,Thursday,135,LANE CHANGE LEFT (NOT OVERTAKING),3,787925,Cross intersection,2,80,Arterial Highway,STUD,KNOX,-37.92799,145.23294,2023,4,April,19,Night,Weekday
T20230009282,2023-04-20,18:50:00,1,Collision with vehicle,4,Thursday,130,REAR END(VEHICLES IN SAME LANE),3,44402,Cross intersection,3,80,Arterial Other,MURRAY,DAREBIN,-37.738804,145.01154,2023,4,April,18,Afternoon Peak,Weekday
T20230009246,2023-04-20,22:28:00,4,Collision with a fixed object,4,Thursday,173,RIGHT OFF CARRIAGEWAY INTO OBJECT/PARKED VEHICLE,5,775844,Not at intersection,3,80,Local Road,STUMPY GULLY,MORNINGTON PENINSULA,-38.222813,145.13533,2023,4,April,22,Night,Weekday
T20230009700,2023-04-20,08:00:00,4,Collision with a fixed object,4,Thursday,171,LEFT OFF CARRIAGEWAY INTO OBJECT/PARKED VEHICLE,1,773566,Not at intersection,3,80,Local Road,OLD SYDNEY,MITCHELL,-37.466103,144.9248,2023,4,April,8,Morning Peak,Weekday
T20230009256,2023-04-20,06:40:00,1,Collision with vehicle,4,Thursday,116,LEFT NEAR (INTERSECTIONS ONLY),9,43915,Cross intersection,3,80,Arterial Other,CLYDE-FIVE WAYS,CASEY,-38.118744,145.32716,2023,4,April,6,Morning Peak,Weekday
T20230009171,2023-04-20,08:53:00,2,Struck Pedestrian,4,Thursday,100,PED NEAR SIDE. PED HIT BY VEHICLE FROM THE RIGHT.,1,71956,T intersection,2,50,Local Road,BEACH,FRANKSTON,-38.146065,145.14099,2023,4,April,8,Morning Peak,Weekday
T20230009174,2023-04-20,10:10:00,2,Struck Pedestrian,4,Thursday,100,PED NEAR SIDE. PED HIT BY VEHICLE FROM THE RIGHT.,1,43741,Cross intersection,2,50,Arterial Other,HIGH,MELTON,-37.6832,144.58315,2023,4,April,10,Midday,Weekday
T20230009177,2023-04-20,08:54:00,1,Collision with vehicle,4,Thursday,110,CROSS TRAFFIC(INTERSECTIONS ONLY),1,48029,Cross intersection,2,50,Local Road,CHRISTMAS,DAREBIN,-37.767338,145.01894,2023,4,April,8,Morning Peak,Weekday
T20230009179,2023-04-20,10:35:00,1,Collision with vehicle,4,Thursday,130,REAR END(VEHICLES IN SAME LANE),1,774117,Not at intersection,3,80,Arterial Highway,NEPEAN,MORNINGTON PENINSULA,-38.265163,145.03732,2023,4,April,10,Midday,Weekday
T20230009718,2023-04-20,12:05:00,1,Collision with vehicle,4,Thursday,130,REAR END(VEHICLES IN SAME LANE),1,770984,T intersection,3,60,Local Road,DOBSON,KNOX,-37.878605,145.26404,2023,4,April,12,Midday,Weekday
T20230009417,2023-04-20,23:01:00,1,Collision with vehicle,4,Thursday,116,LEFT NEAR (INTERSECTIONS ONLY),3,67999,Cross intersection,3,60,Arterial Highway,BRIGHTON,PORT PHILLIP,-37.870743,144.98878,2023,4,April,23,Night,Weekday
T20230009186,2023-04-20,11:42:00,1,Collision with vehicle,4,Thursday,130,REAR END(VEHICLES IN SAME LANE),1,63503,Not at intersection,3,50,Arterial Other,BURGUNDY,BANYULE,-37.75529,145.0584,2023,4,April,11,Midday,Weekday
T20230009188,2023-04-20,11:55:00,1,Collision with vehicle,4,Thursday,133,LANE SIDE SWIPE (VEHICLES IN PARALLEL LANES),1,787857,Not at intersection,3,70,Arterial Other,CANTERBURY,MAROONDAH,-37.832294,145.22849,2023,4,April,11,Midday,Weekday
T20230009183,2023-04-20,07:28:00,1,Collision with vehicle,4,Thursday,112,LEFT FAR (INTERSECTIONS ONLY),1,51263,Cross intersection,3,100,Arterial Other,LANCASTER-MOOROOPNA,SHEPPARTON,-36.313633,145.22276,2023,4,April,7,Morning Peak,Weekday
T20230009201,2023-04-20,12:25:00,1,Collision with vehicle,4,Thursday,133,LANE SIDE SWIPE (VEHICLES IN PARALLEL LANES),1,769321,Not at intersection,2,100,Freeway,WESTERN RING,BRIMBANK,-37.766846,144.81544,2023,4,April,12,Midday,Weekday
T20230009204,2023-04-20,12:50:00,1,Collision with vehicle,4,Thursday,130,REAR END(VEHICLES IN SAME LANE),1,20986,T intersection,2,80,Local Road,FORGE CREEK,EAST GIPPSLAND,-37.9015,147.62315,2023,4,April,12,Midday,Weekday
T20230009205,2023-04-20,13:30:00,4,Collision with a fixed object,4,Thursday,181,OFF RIGHT BEND INTO OBJECT/PARKED VEHICLE,1,776237,Not at intersection,2,60,Local Road,VICTORIA,WHITTLESEA,-37.683765,144.99202,2023,4,April,13,Midday,Weekday
T20230009208,2023-04-20,07:30:00,8,No collision and no object struck,4,Thursday,137,LEFT TURN SIDESWIPE,1,769322,Cross intersection,3,40,Local Road,EXHIBITION,MELBOURNE,-37.815067,144.97195,2023,4,April,7,Morning Peak,Weekday
T20230009209,2023-04-20,13:27:00,1,Collision with vehicle,4,Thursday,147,VEHICLE STRIKES ANOTHER VEH WHILE EMERGING FROM DRIVEWAY,1,771683,Not at intersection,2,50,Arterial Other,CHENERY,MANSFIELD,-37.054092,146.09248,2023,4,April,13,Midday,Weekday
T20230009295,2023-04-20,19:35:00,1,Collision with vehicle,4,Thursday,121,RIGHT THROUGH,3,46855,Cross intersection,3,40,Arterial Other,DORSET,KNOX,-37.859783,145.28577,2023,4,April,19,Night,Weekday
T20230012604,2023-04-20,13:54:00,6,Vehicle overturned (no collision),4,Thursday,184,OUT OF CONTROL ON CARRIAGEWAY (ON BEND),1,783878,Not at intersection,2,60,Local Road,MCDONALDS,HEPBURN,-37.27182,143.77219,2023,4,April,13,Midday,Weekday
T20230010402,2023-04-20,11:56:00,2,Struck Pedestrian,4,Thursday,101,PED EMERGES FROM IN FRONT OF PARKED OR STATIONARY VEHICLE,1,772740,Not at intersection,3,40,Local Road,HUTCHINSON,MORELAND,-37.771763,144.97603,2023,4,April,11,Midday,Weekday
T20230009328,2023-04-20,19:48:00,1,Collision with vehicle,4,Thursday,130,REAR END(VEHICLES IN SAME LANE),3,776128,Not at intersection,3,60,Arterial Other,ANDERSON,BRIMBANK,-37.78783,144.82695,2023,4,April,19,Night,Weekday
T20230012051,2023-04-20,17:39:00,1,Collision with vehicle,4,Thursday,142,LEAVING PARKING,2,45071,T intersection,3,60,Local Road,BERKSHIRE,BRIMBANK,-37.76498,144.8368,2023,4,April,17,Afternoon Peak,Weekday
T20230012663,2023-04-20,15:00:00,4,Collision with a fixed object,4,Thursday,171,LEFT OFF CARRIAGEWAY INTO OBJECT/PARKED VEHICLE,1,775646,Not at intersection,3,60,Arterial Other,ESPLANADE,MORNINGTON PENINSULA,-38.278324,144.99977,2023,4,April,15,Afternoon Peak,Weekday
T20230009269,2023-04-20,15:00:00,1,Collision with vehicle,4,Thursday,130,REAR END(VEHICLES IN SAME LANE),1,772341,Not at intersection,3,80,Freeway,PRINCES,HOBSONS BAY,-37.833702,144.80882,2023,4,April,15,Afternoon Peak,Weekday
T20230009218,2023-04-20,10:14:00,1,Collision with vehicle,4,Thursday,135,LANE CHANGE LEFT (NOT OVERTAKING),1,783866,Not at intersection,3,80,Freeway,PRINCES,HOBSONS BAY,-37.83078,144.81386,2023,4,April,10,Midday,Weekday
T20230009220,2023-04-20,17:40:00,6,Vehicle overturned (no collision),4,Thursday,182,OFF CARRIAGEWAY ON LEFT BEND,2,770102,Not at intersection,2,50,Arterial Other,YARRA,BOROONDARA,-37.803993,145.00876,2023,4,April,17,Afternoon Peak,Weekday
T20230009224,2023-04-20,15:40:00,1,Collision with vehicle,4,Thursday,110,CROSS TRAFFIC(INTERSECTIONS ONLY),1,50732,Cross intersection,3,50,Local Road,CAMPBELL,MOYNE,-38.38736,142.23381,2023,4,April,15,Afternoon Peak,Weekday
T20230009225,2023-04-20,17:35:00,5,collision with some other object,4,Thursday,191,LOAD OR MISSILE STRUCK VEHICLE,2,769784,Not at intersection,2,60,Local Road,PATTERSONS,CASEY,-38.125355,145.38086,2023,4,April,17,Afternoon Peak,Weekday
T20230011101,2023-04-20,21:00:00,3,Struck animal,4,Thursday,167,STRUCK ANIMAL,5,773955,Not at intersection,3,100,Arterial Other,WHITTLESEA-YEA,MURRINDINDI,-37.473515,145.23808,2023,4,April,21,Night,Weekday
T20230009228,2023-04-20,18:00:00,1,Collision with vehicle,4,Thursday,116,LEFT NEAR (INTERSECTIONS ONLY),3,39557,Cross intersection,3,80,Arterial Highway,WHITEHORSE,WHITEHORSE,-37.8159,145.19643,2023,4,April,18,Afternoon Peak,Weekday
T20230011574,2023-04-20,18:30:00,1,Collision with vehicle,4,Thursday,121,RIGHT THROUGH,3,332044,Cross intersection,3,60,Local Road,COLTMAN,BALLARAT,-37.54413,143.7866,2023,4,April,18,Afternoon Peak,Weekday
T20230009318,2023-04-20,18:48:00,1,Collision with vehicle,4,Thursday,130,REAR END(VEHICLES IN SAME LANE),2,777605,Not at intersection,3,60,Local Road,PARK,MELBOURNE,-37.77761,144.9566,2023,4,April,18,Afternoon Peak,Weekday
T20230009230,2023-04-20,16:50:00,6,Vehicle overturned (no collision),4,Thursday,172,OFF CARRIAGEWAY TO RIGHT,1,783942,Multiple intersection,3,100,Local Road,LOCKINGTON,BENDIGO,-36.47901,144.53033,2023,4,April,16,Afternoon Peak,Weekday
T20230009233,2023-04-20,18:24:00,1,Collision with vehicle,4,Thursday,130,REAR END(VEHICLES IN SAME LANE),3,770970,Not at intersection,3,50,Arterial Other,KINGS,BRIMBANK,-37.71617,144.78075,2023,4,April,18,Afternoon Peak,Weekday
T20230009235,2023-04-20,14:28:00,1,Collision with vehicle,4,Thursday,110,CROSS TRAFFIC(INTERSECTIONS ONLY),1,50806,Cross intersection,1,100,Arterial Highway,MURRAY VALLEY,MOIRA,-35.925472,145.5316,2023,4,April,14,Midday,Weekday
T20230009237,2023-04-20,19:10:00,1,Collision with vehicle,4,Thursday,163,VEHICLE STRIKES DOOR OF PARKED/STATIONARY VEHICLE,3,783867,Not at intersection,2,40,Local Road,BOURKE,MELBOURNE,-37.815536,144.95871,2023,4,April,19,Night,Weekday
T20230009238,2023-04-20,17:25:00,4,Collision with a fixed object,4,Thursday,181,OFF RIGHT BEND INTO OBJECT/PARKED VEHICLE,1,775420,Not at intersection,3,60,Local Road,BRADY,DANDENONG,-37.95655,145.23317,2023,4,April,17,Afternoon Peak,Weekday
T20230010537,2023-04-21,08:40:00,1,Collision with vehicle,5,Friday,130,REAR END(VEHICLES IN SAME LANE),1,41012,Cross intersection,3,60,Arterial Other,MOUNTAIN,KNOX,-37.837566,145.28706,2023,4,April,8,Morning Peak,Weekday
T20230009416,2023-04-21,17:00:00,5,collision with some other object,5,Friday,183,OFF LEFT BEND INTO OBJECT/PARKED VEHICLE,1,772209,Not at intersection,2,100,Arterial Other,PENSHURST-WARRNAMBOOL,MOYNE,-38.136127,142.32999,2023,4,April,17,Afternoon Peak,Weekday
T20230009345,2023-04-21,21:40:00,1,Collision with vehicle,5,Friday,113,RIGHT NEAR (INTERSECTIONS ONLY),3,41555,Cross intersection,2,60,Arterial Highway,WARRIGAL,STONNINGTON,-37.889347,145.08888,2023,4,April,21,Night,Weekday
T20230009286,2023-04-21,05:55:00,2,Struck Pedestrian,5,Friday,100,PED NEAR SIDE. PED HIT BY VEHICLE FROM THE RIGHT.,5,769566,T intersection,3,60,Local Road,COMMERCIAL,WHITTLESEA,-37.69318,145.03946,2023,4,April,5,Morning Peak,Weekday
T20230009544,2023-04-21,14:25:00,1,Collision with vehicle,5,Friday,130,REAR END(VEHICLES IN SAME LANE),1,779312,Not at intersection,3,80,Arterial Other,THOMPSONS,CASEY,-38.084686,145.2966,2023,4,April,14,Midday,Weekday
T20230010919,2023-04-21,15:00:00,4,Collision with a fixed object,5,Friday,171,LEFT OFF CARRIAGEWAY INTO OBJECT/PARKED VEHICLE,1,773859,Not at intersection,2,50,Local Road,BEAUVIEW,BANYULE,-37.77162,145.05617,2023,4,April,15,Afternoon Peak,Weekday
T20230009308,2023-04-21,13:33:00,1,Collision with vehicle,5,Friday,110,CROSS TRAFFIC(INTERSECTIONS ONLY),1,29960,Cross intersection,2,80,Arterial Other,VENTNOR,BASS COAST,-38.47228,145.18745,2023,4,April,13,Midday,Weekday
T20230010035,2023-04-21,17:25:00,1,Collision with vehicle,5,Friday,130,REAR END(VEHICLES IN SAME LANE),1,777583,Not at intersection,3,100,Freeway,SPRINGVALE-EASTERN IN,WHITEHORSE,-37.80419,145.17331,2023,4,April,17,Afternoon Peak,Weekday
T20230009309,2023-04-21,14:25:00,1,Collision with vehicle,5,Friday,160,VEHICLE COLLIDES WITH VEHICLE PARKED ON LEFT OF ROAD,1,783868,Not at intersection,2,40,Local Road,VINCENT,STONNINGTON,-37.862076,145.04388,2023,4,April,14,Midday,Weekday
T20230024209,2023-04-21,15:00:00,1,Collision with vehicle,5,Friday,116,LEFT NEAR (INTERSECTIONS ONLY),1,786953,Cross intersection,3,100,Local Road,CALDERMEADE,CARDINIA,-38.19699,145.64595,2023,4,April,15,Afternoon Peak,Weekday
T20230009337,2023-04-21,18:50:00,1,Collision with vehicle,5,Friday,133,LANE SIDE SWIPE (VEHICLES IN PARALLEL LANES),3,796444,Cross intersection,2,100,Arterial Other,BAXTER-TOORADIN,FRANKSTON,-38.20057,145.2156,2023,4,April,18,Afternoon Peak,Weekday
T20230009323,2023-04-21,15:47:00,1,Collision with vehicle,5,Friday,120,HEAD ON (NOT OVERTAKING),1,770706,Not at intersection,2,80,Arterial Other,BALLARTO,FRANKSTON,-38.121094,145.22557,2023,4,April,15,Afternoon Peak,Weekday
T20230010231,2023-04-21,23:35:00,1,Collision with vehicle,5,Friday,130,REAR END(VEHICLES IN SAME LANE),3,777187,Not at intersection,3,60,Arterial Highway,ST GEORGES,DAREBIN,-37.751873,144.99493,2023,4,April,23,Night,Weekday
T20230009367,2023-04-21,15:30:00,1,Collision with vehicle,5,Friday,120,HEAD ON (NOT OVERTAKING),1,775500,Not at intersection,3,60,Arterial Highway,MURRAY VALLEY,GANNAWARRA,-35.81424,144.22845,2023,4,April,15,Afternoon Peak,Weekday
T20230015524,2023-04-21,14:41:00,1,Collision with vehicle,5,Friday,134,LANE CHANGE RIGHT (NOT OVERTAKING),1,778341,Not at intersection,3,60,Arterial Other,DORSET,MAROONDAH,-37.801308,145.2895,2023,4,April,14,Midday,Weekday
T20230009285,2023-04-21,11:00:00,1,Collision with vehicle,5,Friday,121,RIGHT THROUGH,1,51716,T intersection,2,60,Arterial Highway,HIGH,BENDIGO,-36.788567,144.24524,2023,4,April,11,Midday,Weekday
T20230009317,2023-04-21,15:23:00,1,Collision with vehicle,5,Friday,113,RIGHT NEAR (INTERSECTIONS ONLY),1,34021,T intersection,3,80,Arterial Highway,BURWOOD,KNOX,-37.870857,145.24144,2023,4,April,15,Afternoon Peak,Weekday
T20230009291,2023-04-21,11:34:00,1,Collision with vehicle,5,Friday,110,CROSS TRAFFIC(INTERSECTIONS ONLY),1,769567,Cross intersection,3,100,Arterial Other,BENALLA-TOCUMWAL,MOIRA,-35.969807,145.6192,2023,4,April,11,Midday,Weekday
T20240006909,2023-04-21,18:50:00,1,Collision with vehicle,5,Friday,135,LANE CHANGE LEFT (NOT OVERTAKING),1,800357,Not at intersection,3,80,Freeway,WEST GATE,HOBSONS BAY,-37.825733,144.82578,2023,4,April,18,Afternoon Peak,Weekday
T20230009252,2023-04-21,01:08:00,1,Collision with vehicle,5,Friday,130,REAR END(VEHICLES IN SAME LANE),3,778446,Not at intersection,2,40,Freeway,MONASH,MONASH,-37.91394,145.16728,2023,4,April,1,Late Night,Weekday
T20230014603,2023-04-21,14:33:00,1,Collision with vehicle,5,Friday,110,CROSS TRAFFIC(INTERSECTIONS ONLY),9,35500,Cross intersection,3,80,Arterial Highway,DANDENONG ROAD -QUEENS,STONNINGTON,-37.857506,144.9923,2023,4,April,14,Midday,Weekday
T20230009346,2023-04-21,22:37:00,1,Collision with vehicle,5,Friday,110,CROSS TRAFFIC(INTERSECTIONS ONLY),3,42240,Cross intersection,3,70,Arterial Other,EAST BOUNDARY,GLEN EIRA,-37.935684,145.05624,2023,4,April,22,Night,Weekday
T20230009856,2023-04-21,17:00:00,1,Collision with vehicle,5,Friday,121,RIGHT THROUGH,1,1030,Cross intersection,3,60,Arterial Other,WESTERN PORT,MORNINGTON PENINSULA,-38.285446,145.18843,2023,4,April,17,Afternoon Peak,Weekday
T20230009347,2023-04-21,23:55:00,4,Collision with a fixed object,5,Friday,171,LEFT OFF CARRIAGEWAY INTO OBJECT/PARKED VEHICLE,3,787935,Not at intersection,3,60,Local Road,PROUSES,BENDIGO,-36.73234,144.27888,2023,4,April,23,Night,Weekday
T20230019083,2023-04-21,18:58:00,1,Collision with vehicle,5,Friday,135,LANE CHANGE LEFT (NOT OVERTAKING),2,779217,Cross intersection,3,60,Arterial Other,DIAMOND CREEK ROAD -GREENSBOROUGH,NILLUMBIK,-37.68911,145.1129,2023,4,April,18,Afternoon Peak,Weekday
T20230011128,2023-04-21,16:30:00,1,Collision with vehicle,5,Friday,130,REAR END(VEHICLES IN SAME LANE),9,42952,T intersection,3,60,Arterial Other,HEATHERTON,DANDENONG,-37.96608,145.18231,2023,4,April,16,Afternoon Peak,Weekday
T20230009249,2023-04-21,00:50:00,8,No collision and no object struck,5,Friday,172,OFF CARRIAGEWAY TO RIGHT,3,49684,Cross intersection,2,60,Arterial Other,ANAKIE ROAD -COX,GEELONG,-38.081383,144.33702,2023,4,April,0,Late Night,Weekday
T20230009273,2023-04-21,09:05:00,4,Collision with a fixed object,5,Friday,173,RIGHT OFF CARRIAGEWAY INTO OBJECT/PARKED VEHICLE,1,928,T intersection,2,80,Arterial Highway,FRANKSTON-DANDENONG,FRANKSTON,-38.104347,145.16844,2023,4,April,9,Morning Peak,Weekday