ACCIDENT_NO,ACCIDENT_DATE,ACCIDENT_TIME,ACCIDENT_TYPE,ACCIDENT_TYPE_DESC,DAY_OF_WEEK,DAY_WEEK_DESC,DCA_CODE,DCA_DESC,LIGHT_CONDITION,NODE_ID,ROAD_GEOMETRY_DESC,SEVERITY,SPEED_ZONE,RMA,ROAD_NAME,LGA_NAME,LATITUDE,LONGITUDE,YEAR,MONTH,MONTH_NAME,HOUR,TIME_PERIOD,DAY_TYPE
T20230009916,2023-04-21,19:00:00,1,Collision with vehicle,5,Friday,121,RIGHT THROUGH,3,40372,T intersection,2,60,Arterial Other,TOORONGA,STONNINGTON,-37.850304,145.04274,2023,4,April,19,Night,Weekday
T20230009692,2023-04-21,05:30:00,5,collision with some other object,5,Friday,191,LOAD OR MISSILE STRUCK VEHICLE,2,770982,Not at intersection,2,70,Arterial Other,MANNINGHAM,MANNINGHAM,-37.765213,145.08678,2023,4,April,5,Morning Peak,Weekday
T20230009335,2023-04-21,15:50:00,1,Collision with vehicle,5,Friday,130,REAR END(VEHICLES IN SAME LANE),1,775634,Not at intersection,3,80,Local Road,DALMORE,CARDINIA,-38.16116,145.42616,2023,4,April,15,Afternoon Peak,Weekday
T20230009287,2023-04-21,10:00:00,1,Collision with vehicle,5,Friday,130,REAR END(VEHICLES IN SAME LANE),1,37710,T intersection,3,60,Arterial Other,HIGH,WHITTLESEA,-37.686554,145.01279,2023,4,April,10,Midday,Weekday
T20230009980,2023-04-21,08:15:00,1,Collision with vehicle,5,Friday,133,LANE SIDE SWIPE (VEHICLES IN PARALLEL LANES),1,787946,T intersection,2,80,Arterial Other,WESTALL,DANDENONG,-37.95872,145.13686,2023,4,April,8,Morning Peak,Weekday
T20230009361,2023-04-21,23:40:00,4,Collision with a fixed object,5,Friday,173,RIGHT OFF CARRIAGEWAY INTO OBJECT/PARKED VEHICLE,3,776003,Not at intersection,2,50,Local Road,TRUSCOTT,MORELAND,-37.77794,144.9749,2023,4,April,23,Night,Weekday
T20230009313,2023-04-21,12:44:00,2,Struck Pedestrian,5,Friday,100,PED NEAR SIDE. PED HIT BY VEHICLE FROM THE RIGHT.,1,778291,Not at intersection,2,70,Arterial Other,KINGS,BRIMBANK,-37.725357,144.78154,2023,4,April,12,Midday,Weekday
T20230009331,2023-04-21,14:30:00,1,Collision with vehicle,5,Friday,121,RIGHT THROUGH,1,38588,T intersection,3,80,Arterial Highway,GEELONG,MARIBYRNONG,-37.813835,144.85983,2023,4,April,14,Midday,Weekday
T20230009522,2023-04-21,17:02:00,1,Collision with vehicle,5,Friday,130,REAR END(VEHICLES IN SAME LANE),1,770973,Not at intersection,3,60,Arterial Highway,WARRIGAL,MONASH,-37.85928,145.09404,2023,4,April,17,Afternoon Peak,Weekday
T20230012209,2023-04-21,11:17:00,1,Collision with vehicle,5,Friday,130,REAR END(VEHICLES IN SAME LANE),1,774908,Not at intersection,3,50,Arterial Highway,POINT NEPEAN,MORNINGTON PENINSULA,-38.332573,144.9651,2023,4,April,11,Midday,Weekday
T20230018996,2023-04-21,16:40:00,1,Collision with vehicle,5,Friday,111,RIGHT FAR (INTERSECTIONS ONLY),1,343771,Cross intersection,3,60,Arterial Highway,BULLEEN,MANNINGHAM,-37.776066,145.07881,2023,4,April,16,Afternoon Peak,Weekday
T20230010391,2023-04-21,15:50:00,1,Collision with vehicle,5,Friday,110,CROSS TRAFFIC(INTERSECTIONS ONLY),1,57530,Cross intersection,3,50,Arterial Highway,BURWOOD,KNOX,-37.871693,145.24403,2023,4,April,15,Afternoon Peak,Weekday
T20230013139,2023-04-22,14:48:00,1,Collision with vehicle,6,Saturday,110,CROSS TRAFFIC(INTERSECTIONS ONLY),1,38760,Cross intersection,3,50,Arterial Highway,FRANCIS,MARIBYRNONG,-37.821796,144.89586,2023,4,April,14,Midday,Weekend
T20230009370,2023-04-22,09:13:00,1,Collision with vehicle,6,Saturday,121,RIGHT THROUGH,1,42027,T intersection,3,60,Arterial Other,BEACH,BAYSIDE,-37.93921,144.99931,2023,4,April,9,Morning Peak,Weekend
T20230009365,2023-04-22,03:34:00,4,Collision with a fixed object,6,Saturday,171,LEFT OFF CARRIAGEWAY INTO OBJECT/PARKED VEHICLE,3,44317,T intersection,1,60,Arterial Other,BALLAN,WYNDHAM,-37.895992,144.6373,2023,4,April,3,Late Night,Weekend
T20230009762,2023-04-22,08:00:00,1,Collision with vehicle,6,Saturday,140,U TURN,1,770836,Not at intersection,3,60,Local Road,SPRINGFIELD,WHITEHORSE,-37.812656,145.17213,2023,4,April,8,Morning Peak,Weekend
T20230009702,2023-04-22,03:45:00,2,Struck Pedestrian,6,Saturday,109,ANY MANOEUVRE INVOLVING PED NOT INCLUDED IN DCAs 100-108.,6,350687,Not at intersection,2,60,Arterial Other,MONTAGUE,PORT PHILLIP,-37.83031,144.94974,2023,4,April,3,Late Night,Weekend
T20230010948,2023-04-22,13:00:00,1,Collision with vehicle,6,Saturday,121,RIGHT THROUGH,1,355572,T intersection,3,80,Arterial Highway,DANDENONG,DANDENONG,-37.92479,145.14352,2023,4,April,13,Midday,Weekend
T20230012638,2023-04-22,09:30:00,1,Collision with vehicle,6,Saturday,121,RIGHT THROUGH,1,47977,T intersection,3,50,Local Road,BELLBRIDGE,WYNDHAM,-37.860924,144.70445,2023,4,April,9,Morning Peak,Weekend
T20230009459,2023-04-22,19:23:00,1,Collision with vehicle,6,Saturday,121,RIGHT THROUGH,3,56532,Cross intersection,3,40,Arterial Highway,NEPEAN,BAYSIDE,-37.89758,145.00543,2023,4,April,19,Night,Weekend
T20230009354,2023-04-22,02:50:00,8,No collision and no object struck,6,Saturday,174,OUT OF CONTROL ON CARRIAGEWAY (ON STRAIGHT),3,36983,T intersection,2,40,Arterial Other,ST KILDA,PORT PHILLIP,-37.829895,144.97133,2023,4,April,2,Late Night,Weekend
T20230009358,2023-04-22,03:30:00,1,Collision with vehicle,6,Saturday,130,REAR END(VEHICLES IN SAME LANE),4,1671,Not at intersection,2,80,Arterial Other,HUME,HUME,-37.63629,144.95001,2023,4,April,3,Late Night,Weekend
T20230009400,2023-04-22,16:43:00,4,Collision with a fixed object,6,Saturday,171,LEFT OFF CARRIAGEWAY INTO OBJECT/PARKED VEHICLE,2,783870,Not at intersection,2,40,Local Road,WILSON,BAYSIDE,-37.91258,145.00107,2023,4,April,16,Afternoon Peak,Weekend
T20230009447,2023-04-22,18:50:00,1,Collision with vehicle,6,Saturday,181,OFF RIGHT BEND INTO OBJECT/PARKED VEHICLE,5,787896,Not at intersection,3,80,Arterial Highway,MAROONDAH,YARRA RANGES,-37.602337,145.63257,2023,4,April,18,Afternoon Peak,Weekend
T20230009402,2023-04-22,09:15:00,2,Struck Pedestrian,6,Saturday,100,PED NEAR SIDE. PED HIT BY VEHICLE FROM THE RIGHT.,1,37645,T intersection,3,50,Local Road,AVOCA,STONNINGTON,-37.83507,144.98978,2023,4,April,9,Morning Peak,Weekend
T20230009438,2023-04-22,15:40:00,1,Collision with vehicle,6,Saturday,120,HEAD ON (NOT OVERTAKING),1,775693,Not at intersection,2,100,Arterial Highway,SOUTH GIPPSLAND,SOUTH GIPPSLAND,-38.42161,145.79182,2023,4,April,15,Afternoon Peak,Weekend
T20230009436,2023-04-22,15:30:00,1,Collision with vehicle,6,Saturday,130,REAR END(VEHICLES IN SAME LANE),9,57515,Cross intersection,2,70,Arterial Highway,QUEENS WAY -DANDENONG,PORT PHILLIP,-37.85779,144.99223,2023,4,April,15,Afternoon Peak,Weekend
T20230009395,2023-04-22,14:15:00,1,Collision with vehicle,6,Saturday,130,REAR END(VEHICLES IN SAME LANE),1,775129,Not at intersection,3,80,Arterial Highway,PHILLIP ISLAND,BASS COAST,-38.4732,145.239,2023,4,April,14,Midday,Weekend
T20230009414,2023-04-22,19:37:00,1,Collision with vehicle,6,Saturday,130,REAR END(VEHICLES IN SAME LANE),2,778008,Not at intersection,3,70,Arterial Highway,CALDER,BENDIGO,-36.810066,144.24054,2023,4,April,19,Night,Weekend
T20230009413,2023-04-22,20:30:00,1,Collision with vehicle,6,Saturday,120,HEAD ON (NOT OVERTAKING),5,772021,Not at intersection,3,60,Arterial Other,YARRA,BOROONDARA,-37.793346,145.01486,2023,4,April,20,Night,Weekend
T20230009389,2023-04-22,15:21:00,6,Vehicle overturned (no collision),6,Saturday,174,OUT OF CONTROL ON CARRIAGEWAY (ON STRAIGHT),1,771451,Not at intersection,3,50,Local Road,DARVALL,MANNINGHAM,-37.801624,145.1701,2023,4,April,15,Afternoon Peak,Weekend
T20230009412,2023-04-22,14:23:00,1,Collision with vehicle,6,Saturday,140,U TURN,1,770005,Not at intersection,2,60,Local Road,HALLAM NORTH,CASEY,-37.96972,145.28049,2023,4,April,14,Midday,Weekend
T20230009614,2023-04-22,16:30:00,6,Vehicle overturned (no collision),6,Saturday,174,OUT OF CONTROL ON CARRIAGEWAY (ON STRAIGHT),1,770475,Not at intersection,3,40,Local Road,LYGON,MORELAND,-37.769615,144.97205,2023,4,April,16,Afternoon Peak,Weekend
T20230009397,2023-04-22,14:40:00,1,Collision with vehicle,6,Saturday,116,LEFT NEAR (INTERSECTIONS ONLY),1,770004,T intersection,2,60,Local Road,MCBEAN,MACEDON RANGES,-37.427914,144.56578,2023,4,April,14,Midday,Weekend
T20230009406,2023-04-22,16:30:00,4,Collision with a fixed object,6,Saturday,175,OFF END OF ROAD/T-INTERSECTION.,1,62348,T intersection,2,40,Local Road,NYORA,NILLUMBIK,-37.715626,145.17426,2023,4,April,16,Afternoon Peak,Weekend
T20230009405,2023-04-22,18:15:00,1,Collision with vehicle,6,Saturday,160,VEHICLE COLLIDES WITH VEHICLE PARKED ON LEFT OF ROAD,3,775679,Not at intersection,2,60,Local Road,ORMOND,CASEY,-38.062057,145.29242,2023,4,April,18,Afternoon Peak,Weekend
T20230014074,2023-04-22,13:00:00,8,No collision and no object struck,6,Saturday,174,OUT OF CONTROL ON CARRIAGEWAY (ON STRAIGHT),1,776446,Not at intersection,3,60,Arterial Other,HIGH,WHITTLESEA,-37.671825,145.01544,2023,4,April,13,Midday,Weekend
T20230009531,2023-04-22,22:20:00,1,Collision with vehicle,6,Saturday,130,REAR END(VEHICLES IN SAME LANE),3,783941,Cross intersection,3,60,Arterial Highway,LATROBE TERRACE -SETTLEMENT,GEELONG,-38.160515,144.3503,2023,4,April,22,Night,Weekend
T20230009364,2023-04-22,06:10:00,4,Collision with a fixed object,6,Saturday,181,OFF RIGHT BEND INTO OBJECT/PARKED VEHICLE,2,775845,Not at intersection,3,70,Arterial Other,DIAMOND CREEK,NILLUMBIK,-37.6746,145.13731,2023,4,April,6,Morning Peak,Weekend
T20230009404,2023-04-22,16:45:00,1,Collision with vehicle,6,Saturday,160,VEHICLE COLLIDES WITH VEHICLE PARKED ON LEFT OF ROAD,1,778131,Not at intersection,2,60,Arterial Other,TRAFALGAR,BOROONDARA,-37.833675,145.0634,2023,4,April,16,Afternoon Peak,Weekend
T20230010298,2023-04-22,11:00:00,1,Collision with vehicle,6,Saturday,130,REAR END(VEHICLES IN SAME LANE),1,772224,T intersection,2,80,Arterial Highway,MALDON ROAD -PYRENEES,MOUNT ALEXANDER,-37.06883,144.18062,2023,4,April,11,Midday,Weekend
T20230009391,2023-04-22,14:55:00,3,Struck animal,6,Saturday,167,STRUCK ANIMAL,1,774471,Not at intersection,2,100,Arterial Highway,HAMILTON,MOYNE,-37.966618,142.54874,2023,4,April,14,Midday,Weekend
T20230009403,2023-04-22,17:25:00,1,Collision with vehicle,6,Saturday,140,U TURN,1,769890,T intersection,3,50,Local Road,PARKHILL,BOROONDARA,-37.804188,145.04195,2023,4,April,17,Afternoon Peak,Weekend
T20230015625,2023-04-22,06:40:00,1,Collision with vehicle,6,Saturday,135,LANE CHANGE LEFT (NOT OVERTAKING),2,311878,Not at intersection,3,80,Freeway,WESTERN RING OUT-TULLAMARINE OUT,HUME,-37.70596,144.88765,2023,4,April,6,Morning Peak,Weekend
T20230009749,2023-04-22,13:15:00,1,Collision with vehicle,6,Saturday,130,REAR END(VEHICLES IN SAME LANE),1,772213,Not at intersection,3,60,Local Road,HOGANS,WYNDHAM,-37.862812,144.68463,2023,4,April,13,Midday,Weekend
T20230009384,2023-04-22,11:15:00,4,Collision with a fixed object,6,Saturday,183,OFF LEFT BEND INTO OBJECT/PARKED VEHICLE,1,787870,Not at intersection,3,60,Arterial Other,HEIDELBERG-KINGLAKE,NILLUMBIK,-37.56803,145.30463,2023,4,April,11,Midday,Weekend
T20230009383,2023-04-22,12:25:00,1,Collision with vehicle,6,Saturday,121,RIGHT THROUGH,1,645336,T intersection,2,60,Arterial Other,SLADEN,CASEY,-38.112717,145.28076,2023,4,April,12,Midday,Weekend
T20230009375,2023-04-22,11:15:00,1,Collision with vehicle,6,Saturday,113,RIGHT NEAR (INTERSECTIONS ONLY),1,52121,T intersection,3,50,Arterial Other,QUEEN,BAW BAW,-38.162823,145.92836,2023,4,April,11,Midday,Weekend
T20230009408,2023-04-22,13:00:00,6,Vehicle overturned (no collision),6,Saturday,174,OUT OF CONTROL ON CARRIAGEWAY (ON STRAIGHT),1,770117,Not at intersection,3,100,Local Road,DINGO HILL,WELLINGTON,-37.428562,146.68082,2023,4,April,13,Midday,Weekend
T20230009372,2023-04-22,09:31:00,1,Collision with vehicle,6,Saturday,110,CROSS TRAFFIC(INTERSECTIONS ONLY),1,61054,Cross intersection,3,60,Local Road,BIRDWOOD,BALLARAT,-37.597706,143.8315,2023,4,April,9,Morning Peak,Weekend
T20230018138,2023-04-22,22:20:00,7,Fall from or in moving vehicle,6,Saturday,190,FELL IN/FROM VEHICLE,4,781136,Cross intersection,3,50,Local Road,KNIGHTSBRIDGE,WYNDHAM,-37.86553,144.66272,2023,4,April,22,Night,Weekend
T20230009371,2023-04-22,09:40:00,1,Collision with vehicle,6,Saturday,110,CROSS TRAFFIC(INTERSECTIONS ONLY),1,52967,Cross intersection,3,50,Local Road,KLINE,BALLARAT,-37.577003,143.88333,2023,4,April,9,Morning Peak,Weekend
T20230009467,2023-04-23,15:45:00,4,Collision with a fixed object,7,Sunday,181,OFF RIGHT BEND INTO OBJECT/PARKED VEHICLE,1,779011,Not at intersection,2,80,Arterial Highway,GREAT OCEAN,COLAC OTWAY,-38.706295,143.7601,2023,4,April,15,Afternoon Peak,Weekend
T20230009466,2023-04-23,19:50:00,8,No collision and no object struck,7,Sunday,174,OUT OF CONTROL ON CARRIAGEWAY (ON STRAIGHT),3,770238,Not at intersection,2,50,Local Road,PURNELL,GEELONG,-38.07193,144.34018,2023,4,April,19,Night,Weekend
T20230009465,2023-04-23,18:26:00,1,Collision with vehicle,7,Sunday,110,CROSS TRAFFIC(INTERSECTIONS ONLY),3,846,Cross intersection,2,60,Arterial Other,SYDNEY,MORELAND,-37.71867,144.96277,2023,4,April,18,Afternoon Peak,Weekend
T20230009464,2023-04-23,17:53:00,4,Collision with a fixed object,7,Sunday,171,LEFT OFF CARRIAGEWAY INTO OBJECT/PARKED VEHICLE,5,771817,Not at intersection,2,100,Local Road,JETTY,CARDINIA,-38.307987,145.53154,2023,4,April,17,Afternoon Peak,Weekend
T20230009463,2023-04-23,12:55:00,1,Collision with vehicle,7,Sunday,169,OTHER ON PATH,1,776045,Not at intersection,2,60,Local Road,YUILLE,FRANKSTON,-38.156063,145.12372,2023,4,April,12,Midday,Weekend
T20230009460,2023-04-23,16:59:00,1,Collision with vehicle,7,Sunday,132,RIGHT REAR.,2,36764,Cross intersection,2,80,Arterial Other,HALLAM SOUTH,CASEY,-38.015476,145.27145,2023,4,April,16,Afternoon Peak,Weekend
T20230009455,2023-04-23,10:24:00,1,Collision with vehicle,7,Sunday,113,RIGHT NEAR (INTERSECTIONS ONLY),1,44103,Cross intersection,2,60,Arterial Other,STONY POINT,MORNINGTON PENINSULA,-38.33879,145.18762,2023,4,April,10,Midday,Weekend
T20230009453,2023-04-23,16:30:00,1,Collision with vehicle,7,Sunday,110,CROSS TRAFFIC(INTERSECTIONS ONLY),1,51540,Cross intersection,3,60,Local Road,ROSE,BENDIGO,-36.736885,144.25279,2023,4,April,16,Afternoon Peak,Weekend
T20230009452,2023-04-23,15:00:00,1,Collision with vehicle,7,Sunday,113,RIGHT NEAR (INTERSECTIONS ONLY),1,44903,T intersection,2,70,Arterial Other,STATION,BRIMBANK,-37.76536,144.77547,2023,4,April,15,Afternoon Peak,Weekend
T20230009444,2023-04-23,12:00:00,6,Vehicle overturned (no collision),7,Sunday,184,OUT OF CONTROL ON CARRIAGEWAY (ON BEND),1,770707,Not at intersection,2,100,Arterial Other,GEMBROOK-LAUNCHING PLACE,CARDINIA,-37.907944,145.58505,2023,4,April,12,Midday,Weekend
T20230009433,2023-04-23,09:49:00,1,Collision with vehicle,7,Sunday,130,REAR END(VEHICLES IN SAME LANE),1,777677,Not at intersection,3,40,Arterial Other,GRIMSHAW,BANYULE,-37.70466,145.10338,2023,4,April,9,Morning Peak,Weekend
T20230009430,2023-04-23,09:00:00,1,Collision with vehicle,7,Sunday,130,REAR END(VEHICLES IN SAME LANE),1,770006,Not at intersection,3,80,Local Road,GRANT,MORNINGTON PENINSULA,-38.214737,145.17807,2023,4,April,9,Morning Peak,Weekend
T20230009446,2023-04-23,08:56:00,4,Collision with a fixed object,7,Sunday,171,LEFT OFF CARRIAGEWAY INTO OBJECT/PARKED VEHICLE,1,776247,Not at intersection,2,60,Local Road,CUTHBERTS,BALLARAT,-37.552673,143.79083,2023,4,April,8,Morning Peak,Weekend
T20230009472,2023-04-23,16:40:00,6,Vehicle overturned (no collision),7,Sunday,174,OUT OF CONTROL ON CARRIAGEWAY (ON STRAIGHT),1,775068,T intersection,2,40,Local Road,COMMERCIAL,LATROBE,-38.23612,146.39276,2023,4,April,16,Afternoon Peak,Weekend
T20230009488,2023-04-23,05:08:00,4,Collision with a fixed object,7,Sunday,173,RIGHT OFF CARRIAGEWAY INTO OBJECT/PARKED VEHICLE,2,778900,Not at intersection,3,50,Local Road,ROSEHILL,MOONEE VALLEY,-37.748093,144.88329,2023,4,April,5,Morning Peak,Weekend
T20230009528,2023-04-23,13:00:00,1,Collision with vehicle,7,Sunday,111,RIGHT FAR (INTERSECTIONS ONLY),1,783066,T intersection,3,60,Arterial Other,MURRAY,DAREBIN,-37.736046,144.98381,2023,4,April,13,Midday,Weekend
T20230009914,2023-04-23,16:45:00,1,Collision with vehicle,7,Sunday,132,RIGHT REAR.,1,783875,Cross intersection,3,60,Local Road,DAREBIN,WHITTLESEA,-37.682022,145.02966,2023,4,April,16,Afternoon Peak,Weekend
T20230009428,2023-04-23,04:20:00,4,Collision with a fixed object,7,Sunday,173,RIGHT OFF CARRIAGEWAY INTO OBJECT/PARKED VEHICLE,2,773565,Not at intersection,3,70,Arterial Other,MAIN WHITTLESEA,WHITTLESEA,-37.68376,145.06877,2023,4,April,4,Late Night,Weekend
T20230009548,2023-04-23,12:00:00,1,Collision with vehicle,7,Sunday,120,HEAD ON (NOT OVERTAKING),1,777251,Not at intersection,2,100,Arterial Other,MANSFIELD-WHITFIELD,MANSFIELD,-36.945274,146.20514,2023,4,April,12,Midday,Weekend
T20230009695,2023-04-23,20:30:00,1,Collision with vehicle,7,Sunday,121,RIGHT THROUGH,9,780519,T intersection,3,50,Local Road,EUREKA,WYNDHAM,-37.867664,144.59375,2023,4,April,20,Night,Weekend
T20230009834,2023-04-23,09:20:00,1,Collision with vehicle,7,Sunday,130,REAR END(VEHICLES IN SAME LANE),1,345453,Cross intersection,3,60,Arterial Other,CANTERBURY,MAROONDAH,-37.83237,145.26941,2023,4,April,9,Morning Peak,Weekend
T20230009422,2023-04-23,04:05:00,4,Collision with a fixed object,7,Sunday,173,RIGHT OFF CARRIAGEWAY INTO OBJECT/PARKED VEHICLE,3,41291,T intersection,2,60,Local Road,MCKINNON,BAYSIDE,-37.909344,145.02446,2023,4,April,4,Late Night,Weekend
T20230025642,2023-04-23,17:33:00,1,Collision with vehicle,7,Sunday,148,VEHICLE OFF FOOTPATH STRIKES VEH ON CARRIAGEWAY,1,798590,Not at intersection,3,30,Local Road,LIME,MILDURA,-34.184322,142.15933,2023,4,April,17,Afternoon Peak,Weekend
T20230013168,2023-04-23,12:30:00,6,Vehicle overturned (no collision),7,Sunday,184,OUT OF CONTROL ON CARRIAGEWAY (ON BEND),1,127230,Not at intersection,2,60,Local Road,PARKINSONS,YARRA RANGES,-37.81395,145.60217,2023,4,April,12,Midday,Weekend
T20230009425,2023-04-23,04:24:00,4,Collision with a fixed object,7,Sunday,171,LEFT OFF CARRIAGEWAY INTO OBJECT/PARKED VEHICLE,3,781208,Not at intersection,2,60,Arterial Other,MURRAY,MORELAND,-37.735527,144.97867,2023,4,April,4,Late Night,Weekend
T20230010327,2023-04-23,12:11:00,1,Collision with vehicle,7,Sunday,139,OTHER SAME DIRECTION-MANOUEVRES NOT INCLUDED IN DCAs 130-137,1,656450,Not at intersection,3,80,Freeway,TULLAMARINE OUT-WESTERN RING OUT,HUME,-37.700306,144.89485,2023,4,April,12,Midday,Weekend
T20230009999,2023-04-23,16:50:00,1,Collision with vehicle,7,Sunday,121,RIGHT THROUGH,1,771696,T intersection,3,50,Local Road,DAVIES,MORELAND,-37.757736,144.97467,2023,4,April,16,Afternoon Peak,Weekend
T20230009921,2023-04-23,11:00:00,2,Struck Pedestrian,7,Sunday,104,PED WALKING WITH TRAFFIC,1,773569,Not at intersection,3,50,Local Road,IRVINE,MOIRA,-36.008556,146.00392,2023,4,April,11,Midday,Weekend
T20230009684,2023-04-24,13:20:00,1,Collision with vehicle,1,Monday,110,CROSS TRAFFIC(INTERSECTIONS ONLY),1,695373,Cross intersection,3,60,Local Road,NORTHSIDE,WHITTLESEA,-37.61813,145.0188,2023,4,April,13,Midday,Weekday
T20230010583,2023-04-24,06:30:00,3,Struck animal,1,Monday,167,STRUCK ANIMAL,2,778148,Not at intersection,3,100,Arterial Other,ARARAT-ST ARNAUD,PYRENEES,-36.960144,143.09601,2023,4,April,6,Morning Peak,Weekday
T20230009753,2023-04-24,22:50:00,1,Collision with vehicle,1,Monday,134,LANE CHANGE RIGHT (NOT OVERTAKING),3,783874,Cross intersection,3,40,Local Road,RATHDOWNE,MELBOURNE,-37.796318,144.9707,2023,4,April,22,Night,Weekday
T20230009611,2023-04-24,14:15:00,1,Collision with vehicle,1,Monday,130,REAR END(VEHICLES IN SAME LANE),1,780511,Not at intersection,3,80,Arterial Other,BEECHWORTH-CHILTERN,INDIGO,-36.332043,146.68697,2023,4,April,14,Midday,Weekday
T20230009606,2023-04-24,11:20:00,1,Collision with vehicle,1,Monday,130,REAR END(VEHICLES IN SAME LANE),1,770474,Not at intersection,3,60,Arterial Other,ST GEORGES,YARRA,-37.783077,144.98404,2023,4,April,11,Midday,Weekday
T20230009483,2023-04-24,01:43:00,4,Collision with a fixed object,1,Monday,171,LEFT OFF CARRIAGEWAY INTO OBJECT/PARKED VEHICLE,3,774732,T intersection,2,80,Arterial Other,FERNTREE GULLY,MONASH,-37.89766,145.11313,2023,4,April,1,Late Night,Weekday
T20230009884,2023-04-24,11:00:00,7,Fall from or in moving vehicle,1,Monday,190,FELL IN/FROM VEHICLE,1,771231,Not at intersection,3,80,Local Road,MCMAHONS CREEK,YARRA RANGES,-37.705593,145.84166,2023,4,April,11,Midday,Weekday
T20230010265,2023-04-24,14:00:00,8,No collision and no object struck,1,Monday,149,OTHER MANOEUVRING NOT INCLUDED IN DCAs 140-148,1,772223,Not at intersection,3,80,Local Road,PAYNES,YARRA RANGES,-37.73465,145.30421,2023,4,April,14,Midday,Weekday
T20230009585,2023-04-24,22:00:00,1,Collision with vehicle,1,Monday,110,CROSS TRAFFIC(INTERSECTIONS ONLY),4,43874,Cross intersection,3,80,Arterial Highway,DANDENONG-HASTINGS,FRANKSTON,-38.107105,145.23355,2023,4,April,22,Night,Weekday
T20230009581,2023-04-24,16:40:00,2,Struck Pedestrian,1,Monday,101,PED EMERGES FROM IN FRONT OF PARKED OR STATIONARY VEHICLE,1,773840,Not at intersection,2,50,Local Road,FRANK,HUME,-37.671223,144.94589,2023,4,April,16,Afternoon Peak,Weekday
T20230009580,2023-04-24,05:30:00,1,Collision with vehicle,1,Monday,169,OTHER ON PATH,5,774905,T intersection,3,50,Local Road,ESSEX,MORNINGTON PENINSULA,-38.27869,145.0265,2023,4,April,5,Morning Peak,Weekday
T20230010316,2023-04-24,14:48:00,1,Collision with vehicle,1,Monday,152,PULLING OUT (OVERTAKING),1,783877,Not at intersection,3,50,Local Road,HUNTER,GLEN EIRA,-37.905476,145.05751,2023,4,April,14,Midday,Weekday
T20230009579,2023-04-24,17:25:00,4,Collision with a fixed object,1,Monday,171,LEFT OFF CARRIAGEWAY INTO OBJECT/PARKED VEHICLE,1,45403,Not at intersection,1,60,Arterial Other,PASCOE VALE,MOONEE VALLEY,-37.745853,144.92612,2023,4,April,17,Afternoon Peak,Weekday
T20230009577,2023-04-24,19:07:00,1,Collision with vehicle,1,Monday,116,LEFT NEAR (INTERSECTIONS ONLY),6,43712,T intersection,3,60,Arterial Other,LANCEFIELD,HUME,-37.579304,144.7602,2023,4,April,19,Night,Weekday
T20230009576,2023-04-24,16:52:00,8,No collision and no object struck,1,Monday,170,OFF CARRIAGEWAY TO LEFT,2,771949,Not at intersection,2,60,Arterial Other,DELACOMBE-WENDOUREE,BALLARAT,-37.568558,143.81572,2023,4,April,16,Afternoon Peak,Weekday
T20230009538,2023-04-24,17:00:00,1,Collision with vehicle,1,Monday,121,RIGHT THROUGH,1,233759,Cross intersection,2,70,Arterial Highway,DANDENONG,STONNINGTON,-37.862553,145.0195,2023,4,April,17,Afternoon Peak,Weekday
T20230009498,2023-04-24,08:15:00,1,Collision with vehicle,1,Monday,130,REAR END(VEHICLES IN SAME LANE),1,770241,Not at intersection,2,60,Local Road,ROXBURGH PARK,HUME,-37.62704,144.92213,2023,4,April,8,Morning Peak,Weekday
T20230009532,2023-04-24,15:15:00,1,Collision with vehicle,1,Monday,110,CROSS TRAFFIC(INTERSECTIONS ONLY),1,771687,Cross intersection,2,80,Arterial Other,BROADFORD-FLOWERDALE ROAD -STRATH CREEK,MURRINDINDI,-37.247147,145.16965,2023,4,April,15,Afternoon Peak,Weekday
T20230009541,2023-04-24,17:19:00,1,Collision with vehicle,1,Monday,130,REAR END(VEHICLES IN SAME LANE),2,778142,Not at intersection,2,70,Arterial Highway,WARBURTON,YARRA RANGES,-37.77412,145.41595,2023,4,April,17,Afternoon Peak,Weekday
T20230009542,2023-04-24,15:55:00,1,Collision with vehicle,1,Monday,113,RIGHT NEAR (INTERSECTIONS ONLY),1,787922,T intersection,3,80,Arterial Other,ELTHAM-YARRA GLEN,YARRA RANGES,-37.652477,145.34625,2023,4,April,15,Afternoon Peak,Weekday
T20230009546,2023-04-24,18:16:00,6,Vehicle overturned (no collision),1,Monday,174,OUT OF CONTROL ON CARRIAGEWAY (ON STRAIGHT),3,40965,T intersection,2,60,Arterial Other,SCORESBY,KNOX,-37.842567,145.27046,2023,4,April,18,Afternoon Peak,Weekday
T20230009547,2023-04-24,14:40:00,4,Collision with a fixed object,1,Monday,181,OFF RIGHT BEND INTO OBJECT/PARKED VEHICLE,1,777038,Not at intersection,2,80,Local Road,HIGHLANDS,MITCHELL,-37.026337,145.19841,2023,4,April,14,Midday,Weekday
T20230009550,2023-04-24,17:05:00,1,Collision with vehicle,1,Monday,121,RIGHT THROUGH,1,38990,T intersection,3,60,Arterial Other,RIVERSDALE,BOROONDARA,-37.830193,145.04657,2023,4,April,17,Afternoon Peak,Weekday