ACCIDENT_NO,ACCIDENT_DATE,ACCIDENT_TIME,ACCIDENT_TYPE,ACCIDENT_TYPE_DESC,DAY_OF_WEEK,DAY_WEEK_DESC,DCA_CODE,DCA_DESC,LIGHT_CONDITION,NODE_ID,ROAD_GEOMETRY_DESC,SEVERITY,SPEED_ZONE,RMA,ROAD_NAME,LGA_NAME,LATITUDE,LONGITUDE,YEAR,MONTH,MONTH_NAME,HOUR,TIME_PERIOD,DAY_TYPE
T20230009552,2023-04-24,13:45:00,1,Collision with vehicle,1,Monday,130,REAR END(VEHICLES IN SAME LANE),1,775165,Not at intersection,2,80,Freeway,PENINSULA LINK IN-CRANBOURNE,FRANKSTON,-38.155804,145.16743,2023,4,April,13,Midday,Weekday
T20230009554,2023-04-24,17:00:00,1,Collision with vehicle,1,Monday,121,RIGHT THROUGH,1,225009,Cross intersection,3,80,Arterial Other,PLENTY,WHITTLESEA,-37.67038,145.07123,2023,4,April,17,Afternoon Peak,Weekday
T20230009555,2023-04-24,08:24:00,1,Collision with vehicle,1,Monday,110,CROSS TRAFFIC(INTERSECTIONS ONLY),1,36798,Cross intersection,3,40,Arterial Other,NORMANBY,PORT PHILLIP,-37.830566,144.9457,2023,4,April,8,Morning Peak,Weekday
T20230009557,2023-04-24,19:00:00,1,Collision with vehicle,1,Monday,130,REAR END(VEHICLES IN SAME LANE),3,770248,Not at intersection,3,70,Arterial Other,KEILOR-DERRIMUT,BRIMBANK,-37.72878,144.8081,2023,4,April,19,Night,Weekday
T20230009558,2023-04-24,18:28:00,1,Collision with vehicle,1,Monday,130,REAR END(VEHICLES IN SAME LANE),3,770975,Not at intersection,2,80,Arterial Highway,SOUTH GIPPSLAND,CASEY,-38.07457,145.27173,2023,4,April,18,Afternoon Peak,Weekday
T20230009560,2023-04-24,15:20:00,1,Collision with vehicle,1,Monday,130,REAR END(VEHICLES IN SAME LANE),1,775216,Not at intersection,2,80,Arterial Highway,FRANKSTON-DANDENONG,FRANKSTON,-38.11115,145.1593,2023,4,April,15,Afternoon Peak,Weekday
T20230009562,2023-04-24,18:57:00,2,Struck Pedestrian,1,Monday,100,PED NEAR SIDE. PED HIT BY VEHICLE FROM THE RIGHT.,3,774382,Not at intersection,3,50,Local Road,BETHANY,WYNDHAM,-37.8525,144.66728,2023,4,April,18,Afternoon Peak,Weekday
T20230009566,2023-04-24,21:19:00,1,Collision with vehicle,1,Monday,116,LEFT NEAR (INTERSECTIONS ONLY),3,51615,T intersection,2,60,Arterial Highway,MARONG,BENDIGO,-36.758636,144.25601,2023,4,April,21,Night,Weekday
T20230009570,2023-04-24,18:30:00,1,Collision with vehicle,1,Monday,163,VEHICLE STRIKES DOOR OF PARKED/STATIONARY VEHICLE,3,141845,Not at intersection,2,40,Local Road,CHAPEL,STONNINGTON,-37.848667,144.99385,2023,4,April,18,Afternoon Peak,Weekday
T20230009571,2023-04-24,17:20:00,4,Collision with a fixed object,1,Monday,171,LEFT OFF CARRIAGEWAY INTO OBJECT/PARKED VEHICLE,2,787980,Not at intersection,2,60,Local Road,TROUPS,MELTON,-37.768864,144.66434,2023,4,April,17,Afternoon Peak,Weekday
T20230009814,2023-04-24,15:47:00,1,Collision with vehicle,1,Monday,130,REAR END(VEHICLES IN SAME LANE),1,775825,T intersection,3,100,Freeway,PENINSULA LINK,MORNINGTON PENINSULA,-38.185986,145.15738,2023,4,April,15,Afternoon Peak,Weekday
T20230009509,2023-04-24,07:50:00,3,Struck animal,1,Monday,167,STRUCK ANIMAL,1,771686,Not at intersection,2,100,Arterial Other,GELANTIPY,EAST GIPPSLAND,-37.248356,148.25397,2023,4,April,7,Morning Peak,Weekday
T20230009572,2023-04-24,21:50:00,1,Collision with vehicle,1,Monday,121,RIGHT THROUGH,3,770844,Cross intersection,3,60,Arterial Other,SYDNEY,MORELAND,-37.733868,144.96529,2023,4,April,21,Night,Weekday
T20230009573,2023-04-24,19:42:00,1,Collision with vehicle,1,Monday,130,REAR END(VEHICLES IN SAME LANE),3,715941,Not at intersection,3,60,Arterial Other,SAYERS,WYNDHAM,-37.8526,144.73,2023,4,April,19,Night,Weekday
T20230010469,2023-04-24,16:15:00,6,Vehicle overturned (no collision),1,Monday,182,OFF CARRIAGEWAY ON LEFT BEND,1,772864,Not at intersection,3,60,Arterial Other,HEIDELBERG-KINGLAKE,NILLUMBIK,-37.561024,145.3201,2023,4,April,16,Afternoon Peak,Weekday
T20230009521,2023-04-24,12:15:00,1,Collision with vehicle,1,Monday,140,U TURN,1,770247,T intersection,2,100,Local Road,MAIN LEAD,PYRENEES,-37.383904,143.3708,2023,4,April,12,Midday,Weekday
T20230009527,2023-04-24,12:15:00,1,Collision with vehicle,1,Monday,110,CROSS TRAFFIC(INTERSECTIONS ONLY),1,718203,Cross intersection,3,100,Local Road,MITCHELL,CAMPASPE,-36.140465,144.83167,2023,4,April,12,Midday,Weekday
T20230009513,2023-04-24,09:40:00,1,Collision with vehicle,1,Monday,120,HEAD ON (NOT OVERTAKING),1,770842,Not at intersection,3,60,Local Road,JUMPING CREEK,MANNINGHAM,-37.737225,145.25131,2023,4,April,9,Morning Peak,Weekday
T20230009511,2023-04-24,09:45:00,1,Collision with vehicle,1,Monday,130,REAR END(VEHICLES IN SAME LANE),1,777412,Not at intersection,3,80,Arterial Highway,SPRINGVALE,MONASH,-37.924114,145.15765,2023,4,April,9,Morning Peak,Weekday
T20230009510,2023-04-24,09:20:00,1,Collision with vehicle,1,Monday,131,LEFT REAR,1,770246,Not at intersection,2,100,Arterial Other,BARWON HEADS,GEELONG,-38.19678,144.36182,2023,4,April,9,Morning Peak,Weekday
T20230009701,2023-04-24,15:30:00,3,Struck animal,1,Monday,167,STRUCK ANIMAL,1,783873,Not at intersection,3,70,Local Road,GLENDALE,MURRINDINDI,-37.352814,145.70702,2023,4,April,15,Afternoon Peak,Weekday
T20230009629,2023-04-24,17:00:00,1,Collision with vehicle,1,Monday,130,REAR END(VEHICLES IN SAME LANE),9,770843,Cross intersection,3,50,Local Road,SOMERVILLE,MARIBYRNONG,-37.81282,144.88344,2023,4,April,17,Afternoon Peak,Weekday
T20230009647,2023-04-25,16:10:00,2,Struck Pedestrian,2,Tuesday,100,PED NEAR SIDE. PED HIT BY VEHICLE FROM THE RIGHT.,1,40004,Cross intersection,3,60,Arterial Other,DOUGLAS,HOBSONS BAY,-37.84511,144.89229,2023,4,April,16,Afternoon Peak,Weekday
T20230019227,2023-04-25,17:20:00,1,Collision with vehicle,2,Tuesday,130,REAR END(VEHICLES IN SAME LANE),2,35470,Cross intersection,3,50,Freeway,SUNSHINE-CALDER IN,BRIMBANK,-37.701614,144.80202,2023,4,April,17,Afternoon Peak,Weekday
T20230009620,2023-04-25,05:50:00,1,Collision with vehicle,2,Tuesday,116,LEFT NEAR (INTERSECTIONS ONLY),3,244028,T intersection,3,60,Local Road,HODGINS,MORNINGTON PENINSULA,-38.299908,145.17792,2023,4,April,5,Morning Peak,Weekday
T20230009646,2023-04-25,12:54:00,1,Collision with vehicle,2,Tuesday,113,RIGHT NEAR (INTERSECTIONS ONLY),1,765535,T intersection,2,60,Arterial Highway,POINT NEPEAN,MORNINGTON PENINSULA,-38.3662,144.80266,2023,4,April,12,Midday,Weekday
T20230009592,2023-04-25,05:50:00,1,Collision with vehicle,2,Tuesday,135,LANE CHANGE LEFT (NOT OVERTAKING),2,787994,Not at intersection,3,50,Local Road,DANA,BALLARAT,-37.563404,143.85075,2023,4,April,5,Morning Peak,Weekday
T20230009643,2023-04-25,17:16:00,4,Collision with a fixed object,2,Tuesday,171,LEFT OFF CARRIAGEWAY INTO OBJECT/PARKED VEHICLE,2,775602,Not at intersection,2,100,Arterial Other,GIRGARRE-RUSHWORTH,CAMPASPE,-36.458412,144.98193,2023,4,April,17,Afternoon Peak,Weekday
T20230009881,2023-04-25,13:20:00,1,Collision with vehicle,2,Tuesday,111,RIGHT FAR (INTERSECTIONS ONLY),1,773568,T intersection,3,80,Arterial Other,KELLETTS,KNOX,-37.91068,145.2364,2023,4,April,13,Midday,Weekday
T20230009610,2023-04-25,11:00:00,1,Collision with vehicle,2,Tuesday,148,VEHICLE OFF FOOTPATH STRIKES VEH ON CARRIAGEWAY,1,40967,T intersection,2,60,Arterial Other,SCORESBY,KNOX,-37.843494,145.27028,2023,4,April,11,Midday,Weekday
T20230009604,2023-04-25,08:20:00,1,Collision with vehicle,2,Tuesday,192,STRUCK TRAIN,1,788000,Not at intersection,3,60,Local Road,YARRAGON-SHADY CREEK,BAW BAW,-38.203568,146.06767,2023,4,April,8,Morning Peak,Weekday
T20230015047,2023-04-25,19:30:00,8,No collision and no object struck,2,Tuesday,179,OTHER ACCIDENTS-OFF STRAIGHT NOT INCLUDED IN DCAs 170-175,2,776999,Not at intersection,3,60,Arterial Other,MT ALEXANDER,MOONEE VALLEY,-37.757187,144.9192,2023,4,April,19,Night,Weekday
T20230009641,2023-04-25,16:36:00,4,Collision with a fixed object,2,Tuesday,181,OFF RIGHT BEND INTO OBJECT/PARKED VEHICLE,1,771103,Not at intersection,3,50,Local Road,FRIENDSHIP,KINGSTON,-37.959854,145.06662,2023,4,April,16,Afternoon Peak,Weekday
T20230009598,2023-04-25,09:20:00,1,Collision with vehicle,2,Tuesday,110,CROSS TRAFFIC(INTERSECTIONS ONLY),1,43597,Cross intersection,3,80,Arterial Other,COOLART,MORNINGTON PENINSULA,-38.22068,145.15485,2023,4,April,9,Morning Peak,Weekday
T20230009595,2023-04-25,09:40:00,4,Collision with a fixed object,2,Tuesday,173,RIGHT OFF CARRIAGEWAY INTO OBJECT/PARKED VEHICLE,1,770976,Not at intersection,3,50,Local Road,ST JAMES,BANYULE,-37.74677,145.06158,2023,4,April,9,Morning Peak,Weekday
T20230009639,2023-04-25,12:45:00,4,Collision with a fixed object,2,Tuesday,173,RIGHT OFF CARRIAGEWAY INTO OBJECT/PARKED VEHICLE,1,780010,Not at intersection,2,100,Arterial Highway,HAMILTON,MOYNE,-38.027153,142.75644,2023,4,April,12,Midday,Weekday
T20230009597,2023-04-25,08:00:00,3,Struck animal,2,Tuesday,167,STRUCK ANIMAL,1,774468,Not at intersection,2,100,Arterial Other,DEANS MARSH-LORNE,SURF COAST,-38.442707,143.90608,2023,4,April,8,Morning Peak,Weekday
T20230009775,2023-04-25,12:20:00,1,Collision with vehicle,2,Tuesday,171,LEFT OFF CARRIAGEWAY INTO OBJECT/PARKED VEHICLE,1,771225,Not at intersection,2,50,Local Road,HOLMES,MOONEE VALLEY,-37.76578,144.91194,2023,4,April,12,Midday,Weekday
T20230009634,2023-04-25,15:15:00,1,Collision with vehicle,2,Tuesday,113,RIGHT NEAR (INTERSECTIONS ONLY),1,609054,T intersection,2,80,Arterial Other,KEILOR PARK,BRIMBANK,-37.734383,144.84999,2023,4,April,15,Afternoon Peak,Weekday
T20230010210,2023-04-25,17:55:00,9,Other accident,2,Tuesday,179,OTHER ACCIDENTS-OFF STRAIGHT NOT INCLUDED IN DCAs 170-175,9,777049,Not at intersection,2,40,Local Road,PATRICK NORTHEAST,CASEY,-38.01997,145.30125,2023,4,April,17,Afternoon Peak,Weekday
T20230009668,2023-04-25,22:45:00,1,Collision with vehicle,2,Tuesday,120,HEAD ON (NOT OVERTAKING),5,775106,Not at intersection,2,100,Arterial Highway,WESTERN,HINDMARSH,-36.371582,141.57649,2023,4,April,22,Night,Weekday
T20230009586,2023-04-25,01:11:00,4,Collision with a fixed object,2,Tuesday,171,LEFT OFF CARRIAGEWAY INTO OBJECT/PARKED VEHICLE,3,292841,Not at intersection,1,80,Freeway,BELGRAVE-HALLAM-MONASH IN,CASEY,-37.998283,145.27507,2023,4,April,1,Late Night,Weekday
T20230009632,2023-04-25,15:30:00,1,Collision with vehicle,2,Tuesday,134,LANE CHANGE RIGHT (NOT OVERTAKING),1,770477,Not at intersection,3,80,Arterial Highway,MAROONDAH,YARRA RANGES,-37.75083,145.3713,2023,4,April,15,Afternoon Peak,Weekday
T20230009627,2023-04-25,14:00:00,1,Collision with vehicle,2,Tuesday,110,CROSS TRAFFIC(INTERSECTIONS ONLY),1,36448,Cross intersection,3,80,Arterial Highway,PRINCES,CASEY,-38.02682,145.31035,2023,4,April,14,Midday,Weekday
T20230009989,2023-04-25,17:40:00,7,Fall from or in moving vehicle,2,Tuesday,190,FELL IN/FROM VEHICLE,9,37951,T intersection,3,40,Local Road,DENNIS,DAREBIN,-37.765656,144.9994,2023,4,April,17,Afternoon Peak,Weekday
T20230009660,2023-04-25,20:45:00,4,Collision with a fixed object,2,Tuesday,171,LEFT OFF CARRIAGEWAY INTO OBJECT/PARKED VEHICLE,3,776374,Not at intersection,3,60,Arterial Other,BUCKLEY,MOONEE VALLEY,-37.754135,144.89128,2023,4,April,20,Night,Weekday
T20230009588,2023-04-25,00:15:00,1,Collision with vehicle,2,Tuesday,160,VEHICLE COLLIDES WITH VEHICLE PARKED ON LEFT OF ROAD,5,784527,Not at intersection,3,50,Local Road,DARLING,STONNINGTON,-37.8366,144.99179,2023,4,April,0,Late Night,Weekday
T20230009626,2023-04-25,12:31:00,1,Collision with vehicle,2,Tuesday,121,RIGHT THROUGH,1,43626,Cross intersection,3,60,Arterial Other,CENTRE,CASEY,-38.029064,145.30089,2023,4,April,12,Midday,Weekday
T20230009609,2023-04-25,11:05:00,6,Vehicle overturned (no collision),2,Tuesday,170,OFF CARRIAGEWAY TO LEFT,1,787996,Not at intersection,2,70,Local Road,KALLISTA-EMERALD,YARRA RANGES,-37.910248,145.43297,2023,4,April,11,Midday,Weekday
T20230011575,2023-04-25,14:00:00,8,No collision and no object struck,2,Tuesday,184,OUT OF CONTROL ON CARRIAGEWAY (ON BEND),1,783012,Not at intersection,2,80,Local Road,OLD COLAC,GOLDEN PLAINS,-37.79134,143.7748,2023,4,April,14,Midday,Weekday
T20230009659,2023-04-25,17:48:00,1,Collision with vehicle,2,Tuesday,130,REAR END(VEHICLES IN SAME LANE),3,771689,Not at intersection,2,80,Arterial Other,SOMERTON,HUME,-37.640533,144.9278,2023,4,April,17,Afternoon Peak,Weekday
T20230009625,2023-04-25,12:50:00,1,Collision with vehicle,2,Tuesday,121,RIGHT THROUGH,1,44336,Cross intersection,3,60,Arterial Other,WERRIBEE STREET -WERRIBEE,WYNDHAM,-37.90456,144.6555,2023,4,April,12,Midday,Weekday
T20230009657,2023-04-25,04:59:00,1,Collision with vehicle,2,Tuesday,147,VEHICLE STRIKES ANOTHER VEH WHILE EMERGING FROM DRIVEWAY,5,788443,Not at intersection,2,80,Arterial Highway,SOUTH GIPPSLAND,DANDENONG,-38.009518,145.22966,2023,4,April,4,Late Night,Weekday
T20230009654,2023-04-25,19:36:00,1,Collision with vehicle,2,Tuesday,112,LEFT FAR (INTERSECTIONS ONLY),3,1288,T intersection,3,60,Arterial Other,VAN NESS,MARIBYRNONG,-37.76942,144.89597,2023,4,April,19,Night,Weekday
T20230012749,2023-04-25,17:40:00,1,Collision with vehicle,2,Tuesday,111,RIGHT FAR (INTERSECTIONS ONLY),1,243933,T intersection,3,60,Arterial Highway,CALDER,BENDIGO,-36.76004,144.2277,2023,4,April,17,Afternoon Peak,Weekday
T20230009653,2023-04-25,19:12:00,1,Collision with vehicle,2,Tuesday,130,REAR END(VEHICLES IN SAME LANE),2,778540,T intersection,2,50,Local Road,NEERIM,MELTON,-37.695583,144.56987,2023,4,April,19,Night,Weekday
T20230009652,2023-04-25,14:50:00,4,Collision with a fixed object,2,Tuesday,171,LEFT OFF CARRIAGEWAY INTO OBJECT/PARKED VEHICLE,1,771688,Cross intersection,3,60,Arterial Other,DAWSON,BALLARAT,-37.559334,143.85367,2023,4,April,14,Midday,Weekday
T20230009612,2023-04-25,11:30:00,6,Vehicle overturned (no collision),2,Tuesday,174,OUT OF CONTROL ON CARRIAGEWAY (ON STRAIGHT),1,45226,Cross intersection,3,60,Arterial Other,HOFFMANS,MOONEE VALLEY,-37.751183,144.89,2023,4,April,11,Midday,Weekday
T20230009651,2023-04-25,14:50:00,2,Struck Pedestrian,2,Tuesday,100,PED NEAR SIDE. PED HIT BY VEHICLE FROM THE RIGHT.,1,787982,Not at intersection,3,60,Arterial Other,RACECOURSE,CARDINIA,-38.077454,145.4934,2023,4,April,14,Midday,Weekday
T20230009650,2023-04-25,15:00:00,1,Collision with vehicle,2,Tuesday,116,LEFT NEAR (INTERSECTIONS ONLY),1,46350,T intersection,2,80,Arterial Highway,SOUTH GIPPSLAND,CASEY,-38.160824,145.31871,2023,4,April,15,Afternoon Peak,Weekday
T20230009649,2023-04-25,18:27:00,1,Collision with vehicle,2,Tuesday,173,RIGHT OFF CARRIAGEWAY INTO OBJECT/PARKED VEHICLE,3,771223,Not at intersection,2,50,Local Road,BELLARIO,CASEY,-38.080257,145.36824,2023,4,April,18,Afternoon Peak,Weekday
T20230013142,2023-04-25,16:38:00,1,Collision with vehicle,2,Tuesday,130,REAR END(VEHICLES IN SAME LANE),1,38679,T intersection,3,60,Arterial Other,BALLARAT,MARIBYRNONG,-37.78976,144.88596,2023,4,April,16,Afternoon Peak,Weekday
T20230009648,2023-04-25,17:00:00,6,Vehicle overturned (no collision),2,Tuesday,182,OFF CARRIAGEWAY ON LEFT BEND,1,775840,Not at intersection,2,60,Local Road,TEASDALE,SHEPPARTON,-36.44533,145.35513,2023,4,April,17,Afternoon Peak,Weekday
T20230009716,2023-04-25,23:07:00,4,Collision with a fixed object,2,Tuesday,141,U TURN INTO FIXED OBJECT/PARKED VEHICLE,3,770983,Cross intersection,2,80,Local Road,HONOUR,CASEY,-38.08243,145.33405,2023,4,April,23,Night,Weekday
T20230009623,2023-04-25,12:00:00,1,Collision with vehicle,2,Tuesday,121,RIGHT THROUGH,1,31286,T intersection,3,60,Local Road,SMITH,MELBOURNE,-37.80895,144.98254,2023,4,April,12,Midday,Weekday
T20230009750,2023-04-26,17:10:00,4,Collision with a fixed object,3,Wednesday,171,LEFT OFF CARRIAGEWAY INTO OBJECT/PARKED VEHICLE,2,787997,Not at intersection,2,50,Arterial Other,RIVERSDALE,BOROONDARA,-37.83377,145.0775,2023,4,April,17,Afternoon Peak,Weekday
T20230009878,2023-04-26,15:30:00,1,Collision with vehicle,3,Wednesday,130,REAR END(VEHICLES IN SAME LANE),1,353375,Cross intersection,3,80,Arterial Other,CLYDE,CASEY,-38.068535,145.33655,2023,4,April,15,Afternoon Peak,Weekday
T20230009747,2023-04-26,19:55:00,1,Collision with vehicle,3,Wednesday,121,RIGHT THROUGH,3,39539,T intersection,3,60,Arterial Other,MITCHAM,MANNINGHAM,-37.80405,145.18925,2023,4,April,19,Night,Weekday
T20230009846,2023-04-26,19:15:00,1,Collision with vehicle,3,Wednesday,132,RIGHT REAR.,9,45632,T intersection,2,40,Arterial Other,SYDNEY,MORELAND,-37.77234,144.96123,2023,4,April,19,Night,Weekday
T20230009746,2023-04-26,18:50:00,6,Vehicle overturned (no collision),3,Wednesday,180,OFF CARRIAGEWAY ON RIGHT BEND,5,783009,Y intersection,2,100,Local Road,TWENTIETH,MILDURA,-34.291473,142.16856,2023,4,April,18,Afternoon Peak,Weekday
T20230009705,2023-04-26,10:28:00,1,Collision with vehicle,3,Wednesday,111,RIGHT FAR (INTERSECTIONS ONLY),1,52412,Cross intersection,3,50,Local Road,MCCULLOCH,EAST GIPPSLAND,-37.82167,147.62231,2023,4,April,10,Midday,Weekday
T20230009727,2023-04-26,18:18:00,2,Struck Pedestrian,3,Wednesday,100,PED NEAR SIDE. PED HIT BY VEHICLE FROM THE RIGHT.,3,19417,Cross intersection,2,60,Arterial Other,HOLMES,BENDIGO,-36.735703,144.26689,2023,4,April,18,Afternoon Peak,Weekday
T20230009682,2023-04-26,08:50:00,2,Struck Pedestrian,3,Wednesday,100,PED NEAR SIDE. PED HIT BY VEHICLE FROM THE RIGHT.,1,771690,Cross intersection,2,60,Arterial Other,BELGRAVE-GEMBROOK,CARDINIA,-37.923756,145.46274,2023,4,April,8,Morning Peak,Weekday
T20230009681,2023-04-26,08:30:00,1,Collision with vehicle,3,Wednesday,110,CROSS TRAFFIC(INTERSECTIONS ONLY),1,47573,Cross intersection,3,60,Arterial Other,SOMERTON,HUME,-37.640984,144.9314,2023,4,April,8,Morning Peak,Weekday
T20230009680,2023-04-26,09:30:00,1,Collision with vehicle,3,Wednesday,130,REAR END(VEHICLES IN SAME LANE),1,325,Not at intersection,3,60,Arterial Other,SWAN,YARRA,-37.82651,145.02016,2023,4,April,9,Morning Peak,Weekday
T20230009677,2023-04-26,07:34:00,1,Collision with vehicle,3,Wednesday,140,U TURN,1,771950,Not at intersection,2,50,Local Road,VENICE,KINGSTON,-37.98618,145.06572,2023,4,April,7,Morning Peak,Weekday
T20230009676,2023-04-26,08:01:00,2,Struck Pedestrian,3,Wednesday,100,PED NEAR SIDE. PED HIT BY VEHICLE FROM THE RIGHT.,1,38153,Cross intersection,3,60,Arterial Other,WATERDALE,BANYULE,-37.74639,145.04703,2023,4,April,8,Morning Peak,Weekday
T20230009674,2023-04-26,07:15:00,8,No collision and no object struck,3,Wednesday,179,OTHER ACCIDENTS-OFF STRAIGHT NOT INCLUDED IN DCAs 170-175,1,770709,Not at intersection,2,80,Arterial Highway,DANDENONG,STONNINGTON,-37.886177,145.07578,2023,4,April,7,Morning Peak,Weekday
T20230009672,2023-04-26,06:27:00,1,Collision with vehicle,3,Wednesday,130,REAR END(VEHICLES IN SAME LANE),2,776692,Not at intersection,2,80,Arterial Other,THOMPSON,DANDENONG,-38.07087,145.18593,2023,4,April,6,Morning Peak,Weekday
T20230009669,2023-04-26,05:50:00,1,Collision with vehicle,3,Wednesday,121,RIGHT THROUGH,3,64054,T intersection,2,40,Local Road,HAKATERE,DAREBIN,-37.770683,145.0103,2023,4,April,5,Morning Peak,Weekday
T20230009725,2023-04-26,16:52:00,1,Collision with vehicle,3,Wednesday,121,RIGHT THROUGH,2,250878,T intersection,2,60,Arterial Other,COMMERCIAL,STONNINGTON,-37.846172,144.98877,2023,4,April,16,Afternoon Peak,Weekday
T20230009732,2023-04-26,17:17:00,1,Collision with vehicle,3,Wednesday,130,REAR END(VEHICLES IN SAME LANE),2,784881,Not at intersection,3,80,Arterial Highway,PRINCES,DANDENONG,-37.942486,145.16719,2023,4,April,17,Afternoon Peak,Weekday
T20230009759,2023-04-26,22:40:00,1,Collision with vehicle,3,Wednesday,130,REAR END(VEHICLES IN SAME LANE),3,771224,T intersection,3,80,Arterial Other,SYDNEY,HUME,-37.654926,144.9533,2023,4,April,22,Night,Weekday
T20230012262,2023-04-26,10:40:00,1,Collision with vehicle,3,Wednesday,130,REAR END(VEHICLES IN SAME LANE),1,777041,Not at intersection,3,100,Arterial Highway,MURRAY VALLEY,TOWONG,-36.21701,147.2343,2023,4,April,10,Midday,Weekday
T20230009712,2023-04-26,14:47:00,1,Collision with vehicle,3,Wednesday,110,CROSS TRAFFIC(INTERSECTIONS ONLY),1,52682,Cross intersection,3,60,Arterial Highway,LONGFIELD,NORTHERN GRAMPIANS,-37.064175,142.76505,2023,4,April,14,Midday,Weekday
T20230009713,2023-04-26,15:03:00,1,Collision with vehicle,3,Wednesday,135,LANE CHANGE LEFT (NOT OVERTAKING),1,784880,Not at intersection,2,60,Arterial Highway,PUNT,PORT PHILLIP,-37.8554,144.98312,2023,4,April,15,Afternoon Peak,Weekday
T20230009751,2023-04-26,19:10:00,1,Collision with vehicle,3,Wednesday,110,CROSS TRAFFIC(INTERSECTIONS ONLY),2,299955,Cross intersection,3,50,Local Road,HARRIET,SOUTH GIPPSLAND,-38.666397,146.3262,2023,4,April,19,Night,Weekday
T20230009696,2023-04-26,12:25:00,1,Collision with vehicle,3,Wednesday,121,RIGHT THROUGH,1,46265,T intersection,3,60,Local Road,PATONGA,BRIMBANK,-37.726154,144.76936,2023,4,April,12,Midday,Weekday
T20230009738,2023-04-26,13:00:00,2,Struck Pedestrian,3,Wednesday,102,FAR SIDE. PED HIT BY VEHICLE FROM THE LEFT,1,773567,Not at intersection,3,40,Local Road,SPRINGFIELD,WHITEHORSE,-37.81038,145.15192,2023,4,April,13,Midday,Weekday
T20230009697,2023-04-26,12:01:00,1,Collision with vehicle,3,Wednesday,120,HEAD ON (NOT OVERTAKING),1,774494,Not at intersection,2,40,Local Road,ALEXANDRA,MELBOURNE,-37.82765,144.98145,2023,4,April,12,Midday,Weekday
T20230009734,2023-04-26,15:55:00,4,Collision with a fixed object,3,Wednesday,181,OFF RIGHT BEND INTO OBJECT/PARKED VEHICLE,1,770845,Not at intersection,1,100,Local Road,TREW,BASS COAST,-38.49912,145.52425,2023,4,April,15,Afternoon Peak,Weekday
T20230009664,2023-04-26,01:10:00,1,Collision with vehicle,3,Wednesday,160,VEHICLE COLLIDES WITH VEHICLE PARKED ON LEFT OF ROAD,3,68032,Cross intersection,2,50,Local Road,GROSVENOR,PORT PHILLIP,-37.872246,144.99146,2023,4,April,1,Late Night,Weekday
T20230009733,2023-04-26,16:40:00,1,Collision with vehicle,3,Wednesday,110,CROSS TRAFFIC(INTERSECTIONS ONLY),1,54679,Cross intersection,3,70,Arterial Highway,SURF COAST,GEELONG,-38.2049,144.34053,2023,4,April,16,Afternoon Peak,Weekday
T20230009722,2023-04-26,15:55:00,1,Collision with vehicle,3,Wednesday,134,LANE CHANGE RIGHT (NOT OVERTAKING),1,928,T intersection,2,80,Arterial Highway,FRANKSTON-DANDENONG,FRANKSTON,-38.104347,145.16844,2023,4,April,15,Afternoon Peak,Weekday
T20230010204,2023-04-26,09:10:00,1,Collision with vehicle,3,Wednesday,130,REAR END(VEHICLES IN SAME LANE),1,278703,Multiple intersection,2,60,Freeway,BACCHUS MARSH,GEELONG,-38.05862,144.35825,2023,4,April,9,Morning Peak,Weekday
T20230009745,2023-04-26,19:30:00,4,Collision with a fixed object,3,Wednesday,171,LEFT OFF CARRIAGEWAY INTO OBJECT/PARKED VEHICLE,5,787987,Not at intersection,3,60,Local Road,BOUNDARY,MELTON,-37.80883,144.73192,2023,4,April,19,Night,Weekday
T20230009744,2023-04-26,17:40:00,1,Collision with vehicle,3,Wednesday,129,OTHER OPPOSING MANOEUVRES NOT INCLUDED IN DCAs 120-125.,2,73359,Cross intersection,3,50,Local Road,COWRIE,SURF COAST,-38.324738,144.32405,2023,4,April,17,Afternoon Peak,Weekday
T20230009685,2023-04-26,10:15:00,1,Collision with vehicle,3,Wednesday,140,U TURN,1,37058,T intersection,2,70,Arterial Highway,HODDLE,MELBOURNE,-37.81533,144.99037,2023,4,April,10,Midday,Weekday
T20230011611,2023-04-26,10:45:00,1,Collision with vehicle,3,Wednesday,139,OTHER SAME DIRECTION-MANOUEVRES NOT INCLUDED IN DCAs 130-137,1,784890,Not at intersection,3,40,Arterial Other,CLARENDON,PORT PHILLIP,-37.833412,144.96075,2023,4,April,10,Midday,Weekday
T20230009686,2023-04-26,05:50:00,1,Collision with vehicle,3,Wednesday,111,RIGHT FAR (INTERSECTIONS ONLY),2,38534,Cross intersection,2,60,Arterial Other,ANDERSON,BRIMBANK,-37.787975,144.82692,2023,4,April,5,Morning Peak,Weekday
T20230010363,2023-04-26,14:28:00,1,Collision with vehicle,3,Wednesday,140,U TURN,1,776963,Not at intersection,3,60,Local Road,DYSON,BALLARAT,-37.560757,143.78389,2023,4,April,14,Midday,Weekday
T20230009754,2023-04-26,17:10:00,2,Struck Pedestrian,3,Wednesday,101,PED EMERGES FROM IN FRONT OF PARKED OR STATIONARY VEHICLE,1,771691,Not at intersection,2,50,Local Road,ALABASTER,MELTON,-37.714848,144.59048,2023,4,April,17,Afternoon Peak,Weekday
T20230010563,2023-04-26,16:45:00,1,Collision with vehicle,3,Wednesday,130,REAR END(VEHICLES IN SAME LANE),1,773919,Not at intersection,3,100,Freeway,CALDER,BRIMBANK,-37.71187,144.83054,2023,4,April,16,Afternoon Peak,Weekday
T20230009758,2023-04-26,18:15:00,2,Struck Pedestrian,3,Wednesday,106,VEH STRIKES PED ON FOOTPATH/MEDIAN/TRAFFIC ISLAND.,2,36826,Cross intersection,3,40,Arterial Other,DUDLEY,MELBOURNE,-37.80924,144.95236,2023,4,April,18,Afternoon Peak,Weekday