ACCIDENT_NO,ACCIDENT_DATE,ACCIDENT_TIME,ACCIDENT_TYPE,ACCIDENT_TYPE_DESC,DAY_OF_WEEK,DAY_WEEK_DESC,DCA_CODE,DCA_DESC,LIGHT_CONDITION,NODE_ID,ROAD_GEOMETRY_DESC,SEVERITY,SPEED_ZONE,RMA,ROAD_NAME,LGA_NAME,LATITUDE,LONGITUDE,YEAR,MONTH,MONTH_NAME,HOUR,TIME_PERIOD,DAY_TYPE
T20230010444,2023-04-26,16:15:00,1,Collision with vehicle,3,Wednesday,130,REAR END(VEHICLES IN SAME LANE),1,774031,Not at intersection,3,80,Freeway,METROPOLITAN RING,WHITTLESEA,-37.68618,145.06346,2023,4,April,16,Afternoon Peak,Weekday
T20230021246,2023-04-26,10:45:00,1,Collision with vehicle,3,Wednesday,110,CROSS TRAFFIC(INTERSECTIONS ONLY),1,780950,Cross intersection,3,50,Local Road,VERNER,GEELONG,-38.16221,144.36815,2023,4,April,10,Midday,Weekday
T20230012883,2023-04-26,08:20:00,1,Collision with vehicle,3,Wednesday,130,REAR END(VEHICLES IN SAME LANE),1,775927,Not at intersection,3,100,Freeway,PRINCES,CASEY,-38.041176,145.33365,2023,4,April,8,Morning Peak,Weekday
T20230009892,2023-04-26,15:15:00,2,Struck Pedestrian,3,Wednesday,100,PED NEAR SIDE. PED HIT BY VEHICLE FROM THE RIGHT.,1,771463,Not at intersection,3,40,Local Road,AMESBURY,KNOX,-37.8569,145.23265,2023,4,April,15,Afternoon Peak,Weekday
T20230010005,2023-04-26,20:30:00,1,Collision with vehicle,3,Wednesday,133,LANE SIDE SWIPE (VEHICLES IN PARALLEL LANES),5,776120,Not at intersection,3,100,Local Road,SWITCHBACK,LATROBE,-38.300644,146.35864,2023,4,April,20,Night,Weekday
T20230009688,2023-04-26,08:37:00,1,Collision with vehicle,3,Wednesday,112,LEFT FAR (INTERSECTIONS ONLY),2,65712,T intersection,3,50,Arterial Other,COTHAM,BOROONDARA,-37.80981,145.05602,2023,4,April,8,Morning Peak,Weekday
T20230009737,2023-04-26,16:56:00,4,Collision with a fixed object,3,Wednesday,173,RIGHT OFF CARRIAGEWAY INTO OBJECT/PARKED VEHICLE,2,778541,Not at intersection,3,60,Local Road,MOE-RAWSON,BAW BAW,-37.979183,146.37202,2023,4,April,16,Afternoon Peak,Weekday
T20230009752,2023-04-26,00:10:00,6,Vehicle overturned (no collision),3,Wednesday,174,OUT OF CONTROL ON CARRIAGEWAY (ON STRAIGHT),3,41201,Cross intersection,2,60,Arterial Other,NORTH,BAYSIDE,-37.89936,145.00272,2023,4,April,0,Late Night,Weekday
T20230009810,2023-04-27,10:11:00,1,Collision with vehicle,4,Thursday,113,RIGHT NEAR (INTERSECTIONS ONLY),1,772607,Cross intersection,2,70,Arterial Other,DRISCOLLS,BRIMBANK,-37.72777,144.82062,2023,4,April,10,Midday,Weekday
T20230009816,2023-04-27,15:55:00,1,Collision with vehicle,4,Thursday,113,RIGHT NEAR (INTERSECTIONS ONLY),1,40418,T intersection,3,60,Arterial Other,BURKE,BOROONDARA,-37.848427,145.05342,2023,4,April,15,Afternoon Peak,Weekday
T20230009818,2023-04-27,10:40:00,1,Collision with vehicle,4,Thursday,130,REAR END(VEHICLES IN SAME LANE),1,777699,Not at intersection,3,60,Local Road,THOMAS,BAYSIDE,-37.913486,145.02376,2023,4,April,10,Midday,Weekday
T20230009820,2023-04-27,07:50:00,1,Collision with vehicle,4,Thursday,140,U TURN,1,779730,Cross intersection,3,60,Arterial Highway,WARRIGAL,STONNINGTON,-37.892834,145.08826,2023,4,April,7,Morning Peak,Weekday
T20230009822,2023-04-27,16:25:00,1,Collision with vehicle,4,Thursday,136,RIGHT TURN SIDESWIPE,1,47363,Cross intersection,3,80,Local Road,BANNONS,NILLUMBIK,-37.6268,145.144,2023,4,April,16,Afternoon Peak,Weekday
T20230009828,2023-04-27,15:05:00,4,Collision with a fixed object,4,Thursday,173,RIGHT OFF CARRIAGEWAY INTO OBJECT/PARKED VEHICLE,1,775554,T intersection,2,100,Local Road,BACCHUS MARSH-BALLIANG,MOORABOOL,-37.709694,144.40271,2023,4,April,15,Afternoon Peak,Weekday
T20230009829,2023-04-27,17:05:00,2,Struck Pedestrian,4,Thursday,100,PED NEAR SIDE. PED HIT BY VEHICLE FROM THE RIGHT.,2,41563,Cross intersection,3,40,Local Road,PORTMAN,MONASH,-37.900066,145.08861,2023,4,April,17,Afternoon Peak,Weekday
T20230011704,2023-04-27,18:30:00,1,Collision with vehicle,4,Thursday,130,REAR END(VEHICLES IN SAME LANE),3,774328,Not at intersection,3,50,Arterial Other,WAVERLEY,MOONEE VALLEY,-37.76456,144.90584,2023,4,April,18,Afternoon Peak,Weekday
T20230009830,2023-04-27,15:38:00,2,Struck Pedestrian,4,Thursday,103,PED PLAYING/LYING/WORKING/STANDING ON CARRIAGEWAY.,1,778603,Not at intersection,3,40,Arterial Other,PLYMOUTH,MAROONDAH,-37.781612,145.25726,2023,4,April,15,Afternoon Peak,Weekday
T20230009833,2023-04-27,18:38:00,2,Struck Pedestrian,4,Thursday,101,PED EMERGES FROM IN FRONT OF PARKED OR STATIONARY VEHICLE,3,770989,Not at intersection,2,50,Local Road,WANDA,MONASH,-37.930042,145.16658,2023,4,April,18,Afternoon Peak,Weekday
T20230009835,2023-04-27,17:00:00,1,Collision with vehicle,4,Thursday,110,CROSS TRAFFIC(INTERSECTIONS ONLY),1,770120,Cross intersection,3,80,Arterial Other,NARRE WARREN NORTH,CASEY,-38.020782,145.30801,2023,4,April,17,Afternoon Peak,Weekday
T20230009836,2023-04-27,19:20:00,1,Collision with vehicle,4,Thursday,113,RIGHT NEAR (INTERSECTIONS ONLY),3,29445,T intersection,3,70,Local Road,HALL,FRANKSTON,-38.101364,145.18779,2023,4,April,19,Night,Weekday
T20230009837,2023-04-27,17:30:00,1,Collision with vehicle,4,Thursday,113,RIGHT NEAR (INTERSECTIONS ONLY),2,774101,T intersection,2,70,Arterial Highway,NEPEAN,MORNINGTON PENINSULA,-38.232876,145.04037,2023,4,April,17,Afternoon Peak,Weekday
T20230009839,2023-04-27,18:28:00,1,Collision with vehicle,4,Thursday,120,HEAD ON (NOT OVERTAKING),3,29732,T intersection,2,60,Arterial Other,SEAFORD,FRANKSTON,-38.111557,145.14833,2023,4,April,18,Afternoon Peak,Weekday
T20230009840,2023-04-27,19:39:00,1,Collision with vehicle,4,Thursday,113,RIGHT NEAR (INTERSECTIONS ONLY),3,291065,Multiple intersection,2,80,Freeway,MONASH OUT-STUD,DANDENONG,-37.957676,145.2258,2023,4,April,19,Night,Weekday
T20230009859,2023-04-27,09:00:00,2,Struck Pedestrian,4,Thursday,106,VEH STRIKES PED ON FOOTPATH/MEDIAN/TRAFFIC ISLAND.,1,49321,Cross intersection,3,60,Arterial Other,CONDON,BENDIGO,-36.773247,144.30522,2023,4,April,9,Morning Peak,Weekday
T20230009862,2023-04-27,15:30:00,1,Collision with vehicle,4,Thursday,121,RIGHT THROUGH,1,40906,Cross intersection,3,80,Arterial Other,BORONIA,KNOX,-37.8515,145.23988,2023,4,April,15,Afternoon Peak,Weekday
T20230009876,2023-04-27,15:39:00,1,Collision with vehicle,4,Thursday,130,REAR END(VEHICLES IN SAME LANE),1,780534,T intersection,3,60,Arterial Other,PRINCES,LATROBE,-38.235638,146.3944,2023,4,April,15,Afternoon Peak,Weekday
T20230009879,2023-04-27,08:40:00,1,Collision with vehicle,4,Thursday,130,REAR END(VEHICLES IN SAME LANE),1,772484,T intersection,3,80,Arterial Other,HEALESVILLE-KOO WEE RUP,YARRA RANGES,-37.672443,145.51062,2023,4,April,8,Morning Peak,Weekday
T20230009850,2023-04-27,18:00:00,1,Collision with vehicle,4,Thursday,130,REAR END(VEHICLES IN SAME LANE),2,777457,Not at intersection,3,40,Arterial Other,HUME,HUME,-37.594643,144.94263,2023,4,April,18,Afternoon Peak,Weekday
T20230009844,2023-04-27,16:25:00,2,Struck Pedestrian,4,Thursday,101,PED EMERGES FROM IN FRONT OF PARKED OR STATIONARY VEHICLE,1,771105,Not at intersection,2,50,Local Road,DAVISSON,WHITTLESEA,-37.64562,145.03053,2023,4,April,16,Afternoon Peak,Weekday
T20230010804,2023-04-27,12:15:00,1,Collision with vehicle,4,Thursday,130,REAR END(VEHICLES IN SAME LANE),1,781134,Not at intersection,3,80,Freeway,TULLAMARINE IN-MICKLEHAM,HUME,-37.6891,144.88165,2023,4,April,12,Midday,Weekday
T20230010083,2023-04-27,12:52:00,1,Collision with vehicle,4,Thursday,135,LANE CHANGE LEFT (NOT OVERTAKING),1,774007,Not at intersection,2,60,Arterial Highway,ST KILDA,PORT PHILLIP,-37.86334,144.98541,2023,4,April,12,Midday,Weekday
T20230009763,2023-04-27,06:31:00,1,Collision with vehicle,4,Thursday,130,REAR END(VEHICLES IN SAME LANE),2,780023,Not at intersection,3,100,Freeway,EASTERN,WHITEHORSE,-37.798477,145.14261,2023,4,April,6,Morning Peak,Weekday
T20230020202,2023-04-27,14:30:00,1,Collision with vehicle,4,Thursday,130,REAR END(VEHICLES IN SAME LANE),1,57918,Cross intersection,3,80,Arterial Highway,DANDENONG,STONNINGTON,-37.878128,145.04764,2023,4,April,14,Midday,Weekday
T20230010430,2023-04-27,22:45:00,1,Collision with vehicle,4,Thursday,136,RIGHT TURN SIDESWIPE,3,61467,T intersection,3,50,Local Road,CHESTNUT,WHITTLESEA,-37.672443,145.04732,2023,4,April,22,Night,Weekday
T20230009769,2023-04-27,08:50:00,1,Collision with vehicle,4,Thursday,110,CROSS TRAFFIC(INTERSECTIONS ONLY),1,356393,Cross intersection,3,80,Arterial Other,BEACONSFIELD-NAR NAR GOON,CARDINIA,-38.06109,145.44408,2023,4,April,8,Morning Peak,Weekday
T20230009773,2023-04-27,08:15:00,1,Collision with vehicle,4,Thursday,110,CROSS TRAFFIC(INTERSECTIONS ONLY),1,358851,Cross intersection,2,100,Arterial Highway,STAWELL-WARRACKNABEAL,YARRIAMBIACK,-36.537758,142.63182,2023,4,April,8,Morning Peak,Weekday
T20230010046,2023-04-27,07:30:00,1,Collision with vehicle,4,Thursday,130,REAR END(VEHICLES IN SAME LANE),1,777427,Not at intersection,3,100,Freeway,WESTERN,MELTON,-37.720253,144.64645,2023,4,April,7,Morning Peak,Weekday
T20230012091,2023-04-27,11:00:00,6,Vehicle overturned (no collision),4,Thursday,174,OUT OF CONTROL ON CARRIAGEWAY (ON STRAIGHT),1,398,Cross intersection,3,60,Arterial Other,ST GEORGES,YARRA,-37.779064,144.98749,2023,4,April,11,Midday,Weekday
T20230009849,2023-04-27,18:54:00,1,Collision with vehicle,4,Thursday,121,RIGHT THROUGH,3,774102,Not at intersection,3,40,Arterial Other,MURRAY,DAREBIN,-37.7378,145.00229,2023,4,April,18,Afternoon Peak,Weekday
T20230010079,2023-04-27,08:31:00,1,Collision with vehicle,4,Thursday,130,REAR END(VEHICLES IN SAME LANE),1,784886,Not at intersection,3,60,Arterial Other,WELLINGTON,BENDIGO,-36.806145,144.35434,2023,4,April,8,Morning Peak,Weekday
T20230012067,2023-04-27,21:20:00,1,Collision with vehicle,4,Thursday,121,RIGHT THROUGH,3,349924,Cross intersection,3,70,Arterial Highway,CENTRE,DANDENONG,-37.933105,145.15572,2023,4,April,21,Night,Weekday
T20230015181,2023-04-27,12:00:00,1,Collision with vehicle,4,Thursday,130,REAR END(VEHICLES IN SAME LANE),1,357087,T intersection,3,80,Arterial Other,BALFOUR,BAW BAW,-38.14109,145.87077,2023,4,April,12,Midday,Weekday
T20230009795,2023-04-27,12:11:00,1,Collision with vehicle,4,Thursday,130,REAR END(VEHICLES IN SAME LANE),1,773659,Not at intersection,2,40,Arterial Other,VICTORIA,YARRA,-37.810234,144.99738,2023,4,April,12,Midday,Weekday
T20230009790,2023-04-27,12:37:00,8,No collision and no object struck,4,Thursday,174,OUT OF CONTROL ON CARRIAGEWAY (ON STRAIGHT),1,770986,T intersection,2,40,Local Road,LITTLE COLLINS,MELBOURNE,-37.81437,144.96657,2023,4,April,12,Midday,Weekday
T20230009789,2023-04-27,10:00:00,1,Collision with vehicle,4,Thursday,120,HEAD ON (NOT OVERTAKING),1,784882,Not at intersection,3,100,Arterial Highway,PRINCES,EAST GIPPSLAND,-37.832844,147.90814,2023,4,April,10,Midday,Weekday
T20230009787,2023-04-27,12:12:00,1,Collision with vehicle,4,Thursday,110,CROSS TRAFFIC(INTERSECTIONS ONLY),1,277609,Cross intersection,2,100,Arterial Highway,PRINCES,EAST GIPPSLAND,-37.818466,147.81479,2023,4,April,12,Midday,Weekday
T20230009797,2023-04-27,08:37:00,1,Collision with vehicle,4,Thursday,111,RIGHT FAR (INTERSECTIONS ONLY),1,42875,T intersection,2,80,Arterial Highway,SPRINGVALE,DANDENONG,-37.97491,145.14769,2023,4,April,8,Morning Peak,Weekday
T20230009806,2023-04-27,12:05:00,8,No collision and no object struck,4,Thursday,180,OFF CARRIAGEWAY ON RIGHT BEND,1,771106,Not at intersection,2,100,Arterial Other,MURRAY RIVER,TOWONG,-36.08665,147.97684,2023,4,April,12,Midday,Weekday
T20230009782,2023-04-27,09:45:00,1,Collision with vehicle,4,Thursday,130,REAR END(VEHICLES IN SAME LANE),1,43259,Cross intersection,2,80,Arterial Other,GREENS,DANDENONG,-38.012344,145.19627,2023,4,April,9,Morning Peak,Weekday
T20230009809,2023-04-27,15:05:00,1,Collision with vehicle,4,Thursday,110,CROSS TRAFFIC(INTERSECTIONS ONLY),1,45185,Cross intersection,3,50,Local Road,ANDREW FAIRLEY,SHEPPARTON,-36.375843,145.41414,2023,4,April,15,Afternoon Peak,Weekday
T20230009851,2023-04-27,18:30:00,1,Collision with vehicle,4,Thursday,110,CROSS TRAFFIC(INTERSECTIONS ONLY),3,36364,Cross intersection,3,60,Arterial Other,PRINCES,MELBOURNE,-37.79242,144.96988,2023,4,April,18,Afternoon Peak,Weekday
T20230011912,2023-04-28,17:33:00,4,Collision with a fixed object,5,Friday,181,OFF RIGHT BEND INTO OBJECT/PARKED VEHICLE,2,786022,Not at intersection,3,80,Freeway,NORTHERN-HUME IN,MITCHELL,-37.44839,144.98145,2023,4,April,17,Afternoon Peak,Weekday
T20230009874,2023-04-28,10:21:00,1,Collision with vehicle,5,Friday,130,REAR END(VEHICLES IN SAME LANE),1,707318,Cross intersection,3,60,Arterial Other,STURT,BALLARAT,-37.559666,143.83893,2023,4,April,10,Midday,Weekday
T20230009888,2023-04-28,07:50:00,1,Collision with vehicle,5,Friday,132,RIGHT REAR.,2,61114,T intersection,2,40,Arterial Other,MICKLEHAM,HUME,-37.628723,144.88261,2023,4,April,7,Morning Peak,Weekday
T20230009875,2023-04-28,11:05:00,1,Collision with vehicle,5,Friday,132,RIGHT REAR.,1,42747,Cross intersection,3,40,Local Road,CHARMAN,KINGSTON,-37.965412,145.0557,2023,4,April,11,Midday,Weekday
T20230010432,2023-04-28,14:45:00,1,Collision with vehicle,5,Friday,130,REAR END(VEHICLES IN SAME LANE),1,773854,Not at intersection,3,80,Arterial Other,SOUTH,GLEN EIRA,-37.936302,145.06114,2023,4,April,14,Midday,Weekday
T20230009891,2023-04-28,13:00:00,1,Collision with vehicle,5,Friday,121,RIGHT THROUGH,1,29803,T intersection,3,60,Arterial Other,PLENTY,DAREBIN,-37.72733,145.02013,2023,4,April,13,Midday,Weekday
T20230009965,2023-04-28,13:40:00,1,Collision with vehicle,5,Friday,130,REAR END(VEHICLES IN SAME LANE),1,771693,Not at intersection,3,80,Arterial Highway,RINGWOOD,MAROONDAH,-37.810474,145.22772,2023,4,April,13,Midday,Weekday
T20230011993,2023-04-28,15:50:00,1,Collision with vehicle,5,Friday,121,RIGHT THROUGH,1,714,Cross intersection,3,60,Arterial Other,WAVERLEY,MONASH,-37.884705,145.12735,2023,4,April,15,Afternoon Peak,Weekday
T20230010319,2023-04-28,14:00:00,1,Collision with vehicle,5,Friday,110,CROSS TRAFFIC(INTERSECTIONS ONLY),1,51724,Cross intersection,3,60,Local Road,CARPENTER,BENDIGO,-36.79455,144.24289,2023,4,April,14,Midday,Weekday
T20230012081,2023-04-28,12:30:00,1,Collision with vehicle,5,Friday,113,RIGHT NEAR (INTERSECTIONS ONLY),1,775838,Cross intersection,3,70,Local Road,AUSTRAK,HUME,-37.642796,144.94673,2023,4,April,12,Midday,Weekday
T20230009899,2023-04-28,10:20:00,1,Collision with vehicle,5,Friday,148,VEHICLE OFF FOOTPATH STRIKES VEH ON CARRIAGEWAY,1,772214,T intersection,2,50,Local Road,ALBERT,MORELAND,-37.767845,144.95352,2023,4,April,10,Midday,Weekday
T20230010022,2023-04-28,18:15:00,1,Collision with vehicle,5,Friday,120,HEAD ON (NOT OVERTAKING),2,772477,Not at intersection,2,80,Arterial Other,ELTHAM-YARRA GLEN,YARRA RANGES,-37.649685,145.35658,2023,4,April,18,Afternoon Peak,Weekday
T20230012819,2023-04-28,20:35:00,1,Collision with vehicle,5,Friday,132,RIGHT REAR.,6,278455,T intersection,3,70,Local Road,GLASSCOCKS,CASEY,-38.071445,145.31119,2023,4,April,20,Night,Weekday
T20230009900,2023-04-28,11:20:00,1,Collision with vehicle,5,Friday,137,LEFT TURN SIDESWIPE,1,36,Cross intersection,3,60,Arterial Other,KING,MELBOURNE,-37.808163,144.95169,2023,4,April,11,Midday,Weekday
T20230009934,2023-04-28,20:00:00,1,Collision with vehicle,5,Friday,110,CROSS TRAFFIC(INTERSECTIONS ONLY),3,29775,Cross intersection,3,80,Arterial Other,FRANKSTON-FLINDERS,MORNINGTON PENINSULA,-38.238575,145.18924,2023,4,April,20,Night,Weekday
T20230009907,2023-04-28,16:53:00,1,Collision with vehicle,5,Friday,140,U TURN,1,689119,Not at intersection,3,50,Arterial Other,HOWITT,BALLARAT,-37.540787,143.83664,2023,4,April,16,Afternoon Peak,Weekday
T20230009933,2023-04-28,19:09:00,6,Vehicle overturned (no collision),5,Friday,172,OFF CARRIAGEWAY TO RIGHT,3,781207,Not at intersection,2,60,Local Road,AVENEL,MITCHELL,-37.016354,145.15169,2023,4,April,19,Night,Weekday
T20230009908,2023-04-28,17:00:00,1,Collision with vehicle,5,Friday,130,REAR END(VEHICLES IN SAME LANE),1,775406,Not at intersection,2,40,Local Road,KEPLER,WARRNAMBOOL,-38.3825,142.48149,2023,4,April,17,Afternoon Peak,Weekday
T20230010447,2023-04-28,18:40:00,4,Collision with a fixed object,5,Friday,171,LEFT OFF CARRIAGEWAY INTO OBJECT/PARKED VEHICLE,9,784302,Not at intersection,3,80,Arterial Highway,NEPEAN,MORNINGTON PENINSULA,-38.294304,145.02942,2023,4,April,18,Afternoon Peak,Weekday
T20230011020,2023-04-28,08:13:00,1,Collision with vehicle,5,Friday,130,REAR END(VEHICLES IN SAME LANE),1,776114,Not at intersection,3,60,Arterial Other,SEYMOUR-TOOBORAC,MITCHELL,-37.03108,145.09984,2023,4,April,8,Morning Peak,Weekday
T20230009922,2023-04-28,18:15:00,1,Collision with vehicle,5,Friday,110,CROSS TRAFFIC(INTERSECTIONS ONLY),3,53464,Cross intersection,2,80,Arterial Highway,SPRINGVALE,DANDENONG,-37.982437,145.14616,2023,4,April,18,Afternoon Peak,Weekday
T20230009902,2023-04-28,15:30:00,1,Collision with vehicle,5,Friday,130,REAR END(VEHICLES IN SAME LANE),1,774148,T intersection,2,100,Freeway,EASTLINK,KNOX,-37.899467,145.21466,2023,4,April,15,Afternoon Peak,Weekday
T20230009928,2023-04-28,19:08:00,1,Collision with vehicle,5,Friday,110,CROSS TRAFFIC(INTERSECTIONS ONLY),3,50190,Cross intersection,3,80,Arterial Highway,BELLARINE,GEELONG,-38.182743,144.43764,2023,4,April,19,Night,Weekday
T20230009929,2023-04-28,20:05:00,1,Collision with vehicle,5,Friday,121,RIGHT THROUGH,1,17631,T intersection,3,60,Arterial Other,MURDOCH,WANGARATTA,-36.379467,146.3266,2023,4,April,20,Night,Weekday
T20230009956,2023-04-28,23:04:00,1,Collision with vehicle,5,Friday,113,RIGHT NEAR (INTERSECTIONS ONLY),3,47131,T intersection,2,80,Arterial Other,NARRE WARREN,CASEY,-38.096493,145.29309,2023,4,April,23,Night,Weekday
T20230009968,2023-04-28,18:30:00,4,Collision with a fixed object,5,Friday,173,RIGHT OFF CARRIAGEWAY INTO OBJECT/PARKED VEHICLE,5,773617,Not at intersection,2,100,Local Road,PRANJIP,STRATHBOGIE,-36.71552,145.34859,2023,4,April,18,Afternoon Peak,Weekday
T20230016044,2023-04-28,15:30:00,5,collision with some other object,5,Friday,179,OTHER ACCIDENTS-OFF STRAIGHT NOT INCLUDED IN DCAs 170-175,1,784895,Not at intersection,3,80,Arterial Highway,NEPEAN,MORNINGTON PENINSULA,-38.27135,145.03438,2023,4,April,15,Afternoon Peak,Weekday
T20230009935,2023-04-28,17:33:00,2,Struck Pedestrian,5,Friday,102,FAR SIDE. PED HIT BY VEHICLE FROM THE LEFT,3,771233,T intersection,2,60,Arterial Other,DONCASTER,BOROONDARA,-37.791546,145.09457,2023,4,April,17,Afternoon Peak,Weekday
T20230009936,2023-04-28,20:35:00,1,Collision with vehicle,5,Friday,121,RIGHT THROUGH,3,29738,Cross intersection,3,60,Arterial Other,MURRAY,MORELAND,-37.735954,144.98291,2023,4,April,20,Night,Weekday
T20230009937,2023-04-28,15:03:00,1,Collision with vehicle,5,Friday,129,OTHER OPPOSING MANOEUVRES NOT INCLUDED IN DCAs 120-125.,1,71470,Cross intersection,3,50,Local Road,CANTERBURY,CASEY,-38.10107,145.28525,2023,4,April,15,Afternoon Peak,Weekday
T20230009941,2023-04-28,21:10:00,1,Collision with vehicle,5,Friday,121,RIGHT THROUGH,3,38405,Y intersection,3,60,Arterial Other,RINGWOOD-WARRANDYTE,MANNINGHAM,-37.76946,145.23038,2023,4,April,21,Night,Weekday
T20230009943,2023-04-28,19:00:00,1,Collision with vehicle,5,Friday,139,OTHER SAME DIRECTION-MANOUEVRES NOT INCLUDED IN DCAs 130-137,3,785233,Not at intersection,3,60,Arterial Other,RALEIGH,MARIBYRNONG,-37.768795,144.8882,2023,4,April,19,Night,Weekday
T20230009948,2023-04-28,21:00:00,1,Collision with vehicle,5,Friday,116,LEFT NEAR (INTERSECTIONS ONLY),3,44996,T intersection,3,60,Arterial Other,FURLONG,BRIMBANK,-37.760677,144.81465,2023,4,April,21,Night,Weekday
T20230022536,2023-04-28,02:45:00,2,Struck Pedestrian,5,Friday,108,PED STRUCK WALKING TO/FROM OR BOARDING/ALIGHTING VEHICLE.,3,782366,Not at intersection,3,50,Local Road,EDWARD,HOBSONS BAY,-37.830147,144.84686,2023,4,April,2,Late Night,Weekday
T20230014979,2023-04-28,18:30:00,1,Collision with vehicle,5,Friday,121,RIGHT THROUGH,2,239572,Not at intersection,3,60,Local Road,ROSAMOND,MARIBYRNONG,-37.77036,144.88646,2023,4,April,18,Afternoon Peak,Weekday
T20230010338,2023-04-28,17:00:00,1,Collision with vehicle,5,Friday,130,REAR END(VEHICLES IN SAME LANE),2,779888,Not at intersection,2,50,Local Road,UNION,MORELAND,-37.773933,144.95827,2023,4,April,17,Afternoon Peak,Weekday
T20230009861,2023-04-28,06:15:00,1,Collision with vehicle,5,Friday,135,LANE CHANGE LEFT (NOT OVERTAKING),1,777730,Not at intersection,2,80,Freeway,WEST GATE,MELBOURNE,-37.82819,144.95917,2023,4,April,6,Morning Peak,Weekday
T20230009970,2023-04-28,13:10:00,1,Collision with vehicle,5,Friday,120,HEAD ON (NOT OVERTAKING),1,786733,Not at intersection,2,80,Arterial Other,PLENTY,WHITTLESEA,-37.597874,145.09886,2023,4,April,13,Midday,Weekday
T20230010768,2023-04-28,18:30:00,1,Collision with vehicle,5,Friday,130,REAR END(VEHICLES IN SAME LANE),1,627,Cross intersection,3,70,Arterial Highway,SPRINGVALE,WHITEHORSE,-37.834682,145.17274,2023,4,April,18,Afternoon Peak,Weekday
T20230009930,2023-04-28,15:16:00,2,Struck Pedestrian,5,Friday,100,PED NEAR SIDE. PED HIT BY VEHICLE FROM THE RIGHT.,1,35712,Cross intersection,2,40,Arterial Other,SYDNEY,MORELAND,-37.767048,144.96213,2023,4,April,15,Afternoon Peak,Weekday
T20230009932,2023-04-28,18:45:00,4,Collision with a fixed object,5,Friday,183,OFF LEFT BEND INTO OBJECT/PARKED VEHICLE,5,773884,Not at intersection,2,60,Local Road,KALLISTA-EMERALD,YARRA RANGES,-37.885834,145.38358,2023,4,April,18,Afternoon Peak,Weekday
T20230009863,2023-04-28,09:00:00,1,Collision with vehicle,5,Friday,130,REAR END(VEHICLES IN SAME LANE),1,777744,Not at intersection,3,60,Local Road,STERNBERG,BENDIGO,-36.759396,144.29245,2023,4,April,9,Morning Peak,Weekday
T20230009864,2023-04-28,07:40:00,4,Collision with a fixed object,5,Friday,164,PERMANENT OBSTRUCTION ON CARRIAGEWAY,2,50729,Cross intersection,2,50,Local Road,COX,MOYNE,-38.385517,142.23671,2023,4,April,7,Morning Peak,Weekday
T20230010025,2023-04-29,18:52:00,1,Collision with vehicle,6,Saturday,120,HEAD ON (NOT OVERTAKING),5,783340,Not at intersection,2,70,Local Road,VICTORIA,YARRA RANGES,-37.72241,145.34164,2023,4,April,18,Afternoon Peak,Weekend
T20230009987,2023-04-29,08:45:00,1,Collision with vehicle,6,Saturday,121,RIGHT THROUGH,1,35718,T intersection,3,60,Arterial Other,JOHNSTONE,HUME,-37.683914,144.91374,2023,4,April,8,Morning Peak,Weekend
T20230010026,2023-04-29,22:08:00,1,Collision with vehicle,6,Saturday,130,REAR END(VEHICLES IN SAME LANE),3,784883,Not at intersection,3,60,Local Road,FERRIS,MELTON,-37.713043,144.60059,2023,4,April,22,Night,Weekend
T20230009986,2023-04-29,12:56:00,1,Collision with vehicle,6,Saturday,130,REAR END(VEHICLES IN SAME LANE),1,771695,Not at intersection,3,80,Local Road,PLUMPTON,MELTON,-37.710323,144.6935,2023,4,April,12,Midday,Weekend
T20230016272,2023-04-29,12:30:00,1,Collision with vehicle,6,Saturday,130,REAR END(VEHICLES IN SAME LANE),1,61041,Cross intersection,3,80,Arterial Other,PLENTY,WHITTLESEA,-37.600636,145.09573,2023,4,April,12,Midday,Weekend
T20230010064,2023-04-29,21:45:00,2,Struck Pedestrian,6,Saturday,102,FAR SIDE. PED HIT BY VEHICLE FROM THE LEFT,3,35387,Cross intersection,2,60,Arterial Other,SWAN,YARRA,-37.826687,145.00706,2023,4,April,21,Night,Weekend
T20230011781,2023-04-29,14:16:00,2,Struck Pedestrian,6,Saturday,100,PED NEAR SIDE. PED HIT BY VEHICLE FROM THE RIGHT.,1,788484,Not at intersection,3,50,Arterial Other,SPENCER,MELBOURNE,-37.811615,144.9507,2023,4,April,14,Midday,Weekend
T20230009994,2023-04-29,13:50:00,1,Collision with vehicle,6,Saturday,120,HEAD ON (NOT OVERTAKING),1,773851,Not at intersection,3,100,Arterial Other,COBRAM-KOONOOMOO,MOIRA,-35.893764,145.58675,2023,4,April,13,Midday,Weekend
T20230009973,2023-04-29,07:10:00,1,Collision with vehicle,6,Saturday,110,CROSS TRAFFIC(INTERSECTIONS ONLY),2,66019,Cross intersection,3,60,Arterial Other,BARKERS,BOROONDARA,-37.81723,145.0582,2023,4,April,7,Morning Peak,Weekend
T20230018371,2023-04-29,12:00:00,5,collision with some other object,6,Saturday,166,STRUCK OBJECT ON CARRIAGEWAY,1,778620,Not at intersection,3,100,Local Road,SEEREYS,MOORABOOL,-37.608955,144.44379,2023,4,April,12,Midday,Weekend
T20230012502,2023-04-29,05:50:00,1,Collision with vehicle,6,Saturday,160,VEHICLE COLLIDES WITH VEHICLE PARKED ON LEFT OF ROAD,5,775181,Not at intersection,3,50,Local Road,GRIFFITH,KNOX,-37.895798,145.25507,2023,4,April,5,Morning Peak,Weekend