ACCIDENT_NO,ACCIDENT_DATE,ACCIDENT_TIME,ACCIDENT_TYPE,ACCIDENT_TYPE_DESC,DAY_OF_WEEK,DAY_WEEK_DESC,DCA_CODE,DCA_DESC,LIGHT_CONDITION,NODE_ID,ROAD_GEOMETRY_DESC,SEVERITY,SPEED_ZONE,RMA,ROAD_NAME,LGA_NAME,LATITUDE,LONGITUDE,YEAR,MONTH,MONTH_NAME,HOUR,TIME_PERIOD,DAY_TYPE
T20230010014,2023-04-29,19:10:00,2,Struck Pedestrian,6,Saturday,102,FAR SIDE. PED HIT BY VEHICLE FROM THE LEFT,3,775408,Not at intersection,2,40,Arterial Other,THOMPSONS,CASEY,-38.084187,145.29225,2023,4,April,19,Night,Weekend
T20230010015,2023-04-29,16:23:00,1,Collision with vehicle,6,Saturday,110,CROSS TRAFFIC(INTERSECTIONS ONLY),1,353204,Cross intersection,3,60,Arterial Other,DAVEY,FRANKSTON,-38.146336,145.12238,2023,4,April,16,Afternoon Peak,Weekend
T20230010021,2023-04-29,22:30:00,2,Struck Pedestrian,6,Saturday,102,FAR SIDE. PED HIT BY VEHICLE FROM THE LEFT,3,771465,Not at intersection,2,40,Local Road,FLINDERS,MELBOURNE,-37.817806,144.96623,2023,4,April,22,Night,Weekend
T20230010183,2023-04-29,12:29:00,1,Collision with vehicle,6,Saturday,113,RIGHT NEAR (INTERSECTIONS ONLY),1,29882,T intersection,2,60,Local Road,TARNEIT,WYNDHAM,-37.849575,144.66895,2023,4,April,12,Midday,Weekend
T20230010552,2023-04-29,10:30:00,1,Collision with vehicle,6,Saturday,121,RIGHT THROUGH,1,773855,Cross intersection,3,40,Local Road,BALSTON,MELBOURNE,-37.825893,144.96207,2023,4,April,10,Midday,Weekend
T20230010008,2023-04-29,13:25:00,1,Collision with vehicle,6,Saturday,135,LANE CHANGE LEFT (NOT OVERTAKING),1,773755,Not at intersection,3,60,Arterial Other,BEACH,BAYSIDE,-37.932255,144.99342,2023,4,April,13,Midday,Weekend
T20230014772,2023-04-29,13:30:00,6,Vehicle overturned (no collision),6,Saturday,184,OUT OF CONTROL ON CARRIAGEWAY (ON BEND),1,778611,Not at intersection,2,100,Local Road,HEATHERLEIGH,GLENELG,-37.69047,141.24321,2023,4,April,13,Midday,Weekend
T20230009960,2023-04-29,02:30:00,4,Collision with a fixed object,6,Saturday,171,LEFT OFF CARRIAGEWAY INTO OBJECT/PARKED VEHICLE,3,775860,Not at intersection,3,60,Arterial Other,PASCOE VALE,MOONEE VALLEY,-37.745617,144.92633,2023,4,April,2,Late Night,Weekend
T20230009958,2023-04-29,02:20:00,4,Collision with a fixed object,6,Saturday,173,RIGHT OFF CARRIAGEWAY INTO OBJECT/PARKED VEHICLE,5,771692,Not at intersection,3,50,Local Road,BEVERLEY,BANYULE,-37.742958,145.07997,2023,4,April,2,Late Night,Weekend
T20230010450,2023-04-29,18:30:00,1,Collision with vehicle,6,Saturday,130,REAR END(VEHICLES IN SAME LANE),3,774501,Not at intersection,3,60,Arterial Other,OLYMPIC,MELBOURNE,-37.82441,144.98764,2023,4,April,18,Afternoon Peak,Weekend
T20230010531,2023-04-29,18:39:00,1,Collision with vehicle,6,Saturday,130,REAR END(VEHICLES IN SAME LANE),2,784888,Not at intersection,3,60,Arterial Other,CENTRAL,HOBSONS BAY,-37.87047,144.7654,2023,4,April,18,Afternoon Peak,Weekend
T20230010039,2023-04-29,16:45:00,1,Collision with vehicle,6,Saturday,110,CROSS TRAFFIC(INTERSECTIONS ONLY),1,50801,Cross intersection,3,50,Local Road,HIGH,MOIRA,-35.921,145.64923,2023,4,April,16,Afternoon Peak,Weekend
T20230009954,2023-04-29,00:30:00,1,Collision with vehicle,6,Saturday,139,OTHER SAME DIRECTION-MANOUEVRES NOT INCLUDED IN DCAs 130-137,3,778284,Not at intersection,3,40,Local Road,CLYDE,MORNINGTON PENINSULA,-38.323288,144.98764,2023,4,April,0,Late Night,Weekend
T20230009977,2023-04-29,09:20:00,1,Collision with vehicle,6,Saturday,110,CROSS TRAFFIC(INTERSECTIONS ONLY),1,55021,Cross intersection,3,50,Local Road,DELTA,BANYULE,-37.70883,145.09618,2023,4,April,9,Morning Peak,Weekend
T20230010788,2023-04-29,16:00:00,1,Collision with vehicle,6,Saturday,110,CROSS TRAFFIC(INTERSECTIONS ONLY),1,63921,Cross intersection,3,50,Local Road,KELLETT,DAREBIN,-37.767212,145.00827,2023,4,April,16,Afternoon Peak,Weekend
T20230010429,2023-04-29,15:45:00,4,Collision with a fixed object,6,Saturday,175,OFF END OF ROAD/T-INTERSECTION.,1,776662,T intersection,2,100,Local Road,BROWNS,GOLDEN PLAINS,-37.690605,143.67831,2023,4,April,15,Afternoon Peak,Weekend
T20230011349,2023-04-29,22:45:00,1,Collision with vehicle,6,Saturday,130,REAR END(VEHICLES IN SAME LANE),3,138375,Not at intersection,2,60,Arterial Other,WILLIAMS,STONNINGTON,-37.84823,145.00317,2023,4,April,22,Night,Weekend
T20230010010,2023-04-29,18:45:00,1,Collision with vehicle,6,Saturday,113,RIGHT NEAR (INTERSECTIONS ONLY),3,42875,T intersection,3,80,Arterial Highway,SPRINGVALE,DANDENONG,-37.97491,145.14769,2023,4,April,18,Afternoon Peak,Weekend
T20230009991,2023-04-29,14:00:00,4,Collision with a fixed object,6,Saturday,171,LEFT OFF CARRIAGEWAY INTO OBJECT/PARKED VEHICLE,1,786051,T intersection,3,50,Local Road,FAIRCHILD,KINGSTON,-37.944736,145.08025,2023,4,April,14,Midday,Weekend
T20230010331,2023-04-29,14:40:00,1,Collision with vehicle,6,Saturday,130,REAR END(VEHICLES IN SAME LANE),1,772601,Not at intersection,3,80,Freeway,CITYLINK,MORELAND,-37.75868,144.93813,2023,4,April,14,Midday,Weekend
T20230010012,2023-04-29,18:27:00,1,Collision with vehicle,6,Saturday,130,REAR END(VEHICLES IN SAME LANE),2,777917,T intersection,2,60,Arterial Other,WILLIAMSTOWN,PORT PHILLIP,-37.831657,144.94218,2023,4,April,18,Afternoon Peak,Weekend
T20230010203,2023-04-30,18:39:00,1,Collision with vehicle,7,Sunday,140,U TURN,3,772481,Not at intersection,3,60,Arterial Other,CITY,MELBOURNE,-37.824997,144.96121,2023,4,April,18,Afternoon Peak,Weekend
T20230010066,2023-04-30,09:59:00,1,Collision with vehicle,7,Sunday,120,HEAD ON (NOT OVERTAKING),1,776673,Not at intersection,2,100,Arterial Other,BALLAN-DAYLESFORD,HEPBURN,-37.42165,144.1155,2023,4,April,9,Morning Peak,Weekend
T20230010709,2023-04-30,08:45:00,1,Collision with vehicle,7,Sunday,120,HEAD ON (NOT OVERTAKING),1,773650,Not at intersection,3,50,Local Road,MELALEUCA,WHITTLESEA,-37.675865,145.00064,2023,4,April,8,Morning Peak,Weekend
T20230010388,2023-04-30,11:30:00,1,Collision with vehicle,7,Sunday,130,REAR END(VEHICLES IN SAME LANE),9,776315,T intersection,3,80,Arterial Highway,NEPEAN,KINGSTON,-37.96352,145.05624,2023,4,April,11,Midday,Weekend
T20230010400,2023-04-30,16:38:00,1,Collision with vehicle,7,Sunday,150,HEAD ON(OVERTAKING),1,772603,Not at intersection,3,60,Arterial Highway,PUNT,STONNINGTON,-37.839085,144.98637,2023,4,April,16,Afternoon Peak,Weekend
T20230011174,2023-04-30,21:30:00,1,Collision with vehicle,7,Sunday,134,LANE CHANGE RIGHT (NOT OVERTAKING),5,792204,Not at intersection,3,50,Local Road,FEATHERBROOK,WYNDHAM,-37.90832,144.72528,2023,4,April,21,Night,Weekend
T20230011420,2023-04-30,14:30:00,4,Collision with a fixed object,7,Sunday,164,PERMANENT OBSTRUCTION ON CARRIAGEWAY,1,774112,Not at intersection,3,100,Local Road,OLD MAFFRA,LATROBE,-38.160236,146.49847,2023,4,April,14,Midday,Weekend
T20230010619,2023-04-30,13:00:00,4,Collision with a fixed object,7,Sunday,181,OFF RIGHT BEND INTO OBJECT/PARKED VEHICLE,1,773696,Not at intersection,2,100,Local Road,SHEPPARTON-VIOLET TOWN,SHEPPARTON,-36.520596,145.58553,2023,4,April,13,Midday,Weekend
T20230010029,2023-04-30,01:33:00,4,Collision with a fixed object,7,Sunday,173,RIGHT OFF CARRIAGEWAY INTO OBJECT/PARKED VEHICLE,3,784884,Not at intersection,3,50,Local Road,WAIORA,GEELONG,-38.118687,144.33167,2023,4,April,1,Late Night,Weekend
T20230010032,2023-04-30,04:42:00,1,Collision with vehicle,7,Sunday,130,REAR END(VEHICLES IN SAME LANE),3,777736,Cross intersection,3,80,Arterial Highway,NEPEAN,BAYSIDE,-37.915874,145.0181,2023,4,April,4,Late Night,Weekend
T20230010145,2023-04-30,15:20:00,5,collision with some other object,7,Sunday,183,OFF LEFT BEND INTO OBJECT/PARKED VEHICLE,1,772345,Not at intersection,2,80,Local Road,TOWER HILL,GEELONG,-38.060917,144.34122,2023,4,April,15,Afternoon Peak,Weekend
T20230010069,2023-04-30,15:00:00,6,Vehicle overturned (no collision),7,Sunday,180,OFF CARRIAGEWAY ON RIGHT BEND,1,772088,Not at intersection,3,80,Arterial Other,TRARALGON-BALOOK,LATROBE,-38.32634,146.57347,2023,4,April,15,Afternoon Peak,Weekend
T20230010148,2023-04-30,20:03:00,1,Collision with vehicle,7,Sunday,110,CROSS TRAFFIC(INTERSECTIONS ONLY),3,43873,Cross intersection,2,80,Arterial Highway,DANDENONG-HASTINGS,FRANKSTON,-38.121807,145.23058,2023,4,April,20,Night,Weekend
T20230010070,2023-04-30,15:15:00,1,Collision with vehicle,7,Sunday,130,REAR END(VEHICLES IN SAME LANE),1,771700,Not at intersection,3,50,Local Road,DUFF,CASEY,-38.1028,145.26486,2023,4,April,15,Afternoon Peak,Weekend
T20230010074,2023-04-30,13:40:00,8,No collision and no object struck,7,Sunday,174,OUT OF CONTROL ON CARRIAGEWAY (ON STRAIGHT),1,774075,Not at intersection,2,100,Local Road,WANNON-NIGRETTA FALLS,SOUTHERN GRAMPIANS,-37.671204,141.94264,2023,4,April,13,Midday,Weekend
T20230010076,2023-04-30,15:40:00,1,Collision with vehicle,7,Sunday,139,OTHER SAME DIRECTION-MANOUEVRES NOT INCLUDED IN DCAs 130-137,1,776401,Not at intersection,2,100,Freeway,HUME,WHITTLESEA,-37.642914,144.99156,2023,4,April,15,Afternoon Peak,Weekend
T20230012537,2023-04-30,18:35:00,1,Collision with vehicle,7,Sunday,130,REAR END(VEHICLES IN SAME LANE),1,142342,Not at intersection,3,80,Arterial Highway,PRINCES HIGHWAY,MONASH,-37.88764,145.07925,2023,4,April,18,Afternoon Peak,Weekend
T20230010084,2023-04-30,17:10:00,6,Vehicle overturned (no collision),7,Sunday,174,OUT OF CONTROL ON CARRIAGEWAY (ON STRAIGHT),2,788038,Not at intersection,3,80,Local Road,WANGOOM,WARRNAMBOOL,-38.35628,142.52567,2023,4,April,17,Afternoon Peak,Weekend
T20230010086,2023-04-30,12:15:00,2,Struck Pedestrian,7,Sunday,103,PED PLAYING/LYING/WORKING/STANDING ON CARRIAGEWAY.,1,771955,Not at intersection,3,50,Local Road,MOSTYN,MOUNT ALEXANDER,-37.06574,144.21777,2023,4,April,12,Midday,Weekend
T20230010088,2023-04-30,18:15:00,1,Collision with vehicle,7,Sunday,121,RIGHT THROUGH,3,771956,Cross intersection,3,60,Arterial Other,SOUTHERN,BANYULE,-37.74099,145.03674,2023,4,April,18,Afternoon Peak,Weekend
T20230010094,2023-04-30,16:39:00,4,Collision with a fixed object,7,Sunday,151,OUT OF CONTROL (OVERTAKING),1,771701,Not at intersection,3,70,Arterial Other,SHARPS,BRIMBANK,-37.708565,144.88397,2023,4,April,16,Afternoon Peak,Weekend
T20230010095,2023-04-30,13:50:00,1,Collision with vehicle,7,Sunday,120,HEAD ON (NOT OVERTAKING),1,775970,Not at intersection,3,60,Local Road,ST HELENA,BANYULE,-37.69464,145.12755,2023,4,April,13,Midday,Weekend
T20230010103,2023-04-30,21:35:00,1,Collision with vehicle,7,Sunday,169,OTHER ON PATH,6,773790,Not at intersection,2,50,Local Road,MORUYA,GEELONG,-38.207825,144.31752,2023,4,April,21,Night,Weekend
T20230010111,2023-04-30,23:10:00,4,Collision with a fixed object,7,Sunday,173,RIGHT OFF CARRIAGEWAY INTO OBJECT/PARKED VEHICLE,3,774383,Not at intersection,2,100,Freeway,PRINCES,WYNDHAM,-37.87592,144.72752,2023,4,April,23,Night,Weekend
T20230010034,2023-04-30,04:46:00,4,Collision with a fixed object,7,Sunday,173,RIGHT OFF CARRIAGEWAY INTO OBJECT/PARKED VEHICLE,3,796742,T intersection,2,60,Arterial Other,PASCOE VALE,MOONEE VALLEY,-37.75153,144.92535,2023,4,April,4,Late Night,Weekend
T20230010038,2023-04-30,06:10:00,1,Collision with vehicle,7,Sunday,130,REAR END(VEHICLES IN SAME LANE),1,351331,T intersection,2,80,Arterial Other,KARINGAL,FRANKSTON,-38.154125,145.16235,2023,4,April,6,Morning Peak,Weekend
T20230010042,2023-04-30,08:35:00,3,Struck animal,7,Sunday,167,STRUCK ANIMAL,1,771698,Not at intersection,2,80,Arterial Other,BEACONSFIELD-EMERALD,CARDINIA,-37.97342,145.46507,2023,4,April,8,Morning Peak,Weekend
T20230010045,2023-04-30,10:20:00,7,Fall from or in moving vehicle,7,Sunday,190,FELL IN/FROM VEHICLE,1,788023,Not at intersection,3,40,Local Road,ELIZABETH,MELBOURNE,-37.817944,144.96486,2023,4,April,10,Midday,Weekend
T20230010047,2023-04-30,09:22:00,4,Collision with a fixed object,7,Sunday,171,LEFT OFF CARRIAGEWAY INTO OBJECT/PARKED VEHICLE,1,775879,Not at intersection,3,100,Freeway,PRINCES,CARDINIA,-38.072727,145.39224,2023,4,April,9,Morning Peak,Weekend
T20230010048,2023-04-30,11:00:00,1,Collision with vehicle,7,Sunday,130,REAR END(VEHICLES IN SAME LANE),1,784885,Not at intersection,3,100,Freeway,HUME,WHITTLESEA,-37.632523,144.99388,2023,4,April,11,Midday,Weekend
T20230010049,2023-04-30,09:50:00,4,Collision with a fixed object,7,Sunday,171,LEFT OFF CARRIAGEWAY INTO OBJECT/PARKED VEHICLE,1,783538,Not at intersection,3,100,Arterial Other,SALE-HEYFIELD,WELLINGTON,-38.04664,146.9468,2023,4,April,9,Morning Peak,Weekend
T20230010051,2023-04-30,12:50:00,1,Collision with vehicle,7,Sunday,113,RIGHT NEAR (INTERSECTIONS ONLY),1,771953,Cross intersection,2,70,Arterial Other,CHILDS ROAD -MORANG,WHITTLESEA,-37.66233,145.05447,2023,4,April,12,Midday,Weekend
T20230010055,2023-04-30,13:11:00,1,Collision with vehicle,7,Sunday,130,REAR END(VEHICLES IN SAME LANE),1,774495,T intersection,3,50,Local Road,VESPER,CASEY,-38.020386,145.29306,2023,4,April,13,Midday,Weekend
T20230010057,2023-04-30,12:45:00,7,Fall from or in moving vehicle,7,Sunday,190,FELL IN/FROM VEHICLE,1,772478,Cross intersection,3,100,Arterial Highway,MURRAY VALLEY,INDIGO,-36.04866,146.63579,2023,4,April,12,Midday,Weekend
T20230010059,2023-04-30,12:35:00,4,Collision with a fixed object,7,Sunday,141,U TURN INTO FIXED OBJECT/PARKED VEHICLE,1,254436,Cross intersection,3,50,Local Road,ARDLUI,GEELONG,-38.15521,144.32365,2023,4,April,12,Midday,Weekend
T20230010060,2023-04-30,13:35:00,1,Collision with vehicle,7,Sunday,110,CROSS TRAFFIC(INTERSECTIONS ONLY),1,788489,Cross intersection,3,70,Arterial Other,SETTLEMENT,WHITTLESEA,-37.697834,145.05882,2023,4,April,13,Midday,Weekend
T20230010061,2023-04-30,13:20:00,1,Collision with vehicle,7,Sunday,130,REAR END(VEHICLES IN SAME LANE),1,771954,Not at intersection,3,60,Arterial Other,MILITARY,MOONEE VALLEY,-37.76155,144.86172,2023,4,April,13,Midday,Weekend
T20230010062,2023-04-30,13:45:00,1,Collision with vehicle,7,Sunday,120,HEAD ON (NOT OVERTAKING),1,779625,Not at intersection,3,60,Local Road,ETIWANDA,MILDURA,-34.2097,142.15277,2023,4,April,13,Midday,Weekend
T20230010063,2023-04-30,11:15:00,1,Collision with vehicle,7,Sunday,130,REAR END(VEHICLES IN SAME LANE),1,778942,T intersection,2,100,Arterial Highway,MCIVOR,BENDIGO,-36.77203,144.4126,2023,4,April,11,Midday,Weekend
T20230010248,2023-04-30,07:30:00,1,Collision with vehicle,7,Sunday,116,LEFT NEAR (INTERSECTIONS ONLY),2,772222,T intersection,3,80,Local Road,JENOLA,KNOX,-37.876724,145.21951,2023,4,April,7,Morning Peak,Weekend
T20230010065,2023-04-30,11:40:00,1,Collision with vehicle,7,Sunday,130,REAR END(VEHICLES IN SAME LANE),1,777473,Not at intersection,3,60,Arterial Other,MAIN,BRIMBANK,-37.747467,144.82695,2023,4,April,11,Midday,Weekend
T20230010898,2023-04-30,15:30:00,1,Collision with vehicle,7,Sunday,130,REAR END(VEHICLES IN SAME LANE),1,773925,Not at intersection,3,60,Arterial Other,YARRA,YARRA,-37.829624,145.01294,2023,4,April,15,Afternoon Peak,Weekend
T20230011489,2023-04-30,12:13:00,8,No collision and no object struck,7,Sunday,170,OFF CARRIAGEWAY TO LEFT,1,774351,Not at intersection,2,50,Local Road,GILLARD,WHITEHORSE,-37.854713,145.11395,2023,4,April,12,Midday,Weekend
T20230010150,2023-05-01,14:02:00,1,Collision with vehicle,1,Monday,110,CROSS TRAFFIC(INTERSECTIONS ONLY),1,60364,Cross intersection,3,50,Local Road,HIGH,ARARAT,-37.283665,142.92584,2023,5,May,14,Midday,Weekday
T20230010153,2023-05-01,12:03:00,1,Collision with vehicle,1,Monday,110,CROSS TRAFFIC(INTERSECTIONS ONLY),1,51308,Cross intersection,3,100,Arterial Other,TATURA-UNDERA,SHEPPARTON,-36.372475,145.22287,2023,5,May,12,Midday,Weekday
T20230011995,2023-05-01,09:15:00,1,Collision with vehicle,1,Monday,135,LANE CHANGE LEFT (NOT OVERTAKING),1,780504,Not at intersection,3,80,Arterial Highway,MIDLAND,SHEPPARTON,-36.386673,145.42593,2023,5,May,9,Morning Peak,Weekday
T20230010157,2023-05-01,10:28:00,4,Collision with a fixed object,1,Monday,173,RIGHT OFF CARRIAGEWAY INTO OBJECT/PARKED VEHICLE,1,774467,Not at intersection,2,60,Local Road,CHRISTIES,MELTON,-37.786522,144.7358,2023,5,May,10,Midday,Weekday
T20230010186,2023-05-01,22:54:00,1,Collision with vehicle,1,Monday,121,RIGHT THROUGH,3,580839,Cross intersection,2,80,Arterial Highway,THOMPSONS,CASEY,-38.082108,145.27649,2023,5,May,22,Night,Weekday
T20230010174,2023-05-01,17:58:00,1,Collision with vehicle,1,Monday,111,RIGHT FAR (INTERSECTIONS ONLY),2,266784,T intersection,3,60,Local Road,BABELE,WYNDHAM,-37.84546,144.66057,2023,5,May,17,Afternoon Peak,Weekday
T20230011979,2023-05-01,14:34:00,1,Collision with vehicle,1,Monday,111,RIGHT FAR (INTERSECTIONS ONLY),1,53001,Cross intersection,3,60,Arterial Highway,ALBERT,BALLARAT,-37.589027,143.84105,2023,5,May,14,Midday,Weekday
T20230010158,2023-05-01,16:00:00,1,Collision with vehicle,1,Monday,130,REAR END(VEHICLES IN SAME LANE),1,772218,Not at intersection,3,60,Arterial Other,BARNARD,BENDIGO,-36.752228,144.27989,2023,5,May,16,Afternoon Peak,Weekday
T20230010256,2023-05-01,12:00:00,1,Collision with vehicle,1,Monday,130,REAR END(VEHICLES IN SAME LANE),1,531,Y intersection,3,60,Arterial Other,HULL,YARRA RANGES,-37.78917,145.31036,2023,5,May,12,Midday,Weekday
T20230010119,2023-05-01,01:10:00,1,Collision with vehicle,1,Monday,130,REAR END(VEHICLES IN SAME LANE),3,771957,Not at intersection,3,70,Arterial Other,EDGARS,WHITTLESEA,-37.652767,145.0054,2023,5,May,1,Late Night,Weekday
T20230010166,2023-05-01,16:15:00,1,Collision with vehicle,1,Monday,130,REAR END(VEHICLES IN SAME LANE),1,772479,Not at intersection,3,80,Arterial Other,LYSTERFIELD,YARRA RANGES,-37.922184,145.30211,2023,5,May,16,Afternoon Peak,Weekday
T20230010865,2023-05-01,07:45:00,1,Collision with vehicle,1,Monday,130,REAR END(VEHICLES IN SAME LANE),1,776798,Not at intersection,3,50,Arterial Other,HALL,CASEY,-38.108917,145.24895,2023,5,May,7,Morning Peak,Weekday
T20230010121,2023-05-01,09:21:00,1,Collision with vehicle,1,Monday,130,REAR END(VEHICLES IN SAME LANE),1,773615,Not at intersection,2,100,Freeway,MONASH,CASEY,-37.978054,145.24072,2023,5,May,9,Morning Peak,Weekday
T20230010202,2023-05-01,13:00:00,4,Collision with a fixed object,1,Monday,171,LEFT OFF CARRIAGEWAY INTO OBJECT/PARKED VEHICLE,1,775324,Not at intersection,3,60,Arterial Other,BULLEEN,MANNINGHAM,-37.761658,145.0836,2023,5,May,13,Midday,Weekday
T20230010340,2023-05-01,15:50:00,1,Collision with vehicle,1,Monday,130,REAR END(VEHICLES IN SAME LANE),1,777726,Cross intersection,3,80,Arterial Highway,CRESWICK,BALLARAT,-37.527843,143.84859,2023,5,May,15,Afternoon Peak,Weekday
T20230010136,2023-05-01,07:00:00,1,Collision with vehicle,1,Monday,120,HEAD ON (NOT OVERTAKING),1,41884,T intersection,2,60,Arterial Other,CUMBERLAND,MORELAND,-37.727566,144.93916,2023,5,May,7,Morning Peak,Weekday
T20230010191,2023-05-01,20:45:00,4,Collision with a fixed object,1,Monday,173,RIGHT OFF CARRIAGEWAY INTO OBJECT/PARKED VEHICLE,3,786952,Not at intersection,3,70,Arterial Other,KINGS,BRIMBANK,-37.736107,144.7804,2023,5,May,20,Night,Weekday
T20230010193,2023-05-01,17:55:00,2,Struck Pedestrian,1,Monday,100,PED NEAR SIDE. PED HIT BY VEHICLE FROM THE RIGHT.,3,775835,Cross intersection,2,60,Arterial Other,SOUTHERN,BANYULE,-37.74164,145.04282,2023,5,May,17,Afternoon Peak,Weekday
T20230011598,2023-05-01,17:45:00,1,Collision with vehicle,1,Monday,132,RIGHT REAR.,6,776476,T intersection,3,50,Local Road,MORNINGSIDE,CASEY,-38.100574,145.24915,2023,5,May,17,Afternoon Peak,Weekday
T20230010133,2023-05-01,11:55:00,4,Collision with a fixed object,1,Monday,181,OFF RIGHT BEND INTO OBJECT/PARKED VEHICLE,1,772217,Not at intersection,2,50,Local Road,JOSEPH BANKS,CASEY,-37.978653,145.25061,2023,5,May,11,Midday,Weekday
T20230013371,2023-05-01,13:30:00,1,Collision with vehicle,1,Monday,121,RIGHT THROUGH,1,674735,T intersection,3,60,Arterial Highway,ROBINSON,DANDENONG,-37.98281,145.21188,2023,5,May,13,Midday,Weekday
T20230010132,2023-05-01,10:03:00,1,Collision with vehicle,1,Monday,140,U TURN,1,771961,T intersection,3,40,Local Road,UNION,MORELAND,-37.77402,144.959,2023,5,May,10,Midday,Weekday
T20230010147,2023-05-01,13:53:00,4,Collision with a fixed object,1,Monday,171,LEFT OFF CARRIAGEWAY INTO OBJECT/PARKED VEHICLE,1,774070,Not at intersection,2,100,Arterial Highway,WESTERN,NORTHERN GRAMPIANS,-36.97304,142.61343,2023,5,May,13,Midday,Weekday
T20230010115,2023-05-01,08:50:00,1,Collision with vehicle,1,Monday,147,VEHICLE STRIKES ANOTHER VEH WHILE EMERGING FROM DRIVEWAY,1,772216,T intersection,3,50,Local Road,BEMM,WHITTLESEA,-37.611748,145.00897,2023,5,May,8,Morning Peak,Weekday
T20230010171,2023-05-01,17:41:00,1,Collision with vehicle,1,Monday,160,VEHICLE COLLIDES WITH VEHICLE PARKED ON LEFT OF ROAD,2,779705,Not at intersection,3,50,Local Road,TANNOCK,BOROONDARA,-37.78929,145.09474,2023,5,May,17,Afternoon Peak,Weekday
T20230010185,2023-05-01,23:00:00,1,Collision with vehicle,1,Monday,142,LEAVING PARKING,3,787347,Not at intersection,2,40,Local Road,WHITEMAN,MELBOURNE,-37.8249,144.9576,2023,5,May,23,Night,Weekday
T20230010187,2023-05-01,21:20:00,1,Collision with vehicle,1,Monday,150,HEAD ON(OVERTAKING),5,777048,Not at intersection,3,100,Local Road,CARAMUT-CHATSWORTH,MOYNE,-37.95073,142.52061,2023,5,May,21,Night,Weekday
T20230010786,2023-05-01,07:55:00,1,Collision with vehicle,1,Monday,130,REAR END(VEHICLES IN SAME LANE),9,773657,Not at intersection,3,80,Arterial Other,MELTON,MELTON,-37.68464,144.67479,2023,5,May,7,Morning Peak,Weekday
T20230010116,2023-05-01,09:05:00,4,Collision with a fixed object,1,Monday,173,RIGHT OFF CARRIAGEWAY INTO OBJECT/PARKED VEHICLE,1,787304,Cross intersection,2,50,Local Road,EUCALYPTUS,NILLUMBIK,-37.71459,145.16554,2023,5,May,9,Morning Peak,Weekday
T20230010178,2023-05-01,20:27:00,1,Collision with vehicle,1,Monday,121,RIGHT THROUGH,3,771963,Cross intersection,3,70,Arterial Other,BALLARAT,BRIMBANK,-37.76608,144.76312,2023,5,May,20,Night,Weekday
T20230010179,2023-05-01,17:02:00,1,Collision with vehicle,1,Monday,110,CROSS TRAFFIC(INTERSECTIONS ONLY),1,51309,Cross intersection,2,100,Local Road,ANDREWS,SHEPPARTON,-36.37236,145.06772,2023,5,May,17,Afternoon Peak,Weekday
T20230010124,2023-05-01,11:15:00,2,Struck Pedestrian,1,Monday,102,FAR SIDE. PED HIT BY VEHICLE FROM THE LEFT,1,771960,Cross intersection,3,40,Local Road,GEORGE,LATROBE,-38.238552,146.39749,2023,5,May,11,Midday,Weekday
T20230010142,2023-05-01,10:15:00,1,Collision with vehicle,1,Monday,113,RIGHT NEAR (INTERSECTIONS ONLY),1,36789,T intersection,3,60,Arterial Other,HALLAM,CASEY,-38.040756,145.26613,2023,5,May,10,Midday,Weekday
T20230012710,2023-05-01,15:45:00,1,Collision with vehicle,1,Monday,130,REAR END(VEHICLES IN SAME LANE),1,780510,Not at intersection,3,50,Local Road,KINGSWOOD,HUME,-37.59227,144.9398,2023,5,May,15,Afternoon Peak,Weekday
T20230010140,2023-05-01,06:50:00,1,Collision with vehicle,1,Monday,121,RIGHT THROUGH,1,328764,Multiple intersection,3,100,Freeway,HUME OUT-GREAT ALPINE,WANGARATTA,-36.366592,146.37192,2023,5,May,6,Morning Peak,Weekday
T20230010457,2023-05-01,19:45:00,4,Collision with a fixed object,1,Monday,173,RIGHT OFF CARRIAGEWAY INTO OBJECT/PARKED VEHICLE,3,302814,Cross intersection,3,70,Arterial Other,FERNTREE GULLY,KNOX,-37.891747,145.25774,2023,5,May,19,Night,Weekday
T20230010631,2023-05-01,12:15:00,4,Collision with a fixed object,1,Monday,171,LEFT OFF CARRIAGEWAY INTO OBJECT/PARKED VEHICLE,1,773611,Not at intersection,1,60,Arterial Other,LEITH,YARRA RANGES,-37.809475,145.34361,2023,5,May,12,Midday,Weekday
T20230011098,2023-05-02,08:30:00,1,Collision with vehicle,2,Tuesday,130,REAR END(VEHICLES IN SAME LANE),1,351029,T intersection,3,50,Arterial Other,CLYDE,CASEY,-38.05561,145.33904,2023,5,May,8,Morning Peak,Weekday
T20230010289,2023-05-02,17:39:00,1,Collision with vehicle,2,Tuesday,147,VEHICLE STRIKES ANOTHER VEH WHILE EMERGING FROM DRIVEWAY,2,777701,Not at intersection,3,50,Local Road,ROSE GRANGE,WYNDHAM,-37.841534,144.70363,2023,5,May,17,Afternoon Peak,Weekday
T20230010234,2023-05-02,13:02:00,4,Collision with a fixed object,2,Tuesday,173,RIGHT OFF CARRIAGEWAY INTO OBJECT/PARKED VEHICLE,1,786949,Not at intersection,3,100,Arterial Other,BACCHUS MARSH,GEELONG,-37.952312,144.35333,2023,5,May,13,Midday,Weekday
T20230010294,2023-05-02,16:55:00,1,Collision with vehicle,2,Tuesday,121,RIGHT THROUGH,1,43935,T intersection,2,80,Arterial Highway,SOUTH GIPPSLAND,CASEY,-38.159912,145.31857,2023,5,May,16,Afternoon Peak,Weekday