ACCIDENT_NO,ACCIDENT_DATE,ACCIDENT_TIME,ACCIDENT_TYPE,ACCIDENT_TYPE_DESC,DAY_OF_WEEK,DAY_WEEK_DESC,DCA_CODE,DCA_DESC,LIGHT_CONDITION,NODE_ID,ROAD_GEOMETRY_DESC,SEVERITY,SPEED_ZONE,RMA,ROAD_NAME,LGA_NAME,LATITUDE,LONGITUDE,YEAR,MONTH,MONTH_NAME,HOUR,TIME_PERIOD,DAY_TYPE
T20230010286,2023-05-02,15:30:00,2,Struck Pedestrian,2,Tuesday,102,FAR SIDE. PED HIT BY VEHICLE FROM THE LEFT,1,779569,T intersection,3,70,Arterial Other,DIAMOND CREEK,BANYULE,-37.693604,145.1125,2023,5,May,15,Afternoon Peak,Weekday
T20230010285,2023-05-02,16:25:00,1,Collision with vehicle,2,Tuesday,110,CROSS TRAFFIC(INTERSECTIONS ONLY),2,322281,Cross intersection,3,60,Local Road,DOHERTYS,WYNDHAM,-37.8135,144.63843,2023,5,May,16,Afternoon Peak,Weekday
T20230010279,2023-05-02,17:43:00,1,Collision with vehicle,2,Tuesday,121,RIGHT THROUGH,5,775187,T intersection,3,100,Arterial Highway,MAROONA-GLENTHOMPSON,ARARAT,-37.60033,142.55629,2023,5,May,17,Afternoon Peak,Weekday
T20230010283,2023-05-02,19:42:00,1,Collision with vehicle,2,Tuesday,147,VEHICLE STRIKES ANOTHER VEH WHILE EMERGING FROM DRIVEWAY,3,774436,Not at intersection,3,60,Local Road,GLADSTONE,DANDENONG,-37.94155,145.21022,2023,5,May,19,Night,Weekday
T20230010282,2023-05-02,18:41:00,8,No collision and no object struck,2,Tuesday,179,OTHER ACCIDENTS-OFF STRAIGHT NOT INCLUDED IN DCAs 170-175,3,36131,T intersection,3,50,Local Road,AMERY,DAREBIN,-37.698914,144.99011,2023,5,May,18,Afternoon Peak,Weekday
T20240002923,2023-05-02,18:00:00,1,Collision with vehicle,2,Tuesday,130,REAR END(VEHICLES IN SAME LANE),3,201140,Not at intersection,3,60,Arterial Other,MARINE,PORT PHILLIP,-37.88134,144.97766,2023,5,May,18,Afternoon Peak,Weekday
T20230030758,2023-05-02,17:45:00,1,Collision with vehicle,2,Tuesday,130,REAR END(VEHICLES IN SAME LANE),2,794347,Not at intersection,3,80,Arterial Highway,NEPEAN,BAYSIDE,-37.928864,145.03029,2023,5,May,17,Afternoon Peak,Weekday
T20230010281,2023-05-02,18:24:00,1,Collision with vehicle,2,Tuesday,130,REAR END(VEHICLES IN SAME LANE),3,774030,Not at intersection,3,60,Arterial Other,MAIN,NILLUMBIK,-37.703377,145.16177,2023,5,May,18,Afternoon Peak,Weekday
T20230010272,2023-05-02,16:45:00,3,Struck animal,2,Tuesday,167,STRUCK ANIMAL,2,786732,Not at intersection,2,100,Arterial Other,COLAC-LAVERS HILL,COLAC OTWAY,-38.4693,143.58295,2023,5,May,16,Afternoon Peak,Weekday
T20230010269,2023-05-02,18:20:00,1,Collision with vehicle,2,Tuesday,135,LANE CHANGE LEFT (NOT OVERTAKING),3,68570,T intersection,3,60,Arterial Other,WAVERLEY,MONASH,-37.88748,145.15149,2023,5,May,18,Afternoon Peak,Weekday
T20230010268,2023-05-02,16:30:00,1,Collision with vehicle,2,Tuesday,120,HEAD ON (NOT OVERTAKING),2,774434,T intersection,1,100,Local Road,PURVIS,LATROBE,-38.13828,146.29529,2023,5,May,16,Afternoon Peak,Weekday
T20230010264,2023-05-02,15:05:00,1,Collision with vehicle,2,Tuesday,130,REAR END(VEHICLES IN SAME LANE),1,776424,Not at intersection,2,80,Arterial Other,CLYDE,CASEY,-38.066254,145.33699,2023,5,May,15,Afternoon Peak,Weekday
T20230010263,2023-05-02,06:26:00,1,Collision with vehicle,2,Tuesday,120,HEAD ON (NOT OVERTAKING),2,776674,Not at intersection,1,100,Arterial Other,BALLARAT-DAYLESFORD,MOORABOOL,-37.49816,143.97388,2023,5,May,6,Morning Peak,Weekday
T20230010262,2023-05-02,14:45:00,1,Collision with vehicle,2,Tuesday,113,RIGHT NEAR (INTERSECTIONS ONLY),1,301086,T intersection,3,60,Arterial Other,ECHUCA,SHEPPARTON,-36.38494,145.35497,2023,5,May,14,Midday,Weekday
T20230010261,2023-05-02,13:50:00,4,Collision with a fixed object,2,Tuesday,181,OFF RIGHT BEND INTO OBJECT/PARKED VEHICLE,1,781847,Not at intersection,2,100,Local Road,MASSEY-BANGERANG,BULOKE,-36.19541,142.74622,2023,5,May,13,Midday,Weekday
T20230010260,2023-05-02,16:25:00,1,Collision with vehicle,2,Tuesday,130,REAR END(VEHICLES IN SAME LANE),1,777446,Not at intersection,3,80,Arterial Highway,ANZAC,WODONGA,-36.146202,146.9254,2023,5,May,16,Afternoon Peak,Weekday
T20230010290,2023-05-02,19:30:00,4,Collision with a fixed object,2,Tuesday,183,OFF LEFT BEND INTO OBJECT/PARKED VEHICLE,5,787360,Not at intersection,3,100,Arterial Other,KORUMBURRA-WARRAGUL,BAW BAW,-38.20961,145.92361,2023,5,May,19,Night,Weekday
T20230010854,2023-05-02,19:00:00,1,Collision with vehicle,2,Tuesday,130,REAR END(VEHICLES IN SAME LANE),3,773741,T intersection,3,60,Arterial Other,PRINCES,WYNDHAM,-37.89387,144.68076,2023,5,May,19,Night,Weekday
T20230010436,2023-05-02,16:00:00,1,Collision with vehicle,2,Tuesday,130,REAR END(VEHICLES IN SAME LANE),1,773573,Not at intersection,3,100,Arterial Highway,WESTERN PORT,CASEY,-38.06708,145.24164,2023,5,May,16,Afternoon Peak,Weekday
T20230010507,2023-05-02,20:43:00,1,Collision with vehicle,2,Tuesday,147,VEHICLE STRIKES ANOTHER VEH WHILE EMERGING FROM DRIVEWAY,3,43984,T intersection,3,60,Arterial Other,MORNINGTON-TYABB,MORNINGTON PENINSULA,-38.234512,145.05057,2023,5,May,20,Night,Weekday
T20230010274,2023-05-02,17:00:00,1,Collision with vehicle,2,Tuesday,137,LEFT TURN SIDESWIPE,1,777496,Not at intersection,3,50,Local Road,MONT ALBERT,BOROONDARA,-37.818745,145.08386,2023,5,May,17,Afternoon Peak,Weekday
T20230011365,2023-05-02,16:30:00,3,Struck animal,2,Tuesday,167,STRUCK ANIMAL,1,774126,Not at intersection,3,60,Local Road,MILLWOOD,BENDIGO,-36.52313,144.34421,2023,5,May,16,Afternoon Peak,Weekday
T20230010291,2023-05-02,17:50:00,2,Struck Pedestrian,2,Tuesday,100,PED NEAR SIDE. PED HIT BY VEHICLE FROM THE RIGHT.,3,775457,Not at intersection,2,60,Arterial Other,CROYDON,MAROONDAH,-37.78519,145.28365,2023,5,May,17,Afternoon Peak,Weekday
T20230022040,2023-05-02,15:30:00,1,Collision with vehicle,2,Tuesday,130,REAR END(VEHICLES IN SAME LANE),9,781263,Not at intersection,3,80,Arterial Other,PRINCES,CARDINIA,-38.06245,145.45802,2023,5,May,15,Afternoon Peak,Weekday
T20230010351,2023-05-02,22:21:00,4,Collision with a fixed object,2,Tuesday,179,OTHER ACCIDENTS-OFF STRAIGHT NOT INCLUDED IN DCAs 170-175,3,63322,Cross intersection,3,50,Arterial Other,LINCOLN,MOONEE VALLEY,-37.749474,144.90923,2023,5,May,22,Night,Weekday
T20230010197,2023-05-02,01:00:00,4,Collision with a fixed object,2,Tuesday,171,LEFT OFF CARRIAGEWAY INTO OBJECT/PARKED VEHICLE,5,781117,Not at intersection,2,80,Arterial Highway,GOULBURN VALLEY,SHEPPARTON,-36.46354,145.38885,2023,5,May,1,Late Night,Weekday
T20230010216,2023-05-02,11:15:00,1,Collision with vehicle,2,Tuesday,129,OTHER OPPOSING MANOEUVRES NOT INCLUDED IN DCAs 120-125.,1,29626,Cross intersection,3,80,Arterial Highway,BURWOOD,KNOX,-37.8732,145.24783,2023,5,May,11,Midday,Weekday
T20230010243,2023-05-02,08:05:00,1,Collision with vehicle,2,Tuesday,130,REAR END(VEHICLES IN SAME LANE),1,777393,T intersection,3,80,Arterial Other,PAYNESVILLE,EAST GIPPSLAND,-37.901527,147.67763,2023,5,May,8,Morning Peak,Weekday
T20230010297,2023-05-02,18:00:00,1,Collision with vehicle,2,Tuesday,130,REAR END(VEHICLES IN SAME LANE),2,772469,Not at intersection,2,60,Arterial Other,LANCEFIELD,HUME,-37.585598,144.76013,2023,5,May,18,Afternoon Peak,Weekday
T20230010218,2023-05-02,08:50:00,4,Collision with a fixed object,2,Tuesday,181,OFF RIGHT BEND INTO OBJECT/PARKED VEHICLE,1,786948,Not at intersection,3,80,Arterial Other,KORUMBURRA-WARRAGUL,BAW BAW,-38.259247,145.90065,2023,5,May,8,Morning Peak,Weekday
T20230013555,2023-05-02,18:15:00,1,Collision with vehicle,2,Tuesday,111,RIGHT FAR (INTERSECTIONS ONLY),2,778074,T intersection,3,50,Local Road,MAIN,GANNAWARRA,-35.643112,144.13141,2023,5,May,18,Afternoon Peak,Weekday
T20230010224,2023-05-02,11:11:00,8,No collision and no object struck,2,Tuesday,179,OTHER ACCIDENTS-OFF STRAIGHT NOT INCLUDED IN DCAs 170-175,1,787362,Not at intersection,3,40,Local Road,HARBOUR,MELBOURNE,-37.816452,144.94559,2023,5,May,11,Midday,Weekday
T20230010225,2023-05-02,09:45:00,1,Collision with vehicle,2,Tuesday,134,LANE CHANGE RIGHT (NOT OVERTAKING),1,773917,Not at intersection,3,80,Arterial Other,COOPER,WHITTLESEA,-37.648003,144.99019,2023,5,May,9,Morning Peak,Weekday
T20230010227,2023-05-02,11:00:00,1,Collision with vehicle,2,Tuesday,110,CROSS TRAFFIC(INTERSECTIONS ONLY),1,675825,Cross intersection,2,50,Local Road,NORTHSIDE,WHITTLESEA,-37.621773,145.01607,2023,5,May,11,Midday,Weekday
T20230010335,2023-05-03,10:00:00,4,Collision with a fixed object,3,Wednesday,171,LEFT OFF CARRIAGEWAY INTO OBJECT/PARKED VEHICLE,1,776678,Not at intersection,3,100,Arterial Highway,PRINCES,COLAC OTWAY,-38.293526,143.81966,2023,5,May,10,Midday,Weekday
T20230010390,2023-05-03,21:05:00,2,Struck Pedestrian,3,Wednesday,100,PED NEAR SIDE. PED HIT BY VEHICLE FROM THE RIGHT.,3,773614,Not at intersection,2,70,Arterial Other,BALLARAT,MARIBYRNONG,-37.77939,144.8508,2023,5,May,21,Night,Weekday
T20230010498,2023-05-03,12:30:00,5,collision with some other object,3,Wednesday,166,STRUCK OBJECT ON CARRIAGEWAY,9,775312,Not at intersection,2,40,Arterial Other,TIMBOON-NULLAWARRE,CORANGAMITE,-38.48177,142.96483,2023,5,May,12,Midday,Weekday
T20230010500,2023-05-03,06:00:00,4,Collision with a fixed object,3,Wednesday,171,LEFT OFF CARRIAGEWAY INTO OBJECT/PARKED VEHICLE,2,229963,Cross intersection,3,60,Arterial Other,SAYERS,WYNDHAM,-37.852726,144.73128,2023,5,May,6,Morning Peak,Weekday
T20230010389,2023-05-03,20:10:00,1,Collision with vehicle,3,Wednesday,110,CROSS TRAFFIC(INTERSECTIONS ONLY),3,787784,Cross intersection,3,50,Local Road,PERRY,DAREBIN,-37.775406,145.02396,2023,5,May,20,Night,Weekday
T20230010313,2023-05-03,09:50:00,1,Collision with vehicle,3,Wednesday,137,LEFT TURN SIDESWIPE,1,787714,T intersection,2,40,Arterial Other,ST KILDA,MELBOURNE,-37.827465,144.97142,2023,5,May,9,Morning Peak,Weekday
T20230010910,2023-05-03,12:47:00,1,Collision with vehicle,3,Wednesday,130,REAR END(VEHICLES IN SAME LANE),9,773797,Not at intersection,2,60,Arterial Other,PASCOE VALE,MOONEE VALLEY,-37.750957,144.92526,2023,5,May,12,Midday,Weekday
T20230011090,2023-05-03,08:00:00,1,Collision with vehicle,3,Wednesday,130,REAR END(VEHICLES IN SAME LANE),1,775217,Not at intersection,3,80,Arterial Highway,SPRINGVALE,WHITEHORSE,-37.809814,145.17732,2023,5,May,8,Morning Peak,Weekday
T20230011050,2023-05-03,05:50:00,1,Collision with vehicle,3,Wednesday,116,LEFT NEAR (INTERSECTIONS ONLY),3,42956,T intersection,3,60,Arterial Other,CHANDLER,DANDENONG,-37.982098,145.18428,2023,5,May,5,Morning Peak,Weekday
T20230010384,2023-05-03,19:23:00,1,Collision with vehicle,3,Wednesday,130,REAR END(VEHICLES IN SAME LANE),3,780544,Not at intersection,2,80,Freeway,PRINCES,HOBSONS BAY,-37.839924,144.7955,2023,5,May,19,Night,Weekday
T20230010464,2023-05-03,18:00:00,4,Collision with a fixed object,3,Wednesday,181,OFF RIGHT BEND INTO OBJECT/PARKED VEHICLE,3,772742,Not at intersection,3,80,Freeway,MONASH OUT-EASTLINK OUT,DANDENONG,-37.94497,145.2061,2023,5,May,18,Afternoon Peak,Weekday
T20230010543,2023-05-03,15:20:00,1,Collision with vehicle,3,Wednesday,121,RIGHT THROUGH,1,773580,T intersection,3,40,Arterial Other,MALVERN,STONNINGTON,-37.848583,145.00688,2023,5,May,15,Afternoon Peak,Weekday
T20230010383,2023-05-03,17:00:00,2,Struck Pedestrian,3,Wednesday,100,PED NEAR SIDE. PED HIT BY VEHICLE FROM THE RIGHT.,1,786726,T intersection,2,70,Arterial Other,SYDNEY,MORELAND,-37.70449,144.96036,2023,5,May,17,Afternoon Peak,Weekday
T20230010404,2023-05-03,06:45:00,1,Collision with vehicle,3,Wednesday,121,RIGHT THROUGH,1,341350,Cross intersection,3,60,Non Arterial,HACKETTS,WYNDHAM,-37.896126,144.71686,2023,5,May,6,Morning Peak,Weekday
T20230010392,2023-05-03,17:49:00,1,Collision with vehicle,3,Wednesday,120,HEAD ON (NOT OVERTAKING),2,772351,Not at intersection,1,100,Arterial Highway,PRINCES,MOYNE,-38.38316,142.16704,2023,5,May,17,Afternoon Peak,Weekday
T20230010906,2023-05-03,18:00:00,3,Struck animal,3,Wednesday,167,STRUCK ANIMAL,1,773857,Not at intersection,3,50,Local Road,FOXES,BENDIGO,-36.669415,144.26031,2023,5,May,18,Afternoon Peak,Weekday
T20230010323,2023-05-03,11:20:00,1,Collision with vehicle,3,Wednesday,110,CROSS TRAFFIC(INTERSECTIONS ONLY),1,52530,Cross intersection,2,60,Local Road,COWRA,MILDURA,-34.214592,142.16656,2023,5,May,11,Midday,Weekday
T20230010361,2023-05-03,15:17:00,1,Collision with vehicle,3,Wednesday,150,HEAD ON(OVERTAKING),1,777702,Not at intersection,3,60,Arterial Highway,PRINCES,WELLINGTON,-38.105877,146.90726,2023,5,May,15,Afternoon Peak,Weekday
T20230010333,2023-05-03,11:25:00,1,Collision with vehicle,3,Wednesday,110,CROSS TRAFFIC(INTERSECTIONS ONLY),1,35754,Cross intersection,3,60,Arterial Other,HALLAM,CASEY,-38.04765,145.26472,2023,5,May,11,Midday,Weekday
T20230010325,2023-05-03,10:30:00,1,Collision with vehicle,3,Wednesday,111,RIGHT FAR (INTERSECTIONS ONLY),1,782447,Cross intersection,2,50,Local Road,COOLSTORE,MAROONDAH,-37.7944,145.28156,2023,5,May,10,Midday,Weekday
T20230028074,2023-05-03,21:50:00,1,Collision with vehicle,3,Wednesday,139,OTHER SAME DIRECTION-MANOUEVRES NOT INCLUDED IN DCAs 130-137,9,789842,Not at intersection,3,60,Arterial Other,BAANIP BOULEVARD -GEELONG RING OUT-ANGLESEA,GEELONG,-38.218876,144.28813,2023,5,May,21,Night,Weekday
T20230010321,2023-05-03,10:10:00,1,Collision with vehicle,3,Wednesday,160,VEHICLE COLLIDES WITH VEHICLE PARKED ON LEFT OF ROAD,1,780541,Not at intersection,3,50,Local Road,POWER,KNOX,-37.848495,145.2751,2023,5,May,10,Midday,Weekday
T20230011121,2023-05-03,17:30:00,1,Collision with vehicle,3,Wednesday,113,RIGHT NEAR (INTERSECTIONS ONLY),2,277083,Y intersection,3,80,Arterial Other,KELLETTS,KNOX,-37.925026,145.28543,2023,5,May,17,Afternoon Peak,Weekday
T20230010324,2023-05-03,06:00:00,1,Collision with vehicle,3,Wednesday,116,LEFT NEAR (INTERSECTIONS ONLY),3,655398,T intersection,3,60,Arterial Other,DUNCANS,WYNDHAM,-37.91003,144.67781,2023,5,May,6,Morning Peak,Weekday
T20230010344,2023-05-03,10:26:00,4,Collision with a fixed object,3,Wednesday,173,RIGHT OFF CARRIAGEWAY INTO OBJECT/PARKED VEHICLE,1,777749,Not at intersection,1,80,Arterial Highway,BELLARINE,GEELONG,-38.20695,144.5054,2023,5,May,10,Midday,Weekday
T20230010311,2023-05-03,08:33:00,1,Collision with vehicle,3,Wednesday,140,U TURN,1,772735,Not at intersection,3,60,Arterial Other,MURRAY,MORELAND,-37.735874,144.9821,2023,5,May,8,Morning Peak,Weekday
T20230010364,2023-05-03,15:20:00,4,Collision with a fixed object,3,Wednesday,173,RIGHT OFF CARRIAGEWAY INTO OBJECT/PARKED VEHICLE,1,773728,Not at intersection,3,80,Arterial Other,HEALESVILLE-YARRA GLEN,YARRA RANGES,-37.654545,145.44089,2023,5,May,15,Afternoon Peak,Weekday
T20230010366,2023-05-03,17:09:00,1,Collision with vehicle,3,Wednesday,113,RIGHT NEAR (INTERSECTIONS ONLY),1,43992,Cross intersection,2,80,Arterial Other,MORNINGTON-TYABB,MORNINGTON PENINSULA,-38.247383,145.1051,2023,5,May,17,Afternoon Peak,Weekday
T20230010368,2023-05-03,18:20:00,1,Collision with vehicle,3,Wednesday,121,RIGHT THROUGH,3,772602,Not at intersection,3,60,Local Road,LEISURE CENTRE,WODONGA,-36.126762,146.86505,2023,5,May,18,Afternoon Peak,Weekday
T20230010372,2023-05-03,14:00:00,2,Struck Pedestrian,3,Wednesday,102,FAR SIDE. PED HIT BY VEHICLE FROM THE LEFT,1,42258,T intersection,3,50,Local Road,CHESTERVILLE,GLEN EIRA,-37.923603,145.0643,2023,5,May,14,Midday,Weekday
T20230010373,2023-05-03,18:10:00,1,Collision with vehicle,3,Wednesday,137,LEFT TURN SIDESWIPE,3,42746,Multiple intersection,2,60,Arterial Highway,NEPEAN,KINGSTON,-37.9633,145.05609,2023,5,May,18,Afternoon Peak,Weekday
T20230010374,2023-05-03,19:20:00,2,Struck Pedestrian,3,Wednesday,102,FAR SIDE. PED HIT BY VEHICLE FROM THE LEFT,3,773572,Not at intersection,3,40,Local Road,COLLINS,MELBOURNE,-37.818943,144.95459,2023,5,May,19,Night,Weekday
T20230010378,2023-05-03,19:05:00,1,Collision with vehicle,3,Wednesday,130,REAR END(VEHICLES IN SAME LANE),3,785933,Not at intersection,3,60,Arterial Other,MAIN,NILLUMBIK,-37.733196,145.13786,2023,5,May,19,Night,Weekday
T20230010483,2023-05-03,08:15:00,1,Collision with vehicle,3,Wednesday,130,REAR END(VEHICLES IN SAME LANE),1,34899,T intersection,2,80,Arterial Other,COOPER,WHITTLESEA,-37.64901,144.99915,2023,5,May,8,Morning Peak,Weekday
T20230010395,2023-05-03,18:54:00,1,Collision with vehicle,3,Wednesday,140,U TURN,3,776474,Not at intersection,2,70,Arterial Other,PRINCES,WYNDHAM,-37.903236,144.65218,2023,5,May,18,Afternoon Peak,Weekday
T20230010304,2023-05-03,06:45:00,4,Collision with a fixed object,3,Wednesday,181,OFF RIGHT BEND INTO OBJECT/PARKED VEHICLE,2,776405,Not at intersection,3,40,Local Road,HORNSEY,MILDURA,-34.20171,142.16516,2023,5,May,6,Morning Peak,Weekday
T20230010741,2023-05-03,14:50:00,1,Collision with vehicle,3,Wednesday,147,VEHICLE STRIKES ANOTHER VEH WHILE EMERGING FROM DRIVEWAY,1,773731,T intersection,3,60,Local Road,MINES,MAROONDAH,-37.8048,145.2452,2023,5,May,14,Midday,Weekday
T20230010635,2023-05-03,18:33:00,1,Collision with vehicle,3,Wednesday,163,VEHICLE STRIKES DOOR OF PARKED/STATIONARY VEHICLE,6,786946,T intersection,3,60,Local Road,GRATTAN,MELBOURNE,-37.800793,144.96738,2023,5,May,18,Afternoon Peak,Weekday
T20230010317,2023-05-03,10:45:00,1,Collision with vehicle,3,Wednesday,147,VEHICLE STRIKES ANOTHER VEH WHILE EMERGING FROM DRIVEWAY,1,787836,Not at intersection,3,50,Local Road,WARKIL,MOIRA,-35.91536,145.65451,2023,5,May,10,Midday,Weekday
T20230010458,2023-05-03,08:30:00,1,Collision with vehicle,3,Wednesday,130,REAR END(VEHICLES IN SAME LANE),1,776537,Not at intersection,3,60,Local Road,MCCORMICKS,FRANKSTON,-38.081036,145.20143,2023,5,May,8,Morning Peak,Weekday
T20230011094,2023-05-03,13:55:00,1,Collision with vehicle,3,Wednesday,110,CROSS TRAFFIC(INTERSECTIONS ONLY),1,286770,Cross intersection,3,80,Arterial Other,MELTON,BRIMBANK,-37.695953,144.7744,2023,5,May,13,Midday,Weekday
T20230010357,2023-05-03,14:15:00,6,Vehicle overturned (no collision),3,Wednesday,174,OUT OF CONTROL ON CARRIAGEWAY (ON STRAIGHT),1,776285,Not at intersection,3,100,Local Road,BURRUMBITE,NORTHERN GRAMPIANS,-36.428127,143.2585,2023,5,May,14,Midday,Weekday
T20230010502,2023-05-03,15:30:00,1,Collision with vehicle,3,Wednesday,147,VEHICLE STRIKES ANOTHER VEH WHILE EMERGING FROM DRIVEWAY,1,774041,Not at intersection,3,50,Local Road,ARISTOC,MONASH,-37.886604,145.15793,2023,5,May,15,Afternoon Peak,Weekday
T20230011263,2023-05-03,09:30:00,6,Vehicle overturned (no collision),3,Wednesday,174,OUT OF CONTROL ON CARRIAGEWAY (ON STRAIGHT),1,773991,Not at intersection,2,100,Local Road,MEADOWS,STRATHBOGIE,-36.734795,145.71582,2023,5,May,9,Morning Peak,Weekday
T20230010382,2023-05-03,15:44:00,1,Collision with vehicle,3,Wednesday,121,RIGHT THROUGH,1,42680,Y intersection,3,80,Arterial Other,WELLINGTON,YARRA RANGES,-37.961178,145.36115,2023,5,May,15,Afternoon Peak,Weekday
T20230010403,2023-05-03,12:00:00,1,Collision with vehicle,3,Wednesday,130,REAR END(VEHICLES IN SAME LANE),1,785934,Not at intersection,2,80,Arterial Highway,SOUTH GIPPSLAND,CASEY,-38.05738,145.26234,2023,5,May,12,Midday,Weekday
T20230010347,2023-05-03,10:00:00,1,Collision with vehicle,3,Wednesday,121,RIGHT THROUGH,1,772472,T intersection,2,60,Arterial Other,ANAKIE,GEELONG,-38.109474,144.33177,2023,5,May,10,Midday,Weekday
T20230011432,2023-05-03,10:30:00,1,Collision with vehicle,3,Wednesday,134,LANE CHANGE RIGHT (NOT OVERTAKING),9,775421,Not at intersection,3,70,Arterial Other,MELTON,BRIMBANK,-37.69605,144.77483,2023,5,May,10,Midday,Weekday
T20230010393,2023-05-03,21:10:00,1,Collision with vehicle,3,Wednesday,160,VEHICLE COLLIDES WITH VEHICLE PARKED ON LEFT OF ROAD,3,783065,Not at intersection,3,60,Arterial Other,ELGAR,MANNINGHAM,-37.79049,145.12273,2023,5,May,21,Night,Weekday
T20230010334,2023-05-03,12:25:00,1,Collision with vehicle,3,Wednesday,121,RIGHT THROUGH,1,775996,Multiple intersection,2,70,Arterial Other,BALLARAT,BRIMBANK,-37.770298,144.7943,2023,5,May,12,Midday,Weekday
T20230010353,2023-05-03,14:01:00,4,Collision with a fixed object,3,Wednesday,171,LEFT OFF CARRIAGEWAY INTO OBJECT/PARKED VEHICLE,1,773692,Not at intersection,3,80,Arterial Highway,GOULBURN VALLEY,SHEPPARTON,-36.46809,145.38885,2023,5,May,14,Midday,Weekday
T20230010387,2023-05-03,19:15:00,1,Collision with vehicle,3,Wednesday,169,OTHER ON PATH,3,778071,Not at intersection,2,50,Local Road,HOLTS,MOORABOOL,-37.662853,144.44055,2023,5,May,19,Night,Weekday
T20230010472,2023-05-04,16:32:00,1,Collision with vehicle,4,Thursday,130,REAR END(VEHICLES IN SAME LANE),1,774708,Not at intersection,2,100,Freeway,EASTLINK,MAROONDAH,-37.823994,145.21727,2023,5,May,16,Afternoon Peak,Weekday
T20230010474,2023-05-04,18:30:00,1,Collision with vehicle,4,Thursday,130,REAR END(VEHICLES IN SAME LANE),3,777732,Not at intersection,3,80,Freeway,MONASH,STONNINGTON,-37.846855,145.04076,2023,5,May,18,Afternoon Peak,Weekday
T20230010476,2023-05-04,17:45:00,1,Collision with vehicle,4,Thursday,120,HEAD ON (NOT OVERTAKING),3,776997,Not at intersection,3,50,Local Road,MARIE,CASEY,-37.9878,145.244,2023,5,May,17,Afternoon Peak,Weekday
T20230010477,2023-05-04,09:30:00,2,Struck Pedestrian,4,Thursday,100,PED NEAR SIDE. PED HIT BY VEHICLE FROM THE RIGHT.,1,791640,Cross intersection,3,40,Arterial Other,BURKE,BOROONDARA,-37.800766,145.06253,2023,5,May,9,Morning Peak,Weekday
T20230010481,2023-05-04,18:15:00,1,Collision with vehicle,4,Thursday,163,VEHICLE STRIKES DOOR OF PARKED/STATIONARY VEHICLE,2,790573,Not at intersection,3,40,Local Road,LA TROBE,MELBOURNE,-37.81479,144.94572,2023,5,May,18,Afternoon Peak,Weekday
T20230010482,2023-05-04,17:30:00,1,Collision with vehicle,4,Thursday,148,VEHICLE OFF FOOTPATH STRIKES VEH ON CARRIAGEWAY,2,65645,T intersection,3,40,Arterial Other,VICTORIA,YARRA,-37.808357,144.97905,2023,5,May,17,Afternoon Peak,Weekday
T20230010905,2023-05-04,14:29:00,1,Collision with vehicle,4,Thursday,130,REAR END(VEHICLES IN SAME LANE),1,779194,Not at intersection,3,60,Local Road,RAILWAY,WYNDHAM,-37.89466,144.67169,2023,5,May,14,Midday,Weekday
T20230012812,2023-05-04,08:00:00,1,Collision with vehicle,4,Thursday,130,REAR END(VEHICLES IN SAME LANE),1,775443,Not at intersection,3,60,Local Road,COTTERS,WHITTLESEA,-37.630646,145.00417,2023,5,May,8,Morning Peak,Weekday
T20230010489,2023-05-04,20:15:00,1,Collision with vehicle,4,Thursday,130,REAR END(VEHICLES IN SAME LANE),3,777394,Not at intersection,2,40,Local Road,AITKEN,HUME,-37.591927,144.91039,2023,5,May,20,Night,Weekday
T20230010998,2023-05-04,09:10:00,1,Collision with vehicle,4,Thursday,135,LANE CHANGE LEFT (NOT OVERTAKING),1,773862,Not at intersection,3,60,Arterial Other,HUNTINGDALE,MONASH,-37.87213,145.11093,2023,5,May,9,Morning Peak,Weekday
T20230014404,2023-05-04,19:10:00,1,Collision with vehicle,4,Thursday,116,LEFT NEAR (INTERSECTIONS ONLY),6,785943,T intersection,3,80,Arterial Highway,CHELTENHAM,DANDENONG,-37.99321,145.1653,2023,5,May,19,Night,Weekday
T20230010418,2023-05-04,08:03:00,1,Collision with vehicle,4,Thursday,121,RIGHT THROUGH,1,42505,Cross intersection,2,40,Local Road,BUCKINGHAM,DANDENONG,-37.95421,145.15056,2023,5,May,8,Morning Peak,Weekday
T20230010407,2023-05-04,06:19:00,1,Collision with vehicle,4,Thursday,130,REAR END(VEHICLES IN SAME LANE),1,582838,Cross intersection,3,80,Arterial Highway,PRINCES,CASEY,-38.02625,145.30663,2023,5,May,6,Morning Peak,Weekday
T20230012501,2023-05-04,17:15:00,1,Collision with vehicle,4,Thursday,110,CROSS TRAFFIC(INTERSECTIONS ONLY),2,29359,Cross intersection,3,40,Local Road,DRUMMOND,YARRA,-37.781982,144.97162,2023,5,May,17,Afternoon Peak,Weekday
T20230010413,2023-05-04,08:37:00,1,Collision with vehicle,4,Thursday,121,RIGHT THROUGH,1,29680,T intersection,3,60,Arterial Other,KEYS,KINGSTON,-37.94763,145.05902,2023,5,May,8,Morning Peak,Weekday
T20230010414,2023-05-04,06:40:00,1,Collision with vehicle,4,Thursday,111,RIGHT FAR (INTERSECTIONS ONLY),2,39267,T intersection,3,60,Arterial Other,ELGAR,WHITEHORSE,-37.811558,145.116,2023,5,May,6,Morning Peak,Weekday
T20230010419,2023-05-04,07:00:00,1,Collision with vehicle,4,Thursday,121,RIGHT THROUGH,2,778648,Cross intersection,3,60,Arterial Other,THAMES PROMENADE -WELLS,KINGSTON,-38.04414,145.1396,2023,5,May,7,Morning Peak,Weekday
T20230010421,2023-05-04,10:00:00,1,Collision with vehicle,4,Thursday,130,REAR END(VEHICLES IN SAME LANE),1,785935,Not at intersection,2,70,Arterial Highway,SETTLEMENT,GEELONG,-38.182323,144.3441,2023,5,May,10,Midday,Weekday
T20230010423,2023-05-04,09:00:00,2,Struck Pedestrian,4,Thursday,101,PED EMERGES FROM IN FRONT OF PARKED OR STATIONARY VEHICLE,1,772863,T intersection,2,40,Local Road,CHAPEL,PORT PHILLIP,-37.869774,144.99008,2023,5,May,9,Morning Peak,Weekday