ACCIDENT_NO,ACCIDENT_DATE,ACCIDENT_TIME,ACCIDENT_TYPE,ACCIDENT_TYPE_DESC,DAY_OF_WEEK,DAY_WEEK_DESC,DCA_CODE,DCA_DESC,LIGHT_CONDITION,NODE_ID,ROAD_GEOMETRY_DESC,SEVERITY,SPEED_ZONE,RMA,ROAD_NAME,LGA_NAME,LATITUDE,LONGITUDE,YEAR,MONTH,MONTH_NAME,HOUR,TIME_PERIOD,DAY_TYPE
T20230010680,2023-05-07,10:30:00,6,Vehicle overturned (no collision),7,Sunday,170,OFF CARRIAGEWAY TO LEFT,1,779507,Not at intersection,2,100,Arterial Other,EPPING-KILMORE,MITCHELL,-37.39698,145.02716,2023,5,May,10,Midday,Weekend
T20230011070,2023-05-07,22:07:00,1,Collision with vehicle,7,Sunday,121,RIGHT THROUGH,3,774437,Multiple intersection,3,80,Arterial Other,CANTERBURY,MAROONDAH,-37.832542,145.21814,2023,5,May,22,Night,Weekend
T20230011785,2023-05-07,11:00:00,1,Collision with vehicle,7,Sunday,110,CROSS TRAFFIC(INTERSECTIONS ONLY),1,60726,Cross intersection,3,50,Local Road,ARMSTRONG,BALLARAT,-37.541565,143.86005,2023,5,May,11,Midday,Weekend
T20230010715,2023-05-07,21:05:00,9,Other accident,7,Sunday,179,OTHER ACCIDENTS-OFF STRAIGHT NOT INCLUDED IN DCAs 170-175,5,49529,Cross intersection,2,80,Arterial Other,GREENDALE-MYRNIONG,MOORABOOL,-37.607754,144.31853,2023,5,May,21,Night,Weekend
T20230010716,2023-05-07,20:30:00,2,Struck Pedestrian,7,Sunday,100,PED NEAR SIDE. PED HIT BY VEHICLE FROM THE RIGHT.,5,775133,T intersection,3,60,Arterial Other,BALLARAT,MARIBYRNONG,-37.785496,144.87543,2023,5,May,20,Night,Weekend
T20230010702,2023-05-07,16:40:00,4,Collision with a fixed object,7,Sunday,183,OFF LEFT BEND INTO OBJECT/PARKED VEHICLE,2,778604,Not at intersection,3,80,Local Road,SEBASTOPOL-SMYTHESDALE,GOLDEN PLAINS,-37.624393,143.77643,2023,5,May,16,Afternoon Peak,Weekend
T20230010920,2023-05-07,14:15:00,1,Collision with vehicle,7,Sunday,163,VEHICLE STRIKES DOOR OF PARKED/STATIONARY VEHICLE,1,775837,Not at intersection,3,40,Local Road,SMITH,YARRA,-37.802624,144.98364,2023,5,May,14,Midday,Weekend
T20230011477,2023-05-07,19:27:00,1,Collision with vehicle,7,Sunday,130,REAR END(VEHICLES IN SAME LANE),5,356627,T intersection,3,80,Freeway,METROPOLITAN RING OUT-PLENTY,WHITTLESEA,-37.686153,145.06763,2023,5,May,19,Night,Weekend
T20230010721,2023-05-07,23:35:00,4,Collision with a fixed object,7,Sunday,181,OFF RIGHT BEND INTO OBJECT/PARKED VEHICLE,3,780276,Not at intersection,1,70,Arterial Highway,BURWOOD,WHITEHORSE,-37.85111,145.14017,2023,5,May,23,Night,Weekend
T20230012601,2023-05-07,14:15:00,1,Collision with vehicle,7,Sunday,130,REAR END(VEHICLES IN SAME LANE),1,775239,Not at intersection,3,80,Arterial Highway,MAROONDAH,MAROONDAH,-37.78672,145.27527,2023,5,May,14,Midday,Weekend
T20230012248,2023-05-07,15:40:00,1,Collision with vehicle,7,Sunday,130,REAR END(VEHICLES IN SAME LANE),1,794132,Not at intersection,3,60,Local Road,COLLEGE,MELBOURNE,-37.79294,144.95905,2023,5,May,15,Afternoon Peak,Weekend
T20230010679,2023-05-07,09:40:00,6,Vehicle overturned (no collision),7,Sunday,174,OUT OF CONTROL ON CARRIAGEWAY (ON STRAIGHT),1,775578,T intersection,2,50,Local Road,STATION,SWAN HILL,-35.05605,143.31053,2023,5,May,9,Morning Peak,Weekend
T20230023716,2023-05-08,13:13:00,1,Collision with vehicle,1,Monday,113,RIGHT NEAR (INTERSECTIONS ONLY),9,46898,T intersection,3,60,Arterial Other,PRINCES,WYNDHAM,-37.89387,144.6804,2023,5,May,13,Midday,Weekday
T20230023771,2023-05-08,18:17:00,1,Collision with vehicle,1,Monday,130,REAR END(VEHICLES IN SAME LANE),2,347544,Not at intersection,3,40,Arterial Other,BROADWAY,DAREBIN,-37.716923,145.00928,2023,5,May,18,Afternoon Peak,Weekday
T20230011434,2023-05-08,16:54:00,1,Collision with vehicle,1,Monday,110,CROSS TRAFFIC(INTERSECTIONS ONLY),1,54370,Cross intersection,3,60,Local Road,DARLING,BALLARAT,-37.574875,143.84026,2023,5,May,16,Afternoon Peak,Weekday
T20230010845,2023-05-08,19:20:00,1,Collision with vehicle,1,Monday,130,REAR END(VEHICLES IN SAME LANE),3,776047,Not at intersection,3,60,Arterial Other,SAYERS,WYNDHAM,-37.85031,144.7044,2023,5,May,19,Night,Weekday
T20230010813,2023-05-08,21:45:00,1,Collision with vehicle,1,Monday,130,REAR END(VEHICLES IN SAME LANE),5,775458,Not at intersection,3,50,Local Road,WEST,MORELAND,-37.714973,144.9369,2023,5,May,21,Night,Weekday
T20230010812,2023-05-08,19:49:00,4,Collision with a fixed object,1,Monday,181,OFF RIGHT BEND INTO OBJECT/PARKED VEHICLE,5,773792,Not at intersection,1,100,Local Road,ROSEDALE-FLYNNS CREEK,WELLINGTON,-38.191505,146.72174,2023,5,May,19,Night,Weekday
T20230010808,2023-05-08,19:30:00,8,No collision and no object struck,1,Monday,174,OUT OF CONTROL ON CARRIAGEWAY (ON STRAIGHT),3,715605,Not at intersection,3,60,Arterial Other,RIVERSDALE,BOROONDARA,-37.834488,145.08531,2023,5,May,19,Night,Weekday
T20230010806,2023-05-08,15:54:00,1,Collision with vehicle,1,Monday,130,REAR END(VEHICLES IN SAME LANE),1,773920,Not at intersection,3,80,Arterial Highway,GREENSBOROUGH,BANYULE,-37.698215,145.0914,2023,5,May,15,Afternoon Peak,Weekday
T20230010729,2023-05-08,07:15:00,4,Collision with a fixed object,1,Monday,183,OFF LEFT BEND INTO OBJECT/PARKED VEHICLE,2,776173,Not at intersection,3,100,Local Road,BACK BOGA,SWAN HILL,-35.37048,143.54376,2023,5,May,7,Morning Peak,Weekday
T20230010731,2023-05-08,07:00:00,2,Struck Pedestrian,1,Monday,100,PED NEAR SIDE. PED HIT BY VEHICLE FROM THE RIGHT.,2,777023,T intersection,3,50,Local Road,MARY,MONASH,-37.924763,145.1212,2023,5,May,7,Morning Peak,Weekday
T20230010737,2023-05-08,09:10:00,1,Collision with vehicle,1,Monday,140,U TURN,1,239464,T intersection,2,80,Arterial Other,CRANBOURNE,FRANKSTON,-38.151653,145.15298,2023,5,May,9,Morning Peak,Weekday
T20230010740,2023-05-08,09:44:00,1,Collision with vehicle,1,Monday,132,RIGHT REAR.,1,773730,Cross intersection,3,100,Arterial Highway,MIDLAND,SHEPPARTON,-36.41908,145.1866,2023,5,May,9,Morning Peak,Weekday
T20230010743,2023-05-08,08:25:00,1,Collision with vehicle,1,Monday,120,HEAD ON (NOT OVERTAKING),1,773732,Not at intersection,2,60,Local Road,EARLS,GEELONG,-38.17596,144.40894,2023,5,May,8,Morning Peak,Weekday
T20230010744,2023-05-08,08:50:00,1,Collision with vehicle,1,Monday,130,REAR END(VEHICLES IN SAME LANE),1,773733,Not at intersection,2,40,Local Road,NOBLE,GEELONG,-38.153313,144.34015,2023,5,May,8,Morning Peak,Weekday
T20230011319,2023-05-08,18:20:00,2,Struck Pedestrian,1,Monday,100,PED NEAR SIDE. PED HIT BY VEHICLE FROM THE RIGHT.,3,774050,Not at intersection,3,50,Arterial Other,WICKLOW,MAROONDAH,-37.79494,145.28035,2023,5,May,18,Afternoon Peak,Weekday
T20230013288,2023-05-08,00:40:00,4,Collision with a fixed object,1,Monday,171,LEFT OFF CARRIAGEWAY INTO OBJECT/PARKED VEHICLE,3,39733,T intersection,3,70,Arterial Other,BAYSWATER,MAROONDAH,-37.806572,145.27148,2023,5,May,0,Late Night,Weekday
T20240006070,2023-05-08,10:00:00,1,Collision with vehicle,1,Monday,130,REAR END(VEHICLES IN SAME LANE),1,800697,Not at intersection,3,60,Freeway,WESTERN RING OUT-PASCOE VALE,HUME,-37.693924,144.91524,2023,5,May,10,Midday,Weekday
T20230010748,2023-05-08,07:26:00,1,Collision with vehicle,1,Monday,135,LANE CHANGE LEFT (NOT OVERTAKING),1,786147,Not at intersection,2,100,Freeway,PRINCES,HOBSONS BAY,-37.86521,144.77551,2023,5,May,7,Morning Peak,Weekday
T20230010749,2023-05-08,11:40:00,1,Collision with vehicle,1,Monday,130,REAR END(VEHICLES IN SAME LANE),1,780553,T intersection,2,60,Arterial Highway,PUNT,MELBOURNE,-37.820328,144.98956,2023,5,May,11,Midday,Weekday
T20230010750,2023-05-08,10:10:00,1,Collision with vehicle,1,Monday,110,CROSS TRAFFIC(INTERSECTIONS ONLY),1,63411,Cross intersection,3,60,Local Road,ELSUM,BRIMBANK,-37.75211,144.7733,2023,5,May,10,Midday,Weekday
T20230010751,2023-05-08,11:35:00,1,Collision with vehicle,1,Monday,121,RIGHT THROUGH,1,788258,Not at intersection,3,60,Local Road,BLACKBURN,MANNINGHAM,-37.76031,145.16713,2023,5,May,11,Midday,Weekday
T20230010754,2023-05-08,10:40:00,1,Collision with vehicle,1,Monday,113,RIGHT NEAR (INTERSECTIONS ONLY),1,72150,T intersection,2,80,Arterial Highway,SOUTH GIPPSLAND,CASEY,-38.156685,145.31743,2023,5,May,10,Midday,Weekday
T20230010757,2023-05-08,13:12:00,2,Struck Pedestrian,1,Monday,102,FAR SIDE. PED HIT BY VEHICLE FROM THE LEFT,1,773654,Not at intersection,2,40,Local Road,DOUGLAS,DANDENONG,-37.965855,145.1743,2023,5,May,13,Midday,Weekday
T20230010766,2023-05-08,13:08:00,1,Collision with vehicle,1,Monday,160,VEHICLE COLLIDES WITH VEHICLE PARKED ON LEFT OF ROAD,1,776475,Not at intersection,2,60,Local Road,CORRIGAN,DANDENONG,-37.971542,145.1671,2023,5,May,13,Midday,Weekday
T20230010776,2023-05-08,16:38:00,1,Collision with vehicle,1,Monday,130,REAR END(VEHICLES IN SAME LANE),1,786148,Not at intersection,3,80,Arterial Highway,NEPEAN,KINGSTON,-37.93568,145.03659,2023,5,May,16,Afternoon Peak,Weekday
T20230010779,2023-05-08,15:30:00,4,Collision with a fixed object,1,Monday,173,RIGHT OFF CARRIAGEWAY INTO OBJECT/PARKED VEHICLE,1,786693,T intersection,2,60,Arterial Other,CAMBERWELL,BOROONDARA,-37.83843,145.06485,2023,5,May,15,Afternoon Peak,Weekday
T20230010781,2023-05-08,17:15:00,1,Collision with vehicle,1,Monday,130,REAR END(VEHICLES IN SAME LANE),1,773735,Not at intersection,3,50,Arterial Other,SHRIVES,CASEY,-38.030342,145.28296,2023,5,May,17,Afternoon Peak,Weekday
T20230010782,2023-05-08,16:10:00,1,Collision with vehicle,1,Monday,130,REAR END(VEHICLES IN SAME LANE),1,780554,Not at intersection,2,100,Freeway,PRINCES,CASEY,-38.035744,145.32826,2023,5,May,16,Afternoon Peak,Weekday
T20230010785,2023-05-08,18:50:00,1,Collision with vehicle,1,Monday,120,HEAD ON (NOT OVERTAKING),3,786149,Not at intersection,3,60,Arterial Other,TOORONGA,STONNINGTON,-37.860336,145.0408,2023,5,May,18,Afternoon Peak,Weekday
T20230010792,2023-05-08,18:55:00,2,Struck Pedestrian,1,Monday,100,PED NEAR SIDE. PED HIT BY VEHICLE FROM THE RIGHT.,3,35506,Cross intersection,2,50,Local Road,ALMA,GLEN EIRA,-37.864895,145.01904,2023,5,May,18,Afternoon Peak,Weekday
T20230010797,2023-05-08,16:54:00,1,Collision with vehicle,1,Monday,132,RIGHT REAR.,1,776172,T intersection,2,60,Local Road,BALD HILL,CARDINIA,-38.0848,145.49432,2023,5,May,16,Afternoon Peak,Weekday
T20230010801,2023-05-08,18:05:00,4,Collision with a fixed object,1,Monday,181,OFF RIGHT BEND INTO OBJECT/PARKED VEHICLE,5,775890,Not at intersection,2,60,Arterial Other,KANGAROO GROUND-WARRANDYTE,NILLUMBIK,-37.696995,145.2228,2023,5,May,18,Afternoon Peak,Weekday
T20230013889,2023-05-08,06:35:00,1,Collision with vehicle,1,Monday,130,REAR END(VEHICLES IN SAME LANE),2,783650,Not at intersection,3,60,Non Arterial,SNEYDES,WYNDHAM,-37.898342,144.71066,2023,5,May,6,Morning Peak,Weekday
T20230011973,2023-05-08,09:10:00,1,Collision with vehicle,1,Monday,137,LEFT TURN SIDESWIPE,1,775887,Not at intersection,3,60,Arterial Highway,HIGH,BENDIGO,-36.789078,144.24503,2023,5,May,9,Morning Peak,Weekday
T20230010738,2023-05-08,09:50:00,1,Collision with vehicle,1,Monday,113,RIGHT NEAR (INTERSECTIONS ONLY),1,29803,T intersection,2,60,Arterial Other,PLENTY,DAREBIN,-37.72733,145.02013,2023,5,May,9,Morning Peak,Weekday
T20230010878,2023-05-08,10:00:00,1,Collision with vehicle,1,Monday,130,REAR END(VEHICLES IN SAME LANE),1,786915,Not at intersection,3,100,Freeway,MONASH,MONASH,-37.8861,145.10573,2023,5,May,10,Midday,Weekday
T20230012973,2023-05-08,16:40:00,1,Collision with vehicle,1,Monday,147,VEHICLE STRIKES ANOTHER VEH WHILE EMERGING FROM DRIVEWAY,1,775530,Not at intersection,3,60,Arterial Highway,HIGH,MITCHELL,-37.417324,144.97905,2023,5,May,16,Afternoon Peak,Weekday
T20230010879,2023-05-09,18:20:00,1,Collision with vehicle,2,Tuesday,163,VEHICLE STRIKES DOOR OF PARKED/STATIONARY VEHICLE,3,775891,Not at intersection,3,50,Local Road,ELIZABETH,MELBOURNE,-37.808384,144.96046,2023,5,May,18,Afternoon Peak,Weekday
T20230010856,2023-05-09,09:30:00,2,Struck Pedestrian,2,Tuesday,102,FAR SIDE. PED HIT BY VEHICLE FROM THE LEFT,1,35315,Cross intersection,2,40,Arterial Highway,LONSDALE,DANDENONG,-37.98811,145.21445,2023,5,May,9,Morning Peak,Weekday
T20230010929,2023-05-09,17:20:00,1,Collision with vehicle,2,Tuesday,130,REAR END(VEHICLES IN SAME LANE),2,773798,Not at intersection,3,80,Local Road,ELEVENTH,MILDURA,-34.21362,142.18617,2023,5,May,17,Afternoon Peak,Weekday
T20230010887,2023-05-09,20:55:00,1,Collision with vehicle,2,Tuesday,121,RIGHT THROUGH,4,773951,Not at intersection,3,80,Arterial Highway,SOUTH GIPPSLAND,CASEY,-38.085026,145.27783,2023,5,May,20,Night,Weekday
T20230011581,2023-05-09,19:10:00,1,Collision with vehicle,2,Tuesday,113,RIGHT NEAR (INTERSECTIONS ONLY),2,44857,T intersection,3,60,Arterial Other,MAIN,NILLUMBIK,-37.70278,145.16652,2023,5,May,19,Night,Weekday
T20230010855,2023-05-09,09:59:00,1,Collision with vehicle,2,Tuesday,121,RIGHT THROUGH,1,39833,T intersection,3,70,Local Road,LIVERPOOL,MAROONDAH,-37.826553,145.318,2023,5,May,9,Morning Peak,Weekday
T20230010868,2023-05-09,14:48:00,2,Struck Pedestrian,2,Tuesday,102,FAR SIDE. PED HIT BY VEHICLE FROM THE LEFT,1,776317,Not at intersection,3,50,Local Road,VIEW,BRIMBANK,-37.744373,144.80392,2023,5,May,14,Midday,Weekday
T20230010866,2023-05-09,16:16:00,1,Collision with vehicle,2,Tuesday,113,RIGHT NEAR (INTERSECTIONS ONLY),1,773924,T intersection,3,80,Local Road,CHERRY FLAT,BALLARAT,-37.601482,143.80447,2023,5,May,16,Afternoon Peak,Weekday
T20230015409,2023-05-09,09:20:00,1,Collision with vehicle,2,Tuesday,133,LANE SIDE SWIPE (VEHICLES IN PARALLEL LANES),1,777789,Cross intersection,3,60,Arterial Other,CLARENDON,MELBOURNE,-37.82525,144.957,2023,5,May,9,Morning Peak,Weekday
T20230010883,2023-05-09,21:38:00,1,Collision with vehicle,2,Tuesday,119,OTHER ADJACENT (INTERSECTIONS ONLY),3,15140,Cross intersection,3,60,Local Road,PLEASANT,BALLARAT,-37.581608,143.83504,2023,5,May,21,Night,Weekday
T20230010815,2023-05-09,03:45:00,1,Collision with vehicle,2,Tuesday,110,CROSS TRAFFIC(INTERSECTIONS ONLY),3,36666,Cross intersection,2,70,Arterial Highway,HODDLE,YARRA,-37.799847,144.99298,2023,5,May,3,Late Night,Weekday
T20230010816,2023-05-09,02:50:00,4,Collision with a fixed object,2,Tuesday,173,RIGHT OFF CARRIAGEWAY INTO OBJECT/PARKED VEHICLE,3,778233,Not at intersection,3,100,Arterial Highway,PRINCES,SURF COAST,-38.212643,144.18974,2023,5,May,2,Late Night,Weekday
T20230010817,2023-05-09,04:59:00,3,Struck animal,2,Tuesday,167,STRUCK ANIMAL,5,778059,Not at intersection,3,100,Local Road,SEYMOUR-AVENEL,MITCHELL,-36.99036,145.15811,2023,5,May,4,Late Night,Weekday
T20230010843,2023-05-09,11:20:00,1,Collision with vehicle,2,Tuesday,121,RIGHT THROUGH,1,282480,Cross intersection,3,80,Arterial Highway,PRINCES,DANDENONG,-37.975204,145.2037,2023,5,May,11,Midday,Weekday
T20230010873,2023-05-09,16:30:00,1,Collision with vehicle,2,Tuesday,130,REAR END(VEHICLES IN SAME LANE),1,42814,Cross intersection,3,80,Arterial Highway,NEPEAN,KINGSTON,-37.987312,145.07915,2023,5,May,16,Afternoon Peak,Weekday
T20230010818,2023-05-09,05:10:00,4,Collision with a fixed object,2,Tuesday,181,OFF RIGHT BEND INTO OBJECT/PARKED VEHICLE,5,786754,Not at intersection,3,100,Arterial Highway,STRZELECKI,SOUTH GIPPSLAND,-38.371166,146.18028,2023,5,May,5,Morning Peak,Weekday
T20230010824,2023-05-09,06:08:00,2,Struck Pedestrian,2,Tuesday,100,PED NEAR SIDE. PED HIT BY VEHICLE FROM THE RIGHT.,3,788399,Cross intersection,2,60,Arterial Highway,QUEENS,PORT PHILLIP,-37.848206,144.97752,2023,5,May,6,Morning Peak,Weekday
T20230010872,2023-05-09,16:30:00,1,Collision with vehicle,2,Tuesday,130,REAR END(VEHICLES IN SAME LANE),2,775733,Not at intersection,2,80,Arterial Other,CANTERBURY,MAROONDAH,-37.825157,145.29135,2023,5,May,16,Afternoon Peak,Weekday
T20230010826,2023-05-09,07:30:00,1,Collision with vehicle,2,Tuesday,121,RIGHT THROUGH,1,38080,Cross intersection,2,60,Arterial Other,HEIDELBERG,DAREBIN,-37.782364,145.02269,2023,5,May,7,Morning Peak,Weekday
T20230010828,2023-05-09,09:15:00,1,Collision with vehicle,2,Tuesday,130,REAR END(VEHICLES IN SAME LANE),1,773738,Not at intersection,3,60,Arterial Other,HIGH,MANNINGHAM,-37.774277,145.11414,2023,5,May,9,Morning Peak,Weekday
T20230010829,2023-05-09,08:42:00,2,Struck Pedestrian,2,Tuesday,102,FAR SIDE. PED HIT BY VEHICLE FROM THE LEFT,1,788337,Cross intersection,2,60,Arterial Other,MALVERN,STONNINGTON,-37.851624,145.03003,2023,5,May,8,Morning Peak,Weekday
T20230010833,2023-05-09,06:47:00,4,Collision with a fixed object,2,Tuesday,173,RIGHT OFF CARRIAGEWAY INTO OBJECT/PARKED VEHICLE,5,773739,T intersection,3,80,Local Road,MAIN SOUTH,BAW BAW,-38.188168,145.83896,2023,5,May,6,Morning Peak,Weekday
T20230010867,2023-05-09,17:00:00,1,Collision with vehicle,2,Tuesday,130,REAR END(VEHICLES IN SAME LANE),1,773795,Not at intersection,3,60,Local Road,KOROIT,WARRNAMBOOL,-38.38037,142.4764,2023,5,May,17,Afternoon Peak,Weekday
T20230010975,2023-05-09,16:58:00,1,Collision with vehicle,2,Tuesday,130,REAR END(VEHICLES IN SAME LANE),1,777724,Not at intersection,3,100,Freeway,EASTERN,BOROONDARA,-37.779964,145.0861,2023,5,May,16,Afternoon Peak,Weekday
T20230010911,2023-05-09,20:32:00,4,Collision with a fixed object,2,Tuesday,164,PERMANENT OBSTRUCTION ON CARRIAGEWAY,5,776697,Not at intersection,2,80,Freeway,SUNBURY,HUME,-37.66152,144.85399,2023,5,May,20,Night,Weekday
T20230010876,2023-05-09,18:46:00,1,Collision with vehicle,2,Tuesday,121,RIGHT THROUGH,3,41326,T intersection,2,60,Local Road,KAMBROOK,GLEN EIRA,-37.876858,145.03545,2023,5,May,18,Afternoon Peak,Weekday
T20230016608,2023-05-09,16:40:00,1,Collision with vehicle,2,Tuesday,111,RIGHT FAR (INTERSECTIONS ONLY),2,779777,T intersection,3,70,Arterial Highway,PLENTY,DAREBIN,-37.711834,145.04758,2023,5,May,16,Afternoon Peak,Weekday
T20230010877,2023-05-09,18:25:00,1,Collision with vehicle,2,Tuesday,130,REAR END(VEHICLES IN SAME LANE),5,358701,Multiple intersection,3,80,Freeway,SOUTH GIPPSLAND-SOUTH GIPPSLAND IN,DANDENONG,-38.035767,145.24625,2023,5,May,18,Afternoon Peak,Weekday
T20230010999,2023-05-09,18:50:00,1,Collision with vehicle,2,Tuesday,130,REAR END(VEHICLES IN SAME LANE),3,786912,Cross intersection,3,90,Arterial Other,FRANKSTON-FLINDERS,MORNINGTON PENINSULA,-38.272057,145.18996,2023,5,May,18,Afternoon Peak,Weekday
T20230010858,2023-05-09,13:56:00,2,Struck Pedestrian,2,Tuesday,100,PED NEAR SIDE. PED HIT BY VEHICLE FROM THE RIGHT.,1,40161,Cross intersection,2,40,Arterial Other,HOTHAM,GLEN EIRA,-37.866455,145.00003,2023,5,May,13,Midday,Weekday
T20230010844,2023-05-09,10:36:00,1,Collision with vehicle,2,Tuesday,130,REAR END(VEHICLES IN SAME LANE),1,780568,Not at intersection,2,80,Freeway,WESTERN,BALLARAT,-37.557503,143.91518,2023,5,May,10,Midday,Weekday
T20230010839,2023-05-09,07:14:00,1,Collision with vehicle,2,Tuesday,121,RIGHT THROUGH,1,42547,Cross intersection,3,40,Arterial Other,POLICE,MONASH,-37.934273,145.1658,2023,5,May,7,Morning Peak,Weekday
T20230010896,2023-05-09,23:37:00,1,Collision with vehicle,2,Tuesday,113,RIGHT NEAR (INTERSECTIONS ONLY),3,39516,T intersection,3,70,Arterial Other,MITCHAM,MANNINGHAM,-37.7994,145.18198,2023,5,May,23,Night,Weekday
T20230010859,2023-05-09,12:55:00,1,Collision with vehicle,2,Tuesday,121,RIGHT THROUGH,1,721467,T intersection,2,60,Local Road,TAYLORS,BRIMBANK,-37.728596,144.80582,2023,5,May,12,Midday,Weekday
T20230010895,2023-05-09,04:20:00,4,Collision with a fixed object,2,Tuesday,171,LEFT OFF CARRIAGEWAY INTO OBJECT/PARKED VEHICLE,5,786338,Not at intersection,3,60,Arterial Other,MOUNT DANDENONG TOURIST,YARRA RANGES,-37.85107,145.36223,2023,5,May,4,Late Night,Weekday
T20230010892,2023-05-09,18:11:00,1,Collision with vehicle,2,Tuesday,121,RIGHT THROUGH,3,36499,Cross intersection,3,40,Local Road,BRUNSWICK,YARRA,-37.79906,144.97835,2023,5,May,18,Afternoon Peak,Weekday
T20230011278,2023-05-09,13:00:00,1,Collision with vehicle,2,Tuesday,130,REAR END(VEHICLES IN SAME LANE),1,773992,Not at intersection,3,60,Arterial Other,GOVERNOR,KINGSTON,-38.009323,145.1209,2023,5,May,13,Midday,Weekday
T20230010956,2023-05-10,17:35:00,1,Collision with vehicle,3,Wednesday,133,LANE SIDE SWIPE (VEHICLES IN PARALLEL LANES),3,263,Cross intersection,3,60,Arterial Highway,PUNT,STONNINGTON,-37.83063,144.98784,2023,5,May,17,Afternoon Peak,Weekday
T20230010957,2023-05-10,17:47:00,1,Collision with vehicle,3,Wednesday,148,VEHICLE OFF FOOTPATH STRIKES VEH ON CARRIAGEWAY,5,773799,T intersection,3,60,Local Road,WATERLOO,LATROBE,-38.178833,146.25233,2023,5,May,17,Afternoon Peak,Weekday
T20230010917,2023-05-10,07:30:00,1,Collision with vehicle,3,Wednesday,110,CROSS TRAFFIC(INTERSECTIONS ONLY),1,36813,Cross intersection,3,60,Arterial Other,NORMANBY,PORT PHILLIP,-37.828957,144.94844,2023,5,May,7,Morning Peak,Weekday
T20230015695,2023-05-10,12:00:00,4,Collision with a fixed object,3,Wednesday,171,LEFT OFF CARRIAGEWAY INTO OBJECT/PARKED VEHICLE,1,782211,Not at intersection,3,60,Arterial Other,WAVERLEY,STONNINGTON,-37.876743,145.0545,2023,5,May,12,Midday,Weekday
T20230011767,2023-05-10,19:30:00,2,Struck Pedestrian,3,Wednesday,100,PED NEAR SIDE. PED HIT BY VEHICLE FROM THE RIGHT.,5,774466,Not at intersection,3,50,Arterial Other,BALLARAT,BRIMBANK,-37.76923,144.77,2023,5,May,19,Night,Weekday
T20230012764,2023-05-10,15:05:00,6,Vehicle overturned (no collision),3,Wednesday,180,OFF CARRIAGEWAY ON RIGHT BEND,1,775440,Not at intersection,3,60,Local Road,HAM,BENDIGO,-36.79134,144.2596,2023,5,May,15,Afternoon Peak,Weekday
T20230013494,2023-05-10,15:30:00,1,Collision with vehicle,3,Wednesday,130,REAR END(VEHICLES IN SAME LANE),1,775951,Not at intersection,3,100,Freeway,PRINCES,CASEY,-38.038692,145.33105,2023,5,May,15,Afternoon Peak,Weekday
T20230012002,2023-05-10,19:05:00,1,Collision with vehicle,3,Wednesday,134,LANE CHANGE RIGHT (NOT OVERTAKING),3,776411,Not at intersection,3,70,Arterial Highway,NORTH,MONASH,-37.913227,145.11557,2023,5,May,19,Night,Weekday
T20230010965,2023-05-10,14:41:00,1,Collision with vehicle,3,Wednesday,123,RIGHT/LEFT. ONE VEH TURNING RIGHT THE OTHER LEFT.,1,36173,Cross intersection,3,60,Arterial Other,WELLS,KINGSTON,-38.04418,145.13988,2023,5,May,14,Midday,Weekday
T20230010909,2023-05-10,09:25:00,1,Collision with vehicle,3,Wednesday,135,LANE CHANGE LEFT (NOT OVERTAKING),1,776131,Not at intersection,3,100,Freeway,MONASH,MONASH,-37.924732,145.17888,2023,5,May,9,Morning Peak,Weekday
T20230010904,2023-05-10,08:54:00,1,Collision with vehicle,3,Wednesday,113,RIGHT NEAR (INTERSECTIONS ONLY),1,40945,Cross intersection,3,60,Arterial Other,SCORESBY,KNOX,-37.866993,145.26253,2023,5,May,8,Morning Peak,Weekday
T20230010969,2023-05-10,18:10:00,1,Collision with vehicle,3,Wednesday,152,PULLING OUT (OVERTAKING),3,773860,T intersection,3,70,Arterial Other,FEDERATION,MELTON,-37.68353,144.60323,2023,5,May,18,Afternoon Peak,Weekday
T20230010974,2023-05-10,18:30:00,1,Collision with vehicle,3,Wednesday,113,RIGHT NEAR (INTERSECTIONS ONLY),2,799811,Cross intersection,2,70,Arterial Other,FERNTREE GULLY ROAD SERVICE,MONASH,-37.89903,145.12187,2023,5,May,18,Afternoon Peak,Weekday
T20230010913,2023-05-10,09:00:00,1,Collision with vehicle,3,Wednesday,121,RIGHT THROUGH,1,45008,T intersection,3,60,Arterial Other,MAIN,BRIMBANK,-37.74672,144.8207,2023,5,May,9,Morning Peak,Weekday
T20230010901,2023-05-10,07:20:00,2,Struck Pedestrian,3,Wednesday,100,PED NEAR SIDE. PED HIT BY VEHICLE FROM THE RIGHT.,2,787189,Not at intersection,3,50,Arterial Other,MELVILLE,MORELAND,-37.73977,144.94562,2023,5,May,7,Morning Peak,Weekday
T20230010976,2023-05-10,20:05:00,1,Collision with vehicle,3,Wednesday,142,LEAVING PARKING,3,773815,Not at intersection,3,40,Arterial Other,MAIN,BRIMBANK,-37.74388,144.79686,2023,5,May,20,Night,Weekday
T20230010900,2023-05-10,06:05:00,1,Collision with vehicle,3,Wednesday,121,RIGHT THROUGH,2,773952,T intersection,2,80,Arterial Other,PLENTY,WHITTLESEA,-37.632565,145.09601,2023,5,May,6,Morning Peak,Weekday
T20230010984,2023-05-10,02:45:00,4,Collision with a fixed object,3,Wednesday,181,OFF RIGHT BEND INTO OBJECT/PARKED VEHICLE,3,775641,Not at intersection,3,40,Local Road,OUTLOOK,MORELAND,-37.733784,144.97687,2023,5,May,2,Late Night,Weekday
T20230013068,2023-05-10,06:10:00,1,Collision with vehicle,3,Wednesday,130,REAR END(VEHICLES IN SAME LANE),3,775652,Not at intersection,3,80,Arterial Other,BERWICK-CRANBOURNE,CASEY,-38.115643,145.32779,2023,5,May,6,Morning Peak,Weekday
T20230010915,2023-05-10,09:50:00,1,Collision with vehicle,3,Wednesday,130,REAR END(VEHICLES IN SAME LANE),1,773858,Not at intersection,3,60,Local Road,KOOYONG,GLEN EIRA,-37.894424,145.01338,2023,5,May,9,Morning Peak,Weekday