ACCIDENT_NO,ACCIDENT_DATE,ACCIDENT_TIME,ACCIDENT_TYPE,ACCIDENT_TYPE_DESC,DAY_OF_WEEK,DAY_WEEK_DESC,DCA_CODE,DCA_DESC,LIGHT_CONDITION,NODE_ID,ROAD_GEOMETRY_DESC,SEVERITY,SPEED_ZONE,RMA,ROAD_NAME,LGA_NAME,LATITUDE,LONGITUDE,YEAR,MONTH,MONTH_NAME,HOUR,TIME_PERIOD,DAY_TYPE
T20230024118,2023-05-10,18:44:00,1,Collision with vehicle,3,Wednesday,150,HEAD ON(OVERTAKING),2,783211,Not at intersection,3,60,Arterial Other,GISBORNE-KILMORE,MACEDON RANGES,-37.484875,144.59174,2023,5,May,18,Afternoon Peak,Weekday
T20230010977,2023-05-10,16:08:00,1,Collision with vehicle,3,Wednesday,163,VEHICLE STRIKES DOOR OF PARKED/STATIONARY VEHICLE,1,143744,Not at intersection,3,40,Local Road,EXHIBITION,MELBOURNE,-37.81055,144.96985,2023,5,May,16,Afternoon Peak,Weekday
T20230012709,2023-05-10,10:30:00,1,Collision with vehicle,3,Wednesday,116,LEFT NEAR (INTERSECTIONS ONLY),1,1135,Cross intersection,3,80,Arterial Other,HUME,HUME,-37.62195,144.94781,2023,5,May,10,Midday,Weekday
T20230010980,2023-05-10,20:30:00,1,Collision with vehicle,3,Wednesday,130,REAR END(VEHICLES IN SAME LANE),3,43861,Cross intersection,2,60,Arterial Other,GREAVES,CASEY,-38.056866,145.31456,2023,5,May,20,Night,Weekday
T20230010983,2023-05-10,19:38:00,1,Collision with vehicle,3,Wednesday,121,RIGHT THROUGH,5,38883,Cross intersection,2,60,Arterial Other,HIGH,BOROONDARA,-37.81016,145.02632,2023,5,May,19,Night,Weekday
T20230010981,2023-05-10,20:33:00,4,Collision with a fixed object,3,Wednesday,183,OFF LEFT BEND INTO OBJECT/PARKED VEHICLE,5,787314,Not at intersection,3,100,Arterial Highway,MIDLAND,BENALLA,-36.728294,145.99579,2023,5,May,20,Night,Weekday
T20230010924,2023-05-10,08:20:00,1,Collision with vehicle,3,Wednesday,121,RIGHT THROUGH,1,774034,T intersection,2,80,Local Road,WILLIAM,CASEY,-38.029495,145.33228,2023,5,May,8,Morning Peak,Weekday
T20230011021,2023-05-10,09:55:00,2,Struck Pedestrian,3,Wednesday,100,PED NEAR SIDE. PED HIT BY VEHICLE FROM THE RIGHT.,1,41746,T intersection,3,50,Arterial Other,BLACKBURN,MONASH,-37.91743,145.13992,2023,5,May,9,Morning Peak,Weekday
T20230010925,2023-05-10,06:22:00,1,Collision with vehicle,3,Wednesday,121,RIGHT THROUGH,5,40965,T intersection,3,60,Arterial Other,SCORESBY,KNOX,-37.842567,145.27046,2023,5,May,6,Morning Peak,Weekday
T20230010926,2023-05-10,11:00:00,1,Collision with vehicle,3,Wednesday,110,CROSS TRAFFIC(INTERSECTIONS ONLY),1,50812,Cross intersection,2,100,Local Road,BLAMEY,MOIRA,-35.984375,145.55937,2023,5,May,11,Midday,Weekday
T20230011030,2023-05-10,20:30:00,1,Collision with vehicle,3,Wednesday,163,VEHICLE STRIKES DOOR OF PARKED/STATIONARY VEHICLE,3,782428,Not at intersection,3,50,Local Road,CHAPEL,STONNINGTON,-37.846245,144.99426,2023,5,May,20,Night,Weekday
T20230010932,2023-05-10,10:20:00,2,Struck Pedestrian,3,Wednesday,100,PED NEAR SIDE. PED HIT BY VEHICLE FROM THE RIGHT.,1,775202,Cross intersection,1,50,Arterial Highway,BELL,DAREBIN,-37.743893,144.98912,2023,5,May,10,Midday,Weekday
T20230010933,2023-05-10,14:45:00,1,Collision with vehicle,3,Wednesday,110,CROSS TRAFFIC(INTERSECTIONS ONLY),1,48758,Cross intersection,2,60,Local Road,PATTERSONS,CASEY,-38.12094,145.346,2023,5,May,14,Midday,Weekday
T20230010942,2023-05-10,14:25:00,2,Struck Pedestrian,3,Wednesday,102,FAR SIDE. PED HIT BY VEHICLE FROM THE LEFT,1,35352,Cross intersection,3,40,Arterial Other,CLARENDON,MELBOURNE,-37.826637,144.95764,2023,5,May,14,Midday,Weekday
T20230011099,2023-05-10,15:51:00,1,Collision with vehicle,3,Wednesday,130,REAR END(VEHICLES IN SAME LANE),1,779224,Not at intersection,3,80,Local Road,HARKAWAY,CASEY,-37.99721,145.34557,2023,5,May,15,Afternoon Peak,Weekday
T20230010945,2023-05-10,15:59:00,1,Collision with vehicle,3,Wednesday,121,RIGHT THROUGH,1,35515,Multiple intersection,2,50,Freeway,CALDER OUT-KEILOR,MOONEE VALLEY,-37.733955,144.88316,2023,5,May,15,Afternoon Peak,Weekday
T20230011091,2023-05-10,15:00:00,1,Collision with vehicle,3,Wednesday,160,VEHICLE COLLIDES WITH VEHICLE PARKED ON LEFT OF ROAD,1,777783,Not at intersection,3,50,Local Road,GARDINER,MONASH,-37.90386,145.12845,2023,5,May,15,Afternoon Peak,Weekday
T20230015443,2023-05-10,08:25:00,1,Collision with vehicle,3,Wednesday,111,RIGHT FAR (INTERSECTIONS ONLY),2,321820,T intersection,3,60,Local Road,BOUNDARY,MELTON,-37.808083,144.72339,2023,5,May,8,Morning Peak,Weekday
T20230010986,2023-05-10,21:30:00,1,Collision with vehicle,3,Wednesday,121,RIGHT THROUGH,3,43620,T intersection,2,80,Arterial Highway,PRINCES,CASEY,-38.01419,145.29015,2023,5,May,21,Night,Weekday
T20230010953,2023-05-10,15:10:00,1,Collision with vehicle,3,Wednesday,147,VEHICLE STRIKES ANOTHER VEH WHILE EMERGING FROM DRIVEWAY,1,774076,Not at intersection,3,50,Local Road,JAMES,DANDENONG,-37.978294,145.20834,2023,5,May,15,Afternoon Peak,Weekday
T20230010955,2023-05-10,16:05:00,4,Collision with a fixed object,3,Wednesday,171,LEFT OFF CARRIAGEWAY INTO OBJECT/PARKED VEHICLE,2,37754,Cross intersection,3,60,Arterial Other,WILLIAMS,STONNINGTON,-37.851433,145.00269,2023,5,May,16,Afternoon Peak,Weekday
T20230011111,2023-05-11,12:30:00,2,Struck Pedestrian,4,Thursday,100,PED NEAR SIDE. PED HIT BY VEHICLE FROM THE RIGHT.,1,38042,Cross intersection,3,40,Local Road,MITCHELL,DAREBIN,-37.77413,145.01663,2023,5,May,12,Midday,Weekday
T20230011040,2023-05-11,11:30:00,1,Collision with vehicle,4,Thursday,111,RIGHT FAR (INTERSECTIONS ONLY),1,42408,T intersection,3,60,Arterial Other,CENTRE,KINGSTON,-37.928776,145.12077,2023,5,May,11,Midday,Weekday
T20230011011,2023-05-11,12:35:00,1,Collision with vehicle,4,Thursday,110,CROSS TRAFFIC(INTERSECTIONS ONLY),1,35654,Cross intersection,2,80,Local Road,PEARCEDALE,CASEY,-38.1872,145.23802,2023,5,May,12,Midday,Weekday
T20230011039,2023-05-11,15:00:00,1,Collision with vehicle,4,Thursday,152,PULLING OUT (OVERTAKING),1,779508,Not at intersection,2,100,Arterial Other,COBDEN-STONYFORD,CORANGAMITE,-38.33035,143.30121,2023,5,May,15,Afternoon Peak,Weekday
T20230011038,2023-05-11,15:45:00,1,Collision with vehicle,4,Thursday,110,CROSS TRAFFIC(INTERSECTIONS ONLY),1,45504,Cross intersection,2,50,Local Road,PRINCES,MORELAND,-37.743675,144.9417,2023,5,May,15,Afternoon Peak,Weekday
T20230011037,2023-05-11,14:00:00,2,Struck Pedestrian,4,Thursday,100,PED NEAR SIDE. PED HIT BY VEHICLE FROM THE RIGHT.,1,44585,Cross intersection,2,60,Arterial Other,SOUTHERN,BANYULE,-37.742172,145.04782,2023,5,May,14,Midday,Weekday
T20230011066,2023-05-11,17:45:00,1,Collision with vehicle,4,Thursday,120,HEAD ON (NOT OVERTAKING),3,774045,Not at intersection,3,50,Local Road,COPPERFIELD,BRIMBANK,-37.724,144.76787,2023,5,May,17,Afternoon Peak,Weekday
T20230012547,2023-05-11,09:15:00,1,Collision with vehicle,4,Thursday,130,REAR END(VEHICLES IN SAME LANE),2,779769,Not at intersection,2,60,Arterial Highway,BALLARAT,GEELONG,-38.126602,144.33913,2023,5,May,9,Morning Peak,Weekday
T20230011036,2023-05-11,17:00:00,1,Collision with vehicle,4,Thursday,133,LANE SIDE SWIPE (VEHICLES IN PARALLEL LANES),1,270441,T intersection,3,40,Local Road,EAGLE,MELBOURNE,-37.812363,144.95428,2023,5,May,17,Afternoon Peak,Weekday
T20230014049,2023-05-11,18:09:00,1,Collision with vehicle,4,Thursday,139,OTHER SAME DIRECTION-MANOUEVRES NOT INCLUDED IN DCAs 130-137,3,39173,T intersection,3,60,Arterial Other,CANTERBURY,BOROONDARA,-37.824646,145.08638,2023,5,May,18,Afternoon Peak,Weekday
T20230011170,2023-05-11,19:54:00,2,Struck Pedestrian,4,Thursday,102,FAR SIDE. PED HIT BY VEHICLE FROM THE LEFT,3,776699,T intersection,3,60,Arterial Other,PASCOE VALE,MOONEE VALLEY,-37.750793,144.92525,2023,5,May,19,Night,Weekday
T20230010993,2023-05-11,08:37:00,1,Collision with vehicle,4,Thursday,121,RIGHT THROUGH,1,774,Cross intersection,3,80,Arterial Highway,NEPEAN,KINGSTON,-37.957436,145.05193,2023,5,May,8,Morning Peak,Weekday
T20230012660,2023-05-11,13:40:00,1,Collision with vehicle,4,Thursday,130,REAR END(VEHICLES IN SAME LANE),1,778898,Not at intersection,3,80,Arterial Highway,PRINCES,CASEY,-38.003193,145.24908,2023,5,May,13,Midday,Weekday
T20230012014,2023-05-11,15:40:00,1,Collision with vehicle,4,Thursday,130,REAR END(VEHICLES IN SAME LANE),1,778080,Not at intersection,3,80,Arterial Highway,NEPEAN,MORNINGTON PENINSULA,-38.256016,145.03578,2023,5,May,15,Afternoon Peak,Weekday
T20230011035,2023-05-11,14:22:00,1,Collision with vehicle,4,Thursday,130,REAR END(VEHICLES IN SAME LANE),1,773985,Not at intersection,3,80,Arterial Highway,DINGLEY,KINGSTON,-37.956314,145.10393,2023,5,May,14,Midday,Weekday
T20230011031,2023-05-11,16:07:00,1,Collision with vehicle,4,Thursday,130,REAR END(VEHICLES IN SAME LANE),1,776040,Not at intersection,3,80,Freeway,MONASH,MONASH,-37.90572,145.15657,2023,5,May,16,Afternoon Peak,Weekday
T20230011026,2023-05-11,11:16:00,2,Struck Pedestrian,4,Thursday,103,PED PLAYING/LYING/WORKING/STANDING ON CARRIAGEWAY.,1,788430,Not at intersection,3,50,Arterial Other,EPPING,WHITTLESEA,-37.63043,145.02754,2023,5,May,11,Midday,Weekday
T20230012256,2023-05-11,17:15:00,4,Collision with a fixed object,4,Thursday,171,LEFT OFF CARRIAGEWAY INTO OBJECT/PARKED VEHICLE,1,775430,Not at intersection,2,100,Local Road,OLD GOLDSBOROUGH,CENTRAL GOLDFIELDS,-36.843357,143.70486,2023,5,May,17,Afternoon Peak,Weekday
T20230012178,2023-05-11,06:35:00,1,Collision with vehicle,4,Thursday,111,RIGHT FAR (INTERSECTIONS ONLY),2,776412,Cross intersection,3,80,Arterial Other,HEATHERTON,CASEY,-37.972694,145.23827,2023,5,May,6,Morning Peak,Weekday
T20230010995,2023-05-11,08:25:00,1,Collision with vehicle,4,Thursday,113,RIGHT NEAR (INTERSECTIONS ONLY),2,780347,T intersection,2,80,Arterial Other,DOYLES,SHEPPARTON,-36.409733,145.43184,2023,5,May,8,Morning Peak,Weekday
T20230011002,2023-05-11,10:03:00,1,Collision with vehicle,4,Thursday,121,RIGHT THROUGH,1,36317,Cross intersection,3,40,Local Road,CARDIGAN,MELBOURNE,-37.804726,144.96474,2023,5,May,10,Midday,Weekday
T20230011003,2023-05-11,11:54:00,2,Struck Pedestrian,4,Thursday,100,PED NEAR SIDE. PED HIT BY VEHICLE FROM THE RIGHT.,1,39409,T intersection,2,60,Local Road,SPRINGFIELD,WHITEHORSE,-37.810352,145.15164,2023,5,May,11,Midday,Weekday
T20230011115,2023-05-11,16:15:00,8,No collision and no object struck,4,Thursday,174,OUT OF CONTROL ON CARRIAGEWAY (ON STRAIGHT),9,791639,T intersection,2,50,Local Road,HODGINS,MORNINGTON PENINSULA,-38.299923,145.17003,2023,5,May,16,Afternoon Peak,Weekday
T20230011150,2023-05-11,14:30:00,1,Collision with vehicle,4,Thursday,121,RIGHT THROUGH,1,42397,T intersection,3,60,Arterial Other,CLAYTON,KINGSTON,-37.94037,145.11678,2023,5,May,14,Midday,Weekday
T20230011018,2023-05-11,13:03:00,1,Collision with vehicle,4,Thursday,130,REAR END(VEHICLES IN SAME LANE),1,42413,T intersection,3,60,Arterial Other,CLAYTON,KINGSTON,-37.935043,145.11775,2023,5,May,13,Midday,Weekday
T20230011009,2023-05-11,12:30:00,1,Collision with vehicle,4,Thursday,131,LEFT REAR,1,35718,Cross intersection,3,60,Arterial Other,JOHNSTONE,HUME,-37.683914,144.91374,2023,5,May,12,Midday,Weekday
T20230023691,2023-05-11,12:00:00,8,No collision and no object struck,4,Thursday,189,OTHER ACCIDENTS ON CURVE NOT INCLUDED IN DCAs 180-184,1,783142,Not at intersection,3,100,Arterial Other,WINCHELSEA-DEANS MARSH,SURF COAST,-38.3093,143.97598,2023,5,May,12,Midday,Weekday
T20230011414,2023-05-11,16:30:00,1,Collision with vehicle,4,Thursday,130,REAR END(VEHICLES IN SAME LANE),1,774116,Not at intersection,3,60,Arterial Highway,WARBURTON,YARRA RANGES,-37.780617,145.45215,2023,5,May,16,Afternoon Peak,Weekday
T20230011087,2023-05-11,11:40:00,1,Collision with vehicle,4,Thursday,110,CROSS TRAFFIC(INTERSECTIONS ONLY),1,29745,Cross intersection,3,80,Arterial Other,FRANKSTON-FLINDERS,FRANKSTON,-38.194077,145.14812,2023,5,May,11,Midday,Weekday
T20230011004,2023-05-11,08:40:00,1,Collision with vehicle,4,Thursday,130,REAR END(VEHICLES IN SAME LANE),1,777737,Not at intersection,3,100,Freeway,MONASH,CASEY,-38.01518,145.30547,2023,5,May,8,Morning Peak,Weekday
T20230011315,2023-05-11,10:25:00,1,Collision with vehicle,4,Thursday,113,RIGHT NEAR (INTERSECTIONS ONLY),1,41895,T intersection,2,80,Arterial Other,KELLETTS,KNOX,-37.91247,145.25244,2023,5,May,10,Midday,Weekday
T20230011623,2023-05-11,20:30:00,8,No collision and no object struck,4,Thursday,174,OUT OF CONTROL ON CARRIAGEWAY (ON STRAIGHT),3,264026,T intersection,3,70,Arterial Other,HUME,HUME,-37.61254,144.94632,2023,5,May,20,Night,Weekday
T20230011083,2023-05-11,09:22:00,1,Collision with vehicle,4,Thursday,121,RIGHT THROUGH,1,774132,Not at intersection,3,60,Arterial Highway,SPRINGVALE,MONASH,-37.887215,145.16444,2023,5,May,9,Morning Peak,Weekday
T20230011308,2023-05-11,17:30:00,1,Collision with vehicle,4,Thursday,163,VEHICLE STRIKES DOOR OF PARKED/STATIONARY VEHICLE,2,774013,Not at intersection,3,40,Local Road,CHAPEL,STONNINGTON,-37.84864,144.99385,2023,5,May,17,Afternoon Peak,Weekday
T20230011919,2023-05-11,15:30:00,1,Collision with vehicle,4,Thursday,130,REAR END(VEHICLES IN SAME LANE),9,787322,Cross intersection,3,80,Local Road,COBAINS,WELLINGTON,-38.089806,147.09901,2023,5,May,15,Afternoon Peak,Weekday
T20230011064,2023-05-11,20:38:00,1,Collision with vehicle,4,Thursday,121,RIGHT THROUGH,3,773864,Cross intersection,3,50,Arterial Other,DOUGLAS,HOBSONS BAY,-37.84505,144.8923,2023,5,May,20,Night,Weekday
T20230011063,2023-05-11,15:15:00,1,Collision with vehicle,4,Thursday,160,VEHICLE COLLIDES WITH VEHICLE PARKED ON LEFT OF ROAD,1,776179,Not at intersection,2,50,Local Road,CLARKE,DANDENONG,-37.965527,145.13945,2023,5,May,15,Afternoon Peak,Weekday
T20230011260,2023-05-11,16:26:00,6,Vehicle overturned (no collision),4,Thursday,174,OUT OF CONTROL ON CARRIAGEWAY (ON STRAIGHT),1,774008,Not at intersection,3,100,Arterial Highway,GREAT ALPINE,(MOUNT HOTHAM),-37.00306,147.09464,2023,5,May,16,Afternoon Peak,Weekday
T20230012065,2023-05-11,11:15:00,1,Collision with vehicle,4,Thursday,121,RIGHT THROUGH,1,150,T intersection,3,40,Local Road,SINGLETON,YARRA,-37.803707,144.98657,2023,5,May,11,Midday,Weekday
T20230011069,2023-05-11,22:00:00,1,Collision with vehicle,4,Thursday,111,RIGHT FAR (INTERSECTIONS ONLY),3,54234,T intersection,3,60,Arterial Other,LANGS,MELBOURNE,-37.78253,144.90823,2023,5,May,22,Night,Weekday
T20230011023,2023-05-11,13:42:00,1,Collision with vehicle,4,Thursday,121,RIGHT THROUGH,1,65831,Cross intersection,2,40,Arterial Other,KING,MELBOURNE,-37.812466,144.95392,2023,5,May,13,Midday,Weekday
T20230011060,2023-05-11,17:30:00,8,No collision and no object struck,4,Thursday,170,OFF CARRIAGEWAY TO LEFT,2,774107,Not at intersection,3,50,Local Road,CASSONS,BENDIGO,-36.677696,144.34018,2023,5,May,17,Afternoon Peak,Weekday
T20230011056,2023-05-11,18:02:00,1,Collision with vehicle,4,Thursday,121,RIGHT THROUGH,3,773931,Cross intersection,3,60,Arterial Other,GRANGE ROAD -JASPER,GLEN EIRA,-37.90444,145.04393,2023,5,May,18,Afternoon Peak,Weekday
T20230011049,2023-05-11,15:00:00,1,Collision with vehicle,4,Thursday,120,HEAD ON (NOT OVERTAKING),1,776180,Not at intersection,2,100,Arterial Other,EUROA-MANSFIELD,STRATHBOGIE,-36.928375,145.6614,2023,5,May,15,Afternoon Peak,Weekday
T20230011044,2023-05-11,16:05:00,1,Collision with vehicle,4,Thursday,110,CROSS TRAFFIC(INTERSECTIONS ONLY),1,38000,Cross intersection,2,50,Local Road,ACACIA,WHITTLESEA,-37.679535,145.0238,2023,5,May,16,Afternoon Peak,Weekday
T20230016366,2023-05-11,07:50:00,1,Collision with vehicle,4,Thursday,121,RIGHT THROUGH,1,609610,T intersection,3,80,Arterial Highway,DUFF,CASEY,-38.101753,145.28244,2023,5,May,7,Morning Peak,Weekday
T20230011042,2023-05-11,16:23:00,1,Collision with vehicle,4,Thursday,110,CROSS TRAFFIC(INTERSECTIONS ONLY),1,286830,Multiple intersection,2,60,Freeway,SKYE,FRANKSTON,-38.130894,145.13524,2023,5,May,16,Afternoon Peak,Weekday
T20230011125,2023-05-12,14:18:00,1,Collision with vehicle,5,Friday,140,U TURN,1,774386,Not at intersection,2,40,Local Road,WENDOUREE,BALLARAT,-37.55323,143.8438,2023,5,May,14,Midday,Weekday
T20230011159,2023-05-12,20:49:00,2,Struck Pedestrian,5,Friday,100,PED NEAR SIDE. PED HIT BY VEHICLE FROM THE RIGHT.,3,341828,T intersection,2,80,Arterial Other,FERNTREE GULLY,KNOX,-37.883266,145.27563,2023,5,May,20,Night,Weekday
T20230011197,2023-05-12,08:50:00,1,Collision with vehicle,5,Friday,137,LEFT TURN SIDESWIPE,1,57492,Cross intersection,2,60,Arterial Other,ARTHUR,PORT PHILLIP,-37.839123,144.9764,2023,5,May,8,Morning Peak,Weekday
T20230011127,2023-05-12,12:17:00,1,Collision with vehicle,5,Friday,120,HEAD ON (NOT OVERTAKING),1,797651,Not at intersection,2,100,Arterial Other,CAMPERDOWN-COBDEN,CORANGAMITE,-38.250713,143.12752,2023,5,May,12,Midday,Weekday
T20230011351,2023-05-12,12:35:00,1,Collision with vehicle,5,Friday,152,PULLING OUT (OVERTAKING),1,38768,T intersection,3,50,Local Road,CAMERON,BANYULE,-37.698513,145.0714,2023,5,May,12,Midday,Weekday
T20230011132,2023-05-12,15:30:00,1,Collision with vehicle,5,Friday,130,REAR END(VEHICLES IN SAME LANE),1,775111,Not at intersection,3,60,Local Road,FIFTEENTH,MILDURA,-34.203506,142.13252,2023,5,May,15,Afternoon Peak,Weekday
T20230011135,2023-05-12,16:00:00,1,Collision with vehicle,5,Friday,110,CROSS TRAFFIC(INTERSECTIONS ONLY),1,60381,Cross intersection,3,50,Local Road,MCGIBBONY,ARARAT,-37.287525,142.9335,2023,5,May,16,Afternoon Peak,Weekday
T20230014245,2023-05-12,06:40:00,1,Collision with vehicle,5,Friday,113,RIGHT NEAR (INTERSECTIONS ONLY),2,42027,Y intersection,3,60,Arterial Other,BEACH,BAYSIDE,-37.93921,144.99931,2023,5,May,6,Morning Peak,Weekday
T20230011137,2023-05-12,14:15:00,1,Collision with vehicle,5,Friday,113,RIGHT NEAR (INTERSECTIONS ONLY),1,38583,T intersection,3,60,Arterial Other,SETTLEMENT,WHITTLESEA,-37.697533,145.056,2023,5,May,14,Midday,Weekday
T20230011144,2023-05-12,14:55:00,1,Collision with vehicle,5,Friday,113,RIGHT NEAR (INTERSECTIONS ONLY),1,730361,Multiple intersection,3,80,Freeway,KEILOR PARK,BRIMBANK,-37.725357,144.84958,2023,5,May,14,Midday,Weekday
T20230012170,2023-05-12,16:00:00,1,Collision with vehicle,5,Friday,130,REAR END(VEHICLES IN SAME LANE),2,47716,T intersection,3,50,Arterial Highway,POINT NEPEAN,MORNINGTON PENINSULA,-38.3293,144.97186,2023,5,May,16,Afternoon Peak,Weekday
T20230012598,2023-05-12,13:50:00,1,Collision with vehicle,5,Friday,130,REAR END(VEHICLES IN SAME LANE),1,775238,Not at intersection,3,60,Arterial Highway,MCIVOR,BENDIGO,-36.75822,144.28809,2023,5,May,13,Midday,Weekday
T20230011149,2023-05-12,18:20:00,1,Collision with vehicle,5,Friday,121,RIGHT THROUGH,3,35829,Cross intersection,3,50,Arterial Highway,BAILLIE,HORSHAM,-36.71177,142.2049,2023,5,May,18,Afternoon Peak,Weekday
T20230011187,2023-05-12,16:20:00,1,Collision with vehicle,5,Friday,139,OTHER SAME DIRECTION-MANOUEVRES NOT INCLUDED IN DCAs 130-137,1,787194,Not at intersection,3,100,Arterial Other,LISMORE-SCARSDALE,GOLDEN PLAINS,-37.80772,143.5839,2023,5,May,16,Afternoon Peak,Weekday
T20230013367,2023-05-12,15:34:00,1,Collision with vehicle,5,Friday,130,REAR END(VEHICLES IN SAME LANE),1,781533,Not at intersection,3,60,Local Road,GLADSTONE,DANDENONG,-37.96876,145.20506,2023,5,May,15,Afternoon Peak,Weekday
T20230011124,2023-05-12,08:30:00,1,Collision with vehicle,5,Friday,113,RIGHT NEAR (INTERSECTIONS ONLY),1,791244,T intersection,3,50,Local Road,GOLDSWORTHY,GEELONG,-38.076458,144.34193,2023,5,May,8,Morning Peak,Weekday
T20230011119,2023-05-12,12:51:00,1,Collision with vehicle,5,Friday,120,HEAD ON (NOT OVERTAKING),1,782485,T intersection,3,50,Local Road,SANCTUARY,SHEPPARTON,-36.433098,145.39848,2023,5,May,12,Midday,Weekday
T20230011151,2023-05-12,15:28:00,1,Collision with vehicle,5,Friday,121,RIGHT THROUGH,1,38792,Cross intersection,3,60,Arterial Other,MOORE,MARIBYRNONG,-37.79821,144.90372,2023,5,May,15,Afternoon Peak,Weekday
T20230011114,2023-05-12,09:52:00,1,Collision with vehicle,5,Friday,137,LEFT TURN SIDESWIPE,1,38684,T intersection,3,60,Local Road,BARKLY,MARIBYRNONG,-37.79818,144.88449,2023,5,May,9,Morning Peak,Weekday
T20230012942,2023-05-12,14:50:00,1,Collision with vehicle,5,Friday,139,OTHER SAME DIRECTION-MANOUEVRES NOT INCLUDED IN DCAs 130-137,1,782284,Not at intersection,3,80,Arterial Highway,STUD,KNOX,-37.921432,145.23442,2023,5,May,14,Midday,Weekday
T20230011108,2023-05-12,06:45:00,1,Collision with vehicle,5,Friday,135,LANE CHANGE LEFT (NOT OVERTAKING),1,776182,Not at intersection,3,100,Freeway,MONASH,STONNINGTON,-37.863537,145.06027,2023,5,May,6,Morning Peak,Weekday
T20230011092,2023-05-12,08:15:00,1,Collision with vehicle,5,Friday,116,LEFT NEAR (INTERSECTIONS ONLY),1,591782,Cross intersection,3,80,Arterial Highway,NEPEAN,MORNINGTON PENINSULA,-38.195,145.09119,2023,5,May,8,Morning Peak,Weekday
T20230011084,2023-05-12,07:15:00,2,Struck Pedestrian,5,Friday,100,PED NEAR SIDE. PED HIT BY VEHICLE FROM THE RIGHT.,1,774177,Cross intersection,3,70,Local Road,TARNEIT,WYNDHAM,-37.852592,144.66844,2023,5,May,7,Morning Peak,Weekday
T20230011153,2023-05-12,16:00:00,1,Collision with vehicle,5,Friday,130,REAR END(VEHICLES IN SAME LANE),1,774502,Not at intersection,3,70,Arterial Other,EDGARS,WHITTLESEA,-37.66132,145.00633,2023,5,May,16,Afternoon Peak,Weekday
T20230011154,2023-05-12,18:24:00,1,Collision with vehicle,5,Friday,113,RIGHT NEAR (INTERSECTIONS ONLY),2,774154,T intersection,2,50,Local Road,TOYON,HUME,-37.533752,144.95786,2023,5,May,18,Afternoon Peak,Weekday
T20230011082,2023-05-12,05:10:00,1,Collision with vehicle,5,Friday,160,VEHICLE COLLIDES WITH VEHICLE PARKED ON LEFT OF ROAD,3,782857,Not at intersection,2,80,Arterial Highway,MAROONDAH,MAROONDAH,-37.790607,145.2643,2023,5,May,5,Morning Peak,Weekday
T20230011155,2023-05-12,19:05:00,4,Collision with a fixed object,5,Friday,171,LEFT OFF CARRIAGEWAY INTO OBJECT/PARKED VEHICLE,3,778897,Not at intersection,2,100,Local Road,ARTHURS CREEK,WHITTLESEA,-37.56968,145.13162,2023,5,May,19,Night,Weekday
T20230011157,2023-05-12,14:09:00,4,Collision with a fixed object,5,Friday,181,OFF RIGHT BEND INTO OBJECT/PARKED VEHICLE,1,774014,Not at intersection,2,100,Arterial Other,GELANTIPY,EAST GIPPSLAND,-37.263428,148.25014,2023,5,May,14,Midday,Weekday
T20230011081,2023-05-12,04:55:00,4,Collision with a fixed object,5,Friday,173,RIGHT OFF CARRIAGEWAY INTO OBJECT/PARKED VEHICLE,5,788863,Not at intersection,2,70,Arterial Highway,MIDLAND,GOLDEN PLAINS,-38.08699,144.27142,2023,5,May,4,Late Night,Weekday
T20230011079,2023-05-12,02:00:00,6,Vehicle overturned (no collision),5,Friday,172,OFF CARRIAGEWAY TO RIGHT,5,782208,Not at intersection,3,100,Arterial Other,DUNACH-EDDINGTON,CENTRAL GOLDFIELDS,-37.122513,143.77443,2023,5,May,2,Late Night,Weekday
T20230011126,2023-05-12,13:00:00,1,Collision with vehicle,5,Friday,147,VEHICLE STRIKES ANOTHER VEH WHILE EMERGING FROM DRIVEWAY,1,774047,Not at intersection,2,60,Local Road,NEALE,BRIMBANK,-37.75226,144.77467,2023,5,May,13,Midday,Weekday
T20230011131,2023-05-12,15:21:00,1,Collision with vehicle,5,Friday,121,RIGHT THROUGH,1,774069,T intersection,2,80,Local Road,WINTERTON,MONASH,-37.919827,145.1358,2023,5,May,15,Afternoon Peak,Weekday
T20230011178,2023-05-12,07:30:00,1,Collision with vehicle,5,Friday,160,VEHICLE COLLIDES WITH VEHICLE PARKED ON LEFT OF ROAD,2,779212,Not at intersection,3,50,Local Road,KINDRED,CASEY,-38.072983,145.31693,2023,5,May,7,Morning Peak,Weekday
T20230011173,2023-05-12,21:00:00,2,Struck Pedestrian,5,Friday,100,PED NEAR SIDE. PED HIT BY VEHICLE FROM THE RIGHT.,3,934,Cross intersection,2,40,Arterial Highway,NEPEAN,FRANKSTON,-38.142956,145.12123,2023,5,May,21,Night,Weekday
T20230013117,2023-05-12,15:40:00,1,Collision with vehicle,5,Friday,130,REAR END(VEHICLES IN SAME LANE),9,775922,Not at intersection,3,60,Arterial Highway,STUD,DANDENONG,-37.9711,145.22337,2023,5,May,15,Afternoon Peak,Weekday
T20230011386,2023-05-12,21:00:00,1,Collision with vehicle,5,Friday,110,CROSS TRAFFIC(INTERSECTIONS ONLY),3,679860,Cross intersection,3,60,Local Road,GRAND,HUME,-37.57065,144.90189,2023,5,May,21,Night,Weekday
T20230012074,2023-05-12,10:15:00,1,Collision with vehicle,5,Friday,110,CROSS TRAFFIC(INTERSECTIONS ONLY),1,313172,Cross intersection,3,60,Local Road,SALISBURY,WANGARATTA,-36.37769,146.3123,2023,5,May,10,Midday,Weekday