ACCIDENT_NO,ACCIDENT_DATE,ACCIDENT_TIME,ACCIDENT_TYPE,ACCIDENT_TYPE_DESC,DAY_OF_WEEK,DAY_WEEK_DESC,DCA_CODE,DCA_DESC,LIGHT_CONDITION,NODE_ID,ROAD_GEOMETRY_DESC,SEVERITY,SPEED_ZONE,RMA,ROAD_NAME,LGA_NAME,LATITUDE,LONGITUDE,YEAR,MONTH,MONTH_NAME,HOUR,TIME_PERIOD,DAY_TYPE
T20230011369,2023-05-12,13:30:00,6,Vehicle overturned (no collision),5,Friday,184,OUT OF CONTROL ON CARRIAGEWAY (ON BEND),1,774054,Not at intersection,2,100,Local Road,MEREDITH-STEIGLITZ,GOLDEN PLAINS,-37.859924,144.11896,2023,5,May,13,Midday,Weekday
T20230011256,2023-05-12,15:14:00,1,Collision with vehicle,5,Friday,152,PULLING OUT (OVERTAKING),1,775816,Not at intersection,3,40,Local Road,CLUB,BENDIGO,-36.804146,144.35089,2023,5,May,15,Afternoon Peak,Weekday
T20230011257,2023-05-12,15:50:00,1,Collision with vehicle,5,Friday,113,RIGHT NEAR (INTERSECTIONS ONLY),1,750715,T intersection,3,70,Local Road,SAYERS,WYNDHAM,-37.844902,144.65337,2023,5,May,15,Afternoon Peak,Weekday
T20230011520,2023-05-12,07:30:00,1,Collision with vehicle,5,Friday,116,LEFT NEAR (INTERSECTIONS ONLY),1,41246,T intersection,3,40,Local Road,KOOYONG,GLEN EIRA,-37.875385,145.01704,2023,5,May,7,Morning Peak,Weekday
T20230013081,2023-05-12,23:15:00,2,Struck Pedestrian,5,Friday,100,PED NEAR SIDE. PED HIT BY VEHICLE FROM THE RIGHT.,3,782339,Not at intersection,3,40,Local Road,GERTRUDE,YARRA,-37.805737,144.97705,2023,5,May,23,Night,Weekday
T20230011928,2023-05-12,23:15:00,2,Struck Pedestrian,5,Friday,102,FAR SIDE. PED HIT BY VEHICLE FROM THE LEFT,9,45555,T intersection,3,50,Arterial Other,DAWSON,MORELAND,-37.769577,144.94502,2023,5,May,23,Night,Weekday
T20230011301,2023-05-12,08:20:00,1,Collision with vehicle,5,Friday,148,VEHICLE OFF FOOTPATH STRIKES VEH ON CARRIAGEWAY,9,354743,Cross intersection,3,80,Arterial Highway,FERNTREE GULLY,MONASH,-37.90345,145.16142,2023,5,May,8,Morning Peak,Weekday
T20230011109,2023-05-12,08:00:00,2,Struck Pedestrian,5,Friday,101,PED EMERGES FROM IN FRONT OF PARKED OR STATIONARY VEHICLE,1,775228,Not at intersection,3,60,Arterial Other,HIGH STREET,MONASH,-37.8685,145.11668,2023,5,May,8,Morning Peak,Weekday
T20230011328,2023-05-12,16:15:00,1,Collision with vehicle,5,Friday,163,VEHICLE STRIKES DOOR OF PARKED/STATIONARY VEHICLE,1,775611,Not at intersection,2,60,Local Road,SMITH,YARRA,-37.79764,144.9845,2023,5,May,16,Afternoon Peak,Weekday
T20230011556,2023-05-12,12:00:00,1,Collision with vehicle,5,Friday,123,RIGHT/LEFT. ONE VEH TURNING RIGHT THE OTHER LEFT.,9,778645,Not at intersection,3,100,Freeway,HUNTINGDALE-MONASH OUT,MONASH,-37.88587,145.10852,2023,5,May,12,Midday,Weekday
T20230011673,2023-05-12,23:00:00,4,Collision with a fixed object,5,Friday,171,LEFT OFF CARRIAGEWAY INTO OBJECT/PARKED VEHICLE,5,787331,Not at intersection,3,100,Local Road,SOLDIERS,WELLINGTON,-38.06507,146.89066,2023,5,May,23,Night,Weekday
T20230012770,2023-05-12,16:30:00,1,Collision with vehicle,5,Friday,130,REAR END(VEHICLES IN SAME LANE),2,777421,Not at intersection,3,100,Freeway,MONASH,MONASH,-37.9012,145.15186,2023,5,May,16,Afternoon Peak,Weekday
T20230011166,2023-05-12,21:15:00,1,Collision with vehicle,5,Friday,120,HEAD ON (NOT OVERTAKING),5,776781,Not at intersection,2,100,Arterial Other,BUNGAREE-WALLACE,MOORABOOL,-37.557987,144.02866,2023,5,May,21,Night,Weekday
T20230011160,2023-05-12,19:30:00,1,Collision with vehicle,5,Friday,130,REAR END(VEHICLES IN SAME LANE),2,774920,Not at intersection,3,70,Arterial Other,SYDNEY,MORELAND,-37.700405,144.96,2023,5,May,19,Night,Weekday
T20230011208,2023-05-13,16:19:00,1,Collision with vehicle,6,Saturday,110,CROSS TRAFFIC(INTERSECTIONS ONLY),1,49189,Cross intersection,2,60,Arterial Other,ASHBY,BAW BAW,-38.210087,146.15189,2023,5,May,16,Afternoon Peak,Weekend
T20230011244,2023-05-13,23:52:00,4,Collision with a fixed object,6,Saturday,171,LEFT OFF CARRIAGEWAY INTO OBJECT/PARKED VEHICLE,3,781107,Not at intersection,2,70,Arterial Highway,NORTH,MONASH,-37.912632,145.11334,2023,5,May,23,Night,Weekend
T20230011274,2023-05-13,13:40:00,1,Collision with vehicle,6,Saturday,134,LANE CHANGE RIGHT (NOT OVERTAKING),1,347223,Cross intersection,2,80,Arterial Other,PRINCES,CASEY,-38.029106,145.32796,2023,5,May,13,Midday,Weekend
T20230011239,2023-05-13,19:27:00,1,Collision with vehicle,6,Saturday,121,RIGHT THROUGH,3,775747,Not at intersection,2,70,Arterial Highway,SPRINGVALE,DANDENONG,-37.935303,145.15549,2023,5,May,19,Night,Weekend
T20230011595,2023-05-13,07:15:00,8,No collision and no object struck,6,Saturday,149,OTHER MANOEUVRING NOT INCLUDED IN DCAs 140-148,2,782228,Not at intersection,3,60,Arterial Other,KEILOR,MOONEE VALLEY,-37.73802,144.89415,2023,5,May,7,Morning Peak,Weekend
T20230011228,2023-05-13,18:45:00,1,Collision with vehicle,6,Saturday,130,REAR END(VEHICLES IN SAME LANE),3,774438,Not at intersection,3,80,Arterial Highway,PRINCES,CASEY,-38.0042,145.25743,2023,5,May,18,Afternoon Peak,Weekend
T20230011226,2023-05-13,19:30:00,1,Collision with vehicle,6,Saturday,160,VEHICLE COLLIDES WITH VEHICLE PARKED ON LEFT OF ROAD,3,56442,Cross intersection,3,50,Local Road,ELDER,BANYULE,-37.713192,145.08806,2023,5,May,19,Night,Weekend
T20230011224,2023-05-13,16:48:00,1,Collision with vehicle,6,Saturday,121,RIGHT THROUGH,1,726803,Cross intersection,3,60,Arterial Other,MURRAY,DAREBIN,-37.740135,145.02342,2023,5,May,16,Afternoon Peak,Weekend
T20230011222,2023-05-13,17:57:00,8,No collision and no object struck,6,Saturday,180,OFF CARRIAGEWAY ON RIGHT BEND,5,787338,Not at intersection,3,100,Local Road,KILFEERA,BENALLA,-36.559036,146.01222,2023,5,May,17,Afternoon Peak,Weekend
T20230011220,2023-05-13,18:15:00,1,Collision with vehicle,6,Saturday,121,RIGHT THROUGH,3,56550,T intersection,3,60,Arterial Other,HIGH,BOROONDARA,-37.81131,145.02524,2023,5,May,18,Afternoon Peak,Weekend
T20230011219,2023-05-13,18:00:00,1,Collision with vehicle,6,Saturday,130,REAR END(VEHICLES IN SAME LANE),3,773970,Not at intersection,3,50,Local Road,INKERMAN,PORT PHILLIP,-37.865616,144.99336,2023,5,May,18,Afternoon Peak,Weekend
T20230011217,2023-05-13,16:40:00,1,Collision with vehicle,6,Saturday,113,RIGHT NEAR (INTERSECTIONS ONLY),2,264505,Cross intersection,3,100,Local Road,MCSWAIN,CAMPASPE,-36.144203,144.70952,2023,5,May,16,Afternoon Peak,Weekend
T20230011216,2023-05-13,13:50:00,6,Vehicle overturned (no collision),6,Saturday,184,OUT OF CONTROL ON CARRIAGEWAY (ON BEND),1,776677,Not at intersection,2,80,Arterial Highway,GREAT OCEAN,COLAC OTWAY,-38.605164,143.9196,2023,5,May,13,Midday,Weekend
T20230011534,2023-05-13,19:03:00,1,Collision with vehicle,6,Saturday,130,REAR END(VEHICLES IN SAME LANE),3,774505,Not at intersection,3,80,Freeway,PRINCES,WYNDHAM,-37.83191,144.81163,2023,5,May,19,Night,Weekend
T20230011206,2023-05-13,14:30:00,4,Collision with a fixed object,6,Saturday,171,LEFT OFF CARRIAGEWAY INTO OBJECT/PARKED VEHICLE,1,782212,Not at intersection,2,100,Local Road,ECHUCA-NANNEELLA,CAMPASPE,-36.33646,144.77747,2023,5,May,14,Midday,Weekend
T20230011238,2023-05-13,21:50:00,1,Collision with vehicle,6,Saturday,130,REAR END(VEHICLES IN SAME LANE),3,787195,Not at intersection,3,80,Arterial Highway,DANDENONG,MONASH,-37.893116,145.08838,2023,5,May,21,Night,Weekend
T20230011171,2023-05-13,01:27:00,4,Collision with a fixed object,6,Saturday,179,OTHER ACCIDENTS-OFF STRAIGHT NOT INCLUDED IN DCAs 170-175,3,775089,Not at intersection,2,50,Local Road,CENTREWAY,MOONEE VALLEY,-37.73303,144.86879,2023,5,May,1,Late Night,Weekend
T20230011182,2023-05-13,07:00:00,1,Collision with vehicle,6,Saturday,121,RIGHT THROUGH,2,775680,T intersection,3,60,Local Road,HAMMOND,DANDENONG,-38.013393,145.20575,2023,5,May,7,Morning Peak,Weekend
T20230011237,2023-05-13,20:15:00,4,Collision with a fixed object,6,Saturday,181,OFF RIGHT BEND INTO OBJECT/PARKED VEHICLE,5,787353,Not at intersection,2,60,Arterial Other,BELGRAVE-HALLAM,YARRA RANGES,-37.914948,145.35616,2023,5,May,20,Night,Weekend
T20230011188,2023-05-13,12:03:00,1,Collision with vehicle,6,Saturday,140,U TURN,1,774043,Not at intersection,2,70,Arterial Other,EAST BOUNDARY,GLEN EIRA,-37.931698,145.05684,2023,5,May,12,Midday,Weekend
T20230011189,2023-05-13,11:45:00,2,Struck Pedestrian,6,Saturday,102,FAR SIDE. PED HIT BY VEHICLE FROM THE LEFT,1,773986,T intersection,3,50,Local Road,STATION,KINGSTON,-38.05067,145.11565,2023,5,May,11,Midday,Weekend
T20230011235,2023-05-13,05:15:00,1,Collision with vehicle,6,Saturday,121,RIGHT THROUGH,3,615,T intersection,3,60,Arterial Other,CANTERBURY,WHITEHORSE,-37.83188,145.14839,2023,5,May,5,Morning Peak,Weekend
T20230011194,2023-05-13,12:45:00,1,Collision with vehicle,6,Saturday,121,RIGHT THROUGH,1,773987,T intersection,3,70,Arterial Other,OLD GEELONG,WYNDHAM,-37.877766,144.7109,2023,5,May,12,Midday,Weekend
T20230011234,2023-05-13,18:10:00,1,Collision with vehicle,6,Saturday,121,RIGHT THROUGH,3,774046,Not at intersection,2,60,Arterial Highway,ANZAC,WODONGA,-36.138264,146.91153,2023,5,May,18,Afternoon Peak,Weekend
T20230011199,2023-05-13,14:00:00,1,Collision with vehicle,6,Saturday,130,REAR END(VEHICLES IN SAME LANE),1,773961,Not at intersection,3,70,Freeway,EASTERN IN-BULLEEN,BOROONDARA,-37.78046,145.07977,2023,5,May,14,Midday,Weekend
T20230011232,2023-05-13,18:34:00,4,Collision with a fixed object,6,Saturday,171,LEFT OFF CARRIAGEWAY INTO OBJECT/PARKED VEHICLE,2,782213,Not at intersection,3,80,Freeway,PRINCES,CARDINIA,-38.091854,145.4914,2023,5,May,18,Afternoon Peak,Weekend
T20230011827,2023-05-13,20:00:00,1,Collision with vehicle,6,Saturday,130,REAR END(VEHICLES IN SAME LANE),6,774393,Not at intersection,3,40,Local Road,AITKEN,HUME,-37.58302,144.9132,2023,5,May,20,Night,Weekend
T20230011330,2023-05-13,12:00:00,1,Collision with vehicle,6,Saturday,111,RIGHT FAR (INTERSECTIONS ONLY),1,45224,T intersection,3,50,Arterial Other,HOFFMANS,MOONEE VALLEY,-37.74855,144.8905,2023,5,May,12,Midday,Weekend
T20230011201,2023-05-13,15:50:00,1,Collision with vehicle,6,Saturday,147,VEHICLE STRIKES ANOTHER VEH WHILE EMERGING FROM DRIVEWAY,1,773988,Not at intersection,3,40,Local Road,SMITH,DAREBIN,-37.756832,144.99222,2023,5,May,15,Afternoon Peak,Weekend
T20230011196,2023-05-13,13:28:00,2,Struck Pedestrian,6,Saturday,107,PED ON FOOTHPATH STRUCK BY VEHENTERING/LEAVING DRIVEWAY.,1,778165,Not at intersection,2,60,Local Road,CHURCH,GEELONG,-38.195976,144.33374,2023,5,May,13,Midday,Weekend
T20230013241,2023-05-13,19:58:00,7,Fall from or in moving vehicle,6,Saturday,190,FELL IN/FROM VEHICLE,3,777553,Not at intersection,3,60,Arterial Other,BRUNSWICK,MORELAND,-37.776615,144.95648,2023,5,May,19,Night,Weekend
T20230011177,2023-05-13,01:25:00,1,Collision with vehicle,6,Saturday,160,VEHICLE COLLIDES WITH VEHICLE PARKED ON LEFT OF ROAD,3,787339,T intersection,3,50,Local Road,EDMUND,BALLARAT,-37.594646,143.81958,2023,5,May,1,Late Night,Weekend
T20230012916,2023-05-13,06:09:00,1,Collision with vehicle,6,Saturday,160,VEHICLE COLLIDES WITH VEHICLE PARKED ON LEFT OF ROAD,2,775492,Not at intersection,2,50,Local Road,WATERVIEW,HUME,-37.597633,144.9043,2023,5,May,6,Morning Peak,Weekend
T20230011179,2023-05-13,01:30:00,4,Collision with a fixed object,6,Saturday,181,OFF RIGHT BEND INTO OBJECT/PARKED VEHICLE,5,787193,Not at intersection,2,100,Freeway,NORTHERN-HUME IN,MITCHELL,-37.448563,144.9814,2023,5,May,1,Late Night,Weekend
T20230011180,2023-05-13,07:35:00,1,Collision with vehicle,6,Saturday,130,REAR END(VEHICLES IN SAME LANE),1,777029,Not at intersection,2,60,Arterial Other,HIGH STREET,MONASH,-37.871716,145.14417,2023,5,May,7,Morning Peak,Weekend
T20230011181,2023-05-13,06:20:00,1,Collision with vehicle,6,Saturday,133,LANE SIDE SWIPE (VEHICLES IN PARALLEL LANES),3,774039,Not at intersection,2,60,Arterial Highway,NEPEAN,KINGSTON,-38.07045,145.12102,2023,5,May,6,Morning Peak,Weekend
T20230011917,2023-05-13,09:00:00,8,No collision and no object struck,6,Saturday,149,OTHER MANOEUVRING NOT INCLUDED IN DCAs 140-148,2,774446,Not at intersection,3,60,Local Road,CRYSTAL CREEK,MURRINDINDI,-37.24002,145.63971,2023,5,May,9,Morning Peak,Weekend
T20230011302,2023-05-13,20:30:00,1,Collision with vehicle,6,Saturday,130,REAR END(VEHICLES IN SAME LANE),5,775517,Not at intersection,3,100,Freeway,PRINCES,WYNDHAM,-37.963634,144.56607,2023,5,May,20,Night,Weekend
T20230012480,2023-05-13,16:50:00,1,Collision with vehicle,6,Saturday,113,RIGHT NEAR (INTERSECTIONS ONLY),1,787198,T intersection,3,50,Local Road,DARIUS,WHITTLESEA,-37.636494,145.06894,2023,5,May,16,Afternoon Peak,Weekend
T20230011233,2023-05-13,19:30:00,4,Collision with a fixed object,6,Saturday,171,LEFT OFF CARRIAGEWAY INTO OBJECT/PARKED VEHICLE,5,776113,Not at intersection,2,100,Arterial Highway,SOUTH GIPPSLAND,SOUTH GIPPSLAND,-38.65258,146.30333,2023,5,May,19,Night,Weekend
T20230011359,2023-05-13,13:00:00,8,No collision and no object struck,6,Saturday,174,OUT OF CONTROL ON CARRIAGEWAY (ON STRAIGHT),1,774053,T intersection,3,30,Local Road,VICTORIA RANGE,MURRINDINDI,-37.48737,145.43411,2023,5,May,13,Midday,Weekend
T20230011504,2023-05-13,14:00:00,2,Struck Pedestrian,6,Saturday,109,ANY MANOEUVRE INVOLVING PED NOT INCLUDED IN DCAs 100-108.,1,774325,Not at intersection,3,50,Local Road,MORELAND,MARIBYRNONG,-37.805122,144.90582,2023,5,May,14,Midday,Weekend
T20230011251,2023-05-13,11:46:00,1,Collision with vehicle,6,Saturday,137,LEFT TURN SIDESWIPE,1,67543,T intersection,3,60,Arterial Other,HIGH,STONNINGTON,-37.858498,145.04384,2023,5,May,11,Midday,Weekend
T20230011276,2023-05-14,13:49:00,1,Collision with vehicle,7,Sunday,160,VEHICLE COLLIDES WITH VEHICLE PARKED ON LEFT OF ROAD,1,774182,Not at intersection,2,60,Arterial Other,BEACH,BAYSIDE,-37.993732,145.03313,2023,5,May,13,Midday,Weekend
T20230011275,2023-05-14,14:30:00,3,Struck animal,7,Sunday,167,STRUCK ANIMAL,1,776701,Not at intersection,3,100,Local Road,MCKAYS,COLAC OTWAY,-38.28949,143.67117,2023,5,May,14,Midday,Weekend
T20230011273,2023-05-14,13:08:00,8,No collision and no object struck,7,Sunday,184,OUT OF CONTROL ON CARRIAGEWAY (ON BEND),1,774015,Not at intersection,3,60,Arterial Other,GORGE,WHITTLESEA,-37.65209,145.10185,2023,5,May,13,Midday,Weekend
T20230025902,2023-05-14,14:45:00,1,Collision with vehicle,7,Sunday,137,LEFT TURN SIDESWIPE,1,35492,T intersection,3,50,Local Road,FITZROY,PORT PHILLIP,-37.861336,144.97473,2023,5,May,14,Midday,Weekend
T20230011265,2023-05-14,10:53:00,1,Collision with vehicle,7,Sunday,130,REAR END(VEHICLES IN SAME LANE),1,275184,Not at intersection,2,60,Arterial Other,BEACONSFIELD,PORT PHILLIP,-37.84834,144.94975,2023,5,May,10,Midday,Weekend
T20230011289,2023-05-14,16:28:00,2,Struck Pedestrian,7,Sunday,101,PED EMERGES FROM IN FRONT OF PARKED OR STATIONARY VEHICLE,1,42168,T intersection,2,60,Arterial Other,JASPER,GLEN EIRA,-37.92392,145.04071,2023,5,May,16,Afternoon Peak,Weekend
T20230019263,2023-05-14,16:30:00,6,Vehicle overturned (no collision),7,Sunday,174,OUT OF CONTROL ON CARRIAGEWAY (ON STRAIGHT),1,779862,T intersection,2,40,Local Road,HOWARD,YARRA,-37.832855,144.9968,2023,5,May,16,Afternoon Peak,Weekend
T20230011255,2023-05-14,04:14:00,4,Collision with a fixed object,7,Sunday,171,LEFT OFF CARRIAGEWAY INTO OBJECT/PARKED VEHICLE,5,774049,Not at intersection,3,60,Arterial Other,KANGAROO GROUND-WATTLE GLEN,NILLUMBIK,-37.669567,145.19003,2023,5,May,4,Late Night,Weekend
T20230011261,2023-05-14,08:26:00,6,Vehicle overturned (no collision),7,Sunday,182,OFF CARRIAGEWAY ON LEFT BEND,1,774285,Not at intersection,2,100,Local Road,STEELES,CORANGAMITE,-38.114388,143.35045,2023,5,May,8,Morning Peak,Weekend
T20230011264,2023-05-14,10:20:00,1,Collision with vehicle,7,Sunday,113,RIGHT NEAR (INTERSECTIONS ONLY),1,41762,T intersection,3,50,Arterial Highway,WELLINGTON,MONASH,-37.91727,145.1471,2023,5,May,10,Midday,Weekend
T20230011296,2023-05-14,17:30:00,1,Collision with vehicle,7,Sunday,121,RIGHT THROUGH,2,323521,T intersection,3,70,Arterial Other,JACKSONS,MONASH,-37.93189,145.19373,2023,5,May,17,Afternoon Peak,Weekend
T20230011298,2023-05-14,19:30:00,2,Struck Pedestrian,7,Sunday,102,FAR SIDE. PED HIT BY VEHICLE FROM THE LEFT,3,774077,Not at intersection,2,70,Arterial Other,POUND,CASEY,-38.026848,145.25775,2023,5,May,19,Night,Weekend
T20230011326,2023-05-14,18:20:00,3,Struck animal,7,Sunday,167,STRUCK ANIMAL,5,774324,Not at intersection,2,100,Local Road,SIMS,MOYNE,-38.28671,142.45522,2023,5,May,18,Afternoon Peak,Weekend
T20230011299,2023-05-14,18:24:00,1,Collision with vehicle,7,Sunday,130,REAR END(VEHICLES IN SAME LANE),3,776513,Not at intersection,2,80,Arterial Highway,DANDENONG,DANDENONG,-37.931454,145.15416,2023,5,May,18,Afternoon Peak,Weekend
T20230011300,2023-05-14,20:10:00,2,Struck Pedestrian,7,Sunday,100,PED NEAR SIDE. PED HIT BY VEHICLE FROM THE RIGHT.,3,36835,Cross intersection,2,40,Arterial Other,KING,MELBOURNE,-37.814426,144.95482,2023,5,May,20,Night,Weekend
T20230011280,2023-05-14,08:45:00,2,Struck Pedestrian,7,Sunday,100,PED NEAR SIDE. PED HIT BY VEHICLE FROM THE RIGHT.,1,777309,Not at intersection,3,40,Arterial Other,CHAPEL,STONNINGTON,-37.838394,144.99585,2023,5,May,8,Morning Peak,Weekend
T20230011254,2023-05-14,01:54:00,4,Collision with a fixed object,7,Sunday,175,OFF END OF ROAD/T-INTERSECTION.,3,45464,T intersection,2,50,Arterial Other,ORMOND,MOONEE VALLEY,-37.772892,144.93033,2023,5,May,1,Late Night,Weekend
T20230011266,2023-05-14,10:56:00,1,Collision with vehicle,7,Sunday,121,RIGHT THROUGH,1,327263,Cross intersection,2,80,Arterial Highway,GREENS,DANDENONG,-38.014793,145.21533,2023,5,May,10,Midday,Weekend
T20230011283,2023-05-14,16:20:00,1,Collision with vehicle,7,Sunday,110,CROSS TRAFFIC(INTERSECTIONS ONLY),1,225511,Cross intersection,2,60,Arterial Highway,PUNT,STONNINGTON,-37.853504,144.9837,2023,5,May,16,Afternoon Peak,Weekend
T20230011887,2023-05-14,16:20:00,1,Collision with vehicle,7,Sunday,152,PULLING OUT (OVERTAKING),2,774510,Not at intersection,3,50,Local Road,CHURCH,MELBOURNE,-37.787857,144.94177,2023,5,May,16,Afternoon Peak,Weekend
T20230011292,2023-05-14,18:13:00,1,Collision with vehicle,7,Sunday,130,REAR END(VEHICLES IN SAME LANE),3,775917,Not at intersection,2,100,Freeway,PRINCES,HOBSONS BAY,-37.8512,144.77953,2023,5,May,18,Afternoon Peak,Weekend
T20230025206,2023-05-14,14:00:00,8,No collision and no object struck,7,Sunday,184,OUT OF CONTROL ON CARRIAGEWAY (ON BEND),1,29935,T intersection,3,100,Arterial Other,LAKE MOUNTAIN,YARRA RANGES,-37.5328,145.83723,2023,5,May,14,Midday,Weekend
T20230011293,2023-05-14,15:20:00,1,Collision with vehicle,7,Sunday,130,REAR END(VEHICLES IN SAME LANE),1,775071,Not at intersection,2,80,Freeway,PENINSULA LINK IN-CRANBOURNE,FRANKSTON,-38.15781,145.16693,2023,5,May,15,Afternoon Peak,Weekend
T20230011295,2023-05-14,18:10:00,1,Collision with vehicle,7,Sunday,121,RIGHT THROUGH,3,39159,T intersection,3,60,Arterial Other,CANTERBURY,BOROONDARA,-37.823803,145.07925,2023,5,May,18,Afternoon Peak,Weekend
T20230011439,2023-05-14,22:30:00,7,Fall from or in moving vehicle,7,Sunday,190,FELL IN/FROM VEHICLE,6,774179,Not at intersection,3,50,Local Road,WELLINGTON,WHITTLESEA,-37.59864,145.06894,2023,5,May,22,Night,Weekend
T20230012807,2023-05-15,12:30:00,1,Collision with vehicle,1,Monday,113,RIGHT NEAR (INTERSECTIONS ONLY),1,684739,T intersection,3,80,Arterial Highway,MOOROODUC,FRANKSTON,-38.164116,145.13689,2023,5,May,12,Midday,Weekday
T20230011367,2023-05-15,17:18:00,1,Collision with vehicle,1,Monday,147,VEHICLE STRIKES ANOTHER VEH WHILE EMERGING FROM DRIVEWAY,1,774091,Not at intersection,3,50,Local Road,STATION,GLEN EIRA,-37.9107,145.03906,2023,5,May,17,Afternoon Peak,Weekday
T20230011354,2023-05-15,04:00:00,4,Collision with a fixed object,1,Monday,181,OFF RIGHT BEND INTO OBJECT/PARKED VEHICLE,5,781360,Not at intersection,2,80,Arterial Highway,PRINCES,MOYNE,-38.357185,142.24738,2023,5,May,4,Late Night,Weekday
T20230011382,2023-05-15,14:40:00,2,Struck Pedestrian,1,Monday,100,PED NEAR SIDE. PED HIT BY VEHICLE FROM THE RIGHT.,1,774127,Not at intersection,2,40,Local Road,TANDERRUM,HUME,-37.68114,144.91702,2023,5,May,14,Midday,Weekday
T20230011378,2023-05-15,15:00:00,6,Vehicle overturned (no collision),1,Monday,180,OFF CARRIAGEWAY ON RIGHT BEND,1,776144,Not at intersection,2,100,Local Road,YARRAGON-LEONGATHA,SOUTH GIPPSLAND,-38.382652,146.01892,2023,5,May,15,Afternoon Peak,Weekday
T20230011427,2023-05-15,14:30:00,1,Collision with vehicle,1,Monday,130,REAR END(VEHICLES IN SAME LANE),1,355695,Not at intersection,3,60,Arterial Highway,DANDENONG,DANDENONG,-37.931263,145.15385,2023,5,May,14,Midday,Weekday
T20230011897,2023-05-15,19:32:00,1,Collision with vehicle,1,Monday,110,CROSS TRAFFIC(INTERSECTIONS ONLY),9,43685,Cross intersection,3,60,Arterial Other,RIDDELL,HUME,-37.57001,144.72171,2023,5,May,19,Night,Weekday
T20230011895,2023-05-15,18:00:00,1,Collision with vehicle,1,Monday,137,LEFT TURN SIDESWIPE,2,774445,Not at intersection,3,60,Arterial Other,MELBOURNE,HOBSONS BAY,-37.848892,144.88747,2023,5,May,18,Afternoon Peak,Weekday
T20230011311,2023-05-15,00:55:00,6,Vehicle overturned (no collision),1,Monday,180,OFF CARRIAGEWAY ON RIGHT BEND,5,781603,Not at intersection,2,60,Arterial Other,KANGAROO GROUND-WARRANDYTE,NILLUMBIK,-37.700336,145.2252,2023,5,May,0,Late Night,Weekday
T20230011361,2023-05-15,16:15:00,1,Collision with vehicle,1,Monday,152,PULLING OUT (OVERTAKING),1,796961,Not at intersection,2,50,Local Road,LENNON,WYNDHAM,-37.892555,144.74059,2023,5,May,16,Afternoon Peak,Weekday
T20230011393,2023-05-15,19:50:00,2,Struck Pedestrian,1,Monday,101,PED EMERGES FROM IN FRONT OF PARKED OR STATIONARY VEHICLE,3,798990,Not at intersection,3,50,Local Road,KINGSFORD,MORELAND,-37.723957,144.95454,2023,5,May,19,Night,Weekday
T20230011997,2023-05-15,19:00:00,8,No collision and no object struck,1,Monday,172,OFF CARRIAGEWAY TO RIGHT,5,782209,Not at intersection,3,100,Local Road,ELLERSLIE-PANMURE,MOYNE,-38.263798,142.71106,2023,5,May,19,Night,Weekday
T20230011323,2023-05-15,07:40:00,1,Collision with vehicle,1,Monday,130,REAR END(VEHICLES IN SAME LANE),1,774068,Not at intersection,3,70,Arterial Highway,PLENTY,DAREBIN,-37.719994,145.03674,2023,5,May,7,Morning Peak,Weekday
T20230011352,2023-05-15,15:33:00,1,Collision with vehicle,1,Monday,137,LEFT TURN SIDESWIPE,1,37759,T intersection,3,40,Arterial Other,MALVERN,STONNINGTON,-37.848377,145.00533,2023,5,May,15,Afternoon Peak,Weekday
T20230011324,2023-05-15,09:10:00,1,Collision with vehicle,1,Monday,160,VEHICLE COLLIDES WITH VEHICLE PARKED ON LEFT OF ROAD,1,774080,Not at intersection,3,60,Arterial Other,ST HELENA,BANYULE,-37.699745,145.10966,2023,5,May,9,Morning Peak,Weekday
T20230011325,2023-05-15,09:30:00,1,Collision with vehicle,1,Monday,160,VEHICLE COLLIDES WITH VEHICLE PARKED ON LEFT OF ROAD,1,776506,Not at intersection,3,60,Local Road,SOMERSET,HUME,-37.679436,144.96852,2023,5,May,9,Morning Peak,Weekday
T20230011379,2023-05-15,21:00:00,1,Collision with vehicle,1,Monday,121,RIGHT THROUGH,6,787408,Multiple intersection,3,60,Freeway,GRIEVE-WEST GATE IN,HOBSONS BAY,-37.82524,144.8295,2023,5,May,21,Night,Weekday
T20230011397,2023-05-15,22:40:00,1,Collision with vehicle,1,Monday,110,CROSS TRAFFIC(INTERSECTIONS ONLY),3,359280,Cross intersection,1,70,Arterial Highway,NORTH,GLEN EIRA,-37.902256,145.02597,2023,5,May,22,Night,Weekday
T20230011399,2023-05-15,23:25:00,1,Collision with vehicle,1,Monday,160,VEHICLE COLLIDES WITH VEHICLE PARKED ON LEFT OF ROAD,3,776426,Not at intersection,2,70,Arterial Highway,BELLARINE,GEELONG,-38.16897,144.38593,2023,5,May,23,Night,Weekday
T20230011931,2023-05-15,16:15:00,1,Collision with vehicle,1,Monday,120,HEAD ON (NOT OVERTAKING),1,775100,Cross intersection,2,40,Local Road,MOUNT VIEW,KINGSTON,-38.013523,145.09546,2023,5,May,16,Afternoon Peak,Weekday
T20230011404,2023-05-15,13:45:00,1,Collision with vehicle,1,Monday,147,VEHICLE STRIKES ANOTHER VEH WHILE EMERGING FROM DRIVEWAY,1,774111,Not at intersection,3,60,Local Road,NAPIER,MOONEE VALLEY,-37.7474,144.92369,2023,5,May,13,Midday,Weekday
T20230011385,2023-05-15,19:22:00,1,Collision with vehicle,1,Monday,130,REAR END(VEHICLES IN SAME LANE),3,774055,T intersection,3,60,Local Road,MCGREGOR,CARDINIA,-38.077763,145.47392,2023,5,May,19,Night,Weekday
T20230011348,2023-05-15,13:42:00,1,Collision with vehicle,1,Monday,121,RIGHT THROUGH,1,347776,T intersection,3,70,Arterial Other,GRIEVE,HOBSONS BAY,-37.82743,144.82915,2023,5,May,13,Midday,Weekday