ACCIDENT_NO,ACCIDENT_DATE,ACCIDENT_TIME,ACCIDENT_TYPE,ACCIDENT_TYPE_DESC,DAY_OF_WEEK,DAY_WEEK_DESC,DCA_CODE,DCA_DESC,LIGHT_CONDITION,NODE_ID,ROAD_GEOMETRY_DESC,SEVERITY,SPEED_ZONE,RMA,ROAD_NAME,LGA_NAME,LATITUDE,LONGITUDE,YEAR,MONTH,MONTH_NAME,HOUR,TIME_PERIOD,DAY_TYPE
T20230011342,2023-05-15,08:30:00,1,Collision with vehicle,1,Monday,110,CROSS TRAFFIC(INTERSECTIONS ONLY),1,37914,Cross intersection,3,50,Arterial Other,WESTGARTH,DAREBIN,-37.780743,144.99396,2023,5,May,8,Morning Peak,Weekday
T20230011387,2023-05-15,17:37:00,2,Struck Pedestrian,1,Monday,102,FAR SIDE. PED HIT BY VEHICLE FROM THE LEFT,3,612138,T intersection,2,80,Arterial Highway,LAKESIDE,KNOX,-37.91256,145.23618,2023,5,May,17,Afternoon Peak,Weekday
T20230011366,2023-05-15,16:30:00,1,Collision with vehicle,1,Monday,110,CROSS TRAFFIC(INTERSECTIONS ONLY),2,64023,Cross intersection,3,50,Local Road,CHINGFORD,DAREBIN,-37.769917,145.02495,2023,5,May,16,Afternoon Peak,Weekday
T20230011340,2023-05-15,08:50:00,1,Collision with vehicle,1,Monday,130,REAR END(VEHICLES IN SAME LANE),1,774081,Not at intersection,3,80,Arterial Other,GISBORNE-MELTON,MELTON,-37.671318,144.59857,2023,5,May,8,Morning Peak,Weekday
T20230011364,2023-05-15,14:30:00,1,Collision with vehicle,1,Monday,147,VEHICLE STRIKES ANOTHER VEH WHILE EMERGING FROM DRIVEWAY,1,782437,Not at intersection,3,60,Local Road,SAN MATEO,MILDURA,-34.21651,142.13467,2023,5,May,14,Midday,Weekday
T20230011410,2023-05-15,07:30:00,1,Collision with vehicle,1,Monday,113,RIGHT NEAR (INTERSECTIONS ONLY),1,40379,Cross intersection,3,60,Arterial Other,WATTLETREE,STONNINGTON,-37.86431,145.04349,2023,5,May,7,Morning Peak,Weekday
T20230011383,2023-05-15,17:43:00,1,Collision with vehicle,1,Monday,130,REAR END(VEHICLES IN SAME LANE),2,709224,T intersection,3,80,Arterial Other,THOMPSONS,CASEY,-38.088627,145.3273,2023,5,May,17,Afternoon Peak,Weekday
T20230015864,2023-05-15,13:06:00,1,Collision with vehicle,1,Monday,148,VEHICLE OFF FOOTPATH STRIKES VEH ON CARRIAGEWAY,1,782104,Cross intersection,3,80,Arterial Highway,PRINCES,CASEY,-38.026344,145.30688,2023,5,May,13,Midday,Weekday
T20230011371,2023-05-15,17:00:00,1,Collision with vehicle,1,Monday,113,RIGHT NEAR (INTERSECTIONS ONLY),2,37008,T intersection,2,40,Arterial Other,LANSDOWNE,MELBOURNE,-37.811005,144.97813,2023,5,May,17,Afternoon Peak,Weekday
T20230011372,2023-05-15,18:30:00,1,Collision with vehicle,1,Monday,121,RIGHT THROUGH,3,51661,Cross intersection,2,60,Arterial Other,MYRTLE,BENDIGO,-36.76701,144.27516,2023,5,May,18,Afternoon Peak,Weekday
T20230011338,2023-05-15,12:05:00,1,Collision with vehicle,1,Monday,110,CROSS TRAFFIC(INTERSECTIONS ONLY),1,44609,Cross intersection,2,60,Arterial Other,MAIN,BALLARAT,-37.569946,143.87057,2023,5,May,12,Midday,Weekday
T20230011384,2023-05-15,15:55:00,1,Collision with vehicle,1,Monday,130,REAR END(VEHICLES IN SAME LANE),1,774155,T intersection,2,80,Arterial Other,WHITE HILL,MORNINGTON PENINSULA,-38.346096,145.00612,2023,5,May,15,Afternoon Peak,Weekday
T20230011327,2023-05-15,09:10:00,8,No collision and no object struck,1,Monday,174,OUT OF CONTROL ON CARRIAGEWAY (ON STRAIGHT),1,774078,Not at intersection,3,100,Local Road,FORD,SHEPPARTON,-36.347534,145.45508,2023,5,May,9,Morning Peak,Weekday
T20230014972,2023-05-15,16:55:00,1,Collision with vehicle,1,Monday,133,LANE SIDE SWIPE (VEHICLES IN PARALLEL LANES),2,776500,T intersection,2,60,Local Road,KAMBROOK,GLEN EIRA,-37.87718,145.03539,2023,5,May,16,Afternoon Peak,Weekday
T20230011368,2023-05-15,15:00:00,1,Collision with vehicle,1,Monday,130,REAR END(VEHICLES IN SAME LANE),9,787407,Not at intersection,3,50,Local Road,DOWLING,BALLARAT,-37.52823,143.84247,2023,5,May,15,Afternoon Peak,Weekday
T20230011513,2023-05-15,16:45:00,1,Collision with vehicle,1,Monday,130,REAR END(VEHICLES IN SAME LANE),1,278656,Cross intersection,3,60,Arterial Other,EPPING,WHITTLESEA,-37.612022,145.03072,2023,5,May,16,Afternoon Peak,Weekday
T20230011377,2023-05-15,16:45:00,1,Collision with vehicle,1,Monday,130,REAR END(VEHICLES IN SAME LANE),1,775200,Not at intersection,2,60,Arterial Other,BUCKLEY,MOONEE VALLEY,-37.754364,144.8935,2023,5,May,16,Afternoon Peak,Weekday
T20230011333,2023-05-15,10:22:00,1,Collision with vehicle,1,Monday,130,REAR END(VEHICLES IN SAME LANE),1,774367,Not at intersection,3,80,Arterial Other,COOPER,WHITTLESEA,-37.650047,145.00583,2023,5,May,10,Midday,Weekday
T20230011355,2023-05-15,15:15:00,6,Vehicle overturned (no collision),1,Monday,170,OFF CARRIAGEWAY TO LEFT,1,774286,Not at intersection,2,80,Arterial Highway,GREAT ALPINE,ALPINE,-36.592438,146.7655,2023,5,May,15,Afternoon Peak,Weekday
T20230012025,2023-05-15,17:30:00,1,Collision with vehicle,1,Monday,130,REAR END(VEHICLES IN SAME LANE),2,774519,Not at intersection,3,70,Local Road,ALANBRAE,HUME,-37.669807,144.8855,2023,5,May,17,Afternoon Peak,Weekday
T20230011360,2023-05-15,15:49:00,1,Collision with vehicle,1,Monday,154,PULLING OUT -REAR END,1,782214,Not at intersection,3,40,Arterial Other,PRINCES,BAW BAW,-38.136574,145.85799,2023,5,May,15,Afternoon Peak,Weekday
T20230011457,2023-05-15,17:52:00,1,Collision with vehicle,1,Monday,130,REAR END(VEHICLES IN SAME LANE),3,788001,Not at intersection,3,60,Arterial Other,PASCOE VALE,HUME,-37.692482,144.91547,2023,5,May,17,Afternoon Peak,Weekday
T20230011798,2023-05-15,14:25:00,1,Collision with vehicle,1,Monday,113,RIGHT NEAR (INTERSECTIONS ONLY),1,52497,Cross intersection,2,60,Local Road,LEMON,MILDURA,-34.190605,142.1622,2023,5,May,14,Midday,Weekday
T20230011501,2023-05-15,06:40:00,1,Collision with vehicle,1,Monday,130,REAR END(VEHICLES IN SAME LANE),9,350177,Cross intersection,3,70,Arterial Other,EDGARS,WHITTLESEA,-37.69374,145.00098,2023,5,May,6,Morning Peak,Weekday
T20230013937,2023-05-15,15:00:00,1,Collision with vehicle,1,Monday,110,CROSS TRAFFIC(INTERSECTIONS ONLY),1,50629,Cross intersection,3,40,Local Road,HART,COLAC OTWAY,-38.35261,143.57889,2023,5,May,15,Afternoon Peak,Weekday
T20230012642,2023-05-15,21:00:00,1,Collision with vehicle,1,Monday,121,RIGHT THROUGH,6,35417,T intersection,3,60,Arterial Other,TOORAK,STONNINGTON,-37.84074,145.00595,2023,5,May,21,Night,Weekday
T20230011318,2023-05-15,01:00:00,6,Vehicle overturned (no collision),1,Monday,184,OUT OF CONTROL ON CARRIAGEWAY (ON BEND),5,777796,Not at intersection,3,80,Arterial Highway,HAMILTON,CORANGAMITE,-37.997158,143.05074,2023,5,May,1,Late Night,Weekday
T20230011408,2023-05-16,08:00:00,1,Collision with vehicle,2,Tuesday,130,REAR END(VEHICLES IN SAME LANE),1,776227,Not at intersection,3,100,Freeway,MORNINGTON PENINSULA,KINGSTON,-38.04843,145.14322,2023,5,May,8,Morning Peak,Weekday
T20230011407,2023-05-16,07:45:00,1,Collision with vehicle,2,Tuesday,130,REAR END(VEHICLES IN SAME LANE),1,360335,Not at intersection,3,100,Freeway,MONASH,MONASH,-37.912113,145.16483,2023,5,May,7,Morning Peak,Weekday
T20230011632,2023-05-16,17:12:00,1,Collision with vehicle,2,Tuesday,121,RIGHT THROUGH,2,774352,Not at intersection,2,80,Arterial Highway,SOUTH GIPPSLAND,CASEY,-38.084766,145.27773,2023,5,May,17,Afternoon Peak,Weekday
T20230011770,2023-05-16,14:15:00,1,Collision with vehicle,2,Tuesday,113,RIGHT NEAR (INTERSECTIONS ONLY),1,774368,T intersection,3,60,Arterial Other,GLENFERRIE,STONNINGTON,-37.853855,145.02971,2023,5,May,14,Midday,Weekday
T20230012264,2023-05-16,11:10:00,1,Collision with vehicle,2,Tuesday,113,RIGHT NEAR (INTERSECTIONS ONLY),1,37917,T intersection,3,60,Arterial Other,HIGH,DAREBIN,-37.783203,144.99626,2023,5,May,11,Midday,Weekday
T20230011644,2023-05-16,09:15:00,1,Collision with vehicle,2,Tuesday,132,RIGHT REAR.,9,774387,Not at intersection,2,60,Arterial Other,THOMPSON,GEELONG,-38.125668,144.34052,2023,5,May,9,Morning Peak,Weekday
T20230022500,2023-05-16,16:00:00,1,Collision with vehicle,2,Tuesday,130,REAR END(VEHICLES IN SAME LANE),2,782496,Not at intersection,3,50,Arterial Highway,WARBURTON,YARRA RANGES,-37.77983,145.52997,2023,5,May,16,Afternoon Peak,Weekday
T20230016167,2023-05-16,07:59:00,1,Collision with vehicle,2,Tuesday,121,RIGHT THROUGH,1,296062,T intersection,3,60,Arterial Highway,BELL,DAREBIN,-37.746193,145.01208,2023,5,May,7,Morning Peak,Weekday
T20230011668,2023-05-16,14:10:00,1,Collision with vehicle,2,Tuesday,130,REAR END(VEHICLES IN SAME LANE),1,230504,T intersection,3,50,Local Road,MCGREGOR,CARDINIA,-38.07785,145.47389,2023,5,May,14,Midday,Weekday
T20230011690,2023-05-16,09:29:00,1,Collision with vehicle,2,Tuesday,120,HEAD ON (NOT OVERTAKING),1,787534,Not at intersection,3,70,Local Road,MACCLESFIELD,YARRA RANGES,-37.84621,145.48477,2023,5,May,9,Morning Peak,Weekday
T20230016689,2023-05-16,08:20:00,1,Collision with vehicle,2,Tuesday,134,LANE CHANGE RIGHT (NOT OVERTAKING),2,780963,Not at intersection,3,60,Arterial Other,GAFFNEY,MORELAND,-37.73157,144.93909,2023,5,May,8,Morning Peak,Weekday
T20230011739,2023-05-16,15:52:00,2,Struck Pedestrian,2,Tuesday,100,PED NEAR SIDE. PED HIT BY VEHICLE FROM THE RIGHT.,1,774354,Not at intersection,3,50,Local Road,BROOKFIELD,HUME,-37.574574,144.90414,2023,5,May,15,Afternoon Peak,Weekday
T20230016550,2023-05-16,20:30:00,1,Collision with vehicle,2,Tuesday,135,LANE CHANGE LEFT (NOT OVERTAKING),5,280482,Not at intersection,3,100,Freeway,WESTERN,MELTON,-37.728275,144.65933,2023,5,May,20,Night,Weekday
T20230011943,2023-05-16,18:10:00,1,Collision with vehicle,2,Tuesday,130,REAR END(VEHICLES IN SAME LANE),3,29792,Cross intersection,3,60,Arterial Other,SYNNOT,WYNDHAM,-37.903107,144.66074,2023,5,May,18,Afternoon Peak,Weekday
T20230011511,2023-05-16,15:00:00,1,Collision with vehicle,2,Tuesday,160,VEHICLE COLLIDES WITH VEHICLE PARKED ON LEFT OF ROAD,1,774289,Not at intersection,3,50,Local Road,RAILWAY,HOBSONS BAY,-37.86656,144.82489,2023,5,May,15,Afternoon Peak,Weekday
T20230012671,2023-05-16,16:00:00,1,Collision with vehicle,2,Tuesday,130,REAR END(VEHICLES IN SAME LANE),1,776910,T intersection,3,80,Arterial Other,KEILOR PARK,BRIMBANK,-37.739555,144.8525,2023,5,May,16,Afternoon Peak,Weekday
T20230011469,2023-05-16,21:17:00,1,Collision with vehicle,2,Tuesday,111,RIGHT FAR (INTERSECTIONS ONLY),3,719529,Cross intersection,2,80,Arterial Highway,FERNTREE GULLY,KNOX,-37.899242,145.23323,2023,5,May,21,Night,Weekday
T20230011670,2023-05-16,08:00:00,1,Collision with vehicle,2,Tuesday,130,REAR END(VEHICLES IN SAME LANE),2,840,T intersection,3,60,Arterial Other,WHITE,KINGSTON,-38.00058,145.1024,2023,5,May,8,Morning Peak,Weekday
T20230011467,2023-05-16,04:48:00,4,Collision with a fixed object,2,Tuesday,171,LEFT OFF CARRIAGEWAY INTO OBJECT/PARKED VEHICLE,3,237965,Cross intersection,3,60,Arterial Other,HUME,HUME,-37.617043,144.94705,2023,5,May,4,Late Night,Weekday
T20230011465,2023-05-16,15:03:00,1,Collision with vehicle,2,Tuesday,120,HEAD ON (NOT OVERTAKING),1,774084,Not at intersection,1,80,Local Road,FISHERIES,CASEY,-38.173462,145.31577,2023,5,May,15,Afternoon Peak,Weekday
T20230011464,2023-05-16,15:10:00,1,Collision with vehicle,2,Tuesday,113,RIGHT NEAR (INTERSECTIONS ONLY),1,44275,T intersection,2,80,Arterial Other,PASCOE VALE,HUME,-37.657604,144.92679,2023,5,May,15,Afternoon Peak,Weekday
T20230016242,2023-05-16,10:10:00,1,Collision with vehicle,2,Tuesday,110,CROSS TRAFFIC(INTERSECTIONS ONLY),1,50388,Cross intersection,3,50,Arterial Highway,THOMPSON,BASS COAST,-38.452328,145.23898,2023,5,May,10,Midday,Weekday
T20230011463,2023-05-16,13:50:00,1,Collision with vehicle,2,Tuesday,135,LANE CHANGE LEFT (NOT OVERTAKING),1,36278,Cross intersection,3,60,Local Road,QUEENSBERRY,MELBOURNE,-37.80456,144.96326,2023,5,May,13,Midday,Weekday
T20230011461,2023-05-16,05:14:00,4,Collision with a fixed object,2,Tuesday,171,LEFT OFF CARRIAGEWAY INTO OBJECT/PARKED VEHICLE,5,787533,Not at intersection,2,60,Arterial Other,HEIDELBERG-KINGLAKE,NILLUMBIK,-37.676888,145.12962,2023,5,May,5,Morning Peak,Weekday
T20230011460,2023-05-16,18:13:00,1,Collision with vehicle,2,Tuesday,110,CROSS TRAFFIC(INTERSECTIONS ONLY),5,52552,Cross intersection,2,100,Local Road,COORONG,MILDURA,-34.298473,142.17334,2023,5,May,18,Afternoon Peak,Weekday
T20230011456,2023-05-16,16:20:00,2,Struck Pedestrian,2,Tuesday,101,PED EMERGES FROM IN FRONT OF PARKED OR STATIONARY VEHICLE,2,775227,Not at intersection,3,40,Local Road,CROYDON,BOROONDARA,-37.82374,145.09663,2023,5,May,16,Afternoon Peak,Weekday
T20230011453,2023-05-16,15:44:00,1,Collision with vehicle,2,Tuesday,132,RIGHT REAR.,1,55564,T intersection,2,80,Local Road,EXFORD,MELTON,-37.744587,144.54895,2023,5,May,15,Afternoon Peak,Weekday
T20230011451,2023-05-16,18:45:00,1,Collision with vehicle,2,Tuesday,137,LEFT TURN SIDESWIPE,2,249179,Cross intersection,3,60,Arterial Other,HIGH,PORT PHILLIP,-37.85025,144.98088,2023,5,May,18,Afternoon Peak,Weekday
T20230011449,2023-05-16,14:45:00,1,Collision with vehicle,2,Tuesday,147,VEHICLE STRIKES ANOTHER VEH WHILE EMERGING FROM DRIVEWAY,1,775149,Not at intersection,3,60,Local Road,HUME,MELTON,-37.710175,144.73662,2023,5,May,14,Midday,Weekday
T20230011447,2023-05-16,15:40:00,4,Collision with a fixed object,2,Tuesday,183,OFF LEFT BEND INTO OBJECT/PARKED VEHICLE,1,781099,Not at intersection,2,80,Local Road,TI TREE,MOORABOOL,-37.59288,143.93466,2023,5,May,15,Afternoon Peak,Weekday
T20230011446,2023-05-16,15:30:00,1,Collision with vehicle,2,Tuesday,130,REAR END(VEHICLES IN SAME LANE),1,774128,Not at intersection,2,60,Arterial Other,FOREST,GEELONG,-38.0334,144.39449,2023,5,May,15,Afternoon Peak,Weekday
T20230011445,2023-05-16,16:06:00,1,Collision with vehicle,2,Tuesday,110,CROSS TRAFFIC(INTERSECTIONS ONLY),1,323730,Cross intersection,3,80,Arterial Other,BOUNDARY,KINGSTON,-37.966434,145.11101,2023,5,May,16,Afternoon Peak,Weekday
T20230011435,2023-05-16,13:10:00,1,Collision with vehicle,2,Tuesday,111,RIGHT FAR (INTERSECTIONS ONLY),1,35723,Multiple intersection,3,60,Freeway,EASTERN OUT-DONCASTER,MANNINGHAM,-37.788414,145.10425,2023,5,May,13,Midday,Weekday
T20230011563,2023-05-16,17:38:00,1,Collision with vehicle,2,Tuesday,110,CROSS TRAFFIC(INTERSECTIONS ONLY),2,42824,Cross intersection,3,80,Arterial Highway,MAIN,KINGSTON,-38.00419,145.08492,2023,5,May,17,Afternoon Peak,Weekday
T20230011430,2023-05-16,09:30:00,1,Collision with vehicle,2,Tuesday,130,REAR END(VEHICLES IN SAME LANE),1,774396,Not at intersection,2,60,Local Road,EASTWOOD,EAST GIPPSLAND,-37.79874,147.6255,2023,5,May,9,Morning Peak,Weekday
T20230011423,2023-05-16,09:25:00,1,Collision with vehicle,2,Tuesday,120,HEAD ON (NOT OVERTAKING),1,775834,Not at intersection,2,80,Local Road,CARDINIA,CARDINIA,-38.138535,145.42596,2023,5,May,9,Morning Peak,Weekday
T20230011422,2023-05-16,11:05:00,1,Collision with vehicle,2,Tuesday,113,RIGHT NEAR (INTERSECTIONS ONLY),1,583995,T intersection,2,80,Arterial Highway,DANDENONG,MONASH,-37.924656,145.14331,2023,5,May,11,Midday,Weekday
T20230011421,2023-05-16,10:45:00,1,Collision with vehicle,2,Tuesday,110,CROSS TRAFFIC(INTERSECTIONS ONLY),1,782448,Cross intersection,3,100,Local Road,NUMBER FIVE DRAIN,CARDINIA,-38.20027,145.57547,2023,5,May,10,Midday,Weekday
T20230011419,2023-05-16,09:28:00,2,Struck Pedestrian,2,Tuesday,102,FAR SIDE. PED HIT BY VEHICLE FROM THE LEFT,1,775801,Not at intersection,2,60,Local Road,COCHRANES,KINGSTON,-37.944004,145.07634,2023,5,May,9,Morning Peak,Weekday
T20230011480,2023-05-17,06:55:00,1,Collision with vehicle,3,Wednesday,121,RIGHT THROUGH,1,774287,Y intersection,2,60,Arterial Highway,BASS HIGHWAY -GRAHAM,BASS COAST,-38.605083,145.60118,2023,5,May,6,Morning Peak,Weekday
T20230011498,2023-05-17,12:15:00,1,Collision with vehicle,3,Wednesday,136,RIGHT TURN SIDESWIPE,1,37910,T intersection,2,60,Arterial Other,HIGH,DAREBIN,-37.782124,144.99648,2023,5,May,12,Midday,Weekday
T20230011545,2023-05-17,17:30:00,1,Collision with vehicle,3,Wednesday,120,HEAD ON (NOT OVERTAKING),1,774292,Not at intersection,2,50,Local Road,DWYER,HUME,-37.5363,144.95598,2023,5,May,17,Afternoon Peak,Weekday
T20230011500,2023-05-17,10:45:00,1,Collision with vehicle,3,Wednesday,121,RIGHT THROUGH,1,221931,Multiple intersection,2,60,Freeway,SUNSHINE,BRIMBANK,-37.75159,144.83264,2023,5,May,10,Midday,Weekday
T20230011922,2023-05-17,16:30:00,7,Fall from or in moving vehicle,3,Wednesday,190,FELL IN/FROM VEHICLE,2,774447,Not at intersection,2,80,Arterial Other,DON,YARRA RANGES,-37.696777,145.56235,2023,5,May,16,Afternoon Peak,Weekday
T20230011502,2023-05-17,08:00:00,2,Struck Pedestrian,3,Wednesday,100,PED NEAR SIDE. PED HIT BY VEHICLE FROM THE RIGHT.,1,774440,Not at intersection,3,60,Local Road,POPES,DANDENONG,-37.982124,145.18448,2023,5,May,8,Morning Peak,Weekday
T20230012083,2023-05-17,16:15:00,1,Collision with vehicle,3,Wednesday,130,REAR END(VEHICLES IN SAME LANE),1,775355,T intersection,3,80,Arterial Other,DORSET,KNOX,-37.835796,145.28719,2023,5,May,16,Afternoon Peak,Weekday
T20230011484,2023-05-17,08:20:00,1,Collision with vehicle,3,Wednesday,110,CROSS TRAFFIC(INTERSECTIONS ONLY),1,52809,Cross intersection,3,40,Local Road,ARMSTRONG,BALLARAT,-37.550987,143.85828,2023,5,May,8,Morning Peak,Weekday
T20230011508,2023-05-17,15:00:00,6,Vehicle overturned (no collision),3,Wednesday,174,OUT OF CONTROL ON CARRIAGEWAY (ON STRAIGHT),1,484,Cross intersection,3,60,Arterial Other,RATHMINES,BOROONDARA,-37.81988,145.04553,2023,5,May,15,Afternoon Peak,Weekday
T20230011538,2023-05-17,15:54:00,1,Collision with vehicle,3,Wednesday,113,RIGHT NEAR (INTERSECTIONS ONLY),1,63302,T intersection,2,70,Local Road,BUGGYRIDE,YARRA RANGES,-37.748196,145.33664,2023,5,May,15,Afternoon Peak,Weekday
T20230011591,2023-05-17,08:00:00,2,Struck Pedestrian,3,Wednesday,100,PED NEAR SIDE. PED HIT BY VEHICLE FROM THE RIGHT.,9,775643,Cross intersection,3,60,Arterial Other,STEPHENSONS,MONASH,-37.876793,145.12886,2023,5,May,8,Morning Peak,Weekday
T20230012514,2023-05-17,18:45:00,4,Collision with a fixed object,3,Wednesday,173,RIGHT OFF CARRIAGEWAY INTO OBJECT/PARKED VEHICLE,2,782850,Not at intersection,3,50,Local Road,WILLIAMS,DANDENONG,-38.014374,145.22191,2023,5,May,18,Afternoon Peak,Weekday
T20230011660,2023-05-17,15:51:00,1,Collision with vehicle,3,Wednesday,149,OTHER MANOEUVRING NOT INCLUDED IN DCAs 140-148,1,774312,Not at intersection,3,60,Arterial Highway,NATIMUK,HORSHAM,-36.71826,142.18855,2023,5,May,15,Afternoon Peak,Weekday
T20230011562,2023-05-17,19:11:00,1,Collision with vehicle,3,Wednesday,121,RIGHT THROUGH,3,49187,Cross intersection,3,40,Arterial Highway,SHAKESPEARE,LATROBE,-38.1996,146.53293,2023,5,May,19,Night,Weekday
T20230011510,2023-05-17,15:10:00,7,Fall from or in moving vehicle,3,Wednesday,190,FELL IN/FROM VEHICLE,1,774158,Not at intersection,3,60,Arterial Highway,PRINCES,EAST GIPPSLAND,-37.819996,147.64903,2023,5,May,15,Afternoon Peak,Weekday
T20230011608,2023-05-17,07:00:00,1,Collision with vehicle,3,Wednesday,119,OTHER ADJACENT (INTERSECTIONS ONLY),2,38024,Cross intersection,3,50,Local Road,CLYDE,DAREBIN,-37.761673,145.01277,2023,5,May,7,Morning Peak,Weekday
T20230011529,2023-05-17,15:24:00,1,Collision with vehicle,3,Wednesday,113,RIGHT NEAR (INTERSECTIONS ONLY),1,774291,T intersection,2,60,Local Road,RESERVE,GEELONG,-38.205956,144.34955,2023,5,May,15,Afternoon Peak,Weekday
T20230012784,2023-05-17,14:55:00,1,Collision with vehicle,3,Wednesday,116,LEFT NEAR (INTERSECTIONS ONLY),1,779195,T intersection,3,50,Local Road,ASHLEY,WHITEHORSE,-37.810642,145.13867,2023,5,May,14,Midday,Weekday
T20230011533,2023-05-17,18:04:00,1,Collision with vehicle,3,Wednesday,130,REAR END(VEHICLES IN SAME LANE),3,43766,T intersection,2,60,Local Road,EXFORD,MELTON,-37.709023,144.57391,2023,5,May,18,Afternoon Peak,Weekday
T20230011552,2023-05-17,20:50:00,4,Collision with a fixed object,3,Wednesday,183,OFF LEFT BEND INTO OBJECT/PARKED VEHICLE,5,778819,Not at intersection,3,80,Local Road,TWO MILE,LATROBE,-38.19319,146.2776,2023,5,May,20,Night,Weekday
T20230011703,2023-05-17,20:00:00,1,Collision with vehicle,3,Wednesday,163,VEHICLE STRIKES DOOR OF PARKED/STATIONARY VEHICLE,3,776404,Not at intersection,2,40,Local Road,LYGON,MORELAND,-37.774994,144.97113,2023,5,May,20,Night,Weekday
T20230011774,2023-05-17,18:15:00,1,Collision with vehicle,3,Wednesday,130,REAR END(VEHICLES IN SAME LANE),6,774442,Cross intersection,2,80,Freeway,PENINSULA LINK OUT-FRANKSTON-FLINDERS,MORNINGTON PENINSULA,-38.197315,145.1502,2023,5,May,18,Afternoon Peak,Weekday
T20230011505,2023-05-17,13:50:00,1,Collision with vehicle,3,Wednesday,111,RIGHT FAR (INTERSECTIONS ONLY),1,10608,Cross intersection,2,70,Freeway,EDGARS,WHITTLESEA,-37.686283,145.00233,2023,5,May,13,Midday,Weekday
T20230011714,2023-05-17,08:00:00,1,Collision with vehicle,3,Wednesday,110,CROSS TRAFFIC(INTERSECTIONS ONLY),1,45592,Cross intersection,3,50,Local Road,REYNARD,MORELAND,-37.74767,144.95526,2023,5,May,8,Morning Peak,Weekday
T20230011483,2023-05-17,08:16:00,2,Struck Pedestrian,3,Wednesday,100,PED NEAR SIDE. PED HIT BY VEHICLE FROM THE RIGHT.,1,781098,Cross intersection,2,40,Arterial Other,TOORAK,STONNINGTON,-37.841305,145.01073,2023,5,May,8,Morning Peak,Weekday
T20230011512,2023-05-17,14:30:00,1,Collision with vehicle,3,Wednesday,142,LEAVING PARKING,1,774170,Not at intersection,2,50,Local Road,ALBERT,KINGSTON,-38.007603,145.0892,2023,5,May,14,Midday,Weekday
T20230011546,2023-05-17,14:55:00,1,Collision with vehicle,3,Wednesday,136,RIGHT TURN SIDESWIPE,1,775642,T intersection,2,60,Arterial Other,RACECOURSE,MELBOURNE,-37.78751,144.92346,2023,5,May,14,Midday,Weekday
T20230011553,2023-05-17,18:20:00,1,Collision with vehicle,3,Wednesday,120,HEAD ON (NOT OVERTAKING),5,774138,Not at intersection,1,100,Arterial Highway,PRINCES,CORANGAMITE,-38.294758,143.29845,2023,5,May,18,Afternoon Peak,Weekday
T20230012832,2023-05-17,19:30:00,1,Collision with vehicle,3,Wednesday,121,RIGHT THROUGH,3,653841,T intersection,3,50,Local Road,AYLMER,CASEY,-38.061928,145.24681,2023,5,May,19,Night,Weekday
T20230011536,2023-05-17,18:04:00,1,Collision with vehicle,3,Wednesday,121,RIGHT THROUGH,2,8494,Cross intersection,3,60,Arterial Highway,WARRIGAL,KINGSTON,-37.982162,145.07135,2023,5,May,18,Afternoon Peak,Weekday
T20230014936,2023-05-17,16:15:00,2,Struck Pedestrian,3,Wednesday,102,FAR SIDE. PED HIT BY VEHICLE FROM THE LEFT,1,788289,Not at intersection,3,50,Local Road,WATTLE,BENDIGO,-36.764107,144.27437,2023,5,May,16,Afternoon Peak,Weekday
T20230011517,2023-05-17,14:40:00,2,Struck Pedestrian,3,Wednesday,100,PED NEAR SIDE. PED HIT BY VEHICLE FROM THE RIGHT.,1,774290,Not at intersection,2,60,Local Road,LYGON,MELBOURNE,-37.806873,144.96587,2023,5,May,14,Midday,Weekday
T20230011539,2023-05-17,19:27:00,1,Collision with vehicle,3,Wednesday,116,LEFT NEAR (INTERSECTIONS ONLY),3,53865,T intersection,3,60,Arterial Other,MIDDLEBOROUGH,WHITEHORSE,-37.839977,145.13457,2023,5,May,19,Night,Weekday
T20230011543,2023-05-17,17:40:00,4,Collision with a fixed object,3,Wednesday,171,LEFT OFF CARRIAGEWAY INTO OBJECT/PARKED VEHICLE,3,71971,Cross intersection,2,40,Local Road,EASTERN BEACH,GEELONG,-38.145145,144.36455,2023,5,May,17,Afternoon Peak,Weekday
T20230020936,2023-05-17,15:00:00,2,Struck Pedestrian,3,Wednesday,102,FAR SIDE. PED HIT BY VEHICLE FROM THE LEFT,9,780476,Not at intersection,2,60,Arterial Other,MT ALEXANDER,MOONEE VALLEY,-37.758045,144.91972,2023,5,May,15,Afternoon Peak,Weekday
T20230011491,2023-05-17,06:41:00,1,Collision with vehicle,3,Wednesday,121,RIGHT THROUGH,1,327712,Cross intersection,3,60,Arterial Highway,NEPEAN,MORNINGTON PENINSULA,-38.244637,145.03737,2023,5,May,6,Morning Peak,Weekday
T20230011495,2023-05-17,10:07:00,1,Collision with vehicle,3,Wednesday,110,CROSS TRAFFIC(INTERSECTIONS ONLY),1,36107,Cross intersection,3,60,Arterial Other,SPENCER,MELBOURNE,-37.808464,144.9487,2023,5,May,10,Midday,Weekday
T20230011576,2023-05-18,08:55:00,2,Struck Pedestrian,4,Thursday,100,PED NEAR SIDE. PED HIT BY VEHICLE FROM THE RIGHT.,1,775169,Not at intersection,3,50,Local Road,CITY VISTA,MELTON,-37.70958,144.72685,2023,5,May,8,Morning Peak,Weekday
T20230011603,2023-05-18,11:30:00,1,Collision with vehicle,4,Thursday,112,LEFT FAR (INTERSECTIONS ONLY),1,776143,T intersection,3,100,Arterial Highway,HAMILTON,CORANGAMITE,-38.014507,143.57101,2023,5,May,11,Midday,Weekday
T20230011571,2023-05-18,08:30:00,1,Collision with vehicle,4,Thursday,120,HEAD ON (NOT OVERTAKING),1,63698,T intersection,3,50,Local Road,QUEEN,YARRA RANGES,-37.759697,145.36134,2023,5,May,8,Morning Peak,Weekday