ACCIDENT_NO,ACCIDENT_DATE,ACCIDENT_TIME,ACCIDENT_TYPE,ACCIDENT_TYPE_DESC,DAY_OF_WEEK,DAY_WEEK_DESC,DCA_CODE,DCA_DESC,LIGHT_CONDITION,NODE_ID,ROAD_GEOMETRY_DESC,SEVERITY,SPEED_ZONE,RMA,ROAD_NAME,LGA_NAME,LATITUDE,LONGITUDE,YEAR,MONTH,MONTH_NAME,HOUR,TIME_PERIOD,DAY_TYPE
T20230011567,2023-05-18,09:03:00,1,Collision with vehicle,4,Thursday,121,RIGHT THROUGH,1,49962,Cross intersection,3,40,Arterial Other,RYRIE,GEELONG,-38.150745,144.3648,2023,5,May,9,Morning Peak,Weekday
T20230011600,2023-05-18,13:50:00,2,Struck Pedestrian,4,Thursday,106,VEH STRIKES PED ON FOOTPATH/MEDIAN/TRAFFIC ISLAND.,1,775424,T intersection,3,30,Local Road,RINGWOOD,MAROONDAH,-37.812843,145.22736,2023,5,May,13,Midday,Weekday
T20230011648,2023-05-18,21:46:00,1,Collision with vehicle,4,Thursday,121,RIGHT THROUGH,3,222100,T intersection,3,80,Freeway,GREENSBOROUGH,BANYULE,-37.695217,145.0923,2023,5,May,21,Night,Weekday
T20230011662,2023-05-18,15:45:00,1,Collision with vehicle,4,Thursday,111,RIGHT FAR (INTERSECTIONS ONLY),1,62706,T intersection,3,40,Local Road,EDGAR,DAREBIN,-37.72925,145.00554,2023,5,May,15,Afternoon Peak,Weekday
T20230011583,2023-05-18,09:50:00,1,Collision with vehicle,4,Thursday,111,RIGHT FAR (INTERSECTIONS ONLY),2,43756,T intersection,3,60,Local Road,COBURNS,MELTON,-37.696922,144.56589,2023,5,May,9,Morning Peak,Weekday
T20230011772,2023-05-18,16:10:00,1,Collision with vehicle,4,Thursday,130,REAR END(VEHICLES IN SAME LANE),1,243933,T intersection,3,60,Arterial Highway,CALDER,BENDIGO,-36.76004,144.2277,2023,5,May,16,Afternoon Peak,Weekday
T20230011606,2023-05-18,14:25:00,1,Collision with vehicle,4,Thursday,130,REAR END(VEHICLES IN SAME LANE),1,788280,Not at intersection,3,80,Freeway,PRINCES,HOBSONS BAY,-37.84145,144.79225,2023,5,May,14,Midday,Weekday
T20230011654,2023-05-18,22:43:00,1,Collision with vehicle,4,Thursday,160,VEHICLE COLLIDES WITH VEHICLE PARKED ON LEFT OF ROAD,3,774728,Not at intersection,2,60,Local Road,PLANTATION,GEELONG,-38.06681,144.36006,2023,5,May,22,Night,Weekday
T20230011651,2023-05-18,20:20:00,1,Collision with vehicle,4,Thursday,120,HEAD ON (NOT OVERTAKING),5,776702,Not at intersection,2,100,Local Road,LANCEFIELD-PYALONG,MITCHELL,-37.187927,144.82118,2023,5,May,20,Night,Weekday
T20230011609,2023-05-18,16:30:00,7,Fall from or in moving vehicle,4,Thursday,190,FELL IN/FROM VEHICLE,1,774296,Not at intersection,2,60,Arterial Other,GRIMSHAW,BANYULE,-37.70007,145.05911,2023,5,May,16,Afternoon Peak,Weekday
T20230011566,2023-05-18,08:05:00,1,Collision with vehicle,4,Thursday,111,RIGHT FAR (INTERSECTIONS ONLY),2,774294,T intersection,2,40,Arterial Other,BELGRAVE,STONNINGTON,-37.88357,145.06766,2023,5,May,8,Morning Peak,Weekday
T20230011614,2023-05-18,12:51:00,2,Struck Pedestrian,4,Thursday,102,FAR SIDE. PED HIT BY VEHICLE FROM THE LEFT,1,776613,Not at intersection,3,60,Arterial Highway,PRINCES,EAST GIPPSLAND,-37.82021,147.83134,2023,5,May,12,Midday,Weekday
T20230011615,2023-05-18,15:43:00,1,Collision with vehicle,4,Thursday,140,U TURN,1,777313,Not at intersection,2,60,Arterial Other,FRANKSTON-FLINDERS,MORNINGTON PENINSULA,-38.294205,145.18361,2023,5,May,15,Afternoon Peak,Weekday
T20230011617,2023-05-18,16:10:00,8,No collision and no object struck,4,Thursday,174,OUT OF CONTROL ON CARRIAGEWAY (ON STRAIGHT),1,774326,Not at intersection,2,80,Freeway,WEST GATE,MARIBYRNONG,-37.824776,144.87662,2023,5,May,16,Afternoon Peak,Weekday
T20230011619,2023-05-18,14:30:00,1,Collision with vehicle,4,Thursday,148,VEHICLE OFF FOOTPATH STRIKES VEH ON CARRIAGEWAY,1,778072,Not at intersection,3,50,Arterial Other,FRANKSTON-FLINDERS,MORNINGTON PENINSULA,-38.22423,145.17606,2023,5,May,14,Midday,Weekday
T20230011578,2023-05-18,08:42:00,1,Collision with vehicle,4,Thursday,110,CROSS TRAFFIC(INTERSECTIONS ONLY),1,22495,Cross intersection,2,100,Arterial Other,BALLARAT-MARYBOROUGH,BALLARAT,-37.444973,143.79405,2023,5,May,8,Morning Peak,Weekday
T20230011625,2023-05-18,15:31:00,1,Collision with vehicle,4,Thursday,129,OTHER OPPOSING MANOEUVRES NOT INCLUDED IN DCAs 120-125.,1,788281,Not at intersection,3,80,Local Road,NORTH,CASEY,-38.17667,145.2863,2023,5,May,15,Afternoon Peak,Weekday
T20230011627,2023-05-18,17:45:00,1,Collision with vehicle,4,Thursday,111,RIGHT FAR (INTERSECTIONS ONLY),2,783119,T intersection,3,50,Local Road,ALEPPO,CASEY,-38.085724,145.2907,2023,5,May,17,Afternoon Peak,Weekday
T20230011628,2023-05-18,16:30:00,1,Collision with vehicle,4,Thursday,130,REAR END(VEHICLES IN SAME LANE),1,774399,Not at intersection,3,80,Arterial Highway,DINGLEY,KINGSTON,-37.95932,145.11009,2023,5,May,16,Afternoon Peak,Weekday
T20230012613,2023-05-18,14:45:00,1,Collision with vehicle,4,Thursday,130,REAR END(VEHICLES IN SAME LANE),1,353797,T intersection,3,80,Arterial Highway,HALLAM,CASEY,-38.05747,145.26239,2023,5,May,14,Midday,Weekday
T20230011631,2023-05-18,18:15:00,1,Collision with vehicle,4,Thursday,110,CROSS TRAFFIC(INTERSECTIONS ONLY),3,278557,Cross intersection,2,60,Arterial Other,THOMPSONS,CASEY,-38.078148,145.24408,2023,5,May,18,Afternoon Peak,Weekday
T20230011633,2023-05-18,16:25:00,1,Collision with vehicle,4,Thursday,111,RIGHT FAR (INTERSECTIONS ONLY),2,47830,T intersection,3,60,Arterial Other,WAVERLEY,MONASH,-37.8864,145.14275,2023,5,May,16,Afternoon Peak,Weekday
T20230015576,2023-05-18,13:10:00,1,Collision with vehicle,4,Thursday,130,REAR END(VEHICLES IN SAME LANE),1,776763,Not at intersection,3,80,Local Road,CARDINIA,CARDINIA,-38.102074,145.42911,2023,5,May,13,Midday,Weekday
T20230011593,2023-05-18,07:50:00,1,Collision with vehicle,4,Thursday,111,RIGHT FAR (INTERSECTIONS ONLY),2,37725,Cross intersection,2,70,Arterial Other,KEON,WHITTLESEA,-37.694916,145.01245,2023,5,May,7,Morning Peak,Weekday
T20230014829,2023-05-18,06:20:00,1,Collision with vehicle,4,Thursday,130,REAR END(VEHICLES IN SAME LANE),2,777970,Not at intersection,3,100,Freeway,MONASH,MONASH,-37.917053,145.17001,2023,5,May,6,Morning Peak,Weekday
T20230011635,2023-05-18,20:05:00,4,Collision with a fixed object,4,Thursday,181,OFF RIGHT BEND INTO OBJECT/PARKED VEHICLE,5,782846,Not at intersection,3,80,Arterial Highway,SOUTH GIPPSLAND,WELLINGTON,-38.173733,147.08807,2023,5,May,20,Night,Weekday
T20230014336,2023-05-18,16:10:00,1,Collision with vehicle,4,Thursday,130,REAR END(VEHICLES IN SAME LANE),2,778945,Not at intersection,3,80,Arterial Other,FERNTREE GULLY,MONASH,-37.89959,145.12903,2023,5,May,16,Afternoon Peak,Weekday
T20230011588,2023-05-18,08:00:00,1,Collision with vehicle,4,Thursday,110,CROSS TRAFFIC(INTERSECTIONS ONLY),1,57291,Cross intersection,1,100,Local Road,BREWER,CAMPASPE,-36.398705,145.03195,2023,5,May,8,Morning Peak,Weekday
T20230011599,2023-05-18,13:09:00,1,Collision with vehicle,4,Thursday,130,REAR END(VEHICLES IN SAME LANE),1,788279,Not at intersection,3,80,Freeway,BURNLEY TUNNEL -CITYLINK,YARRA,-37.82999,145.00407,2023,5,May,13,Midday,Weekday
T20230011597,2023-05-18,13:26:00,1,Collision with vehicle,4,Thursday,121,RIGHT THROUGH,1,41776,Cross intersection,2,60,Arterial Other,WAVERLEY,MONASH,-37.888172,145.1577,2023,5,May,13,Midday,Weekday
T20230011587,2023-05-18,08:30:00,2,Struck Pedestrian,4,Thursday,104,PED WALKING WITH TRAFFIC,1,775998,Not at intersection,3,60,Local Road,POINT COOK HOMESTEAD,WYNDHAM,-37.915577,144.75993,2023,5,May,8,Morning Peak,Weekday
T20230011604,2023-05-18,15:10:00,4,Collision with a fixed object,4,Thursday,171,LEFT OFF CARRIAGEWAY INTO OBJECT/PARKED VEHICLE,1,726803,Cross intersection,2,60,Arterial Other,MURRAY,DAREBIN,-37.740135,145.02342,2023,5,May,15,Afternoon Peak,Weekday
T20230011914,2023-05-18,20:00:00,4,Collision with a fixed object,4,Thursday,171,LEFT OFF CARRIAGEWAY INTO OBJECT/PARKED VEHICLE,5,782855,Not at intersection,3,100,Local Road,MEREDITH-STEIGLITZ,GOLDEN PLAINS,-37.85987,144.11852,2023,5,May,20,Night,Weekday
T20230012276,2023-05-18,17:15:00,1,Collision with vehicle,4,Thursday,111,RIGHT FAR (INTERSECTIONS ONLY),2,15304,T intersection,3,60,Arterial Other,RIDDELL,MACEDON RANGES,-37.465557,144.67218,2023,5,May,17,Afternoon Peak,Weekday
T20230011765,2023-05-19,18:30:00,2,Struck Pedestrian,5,Friday,100,PED NEAR SIDE. PED HIT BY VEHICLE FROM THE RIGHT.,3,788449,T intersection,3,60,Local Road,CARBINE,BRIMBANK,-37.72798,144.7974,2023,5,May,18,Afternoon Peak,Weekday
T20230011666,2023-05-19,08:16:00,1,Collision with vehicle,5,Friday,113,RIGHT NEAR (INTERSECTIONS ONLY),1,29723,T intersection,2,60,Arterial Highway,NEPEAN,KINGSTON,-38.03804,145.1082,2023,5,May,8,Morning Peak,Weekday
T20230011661,2023-05-19,05:30:00,4,Collision with a fixed object,5,Friday,173,RIGHT OFF CARRIAGEWAY INTO OBJECT/PARKED VEHICLE,5,788283,Not at intersection,3,100,Arterial Highway,MIDLAND,BENALLA,-36.738373,145.99855,2023,5,May,5,Morning Peak,Weekday
T20230012843,2023-05-19,09:20:00,1,Collision with vehicle,5,Friday,130,REAR END(VEHICLES IN SAME LANE),1,781995,T intersection,3,80,Arterial Other,CRANBOURNE ROAD -NARRE WARREN,CASEY,-38.07186,145.29773,2023,5,May,9,Morning Peak,Weekday
T20230023539,2023-05-19,15:30:00,4,Collision with a fixed object,5,Friday,171,LEFT OFF CARRIAGEWAY INTO OBJECT/PARKED VEHICLE,1,782510,Not at intersection,3,60,Freeway,2510F 5539B,LATROBE,-38.184853,146.23535,2023,5,May,15,Afternoon Peak,Weekday
T20230014694,2023-05-19,08:17:00,3,Struck animal,5,Friday,167,STRUCK ANIMAL,1,788448,Not at intersection,3,100,Arterial Highway,NORTHERN,MITCHELL,-37.43281,144.97784,2023,5,May,8,Morning Peak,Weekday
T20230012405,2023-05-19,18:00:00,2,Struck Pedestrian,5,Friday,100,PED NEAR SIDE. PED HIT BY VEHICLE FROM THE RIGHT.,2,43026,Y intersection,3,50,Local Road,HERBERT,DANDENONG,-37.97742,145.20969,2023,5,May,18,Afternoon Peak,Weekday
T20230011893,2023-05-19,16:00:00,4,Collision with a fixed object,5,Friday,173,RIGHT OFF CARRIAGEWAY INTO OBJECT/PARKED VEHICLE,2,788288,Not at intersection,2,80,Freeway,GEELONG RING,GEELONG,-38.056915,144.38852,2023,5,May,16,Afternoon Peak,Weekday
T20240004249,2023-05-19,06:10:00,1,Collision with vehicle,5,Friday,130,REAR END(VEHICLES IN SAME LANE),2,800569,Not at intersection,2,100,Freeway,MONASH,MONASH,-37.932213,145.18828,2023,5,May,6,Morning Peak,Weekday
T20230011685,2023-05-19,09:10:00,1,Collision with vehicle,5,Friday,130,REAR END(VEHICLES IN SAME LANE),1,774507,Not at intersection,3,80,Freeway,PRINCES,HOBSONS BAY,-37.83995,144.79546,2023,5,May,9,Morning Peak,Weekday
T20230011694,2023-05-19,14:28:00,4,Collision with a fixed object,5,Friday,151,OUT OF CONTROL (OVERTAKING),1,775696,Not at intersection,3,80,Freeway,MILLERS-WEST GATE OUT,HOBSONS BAY,-37.825268,144.8481,2023,5,May,14,Midday,Weekday
T20240001827,2023-05-19,08:47:00,1,Collision with vehicle,5,Friday,110,CROSS TRAFFIC(INTERSECTIONS ONLY),1,250713,Cross intersection,3,50,Local Road,BARKLY,CASEY,-38.101345,145.28752,2023,5,May,8,Morning Peak,Weekday
T20230012023,2023-05-19,18:25:00,1,Collision with vehicle,5,Friday,130,REAR END(VEHICLES IN SAME LANE),6,775884,Not at intersection,3,80,Freeway,MONASH,STONNINGTON,-37.860645,145.05945,2023,5,May,18,Afternoon Peak,Weekday
T20230016117,2023-05-19,17:35:00,1,Collision with vehicle,5,Friday,130,REAR END(VEHICLES IN SAME LANE),2,777480,Not at intersection,3,70,Arterial Highway,WHITEHORSE,WHITEHORSE,-37.816555,145.2072,2023,5,May,17,Afternoon Peak,Weekday
T20230012006,2023-05-19,18:15:00,7,Fall from or in moving vehicle,5,Friday,190,FELL IN/FROM VEHICLE,2,775519,Not at intersection,2,60,Arterial Other,MARIBYRNONG,MOONEE VALLEY,-37.77234,144.9218,2023,5,May,18,Afternoon Peak,Weekday
T20230012536,2023-05-19,15:25:00,1,Collision with vehicle,5,Friday,111,RIGHT FAR (INTERSECTIONS ONLY),1,776387,Cross intersection,3,60,Local Road,RAGLAN,WELLINGTON,-38.097332,147.06062,2023,5,May,15,Afternoon Peak,Weekday
T20230011696,2023-05-19,11:00:00,1,Collision with vehicle,5,Friday,140,U TURN,1,774410,Not at intersection,3,60,Arterial Other,BALLAN,WYNDHAM,-37.89272,144.63087,2023,5,May,11,Midday,Weekday
T20230011697,2023-05-19,15:10:00,1,Collision with vehicle,5,Friday,135,LANE CHANGE LEFT (NOT OVERTAKING),1,774508,Not at intersection,2,60,Arterial Highway,FOOTSCRAY,MELBOURNE,-37.8105,144.93846,2023,5,May,15,Afternoon Peak,Weekday
T20230011708,2023-05-19,16:30:00,2,Struck Pedestrian,5,Friday,102,FAR SIDE. PED HIT BY VEHICLE FROM THE LEFT,2,774353,Cross intersection,2,80,Arterial Highway,NEPEAN,BAYSIDE,-37.89752,145.0054,2023,5,May,16,Afternoon Peak,Weekday
T20230011710,2023-05-19,15:30:00,1,Collision with vehicle,5,Friday,113,RIGHT NEAR (INTERSECTIONS ONLY),1,73132,Cross intersection,2,50,Local Road,BLACKWOOD,GEELONG,-38.257587,144.52797,2023,5,May,15,Afternoon Peak,Weekday
T20230011711,2023-05-19,17:30:00,1,Collision with vehicle,5,Friday,110,CROSS TRAFFIC(INTERSECTIONS ONLY),2,40022,Cross intersection,3,40,Local Road,NELSON,HOBSONS BAY,-37.860813,144.90236,2023,5,May,17,Afternoon Peak,Weekday
T20230012364,2023-05-19,18:00:00,8,No collision and no object struck,5,Friday,170,OFF CARRIAGEWAY TO LEFT,2,775103,Not at intersection,3,60,Arterial Other,OLD GEELONG,WYNDHAM,-37.853317,144.76466,2023,5,May,18,Afternoon Peak,Weekday
T20230011683,2023-05-19,11:44:00,1,Collision with vehicle,5,Friday,110,CROSS TRAFFIC(INTERSECTIONS ONLY),1,56018,Cross intersection,3,60,Arterial Highway,ROUGHEAD,SOUTH GIPPSLAND,-38.47209,145.94885,2023,5,May,11,Midday,Weekday
T20230011718,2023-05-19,17:44:00,2,Struck Pedestrian,5,Friday,102,FAR SIDE. PED HIT BY VEHICLE FROM THE LEFT,2,783013,Not at intersection,2,60,Arterial Highway,HIGH,BENDIGO,-36.789165,144.245,2023,5,May,17,Afternoon Peak,Weekday
T20230011728,2023-05-19,17:50:00,1,Collision with vehicle,5,Friday,120,HEAD ON (NOT OVERTAKING),5,775153,Not at intersection,1,80,Local Road,GRAYDENS,MORNINGTON PENINSULA,-38.284645,145.17868,2023,5,May,17,Afternoon Peak,Weekday
T20230011730,2023-05-19,13:39:00,4,Collision with a fixed object,5,Friday,171,LEFT OFF CARRIAGEWAY INTO OBJECT/PARKED VEHICLE,1,782887,Not at intersection,2,100,Arterial Highway,SOUTH GIPPSLAND,CASEY,-38.217117,145.4016,2023,5,May,13,Midday,Weekday
T20230011731,2023-05-19,18:12:00,1,Collision with vehicle,5,Friday,130,REAR END(VEHICLES IN SAME LANE),4,774919,Not at intersection,2,80,Arterial Other,MELTON,MELTON,-37.6899,144.72345,2023,5,May,18,Afternoon Peak,Weekday
T20230011733,2023-05-19,16:57:00,1,Collision with vehicle,5,Friday,130,REAR END(VEHICLES IN SAME LANE),2,788284,Not at intersection,3,60,Arterial Other,HIGH STREET,MONASH,-37.874313,145.16615,2023,5,May,16,Afternoon Peak,Weekday
T20230011734,2023-05-19,20:00:00,1,Collision with vehicle,5,Friday,110,CROSS TRAFFIC(INTERSECTIONS ONLY),3,43764,Cross intersection,3,60,Local Road,BROOKLYN,MELTON,-37.702995,144.57506,2023,5,May,20,Night,Weekday
T20230011735,2023-05-19,17:43:00,4,Collision with a fixed object,5,Friday,151,OUT OF CONTROL (OVERTAKING),2,36588,Cross intersection,2,50,Local Road,BARKLY,MORNINGTON PENINSULA,-38.22147,145.03813,2023,5,May,17,Afternoon Peak,Weekday
T20230011737,2023-05-19,20:25:00,1,Collision with vehicle,5,Friday,152,PULLING OUT (OVERTAKING),3,238642,Not at intersection,2,100,Freeway,EASTERN,WHITEHORSE,-37.801395,145.15944,2023,5,May,20,Night,Weekday
T20230011738,2023-05-19,14:53:00,2,Struck Pedestrian,5,Friday,100,PED NEAR SIDE. PED HIT BY VEHICLE FROM THE RIGHT.,1,776341,Not at intersection,2,80,Arterial Other,CLYDE,CASEY,-38.055805,145.339,2023,5,May,14,Midday,Weekday
T20230011740,2023-05-19,18:05:00,4,Collision with a fixed object,5,Friday,171,LEFT OFF CARRIAGEWAY INTO OBJECT/PARKED VEHICLE,5,776370,Not at intersection,1,100,Arterial Other,MURRAY RIVER,TOWONG,-36.074856,147.07307,2023,5,May,18,Afternoon Peak,Weekday
T20230011741,2023-05-19,16:41:00,1,Collision with vehicle,5,Friday,140,U TURN,2,775866,Not at intersection,3,60,Local Road,WALLINGTON,GEELONG,-38.261898,144.51099,2023,5,May,16,Afternoon Peak,Weekday
T20230011742,2023-05-19,19:07:00,4,Collision with a fixed object,5,Friday,171,LEFT OFF CARRIAGEWAY INTO OBJECT/PARKED VEHICLE,5,788285,Not at intersection,3,100,Arterial Other,PRINCES,CARDINIA,-38.065002,145.52274,2023,5,May,19,Night,Weekday
T20230011743,2023-05-19,19:00:00,1,Collision with vehicle,5,Friday,130,REAR END(VEHICLES IN SAME LANE),3,244822,Y intersection,2,100,Freeway,MONASH,CASEY,-37.968254,145.23595,2023,5,May,19,Night,Weekday
T20230011744,2023-05-19,22:50:00,1,Collision with vehicle,5,Friday,110,CROSS TRAFFIC(INTERSECTIONS ONLY),3,42577,Cross intersection,3,80,Arterial Highway,WELLINGTON,MONASH,-37.92123,145.18103,2023,5,May,22,Night,Weekday
T20230011747,2023-05-19,22:19:00,6,Vehicle overturned (no collision),5,Friday,182,OFF CARRIAGEWAY ON LEFT BEND,5,788454,Not at intersection,3,100,Local Road,BEVERLEYS,EAST GIPPSLAND,-37.754837,147.26321,2023,5,May,22,Night,Weekday
T20230011805,2023-05-20,16:52:00,4,Collision with a fixed object,6,Saturday,173,RIGHT OFF CARRIAGEWAY INTO OBJECT/PARKED VEHICLE,1,777748,Not at intersection,1,100,Local Road,CHANNEL,SHEPPARTON,-36.41864,145.47333,2023,5,May,16,Afternoon Peak,Weekend
T20230011783,2023-05-20,12:20:00,5,collision with some other object,6,Saturday,151,OUT OF CONTROL (OVERTAKING),1,290290,T intersection,2,80,Arterial Other,TRENTHAM SCENIC RESERVE,HEPBURN,-37.374744,144.32512,2023,5,May,12,Midday,Weekend
T20230011803,2023-05-20,01:30:00,1,Collision with vehicle,6,Saturday,130,REAR END(VEHICLES IN SAME LANE),3,776112,Not at intersection,2,60,Arterial Other,HULL,MAROONDAH,-37.79429,145.30019,2023,5,May,1,Late Night,Weekend
T20230011779,2023-05-20,12:40:00,4,Collision with a fixed object,6,Saturday,171,LEFT OFF CARRIAGEWAY INTO OBJECT/PARKED VEHICLE,1,774391,Not at intersection,3,60,Arterial Other,MONBULK,YARRA RANGES,-37.862072,145.413,2023,5,May,12,Midday,Weekend
T20230011777,2023-05-20,08:15:00,1,Collision with vehicle,6,Saturday,113,RIGHT NEAR (INTERSECTIONS ONLY),1,45283,Cross intersection,3,60,Arterial Other,ORFORD,MOONEE VALLEY,-37.770397,144.90408,2023,5,May,8,Morning Peak,Weekend
T20230011802,2023-05-20,14:15:00,1,Collision with vehicle,6,Saturday,161,DOUBLE PARKED,1,778265,Not at intersection,3,50,Local Road,CANNING,YARRA,-37.783848,144.97525,2023,5,May,14,Midday,Weekend
T20230012680,2023-05-20,08:10:00,1,Collision with vehicle,6,Saturday,130,REAR END(VEHICLES IN SAME LANE),1,775436,T intersection,3,60,Arterial Other,BEACH,BAYSIDE,-37.970512,145.01201,2023,5,May,8,Morning Peak,Weekend
T20230011773,2023-05-20,10:45:00,8,No collision and no object struck,6,Saturday,174,OUT OF CONTROL ON CARRIAGEWAY (ON STRAIGHT),9,45512,T intersection,3,60,Arterial Other,MELVILLE,MORELAND,-37.759808,144.94466,2023,5,May,10,Midday,Weekend
T20230011801,2023-05-20,19:00:00,1,Collision with vehicle,6,Saturday,145,REVERSING IN STREAM OF TRAFFIC,2,774356,Not at intersection,3,60,Local Road,COOPER,MOONEE VALLEY,-37.74882,144.89764,2023,5,May,19,Night,Weekend
T20230012754,2023-05-20,10:30:00,1,Collision with vehicle,6,Saturday,130,REAR END(VEHICLES IN SAME LANE),1,775883,Not at intersection,3,70,Local Road,CANTERBURY,WHITEHORSE,-37.836876,145.19205,2023,5,May,10,Midday,Weekend
T20230011834,2023-05-20,11:45:00,1,Collision with vehicle,6,Saturday,121,RIGHT THROUGH,1,36481,Cross intersection,2,60,Arterial Other,BRUNSWICK,YARRA,-37.78973,144.97992,2023,5,May,11,Midday,Weekend
T20230011799,2023-05-20,18:25:00,5,collision with some other object,6,Saturday,191,LOAD OR MISSILE STRUCK VEHICLE,2,774444,Not at intersection,3,100,Arterial Other,NAR NAR GOON-LONGWARRY,CARDINIA,-38.083904,145.60587,2023,5,May,18,Afternoon Peak,Weekend
T20230011818,2023-05-20,22:45:00,4,Collision with a fixed object,6,Saturday,173,RIGHT OFF CARRIAGEWAY INTO OBJECT/PARKED VEHICLE,3,782851,Not at intersection,3,80,Arterial Other,CLYDE,CASEY,-38.059788,145.33824,2023,5,May,22,Night,Weekend
T20230011782,2023-05-20,12:50:00,1,Collision with vehicle,6,Saturday,130,REAR END(VEHICLES IN SAME LANE),1,776427,Not at intersection,3,60,Local Road,MCGRATH,WYNDHAM,-37.886673,144.6315,2023,5,May,12,Midday,Weekend
T20230011839,2023-05-20,12:00:00,2,Struck Pedestrian,6,Saturday,100,PED NEAR SIDE. PED HIT BY VEHICLE FROM THE RIGHT.,1,54264,T intersection,2,60,Local Road,ALLENBY,MELTON,-37.702305,144.74225,2023,5,May,12,Midday,Weekend
T20230012874,2023-05-20,23:00:00,1,Collision with vehicle,6,Saturday,130,REAR END(VEHICLES IN SAME LANE),3,91380,Not at intersection,3,60,Arterial Other,HIGH,STONNINGTON,-37.85659,145.02905,2023,5,May,23,Night,Weekend
T20230011763,2023-05-20,12:06:00,1,Collision with vehicle,6,Saturday,130,REAR END(VEHICLES IN SAME LANE),1,355313,Not at intersection,3,80,Arterial Highway,MOOROOLBARK,YARRA RANGES,-37.76122,145.33429,2023,5,May,12,Midday,Weekend
T20230014105,2023-05-20,22:24:00,1,Collision with vehicle,6,Saturday,120,HEAD ON (NOT OVERTAKING),3,788447,Not at intersection,3,60,Arterial Other,EPSOM,MELBOURNE,-37.788673,144.92245,2023,5,May,22,Night,Weekend
T20230011817,2023-05-20,23:49:00,1,Collision with vehicle,6,Saturday,169,OTHER ON PATH,3,779918,Not at intersection,3,60,Local Road,GORDON,LATROBE,-38.19087,146.53055,2023,5,May,23,Night,Weekend
T20230011987,2023-05-20,21:43:00,1,Collision with vehicle,6,Saturday,160,VEHICLE COLLIDES WITH VEHICLE PARKED ON LEFT OF ROAD,3,775732,Not at intersection,2,60,Local Road,MATTHEWS,GEELONG,-38.07466,144.33852,2023,5,May,21,Night,Weekend
T20230011771,2023-05-20,11:50:00,1,Collision with vehicle,6,Saturday,113,RIGHT NEAR (INTERSECTIONS ONLY),1,48880,T intersection,2,60,Local Road,FINDON,WHITTLESEA,-37.638508,145.03604,2023,5,May,11,Midday,Weekend
T20230011815,2023-05-20,20:27:00,1,Collision with vehicle,6,Saturday,133,LANE SIDE SWIPE (VEHICLES IN PARALLEL LANES),3,786977,Not at intersection,2,60,Freeway,WESTERN RING IN-WEST GATE IN,WYNDHAM,-37.825687,144.81473,2023,5,May,20,Night,Weekend
T20230011975,2023-05-20,20:21:00,1,Collision with vehicle,6,Saturday,121,RIGHT THROUGH,3,43087,Cross intersection,3,60,Arterial Highway,STUD,DANDENONG,-37.981647,145.2214,2023,5,May,20,Night,Weekend
T20230012260,2023-05-20,08:40:00,4,Collision with a fixed object,6,Saturday,181,OFF RIGHT BEND INTO OBJECT/PARKED VEHICLE,1,776233,Not at intersection,2,100,Arterial Other,COLAC-LAVERS HILL,COLAC OTWAY,-38.42022,143.58244,2023,5,May,8,Morning Peak,Weekend
T20230011976,2023-05-20,21:05:00,4,Collision with a fixed object,6,Saturday,179,OTHER ACCIDENTS-OFF STRAIGHT NOT INCLUDED IN DCAs 170-175,5,774514,Not at intersection,3,100,Arterial Other,KILMORE-LANCEFIELD,MACEDON RANGES,-37.284935,144.7637,2023,5,May,21,Night,Weekend
T20230011837,2023-05-20,15:45:00,1,Collision with vehicle,6,Saturday,163,VEHICLE STRIKES DOOR OF PARKED/STATIONARY VEHICLE,1,287456,Not at intersection,2,40,Local Road,CHAPEL,STONNINGTON,-37.85364,144.99303,2023,5,May,15,Afternoon Peak,Weekend
T20230013084,2023-05-20,07:15:00,1,Collision with vehicle,6,Saturday,130,REAR END(VEHICLES IN SAME LANE),2,710209,Not at intersection,3,60,Freeway,MONASH IN-TOORAK,STONNINGTON,-37.844772,145.03914,2023,5,May,7,Morning Peak,Weekend
T20230011796,2023-05-20,17:20:00,1,Collision with vehicle,6,Saturday,140,U TURN,2,774370,Not at intersection,2,100,Arterial Other,DONNYBROOK,WHITTLESEA,-37.549866,145.03815,2023,5,May,17,Afternoon Peak,Weekend
T20230011762,2023-05-20,09:42:00,1,Collision with vehicle,6,Saturday,121,RIGHT THROUGH,1,44595,Cross intersection,3,60,Arterial Highway,ALBERT,BALLARAT,-37.585155,143.84088,2023,5,May,9,Morning Peak,Weekend
T20230011814,2023-05-20,01:10:00,4,Collision with a fixed object,6,Saturday,171,LEFT OFF CARRIAGEWAY INTO OBJECT/PARKED VEHICLE,3,774392,Not at intersection,3,60,Local Road,ORDISH,DANDENONG,-38.019325,145.19252,2023,5,May,1,Late Night,Weekend
T20230011795,2023-05-20,17:10:00,2,Struck Pedestrian,6,Saturday,109,ANY MANOEUVRE INVOLVING PED NOT INCLUDED IN DCAs 100-108.,2,40073,T intersection,2,40,Local Road,EILDON,PORT PHILLIP,-37.86117,144.9788,2023,5,May,17,Afternoon Peak,Weekend
T20230011792,2023-05-20,16:40:00,1,Collision with vehicle,6,Saturday,113,RIGHT NEAR (INTERSECTIONS ONLY),2,41493,Cross intersection,2,50,Local Road,CASTLEWOOD,GLEN EIRA,-37.916363,145.07117,2023,5,May,16,Afternoon Peak,Weekend
T20230011812,2023-05-20,21:59:00,2,Struck Pedestrian,6,Saturday,102,FAR SIDE. PED HIT BY VEHICLE FROM THE LEFT,3,774712,Not at intersection,2,40,Arterial Other,ELIZABETH,MELBOURNE,-37.80192,144.9575,2023,5,May,21,Night,Weekend
T20230011855,2023-05-20,21:40:00,1,Collision with vehicle,6,Saturday,121,RIGHT THROUGH,3,57496,T intersection,3,40,Local Road,CHAPEL,STONNINGTON,-37.84405,144.9947,2023,5,May,21,Night,Weekend