ACCIDENT_NO,ACCIDENT_DATE,ACCIDENT_TIME,ACCIDENT_TYPE,ACCIDENT_TYPE_DESC,DAY_OF_WEEK,DAY_WEEK_DESC,DCA_CODE,DCA_DESC,LIGHT_CONDITION,NODE_ID,ROAD_GEOMETRY_DESC,SEVERITY,SPEED_ZONE,RMA,ROAD_NAME,LGA_NAME,LATITUDE,LONGITUDE,YEAR,MONTH,MONTH_NAME,HOUR,TIME_PERIOD,DAY_TYPE
T20230011789,2023-05-20,13:00:00,6,Vehicle overturned (no collision),6,Saturday,184,OUT OF CONTROL ON CARRIAGEWAY (ON BEND),1,774443,Not at intersection,2,100,Local Road,THE HOLLOW WAY,TOWONG,-36.61246,147.41405,2023,5,May,13,Midday,Weekend
T20230011809,2023-05-20,19:04:00,2,Struck Pedestrian,6,Saturday,102,FAR SIDE. PED HIT BY VEHICLE FROM THE LEFT,3,777395,T intersection,2,60,Arterial Other,HEATHERTON,DANDENONG,-37.964066,145.1656,2023,5,May,19,Night,Weekend
T20230011749,2023-05-20,01:20:00,4,Collision with a fixed object,6,Saturday,173,RIGHT OFF CARRIAGEWAY INTO OBJECT/PARKED VEHICLE,3,343724,T intersection,3,70,Arterial Highway,MURRAY,MORNINGTON PENINSULA,-38.363724,144.7912,2023,5,May,1,Late Night,Weekend
T20230011756,2023-05-20,04:10:00,4,Collision with a fixed object,6,Saturday,151,OUT OF CONTROL (OVERTAKING),3,777861,Not at intersection,2,100,Freeway,MONASH,STONNINGTON,-37.876705,145.06973,2023,5,May,4,Late Night,Weekend
T20230011759,2023-05-20,07:13:00,1,Collision with vehicle,6,Saturday,121,RIGHT THROUGH,2,35352,Cross intersection,3,60,Arterial Other,CLARENDON,MELBOURNE,-37.826637,144.95764,2023,5,May,7,Morning Peak,Weekend
T20230011760,2023-05-20,09:15:00,1,Collision with vehicle,6,Saturday,113,RIGHT NEAR (INTERSECTIONS ONLY),2,774390,Cross intersection,2,80,Arterial Other,BALLAN-DAYLESFORD,MOORABOOL,-37.58996,144.20326,2023,5,May,9,Morning Peak,Weekend
T20230018635,2023-05-21,22:23:00,4,Collision with a fixed object,7,Sunday,171,LEFT OFF CARRIAGEWAY INTO OBJECT/PARKED VEHICLE,3,778746,Not at intersection,2,60,Arterial Other,HIGH,STONNINGTON,-37.860065,145.05759,2023,5,May,22,Night,Weekend
T20230011972,2023-05-21,10:30:00,1,Collision with vehicle,7,Sunday,113,RIGHT NEAR (INTERSECTIONS ONLY),1,14250,T intersection,2,40,Local Road,CHAPEL,STONNINGTON,-37.84474,144.99455,2023,5,May,10,Midday,Weekend
T20230011851,2023-05-21,14:05:00,1,Collision with vehicle,7,Sunday,121,RIGHT THROUGH,1,39928,T intersection,3,60,Arterial Other,MILLERS,HOBSONS BAY,-37.838486,144.84702,2023,5,May,14,Midday,Weekend
T20230011857,2023-05-21,13:10:00,6,Vehicle overturned (no collision),7,Sunday,182,OFF CARRIAGEWAY ON LEFT BEND,1,782797,Not at intersection,3,80,Arterial Highway,GREAT ALPINE,EAST GIPPSLAND,-37.474503,147.83293,2023,5,May,13,Midday,Weekend
T20230011835,2023-05-21,09:40:00,4,Collision with a fixed object,7,Sunday,171,LEFT OFF CARRIAGEWAY INTO OBJECT/PARKED VEHICLE,1,774394,Not at intersection,3,50,Local Road,KINLOCK,BANYULE,-37.720474,145.06848,2023,5,May,9,Morning Peak,Weekend
T20230013210,2023-05-21,09:00:00,1,Collision with vehicle,7,Sunday,136,RIGHT TURN SIDESWIPE,1,37490,Cross intersection,2,60,Arterial Other,FERRARS,PORT PHILLIP,-37.83108,144.95407,2023,5,May,9,Morning Peak,Weekend
T20230011832,2023-05-21,06:37:00,1,Collision with vehicle,7,Sunday,111,RIGHT FAR (INTERSECTIONS ONLY),2,10873,Multiple intersection,2,70,Freeway,EDGARS,WHITTLESEA,-37.68763,145.00235,2023,5,May,6,Morning Peak,Weekend
T20230011854,2023-05-21,13:45:00,4,Collision with a fixed object,7,Sunday,171,LEFT OFF CARRIAGEWAY INTO OBJECT/PARKED VEHICLE,1,783011,Not at intersection,2,100,Local Road,FREEMANS,WELLINGTON,-37.909096,147.13113,2023,5,May,13,Midday,Weekend
T20230011841,2023-05-21,12:11:00,1,Collision with vehicle,7,Sunday,111,RIGHT FAR (INTERSECTIONS ONLY),1,289107,Multiple intersection,3,60,Freeway,LEAKES,MELTON,-37.725754,144.65128,2023,5,May,12,Midday,Weekend
T20230011843,2023-05-21,07:30:00,6,Vehicle overturned (no collision),7,Sunday,175,OFF END OF ROAD/T-INTERSECTION.,1,774408,T intersection,2,100,Local Road,TINAMBA-GLENMAGGIE,WELLINGTON,-37.934917,146.80304,2023,5,May,7,Morning Peak,Weekend
T20230011905,2023-05-21,16:00:00,8,No collision and no object struck,7,Sunday,184,OUT OF CONTROL ON CARRIAGEWAY (ON BEND),1,775150,Not at intersection,3,60,Local Road,WESTWOOD,COLAC OTWAY,-38.434643,143.68742,2023,5,May,16,Afternoon Peak,Weekend
T20230011831,2023-05-21,08:00:00,1,Collision with vehicle,7,Sunday,130,REAR END(VEHICLES IN SAME LANE),1,776342,Not at intersection,3,100,Freeway,EASTERN,YARRA,-37.79252,145.00934,2023,5,May,8,Morning Peak,Weekend
T20230011829,2023-05-21,05:20:00,4,Collision with a fixed object,7,Sunday,183,OFF LEFT BEND INTO OBJECT/PARKED VEHICLE,3,794879,Not at intersection,3,50,Local Road,FRANCIS,HUME,-37.585175,144.7493,2023,5,May,5,Morning Peak,Weekend
T20230011822,2023-05-21,02:41:00,4,Collision with a fixed object,7,Sunday,173,RIGHT OFF CARRIAGEWAY INTO OBJECT/PARKED VEHICLE,3,776345,Not at intersection,2,80,Arterial Other,COOPER,HUME,-37.645454,144.96667,2023,5,May,2,Late Night,Weekend
T20230011868,2023-05-21,17:39:00,4,Collision with a fixed object,7,Sunday,175,OFF END OF ROAD/T-INTERSECTION.,5,671428,T intersection,2,80,Local Road,LARDNERS,BAW BAW,-38.15126,145.89198,2023,5,May,17,Afternoon Peak,Weekend
T20230011866,2023-05-21,17:57:00,1,Collision with vehicle,7,Sunday,120,HEAD ON (NOT OVERTAKING),3,775426,T intersection,2,60,Local Road,AITKEN,HUME,-37.567337,144.92043,2023,5,May,17,Afternoon Peak,Weekend
T20230011819,2023-05-21,01:40:00,4,Collision with a fixed object,7,Sunday,173,RIGHT OFF CARRIAGEWAY INTO OBJECT/PARKED VEHICLE,3,781093,Not at intersection,2,70,Local Road,LEAKES,WYNDHAM,-37.83411,144.68843,2023,5,May,1,Late Night,Weekend
T20230011861,2023-05-21,17:01:00,4,Collision with a fixed object,7,Sunday,171,LEFT OFF CARRIAGEWAY INTO OBJECT/PARKED VEHICLE,2,775947,Not at intersection,2,60,Local Road,OUTLOOK,DANDENONG,-37.940536,145.2132,2023,5,May,17,Afternoon Peak,Weekend
T20230011860,2023-05-21,16:43:00,1,Collision with vehicle,7,Sunday,110,CROSS TRAFFIC(INTERSECTIONS ONLY),1,74073,Cross intersection,2,50,Local Road,CLEELAND,BASS COAST,-38.51351,145.35973,2023,5,May,16,Afternoon Peak,Weekend
T20230011858,2023-05-21,16:00:00,1,Collision with vehicle,7,Sunday,121,RIGHT THROUGH,1,774924,Cross intersection,3,60,Arterial Highway,LOWER DANDENONG,KINGSTON,-37.98745,145.1179,2023,5,May,16,Afternoon Peak,Weekend
T20230011852,2023-05-21,10:38:00,6,Vehicle overturned (no collision),7,Sunday,170,OFF CARRIAGEWAY TO LEFT,1,788287,Not at intersection,3,100,Arterial Other,ROSEDALE-LONGFORD,WELLINGTON,-38.171455,147.02406,2023,5,May,10,Midday,Weekend
T20230011846,2023-05-21,10:20:00,4,Collision with a fixed object,7,Sunday,171,LEFT OFF CARRIAGEWAY INTO OBJECT/PARKED VEHICLE,1,781097,Not at intersection,3,80,Local Road,MCGEORGE,MACEDON RANGES,-37.521755,144.60738,2023,5,May,10,Midday,Weekend
T20230011849,2023-05-21,13:00:00,1,Collision with vehicle,7,Sunday,113,RIGHT NEAR (INTERSECTIONS ONLY),1,39876,Cross intersection,3,60,Arterial Other,CENTRAL,HOBSONS BAY,-37.871178,144.77306,2023,5,May,13,Midday,Weekend
T20230011838,2023-05-21,11:30:00,1,Collision with vehicle,7,Sunday,134,LANE CHANGE RIGHT (NOT OVERTAKING),1,39578,Cross intersection,2,80,Arterial Highway,WHITEHORSE,WHITEHORSE,-37.81603,145.20204,2023,5,May,11,Midday,Weekend
T20230011872,2023-05-21,18:00:00,4,Collision with a fixed object,7,Sunday,173,RIGHT OFF CARRIAGEWAY INTO OBJECT/PARKED VEHICLE,3,777415,Not at intersection,2,80,Freeway,WEST GATE,HOBSONS BAY,-37.82954,144.8984,2023,5,May,18,Afternoon Peak,Weekend
T20230012237,2023-05-21,18:25:00,1,Collision with vehicle,7,Sunday,110,CROSS TRAFFIC(INTERSECTIONS ONLY),3,51077,Cross intersection,3,60,Local Road,MAUDE,SHEPPARTON,-36.3854,145.39992,2023,5,May,18,Afternoon Peak,Weekend
T20230014352,2023-05-22,19:13:00,1,Collision with vehicle,1,Monday,121,RIGHT THROUGH,3,640322,T intersection,3,60,Local Road,AITKEN,HUME,-37.58166,144.91483,2023,5,May,19,Night,Weekday
T20230011898,2023-05-22,08:00:00,1,Collision with vehicle,1,Monday,153,CUTTING IN (OVERTAKING),1,788501,Not at intersection,2,100,Freeway,HUME,WHITTLESEA,-37.67332,144.98296,2023,5,May,8,Morning Peak,Weekday
T20230011903,2023-05-22,08:45:00,2,Struck Pedestrian,1,Monday,101,PED EMERGES FROM IN FRONT OF PARKED OR STATIONARY VEHICLE,1,775518,Not at intersection,2,50,Local Road,MURLONG,SWAN HILL,-35.333694,143.54527,2023,5,May,8,Morning Peak,Weekday
T20230011909,2023-05-22,11:05:00,1,Collision with vehicle,1,Monday,130,REAR END(VEHICLES IN SAME LANE),1,774511,T intersection,3,60,Local Road,BARRY,WHITTLESEA,-37.672558,145.00177,2023,5,May,11,Midday,Weekday
T20230012606,2023-05-22,15:00:00,1,Collision with vehicle,1,Monday,163,VEHICLE STRIKES DOOR OF PARKED/STATIONARY VEHICLE,1,296934,Not at intersection,3,50,Arterial Other,CARLISLE,PORT PHILLIP,-37.86895,144.9949,2023,5,May,15,Afternoon Peak,Weekday
T20230011910,2023-05-22,06:00:00,1,Collision with vehicle,1,Monday,121,RIGHT THROUGH,3,46621,T intersection,3,60,Arterial Highway,WURUNDJERI,MELBOURNE,-37.821846,144.9522,2023,5,May,6,Morning Peak,Weekday
T20230011911,2023-05-22,08:55:00,1,Collision with vehicle,1,Monday,110,CROSS TRAFFIC(INTERSECTIONS ONLY),1,40528,Cross intersection,2,50,Local Road,AITCHISON,BOROONDARA,-37.861423,145.07852,2023,5,May,8,Morning Peak,Weekday
T20230011915,2023-05-22,11:50:00,1,Collision with vehicle,1,Monday,130,REAR END(VEHICLES IN SAME LANE),1,776226,Not at intersection,3,60,Arterial Other,GRANGE,DAREBIN,-37.770775,145.0266,2023,5,May,11,Midday,Weekday
T20230011920,2023-05-22,09:52:00,2,Struck Pedestrian,1,Monday,100,PED NEAR SIDE. PED HIT BY VEHICLE FROM THE RIGHT.,1,29856,Cross intersection,2,60,Arterial Other,WILLIAMSONS,MANNINGHAM,-37.7847,145.12454,2023,5,May,9,Morning Peak,Weekday
T20230011937,2023-05-22,14:45:00,1,Collision with vehicle,1,Monday,160,VEHICLE COLLIDES WITH VEHICLE PARKED ON LEFT OF ROAD,1,774513,Not at intersection,3,50,Local Road,THE PARKWAY,CASEY,-38.051834,145.2774,2023,5,May,14,Midday,Weekday
T20230011938,2023-05-22,15:30:00,1,Collision with vehicle,1,Monday,130,REAR END(VEHICLES IN SAME LANE),1,52525,Cross intersection,3,60,Local Road,COWRA,MILDURA,-34.205963,142.17702,2023,5,May,15,Afternoon Peak,Weekday
T20230012103,2023-05-22,15:30:00,1,Collision with vehicle,1,Monday,130,REAR END(VEHICLES IN SAME LANE),1,775136,Not at intersection,3,60,Local Road,TOWNSEND,GEELONG,-38.18113,144.38933,2023,5,May,15,Afternoon Peak,Weekday
T20230021533,2023-05-22,21:00:00,3,Struck animal,1,Monday,167,STRUCK ANIMAL,3,782902,Not at intersection,3,100,Freeway,PRINCES,CARDINIA,-38.090958,145.4979,2023,5,May,21,Night,Weekday
T20230011998,2023-05-22,19:30:00,1,Collision with vehicle,1,Monday,160,VEHICLE COLLIDES WITH VEHICLE PARKED ON LEFT OF ROAD,3,776676,Not at intersection,2,60,Arterial Other,MELVILLE,MORELAND,-37.740597,144.94547,2023,5,May,19,Night,Weekday
T20230011933,2023-05-22,13:37:00,1,Collision with vehicle,1,Monday,120,HEAD ON (NOT OVERTAKING),1,775091,Not at intersection,2,50,Local Road,COURTNEY,HUME,-37.56008,144.69675,2023,5,May,13,Midday,Weekday
T20230012210,2023-05-22,18:30:00,1,Collision with vehicle,1,Monday,130,REAR END(VEHICLES IN SAME LANE),3,63536,T intersection,3,60,Arterial Other,BUCKLEY,MOONEE VALLEY,-37.756073,144.90843,2023,5,May,18,Afternoon Peak,Weekday
T20230012426,2023-05-22,17:30:00,2,Struck Pedestrian,1,Monday,102,FAR SIDE. PED HIT BY VEHICLE FROM THE LEFT,3,776290,Cross intersection,3,60,Arterial Other,HARP,BOROONDARA,-37.799328,145.05069,2023,5,May,17,Afternoon Peak,Weekday
T20230011961,2023-05-22,19:50:00,1,Collision with vehicle,1,Monday,120,HEAD ON (NOT OVERTAKING),3,777950,Not at intersection,2,60,Arterial Other,WAIORA,BANYULE,-37.731792,145.0605,2023,5,May,19,Night,Weekday
T20230011958,2023-05-22,20:43:00,4,Collision with a fixed object,1,Monday,171,LEFT OFF CARRIAGEWAY INTO OBJECT/PARKED VEHICLE,3,775465,Not at intersection,2,70,Arterial Other,PRINCES,BAW BAW,-38.141434,145.87372,2023,5,May,20,Night,Weekday
T20230011957,2023-05-22,15:30:00,2,Struck Pedestrian,1,Monday,100,PED NEAR SIDE. PED HIT BY VEHICLE FROM THE RIGHT.,1,851,Cross intersection,3,60,Arterial Other,SYDNEY,MORELAND,-37.72746,144.96368,2023,5,May,15,Afternoon Peak,Weekday
T20230012373,2023-05-22,22:05:00,4,Collision with a fixed object,1,Monday,173,RIGHT OFF CARRIAGEWAY INTO OBJECT/PARKED VEHICLE,5,782794,Not at intersection,3,80,Freeway,PRINCES,HOBSONS BAY,-37.838047,144.79953,2023,5,May,22,Night,Weekday
T20230012855,2023-05-22,17:32:00,1,Collision with vehicle,1,Monday,130,REAR END(VEHICLES IN SAME LANE),2,775525,Not at intersection,3,80,Arterial Highway,SOUTH GIPPSLAND,CASEY,-38.05503,145.26074,2023,5,May,17,Afternoon Peak,Weekday
T20230011951,2023-05-22,17:00:00,1,Collision with vehicle,1,Monday,130,REAR END(VEHICLES IN SAME LANE),2,774449,Not at intersection,2,80,Freeway,WEST GATE,HOBSONS BAY,-37.829514,144.898,2023,5,May,17,Afternoon Peak,Weekday
T20230011950,2023-05-22,18:36:00,5,collision with some other object,1,Monday,173,RIGHT OFF CARRIAGEWAY INTO OBJECT/PARKED VEHICLE,3,775074,T intersection,3,60,Arterial Other,WILTSHIRE,BALLARAT,-37.58041,143.80832,2023,5,May,18,Afternoon Peak,Weekday
T20230013189,2023-05-22,07:55:00,1,Collision with vehicle,1,Monday,136,RIGHT TURN SIDESWIPE,1,44957,Cross intersection,3,60,Arterial Highway,MAIN,INDIGO,-36.054295,146.46027,2023,5,May,7,Morning Peak,Weekday
T20230011941,2023-05-22,16:15:00,1,Collision with vehicle,1,Monday,130,REAR END(VEHICLES IN SAME LANE),1,774902,Cross intersection,2,60,Local Road,MOORABOOL,GEELONG,-38.161755,144.3541,2023,5,May,16,Afternoon Peak,Weekday
T20230011939,2023-05-22,13:50:00,2,Struck Pedestrian,1,Monday,109,ANY MANOEUVRE INVOLVING PED NOT INCLUDED IN DCAs 100-108.,1,782795,Not at intersection,3,50,Local Road,WHEATLAND,STONNINGTON,-37.86607,145.03847,2023,5,May,13,Midday,Weekday
T20230011888,2023-05-22,04:44:00,1,Collision with vehicle,1,Monday,120,HEAD ON (NOT OVERTAKING),3,776683,Not at intersection,3,70,Arterial Other,SPRINGVALE,MANNINGHAM,-37.795513,145.17944,2023,5,May,4,Late Night,Weekday
T20230011892,2023-05-22,05:38:00,6,Vehicle overturned (no collision),1,Monday,174,OUT OF CONTROL ON CARRIAGEWAY (ON STRAIGHT),2,681396,Cross intersection,2,60,Arterial Other,HOLDSWORTH ROAD -LYONS,BENDIGO,-36.730843,144.30363,2023,5,May,5,Morning Peak,Weekday
T20230012031,2023-05-23,15:05:00,2,Struck Pedestrian,2,Tuesday,102,FAR SIDE. PED HIT BY VEHICLE FROM THE LEFT,1,41622,T intersection,2,40,Arterial Other,HUNTINGDALE,MONASH,-37.909344,145.10384,2023,5,May,15,Afternoon Peak,Weekday
T20230012028,2023-05-23,12:25:00,1,Collision with vehicle,2,Tuesday,121,RIGHT THROUGH,1,35558,Cross intersection,2,50,Arterial Highway,WARRIGAL,STONNINGTON,-37.875427,145.0916,2023,5,May,12,Midday,Weekday
T20230012024,2023-05-23,13:40:00,1,Collision with vehicle,2,Tuesday,133,LANE SIDE SWIPE (VEHICLES IN PARALLEL LANES),1,788715,Not at intersection,3,60,Arterial Highway,PRINCES,DANDENONG,-37.977173,145.20563,2023,5,May,13,Midday,Weekday
T20230012019,2023-05-23,08:20:00,6,Vehicle overturned (no collision),2,Tuesday,174,OUT OF CONTROL ON CARRIAGEWAY (ON STRAIGHT),1,351019,Not at intersection,2,60,Arterial Other,TOORAK,STONNINGTON,-37.84426,145.03522,2023,5,May,8,Morning Peak,Weekday
T20230012299,2023-05-23,07:55:00,1,Collision with vehicle,2,Tuesday,130,REAR END(VEHICLES IN SAME LANE),2,777654,Not at intersection,2,70,Arterial Other,SOMERTON,HUME,-37.64064,144.92986,2023,5,May,7,Morning Peak,Weekday
T20230012017,2023-05-23,11:42:00,1,Collision with vehicle,2,Tuesday,121,RIGHT THROUGH,1,40906,Cross intersection,3,80,Arterial Other,BORONIA,KNOX,-37.8515,145.23988,2023,5,May,11,Midday,Weekday
T20230012152,2023-05-23,22:30:00,1,Collision with vehicle,2,Tuesday,116,LEFT NEAR (INTERSECTIONS ONLY),3,661890,T intersection,2,50,Local Road,SCHOOL,BAW BAW,-38.21463,146.15744,2023,5,May,22,Night,Weekday
T20230012016,2023-05-23,05:37:00,2,Struck Pedestrian,2,Tuesday,106,VEH STRIKES PED ON FOOTPATH/MEDIAN/TRAFFIC ISLAND.,3,776229,Not at intersection,1,70,Arterial Other,TAYLORS,BRIMBANK,-37.72908,144.8108,2023,5,May,5,Morning Peak,Weekday
T20230012526,2023-05-23,08:00:00,1,Collision with vehicle,2,Tuesday,123,RIGHT/LEFT. ONE VEH TURNING RIGHT THE OTHER LEFT.,1,43136,Cross intersection,2,60,Arterial Other,BARRY,HUME,-37.663754,144.92218,2023,5,May,8,Morning Peak,Weekday
T20230012011,2023-05-23,12:28:00,6,Vehicle overturned (no collision),2,Tuesday,151,OUT OF CONTROL (OVERTAKING),1,788714,Not at intersection,2,60,Arterial Highway,TOORAK,BOROONDARA,-37.848576,145.07983,2023,5,May,12,Midday,Weekday
T20230012205,2023-05-23,08:35:00,1,Collision with vehicle,2,Tuesday,113,RIGHT NEAR (INTERSECTIONS ONLY),2,48937,T intersection,3,60,Local Road,NORFOLK,GEELONG,-38.07309,144.3498,2023,5,May,8,Morning Peak,Weekday
T20230012010,2023-05-23,13:10:00,1,Collision with vehicle,2,Tuesday,135,LANE CHANGE LEFT (NOT OVERTAKING),1,798265,Not at intersection,3,40,Arterial Other,VICTORIA,YARRA,-37.808647,144.98181,2023,5,May,13,Midday,Weekday
T20230012008,2023-05-23,13:30:00,4,Collision with a fixed object,2,Tuesday,173,RIGHT OFF CARRIAGEWAY INTO OBJECT/PARKED VEHICLE,1,782790,Not at intersection,3,60,Local Road,FAUGH-A-BALLAGH,BENDIGO,-36.787766,144.27264,2023,5,May,13,Midday,Weekday
T20230011974,2023-05-23,05:45:00,3,Struck animal,2,Tuesday,167,STRUCK ANIMAL,5,781079,Not at intersection,2,100,Arterial Highway,MURRAY VALLEY,GANNAWARRA,-35.780235,144.01794,2023,5,May,5,Morning Peak,Weekday
T20230012005,2023-05-23,08:30:00,1,Collision with vehicle,2,Tuesday,130,REAR END(VEHICLES IN SAME LANE),1,774518,Not at intersection,3,80,Arterial Other,THOMPSONS,CASEY,-38.082047,145.27597,2023,5,May,8,Morning Peak,Weekday
T20230012190,2023-05-23,18:15:00,1,Collision with vehicle,2,Tuesday,169,OTHER ON PATH,3,776274,Not at intersection,3,50,Local Road,BRICE,YARRA RANGES,-37.78598,145.31694,2023,5,May,18,Afternoon Peak,Weekday
T20230013872,2023-05-23,12:45:00,1,Collision with vehicle,2,Tuesday,130,REAR END(VEHICLES IN SAME LANE),1,776139,Not at intersection,3,60,Arterial Other,SYDNEY,MORELAND,-37.72785,144.96368,2023,5,May,12,Midday,Weekday
T20230012004,2023-05-23,07:57:00,1,Collision with vehicle,2,Tuesday,130,REAR END(VEHICLES IN SAME LANE),1,788891,Not at intersection,3,100,Freeway,HUME,WHITTLESEA,-37.634205,144.9933,2023,5,May,7,Morning Peak,Weekday
T20230012045,2023-05-23,19:40:00,1,Collision with vehicle,2,Tuesday,121,RIGHT THROUGH,3,776752,Cross intersection,3,60,Arterial Other,SYDNEY,MORELAND,-37.733948,144.96533,2023,5,May,19,Night,Weekday
T20230012042,2023-05-23,19:06:00,1,Collision with vehicle,2,Tuesday,121,RIGHT THROUGH,3,782793,Not at intersection,3,60,Local Road,BRIDGE,MELTON,-37.714916,144.5779,2023,5,May,19,Night,Weekday
T20230024906,2023-05-23,08:40:00,1,Collision with vehicle,2,Tuesday,130,REAR END(VEHICLES IN SAME LANE),2,55368,Cross intersection,3,60,Arterial Highway,MURRAY VALLEY,CAMPASPE,-36.136967,144.72923,2023,5,May,8,Morning Peak,Weekday
T20230012041,2023-05-23,17:30:00,1,Collision with vehicle,2,Tuesday,130,REAR END(VEHICLES IN SAME LANE),3,776288,Not at intersection,3,100,Freeway,WESTERN RING,BRIMBANK,-37.717953,144.87233,2023,5,May,17,Afternoon Peak,Weekday
T20230011966,2023-05-23,00:11:00,1,Collision with vehicle,2,Tuesday,113,RIGHT NEAR (INTERSECTIONS ONLY),3,774922,Cross intersection,2,60,Arterial Other,KINGS,PORT PHILLIP,-37.83626,144.97339,2023,5,May,0,Late Night,Weekday
T20230012040,2023-05-23,17:30:00,1,Collision with vehicle,2,Tuesday,130,REAR END(VEHICLES IN SAME LANE),3,774529,Not at intersection,3,80,Local Road,LEAKES,WYNDHAM,-37.83783,144.72787,2023,5,May,17,Afternoon Peak,Weekday
T20230012036,2023-05-23,16:52:00,1,Collision with vehicle,2,Tuesday,130,REAR END(VEHICLES IN SAME LANE),2,774713,Not at intersection,2,100,Freeway,EASTLINK,MAROONDAH,-37.82411,145.21727,2023,5,May,16,Afternoon Peak,Weekday
T20230012035,2023-05-23,17:07:00,1,Collision with vehicle,2,Tuesday,130,REAR END(VEHICLES IN SAME LANE),9,788716,Not at intersection,3,100,Freeway,PRINCES,WYNDHAM,-37.869293,144.75542,2023,5,May,17,Afternoon Peak,Weekday
T20230012240,2023-05-23,07:35:00,6,Vehicle overturned (no collision),2,Tuesday,174,OUT OF CONTROL ON CARRIAGEWAY (ON STRAIGHT),9,38656,T intersection,3,50,Local Road,DONGOLA,MARIBYRNONG,-37.79461,144.87967,2023,5,May,7,Morning Peak,Weekday
T20230012033,2023-05-23,15:30:00,1,Collision with vehicle,2,Tuesday,113,RIGHT NEAR (INTERSECTIONS ONLY),1,39339,T intersection,2,60,Arterial Highway,WHITEHORSE,WHITEHORSE,-37.81845,145.12743,2023,5,May,15,Afternoon Peak,Weekday
T20230012112,2023-05-23,20:50:00,1,Collision with vehicle,2,Tuesday,136,RIGHT TURN SIDESWIPE,3,65743,Cross intersection,2,40,Local Road,ELIZABETH,MELBOURNE,-37.810318,144.96136,2023,5,May,20,Night,Weekday
T20230012050,2023-05-23,01:03:00,1,Collision with vehicle,2,Tuesday,160,VEHICLE COLLIDES WITH VEHICLE PARKED ON LEFT OF ROAD,3,777741,Not at intersection,3,50,Local Road,MACPHERSON,MELBOURNE,-37.785004,144.9644,2023,5,May,1,Late Night,Weekday
T20230011984,2023-05-23,09:25:00,1,Collision with vehicle,2,Tuesday,110,CROSS TRAFFIC(INTERSECTIONS ONLY),1,60791,Cross intersection,3,70,Arterial Other,STURT,BALLARAT,-37.555687,143.81903,2023,5,May,9,Morning Peak,Weekday
T20230011986,2023-05-23,06:44:00,1,Collision with vehicle,2,Tuesday,160,VEHICLE COLLIDES WITH VEHICLE PARKED ON LEFT OF ROAD,2,775170,Cross intersection,3,50,Local Road,HAWKSTOWE,WHITTLESEA,-37.62091,145.1005,2023,5,May,6,Morning Peak,Weekday
T20230012052,2023-05-23,15:53:00,4,Collision with a fixed object,2,Tuesday,171,LEFT OFF CARRIAGEWAY INTO OBJECT/PARKED VEHICLE,1,788717,T intersection,2,50,Local Road,VERMONT,GEELONG,-38.0814,144.35162,2023,5,May,15,Afternoon Peak,Weekday
T20230011988,2023-05-23,09:00:00,1,Collision with vehicle,2,Tuesday,116,LEFT NEAR (INTERSECTIONS ONLY),1,774516,T intersection,3,50,Local Road,WOOD,DAREBIN,-37.736023,145.02773,2023,5,May,9,Morning Peak,Weekday
T20230012055,2023-05-23,17:50:00,1,Collision with vehicle,2,Tuesday,113,RIGHT NEAR (INTERSECTIONS ONLY),3,243234,Cross intersection,3,50,Local Road,ARMY,CARDINIA,-38.06699,145.4958,2023,5,May,17,Afternoon Peak,Weekday
T20230012325,2023-05-23,00:30:00,1,Collision with vehicle,2,Tuesday,130,REAR END(VEHICLES IN SAME LANE),3,683455,Y intersection,3,80,Arterial Highway,DANDENONG VALLEY,DANDENONG,-37.962234,145.22511,2023,5,May,0,Late Night,Weekday
T20230011999,2023-05-23,11:31:00,4,Collision with a fixed object,2,Tuesday,171,LEFT OFF CARRIAGEWAY INTO OBJECT/PARKED VEHICLE,1,782792,Not at intersection,2,70,Arterial Other,THOMPSONS,MANNINGHAM,-37.774776,145.09244,2023,5,May,11,Midday,Weekday
T20230011982,2023-05-23,08:55:00,1,Collision with vehicle,2,Tuesday,130,REAR END(VEHICLES IN SAME LANE),1,788901,Not at intersection,3,80,Arterial Other,CLYDE-FIVE WAYS,CASEY,-38.127514,145.32544,2023,5,May,8,Morning Peak,Weekday
T20230011969,2023-05-23,02:00:00,4,Collision with a fixed object,2,Tuesday,183,OFF LEFT BEND INTO OBJECT/PARKED VEHICLE,3,776409,T intersection,2,80,Arterial Highway,MAROONDAH,MAROONDAH,-37.77877,145.29207,2023,5,May,2,Late Night,Weekday
T20230011978,2023-05-23,07:30:00,1,Collision with vehicle,2,Tuesday,110,CROSS TRAFFIC(INTERSECTIONS ONLY),1,51092,Cross intersection,3,40,Local Road,HAYES,SHEPPARTON,-36.388935,145.40672,2023,5,May,7,Morning Peak,Weekday
T20230012056,2023-05-23,12:00:00,1,Collision with vehicle,2,Tuesday,121,RIGHT THROUGH,1,774915,T intersection,2,70,Local Road,FAWKNER,HUME,-37.677914,144.8842,2023,5,May,12,Midday,Weekday
T20230012054,2023-05-23,17:55:00,4,Collision with a fixed object,2,Tuesday,171,LEFT OFF CARRIAGEWAY INTO OBJECT/PARKED VEHICLE,3,65853,T intersection,3,50,Local Road,GIBBS,YARRA RANGES,-37.812733,145.35461,2023,5,May,17,Afternoon Peak,Weekday
T20230014333,2023-05-23,07:30:00,1,Collision with vehicle,2,Tuesday,130,REAR END(VEHICLES IN SAME LANE),2,776366,Not at intersection,3,100,Freeway,EASTERN,WHITEHORSE,-37.80233,145.16463,2023,5,May,7,Morning Peak,Weekday
T20230012092,2023-05-23,14:40:00,6,Vehicle overturned (no collision),2,Tuesday,170,OFF CARRIAGEWAY TO LEFT,1,775188,Not at intersection,2,100,Local Road,RAINBOW-NHILL,HINDMARSH,-35.904434,141.98671,2023,5,May,14,Midday,Weekday