ACCIDENT_NO,ACCIDENT_DATE,ACCIDENT_TIME,ACCIDENT_TYPE,ACCIDENT_TYPE_DESC,DAY_OF_WEEK,DAY_WEEK_DESC,DCA_CODE,DCA_DESC,LIGHT_CONDITION,NODE_ID,ROAD_GEOMETRY_DESC,SEVERITY,SPEED_ZONE,RMA,ROAD_NAME,LGA_NAME,LATITUDE,LONGITUDE,YEAR,MONTH,MONTH_NAME,HOUR,TIME_PERIOD,DAY_TYPE
T20230012032,2023-05-23,16:53:00,4,Collision with a fixed object,2,Tuesday,171,LEFT OFF CARRIAGEWAY INTO OBJECT/PARKED VEHICLE,2,43527,T intersection,3,60,Local Road,ROBINSONS,FRANKSTON,-38.175804,145.1545,2023,5,May,16,Afternoon Peak,Weekday
T20230013316,2023-05-23,16:53:00,1,Collision with vehicle,2,Tuesday,130,REAR END(VEHICLES IN SAME LANE),2,775907,Not at intersection,3,100,Freeway,EASTLINK,MAROONDAH,-37.82697,145.2173,2023,5,May,16,Afternoon Peak,Weekday
T20230013262,2023-05-24,08:30:00,8,No collision and no object struck,3,Wednesday,170,OFF CARRIAGEWAY TO LEFT,1,782765,Not at intersection,3,100,Local Road,FLAT ROCK,INDIGO,-36.35055,146.64035,2023,5,May,8,Morning Peak,Weekday
T20230012073,2023-05-24,08:45:00,1,Collision with vehicle,3,Wednesday,130,REAR END(VEHICLES IN SAME LANE),1,44230,Cross intersection,3,40,Arterial Other,EPPING,WHITTLESEA,-37.623024,145.0288,2023,5,May,8,Morning Peak,Weekday
T20230012097,2023-05-24,13:20:00,1,Collision with vehicle,3,Wednesday,113,RIGHT NEAR (INTERSECTIONS ONLY),1,774730,T intersection,3,50,Local Road,KILLEEN,BRIMBANK,-37.796185,144.81953,2023,5,May,13,Midday,Weekday
T20230012195,2023-05-24,08:24:00,1,Collision with vehicle,3,Wednesday,114,TWO RIGHT TURNING (INTERSECTIONS ONLY),1,775539,T intersection,3,60,Arterial Other,HIGH,MANNINGHAM,-37.78641,145.10559,2023,5,May,8,Morning Peak,Weekday
T20230012454,2023-05-24,13:15:00,1,Collision with vehicle,3,Wednesday,130,REAR END(VEHICLES IN SAME LANE),1,775765,Not at intersection,3,60,Arterial Other,PRINCES,CARDINIA,-38.06011,145.40982,2023,5,May,13,Midday,Weekday
T20230013684,2023-05-24,09:30:00,1,Collision with vehicle,3,Wednesday,163,VEHICLE STRIKES DOOR OF PARKED/STATIONARY VEHICLE,9,782785,Not at intersection,3,60,Arterial Other,ST GEORGES,YARRA,-37.77978,144.98686,2023,5,May,9,Morning Peak,Weekday
T20230012489,2023-05-24,20:50:00,4,Collision with a fixed object,3,Wednesday,171,LEFT OFF CARRIAGEWAY INTO OBJECT/PARKED VEHICLE,6,775180,Not at intersection,3,80,Local Road,BRIDGE INN,WHITTLESEA,-37.594852,145.04372,2023,5,May,20,Night,Weekday
T20230012134,2023-05-24,17:45:00,2,Struck Pedestrian,3,Wednesday,100,PED NEAR SIDE. PED HIT BY VEHICLE FROM THE RIGHT.,3,782676,Not at intersection,3,50,Local Road,ELEANORE,CASEY,-38.01379,145.2805,2023,5,May,17,Afternoon Peak,Weekday
T20230012155,2023-05-24,23:10:00,4,Collision with a fixed object,3,Wednesday,171,LEFT OFF CARRIAGEWAY INTO OBJECT/PARKED VEHICLE,3,781078,Not at intersection,2,60,Arterial Other,HEATHS,WYNDHAM,-37.878452,144.69037,2023,5,May,23,Night,Weekday
T20230012161,2023-05-24,14:40:00,1,Collision with vehicle,3,Wednesday,130,REAR END(VEHICLES IN SAME LANE),1,775172,T intersection,3,80,Freeway,PENINSULA LINK OUT-FRANKSTON-FLINDERS,MORNINGTON PENINSULA,-38.19729,145.15025,2023,5,May,14,Midday,Weekday
T20230012098,2023-05-24,12:58:00,1,Collision with vehicle,3,Wednesday,110,CROSS TRAFFIC(INTERSECTIONS ONLY),1,41549,Cross intersection,2,60,Arterial Highway,WARRIGAL,STONNINGTON,-37.88028,145.09076,2023,5,May,12,Midday,Weekday
T20230012096,2023-05-24,06:22:00,1,Collision with vehicle,3,Wednesday,120,HEAD ON (NOT OVERTAKING),2,778606,Not at intersection,2,50,Arterial Other,BOLTON,WYNDHAM,-37.886177,144.62718,2023,5,May,6,Morning Peak,Weekday
T20230012397,2023-05-24,15:30:00,1,Collision with vehicle,3,Wednesday,137,LEFT TURN SIDESWIPE,1,776251,Not at intersection,3,60,Local Road,ARDEN,MELBOURNE,-37.80035,144.9443,2023,5,May,15,Afternoon Peak,Weekday
T20230012137,2023-05-24,18:53:00,1,Collision with vehicle,3,Wednesday,121,RIGHT THROUGH,3,774921,Cross intersection,2,60,Local Road,ALFRED,WYNDHAM,-37.92037,144.63515,2023,5,May,18,Afternoon Peak,Weekday
T20230014100,2023-05-24,06:20:00,1,Collision with vehicle,3,Wednesday,130,REAR END(VEHICLES IN SAME LANE),2,46265,T intersection,3,60,Local Road,PATONGA,BRIMBANK,-37.726154,144.76936,2023,5,May,6,Morning Peak,Weekday
T20230012076,2023-05-24,08:54:00,1,Collision with vehicle,3,Wednesday,130,REAR END(VEHICLES IN SAME LANE),1,774715,T intersection,2,60,Local Road,BEECHWORTH,WODONGA,-36.13277,146.8864,2023,5,May,8,Morning Peak,Weekday
T20230030228,2023-05-24,07:50:00,1,Collision with vehicle,3,Wednesday,134,LANE CHANGE RIGHT (NOT OVERTAKING),2,793419,Not at intersection,3,100,Arterial Other,HUME,HUME,-37.62698,144.94884,2023,5,May,7,Morning Peak,Weekday
T20230012143,2023-05-24,15:15:00,1,Collision with vehicle,3,Wednesday,110,CROSS TRAFFIC(INTERSECTIONS ONLY),1,54662,Cross intersection,2,60,Arterial Highway,RAGLAN,WARRNAMBOOL,-38.384666,142.49513,2023,5,May,15,Afternoon Peak,Weekday
T20230012145,2023-05-24,21:00:00,1,Collision with vehicle,3,Wednesday,113,RIGHT NEAR (INTERSECTIONS ONLY),3,221398,T intersection,3,80,Arterial Other,SYDNEY,HUME,-37.65828,144.95383,2023,5,May,21,Night,Weekday
T20230012109,2023-05-24,13:30:00,1,Collision with vehicle,3,Wednesday,111,RIGHT FAR (INTERSECTIONS ONLY),1,49826,Cross intersection,3,60,Arterial Highway,BALLARAT,GEELONG,-38.126926,144.33925,2023,5,May,13,Midday,Weekday
T20230012148,2023-05-24,19:00:00,3,Struck animal,3,Wednesday,167,STRUCK ANIMAL,5,782677,Not at intersection,3,100,Local Road,SAMARIA,BENALLA,-36.630333,146.00023,2023,5,May,19,Night,Weekday
T20230012151,2023-05-24,23:26:00,4,Collision with a fixed object,3,Wednesday,171,LEFT OFF CARRIAGEWAY INTO OBJECT/PARKED VEHICLE,3,781077,Not at intersection,2,70,Arterial Highway,BALLARAT,GEELONG,-38.116367,144.33061,2023,5,May,23,Night,Weekday
T20230012090,2023-05-24,10:32:00,1,Collision with vehicle,3,Wednesday,130,REAR END(VEHICLES IN SAME LANE),1,776547,Not at intersection,3,80,Arterial Highway,PRINCES,DANDENONG,-37.94137,145.16595,2023,5,May,10,Midday,Weekday
T20230012089,2023-05-24,06:45:00,1,Collision with vehicle,3,Wednesday,130,REAR END(VEHICLES IN SAME LANE),2,776289,Not at intersection,2,80,Arterial Other,BRAESIDE-DANDENONG,DANDENONG,-38.011616,145.18964,2023,5,May,6,Morning Peak,Weekday
T20230012088,2023-05-24,09:00:00,1,Collision with vehicle,3,Wednesday,130,REAR END(VEHICLES IN SAME LANE),1,782767,Not at intersection,2,80,Non Arterial,SNEYDES,WYNDHAM,-37.89801,144.70454,2023,5,May,9,Morning Peak,Weekday
T20230014246,2023-05-24,16:13:00,1,Collision with vehicle,3,Wednesday,113,RIGHT NEAR (INTERSECTIONS ONLY),1,55289,Cross intersection,3,60,Arterial Other,CRANBOURNE-FRANKSTON,CASEY,-38.118336,145.25073,2023,5,May,16,Afternoon Peak,Weekday
T20230012085,2023-05-24,07:00:00,1,Collision with vehicle,3,Wednesday,110,CROSS TRAFFIC(INTERSECTIONS ONLY),2,221899,Cross intersection,3,80,Freeway,NEPEAN,MORNINGTON PENINSULA,-38.30404,145.03156,2023,5,May,7,Morning Peak,Weekday
T20230015583,2023-05-24,06:50:00,1,Collision with vehicle,3,Wednesday,121,RIGHT THROUGH,2,585336,T intersection,3,70,Arterial Other,CAMPBELLFIELD-GREENSBOROUGH,DAREBIN,-37.695057,145.0124,2023,5,May,6,Morning Peak,Weekday
T20230012149,2023-05-24,18:15:00,1,Collision with vehicle,3,Wednesday,113,RIGHT NEAR (INTERSECTIONS ONLY),5,775171,Cross intersection,2,80,Local Road,CONISTON,CASEY,-38.03011,145.33578,2023,5,May,18,Afternoon Peak,Weekday
T20230013152,2023-05-24,21:13:00,1,Collision with vehicle,3,Wednesday,130,REAR END(VEHICLES IN SAME LANE),3,776000,Not at intersection,3,80,Arterial Other,NARRE WARREN NORTH,CASEY,-38.00297,145.31158,2023,5,May,21,Night,Weekday
T20230012101,2023-05-24,13:50:00,1,Collision with vehicle,3,Wednesday,130,REAR END(VEHICLES IN SAME LANE),1,43709,T intersection,3,40,Arterial Other,SUNBURY,HUME,-37.58651,144.74818,2023,5,May,13,Midday,Weekday
T20230013263,2023-05-24,08:50:00,1,Collision with vehicle,3,Wednesday,130,REAR END(VEHICLES IN SAME LANE),1,776177,Not at intersection,3,60,Freeway,BANDIANA LINK,WODONGA,-36.109455,146.89917,2023,5,May,8,Morning Peak,Weekday
T20230012094,2023-05-24,10:42:00,1,Collision with vehicle,3,Wednesday,120,HEAD ON (NOT OVERTAKING),1,774718,Not at intersection,3,80,Arterial Highway,WARBURTON,YARRA RANGES,-37.776924,145.57332,2023,5,May,10,Midday,Weekday
T20230012093,2023-05-24,07:49:00,2,Struck Pedestrian,3,Wednesday,102,FAR SIDE. PED HIT BY VEHICLE FROM THE LEFT,1,775135,T intersection,2,40,Local Road,BOWEN,PORT PHILLIP,-37.834694,144.97426,2023,5,May,7,Morning Peak,Weekday
T20230012124,2023-05-24,15:59:00,4,Collision with a fixed object,3,Wednesday,181,OFF RIGHT BEND INTO OBJECT/PARKED VEHICLE,1,790821,Not at intersection,2,60,Arterial Other,MOUNT DANDENONG TOURIST,YARRA RANGES,-37.83863,145.35661,2023,5,May,15,Afternoon Peak,Weekday
T20230012659,2023-05-24,18:00:00,1,Collision with vehicle,3,Wednesday,116,LEFT NEAR (INTERSECTIONS ONLY),2,48099,Cross intersection,3,60,Arterial Other,GRANTHAM,MORELAND,-37.774708,144.94897,2023,5,May,18,Afternoon Peak,Weekday
T20230012128,2023-05-24,17:00:00,1,Collision with vehicle,3,Wednesday,130,REAR END(VEHICLES IN SAME LANE),2,794135,Not at intersection,3,80,Arterial Highway,GREENSBOROUGH,NILLUMBIK,-37.692116,145.10492,2023,5,May,17,Afternoon Peak,Weekday
T20230012130,2023-05-24,16:15:00,2,Struck Pedestrian,3,Wednesday,100,PED NEAR SIDE. PED HIT BY VEHICLE FROM THE RIGHT.,1,45157,T intersection,3,60,Arterial Other,MILITARY,MOONEE VALLEY,-37.76216,144.86198,2023,5,May,16,Afternoon Peak,Weekday
T20230012110,2023-05-24,14:40:00,1,Collision with vehicle,3,Wednesday,130,REAR END(VEHICLES IN SAME LANE),1,43250,Cross intersection,3,80,Arterial Highway,SPRINGVALE,KINGSTON,-38.0108,145.1408,2023,5,May,14,Midday,Weekday
T20230012179,2023-05-25,11:30:00,4,Collision with a fixed object,4,Thursday,173,RIGHT OFF CARRIAGEWAY INTO OBJECT/PARKED VEHICLE,1,35089,T intersection,2,100,Arterial Other,GEELONG-BACCHUS MARSH,MOORABOOL,-37.71912,144.4507,2023,5,May,11,Midday,Weekday
T20230012306,2023-05-25,16:15:00,6,Vehicle overturned (no collision),4,Thursday,174,OUT OF CONTROL ON CARRIAGEWAY (ON STRAIGHT),1,782764,Not at intersection,3,60,Arterial Highway,WHITEHORSE,WHITEHORSE,-37.816658,145.11342,2023,5,May,16,Afternoon Peak,Weekday
T20230012619,2023-05-25,13:15:00,2,Struck Pedestrian,4,Thursday,102,FAR SIDE. PED HIT BY VEHICLE FROM THE LEFT,9,29523,Y intersection,2,50,Arterial Other,BALLARAT,MARIBYRNONG,-37.792385,144.89348,2023,5,May,13,Midday,Weekday
T20230012174,2023-05-25,09:20:00,4,Collision with a fixed object,4,Thursday,181,OFF RIGHT BEND INTO OBJECT/PARKED VEHICLE,1,775428,Not at intersection,2,100,Arterial Other,FRANKSTON-FLINDERS,MORNINGTON PENINSULA,-38.395504,145.08418,2023,5,May,9,Morning Peak,Weekday
T20230012163,2023-05-25,06:00:00,1,Collision with vehicle,4,Thursday,130,REAR END(VEHICLES IN SAME LANE),2,782674,Not at intersection,2,100,Arterial Highway,NORTHERN,MITCHELL,-37.434635,144.97769,2023,5,May,6,Morning Peak,Weekday
T20230012171,2023-05-25,09:38:00,1,Collision with vehicle,4,Thursday,121,RIGHT THROUGH,1,57573,T intersection,2,80,Arterial Highway,WELLINGTON,MONASH,-37.91919,145.16264,2023,5,May,9,Morning Peak,Weekday
T20230014403,2023-05-25,08:00:00,1,Collision with vehicle,4,Thursday,130,REAR END(VEHICLES IN SAME LANE),1,776632,Not at intersection,3,100,Freeway,CALDER OUT-WESTERN RING IN,BRIMBANK,-37.729435,144.8588,2023,5,May,8,Morning Peak,Weekday
T20230012229,2023-05-25,21:14:00,4,Collision with a fixed object,4,Thursday,173,RIGHT OFF CARRIAGEWAY INTO OBJECT/PARKED VEHICLE,3,783056,Unknown,3,60,Local Road,OBAN,MAROONDAH,-37.792637,145.22516,2023,5,May,21,Night,Weekday
T20230012230,2023-05-25,21:55:00,4,Collision with a fixed object,4,Thursday,173,RIGHT OFF CARRIAGEWAY INTO OBJECT/PARKED VEHICLE,3,775174,Not at intersection,2,80,Arterial Highway,FRANKSTON-DANDENONG,FRANKSTON,-38.11511,145.1539,2023,5,May,21,Night,Weekday
T20230012289,2023-05-25,15:00:00,1,Collision with vehicle,4,Thursday,148,VEHICLE OFF FOOTPATH STRIKES VEH ON CARRIAGEWAY,1,782675,Not at intersection,3,60,Arterial Other,SYDNEY,MORELAND,-37.72049,144.96317,2023,5,May,15,Afternoon Peak,Weekday
T20230012234,2023-05-25,23:54:00,4,Collision with a fixed object,4,Thursday,173,RIGHT OFF CARRIAGEWAY INTO OBJECT/PARKED VEHICLE,3,781067,Not at intersection,2,60,Local Road,CORUNNUN,COLAC OTWAY,-38.287197,143.52147,2023,5,May,23,Night,Weekday
T20230012214,2023-05-25,17:21:00,1,Collision with vehicle,4,Thursday,130,REAR END(VEHICLES IN SAME LANE),2,790823,Cross intersection,3,60,Arterial Highway,TORQUAY,GEELONG,-38.201084,144.34137,2023,5,May,17,Afternoon Peak,Weekday
T20230012524,2023-05-25,07:00:00,1,Collision with vehicle,4,Thursday,130,REAR END(VEHICLES IN SAME LANE),1,44813,T intersection,3,50,Arterial Other,BAXTER,BANYULE,-37.73004,145.13524,2023,5,May,7,Morning Peak,Weekday
T20230012247,2023-05-25,11:20:00,8,No collision and no object struck,4,Thursday,179,OTHER ACCIDENTS-OFF STRAIGHT NOT INCLUDED IN DCAs 170-175,1,777969,Not at intersection,2,50,Local Road,GILCHRIST,SHEPPARTON,-36.388016,145.41298,2023,5,May,11,Midday,Weekday
T20230017255,2023-05-25,15:55:00,1,Collision with vehicle,4,Thursday,132,RIGHT REAR.,1,799625,T intersection,3,60,Arterial Other,BELMORE,WHITEHORSE,-37.80132,145.10907,2023,5,May,15,Afternoon Peak,Weekday
T20230012529,2023-05-25,17:31:00,1,Collision with vehicle,4,Thursday,130,REAR END(VEHICLES IN SAME LANE),2,775819,Not at intersection,2,100,Freeway,WESTERN RING,BRIMBANK,-37.738735,144.85065,2023,5,May,17,Afternoon Peak,Weekday
T20230012216,2023-05-25,14:44:00,6,Vehicle overturned (no collision),4,Thursday,170,OFF CARRIAGEWAY TO LEFT,1,776041,Not at intersection,3,100,Local Road,EVANS,CARDINIA,-38.119236,145.72667,2023,5,May,14,Midday,Weekday
T20230012226,2023-05-25,21:00:00,2,Struck Pedestrian,4,Thursday,102,FAR SIDE. PED HIT BY VEHICLE FROM THE LEFT,3,36688,Cross intersection,2,60,Arterial Other,HODDLE,YARRA,-37.790222,144.99483,2023,5,May,21,Night,Weekday
T20230012375,2023-05-25,15:20:00,1,Collision with vehicle,4,Thursday,130,REAR END(VEHICLES IN SAME LANE),1,243783,T intersection,3,60,Arterial Other,NARRE WARREN,CASEY,-38.098442,145.29272,2023,5,May,15,Afternoon Peak,Weekday
T20230012227,2023-05-25,20:00:00,1,Collision with vehicle,4,Thursday,121,RIGHT THROUGH,3,775173,Not at intersection,3,80,Arterial Highway,MAROONDAH,MAROONDAH,-37.789906,145.2663,2023,5,May,20,Night,Weekday
T20230013420,2023-05-25,08:30:00,1,Collision with vehicle,4,Thursday,130,REAR END(VEHICLES IN SAME LANE),1,776175,Not at intersection,3,60,Arterial Other,HULL,YARRA RANGES,-37.789818,145.30919,2023,5,May,8,Morning Peak,Weekday
T20230012220,2023-05-25,18:50:00,1,Collision with vehicle,4,Thursday,162,ACCIDENT OR BROKEN DOWN,3,39268,T intersection,2,60,Arterial Other,ELGAR,WHITEHORSE,-37.809628,145.11635,2023,5,May,18,Afternoon Peak,Weekday
T20230012166,2023-05-25,05:53:00,1,Collision with vehicle,4,Thursday,110,CROSS TRAFFIC(INTERSECTIONS ONLY),2,43259,Cross intersection,2,80,Arterial Other,GREENS,DANDENONG,-38.012344,145.19627,2023,5,May,5,Morning Peak,Weekday
T20230012211,2023-05-25,16:10:00,1,Collision with vehicle,4,Thursday,130,REAR END(VEHICLES IN SAME LANE),2,40682,T intersection,3,60,Arterial Other,STATION,WHITEHORSE,-37.854416,145.11925,2023,5,May,16,Afternoon Peak,Weekday
T20230012223,2023-05-25,15:42:00,1,Collision with vehicle,4,Thursday,116,LEFT NEAR (INTERSECTIONS ONLY),1,39784,T intersection,3,80,Arterial Other,DORSET,MAROONDAH,-37.822372,145.28773,2023,5,May,15,Afternoon Peak,Weekday
T20230015295,2023-05-25,02:25:00,4,Collision with a fixed object,4,Thursday,179,OTHER ACCIDENTS-OFF STRAIGHT NOT INCLUDED IN DCAs 170-175,3,783500,Not at intersection,3,70,Arterial Other,THOMPSONS,MANNINGHAM,-37.772263,145.09685,2023,5,May,2,Late Night,Weekday
T20230012222,2023-05-25,17:36:00,1,Collision with vehicle,4,Thursday,131,LEFT REAR,2,774909,Cross intersection,3,80,Arterial Highway,WHITEHORSE,WHITEHORSE,-37.816616,145.2077,2023,5,May,17,Afternoon Peak,Weekday
T20230012228,2023-05-25,20:01:00,1,Collision with vehicle,4,Thursday,111,RIGHT FAR (INTERSECTIONS ONLY),3,50178,Cross intersection,2,40,Arterial Other,BARWON HEADS,GEELONG,-38.1808,144.35396,2023,5,May,20,Night,Weekday
T20230012208,2023-05-25,15:57:00,1,Collision with vehicle,4,Thursday,113,RIGHT NEAR (INTERSECTIONS ONLY),1,36241,T intersection,2,90,Arterial Highway,DANDENONG-HASTINGS,MORNINGTON PENINSULA,-38.26787,145.19565,2023,5,May,15,Afternoon Peak,Weekday
T20230012197,2023-05-25,12:40:00,1,Collision with vehicle,4,Thursday,130,REAR END(VEHICLES IN SAME LANE),1,776048,Not at intersection,3,100,Freeway,WESTERN RING,MORELAND,-37.692444,144.9476,2023,5,May,12,Midday,Weekday
T20230012183,2023-05-25,12:45:00,1,Collision with vehicle,4,Thursday,121,RIGHT THROUGH,1,44592,Cross intersection,3,50,Arterial Highway,SKIPTON,BALLARAT,-37.575634,143.84473,2023,5,May,12,Midday,Weekday
T20230016246,2023-05-25,17:00:00,1,Collision with vehicle,4,Thursday,139,OTHER SAME DIRECTION-MANOUEVRES NOT INCLUDED IN DCAs 130-137,9,781888,Not at intersection,3,50,Local Road,ALFRIEDA,BRIMBANK,-37.737057,144.8019,2023,5,May,17,Afternoon Peak,Weekday
T20230012314,2023-05-26,15:10:00,1,Collision with vehicle,5,Friday,163,VEHICLE STRIKES DOOR OF PARKED/STATIONARY VEHICLE,1,776402,Not at intersection,3,50,Local Road,ELIZABETH,MELBOURNE,-37.809868,144.96115,2023,5,May,15,Afternoon Peak,Weekday
T20230012307,2023-05-26,16:40:00,2,Struck Pedestrian,5,Friday,106,VEH STRIKES PED ON FOOTPATH/MEDIAN/TRAFFIC ISLAND.,1,781066,Not at intersection,2,50,Local Road,PERCY,GLENELG,-38.34467,141.6038,2023,5,May,16,Afternoon Peak,Weekday
T20230012305,2023-05-26,15:38:00,8,No collision and no object struck,5,Friday,170,OFF CARRIAGEWAY TO LEFT,1,57303,Cross intersection,3,50,Local Road,ROBERTS,HORSHAM,-36.71427,142.2023,2023,5,May,15,Afternoon Peak,Weekday
T20230012302,2023-05-26,16:23:00,1,Collision with vehicle,5,Friday,121,RIGHT THROUGH,1,224261,Cross intersection,2,100,Arterial Highway,MOOROODUC,MORNINGTON PENINSULA,-38.26508,145.0729,2023,5,May,16,Afternoon Peak,Weekday
T20230012298,2023-05-26,15:30:00,8,No collision and no object struck,5,Friday,174,OUT OF CONTROL ON CARRIAGEWAY (ON STRAIGHT),1,775116,Not at intersection,2,70,Arterial Other,BALLARAT,BRIMBANK,-37.77747,144.83328,2023,5,May,15,Afternoon Peak,Weekday
T20230012296,2023-05-26,11:45:00,4,Collision with a fixed object,5,Friday,171,LEFT OFF CARRIAGEWAY INTO OBJECT/PARKED VEHICLE,1,776228,Not at intersection,1,100,Arterial Highway,MIDLAND,CAMPASPE,-36.462086,144.87665,2023,5,May,11,Midday,Weekday
T20230012294,2023-05-26,13:42:00,1,Collision with vehicle,5,Friday,160,VEHICLE COLLIDES WITH VEHICLE PARKED ON LEFT OF ROAD,1,776505,Not at intersection,3,50,Local Road,GRICE,MOONEE VALLEY,-37.751724,144.91685,2023,5,May,13,Midday,Weekday
T20230012292,2023-05-26,07:13:00,4,Collision with a fixed object,5,Friday,183,OFF LEFT BEND INTO OBJECT/PARKED VEHICLE,1,775229,Not at intersection,2,80,Freeway,CITYLINK OUT-BELL,MORELAND,-37.737053,144.92905,2023,5,May,7,Morning Peak,Weekday
T20230012287,2023-05-26,08:30:00,1,Collision with vehicle,5,Friday,130,REAR END(VEHICLES IN SAME LANE),2,790828,Cross intersection,3,80,Arterial Other,BALLARAT,BRIMBANK,-37.770435,144.77504,2023,5,May,8,Morning Peak,Weekday
T20230012281,2023-05-26,11:35:00,4,Collision with a fixed object,5,Friday,171,LEFT OFF CARRIAGEWAY INTO OBJECT/PARKED VEHICLE,1,790827,Not at intersection,3,60,Arterial Highway,STUD,DANDENONG,-37.983376,145.22108,2023,5,May,11,Midday,Weekday
T20230012274,2023-05-26,12:00:00,1,Collision with vehicle,5,Friday,135,LANE CHANGE LEFT (NOT OVERTAKING),1,775080,Cross intersection,3,60,Arterial Other,MELVILLE,MORELAND,-37.764755,144.94377,2023,5,May,12,Midday,Weekday
T20230012442,2023-05-26,09:35:00,1,Collision with vehicle,5,Friday,130,REAR END(VEHICLES IN SAME LANE),1,221904,Not at intersection,3,80,Arterial Highway,NEPEAN,KINGSTON,-37.959026,145.05307,2023,5,May,9,Morning Peak,Weekday
T20230012270,2023-05-26,08:49:00,1,Collision with vehicle,5,Friday,120,HEAD ON (NOT OVERTAKING),1,776291,Not at intersection,2,80,Arterial Other,PRINCES,WYNDHAM,-37.912743,144.64117,2023,5,May,8,Morning Peak,Weekday
T20230012266,2023-05-26,08:25:00,1,Collision with vehicle,5,Friday,120,HEAD ON (NOT OVERTAKING),1,775079,Not at intersection,2,80,Local Road,MACCLESFIELD,YARRA RANGES,-37.846165,145.48474,2023,5,May,8,Morning Peak,Weekday
T20230012265,2023-05-26,06:50:00,1,Collision with vehicle,5,Friday,160,VEHICLE COLLIDES WITH VEHICLE PARKED ON LEFT OF ROAD,2,775078,Not at intersection,3,50,Local Road,THERNHOLME,WHITTLESEA,-37.584053,145.11873,2023,5,May,6,Morning Peak,Weekday
T20230012259,2023-05-26,07:47:00,1,Collision with vehicle,5,Friday,130,REAR END(VEHICLES IN SAME LANE),1,65313,T intersection,3,60,Arterial Other,BELMORE,BOROONDARA,-37.8013,145.06639,2023,5,May,7,Morning Peak,Weekday
T20230012257,2023-05-26,08:40:00,2,Struck Pedestrian,5,Friday,100,PED NEAR SIDE. PED HIT BY VEHICLE FROM THE RIGHT.,1,775077,Not at intersection,3,50,Local Road,SOMERS,HOBSONS BAY,-37.870056,144.81169,2023,5,May,8,Morning Peak,Weekday
T20230012254,2023-05-26,07:05:00,4,Collision with a fixed object,5,Friday,183,OFF LEFT BEND INTO OBJECT/PARKED VEHICLE,2,782762,Not at intersection,3,100,Arterial Highway,MAROONDAH,MANSFIELD,-36.988087,145.73526,2023,5,May,7,Morning Peak,Weekday
T20230012251,2023-05-26,09:30:00,1,Collision with vehicle,5,Friday,130,REAR END(VEHICLES IN SAME LANE),1,790825,Not at intersection,2,60,Arterial Highway,HAMILTON,GEELONG,-38.1415,144.29593,2023,5,May,9,Morning Peak,Weekday
T20230012250,2023-05-26,08:35:00,1,Collision with vehicle,5,Friday,120,HEAD ON (NOT OVERTAKING),1,774925,Not at intersection,2,80,Local Road,MESSMATE,SURF COAST,-38.306187,144.31345,2023,5,May,8,Morning Peak,Weekday
T20230012246,2023-05-26,08:50:00,2,Struck Pedestrian,5,Friday,106,VEH STRIKES PED ON FOOTPATH/MEDIAN/TRAFFIC ISLAND.,1,775137,Not at intersection,2,50,Local Road,REA,SHEPPARTON,-36.370968,145.4082,2023,5,May,8,Morning Peak,Weekday
T20230012245,2023-05-26,08:46:00,1,Collision with vehicle,5,Friday,110,CROSS TRAFFIC(INTERSECTIONS ONLY),1,222564,Cross intersection,2,60,Local Road,BALFOUR,BRIMBANK,-37.75303,144.83522,2023,5,May,8,Morning Peak,Weekday
T20230012243,2023-05-26,08:15:00,1,Collision with vehicle,5,Friday,110,CROSS TRAFFIC(INTERSECTIONS ONLY),9,60813,Cross intersection,3,50,Local Road,MAIR,BALLARAT,-37.55757,143.83943,2023,5,May,8,Morning Peak,Weekday
T20230012241,2023-05-26,08:13:00,1,Collision with vehicle,5,Friday,112,LEFT FAR (INTERSECTIONS ONLY),1,42956,T intersection,2,60,Arterial Other,CHANDLER,DANDENONG,-37.982098,145.18428,2023,5,May,8,Morning Peak,Weekday
T20230012789,2023-05-26,18:00:00,1,Collision with vehicle,5,Friday,148,VEHICLE OFF FOOTPATH STRIKES VEH ON CARRIAGEWAY,3,775442,Not at intersection,3,50,Local Road,OLIVE,KINGSTON,-37.929466,145.11897,2023,5,May,18,Afternoon Peak,Weekday
T20230013730,2023-05-26,17:00:00,4,Collision with a fixed object,5,Friday,173,RIGHT OFF CARRIAGEWAY INTO OBJECT/PARKED VEHICLE,2,775908,Not at intersection,2,60,Local Road,MORANG,WHITTLESEA,-37.65303,145.06339,2023,5,May,17,Afternoon Peak,Weekday
T20230012496,2023-05-26,23:00:00,4,Collision with a fixed object,5,Friday,181,OFF RIGHT BEND INTO OBJECT/PARKED VEHICLE,5,777587,Not at intersection,3,50,Local Road,SWEENEYS,NILLUMBIK,-37.727978,145.15987,2023,5,May,23,Night,Weekday
T20230012313,2023-05-26,17:00:00,1,Collision with vehicle,5,Friday,148,VEHICLE OFF FOOTPATH STRIKES VEH ON CARRIAGEWAY,2,782668,T intersection,3,60,Local Road,DYSON,BALLARAT,-37.54616,143.78635,2023,5,May,17,Afternoon Peak,Weekday
T20230014622,2023-05-26,06:55:00,1,Collision with vehicle,5,Friday,130,REAR END(VEHICLES IN SAME LANE),5,776303,Not at intersection,3,80,Arterial Other,ALEXANDERS,LATROBE,-38.23261,146.44008,2023,5,May,6,Morning Peak,Weekday
T20230016329,2023-05-26,18:30:00,1,Collision with vehicle,5,Friday,111,RIGHT FAR (INTERSECTIONS ONLY),3,40808,Cross intersection,3,80,Arterial Highway,SPRINGVALE,WHITEHORSE,-37.85885,145.16891,2023,5,May,18,Afternoon Peak,Weekday
T20230012360,2023-05-26,09:50:00,1,Collision with vehicle,5,Friday,130,REAR END(VEHICLES IN SAME LANE),1,794134,Cross intersection,3,40,Arterial Other,GLENFERRIE,STONNINGTON,-37.862644,145.02829,2023,5,May,9,Morning Peak,Weekday