ACCIDENT_NO,ACCIDENT_DATE,ACCIDENT_TIME,ACCIDENT_TYPE,ACCIDENT_TYPE_DESC,DAY_OF_WEEK,DAY_WEEK_DESC,DCA_CODE,DCA_DESC,LIGHT_CONDITION,NODE_ID,ROAD_GEOMETRY_DESC,SEVERITY,SPEED_ZONE,RMA,ROAD_NAME,LGA_NAME,LATITUDE,LONGITUDE,YEAR,MONTH,MONTH_NAME,HOUR,TIME_PERIOD,DAY_TYPE
T20230012345,2023-05-26,21:47:00,1,Collision with vehicle,5,Friday,116,LEFT NEAR (INTERSECTIONS ONLY),3,35492,T intersection,3,50,Local Road,FITZROY,PORT PHILLIP,-37.861336,144.97473,2023,5,May,21,Night,Weekday
T20230012344,2023-05-26,00:10:00,1,Collision with vehicle,5,Friday,130,REAR END(VEHICLES IN SAME LANE),5,775712,T intersection,3,80,Arterial Other,PAKENHAM,CARDINIA,-38.000256,145.51227,2023,5,May,0,Late Night,Weekday
T20230012342,2023-05-26,23:03:00,1,Collision with vehicle,5,Friday,110,CROSS TRAFFIC(INTERSECTIONS ONLY),3,23933,Cross intersection,1,70,Local Road,BOARDWALK,WYNDHAM,-37.88459,144.73285,2023,5,May,23,Night,Weekday
T20230012338,2023-05-26,17:26:00,1,Collision with vehicle,5,Friday,160,VEHICLE COLLIDES WITH VEHICLE PARKED ON LEFT OF ROAD,3,92924,Not at intersection,3,60,Arterial Other,HIGHBURY,MONASH,-37.85974,145.15053,2023,5,May,17,Afternoon Peak,Weekday
T20230012335,2023-05-26,04:44:00,1,Collision with vehicle,5,Friday,121,RIGHT THROUGH,3,37297,T intersection,3,60,Arterial Other,KEILOR PARK,MOONEE VALLEY,-37.739983,144.86383,2023,5,May,4,Late Night,Weekday
T20230012334,2023-05-26,07:06:00,1,Collision with vehicle,5,Friday,121,RIGHT THROUGH,3,61041,Cross intersection,3,60,Arterial Other,PLENTY,WHITTLESEA,-37.600636,145.09573,2023,5,May,7,Morning Peak,Weekday
T20230012332,2023-05-26,20:25:00,1,Collision with vehicle,5,Friday,130,REAR END(VEHICLES IN SAME LANE),3,37833,Cross intersection,3,50,Arterial Other,ST GEORGES,YARRA,-37.783306,144.98384,2023,5,May,20,Night,Weekday
T20230012331,2023-05-26,22:10:00,1,Collision with vehicle,5,Friday,136,RIGHT TURN SIDESWIPE,3,775102,T intersection,3,40,Local Road,RUSSELL,MELBOURNE,-37.81515,144.96918,2023,5,May,22,Night,Weekday
T20230012330,2023-05-26,20:56:00,1,Collision with vehicle,5,Friday,121,RIGHT THROUGH,3,282480,Cross intersection,3,80,Arterial Highway,PRINCES,DANDENONG,-37.975204,145.2037,2023,5,May,20,Night,Weekday
T20230012328,2023-05-26,16:45:00,2,Struck Pedestrian,5,Friday,109,ANY MANOEUVRE INVOLVING PED NOT INCLUDED IN DCAs 100-108.,2,779919,Not at intersection,2,50,Local Road,ANDREW,MONASH,-37.857113,145.12355,2023,5,May,16,Afternoon Peak,Weekday
T20230012327,2023-05-26,18:10:00,1,Collision with vehicle,5,Friday,121,RIGHT THROUGH,5,775175,T intersection,3,40,Arterial Other,LATHAMS,FRANKSTON,-38.099056,145.16943,2023,5,May,18,Afternoon Peak,Weekday
T20230012380,2023-05-26,13:00:00,1,Collision with vehicle,5,Friday,113,RIGHT NEAR (INTERSECTIONS ONLY),1,775178,T intersection,3,60,Local Road,ENGLAND,MONASH,-37.894554,145.14783,2023,5,May,13,Midday,Weekday
T20230012323,2023-05-26,18:48:00,1,Collision with vehicle,5,Friday,110,CROSS TRAFFIC(INTERSECTIONS ONLY),3,775520,Cross intersection,3,50,Local Road,NORMANBY,CASEY,-38.100178,145.28542,2023,5,May,18,Afternoon Peak,Weekday
T20230012322,2023-05-26,18:15:00,1,Collision with vehicle,5,Friday,130,REAR END(VEHICLES IN SAME LANE),5,243750,Not at intersection,2,100,Freeway,HUME,WHITTLESEA,-37.6536,144.98967,2023,5,May,18,Afternoon Peak,Weekday
T20230012320,2023-05-26,17:30:00,1,Collision with vehicle,5,Friday,130,REAR END(VEHICLES IN SAME LANE),2,777149,Not at intersection,2,100,Freeway,MONASH,MONASH,-37.897106,145.14789,2023,5,May,17,Afternoon Peak,Weekday
T20230012319,2023-05-26,17:53:00,1,Collision with vehicle,5,Friday,113,RIGHT NEAR (INTERSECTIONS ONLY),3,1170,T intersection,3,80,Arterial Other,PRINCES,CARDINIA,-38.063618,145.46254,2023,5,May,17,Afternoon Peak,Weekday
T20230012317,2023-05-26,18:25:00,1,Collision with vehicle,5,Friday,130,REAR END(VEHICLES IN SAME LANE),5,776169,Not at intersection,3,80,Arterial Highway,DINGLEY,KINGSTON,-37.959366,145.1105,2023,5,May,18,Afternoon Peak,Weekday
T20230012316,2023-05-26,19:00:00,2,Struck Pedestrian,5,Friday,100,PED NEAR SIDE. PED HIT BY VEHICLE FROM THE RIGHT.,3,775151,T intersection,2,50,Local Road,BREADALBANE,WHITTLESEA,-37.602543,145.08774,2023,5,May,19,Night,Weekday
T20230012390,2023-05-27,14:35:00,1,Collision with vehicle,6,Saturday,139,OTHER SAME DIRECTION-MANOUEVRES NOT INCLUDED IN DCAs 130-137,1,29531,Multiple intersection,2,60,Arterial Other,WATTLETREE,NILLUMBIK,-37.67539,145.14667,2023,5,May,14,Midday,Weekend
T20230012389,2023-05-27,14:08:00,1,Collision with vehicle,6,Saturday,130,REAR END(VEHICLES IN SAME LANE),1,777226,T intersection,2,70,Arterial Other,CAMP,HUME,-37.687775,144.94066,2023,5,May,14,Midday,Weekend
T20230012387,2023-05-27,13:09:00,4,Collision with a fixed object,6,Saturday,173,RIGHT OFF CARRIAGEWAY INTO OBJECT/PARKED VEHICLE,1,775154,Not at intersection,1,80,Local Road,KILLARA,YARRA RANGES,-37.72316,145.40688,2023,5,May,13,Midday,Weekend
T20230012386,2023-05-27,13:40:00,1,Collision with vehicle,6,Saturday,133,LANE SIDE SWIPE (VEHICLES IN PARALLEL LANES),1,775231,Not at intersection,2,60,Arterial Other,HEREFORD,YARRA RANGES,-37.767857,145.36823,2023,5,May,13,Midday,Weekend
T20230012361,2023-05-27,09:30:00,4,Collision with a fixed object,6,Saturday,181,OFF RIGHT BEND INTO OBJECT/PARKED VEHICLE,1,775248,Not at intersection,3,100,Arterial Other,GRAND RIDGE,WELLINGTON,-38.352413,146.71106,2023,5,May,9,Morning Peak,Weekend
T20230012356,2023-05-27,08:45:00,1,Collision with vehicle,6,Saturday,110,CROSS TRAFFIC(INTERSECTIONS ONLY),1,73145,Cross intersection,2,60,Local Road,SHELL,GEELONG,-38.25934,144.55035,2023,5,May,8,Morning Peak,Weekend
T20230012602,2023-05-27,14:00:00,1,Collision with vehicle,6,Saturday,121,RIGHT THROUGH,1,42288,T intersection,2,60,Arterial Other,CENTRE,GLEN EIRA,-37.922916,145.07309,2023,5,May,14,Midday,Weekend
T20230012354,2023-05-27,04:50:00,4,Collision with a fixed object,6,Saturday,171,LEFT OFF CARRIAGEWAY INTO OBJECT/PARKED VEHICLE,5,776508,Not at intersection,2,60,Local Road,MOUNT COTTRELL,MELTON,-37.746708,144.61317,2023,5,May,4,Late Night,Weekend
T20230012415,2023-05-27,01:30:00,4,Collision with a fixed object,6,Saturday,171,LEFT OFF CARRIAGEWAY INTO OBJECT/PARKED VEHICLE,1,775092,Not at intersection,1,100,Local Road,WANNON-NIGRETTA FALLS,SOUTHERN GRAMPIANS,-37.654316,141.90488,2023,5,May,1,Late Night,Weekend
T20230012350,2023-05-27,06:24:00,1,Collision with vehicle,6,Saturday,121,RIGHT THROUGH,2,255989,T intersection,3,50,Arterial Highway,DAWSON,WELLINGTON,-38.093613,147.0691,2023,5,May,6,Morning Peak,Weekend
T20230016588,2023-05-27,12:40:00,1,Collision with vehicle,6,Saturday,130,REAR END(VEHICLES IN SAME LANE),1,777302,Not at intersection,3,60,Local Road,WESTWOOD,MELTON,-37.7619,144.75441,2023,5,May,12,Midday,Weekend
T20230012773,2023-05-27,18:20:00,1,Collision with vehicle,6,Saturday,121,RIGHT THROUGH,3,49256,Cross intersection,2,60,Arterial Highway,DEAKIN,MILDURA,-34.215263,142.12584,2023,5,May,18,Afternoon Peak,Weekend
T20230012372,2023-05-27,11:18:00,1,Collision with vehicle,6,Saturday,121,RIGHT THROUGH,1,282647,T intersection,3,60,Local Road,BANGHOLME,DANDENONG,-38.034992,145.18678,2023,5,May,11,Midday,Weekend
T20230012431,2023-05-27,11:20:00,1,Collision with vehicle,6,Saturday,110,CROSS TRAFFIC(INTERSECTIONS ONLY),1,45041,Cross intersection,3,60,Arterial Other,SHAKESPEARE STREET -TRARALGON CREEK,LATROBE,-38.201504,146.54456,2023,5,May,11,Midday,Weekend
T20230012371,2023-05-27,12:00:00,1,Collision with vehicle,6,Saturday,121,RIGHT THROUGH,1,775557,T intersection,2,60,Arterial Other,BELMORE,BOROONDARA,-37.803146,145.08052,2023,5,May,12,Midday,Weekend
T20230016879,2023-05-27,18:00:00,1,Collision with vehicle,6,Saturday,137,LEFT TURN SIDESWIPE,3,778246,Not at intersection,3,60,Arterial Other,SYDNEY,MORELAND,-37.744576,144.96602,2023,5,May,18,Afternoon Peak,Weekend
T20230012428,2023-05-27,23:25:00,4,Collision with a fixed object,6,Saturday,173,RIGHT OFF CARRIAGEWAY INTO OBJECT/PARKED VEHICLE,3,791060,Not at intersection,2,70,Arterial Highway,ST GEORGES,DAREBIN,-37.7468,144.99701,2023,5,May,23,Night,Weekend
T20230013388,2023-05-27,12:50:00,1,Collision with vehicle,6,Saturday,135,LANE CHANGE LEFT (NOT OVERTAKING),1,792042,Not at intersection,3,80,Arterial Other,COOLART,MORNINGTON PENINSULA,-38.263798,145.14558,2023,5,May,12,Midday,Weekend
T20230012417,2023-05-27,23:01:00,1,Collision with vehicle,6,Saturday,110,CROSS TRAFFIC(INTERSECTIONS ONLY),5,46749,Cross intersection,2,50,Local Road,CARNARVON,CARDINIA,-38.26661,145.56586,2023,5,May,23,Night,Weekend
T20230012412,2023-05-27,20:55:00,4,Collision with a fixed object,6,Saturday,183,OFF LEFT BEND INTO OBJECT/PARKED VEHICLE,5,794599,Not at intersection,3,60,Local Road,FOLEY,SOUTH GIPPSLAND,-38.83645,146.24428,2023,5,May,20,Night,Weekend
T20230012411,2023-05-27,21:53:00,1,Collision with vehicle,6,Saturday,133,LANE SIDE SWIPE (VEHICLES IN PARALLEL LANES),3,779034,Not at intersection,3,60,Local Road,GOURLAY,MELTON,-37.70569,144.7416,2023,5,May,21,Night,Weekend
T20230012404,2023-05-27,19:10:00,1,Collision with vehicle,6,Saturday,142,LEAVING PARKING,3,775138,Not at intersection,3,50,Local Road,NICHOLSON,EAST GIPPSLAND,-37.825466,147.62735,2023,5,May,19,Night,Weekend
T20230012402,2023-05-27,18:10:00,1,Collision with vehicle,6,Saturday,130,REAR END(VEHICLES IN SAME LANE),2,777150,Not at intersection,3,60,Arterial Other,PLENTY,DAREBIN,-37.73083,145.0149,2023,5,May,18,Afternoon Peak,Weekend
T20230012400,2023-05-27,14:00:00,1,Collision with vehicle,6,Saturday,130,REAR END(VEHICLES IN SAME LANE),1,783090,Not at intersection,3,80,Freeway,WEST GATE,HOBSONS BAY,-37.825294,144.8785,2023,5,May,14,Midday,Weekend
T20230014450,2023-05-27,05:30:00,4,Collision with a fixed object,6,Saturday,183,OFF LEFT BEND INTO OBJECT/PARKED VEHICLE,5,777402,Not at intersection,3,100,Local Road,FREESTONE CREEK,WELLINGTON,-37.733414,147.1133,2023,5,May,5,Morning Peak,Weekend
T20230012349,2023-05-27,05:50:00,1,Collision with vehicle,6,Saturday,130,REAR END(VEHICLES IN SAME LANE),3,775176,Not at intersection,3,80,Arterial Other,POUND,CASEY,-38.050148,145.29843,2023,5,May,5,Morning Peak,Weekend
T20230013027,2023-05-27,19:00:00,1,Collision with vehicle,6,Saturday,121,RIGHT THROUGH,3,42409,T intersection,3,60,Arterial Other,CENTRE,KINGSTON,-37.9284,145.11775,2023,5,May,19,Night,Weekend
T20230012399,2023-05-27,16:25:00,1,Collision with vehicle,6,Saturday,130,REAR END(VEHICLES IN SAME LANE),1,776162,Not at intersection,2,60,Freeway,WEST GATE IN-KINGS,MELBOURNE,-37.829273,144.9641,2023,5,May,16,Afternoon Peak,Weekend
T20230012396,2023-05-27,14:00:00,1,Collision with vehicle,6,Saturday,130,REAR END(VEHICLES IN SAME LANE),1,34021,T intersection,3,80,Arterial Highway,BURWOOD,KNOX,-37.870857,145.24144,2023,5,May,14,Midday,Weekend
T20230012346,2023-05-27,03:20:00,4,Collision with a fixed object,6,Saturday,173,RIGHT OFF CARRIAGEWAY INTO OBJECT/PARKED VEHICLE,5,782573,Not at intersection,3,80,Arterial Highway,CALDER,BENDIGO,-36.742096,144.20049,2023,5,May,3,Late Night,Weekend
T20230012379,2023-05-27,10:56:00,1,Collision with vehicle,6,Saturday,137,LEFT TURN SIDESWIPE,1,775576,Not at intersection,2,70,Local Road,MANCHESTER,YARRA RANGES,-37.78018,145.31213,2023,5,May,10,Midday,Weekend
T20230012391,2023-05-27,07:10:00,1,Collision with vehicle,6,Saturday,116,LEFT NEAR (INTERSECTIONS ONLY),1,225371,T intersection,3,60,Arterial Other,BEACH,KINGSTON,-38.008923,145.08601,2023,5,May,7,Morning Peak,Weekend
T20230012413,2023-05-27,22:20:00,4,Collision with a fixed object,6,Saturday,171,LEFT OFF CARRIAGEWAY INTO OBJECT/PARKED VEHICLE,5,777276,Not at intersection,2,100,Local Road,THISTLETHWAITES,WELLINGTON,-37.79348,147.07028,2023,5,May,22,Night,Weekend
T20230012369,2023-05-27,10:35:00,1,Collision with vehicle,6,Saturday,110,CROSS TRAFFIC(INTERSECTIONS ONLY),1,35704,Cross intersection,3,60,Arterial Other,MT ALEXANDER,MOONEE VALLEY,-37.762165,144.92175,2023,5,May,10,Midday,Weekend
T20230012363,2023-05-27,07:30:00,4,Collision with a fixed object,6,Saturday,173,RIGHT OFF CARRIAGEWAY INTO OBJECT/PARKED VEHICLE,1,777240,Not at intersection,3,100,Arterial Highway,PRINCES,GLENELG,-38.26004,141.68048,2023,5,May,7,Morning Peak,Weekend
T20230012433,2023-05-28,07:10:00,1,Collision with vehicle,7,Sunday,110,CROSS TRAFFIC(INTERSECTIONS ONLY),2,36422,Cross intersection,2,60,Arterial Other,MORNINGTON-TYABB,MORNINGTON PENINSULA,-38.238914,145.06592,2023,5,May,7,Morning Peak,Weekend
T20230012456,2023-05-28,08:58:00,2,Struck Pedestrian,7,Sunday,102,FAR SIDE. PED HIT BY VEHICLE FROM THE LEFT,1,278457,Cross intersection,2,50,Local Road,EVERTON,WHITTLESEA,-37.593838,145.09068,2023,5,May,8,Morning Peak,Weekend
T20230012462,2023-05-28,16:15:00,1,Collision with vehicle,7,Sunday,130,REAR END(VEHICLES IN SAME LANE),2,794133,Cross intersection,3,80,Arterial Highway,GOULBURN VALLEY,SHEPPARTON,-36.440872,145.38885,2023,5,May,16,Afternoon Peak,Weekend
T20230012447,2023-05-28,12:45:00,1,Collision with vehicle,7,Sunday,130,REAR END(VEHICLES IN SAME LANE),1,776159,Not at intersection,2,60,Arterial Other,KINGS,BRIMBANK,-37.70455,144.77884,2023,5,May,12,Midday,Weekend
T20230012499,2023-05-28,14:00:00,1,Collision with vehicle,7,Sunday,130,REAR END(VEHICLES IN SAME LANE),1,245297,Not at intersection,3,60,Arterial Other,MIDDLEBOROUGH,WHITEHORSE,-37.80041,145.14212,2023,5,May,14,Midday,Weekend
T20230012503,2023-05-28,12:00:00,1,Collision with vehicle,7,Sunday,110,CROSS TRAFFIC(INTERSECTIONS ONLY),1,39189,Cross intersection,3,50,Local Road,DURHAM,BOROONDARA,-37.828327,145.09093,2023,5,May,12,Midday,Weekend
T20230012473,2023-05-28,20:23:00,1,Collision with vehicle,7,Sunday,113,RIGHT NEAR (INTERSECTIONS ONLY),3,133986,T intersection,2,80,Arterial Highway,NEPEAN,KINGSTON,-37.97673,145.06668,2023,5,May,20,Night,Weekend
T20230012474,2023-05-28,16:25:00,1,Collision with vehicle,7,Sunday,110,CROSS TRAFFIC(INTERSECTIONS ONLY),2,35618,Cross intersection,2,60,Local Road,HAMMOND,DANDENONG,-37.998756,145.20877,2023,5,May,16,Afternoon Peak,Weekend
T20230012450,2023-05-28,12:58:00,1,Collision with vehicle,7,Sunday,120,HEAD ON (NOT OVERTAKING),1,782652,Not at intersection,3,60,Arterial Other,BEACH,BAYSIDE,-37.98163,145.01878,2023,5,May,12,Midday,Weekend
T20230012451,2023-05-28,11:25:00,1,Collision with vehicle,7,Sunday,121,RIGHT THROUGH,1,33759,Cross intersection,2,60,Arterial Highway,DANDENONG,GLEN EIRA,-37.884743,145.06744,2023,5,May,11,Midday,Weekend
T20230012479,2023-05-28,17:42:00,2,Struck Pedestrian,7,Sunday,100,PED NEAR SIDE. PED HIT BY VEHICLE FROM THE RIGHT.,3,777028,Not at intersection,2,50,Local Road,DWYER,HUME,-37.53792,144.95488,2023,5,May,17,Afternoon Peak,Weekend
T20230018355,2023-05-28,15:30:00,1,Collision with vehicle,7,Sunday,130,REAR END(VEHICLES IN SAME LANE),1,239081,Cross intersection,3,70,Arterial Highway,DANDENONG,MONASH,-37.893784,145.09335,2023,5,May,15,Afternoon Peak,Weekend
T20230013259,2023-05-28,04:40:00,1,Collision with vehicle,7,Sunday,110,CROSS TRAFFIC(INTERSECTIONS ONLY),3,782759,Cross intersection,3,60,Arterial Other,BALLAN,WYNDHAM,-37.891468,144.62912,2023,5,May,4,Late Night,Weekend
T20230012534,2023-05-28,22:55:00,1,Collision with vehicle,7,Sunday,121,RIGHT THROUGH,3,600470,Cross intersection,2,80,Arterial Other,BERWICK-CRANBOURNE,CASEY,-38.082443,145.33414,2023,5,May,22,Night,Weekend
T20230012427,2023-05-28,01:45:00,4,Collision with a fixed object,7,Sunday,171,LEFT OFF CARRIAGEWAY INTO OBJECT/PARKED VEHICLE,3,790829,Not at intersection,3,40,Local Road,BARKLY,MARIBYRNONG,-37.79715,144.87494,2023,5,May,1,Late Night,Weekend
T20230012425,2023-05-28,03:44:00,4,Collision with a fixed object,7,Sunday,171,LEFT OFF CARRIAGEWAY INTO OBJECT/PARKED VEHICLE,5,782568,Not at intersection,3,80,Arterial Other,WELLINGTON,CARDINIA,-37.93692,145.40465,2023,5,May,3,Late Night,Weekend
T20230012423,2023-05-28,02:19:00,1,Collision with vehicle,7,Sunday,120,HEAD ON (NOT OVERTAKING),3,779636,Not at intersection,2,60,Arterial Other,TOORAK,STONNINGTON,-37.84165,145.01363,2023,5,May,2,Late Night,Weekend
T20230012884,2023-05-28,17:00:00,1,Collision with vehicle,7,Sunday,147,VEHICLE STRIKES ANOTHER VEH WHILE EMERGING FROM DRIVEWAY,1,776183,Not at intersection,2,50,Arterial Other,NEERIM,GLEN EIRA,-37.886585,145.04063,2023,5,May,17,Afternoon Peak,Weekend
T20230012422,2023-05-28,03:10:00,4,Collision with a fixed object,7,Sunday,175,OFF END OF ROAD/T-INTERSECTION.,3,74190,T intersection,3,50,Arterial Other,VENUS,BASS COAST,-38.637886,145.72437,2023,5,May,3,Late Night,Weekend
T20230012890,2023-05-28,11:00:00,1,Collision with vehicle,7,Sunday,110,CROSS TRAFFIC(INTERSECTIONS ONLY),1,10592,Cross intersection,3,60,Arterial Highway,PRINCES,DANDENONG,-37.933174,145.15694,2023,5,May,11,Midday,Weekend
T20230012416,2023-05-28,01:20:00,1,Collision with vehicle,7,Sunday,121,RIGHT THROUGH,3,29377,Cross intersection,2,40,Arterial Other,KING,MELBOURNE,-37.805504,144.94865,2023,5,May,1,Late Night,Weekend
T20230012437,2023-05-28,05:28:00,1,Collision with vehicle,7,Sunday,120,HEAD ON (NOT OVERTAKING),3,775968,Not at intersection,2,60,Arterial Other,HOPKINS,MELTON,-37.743664,144.70073,2023,5,May,5,Morning Peak,Weekend
T20230012453,2023-05-28,14:14:00,1,Collision with vehicle,7,Sunday,120,HEAD ON (NOT OVERTAKING),1,775232,Not at intersection,2,40,Local Road,CHAPEL,STONNINGTON,-37.84242,144.99503,2023,5,May,14,Midday,Weekend
T20230012455,2023-05-28,07:15:00,4,Collision with a fixed object,7,Sunday,171,LEFT OFF CARRIAGEWAY INTO OBJECT/PARKED VEHICLE,1,61452,T intersection,1,50,Local Road,LINTON,WHITTLESEA,-37.671963,144.9918,2023,5,May,7,Morning Peak,Weekend
T20230012683,2023-05-28,20:15:00,1,Collision with vehicle,7,Sunday,110,CROSS TRAFFIC(INTERSECTIONS ONLY),3,37329,Cross intersection,3,40,Local Road,KILBERRY,CASEY,-38.033024,145.27971,2023,5,May,20,Night,Weekend
T20230012740,2023-05-28,23:40:00,4,Collision with a fixed object,7,Sunday,173,RIGHT OFF CARRIAGEWAY INTO OBJECT/PARKED VEHICLE,3,775439,Not at intersection,3,40,Arterial Other,PLENTY,DAREBIN,-37.741886,145.00911,2023,5,May,23,Night,Weekend
T20230012624,2023-05-28,17:15:00,4,Collision with a fixed object,7,Sunday,179,OTHER ACCIDENTS-OFF STRAIGHT NOT INCLUDED IN DCAs 170-175,2,791852,Not at intersection,3,80,Arterial Other,PLENTY,WHITTLESEA,-37.64904,145.0903,2023,5,May,17,Afternoon Peak,Weekend
T20230013521,2023-05-28,14:40:00,6,Vehicle overturned (no collision),7,Sunday,174,OUT OF CONTROL ON CARRIAGEWAY (ON STRAIGHT),1,776914,Not at intersection,3,50,Local Road,HONEYSUCKLE,BENDIGO,-36.76449,144.26772,2023,5,May,14,Midday,Weekend
T20230012581,2023-05-28,19:24:00,1,Collision with vehicle,7,Sunday,142,LEAVING PARKING,3,782566,Not at intersection,2,60,Arterial Other,SYDNEY,MORELAND,-37.721474,144.96332,2023,5,May,19,Night,Weekend
T20230013862,2023-05-29,09:30:00,1,Collision with vehicle,1,Monday,121,RIGHT THROUGH,1,251575,Not at intersection,3,80,Arterial Highway,CHELTENHAM,DANDENONG,-37.994064,145.17233,2023,5,May,9,Morning Peak,Weekday
T20230012517,2023-05-29,12:25:00,4,Collision with a fixed object,1,Monday,173,RIGHT OFF CARRIAGEWAY INTO OBJECT/PARKED VEHICLE,1,775559,Cross intersection,2,60,Arterial Highway,SPRINGVALE,WHITEHORSE,-37.818336,145.17604,2023,5,May,12,Midday,Weekday
T20230012571,2023-05-29,08:30:00,1,Collision with vehicle,1,Monday,130,REAR END(VEHICLES IN SAME LANE),1,776154,Not at intersection,3,80,Arterial Other,PLENTY,WHITTLESEA,-37.64853,145.09102,2023,5,May,8,Morning Peak,Weekday
T20230015647,2023-05-29,06:35:00,1,Collision with vehicle,1,Monday,133,LANE SIDE SWIPE (VEHICLES IN PARALLEL LANES),3,35764,T intersection,3,50,Arterial Other,BURWOOD,YARRA RANGES,-37.90912,145.35197,2023,5,May,6,Morning Peak,Weekday
T20230012563,2023-05-29,23:15:00,1,Collision with vehicle,1,Monday,113,RIGHT NEAR (INTERSECTIONS ONLY),5,41936,T intersection,2,80,Arterial Highway,BURWOOD,KNOX,-37.885826,145.28426,2023,5,May,23,Night,Weekday
T20230012559,2023-05-29,21:01:00,2,Struck Pedestrian,1,Monday,103,PED PLAYING/LYING/WORKING/STANDING ON CARRIAGEWAY.,3,775234,Not at intersection,2,40,Local Road,WATTLE,STONNINGTON,-37.847736,144.99362,2023,5,May,21,Night,Weekday
T20230012557,2023-05-29,14:30:00,1,Collision with vehicle,1,Monday,130,REAR END(VEHICLES IN SAME LANE),1,29374,Cross intersection,3,60,Arterial Other,VICTORIA,MELBOURNE,-37.80471,144.94514,2023,5,May,14,Midday,Weekday
T20230012555,2023-05-29,20:50:00,1,Collision with vehicle,1,Monday,121,RIGHT THROUGH,3,39697,Cross intersection,3,80,Arterial Highway,MAROONDAH,MAROONDAH,-37.79783,145.25394,2023,5,May,20,Night,Weekday
T20230012551,2023-05-29,19:11:00,4,Collision with a fixed object,1,Monday,173,RIGHT OFF CARRIAGEWAY INTO OBJECT/PARKED VEHICLE,3,782562,T intersection,3,50,Local Road,WENTWORTH,SHEPPARTON,-36.362453,145.38309,2023,5,May,19,Night,Weekday
T20230012546,2023-05-29,16:43:00,7,Fall from or in moving vehicle,1,Monday,190,FELL IN/FROM VEHICLE,1,790834,Not at intersection,2,60,Local Road,HERBERT,DANDENONG,-37.97863,145.21103,2023,5,May,16,Afternoon Peak,Weekday
T20230012707,2023-05-29,21:30:00,8,No collision and no object struck,1,Monday,180,OFF CARRIAGEWAY ON RIGHT BEND,5,782561,Not at intersection,3,50,Arterial Other,YARRA,BOROONDARA,-37.788494,145.018,2023,5,May,21,Night,Weekday
T20230012525,2023-05-29,13:42:00,1,Collision with vehicle,1,Monday,113,RIGHT NEAR (INTERSECTIONS ONLY),1,43055,T intersection,3,60,Local Road,ROBINSON,DANDENONG,-37.98537,145.21133,2023,5,May,13,Midday,Weekday
T20230012516,2023-05-29,10:39:00,1,Collision with vehicle,1,Monday,120,HEAD ON (NOT OVERTAKING),1,775242,Not at intersection,2,60,Arterial Other,GRUBB,GEELONG,-38.215973,144.54378,2023,5,May,10,Midday,Weekday
T20230012515,2023-05-29,10:00:00,1,Collision with vehicle,1,Monday,135,LANE CHANGE LEFT (NOT OVERTAKING),1,776705,Not at intersection,3,100,Arterial Other,DIGGERS REST-COIMADAI,MOORABOOL,-37.623325,144.50606,2023,5,May,10,Midday,Weekday
T20230012513,2023-05-29,08:13:00,1,Collision with vehicle,1,Monday,147,VEHICLE STRIKES ANOTHER VEH WHILE EMERGING FROM DRIVEWAY,1,782558,Not at intersection,3,50,Local Road,BARKLY,MAROONDAH,-37.820564,145.22177,2023,5,May,8,Morning Peak,Weekday
T20230012510,2023-05-29,10:44:00,2,Struck Pedestrian,1,Monday,101,PED EMERGES FROM IN FRONT OF PARKED OR STATIONARY VEHICLE,1,777181,Not at intersection,2,60,Local Road,KIRKHAM,DANDENONG,-37.998882,145.20982,2023,5,May,10,Midday,Weekday
T20230012508,2023-05-29,08:00:00,4,Collision with a fixed object,1,Monday,189,OTHER ACCIDENTS ON CURVE NOT INCLUDED IN DCAs 180-184,2,790833,Not at intersection,3,60,Local Road,MORANG,WHITTLESEA,-37.662174,145.0543,2023,5,May,8,Morning Peak,Weekday
T20230012544,2023-05-29,17:10:00,1,Collision with vehicle,1,Monday,130,REAR END(VEHICLES IN SAME LANE),2,776155,Not at intersection,3,70,Arterial Other,CANTERBURY,MAROONDAH,-37.832474,145.22777,2023,5,May,17,Afternoon Peak,Weekday
T20230012540,2023-05-29,15:17:00,4,Collision with a fixed object,1,Monday,183,OFF LEFT BEND INTO OBJECT/PARKED VEHICLE,1,782559,Not at intersection,3,50,Local Road,TENTERFIELD,MELTON,-37.725803,144.75969,2023,5,May,15,Afternoon Peak,Weekday
T20230012507,2023-05-29,11:00:00,1,Collision with vehicle,1,Monday,130,REAR END(VEHICLES IN SAME LANE),1,221459,Cross intersection,3,60,Arterial Other,SYDNEY,HUME,-37.689503,144.95824,2023,5,May,11,Midday,Weekday
T20230012506,2023-05-29,09:57:00,1,Collision with vehicle,1,Monday,130,REAR END(VEHICLES IN SAME LANE),1,776158,Not at intersection,3,100,Freeway,PRINCES,BAW BAW,-38.17538,145.97633,2023,5,May,9,Morning Peak,Weekday
T20230012505,2023-05-29,09:55:00,1,Collision with vehicle,1,Monday,135,LANE CHANGE LEFT (NOT OVERTAKING),1,775522,Not at intersection,2,80,Arterial Highway,DANDENONG,DANDENONG,-37.99992,145.18019,2023,5,May,9,Morning Peak,Weekday
T20230012504,2023-05-29,11:30:00,1,Collision with vehicle,1,Monday,110,CROSS TRAFFIC(INTERSECTIONS ONLY),1,48303,Cross intersection,2,80,Arterial Highway,SPRINGVALE,DANDENONG,-37.983612,145.1459,2023,5,May,11,Midday,Weekday
T20230012498,2023-05-29,10:15:00,1,Collision with vehicle,1,Monday,121,RIGHT THROUGH,1,54013,Not at intersection,2,60,Arterial Other,HIGH,WHITTLESEA,-37.655163,145.02148,2023,5,May,10,Midday,Weekday