ACCIDENT_NO,ACCIDENT_DATE,ACCIDENT_TIME,ACCIDENT_TYPE,ACCIDENT_TYPE_DESC,DAY_OF_WEEK,DAY_WEEK_DESC,DCA_CODE,DCA_DESC,LIGHT_CONDITION,NODE_ID,ROAD_GEOMETRY_DESC,SEVERITY,SPEED_ZONE,RMA,ROAD_NAME,LGA_NAME,LATITUDE,LONGITUDE,YEAR,MONTH,MONTH_NAME,HOUR,TIME_PERIOD,DAY_TYPE
T20230012494,2023-05-29,09:57:00,2,Struck Pedestrian,1,Monday,100,PED NEAR SIDE. PED HIT BY VEHICLE FROM THE RIGHT.,1,775558,Cross intersection,3,50,Arterial Other,FERNTREE GULLY,MONASH,-37.90559,145.17984,2023,5,May,9,Morning Peak,Weekday
T20230012553,2023-05-29,18:20:00,2,Struck Pedestrian,1,Monday,100,PED NEAR SIDE. PED HIT BY VEHICLE FROM THE RIGHT.,2,39216,Cross intersection,2,60,Local Road,MONT ALBERT,BOROONDARA,-37.820465,145.09831,2023,5,May,18,Afternoon Peak,Weekday
T20230013159,2023-05-29,07:30:00,8,No collision and no object struck,1,Monday,174,OUT OF CONTROL ON CARRIAGEWAY (ON STRAIGHT),9,783038,Not at intersection,3,50,Arterial Other,ST KILDA ROAD SERVICE,PORT PHILLIP,-37.852554,144.98128,2023,5,May,7,Morning Peak,Weekday
T20230012484,2023-05-29,01:00:00,4,Collision with a fixed object,1,Monday,173,RIGHT OFF CARRIAGEWAY INTO OBJECT/PARKED VEHICLE,5,782045,Not at intersection,3,80,Arterial Other,COOLART,MORNINGTON PENINSULA,-38.29826,145.1456,2023,5,May,1,Late Night,Weekday
T20230012485,2023-05-29,00:30:00,4,Collision with a fixed object,1,Monday,171,LEFT OFF CARRIAGEWAY INTO OBJECT/PARKED VEHICLE,3,47712,T intersection,3,60,Local Road,BRIDGEWATER,HUME,-37.6094,144.92804,2023,5,May,0,Late Night,Weekday
T20230012486,2023-05-29,05:20:00,1,Collision with vehicle,1,Monday,121,RIGHT THROUGH,3,41272,T intersection,2,60,Arterial Other,HAWTHORN,GLEN EIRA,-37.881275,145.02306,2023,5,May,5,Morning Peak,Weekday
T20230012487,2023-05-29,06:40:00,1,Collision with vehicle,1,Monday,130,REAR END(VEHICLES IN SAME LANE),6,790831,T intersection,2,60,Arterial Other,MARINE,PORT PHILLIP,-37.8721,144.97644,2023,5,May,6,Morning Peak,Weekday
T20230012491,2023-05-29,06:57:00,4,Collision with a fixed object,1,Monday,179,OTHER ACCIDENTS-OFF STRAIGHT NOT INCLUDED IN DCAs 170-175,2,790832,Not at intersection,3,60,Arterial Highway,BASS,BASS COAST,-38.564114,145.55249,2023,5,May,6,Morning Peak,Weekday
T20230012492,2023-05-29,07:30:00,4,Collision with a fixed object,1,Monday,183,OFF LEFT BEND INTO OBJECT/PARKED VEHICLE,1,775319,Not at intersection,2,80,Arterial Other,WHITTLESEA-YEA,MURRINDINDI,-37.357483,145.2831,2023,5,May,7,Morning Peak,Weekday
T20230012933,2023-05-29,00:12:00,4,Collision with a fixed object,1,Monday,171,LEFT OFF CARRIAGEWAY INTO OBJECT/PARKED VEHICLE,3,302485,Cross intersection,3,80,Local Road,NEALE,MELTON,-37.74439,144.72414,2023,5,May,0,Late Night,Weekday
T20230014154,2023-05-30,19:00:00,1,Collision with vehicle,2,Tuesday,130,REAR END(VEHICLES IN SAME LANE),3,776097,Cross intersection,3,80,Arterial Highway,STUD,KNOX,-37.898987,145.23317,2023,5,May,19,Night,Weekday
T20230012577,2023-05-30,09:47:00,6,Vehicle overturned (no collision),2,Tuesday,172,OFF CARRIAGEWAY TO RIGHT,1,289109,Multiple intersection,3,60,Freeway,WESTERN IN-ROBINSONS,MELTON,-37.794495,144.75275,2023,5,May,9,Morning Peak,Weekday
T20230012574,2023-05-30,08:50:00,2,Struck Pedestrian,2,Tuesday,100,PED NEAR SIDE. PED HIT BY VEHICLE FROM THE RIGHT.,1,775237,Not at intersection,3,60,Arterial Highway,DOVETON,BALLARAT,-37.55752,143.85515,2023,5,May,8,Morning Peak,Weekday
T20230013199,2023-05-30,20:45:00,1,Collision with vehicle,2,Tuesday,140,U TURN,3,777312,Not at intersection,3,60,Local Road,GRENVILLE,BALLARAT,-37.56098,143.86093,2023,5,May,20,Night,Weekday
T20230012573,2023-05-30,07:09:00,1,Collision with vehicle,2,Tuesday,130,REAR END(VEHICLES IN SAME LANE),1,775236,Not at intersection,3,80,Arterial Other,MOUNT MACEDON,MACEDON RANGES,-37.453243,144.58073,2023,5,May,7,Morning Peak,Weekday
T20230012569,2023-05-30,06:20:00,1,Collision with vehicle,2,Tuesday,113,RIGHT NEAR (INTERSECTIONS ONLY),3,42373,T intersection,3,50,Local Road,EAST,MORELAND,-37.715336,144.94933,2023,5,May,6,Morning Peak,Weekday
T20230012596,2023-05-30,13:30:00,1,Collision with vehicle,2,Tuesday,110,CROSS TRAFFIC(INTERSECTIONS ONLY),1,356970,Cross intersection,3,50,Local Road,CONDON,BENDIGO,-36.767902,144.2937,2023,5,May,13,Midday,Weekday
T20230013063,2023-05-30,15:00:00,4,Collision with a fixed object,2,Tuesday,181,OFF RIGHT BEND INTO OBJECT/PARKED VEHICLE,1,775877,Not at intersection,3,100,Arterial Other,WILLOW GROVE,BAW BAW,-38.122223,146.14767,2023,5,May,15,Afternoon Peak,Weekday
T20230012593,2023-05-30,13:30:00,1,Collision with vehicle,2,Tuesday,139,OTHER SAME DIRECTION-MANOUEVRES NOT INCLUDED IN DCAs 130-137,1,782555,Not at intersection,3,60,Arterial Other,MURRAY,DAREBIN,-37.740173,145.02376,2023,5,May,13,Midday,Weekday
T20230013699,2023-05-30,07:30:00,1,Collision with vehicle,2,Tuesday,147,VEHICLE STRIKES ANOTHER VEH WHILE EMERGING FROM DRIVEWAY,1,775872,Not at intersection,3,80,Arterial Other,DERRIMUT,WYNDHAM,-37.819782,144.69357,2023,5,May,7,Morning Peak,Weekday
T20230012584,2023-05-30,12:00:00,2,Struck Pedestrian,2,Tuesday,100,PED NEAR SIDE. PED HIT BY VEHICLE FROM THE RIGHT.,1,777022,Cross intersection,2,70,Arterial Other,CENTRE,GLEN EIRA,-37.921158,145.0591,2023,5,May,12,Midday,Weekday
T20230016975,2023-05-30,14:20:00,2,Struck Pedestrian,2,Tuesday,107,PED ON FOOTHPATH STRUCK BY VEHENTERING/LEAVING DRIVEWAY.,1,781706,Not at intersection,2,50,Local Road,CRIMSON,CASEY,-37.983425,145.23407,2023,5,May,14,Midday,Weekday
T20230012620,2023-05-30,16:40:00,1,Collision with vehicle,2,Tuesday,133,LANE SIDE SWIPE (VEHICLES IN PARALLEL LANES),2,779595,Not at intersection,2,80,Freeway,HUME-METROPOLITAN RING IN,WHITTLESEA,-37.688656,144.98647,2023,5,May,16,Afternoon Peak,Weekday
T20230012611,2023-05-30,16:10:00,6,Vehicle overturned (no collision),2,Tuesday,180,OFF CARRIAGEWAY ON RIGHT BEND,2,775433,Not at intersection,2,60,Arterial Other,HEIDELBERG-KINGLAKE,MURRINDINDI,-37.536785,145.34013,2023,5,May,16,Afternoon Peak,Weekday
T20230012634,2023-05-30,20:30:00,5,collision with some other object,2,Tuesday,166,STRUCK OBJECT ON CARRIAGEWAY,5,782900,Not at intersection,3,60,Local Road,EAST WEST,SOUTHERN GRAMPIANS,-37.397907,142.04822,2023,5,May,20,Night,Weekday
T20230012632,2023-05-30,15:56:00,1,Collision with vehicle,2,Tuesday,160,VEHICLE COLLIDES WITH VEHICLE PARKED ON LEFT OF ROAD,1,779989,Not at intersection,3,60,Arterial Other,ST KILDA,MELBOURNE,-37.845436,144.9789,2023,5,May,15,Afternoon Peak,Weekday
T20230013094,2023-05-30,17:30:00,1,Collision with vehicle,2,Tuesday,130,REAR END(VEHICLES IN SAME LANE),2,776079,Not at intersection,3,60,Local Road,ARDEN,MELBOURNE,-37.800083,144.94186,2023,5,May,17,Afternoon Peak,Weekday
T20230012623,2023-05-30,17:30:00,1,Collision with vehicle,2,Tuesday,130,REAR END(VEHICLES IN SAME LANE),5,775240,Not at intersection,2,100,Freeway,PRINCES,CARDINIA,-38.07694,145.42033,2023,5,May,17,Afternoon Peak,Weekday
T20230012882,2023-05-30,16:50:00,1,Collision with vehicle,2,Tuesday,130,REAR END(VEHICLES IN SAME LANE),1,775489,Not at intersection,3,80,Freeway,METROPOLITAN RING,WHITTLESEA,-37.686382,145.06636,2023,5,May,16,Afternoon Peak,Weekday
T20230013595,2023-05-30,15:28:00,1,Collision with vehicle,2,Tuesday,145,REVERSING IN STREAM OF TRAFFIC,1,782554,Not at intersection,3,50,Local Road,DUNNE,DAREBIN,-37.713444,145.03406,2023,5,May,15,Afternoon Peak,Weekday
T20230012629,2023-05-30,17:42:00,1,Collision with vehicle,2,Tuesday,112,LEFT FAR (INTERSECTIONS ONLY),3,36725,T intersection,2,60,Local Road,HENDERSON,KNOX,-37.902378,145.24811,2023,5,May,17,Afternoon Peak,Weekday
T20230013222,2023-05-30,15:33:00,1,Collision with vehicle,2,Tuesday,130,REAR END(VEHICLES IN SAME LANE),1,775715,Not at intersection,3,60,Arterial Other,BURKE,BOROONDARA,-37.804768,145.06177,2023,5,May,15,Afternoon Peak,Weekday
T20230012600,2023-05-30,12:55:00,2,Struck Pedestrian,2,Tuesday,102,FAR SIDE. PED HIT BY VEHICLE FROM THE LEFT,1,371,T intersection,2,50,Arterial Highway,KINGS,PORT PHILLIP,-37.83561,144.97218,2023,5,May,12,Midday,Weekday
T20230012775,2023-05-30,17:30:00,1,Collision with vehicle,2,Tuesday,135,LANE CHANGE LEFT (NOT OVERTAKING),2,776292,Not at intersection,3,60,Local Road,GARDEN,MONASH,-37.925087,145.14557,2023,5,May,17,Afternoon Peak,Weekday
T20230012618,2023-05-30,18:05:00,1,Collision with vehicle,2,Tuesday,130,REAR END(VEHICLES IN SAME LANE),3,775356,Not at intersection,3,70,Arterial Highway,DANDENONG,GLEN EIRA,-37.860683,145.01262,2023,5,May,18,Afternoon Peak,Weekday
T20230012657,2023-05-30,15:27:00,1,Collision with vehicle,2,Tuesday,110,CROSS TRAFFIC(INTERSECTIONS ONLY),1,43299,Cross intersection,3,50,Local Road,FOWLER,KINGSTON,-38.05267,145.12177,2023,5,May,15,Afternoon Peak,Weekday
T20230012655,2023-05-30,21:45:00,1,Collision with vehicle,2,Tuesday,130,REAR END(VEHICLES IN SAME LANE),3,775482,Not at intersection,2,70,Arterial Other,YAN YEAN,NILLUMBIK,-37.672745,145.12633,2023,5,May,21,Night,Weekday
T20230012644,2023-05-30,23:49:00,1,Collision with vehicle,2,Tuesday,111,RIGHT FAR (INTERSECTIONS ONLY),3,40840,T intersection,3,60,Arterial Highway,BURWOOD,WHITEHORSE,-37.85674,145.18355,2023,5,May,23,Night,Weekday
T20230012979,2023-05-30,17:50:00,1,Collision with vehicle,2,Tuesday,130,REAR END(VEHICLES IN SAME LANE),2,775743,Not at intersection,3,80,Freeway,WEST GATE,HOBSONS BAY,-37.826923,144.89346,2023,5,May,17,Afternoon Peak,Weekday
T20230012627,2023-05-30,17:40:00,1,Collision with vehicle,2,Tuesday,137,LEFT TURN SIDESWIPE,2,30672,T intersection,3,60,Arterial Other,MT ALEXANDER,MOONEE VALLEY,-37.76405,144.92343,2023,5,May,17,Afternoon Peak,Weekday
T20230012639,2023-05-30,21:35:00,7,Fall from or in moving vehicle,2,Tuesday,190,FELL IN/FROM VEHICLE,6,775784,Not at intersection,2,50,Local Road,BORONIA,MELTON,-37.701992,144.73317,2023,5,May,21,Night,Weekday
T20230012594,2023-05-30,13:10:00,1,Collision with vehicle,2,Tuesday,132,RIGHT REAR.,1,777803,Not at intersection,3,60,Arterial Other,GEELONG,GOLDEN PLAINS,-38.04499,144.17719,2023,5,May,13,Midday,Weekday
T20230012580,2023-05-30,06:03:00,1,Collision with vehicle,2,Tuesday,113,RIGHT NEAR (INTERSECTIONS ONLY),3,687056,T intersection,2,80,Arterial Highway,PRINCES,DANDENONG,-37.95264,145.17824,2023,5,May,6,Morning Peak,Weekday
T20230012578,2023-05-30,08:40:00,1,Collision with vehicle,2,Tuesday,110,CROSS TRAFFIC(INTERSECTIONS ONLY),1,61524,Cross intersection,3,50,Local Road,ASH,WHITTLESEA,-37.67475,145.02701,2023,5,May,8,Morning Peak,Weekday
T20230012690,2023-05-31,13:05:00,1,Collision with vehicle,3,Wednesday,113,RIGHT NEAR (INTERSECTIONS ONLY),1,38363,Y intersection,3,70,Arterial Other,HEIDELBERG-WARRANDYTE ROAD -NEWMANS,MANNINGHAM,-37.752068,145.153,2023,5,May,13,Midday,Weekday
T20230012713,2023-05-31,15:00:00,1,Collision with vehicle,3,Wednesday,113,RIGHT NEAR (INTERSECTIONS ONLY),1,65802,T intersection,2,60,Arterial Other,WHITEHORSE,BOROONDARA,-37.81179,145.07259,2023,5,May,15,Afternoon Peak,Weekday
T20230012678,2023-05-31,07:00:00,1,Collision with vehicle,3,Wednesday,134,LANE CHANGE RIGHT (NOT OVERTAKING),2,790836,Not at intersection,3,80,Freeway,WESTERN RING OUT-PASCOE VALE,HUME,-37.693386,144.9056,2023,5,May,7,Morning Peak,Weekday
T20230012728,2023-05-31,18:09:00,4,Collision with a fixed object,3,Wednesday,181,OFF RIGHT BEND INTO OBJECT/PARKED VEHICLE,5,781676,Not at intersection,2,60,Local Road,BRYSONS,MANNINGHAM,-37.753056,145.25586,2023,5,May,18,Afternoon Peak,Weekday
T20230012716,2023-05-31,15:00:00,1,Collision with vehicle,3,Wednesday,130,REAR END(VEHICLES IN SAME LANE),1,70001,T intersection,3,40,Arterial Other,JACKSONS,DANDENONG,-37.94778,145.19188,2023,5,May,15,Afternoon Peak,Weekday
T20230012667,2023-05-31,08:30:00,1,Collision with vehicle,3,Wednesday,133,LANE SIDE SWIPE (VEHICLES IN PARALLEL LANES),1,786415,Not at intersection,2,100,Freeway,WESTERN RING,MORELAND,-37.692204,144.9533,2023,5,May,8,Morning Peak,Weekday
T20230012717,2023-05-31,16:55:00,2,Struck Pedestrian,3,Wednesday,100,PED NEAR SIDE. PED HIT BY VEHICLE FROM THE RIGHT.,2,777263,Not at intersection,2,40,Arterial Highway,NEPEAN,FRANKSTON,-38.143707,145.1208,2023,5,May,16,Afternoon Peak,Weekday
T20230017609,2023-05-31,16:20:00,1,Collision with vehicle,3,Wednesday,123,RIGHT/LEFT. ONE VEH TURNING RIGHT THE OTHER LEFT.,2,790856,Cross intersection,3,70,Local Road,PIPE,WYNDHAM,-37.8188,144.81906,2023,5,May,16,Afternoon Peak,Weekday
T20230012817,2023-05-31,20:40:00,5,collision with some other object,3,Wednesday,166,STRUCK OBJECT ON CARRIAGEWAY,3,775742,Not at intersection,3,50,Local Road,ARTHUR,NILLUMBIK,-37.715206,145.1553,2023,5,May,20,Night,Weekday
T20230012718,2023-05-31,16:40:00,2,Struck Pedestrian,3,Wednesday,102,FAR SIDE. PED HIT BY VEHICLE FROM THE LEFT,1,777585,Not at intersection,2,60,Local Road,POATH,GLEN EIRA,-37.890537,145.07751,2023,5,May,16,Afternoon Peak,Weekday
T20230012715,2023-05-31,15:00:00,1,Collision with vehicle,3,Wednesday,110,CROSS TRAFFIC(INTERSECTIONS ONLY),1,70662,Multiple intersection,3,70,Arterial Highway,WOODLANDS,KINGSTON,-37.98769,145.11761,2023,5,May,15,Afternoon Peak,Weekday
T20230013228,2023-05-31,06:50:00,1,Collision with vehicle,3,Wednesday,160,VEHICLE COLLIDES WITH VEHICLE PARKED ON LEFT OF ROAD,2,790848,Not at intersection,2,60,Local Road,HUME,WYNDHAM,-37.822235,144.79721,2023,5,May,6,Morning Peak,Weekday
T20230012875,2023-05-31,15:00:00,1,Collision with vehicle,3,Wednesday,142,LEAVING PARKING,1,781675,Not at intersection,3,60,Local Road,CHERRY,WYNDHAM,-37.836746,144.79744,2023,5,May,15,Afternoon Peak,Weekday
T20230024583,2023-05-31,08:30:00,1,Collision with vehicle,3,Wednesday,134,LANE CHANGE RIGHT (NOT OVERTAKING),9,783565,T intersection,3,60,Arterial Highway,WARRIGAL,KINGSTON,-37.931206,145.08104,2023,5,May,8,Morning Peak,Weekday
T20230016458,2023-05-31,10:00:00,1,Collision with vehicle,3,Wednesday,113,RIGHT NEAR (INTERSECTIONS ONLY),1,777294,Cross intersection,3,40,Local Road,GLASGOW,YARRA,-37.80714,144.98798,2023,5,May,10,Midday,Weekday
T20230012806,2023-05-31,08:10:00,4,Collision with a fixed object,3,Wednesday,171,LEFT OFF CARRIAGEWAY INTO OBJECT/PARKED VEHICLE,1,777342,Not at intersection,3,50,Local Road,FITZGERALD,BOROONDARA,-37.80768,145.09958,2023,5,May,8,Morning Peak,Weekday
T20230012726,2023-05-31,16:55:00,1,Collision with vehicle,3,Wednesday,130,REAR END(VEHICLES IN SAME LANE),2,776365,Not at intersection,3,60,Arterial Other,COOPER,WHITTLESEA,-37.651882,145.0237,2023,5,May,16,Afternoon Peak,Weekday
T20230012723,2023-05-31,16:00:00,2,Struck Pedestrian,3,Wednesday,100,PED NEAR SIDE. PED HIT BY VEHICLE FROM THE RIGHT.,2,775438,Not at intersection,3,50,Local Road,ERICA,GEELONG,-38.076813,144.3419,2023,5,May,16,Afternoon Peak,Weekday
T20230012722,2023-05-31,13:50:00,4,Collision with a fixed object,3,Wednesday,171,LEFT OFF CARRIAGEWAY INTO OBJECT/PARKED VEHICLE,1,775462,Not at intersection,2,100,Local Road,MOYSTON WEST,ARARAT,-37.28752,142.73874,2023,5,May,13,Midday,Weekday
T20230012928,2023-05-31,06:55:00,1,Collision with vehicle,3,Wednesday,130,REAR END(VEHICLES IN SAME LANE),2,779196,Not at intersection,3,100,Freeway,WESTERN RING,BRIMBANK,-37.733963,144.85341,2023,5,May,6,Morning Peak,Weekday
T20230014163,2023-05-31,07:23:00,1,Collision with vehicle,3,Wednesday,130,REAR END(VEHICLES IN SAME LANE),2,777100,Not at intersection,3,80,Local Road,LEAKES,WYNDHAM,-37.839447,144.74721,2023,5,May,7,Morning Peak,Weekday
T20230012692,2023-05-31,14:10:00,1,Collision with vehicle,3,Wednesday,121,RIGHT THROUGH,1,20857,T intersection,3,70,Arterial Other,MONASH,LATROBE,-38.312553,146.41978,2023,5,May,14,Midday,Weekday
T20230012720,2023-05-31,17:00:00,1,Collision with vehicle,3,Wednesday,110,CROSS TRAFFIC(INTERSECTIONS ONLY),2,52525,Cross intersection,3,60,Local Road,COWRA,MILDURA,-34.205963,142.17702,2023,5,May,17,Afternoon Peak,Weekday
T20230012734,2023-05-31,16:59:00,4,Collision with a fixed object,3,Wednesday,173,RIGHT OFF CARRIAGEWAY INTO OBJECT/PARKED VEHICLE,1,781674,Not at intersection,3,70,Arterial Highway,WELLINGTON,MONASH,-37.921394,145.18057,2023,5,May,16,Afternoon Peak,Weekday
T20230012742,2023-05-31,22:09:00,4,Collision with a fixed object,3,Wednesday,173,RIGHT OFF CARRIAGEWAY INTO OBJECT/PARKED VEHICLE,3,781047,Not at intersection,2,100,Freeway,MONASH,MONASH,-37.906815,145.15813,2023,5,May,22,Night,Weekday
T20230012647,2023-05-31,05:18:00,1,Collision with vehicle,3,Wednesday,149,OTHER MANOEUVRING NOT INCLUDED IN DCAs 140-148,3,47778,Not at intersection,3,80,Arterial Other,BALLARAT,MARIBYRNONG,-37.780167,144.85591,2023,5,May,5,Morning Peak,Weekday
T20230012745,2023-05-31,19:50:00,2,Struck Pedestrian,3,Wednesday,101,PED EMERGES FROM IN FRONT OF PARKED OR STATIONARY VEHICLE,3,223523,T intersection,1,60,Arterial Other,ST GEORGES,YARRA,-37.780506,144.98624,2023,5,May,19,Night,Weekday
T20230012654,2023-05-31,08:39:00,4,Collision with a fixed object,3,Wednesday,171,LEFT OFF CARRIAGEWAY INTO OBJECT/PARKED VEHICLE,1,781672,Not at intersection,3,80,Local Road,OLYMPIC,BENDIGO,-36.76309,144.22362,2023,5,May,8,Morning Peak,Weekday
T20230012705,2023-05-31,13:33:00,1,Collision with vehicle,3,Wednesday,133,LANE SIDE SWIPE (VEHICLES IN PARALLEL LANES),1,38736,Not at intersection,3,60,Arterial Other,BALLARAT,MARIBYRNONG,-37.79223,144.89297,2023,5,May,13,Midday,Weekday
T20230012702,2023-05-31,12:40:00,2,Struck Pedestrian,3,Wednesday,100,PED NEAR SIDE. PED HIT BY VEHICLE FROM THE RIGHT.,1,775647,Not at intersection,2,60,Arterial Highway,CHELTENHAM,DANDENONG,-37.995213,145.18156,2023,5,May,12,Midday,Weekday
T20230012700,2023-05-31,14:40:00,4,Collision with a fixed object,3,Wednesday,171,LEFT OFF CARRIAGEWAY INTO OBJECT/PARKED VEHICLE,1,775560,Not at intersection,2,50,Local Road,STOCKWELL,BRIMBANK,-37.713966,144.7938,2023,5,May,14,Midday,Weekday
T20230012699,2023-05-31,14:00:00,4,Collision with a fixed object,3,Wednesday,183,OFF LEFT BEND INTO OBJECT/PARKED VEHICLE,1,776555,Not at intersection,2,100,Local Road,BULN BULN,BAW BAW,-38.11784,145.88852,2023,5,May,14,Midday,Weekday
T20230012697,2023-05-31,13:55:00,1,Collision with vehicle,3,Wednesday,130,REAR END(VEHICLES IN SAME LANE),1,793922,Not at intersection,3,80,Arterial Other,THOMPSONS,CASEY,-38.077774,145.24036,2023,5,May,13,Midday,Weekday
T20230012747,2023-05-31,22:20:00,1,Collision with vehicle,3,Wednesday,130,REAR END(VEHICLES IN SAME LANE),3,38785,T intersection,3,60,Arterial Highway,BALLARAT,MARIBYRNONG,-37.79497,144.90431,2023,5,May,22,Night,Weekday
T20230012691,2023-05-31,11:30:00,1,Collision with vehicle,3,Wednesday,130,REAR END(VEHICLES IN SAME LANE),1,790837,Not at intersection,3,80,Arterial Other,HIGH,CASEY,-38.039238,145.35977,2023,5,May,11,Midday,Weekday
T20230013186,2023-06-01,15:00:00,2,Struck Pedestrian,4,Thursday,102,FAR SIDE. PED HIT BY VEHICLE FROM THE LEFT,1,668593,Cross intersection,3,80,Arterial Other,CRANBOURNE-FRANKSTON ROAD -SLADEN,CASEY,-38.110874,145.26492,2023,6,June,15,Afternoon Peak,Weekday
T20230012793,2023-06-01,14:00:00,6,Vehicle overturned (no collision),4,Thursday,174,OUT OF CONTROL ON CARRIAGEWAY (ON STRAIGHT),1,38767,Not at intersection,2,60,Local Road,BARKLY,MARIBYRNONG,-37.799713,144.89958,2023,6,June,14,Midday,Weekday
T20230012803,2023-06-01,12:30:00,1,Collision with vehicle,4,Thursday,121,RIGHT THROUGH,1,45428,T intersection,2,40,Arterial Other,MT ALEXANDER,MOONEE VALLEY,-37.76995,144.92587,2023,6,June,12,Midday,Weekday
T20230012830,2023-06-01,21:30:00,4,Collision with a fixed object,4,Thursday,173,RIGHT OFF CARRIAGEWAY INTO OBJECT/PARKED VEHICLE,3,776213,Not at intersection,3,60,Arterial Highway,WARRIGAL,STONNINGTON,-37.88388,145.09,2023,6,June,21,Night,Weekday
T20230012791,2023-06-01,12:45:00,1,Collision with vehicle,4,Thursday,121,RIGHT THROUGH,1,53578,Multiple intersection,2,100,Arterial Highway,LODDON VALLEY,BENDIGO,-36.670143,144.19687,2023,6,June,12,Midday,Weekday
T20230012811,2023-06-01,15:50:00,1,Collision with vehicle,4,Thursday,130,REAR END(VEHICLES IN SAME LANE),1,794136,Not at intersection,3,100,Arterial Other,WANGARATTA-YARRAWONGA,WANGARATTA,-36.28721,146.25874,2023,6,June,15,Afternoon Peak,Weekday
T20230014162,2023-06-01,08:10:00,1,Collision with vehicle,4,Thursday,130,REAR END(VEHICLES IN SAME LANE),2,778266,Not at intersection,3,100,Freeway,CANTERBURY-EASTLINK OUT,MAROONDAH,-37.83446,145.21799,2023,6,June,8,Morning Peak,Weekday
T20230012863,2023-06-01,17:40:00,1,Collision with vehicle,4,Thursday,130,REAR END(VEHICLES IN SAME LANE),3,775488,Not at intersection,3,80,Arterial Highway,BURWOOD,KNOX,-37.862156,145.21405,2023,6,June,17,Afternoon Peak,Weekday
T20230012858,2023-06-01,14:08:00,1,Collision with vehicle,4,Thursday,162,ACCIDENT OR BROKEN DOWN,1,790841,Not at intersection,3,70,Arterial Highway,PRINCES HIGHWAY,DANDENONG,-37.99502,145.21732,2023,6,June,14,Midday,Weekday
T20230012751,2023-06-01,03:15:00,1,Collision with vehicle,4,Thursday,160,VEHICLE COLLIDES WITH VEHICLE PARKED ON LEFT OF ROAD,3,780592,Not at intersection,3,50,Local Road,LOCKSLEY,BANYULE,-37.765503,145.05283,2023,6,June,3,Late Night,Weekday
T20230012852,2023-06-01,15:25:00,1,Collision with vehicle,4,Thursday,132,RIGHT REAR.,1,46494,T intersection,3,40,Local Road,OBAN,MAROONDAH,-37.79304,145.22865,2023,6,June,15,Afternoon Peak,Weekday
T20230013060,2023-06-01,09:30:00,1,Collision with vehicle,4,Thursday,110,CROSS TRAFFIC(INTERSECTIONS ONLY),2,45247,Cross intersection,3,50,Local Road,COOPER,MOONEE VALLEY,-37.742935,144.89867,2023,6,June,9,Morning Peak,Weekday
T20230013010,2023-06-01,17:35:00,1,Collision with vehicle,4,Thursday,130,REAR END(VEHICLES IN SAME LANE),3,776363,Not at intersection,3,100,Freeway,WESTERN RING,HUME,-37.693687,144.90546,2023,6,June,17,Afternoon Peak,Weekday
T20230012760,2023-06-01,07:25:00,1,Collision with vehicle,4,Thursday,121,RIGHT THROUGH,1,775484,Not at intersection,3,50,Local Road,NEWMAN,WANGARATTA,-36.366043,146.3085,2023,6,June,7,Morning Peak,Weekday
T20230012761,2023-06-01,06:45:00,1,Collision with vehicle,4,Thursday,160,VEHICLE COLLIDES WITH VEHICLE PARKED ON LEFT OF ROAD,2,782489,Not at intersection,2,50,Local Road,FRANKSTON GARDENS,FRANKSTON,-38.101814,145.15968,2023,6,June,6,Morning Peak,Weekday
T20230012825,2023-06-01,17:34:00,1,Collision with vehicle,4,Thursday,110,CROSS TRAFFIC(INTERSECTIONS ONLY),2,339861,Cross intersection,2,100,Arterial Highway,MIDLAND,SHEPPARTON,-36.411526,145.24104,2023,6,June,17,Afternoon Peak,Weekday
T20230012762,2023-06-01,06:21:00,1,Collision with vehicle,4,Thursday,134,LANE CHANGE RIGHT (NOT OVERTAKING),2,795038,Not at intersection,2,100,Freeway,PRINCES,WYNDHAM,-37.83433,144.80664,2023,6,June,6,Morning Peak,Weekday
T20230012765,2023-06-01,08:50:00,1,Collision with vehicle,4,Thursday,130,REAR END(VEHICLES IN SAME LANE),1,775441,Not at intersection,3,80,Arterial Other,CRANBOURNE,CASEY,-38.06614,145.29875,2023,6,June,8,Morning Peak,Weekday
T20230012805,2023-06-01,13:20:00,1,Collision with vehicle,4,Thursday,110,CROSS TRAFFIC(INTERSECTIONS ONLY),1,30168,Cross intersection,3,40,Local Road,BRIGHT,BENDIGO,-36.72218,144.26454,2023,6,June,13,Midday,Weekday
T20230012808,2023-06-01,13:54:00,1,Collision with vehicle,4,Thursday,130,REAR END(VEHICLES IN SAME LANE),1,775461,Not at intersection,2,80,Local Road,SEDGWICK,BENDIGO,-36.834515,144.30486,2023,6,June,13,Midday,Weekday
T20230012833,2023-06-01,18:40:00,2,Struck Pedestrian,4,Thursday,102,FAR SIDE. PED HIT BY VEHICLE FROM THE LEFT,9,783940,Not at intersection,3,50,Local Road,STATION,KINGSTON,-37.950993,145.04388,2023,6,June,18,Afternoon Peak,Weekday
T20230012776,2023-06-01,08:00:00,1,Collision with vehicle,4,Thursday,134,LANE CHANGE RIGHT (NOT OVERTAKING),2,140180,Not at intersection,2,100,Freeway,MONASH,MONASH,-37.926918,145.18211,2023,6,June,8,Morning Peak,Weekday
T20230012778,2023-06-01,08:50:00,2,Struck Pedestrian,4,Thursday,102,FAR SIDE. PED HIT BY VEHICLE FROM THE LEFT,1,278545,Cross intersection,2,60,Arterial Other,SAYERS,WYNDHAM,-37.854046,144.74696,2023,6,June,8,Morning Peak,Weekday
T20230013073,2023-06-01,10:20:00,2,Struck Pedestrian,4,Thursday,106,VEH STRIKES PED ON FOOTPATH/MEDIAN/TRAFFIC ISLAND.,1,40362,T intersection,3,60,Local Road,AUBURN,BOROONDARA,-37.83517,145.0427,2023,6,June,10,Midday,Weekday