ACCIDENT_NO,ACCIDENT_DATE,ACCIDENT_TIME,ACCIDENT_TYPE,ACCIDENT_TYPE_DESC,DAY_OF_WEEK,DAY_WEEK_DESC,DCA_CODE,DCA_DESC,LIGHT_CONDITION,NODE_ID,ROAD_GEOMETRY_DESC,SEVERITY,SPEED_ZONE,RMA,ROAD_NAME,LGA_NAME,LATITUDE,LONGITUDE,YEAR,MONTH,MONTH_NAME,HOUR,TIME_PERIOD,DAY_TYPE
T20230012836,2023-06-01,00:30:00,3,Struck animal,4,Thursday,167,STRUCK ANIMAL,5,775487,Not at intersection,3,80,Local Road,FINCHS,BALLARAT,-37.56896,143.75456,2023,6,June,0,Late Night,Weekday
T20230015631,2023-06-01,11:49:00,1,Collision with vehicle,4,Thursday,130,REAR END(VEHICLES IN SAME LANE),1,336576,Cross intersection,3,80,Arterial Other,FERNTREE GULLY,KNOX,-37.900734,145.21971,2023,6,June,11,Midday,Weekday
T20230013951,2023-06-01,07:45:00,1,Collision with vehicle,4,Thursday,130,REAR END(VEHICLES IN SAME LANE),1,776017,Cross intersection,2,60,Arterial Other,CENTRE,KINGSTON,-37.92742,145.10983,2023,6,June,7,Morning Peak,Weekday
T20230012873,2023-06-01,16:53:00,1,Collision with vehicle,4,Thursday,121,RIGHT THROUGH,1,33698,Cross intersection,3,80,Arterial Highway,BURWOOD,KNOX,-37.87187,145.24396,2023,6,June,16,Afternoon Peak,Weekday
T20230012834,2023-06-01,19:18:00,1,Collision with vehicle,4,Thursday,150,HEAD ON(OVERTAKING),5,780275,Not at intersection,1,80,Arterial Other,DUNCANS,WYNDHAM,-37.918045,144.6927,2023,6,June,19,Night,Weekday
T20230012816,2023-06-01,16:51:00,4,Collision with a fixed object,4,Thursday,171,LEFT OFF CARRIAGEWAY INTO OBJECT/PARKED VEHICLE,2,775648,Cross intersection,3,40,Local Road,EDGAR,STONNINGTON,-37.856377,145.04521,2023,6,June,16,Afternoon Peak,Weekday
T20230012798,2023-06-01,11:41:00,1,Collision with vehicle,4,Thursday,110,CROSS TRAFFIC(INTERSECTIONS ONLY),1,43715,Cross intersection,2,60,Local Road,COBURNS,MELTON,-37.69429,144.56635,2023,6,June,11,Midday,Weekday
T20230012781,2023-06-01,10:15:00,1,Collision with vehicle,4,Thursday,110,CROSS TRAFFIC(INTERSECTIONS ONLY),1,30008,Cross intersection,3,50,Arterial Other,STURT,BALLARAT,-37.55988,143.84145,2023,6,June,10,Midday,Weekday
T20230014894,2023-06-02,19:00:00,1,Collision with vehicle,5,Friday,110,CROSS TRAFFIC(INTERSECTIONS ONLY),3,73511,Cross intersection,3,60,Arterial Other,QUEEN,COLAC OTWAY,-38.340725,143.59242,2023,6,June,19,Night,Weekday
T20230014932,2023-06-02,16:58:00,1,Collision with vehicle,5,Friday,110,CROSS TRAFFIC(INTERSECTIONS ONLY),2,233917,Cross intersection,3,60,Local Road,DAVIS,WYNDHAM,-37.815388,144.65686,2023,6,June,16,Afternoon Peak,Weekday
T20230012868,2023-06-02,08:30:00,1,Collision with vehicle,5,Friday,110,CROSS TRAFFIC(INTERSECTIONS ONLY),2,38167,Cross intersection,3,60,Arterial Other,SOUTHERN,BANYULE,-37.74272,145.05386,2023,6,June,8,Morning Peak,Weekday
T20230012867,2023-06-02,09:00:00,1,Collision with vehicle,5,Friday,130,REAR END(VEHICLES IN SAME LANE),1,775526,Not at intersection,2,70,Arterial Other,PORTARLINGTON,GEELONG,-38.167946,144.42345,2023,6,June,9,Morning Peak,Weekday
T20230012866,2023-06-02,11:37:00,2,Struck Pedestrian,5,Friday,103,PED PLAYING/LYING/WORKING/STANDING ON CARRIAGEWAY.,1,50029,T intersection,3,40,Local Road,MOORABOOL,GEELONG,-38.158554,144.35556,2023,6,June,11,Midday,Weekday
T20230012864,2023-06-02,09:00:00,1,Collision with vehicle,5,Friday,121,RIGHT THROUGH,2,338623,Cross intersection,3,60,Arterial Other,HALLAM,CASEY,-38.035698,145.26736,2023,6,June,9,Morning Peak,Weekday
T20230012859,2023-06-02,08:00:00,1,Collision with vehicle,5,Friday,110,CROSS TRAFFIC(INTERSECTIONS ONLY),2,29807,Cross intersection,2,50,Local Road,DALEY,MORELAND,-37.696724,144.92482,2023,6,June,8,Morning Peak,Weekday
T20230012854,2023-06-02,08:30:00,1,Collision with vehicle,5,Friday,130,REAR END(VEHICLES IN SAME LANE),2,352248,Cross intersection,3,80,Arterial Other,THOMPSONS,CASEY,-38.078243,145.24406,2023,6,June,8,Morning Peak,Weekday
T20230012846,2023-06-02,06:50:00,1,Collision with vehicle,5,Friday,121,RIGHT THROUGH,1,35517,Cross intersection,3,60,Arterial Other,RIVERSDALE,BOROONDARA,-37.83421,145.08136,2023,6,June,6,Morning Peak,Weekday
T20230012844,2023-06-02,06:20:00,2,Struck Pedestrian,5,Friday,102,FAR SIDE. PED HIT BY VEHICLE FROM THE LEFT,2,792221,Not at intersection,3,60,Arterial Highway,BELL,DAREBIN,-37.74547,145.00603,2023,6,June,6,Morning Peak,Weekday
T20230012841,2023-06-02,02:10:00,1,Collision with vehicle,5,Friday,130,REAR END(VEHICLES IN SAME LANE),3,776355,Not at intersection,3,50,Local Road,REYNOLDS,MORELAND,-37.738625,144.94034,2023,6,June,2,Late Night,Weekday
T20230012838,2023-06-02,01:00:00,1,Collision with vehicle,5,Friday,160,VEHICLE COLLIDES WITH VEHICLE PARKED ON LEFT OF ROAD,3,776816,Not at intersection,3,60,Arterial Other,BRUNSWICK,MORELAND,-37.775475,144.947,2023,6,June,1,Late Night,Weekday
T20230013033,2023-06-02,17:57:00,1,Collision with vehicle,5,Friday,163,VEHICLE STRIKES DOOR OF PARKED/STATIONARY VEHICLE,3,776076,Not at intersection,3,40,Local Road,LENNOX,YARRA,-37.824715,144.99347,2023,6,June,17,Afternoon Peak,Weekday
T20230012941,2023-06-02,22:54:00,8,No collision and no object struck,5,Friday,184,OUT OF CONTROL ON CARRIAGEWAY (ON BEND),3,778027,Not at intersection,3,60,Arterial Other,JOLIMONT,MELBOURNE,-37.817986,144.97865,2023,6,June,22,Night,Weekday
T20230012878,2023-06-02,12:10:00,1,Collision with vehicle,5,Friday,147,VEHICLE STRIKES ANOTHER VEH WHILE EMERGING FROM DRIVEWAY,1,775937,Not at intersection,3,60,Local Road,QUEENS,DANDENONG,-37.949135,145.15247,2023,6,June,12,Midday,Weekday
T20230013105,2023-06-02,11:00:00,1,Collision with vehicle,5,Friday,136,RIGHT TURN SIDESWIPE,1,776117,Not at intersection,3,50,Arterial Highway,HIGH,PYRENEES,-37.08864,143.47388,2023,6,June,11,Midday,Weekday
T20230012943,2023-06-02,18:38:00,1,Collision with vehicle,5,Friday,140,U TURN,3,775528,T intersection,3,40,Local Road,BOURKE,MELBOURNE,-37.811768,144.97165,2023,6,June,18,Afternoon Peak,Weekday
T20230013162,2023-06-02,21:20:00,4,Collision with a fixed object,5,Friday,173,RIGHT OFF CARRIAGEWAY INTO OBJECT/PARKED VEHICLE,3,783459,Not at intersection,2,50,Local Road,LINCOLN,CARDINIA,-38.069157,145.38919,2023,6,June,21,Night,Weekday
T20230012888,2023-06-02,14:39:00,4,Collision with a fixed object,5,Friday,173,RIGHT OFF CARRIAGEWAY INTO OBJECT/PARKED VEHICLE,1,776252,Not at intersection,2,80,Freeway,WESTERN RING IN-MELROSE,BRIMBANK,-37.708595,144.88564,2023,6,June,14,Midday,Weekday
T20230012925,2023-06-02,06:10:00,1,Collision with vehicle,5,Friday,160,VEHICLE COLLIDES WITH VEHICLE PARKED ON LEFT OF ROAD,2,781412,Not at intersection,3,50,Arterial Other,CHANDLER,DANDENONG,-37.9935,145.18205,2023,6,June,6,Morning Peak,Weekday
T20230012845,2023-06-02,07:45:00,2,Struck Pedestrian,5,Friday,102,FAR SIDE. PED HIT BY VEHICLE FROM THE LEFT,2,783249,T intersection,2,60,Local Road,CUTHBERTS,BALLARAT,-37.553665,143.7992,2023,6,June,7,Morning Peak,Weekday
T20230012927,2023-06-02,16:20:00,1,Collision with vehicle,5,Friday,131,LEFT REAR,1,775785,Not at intersection,3,80,Arterial Other,DUNCANS,WYNDHAM,-37.929737,144.70511,2023,6,June,16,Afternoon Peak,Weekday
T20230012957,2023-06-02,17:15:00,1,Collision with vehicle,5,Friday,132,RIGHT REAR.,2,776628,Not at intersection,3,60,Arterial Highway,SOUTH GIPPSLAND,CASEY,-38.121284,145.28813,2023,6,June,17,Afternoon Peak,Weekday
T20230012887,2023-06-02,14:42:00,1,Collision with vehicle,5,Friday,130,REAR END(VEHICLES IN SAME LANE),1,794142,Not at intersection,3,60,Arterial Other,MOUNT DANDENONG TOURIST,YARRA RANGES,-37.810127,145.3428,2023,6,June,14,Midday,Weekday
T20230012904,2023-06-02,18:20:00,1,Collision with vehicle,5,Friday,135,LANE CHANGE LEFT (NOT OVERTAKING),2,783427,Not at intersection,2,60,Arterial Other,DONCASTER,BOROONDARA,-37.792564,145.07024,2023,6,June,18,Afternoon Peak,Weekday
T20230016106,2023-06-02,21:44:00,1,Collision with vehicle,5,Friday,130,REAR END(VEHICLES IN SAME LANE),3,779421,Not at intersection,3,80,Arterial Highway,SPRINGVALE,MONASH,-37.90377,145.16136,2023,6,June,21,Night,Weekday
T20230012871,2023-06-02,08:54:00,1,Collision with vehicle,5,Friday,134,LANE CHANGE RIGHT (NOT OVERTAKING),1,250019,Cross intersection,2,60,Arterial Other,ST GEORGES,YARRA,-37.781033,144.9858,2023,6,June,8,Morning Peak,Weekday
T20230012869,2023-06-02,09:45:00,4,Collision with a fixed object,5,Friday,171,LEFT OFF CARRIAGEWAY INTO OBJECT/PARKED VEHICLE,1,794609,Not at intersection,1,100,Arterial Other,COLAC-BALLARAT,GOLDEN PLAINS,-37.827965,143.75542,2023,6,June,9,Morning Peak,Weekday
T20230012902,2023-06-02,17:05:00,1,Collision with vehicle,5,Friday,163,VEHICLE STRIKES DOOR OF PARKED/STATIONARY VEHICLE,3,239002,Not at intersection,3,40,Local Road,CHAPEL,STONNINGTON,-37.842472,144.99503,2023,6,June,17,Afternoon Peak,Weekday
T20230012906,2023-06-02,18:10:00,2,Struck Pedestrian,5,Friday,106,VEH STRIKES PED ON FOOTPATH/MEDIAN/TRAFFIC ISLAND.,2,325897,Cross intersection,3,40,Arterial Highway,NEPEAN,FRANKSTON,-38.145245,145.11992,2023,6,June,18,Afternoon Peak,Weekday
T20230012920,2023-06-02,13:45:00,1,Collision with vehicle,5,Friday,121,RIGHT THROUGH,1,356756,T intersection,2,70,Local Road,THOMAS,DANDENONG,-37.991882,145.21552,2023,6,June,13,Midday,Weekday
T20230012918,2023-06-02,15:38:00,1,Collision with vehicle,5,Friday,130,REAR END(VEHICLES IN SAME LANE),1,670521,Cross intersection,3,60,Arterial Highway,ALEXANDRA,YARRA,-37.793056,144.9758,2023,6,June,15,Afternoon Peak,Weekday
T20230012930,2023-06-02,20:00:00,3,Struck animal,5,Friday,167,STRUCK ANIMAL,5,776253,Not at intersection,3,100,Local Road,IRREWILLIPE,COLAC OTWAY,-38.412224,143.45459,2023,6,June,20,Night,Weekday
T20230012901,2023-06-02,16:30:00,1,Collision with vehicle,5,Friday,163,VEHICLE STRIKES DOOR OF PARKED/STATIONARY VEHICLE,1,775491,Not at intersection,3,40,Arterial Other,TOORAK,STONNINGTON,-37.838978,144.99153,2023,6,June,16,Afternoon Peak,Weekday
T20230012900,2023-06-02,14:38:00,1,Collision with vehicle,5,Friday,130,REAR END(VEHICLES IN SAME LANE),1,790842,Not at intersection,3,80,Freeway,BEACONSFIELD-NAR NAR GOON,CARDINIA,-38.05532,145.38109,2023,6,June,14,Midday,Weekday
T20230012898,2023-06-02,16:40:00,1,Collision with vehicle,5,Friday,133,LANE SIDE SWIPE (VEHICLES IN PARALLEL LANES),2,775490,Not at intersection,3,60,Arterial Other,CENTRE,KINGSTON,-37.929844,145.1295,2023,6,June,16,Afternoon Peak,Weekday
T20230012894,2023-06-02,14:30:00,1,Collision with vehicle,5,Friday,116,LEFT NEAR (INTERSECTIONS ONLY),1,42570,Cross intersection,3,60,Arterial Other,POLICE,MONASH,-37.93499,145.17162,2023,6,June,14,Midday,Weekday
T20230012893,2023-06-02,15:06:00,2,Struck Pedestrian,5,Friday,100,PED NEAR SIDE. PED HIT BY VEHICLE FROM THE RIGHT.,1,57311,Cross intersection,1,60,Arterial Highway,ANZAC AVENUE -TALLAROOK,MITCHELL,-37.02518,145.1351,2023,6,June,15,Afternoon Peak,Weekday
T20230012958,2023-06-02,13:21:00,1,Collision with vehicle,5,Friday,171,LEFT OFF CARRIAGEWAY INTO OBJECT/PARKED VEHICLE,1,775948,Not at intersection,3,80,Arterial Highway,LONSDALE STREET SERVICE,DANDENONG,-37.997856,145.22087,2023,6,June,13,Midday,Weekday
T20230013337,2023-06-02,16:00:00,1,Collision with vehicle,5,Friday,130,REAR END(VEHICLES IN SAME LANE),2,794137,Not at intersection,3,100,Freeway,PRINCES,CARDINIA,-38.077908,145.42693,2023,6,June,16,Afternoon Peak,Weekday
T20230012912,2023-06-02,17:10:00,1,Collision with vehicle,5,Friday,130,REAR END(VEHICLES IN SAME LANE),3,775561,T intersection,2,50,Local Road,PAUL,WHITEHORSE,-37.84061,145.1655,2023,6,June,17,Afternoon Peak,Weekday
T20230012905,2023-06-02,13:44:00,1,Collision with vehicle,5,Friday,130,REAR END(VEHICLES IN SAME LANE),1,775650,Not at intersection,3,80,Arterial Other,CRANBOURNE,CASEY,-38.0426,145.30376,2023,6,June,13,Midday,Weekday
T20230012917,2023-06-02,16:25:00,1,Collision with vehicle,5,Friday,153,CUTTING IN (OVERTAKING),1,790843,Cross intersection,2,100,Arterial Other,BOORT-WEDDERBURN,LODDON,-36.201756,143.76326,2023,6,June,16,Afternoon Peak,Weekday
T20230012892,2023-06-02,13:20:00,1,Collision with vehicle,5,Friday,130,REAR END(VEHICLES IN SAME LANE),1,794141,Not at intersection,3,100,Freeway,METROPOLITAN RING,WHITTLESEA,-37.687695,144.99976,2023,6,June,13,Midday,Weekday
T20230013444,2023-06-02,05:15:00,1,Collision with vehicle,5,Friday,160,VEHICLE COLLIDES WITH VEHICLE PARKED ON LEFT OF ROAD,3,775773,Not at intersection,3,50,Local Road,AVIATION,GEELONG,-38.22078,144.3334,2023,6,June,5,Morning Peak,Weekday
T20230028121,2023-06-02,16:00:00,1,Collision with vehicle,5,Friday,129,OTHER OPPOSING MANOEUVRES NOT INCLUDED IN DCAs 120-125.,2,47032,Y intersection,3,50,Local Road,CHURCH,BAYSIDE,-37.91164,144.99178,2023,6,June,16,Afternoon Peak,Weekday
T20230012889,2023-06-02,13:00:00,7,Fall from or in moving vehicle,5,Friday,190,FELL IN/FROM VEHICLE,1,776203,T intersection,3,50,Local Road,ELIZABETH,CASEY,-38.076485,145.27884,2023,6,June,13,Midday,Weekday
T20230013083,2023-06-02,08:10:00,1,Collision with vehicle,5,Friday,113,RIGHT NEAR (INTERSECTIONS ONLY),2,39818,T intersection,3,60,Arterial Other,HULL,YARRA RANGES,-37.79038,145.30809,2023,6,June,8,Morning Peak,Weekday
T20230012915,2023-06-02,18:00:00,1,Collision with vehicle,5,Friday,130,REAR END(VEHICLES IN SAME LANE),2,779315,Not at intersection,3,100,Freeway,MONASH,MONASH,-37.918163,145.17114,2023,6,June,18,Afternoon Peak,Weekday
T20230012940,2023-06-02,23:30:00,4,Collision with a fixed object,5,Friday,173,RIGHT OFF CARRIAGEWAY INTO OBJECT/PARKED VEHICLE,3,775575,Not at intersection,2,60,Arterial Other,BROWN COALMINE,LATROBE,-38.16277,146.38924,2023,6,June,23,Night,Weekday
T20230013006,2023-06-03,23:00:00,6,Vehicle overturned (no collision),6,Saturday,189,OTHER ACCIDENTS ON CURVE NOT INCLUDED IN DCAs 180-184,3,53204,Cross intersection,3,50,Local Road,JAMES MIRAMS,HUME,-37.620712,144.92409,2023,6,June,23,Night,Weekend
T20230012999,2023-06-03,20:14:00,4,Collision with a fixed object,6,Saturday,181,OFF RIGHT BEND INTO OBJECT/PARKED VEHICLE,5,779628,Not at intersection,3,100,Arterial Other,KULKYNE,MILDURA,-34.467533,142.35222,2023,6,June,20,Night,Weekend
T20230012997,2023-06-03,21:05:00,1,Collision with vehicle,6,Saturday,133,LANE SIDE SWIPE (VEHICLES IN PARALLEL LANES),3,792209,Not at intersection,3,80,Arterial Other,PASCOE VALE,HUME,-37.647896,144.93152,2023,6,June,21,Night,Weekend
T20230012996,2023-06-03,08:40:00,1,Collision with vehicle,6,Saturday,121,RIGHT THROUGH,1,39239,T intersection,3,60,Arterial Other,HIGH,MANNINGHAM,-37.78745,145.10503,2023,6,June,8,Morning Peak,Weekend
T20230012994,2023-06-03,19:44:00,1,Collision with vehicle,6,Saturday,160,VEHICLE COLLIDES WITH VEHICLE PARKED ON LEFT OF ROAD,3,779031,Not at intersection,3,50,Local Road,ROSALA,HOBSONS BAY,-37.829338,144.84119,2023,6,June,19,Night,Weekend
T20230012988,2023-06-03,14:40:00,1,Collision with vehicle,6,Saturday,162,ACCIDENT OR BROKEN DOWN,1,783257,Not at intersection,2,50,Local Road,WOODHOUSE,WHITEHORSE,-37.803818,145.11772,2023,6,June,14,Midday,Weekend
T20230012977,2023-06-03,13:40:00,4,Collision with a fixed object,6,Saturday,181,OFF RIGHT BEND INTO OBJECT/PARKED VEHICLE,1,783464,Multiple intersection,3,100,Arterial Other,GISBORNE-MELTON,MELTON,-37.64949,144.6027,2023,6,June,13,Midday,Weekend
T20230012989,2023-06-03,18:00:00,4,Collision with a fixed object,6,Saturday,171,LEFT OFF CARRIAGEWAY INTO OBJECT/PARKED VEHICLE,2,775541,Not at intersection,3,40,Local Road,WRIGHT,PORT PHILLIP,-37.85066,144.95715,2023,6,June,18,Afternoon Peak,Weekend
T20230012956,2023-06-03,11:40:00,4,Collision with a fixed object,6,Saturday,179,OTHER ACCIDENTS-OFF STRAIGHT NOT INCLUDED IN DCAs 170-175,1,726803,Cross intersection,3,60,Arterial Other,MURRAY,DAREBIN,-37.740135,145.02342,2023,6,June,11,Midday,Weekend
T20230012945,2023-06-03,07:11:00,1,Collision with vehicle,6,Saturday,113,RIGHT NEAR (INTERSECTIONS ONLY),2,65472,T intersection,2,100,Arterial Other,HEALESVILLE-KOO WEE RUP,YARRA RANGES,-37.803116,145.52469,2023,6,June,7,Morning Peak,Weekend
T20230018070,2023-06-03,20:00:00,1,Collision with vehicle,6,Saturday,160,VEHICLE COLLIDES WITH VEHICLE PARKED ON LEFT OF ROAD,9,779782,Not at intersection,3,50,Local Road,WATERSIDE,CARDINIA,-38.056725,145.50906,2023,6,June,20,Night,Weekend
T20230012936,2023-06-03,02:54:00,1,Collision with vehicle,6,Saturday,110,CROSS TRAFFIC(INTERSECTIONS ONLY),3,234609,Cross intersection,2,80,Arterial Highway,WELLINGTON,MONASH,-37.91615,145.14015,2023,6,June,2,Late Night,Weekend
T20230013884,2023-06-03,16:00:00,1,Collision with vehicle,6,Saturday,110,CROSS TRAFFIC(INTERSECTIONS ONLY),2,44585,Cross intersection,3,60,Arterial Other,SOUTHERN,BANYULE,-37.742172,145.04782,2023,6,June,16,Afternoon Peak,Weekend
T20230012962,2023-06-03,12:19:00,7,Fall from or in moving vehicle,6,Saturday,190,FELL IN/FROM VEHICLE,1,742518,Not at intersection,3,30,Arterial Other,BRIDGE,YARRA,-37.817905,144.99318,2023,6,June,12,Midday,Weekend
T20230013093,2023-06-03,23:33:00,3,Struck animal,6,Saturday,167,STRUCK ANIMAL,5,775713,Not at intersection,3,80,Arterial Other,WHITE HILL,MORNINGTON PENINSULA,-38.338985,145.0075,2023,6,June,23,Night,Weekend
T20230012944,2023-06-03,07:31:00,7,Fall from or in moving vehicle,6,Saturday,190,FELL IN/FROM VEHICLE,2,35986,Cross intersection,2,40,Local Road,LYGON,MORELAND,-37.775867,144.97102,2023,6,June,7,Morning Peak,Weekend
T20230012959,2023-06-03,11:44:00,1,Collision with vehicle,6,Saturday,111,RIGHT FAR (INTERSECTIONS ONLY),1,42704,Y intersection,3,60,Arterial Other,BEACH,BAYSIDE,-37.993073,145.03157,2023,6,June,11,Midday,Weekend
T20230012974,2023-06-03,10:30:00,6,Vehicle overturned (no collision),6,Saturday,184,OUT OF CONTROL ON CARRIAGEWAY (ON BEND),1,775531,Y intersection,2,100,Arterial Other,HEALESVILLE-KOO WEE RUP,YARRA RANGES,-37.82732,145.51276,2023,6,June,10,Midday,Weekend
T20230014432,2023-06-03,13:45:00,1,Collision with vehicle,6,Saturday,111,RIGHT FAR (INTERSECTIONS ONLY),1,776666,T intersection,3,50,Local Road,ARMSTRONG,GEELONG,-38.229088,144.33337,2023,6,June,13,Midday,Weekend
T20230017800,2023-06-03,18:28:00,4,Collision with a fixed object,6,Saturday,179,OTHER ACCIDENTS-OFF STRAIGHT NOT INCLUDED IN DCAs 170-175,2,779160,Not at intersection,3,40,Arterial Highway,DOVETON,BALLARAT,-37.561337,143.85486,2023,6,June,18,Afternoon Peak,Weekend
T20230012935,2023-06-03,02:53:00,4,Collision with a fixed object,6,Saturday,173,RIGHT OFF CARRIAGEWAY INTO OBJECT/PARKED VEHICLE,3,783270,Not at intersection,2,80,Arterial Other,KEILOR PARK,BRIMBANK,-37.710186,144.85994,2023,6,June,2,Late Night,Weekend
T20230012961,2023-06-03,11:40:00,7,Fall from or in moving vehicle,6,Saturday,190,FELL IN/FROM VEHICLE,1,775529,Not at intersection,3,40,Arterial Other,BRIDGE,YARRA,-37.8179,144.99313,2023,6,June,11,Midday,Weekend
T20230012938,2023-06-03,03:10:00,4,Collision with a fixed object,6,Saturday,173,RIGHT OFF CARRIAGEWAY INTO OBJECT/PARKED VEHICLE,5,783457,Not at intersection,3,100,Local Road,WARROWITUE-FOREST,BENDIGO,-36.951324,144.74629,2023,6,June,3,Late Night,Weekend
T20230013296,2023-06-04,17:10:00,4,Collision with a fixed object,7,Sunday,173,RIGHT OFF CARRIAGEWAY INTO OBJECT/PARKED VEHICLE,2,783465,Not at intersection,3,90,Freeway,WESTERN,MELTON,-37.70997,144.63138,2023,6,June,17,Afternoon Peak,Weekend
T20230014293,2023-06-04,15:30:00,7,Fall from or in moving vehicle,7,Sunday,190,FELL IN/FROM VEHICLE,9,783573,Not at intersection,3,80,Local Road,SOLDIERS,CARDINIA,-37.90721,145.59453,2023,6,June,15,Afternoon Peak,Weekend
T20230013008,2023-06-04,00:29:00,1,Collision with vehicle,7,Sunday,130,REAR END(VEHICLES IN SAME LANE),3,775562,Not at intersection,3,50,Local Road,MT RIDLEY,HUME,-37.580902,144.93933,2023,6,June,0,Late Night,Weekend
T20230013016,2023-06-04,06:38:00,1,Collision with vehicle,7,Sunday,120,HEAD ON (NOT OVERTAKING),5,776386,Cross intersection,3,80,Local Road,CRAIG,CASEY,-38.176647,145.2867,2023,6,June,6,Morning Peak,Weekend
T20230013017,2023-06-04,09:45:00,1,Collision with vehicle,7,Sunday,140,U TURN,1,776133,Not at intersection,2,80,Arterial Highway,MURRAY VALLEY,MOIRA,-35.92549,145.59319,2023,6,June,9,Morning Peak,Weekend
T20230013021,2023-06-04,04:20:00,4,Collision with a fixed object,7,Sunday,175,OFF END OF ROAD/T-INTERSECTION.,3,778081,Multiple intersection,1,60,Arterial Other,POLICE,MONASH,-37.938927,145.20819,2023,6,June,4,Late Night,Weekend
T20230013024,2023-06-04,11:50:00,6,Vehicle overturned (no collision),7,Sunday,170,OFF CARRIAGEWAY TO LEFT,1,775563,Not at intersection,3,80,Local Road,MCCLELLAND,FRANKSTON,-38.17766,145.16534,2023,6,June,11,Midday,Weekend
T20230013036,2023-06-04,15:18:00,1,Collision with vehicle,7,Sunday,130,REAR END(VEHICLES IN SAME LANE),1,776272,Not at intersection,2,80,Freeway,TULLAMARINE IN-BULLA,MOONEE VALLEY,-37.73439,144.89732,2023,6,June,15,Afternoon Peak,Weekend
T20230013037,2023-06-04,15:25:00,1,Collision with vehicle,7,Sunday,130,REAR END(VEHICLES IN SAME LANE),1,775767,Not at intersection,2,80,Freeway,WEST GATE,MELBOURNE,-37.827515,144.92503,2023,6,June,15,Afternoon Peak,Weekend
T20230013133,2023-06-04,23:00:00,6,Vehicle overturned (no collision),7,Sunday,151,OUT OF CONTROL (OVERTAKING),3,777472,Not at intersection,3,40,Local Road,MOLLISON,YARRA,-37.8073,144.99721,2023,6,June,23,Night,Weekend
T20230013115,2023-06-04,15:30:00,1,Collision with vehicle,7,Sunday,130,REAR END(VEHICLES IN SAME LANE),1,776316,Not at intersection,3,60,Local Road,BEACONSFIELD,PORT PHILLIP,-37.861908,144.9735,2023,6,June,15,Afternoon Peak,Weekend
T20230013042,2023-06-04,15:55:00,1,Collision with vehicle,7,Sunday,173,RIGHT OFF CARRIAGEWAY INTO OBJECT/PARKED VEHICLE,1,799858,Cross intersection,2,50,Local Road,FINTON,DAREBIN,-37.696434,145.01582,2023,6,June,15,Afternoon Peak,Weekend
T20230013044,2023-06-04,17:48:00,1,Collision with vehicle,7,Sunday,110,CROSS TRAFFIC(INTERSECTIONS ONLY),2,45249,Cross intersection,3,50,Local Road,FORRESTER,MOONEE VALLEY,-37.752125,144.8985,2023,6,June,17,Afternoon Peak,Weekend
T20230013045,2023-06-04,17:50:00,2,Struck Pedestrian,7,Sunday,101,PED EMERGES FROM IN FRONT OF PARKED OR STATIONARY VEHICLE,3,775949,T intersection,2,40,Arterial Other,TOORAK,STONNINGTON,-37.838882,144.99078,2023,6,June,17,Afternoon Peak,Weekend
T20230013046,2023-06-04,17:07:00,8,No collision and no object struck,7,Sunday,189,OTHER ACCIDENTS ON CURVE NOT INCLUDED IN DCAs 180-184,2,277037,T intersection,3,100,Local Road,SEVEN MILE,CARDINIA,-38.15631,145.55434,2023,6,June,17,Afternoon Peak,Weekend
T20230013048,2023-06-04,17:22:00,1,Collision with vehicle,7,Sunday,135,LANE CHANGE LEFT (NOT OVERTAKING),2,777422,Not at intersection,2,70,Arterial Other,CAMP,HUME,-37.688423,144.94673,2023,6,June,17,Afternoon Peak,Weekend
T20230013049,2023-06-04,16:29:00,1,Collision with vehicle,7,Sunday,120,HEAD ON (NOT OVERTAKING),1,775967,Not at intersection,3,100,Arterial Other,AYRESFORD,CORANGAMITE,-38.303944,142.88007,2023,6,June,16,Afternoon Peak,Weekend
T20230013053,2023-06-04,16:10:00,1,Collision with vehicle,7,Sunday,130,REAR END(VEHICLES IN SAME LANE),1,35345,Cross intersection,2,80,Arterial Highway,PRINCES,CASEY,-38.008686,145.2786,2023,6,June,16,Afternoon Peak,Weekend
T20230016320,2023-06-04,12:00:00,4,Collision with a fixed object,7,Sunday,171,LEFT OFF CARRIAGEWAY INTO OBJECT/PARKED VEHICLE,1,791844,Not at intersection,3,80,Local Road,ONEIL,CARDINIA,-38.015198,145.39957,2023,6,June,12,Midday,Weekend
T20230013055,2023-06-04,21:20:00,1,Collision with vehicle,7,Sunday,120,HEAD ON (NOT OVERTAKING),5,778615,Not at intersection,2,60,Arterial Other,DUNCANS,WYNDHAM,-37.911858,144.68115,2023,6,June,21,Night,Weekend
T20230013086,2023-06-04,18:25:00,4,Collision with a fixed object,7,Sunday,171,LEFT OFF CARRIAGEWAY INTO OBJECT/PARKED VEHICLE,5,775656,Not at intersection,2,100,Arterial Highway,MURRAY VALLEY,WODONGA,-36.149235,147.022,2023,6,June,18,Afternoon Peak,Weekend
T20230014387,2023-06-05,06:00:00,3,Struck animal,1,Monday,167,STRUCK ANIMAL,1,776322,Not at intersection,2,60,Local Road,THE BOULEVARD,BANYULE,-37.776882,145.0548,2023,6,June,6,Morning Peak,Weekday
T20230015386,2023-06-05,06:20:00,1,Collision with vehicle,1,Monday,130,REAR END(VEHICLES IN SAME LANE),2,777012,Not at intersection,3,80,Freeway,HUME IN-COOPER,WHITTLESEA,-37.648052,144.99152,2023,6,June,6,Morning Peak,Weekday
T20230013443,2023-06-05,07:10:00,1,Collision with vehicle,1,Monday,110,CROSS TRAFFIC(INTERSECTIONS ONLY),2,684350,Cross intersection,3,40,Local Road,ST GEORGES BIKE,DAREBIN,-37.760662,144.99301,2023,6,June,7,Morning Peak,Weekday