ACCIDENT_NO,ACCIDENT_DATE,ACCIDENT_TIME,ACCIDENT_TYPE,ACCIDENT_TYPE_DESC,DAY_OF_WEEK,DAY_WEEK_DESC,DCA_CODE,DCA_DESC,LIGHT_CONDITION,NODE_ID,ROAD_GEOMETRY_DESC,SEVERITY,SPEED_ZONE,RMA,ROAD_NAME,LGA_NAME,LATITUDE,LONGITUDE,YEAR,MONTH,MONTH_NAME,HOUR,TIME_PERIOD,DAY_TYPE
T20230013100,2023-06-05,14:00:00,7,Fall from or in moving vehicle,1,Monday,190,FELL IN/FROM VEHICLE,1,775658,Not at intersection,3,40,Local Road,LYTTON,MELBOURNE,-37.793694,144.96768,2023,6,June,14,Midday,Weekday
T20230013157,2023-06-05,14:50:00,6,Vehicle overturned (no collision),1,Monday,179,OTHER ACCIDENTS-OFF STRAIGHT NOT INCLUDED IN DCAs 170-175,1,775830,Not at intersection,3,100,Local Road,GUYS,CORANGAMITE,-38.523354,143.079,2023,6,June,14,Midday,Weekday
T20230013149,2023-06-05,16:15:00,1,Collision with vehicle,1,Monday,111,RIGHT FAR (INTERSECTIONS ONLY),2,43716,Cross intersection,3,60,Local Road,CENTENARY,MELTON,-37.67302,144.5705,2023,6,June,16,Afternoon Peak,Weekday
T20230013091,2023-06-05,12:06:00,1,Collision with vehicle,1,Monday,110,CROSS TRAFFIC(INTERSECTIONS ONLY),1,66503,Cross intersection,3,50,Local Road,EDINBURGH,WHITEHORSE,-37.82959,145.12047,2023,6,June,12,Midday,Weekday
T20230013076,2023-06-05,09:15:00,1,Collision with vehicle,1,Monday,130,REAR END(VEHICLES IN SAME LANE),1,776375,Not at intersection,2,60,Arterial Other,HIGH,WHITTLESEA,-37.657158,145.02017,2023,6,June,9,Morning Peak,Weekday
T20230013074,2023-06-05,09:40:00,1,Collision with vehicle,1,Monday,113,RIGHT NEAR (INTERSECTIONS ONLY),1,780417,T intersection,3,60,Arterial Other,BACCHUS MARSH,MOORABOOL,-37.679455,144.45561,2023,6,June,9,Morning Peak,Weekday
T20230013069,2023-06-05,08:45:00,1,Collision with vehicle,1,Monday,121,RIGHT THROUGH,1,775653,Not at intersection,2,60,Arterial Other,BLUFF,BAYSIDE,-37.962486,145.01888,2023,6,June,8,Morning Peak,Weekday
T20230013065,2023-06-05,06:32:00,1,Collision with vehicle,1,Monday,130,REAR END(VEHICLES IN SAME LANE),5,775923,Not at intersection,2,100,Freeway,MORNINGTON PENINSULA,KINGSTON,-38.065002,145.14926,2023,6,June,6,Morning Peak,Weekday
T20230013549,2023-06-05,15:45:00,1,Collision with vehicle,1,Monday,130,REAR END(VEHICLES IN SAME LANE),1,775952,Not at intersection,3,80,Arterial Other,THOMPSON,DANDENONG,-38.071213,145.18872,2023,6,June,15,Afternoon Peak,Weekday
T20230013106,2023-06-05,13:45:00,1,Collision with vehicle,1,Monday,160,VEHICLE COLLIDES WITH VEHICLE PARKED ON LEFT OF ROAD,1,781833,Not at intersection,3,50,Local Road,MOLLISON,DANDENONG,-37.964157,145.19789,2023,6,June,13,Midday,Weekday
T20230013109,2023-06-05,15:30:00,1,Collision with vehicle,1,Monday,121,RIGHT THROUGH,1,222047,Y intersection,3,50,Freeway,BAYVIEW,MORNINGTON PENINSULA,-38.355564,144.9286,2023,6,June,15,Afternoon Peak,Weekday
T20230013110,2023-06-05,16:14:00,1,Collision with vehicle,1,Monday,130,REAR END(VEHICLES IN SAME LANE),2,775660,T intersection,3,60,Arterial Other,LANGS,MELBOURNE,-37.779476,144.91344,2023,6,June,16,Afternoon Peak,Weekday
T20230013118,2023-06-05,15:02:00,1,Collision with vehicle,1,Monday,130,REAR END(VEHICLES IN SAME LANE),1,776940,Not at intersection,2,80,Arterial Highway,SOUTH GIPPSLAND,CASEY,-38.054947,145.26068,2023,6,June,15,Afternoon Peak,Weekday
T20230013123,2023-06-05,17:30:00,1,Collision with vehicle,1,Monday,120,HEAD ON (NOT OVERTAKING),2,777151,Not at intersection,2,80,Local Road,NORTH,CASEY,-38.16898,145.22221,2023,6,June,17,Afternoon Peak,Weekday
T20230013126,2023-06-05,18:00:00,1,Collision with vehicle,1,Monday,113,RIGHT NEAR (INTERSECTIONS ONLY),2,49146,T intersection,2,70,Local Road,CALDER PARK,MELTON,-37.690624,144.75703,2023,6,June,18,Afternoon Peak,Weekday
T20230013127,2023-06-05,19:43:00,1,Collision with vehicle,1,Monday,136,RIGHT TURN SIDESWIPE,3,775938,Not at intersection,2,50,Local Road,BARNETT,DANDENONG,-37.961643,145.17981,2023,6,June,19,Night,Weekday
T20230019939,2023-06-05,12:07:00,1,Collision with vehicle,1,Monday,130,REAR END(VEHICLES IN SAME LANE),1,794146,Not at intersection,3,60,Arterial Other,DOHERTYS,HOBSONS BAY,-37.831184,144.82253,2023,6,June,12,Midday,Weekday
T20230013278,2023-06-05,08:20:00,1,Collision with vehicle,1,Monday,130,REAR END(VEHICLES IN SAME LANE),2,776205,Not at intersection,3,60,Arterial Other,MILLEARA,MOONEE VALLEY,-37.743523,144.86322,2023,6,June,8,Morning Peak,Weekday
T20230013128,2023-06-05,20:10:00,1,Collision with vehicle,1,Monday,110,CROSS TRAFFIC(INTERSECTIONS ONLY),3,47705,Cross intersection,2,60,Arterial Highway,PRINCES,GEELONG,-38.084167,144.35867,2023,6,June,20,Night,Weekday
T20230013818,2023-06-05,13:00:00,2,Struck Pedestrian,1,Monday,100,PED NEAR SIDE. PED HIT BY VEHICLE FROM THE RIGHT.,1,783245,Not at intersection,3,40,Arterial Other,CRANBOURNE,FRANKSTON,-38.14667,145.13548,2023,6,June,13,Midday,Weekday
T20230014611,2023-06-05,06:30:00,1,Collision with vehicle,1,Monday,130,REAR END(VEHICLES IN SAME LANE),2,794147,Not at intersection,3,100,Freeway,HUME,WHITTLESEA,-37.683907,144.985,2023,6,June,6,Morning Peak,Weekday
T20230013129,2023-06-05,13:40:00,1,Collision with vehicle,1,Monday,131,LEFT REAR,1,44312,Cross intersection,3,80,Arterial Other,LEAKES,WYNDHAM,-37.83944,144.74709,2023,6,June,13,Midday,Weekday
T20230013952,2023-06-05,11:04:00,1,Collision with vehicle,1,Monday,130,REAR END(VEHICLES IN SAME LANE),1,776018,T intersection,3,60,Arterial Highway,SPRINGVALE,MONASH,-37.88123,145.16551,2023,6,June,11,Midday,Weekday
T20230013130,2023-06-05,12:15:00,1,Collision with vehicle,1,Monday,130,REAR END(VEHICLES IN SAME LANE),1,776479,Not at intersection,3,50,Local Road,ALLAN,DANDENONG,-37.99048,145.2045,2023,6,June,12,Midday,Weekday
T20230013131,2023-06-05,18:15:00,1,Collision with vehicle,1,Monday,121,RIGHT THROUGH,3,60979,T intersection,2,50,Local Road,LAWSON,HUME,-37.585247,144.71425,2023,6,June,18,Afternoon Peak,Weekday
T20230028919,2023-06-05,07:56:00,2,Struck Pedestrian,1,Monday,102,FAR SIDE. PED HIT BY VEHICLE FROM THE LEFT,2,796771,Not at intersection,3,60,Arterial Highway,SOUTH GIPPSLAND,CASEY,-38.044495,145.25336,2023,6,June,7,Morning Peak,Weekday
T20230019358,2023-06-05,15:30:00,1,Collision with vehicle,1,Monday,130,REAR END(VEHICLES IN SAME LANE),1,794149,Not at intersection,3,80,Arterial Other,SOMERTON,HUME,-37.643196,144.95078,2023,6,June,15,Afternoon Peak,Weekday
T20230013345,2023-06-05,17:45:00,1,Collision with vehicle,1,Monday,116,LEFT NEAR (INTERSECTIONS ONLY),2,73656,Cross intersection,3,60,Local Road,COLLINGWOOD,MORNINGTON PENINSULA,-38.372658,144.82164,2023,6,June,17,Afternoon Peak,Weekday
T20230013137,2023-06-05,16:20:00,4,Collision with a fixed object,1,Monday,173,RIGHT OFF CARRIAGEWAY INTO OBJECT/PARKED VEHICLE,2,783265,Not at intersection,2,80,Arterial Other,NARRE WARREN NORTH,CASEY,-37.999172,145.31233,2023,6,June,16,Afternoon Peak,Weekday
T20230013095,2023-06-05,09:00:00,1,Collision with vehicle,1,Monday,130,REAR END(VEHICLES IN SAME LANE),2,17631,Y intersection,3,60,Arterial Other,MURDOCH,WANGARATTA,-36.379467,146.3266,2023,6,June,9,Morning Peak,Weekday
T20230013097,2023-06-05,07:00:00,1,Collision with vehicle,1,Monday,130,REAR END(VEHICLES IN SAME LANE),2,776346,Not at intersection,3,100,Freeway,SOUTH GIPPSLAND,CASEY,-38.00219,145.25201,2023,6,June,7,Morning Peak,Weekday
T20230013103,2023-06-05,06:40:00,1,Collision with vehicle,1,Monday,110,CROSS TRAFFIC(INTERSECTIONS ONLY),5,783268,Cross intersection,2,100,Local Road,AVENUE,BALLARAT,-37.460583,143.67802,2023,6,June,6,Morning Peak,Weekday
T20240003600,2023-06-05,08:20:00,4,Collision with a fixed object,1,Monday,171,LEFT OFF CARRIAGEWAY INTO OBJECT/PARKED VEHICLE,1,798135,Not at intersection,3,100,Freeway,EASTLINK IN-HIGH STREET,KNOX,-37.879154,145.21306,2023,6,June,8,Morning Peak,Weekday
T20230013882,2023-06-06,21:00:00,1,Collision with vehicle,2,Tuesday,121,RIGHT THROUGH,3,777850,Cross intersection,2,80,Arterial Other,HUME HIGHWAY -SYDNEY,HUME,-37.643303,144.95116,2023,6,June,21,Night,Weekday
T20230017289,2023-06-06,08:35:00,1,Collision with vehicle,2,Tuesday,130,REAR END(VEHICLES IN SAME LANE),2,56741,Cross intersection,3,80,Local Road,CENTRAL,CASEY,-38.09461,145.25533,2023,6,June,8,Morning Peak,Weekday
T20230015741,2023-06-06,11:00:00,1,Collision with vehicle,2,Tuesday,121,RIGHT THROUGH,1,646536,Not at intersection,3,60,Arterial Other,MIDDLEBOROUGH,WHITEHORSE,-37.837093,145.1351,2023,6,June,11,Midday,Weekday
T20230013153,2023-06-06,07:00:00,1,Collision with vehicle,2,Tuesday,130,REAR END(VEHICLES IN SAME LANE),1,775714,Not at intersection,3,80,Freeway,WESTERN RING,HUME,-37.692074,144.95235,2023,6,June,7,Morning Peak,Weekday
T20230013154,2023-06-06,10:10:00,4,Collision with a fixed object,2,Tuesday,171,LEFT OFF CARRIAGEWAY INTO OBJECT/PARKED VEHICLE,1,795037,Not at intersection,2,50,Local Road,MARLESFORD,KNOX,-37.8634,145.2304,2023,6,June,10,Midday,Weekday
T20230013191,2023-06-06,16:34:00,1,Collision with vehicle,2,Tuesday,135,LANE CHANGE LEFT (NOT OVERTAKING),2,37026,Cross intersection,3,40,Local Road,ALBERT,MELBOURNE,-37.810703,144.98616,2023,6,June,16,Afternoon Peak,Weekday
T20230013192,2023-06-06,07:30:00,1,Collision with vehicle,2,Tuesday,136,RIGHT TURN SIDESWIPE,2,775662,Not at intersection,2,40,Local Road,MERCER,GEELONG,-38.141293,144.35553,2023,6,June,7,Morning Peak,Weekday
T20230013160,2023-06-06,07:00:00,2,Struck Pedestrian,2,Tuesday,106,VEH STRIKES PED ON FOOTPATH/MEDIAN/TRAFFIC ISLAND.,2,776204,T intersection,2,60,Local Road,SALISBURY,WHITEHORSE,-37.821407,145.10725,2023,6,June,7,Morning Peak,Weekday
T20230014961,2023-06-06,08:00:00,1,Collision with vehicle,2,Tuesday,111,RIGHT FAR (INTERSECTIONS ONLY),2,50452,Cross intersection,3,40,Local Road,MCKENZIE,BASS COAST,-38.607,145.59389,2023,6,June,8,Morning Peak,Weekday
T20230013163,2023-06-06,11:26:00,1,Collision with vehicle,2,Tuesday,150,HEAD ON(OVERTAKING),1,1070,T intersection,3,60,Arterial Highway,LONSDALE,MORNINGTON PENINSULA,-38.351215,144.92146,2023,6,June,11,Midday,Weekday
T20230013172,2023-06-06,12:27:00,1,Collision with vehicle,2,Tuesday,130,REAR END(VEHICLES IN SAME LANE),1,777474,Unknown,3,80,Arterial Highway,WESTERN,BALLARAT,-37.56381,143.93301,2023,6,June,12,Midday,Weekday
T20230013174,2023-06-06,06:20:00,1,Collision with vehicle,2,Tuesday,130,REAR END(VEHICLES IN SAME LANE),2,777705,Not at intersection,3,80,Arterial Other,PALMERS,WYNDHAM,-37.873707,144.749,2023,6,June,6,Morning Peak,Weekday
T20230013176,2023-06-06,14:20:00,1,Collision with vehicle,2,Tuesday,112,LEFT FAR (INTERSECTIONS ONLY),1,779770,Cross intersection,3,80,Arterial Other,TONE,WANGARATTA,-36.364788,146.30092,2023,6,June,14,Midday,Weekday
T20230013193,2023-06-06,15:50:00,1,Collision with vehicle,2,Tuesday,136,RIGHT TURN SIDESWIPE,1,776480,Not at intersection,3,100,Arterial Other,MARLO,EAST GIPPSLAND,-37.740135,148.50758,2023,6,June,15,Afternoon Peak,Weekday
T20230013194,2023-06-06,17:36:00,1,Collision with vehicle,2,Tuesday,113,RIGHT NEAR (INTERSECTIONS ONLY),2,780421,T intersection,3,60,Arterial Other,GRANGE,GLEN EIRA,-37.888126,145.04565,2023,6,June,17,Afternoon Peak,Weekday
T20230013183,2023-06-06,14:45:00,4,Collision with a fixed object,2,Tuesday,141,U TURN INTO FIXED OBJECT/PARKED VEHICLE,1,791066,Not at intersection,3,50,Local Road,BATHS,SOUTH GIPPSLAND,-38.400364,146.15468,2023,6,June,14,Midday,Weekday
T20230013397,2023-06-06,19:00:00,3,Struck animal,2,Tuesday,167,STRUCK ANIMAL,2,783376,Not at intersection,3,100,Arterial Highway,HAMILTON,MOYNE,-37.999706,142.71973,2023,6,June,19,Night,Weekday
T20230013196,2023-06-06,17:55:00,1,Collision with vehicle,2,Tuesday,130,REAR END(VEHICLES IN SAME LANE),2,777098,T intersection,3,80,Arterial Highway,STUD,KNOX,-37.914635,145.23573,2023,6,June,17,Afternoon Peak,Weekday
T20230013944,2023-06-06,11:00:00,1,Collision with vehicle,2,Tuesday,133,LANE SIDE SWIPE (VEHICLES IN PARALLEL LANES),1,792207,Not at intersection,3,80,Arterial Highway,FRANKSTON-DANDENONG,FRANKSTON,-38.094948,145.17621,2023,6,June,11,Midday,Weekday
T20230013207,2023-06-06,22:14:00,1,Collision with vehicle,2,Tuesday,140,U TURN,3,775730,Not at intersection,2,50,Arterial Other,CUMBERLAND,MORELAND,-37.723442,144.93985,2023,6,June,22,Night,Weekday
T20230013208,2023-06-06,23:30:00,4,Collision with a fixed object,2,Tuesday,181,OFF RIGHT BEND INTO OBJECT/PARKED VEHICLE,5,783456,Not at intersection,3,80,Local Road,MACCLESFIELD,YARRA RANGES,-37.892868,145.47516,2023,6,June,23,Night,Weekday
T20230013202,2023-06-06,19:30:00,1,Collision with vehicle,2,Tuesday,110,CROSS TRAFFIC(INTERSECTIONS ONLY),5,17552,Cross intersection,2,60,Arterial Highway,BLAKE STREET -MURRAY VALLEY,MOIRA,-36.06464,145.20389,2023,6,June,19,Night,Weekday
T20230013197,2023-06-06,16:30:00,2,Struck Pedestrian,2,Tuesday,102,FAR SIDE. PED HIT BY VEHICLE FROM THE LEFT,2,783248,Not at intersection,2,60,Local Road,NORMANBY,GLEN EIRA,-37.874184,145.03787,2023,6,June,16,Afternoon Peak,Weekday
T20230013148,2023-06-06,08:55:00,1,Collision with vehicle,2,Tuesday,110,CROSS TRAFFIC(INTERSECTIONS ONLY),2,778450,Cross intersection,3,100,Local Road,FIFTH,MILDURA,-34.181557,142.03731,2023,6,June,8,Morning Peak,Weekday
T20230013145,2023-06-06,07:37:00,1,Collision with vehicle,2,Tuesday,113,RIGHT NEAR (INTERSECTIONS ONLY),1,297478,T intersection,2,70,Freeway,SOUTH GIPPSLAND OUT-POUND,CASEY,-38.025856,145.24863,2023,6,June,7,Morning Peak,Weekday
T20230015637,2023-06-06,19:30:00,1,Collision with vehicle,2,Tuesday,130,REAR END(VEHICLES IN SAME LANE),9,211805,Not at intersection,3,60,Arterial Other,EPPING,WHITTLESEA,-37.62863,145.02783,2023,6,June,19,Night,Weekday
T20230014205,2023-06-06,18:40:00,1,Collision with vehicle,2,Tuesday,130,REAR END(VEHICLES IN SAME LANE),3,776058,Not at intersection,3,100,Freeway,PRINCES,WYNDHAM,-37.869175,144.75671,2023,6,June,18,Afternoon Peak,Weekday
T20230013517,2023-06-06,17:45:00,1,Collision with vehicle,2,Tuesday,130,REAR END(VEHICLES IN SAME LANE),2,779629,Not at intersection,3,100,Freeway,HUME,HUME,-37.565826,144.94122,2023,6,June,17,Afternoon Peak,Weekday
T20230013239,2023-06-07,12:35:00,1,Collision with vehicle,3,Wednesday,120,HEAD ON (NOT OVERTAKING),1,776653,Not at intersection,2,60,Local Road,BURKE,BAW BAW,-38.159164,145.91989,2023,6,June,12,Midday,Weekday
T20230013422,2023-06-07,22:00:00,1,Collision with vehicle,3,Wednesday,110,CROSS TRAFFIC(INTERSECTIONS ONLY),3,721206,Cross intersection,3,60,Local Road,ASHCROFT,WYNDHAM,-37.865414,144.73886,2023,6,June,22,Night,Weekday
T20230013340,2023-06-07,18:20:00,2,Struck Pedestrian,3,Wednesday,100,PED NEAR SIDE. PED HIT BY VEHICLE FROM THE RIGHT.,2,43444,Cross intersection,3,40,Arterial Highway,NEPEAN,FRANKSTON,-38.14428,145.1208,2023,6,June,18,Afternoon Peak,Weekday
T20230013282,2023-06-07,19:25:00,2,Struck Pedestrian,3,Wednesday,102,FAR SIDE. PED HIT BY VEHICLE FROM THE LEFT,3,39944,Cross intersection,2,60,Arterial Other,BLACKSHAWS,HOBSONS BAY,-37.831944,144.85513,2023,6,June,19,Night,Weekday
T20230013271,2023-06-07,18:19:00,2,Struck Pedestrian,3,Wednesday,102,FAR SIDE. PED HIT BY VEHICLE FROM THE LEFT,2,776799,Not at intersection,2,70,Arterial Highway,DANDENONG,PORT PHILLIP,-37.85974,145.00563,2023,6,June,18,Afternoon Peak,Weekday
T20230013338,2023-06-07,21:15:00,1,Collision with vehicle,3,Wednesday,137,LEFT TURN SIDESWIPE,3,783443,Not at intersection,3,40,Arterial Highway,LONSDALE,DANDENONG,-37.98981,145.21452,2023,6,June,21,Night,Weekday
T20230013232,2023-06-07,07:12:00,1,Collision with vehicle,3,Wednesday,121,RIGHT THROUGH,2,40639,T intersection,2,60,Local Road,MARSHALL,MOONEE VALLEY,-37.71797,144.89198,2023,6,June,7,Morning Peak,Weekday
T20230013218,2023-06-07,08:00:00,1,Collision with vehicle,3,Wednesday,113,RIGHT NEAR (INTERSECTIONS ONLY),2,52237,Y intersection,3,60,Arterial Other,BANK STREET -HAZELWOOD,LATROBE,-38.203335,146.5212,2023,6,June,8,Morning Peak,Weekday
T20230013275,2023-06-07,17:40:00,2,Struck Pedestrian,3,Wednesday,100,PED NEAR SIDE. PED HIT BY VEHICLE FROM THE RIGHT.,2,776135,Not at intersection,3,60,Arterial Other,SUNSHINE,BRIMBANK,-37.702354,144.80191,2023,6,June,17,Afternoon Peak,Weekday
T20230013257,2023-06-07,14:17:00,1,Collision with vehicle,3,Wednesday,111,RIGHT FAR (INTERSECTIONS ONLY),1,775939,T intersection,3,80,Arterial Other,CLYDE-FIVE WAYS,CASEY,-38.130417,145.32487,2023,6,June,14,Midday,Weekday
T20230013472,2023-06-07,22:05:00,3,Struck animal,3,Wednesday,167,STRUCK ANIMAL,5,775828,Not at intersection,2,100,Arterial Other,HENDERSON,CAMPASPE,-36.216805,144.94814,2023,6,June,22,Night,Weekday
T20230016300,2023-06-07,00:05:00,8,No collision and no object struck,3,Wednesday,151,OUT OF CONTROL (OVERTAKING),6,258748,T intersection,3,60,Local Road,COORA,MONASH,-37.914066,145.10571,2023,6,June,0,Late Night,Weekday
T20230019913,2023-06-07,18:10:00,1,Collision with vehicle,3,Wednesday,111,RIGHT FAR (INTERSECTIONS ONLY),2,330945,T intersection,3,80,Arterial Other,FERNTREE GULLY,MONASH,-37.89801,145.1148,2023,6,June,18,Afternoon Peak,Weekday
T20230013852,2023-06-07,08:05:00,1,Collision with vehicle,3,Wednesday,116,LEFT NEAR (INTERSECTIONS ONLY),2,776617,Cross intersection,3,60,Arterial Other,EDITHVALE,KINGSTON,-38.028236,145.13086,2023,6,June,8,Morning Peak,Weekday
T20230013223,2023-06-07,09:10:00,2,Struck Pedestrian,3,Wednesday,100,PED NEAR SIDE. PED HIT BY VEHICLE FROM THE RIGHT.,1,775744,T intersection,3,50,Arterial Highway,FRANCIS,MARIBYRNONG,-37.819332,144.87396,2023,6,June,9,Morning Peak,Weekday
T20230013866,2023-06-07,06:00:00,1,Collision with vehicle,3,Wednesday,140,U TURN,2,776350,Cross intersection,3,80,Local Road,CAMMS,CASEY,-38.09807,145.28314,2023,6,June,6,Morning Peak,Weekday
T20230013220,2023-06-07,08:30:00,1,Collision with vehicle,3,Wednesday,110,CROSS TRAFFIC(INTERSECTIONS ONLY),1,59821,Cross intersection,3,50,Local Road,ASPINALL,BENDIGO,-36.778313,144.24292,2023,6,June,8,Morning Peak,Weekday
T20230013226,2023-06-07,10:27:00,1,Collision with vehicle,3,Wednesday,113,RIGHT NEAR (INTERSECTIONS ONLY),1,780308,Cross intersection,2,60,Local Road,GRANT,MORNINGTON PENINSULA,-38.221363,145.17644,2023,6,June,10,Midday,Weekday
T20230013284,2023-06-07,20:45:00,1,Collision with vehicle,3,Wednesday,130,REAR END(VEHICLES IN SAME LANE),3,775876,Not at intersection,3,80,Arterial Highway,SPRINGVALE,MONASH,-37.92146,145.15823,2023,6,June,20,Night,Weekday
T20230013283,2023-06-07,16:40:00,6,Vehicle overturned (no collision),3,Wednesday,174,OUT OF CONTROL ON CARRIAGEWAY (ON STRAIGHT),2,775750,T intersection,2,60,Arterial Other,BALLARAT,MARIBYRNONG,-37.792213,144.89291,2023,6,June,16,Afternoon Peak,Weekday
T20230013265,2023-06-07,16:50:00,1,Collision with vehicle,3,Wednesday,110,CROSS TRAFFIC(INTERSECTIONS ONLY),2,39673,Cross intersection,2,60,Local Road,OBAN,MAROONDAH,-37.794605,145.24155,2023,6,June,16,Afternoon Peak,Weekday
T20230013613,2023-06-07,15:45:00,1,Collision with vehicle,3,Wednesday,121,RIGHT THROUGH,1,37243,T intersection,3,60,Arterial Other,SWAN,YARRA,-37.825943,145.00026,2023,6,June,15,Afternoon Peak,Weekday
T20230017949,2023-06-07,16:40:00,2,Struck Pedestrian,3,Wednesday,100,PED NEAR SIDE. PED HIT BY VEHICLE FROM THE RIGHT.,2,783244,Not at intersection,3,60,Arterial Highway,BELL,MORELAND,-37.73922,144.94592,2023,6,June,16,Afternoon Peak,Weekday
T20230013808,2023-06-07,06:40:00,1,Collision with vehicle,3,Wednesday,130,REAR END(VEHICLES IN SAME LANE),3,776943,Not at intersection,3,50,Arterial Other,BOLTON,BANYULE,-37.730698,145.13513,2023,6,June,6,Morning Peak,Weekday
T20230013276,2023-06-07,17:52:00,1,Collision with vehicle,3,Wednesday,130,REAR END(VEHICLES IN SAME LANE),2,794145,Cross intersection,3,50,Local Road,RIGGALL,HUME,-37.67588,144.92882,2023,6,June,17,Afternoon Peak,Weekday
T20230013329,2023-06-07,18:30:00,2,Struck Pedestrian,3,Wednesday,105,PED WALKING AGAINST TRAFFIC.,2,38836,Cross intersection,3,40,Local Road,ABECKETT,MELBOURNE,-37.809963,144.9584,2023,6,June,18,Afternoon Peak,Weekday
T20230018075,2023-06-07,13:20:00,1,Collision with vehicle,3,Wednesday,130,REAR END(VEHICLES IN SAME LANE),1,795979,Not at intersection,3,80,Arterial Highway,BELLARINE,GEELONG,-38.1861,144.45123,2023,6,June,13,Midday,Weekday
T20230013869,2023-06-07,13:10:00,1,Collision with vehicle,3,Wednesday,130,REAR END(VEHICLES IN SAME LANE),1,54606,T intersection,3,60,Local Road,ARCHER,SHEPPARTON,-36.385,145.41246,2023,6,June,13,Midday,Weekday
T20230013250,2023-06-07,12:52:00,1,Collision with vehicle,3,Wednesday,145,REVERSING IN STREAM OF TRAFFIC,1,775717,Not at intersection,3,50,Local Road,MASCOMA,MOONEE VALLEY,-37.714867,144.89688,2023,6,June,12,Midday,Weekday
T20230014006,2023-06-07,18:45:00,1,Collision with vehicle,3,Wednesday,145,REVERSING IN STREAM OF TRAFFIC,2,777915,Not at intersection,3,50,Local Road,GREEN,GLEN EIRA,-37.872936,145.00429,2023,6,June,18,Afternoon Peak,Weekday
T20230013268,2023-06-07,17:30:00,1,Collision with vehicle,3,Wednesday,110,CROSS TRAFFIC(INTERSECTIONS ONLY),2,788497,Cross intersection,3,80,Local Road,TONIMBUK,CARDINIA,-38.075405,145.7147,2023,6,June,17,Afternoon Peak,Weekday
T20230014177,2023-06-07,12:45:00,1,Collision with vehicle,3,Wednesday,130,REAR END(VEHICLES IN SAME LANE),1,776102,Not at intersection,3,70,Arterial Highway,MELBOURNE,GEELONG,-38.1234,144.35257,2023,6,June,12,Midday,Weekday
T20230013304,2023-06-07,17:30:00,4,Collision with a fixed object,3,Wednesday,171,LEFT OFF CARRIAGEWAY INTO OBJECT/PARKED VEHICLE,2,781629,Not at intersection,3,100,Local Road,HAWKINS,BASS COAST,-38.54005,145.5406,2023,6,June,17,Afternoon Peak,Weekday
T20230013495,2023-06-07,18:23:00,1,Collision with vehicle,3,Wednesday,130,REAR END(VEHICLES IN SAME LANE),3,261092,T intersection,3,80,Arterial Other,BALLARAT,BRIMBANK,-37.76667,144.76396,2023,6,June,18,Afternoon Peak,Weekday
T20230013500,2023-06-07,08:45:00,1,Collision with vehicle,3,Wednesday,139,OTHER SAME DIRECTION-MANOUEVRES NOT INCLUDED IN DCAs 130-137,2,38479,T intersection,3,70,Local Road,EDINBURGH,YARRA RANGES,-37.77728,145.35112,2023,6,June,8,Morning Peak,Weekday
T20230013245,2023-06-07,06:46:00,4,Collision with a fixed object,3,Wednesday,183,OFF LEFT BEND INTO OBJECT/PARKED VEHICLE,5,777168,Not at intersection,2,100,Local Road,BECKS BRIDGE,LATROBE,-38.142956,146.28963,2023,6,June,6,Morning Peak,Weekday
T20230013249,2023-06-07,11:30:00,1,Collision with vehicle,3,Wednesday,110,CROSS TRAFFIC(INTERSECTIONS ONLY),1,61046,Cross intersection,3,60,Local Road,BEVERIN,BALLARAT,-37.595276,143.8397,2023,6,June,11,Midday,Weekday
T20230013281,2023-06-07,20:45:00,1,Collision with vehicle,3,Wednesday,130,REAR END(VEHICLES IN SAME LANE),3,668571,Not at intersection,3,60,Arterial Other,HEATHS,WYNDHAM,-37.875965,144.66884,2023,6,June,20,Night,Weekday
T20230013731,2023-06-08,19:30:00,1,Collision with vehicle,4,Thursday,130,REAR END(VEHICLES IN SAME LANE),3,776011,Not at intersection,3,50,Local Road,DUNDEE,DAREBIN,-37.703648,145.01985,2023,6,June,19,Night,Weekday
T20230013332,2023-06-08,07:00:00,1,Collision with vehicle,4,Thursday,121,RIGHT THROUGH,2,776136,Not at intersection,3,60,Local Road,WESTWOOD,MELTON,-37.761772,144.7545,2023,6,June,7,Morning Peak,Weekday
T20230014217,2023-06-08,06:59:00,2,Struck Pedestrian,4,Thursday,102,FAR SIDE. PED HIT BY VEHICLE FROM THE LEFT,2,776104,Cross intersection,3,40,Local Road,GISBORNE,MELBOURNE,-37.80959,144.97565,2023,6,June,6,Morning Peak,Weekday
T20230013330,2023-06-08,04:30:00,3,Struck animal,4,Thursday,167,STRUCK ANIMAL,5,783374,Not at intersection,3,80,Arterial Highway,BELLARINE,GEELONG,-38.20573,144.5031,2023,6,June,4,Late Night,Weekday
T20230013339,2023-06-08,13:40:00,1,Collision with vehicle,4,Thursday,136,RIGHT TURN SIDESWIPE,1,40250,T intersection,2,80,Arterial Highway,DANDENONG,GLEN EIRA,-37.864506,145.02316,2023,6,June,13,Midday,Weekday
T20230013292,2023-06-08,03:45:00,4,Collision with a fixed object,4,Thursday,179,OTHER ACCIDENTS-OFF STRAIGHT NOT INCLUDED IN DCAs 170-175,3,775827,Not at intersection,3,50,Local Road,SOUTHBANK,MELBOURNE,-37.821323,144.96262,2023,6,June,3,Late Night,Weekday
T20230014422,2023-06-08,09:30:00,1,Collision with vehicle,4,Thursday,130,REAR END(VEHICLES IN SAME LANE),1,777798,Not at intersection,3,40,Arterial Highway,WARBURTON,YARRA RANGES,-37.775024,145.50992,2023,6,June,9,Morning Peak,Weekday