ACCIDENT_NO,ACCIDENT_DATE,ACCIDENT_TIME,ACCIDENT_TYPE,ACCIDENT_TYPE_DESC,DAY_OF_WEEK,DAY_WEEK_DESC,DCA_CODE,DCA_DESC,LIGHT_CONDITION,NODE_ID,ROAD_GEOMETRY_DESC,SEVERITY,SPEED_ZONE,RMA,ROAD_NAME,LGA_NAME,LATITUDE,LONGITUDE,YEAR,MONTH,MONTH_NAME,HOUR,TIME_PERIOD,DAY_TYPE
T20230013290,2023-06-08,01:30:00,4,Collision with a fixed object,4,Thursday,171,LEFT OFF CARRIAGEWAY INTO OBJECT/PARKED VEHICLE,5,783581,Not at intersection,2,100,Arterial Other,REMEMBRANCE,BALLARAT,-37.480873,143.67416,2023,6,June,1,Late Night,Weekday
T20230013688,2023-06-08,08:32:00,1,Collision with vehicle,4,Thursday,111,RIGHT FAR (INTERSECTIONS ONLY),2,775870,T intersection,2,60,Arterial Highway,HIGH,BENDIGO,-36.73574,144.13295,2023,6,June,8,Morning Peak,Weekday
T20230015141,2023-06-08,07:50:00,1,Collision with vehicle,4,Thursday,121,RIGHT THROUGH,1,40653,Cross intersection,3,60,Arterial Other,HUNTINGDALE,MONASH,-37.867928,145.11171,2023,6,June,7,Morning Peak,Weekday
T20230013373,2023-06-08,20:35:00,1,Collision with vehicle,4,Thursday,171,LEFT OFF CARRIAGEWAY INTO OBJECT/PARKED VEHICLE,3,783262,Not at intersection,3,70,Arterial Highway,OGILVIE,CAMPASPE,-36.140453,144.73271,2023,6,June,20,Night,Weekday
T20230013370,2023-06-08,17:03:00,1,Collision with vehicle,4,Thursday,137,LEFT TURN SIDESWIPE,2,777099,Not at intersection,3,60,Local Road,HOGANS,WYNDHAM,-37.861202,144.67017,2023,6,June,17,Afternoon Peak,Weekday
T20230013325,2023-06-08,11:45:00,1,Collision with vehicle,4,Thursday,130,REAR END(VEHICLES IN SAME LANE),1,776706,Not at intersection,3,60,Arterial Other,BLACKBURN,WHITEHORSE,-37.832355,145.15623,2023,6,June,11,Midday,Weekday
T20230030418,2023-06-08,16:00:00,1,Collision with vehicle,4,Thursday,130,REAR END(VEHICLES IN SAME LANE),2,795008,Not at intersection,3,60,Arterial Other,PALMERS,WYNDHAM,-37.84051,144.74692,2023,6,June,16,Afternoon Peak,Weekday
T20230013324,2023-06-08,07:50:00,1,Collision with vehicle,4,Thursday,130,REAR END(VEHICLES IN SAME LANE),2,795036,Not at intersection,2,60,Local Road,AITKEN,HUME,-37.635254,144.91086,2023,6,June,7,Morning Peak,Weekday
T20230013286,2023-06-08,00:01:00,4,Collision with a fixed object,4,Thursday,171,LEFT OFF CARRIAGEWAY INTO OBJECT/PARKED VEHICLE,5,783466,Not at intersection,3,60,Arterial Highway,SOUTH GIPPSLAND,CASEY,-38.115757,145.2851,2023,6,June,0,Late Night,Weekday
T20230013322,2023-06-08,10:00:00,1,Collision with vehicle,4,Thursday,142,LEAVING PARKING,1,777521,Not at intersection,3,40,Arterial Other,WHEATSHEAF,MORELAND,-37.70614,144.91873,2023,6,June,10,Midday,Weekday
T20230013365,2023-06-08,18:25:00,4,Collision with a fixed object,4,Thursday,183,OFF LEFT BEND INTO OBJECT/PARKED VEHICLE,5,775829,Not at intersection,2,100,Local Road,CLEMENTS,MACEDON RANGES,-37.354504,144.82965,2023,6,June,18,Afternoon Peak,Weekday
T20230013321,2023-06-08,11:10:00,1,Collision with vehicle,4,Thursday,130,REAR END(VEHICLES IN SAME LANE),1,792089,Not at intersection,3,100,Freeway,MONASH,STONNINGTON,-37.866177,145.06113,2023,6,June,11,Midday,Weekday
T20230013363,2023-06-08,17:30:00,1,Collision with vehicle,4,Thursday,120,HEAD ON (NOT OVERTAKING),3,776142,Not at intersection,3,50,Local Road,WOOLTON,DAREBIN,-37.76038,144.9906,2023,6,June,17,Afternoon Peak,Weekday
T20230013357,2023-06-08,16:30:00,1,Collision with vehicle,4,Thursday,133,LANE SIDE SWIPE (VEHICLES IN PARALLEL LANES),2,657760,Not at intersection,3,80,Arterial Highway,PRINCES,CASEY,-38.00644,145.27324,2023,6,June,16,Afternoon Peak,Weekday
T20230013314,2023-06-08,09:15:00,1,Collision with vehicle,4,Thursday,113,RIGHT NEAR (INTERSECTIONS ONLY),1,776111,Multiple intersection,2,60,Non Arterial,LEAKES,MELTON,-37.723675,144.65146,2023,6,June,9,Morning Peak,Weekday
T20230013353,2023-06-08,16:39:00,1,Collision with vehicle,4,Thursday,113,RIGHT NEAR (INTERSECTIONS ONLY),2,775821,T intersection,3,50,Local Road,SOVEREIGN,MELTON,-37.67432,144.54813,2023,6,June,16,Afternoon Peak,Weekday
T20230013306,2023-06-08,07:44:00,2,Struck Pedestrian,4,Thursday,102,FAR SIDE. PED HIT BY VEHICLE FROM THE LEFT,2,783247,Not at intersection,3,60,Arterial Other,HORNE,HUME,-37.575996,144.7285,2023,6,June,7,Morning Peak,Weekday
T20230013354,2023-06-08,16:30:00,4,Collision with a fixed object,4,Thursday,173,RIGHT OFF CARRIAGEWAY INTO OBJECT/PARKED VEHICLE,2,783460,Not at intersection,2,80,Local Road,MEDHURST,YARRA RANGES,-37.7187,145.44058,2023,6,June,16,Afternoon Peak,Weekday
T20230018007,2023-06-08,15:00:00,4,Collision with a fixed object,4,Thursday,173,RIGHT OFF CARRIAGEWAY INTO OBJECT/PARKED VEHICLE,1,778256,Not at intersection,3,100,Local Road,COBDEN-WARRNAMBOOL,MOYNE,-38.391483,142.80835,2023,6,June,15,Afternoon Peak,Weekday
T20230013352,2023-06-08,14:50:00,1,Collision with vehicle,4,Thursday,120,HEAD ON (NOT OVERTAKING),1,777153,Not at intersection,2,60,Arterial Other,BAYSWATER,MAROONDAH,-37.805794,145.27188,2023,6,June,14,Midday,Weekday
T20230013351,2023-06-08,16:00:00,1,Collision with vehicle,4,Thursday,113,RIGHT NEAR (INTERSECTIONS ONLY),1,42938,Cross intersection,2,60,Arterial Other,HEATHERTON,DANDENONG,-37.96545,145.1769,2023,6,June,16,Afternoon Peak,Weekday
T20230013336,2023-06-08,12:50:00,4,Collision with a fixed object,4,Thursday,181,OFF RIGHT BEND INTO OBJECT/PARKED VEHICLE,1,783463,Not at intersection,3,80,Local Road,MYERS CREEK,YARRA RANGES,-37.56937,145.509,2023,6,June,12,Midday,Weekday
T20230013350,2023-06-08,15:00:00,4,Collision with a fixed object,4,Thursday,173,RIGHT OFF CARRIAGEWAY INTO OBJECT/PARKED VEHICLE,1,783264,Not at intersection,2,100,Local Road,EURAMBEEN-STREATHAM,PYRENEES,-37.453865,143.25418,2023,6,June,15,Afternoon Peak,Weekday
T20230013569,2023-06-08,18:10:00,4,Collision with a fixed object,4,Thursday,171,LEFT OFF CARRIAGEWAY INTO OBJECT/PARKED VEHICLE,2,783467,Not at intersection,3,100,Arterial Other,ELMORE-RAYWOOD,BENDIGO,-36.522697,144.2627,2023,6,June,18,Afternoon Peak,Weekday
T20230014231,2023-06-08,07:00:00,1,Collision with vehicle,4,Thursday,130,REAR END(VEHICLES IN SAME LANE),3,776266,Not at intersection,3,60,Arterial Highway,MIDLAND,GEELONG,-38.11167,144.32657,2023,6,June,7,Morning Peak,Weekday
T20230013380,2023-06-08,20:00:00,4,Collision with a fixed object,4,Thursday,183,OFF LEFT BEND INTO OBJECT/PARKED VEHICLE,5,783373,Not at intersection,3,100,Arterial Other,BAIRNSDALE-DARGO,WELLINGTON,-37.615368,147.18932,2023,6,June,20,Night,Weekday
T20230013382,2023-06-08,19:45:00,1,Collision with vehicle,4,Thursday,139,OTHER SAME DIRECTION-MANOUEVRES NOT INCLUDED IN DCAs 130-137,5,793086,Not at intersection,3,100,Local Road,BURNSIDE,GOLDEN PLAINS,-38.08754,144.1757,2023,6,June,19,Night,Weekday
T20230013383,2023-06-08,19:30:00,1,Collision with vehicle,4,Thursday,130,REAR END(VEHICLES IN SAME LANE),5,792090,Not at intersection,2,100,Freeway,PRINCES,WYNDHAM,-37.94838,144.59396,2023,6,June,19,Night,Weekday
T20230017215,2023-06-08,11:00:00,4,Collision with a fixed object,4,Thursday,151,OUT OF CONTROL (OVERTAKING),1,783599,Not at intersection,3,60,Local Road,KEAYANG,CORANGAMITE,-38.29678,142.89198,2023,6,June,11,Midday,Weekday
T20230013390,2023-06-08,23:00:00,2,Struck Pedestrian,4,Thursday,100,PED NEAR SIDE. PED HIT BY VEHICLE FROM THE RIGHT.,3,777261,Not at intersection,3,60,Arterial Other,HIGH,WHITTLESEA,-37.66345,145.01744,2023,6,June,23,Night,Weekday
T20230013320,2023-06-08,10:47:00,1,Collision with vehicle,4,Thursday,110,CROSS TRAFFIC(INTERSECTIONS ONLY),1,16789,Cross intersection,3,60,Arterial Other,COLAC-LAVERS HILL,COLAC OTWAY,-38.367687,143.58247,2023,6,June,10,Midday,Weekday
T20230013707,2023-06-09,17:00:00,1,Collision with vehicle,5,Friday,130,REAR END(VEHICLES IN SAME LANE),2,38879,T intersection,3,60,Arterial Other,STUDLEY PARK,BOROONDARA,-37.80708,145.02545,2023,6,June,17,Afternoon Peak,Weekday
T20230013405,2023-06-09,09:30:00,1,Collision with vehicle,5,Friday,110,CROSS TRAFFIC(INTERSECTIONS ONLY),1,775769,Cross intersection,3,50,Local Road,OAKDALE,BOROONDARA,-37.81438,145.07051,2023,6,June,9,Morning Peak,Weekday
T20230013485,2023-06-09,13:37:00,1,Collision with vehicle,5,Friday,135,LANE CHANGE LEFT (NOT OVERTAKING),1,783430,Not at intersection,3,100,Freeway,WESTERN RING,BRIMBANK,-37.778915,144.79324,2023,6,June,13,Midday,Weekday
T20230017662,2023-06-09,17:30:00,1,Collision with vehicle,5,Friday,130,REAR END(VEHICLES IN SAME LANE),2,778268,Not at intersection,3,100,Freeway,METROPOLITAN RING,WHITTLESEA,-37.690163,144.97742,2023,6,June,17,Afternoon Peak,Weekday
T20230015196,2023-06-09,13:30:00,1,Collision with vehicle,5,Friday,130,REAR END(VEHICLES IN SAME LANE),1,776593,Y intersection,3,40,Arterial Highway,KINGS,MELBOURNE,-37.82948,144.96408,2023,6,June,13,Midday,Weekday
T20230014499,2023-06-09,11:30:00,5,collision with some other object,5,Friday,198,OTHER ACCIDENTS NOT CLASSIFIABLE ELSEWHERE,1,776258,Not at intersection,3,40,Arterial Other,MIRBOO NORTH-TRAFALGAR,BAW BAW,-38.30697,146.1728,2023,6,June,11,Midday,Weekday
T20230014467,2023-06-09,20:15:00,1,Collision with vehicle,5,Friday,130,REAR END(VEHICLES IN SAME LANE),6,776298,T intersection,3,50,Local Road,TRAMWAYS,BENDIGO,-36.753983,144.28853,2023,6,June,20,Night,Weekday
T20230013412,2023-06-09,12:20:00,1,Collision with vehicle,5,Friday,130,REAR END(VEHICLES IN SAME LANE),1,775772,Not at intersection,3,80,Freeway,WEST GATE,HOBSONS BAY,-37.8255,144.82852,2023,6,June,12,Midday,Weekday
T20230013875,2023-06-09,12:40:00,1,Collision with vehicle,5,Friday,130,REAR END(VEHICLES IN SAME LANE),1,792098,Not at intersection,3,70,Arterial Other,BALLARAT,BRIMBANK,-37.778503,144.84091,2023,6,June,12,Midday,Weekday
T20230013434,2023-06-09,06:40:00,1,Collision with vehicle,5,Friday,136,RIGHT TURN SIDESWIPE,6,776318,Not at intersection,2,50,Local Road,GRASSLANDS,HUME,-37.61685,144.94426,2023,6,June,6,Morning Peak,Weekday
T20230013548,2023-06-09,14:00:00,1,Collision with vehicle,5,Friday,131,LEFT REAR,1,780166,T intersection,3,40,Local Road,CHERRY FLAT,BALLARAT,-37.593597,143.80594,2023,6,June,14,Midday,Weekday
T20230013738,2023-06-09,12:27:00,1,Collision with vehicle,5,Friday,147,VEHICLE STRIKES ANOTHER VEH WHILE EMERGING FROM DRIVEWAY,1,776556,Not at intersection,2,60,Local Road,PLUNKETT,DANDENONG,-37.999187,145.22415,2023,6,June,12,Midday,Weekday
T20230013399,2023-06-09,09:30:00,4,Collision with a fixed object,5,Friday,181,OFF RIGHT BEND INTO OBJECT/PARKED VEHICLE,2,777325,Not at intersection,3,100,Freeway,OLD GIPPSTOWN-PRINCES IN,LATROBE,-38.186756,146.23735,2023,6,June,9,Morning Peak,Weekday
T20230013458,2023-06-09,15:07:00,1,Collision with vehicle,5,Friday,130,REAR END(VEHICLES IN SAME LANE),1,775941,Not at intersection,2,100,Freeway,MONASH,CASEY,-37.965664,145.23373,2023,6,June,15,Afternoon Peak,Weekday
T20230013456,2023-06-09,19:40:00,2,Struck Pedestrian,5,Friday,100,PED NEAR SIDE. PED HIT BY VEHICLE FROM THE RIGHT.,3,38308,Cross intersection,2,60,Arterial Other,FOOTE,MANNINGHAM,-37.75777,145.11856,2023,6,June,19,Night,Weekday
T20230013451,2023-06-09,16:01:00,1,Collision with vehicle,5,Friday,120,HEAD ON (NOT OVERTAKING),1,795035,Not at intersection,2,100,Arterial Other,FYANSFORD-GHERINGHAP,GEELONG,-38.13133,144.28406,2023,6,June,16,Afternoon Peak,Weekday
T20230013450,2023-06-09,16:25:00,1,Collision with vehicle,5,Friday,140,U TURN,2,777311,Not at intersection,2,100,Arterial Other,WINCHELSEA-DEANS MARSH,SURF COAST,-38.320183,143.97392,2023,6,June,16,Afternoon Peak,Weekday
T20230013445,2023-06-09,16:40:00,1,Collision with vehicle,5,Friday,110,CROSS TRAFFIC(INTERSECTIONS ONLY),1,775789,Cross intersection,2,60,Local Road,BOARDWALK,WYNDHAM,-37.89869,144.72787,2023,6,June,16,Afternoon Peak,Weekday
T20230013442,2023-06-09,15:01:00,1,Collision with vehicle,5,Friday,160,VEHICLE COLLIDES WITH VEHICLE PARKED ON LEFT OF ROAD,1,776810,Not at intersection,2,70,Arterial Highway,MCIVOR,BENDIGO,-36.759224,144.31085,2023,6,June,15,Afternoon Peak,Weekday
T20230013441,2023-06-09,14:27:00,1,Collision with vehicle,5,Friday,130,REAR END(VEHICLES IN SAME LANE),1,600432,T intersection,3,50,Local Road,FRAWLEY,CASEY,-38.00151,145.27264,2023,6,June,14,Midday,Weekday
T20230013432,2023-06-09,13:10:00,8,No collision and no object struck,5,Friday,174,OUT OF CONTROL ON CARRIAGEWAY (ON STRAIGHT),1,777036,Not at intersection,2,80,Arterial Highway,WELLINGTON,MONASH,-37.916286,145.13951,2023,6,June,13,Midday,Weekday
T20230013431,2023-06-09,15:29:00,2,Struck Pedestrian,5,Friday,100,PED NEAR SIDE. PED HIT BY VEHICLE FROM THE RIGHT.,1,776008,Not at intersection,2,40,Arterial Other,BUNURONG,BASS COAST,-38.605824,145.59354,2023,6,June,15,Afternoon Peak,Weekday
T20230013427,2023-06-09,14:10:00,1,Collision with vehicle,5,Friday,153,CUTTING IN (OVERTAKING),1,42471,Cross intersection,3,50,Local Road,ESSEX,MORELAND,-37.727642,144.95018,2023,6,June,14,Midday,Weekday
T20230013424,2023-06-09,11:47:00,1,Collision with vehicle,5,Friday,135,LANE CHANGE LEFT (NOT OVERTAKING),1,776998,Not at intersection,2,100,Freeway,WESTERN RING,BRIMBANK,-37.73523,144.85298,2023,6,June,11,Midday,Weekday
T20230013419,2023-06-09,12:56:00,1,Collision with vehicle,5,Friday,130,REAR END(VEHICLES IN SAME LANE),1,247082,Not at intersection,3,60,Arterial Other,BRUNSWICK,MORELAND,-37.77727,144.96196,2023,6,June,12,Midday,Weekday
T20230014571,2023-06-09,18:00:00,1,Collision with vehicle,5,Friday,130,REAR END(VEHICLES IN SAME LANE),2,795009,Not at intersection,3,100,Freeway,MORNINGTON PENINSULA,DANDENONG,-38.04011,145.14064,2023,6,June,18,Afternoon Peak,Weekday
T20230018681,2023-06-09,09:00:00,1,Collision with vehicle,5,Friday,130,REAR END(VEHICLES IN SAME LANE),1,779941,Not at intersection,2,80,Local Road,ELCHO,GEELONG,-38.028706,144.35683,2023,6,June,9,Morning Peak,Weekday
T20230013891,2023-06-09,21:30:00,1,Collision with vehicle,5,Friday,121,RIGHT THROUGH,3,795007,Not at intersection,3,50,Local Road,ELIOT,WHITTLESEA,-37.579643,145.12773,2023,6,June,21,Night,Weekday
T20230013403,2023-06-09,10:30:00,1,Collision with vehicle,5,Friday,120,HEAD ON (NOT OVERTAKING),1,775966,Not at intersection,3,100,Local Road,PARWAN-EXFORD,MELTON,-37.740665,144.52026,2023,6,June,10,Midday,Weekday
T20230013601,2023-06-09,12:30:00,1,Collision with vehicle,5,Friday,130,REAR END(VEHICLES IN SAME LANE),1,775867,Not at intersection,3,80,Arterial Highway,MOOROODUC,FRANKSTON,-38.15811,145.13483,2023,6,June,12,Midday,Weekday
T20230013741,2023-06-09,07:30:00,1,Collision with vehicle,5,Friday,130,REAR END(VEHICLES IN SAME LANE),1,298963,Not at intersection,3,80,Freeway,MONASH,MONASH,-37.893715,145.13754,2023,6,June,7,Morning Peak,Weekday
T20230013414,2023-06-09,11:20:00,1,Collision with vehicle,5,Friday,139,OTHER SAME DIRECTION-MANOUEVRES NOT INCLUDED IN DCAs 130-137,1,776206,Not at intersection,2,60,Arterial Other,HIGH,GEELONG,-38.17387,144.5698,2023,6,June,11,Midday,Weekday
T20230013394,2023-06-09,06:15:00,1,Collision with vehicle,5,Friday,121,RIGHT THROUGH,2,792091,T intersection,3,80,Arterial Other,VINEYARD,HUME,-37.594967,144.7139,2023,6,June,6,Morning Peak,Weekday
T20230013413,2023-06-09,06:15:00,1,Collision with vehicle,5,Friday,121,RIGHT THROUGH,2,778410,Not at intersection,3,60,Arterial Other,MELTON-WERRIBEE,WYNDHAM,-37.848335,144.68799,2023,6,June,6,Morning Peak,Weekday
T20230013467,2023-06-09,16:25:00,2,Struck Pedestrian,5,Friday,100,PED NEAR SIDE. PED HIT BY VEHICLE FROM THE RIGHT.,2,776319,Cross intersection,3,50,Arterial Highway,SOUTH GIPPSLAND,CASEY,-38.107925,145.28313,2023,6,June,16,Afternoon Peak,Weekday
T20230013465,2023-06-09,15:45:00,2,Struck Pedestrian,5,Friday,106,VEH STRIKES PED ON FOOTPATH/MEDIAN/TRAFFIC ISLAND.,1,38060,Cross intersection,3,60,Arterial Other,ALBERT STREET -STATION,DAREBIN,-37.754433,145.02061,2023,6,June,15,Afternoon Peak,Weekday
T20230017895,2023-06-09,17:42:00,1,Collision with vehicle,5,Friday,110,CROSS TRAFFIC(INTERSECTIONS ONLY),2,354136,Cross intersection,3,80,Arterial Other,PRINCES,CASEY,-38.03097,145.33987,2023,6,June,17,Afternoon Peak,Weekday
T20230013464,2023-06-09,21:00:00,1,Collision with vehicle,5,Friday,139,OTHER SAME DIRECTION-MANOUEVRES NOT INCLUDED IN DCAs 130-137,3,784309,Not at intersection,3,70,Arterial Highway,PLENTY,BANYULE,-37.692406,145.06268,2023,6,June,21,Night,Weekday
T20230013463,2023-06-09,14:40:00,1,Collision with vehicle,5,Friday,113,RIGHT NEAR (INTERSECTIONS ONLY),1,45742,T intersection,2,60,Arterial Other,POLICE,MONASH,-37.936375,145.18243,2023,6,June,14,Midday,Weekday
T20230013462,2023-06-09,20:15:00,1,Collision with vehicle,5,Friday,148,VEHICLE OFF FOOTPATH STRIKES VEH ON CARRIAGEWAY,3,783261,Not at intersection,2,50,Local Road,STATION,WHITEHORSE,-37.8172,145.19246,2023,6,June,20,Night,Weekday
T20230013459,2023-06-09,18:43:00,1,Collision with vehicle,5,Friday,121,RIGHT THROUGH,3,776178,Cross intersection,3,60,Arterial Other,PASCOE,MORELAND,-37.71651,144.9366,2023,6,June,18,Afternoon Peak,Weekday
T20230015359,2023-06-10,05:50:00,1,Collision with vehicle,6,Saturday,130,REAR END(VEHICLES IN SAME LANE),3,777329,Not at intersection,3,70,Local Road,SAYERS,WYNDHAM,-37.845577,144.6617,2023,6,June,5,Morning Peak,Weekend
T20230013515,2023-06-10,18:24:00,1,Collision with vehicle,6,Saturday,121,RIGHT THROUGH,3,50178,Cross intersection,2,60,Arterial Other,BARWON HEADS,GEELONG,-38.1808,144.35396,2023,6,June,18,Afternoon Peak,Weekend
T20230013508,2023-06-10,13:55:00,1,Collision with vehicle,6,Saturday,113,RIGHT NEAR (INTERSECTIONS ONLY),1,61270,Cross intersection,3,80,Arterial Other,GISBORNE-MELTON,MELTON,-37.65494,144.60168,2023,6,June,13,Midday,Weekend
T20230013503,2023-06-10,15:50:00,1,Collision with vehicle,6,Saturday,110,CROSS TRAFFIC(INTERSECTIONS ONLY),1,50570,Cross intersection,3,50,Local Road,GREY,CORANGAMITE,-38.238605,142.91632,2023,6,June,15,Afternoon Peak,Weekend
T20230014000,2023-06-10,11:30:00,1,Collision with vehicle,6,Saturday,137,LEFT TURN SIDESWIPE,9,776055,Not at intersection,3,50,Local Road,NORTH,BAYSIDE,-37.8977,144.98877,2023,6,June,11,Midday,Weekend
T20230013524,2023-06-10,14:10:00,1,Collision with vehicle,6,Saturday,140,U TURN,1,141425,T intersection,2,60,Arterial Highway,PRINCES,DANDENONG,-37.982708,145.21205,2023,6,June,14,Midday,Weekend
T20230013474,2023-06-10,02:48:00,4,Collision with a fixed object,6,Saturday,171,LEFT OFF CARRIAGEWAY INTO OBJECT/PARKED VEHICLE,3,784283,Not at intersection,2,60,Arterial Highway,NEPEAN,FRANKSTON,-38.136463,145.12392,2023,6,June,2,Late Night,Weekend
T20230013491,2023-06-10,10:44:00,1,Collision with vehicle,6,Saturday,113,RIGHT NEAR (INTERSECTIONS ONLY),1,38424,T intersection,3,80,Arterial Highway,MAROONDAH,MAROONDAH,-37.78057,145.28893,2023,6,June,10,Midday,Weekend
T20230015345,2023-06-10,20:15:00,1,Collision with vehicle,6,Saturday,110,CROSS TRAFFIC(INTERSECTIONS ONLY),3,44420,Cross intersection,3,50,Local Road,MCCOLL,DAREBIN,-37.73159,145.01889,2023,6,June,20,Night,Weekend
T20230013829,2023-06-10,18:15:00,1,Collision with vehicle,6,Saturday,130,REAR END(VEHICLES IN SAME LANE),3,776671,Not at intersection,3,60,Arterial Other,WATERDALE,BANYULE,-37.74276,145.04771,2023,6,June,18,Afternoon Peak,Weekend
T20230013490,2023-06-10,10:09:00,1,Collision with vehicle,6,Saturday,120,HEAD ON (NOT OVERTAKING),1,777522,Not at intersection,2,60,Arterial Other,KOO WEE RUP,CARDINIA,-38.152267,145.48582,2023,6,June,10,Midday,Weekend
T20230013489,2023-06-10,10:00:00,1,Collision with vehicle,6,Saturday,130,REAR END(VEHICLES IN SAME LANE),1,793952,Not at intersection,3,100,Freeway,EASTLINK,KNOX,-37.90669,145.216,2023,6,June,10,Midday,Weekend
T20230013488,2023-06-10,09:55:00,1,Collision with vehicle,6,Saturday,152,PULLING OUT (OVERTAKING),1,775803,Not at intersection,2,60,Arterial Other,MOUNTAIN,KNOX,-37.860313,145.32025,2023,6,June,9,Morning Peak,Weekend
T20230013753,2023-06-10,10:52:00,1,Collision with vehicle,6,Saturday,130,REAR END(VEHICLES IN SAME LANE),1,776389,Not at intersection,3,60,Arterial Highway,BULLEEN,MANNINGHAM,-37.77381,145.07884,2023,6,June,10,Midday,Weekend
T20230013477,2023-06-10,06:30:00,1,Collision with vehicle,6,Saturday,121,RIGHT THROUGH,3,29556,T intersection,2,60,Local Road,FAVERSHAM,BOROONDARA,-37.818882,145.08504,2023,6,June,6,Morning Peak,Weekend
T20230013956,2023-06-10,15:00:00,7,Fall from or in moving vehicle,6,Saturday,190,FELL IN/FROM VEHICLE,1,783800,Not at intersection,2,50,Arterial Other,COLAC-FORREST,COLAC OTWAY,-38.513348,143.705,2023,6,June,15,Afternoon Peak,Weekend
T20230013514,2023-06-10,13:50:00,6,Vehicle overturned (no collision),6,Saturday,180,OFF CARRIAGEWAY ON RIGHT BEND,1,783256,Not at intersection,2,80,Arterial Highway,GREAT OCEAN,COLAC OTWAY,-38.645916,143.88371,2023,6,June,13,Midday,Weekend
T20230013545,2023-06-10,22:21:00,1,Collision with vehicle,6,Saturday,113,RIGHT NEAR (INTERSECTIONS ONLY),3,777554,Cross intersection,3,60,Arterial Other,HASTINGS,FRANKSTON,-38.147305,145.12486,2023,6,June,22,Night,Weekend
T20230013531,2023-06-10,18:30:00,1,Collision with vehicle,6,Saturday,130,REAR END(VEHICLES IN SAME LANE),2,793950,Not at intersection,3,100,Freeway,MONASH,CASEY,-38.0229,145.31519,2023,6,June,18,Afternoon Peak,Weekend
T20230013528,2023-06-10,09:45:00,6,Vehicle overturned (no collision),6,Saturday,182,OFF CARRIAGEWAY ON LEFT BEND,1,777747,Not at intersection,1,100,Local Road,DONNELLYS CREEK,BAW BAW,-37.732723,146.39717,2023,6,June,9,Morning Peak,Weekend
T20230013499,2023-06-10,13:40:00,1,Collision with vehicle,6,Saturday,116,LEFT NEAR (INTERSECTIONS ONLY),1,775804,Cross intersection,3,70,Arterial Other,REYNOLDS,MANNINGHAM,-37.76427,145.17226,2023,6,June,13,Midday,Weekend
T20230013597,2023-06-10,15:00:00,2,Struck Pedestrian,6,Saturday,106,VEH STRIKES PED ON FOOTPATH/MEDIAN/TRAFFIC ISLAND.,1,776540,T intersection,3,60,Freeway,EASTERN IN-STATION,WHITEHORSE,-37.797745,145.12704,2023,6,June,15,Afternoon Peak,Weekend
T20230013537,2023-06-10,10:30:00,1,Collision with vehicle,6,Saturday,121,RIGHT THROUGH,1,40145,T intersection,3,70,Arterial Other,SHARPS,BRIMBANK,-37.708115,144.87773,2023,6,June,10,Midday,Weekend
T20230014612,2023-06-10,18:14:00,4,Collision with a fixed object,6,Saturday,171,LEFT OFF CARRIAGEWAY INTO OBJECT/PARKED VEHICLE,2,784282,Not at intersection,3,80,Local Road,BROWNS,MORNINGTON PENINSULA,-38.395885,144.84325,2023,6,June,18,Afternoon Peak,Weekend
T20230013552,2023-06-10,10:22:00,2,Struck Pedestrian,6,Saturday,109,ANY MANOEUVRE INVOLVING PED NOT INCLUDED IN DCAs 100-108.,1,776066,Not at intersection,2,50,Local Road,UNNAMED,EAST GIPPSLAND,-37.892303,147.85251,2023,6,June,10,Midday,Weekend
T20230022501,2023-06-10,18:40:00,1,Collision with vehicle,6,Saturday,133,LANE SIDE SWIPE (VEHICLES IN PARALLEL LANES),2,782620,Not at intersection,3,60,Freeway,HUME,MITCHELL,-37.14112,145.08339,2023,6,June,18,Afternoon Peak,Weekend
T20230015144,2023-06-10,13:15:00,6,Vehicle overturned (no collision),6,Saturday,174,OUT OF CONTROL ON CARRIAGEWAY (ON STRAIGHT),1,776637,Not at intersection,3,60,Local Road,GREEN,BENALLA,-36.605328,146.18155,2023,6,June,13,Midday,Weekend
T20230013536,2023-06-10,21:02:00,1,Collision with vehicle,6,Saturday,160,VEHICLE COLLIDES WITH VEHICLE PARKED ON LEFT OF ROAD,3,776504,Not at intersection,3,50,Local Road,SPIRIT,WHITTLESEA,-37.611866,145.11569,2023,6,June,21,Night,Weekend
T20230013542,2023-06-10,19:45:00,1,Collision with vehicle,6,Saturday,140,U TURN,3,73309,T intersection,2,100,Arterial Highway,BASS,BASS COAST,-38.309357,145.54181,2023,6,June,19,Night,Weekend
T20230016565,2023-06-10,13:00:00,1,Collision with vehicle,6,Saturday,110,CROSS TRAFFIC(INTERSECTIONS ONLY),1,778036,Cross intersection,3,50,Local Road,MAGNOLIA,MILDURA,-34.18992,142.165,2023,6,June,13,Midday,Weekend
T20230013540,2023-06-10,22:24:00,4,Collision with a fixed object,6,Saturday,171,LEFT OFF CARRIAGEWAY INTO OBJECT/PARKED VEHICLE,3,784281,T intersection,3,50,Local Road,FRANCISCAN,FRANKSTON,-38.167583,145.15538,2023,6,June,22,Night,Weekend
T20230013513,2023-06-10,15:16:00,1,Collision with vehicle,6,Saturday,160,VEHICLE COLLIDES WITH VEHICLE PARKED ON LEFT OF ROAD,1,775805,Not at intersection,3,60,Local Road,CHRISTIES,GEELONG,-38.186,144.47458,2023,6,June,15,Afternoon Peak,Weekend
T20230015109,2023-06-11,13:00:00,1,Collision with vehicle,7,Sunday,120,HEAD ON (NOT OVERTAKING),1,776626,Not at intersection,3,60,Arterial Other,ARTHURS SEAT,MORNINGTON PENINSULA,-38.345325,144.95123,2023,6,June,13,Midday,Weekend