ACCIDENT_NO,ACCIDENT_DATE,ACCIDENT_TIME,ACCIDENT_TYPE,ACCIDENT_TYPE_DESC,DAY_OF_WEEK,DAY_WEEK_DESC,DCA_CODE,DCA_DESC,LIGHT_CONDITION,NODE_ID,ROAD_GEOMETRY_DESC,SEVERITY,SPEED_ZONE,RMA,ROAD_NAME,LGA_NAME,LATITUDE,LONGITUDE,YEAR,MONTH,MONTH_NAME,HOUR,TIME_PERIOD,DAY_TYPE
T20230013604,2023-06-11,21:50:00,2,Struck Pedestrian,7,Sunday,100,PED NEAR SIDE. PED HIT BY VEHICLE FROM THE RIGHT.,3,44195,T intersection,2,60,Arterial Other,SPRING,DAREBIN,-37.716393,145.00671,2023,6,June,21,Night,Weekend
T20230013543,2023-06-11,00:15:00,1,Collision with vehicle,7,Sunday,169,OTHER ON PATH,3,776941,T intersection,2,50,Local Road,LARNOOK,STONNINGTON,-37.85727,145.0091,2023,6,June,0,Late Night,Weekend
T20230013602,2023-06-11,17:30:00,2,Struck Pedestrian,7,Sunday,102,FAR SIDE. PED HIT BY VEHICLE FROM THE LEFT,2,777021,Not at intersection,2,50,Local Road,SANDALWOOD,CARDINIA,-38.084995,145.47888,2023,6,June,17,Afternoon Peak,Weekend
T20230013571,2023-06-11,08:00:00,4,Collision with a fixed object,7,Sunday,171,LEFT OFF CARRIAGEWAY INTO OBJECT/PARKED VEHICLE,1,795018,Not at intersection,2,100,Arterial Other,ARARAT-ST ARNAUD,NORTHERN GRAMPIANS,-36.843384,143.10439,2023,6,June,8,Morning Peak,Weekend
T20230013596,2023-06-11,18:04:00,1,Collision with vehicle,7,Sunday,130,REAR END(VEHICLES IN SAME LANE),2,277084,T intersection,3,80,Freeway,WESTERN IN-BACCHUS MARSH,MOORABOOL,-37.664097,144.41553,2023,6,June,18,Afternoon Peak,Weekend
T20230013594,2023-06-11,20:20:00,2,Struck Pedestrian,7,Sunday,100,PED NEAR SIDE. PED HIT BY VEHICLE FROM THE RIGHT.,3,776207,T intersection,2,70,Arterial Other,CANTERBURY,WHITEHORSE,-37.836456,145.18735,2023,6,June,20,Night,Weekend
T20230013563,2023-06-11,13:28:00,5,collision with some other object,7,Sunday,179,OTHER ACCIDENTS-OFF STRAIGHT NOT INCLUDED IN DCAs 170-175,1,37139,T intersection,3,50,Local Road,AHERN,CARDINIA,-38.067394,145.48427,2023,6,June,13,Midday,Weekend
T20230013589,2023-06-11,17:10:00,8,No collision and no object struck,7,Sunday,170,OFF CARRIAGEWAY TO LEFT,2,48570,T intersection,3,70,Arterial Other,LAKE VIEW,CASEY,-38.03784,145.28821,2023,6,June,17,Afternoon Peak,Weekend
T20230013585,2023-06-11,17:37:00,1,Collision with vehicle,7,Sunday,130,REAR END(VEHICLES IN SAME LANE),2,777256,Not at intersection,3,80,Arterial Highway,BURWOOD,WHITEHORSE,-37.85294,145.15346,2023,6,June,17,Afternoon Peak,Weekend
T20230013584,2023-06-11,14:35:00,1,Collision with vehicle,7,Sunday,113,RIGHT NEAR (INTERSECTIONS ONLY),1,29618,Y intersection,3,60,Arterial Other,HIGHBURY,WHITEHORSE,-37.85423,145.10269,2023,6,June,14,Midday,Weekend
T20230013576,2023-06-11,09:27:00,4,Collision with a fixed object,7,Sunday,171,LEFT OFF CARRIAGEWAY INTO OBJECT/PARKED VEHICLE,2,776009,Not at intersection,2,60,Local Road,MELBOURNE,MORNINGTON PENINSULA,-38.37322,144.81564,2023,6,June,9,Morning Peak,Weekend
T20230013579,2023-06-11,16:41:00,6,Vehicle overturned (no collision),7,Sunday,184,OUT OF CONTROL ON CARRIAGEWAY (ON BEND),2,792094,Not at intersection,2,50,Arterial Other,YARRA,BOROONDARA,-37.788265,145.01828,2023,6,June,16,Afternoon Peak,Weekend
T20230013562,2023-06-11,12:40:00,1,Collision with vehicle,7,Sunday,113,RIGHT NEAR (INTERSECTIONS ONLY),1,36198,T intersection,2,60,Arterial Other,DUDLEY,MELBOURNE,-37.80848,144.95493,2023,6,June,12,Midday,Weekend
T20230013580,2023-06-11,16:27:00,4,Collision with a fixed object,7,Sunday,171,LEFT OFF CARRIAGEWAY INTO OBJECT/PARKED VEHICLE,1,787152,Not at intersection,3,100,Freeway,MORNINGTON PENINSULA,DANDENONG,-38.04282,145.14166,2023,6,June,16,Afternoon Peak,Weekend
T20230013583,2023-06-11,17:58:00,1,Collision with vehicle,7,Sunday,132,RIGHT REAR.,3,52925,Cross intersection,2,60,Local Road,PLEASANT,BALLARAT,-37.56826,143.83746,2023,6,June,17,Afternoon Peak,Weekend
T20230013547,2023-06-11,03:00:00,4,Collision with a fixed object,7,Sunday,173,RIGHT OFF CARRIAGEWAY INTO OBJECT/PARKED VEHICLE,3,777326,Not at intersection,2,60,Arterial Other,WERRIBEE,WYNDHAM,-37.90333,144.6543,2023,6,June,3,Late Night,Weekend
T20230013557,2023-06-11,08:50:00,1,Collision with vehicle,7,Sunday,110,CROSS TRAFFIC(INTERSECTIONS ONLY),2,26587,Multiple intersection,3,70,Freeway,WESTERN,MELTON,-37.756332,144.73967,2023,6,June,8,Morning Peak,Weekend
T20230013582,2023-06-11,17:16:00,1,Collision with vehicle,7,Sunday,110,CROSS TRAFFIC(INTERSECTIONS ONLY),2,68657,Cross intersection,3,60,Local Road,GLEN HUNTLY,GLEN EIRA,-37.8907,145.05275,2023,6,June,17,Afternoon Peak,Weekend
T20230013581,2023-06-11,14:25:00,1,Collision with vehicle,7,Sunday,113,RIGHT NEAR (INTERSECTIONS ONLY),1,36719,T intersection,2,60,Arterial Other,EDGARS,WHITTLESEA,-37.67707,144.99954,2023,6,June,14,Midday,Weekend
T20230013561,2023-06-11,09:55:00,1,Collision with vehicle,7,Sunday,152,PULLING OUT (OVERTAKING),1,797652,Not at intersection,3,60,Local Road,GRANO,ARARAT,-37.276054,142.95642,2023,6,June,9,Morning Peak,Weekend
T20230013648,2023-06-11,12:00:00,6,Vehicle overturned (no collision),7,Sunday,184,OUT OF CONTROL ON CARRIAGEWAY (ON BEND),1,775920,Not at intersection,3,100,Local Road,EILDON-JAMIESON,MURRINDINDI,-37.375587,146.0581,2023,6,June,12,Midday,Weekend
T20230013564,2023-06-11,13:20:00,1,Collision with vehicle,7,Sunday,121,RIGHT THROUGH,1,778589,Not at intersection,2,100,Arterial Other,HAZELWOOD,LATROBE,-38.243195,146.50288,2023,6,June,13,Midday,Weekend
T20230013640,2023-06-12,13:41:00,1,Collision with vehicle,1,Monday,129,OTHER OPPOSING MANOEUVRES NOT INCLUDED IN DCAs 120-125.,1,792096,Not at intersection,3,50,Arterial Other,DYNON,MELBOURNE,-37.80541,144.9427,2023,6,June,13,Midday,Weekday
T20230013668,2023-06-12,14:30:00,1,Collision with vehicle,1,Monday,120,HEAD ON (NOT OVERTAKING),1,778082,Not at intersection,2,80,Arterial Highway,SPRINGVALE,DANDENONG,-37.967384,145.14925,2023,6,June,14,Midday,Weekday
T20230013645,2023-06-12,11:45:00,1,Collision with vehicle,1,Monday,113,RIGHT NEAR (INTERSECTIONS ONLY),1,788491,T intersection,2,100,Arterial Other,CRESWICK-NEWSTEAD,HEPBURN,-37.37034,143.93536,2023,6,June,11,Midday,Weekday
T20230013647,2023-06-12,11:45:00,1,Collision with vehicle,1,Monday,121,RIGHT THROUGH,1,44550,Cross intersection,3,50,Arterial Other,CAMP,HUME,-37.68613,144.92683,2023,6,June,11,Midday,Weekday
T20230013650,2023-06-12,15:00:00,1,Collision with vehicle,1,Monday,130,REAR END(VEHICLES IN SAME LANE),1,776707,Not at intersection,3,60,Local Road,WELLINGTON,GLENELG,-38.358795,141.61342,2023,6,June,15,Afternoon Peak,Weekday
T20230013658,2023-06-12,15:02:00,4,Collision with a fixed object,1,Monday,171,LEFT OFF CARRIAGEWAY INTO OBJECT/PARKED VEHICLE,1,784288,Not at intersection,3,100,Local Road,UNNAMED,MITCHELL,-37.32234,145.03426,2023,6,June,15,Afternoon Peak,Weekday
T20230013811,2023-06-12,14:30:00,7,Fall from or in moving vehicle,1,Monday,190,FELL IN/FROM VEHICLE,1,775914,Not at intersection,3,60,Arterial Highway,WARBURTON,YARRA RANGES,-37.75551,145.65297,2023,6,June,14,Midday,Weekday
T20230013686,2023-06-12,19:20:00,1,Collision with vehicle,1,Monday,130,REAR END(VEHICLES IN SAME LANE),3,777745,Not at intersection,1,60,Arterial Other,HIGH,DAREBIN,-37.705723,145.0095,2023,6,June,19,Night,Weekday
T20230013685,2023-06-12,21:35:00,1,Collision with vehicle,1,Monday,120,HEAD ON (NOT OVERTAKING),3,780089,Not at intersection,2,50,Local Road,HALLETTS,MOORABOOL,-37.667076,144.42299,2023,6,June,21,Night,Weekday
T20230013682,2023-06-12,16:30:00,1,Collision with vehicle,1,Monday,121,RIGHT THROUGH,2,788718,Cross intersection,3,40,Arterial Other,KING,MELBOURNE,-37.82032,144.95753,2023,6,June,16,Afternoon Peak,Weekday
T20230013681,2023-06-12,19:30:00,5,collision with some other object,1,Monday,183,OFF LEFT BEND INTO OBJECT/PARKED VEHICLE,5,775880,Not at intersection,2,80,Arterial Other,KURRAK,NILLUMBIK,-37.651207,145.11073,2023,6,June,19,Night,Weekday
T20230014567,2023-06-12,20:04:00,4,Collision with a fixed object,1,Monday,171,LEFT OFF CARRIAGEWAY INTO OBJECT/PARKED VEHICLE,3,293523,T intersection,2,50,Local Road,ROSS,DANDENONG,-37.98534,145.22559,2023,6,June,20,Night,Weekday
T20230013680,2023-06-12,19:50:00,1,Collision with vehicle,1,Monday,120,HEAD ON (NOT OVERTAKING),5,698375,Not at intersection,2,80,Local Road,MT RIDLEY,HUME,-37.561512,144.86,2023,6,June,19,Night,Weekday
T20230013676,2023-06-12,21:00:00,8,No collision and no object struck,1,Monday,189,OTHER ACCIDENTS ON CURVE NOT INCLUDED IN DCAs 180-184,3,778083,Cross intersection,3,60,Arterial Other,MANNINGHAM,MANNINGHAM,-37.773834,145.11441,2023,6,June,21,Night,Weekday
T20230013673,2023-06-12,19:40:00,9,Other accident,1,Monday,151,OUT OF CONTROL (OVERTAKING),3,775869,Not at intersection,3,60,Arterial Other,EPSOM,MOONEE VALLEY,-37.780247,144.9144,2023,6,June,19,Night,Weekday
T20230013672,2023-06-12,19:12:00,1,Collision with vehicle,1,Monday,160,VEHICLE COLLIDES WITH VEHICLE PARKED ON LEFT OF ROAD,3,782046,Not at intersection,2,50,Local Road,BEVERIDGE,SWAN HILL,-35.34426,143.55957,2023,6,June,19,Night,Weekday
T20230013671,2023-06-12,15:00:00,2,Struck Pedestrian,1,Monday,100,PED NEAR SIDE. PED HIT BY VEHICLE FROM THE RIGHT.,1,43129,Cross intersection,3,50,Local Road,BOX,CASEY,-37.995087,145.23802,2023,6,June,15,Afternoon Peak,Weekday
T20230013670,2023-06-12,16:11:00,4,Collision with a fixed object,1,Monday,183,OFF LEFT BEND INTO OBJECT/PARKED VEHICLE,2,775868,Not at intersection,3,50,Local Road,FULLER,YARRA RANGES,-37.774338,145.36916,2023,6,June,16,Afternoon Peak,Weekday
T20230013924,2023-06-12,17:50:00,1,Collision with vehicle,1,Monday,130,REAR END(VEHICLES IN SAME LANE),2,796670,Not at intersection,2,100,Local Road,KOONDROOK-MURRABIT,GANNAWARRA,-35.59063,144.02051,2023,6,June,17,Afternoon Peak,Weekday
T20230013909,2023-06-12,17:30:00,6,Vehicle overturned (no collision),1,Monday,151,OUT OF CONTROL (OVERTAKING),2,776014,Not at intersection,3,100,Freeway,FRANKSTON,FRANKSTON,-38.101,145.14177,2023,6,June,17,Afternoon Peak,Weekday
T20230013667,2023-06-12,16:18:00,2,Struck Pedestrian,1,Monday,100,PED NEAR SIDE. PED HIT BY VEHICLE FROM THE RIGHT.,2,43129,Cross intersection,3,80,Local Road,BOX,CASEY,-37.995087,145.23802,2023,6,June,16,Afternoon Peak,Weekday
T20230013660,2023-06-12,13:57:00,1,Collision with vehicle,1,Monday,130,REAR END(VEHICLES IN SAME LANE),1,777400,Not at intersection,2,80,Freeway,EASTERN OUT-ELGAR,MANNINGHAM,-37.795666,145.11865,2023,6,June,13,Midday,Weekday
T20230013663,2023-06-12,16:04:00,1,Collision with vehicle,1,Monday,121,RIGHT THROUGH,2,47938,T intersection,2,70,Arterial Other,BEACONSFIELD-EMERALD,CARDINIA,-38.038273,145.37016,2023,6,June,16,Afternoon Peak,Weekday
T20230014047,2023-06-12,14:15:00,1,Collision with vehicle,1,Monday,121,RIGHT THROUGH,1,47219,T intersection,3,60,Arterial Highway,MELBA,YARRA RANGES,-37.65253,145.37627,2023,6,June,14,Midday,Weekday
T20230014048,2023-06-12,18:00:00,1,Collision with vehicle,1,Monday,130,REAR END(VEHICLES IN SAME LANE),2,778956,Not at intersection,3,40,Arterial Other,BALLAN,WYNDHAM,-37.873184,144.61343,2023,6,June,18,Afternoon Peak,Weekday
T20230013611,2023-06-12,02:14:00,1,Collision with vehicle,1,Monday,160,VEHICLE COLLIDES WITH VEHICLE PARKED ON LEFT OF ROAD,3,61989,Cross intersection,3,50,Local Road,HILTON,MORELAND,-37.70033,144.92525,2023,6,June,2,Late Night,Weekday
T20230013625,2023-06-12,10:35:00,4,Collision with a fixed object,1,Monday,171,LEFT OFF CARRIAGEWAY INTO OBJECT/PARKED VEHICLE,1,776064,Not at intersection,2,80,Arterial Highway,FRANKSTON-DANDENONG,FRANKSTON,-38.11225,145.1581,2023,6,June,10,Midday,Weekday
T20230013632,2023-06-12,11:33:00,4,Collision with a fixed object,1,Monday,146,REVERSING INTO FIXED OBJECT/PARKED VEHICLE,1,784718,Not at intersection,3,30,Local Road,KLINE,BALLARAT,-37.577908,143.88309,2023,6,June,11,Midday,Weekday
T20230013633,2023-06-12,11:28:00,1,Collision with vehicle,1,Monday,110,CROSS TRAFFIC(INTERSECTIONS ONLY),1,51485,Cross intersection,3,50,Arterial Highway,NORTHERN,BENDIGO,-36.493336,144.60936,2023,6,June,11,Midday,Weekday
T20230013759,2023-06-13,19:16:00,4,Collision with a fixed object,2,Tuesday,171,LEFT OFF CARRIAGEWAY INTO OBJECT/PARKED VEHICLE,5,784289,Not at intersection,2,100,Arterial Other,BARRABOOL,SURF COAST,-38.170532,144.23262,2023,6,June,19,Night,Weekday
T20230013723,2023-06-13,15:50:00,1,Collision with vehicle,2,Tuesday,110,CROSS TRAFFIC(INTERSECTIONS ONLY),1,733908,Cross intersection,2,100,Local Road,GHAZEEPORE,SURF COAST,-38.2588,144.29337,2023,6,June,15,Afternoon Peak,Weekday
T20230013754,2023-06-13,17:15:00,1,Collision with vehicle,2,Tuesday,130,REAR END(VEHICLES IN SAME LANE),2,776051,T intersection,3,50,Local Road,EMPEROR,GEELONG,-38.267097,144.53566,2023,6,June,17,Afternoon Peak,Weekday
T20230014805,2023-06-13,15:30:00,1,Collision with vehicle,2,Tuesday,130,REAR END(VEHICLES IN SAME LANE),1,778162,T intersection,3,60,Arterial Other,MARINE,PORT PHILLIP,-37.88038,144.97752,2023,6,June,15,Afternoon Peak,Weekday
T20230013755,2023-06-13,18:20:00,1,Collision with vehicle,2,Tuesday,160,VEHICLE COLLIDES WITH VEHICLE PARKED ON LEFT OF ROAD,3,776503,Not at intersection,3,50,Local Road,MONAHANS,CASEY,-38.091797,145.26878,2023,6,June,18,Afternoon Peak,Weekday
T20230014228,2023-06-13,12:00:00,1,Collision with vehicle,2,Tuesday,130,REAR END(VEHICLES IN SAME LANE),1,776965,Not at intersection,3,60,Local Road,BLAIR,HUME,-37.68224,144.92793,2023,6,June,12,Midday,Weekday
T20230013740,2023-06-13,08:44:00,1,Collision with vehicle,2,Tuesday,130,REAR END(VEHICLES IN SAME LANE),1,776293,Not at intersection,3,40,Local Road,ELMHURST,WYNDHAM,-37.84342,144.73418,2023,6,June,8,Morning Peak,Weekday
T20230013758,2023-06-13,16:25:00,4,Collision with a fixed object,2,Tuesday,181,OFF RIGHT BEND INTO OBJECT/PARKED VEHICLE,2,783749,Not at intersection,2,100,Arterial Highway,PRINCES,EAST GIPPSLAND,-37.60196,148.9058,2023,6,June,16,Afternoon Peak,Weekday
T20230013836,2023-06-13,08:12:00,1,Collision with vehicle,2,Tuesday,130,REAR END(VEHICLES IN SAME LANE),1,775916,Not at intersection,3,80,Arterial Other,HEATHERTON,CASEY,-37.975037,145.25844,2023,6,June,8,Morning Peak,Weekday
T20230015188,2023-06-13,18:05:00,2,Struck Pedestrian,2,Tuesday,100,PED NEAR SIDE. PED HIT BY VEHICLE FROM THE RIGHT.,2,777260,Not at intersection,3,50,Local Road,KENDALL,CASEY,-37.996082,145.30244,2023,6,June,18,Afternoon Peak,Weekday
T20230013745,2023-06-13,17:50:00,2,Struck Pedestrian,2,Tuesday,102,FAR SIDE. PED HIT BY VEHICLE FROM THE LEFT,3,778222,Not at intersection,2,50,Arterial Other,CAMP,INDIGO,-36.36059,146.68825,2023,6,June,17,Afternoon Peak,Weekday
T20230013747,2023-06-13,16:54:00,1,Collision with vehicle,2,Tuesday,130,REAR END(VEHICLES IN SAME LANE),2,776549,Not at intersection,3,40,Arterial Other,GRIMSHAW,BANYULE,-37.704865,145.10512,2023,6,June,16,Afternoon Peak,Weekday
T20230013989,2023-06-13,13:30:00,1,Collision with vehicle,2,Tuesday,130,REAR END(VEHICLES IN SAME LANE),1,777293,Not at intersection,3,50,Local Road,CANNONS CREEK,CASEY,-38.214516,145.31606,2023,6,June,13,Midday,Weekday
T20230016159,2023-06-13,10:06:00,1,Collision with vehicle,2,Tuesday,147,VEHICLE STRIKES ANOTHER VEH WHILE EMERGING FROM DRIVEWAY,1,777163,Not at intersection,2,50,Arterial Other,WALLEN,BOROONDARA,-37.82705,145.02461,2023,6,June,10,Midday,Weekday
T20230014976,2023-06-13,03:50:00,4,Collision with a fixed object,2,Tuesday,179,OTHER ACCIDENTS-OFF STRAIGHT NOT INCLUDED IN DCAs 170-175,4,29764,Cross intersection,3,80,Arterial Other,THOMPSONS,CASEY,-38.089348,145.33255,2023,6,June,3,Late Night,Weekday
T20230013767,2023-06-13,22:00:00,1,Collision with vehicle,2,Tuesday,130,REAR END(VEHICLES IN SAME LANE),3,776664,Not at intersection,2,40,Freeway,WEST GATE,MELBOURNE,-37.82826,144.92235,2023,6,June,22,Night,Weekday
T20230013921,2023-06-13,17:30:00,1,Collision with vehicle,2,Tuesday,130,REAR END(VEHICLES IN SAME LANE),1,776265,Not at intersection,2,100,Freeway,WESTERN,MELTON,-37.734997,144.67091,2023,6,June,17,Afternoon Peak,Weekday
T20230013735,2023-06-13,16:45:00,1,Collision with vehicle,2,Tuesday,113,RIGHT NEAR (INTERSECTIONS ONLY),9,55222,T intersection,3,80,Local Road,CENTRE,CASEY,-38.04541,145.30676,2023,6,June,16,Afternoon Peak,Weekday
T20230014329,2023-06-13,15:40:00,1,Collision with vehicle,2,Tuesday,120,HEAD ON (NOT OVERTAKING),1,796928,Not at intersection,3,50,Local Road,FREEHOLD,WHITTLESEA,-37.606216,145.12201,2023,6,June,15,Afternoon Peak,Weekday
T20230013751,2023-06-13,18:22:00,1,Collision with vehicle,2,Tuesday,110,CROSS TRAFFIC(INTERSECTIONS ONLY),2,51945,Cross intersection,3,60,Local Road,MCKEAN,EAST GIPPSLAND,-37.824635,147.60735,2023,6,June,18,Afternoon Peak,Weekday
T20230014264,2023-06-13,13:30:00,1,Collision with vehicle,2,Tuesday,130,REAR END(VEHICLES IN SAME LANE),1,777919,Not at intersection,3,100,Freeway,WEST GATE IN-KINGS,MELBOURNE,-37.82624,144.9491,2023,6,June,13,Midday,Weekday
T20230014273,2023-06-13,14:50:00,1,Collision with vehicle,2,Tuesday,130,REAR END(VEHICLES IN SAME LANE),1,39376,T intersection,3,60,Arterial Other,WETHERBY,MANNINGHAM,-37.78974,145.14323,2023,6,June,14,Midday,Weekday
T20230014002,2023-06-13,15:30:00,1,Collision with vehicle,2,Tuesday,131,LEFT REAR,1,776351,Cross intersection,3,80,Local Road,POPLAR,SHEPPARTON,-36.398937,145.43173,2023,6,June,15,Afternoon Peak,Weekday
T20230013748,2023-06-13,18:06:00,1,Collision with vehicle,2,Tuesday,130,REAR END(VEHICLES IN SAME LANE),2,777674,Not at intersection,3,80,Arterial Highway,SPRINGVALE,MONASH,-37.903114,145.1615,2023,6,June,18,Afternoon Peak,Weekday
T20230013734,2023-06-13,15:42:00,1,Collision with vehicle,2,Tuesday,130,REAR END(VEHICLES IN SAME LANE),1,776264,Not at intersection,3,80,Arterial Highway,NEPEAN,GLEN EIRA,-37.895645,145.00465,2023,6,June,15,Afternoon Peak,Weekday
T20230013778,2023-06-13,22:00:00,4,Collision with a fixed object,2,Tuesday,173,RIGHT OFF CARRIAGEWAY INTO OBJECT/PARKED VEHICLE,3,792934,Not at intersection,3,80,Local Road,GLASSCOCKS,DANDENONG,-38.061073,145.22798,2023,6,June,22,Night,Weekday
T20230013772,2023-06-13,21:30:00,1,Collision with vehicle,2,Tuesday,173,RIGHT OFF CARRIAGEWAY INTO OBJECT/PARKED VEHICLE,5,775909,Not at intersection,2,50,Local Road,DUNCAN,BANYULE,-37.711056,145.09698,2023,6,June,21,Night,Weekday
T20230015600,2023-06-13,08:50:00,1,Collision with vehicle,2,Tuesday,113,RIGHT NEAR (INTERSECTIONS ONLY),1,41762,T intersection,3,80,Arterial Highway,WELLINGTON,MONASH,-37.91727,145.1471,2023,6,June,8,Morning Peak,Weekday
T20230013719,2023-06-13,13:50:00,2,Struck Pedestrian,2,Tuesday,100,PED NEAR SIDE. PED HIT BY VEHICLE FROM THE RIGHT.,1,776349,Cross intersection,3,40,Arterial Other,WARRANDYTE,MAROONDAH,-37.81463,145.23106,2023,6,June,13,Midday,Weekday
T20230013715,2023-06-13,13:20:00,1,Collision with vehicle,2,Tuesday,139,OTHER SAME DIRECTION-MANOUEVRES NOT INCLUDED IN DCAs 130-137,1,775953,Not at intersection,2,100,Freeway,WESTERN RING,BRIMBANK,-37.74399,144.84322,2023,6,June,13,Midday,Weekday
T20230013710,2023-06-13,12:26:00,4,Collision with a fixed object,2,Tuesday,171,LEFT OFF CARRIAGEWAY INTO OBJECT/PARKED VEHICLE,1,776138,Not at intersection,3,80,Arterial Highway,DINGLEY,KINGSTON,-37.960644,145.12108,2023,6,June,12,Midday,Weekday
T20230013697,2023-06-13,07:30:00,4,Collision with a fixed object,2,Tuesday,171,LEFT OFF CARRIAGEWAY INTO OBJECT/PARKED VEHICLE,1,775919,Not at intersection,2,100,Local Road,BUNGEET,BENALLA,-36.29062,146.05008,2023,6,June,7,Morning Peak,Weekday
T20230013690,2023-06-13,06:30:00,1,Collision with vehicle,2,Tuesday,135,LANE CHANGE LEFT (NOT OVERTAKING),2,775871,Not at intersection,2,60,Arterial Other,DORSET,KNOX,-37.86396,145.28554,2023,6,June,6,Morning Peak,Weekday
T20230013729,2023-06-13,16:20:00,1,Collision with vehicle,2,Tuesday,113,RIGHT NEAR (INTERSECTIONS ONLY),2,38944,Cross intersection,3,60,Arterial Other,RIVERSDALE,BOROONDARA,-37.829094,145.03716,2023,6,June,16,Afternoon Peak,Weekday
T20230013727,2023-06-13,15:40:00,1,Collision with vehicle,2,Tuesday,147,VEHICLE STRIKES ANOTHER VEH WHILE EMERGING FROM DRIVEWAY,1,272917,Not at intersection,3,60,Arterial Other,CANTERBURY,BOROONDARA,-37.824787,145.08754,2023,6,June,15,Afternoon Peak,Weekday
T20230013739,2023-06-13,17:30:00,1,Collision with vehicle,2,Tuesday,140,U TURN,2,779317,Not at intersection,2,70,Arterial Other,MAHONEYS,HUME,-37.690273,144.96425,2023,6,June,17,Afternoon Peak,Weekday
T20230013726,2023-06-13,16:23:00,1,Collision with vehicle,2,Tuesday,132,RIGHT REAR.,1,776541,Not at intersection,2,60,Local Road,ONTARIO,MILDURA,-34.19581,142.12971,2023,6,June,16,Afternoon Peak,Weekday
T20230014201,2023-06-13,17:00:00,1,Collision with vehicle,2,Tuesday,147,VEHICLE STRIKES ANOTHER VEH WHILE EMERGING FROM DRIVEWAY,2,776485,Not at intersection,3,50,Local Road,REGENT,DANDENONG,-37.952,145.14339,2023,6,June,17,Afternoon Peak,Weekday
T20230013826,2023-06-14,09:00:00,1,Collision with vehicle,3,Wednesday,112,LEFT FAR (INTERSECTIONS ONLY),1,775957,Cross intersection,3,50,Local Road,LAN,HOBSONS BAY,-37.876328,144.76895,2023,6,June,9,Morning Peak,Weekday
T20230013841,2023-06-14,16:27:00,1,Collision with vehicle,3,Wednesday,121,RIGHT THROUGH,1,793919,T intersection,3,40,Local Road,AUBURN,BOROONDARA,-37.831753,145.04332,2023,6,June,16,Afternoon Peak,Weekday
T20230016309,2023-06-14,20:40:00,2,Struck Pedestrian,3,Wednesday,103,PED PLAYING/LYING/WORKING/STANDING ON CARRIAGEWAY.,3,777878,Not at intersection,2,50,Local Road,ISAAC SMITH,CASEY,-37.974754,145.24716,2023,6,June,20,Night,Weekday
T20230013819,2023-06-14,14:24:00,1,Collision with vehicle,3,Wednesday,130,REAR END(VEHICLES IN SAME LANE),1,793148,Cross intersection,2,70,Arterial Other,PORTARLINGTON ROAD -RYRIE,GEELONG,-38.156677,144.3867,2023,6,June,14,Midday,Weekday
T20230013817,2023-06-14,13:24:00,4,Collision with a fixed object,3,Wednesday,164,PERMANENT OBSTRUCTION ON CARRIAGEWAY,1,45627,T intersection,3,40,Arterial Other,SYDNEY,MORELAND,-37.770393,144.96155,2023,6,June,13,Midday,Weekday
T20230013793,2023-06-14,06:30:00,5,collision with some other object,3,Wednesday,166,STRUCK OBJECT ON CARRIAGEWAY,2,779772,Not at intersection,3,100,Local Road,BOGGY CREEK,WANGARATTA,-36.629723,146.3534,2023,6,June,6,Morning Peak,Weekday
T20230013815,2023-06-14,09:29:00,1,Collision with vehicle,3,Wednesday,113,RIGHT NEAR (INTERSECTIONS ONLY),1,752604,T intersection,2,60,Arterial Other,POINT COOK,WYNDHAM,-37.90293,144.75307,2023,6,June,9,Morning Peak,Weekday
T20230014094,2023-06-14,11:15:00,1,Collision with vehicle,3,Wednesday,130,REAR END(VEHICLES IN SAME LANE),1,776091,Not at intersection,3,80,Arterial Highway,WHITEHORSE,WHITEHORSE,-37.817608,145.18558,2023,6,June,11,Midday,Weekday
T20230013813,2023-06-14,08:57:00,1,Collision with vehicle,3,Wednesday,121,RIGHT THROUGH,1,48758,Cross intersection,3,80,Local Road,PATTERSONS,CASEY,-38.12094,145.346,2023,6,June,8,Morning Peak,Weekday
T20230013812,2023-06-14,08:24:00,1,Collision with vehicle,3,Wednesday,121,RIGHT THROUGH,1,356648,T intersection,3,70,Arterial Other,COSTAS,WYNDHAM,-37.874916,144.71811,2023,6,June,8,Morning Peak,Weekday
T20230013822,2023-06-14,15:55:00,2,Struck Pedestrian,3,Wednesday,102,FAR SIDE. PED HIT BY VEHICLE FROM THE LEFT,1,39925,Cross intersection,2,60,Arterial Other,BLACKSHAWS,HOBSONS BAY,-37.830708,144.84335,2023,6,June,15,Afternoon Peak,Weekday
T20230013827,2023-06-14,17:30:00,6,Vehicle overturned (no collision),3,Wednesday,170,OFF CARRIAGEWAY TO LEFT,2,775918,Not at intersection,2,40,Arterial Other,MT BULLER,(MOUNT BULLER),-37.145214,146.45135,2023,6,June,17,Afternoon Peak,Weekday
T20230013777,2023-06-14,05:00:00,2,Struck Pedestrian,3,Wednesday,102,FAR SIDE. PED HIT BY VEHICLE FROM THE LEFT,2,60363,Cross intersection,3,60,Arterial Highway,VINCENT,ARARAT,-37.283676,142.9316,2023,6,June,5,Morning Peak,Weekday
T20230014922,2023-06-14,16:07:00,1,Collision with vehicle,3,Wednesday,116,LEFT NEAR (INTERSECTIONS ONLY),2,776496,Cross intersection,3,80,Arterial Other,FERNTREE GULLY,KNOX,-37.897766,145.2426,2023,6,June,16,Afternoon Peak,Weekday
T20230013806,2023-06-14,13:08:00,1,Collision with vehicle,3,Wednesday,114,TWO RIGHT TURNING (INTERSECTIONS ONLY),1,326111,T intersection,2,70,Local Road,SAYERS,WYNDHAM,-37.847443,144.67892,2023,6,June,13,Midday,Weekday