ACCIDENT_NO,ACCIDENT_DATE,ACCIDENT_TIME,ACCIDENT_TYPE,ACCIDENT_TYPE_DESC,DAY_OF_WEEK,DAY_WEEK_DESC,DCA_CODE,DCA_DESC,LIGHT_CONDITION,NODE_ID,ROAD_GEOMETRY_DESC,SEVERITY,SPEED_ZONE,RMA,ROAD_NAME,LGA_NAME,LATITUDE,LONGITUDE,YEAR,MONTH,MONTH_NAME,HOUR,TIME_PERIOD,DAY_TYPE
T20230013774,2023-06-14,00:25:00,1,Collision with vehicle,3,Wednesday,130,REAR END(VEHICLES IN SAME LANE),3,776081,Not at intersection,3,70,Arterial Highway,DANDENONG,STONNINGTON,-37.865425,145.02603,2023,6,June,0,Late Night,Weekday
T20230013797,2023-06-14,08:40:00,2,Struck Pedestrian,3,Wednesday,101,PED EMERGES FROM IN FRONT OF PARKED OR STATIONARY VEHICLE,1,775913,Not at intersection,3,60,Local Road,BARRY,LATROBE,-38.231457,146.41742,2023,6,June,8,Morning Peak,Weekday
T20230013832,2023-06-14,16:45:00,1,Collision with vehicle,3,Wednesday,110,CROSS TRAFFIC(INTERSECTIONS ONLY),2,57070,Cross intersection,3,50,Local Road,BALDWIN,BRIMBANK,-37.751343,144.83656,2023,6,June,16,Afternoon Peak,Weekday
T20230013914,2023-06-14,08:19:00,1,Collision with vehicle,3,Wednesday,130,REAR END(VEHICLES IN SAME LANE),1,39774,Cross intersection,3,60,Arterial Other,MT DANDENONG,MAROONDAH,-37.799644,145.28981,2023,6,June,8,Morning Peak,Weekday
T20230014198,2023-06-14,09:00:00,1,Collision with vehicle,3,Wednesday,163,VEHICLE STRIKES DOOR OF PARKED/STATIONARY VEHICLE,2,779318,Not at intersection,3,60,Local Road,BRUNSWICK,YARRA,-37.80276,144.9777,2023,6,June,9,Morning Peak,Weekday
T20230013796,2023-06-14,09:30:00,1,Collision with vehicle,3,Wednesday,131,LEFT REAR,1,775912,Cross intersection,3,60,Local Road,ALBION,MORELAND,-37.75868,144.94493,2023,6,June,9,Morning Peak,Weekday
T20230013833,2023-06-14,17:03:00,2,Struck Pedestrian,3,Wednesday,102,FAR SIDE. PED HIT BY VEHICLE FROM THE LEFT,2,775915,Not at intersection,3,60,Arterial Highway,MARONG,BENDIGO,-36.759544,144.24826,2023,6,June,17,Afternoon Peak,Weekday
T20230013851,2023-06-14,20:47:00,4,Collision with a fixed object,3,Wednesday,171,LEFT OFF CARRIAGEWAY INTO OBJECT/PARKED VEHICLE,3,779630,Not at intersection,2,60,Arterial Highway,BELL,MORELAND,-37.740505,144.9583,2023,6,June,20,Night,Weekday
T20230013847,2023-06-14,14:19:00,1,Collision with vehicle,3,Wednesday,130,REAR END(VEHICLES IN SAME LANE),1,776053,Not at intersection,3,60,Local Road,ALBERT,KNOX,-37.84996,145.29892,2023,6,June,14,Midday,Weekday
T20230013795,2023-06-14,08:00:00,1,Collision with vehicle,3,Wednesday,121,RIGHT THROUGH,2,776208,Not at intersection,3,80,Local Road,WELLINGTON,MONASH,-37.919735,145.16676,2023,6,June,8,Morning Peak,Weekday
T20230013843,2023-06-14,20:00:00,1,Collision with vehicle,3,Wednesday,136,RIGHT TURN SIDESWIPE,3,776052,Not at intersection,3,40,Local Road,LONSDALE,MELBOURNE,-37.814045,144.95616,2023,6,June,20,Night,Weekday
T20230016962,2023-06-14,10:30:00,1,Collision with vehicle,3,Wednesday,110,CROSS TRAFFIC(INTERSECTIONS ONLY),1,22730,Cross intersection,3,50,Local Road,BELL,BALLARAT,-37.578274,143.8449,2023,6,June,10,Midday,Weekday
T20230024707,2023-06-14,08:40:00,1,Collision with vehicle,3,Wednesday,130,REAR END(VEHICLES IN SAME LANE),2,784036,T intersection,3,60,Local Road,EDWARD,YARRA RANGES,-37.757156,145.31642,2023,6,June,8,Morning Peak,Weekday
T20230013888,2023-06-14,18:00:00,1,Collision with vehicle,3,Wednesday,163,VEHICLE STRIKES DOOR OF PARKED/STATIONARY VEHICLE,3,776570,Not at intersection,3,60,Arterial Other,BALCOMBE,KINGSTON,-37.980553,145.05899,2023,6,June,18,Afternoon Peak,Weekday
T20230013840,2023-06-14,18:13:00,1,Collision with vehicle,3,Wednesday,121,RIGHT THROUGH,2,784715,Cross intersection,2,60,Arterial Other,GRAHAM,PORT PHILLIP,-37.83341,144.93275,2023,6,June,18,Afternoon Peak,Weekday
T20230013839,2023-06-14,14:30:00,4,Collision with a fixed object,3,Wednesday,181,OFF RIGHT BEND INTO OBJECT/PARKED VEHICLE,1,795014,Not at intersection,2,70,Arterial Other,LYSTERFIELD,YARRA RANGES,-37.91703,145.3004,2023,6,June,14,Midday,Weekday
T20230013792,2023-06-14,06:55:00,1,Collision with vehicle,3,Wednesday,130,REAR END(VEHICLES IN SAME LANE),2,776548,Not at intersection,3,80,Freeway,WEST GATE,HOBSONS BAY,-37.825363,144.88676,2023,6,June,6,Morning Peak,Weekday
T20230017913,2023-06-14,12:20:00,1,Collision with vehicle,3,Wednesday,130,REAR END(VEHICLES IN SAME LANE),1,29983,Cross intersection,3,60,Arterial Highway,HIGH,BENDIGO,-36.76712,144.26651,2023,6,June,12,Midday,Weekday
T20230013790,2023-06-14,06:55:00,6,Vehicle overturned (no collision),3,Wednesday,174,OUT OF CONTROL ON CARRIAGEWAY (ON STRAIGHT),3,775955,T intersection,2,60,Local Road,COLCHESTER,MAROONDAH,-37.80921,145.3066,2023,6,June,6,Morning Peak,Weekday
T20230013787,2023-06-14,06:47:00,4,Collision with a fixed object,3,Wednesday,171,LEFT OFF CARRIAGEWAY INTO OBJECT/PARKED VEHICLE,3,776482,Not at intersection,2,80,Arterial Highway,LONSDALE STREET SERVICE,DANDENONG,-38.00052,145.22697,2023,6,June,6,Morning Peak,Weekday
T20230013784,2023-06-14,09:00:00,1,Collision with vehicle,3,Wednesday,130,REAR END(VEHICLES IN SAME LANE),1,776082,Not at intersection,3,60,Arterial Other,STEPHENSONS,MONASH,-37.87125,145.12985,2023,6,June,9,Morning Peak,Weekday
T20230013783,2023-06-14,06:20:00,1,Collision with vehicle,3,Wednesday,130,REAR END(VEHICLES IN SAME LANE),3,775910,Not at intersection,3,50,Local Road,NORTHPARK,HUME,-37.645325,144.96817,2023,6,June,6,Morning Peak,Weekday
T20230013786,2023-06-14,07:38:00,1,Collision with vehicle,3,Wednesday,111,RIGHT FAR (INTERSECTIONS ONLY),1,245697,T intersection,3,80,Arterial Other,BALNARRING,MORNINGTON PENINSULA,-38.316254,145.08829,2023,6,June,7,Morning Peak,Weekday
T20230013876,2023-06-15,09:38:00,4,Collision with a fixed object,4,Thursday,173,RIGHT OFF CARRIAGEWAY INTO OBJECT/PARKED VEHICLE,1,777035,Not at intersection,2,100,Arterial Highway,SOUTH GIPPSLAND,CARDINIA,-38.23976,145.52335,2023,6,June,9,Morning Peak,Weekday
T20230022967,2023-06-15,17:00:00,1,Collision with vehicle,4,Thursday,130,REAR END(VEHICLES IN SAME LANE),2,782063,Not at intersection,3,50,Arterial Other,MAIN,MOORABOOL,-37.67684,144.44536,2023,6,June,17,Afternoon Peak,Weekday
T20230016402,2023-06-15,14:10:00,1,Collision with vehicle,4,Thursday,110,CROSS TRAFFIC(INTERSECTIONS ONLY),1,777247,Cross intersection,3,80,Freeway,MIDLAND,MOUNT ALEXANDER,-37.004932,144.24817,2023,6,June,14,Midday,Weekday
T20230015764,2023-06-15,06:55:00,1,Collision with vehicle,4,Thursday,129,OTHER OPPOSING MANOEUVRES NOT INCLUDED IN DCAs 120-125.,2,63227,T intersection,3,80,Local Road,GREIGS,MELTON,-37.746185,144.61328,2023,6,June,6,Morning Peak,Weekday
T20230023452,2023-06-15,20:30:00,4,Collision with a fixed object,4,Thursday,173,RIGHT OFF CARRIAGEWAY INTO OBJECT/PARKED VEHICLE,3,784046,Not at intersection,3,50,Local Road,THRUSH,GEELONG,-38.088135,144.35037,2023,6,June,20,Night,Weekday
T20230013940,2023-06-15,15:49:00,1,Collision with vehicle,4,Thursday,152,PULLING OUT (OVERTAKING),1,49731,Cross intersection,2,50,Local Road,BINGARA,GEELONG,-38.094814,144.35365,2023,6,June,15,Afternoon Peak,Weekday
T20230013939,2023-06-15,16:45:00,1,Collision with vehicle,4,Thursday,110,CROSS TRAFFIC(INTERSECTIONS ONLY),2,784767,Cross intersection,3,60,Local Road,EVELYN,EAST GIPPSLAND,-37.82962,147.6156,2023,6,June,16,Afternoon Peak,Weekday
T20230013906,2023-06-15,16:36:00,2,Struck Pedestrian,4,Thursday,100,PED NEAR SIDE. PED HIT BY VEHICLE FROM THE RIGHT.,1,793149,Not at intersection,3,60,Arterial Other,SLADEN,CASEY,-38.112587,145.27972,2023,6,June,16,Afternoon Peak,Weekday
T20230013936,2023-06-15,21:07:00,1,Collision with vehicle,4,Thursday,121,RIGHT THROUGH,3,60682,T intersection,2,60,Local Road,GREVILLEA,BALLARAT,-37.527504,143.8306,2023,6,June,21,Night,Weekday
T20230013932,2023-06-15,19:10:00,4,Collision with a fixed object,4,Thursday,171,LEFT OFF CARRIAGEWAY INTO OBJECT/PARKED VEHICLE,5,776015,Not at intersection,3,80,Arterial Other,KANGAROO GROUND-ST ANDREWS,NILLUMBIK,-37.660114,145.22664,2023,6,June,19,Night,Weekday
T20230013931,2023-06-15,17:40:00,4,Collision with a fixed object,4,Thursday,175,OFF END OF ROAD/T-INTERSECTION.,2,326878,T intersection,3,100,Local Road,GEODETIC,HORSHAM,-36.608044,142.16837,2023,6,June,17,Afternoon Peak,Weekday
T20230013928,2023-06-15,12:20:00,1,Collision with vehicle,4,Thursday,160,VEHICLE COLLIDES WITH VEHICLE PARKED ON LEFT OF ROAD,1,776595,Not at intersection,2,50,Local Road,ADELAIDE,GEELONG,-38.169624,144.31639,2023,6,June,12,Midday,Weekday
T20230013927,2023-06-15,09:00:00,1,Collision with vehicle,4,Thursday,130,REAR END(VEHICLES IN SAME LANE),9,776486,Not at intersection,3,80,Arterial Highway,MAROONDAH,MAROONDAH,-37.78673,145.2756,2023,6,June,9,Morning Peak,Weekday
T20230013923,2023-06-15,17:50:00,1,Collision with vehicle,4,Thursday,139,OTHER SAME DIRECTION-MANOUEVRES NOT INCLUDED IN DCAs 130-137,2,734275,T intersection,3,70,Arterial Other,PASCOE VALE,HUME,-37.683647,144.91833,2023,6,June,17,Afternoon Peak,Weekday
T20230014506,2023-06-15,09:10:00,4,Collision with a fixed object,4,Thursday,173,RIGHT OFF CARRIAGEWAY INTO OBJECT/PARKED VEHICLE,1,793156,Not at intersection,2,30,Local Road,MILTON,GEELONG,-38.11681,144.33344,2023,6,June,9,Morning Peak,Weekday
T20230013919,2023-06-15,18:19:00,1,Collision with vehicle,4,Thursday,110,CROSS TRAFFIC(INTERSECTIONS ONLY),2,47382,Cross intersection,3,60,Freeway,WESTERN IN-COBURNS,MELTON,-37.68815,144.56744,2023,6,June,18,Afternoon Peak,Weekday
T20230013918,2023-06-15,17:56:00,1,Collision with vehicle,4,Thursday,110,CROSS TRAFFIC(INTERSECTIONS ONLY),3,777034,Cross intersection,3,50,Local Road,SKYLINE,CASEY,-38.06689,145.34206,2023,6,June,17,Afternoon Peak,Weekday
T20230013917,2023-06-15,15:30:00,1,Collision with vehicle,4,Thursday,111,RIGHT FAR (INTERSECTIONS ONLY),1,47392,T intersection,2,40,Arterial Other,HIGH,BOROONDARA,-37.863426,145.07971,2023,6,June,15,Afternoon Peak,Weekday
T20230014075,2023-06-15,17:36:00,1,Collision with vehicle,4,Thursday,130,REAR END(VEHICLES IN SAME LANE),5,776088,Not at intersection,2,60,Arterial Other,MORNINGTON-TYABB,MORNINGTON PENINSULA,-38.237152,145.05984,2023,6,June,17,Afternoon Peak,Weekday
T20230013913,2023-06-15,15:00:00,1,Collision with vehicle,4,Thursday,113,RIGHT NEAR (INTERSECTIONS ONLY),1,19335,Cross intersection,2,100,Arterial Highway,MURRAY VALLEY,SWAN HILL,-35.497307,143.712,2023,6,June,15,Afternoon Peak,Weekday
T20230013905,2023-06-15,15:07:00,1,Collision with vehicle,4,Thursday,163,VEHICLE STRIKES DOOR OF PARKED/STATIONARY VEHICLE,1,776397,Not at intersection,3,40,Local Road,COLLINS,MELBOURNE,-37.816017,144.96474,2023,6,June,15,Afternoon Peak,Weekday
T20230013902,2023-06-15,15:00:00,1,Collision with vehicle,4,Thursday,139,OTHER SAME DIRECTION-MANOUEVRES NOT INCLUDED IN DCAs 130-137,1,784315,Not at intersection,3,60,Freeway,CHANDLER-EASTERN IN,BOROONDARA,-37.79223,145.0299,2023,6,June,15,Afternoon Peak,Weekday
T20230013899,2023-06-15,08:10:00,1,Collision with vehicle,4,Thursday,110,CROSS TRAFFIC(INTERSECTIONS ONLY),2,784763,Cross intersection,3,60,Arterial Other,EDITHVALE,KINGSTON,-38.02823,145.13087,2023,6,June,8,Morning Peak,Weekday
T20230013907,2023-06-15,14:00:00,1,Collision with vehicle,4,Thursday,143,ENTERING PARKING,1,784717,Not at intersection,3,40,Arterial Other,VICTORIA,YARRA,-37.81085,145.00343,2023,6,June,14,Midday,Weekday
T20230014880,2023-06-15,17:00:00,1,Collision with vehicle,4,Thursday,130,REAR END(VEHICLES IN SAME LANE),2,780570,Not at intersection,3,100,Freeway,PRINCES,CARDINIA,-38.07745,145.42387,2023,6,June,17,Afternoon Peak,Weekday
T20230013968,2023-06-15,13:55:00,2,Struck Pedestrian,4,Thursday,103,PED PLAYING/LYING/WORKING/STANDING ON CARRIAGEWAY.,1,790635,Not at intersection,3,80,Local Road,MIA MIA,MITCHELL,-37.224274,145.06467,2023,6,June,13,Midday,Weekday
T20230014032,2023-06-15,21:55:00,4,Collision with a fixed object,4,Thursday,171,LEFT OFF CARRIAGEWAY INTO OBJECT/PARKED VEHICLE,3,788004,T intersection,3,60,Local Road,LINSELL,CASEY,-38.099506,145.30054,2023,6,June,21,Night,Weekday
T20230014775,2023-06-15,16:10:00,1,Collision with vehicle,4,Thursday,113,RIGHT NEAR (INTERSECTIONS ONLY),2,776545,T intersection,3,60,Arterial Highway,WARBURTON,YARRA RANGES,-37.78009,145.53058,2023,6,June,16,Afternoon Peak,Weekday
T20230014366,2023-06-15,14:35:00,1,Collision with vehicle,4,Thursday,121,RIGHT THROUGH,1,37119,T intersection,2,60,Local Road,BETHANY,WYNDHAM,-37.86226,144.67987,2023,6,June,14,Midday,Weekday
T20230013874,2023-06-15,01:30:00,1,Collision with vehicle,4,Thursday,130,REAR END(VEHICLES IN SAME LANE),3,370,Cross intersection,3,60,Arterial Highway,KINGS,PORT PHILLIP,-37.835068,144.97113,2023,6,June,1,Late Night,Weekday
T20230014160,2023-06-15,21:19:00,1,Collision with vehicle,4,Thursday,110,CROSS TRAFFIC(INTERSECTIONS ONLY),3,776216,Cross intersection,2,60,Arterial Other,KINGS,PORT PHILLIP,-37.836372,144.9733,2023,6,June,21,Night,Weekday
T20230014025,2023-06-16,15:35:00,1,Collision with vehicle,5,Friday,121,RIGHT THROUGH,1,672034,Not at intersection,3,50,Arterial Other,EAST BOUNDARY,GLEN EIRA,-37.917297,145.05977,2023,6,June,15,Afternoon Peak,Weekday
T20230014029,2023-06-16,19:10:00,1,Collision with vehicle,5,Friday,130,REAR END(VEHICLES IN SAME LANE),3,216018,Not at intersection,3,80,Freeway,WEST GATE,MELBOURNE,-37.825993,144.94609,2023,6,June,19,Night,Weekday
T20230014421,2023-06-16,19:35:00,1,Collision with vehicle,5,Friday,116,LEFT NEAR (INTERSECTIONS ONLY),3,38891,T intersection,3,60,Arterial Other,BURWOOD,BOROONDARA,-37.821415,145.02509,2023,6,June,19,Night,Weekday
T20230013947,2023-06-16,07:00:00,1,Collision with vehicle,5,Friday,120,HEAD ON (NOT OVERTAKING),1,782713,Not at intersection,3,60,Local Road,FURLONG,BRIMBANK,-37.75997,144.8089,2023,6,June,7,Morning Peak,Weekday
T20230014113,2023-06-16,16:30:00,4,Collision with a fixed object,5,Friday,173,RIGHT OFF CARRIAGEWAY INTO OBJECT/PARKED VEHICLE,1,783933,T intersection,3,50,Local Road,CARPENTER,EAST GIPPSLAND,-37.871563,147.98936,2023,6,June,16,Afternoon Peak,Weekday
T20230014118,2023-06-16,17:10:00,1,Collision with vehicle,5,Friday,113,RIGHT NEAR (INTERSECTIONS ONLY),9,43756,T intersection,3,60,Local Road,COBURNS,MELTON,-37.696922,144.56589,2023,6,June,17,Afternoon Peak,Weekday
T20230014019,2023-06-16,17:08:00,1,Collision with vehicle,5,Friday,134,LANE CHANGE RIGHT (NOT OVERTAKING),2,777343,Not at intersection,3,60,Arterial Other,SYDNEY,MORELAND,-37.718067,144.96263,2023,6,June,17,Afternoon Peak,Weekday
T20230014020,2023-06-16,15:00:00,1,Collision with vehicle,5,Friday,130,REAR END(VEHICLES IN SAME LANE),1,776085,Not at intersection,3,100,Freeway,WESTERN RING OUT-BOUNDARY,WYNDHAM,-37.817215,144.80829,2023,6,June,15,Afternoon Peak,Weekday
T20230014021,2023-06-16,17:30:00,2,Struck Pedestrian,5,Friday,102,FAR SIDE. PED HIT BY VEHICLE FROM THE LEFT,3,51018,Cross intersection,3,60,Arterial Highway,WYNDHAM,SHEPPARTON,-36.374054,145.40077,2023,6,June,17,Afternoon Peak,Weekday
T20230014030,2023-06-16,21:25:00,5,collision with some other object,5,Friday,166,STRUCK OBJECT ON CARRIAGEWAY,5,776056,Not at intersection,3,100,Local Road,BESSIE CREEK,CARDINIA,-38.022514,145.55733,2023,6,June,21,Night,Weekday
T20230014022,2023-06-16,16:39:00,1,Collision with vehicle,5,Friday,132,RIGHT REAR.,1,777026,Not at intersection,2,80,Arterial Other,HEALESVILLE-KOO WEE RUP,YARRA RANGES,-37.807198,145.51585,2023,6,June,16,Afternoon Peak,Weekday
T20230014001,2023-06-16,16:00:00,2,Struck Pedestrian,5,Friday,100,PED NEAR SIDE. PED HIT BY VEHICLE FROM THE RIGHT.,2,50883,T intersection,2,50,Local Road,LAWRENCE,WODONGA,-36.123825,146.88303,2023,6,June,16,Afternoon Peak,Weekday
T20230013949,2023-06-16,06:00:00,1,Collision with vehicle,5,Friday,110,CROSS TRAFFIC(INTERSECTIONS ONLY),3,237310,Cross intersection,3,80,Arterial Other,DERRIMUT,WYNDHAM,-37.819614,144.6936,2023,6,June,6,Morning Peak,Weekday
T20230013984,2023-06-16,12:30:00,1,Collision with vehicle,5,Friday,115,RIGHT/LEFT FAR (INTERSECTIONS ONLY),1,776054,T intersection,3,50,Local Road,GILMOUR,HUME,-37.6516,144.916,2023,6,June,12,Midday,Weekday
T20230013999,2023-06-16,14:42:00,1,Collision with vehicle,5,Friday,130,REAR END(VEHICLES IN SAME LANE),1,794252,Not at intersection,2,80,Freeway,TULLAMARINE IN-BULLA,MOONEE VALLEY,-37.734886,144.89981,2023,6,June,14,Midday,Weekday
T20230016872,2023-06-16,09:30:00,4,Collision with a fixed object,5,Friday,179,OTHER ACCIDENTS-OFF STRAIGHT NOT INCLUDED IN DCAs 170-175,1,793158,T intersection,3,40,Local Road,FURNESS,BENDIGO,-36.81787,144.23344,2023,6,June,9,Morning Peak,Weekday
T20230013967,2023-06-16,11:00:00,1,Collision with vehicle,5,Friday,130,REAR END(VEHICLES IN SAME LANE),1,776708,Not at intersection,3,100,Freeway,EASTERN,WHITEHORSE,-37.797195,145.12946,2023,6,June,11,Midday,Weekday
T20230014037,2023-06-16,23:30:00,1,Collision with vehicle,5,Friday,162,ACCIDENT OR BROKEN DOWN,3,779859,Not at intersection,2,100,Freeway,WESTERN RING,BRIMBANK,-37.75079,144.83185,2023,6,June,23,Night,Weekday
T20230014009,2023-06-16,17:15:00,1,Collision with vehicle,5,Friday,130,REAR END(VEHICLES IN SAME LANE),1,776596,Not at intersection,3,80,Arterial Other,PLENTY,WHITTLESEA,-37.62273,145.09631,2023,6,June,17,Afternoon Peak,Weekday
T20230014010,2023-06-16,18:30:00,1,Collision with vehicle,5,Friday,130,REAR END(VEHICLES IN SAME LANE),3,584,Not at intersection,3,60,Local Road,KOOYONG,GLEN EIRA,-37.87028,145.01804,2023,6,June,18,Afternoon Peak,Weekday
T20230013995,2023-06-16,14:00:00,4,Collision with a fixed object,5,Friday,171,LEFT OFF CARRIAGEWAY INTO OBJECT/PARKED VEHICLE,1,50653,Cross intersection,2,50,Local Road,PERCY,GLENELG,-38.344234,141.60382,2023,6,June,14,Midday,Weekday
T20230014011,2023-06-16,17:15:00,1,Collision with vehicle,5,Friday,110,CROSS TRAFFIC(INTERSECTIONS ONLY),3,51537,Cross intersection,3,60,Arterial Highway,EAGLEHAWK,BENDIGO,-36.735256,144.25816,2023,6,June,17,Afternoon Peak,Weekday
T20230015746,2023-06-16,16:00:00,1,Collision with vehicle,5,Friday,130,REAR END(VEHICLES IN SAME LANE),2,778635,Not at intersection,3,60,Local Road,UNNAMED,WYNDHAM,-37.91939,144.75072,2023,6,June,16,Afternoon Peak,Weekday
T20230021702,2023-06-16,17:45:00,1,Collision with vehicle,5,Friday,147,VEHICLE STRIKES ANOTHER VEH WHILE EMERGING FROM DRIVEWAY,9,358368,Not at intersection,3,60,Arterial Other,SPRING,DAREBIN,-37.720123,145.00433,2023,6,June,17,Afternoon Peak,Weekday
T20230013986,2023-06-16,09:40:00,1,Collision with vehicle,5,Friday,121,RIGHT THROUGH,1,278496,Not at intersection,3,70,Local Road,ENTERPRISE,WHITTLESEA,-37.684563,145.06863,2023,6,June,9,Morning Peak,Weekday
T20230014027,2023-06-16,16:30:00,1,Collision with vehicle,5,Friday,110,CROSS TRAFFIC(INTERSECTIONS ONLY),1,50242,Cross intersection,2,60,Arterial Other,PIONEER,GEELONG,-38.20191,144.33138,2023,6,June,16,Afternoon Peak,Weekday
T20230014070,2023-06-16,14:00:00,2,Struck Pedestrian,5,Friday,100,PED NEAR SIDE. PED HIT BY VEHICLE FROM THE RIGHT.,1,38165,Cross intersection,3,60,Arterial Other,LOWER HEIDELBERG,BANYULE,-37.771793,145.04674,2023,6,June,14,Midday,Weekday
T20230016322,2023-06-16,08:30:00,1,Collision with vehicle,5,Friday,147,VEHICLE STRIKES ANOTHER VEH WHILE EMERGING FROM DRIVEWAY,9,783939,Not at intersection,3,40,Arterial Other,BRIDGE INN,WHITTLESEA,-37.60287,145.11522,2023,6,June,8,Morning Peak,Weekday
T20230013987,2023-06-16,12:35:00,4,Collision with a fixed object,5,Friday,164,PERMANENT OBSTRUCTION ON CARRIAGEWAY,1,357508,Not at intersection,3,60,Arterial Other,MONTAGUE,PORT PHILLIP,-37.829823,144.94925,2023,6,June,12,Midday,Weekday
T20230013977,2023-06-16,09:45:00,2,Struck Pedestrian,5,Friday,107,PED ON FOOTHPATH STRUCK BY VEHENTERING/LEAVING DRIVEWAY.,1,783936,Not at intersection,2,50,Local Road,BELTANA,WHITEHORSE,-37.841213,145.18593,2023,6,June,9,Morning Peak,Weekday
T20230013976,2023-06-16,06:30:00,1,Collision with vehicle,5,Friday,120,HEAD ON (NOT OVERTAKING),3,778192,Not at intersection,3,60,Arterial Other,HEREFORD,YARRA RANGES,-37.78354,145.38223,2023,6,June,6,Morning Peak,Weekday
T20230013985,2023-06-16,12:10:00,1,Collision with vehicle,5,Friday,132,RIGHT REAR.,1,793150,T intersection,3,60,Local Road,CAMBRIDGE,YARRA RANGES,-37.80139,145.33893,2023,6,June,12,Midday,Weekday
T20230014013,2023-06-16,17:42:00,1,Collision with vehicle,5,Friday,113,RIGHT NEAR (INTERSECTIONS ONLY),2,260180,T intersection,3,50,Local Road,CAIRNLEA,BRIMBANK,-37.76555,144.78934,2023,6,June,17,Afternoon Peak,Weekday
T20230014297,2023-06-16,10:30:00,2,Struck Pedestrian,5,Friday,109,ANY MANOEUVRE INVOLVING PED NOT INCLUDED IN DCAs 100-108.,1,777228,Not at intersection,3,60,Arterial Other,SPRING,DAREBIN,-37.736443,144.99947,2023,6,June,10,Midday,Weekday
T20230015722,2023-06-16,14:00:00,1,Collision with vehicle,5,Friday,147,VEHICLE STRIKES ANOTHER VEH WHILE EMERGING FROM DRIVEWAY,1,776924,Not at intersection,3,50,Local Road,BELLEVUE,GLEN EIRA,-37.931084,145.06174,2023,6,June,14,Midday,Weekday
T20230013992,2023-06-16,09:34:00,1,Collision with vehicle,5,Friday,110,CROSS TRAFFIC(INTERSECTIONS ONLY),1,44803,Cross intersection,3,50,Local Road,ELLIOTT,HUME,-37.69205,144.92993,2023,6,June,9,Morning Peak,Weekday
T20230013974,2023-06-16,11:50:00,1,Collision with vehicle,5,Friday,110,CROSS TRAFFIC(INTERSECTIONS ONLY),1,50721,Cross intersection,3,60,Local Road,EDGAR,GLENELG,-38.364906,141.61385,2023,6,June,11,Midday,Weekday
T20230013971,2023-06-16,11:20:00,1,Collision with vehicle,5,Friday,130,REAR END(VEHICLES IN SAME LANE),1,776020,Not at intersection,3,70,Arterial Highway,NORTH,GLEN EIRA,-37.90303,145.0332,2023,6,June,11,Midday,Weekday
T20230014015,2023-06-16,17:05:00,1,Collision with vehicle,5,Friday,121,RIGHT THROUGH,2,239202,T intersection,2,60,Local Road,NORTH,BAW BAW,-38.154408,145.95033,2023,6,June,17,Afternoon Peak,Weekday
T20230015669,2023-06-16,18:15:00,1,Collision with vehicle,5,Friday,130,REAR END(VEHICLES IN SAME LANE),2,777123,Not at intersection,3,80,Local Road,OSHEA,CASEY,-38.062267,145.35641,2023,6,June,18,Afternoon Peak,Weekday
T20230014017,2023-06-16,15:00:00,1,Collision with vehicle,5,Friday,121,RIGHT THROUGH,1,784572,Not at intersection,2,40,Local Road,INKERMAN,PORT PHILLIP,-37.86523,144.99023,2023,6,June,15,Afternoon Peak,Weekday
T20230014103,2023-06-16,21:00:00,4,Collision with a fixed object,5,Friday,181,OFF RIGHT BEND INTO OBJECT/PARKED VEHICLE,3,776093,Not at intersection,3,60,Local Road,PARK,MANNINGHAM,-37.78594,145.20346,2023,6,June,21,Night,Weekday
T20230014109,2023-06-17,13:30:00,2,Struck Pedestrian,6,Saturday,100,PED NEAR SIDE. PED HIT BY VEHICLE FROM THE RIGHT.,1,783932,Not at intersection,3,80,Arterial Highway,NEPEAN HIGHWAY SERVICE,BAYSIDE,-37.906006,145.00891,2023,6,June,13,Midday,Weekend
T20230014056,2023-06-17,07:00:00,4,Collision with a fixed object,6,Saturday,181,OFF RIGHT BEND INTO OBJECT/PARKED VEHICLE,2,793528,Not at intersection,1,80,Local Road,CLYDE HILL,GOLDEN PLAINS,-38.026558,144.17706,2023,6,June,7,Morning Peak,Weekend
T20230014110,2023-06-17,17:20:00,1,Collision with vehicle,6,Saturday,130,REAR END(VEHICLES IN SAME LANE),1,776141,Not at intersection,2,60,Arterial Other,BARKERS,BOROONDARA,-37.815758,145.0458,2023,6,June,17,Afternoon Peak,Weekend
T20230014175,2023-06-17,13:50:00,2,Struck Pedestrian,6,Saturday,106,VEH STRIKES PED ON FOOTPATH/MEDIAN/TRAFFIC ISLAND.,1,35619,Cross intersection,2,60,Arterial Highway,LONSDALE STREET -PRINCES,DANDENONG,-37.98481,145.2141,2023,6,June,13,Midday,Weekend
T20230014173,2023-06-17,11:15:00,1,Collision with vehicle,6,Saturday,130,REAR END(VEHICLES IN SAME LANE),1,776101,Not at intersection,3,60,Arterial Highway,ALBERT,DAREBIN,-37.74307,145.02248,2023,6,June,11,Midday,Weekend
T20230016736,2023-06-17,17:30:00,1,Collision with vehicle,6,Saturday,130,REAR END(VEHICLES IN SAME LANE),2,777893,Not at intersection,3,80,Freeway,PRINCES,WYNDHAM,-37.840824,144.7928,2023,6,June,17,Afternoon Peak,Weekend
T20230014069,2023-06-17,12:35:00,1,Collision with vehicle,6,Saturday,129,OTHER OPPOSING MANOEUVRES NOT INCLUDED IN DCAs 120-125.,1,45099,T intersection,2,70,Arterial Other,BALLARAT,BRIMBANK,-37.778683,144.84256,2023,6,June,12,Midday,Weekend
T20230014120,2023-06-17,21:00:00,1,Collision with vehicle,6,Saturday,136,RIGHT TURN SIDESWIPE,3,43319,T intersection,2,60,Arterial Other,MCLEOD ROAD -STATION,KINGSTON,-38.076363,145.1232,2023,6,June,21,Night,Weekend