ACCIDENT_NO,ACCIDENT_DATE,ACCIDENT_TIME,ACCIDENT_TYPE,ACCIDENT_TYPE_DESC,DAY_OF_WEEK,DAY_WEEK_DESC,DCA_CODE,DCA_DESC,LIGHT_CONDITION,NODE_ID,ROAD_GEOMETRY_DESC,SEVERITY,SPEED_ZONE,RMA,ROAD_NAME,LGA_NAME,LATITUDE,LONGITUDE,YEAR,MONTH,MONTH_NAME,HOUR,TIME_PERIOD,DAY_TYPE
T20230014121,2023-06-17,19:29:00,4,Collision with a fixed object,6,Saturday,173,RIGHT OFF CARRIAGEWAY INTO OBJECT/PARKED VEHICLE,3,776095,Not at intersection,3,100,Freeway,MONASH,CASEY,-38.011543,145.3022,2023,6,June,19,Night,Weekend
T20230014125,2023-06-17,21:15:00,1,Collision with vehicle,6,Saturday,130,REAR END(VEHICLES IN SAME LANE),3,776096,Not at intersection,3,40,Local Road,LYGON,MORELAND,-37.772537,144.97153,2023,6,June,21,Night,Weekend
T20230014126,2023-06-17,21:00:00,2,Struck Pedestrian,6,Saturday,107,PED ON FOOTHPATH STRUCK BY VEHENTERING/LEAVING DRIVEWAY.,3,776215,Not at intersection,3,40,Local Road,LAKE,MELTON,-37.73381,144.74165,2023,6,June,21,Night,Weekend
T20230017184,2023-06-17,18:20:00,1,Collision with vehicle,6,Saturday,130,REAR END(VEHICLES IN SAME LANE),2,778247,Not at intersection,3,100,Freeway,EASTERN,WHITEHORSE,-37.800636,145.1543,2023,6,June,18,Afternoon Peak,Weekend
T20230014402,2023-06-17,16:55:00,1,Collision with vehicle,6,Saturday,130,REAR END(VEHICLES IN SAME LANE),1,776297,Cross intersection,3,60,Arterial Other,CONDON,BENDIGO,-36.773224,144.30515,2023,6,June,16,Afternoon Peak,Weekend
T20230014133,2023-06-17,18:30:00,1,Collision with vehicle,6,Saturday,130,REAR END(VEHICLES IN SAME LANE),3,38709,Cross intersection,3,60,Arterial Other,BALLARAT,MARIBYRNONG,-37.791183,144.8895,2023,6,June,18,Afternoon Peak,Weekend
T20230014134,2023-06-17,21:15:00,2,Struck Pedestrian,6,Saturday,102,FAR SIDE. PED HIT BY VEHICLE FROM THE LEFT,3,216,Cross intersection,3,40,Local Road,BOURKE,MELBOURNE,-37.814964,144.96068,2023,6,June,21,Night,Weekend
T20230014072,2023-06-17,09:15:00,2,Struck Pedestrian,6,Saturday,101,PED EMERGES FROM IN FRONT OF PARKED OR STATIONARY VEHICLE,1,776087,Not at intersection,3,40,Local Road,SUFFOLK,BRIMBANK,-37.772713,144.83978,2023,6,June,9,Morning Peak,Weekend
T20230014078,2023-06-17,13:45:00,1,Collision with vehicle,6,Saturday,121,RIGHT THROUGH,1,776089,T intersection,3,50,Local Road,CENTRAL PARK,HUME,-37.58882,144.90504,2023,6,June,13,Midday,Weekend
T20230014080,2023-06-17,11:59:00,4,Collision with a fixed object,6,Saturday,181,OFF RIGHT BEND INTO OBJECT/PARKED VEHICLE,1,793845,Not at intersection,3,80,Arterial Highway,PRINCES,WELLINGTON,-38.11087,147.04112,2023,6,June,11,Midday,Weekend
T20230014083,2023-06-17,11:50:00,1,Collision with vehicle,6,Saturday,152,PULLING OUT (OVERTAKING),1,778743,T intersection,2,100,Arterial Other,DAYLESFORD-MALMSBURY,HEPBURN,-37.261276,144.3096,2023,6,June,11,Midday,Weekend
T20230014604,2023-06-17,18:40:00,1,Collision with vehicle,6,Saturday,121,RIGHT THROUGH,3,10805,Multiple intersection,3,60,Freeway,MILLERS-WEST GATE IN,HOBSONS BAY,-37.824364,144.84874,2023,6,June,18,Afternoon Peak,Weekend
T20230014309,2023-06-17,10:25:00,1,Collision with vehicle,6,Saturday,121,RIGHT THROUGH,9,780922,T intersection,3,50,Local Road,AUBURN,BOROONDARA,-37.835155,145.0427,2023,6,June,10,Midday,Weekend
T20230015162,2023-06-17,17:15:00,1,Collision with vehicle,6,Saturday,130,REAR END(VEHICLES IN SAME LANE),2,778633,Not at intersection,3,70,Arterial Highway,WHITEHORSE,WHITEHORSE,-37.816223,145.20396,2023,6,June,17,Afternoon Peak,Weekend
T20230014229,2023-06-17,10:00:00,6,Vehicle overturned (no collision),6,Saturday,174,OUT OF CONTROL ON CARRIAGEWAY (ON STRAIGHT),1,776217,Not at intersection,2,100,Local Road,SPRAGGS,MURRINDINDI,-37.46965,145.45929,2023,6,June,10,Midday,Weekend
T20230017257,2023-06-17,11:30:00,1,Collision with vehicle,6,Saturday,152,PULLING OUT (OVERTAKING),1,777885,Not at intersection,3,80,Local Road,ABECKETT,CARDINIA,-38.089916,145.73895,2023,6,June,11,Midday,Weekend
T20230014140,2023-06-17,22:00:00,1,Collision with vehicle,6,Saturday,147,VEHICLE STRIKES ANOTHER VEH WHILE EMERGING FROM DRIVEWAY,3,793153,Not at intersection,2,80,Local Road,CRANBOURNE,FRANKSTON,-38.149773,145.14905,2023,6,June,22,Night,Weekend
T20230014040,2023-06-17,03:00:00,4,Collision with a fixed object,6,Saturday,173,RIGHT OFF CARRIAGEWAY INTO OBJECT/PARKED VEHICLE,5,776403,Not at intersection,2,100,Arterial Other,BARMAH-SHEPPARTON,MOIRA,-36.115234,145.24747,2023,6,June,3,Late Night,Weekend
T20230014041,2023-06-17,01:12:00,4,Collision with a fixed object,6,Saturday,175,OFF END OF ROAD/T-INTERSECTION.,5,776161,T intersection,2,80,Local Road,AVALON,GEELONG,-38.056007,144.42758,2023,6,June,1,Late Night,Weekend
T20230014761,2023-06-17,18:00:00,1,Collision with vehicle,6,Saturday,130,REAR END(VEHICLES IN SAME LANE),2,776543,Not at intersection,3,60,Arterial Other,DALTON,WHITTLESEA,-37.660957,145.03055,2023,6,June,18,Afternoon Peak,Weekend
T20230014985,2023-06-17,22:00:00,1,Collision with vehicle,6,Saturday,163,VEHICLE STRIKES DOOR OF PARKED/STATIONARY VEHICLE,9,776655,Not at intersection,3,40,Local Road,ELIZABETH,MELBOURNE,-37.814655,144.96335,2023,6,June,22,Night,Weekend
T20230014036,2023-06-17,01:35:00,1,Collision with vehicle,6,Saturday,121,RIGHT THROUGH,3,36027,Cross intersection,2,60,Local Road,BLYTH,MORELAND,-37.76656,144.9726,2023,6,June,1,Late Night,Weekend
T20230015155,2023-06-17,12:37:00,1,Collision with vehicle,6,Saturday,113,RIGHT NEAR (INTERSECTIONS ONLY),1,43974,Cross intersection,3,80,Arterial Highway,NEPEAN,MORNINGTON PENINSULA,-38.24053,145.03653,2023,6,June,12,Midday,Weekend
T20230019700,2023-06-17,20:00:00,1,Collision with vehicle,6,Saturday,130,REAR END(VEHICLES IN SAME LANE),2,51018,Cross intersection,3,50,Arterial Highway,WYNDHAM,SHEPPARTON,-36.374054,145.40077,2023,6,June,20,Night,Weekend
T20230014981,2023-06-17,23:59:00,1,Collision with vehicle,6,Saturday,130,REAR END(VEHICLES IN SAME LANE),3,45051,T intersection,2,60,Arterial Other,MCINTYRE,BRIMBANK,-37.762554,144.83119,2023,6,June,23,Night,Weekend
T20230014344,2023-06-17,10:30:00,8,No collision and no object struck,6,Saturday,174,OUT OF CONTROL ON CARRIAGEWAY (ON STRAIGHT),1,776151,Not at intersection,2,100,Local Road,NOWINGI LINE,MILDURA,-34.594173,142.19307,2023,6,June,10,Midday,Weekend
T20230015104,2023-06-17,19:30:00,1,Collision with vehicle,6,Saturday,130,REAR END(VEHICLES IN SAME LANE),9,474,Y intersection,3,30,Local Road,GOWER,MELBOURNE,-37.79443,144.93008,2023,6,June,19,Night,Weekend
T20230014050,2023-06-17,07:20:00,5,collision with some other object,6,Saturday,166,STRUCK OBJECT ON CARRIAGEWAY,1,776400,Not at intersection,2,60,Arterial Other,LOWER HEIDELBERG,BANYULE,-37.76752,145.0663,2023,6,June,7,Morning Peak,Weekend
T20230014087,2023-06-17,14:57:00,1,Collision with vehicle,6,Saturday,121,RIGHT THROUGH,1,776571,T intersection,2,50,Local Road,VOLTRI,KINGSTON,-37.975323,145.0783,2023,6,June,14,Midday,Weekend
T20230014107,2023-06-17,17:25:00,4,Collision with a fixed object,6,Saturday,171,LEFT OFF CARRIAGEWAY INTO OBJECT/PARKED VEHICLE,5,776062,Not at intersection,2,100,Local Road,BROADFORD-WANDONG,MITCHELL,-37.264557,145.05084,2023,6,June,17,Afternoon Peak,Weekend
T20230015230,2023-06-17,19:00:00,6,Vehicle overturned (no collision),6,Saturday,174,OUT OF CONTROL ON CARRIAGEWAY (ON STRAIGHT),3,783926,Not at intersection,3,40,Local Road,WILLIAM,MELBOURNE,-37.809895,144.95558,2023,6,June,19,Night,Weekend
T20230014089,2023-06-17,15:03:00,1,Collision with vehicle,6,Saturday,136,RIGHT TURN SIDESWIPE,1,55134,T intersection,2,80,Local Road,BLACKWELLS,HUME,-37.634796,144.81712,2023,6,June,15,Afternoon Peak,Weekend
T20230017898,2023-06-17,18:00:00,1,Collision with vehicle,6,Saturday,121,RIGHT THROUGH,2,39476,T intersection,3,60,Local Road,ALFRIEDA,BRIMBANK,-37.739414,144.80145,2023,6,June,18,Afternoon Peak,Weekend
T20230014091,2023-06-17,16:05:00,1,Collision with vehicle,6,Saturday,147,VEHICLE STRIKES ANOTHER VEH WHILE EMERGING FROM DRIVEWAY,1,776090,T intersection,2,50,Local Road,TERMINUS,MOIRA,-35.91822,145.6471,2023,6,June,16,Afternoon Peak,Weekend
T20230014831,2023-06-17,16:45:00,1,Collision with vehicle,6,Saturday,147,VEHICLE STRIKES ANOTHER VEH WHILE EMERGING FROM DRIVEWAY,1,776437,Not at intersection,3,40,Local Road,EPSOM,MELBOURNE,-37.7918,144.92549,2023,6,June,16,Afternoon Peak,Weekend
T20230014039,2023-06-17,01:10:00,1,Collision with vehicle,6,Saturday,110,CROSS TRAFFIC(INTERSECTIONS ONLY),3,783928,Cross intersection,2,80,Arterial Other,THOMPSONS,CASEY,-38.07999,145.25812,2023,6,June,1,Late Night,Weekend
T20230014055,2023-06-17,09:35:00,1,Collision with vehicle,6,Saturday,110,CROSS TRAFFIC(INTERSECTIONS ONLY),1,52069,Cross intersection,3,60,Arterial Highway,YORK,WELLINGTON,-38.10935,147.0684,2023,6,June,9,Morning Peak,Weekend
T20230014101,2023-06-17,15:40:00,1,Collision with vehicle,6,Saturday,160,VEHICLE COLLIDES WITH VEHICLE PARKED ON LEFT OF ROAD,1,794161,Not at intersection,2,50,Local Road,SKEFFINGTON,BANYULE,-37.750267,145.03784,2023,6,June,15,Afternoon Peak,Weekend
T20230014090,2023-06-17,14:25:00,1,Collision with vehicle,6,Saturday,113,RIGHT NEAR (INTERSECTIONS ONLY),1,776429,T intersection,3,50,Local Road,CAMBALA,WHITTLESEA,-37.67082,144.99664,2023,6,June,14,Midday,Weekend
T20230014104,2023-06-17,14:00:00,1,Collision with vehicle,6,Saturday,147,VEHICLE STRIKES ANOTHER VEH WHILE EMERGING FROM DRIVEWAY,1,776094,Not at intersection,3,50,Local Road,BUCKINGHAM,DANDENONG,-37.95215,145.15096,2023,6,June,14,Midday,Weekend
T20230025202,2023-06-18,02:03:00,8,No collision and no object struck,7,Sunday,174,OUT OF CONTROL ON CARRIAGEWAY (ON STRAIGHT),3,789556,Not at intersection,2,40,Arterial Other,SPENCER,MELBOURNE,-37.819782,144.95448,2023,6,June,2,Late Night,Weekend
T20230015078,2023-06-18,15:00:00,1,Collision with vehicle,7,Sunday,110,CROSS TRAFFIC(INTERSECTIONS ONLY),1,38758,Cross intersection,3,50,Arterial Highway,FRANCIS,MARIBYRNONG,-37.821526,144.89342,2023,6,June,15,Afternoon Peak,Weekend
T20230015138,2023-06-18,15:00:00,8,No collision and no object struck,7,Sunday,174,OUT OF CONTROL ON CARRIAGEWAY (ON STRAIGHT),1,778030,Not at intersection,2,100,Local Road,CLEARY,MILDURA,-34.502064,142.1451,2023,6,June,15,Afternoon Peak,Weekend
T20230015375,2023-06-18,10:40:00,1,Collision with vehicle,7,Sunday,130,REAR END(VEHICLES IN SAME LANE),1,776771,Not at intersection,2,80,Arterial Highway,WELLINGTON,KNOX,-37.925106,145.21033,2023,6,June,10,Midday,Weekend
T20230014138,2023-06-18,01:50:00,4,Collision with a fixed object,7,Sunday,171,LEFT OFF CARRIAGEWAY INTO OBJECT/PARKED VEHICLE,3,777418,Not at intersection,3,40,Arterial Other,SPENCER,MELBOURNE,-37.820457,144.95479,2023,6,June,1,Late Night,Weekend
T20230014144,2023-06-18,04:20:00,4,Collision with a fixed object,7,Sunday,199,UNKNOWN-NO DETAILS ON MANOEUVRES OF ROAD-USERS IN ACCIDENT,3,785119,Not at intersection,3,50,Local Road,BLACKWOOD,MELTON,-37.693115,144.57405,2023,6,June,4,Late Night,Weekend
T20230014145,2023-06-18,04:59:00,1,Collision with vehicle,7,Sunday,130,REAR END(VEHICLES IN SAME LANE),5,777401,Not at intersection,3,100,Arterial Other,WESTERN,MELTON,-37.75712,144.74191,2023,6,June,4,Late Night,Weekend
T20230014155,2023-06-18,10:07:00,6,Vehicle overturned (no collision),7,Sunday,184,OUT OF CONTROL ON CARRIAGEWAY (ON BEND),1,776098,Not at intersection,2,80,Arterial Other,YARRA JUNCTION-NOOJEE,YARRA RANGES,-37.831623,145.67001,2023,6,June,10,Midday,Weekend
T20230014164,2023-06-18,12:00:00,4,Collision with a fixed object,7,Sunday,171,LEFT OFF CARRIAGEWAY INTO OBJECT/PARKED VEHICLE,1,776099,Not at intersection,2,50,Local Road,HICKS,GEELONG,-38.023968,144.4141,2023,6,June,12,Midday,Weekend
T20230014165,2023-06-18,13:40:00,1,Collision with vehicle,7,Sunday,113,RIGHT NEAR (INTERSECTIONS ONLY),1,50051,Cross intersection,2,70,Arterial Highway,LATROBE TERRACE -SETTLEMENT,GEELONG,-38.160397,144.35019,2023,6,June,13,Midday,Weekend
T20230014166,2023-06-18,11:28:00,2,Struck Pedestrian,7,Sunday,103,PED PLAYING/LYING/WORKING/STANDING ON CARRIAGEWAY.,1,776100,Dead end,2,60,Local Road,KEY WEST,BRIMBANK,-37.800285,144.7668,2023,6,June,11,Midday,Weekend
T20230014628,2023-06-18,19:30:00,1,Collision with vehicle,7,Sunday,111,RIGHT FAR (INTERSECTIONS ONLY),3,781887,T intersection,3,60,Local Road,OBAN,MAROONDAH,-37.795315,145.2469,2023,6,June,19,Night,Weekend
T20230014169,2023-06-18,09:40:00,4,Collision with a fixed object,7,Sunday,175,OFF END OF ROAD/T-INTERSECTION.,1,776776,T intersection,2,50,Local Road,MCGREGOR,YARRA RANGES,-37.64471,145.52985,2023,6,June,9,Morning Peak,Weekend
T20230014171,2023-06-18,14:02:00,1,Collision with vehicle,7,Sunday,140,U TURN,1,777310,Not at intersection,3,70,Arterial Other,SHRIVES,CASEY,-38.031662,145.29614,2023,6,June,14,Midday,Weekend
T20230014178,2023-06-18,16:18:00,2,Struck Pedestrian,7,Sunday,102,FAR SIDE. PED HIT BY VEHICLE FROM THE LEFT,1,44810,T intersection,3,60,Arterial Other,BRIDGE STREET -SHERBOURNE,BANYULE,-37.718067,145.13783,2023,6,June,16,Afternoon Peak,Weekend
T20230014186,2023-06-18,17:20:00,1,Collision with vehicle,7,Sunday,148,VEHICLE OFF FOOTPATH STRIKES VEH ON CARRIAGEWAY,3,787199,Not at intersection,2,60,Local Road,BENNETT,YARRA,-37.781273,144.98816,2023,6,June,17,Afternoon Peak,Weekend
T20230014190,2023-06-18,18:50:00,1,Collision with vehicle,7,Sunday,160,VEHICLE COLLIDES WITH VEHICLE PARKED ON LEFT OF ROAD,2,777525,Not at intersection,2,50,Local Road,ALLORA,KNOX,-37.89894,145.28693,2023,6,June,18,Afternoon Peak,Weekend
T20230014191,2023-06-18,15:40:00,1,Collision with vehicle,7,Sunday,110,CROSS TRAFFIC(INTERSECTIONS ONLY),1,38076,Cross intersection,3,40,Local Road,ARTHUR,DAREBIN,-37.771824,145.02048,2023,6,June,15,Afternoon Peak,Weekend
T20230014196,2023-06-18,19:45:00,1,Collision with vehicle,7,Sunday,130,REAR END(VEHICLES IN SAME LANE),3,776484,Not at intersection,3,80,Arterial Highway,CHELTENHAM,DANDENONG,-37.99155,145.14955,2023,6,June,19,Night,Weekend
T20230014200,2023-06-18,21:10:00,1,Collision with vehicle,7,Sunday,121,RIGHT THROUGH,3,776619,Cross intersection,3,70,Arterial Highway,NEPEAN,KINGSTON,-37.965725,145.05785,2023,6,June,21,Night,Weekend
T20230014207,2023-06-18,19:02:00,1,Collision with vehicle,7,Sunday,116,LEFT NEAR (INTERSECTIONS ONLY),3,793154,T intersection,2,40,Arterial Other,ALEXANDRA,STONNINGTON,-37.832478,145.00778,2023,6,June,19,Night,Weekend
T20230014213,2023-06-18,13:30:00,1,Collision with vehicle,7,Sunday,110,CROSS TRAFFIC(INTERSECTIONS ONLY),1,776103,Cross intersection,3,70,Arterial Highway,FEEHANS,GEELONG,-38.24144,144.3338,2023,6,June,13,Midday,Weekend
T20230014226,2023-06-18,19:30:00,1,Collision with vehicle,7,Sunday,121,RIGHT THROUGH,3,338242,Cross intersection,3,60,Local Road,HENRY,CARDINIA,-38.075085,145.43747,2023,6,June,19,Night,Weekend
T20230014278,2023-06-18,01:30:00,4,Collision with a fixed object,7,Sunday,173,RIGHT OFF CARRIAGEWAY INTO OBJECT/PARKED VEHICLE,5,793842,Not at intersection,3,100,Arterial Highway,GREAT ALPINE,ALPINE,-36.82776,147.07056,2023,6,June,1,Late Night,Weekend
T20230014287,2023-06-18,11:00:00,4,Collision with a fixed object,7,Sunday,171,LEFT OFF CARRIAGEWAY INTO OBJECT/PARKED VEHICLE,1,783838,Not at intersection,3,100,Arterial Highway,SOUTH GIPPSLAND,SOUTH GIPPSLAND,-38.519222,145.95184,2023,6,June,11,Midday,Weekend
T20230016022,2023-06-18,08:34:00,1,Collision with vehicle,7,Sunday,113,RIGHT NEAR (INTERSECTIONS ONLY),1,727,T intersection,3,50,Local Road,BRIDGEWATER,KNOX,-37.91527,145.24635,2023,6,June,8,Morning Peak,Weekend
T20230014766,2023-06-18,16:00:00,1,Collision with vehicle,7,Sunday,130,REAR END(VEHICLES IN SAME LANE),1,776362,Not at intersection,3,60,Local Road,CHIFLEY,DAREBIN,-37.741287,145.0308,2023,6,June,16,Afternoon Peak,Weekend
T20230014412,2023-06-18,16:00:00,6,Vehicle overturned (no collision),7,Sunday,174,OUT OF CONTROL ON CARRIAGEWAY (ON STRAIGHT),1,776222,T intersection,3,50,Local Road,MELALEUCA,CARDINIA,-38.069973,145.44162,2023,6,June,16,Afternoon Peak,Weekend
T20230014525,2023-06-18,16:00:00,8,No collision and no object struck,7,Sunday,174,OUT OF CONTROL ON CARRIAGEWAY (ON STRAIGHT),1,777555,Not at intersection,3,80,Local Road,PRINCES,BAW BAW,-38.08084,145.79445,2023,6,June,16,Afternoon Peak,Weekend
T20230014334,2023-06-19,21:15:00,1,Collision with vehicle,1,Monday,121,RIGHT THROUGH,3,38437,Cross intersection,3,80,Arterial Highway,MAROONDAH,YARRA RANGES,-37.761288,145.31041,2023,6,June,21,Night,Weekday
T20230014288,2023-06-19,16:00:00,1,Collision with vehicle,1,Monday,130,REAR END(VEHICLES IN SAME LANE),1,776232,Not at intersection,3,60,Arterial Other,POLICE,MONASH,-37.934673,145.16905,2023,6,June,16,Afternoon Peak,Weekday
T20230014292,2023-06-19,12:35:00,1,Collision with vehicle,1,Monday,113,RIGHT NEAR (INTERSECTIONS ONLY),1,776430,T intersection,2,60,Arterial Other,SYDNEY,MORELAND,-37.732315,144.96463,2023,6,June,12,Midday,Weekday
T20230015616,2023-06-19,17:00:00,1,Collision with vehicle,1,Monday,130,REAR END(VEHICLES IN SAME LANE),2,776807,T intersection,3,80,Arterial Highway,NEPEAN,GLEN EIRA,-37.899345,145.00633,2023,6,June,17,Afternoon Peak,Weekday
T20230014294,2023-06-19,21:43:00,1,Collision with vehicle,1,Monday,111,RIGHT FAR (INTERSECTIONS ONLY),3,713450,T intersection,3,60,Local Road,HIGH,DAREBIN,-37.741146,145.00354,2023,6,June,21,Night,Weekday
T20230014296,2023-06-19,15:30:00,1,Collision with vehicle,1,Monday,139,OTHER SAME DIRECTION-MANOUEVRES NOT INCLUDED IN DCAs 130-137,1,783229,Not at intersection,2,60,Local Road,BOARDWALK,WYNDHAM,-37.876606,144.73718,2023,6,June,15,Afternoon Peak,Weekday
T20230014335,2023-06-19,18:00:00,1,Collision with vehicle,1,Monday,130,REAR END(VEHICLES IN SAME LANE),3,783916,Cross intersection,3,50,Local Road,HIGH STREET -PALL MALL,BENDIGO,-36.75947,144.27835,2023,6,June,18,Afternoon Peak,Weekday
T20230014303,2023-06-19,10:40:00,1,Collision with vehicle,1,Monday,130,REAR END(VEHICLES IN SAME LANE),1,786325,Not at intersection,2,60,Local Road,GLENFERN,KNOX,-37.890854,145.28958,2023,6,June,10,Midday,Weekday
T20230015536,2023-06-19,15:50:00,1,Collision with vehicle,1,Monday,121,RIGHT THROUGH,1,29611,T intersection,3,60,Arterial Other,HIGH,BOROONDARA,-37.862804,145.07457,2023,6,June,15,Afternoon Peak,Weekday
T20230014211,2023-06-19,06:40:00,1,Collision with vehicle,1,Monday,160,VEHICLE COLLIDES WITH VEHICLE PARKED ON LEFT OF ROAD,3,776146,Not at intersection,2,50,Local Road,NELL,BANYULE,-37.709003,145.09784,2023,6,June,6,Morning Peak,Weekday
T20230014214,2023-06-19,07:19:00,1,Collision with vehicle,1,Monday,121,RIGHT THROUGH,1,344114,Cross intersection,3,60,Arterial Other,WANTIRNA,MAROONDAH,-37.832302,145.2273,2023,6,June,7,Morning Peak,Weekday
T20230014219,2023-06-19,08:55:00,1,Collision with vehicle,1,Monday,113,RIGHT NEAR (INTERSECTIONS ONLY),1,41987,Cross intersection,3,60,Local Road,FERGUSON,YARRA RANGES,-37.906517,145.32977,2023,6,June,8,Morning Peak,Weekday
T20230014314,2023-06-19,09:40:00,4,Collision with a fixed object,1,Monday,171,LEFT OFF CARRIAGEWAY INTO OBJECT/PARKED VEHICLE,1,278518,T intersection,3,80,Local Road,LEAKES,WYNDHAM,-37.837555,144.72462,2023,6,June,9,Morning Peak,Weekday
T20230014361,2023-06-19,21:00:00,1,Collision with vehicle,1,Monday,160,VEHICLE COLLIDES WITH VEHICLE PARKED ON LEFT OF ROAD,3,776817,Not at intersection,3,50,Local Road,ORRONG,STONNINGTON,-37.837563,145.01453,2023,6,June,21,Night,Weekday
T20230014234,2023-06-19,12:40:00,4,Collision with a fixed object,1,Monday,171,LEFT OFF CARRIAGEWAY INTO OBJECT/PARKED VEHICLE,1,50905,Cross intersection,3,50,Local Road,GORDON,WODONGA,-36.130947,146.88382,2023,6,June,12,Midday,Weekday
T20230014232,2023-06-19,10:42:00,1,Collision with vehicle,1,Monday,113,RIGHT NEAR (INTERSECTIONS ONLY),1,45521,T intersection,3,80,Local Road,EXFORD,MELTON,-37.74783,144.57578,2023,6,June,10,Midday,Weekday
T20230014227,2023-06-19,11:04:00,1,Collision with vehicle,1,Monday,130,REAR END(VEHICLES IN SAME LANE),1,776105,Not at intersection,3,60,Arterial Other,GRANGE,GLEN EIRA,-37.881153,145.04956,2023,6,June,11,Midday,Weekday
T20230014224,2023-06-19,07:10:00,5,collision with some other object,1,Monday,166,STRUCK OBJECT ON CARRIAGEWAY,2,776320,Not at intersection,2,100,Local Road,BOHO CHURCH,STRATHBOGIE,-36.635094,145.80449,2023,6,June,7,Morning Peak,Weekday
T20230014222,2023-06-19,09:15:00,4,Collision with a fixed object,1,Monday,173,RIGHT OFF CARRIAGEWAY INTO OBJECT/PARKED VEHICLE,1,783832,Not at intersection,2,80,Arterial Highway,MOOROODUC,MORNINGTON PENINSULA,-38.229805,145.0937,2023,6,June,9,Morning Peak,Weekday
T20230014311,2023-06-19,14:30:00,1,Collision with vehicle,1,Monday,121,RIGHT THROUGH,1,49618,T intersection,2,50,Arterial Other,FOREST,GEELONG,-38.024002,144.39618,2023,6,June,14,Midday,Weekday
T20230014274,2023-06-19,17:57:00,1,Collision with vehicle,1,Monday,130,REAR END(VEHICLES IN SAME LANE),5,776354,Not at intersection,3,80,Arterial Highway,SOUTH GIPPSLAND,CASEY,-38.080128,145.27527,2023,6,June,17,Afternoon Peak,Weekday
T20230014272,2023-06-19,15:40:00,2,Struck Pedestrian,1,Monday,100,PED NEAR SIDE. PED HIT BY VEHICLE FROM THE RIGHT.,1,776942,Multiple intersection,2,60,Arterial Other,GRANGE,GLEN EIRA,-37.889645,145.04482,2023,6,June,15,Afternoon Peak,Weekday
T20230014267,2023-06-19,14:30:00,1,Collision with vehicle,1,Monday,116,LEFT NEAR (INTERSECTIONS ONLY),1,64283,Cross intersection,3,50,Arterial Highway,COX STREET -LONSDALE,SOUTHERN GRAMPIANS,-37.739952,142.02592,2023,6,June,14,Midday,Weekday
T20230014265,2023-06-19,17:16:00,2,Struck Pedestrian,1,Monday,101,PED EMERGES FROM IN FRONT OF PARKED OR STATIONARY VEHICLE,1,776218,Cross intersection,2,60,Arterial Highway,CHAPEL,BENDIGO,-36.7564,144.28514,2023,6,June,17,Afternoon Peak,Weekday
T20230014263,2023-06-19,14:50:00,1,Collision with vehicle,1,Monday,135,LANE CHANGE LEFT (NOT OVERTAKING),1,776147,Cross intersection,3,50,Local Road,GERTRUDE,YARRA,-37.80606,144.98015,2023,6,June,14,Midday,Weekday
T20230014261,2023-06-19,16:01:00,1,Collision with vehicle,1,Monday,130,REAR END(VEHICLES IN SAME LANE),1,136742,Not at intersection,3,80,Freeway,CALDER,BRIMBANK,-37.7199,144.8397,2023,6,June,16,Afternoon Peak,Weekday
T20230014257,2023-06-19,16:40:00,8,No collision and no object struck,1,Monday,174,OUT OF CONTROL ON CARRIAGEWAY (ON STRAIGHT),1,776353,Not at intersection,3,50,Local Road,ANNESLEY,CAMPASPE,-36.12909,144.752,2023,6,June,16,Afternoon Peak,Weekday
T20230014256,2023-06-19,06:30:00,1,Collision with vehicle,1,Monday,130,REAR END(VEHICLES IN SAME LANE),5,776106,Not at intersection,3,100,Freeway,WESTERN,MELTON,-37.706078,144.62662,2023,6,June,6,Morning Peak,Weekday
T20230014248,2023-06-19,07:10:00,2,Struck Pedestrian,1,Monday,102,FAR SIDE. PED HIT BY VEHICLE FROM THE LEFT,3,37220,Cross intersection,2,60,Arterial Other,CLYDE,CASEY,-38.038155,145.34253,2023,6,June,7,Morning Peak,Weekday
T20230014242,2023-06-19,12:14:00,1,Collision with vehicle,1,Monday,130,REAR END(VEHICLES IN SAME LANE),1,313325,T intersection,2,70,Arterial Other,SOMERTON,HUME,-37.638206,144.91,2023,6,June,12,Midday,Weekday
T20230014241,2023-06-19,12:30:00,1,Collision with vehicle,1,Monday,130,REAR END(VEHICLES IN SAME LANE),1,88862,Not at intersection,2,60,Local Road,WONGA,MAROONDAH,-37.79098,145.24634,2023,6,June,12,Midday,Weekday
T20230019042,2023-06-19,17:45:00,1,Collision with vehicle,1,Monday,130,REAR END(VEHICLES IN SAME LANE),2,76572,Not at intersection,3,80,Arterial Other,PASCOE VALE,HUME,-37.652107,144.93019,2023,6,June,17,Afternoon Peak,Weekday
T20230016211,2023-06-19,22:00:00,1,Collision with vehicle,1,Monday,137,LEFT TURN SIDESWIPE,3,779032,Multiple intersection,3,60,Freeway,AIRPORT,BRIMBANK,-37.714924,144.87463,2023,6,June,22,Night,Weekday
T20230014591,2023-06-19,06:34:00,1,Collision with vehicle,1,Monday,130,REAR END(VEHICLES IN SAME LANE),5,776302,Not at intersection,3,80,Arterial Highway,DINGLEY,KINGSTON,-37.948833,145.10036,2023,6,June,6,Morning Peak,Weekday
T20230014275,2023-06-19,18:15:00,1,Collision with vehicle,1,Monday,130,REAR END(VEHICLES IN SAME LANE),2,778236,Not at intersection,3,80,Arterial Highway,SPRINGVALE,MONASH,-37.90592,145.16096,2023,6,June,18,Afternoon Peak,Weekday
T20230014276,2023-06-19,17:34:00,1,Collision with vehicle,1,Monday,121,RIGHT THROUGH,3,37220,Cross intersection,2,60,Arterial Other,CLYDE,CASEY,-38.038155,145.34253,2023,6,June,17,Afternoon Peak,Weekday