ACCIDENT_NO,ACCIDENT_DATE,ACCIDENT_TIME,ACCIDENT_TYPE,ACCIDENT_TYPE_DESC,DAY_OF_WEEK,DAY_WEEK_DESC,DCA_CODE,DCA_DESC,LIGHT_CONDITION,NODE_ID,ROAD_GEOMETRY_DESC,SEVERITY,SPEED_ZONE,RMA,ROAD_NAME,LGA_NAME,LATITUDE,LONGITUDE,YEAR,MONTH,MONTH_NAME,HOUR,TIME_PERIOD,DAY_TYPE
T20230016340,2023-06-19,19:56:00,1,Collision with vehicle,1,Monday,130,REAR END(VEHICLES IN SAME LANE),3,777198,Not at intersection,3,60,Arterial Highway,BELL,MORELAND,-37.73813,144.93684,2023,6,June,19,Night,Weekday
T20230014280,2023-06-19,18:05:00,4,Collision with a fixed object,1,Monday,183,OFF LEFT BEND INTO OBJECT/PARKED VEHICLE,5,777920,Not at intersection,2,100,Local Road,EDI-CHESHUNT,WANGARATTA,-36.770924,146.43095,2023,6,June,18,Afternoon Peak,Weekday
T20230014353,2023-06-20,16:30:00,6,Vehicle overturned (no collision),2,Tuesday,174,OUT OF CONTROL ON CARRIAGEWAY (ON STRAIGHT),1,776267,Not at intersection,2,50,Local Road,LEONARD,WODONGA,-36.13314,146.88843,2023,6,June,16,Afternoon Peak,Weekday
T20230014354,2023-06-20,16:35:00,1,Collision with vehicle,2,Tuesday,130,REAR END(VEHICLES IN SAME LANE),1,776153,Not at intersection,2,50,Local Road,CARRIER,BENALLA,-36.551037,145.98578,2023,6,June,16,Afternoon Peak,Weekday
T20230014367,2023-06-20,17:00:00,6,Vehicle overturned (no collision),2,Tuesday,184,OUT OF CONTROL ON CARRIAGEWAY (ON BEND),1,51936,T intersection,3,60,Arterial Highway,PRINCES,EAST GIPPSLAND,-37.818855,147.64937,2023,6,June,17,Afternoon Peak,Weekday
T20230014350,2023-06-20,15:30:00,1,Collision with vehicle,2,Tuesday,160,VEHICLE COLLIDES WITH VEHICLE PARKED ON LEFT OF ROAD,1,40113,Cross intersection,2,50,Local Road,DICKENS,PORT PHILLIP,-37.873177,144.98244,2023,6,June,15,Afternoon Peak,Weekday
T20230015731,2023-06-20,06:40:00,3,Struck animal,2,Tuesday,167,STRUCK ANIMAL,5,776926,Not at intersection,3,100,Local Road,MINCHA WEST,LODDON,-35.95878,144.10054,2023,6,June,6,Morning Peak,Weekday
T20230014324,2023-06-20,09:25:00,1,Collision with vehicle,2,Tuesday,133,LANE SIDE SWIPE (VEHICLES IN PARALLEL LANES),1,776321,Not at intersection,3,100,Freeway,MONASH OUT-SOUTH GIPPSLAND OUT,CASEY,-37.996033,145.25333,2023,6,June,9,Morning Peak,Weekday
T20230014400,2023-06-20,20:45:00,1,Collision with vehicle,2,Tuesday,116,LEFT NEAR (INTERSECTIONS ONLY),3,46326,T intersection,2,60,Arterial Other,SEAFORD,FRANKSTON,-38.11068,145.14308,2023,6,June,20,Night,Weekday
T20230014816,2023-06-20,06:30:00,1,Collision with vehicle,2,Tuesday,130,REAR END(VEHICLES IN SAME LANE),3,776435,Not at intersection,3,100,Arterial Other,LATHAMS,FRANKSTON,-38.09902,145.15361,2023,6,June,6,Morning Peak,Weekday
T20230014304,2023-06-20,04:30:00,1,Collision with vehicle,2,Tuesday,110,CROSS TRAFFIC(INTERSECTIONS ONLY),5,783826,Cross intersection,3,40,Arterial Other,MICKLEHAM ROAD -SOMERTON,HUME,-37.634804,144.88171,2023,6,June,4,Late Night,Weekday
T20230014376,2023-06-20,15:10:00,9,Other accident,2,Tuesday,179,OTHER ACCIDENTS-OFF STRAIGHT NOT INCLUDED IN DCAs 170-175,1,783823,Not at intersection,3,40,Arterial Other,KING,MELBOURNE,-37.813805,144.95454,2023,6,June,15,Afternoon Peak,Weekday
T20230014413,2023-06-20,09:45:00,1,Collision with vehicle,2,Tuesday,130,REAR END(VEHICLES IN SAME LANE),1,793328,Not at intersection,3,50,Arterial Highway,CHURCH,GEELONG,-38.133377,144.35133,2023,6,June,9,Morning Peak,Weekday
T20230014377,2023-06-20,17:30:00,1,Collision with vehicle,2,Tuesday,121,RIGHT THROUGH,1,793327,T intersection,3,50,Local Road,ALISMA,CASEY,-38.07895,145.32983,2023,6,June,17,Afternoon Peak,Weekday
T20230014342,2023-06-20,12:40:00,1,Collision with vehicle,2,Tuesday,160,VEHICLE COLLIDES WITH VEHICLE PARKED ON LEFT OF ROAD,1,783423,Not at intersection,3,60,Arterial Other,STATION,DAREBIN,-37.775024,145.01878,2023,6,June,12,Midday,Weekday
T20230015364,2023-06-20,15:33:00,1,Collision with vehicle,2,Tuesday,130,REAR END(VEHICLES IN SAME LANE),1,780220,Not at intersection,3,60,Local Road,SHELL,GEELONG,-38.25896,144.54712,2023,6,June,15,Afternoon Peak,Weekday
T20230014337,2023-06-20,11:15:00,4,Collision with a fixed object,2,Tuesday,171,LEFT OFF CARRIAGEWAY INTO OBJECT/PARKED VEHICLE,1,793834,Not at intersection,3,50,Local Road,BABELE,WYNDHAM,-37.84677,144.66039,2023,6,June,11,Midday,Weekday
T20230014405,2023-06-20,08:00:00,1,Collision with vehicle,2,Tuesday,130,REAR END(VEHICLES IN SAME LANE),1,776256,Not at intersection,3,40,Local Road,LAWRENCE,WODONGA,-36.124462,146.88756,2023,6,June,8,Morning Peak,Weekday
T20230014315,2023-06-20,07:41:00,4,Collision with a fixed object,2,Tuesday,181,OFF RIGHT BEND INTO OBJECT/PARKED VEHICLE,1,776231,Not at intersection,2,80,Arterial Other,TRENTHAM FALLS,HEPBURN,-37.37474,144.32013,2023,6,June,7,Morning Peak,Weekday
T20230014321,2023-06-20,10:21:00,1,Collision with vehicle,2,Tuesday,130,REAR END(VEHICLES IN SAME LANE),1,776150,Not at intersection,3,80,Arterial Highway,DINGLEY,KINGSTON,-37.938858,145.08003,2023,6,June,10,Midday,Weekday
T20230014392,2023-06-20,05:25:00,1,Collision with vehicle,2,Tuesday,110,CROSS TRAFFIC(INTERSECTIONS ONLY),2,263371,Cross intersection,3,60,Local Road,BEVERIDGE,SWAN HILL,-35.33396,143.55675,2023,6,June,5,Morning Peak,Weekday
T20230014302,2023-06-20,01:46:00,1,Collision with vehicle,2,Tuesday,110,CROSS TRAFFIC(INTERSECTIONS ONLY),6,43917,Cross intersection,3,80,Arterial Other,CLYDE-FIVE WAYS,CASEY,-38.1335,145.32426,2023,6,June,1,Late Night,Weekday
T20230014319,2023-06-20,08:50:00,1,Collision with vehicle,2,Tuesday,120,HEAD ON (NOT OVERTAKING),1,793830,Not at intersection,3,40,Local Road,STATION,MITCHELL,-37.024242,145.13774,2023,6,June,8,Morning Peak,Weekday
T20230014359,2023-06-20,15:39:00,4,Collision with a fixed object,2,Tuesday,173,RIGHT OFF CARRIAGEWAY INTO OBJECT/PARKED VEHICLE,1,794160,Not at intersection,2,40,Local Road,PERMIEN,MORNINGTON PENINSULA,-38.337616,144.95576,2023,6,June,15,Afternoon Peak,Weekday
T20230014380,2023-06-20,15:05:00,6,Vehicle overturned (no collision),2,Tuesday,180,OFF CARRIAGEWAY ON RIGHT BEND,1,776398,Not at intersection,2,100,Arterial Highway,MURRAY VALLEY,INDIGO,-36.065502,146.37715,2023,6,June,15,Afternoon Peak,Weekday
T20230014383,2023-06-20,20:50:00,1,Collision with vehicle,2,Tuesday,140,U TURN,3,776966,Not at intersection,3,70,Arterial Other,SYDNEY,MORELAND,-37.700947,144.95978,2023,6,June,20,Night,Weekday
T20230014384,2023-06-20,21:23:00,4,Collision with a fixed object,2,Tuesday,179,OTHER ACCIDENTS-OFF STRAIGHT NOT INCLUDED IN DCAs 170-175,5,776295,Not at intersection,3,50,Local Road,HAYES,MORELAND,-37.733086,144.92836,2023,6,June,21,Night,Weekday
T20230014332,2023-06-20,05:35:00,6,Vehicle overturned (no collision),2,Tuesday,170,OFF CARRIAGEWAY TO LEFT,5,58861,Cross intersection,2,100,Local Road,ECHUCA-SERPENTINE,LODDON,-36.30299,144.13158,2023,6,June,5,Morning Peak,Weekday
T20230014386,2023-06-20,20:35:00,1,Collision with vehicle,2,Tuesday,110,CROSS TRAFFIC(INTERSECTIONS ONLY),3,318059,Cross intersection,3,70,Arterial Other,FOOTSCRAY-CAROLINE SPRINGS,BRIMBANK,-37.768574,144.7681,2023,6,June,20,Night,Weekday
T20230014331,2023-06-20,07:15:00,1,Collision with vehicle,2,Tuesday,133,LANE SIDE SWIPE (VEHICLES IN PARALLEL LANES),2,778339,Not at intersection,3,60,Local Road,DUKE,BRIMBANK,-37.76754,144.8493,2023,6,June,7,Morning Peak,Weekday
T20230014375,2023-06-20,17:45:00,4,Collision with a fixed object,2,Tuesday,173,RIGHT OFF CARRIAGEWAY INTO OBJECT/PARKED VEHICLE,5,777230,Cross intersection,2,80,Arterial Other,BITTERN-DROMANA,MORNINGTON PENINSULA,-38.353626,145.10736,2023,6,June,17,Afternoon Peak,Weekday
T20230014313,2023-06-20,08:33:00,2,Struck Pedestrian,2,Tuesday,102,FAR SIDE. PED HIT BY VEHICLE FROM THE LEFT,1,776149,Not at intersection,3,60,Arterial Other,WANTIRNA,MAROONDAH,-37.820763,145.22731,2023,6,June,8,Morning Peak,Weekday
T20230014374,2023-06-20,15:50:00,1,Collision with vehicle,2,Tuesday,130,REAR END(VEHICLES IN SAME LANE),1,776606,Not at intersection,3,100,Freeway,WESTERN RING,BRIMBANK,-37.802265,144.80556,2023,6,June,15,Afternoon Peak,Weekday
T20230014363,2023-06-20,17:10:00,1,Collision with vehicle,2,Tuesday,121,RIGHT THROUGH,2,778752,Not at intersection,3,60,Arterial Other,WELLS,KINGSTON,-38.03429,145.13464,2023,6,June,17,Afternoon Peak,Weekday
T20230014459,2023-06-20,06:23:00,1,Collision with vehicle,2,Tuesday,121,RIGHT THROUGH,3,43935,T intersection,3,80,Arterial Highway,SOUTH GIPPSLAND,CASEY,-38.159912,145.31857,2023,6,June,6,Morning Peak,Weekday
T20230014388,2023-06-20,21:55:00,1,Collision with vehicle,2,Tuesday,134,LANE CHANGE RIGHT (NOT OVERTAKING),3,44187,T intersection,3,60,Arterial Other,HIGH,DAREBIN,-37.713146,145.0082,2023,6,June,21,Night,Weekday
T20230014369,2023-06-20,17:00:00,1,Collision with vehicle,2,Tuesday,148,VEHICLE OFF FOOTPATH STRIKES VEH ON CARRIAGEWAY,2,776221,T intersection,3,50,Arterial Highway,BRONHILL,MAROONDAH,-37.797054,145.25572,2023,6,June,17,Afternoon Peak,Weekday
T20230014373,2023-06-20,16:47:00,1,Collision with vehicle,2,Tuesday,113,RIGHT NEAR (INTERSECTIONS ONLY),1,43960,T intersection,2,100,Arterial Highway,SOUTH GIPPSLAND,CASEY,-38.21373,145.41458,2023,6,June,16,Afternoon Peak,Weekday
T20230016015,2023-06-20,17:15:00,1,Collision with vehicle,2,Tuesday,142,LEAVING PARKING,2,777558,Not at intersection,3,50,Local Road,KOROIT,WARRNAMBOOL,-38.387657,142.4926,2023,6,June,17,Afternoon Peak,Weekday
T20230014316,2023-06-20,08:10:00,1,Collision with vehicle,2,Tuesday,160,VEHICLE COLLIDES WITH VEHICLE PARKED ON LEFT OF ROAD,1,793325,Not at intersection,2,50,Local Road,ANGLESEY,MITCHELL,-37.030235,145.14467,2023,6,June,8,Morning Peak,Weekday
T20230015623,2023-06-20,15:30:00,1,Collision with vehicle,2,Tuesday,130,REAR END(VEHICLES IN SAME LANE),1,776974,Not at intersection,3,80,Freeway,WESTERN RING,HUME,-37.69446,144.9169,2023,6,June,15,Afternoon Peak,Weekday
T20230015127,2023-06-20,18:14:00,1,Collision with vehicle,2,Tuesday,130,REAR END(VEHICLES IN SAME LANE),3,776713,Not at intersection,3,70,Arterial Highway,KEERA,GEELONG,-38.13244,144.35077,2023,6,June,18,Afternoon Peak,Weekday
T20230014451,2023-06-21,17:30:00,1,Collision with vehicle,3,Wednesday,116,LEFT NEAR (INTERSECTIONS ONLY),3,783726,T intersection,3,50,Arterial Highway,BELL,MORELAND,-37.739437,144.9478,2023,6,June,17,Afternoon Peak,Weekday
T20230014453,2023-06-21,18:03:00,1,Collision with vehicle,3,Wednesday,130,REAR END(VEHICLES IN SAME LANE),4,794213,Not at intersection,2,60,Local Road,COLCHESTER,MAROONDAH,-37.812267,145.30602,2023,6,June,18,Afternoon Peak,Weekday
T20230014424,2023-06-21,09:13:00,1,Collision with vehicle,3,Wednesday,121,RIGHT THROUGH,1,227929,T intersection,2,80,Arterial Other,PRINCES,CARDINIA,-38.055233,145.3816,2023,6,June,9,Morning Peak,Weekday
T20230017088,2023-06-21,20:45:00,1,Collision with vehicle,3,Wednesday,130,REAR END(VEHICLES IN SAME LANE),3,777573,Not at intersection,3,60,Arterial Highway,TOORAK,BOROONDARA,-37.84966,145.08897,2023,6,June,20,Night,Weekday
T20230014425,2023-06-21,08:40:00,1,Collision with vehicle,3,Wednesday,121,RIGHT THROUGH,1,37271,Cross intersection,2,60,Arterial Other,SWAN,YARRA,-37.826183,145.00244,2023,6,June,8,Morning Peak,Weekday
T20230015627,2023-06-21,12:00:00,6,Vehicle overturned (no collision),3,Wednesday,174,OUT OF CONTROL ON CARRIAGEWAY (ON STRAIGHT),1,50365,T intersection,2,50,Local Road,BETLEIGH,SURF COAST,-38.399033,144.19147,2023,6,June,12,Midday,Weekday
T20230014435,2023-06-21,14:17:00,5,collision with some other object,3,Wednesday,171,LEFT OFF CARRIAGEWAY INTO OBJECT/PARKED VEHICLE,1,776775,Cross intersection,2,60,Local Road,THOMPSON,SOUTHERN GRAMPIANS,-37.742287,142.02185,2023,6,June,14,Midday,Weekday
T20230014436,2023-06-21,14:02:00,1,Collision with vehicle,3,Wednesday,130,REAR END(VEHICLES IN SAME LANE),1,776620,Not at intersection,3,60,Arterial Other,HEATHERTON,DANDENONG,-37.970222,145.21643,2023,6,June,14,Midday,Weekday
T20230014440,2023-06-21,16:00:00,1,Collision with vehicle,3,Wednesday,113,RIGHT NEAR (INTERSECTIONS ONLY),2,780429,T intersection,2,50,Local Road,SCOTCHMER,YARRA,-37.782764,144.97878,2023,6,June,16,Afternoon Peak,Weekday
T20230014897,2023-06-21,22:20:00,1,Collision with vehicle,3,Wednesday,130,REAR END(VEHICLES IN SAME LANE),3,776493,Cross intersection,3,40,Local Road,LORNE,PORT PHILLIP,-37.85048,144.97949,2023,6,June,22,Night,Weekday
T20230015250,2023-06-21,09:30:00,3,Struck animal,3,Wednesday,167,STRUCK ANIMAL,1,777707,Not at intersection,3,100,Local Road,T AND W,GLENELG,-38.123947,141.46584,2023,6,June,9,Morning Peak,Weekday
T20230014723,2023-06-21,06:30:00,1,Collision with vehicle,3,Wednesday,130,REAR END(VEHICLES IN SAME LANE),2,776360,Not at intersection,3,80,Freeway,WESTERN RING,BRIMBANK,-37.80807,144.80789,2023,6,June,6,Morning Peak,Weekday
T20230014469,2023-06-21,20:15:00,1,Collision with vehicle,3,Wednesday,130,REAR END(VEHICLES IN SAME LANE),5,776392,Not at intersection,3,100,Freeway,MORNINGTON PENINSULA,MORNINGTON PENINSULA,-38.31792,145.01129,2023,6,June,20,Night,Weekday
T20230016569,2023-06-21,18:00:00,1,Collision with vehicle,3,Wednesday,135,LANE CHANGE LEFT (NOT OVERTAKING),2,783821,Not at intersection,3,60,Local Road,GLENLYON,MORELAND,-37.77261,144.97104,2023,6,June,18,Afternoon Peak,Weekday
T20230014414,2023-06-21,08:20:00,1,Collision with vehicle,3,Wednesday,130,REAR END(VEHICLES IN SAME LANE),2,777476,T intersection,2,60,Local Road,GHAZEEPORE,GEELONG,-38.20782,144.30258,2023,6,June,8,Morning Peak,Weekday
T20230014471,2023-06-21,17:00:00,1,Collision with vehicle,3,Wednesday,130,REAR END(VEHICLES IN SAME LANE),2,779428,Not at intersection,3,40,Arterial Other,COMMERCIAL,STONNINGTON,-37.846813,144.99374,2023,6,June,17,Afternoon Peak,Weekday
T20230014472,2023-06-21,17:40:00,6,Vehicle overturned (no collision),3,Wednesday,174,OUT OF CONTROL ON CARRIAGEWAY (ON STRAIGHT),3,776488,Not at intersection,2,40,Local Road,CREMORNE,YARRA,-37.825382,144.99109,2023,6,June,17,Afternoon Peak,Weekday
T20230014456,2023-06-21,17:44:00,1,Collision with vehicle,3,Wednesday,160,VEHICLE COLLIDES WITH VEHICLE PARKED ON LEFT OF ROAD,5,783818,Not at intersection,3,50,Local Road,WARLEIGH,BAYSIDE,-37.90471,145.00505,2023,6,June,17,Afternoon Peak,Weekday
T20230014391,2023-06-21,00:14:00,1,Collision with vehicle,3,Wednesday,110,CROSS TRAFFIC(INTERSECTIONS ONLY),3,347743,Cross intersection,2,80,Arterial Highway,SOUTH,BAYSIDE,-37.933094,145.03436,2023,6,June,0,Late Night,Weekday
T20230014433,2023-06-21,12:00:00,1,Collision with vehicle,3,Wednesday,121,RIGHT THROUGH,1,37055,Cross intersection,3,60,Arterial Highway,HODDLE,MELBOURNE,-37.811256,144.99109,2023,6,June,12,Midday,Weekday
T20230014461,2023-06-21,15:40:00,2,Struck Pedestrian,3,Wednesday,102,FAR SIDE. PED HIT BY VEHICLE FROM THE LEFT,1,44347,T intersection,2,50,Local Road,PARRAMATTA,WYNDHAM,-37.88663,144.6625,2023,6,June,15,Afternoon Peak,Weekday
T20230014468,2023-06-21,14:14:00,1,Collision with vehicle,3,Wednesday,136,RIGHT TURN SIDESWIPE,1,776487,Not at intersection,2,40,Local Road,QUEEN,MELBOURNE,-37.815277,144.96083,2023,6,June,14,Midday,Weekday
T20230014643,2023-06-21,21:50:00,8,No collision and no object struck,3,Wednesday,174,OUT OF CONTROL ON CARRIAGEWAY (ON STRAIGHT),3,783727,T intersection,3,50,Local Road,ATTERCLIFFE,MORELAND,-37.729607,144.94984,2023,6,June,21,Night,Weekday
T20230014423,2023-06-21,09:00:00,1,Collision with vehicle,3,Wednesday,113,RIGHT NEAR (INTERSECTIONS ONLY),1,63833,T intersection,2,60,Local Road,OLD GIPPSLAND,YARRA RANGES,-37.764687,145.3807,2023,6,June,9,Morning Peak,Weekday
T20230014823,2023-06-21,17:10:00,1,Collision with vehicle,3,Wednesday,110,CROSS TRAFFIC(INTERSECTIONS ONLY),1,44536,Cross intersection,3,60,Arterial Highway,MAROONDAH,YARRA RANGES,-37.65704,145.51112,2023,6,June,17,Afternoon Peak,Weekday
T20230014951,2023-06-21,21:15:00,1,Collision with vehicle,3,Wednesday,119,OTHER ADJACENT (INTERSECTIONS ONLY),3,37424,T intersection,3,60,Arterial Other,BEACONSFIELD,PORT PHILLIP,-37.84484,144.94235,2023,6,June,21,Night,Weekday
T20230014515,2023-06-21,15:50:00,1,Collision with vehicle,3,Wednesday,120,HEAD ON (NOT OVERTAKING),1,776915,Not at intersection,3,100,Arterial Highway,MIDLAND,GOLDEN PLAINS,-37.912144,144.09682,2023,6,June,15,Afternoon Peak,Weekday
T20230014446,2023-06-21,16:50:00,1,Collision with vehicle,3,Wednesday,131,LEFT REAR,2,776410,Not at intersection,2,60,Local Road,AUSTRAK,HUME,-37.638073,144.95038,2023,6,June,16,Afternoon Peak,Weekday
T20230014491,2023-06-22,07:45:00,1,Collision with vehicle,4,Thursday,130,REAR END(VEHICLES IN SAME LANE),2,60980,T intersection,3,60,Local Road,WALLIS,BALLARAT,-37.579823,143.81992,2023,6,June,7,Morning Peak,Weekday
T20230014490,2023-06-22,08:05:00,1,Collision with vehicle,4,Thursday,121,RIGHT THROUGH,1,43292,T intersection,2,40,Arterial Highway,NEPEAN,KINGSTON,-38.050625,145.11516,2023,6,June,8,Morning Peak,Weekday
T20230014482,2023-06-22,04:20:00,4,Collision with a fixed object,4,Thursday,171,LEFT OFF CARRIAGEWAY INTO OBJECT/PARKED VEHICLE,5,777868,Not at intersection,3,100,Arterial Other,HEATHCOTE-NAGAMBIE,STRATHBOGIE,-36.858433,144.8333,2023,6,June,4,Late Night,Weekday
T20230014526,2023-06-22,15:30:00,1,Collision with vehicle,4,Thursday,130,REAR END(VEHICLES IN SAME LANE),1,776260,Not at intersection,3,80,Arterial Highway,NEPEAN,MORNINGTON PENINSULA,-38.21512,145.06354,2023,6,June,15,Afternoon Peak,Weekday
T20230014521,2023-06-22,14:20:00,1,Collision with vehicle,4,Thursday,121,RIGHT THROUGH,1,40764,Cross intersection,2,60,Arterial Other,HIGHBURY,MONASH,-37.85977,145.15076,2023,6,June,14,Midday,Weekday
T20230014520,2023-06-22,12:23:00,1,Collision with vehicle,4,Thursday,173,RIGHT OFF CARRIAGEWAY INTO OBJECT/PARKED VEHICLE,1,71128,Not at intersection,2,60,Local Road,FRASER,KINGSTON,-38.040565,145.11021,2023,6,June,12,Midday,Weekday
T20230016139,2023-06-22,22:40:00,1,Collision with vehicle,4,Thursday,130,REAR END(VEHICLES IN SAME LANE),3,62476,T intersection,3,60,Arterial Highway,GREENSBOROUGH,BANYULE,-37.720654,145.08101,2023,6,June,22,Night,Weekday
T20230014708,2023-06-22,18:30:00,5,collision with some other object,4,Thursday,171,LEFT OFF CARRIAGEWAY INTO OBJECT/PARKED VEHICLE,5,776597,Not at intersection,2,100,Arterial Other,MURRAY RIVER,TOWONG,-36.140244,147.97156,2023,6,June,18,Afternoon Peak,Weekday
T20230014479,2023-06-22,00:46:00,1,Collision with vehicle,4,Thursday,130,REAR END(VEHICLES IN SAME LANE),3,777706,T intersection,3,60,Local Road,EDGARS,WHITTLESEA,-37.643745,145.0072,2023,6,June,0,Late Night,Weekday
T20230015713,2023-06-22,08:22:00,1,Collision with vehicle,4,Thursday,116,LEFT NEAR (INTERSECTIONS ONLY),1,65802,T intersection,3,60,Arterial Other,WHITEHORSE,BOROONDARA,-37.81179,145.07259,2023,6,June,8,Morning Peak,Weekday
T20230014834,2023-06-22,09:00:00,1,Collision with vehicle,4,Thursday,137,LEFT TURN SIDESWIPE,9,400,Cross intersection,3,60,Arterial Other,ST GEORGES,YARRA,-37.77999,144.98668,2023,6,June,9,Morning Peak,Weekday
T20230014501,2023-06-22,09:45:00,4,Collision with a fixed object,4,Thursday,171,LEFT OFF CARRIAGEWAY INTO OBJECT/PARKED VEHICLE,1,783724,Not at intersection,3,100,Freeway,PRINCES,WYNDHAM,-37.91039,144.68607,2023,6,June,9,Morning Peak,Weekday
T20230015890,2023-06-22,13:10:00,1,Collision with vehicle,4,Thursday,135,LANE CHANGE LEFT (NOT OVERTAKING),1,794797,Not at intersection,3,80,Arterial Other,PRINCES,CARDINIA,-38.064213,145.42244,2023,6,June,13,Midday,Weekday
T20230016506,2023-06-22,17:11:00,1,Collision with vehicle,4,Thursday,130,REAR END(VEHICLES IN SAME LANE),2,36267,Cross intersection,3,40,Local Road,ELIZABETH,MELBOURNE,-37.80818,144.96037,2023,6,June,17,Afternoon Peak,Weekday
T20230014546,2023-06-22,18:06:00,1,Collision with vehicle,4,Thursday,132,RIGHT REAR.,2,72547,Y intersection,3,60,Arterial Other,LLOYD,LATROBE,-38.178757,146.25435,2023,6,June,18,Afternoon Peak,Weekday
T20230017328,2023-06-22,06:30:00,4,Collision with a fixed object,4,Thursday,173,RIGHT OFF CARRIAGEWAY INTO OBJECT/PARKED VEHICLE,2,783725,Not at intersection,2,100,Arterial Highway,PRINCES,CORANGAMITE,-38.229527,142.949,2023,6,June,6,Morning Peak,Weekday
T20230014552,2023-06-22,21:05:00,1,Collision with vehicle,4,Thursday,111,RIGHT FAR (INTERSECTIONS ONLY),3,53849,T intersection,2,80,Arterial Other,WESTALL,DANDENONG,-37.947723,145.13913,2023,6,June,21,Night,Weekday
T20230014554,2023-06-22,19:39:00,1,Collision with vehicle,4,Thursday,110,CROSS TRAFFIC(INTERSECTIONS ONLY),3,45438,Cross intersection,2,60,Arterial Other,ASCOT VALE,MOONEE VALLEY,-37.778175,144.92296,2023,6,June,19,Night,Weekday
T20230014486,2023-06-22,06:06:00,4,Collision with a fixed object,4,Thursday,183,OFF LEFT BEND INTO OBJECT/PARKED VEHICLE,3,783805,Not at intersection,3,60,Local Road,SAILORS GULLY,BENDIGO,-36.707443,144.22688,2023,6,June,6,Morning Peak,Weekday
T20230014542,2023-06-22,15:37:00,1,Collision with vehicle,4,Thursday,110,CROSS TRAFFIC(INTERSECTIONS ONLY),1,59639,Cross intersection,2,50,Local Road,SLOSS,HORSHAM,-36.71969,142.20233,2023,6,June,15,Afternoon Peak,Weekday
T20230014537,2023-06-22,18:19:00,1,Collision with vehicle,4,Thursday,130,REAR END(VEHICLES IN SAME LANE),5,776261,Not at intersection,3,40,Arterial Other,MICKLEHAM,HUME,-37.63637,144.88118,2023,6,June,18,Afternoon Peak,Weekday
T20230014536,2023-06-22,14:50:00,2,Struck Pedestrian,4,Thursday,101,PED EMERGES FROM IN FRONT OF PARKED OR STATIONARY VEHICLE,1,792919,Not at intersection,3,40,Local Road,MAIN,WHITTLESEA,-37.680183,145.01323,2023,6,June,14,Midday,Weekday
T20230014494,2023-06-22,09:15:00,1,Collision with vehicle,4,Thursday,140,U TURN,1,778629,Not at intersection,3,50,Arterial Other,NICHOLSON,MORELAND,-37.76974,144.97984,2023,6,June,9,Morning Peak,Weekday
T20230014535,2023-06-22,17:48:00,1,Collision with vehicle,4,Thursday,121,RIGHT THROUGH,2,121918,Not at intersection,3,80,Arterial Other,HALLAM SOUTH,CASEY,-38.00646,145.27332,2023,6,June,17,Afternoon Peak,Weekday
T20230014534,2023-06-22,17:26:00,1,Collision with vehicle,4,Thursday,160,VEHICLE COLLIDES WITH VEHICLE PARKED ON LEFT OF ROAD,6,794215,Not at intersection,2,50,Local Road,GILLIES,WHITEHORSE,-37.813213,145.18938,2023,6,June,17,Afternoon Peak,Weekday
T20230016071,2023-06-22,16:05:00,1,Collision with vehicle,4,Thursday,134,LANE CHANGE RIGHT (NOT OVERTAKING),1,783722,Not at intersection,3,70,Arterial Other,SOMERTON,HUME,-37.63876,144.9142,2023,6,June,16,Afternoon Peak,Weekday
T20230014555,2023-06-22,18:10:00,1,Collision with vehicle,4,Thursday,130,REAR END(VEHICLES IN SAME LANE),2,35718,Cross intersection,3,60,Arterial Other,JOHNSTONE,HUME,-37.683914,144.91374,2023,6,June,18,Afternoon Peak,Weekday
T20230014493,2023-06-22,09:05:00,1,Collision with vehicle,4,Thursday,113,RIGHT NEAR (INTERSECTIONS ONLY),2,778536,Y intersection,3,80,Arterial Other,SWANSEA,YARRA RANGES,-37.791836,145.36092,2023,6,June,9,Morning Peak,Weekday
T20230014529,2023-06-22,13:20:00,1,Collision with vehicle,4,Thursday,120,HEAD ON (NOT OVERTAKING),1,776323,Not at intersection,2,60,Arterial Other,MT BULLER,(MOUNT BULLER),-37.127926,146.44695,2023,6,June,13,Midday,Weekday
T20230014502,2023-06-22,08:38:00,1,Collision with vehicle,4,Thursday,110,CROSS TRAFFIC(INTERSECTIONS ONLY),1,49469,Cross intersection,2,60,Local Road,QUEEN,MITCHELL,-37.413406,144.98233,2023,6,June,8,Morning Peak,Weekday
T20230014561,2023-06-22,22:22:00,1,Collision with vehicle,4,Thursday,130,REAR END(VEHICLES IN SAME LANE),5,776300,Not at intersection,2,100,Arterial Highway,MCIVOR,BENDIGO,-36.77453,144.4344,2023,6,June,22,Night,Weekday
T20230014507,2023-06-22,12:23:00,2,Struck Pedestrian,4,Thursday,100,PED NEAR SIDE. PED HIT BY VEHICLE FROM THE RIGHT.,1,777259,Not at intersection,3,70,Arterial Highway,ST GEORGES,DAREBIN,-37.757675,144.99336,2023,6,June,12,Midday,Weekday
T20230014508,2023-06-22,08:00:00,1,Collision with vehicle,4,Thursday,113,RIGHT NEAR (INTERSECTIONS ONLY),1,336224,T intersection,2,40,Arterial Other,MURRAY,DAREBIN,-37.737835,145.00266,2023,6,June,8,Morning Peak,Weekday
T20230014560,2023-06-22,22:46:00,1,Collision with vehicle,4,Thursday,121,RIGHT THROUGH,3,40443,Cross intersection,3,60,Arterial Other,MALVERN,STONNINGTON,-37.860073,145.05707,2023,6,June,22,Night,Weekday
T20230014513,2023-06-22,11:20:00,2,Struck Pedestrian,4,Thursday,102,FAR SIDE. PED HIT BY VEHICLE FROM THE LEFT,1,776259,Y intersection,3,40,Local Road,QUEEN,MELBOURNE,-37.807613,144.958,2023,6,June,11,Midday,Weekday