ACCIDENT_NO,ACCIDENT_DATE,ACCIDENT_TIME,ACCIDENT_TYPE,ACCIDENT_TYPE_DESC,DAY_OF_WEEK,DAY_WEEK_DESC,DCA_CODE,DCA_DESC,LIGHT_CONDITION,NODE_ID,ROAD_GEOMETRY_DESC,SEVERITY,SPEED_ZONE,RMA,ROAD_NAME,LGA_NAME,LATITUDE,LONGITUDE,YEAR,MONTH,MONTH_NAME,HOUR,TIME_PERIOD,DAY_TYPE
T20230014498,2023-06-22,07:30:00,1,Collision with vehicle,4,Thursday,120,HEAD ON (NOT OVERTAKING),2,778706,Not at intersection,3,100,Arterial Highway,DANDENONG-HASTINGS,FRANKSTON,-38.173836,145.22081,2023,6,June,7,Morning Peak,Weekday
T20230014527,2023-06-22,15:23:00,1,Collision with vehicle,4,Thursday,113,RIGHT NEAR (INTERSECTIONS ONLY),1,778537,T intersection,2,80,Arterial Highway,DINGLEY,KINGSTON,-37.96061,145.12074,2023,6,June,15,Afternoon Peak,Weekday
T20230014517,2023-06-22,12:56:00,1,Collision with vehicle,4,Thursday,121,RIGHT THROUGH,1,44549,Cross intersection,2,60,Arterial Other,SOUTHERN,BANYULE,-37.740997,145.0368,2023,6,June,12,Midday,Weekday
T20230014583,2023-06-23,09:10:00,1,Collision with vehicle,5,Friday,130,REAR END(VEHICLES IN SAME LANE),2,794216,Not at intersection,3,40,Arterial Other,TOORAK,STONNINGTON,-37.83862,144.98878,2023,6,June,9,Morning Peak,Weekday
T20230014647,2023-06-23,15:30:00,1,Collision with vehicle,5,Friday,112,LEFT FAR (INTERSECTIONS ONLY),1,42848,T intersection,3,50,Local Road,BONWICK,MORELAND,-37.701694,144.96564,2023,6,June,15,Afternoon Peak,Weekday
T20230014592,2023-06-23,12:14:00,1,Collision with vehicle,5,Friday,116,LEFT NEAR (INTERSECTIONS ONLY),1,794218,Cross intersection,2,60,Local Road,COLE,BAYSIDE,-37.89413,144.99373,2023,6,June,12,Midday,Weekday
T20230014649,2023-06-23,20:30:00,1,Collision with vehicle,5,Friday,160,VEHICLE COLLIDES WITH VEHICLE PARKED ON LEFT OF ROAD,3,777743,Not at intersection,3,40,Local Road,CANNING,YARRA,-37.787308,144.97469,2023,6,June,20,Night,Weekday
T20230014601,2023-06-23,12:47:00,1,Collision with vehicle,5,Friday,160,VEHICLE COLLIDES WITH VEHICLE PARKED ON LEFT OF ROAD,1,778280,Not at intersection,3,50,Local Road,HORNSBY,DANDENONG,-37.990665,145.20415,2023,6,June,12,Midday,Weekday
T20230014608,2023-06-23,14:16:00,4,Collision with a fixed object,5,Friday,164,PERMANENT OBSTRUCTION ON CARRIAGEWAY,1,776324,Not at intersection,3,60,Arterial Other,ROYAL,MELBOURNE,-37.793835,144.95828,2023,6,June,14,Midday,Weekday
T20230014614,2023-06-23,07:51:00,2,Struck Pedestrian,5,Friday,104,PED WALKING WITH TRAFFIC,1,777711,Not at intersection,3,60,Arterial Other,SOMERVILLE,MARIBYRNONG,-37.8104,144.86217,2023,6,June,7,Morning Peak,Weekday
T20230014623,2023-06-23,06:30:00,2,Struck Pedestrian,5,Friday,102,FAR SIDE. PED HIT BY VEHICLE FROM THE LEFT,6,123325,T intersection,3,70,Arterial Highway,HODDLE,YARRA,-37.79785,144.9933,2023,6,June,6,Morning Peak,Weekday
T20230014627,2023-06-23,18:30:00,2,Struck Pedestrian,5,Friday,102,FAR SIDE. PED HIT BY VEHICLE FROM THE LEFT,3,776552,Not at intersection,2,70,Arterial Other,SOUTH,BAYSIDE,-37.931812,145.02419,2023,6,June,18,Afternoon Peak,Weekday
T20230014629,2023-06-23,15:00:00,1,Collision with vehicle,5,Friday,121,RIGHT THROUGH,1,755715,T intersection,2,70,Local Road,MCGREGOR,CARDINIA,-38.10026,145.46913,2023,6,June,15,Afternoon Peak,Weekday
T20230014630,2023-06-23,18:40:00,1,Collision with vehicle,5,Friday,140,U TURN,2,776304,Not at intersection,2,60,Arterial Other,MAIN STREET SERVICE,MACEDON RANGES,-37.341152,144.74211,2023,6,June,18,Afternoon Peak,Weekday
T20230014652,2023-06-23,17:50:00,1,Collision with vehicle,5,Friday,130,REAR END(VEHICLES IN SAME LANE),5,776305,Not at intersection,3,80,Freeway,WESTERN RING OUT-PASCOE VALE,HUME,-37.69384,144.91353,2023,6,June,17,Afternoon Peak,Weekday
T20230014632,2023-06-23,16:55:00,1,Collision with vehicle,5,Friday,121,RIGHT THROUGH,1,233013,T intersection,1,80,Arterial Highway,FRANKSTON-DANDENONG,FRANKSTON,-38.11061,145.15952,2023,6,June,16,Afternoon Peak,Weekday
T20230014656,2023-06-23,22:12:00,1,Collision with vehicle,5,Friday,160,VEHICLE COLLIDES WITH VEHICLE PARKED ON LEFT OF ROAD,3,778313,Not at intersection,2,50,Local Road,INDEPENDENT,LATROBE,-38.177933,146.51633,2023,6,June,22,Night,Weekday
T20230014657,2023-06-23,19:37:00,1,Collision with vehicle,5,Friday,140,U TURN,5,783999,Not at intersection,3,60,Arterial Highway,GOULBURN VALLEY,SHEPPARTON,-36.34551,145.40224,2023,6,June,19,Night,Weekday
T20230014633,2023-06-23,16:30:00,4,Collision with a fixed object,5,Friday,183,OFF LEFT BEND INTO OBJECT/PARKED VEHICLE,9,783719,Not at intersection,3,80,Local Road,GRANTVILLE-GLEN ALVIE,BASS COAST,-38.45919,145.60057,2023,6,June,16,Afternoon Peak,Weekday
T20230014634,2023-06-23,15:34:00,1,Collision with vehicle,5,Friday,130,REAR END(VEHICLES IN SAME LANE),1,777799,Not at intersection,2,60,Local Road,GLADSTONE,DANDENONG,-37.953606,145.20789,2023,6,June,15,Afternoon Peak,Weekday
T20230014636,2023-06-23,17:35:00,4,Collision with a fixed object,5,Friday,141,U TURN INTO FIXED OBJECT/PARKED VEHICLE,2,777157,Not at intersection,3,50,Local Road,MANNISH,NILLUMBIK,-37.662083,145.19298,2023,6,June,17,Afternoon Peak,Weekday
T20230014639,2023-06-23,18:15:00,1,Collision with vehicle,5,Friday,130,REAR END(VEHICLES IN SAME LANE),2,778161,Not at intersection,3,80,Arterial Highway,CHELTENHAM,DANDENONG,-37.992867,145.16243,2023,6,June,18,Afternoon Peak,Weekday
T20230014641,2023-06-23,18:25:00,2,Struck Pedestrian,5,Friday,100,PED NEAR SIDE. PED HIT BY VEHICLE FROM THE RIGHT.,3,38263,T intersection,2,50,Arterial Other,MANNINGHAM,MANNINGHAM,-37.767033,145.09267,2023,6,June,18,Afternoon Peak,Weekday
T20230014642,2023-06-23,18:30:00,1,Collision with vehicle,5,Friday,131,LEFT REAR,3,61551,T intersection,3,50,Local Road,GARDEN GROVE,WHITTLESEA,-37.676098,145.05434,2023,6,June,18,Afternoon Peak,Weekday
T20230015993,2023-06-23,07:27:00,5,collision with some other object,5,Friday,166,STRUCK OBJECT ON CARRIAGEWAY,5,779701,Not at intersection,3,100,Local Road,NORTHWOOD,MITCHELL,-37.009495,145.12323,2023,6,June,7,Morning Peak,Weekday
T20230021850,2023-06-23,07:20:00,1,Collision with vehicle,5,Friday,121,RIGHT THROUGH,2,44766,Cross intersection,3,60,Arterial Other,ST HELENA,BANYULE,-37.699886,145.11476,2023,6,June,7,Morning Peak,Weekday
T20230014607,2023-06-23,10:21:00,1,Collision with vehicle,5,Friday,113,RIGHT NEAR (INTERSECTIONS ONLY),1,49068,T intersection,2,70,Arterial Other,TAYLORS,BRIMBANK,-37.72874,144.80774,2023,6,June,10,Midday,Weekday
T20230014684,2023-06-23,13:00:00,1,Collision with vehicle,5,Friday,133,LANE SIDE SWIPE (VEHICLES IN PARALLEL LANES),1,782285,Not at intersection,3,100,Arterial Other,HYLAND,WELLINGTON,-38.391705,146.74817,2023,6,June,13,Midday,Weekday
T20230015703,2023-06-23,12:23:00,1,Collision with vehicle,5,Friday,130,REAR END(VEHICLES IN SAME LANE),9,41250,Cross intersection,3,60,Arterial Other,PASCOE VALE,MORELAND,-37.72472,144.92247,2023,6,June,12,Midday,Weekday
T20230014826,2023-06-23,15:15:00,1,Collision with vehicle,5,Friday,130,REAR END(VEHICLES IN SAME LANE),1,776436,Not at intersection,3,70,Arterial Highway,DANDENONG,STONNINGTON,-37.8631,145.02072,2023,6,June,15,Afternoon Peak,Weekday
T20230014809,2023-06-23,17:45:00,1,Collision with vehicle,5,Friday,130,REAR END(VEHICLES IN SAME LANE),3,776670,Not at intersection,3,80,Freeway,WEST GATE,MELBOURNE,-37.827843,144.92451,2023,6,June,17,Afternoon Peak,Weekday
T20230014994,2023-06-23,11:50:00,1,Collision with vehicle,5,Friday,130,REAR END(VEHICLES IN SAME LANE),1,795003,Not at intersection,3,70,Arterial Highway,DANDENONG,STONNINGTON,-37.877975,145.04752,2023,6,June,11,Midday,Weekday
T20230023091,2023-06-23,12:11:00,1,Collision with vehicle,5,Friday,113,RIGHT NEAR (INTERSECTIONS ONLY),1,782192,T intersection,3,60,Local Road,MCMAHON,WELLINGTON,-37.96682,146.97311,2023,6,June,12,Midday,Weekday
T20230014565,2023-06-23,02:18:00,4,Collision with a fixed object,5,Friday,171,LEFT OFF CARRIAGEWAY INTO OBJECT/PARKED VEHICLE,3,785944,Not at intersection,2,60,Arterial Highway,CRESWICK,BALLARAT,-37.54504,143.85037,2023,6,June,2,Late Night,Weekday
T20230014575,2023-06-23,08:20:00,1,Collision with vehicle,5,Friday,130,REAR END(VEHICLES IN SAME LANE),1,776301,Not at intersection,3,60,Arterial Highway,MIDLAND,BENDIGO,-36.70711,144.31578,2023,6,June,8,Morning Peak,Weekday
T20230014582,2023-06-23,06:50:00,1,Collision with vehicle,5,Friday,121,RIGHT THROUGH,2,6899,Cross intersection,3,60,Arterial Other,CEMETERY,MELBOURNE,-37.79226,144.96838,2023,6,June,6,Morning Peak,Weekday
T20230016567,2023-06-24,12:58:00,1,Collision with vehicle,6,Saturday,152,PULLING OUT (OVERTAKING),1,783402,Not at intersection,2,40,Local Road,ORRONG,MORNINGTON PENINSULA,-38.207897,145.10179,2023,6,June,12,Midday,Weekend
T20230014707,2023-06-24,15:05:00,1,Collision with vehicle,6,Saturday,113,RIGHT NEAR (INTERSECTIONS ONLY),1,233297,Multiple intersection,3,70,Freeway,HOPKINS,MELTON,-37.742485,144.70091,2023,6,June,15,Afternoon Peak,Weekend
T20230014682,2023-06-24,13:00:00,1,Collision with vehicle,6,Saturday,147,VEHICLE STRIKES ANOTHER VEH WHILE EMERGING FROM DRIVEWAY,1,776328,T intersection,3,60,Local Road,STATION,MELTON,-37.68484,144.57808,2023,6,June,13,Midday,Weekend
T20230018006,2023-06-24,15:30:00,8,No collision and no object struck,6,Saturday,184,OUT OF CONTROL ON CARRIAGEWAY (ON BEND),1,783617,Not at intersection,3,60,Local Road,GREENS,PYRENEES,-36.9835,143.31998,2023,6,June,15,Afternoon Peak,Weekend
T20230014703,2023-06-24,14:38:00,1,Collision with vehicle,6,Saturday,130,REAR END(VEHICLES IN SAME LANE),1,777830,Not at intersection,3,60,Local Road,MCGRATH,WYNDHAM,-37.888416,144.63086,2023,6,June,14,Midday,Weekend
T20230014731,2023-06-24,17:44:00,2,Struck Pedestrian,6,Saturday,100,PED NEAR SIDE. PED HIT BY VEHICLE FROM THE RIGHT.,2,44882,Not at intersection,2,60,Local Road,BRUSHY PARK,MANNINGHAM,-37.739517,145.28204,2023,6,June,17,Afternoon Peak,Weekend
T20230016425,2023-06-24,13:30:00,2,Struck Pedestrian,6,Saturday,100,PED NEAR SIDE. PED HIT BY VEHICLE FROM THE RIGHT.,1,51700,Cross intersection,3,60,Arterial Highway,HIGH,BENDIGO,-36.779793,144.25024,2023,6,June,13,Midday,Weekend
T20230014677,2023-06-24,11:28:00,1,Collision with vehicle,6,Saturday,130,REAR END(VEHICLES IN SAME LANE),1,776356,Not at intersection,2,80,Arterial Other,PLENTY,WHITTLESEA,-37.670204,145.07126,2023,6,June,11,Midday,Weekend
T20230014709,2023-06-24,17:54:00,2,Struck Pedestrian,6,Saturday,100,PED NEAR SIDE. PED HIT BY VEHICLE FROM THE RIGHT.,2,777258,Not at intersection,2,50,Local Road,NELSON,HOBSONS BAY,-37.862923,144.90398,2023,6,June,17,Afternoon Peak,Weekend
T20230014711,2023-06-24,15:40:00,1,Collision with vehicle,6,Saturday,130,REAR END(VEHICLES IN SAME LANE),1,776489,Not at intersection,2,100,Freeway,PRINCES,CASEY,-38.04202,145.33539,2023,6,June,15,Afternoon Peak,Weekend
T20230014702,2023-06-24,14:20:00,4,Collision with a fixed object,6,Saturday,181,OFF RIGHT BEND INTO OBJECT/PARKED VEHICLE,1,783401,Not at intersection,3,80,Arterial Other,DAYLESFORD-MALMSBURY,HEPBURN,-37.327442,144.19081,2023,6,June,14,Midday,Weekend
T20230014655,2023-06-24,00:05:00,2,Struck Pedestrian,6,Saturday,100,PED NEAR SIDE. PED HIT BY VEHICLE FROM THE RIGHT.,3,776327,T intersection,2,60,Arterial Highway,SMITHFIELD,MELBOURNE,-37.7884,144.92413,2023,6,June,0,Late Night,Weekend
T20230014661,2023-06-24,02:35:00,1,Collision with vehicle,6,Saturday,121,RIGHT THROUGH,3,10873,Multiple intersection,3,60,Freeway,EDGARS,WHITTLESEA,-37.68763,145.00235,2023,6,June,2,Late Night,Weekend
T20230015739,2023-06-24,21:15:00,1,Collision with vehicle,6,Saturday,160,VEHICLE COLLIDES WITH VEHICLE PARKED ON LEFT OF ROAD,3,777019,Not at intersection,2,50,Local Road,SUSSEX,MORELAND,-37.730427,144.94977,2023,6,June,21,Night,Weekend
T20230014667,2023-06-24,07:05:00,1,Collision with vehicle,6,Saturday,110,CROSS TRAFFIC(INTERSECTIONS ONLY),2,264300,Cross intersection,2,80,Arterial Highway,NEPEAN,KINGSTON,-37.977184,145.06705,2023,6,June,7,Morning Peak,Weekend
T20230014668,2023-06-24,07:40:00,1,Collision with vehicle,6,Saturday,116,LEFT NEAR (INTERSECTIONS ONLY),1,783609,T intersection,2,60,Arterial Other,CANTERBURY,PORT PHILLIP,-37.849667,144.96507,2023,6,June,7,Morning Peak,Weekend
T20230014669,2023-06-24,08:20:00,1,Collision with vehicle,6,Saturday,163,VEHICLE STRIKES DOOR OF PARKED/STATIONARY VEHICLE,1,780072,Not at intersection,3,50,Local Road,ARGYLL,STONNINGTON,-37.87549,145.08354,2023,6,June,8,Morning Peak,Weekend
T20230014671,2023-06-24,06:55:00,4,Collision with a fixed object,6,Saturday,173,RIGHT OFF CARRIAGEWAY INTO OBJECT/PARKED VEHICLE,6,779513,Not at intersection,2,100,Arterial Highway,PRINCES,GLENELG,-38.27761,141.61775,2023,6,June,6,Morning Peak,Weekend
T20230014672,2023-06-24,06:40:00,6,Vehicle overturned (no collision),6,Saturday,151,OUT OF CONTROL (OVERTAKING),2,794796,Not at intersection,3,80,Arterial Other,DOYLES,SHEPPARTON,-36.423065,145.43181,2023,6,June,6,Morning Peak,Weekend
T20230014674,2023-06-24,10:30:00,2,Struck Pedestrian,6,Saturday,100,PED NEAR SIDE. PED HIT BY VEHICLE FROM THE RIGHT.,1,784426,Not at intersection,2,40,Local Road,CHURCH,MOORABOOL,-37.675037,144.43607,2023,6,June,10,Midday,Weekend
T20230014714,2023-06-24,17:36:00,1,Collision with vehicle,6,Saturday,130,REAR END(VEHICLES IN SAME LANE),3,776358,Not at intersection,3,60,Arterial Other,HOTHAM,PORT PHILLIP,-37.86274,145.00069,2023,6,June,17,Afternoon Peak,Weekend
T20230014716,2023-06-24,16:37:00,9,Other accident,6,Saturday,175,OFF END OF ROAD/T-INTERSECTION.,2,783613,T intersection,3,80,Local Road,SILBYS,BAW BAW,-38.180218,145.98695,2023,6,June,16,Afternoon Peak,Weekend
T20230019098,2023-06-24,15:40:00,1,Collision with vehicle,6,Saturday,130,REAR END(VEHICLES IN SAME LANE),1,779273,Not at intersection,3,100,Freeway,PRINCES,CASEY,-38.04233,145.33595,2023,6,June,15,Afternoon Peak,Weekend
T20230014949,2023-06-24,19:30:00,1,Collision with vehicle,6,Saturday,130,REAR END(VEHICLES IN SAME LANE),2,778340,Not at intersection,2,50,Arterial Other,BOLTON,BANYULE,-37.729374,145.13536,2023,6,June,19,Night,Weekend
T20230014732,2023-06-24,22:29:00,1,Collision with vehicle,6,Saturday,121,RIGHT THROUGH,3,777184,T intersection,3,80,Arterial Other,SWANSEA,YARRA RANGES,-37.805748,145.35303,2023,6,June,22,Night,Weekend
T20230014940,2023-06-24,21:00:00,5,collision with some other object,6,Saturday,166,STRUCK OBJECT ON CARRIAGEWAY,6,783615,Not at intersection,3,50,Local Road,HOLTS,MOORABOOL,-37.662674,144.4387,2023,6,June,21,Night,Weekend
T20230014691,2023-06-24,14:31:00,4,Collision with a fixed object,6,Saturday,171,LEFT OFF CARRIAGEWAY INTO OBJECT/PARKED VEHICLE,1,776711,Cross intersection,3,50,Local Road,GRAY,SOUTHERN GRAMPIANS,-37.742764,142.02515,2023,6,June,14,Midday,Weekend
T20230014686,2023-06-24,12:10:00,8,No collision and no object struck,6,Saturday,174,OUT OF CONTROL ON CARRIAGEWAY (ON STRAIGHT),1,783403,Not at intersection,3,80,Arterial Other,MAHONEYS,WHITTLESEA,-37.692204,144.98566,2023,6,June,12,Midday,Weekend
T20230014717,2023-06-24,17:38:00,1,Collision with vehicle,6,Saturday,130,REAR END(VEHICLES IN SAME LANE),2,794219,Not at intersection,2,100,Freeway,MONASH IN-SPRINGVALE,MONASH,-37.911423,145.16396,2023,6,June,17,Afternoon Peak,Weekend
T20230014718,2023-06-24,18:25:00,1,Collision with vehicle,6,Saturday,130,REAR END(VEHICLES IN SAME LANE),2,776359,Not at intersection,3,80,Freeway,WEST GATE,MELBOURNE,-37.82841,144.922,2023,6,June,18,Afternoon Peak,Weekend
T20230014689,2023-06-24,14:00:00,1,Collision with vehicle,6,Saturday,147,VEHICLE STRIKES ANOTHER VEH WHILE EMERGING FROM DRIVEWAY,1,776329,Not at intersection,2,60,Local Road,CHAMPION,HOBSONS BAY,-37.849506,144.8753,2023,6,June,14,Midday,Weekend
T20230014770,2023-06-24,20:20:00,6,Vehicle overturned (no collision),6,Saturday,180,OFF CARRIAGEWAY ON RIGHT BEND,5,794794,Not at intersection,3,100,Local Road,COTSWOLD,CENTRAL GOLDFIELDS,-37.192978,143.86899,2023,6,June,20,Night,Weekend
T20230014721,2023-06-24,15:45:00,4,Collision with a fixed object,6,Saturday,183,OFF LEFT BEND INTO OBJECT/PARKED VEHICLE,1,783717,Not at intersection,3,100,Arterial Other,RUNNING CREEK,ALPINE,-36.56372,146.99477,2023,6,June,15,Afternoon Peak,Weekend
T20230014726,2023-06-24,18:57:00,1,Collision with vehicle,6,Saturday,194,PARKED CAR RUN AWAY,3,779681,Not at intersection,2,50,Local Road,ARRUNGA,NILLUMBIK,-37.66042,145.15779,2023,6,June,18,Afternoon Peak,Weekend
T20230014730,2023-06-24,18:26:00,4,Collision with a fixed object,6,Saturday,181,OFF RIGHT BEND INTO OBJECT/PARKED VEHICLE,5,783221,Not at intersection,2,100,Arterial Other,BENALLA-YARRAWONGA,BENALLA,-36.451008,145.98979,2023,6,June,18,Afternoon Peak,Weekend
T20230014701,2023-06-24,15:48:00,1,Collision with vehicle,6,Saturday,121,RIGHT THROUGH,1,29676,Cross intersection,2,60,Arterial Other,BLUFF,BAYSIDE,-37.93765,145.02382,2023,6,June,15,Afternoon Peak,Weekend
T20230015810,2023-06-24,14:30:00,1,Collision with vehicle,6,Saturday,130,REAR END(VEHICLES IN SAME LANE),1,779226,T intersection,3,80,Arterial Other,CARDINIA ROAD -PRINCES IN-CARDINIA,CARDINIA,-38.081512,145.4339,2023,6,June,14,Midday,Weekend
T20230015387,2023-06-24,12:47:00,1,Collision with vehicle,6,Saturday,113,RIGHT NEAR (INTERSECTIONS ONLY),1,43096,Cross intersection,3,80,Arterial Highway,STUD,DANDENONG,-37.962963,145.22478,2023,6,June,12,Midday,Weekend
T20230015372,2023-06-24,15:30:00,1,Collision with vehicle,6,Saturday,121,RIGHT THROUGH,1,778779,Not at intersection,3,80,Arterial Other,HEATHERTON,CASEY,-37.97743,145.27872,2023,6,June,15,Afternoon Peak,Weekend
T20230014748,2023-06-24,15:00:00,6,Vehicle overturned (no collision),6,Saturday,170,OFF CARRIAGEWAY TO LEFT,1,777111,Not at intersection,2,100,Local Road,DONNELLYS CREEK,BAW BAW,-37.754402,146.46866,2023,6,June,15,Afternoon Peak,Weekend
T20230016046,2023-06-24,17:10:00,2,Struck Pedestrian,6,Saturday,100,PED NEAR SIDE. PED HIT BY VEHICLE FROM THE RIGHT.,2,322502,T intersection,3,50,Arterial Other,HEATHERTON,CASEY,-37.976505,145.27058,2023,6,June,17,Afternoon Peak,Weekend
T20230015108,2023-06-24,17:40:00,3,Struck animal,6,Saturday,167,STRUCK ANIMAL,5,776532,Not at intersection,3,100,Local Road,ROMSEY,MACEDON RANGES,-37.344467,144.59462,2023,6,June,17,Afternoon Peak,Weekend
T20230014698,2023-06-24,15:00:00,1,Collision with vehicle,6,Saturday,130,REAR END(VEHICLES IN SAME LANE),1,776331,Not at intersection,3,60,Arterial Other,PASCOE VALE,HUME,-37.68945,144.91603,2023,6,June,15,Afternoon Peak,Weekend
T20230014827,2023-06-24,18:40:00,1,Collision with vehicle,6,Saturday,130,REAR END(VEHICLES IN SAME LANE),2,778393,Not at intersection,3,50,Local Road,STATION,WHITTLESEA,-37.671867,145.01598,2023,6,June,18,Afternoon Peak,Weekend
T20230014739,2023-06-24,23:12:00,1,Collision with vehicle,6,Saturday,120,HEAD ON (NOT OVERTAKING),3,794221,Not at intersection,3,40,Arterial Other,CRAIGIEBURN,HUME,-37.594364,144.91156,2023,6,June,23,Night,Weekend
T20230014734,2023-06-24,23:21:00,1,Collision with vehicle,6,Saturday,110,CROSS TRAFFIC(INTERSECTIONS ONLY),3,43481,Cross intersection,3,50,Local Road,FOOT,FRANKSTON,-38.161358,145.12903,2023,6,June,23,Night,Weekend
T20230014733,2023-06-24,21:30:00,1,Collision with vehicle,6,Saturday,120,HEAD ON (NOT OVERTAKING),3,794220,Not at intersection,3,50,Arterial Other,ALBION,MORELAND,-37.76264,144.97858,2023,6,June,21,Night,Weekend
T20230014793,2023-06-25,20:50:00,1,Collision with vehicle,7,Sunday,140,U TURN,5,778628,Not at intersection,3,100,Arterial Highway,WESTERN,WEST WIMMERA,-36.39288,141.36789,2023,6,June,20,Night,Weekend
T20230014788,2023-06-25,19:47:00,4,Collision with a fixed object,7,Sunday,181,OFF RIGHT BEND INTO OBJECT/PARKED VEHICLE,5,783607,Not at intersection,3,80,Arterial Other,SKENES CREEK,COLAC OTWAY,-38.692413,143.7106,2023,6,June,19,Night,Weekend
T20230014785,2023-06-25,18:20:00,2,Struck Pedestrian,7,Sunday,102,FAR SIDE. PED HIT BY VEHICLE FROM THE LEFT,3,776434,Not at intersection,2,40,Arterial Other,SYDNEY,MORELAND,-37.754932,144.96422,2023,6,June,18,Afternoon Peak,Weekend
T20230014784,2023-06-25,17:24:00,1,Collision with vehicle,7,Sunday,160,VEHICLE COLLIDES WITH VEHICLE PARKED ON LEFT OF ROAD,3,117748,Not at intersection,3,60,Local Road,SHAWS,WYNDHAM,-37.889637,144.65833,2023,6,June,17,Afternoon Peak,Weekend
T20230014782,2023-06-25,19:13:00,1,Collision with vehicle,7,Sunday,121,RIGHT THROUGH,3,778776,Not at intersection,3,80,Local Road,AIRPORT,HUME,-37.692383,144.86601,2023,6,June,19,Night,Weekend
T20230014779,2023-06-25,16:14:00,1,Collision with vehicle,7,Sunday,120,HEAD ON (NOT OVERTAKING),2,776643,Not at intersection,1,100,Arterial Other,TYLDEN-WOODEND,MACEDON RANGES,-37.338505,144.45802,2023,6,June,16,Afternoon Peak,Weekend
T20230014768,2023-06-25,13:30:00,1,Collision with vehicle,7,Sunday,133,LANE SIDE SWIPE (VEHICLES IN PARALLEL LANES),1,777801,Not at intersection,2,100,Local Road,WILD BULL,BAW BAW,-37.9412,146.09338,2023,6,June,13,Midday,Weekend
T20230014763,2023-06-25,12:50:00,1,Collision with vehicle,7,Sunday,120,HEAD ON (NOT OVERTAKING),1,776544,Not at intersection,3,60,Arterial Other,BONEO,MORNINGTON PENINSULA,-38.476112,144.93263,2023,6,June,12,Midday,Weekend
T20230014759,2023-06-25,09:25:00,1,Collision with vehicle,7,Sunday,121,RIGHT THROUGH,1,24304,Cross intersection,2,100,Freeway,GOULBURN VALLEY,STRATHBOGIE,-36.706837,145.20021,2023,6,June,9,Morning Peak,Weekend
T20230014756,2023-06-25,09:45:00,1,Collision with vehicle,7,Sunday,110,CROSS TRAFFIC(INTERSECTIONS ONLY),1,705,Cross intersection,3,60,Arterial Other,WAVERLEY,MONASH,-37.880665,145.093,2023,6,June,9,Morning Peak,Weekend
T20230014753,2023-06-25,09:30:00,4,Collision with a fixed object,7,Sunday,171,LEFT OFF CARRIAGEWAY INTO OBJECT/PARKED VEHICLE,1,776361,Cross intersection,2,50,Local Road,ST JAMES,BANYULE,-37.747295,145.06612,2023,6,June,9,Morning Peak,Weekend
T20230014747,2023-06-25,03:35:00,4,Collision with a fixed object,7,Sunday,183,OFF LEFT BEND INTO OBJECT/PARKED VEHICLE,5,783400,Not at intersection,3,80,Local Road,HOLLANDS LANDING,WELLINGTON,-38.052414,147.46016,2023,6,June,3,Late Night,Weekend
T20230014745,2023-06-25,03:17:00,1,Collision with vehicle,7,Sunday,160,VEHICLE COLLIDES WITH VEHICLE PARKED ON LEFT OF ROAD,3,777011,Not at intersection,3,60,Arterial Other,SANDHURST,BENDIGO,-36.73304,144.26443,2023,6,June,3,Late Night,Weekend
T20230014744,2023-06-25,03:31:00,1,Collision with vehicle,7,Sunday,160,VEHICLE COLLIDES WITH VEHICLE PARKED ON LEFT OF ROAD,3,788858,T intersection,3,70,Local Road,SAYERS,WYNDHAM,-37.8459,144.66484,2023,6,June,3,Late Night,Weekend
T20230014741,2023-06-25,02:05:00,1,Collision with vehicle,7,Sunday,162,ACCIDENT OR BROKEN DOWN,3,777800,Not at intersection,2,100,Freeway,GEELONG RING,GEELONG,-38.057068,144.38756,2023,6,June,2,Late Night,Weekend
T20230015007,2023-06-25,10:30:00,6,Vehicle overturned (no collision),7,Sunday,184,OUT OF CONTROL ON CARRIAGEWAY (ON BEND),1,776573,Not at intersection,3,100,Local Road,RIVER,CAMPASPE,-35.961994,144.48518,2023,6,June,10,Midday,Weekend
T20230020446,2023-06-25,17:30:00,1,Collision with vehicle,7,Sunday,130,REAR END(VEHICLES IN SAME LANE),2,780218,Not at intersection,3,60,Arterial Highway,SOUTH GIPPSLAND,CASEY,-38.101875,145.28242,2023,6,June,17,Afternoon Peak,Weekend
T20230015088,2023-06-25,10:00:00,8,No collision and no object struck,7,Sunday,174,OUT OF CONTROL ON CARRIAGEWAY (ON STRAIGHT),1,776577,Not at intersection,3,80,Arterial Other,CRESWICK-NEWSTEAD,MOUNT ALEXANDER,-37.176666,144.03009,2023,6,June,10,Midday,Weekend
T20230014853,2023-06-25,10:10:00,1,Collision with vehicle,7,Sunday,140,U TURN,1,776491,T intersection,3,50,Local Road,PANAMAX,MELTON,-37.761414,144.74661,2023,6,June,10,Midday,Weekend
T20230015934,2023-06-26,14:40:00,1,Collision with vehicle,1,Monday,130,REAR END(VEHICLES IN SAME LANE),1,794222,Not at intersection,3,60,Arterial Other,KOROROIT CREEK,WYNDHAM,-37.84438,144.78535,2023,6,June,14,Midday,Weekday
T20230016773,2023-06-26,12:00:00,8,No collision and no object struck,1,Monday,172,OFF CARRIAGEWAY TO RIGHT,1,783600,Unknown,3,70,Arterial Other,FERNTREE GULLY,MONASH,-37.89633,145.09988,2023,6,June,12,Midday,Weekday