ACCIDENT_NO,ACCIDENT_DATE,ACCIDENT_TIME,ACCIDENT_TYPE,ACCIDENT_TYPE_DESC,DAY_OF_WEEK,DAY_WEEK_DESC,DCA_CODE,DCA_DESC,LIGHT_CONDITION,NODE_ID,ROAD_GEOMETRY_DESC,SEVERITY,SPEED_ZONE,RMA,ROAD_NAME,LGA_NAME,LATITUDE,LONGITUDE,YEAR,MONTH,MONTH_NAME,HOUR,TIME_PERIOD,DAY_TYPE
T20230016995,2023-06-26,09:25:00,1,Collision with vehicle,1,Monday,111,RIGHT FAR (INTERSECTIONS ONLY),1,37250,T intersection,3,60,Arterial Other,VICTORIA,YARRA,-37.810825,145.0032,2023,6,June,9,Morning Peak,Weekday
T20230014889,2023-06-26,22:40:00,2,Struck Pedestrian,1,Monday,104,PED WALKING WITH TRAFFIC,3,777556,Not at intersection,3,50,Local Road,HERON,BRIMBANK,-37.756138,144.78352,2023,6,June,22,Night,Weekday
T20230014821,2023-06-26,10:25:00,1,Collision with vehicle,1,Monday,121,RIGHT THROUGH,1,748281,Cross intersection,3,70,Arterial Other,KINGS ROAD -TAYLORS,BRIMBANK,-37.72742,144.7823,2023,6,June,10,Midday,Weekday
T20230014878,2023-06-26,19:49:00,1,Collision with vehicle,1,Monday,110,CROSS TRAFFIC(INTERSECTIONS ONLY),3,52755,Cross intersection,3,60,Arterial Other,NORMAN,BALLARAT,-37.53222,143.82355,2023,6,June,19,Night,Weekday
T20230014984,2023-06-26,17:05:00,1,Collision with vehicle,1,Monday,163,VEHICLE STRIKES DOOR OF PARKED/STATIONARY VEHICLE,2,226122,Not at intersection,2,50,Arterial Highway,RACECOURSE,MELBOURNE,-37.787994,144.92796,2023,6,June,17,Afternoon Peak,Weekday
T20230014868,2023-06-26,17:35:00,1,Collision with vehicle,1,Monday,148,VEHICLE OFF FOOTPATH STRIKES VEH ON CARRIAGEWAY,3,715351,T intersection,2,80,Arterial Other,BERWICK-CRANBOURNE,CASEY,-38.09788,145.33144,2023,6,June,17,Afternoon Peak,Weekday
T20230014841,2023-06-26,12:00:00,1,Collision with vehicle,1,Monday,121,RIGHT THROUGH,1,776439,T intersection,3,80,Local Road,MURRAY,MAROONDAH,-37.79128,145.26326,2023,6,June,12,Midday,Weekday
T20230014860,2023-06-26,11:00:00,4,Collision with a fixed object,1,Monday,173,RIGHT OFF CARRIAGEWAY INTO OBJECT/PARKED VEHICLE,1,783715,Cross intersection,3,50,Local Road,BULMANS,MELTON,-37.666016,144.5533,2023,6,June,11,Midday,Weekday
T20230014862,2023-06-26,07:05:00,2,Struck Pedestrian,1,Monday,100,PED NEAR SIDE. PED HIT BY VEHICLE FROM THE RIGHT.,1,783398,Cross intersection,2,60,Arterial Highway,WHITEHORSE,WHITEHORSE,-37.817932,145.12393,2023,6,June,7,Morning Peak,Weekday
T20230014882,2023-06-26,18:44:00,1,Collision with vehicle,1,Monday,110,CROSS TRAFFIC(INTERSECTIONS ONLY),5,733908,Cross intersection,2,100,Local Road,GHAZEEPORE,SURF COAST,-38.2588,144.29337,2023,6,June,18,Afternoon Peak,Weekday
T20230016665,2023-06-26,15:30:00,1,Collision with vehicle,1,Monday,135,LANE CHANGE LEFT (NOT OVERTAKING),1,42315,T intersection,3,60,Arterial Highway,WARRIGAL,KINGSTON,-37.92565,145.0821,2023,6,June,15,Afternoon Peak,Weekday
T20230014845,2023-06-26,10:30:00,4,Collision with a fixed object,1,Monday,171,LEFT OFF CARRIAGEWAY INTO OBJECT/PARKED VEHICLE,1,41566,T intersection,2,40,Local Road,ATHERTON,MONASH,-37.898697,145.08974,2023,6,June,10,Midday,Weekday
T20230014811,2023-06-26,07:05:00,2,Struck Pedestrian,1,Monday,194,PARKED CAR RUN AWAY,3,776376,T intersection,1,40,Local Road,HOSIER,MELBOURNE,-37.816254,144.96902,2023,6,June,7,Morning Peak,Weekday
T20230017887,2023-06-26,18:00:00,1,Collision with vehicle,1,Monday,130,REAR END(VEHICLES IN SAME LANE),2,778250,Not at intersection,3,100,Arterial Other,MURCHISON-VIOLET TOWN,SHEPPARTON,-36.614098,145.27611,2023,6,June,18,Afternoon Peak,Weekday
T20230014832,2023-06-26,12:11:00,1,Collision with vehicle,1,Monday,130,REAR END(VEHICLES IN SAME LANE),1,777419,Cross intersection,2,80,Arterial Other,CRANBOURNE-FRANKSTON ROAD -SLADEN,CASEY,-38.110897,145.26508,2023,6,June,12,Midday,Weekday
T20230014833,2023-06-26,09:40:00,2,Struck Pedestrian,1,Monday,100,PED NEAR SIDE. PED HIT BY VEHICLE FROM THE RIGHT.,1,776438,Cross intersection,2,40,Arterial Other,COMMERCIAL,STONNINGTON,-37.846428,144.99075,2023,6,June,9,Morning Peak,Weekday
T20230014939,2023-06-26,15:30:00,1,Collision with vehicle,1,Monday,130,REAR END(VEHICLES IN SAME LANE),1,776499,Not at intersection,3,80,Arterial Other,BAXTER-TOORADIN,CASEY,-38.20249,145.28105,2023,6,June,15,Afternoon Peak,Weekday
T20230014828,2023-06-26,11:45:00,1,Collision with vehicle,1,Monday,121,RIGHT THROUGH,1,776546,Cross intersection,3,60,Local Road,COLCHESTER,MAROONDAH,-37.801777,145.30801,2023,6,June,11,Midday,Weekday
T20230014885,2023-06-26,08:00:00,1,Collision with vehicle,1,Monday,179,OTHER ACCIDENTS-OFF STRAIGHT NOT INCLUDED IN DCAs 170-175,2,36574,T intersection,3,60,Arterial Other,MT ALEXANDER,MOONEE VALLEY,-37.78362,144.9361,2023,6,June,8,Morning Peak,Weekday
T20230014856,2023-06-26,16:00:00,2,Struck Pedestrian,1,Monday,100,PED NEAR SIDE. PED HIT BY VEHICLE FROM THE RIGHT.,1,51593,Cross intersection,2,60,Arterial Other,BARNARD,BENDIGO,-36.755245,144.27408,2023,6,June,16,Afternoon Peak,Weekday
T20230015479,2023-06-26,18:15:00,1,Collision with vehicle,1,Monday,130,REAR END(VEHICLES IN SAME LANE),2,777790,Not at intersection,3,60,Local Road,PEARCEDALE,HUME,-37.678967,144.91827,2023,6,June,18,Afternoon Peak,Weekday
T20230014835,2023-06-26,12:25:00,1,Collision with vehicle,1,Monday,110,CROSS TRAFFIC(INTERSECTIONS ONLY),1,40056,Cross intersection,3,40,Local Road,DANKS,PORT PHILLIP,-37.8537,144.96373,2023,6,June,12,Midday,Weekday
T20230014905,2023-06-26,18:20:00,2,Struck Pedestrian,1,Monday,100,PED NEAR SIDE. PED HIT BY VEHICLE FROM THE RIGHT.,2,777872,Multiple intersection,3,40,Local Road,PUCKLE,MOONEE VALLEY,-37.767143,144.92477,2023,6,June,18,Afternoon Peak,Weekday
T20230015549,2023-06-26,16:00:00,1,Collision with vehicle,1,Monday,130,REAR END(VEHICLES IN SAME LANE),1,781337,Not at intersection,3,80,Freeway,METROPOLITAN RING,MORELAND,-37.69158,144.9655,2023,6,June,16,Afternoon Peak,Weekday
T20230015318,2023-06-26,17:40:00,1,Collision with vehicle,1,Monday,130,REAR END(VEHICLES IN SAME LANE),2,776973,T intersection,3,70,Local Road,GLENCAIRN,BRIMBANK,-37.77078,144.77812,2023,6,June,17,Afternoon Peak,Weekday
T20230014888,2023-06-26,21:43:00,2,Struck Pedestrian,1,Monday,102,FAR SIDE. PED HIT BY VEHICLE FROM THE LEFT,3,38301,Cross intersection,3,60,Arterial Other,MANNINGHAM,MANNINGHAM,-37.773804,145.11433,2023,6,June,21,Night,Weekday
T20230015608,2023-06-26,10:25:00,1,Collision with vehicle,1,Monday,134,LANE CHANGE RIGHT (NOT OVERTAKING),1,777971,Not at intersection,3,60,Local Road,ARCHER,SHEPPARTON,-36.3835,145.41277,2023,6,June,10,Midday,Weekday
T20230014796,2023-06-26,01:00:00,6,Vehicle overturned (no collision),1,Monday,174,OUT OF CONTROL ON CARRIAGEWAY (ON STRAIGHT),3,777869,T intersection,3,60,Arterial Other,WELLINGTON,MELBOURNE,-37.816723,144.98874,2023,6,June,1,Late Night,Weekday
T20230014869,2023-06-26,17:14:00,1,Collision with vehicle,1,Monday,121,RIGHT THROUGH,3,37729,Cross intersection,3,40,Arterial Other,TOORAK,STONNINGTON,-37.839798,144.99811,2023,6,June,17,Afternoon Peak,Weekday
T20230014872,2023-06-26,16:22:00,1,Collision with vehicle,1,Monday,120,HEAD ON (NOT OVERTAKING),2,777870,Not at intersection,2,100,Arterial Highway,PHILLIP ISLAND,BASS COAST,-38.523857,145.41565,2023,6,June,16,Afternoon Peak,Weekday
T20230014876,2023-06-26,18:10:00,6,Vehicle overturned (no collision),1,Monday,174,OUT OF CONTROL ON CARRIAGEWAY (ON STRAIGHT),3,559,Cross intersection,3,60,Arterial Other,CIVIC,HOBSONS BAY,-37.8654,144.83904,2023,6,June,18,Afternoon Peak,Weekday
T20230015093,2023-06-27,14:30:00,2,Struck Pedestrian,2,Tuesday,100,PED NEAR SIDE. PED HIT BY VEHICLE FROM THE RIGHT.,1,783395,Not at intersection,3,60,Arterial Other,HIGH,WHITTLESEA,-37.650234,145.02475,2023,6,June,14,Midday,Weekday
T20230014927,2023-06-27,14:10:00,1,Collision with vehicle,2,Tuesday,130,REAR END(VEHICLES IN SAME LANE),1,776443,Not at intersection,2,80,Arterial Other,PLENTY,WHITTLESEA,-37.66298,145.07228,2023,6,June,14,Midday,Weekday
T20230014934,2023-06-27,14:50:00,1,Collision with vehicle,2,Tuesday,130,REAR END(VEHICLES IN SAME LANE),1,776498,Cross intersection,3,60,Arterial Highway,GEELONG,SURF COAST,-38.32594,144.3178,2023,6,June,14,Midday,Weekday
T20230014898,2023-06-27,07:15:00,1,Collision with vehicle,2,Tuesday,121,RIGHT THROUGH,2,776441,Not at intersection,2,60,Arterial Other,LITTLE BOUNDARY,WYNDHAM,-37.81927,144.81958,2023,6,June,7,Morning Peak,Weekday
T20230014935,2023-06-27,15:55:00,1,Collision with vehicle,2,Tuesday,110,CROSS TRAFFIC(INTERSECTIONS ONLY),1,58597,Cross intersection,3,50,Local Road,STANLEY,WODONGA,-36.121483,146.8808,2023,6,June,15,Afternoon Peak,Weekday
T20230015225,2023-06-27,18:00:00,1,Collision with vehicle,2,Tuesday,130,REAR END(VEHICLES IN SAME LANE),9,49556,Cross intersection,3,60,Arterial Other,BACCHUS MARSH ROAD -MAIN,MOORABOOL,-37.67083,144.42308,2023,6,June,18,Afternoon Peak,Weekday
T20230014895,2023-06-27,05:48:00,1,Collision with vehicle,2,Tuesday,110,CROSS TRAFFIC(INTERSECTIONS ONLY),5,781863,Cross intersection,2,100,Arterial Other,BALLAN,GEELONG,-38.006584,144.28319,2023,6,June,5,Morning Peak,Weekday
T20230014945,2023-06-27,16:54:00,1,Collision with vehicle,2,Tuesday,111,RIGHT FAR (INTERSECTIONS ONLY),1,350174,T intersection,3,80,Arterial Other,CRANBOURNE,CASEY,-38.041477,145.30399,2023,6,June,16,Afternoon Peak,Weekday
T20230015758,2023-06-27,16:40:00,1,Collision with vehicle,2,Tuesday,121,RIGHT THROUGH,1,41549,Cross intersection,3,60,Arterial Highway,WARRIGAL,STONNINGTON,-37.88028,145.09076,2023,6,June,16,Afternoon Peak,Weekday
T20230015760,2023-06-27,18:00:00,1,Collision with vehicle,2,Tuesday,130,REAR END(VEHICLES IN SAME LANE),2,776927,Not at intersection,3,60,Arterial Other,ROYAL,MELBOURNE,-37.79682,144.95792,2023,6,June,18,Afternoon Peak,Weekday
T20230014952,2023-06-27,18:23:00,1,Collision with vehicle,2,Tuesday,121,RIGHT THROUGH,2,982,T intersection,3,50,Local Road,BANBURY,DAREBIN,-37.714523,144.98903,2023,6,June,18,Afternoon Peak,Weekday
T20230014955,2023-06-27,19:03:00,1,Collision with vehicle,2,Tuesday,137,LEFT TURN SIDESWIPE,3,42287,T intersection,3,60,Arterial Other,CENTRE,GLEN EIRA,-37.922737,145.07158,2023,6,June,19,Night,Weekday
T20230014960,2023-06-27,18:20:00,2,Struck Pedestrian,2,Tuesday,100,PED NEAR SIDE. PED HIT BY VEHICLE FROM THE RIGHT.,2,36675,T intersection,3,80,Arterial Other,PASCOE VALE,HUME,-37.6518,144.93039,2023,6,June,18,Afternoon Peak,Weekday
T20230014965,2023-06-27,22:25:00,1,Collision with vehicle,2,Tuesday,130,REAR END(VEHICLES IN SAME LANE),3,783382,Not at intersection,2,50,Arterial Highway,CITY,MELBOURNE,-37.821182,144.96747,2023,6,June,22,Night,Weekday
T20230014990,2023-06-27,10:15:00,2,Struck Pedestrian,2,Tuesday,102,FAR SIDE. PED HIT BY VEHICLE FROM THE LEFT,1,782714,Not at intersection,3,40,Local Road,ARABIN,BRIMBANK,-37.719437,144.83556,2023,6,June,10,Midday,Weekday
T20230021920,2023-06-27,06:55:00,1,Collision with vehicle,2,Tuesday,130,REAR END(VEHICLES IN SAME LANE),1,783391,Not at intersection,3,100,Freeway,PRINCES,WYNDHAM,-37.87052,144.7479,2023,6,June,6,Morning Peak,Weekday
T20230014912,2023-06-27,10:57:00,8,No collision and no object struck,2,Tuesday,174,OUT OF CONTROL ON CARRIAGEWAY (ON STRAIGHT),1,776442,Not at intersection,3,40,Local Road,ELIZABETH,YARRA,-37.811005,144.99173,2023,6,June,10,Midday,Weekday
T20230015092,2023-06-27,06:30:00,1,Collision with vehicle,2,Tuesday,113,RIGHT NEAR (INTERSECTIONS ONLY),6,283345,T intersection,2,60,Arterial Highway,GOULBURN VALLEY,MURRINDINDI,-37.210537,145.4279,2023,6,June,6,Morning Peak,Weekday
T20230014914,2023-06-27,11:35:00,1,Collision with vehicle,2,Tuesday,134,LANE CHANGE RIGHT (NOT OVERTAKING),1,89459,Not at intersection,2,60,Arterial Other,MT DANDENONG,YARRA RANGES,-37.801968,145.3101,2023,6,June,11,Midday,Weekday
T20230015624,2023-06-27,06:30:00,1,Collision with vehicle,2,Tuesday,130,REAR END(VEHICLES IN SAME LANE),2,776975,Not at intersection,3,80,Freeway,HUME-WESTERN RING IN,MORELAND,-37.692272,144.95169,2023,6,June,6,Morning Peak,Weekday
T20230014911,2023-06-27,08:00:00,1,Collision with vehicle,2,Tuesday,160,VEHICLE COLLIDES WITH VEHICLE PARKED ON LEFT OF ROAD,2,778029,Not at intersection,3,50,Local Road,BARBER,WYNDHAM,-37.87581,144.67604,2023,6,June,8,Morning Peak,Weekday
T20230016570,2023-06-27,15:30:00,1,Collision with vehicle,2,Tuesday,130,REAR END(VEHICLES IN SAME LANE),9,89304,Not at intersection,3,60,Arterial Other,HULL,MAROONDAH,-37.796818,145.29242,2023,6,June,15,Afternoon Peak,Weekday
T20230014902,2023-06-27,08:30:00,1,Collision with vehicle,2,Tuesday,160,VEHICLE COLLIDES WITH VEHICLE PARKED ON LEFT OF ROAD,2,777871,Not at intersection,3,50,Local Road,GREY,CORANGAMITE,-38.23782,142.90973,2023,6,June,8,Morning Peak,Weekday
T20230015260,2023-06-27,00:21:00,1,Collision with vehicle,2,Tuesday,111,RIGHT FAR (INTERSECTIONS ONLY),3,777055,Multiple intersection,3,60,Local Road,OHERNS,WHITTLESEA,-37.633865,144.99248,2023,6,June,0,Late Night,Weekday
T20230015042,2023-06-28,14:30:00,1,Collision with vehicle,3,Wednesday,113,RIGHT NEAR (INTERSECTIONS ONLY),1,780433,T intersection,2,80,Arterial Other,PASCOE VALE,HUME,-37.662395,144.92247,2023,6,June,14,Midday,Weekday
T20230015041,2023-06-28,15:53:00,1,Collision with vehicle,3,Wednesday,130,REAR END(VEHICLES IN SAME LANE),1,777062,Not at intersection,3,60,Arterial Highway,NORTH,GLEN EIRA,-37.908936,145.08063,2023,6,June,15,Afternoon Peak,Weekday
T20230015037,2023-06-28,14:00:00,2,Struck Pedestrian,3,Wednesday,100,PED NEAR SIDE. PED HIT BY VEHICLE FROM THE RIGHT.,1,74274,Cross intersection,3,60,Arterial Other,LEOPOLD,PORT PHILLIP,-37.841393,144.97719,2023,6,June,14,Midday,Weekday
T20230015035,2023-06-28,16:30:00,2,Struck Pedestrian,3,Wednesday,108,PED STRUCK WALKING TO/FROM OR BOARDING/ALIGHTING VEHICLE.,1,776528,Not at intersection,2,40,Arterial Other,TOORAK,MELBOURNE,-37.83724,144.97801,2023,6,June,16,Afternoon Peak,Weekday
T20230015033,2023-06-28,17:20:00,4,Collision with a fixed object,3,Wednesday,173,RIGHT OFF CARRIAGEWAY INTO OBJECT/PARKED VEHICLE,2,41871,T intersection,3,80,Arterial Highway,STUD,KNOX,-37.889046,145.23288,2023,6,June,17,Afternoon Peak,Weekday
T20230015031,2023-06-28,17:50:00,1,Collision with vehicle,3,Wednesday,130,REAR END(VEHICLES IN SAME LANE),2,41931,T intersection,3,60,Arterial Other,DORSET,KNOX,-37.879887,145.28462,2023,6,June,17,Afternoon Peak,Weekday
T20230015030,2023-06-28,18:05:00,2,Struck Pedestrian,3,Wednesday,100,PED NEAR SIDE. PED HIT BY VEHICLE FROM THE RIGHT.,3,776551,Not at intersection,2,40,Arterial Other,BALACLAVA,GLEN EIRA,-37.869957,145.00298,2023,6,June,18,Afternoon Peak,Weekday
T20230015029,2023-06-28,18:25:00,4,Collision with a fixed object,3,Wednesday,173,RIGHT OFF CARRIAGEWAY INTO OBJECT/PARKED VEHICLE,3,776622,Cross intersection,2,60,Arterial Other,MYRTLE,BENDIGO,-36.766006,144.2738,2023,6,June,18,Afternoon Peak,Weekday
T20230015027,2023-06-28,19:00:00,1,Collision with vehicle,3,Wednesday,130,REAR END(VEHICLES IN SAME LANE),3,776668,Not at intersection,3,60,Arterial Highway,ST KILDA,PORT PHILLIP,-37.85718,144.98335,2023,6,June,19,Night,Weekday
T20230015026,2023-06-28,18:20:00,1,Collision with vehicle,3,Wednesday,130,REAR END(VEHICLES IN SAME LANE),2,777563,Not at intersection,3,80,Arterial Other,MELTON,BRIMBANK,-37.69908,144.78871,2023,6,June,18,Afternoon Peak,Weekday
T20230015324,2023-06-28,18:45:00,1,Collision with vehicle,3,Wednesday,148,VEHICLE OFF FOOTPATH STRIKES VEH ON CARRIAGEWAY,9,35987,Cross intersection,3,40,Local Road,EDWARD,MORELAND,-37.77496,144.97115,2023,6,June,18,Afternoon Peak,Weekday
T20230015075,2023-06-28,12:20:00,1,Collision with vehicle,3,Wednesday,130,REAR END(VEHICLES IN SAME LANE),1,776930,Not at intersection,3,60,Arterial Other,TOORONGA,STONNINGTON,-37.849358,145.04314,2023,6,June,12,Midday,Weekday
T20230015025,2023-06-28,17:38:00,1,Collision with vehicle,3,Wednesday,113,RIGHT NEAR (INTERSECTIONS ONLY),2,61017,T intersection,3,60,Arterial Highway,HERTFORD,BALLARAT,-37.58664,143.83067,2023,6,June,17,Afternoon Peak,Weekday
T20230015024,2023-06-28,16:30:00,2,Struck Pedestrian,3,Wednesday,100,PED NEAR SIDE. PED HIT BY VEHICLE FROM THE RIGHT.,2,777054,Not at intersection,3,80,Arterial Highway,WELLINGTON,MONASH,-37.91627,145.13939,2023,6,June,16,Afternoon Peak,Weekday
T20230015022,2023-06-28,13:35:00,1,Collision with vehicle,3,Wednesday,130,REAR END(VEHICLES IN SAME LANE),1,779801,Not at intersection,3,80,Freeway,EASTLINK IN-GREENS,DANDENONG,-38.01357,145.18744,2023,6,June,13,Midday,Weekday
T20230015019,2023-06-28,15:30:00,1,Collision with vehicle,3,Wednesday,120,HEAD ON (NOT OVERTAKING),1,776682,Not at intersection,3,60,Local Road,HEATHERDALE,MAROONDAH,-37.826813,145.21335,2023,6,June,15,Afternoon Peak,Weekday
T20230015014,2023-06-28,15:20:00,1,Collision with vehicle,3,Wednesday,113,RIGHT NEAR (INTERSECTIONS ONLY),1,72973,T intersection,2,70,Arterial Other,MORNINGTON-TYABB,MORNINGTON PENINSULA,-38.23622,145.05663,2023,6,June,15,Afternoon Peak,Weekday
T20230016210,2023-06-28,22:10:00,1,Collision with vehicle,3,Wednesday,110,CROSS TRAFFIC(INTERSECTIONS ONLY),3,781830,Cross intersection,3,80,Arterial Highway,DANDENONG,STONNINGTON,-37.887054,145.07826,2023,6,June,22,Night,Weekday
T20230015006,2023-06-28,13:10:00,1,Collision with vehicle,3,Wednesday,140,U TURN,1,776572,Not at intersection,3,60,Arterial Highway,POINT NEPEAN,MORNINGTON PENINSULA,-38.368683,144.85487,2023,6,June,13,Midday,Weekday
T20230015005,2023-06-28,11:50:00,7,Fall from or in moving vehicle,3,Wednesday,190,FELL IN/FROM VEHICLE,1,785124,Not at intersection,3,60,Arterial Other,WEEROONA,BENDIGO,-36.742275,144.29585,2023,6,June,11,Midday,Weekday
T20230015523,2023-06-28,07:00:00,1,Collision with vehicle,3,Wednesday,130,REAR END(VEHICLES IN SAME LANE),2,777445,Not at intersection,3,70,Arterial Highway,DINGLEY,KINGSTON,-37.959503,145.11163,2023,6,June,7,Morning Peak,Weekday
T20230016172,2023-06-28,07:50:00,1,Collision with vehicle,3,Wednesday,121,RIGHT THROUGH,1,780432,T intersection,3,60,Freeway,SUNSHINE,BRIMBANK,-37.749863,144.83191,2023,6,June,7,Morning Peak,Weekday
T20230016487,2023-06-28,18:07:00,1,Collision with vehicle,3,Wednesday,120,HEAD ON (NOT OVERTAKING),2,777296,Not at intersection,3,40,Local Road,HEATHER,PORT PHILLIP,-37.83314,144.96538,2023,6,June,18,Afternoon Peak,Weekday
T20230014989,2023-06-28,06:43:00,1,Collision with vehicle,3,Wednesday,121,RIGHT THROUGH,3,37916,T intersection,3,60,Arterial Other,QUEENS,YARRA,-37.785477,144.9948,2023,6,June,6,Morning Peak,Weekday
T20230017831,2023-06-28,22:00:00,1,Collision with vehicle,3,Wednesday,140,U TURN,3,778105,Not at intersection,2,60,Arterial Highway,LONSDALE,DANDENONG,-37.992863,145.21622,2023,6,June,22,Night,Weekday
T20230015676,2023-06-28,17:10:00,1,Collision with vehicle,3,Wednesday,135,LANE CHANGE LEFT (NOT OVERTAKING),1,783291,Not at intersection,3,70,Arterial Other,SYDNEY,MORELAND,-37.708675,144.96136,2023,6,June,17,Afternoon Peak,Weekday
T20230017298,2023-06-28,15:30:00,1,Collision with vehicle,3,Wednesday,120,HEAD ON (NOT OVERTAKING),1,42541,T intersection,2,60,Arterial Other,POLICE,DANDENONG,-37.93352,145.15964,2023,6,June,15,Afternoon Peak,Weekday
T20230015062,2023-06-28,22:52:00,1,Collision with vehicle,3,Wednesday,140,U TURN,5,776529,T intersection,3,50,Local Road,CHRISTA,WHITEHORSE,-37.850235,145.1541,2023,6,June,22,Night,Weekday
T20230014966,2023-06-28,01:40:00,6,Vehicle overturned (no collision),3,Wednesday,174,OUT OF CONTROL ON CARRIAGEWAY (ON STRAIGHT),3,777053,Not at intersection,2,40,Local Road,CHAPEL,STONNINGTON,-37.846157,144.99428,2023,6,June,1,Late Night,Weekday
T20230014967,2023-06-28,00:54:00,4,Collision with a fixed object,3,Wednesday,183,OFF LEFT BEND INTO OBJECT/PARKED VEHICLE,3,781822,Not at intersection,2,100,Arterial Highway,SOUTH GIPPSLAND,SOUTH GIPPSLAND,-38.395775,145.74907,2023,6,June,0,Late Night,Weekday
T20230014973,2023-06-28,04:37:00,4,Collision with a fixed object,3,Wednesday,171,LEFT OFF CARRIAGEWAY INTO OBJECT/PARKED VEHICLE,3,35725,T intersection,2,70,Arterial Highway,PRINCES,GEELONG,-38.108143,144.35347,2023,6,June,4,Late Night,Weekday
T20230014974,2023-06-28,02:10:00,1,Collision with vehicle,3,Wednesday,120,HEAD ON (NOT OVERTAKING),5,332439,Not at intersection,3,60,Arterial Other,CRAIGIEBURN,HUME,-37.593918,144.91006,2023,6,June,2,Late Night,Weekday
T20230014993,2023-06-28,08:40:00,1,Collision with vehicle,3,Wednesday,121,RIGHT THROUGH,2,278496,Not at intersection,2,70,Local Road,ENTERPRISE,WHITTLESEA,-37.684563,145.06863,2023,6,June,8,Morning Peak,Weekday
T20230015059,2023-06-28,16:12:00,2,Struck Pedestrian,3,Wednesday,102,FAR SIDE. PED HIT BY VEHICLE FROM THE LEFT,1,37220,Cross intersection,1,60,Arterial Other,CLYDE,CASEY,-38.038155,145.34253,2023,6,June,16,Afternoon Peak,Weekday
T20230019028,2023-06-28,15:23:00,1,Collision with vehicle,3,Wednesday,132,RIGHT REAR.,9,778926,Not at intersection,3,80,Arterial Other,SYDNEY,HUME,-37.6671,144.95508,2023,6,June,15,Afternoon Peak,Weekday
T20230015054,2023-06-28,20:40:00,1,Collision with vehicle,3,Wednesday,130,REAR END(VEHICLES IN SAME LANE),5,778267,Not at intersection,3,60,Local Road,BRIDGE INN,WHITTLESEA,-37.596264,145.05453,2023,6,June,20,Night,Weekday
T20230015052,2023-06-28,20:36:00,4,Collision with a fixed object,3,Wednesday,173,RIGHT OFF CARRIAGEWAY INTO OBJECT/PARKED VEHICLE,3,783286,Not at intersection,2,50,Local Road,ESPLANADE,HOBSONS BAY,-37.872456,144.81937,2023,6,June,20,Night,Weekday
T20230015049,2023-06-28,19:58:00,1,Collision with vehicle,3,Wednesday,121,RIGHT THROUGH,3,327940,T intersection,3,60,Arterial Other,HALLAM,CASEY,-38.031315,145.2683,2023,6,June,19,Night,Weekday
T20230015048,2023-06-28,18:00:00,1,Collision with vehicle,3,Wednesday,130,REAR END(VEHICLES IN SAME LANE),2,793933,Not at intersection,3,80,Freeway,TULLAMARINE,HUME,-37.65585,144.8443,2023,6,June,18,Afternoon Peak,Weekday
T20230016176,2023-06-28,21:30:00,8,No collision and no object struck,3,Wednesday,174,OUT OF CONTROL ON CARRIAGEWAY (ON STRAIGHT),3,777119,Not at intersection,2,60,Arterial Other,HIGH,BOROONDARA,-37.804382,145.03746,2023,6,June,21,Night,Weekday
T20230015121,2023-06-29,17:51:00,1,Collision with vehicle,4,Thursday,147,VEHICLE STRIKES ANOTHER VEH WHILE EMERGING FROM DRIVEWAY,2,778237,Not at intersection,2,60,Local Road,MATTHEWS,GEELONG,-38.072975,144.33884,2023,6,June,17,Afternoon Peak,Weekday
T20230015147,2023-06-29,19:35:00,1,Collision with vehicle,4,Thursday,130,REAR END(VEHICLES IN SAME LANE),3,776634,Not at intersection,3,70,Freeway,PRINCES,HOBSONS BAY,-37.8314,144.81297,2023,6,June,19,Night,Weekday
T20230015072,2023-06-29,06:13:00,4,Collision with a fixed object,4,Thursday,171,LEFT OFF CARRIAGEWAY INTO OBJECT/PARKED VEHICLE,3,783277,Cross intersection,3,80,Local Road,PINDARA,FRANKSTON,-38.1507,145.1951,2023,6,June,6,Morning Peak,Weekday
T20230015133,2023-06-29,21:10:00,4,Collision with a fixed object,4,Thursday,173,RIGHT OFF CARRIAGEWAY INTO OBJECT/PARKED VEHICLE,3,776627,Dead end,2,50,Local Road,SYLVAN,GEELONG,-38.15352,144.324,2023,6,June,21,Night,Weekday
T20230021181,2023-06-29,17:40:00,1,Collision with vehicle,4,Thursday,130,REAR END(VEHICLES IN SAME LANE),2,780584,Not at intersection,3,80,Arterial Other,WELLINGTON,KNOX,-37.928856,145.265,2023,6,June,17,Afternoon Peak,Weekday
T20230015166,2023-06-29,19:29:00,1,Collision with vehicle,4,Thursday,121,RIGHT THROUGH,5,45524,Cross intersection,3,60,Arterial Other,DERRIMUT ROAD -HOPKINS,MELTON,-37.80502,144.69594,2023,6,June,19,Night,Weekday
T20230015391,2023-06-29,19:08:00,1,Collision with vehicle,4,Thursday,121,RIGHT THROUGH,3,776660,T intersection,3,70,Arterial Other,KINGS,BRIMBANK,-37.72477,144.78111,2023,6,June,19,Night,Weekday
T20230015066,2023-06-29,05:55:00,1,Collision with vehicle,4,Thursday,133,LANE SIDE SWIPE (VEHICLES IN PARALLEL LANES),2,797752,Not at intersection,3,80,Freeway,WEST GATE,HOBSONS BAY,-37.825428,144.83223,2023,6,June,5,Morning Peak,Weekday
T20230015082,2023-06-29,11:45:00,1,Collision with vehicle,4,Thursday,142,LEAVING PARKING,1,776576,Not at intersection,2,50,Local Road,GREVILLE,BANYULE,-37.74637,145.0773,2023,6,June,11,Midday,Weekday
T20230015089,2023-06-29,09:20:00,1,Collision with vehicle,4,Thursday,120,HEAD ON (NOT OVERTAKING),1,47635,Cross intersection,3,60,Local Road,BOARDWALK,WYNDHAM,-37.879234,144.73578,2023,6,June,9,Morning Peak,Weekday