ACCIDENT_NO,ACCIDENT_DATE,ACCIDENT_TIME,ACCIDENT_TYPE,ACCIDENT_TYPE_DESC,DAY_OF_WEEK,DAY_WEEK_DESC,DCA_CODE,DCA_DESC,LIGHT_CONDITION,NODE_ID,ROAD_GEOMETRY_DESC,SEVERITY,SPEED_ZONE,RMA,ROAD_NAME,LGA_NAME,LATITUDE,LONGITUDE,YEAR,MONTH,MONTH_NAME,HOUR,TIME_PERIOD,DAY_TYPE
T20230015099,2023-06-29,14:32:00,2,Struck Pedestrian,4,Thursday,100,PED NEAR SIDE. PED HIT BY VEHICLE FROM THE RIGHT.,1,39404,T intersection,2,50,Arterial Other,DONCASTER,MANNINGHAM,-37.787666,145.14948,2023,6,June,14,Midday,Weekday
T20230015943,2023-06-29,18:30:00,1,Collision with vehicle,4,Thursday,110,CROSS TRAFFIC(INTERSECTIONS ONLY),3,62819,Cross intersection,3,50,Local Road,MADELINE,DAREBIN,-37.733185,145.01862,2023,6,June,18,Afternoon Peak,Weekday
T20230015080,2023-06-29,09:20:00,1,Collision with vehicle,4,Thursday,121,RIGHT THROUGH,1,41659,Cross intersection,2,60,Arterial Other,WAVERLEY,MONASH,-37.882515,145.109,2023,6,June,9,Morning Peak,Weekday
T20230015091,2023-06-29,06:48:00,1,Collision with vehicle,4,Thursday,148,VEHICLE OFF FOOTPATH STRIKES VEH ON CARRIAGEWAY,3,776631,Not at intersection,2,60,Arterial Other,ROYAL PARADE SERVICE,MELBOURNE,-37.7896,144.959,2023,6,June,6,Morning Peak,Weekday
T20230015106,2023-06-29,15:32:00,1,Collision with vehicle,4,Thursday,110,CROSS TRAFFIC(INTERSECTIONS ONLY),1,1254,Cross intersection,3,70,Arterial Highway,MCIVOR,BENDIGO,-36.759624,144.31743,2023,6,June,15,Afternoon Peak,Weekday
T20230015521,2023-06-29,18:00:00,1,Collision with vehicle,4,Thursday,130,REAR END(VEHICLES IN SAME LANE),2,322427,T intersection,3,60,Local Road,LIDDIARD,LATROBE,-38.19363,146.55223,2023,6,June,18,Afternoon Peak,Weekday
T20230015070,2023-06-29,08:07:00,1,Collision with vehicle,4,Thursday,110,CROSS TRAFFIC(INTERSECTIONS ONLY),1,19370,Cross intersection,2,100,Local Road,ECHUCA-NANNEELLA,CAMPASPE,-36.256153,144.77751,2023,6,June,8,Morning Peak,Weekday
T20230015067,2023-06-29,06:47:00,1,Collision with vehicle,4,Thursday,120,HEAD ON (NOT OVERTAKING),5,776574,Not at intersection,2,60,Local Road,PARK,YARRA RANGES,-37.916615,145.3636,2023,6,June,6,Morning Peak,Weekday
T20230015087,2023-06-29,10:04:00,1,Collision with vehicle,4,Thursday,130,REAR END(VEHICLES IN SAME LANE),1,776624,T intersection,3,70,Arterial Other,SYDNEY,MORELAND,-37.70461,144.9607,2023,6,June,10,Midday,Weekday
T20230015159,2023-06-29,16:50:00,1,Collision with vehicle,4,Thursday,120,HEAD ON (NOT OVERTAKING),2,778953,Not at intersection,3,80,Arterial Highway,GREAT OCEAN,COLAC OTWAY,-38.58716,143.93388,2023,6,June,16,Afternoon Peak,Weekday
T20230015137,2023-06-29,06:15:00,1,Collision with vehicle,4,Thursday,130,REAR END(VEHICLES IN SAME LANE),2,626,Cross intersection,3,70,Arterial Highway,SPRINGVALE,MONASH,-37.874386,145.16681,2023,6,June,6,Morning Peak,Weekday
T20230015599,2023-06-29,18:51:00,1,Collision with vehicle,4,Thursday,132,RIGHT REAR.,3,776917,Not at intersection,3,60,Arterial Other,WAVERLEY,MONASH,-37.88667,145.14514,2023,6,June,18,Afternoon Peak,Weekday
T20230015110,2023-06-29,16:30:00,6,Vehicle overturned (no collision),4,Thursday,170,OFF CARRIAGEWAY TO LEFT,1,239799,Multiple intersection,3,40,Arterial Highway,HODDLE,YARRA,-37.796196,144.99358,2023,6,June,16,Afternoon Peak,Weekday
T20230015111,2023-06-29,16:20:00,1,Collision with vehicle,4,Thursday,120,HEAD ON (NOT OVERTAKING),1,56602,T intersection,3,50,Arterial Other,CAMERON STREET -NARRE WARREN-CRANBOURNE,CASEY,-38.106586,145.29115,2023,6,June,16,Afternoon Peak,Weekday
T20230015116,2023-06-29,18:10:00,1,Collision with vehicle,4,Thursday,130,REAR END(VEHICLES IN SAME LANE),2,777787,Not at intersection,3,60,Arterial Other,MAIN,NILLUMBIK,-37.673904,145.14848,2023,6,June,18,Afternoon Peak,Weekday
T20230015117,2023-06-29,18:00:00,1,Collision with vehicle,4,Thursday,130,REAR END(VEHICLES IN SAME LANE),3,776635,Not at intersection,2,80,Arterial Other,WESTERN,MELTON,-37.760143,144.75018,2023,6,June,18,Afternoon Peak,Weekday
T20230015085,2023-06-29,12:35:00,1,Collision with vehicle,4,Thursday,163,VEHICLE STRIKES DOOR OF PARKED/STATIONARY VEHICLE,1,776531,Not at intersection,3,40,Local Road,CHAPEL,STONNINGTON,-37.851467,144.99342,2023,6,June,12,Midday,Weekday
T20230015122,2023-06-29,18:30:00,1,Collision with vehicle,4,Thursday,130,REAR END(VEHICLES IN SAME LANE),2,778290,Not at intersection,2,80,Freeway,WEST GATE,MELBOURNE,-37.82646,144.93037,2023,6,June,18,Afternoon Peak,Weekday
T20230015123,2023-06-29,17:22:00,8,No collision and no object struck,4,Thursday,184,OUT OF CONTROL ON CARRIAGEWAY (ON BEND),2,783284,Not at intersection,3,60,Local Road,POWER,MELBOURNE,-37.823353,144.96169,2023,6,June,17,Afternoon Peak,Weekday
T20230015125,2023-06-29,18:55:00,4,Collision with a fixed object,4,Thursday,171,LEFT OFF CARRIAGEWAY INTO OBJECT/PARKED VEHICLE,3,776630,Not at intersection,2,50,Local Road,MARTIN,DAREBIN,-37.76119,145.00316,2023,6,June,18,Afternoon Peak,Weekday
T20230015128,2023-06-29,18:45:00,4,Collision with a fixed object,4,Thursday,173,RIGHT OFF CARRIAGEWAY INTO OBJECT/PARKED VEHICLE,3,48399,T intersection,3,60,Arterial Other,ELONERA ROAD -JACKSONS,DANDENONG,-37.956455,145.19176,2023,6,June,18,Afternoon Peak,Weekday
T20230015071,2023-06-29,06:40:00,2,Struck Pedestrian,4,Thursday,100,PED NEAR SIDE. PED HIT BY VEHICLE FROM THE RIGHT.,3,776516,Not at intersection,1,50,Local Road,BROADMEADOWS,HUME,-37.700623,144.87999,2023,6,June,6,Morning Peak,Weekday
T20230015129,2023-06-29,17:54:00,1,Collision with vehicle,4,Thursday,130,REAR END(VEHICLES IN SAME LANE),3,42994,T intersection,3,60,Local Road,BENGA,DANDENONG,-37.9831,145.19934,2023,6,June,17,Afternoon Peak,Weekday
T20230015177,2023-06-29,13:15:00,1,Collision with vehicle,4,Thursday,130,REAR END(VEHICLES IN SAME LANE),9,776753,Not at intersection,3,70,Arterial Highway,DANDENONG,GLEN EIRA,-37.865902,145.0263,2023,6,June,13,Midday,Weekday
T20230015130,2023-06-29,17:15:00,2,Struck Pedestrian,4,Thursday,102,FAR SIDE. PED HIT BY VEHICLE FROM THE LEFT,3,777136,Not at intersection,2,50,Arterial Other,ELIZABETH,MELBOURNE,-37.800846,144.95714,2023,6,June,17,Afternoon Peak,Weekday
T20230016563,2023-06-29,07:10:00,1,Collision with vehicle,4,Thursday,113,RIGHT NEAR (INTERSECTIONS ONLY),1,44341,T intersection,3,60,Local Road,COTTRELL,WYNDHAM,-37.8974,144.66022,2023,6,June,7,Morning Peak,Weekday
T20230015131,2023-06-29,20:09:00,1,Collision with vehicle,4,Thursday,120,HEAD ON (NOT OVERTAKING),3,778086,Not at intersection,3,60,Local Road,GLADSTONE,DANDENONG,-37.97415,145.20406,2023,6,June,20,Night,Weekday
T20230015894,2023-06-29,16:10:00,1,Collision with vehicle,4,Thursday,110,CROSS TRAFFIC(INTERSECTIONS ONLY),1,235819,Cross intersection,3,50,Local Road,STURT,MACEDON RANGES,-37.246353,144.45863,2023,6,June,16,Afternoon Peak,Weekday
T20230015096,2023-06-29,13:14:00,1,Collision with vehicle,4,Thursday,134,LANE CHANGE RIGHT (NOT OVERTAKING),1,776947,Not at intersection,2,80,Arterial Other,PASCOE VALE,HUME,-37.64393,144.92918,2023,6,June,13,Midday,Weekday
T20230015101,2023-06-29,14:50:00,7,Fall from or in moving vehicle,4,Thursday,190,FELL IN/FROM VEHICLE,1,776598,Not at intersection,3,40,Local Road,SHUTER,MOONEE VALLEY,-37.767006,144.92079,2023,6,June,14,Midday,Weekday
T20230015103,2023-06-29,15:06:00,8,No collision and no object struck,4,Thursday,174,OUT OF CONTROL ON CARRIAGEWAY (ON STRAIGHT),1,783283,Not at intersection,3,60,Arterial Other,CENTRE,GLEN EIRA,-37.922615,145.07056,2023,6,June,15,Afternoon Peak,Weekday
T20230015180,2023-06-30,16:30:00,1,Collision with vehicle,5,Friday,121,RIGHT THROUGH,1,48397,T intersection,2,60,Arterial Other,SLADEN,CASEY,-38.11358,145.28722,2023,6,June,16,Afternoon Peak,Weekday
T20230015210,2023-06-30,05:00:00,1,Collision with vehicle,5,Friday,116,LEFT NEAR (INTERSECTIONS ONLY),3,796352,Cross intersection,2,60,Arterial Other,BARKERS,BOROONDARA,-37.81469,145.0368,2023,6,June,5,Morning Peak,Weekday
T20230015219,2023-06-30,12:09:00,1,Collision with vehicle,5,Friday,113,RIGHT NEAR (INTERSECTIONS ONLY),1,341432,T intersection,2,60,Arterial Other,MARINE,MORNINGTON PENINSULA,-38.304436,144.99463,2023,6,June,12,Midday,Weekday
T20230015220,2023-06-30,12:30:00,1,Collision with vehicle,5,Friday,121,RIGHT THROUGH,1,24034,Cross intersection,3,60,Arterial Highway,MAIN,EAST GIPPSLAND,-37.828777,147.6194,2023,6,June,12,Midday,Weekday
T20230016232,2023-06-30,18:40:00,1,Collision with vehicle,5,Friday,121,RIGHT THROUGH,3,359280,Cross intersection,3,60,Arterial Highway,NORTH,GLEN EIRA,-37.902256,145.02597,2023,6,June,18,Afternoon Peak,Weekday
T20230015150,2023-06-30,08:02:00,4,Collision with a fixed object,5,Friday,183,OFF LEFT BEND INTO OBJECT/PARKED VEHICLE,1,777141,Not at intersection,3,80,Local Road,WANGANDARY,WANGARATTA,-36.31375,146.21043,2023,6,June,8,Morning Peak,Weekday
T20230015931,2023-06-30,07:00:00,1,Collision with vehicle,5,Friday,130,REAR END(VEHICLES IN SAME LANE),2,777171,Not at intersection,3,80,Arterial Other,THOMPSONS,CASEY,-38.084213,145.29247,2023,6,June,7,Morning Peak,Weekday
T20230015994,2023-06-30,20:20:00,1,Collision with vehicle,5,Friday,110,CROSS TRAFFIC(INTERSECTIONS ONLY),3,777064,Cross intersection,2,50,Arterial Other,BARKLY,BALLARAT,-37.56612,143.86635,2023,6,June,20,Night,Weekday
T20230015151,2023-06-30,09:40:00,1,Collision with vehicle,5,Friday,130,REAR END(VEHICLES IN SAME LANE),1,348283,Not at intersection,3,100,Freeway,WESTERN RING,BRIMBANK,-37.726517,144.86154,2023,6,June,9,Morning Peak,Weekday
T20230015716,2023-06-30,17:40:00,2,Struck Pedestrian,5,Friday,100,PED NEAR SIDE. PED HIT BY VEHICLE FROM THE RIGHT.,2,777972,Not at intersection,3,50,Local Road,THISTLE,BENDIGO,-36.765366,144.26517,2023,6,June,17,Afternoon Peak,Weekday
T20230015173,2023-06-30,06:30:00,2,Struck Pedestrian,5,Friday,102,FAR SIDE. PED HIT BY VEHICLE FROM THE LEFT,3,852,T intersection,3,30,Arterial Other,CHANDLER,DANDENONG,-37.97359,145.18585,2023,6,June,6,Morning Peak,Weekday
T20230015171,2023-06-30,06:50:00,1,Collision with vehicle,5,Friday,120,HEAD ON (NOT OVERTAKING),2,794884,Not at intersection,3,60,Local Road,EVANS,CASEY,-38.09302,145.25563,2023,6,June,6,Morning Peak,Weekday
T20230015168,2023-06-30,10:07:00,1,Collision with vehicle,5,Friday,116,LEFT NEAR (INTERSECTIONS ONLY),1,659591,Cross intersection,3,80,Arterial Highway,DANDENONG-HASTINGS ROAD -THOMPSONS,DANDENONG,-38.077637,145.2392,2023,6,June,10,Midday,Weekday
T20230015765,2023-06-30,11:15:00,1,Collision with vehicle,5,Friday,130,REAR END(VEHICLES IN SAME LANE),1,35970,Cross intersection,2,60,Local Road,BUDDS,MORELAND,-37.745472,144.97015,2023,6,June,11,Midday,Weekday
T20230015206,2023-06-30,22:36:00,1,Collision with vehicle,5,Friday,160,VEHICLE COLLIDES WITH VEHICLE PARKED ON LEFT OF ROAD,3,795888,Not at intersection,2,60,Arterial Other,ORRONG,STONNINGTON,-37.84319,145.01353,2023,6,June,22,Night,Weekday
T20230017664,2023-06-30,09:00:00,1,Collision with vehicle,5,Friday,130,REAR END(VEHICLES IN SAME LANE),9,912,Cross intersection,3,60,Arterial Other,SEAFORD,FRANKSTON,-38.110058,145.14236,2023,6,June,9,Morning Peak,Weekday
T20230015541,2023-06-30,15:40:00,1,Collision with vehicle,5,Friday,130,REAR END(VEHICLES IN SAME LANE),1,794888,Not at intersection,3,60,Arterial Other,CANTERBURY,WHITEHORSE,-37.82933,145.12704,2023,6,June,15,Afternoon Peak,Weekday
T20230016440,2023-06-30,08:30:00,1,Collision with vehicle,5,Friday,113,RIGHT NEAR (INTERSECTIONS ONLY),2,780436,T intersection,3,30,Arterial Other,ALBERT,DAREBIN,-37.75296,145.02086,2023,6,June,8,Morning Peak,Weekday
T20230015163,2023-06-30,12:31:00,1,Collision with vehicle,5,Friday,111,RIGHT FAR (INTERSECTIONS ONLY),1,50761,Cross intersection,2,30,Local Road,GILLES,WARRNAMBOOL,-38.384937,142.4812,2023,6,June,12,Midday,Weekday
T20230015140,2023-06-30,05:35:00,1,Collision with vehicle,5,Friday,110,CROSS TRAFFIC(INTERSECTIONS ONLY),3,776629,Cross intersection,2,80,Arterial Other,CENTRE,DANDENONG,-37.93313,145.1559,2023,6,June,5,Morning Peak,Weekday
T20230016413,2023-06-30,07:30:00,1,Collision with vehicle,5,Friday,130,REAR END(VEHICLES IN SAME LANE),2,777223,Not at intersection,3,100,Freeway,WESTERN RING,BRIMBANK,-37.746395,144.83867,2023,6,June,7,Morning Peak,Weekday
T20230015142,2023-06-30,07:59:00,4,Collision with a fixed object,5,Friday,171,LEFT OFF CARRIAGEWAY INTO OBJECT/PARKED VEHICLE,1,783272,Not at intersection,3,80,Arterial Highway,SOUTH GIPPSLAND,CASEY,-38.047382,145.25531,2023,6,June,7,Morning Peak,Weekday
T20230015238,2023-06-30,17:45:00,4,Collision with a fixed object,5,Friday,183,OFF LEFT BEND INTO OBJECT/PARKED VEHICLE,5,783713,Not at intersection,3,100,Arterial Other,SEYMOUR-TOOBORAC,MITCHELL,-37.015495,144.82063,2023,6,June,17,Afternoon Peak,Weekday
T20230015239,2023-06-30,12:00:00,2,Struck Pedestrian,5,Friday,100,PED NEAR SIDE. PED HIT BY VEHICLE FROM THE RIGHT.,1,41620,T intersection,3,50,Arterial Other,HUNTINGDALE,MONASH,-37.91007,145.10368,2023,6,June,12,Midday,Weekday
T20230029746,2023-06-30,11:45:00,1,Collision with vehicle,5,Friday,130,REAR END(VEHICLES IN SAME LANE),1,29904,Not at intersection,3,80,Freeway,BURNLEY TUNNEL -WEST GATE,MELBOURNE,-37.827213,144.9629,2023,6,June,11,Midday,Weekday
T20230018124,2023-06-30,12:30:00,1,Collision with vehicle,5,Friday,149,OTHER MANOEUVRING NOT INCLUDED IN DCAs 140-148,1,778554,Not at intersection,3,80,Arterial Highway,SPRINGVALE,MONASH,-37.8764,145.16644,2023,6,June,12,Midday,Weekday
T20230015189,2023-06-30,19:25:00,1,Collision with vehicle,5,Friday,120,HEAD ON (NOT OVERTAKING),3,57858,Y intersection,3,80,Local Road,CARDINIA,CARDINIA,-38.117027,145.42593,2023,6,June,19,Night,Weekday
T20230017360,2023-06-30,09:00:00,1,Collision with vehicle,5,Friday,121,RIGHT THROUGH,1,47356,T intersection,3,60,Local Road,HUME,BRIMBANK,-37.70973,144.76813,2023,6,June,9,Morning Peak,Weekday
T20230016350,2023-07-01,05:45:00,1,Collision with vehicle,6,Saturday,110,CROSS TRAFFIC(INTERSECTIONS ONLY),3,38709,Cross intersection,2,60,Arterial Other,BALLARAT,MARIBYRNONG,-37.791183,144.8895,2023,7,July,5,Morning Peak,Weekend
T20230015269,2023-07-01,18:57:00,1,Collision with vehicle,6,Saturday,130,REAR END(VEHICLES IN SAME LANE),3,697220,Not at intersection,3,80,Freeway,WEST GATE,MELBOURNE,-37.829746,144.91928,2023,7,July,18,Afternoon Peak,Weekend
T20230019826,2023-07-01,14:30:00,4,Collision with a fixed object,6,Saturday,179,OTHER ACCIDENTS-OFF STRAIGHT NOT INCLUDED IN DCAs 170-175,1,779582,Not at intersection,3,80,Local Road,STANS,BENALLA,-36.85852,145.92157,2023,7,July,14,Midday,Weekend
T20230015272,2023-07-01,23:26:00,1,Collision with vehicle,6,Saturday,111,RIGHT FAR (INTERSECTIONS ONLY),3,794886,Cross intersection,3,60,Arterial Other,COBURNS,MELTON,-37.687508,144.56757,2023,7,July,23,Night,Weekend
T20230016893,2023-07-01,19:32:00,1,Collision with vehicle,6,Saturday,163,VEHICLE STRIKES DOOR OF PARKED/STATIONARY VEHICLE,3,779424,Not at intersection,3,60,Arterial Other,CROCKFORD,PORT PHILLIP,-37.834618,144.94728,2023,7,July,19,Night,Weekend
T20230015234,2023-07-01,11:23:00,4,Collision with a fixed object,6,Saturday,171,LEFT OFF CARRIAGEWAY INTO OBJECT/PARKED VEHICLE,1,787085,Not at intersection,3,60,Arterial Other,BELGRAVE-HALLAM,YARRA RANGES,-37.924896,145.35884,2023,7,July,11,Midday,Weekend
T20230015236,2023-07-01,12:30:00,1,Collision with vehicle,6,Saturday,130,REAR END(VEHICLES IN SAME LANE),1,778896,Not at intersection,3,40,Arterial Highway,MAROONDAH,MAROONDAH,-37.815186,145.22942,2023,7,July,12,Midday,Weekend
T20230015268,2023-07-01,20:13:00,2,Struck Pedestrian,6,Saturday,102,FAR SIDE. PED HIT BY VEHICLE FROM THE LEFT,3,776581,Not at intersection,1,60,Local Road,ALBERT,BAW BAW,-38.161488,145.94057,2023,7,July,20,Night,Weekend
T20230015278,2023-07-01,23:30:00,4,Collision with a fixed object,6,Saturday,181,OFF RIGHT BEND INTO OBJECT/PARKED VEHICLE,3,787359,Not at intersection,2,60,Arterial Highway,COMMERCIAL,WELLINGTON,-38.55603,146.67789,2023,7,July,23,Night,Weekend
T20230016005,2023-07-01,13:05:00,1,Collision with vehicle,6,Saturday,131,LEFT REAR,1,794890,Cross intersection,3,60,Local Road,SNEYDES,WYNDHAM,-37.89647,144.6754,2023,7,July,13,Midday,Weekend
T20230015328,2023-07-01,19:30:00,2,Struck Pedestrian,6,Saturday,102,FAR SIDE. PED HIT BY VEHICLE FROM THE LEFT,3,777018,Not at intersection,2,60,Local Road,GLADSTONE,DANDENONG,-37.970837,145.20467,2023,7,July,19,Night,Weekend
T20230015267,2023-07-01,19:15:00,4,Collision with a fixed object,6,Saturday,173,RIGHT OFF CARRIAGEWAY INTO OBJECT/PARKED VEHICLE,3,778238,Not at intersection,3,60,Arterial Other,MOUNT DANDENONG TOURIST ROAD SERVICE,YARRA RANGES,-37.865883,145.35263,2023,7,July,19,Night,Weekend
T20230015242,2023-07-01,06:10:00,3,Struck animal,6,Saturday,167,STRUCK ANIMAL,5,776580,Not at intersection,1,100,Arterial Other,HENDY MAIN,SURF COAST,-38.26374,144.17125,2023,7,July,6,Morning Peak,Weekend
T20230016303,2023-07-01,23:20:00,1,Collision with vehicle,6,Saturday,121,RIGHT THROUGH,3,779227,T intersection,2,70,Arterial Other,KINGS,BRIMBANK,-37.701145,144.78014,2023,7,July,23,Night,Weekend
T20230015265,2023-07-01,17:55:00,2,Struck Pedestrian,6,Saturday,103,PED PLAYING/LYING/WORKING/STANDING ON CARRIAGEWAY.,3,788502,Not at intersection,3,40,Local Road,NINTH,MILDURA,-34.179707,142.15268,2023,7,July,17,Afternoon Peak,Weekend
T20230015376,2023-07-01,16:00:00,2,Struck Pedestrian,6,Saturday,108,PED STRUCK WALKING TO/FROM OR BOARDING/ALIGHTING VEHICLE.,2,777242,Not at intersection,3,40,Local Road,GRAY,YARRA RANGES,-37.78876,145.32773,2023,7,July,16,Afternoon Peak,Weekend
T20230015382,2023-07-01,18:30:00,1,Collision with vehicle,6,Saturday,121,RIGHT THROUGH,2,35468,T intersection,3,60,Arterial Other,MIDDLEBOROUGH,WHITEHORSE,-37.825924,145.13715,2023,7,July,18,Afternoon Peak,Weekend
T20230015482,2023-07-01,10:30:00,7,Fall from or in moving vehicle,6,Saturday,190,FELL IN/FROM VEHICLE,1,778282,Not at intersection,2,100,Local Road,REES,HORSHAM,-37.100018,142.04517,2023,7,July,10,Midday,Weekend
T20230015440,2023-07-01,17:08:00,1,Collision with vehicle,6,Saturday,119,OTHER ADJACENT (INTERSECTIONS ONLY),2,50530,Cross intersection,3,50,Arterial Highway,BELL STREET -MARTIN,SOUTHERN GRAMPIANS,-37.875217,142.29027,2023,7,July,17,Afternoon Peak,Weekend
T20230015275,2023-07-01,20:53:00,4,Collision with a fixed object,6,Saturday,171,LEFT OFF CARRIAGEWAY INTO OBJECT/PARKED VEHICLE,3,778089,Not at intersection,3,60,Arterial Other,NAR NAR GOON-LONGWARRY,CARDINIA,-38.085003,145.62425,2023,7,July,20,Night,Weekend
T20230017557,2023-07-01,11:35:00,1,Collision with vehicle,6,Saturday,130,REAR END(VEHICLES IN SAME LANE),1,350211,Cross intersection,3,80,Arterial Highway,DANDENONG,MONASH,-37.911423,145.1223,2023,7,July,11,Midday,Weekend
T20230015274,2023-07-01,21:04:00,1,Collision with vehicle,6,Saturday,130,REAR END(VEHICLES IN SAME LANE),3,777101,Not at intersection,3,80,Arterial Other,MICKLEHAM,HUME,-37.684155,144.88315,2023,7,July,21,Night,Weekend
T20230017732,2023-07-01,18:35:00,1,Collision with vehicle,6,Saturday,130,REAR END(VEHICLES IN SAME LANE),3,128784,Not at intersection,3,60,Arterial Other,PRINCES,MELBOURNE,-37.79282,144.97362,2023,7,July,18,Afternoon Peak,Weekend
T20230015231,2023-07-01,12:37:00,1,Collision with vehicle,6,Saturday,130,REAR END(VEHICLES IN SAME LANE),1,41201,Cross intersection,2,50,Arterial Other,NORTH,BAYSIDE,-37.89936,145.00272,2023,7,July,12,Midday,Weekend
T20230015244,2023-07-01,14:09:00,1,Collision with vehicle,6,Saturday,110,CROSS TRAFFIC(INTERSECTIONS ONLY),1,48598,Cross intersection,3,60,Arterial Other,RYANS,NILLUMBIK,-37.68677,145.14294,2023,7,July,14,Midday,Weekend
T20230015245,2023-07-01,14:35:00,1,Collision with vehicle,6,Saturday,121,RIGHT THROUGH,1,39287,T intersection,3,60,Arterial Other,ELGAR,WHITEHORSE,-37.79922,145.11826,2023,7,July,14,Midday,Weekend
T20230015255,2023-07-01,18:10:00,1,Collision with vehicle,6,Saturday,135,LANE CHANGE LEFT (NOT OVERTAKING),2,777588,Not at intersection,3,100,Freeway,PRINCES,CASEY,-38.06106,145.3693,2023,7,July,18,Afternoon Peak,Weekend
T20230015232,2023-07-01,11:55:00,1,Collision with vehicle,6,Saturday,120,HEAD ON (NOT OVERTAKING),1,776820,Not at intersection,3,60,Arterial Other,MIDDLEBOROUGH,WHITEHORSE,-37.81794,145.13896,2023,7,July,11,Midday,Weekend
T20230015224,2023-07-01,06:05:00,4,Collision with a fixed object,6,Saturday,171,LEFT OFF CARRIAGEWAY INTO OBJECT/PARKED VEHICLE,5,777140,Not at intersection,3,100,Arterial Highway,SOUTH GIPPSLAND,CASEY,-38.16696,145.32594,2023,7,July,6,Morning Peak,Weekend
T20230015273,2023-07-01,20:15:00,2,Struck Pedestrian,6,Saturday,100,PED NEAR SIDE. PED HIT BY VEHICLE FROM THE RIGHT.,3,776609,Not at intersection,3,50,Local Road,KATUNGA,HUME,-37.67646,144.91382,2023,7,July,20,Night,Weekend
T20230029465,2023-07-01,11:00:00,1,Collision with vehicle,6,Saturday,130,REAR END(VEHICLES IN SAME LANE),1,118546,Cross intersection,3,60,Arterial Other,FLEMINGTON,MELBOURNE,-37.78931,144.94205,2023,7,July,11,Midday,Weekend
T20230015237,2023-07-01,13:57:00,1,Collision with vehicle,6,Saturday,111,RIGHT FAR (INTERSECTIONS ONLY),1,255810,Cross intersection,3,60,Arterial Other,MAIN NEERIM,BAW BAW,-38.11856,145.84654,2023,7,July,13,Midday,Weekend
T20230015326,2023-07-02,17:53:00,1,Collision with vehicle,7,Sunday,163,VEHICLE STRIKES DOOR OF PARKED/STATIONARY VEHICLE,3,776610,T intersection,2,40,Local Road,CHAPEL,STONNINGTON,-37.84113,144.99529,2023,7,July,17,Afternoon Peak,Weekend
T20230015320,2023-07-02,13:45:00,1,Collision with vehicle,7,Sunday,121,RIGHT THROUGH,1,39718,T intersection,3,70,Arterial Other,MT DANDENONG,MAROONDAH,-37.800556,145.26346,2023,7,July,13,Midday,Weekend
T20230015309,2023-07-02,11:15:00,6,Vehicle overturned (no collision),7,Sunday,170,OFF CARRIAGEWAY TO LEFT,1,778090,Not at intersection,2,100,Arterial Other,RUSHWORTH-TATURA,SHEPPARTON,-36.481472,145.14084,2023,7,July,11,Midday,Weekend
T20230015308,2023-07-02,10:30:00,1,Collision with vehicle,7,Sunday,110,CROSS TRAFFIC(INTERSECTIONS ONLY),1,35942,Cross intersection,2,60,Arterial Other,MORELAND,MORELAND,-37.75568,144.96599,2023,7,July,10,Midday,Weekend
T20230015306,2023-07-02,11:35:00,1,Collision with vehicle,7,Sunday,130,REAR END(VEHICLES IN SAME LANE),1,777056,Not at intersection,3,80,Freeway,WEST GATE,MELBOURNE,-37.830524,144.91771,2023,7,July,11,Midday,Weekend
T20230015305,2023-07-02,10:09:00,1,Collision with vehicle,7,Sunday,113,RIGHT NEAR (INTERSECTIONS ONLY),1,776694,T intersection,2,70,Arterial Other,MORNINGTON-TYABB,MORNINGTON PENINSULA,-38.23773,145.06186,2023,7,July,10,Midday,Weekend
T20230015302,2023-07-02,10:50:00,1,Collision with vehicle,7,Sunday,130,REAR END(VEHICLES IN SAME LANE),1,794887,Not at intersection,3,80,Local Road,YAN YEAN,NILLUMBIK,-37.573154,145.14394,2023,7,July,10,Midday,Weekend
T20230015467,2023-07-02,12:00:00,3,Struck animal,7,Sunday,167,STRUCK ANIMAL,1,777243,Not at intersection,3,100,Local Road,STONEY CREEK,WELLINGTON,-37.962147,146.62685,2023,7,July,12,Midday,Weekend
T20230017056,2023-07-02,00:30:00,1,Collision with vehicle,7,Sunday,133,LANE SIDE SWIPE (VEHICLES IN PARALLEL LANES),3,777808,Not at intersection,3,60,Arterial Other,POWER,BOROONDARA,-37.81862,145.02693,2023,7,July,0,Late Night,Weekend
T20230016643,2023-07-02,18:15:00,1,Collision with vehicle,7,Sunday,130,REAR END(VEHICLES IN SAME LANE),2,234963,Cross intersection,3,80,Arterial Other,THOMPSONS,CASEY,-38.08313,145.2832,2023,7,July,18,Afternoon Peak,Weekend
T20230016967,2023-07-02,00:31:00,1,Collision with vehicle,7,Sunday,130,REAR END(VEHICLES IN SAME LANE),3,91659,T intersection,3,80,Freeway,TOORAK,STONNINGTON,-37.844692,145.03905,2023,7,July,0,Late Night,Weekend
T20230017003,2023-07-02,12:45:00,6,Vehicle overturned (no collision),7,Sunday,174,OUT OF CONTROL ON CARRIAGEWAY (ON STRAIGHT),1,794895,Cross intersection,3,40,Arterial Other,WELLINGTON,MELBOURNE,-37.816086,144.98251,2023,7,July,12,Midday,Weekend
T20230015347,2023-07-02,23:00:00,1,Collision with vehicle,7,Sunday,111,RIGHT FAR (INTERSECTIONS ONLY),3,29784,Cross intersection,2,80,Arterial Other,PASCOE VALE,HUME,-37.640507,144.92879,2023,7,July,23,Night,Weekend
T20230015346,2023-07-02,22:30:00,1,Collision with vehicle,7,Sunday,120,HEAD ON (NOT OVERTAKING),3,779572,Not at intersection,2,60,Arterial Other,VINEYARD,MELTON,-37.616234,144.70645,2023,7,July,22,Night,Weekend