ACCIDENT_NO,ACCIDENT_DATE,ACCIDENT_TIME,ACCIDENT_TYPE,ACCIDENT_TYPE_DESC,DAY_OF_WEEK,DAY_WEEK_DESC,DCA_CODE,DCA_DESC,LIGHT_CONDITION,NODE_ID,ROAD_GEOMETRY_DESC,SEVERITY,SPEED_ZONE,RMA,ROAD_NAME,LGA_NAME,LATITUDE,LONGITUDE,YEAR,MONTH,MONTH_NAME,HOUR,TIME_PERIOD,DAY_TYPE
T20230015344,2023-07-02,23:09:00,4,Collision with a fixed object,7,Sunday,171,LEFT OFF CARRIAGEWAY INTO OBJECT/PARKED VEHICLE,5,776770,Not at intersection,2,80,Local Road,DOHERTYS,WYNDHAM,-37.814056,144.64368,2023,7,July,23,Night,Weekend
T20230015343,2023-07-02,18:10:00,4,Collision with a fixed object,7,Sunday,181,OFF RIGHT BEND INTO OBJECT/PARKED VEHICLE,2,787389,Not at intersection,2,100,Arterial Highway,GREAT ALPINE,ALPINE,-36.91357,147.05408,2023,7,July,18,Afternoon Peak,Weekend
T20230016787,2023-07-02,14:00:00,1,Collision with vehicle,7,Sunday,160,VEHICLE COLLIDES WITH VEHICLE PARKED ON LEFT OF ROAD,1,795974,Not at intersection,2,50,Local Road,BRANDON PARK,MONASH,-37.92048,145.18118,2023,7,July,14,Midday,Weekend
T20230015340,2023-07-02,20:00:00,4,Collision with a fixed object,7,Sunday,175,OFF END OF ROAD/T-INTERSECTION.,3,751157,T intersection,3,50,Arterial Highway,SOUTH GIPPSLAND,CASEY,-38.069202,145.2681,2023,7,July,20,Night,Weekend
T20230015339,2023-07-02,22:40:00,2,Struck Pedestrian,7,Sunday,102,FAR SIDE. PED HIT BY VEHICLE FROM THE LEFT,3,776754,Not at intersection,3,50,Local Road,MANOR HOUSE,WHITTLESEA,-37.632164,145.01472,2023,7,July,22,Night,Weekend
T20230015338,2023-07-02,17:59:00,1,Collision with vehicle,7,Sunday,169,OTHER ON PATH,3,779225,Not at intersection,3,50,Local Road,CHESTER,YARRA RANGES,-37.74243,145.34122,2023,7,July,17,Afternoon Peak,Weekend
T20230015337,2023-07-02,21:00:00,4,Collision with a fixed object,7,Sunday,171,LEFT OFF CARRIAGEWAY INTO OBJECT/PARKED VEHICLE,5,795439,Not at intersection,3,100,Arterial Highway,SOUTH GIPPSLAND,SOUTH GIPPSLAND,-38.57885,146.04189,2023,7,July,21,Night,Weekend
T20230015334,2023-07-02,18:41:00,2,Struck Pedestrian,7,Sunday,105,PED WALKING AGAINST TRAFFIC.,2,787122,Not at intersection,2,60,Arterial Highway,BELL,DAREBIN,-37.745663,145.0064,2023,7,July,18,Afternoon Peak,Weekend
T20230015289,2023-07-02,03:50:00,1,Collision with vehicle,7,Sunday,133,LANE SIDE SWIPE (VEHICLES IN PARALLEL LANES),5,788188,Not at intersection,3,50,Local Road,HILLMARTIN,NILLUMBIK,-37.662563,145.13771,2023,7,July,3,Late Night,Weekend
T20230015288,2023-07-02,03:40:00,1,Collision with vehicle,7,Sunday,120,HEAD ON (NOT OVERTAKING),5,791003,Not at intersection,3,50,Local Road,CLYDE,NILLUMBIK,-37.670753,145.14693,2023,7,July,3,Late Night,Weekend
T20230015286,2023-07-02,02:55:00,4,Collision with a fixed object,7,Sunday,175,OFF END OF ROAD/T-INTERSECTION.,3,71373,T intersection,2,80,Arterial Other,BENGWORDEN,WELLINGTON,-38.06999,147.08969,2023,7,July,2,Late Night,Weekend
T20230015282,2023-07-02,00:30:00,1,Collision with vehicle,7,Sunday,130,REAR END(VEHICLES IN SAME LANE),3,49240,Cross intersection,2,60,Arterial Other,STURT,BALLARAT,-37.559856,143.83902,2023,7,July,0,Late Night,Weekend
T20230015726,2023-07-02,13:55:00,1,Collision with vehicle,7,Sunday,116,LEFT NEAR (INTERSECTIONS ONLY),1,782608,T intersection,3,60,Arterial Highway,SETTLEMENT,GEELONG,-38.180214,144.35081,2023,7,July,13,Midday,Weekend
T20230015803,2023-07-02,02:48:00,1,Collision with vehicle,7,Sunday,110,CROSS TRAFFIC(INTERSECTIONS ONLY),3,29380,Cross intersection,3,40,Local Road,ARDEN,MELBOURNE,-37.80114,144.95146,2023,7,July,2,Late Night,Weekend
T20230015327,2023-07-02,18:15:00,1,Collision with vehicle,7,Sunday,110,CROSS TRAFFIC(INTERSECTIONS ONLY),3,55175,Cross intersection,3,60,Arterial Other,HIGH,MITCHELL,-37.205444,145.04541,2023,7,July,18,Afternoon Peak,Weekend
T20230015614,2023-07-02,18:40:00,1,Collision with vehicle,7,Sunday,130,REAR END(VEHICLES IN SAME LANE),2,54497,T intersection,3,60,Arterial Highway,MCKILLOP,GEELONG,-38.151993,144.35289,2023,7,July,18,Afternoon Peak,Weekend
T20230016362,2023-07-03,16:00:00,1,Collision with vehicle,1,Monday,116,LEFT NEAR (INTERSECTIONS ONLY),2,247346,T intersection,3,60,Local Road,MITCHELL,MORNINGTON PENINSULA,-38.231674,145.03923,2023,7,July,16,Afternoon Peak,Weekday
T20230015592,2023-07-03,17:50:00,1,Collision with vehicle,1,Monday,130,REAR END(VEHICLES IN SAME LANE),2,776806,Not at intersection,3,40,Local Road,LYGON,YARRA,-37.782104,144.9701,2023,7,July,17,Afternoon Peak,Weekday
T20230017217,2023-07-03,02:56:00,2,Struck Pedestrian,1,Monday,108,PED STRUCK WALKING TO/FROM OR BOARDING/ALIGHTING VEHICLE.,3,798534,Not at intersection,2,40,Local Road,SMITH,YARRA,-37.806183,144.98303,2023,7,July,2,Late Night,Weekday
T20230015483,2023-07-03,13:50:00,1,Collision with vehicle,1,Monday,121,RIGHT THROUGH,1,36249,T intersection,2,80,Arterial Other,CRANBOURNE-FRANKSTON,FRANKSTON,-38.149254,145.1967,2023,7,July,13,Midday,Weekday
T20230015478,2023-07-03,20:40:00,1,Collision with vehicle,1,Monday,121,RIGHT THROUGH,5,776686,Not at intersection,1,100,Arterial Other,BORUNG,BULOKE,-36.332348,142.99081,2023,7,July,20,Night,Weekday
T20230015426,2023-07-03,00:30:00,4,Collision with a fixed object,1,Monday,173,RIGHT OFF CARRIAGEWAY INTO OBJECT/PARKED VEHICLE,5,776675,Not at intersection,2,100,Arterial Other,LYELL,BENDIGO,-37.000458,144.50165,2023,7,July,0,Late Night,Weekday
T20230015459,2023-07-03,16:17:00,1,Collision with vehicle,1,Monday,113,RIGHT NEAR (INTERSECTIONS ONLY),1,141759,T intersection,3,80,Arterial Other,HEATHERTON,DANDENONG,-37.96792,145.1975,2023,7,July,16,Afternoon Peak,Weekday
T20230015421,2023-07-03,20:35:00,7,Fall from or in moving vehicle,1,Monday,190,FELL IN/FROM VEHICLE,3,776755,Not at intersection,3,60,Local Road,HAZEL,BAW BAW,-38.167,145.95267,2023,7,July,20,Night,Weekday
T20230015398,2023-07-03,17:19:00,1,Collision with vehicle,1,Monday,130,REAR END(VEHICLES IN SAME LANE),2,54737,T intersection,3,60,Arterial Other,ARNOLD,BENDIGO,-36.74582,144.2769,2023,7,July,17,Afternoon Peak,Weekday
T20230015392,2023-07-03,17:00:00,2,Struck Pedestrian,1,Monday,102,FAR SIDE. PED HIT BY VEHICLE FROM THE LEFT,1,43719,T intersection,2,60,Local Road,COBURNS,MELTON,-37.677853,144.56946,2023,7,July,17,Afternoon Peak,Weekday
T20230015725,2023-07-03,16:50:00,1,Collision with vehicle,1,Monday,130,REAR END(VEHICLES IN SAME LANE),2,776925,T intersection,3,50,Local Road,KIRKHAM,HUME,-37.63819,144.90915,2023,7,July,16,Afternoon Peak,Weekday
T20230017675,2023-07-03,03:00:00,1,Collision with vehicle,1,Monday,134,LANE CHANGE RIGHT (NOT OVERTAKING),3,787144,Not at intersection,3,60,Local Road,KINGS,MELBOURNE,-37.826485,144.96127,2023,7,July,3,Late Night,Weekday
T20230015407,2023-07-03,18:00:00,1,Collision with vehicle,1,Monday,137,LEFT TURN SIDESWIPE,2,47091,T intersection,3,60,Arterial Other,TOORONGA,BOROONDARA,-37.838192,145.04628,2023,7,July,18,Afternoon Peak,Weekday
T20230015477,2023-07-03,12:10:00,1,Collision with vehicle,1,Monday,121,RIGHT THROUGH,1,29949,Cross intersection,3,60,Arterial Other,FYANS,GEELONG,-38.160984,144.35162,2023,7,July,12,Midday,Weekday
T20230015423,2023-07-03,21:07:00,4,Collision with a fixed object,1,Monday,171,LEFT OFF CARRIAGEWAY INTO OBJECT/PARKED VEHICLE,3,794812,Not at intersection,2,50,Arterial Other,WERRIBEE MAIN,WYNDHAM,-37.90496,144.65742,2023,7,July,21,Night,Weekday
T20230016141,2023-07-03,07:10:00,3,Struck animal,1,Monday,167,STRUCK ANIMAL,1,777137,Not at intersection,3,60,Arterial Other,MONBULK,YARRA RANGES,-37.8958,145.36136,2023,7,July,7,Morning Peak,Weekday
T20230015532,2023-07-03,16:30:00,1,Collision with vehicle,1,Monday,130,REAR END(VEHICLES IN SAME LANE),2,776761,Not at intersection,3,60,Local Road,FINDON,WHITTLESEA,-37.644573,145.06287,2023,7,July,16,Afternoon Peak,Weekday
T20230015430,2023-07-03,08:30:00,1,Collision with vehicle,1,Monday,130,REAR END(VEHICLES IN SAME LANE),2,783091,Not at intersection,3,60,Arterial Other,SYDNEY,MORELAND,-37.7313,144.96419,2023,7,July,8,Morning Peak,Weekday
T20230015560,2023-07-03,10:30:00,8,No collision and no object struck,1,Monday,170,OFF CARRIAGEWAY TO LEFT,1,777079,Not at intersection,2,100,Arterial Highway,MURRAY VALLEY,SWAN HILL,-35.386562,143.56773,2023,7,July,10,Midday,Weekday
T20230016878,2023-07-03,07:20:00,1,Collision with vehicle,1,Monday,130,REAR END(VEHICLES IN SAME LANE),2,777564,T intersection,3,60,Arterial Other,MILLEARA,MOONEE VALLEY,-37.74296,144.86331,2023,7,July,7,Morning Peak,Weekday
T20230015444,2023-07-03,10:00:00,1,Collision with vehicle,1,Monday,132,RIGHT REAR.,1,41865,T intersection,3,80,Arterial Other,HIGH STREET,KNOX,-37.876923,145.22491,2023,7,July,10,Midday,Weekday
T20230015420,2023-07-03,04:10:00,1,Collision with vehicle,1,Monday,121,RIGHT THROUGH,3,776719,Cross intersection,2,60,Local Road,STATION,GEELONG,-38.075428,144.36888,2023,7,July,4,Late Night,Weekday
T20230015418,2023-07-03,17:30:00,1,Collision with vehicle,1,Monday,120,HEAD ON (NOT OVERTAKING),2,778539,Not at intersection,2,100,Arterial Other,BALLARAT-MARYBOROUGH,BALLARAT,-37.368717,143.80672,2023,7,July,17,Afternoon Peak,Weekday
T20230015415,2023-07-03,21:08:00,2,Struck Pedestrian,1,Monday,100,PED NEAR SIDE. PED HIT BY VEHICLE FROM THE RIGHT.,3,37405,Cross intersection,2,50,Local Road,BRIDGE,PORT PHILLIP,-37.834415,144.94058,2023,7,July,21,Night,Weekday
T20230015413,2023-07-03,17:34:00,1,Collision with vehicle,1,Monday,139,OTHER SAME DIRECTION-MANOUEVRES NOT INCLUDED IN DCAs 130-137,3,776644,T intersection,1,60,Local Road,DARLING,STONNINGTON,-37.87433,145.05986,2023,7,July,17,Afternoon Peak,Weekday
T20230015412,2023-07-03,19:33:00,1,Collision with vehicle,1,Monday,110,CROSS TRAFFIC(INTERSECTIONS ONLY),5,690196,Cross intersection,2,100,Arterial Highway,SOUTH GIPPSLAND,CASEY,-38.213722,145.41464,2023,7,July,19,Night,Weekday
T20230015411,2023-07-03,15:30:00,4,Collision with a fixed object,1,Monday,181,OFF RIGHT BEND INTO OBJECT/PARKED VEHICLE,1,786017,Not at intersection,3,80,Arterial Other,WARBURTON-WOODS POINT,YARRA RANGES,-37.576374,145.908,2023,7,July,15,Afternoon Peak,Weekday
T20230017021,2023-07-03,15:35:00,1,Collision with vehicle,1,Monday,121,RIGHT THROUGH,1,995,Cross intersection,3,50,Local Road,EVANS,HUME,-37.582016,144.72768,2023,7,July,15,Afternoon Peak,Weekday
T20230015408,2023-07-03,17:45:00,1,Collision with vehicle,1,Monday,120,HEAD ON (NOT OVERTAKING),2,777557,Not at intersection,2,60,Arterial Other,MAIN,NILLUMBIK,-37.72982,145.1451,2023,7,July,17,Afternoon Peak,Weekday
T20230015404,2023-07-03,17:36:00,1,Collision with vehicle,1,Monday,130,REAR END(VEHICLES IN SAME LANE),3,580288,T intersection,3,60,Arterial Other,DORSET,MAROONDAH,-37.79057,145.29163,2023,7,July,17,Afternoon Peak,Weekday
T20230015402,2023-07-03,18:26:00,1,Collision with vehicle,1,Monday,130,REAR END(VEHICLES IN SAME LANE),3,795055,Not at intersection,2,60,Local Road,LEAKES,WYNDHAM,-37.83225,144.67448,2023,7,July,18,Afternoon Peak,Weekday
T20230015400,2023-07-03,18:20:00,1,Collision with vehicle,1,Monday,130,REAR END(VEHICLES IN SAME LANE),2,777069,Not at intersection,3,80,Arterial Highway,SOUTH GIPPSLAND,CASEY,-38.087254,145.27853,2023,7,July,18,Afternoon Peak,Weekday
T20230015389,2023-07-03,15:20:00,1,Collision with vehicle,1,Monday,133,LANE SIDE SWIPE (VEHICLES IN PARALLEL LANES),1,778091,Not at intersection,2,50,Local Road,JAMES COOK,CASEY,-37.987095,145.27179,2023,7,July,15,Afternoon Peak,Weekday
T20230015388,2023-07-03,01:00:00,3,Struck animal,1,Monday,167,STRUCK ANIMAL,6,776717,Not at intersection,3,60,Arterial Highway,MIDLAND,MOUNT ALEXANDER,-37.046783,144.22064,2023,7,July,1,Late Night,Weekday
T20230015379,2023-07-03,12:18:00,1,Collision with vehicle,1,Monday,130,REAR END(VEHICLES IN SAME LANE),1,776716,Not at intersection,3,100,Freeway,WESTERN RING,HUME,-37.69405,144.91336,2023,7,July,12,Midday,Weekday
T20230015374,2023-07-03,13:37:00,1,Collision with vehicle,1,Monday,140,U TURN,1,795975,T intersection,2,60,Arterial Other,HEALESVILLE-KOO WEE RUP,YARRA RANGES,-37.6724,145.51054,2023,7,July,13,Midday,Weekday
T20230015365,2023-07-03,11:50:00,1,Collision with vehicle,1,Monday,140,U TURN,1,776658,Not at intersection,3,60,Arterial Other,UPPER HEIDELBERG,BANYULE,-37.75631,145.05534,2023,7,July,11,Midday,Weekday
T20230015354,2023-07-03,08:45:00,1,Collision with vehicle,1,Monday,140,U TURN,2,776657,Not at intersection,3,40,Local Road,ALBERT,YARRA,-37.809204,144.99927,2023,7,July,8,Morning Peak,Weekday
T20230015351,2023-07-03,07:17:00,1,Collision with vehicle,1,Monday,130,REAR END(VEHICLES IN SAME LANE),1,67668,T intersection,3,60,Arterial Other,FOREST,KNOX,-37.861374,145.30743,2023,7,July,7,Morning Peak,Weekday
T20230015460,2023-07-04,08:55:00,8,No collision and no object struck,2,Tuesday,174,OUT OF CONTROL ON CARRIAGEWAY (ON STRAIGHT),9,62793,T intersection,3,60,Arterial Other,SYDNEY,MORELAND,-37.732388,144.96466,2023,7,July,8,Morning Peak,Weekday
T20230015499,2023-07-04,14:53:00,4,Collision with a fixed object,2,Tuesday,194,PARKED CAR RUN AWAY,1,776774,Not at intersection,2,50,Arterial Other,MAIN,CARDINIA,-37.951897,145.54614,2023,7,July,14,Midday,Weekday
T20230015458,2023-07-04,12:30:00,1,Collision with vehicle,2,Tuesday,160,VEHICLE COLLIDES WITH VEHICLE PARKED ON LEFT OF ROAD,1,777013,Not at intersection,3,50,Local Road,BAYVIEW,MORNINGTON PENINSULA,-38.235542,145.04402,2023,7,July,12,Midday,Weekday
T20230015484,2023-07-04,17:45:00,1,Collision with vehicle,2,Tuesday,121,RIGHT THROUGH,3,358794,T intersection,3,80,Arterial Highway,DANDENONG VALLEY,KNOX,-37.900887,145.23396,2023,7,July,17,Afternoon Peak,Weekday
T20230015451,2023-07-04,08:15:00,1,Collision with vehicle,2,Tuesday,163,VEHICLE STRIKES DOOR OF PARKED/STATIONARY VEHICLE,2,780136,Not at intersection,2,40,Local Road,MACARTHUR,MELBOURNE,-37.812344,144.97452,2023,7,July,8,Morning Peak,Weekday
T20230015494,2023-07-04,18:30:00,1,Collision with vehicle,2,Tuesday,130,REAR END(VEHICLES IN SAME LANE),3,44300,Cross intersection,2,60,Local Road,HOGANS,WYNDHAM,-37.860874,144.66702,2023,7,July,18,Afternoon Peak,Weekday
T20230015989,2023-07-04,18:00:00,1,Collision with vehicle,2,Tuesday,131,LEFT REAR,2,29726,Cross intersection,3,80,Arterial Highway,PRINCES,CASEY,-38.006256,145.27335,2023,7,July,18,Afternoon Peak,Weekday
T20230016562,2023-07-04,18:00:00,1,Collision with vehicle,2,Tuesday,121,RIGHT THROUGH,3,36085,Cross intersection,3,60,Arterial Other,DRYBURGH,MELBOURNE,-37.802387,144.9436,2023,7,July,18,Afternoon Peak,Weekday
T20230015472,2023-07-04,10:50:00,1,Collision with vehicle,2,Tuesday,130,REAR END(VEHICLES IN SAME LANE),1,777211,T intersection,3,80,Local Road,BUCKLEY,HUME,-37.623238,144.73822,2023,7,July,10,Midday,Weekday
T20230015466,2023-07-04,13:37:00,1,Collision with vehicle,2,Tuesday,110,CROSS TRAFFIC(INTERSECTIONS ONLY),1,795245,Cross intersection,3,50,Local Road,TIVOLI,GEELONG,-38.17343,144.54294,2023,7,July,13,Midday,Weekday
T20230015441,2023-07-04,08:25:00,1,Collision with vehicle,2,Tuesday,121,RIGHT THROUGH,1,55677,T intersection,2,60,Arterial Other,EDGARS,WHITTLESEA,-37.689663,145.00226,2023,7,July,8,Morning Peak,Weekday
T20230015465,2023-07-04,13:56:00,4,Collision with a fixed object,2,Tuesday,173,RIGHT OFF CARRIAGEWAY INTO OBJECT/PARKED VEHICLE,1,777657,Cross intersection,3,50,Local Road,HAMILTON,MAROONDAH,-37.791897,145.24193,2023,7,July,13,Midday,Weekday
T20230015981,2023-07-04,14:40:00,1,Collision with vehicle,2,Tuesday,116,LEFT NEAR (INTERSECTIONS ONLY),1,277270,Multiple intersection,3,60,Freeway,BACCHUS MARSH,MOORABOOL,-37.68622,144.4798,2023,7,July,14,Midday,Weekday
T20230015638,2023-07-04,17:10:00,1,Collision with vehicle,2,Tuesday,130,REAR END(VEHICLES IN SAME LANE),2,777434,Not at intersection,3,60,Arterial Other,DORSET,KNOX,-37.88373,145.28441,2023,7,July,17,Afternoon Peak,Weekday
T20230015476,2023-07-04,16:05:00,1,Collision with vehicle,2,Tuesday,194,PARKED CAR RUN AWAY,1,777000,Not at intersection,3,50,Arterial Highway,HANSON,TOWONG,-36.19621,147.9035,2023,7,July,16,Afternoon Peak,Weekday
T20230017146,2023-07-04,22:45:00,1,Collision with vehicle,2,Tuesday,121,RIGHT THROUGH,3,38322,Y intersection,3,60,Arterial Other,MANNINGHAM,MANNINGHAM,-37.77949,145.12325,2023,7,July,22,Night,Weekday
T20230015495,2023-07-04,19:17:00,1,Collision with vehicle,2,Tuesday,121,RIGHT THROUGH,3,795976,T intersection,2,70,Freeway,KOROROIT CREEK-PRINCES IN,HOBSONS BAY,-37.84434,144.78345,2023,7,July,19,Night,Weekday
T20230017047,2023-07-04,12:00:00,6,Vehicle overturned (no collision),2,Tuesday,179,OTHER ACCIDENTS-OFF STRAIGHT NOT INCLUDED IN DCAs 170-175,1,777593,Not at intersection,3,60,Arterial Other,MARIBYRNONG,MOONEE VALLEY,-37.77251,144.92342,2023,7,July,12,Midday,Weekday
T20230015433,2023-07-04,07:20:00,1,Collision with vehicle,2,Tuesday,113,RIGHT NEAR (INTERSECTIONS ONLY),2,779857,Cross intersection,2,80,Local Road,NEW,GLENELG,-38.32373,141.59787,2023,7,July,7,Morning Peak,Weekday
T20230015948,2023-07-04,17:40:00,1,Collision with vehicle,2,Tuesday,130,REAR END(VEHICLES IN SAME LANE),2,777617,Not at intersection,2,80,Arterial Other,BERWICK-CRANBOURNE,CASEY,-38.117737,145.31921,2023,7,July,17,Afternoon Peak,Weekday
T20230015480,2023-07-04,17:15:00,1,Collision with vehicle,2,Tuesday,137,LEFT TURN SIDESWIPE,2,776769,Not at intersection,2,70,Arterial Highway,PRINCES,GEELONG,-38.084656,144.35803,2023,7,July,17,Afternoon Peak,Weekday
T20230015481,2023-07-04,17:22:00,1,Collision with vehicle,2,Tuesday,121,RIGHT THROUGH,2,780865,T intersection,2,60,Arterial Other,SAYERS,WYNDHAM,-37.85002,144.70187,2023,7,July,17,Afternoon Peak,Weekday
T20230015854,2023-07-04,07:30:00,1,Collision with vehicle,2,Tuesday,130,REAR END(VEHICLES IN SAME LANE),2,233612,Not at intersection,3,80,Freeway,CITYLINK,MELBOURNE,-37.819912,144.93216,2023,7,July,7,Morning Peak,Weekday
T20230015510,2023-07-04,17:58:00,1,Collision with vehicle,2,Tuesday,160,VEHICLE COLLIDES WITH VEHICLE PARKED ON LEFT OF ROAD,2,777791,Not at intersection,3,50,Local Road,WATERVIEW,HUME,-37.60331,144.90373,2023,7,July,17,Afternoon Peak,Weekday
T20230015496,2023-07-04,18:47:00,1,Collision with vehicle,2,Tuesday,116,LEFT NEAR (INTERSECTIONS ONLY),3,776758,T intersection,3,80,Arterial Other,PASCOE VALE,MOONEE VALLEY,-37.74485,144.92708,2023,7,July,18,Afternoon Peak,Weekday
T20230015515,2023-07-04,21:33:00,1,Collision with vehicle,2,Tuesday,133,LANE SIDE SWIPE (VEHICLES IN PARALLEL LANES),6,777134,Not at intersection,2,70,Arterial Highway,STAWELL,HORSHAM,-36.733124,142.20538,2023,7,July,21,Night,Weekday
T20230015511,2023-07-04,15:05:00,2,Struck Pedestrian,2,Tuesday,100,PED NEAR SIDE. PED HIT BY VEHICLE FROM THE RIGHT.,1,119022,Not at intersection,2,60,Arterial Other,FLEMINGTON,MELBOURNE,-37.794575,144.94865,2023,7,July,15,Afternoon Peak,Weekday
T20230015573,2023-07-04,07:30:00,8,No collision and no object struck,2,Tuesday,174,OUT OF CONTROL ON CARRIAGEWAY (ON STRAIGHT),9,776805,Not at intersection,3,50,Local Road,OVENS,MORELAND,-37.765064,144.96133,2023,7,July,7,Morning Peak,Weekday
T20230015463,2023-07-04,10:20:00,4,Collision with a fixed object,2,Tuesday,173,RIGHT OFF CARRIAGEWAY INTO OBJECT/PARKED VEHICLE,1,776720,Not at intersection,2,40,Local Road,MICHAEL,YARRA,-37.785755,144.98904,2023,7,July,10,Midday,Weekday
T20230015485,2023-07-04,15:45:00,1,Collision with vehicle,2,Tuesday,120,HEAD ON (NOT OVERTAKING),1,778239,Cross intersection,2,60,Arterial Other,STEPHENSONS,MONASH,-37.87018,145.13005,2023,7,July,15,Afternoon Peak,Weekday
T20230016973,2023-07-04,17:50:00,1,Collision with vehicle,2,Tuesday,120,HEAD ON (NOT OVERTAKING),2,777824,Not at intersection,3,80,Local Road,GRUYERE,YARRA RANGES,-37.74044,145.44035,2023,7,July,17,Afternoon Peak,Weekday
T20230015462,2023-07-04,13:50:00,1,Collision with vehicle,2,Tuesday,110,CROSS TRAFFIC(INTERSECTIONS ONLY),1,44427,Cross intersection,3,60,Arterial Other,SEPARATION,GEELONG,-38.109768,144.3347,2023,7,July,13,Midday,Weekday
T20230015587,2023-07-05,09:00:00,1,Collision with vehicle,3,Wednesday,133,LANE SIDE SWIPE (VEHICLES IN PARALLEL LANES),1,785848,Not at intersection,3,60,Arterial Other,GRIMSHAW,BANYULE,-37.70332,145.09117,2023,7,July,9,Morning Peak,Weekday
T20230015588,2023-07-05,16:43:00,6,Vehicle overturned (no collision),3,Wednesday,172,OFF CARRIAGEWAY TO RIGHT,2,786906,Not at intersection,3,100,Arterial Highway,WESTERN,NORTHERN GRAMPIANS,-36.901592,142.48466,2023,7,July,16,Afternoon Peak,Weekday
T20230015590,2023-07-05,18:22:00,1,Collision with vehicle,3,Wednesday,121,RIGHT THROUGH,3,259449,Cross intersection,2,60,Local Road,HAMMOND,DANDENONG,-38.005997,145.2073,2023,7,July,18,Afternoon Peak,Weekday
T20230015537,2023-07-05,09:30:00,1,Collision with vehicle,3,Wednesday,132,RIGHT REAR.,1,776916,Not at intersection,2,60,Arterial Highway,MIDLAND,BENDIGO,-36.67021,144.32703,2023,7,July,9,Morning Peak,Weekday
T20230015540,2023-07-05,11:00:00,1,Collision with vehicle,3,Wednesday,130,REAR END(VEHICLES IN SAME LANE),1,15433,T intersection,2,60,Arterial Highway,SURF COAST,GEELONG,-38.185703,144.34431,2023,7,July,11,Midday,Weekday
T20230015650,2023-07-05,23:15:00,5,collision with some other object,3,Wednesday,166,STRUCK OBJECT ON CARRIAGEWAY,3,777189,Not at intersection,3,80,Arterial Other,HIGH STREET,KNOX,-37.876858,145.19125,2023,7,July,23,Night,Weekday
T20230018367,2023-07-05,06:45:00,1,Collision with vehicle,3,Wednesday,130,REAR END(VEHICLES IN SAME LANE),2,778469,Not at intersection,3,100,Freeway,MONASH,MONASH,-37.916058,145.169,2023,7,July,6,Morning Peak,Weekday
T20230015550,2023-07-05,10:00:00,1,Collision with vehicle,3,Wednesday,121,RIGHT THROUGH,1,39305,T intersection,3,60,Arterial Other,ELGAR,MANNINGHAM,-37.792435,145.12166,2023,7,July,10,Midday,Weekday
T20230015646,2023-07-05,11:05:00,1,Collision with vehicle,3,Wednesday,130,REAR END(VEHICLES IN SAME LANE),1,776948,Not at intersection,3,60,Arterial Highway,WARBURTON,YARRA RANGES,-37.779236,145.4402,2023,7,July,11,Midday,Weekday
T20230015551,2023-07-05,12:40:00,1,Collision with vehicle,3,Wednesday,110,CROSS TRAFFIC(INTERSECTIONS ONLY),1,44835,Cross intersection,3,60,Arterial Highway,ROUGHEAD,SOUTH GIPPSLAND,-38.47211,145.949,2023,7,July,12,Midday,Weekday
T20230015619,2023-07-05,21:09:00,2,Struck Pedestrian,3,Wednesday,104,PED WALKING WITH TRAFFIC,3,776725,T intersection,1,60,Local Road,SHAWS,WYNDHAM,-37.88953,144.65736,2023,7,July,21,Night,Weekday
T20230015553,2023-07-05,11:47:00,4,Collision with a fixed object,3,Wednesday,173,RIGHT OFF CARRIAGEWAY INTO OBJECT/PARKED VEHICLE,1,777076,Not at intersection,3,80,Local Road,REYNOLDS,MANNINGHAM,-37.766304,145.19307,2023,7,July,11,Midday,Weekday
T20230015615,2023-07-05,16:40:00,1,Collision with vehicle,3,Wednesday,137,LEFT TURN SIDESWIPE,1,248402,Cross intersection,3,60,Local Road,SOUTHBANK,MELBOURNE,-37.82337,144.96992,2023,7,July,16,Afternoon Peak,Weekday
T20230015556,2023-07-05,12:40:00,1,Collision with vehicle,3,Wednesday,120,HEAD ON (NOT OVERTAKING),1,777420,Y intersection,3,50,Local Road,CLEVELAND,BANYULE,-37.73867,145.10991,2023,7,July,12,Midday,Weekday
T20230015612,2023-07-05,21:40:00,2,Struck Pedestrian,3,Wednesday,103,PED PLAYING/LYING/WORKING/STANDING ON CARRIAGEWAY.,6,777015,Dead end,2,60,Local Road,WILCOX,DANDENONG,-37.963615,145.1636,2023,7,July,21,Night,Weekday
T20230015611,2023-07-05,19:15:00,2,Struck Pedestrian,3,Wednesday,194,PARKED CAR RUN AWAY,3,776813,Not at intersection,2,50,Local Road,SHERWIN,WHITTLESEA,-37.512753,145.13472,2023,7,July,19,Night,Weekday
T20230015557,2023-07-05,11:00:00,1,Collision with vehicle,3,Wednesday,110,CROSS TRAFFIC(INTERSECTIONS ONLY),1,46600,Cross intersection,2,50,Local Road,DROMANA,MORNINGTON PENINSULA,-38.320984,144.98747,2023,7,July,11,Midday,Weekday
T20230015606,2023-07-05,17:51:00,2,Struck Pedestrian,3,Wednesday,102,FAR SIDE. PED HIT BY VEHICLE FROM THE LEFT,3,776918,T intersection,2,80,Arterial Highway,STUD,KNOX,-37.888958,145.23288,2023,7,July,17,Afternoon Peak,Weekday
T20230015604,2023-07-05,18:45:00,1,Collision with vehicle,3,Wednesday,130,REAR END(VEHICLES IN SAME LANE),2,780145,Not at intersection,2,70,Arterial Highway,PLENTY,BANYULE,-37.701786,145.05786,2023,7,July,18,Afternoon Peak,Weekday
T20230015603,2023-07-05,18:57:00,1,Collision with vehicle,3,Wednesday,130,REAR END(VEHICLES IN SAME LANE),2,778699,T intersection,2,80,Arterial Other,PLENTY,WHITTLESEA,-37.632328,145.09625,2023,7,July,18,Afternoon Peak,Weekday