ACCIDENT_NO,ACCIDENT_DATE,ACCIDENT_TIME,ACCIDENT_TYPE,ACCIDENT_TYPE_DESC,DAY_OF_WEEK,DAY_WEEK_DESC,DCA_CODE,DCA_DESC,LIGHT_CONDITION,NODE_ID,ROAD_GEOMETRY_DESC,SEVERITY,SPEED_ZONE,RMA,ROAD_NAME,LGA_NAME,LATITUDE,LONGITUDE,YEAR,MONTH,MONTH_NAME,HOUR,TIME_PERIOD,DAY_TYPE
T20230015701,2023-07-05,22:10:00,1,Collision with vehicle,3,Wednesday,130,REAR END(VEHICLES IN SAME LANE),3,777169,Not at intersection,3,80,Arterial Other,BALLARAT,MARIBYRNONG,-37.780262,144.85669,2023,7,July,22,Night,Weekday
T20230015520,2023-07-05,00:05:00,1,Collision with vehicle,3,Wednesday,130,REAR END(VEHICLES IN SAME LANE),3,777071,Not at intersection,3,60,Local Road,RAILWAY,HOBSONS BAY,-37.864883,144.76985,2023,7,July,0,Late Night,Weekday
T20230015527,2023-07-05,06:50:00,4,Collision with a fixed object,3,Wednesday,183,OFF LEFT BEND INTO OBJECT/PARKED VEHICLE,2,796000,Not at intersection,3,60,Arterial Other,BRIDGE,BALLARAT,-37.60196,143.849,2023,7,July,6,Morning Peak,Weekday
T20230017312,2023-07-05,09:24:00,5,collision with some other object,3,Wednesday,171,LEFT OFF CARRIAGEWAY INTO OBJECT/PARKED VEHICLE,1,787089,Not at intersection,3,70,Arterial Other,EPPING,WHITTLESEA,-37.589813,145.0335,2023,7,July,9,Morning Peak,Weekday
T20230016301,2023-07-05,18:30:00,1,Collision with vehicle,3,Wednesday,133,LANE SIDE SWIPE (VEHICLES IN PARALLEL LANES),3,42396,Cross intersection,3,60,Arterial Other,BOUNDARY,MORELAND,-37.718067,144.9517,2023,7,July,18,Afternoon Peak,Weekday
T20230016215,2023-07-05,13:20:00,1,Collision with vehicle,3,Wednesday,135,LANE CHANGE LEFT (NOT OVERTAKING),1,777193,Not at intersection,3,80,Freeway,2996R 2000R,DANDENONG,-37.942375,145.20059,2023,7,July,13,Midday,Weekday
T20230015594,2023-07-05,16:08:00,1,Collision with vehicle,3,Wednesday,147,VEHICLE STRIKES ANOTHER VEH WHILE EMERGING FROM DRIVEWAY,1,776783,Not at intersection,2,50,Local Road,ESSINGTON,GEELONG,-38.198814,144.34636,2023,7,July,16,Afternoon Peak,Weekday
T20230018227,2023-07-05,18:25:00,1,Collision with vehicle,3,Wednesday,130,REAR END(VEHICLES IN SAME LANE),2,778398,Cross intersection,3,60,Local Road,MERNDA VILLAGE,WHITTLESEA,-37.5997,145.08867,2023,7,July,18,Afternoon Peak,Weekday
T20230015563,2023-07-05,10:52:00,2,Struck Pedestrian,3,Wednesday,102,FAR SIDE. PED HIT BY VEHICLE FROM THE LEFT,1,778032,Not at intersection,2,60,Local Road,GREENS,WYNDHAM,-37.888954,144.61925,2023,7,July,10,Midday,Weekday
T20230016084,2023-07-05,06:00:00,1,Collision with vehicle,3,Wednesday,130,REAR END(VEHICLES IN SAME LANE),2,777170,Not at intersection,2,100,Freeway,WESTERN RING,BRIMBANK,-37.800606,144.79749,2023,7,July,6,Morning Peak,Weekday
T20230016559,2023-07-05,15:50:00,1,Collision with vehicle,3,Wednesday,113,RIGHT NEAR (INTERSECTIONS ONLY),1,52230,Cross intersection,2,60,Arterial Other,SHAKESPEARE,LATROBE,-38.200584,146.53479,2023,7,July,15,Afternoon Peak,Weekday
T20230016155,2023-07-05,08:33:00,1,Collision with vehicle,3,Wednesday,137,LEFT TURN SIDESWIPE,2,790637,Not at intersection,3,40,Local Road,ARDEN,MELBOURNE,-37.80033,144.94412,2023,7,July,8,Morning Peak,Weekday
T20230015572,2023-07-05,15:07:00,2,Struck Pedestrian,3,Wednesday,102,FAR SIDE. PED HIT BY VEHICLE FROM THE LEFT,1,37590,Cross intersection,2,60,Arterial Other,ST KILDA,MELBOURNE,-37.83908,144.97658,2023,7,July,15,Afternoon Peak,Weekday
T20230015574,2023-07-05,12:30:00,1,Collision with vehicle,3,Wednesday,140,U TURN,1,777142,T intersection,1,100,Local Road,HOWARDS,MOYNE,-38.321934,142.84161,2023,7,July,12,Midday,Weekday
T20230019703,2023-07-05,13:20:00,1,Collision with vehicle,3,Wednesday,130,REAR END(VEHICLES IN SAME LANE),1,779445,Not at intersection,3,70,Arterial Other,SOUTH,KINGSTON,-37.936855,145.06383,2023,7,July,13,Midday,Weekday
T20230015914,2023-07-05,17:00:00,1,Collision with vehicle,3,Wednesday,130,REAR END(VEHICLES IN SAME LANE),1,777004,Not at intersection,3,80,Freeway,WEST GATE,HOBSONS BAY,-37.824417,144.86638,2023,7,July,17,Afternoon Peak,Weekday
T20230015916,2023-07-05,17:13:00,1,Collision with vehicle,3,Wednesday,130,REAR END(VEHICLES IN SAME LANE),2,108283,Not at intersection,3,60,Arterial Other,SAYERS,WYNDHAM,-37.85236,144.7272,2023,7,July,17,Afternoon Peak,Weekday
T20230015617,2023-07-05,20:42:00,7,Fall from or in moving vehicle,3,Wednesday,190,FELL IN/FROM VEHICLE,4,776808,Not at intersection,3,50,Local Road,TYLER,DAREBIN,-37.73213,145.02371,2023,7,July,20,Night,Weekday
T20230015655,2023-07-05,16:15:00,1,Collision with vehicle,3,Wednesday,130,REAR END(VEHICLES IN SAME LANE),2,779515,Not at intersection,3,60,Arterial Other,BACCHUS MARSH,GEELONG,-38.058723,144.35823,2023,7,July,16,Afternoon Peak,Weekday
T20230015683,2023-07-05,07:30:00,1,Collision with vehicle,3,Wednesday,130,REAR END(VEHICLES IN SAME LANE),2,776919,Not at intersection,3,80,Arterial Highway,WESTERN PORT,FRANKSTON,-38.114956,145.23186,2023,7,July,7,Morning Peak,Weekday
T20230015580,2023-07-05,16:00:00,1,Collision with vehicle,3,Wednesday,130,REAR END(VEHICLES IN SAME LANE),1,776782,Not at intersection,3,80,Freeway,MONASH,STONNINGTON,-37.855705,145.05801,2023,7,July,16,Afternoon Peak,Weekday
T20230015665,2023-07-05,16:45:00,8,No collision and no object struck,3,Wednesday,174,OUT OF CONTROL ON CARRIAGEWAY (ON STRAIGHT),1,235928,Not at intersection,3,30,Local Road,RACECOURSE,HOBSONS BAY,-37.85625,144.8529,2023,7,July,16,Afternoon Peak,Weekday
T20230015542,2023-07-05,10:40:00,4,Collision with a fixed object,3,Wednesday,149,OTHER MANOEUVRING NOT INCLUDED IN DCAs 140-148,1,776785,T intersection,3,50,Local Road,MAY,WHITTLESEA,-37.673622,145.01729,2023,7,July,10,Midday,Weekday
T20230015721,2023-07-05,05:45:00,1,Collision with vehicle,3,Wednesday,133,LANE SIDE SWIPE (VEHICLES IN PARALLEL LANES),3,800476,Not at intersection,3,80,Freeway,CITYLINK,MELBOURNE,-37.829082,144.98793,2023,7,July,5,Morning Peak,Weekday
T20230015719,2023-07-05,11:18:00,1,Collision with vehicle,3,Wednesday,130,REAR END(VEHICLES IN SAME LANE),1,776923,Cross intersection,3,50,Local Road,VERNON,HOBSONS BAY,-37.83114,144.87158,2023,7,July,11,Midday,Weekday
T20230015834,2023-07-05,07:30:00,1,Collision with vehicle,3,Wednesday,130,REAR END(VEHICLES IN SAME LANE),2,776981,Not at intersection,3,100,Freeway,MONASH,CASEY,-37.997646,145.27374,2023,7,July,7,Morning Peak,Weekday
T20230016271,2023-07-05,18:56:00,1,Collision with vehicle,3,Wednesday,130,REAR END(VEHICLES IN SAME LANE),2,61041,Cross intersection,3,60,Arterial Other,PLENTY,WHITTLESEA,-37.600636,145.09573,2023,7,July,18,Afternoon Peak,Weekday
T20230015581,2023-07-05,16:44:00,1,Collision with vehicle,3,Wednesday,113,RIGHT NEAR (INTERSECTIONS ONLY),1,40493,T intersection,3,60,Arterial Other,HIGH,BOROONDARA,-37.862225,145.0696,2023,7,July,16,Afternoon Peak,Weekday
T20230018953,2023-07-05,10:55:00,1,Collision with vehicle,3,Wednesday,142,LEAVING PARKING,1,779039,Not at intersection,3,50,Local Road,ARMSTRONG,BALLARAT,-37.558823,143.85684,2023,7,July,10,Midday,Weekday
T20230015622,2023-07-06,04:09:00,1,Collision with vehicle,4,Thursday,111,RIGHT FAR (INTERSECTIONS ONLY),3,787363,T intersection,3,80,Arterial Other,COOPER,WHITTLESEA,-37.647984,144.98996,2023,7,July,4,Late Night,Weekday
T20230015694,2023-07-06,20:39:00,2,Struck Pedestrian,4,Thursday,100,PED NEAR SIDE. PED HIT BY VEHICLE FROM THE RIGHT.,3,776818,Not at intersection,2,60,Arterial Other,SUNSHINE,MARIBYRNONG,-37.79956,144.86223,2023,7,July,20,Night,Weekday
T20230015697,2023-07-06,21:15:00,2,Struck Pedestrian,4,Thursday,100,PED NEAR SIDE. PED HIT BY VEHICLE FROM THE RIGHT.,3,776921,T intersection,2,50,Local Road,CENTRAL,WHITEHORSE,-37.82377,145.15991,2023,7,July,21,Night,Weekday
T20230015668,2023-07-06,15:25:00,1,Collision with vehicle,4,Thursday,121,RIGHT THROUGH,1,776812,T intersection,2,60,Arterial Other,POWER,BOROONDARA,-37.81506,145.0276,2023,7,July,15,Afternoon Peak,Weekday
T20230015660,2023-07-06,10:00:00,1,Collision with vehicle,4,Thursday,130,REAR END(VEHICLES IN SAME LANE),1,778240,Not at intersection,3,60,Arterial Highway,WARRIGAL,BOROONDARA,-37.865444,145.09291,2023,7,July,10,Midday,Weekday
T20230015711,2023-07-06,11:45:00,1,Collision with vehicle,4,Thursday,110,CROSS TRAFFIC(INTERSECTIONS ONLY),1,776922,Multiple intersection,2,80,Arterial Highway,SPRINGVALE,MONASH,-37.880672,145.16562,2023,7,July,11,Midday,Weekday
T20230015723,2023-07-06,16:00:00,1,Collision with vehicle,4,Thursday,131,LEFT REAR,2,331155,Not at intersection,3,60,Freeway,BATMAN,MELBOURNE,-37.82338,144.97858,2023,7,July,16,Afternoon Peak,Weekday
T20230015671,2023-07-06,16:20:00,2,Struck Pedestrian,4,Thursday,106,VEH STRIKES PED ON FOOTPATH/MEDIAN/TRAFFIC ISLAND.,1,777132,Not at intersection,2,60,Local Road,STATION,KINGSTON,-38.041565,145.1108,2023,7,July,16,Afternoon Peak,Weekday
T20230015657,2023-07-06,13:55:00,1,Collision with vehicle,4,Thursday,110,CROSS TRAFFIC(INTERSECTIONS ONLY),1,38038,Cross intersection,3,50,Local Road,GILLIES,DAREBIN,-37.763393,145.01959,2023,7,July,13,Midday,Weekday
T20230015673,2023-07-06,16:48:00,1,Collision with vehicle,4,Thursday,110,CROSS TRAFFIC(INTERSECTIONS ONLY),1,278513,Cross intersection,3,50,Local Road,SELANDRA,CASEY,-38.110306,145.3241,2023,7,July,16,Afternoon Peak,Weekday
T20230015679,2023-07-06,18:10:00,1,Collision with vehicle,4,Thursday,140,U TURN,3,57059,Cross intersection,2,60,Local Road,CAROLINE SPRINGS,MELTON,-37.730984,144.74162,2023,7,July,18,Afternoon Peak,Weekday
T20230015953,2023-07-06,17:30:00,1,Collision with vehicle,4,Thursday,120,HEAD ON (NOT OVERTAKING),2,777821,Not at intersection,3,60,Local Road,ROSENTHAL,HUME,-37.596657,144.70782,2023,7,July,17,Afternoon Peak,Weekday
T20230017530,2023-07-06,23:09:00,1,Collision with vehicle,4,Thursday,130,REAR END(VEHICLES IN SAME LANE),3,45877,Cross intersection,3,60,Arterial Highway,BELL,BANYULE,-37.752693,145.05022,2023,7,July,23,Night,Weekday
T20230015690,2023-07-06,19:20:00,1,Collision with vehicle,4,Thursday,135,LANE CHANGE LEFT (NOT OVERTAKING),3,776920,Not at intersection,3,100,Arterial Other,WESTERN,MELTON,-37.75708,144.7418,2023,7,July,19,Night,Weekday
T20230015642,2023-07-06,09:54:00,4,Collision with a fixed object,4,Thursday,171,LEFT OFF CARRIAGEWAY INTO OBJECT/PARKED VEHICLE,1,776990,Not at intersection,2,80,Arterial Other,BALLARTO,FRANKSTON,-38.120056,145.21722,2023,7,July,9,Morning Peak,Weekday
T20230015699,2023-07-06,17:40:00,2,Struck Pedestrian,4,Thursday,100,PED NEAR SIDE. PED HIT BY VEHICLE FROM THE RIGHT.,2,780221,T intersection,2,50,Local Road,BEGONIA,WHITEHORSE,-37.839554,145.1109,2023,7,July,17,Afternoon Peak,Weekday
T20230015659,2023-07-06,12:55:00,1,Collision with vehicle,4,Thursday,110,CROSS TRAFFIC(INTERSECTIONS ONLY),1,44570,Cross intersection,2,50,Arterial Other,WATERDALE,BANYULE,-37.72959,145.04997,2023,7,July,12,Midday,Weekday
T20230015755,2023-07-06,11:30:00,1,Collision with vehicle,4,Thursday,134,LANE CHANGE RIGHT (NOT OVERTAKING),1,779773,Not at intersection,3,70,Arterial Highway,PLENTY,DAREBIN,-37.708107,145.05133,2023,7,July,11,Midday,Weekday
T20230018055,2023-07-06,13:30:00,1,Collision with vehicle,4,Thursday,130,REAR END(VEHICLES IN SAME LANE),9,45435,T intersection,3,60,Arterial Other,ASCOT VALE,MOONEE VALLEY,-37.77493,144.92352,2023,7,July,13,Midday,Weekday
T20230015641,2023-07-06,08:55:00,1,Collision with vehicle,4,Thursday,137,LEFT TURN SIDESWIPE,1,65470,T intersection,3,60,Arterial Highway,HODDLE,YARRA,-37.804222,144.99225,2023,7,July,8,Morning Peak,Weekday
T20230016977,2023-07-06,16:30:00,1,Collision with vehicle,4,Thursday,134,LANE CHANGE RIGHT (NOT OVERTAKING),1,777717,Not at intersection,3,60,Arterial Highway,RACECOURSE,MELBOURNE,-37.789272,144.94093,2023,7,July,16,Afternoon Peak,Weekday
T20230016976,2023-07-06,12:48:00,1,Collision with vehicle,4,Thursday,130,REAR END(VEHICLES IN SAME LANE),1,135693,Not at intersection,3,50,Arterial Highway,SPRINGVALE,WHITEHORSE,-37.818684,145.17601,2023,7,July,12,Midday,Weekday
T20230017185,2023-07-06,13:30:00,1,Collision with vehicle,4,Thursday,130,REAR END(VEHICLES IN SAME LANE),1,777927,Not at intersection,3,60,Arterial Other,EDITHVALE,KINGSTON,-38.02955,145.12903,2023,7,July,13,Midday,Weekday
T20230015792,2023-07-06,15:15:00,1,Collision with vehicle,4,Thursday,120,HEAD ON (NOT OVERTAKING),1,778453,Multiple intersection,3,60,Arterial Highway,GREAT ALPINE,(MOUNT HOTHAM),-36.974113,147.12479,2023,7,July,15,Afternoon Peak,Weekday
T20230015684,2023-07-06,18:08:00,1,Collision with vehicle,4,Thursday,130,REAR END(VEHICLES IN SAME LANE),2,777124,Not at intersection,3,80,Freeway,MONASH IN-BURKE,STONNINGTON,-37.853157,145.05481,2023,7,July,18,Afternoon Peak,Weekday
T20230015630,2023-07-06,08:30:00,1,Collision with vehicle,4,Thursday,121,RIGHT THROUGH,1,57284,Cross intersection,2,60,Arterial Other,RYLEY,WANGARATTA,-36.358055,146.321,2023,7,July,8,Morning Peak,Weekday
T20230016627,2023-07-06,15:35:00,1,Collision with vehicle,4,Thursday,145,REVERSING IN STREAM OF TRAFFIC,1,780463,Not at intersection,3,50,Local Road,EVANS,HUME,-37.579865,144.72923,2023,7,July,15,Afternoon Peak,Weekday
T20230015686,2023-07-06,17:07:00,1,Collision with vehicle,4,Thursday,113,RIGHT NEAR (INTERSECTIONS ONLY),2,780389,T intersection,3,50,Local Road,YARCOMBE,HUME,-37.61042,144.9247,2023,7,July,17,Afternoon Peak,Weekday
T20230015639,2023-07-06,08:40:00,1,Collision with vehicle,4,Thursday,113,RIGHT NEAR (INTERSECTIONS ONLY),1,777001,T intersection,3,80,Arterial Highway,FRANKSTON-DANDENONG,FRANKSTON,-38.113914,145.15567,2023,7,July,8,Morning Peak,Weekday
T20230015693,2023-07-06,14:55:00,1,Collision with vehicle,4,Thursday,130,REAR END(VEHICLES IN SAME LANE),1,777070,Not at intersection,2,100,Freeway,WESTERN RING,WYNDHAM,-37.82182,144.81038,2023,7,July,14,Midday,Weekday
T20230016856,2023-07-06,08:30:00,1,Collision with vehicle,4,Thursday,121,RIGHT THROUGH,2,57573,T intersection,3,80,Arterial Highway,WELLINGTON,MONASH,-37.91919,145.16264,2023,7,July,8,Morning Peak,Weekday
T20230015656,2023-07-06,10:45:00,1,Collision with vehicle,4,Thursday,130,REAR END(VEHICLES IN SAME LANE),1,777673,Not at intersection,3,60,Local Road,GREENSBOROUGH,BANYULE,-37.715977,145.08177,2023,7,July,10,Midday,Weekday
T20230015626,2023-07-06,06:28:00,1,Collision with vehicle,4,Thursday,121,RIGHT THROUGH,2,44697,Cross intersection,2,60,Arterial Other,GRIMSHAW,BANYULE,-37.702526,145.08417,2023,7,July,6,Morning Peak,Weekday
T20230016661,2023-07-07,16:12:00,1,Collision with vehicle,5,Friday,120,HEAD ON (NOT OVERTAKING),1,227283,Cross intersection,3,80,Arterial Highway,RUSDEN,GLEN EIRA,-37.8861,144.99931,2023,7,July,16,Afternoon Peak,Weekday
T20230015794,2023-07-07,22:30:00,2,Struck Pedestrian,5,Friday,100,PED NEAR SIDE. PED HIT BY VEHICLE FROM THE RIGHT.,3,37705,Cross intersection,2,40,Arterial Other,HIGH,STONNINGTON,-37.85185,144.99338,2023,7,July,22,Night,Weekday
T20230015793,2023-07-07,18:30:00,1,Collision with vehicle,5,Friday,110,CROSS TRAFFIC(INTERSECTIONS ONLY),2,890,Cross intersection,3,80,Arterial Highway,FRANKSTON-DANDENONG,DANDENONG,-38.01461,145.21535,2023,7,July,18,Afternoon Peak,Weekday
T20230015791,2023-07-07,21:34:00,1,Collision with vehicle,5,Friday,111,RIGHT FAR (INTERSECTIONS ONLY),3,777793,T intersection,2,80,Arterial Highway,WELLINGTON,MONASH,-37.917076,145.1473,2023,7,July,21,Night,Weekday
T20230015790,2023-07-07,20:30:00,4,Collision with a fixed object,5,Friday,171,LEFT OFF CARRIAGEWAY INTO OBJECT/PARKED VEHICLE,3,349924,Cross intersection,2,60,Arterial Highway,CENTRE,DANDENONG,-37.933105,145.15572,2023,7,July,20,Night,Weekday
T20230015789,2023-07-07,20:55:00,1,Collision with vehicle,5,Friday,169,OTHER ON PATH,3,777254,Not at intersection,2,60,Arterial Other,KEILOR,MOONEE VALLEY,-37.7409,144.90125,2023,7,July,20,Night,Weekday
T20230015787,2023-07-07,17:35:00,1,Collision with vehicle,5,Friday,121,RIGHT THROUGH,2,36363,T intersection,2,80,Arterial Other,KELLETTS,KNOX,-37.91341,145.26021,2023,7,July,17,Afternoon Peak,Weekday
T20230015785,2023-07-07,19:11:00,1,Collision with vehicle,5,Friday,145,REVERSING IN STREAM OF TRAFFIC,3,777922,Cross intersection,3,60,Arterial Other,BALLARAT,MARIBYRNONG,-37.782932,144.8691,2023,7,July,19,Night,Weekday
T20230016311,2023-07-07,14:43:00,7,Fall from or in moving vehicle,5,Friday,190,FELL IN/FROM VEHICLE,1,777215,Not at intersection,3,80,Freeway,HUME OUT-EUROA MAIN,STRATHBOGIE,-36.745384,145.58636,2023,7,July,14,Midday,Weekday
T20230015782,2023-07-07,15:50:00,1,Collision with vehicle,5,Friday,147,VEHICLE STRIKES ANOTHER VEH WHILE EMERGING FROM DRIVEWAY,1,777792,Not at intersection,3,60,Arterial Other,CENTRE,BAYSIDE,-37.914913,145.0093,2023,7,July,15,Afternoon Peak,Weekday
T20230016606,2023-07-07,08:50:00,1,Collision with vehicle,5,Friday,113,RIGHT NEAR (INTERSECTIONS ONLY),2,40972,T intersection,3,60,Arterial Other,SCORESBY,KNOX,-37.848648,145.26933,2023,7,July,8,Morning Peak,Weekday
T20230015781,2023-07-07,14:30:00,1,Collision with vehicle,5,Friday,116,LEFT NEAR (INTERSECTIONS ONLY),1,45610,T intersection,2,60,Local Road,MAYFIELD,MORELAND,-37.744503,144.96086,2023,7,July,14,Midday,Weekday
T20230015777,2023-07-07,17:55:00,2,Struck Pedestrian,5,Friday,102,FAR SIDE. PED HIT BY VEHICLE FROM THE LEFT,3,57515,Cross intersection,2,70,Arterial Highway,QUEENS WAY -DANDENONG,PORT PHILLIP,-37.85779,144.99223,2023,7,July,17,Afternoon Peak,Weekday
T20230015744,2023-07-07,07:15:00,1,Collision with vehicle,5,Friday,139,OTHER SAME DIRECTION-MANOUEVRES NOT INCLUDED IN DCAs 130-137,2,779022,Not at intersection,3,60,Local Road,RESERVE,GEELONG,-38.205044,144.34146,2023,7,July,7,Morning Peak,Weekday
T20230015775,2023-07-07,18:20:00,1,Collision with vehicle,5,Friday,130,REAR END(VEHICLES IN SAME LANE),3,795782,Not at intersection,3,60,Local Road,SUTTON,BALLARAT,-37.5752,143.82828,2023,7,July,18,Afternoon Peak,Weekday
T20230015750,2023-07-07,12:44:00,1,Collision with vehicle,5,Friday,147,VEHICLE STRIKES ANOTHER VEH WHILE EMERGING FROM DRIVEWAY,1,776951,Not at intersection,2,50,Local Road,ESSEX,GEELONG,-38.1679,144.40984,2023,7,July,12,Midday,Weekday
T20230015771,2023-07-07,15:52:00,1,Collision with vehicle,5,Friday,134,LANE CHANGE RIGHT (NOT OVERTAKING),1,777059,Not at intersection,3,100,Freeway,CALDER,MELTON,-37.656525,144.74052,2023,7,July,15,Afternoon Peak,Weekday
T20230015768,2023-07-07,17:30:00,1,Collision with vehicle,5,Friday,163,VEHICLE STRIKES DOOR OF PARKED/STATIONARY VEHICLE,3,776986,Not at intersection,3,50,Local Road,JEFFCOTT,MELBOURNE,-37.81201,144.95126,2023,7,July,17,Afternoon Peak,Weekday
T20230016688,2023-07-07,20:08:00,1,Collision with vehicle,5,Friday,110,CROSS TRAFFIC(INTERSECTIONS ONLY),5,50003,Cross intersection,3,50,Local Road,MYERS,GEELONG,-38.155643,144.37386,2023,7,July,20,Night,Weekday
T20230015738,2023-07-07,10:22:00,1,Collision with vehicle,5,Friday,160,VEHICLE COLLIDES WITH VEHICLE PARKED ON LEFT OF ROAD,1,777002,Not at intersection,3,60,Local Road,ESPLANADE,MORNINGTON PENINSULA,-38.21236,145.04945,2023,7,July,10,Midday,Weekday
T20230015734,2023-07-07,11:20:00,1,Collision with vehicle,5,Friday,110,CROSS TRAFFIC(INTERSECTIONS ONLY),1,52787,Cross intersection,3,60,Local Road,HOWITT,BALLARAT,-37.543816,143.86111,2023,7,July,11,Midday,Weekday
T20230015732,2023-07-07,13:04:00,1,Collision with vehicle,5,Friday,152,PULLING OUT (OVERTAKING),1,795781,Not at intersection,3,40,Local Road,DENNIS,DAREBIN,-37.765923,145.0018,2023,7,July,13,Midday,Weekday
T20230015730,2023-07-07,08:01:00,1,Collision with vehicle,5,Friday,136,RIGHT TURN SIDESWIPE,1,36278,Cross intersection,3,40,Local Road,QUEENSBERRY,MELBOURNE,-37.80456,144.96326,2023,7,July,8,Morning Peak,Weekday
T20230015724,2023-07-07,09:30:00,1,Collision with vehicle,5,Friday,110,CROSS TRAFFIC(INTERSECTIONS ONLY),1,22422,Cross intersection,3,100,Arterial Other,BLUE RIBBON,YARRIAMBIACK,-36.437496,142.22562,2023,7,July,9,Morning Peak,Weekday
T20230021892,2023-07-07,17:30:00,1,Collision with vehicle,5,Friday,130,REAR END(VEHICLES IN SAME LANE),2,781061,Not at intersection,3,60,Arterial Highway,TORQUAY,GEELONG,-38.18558,144.34433,2023,7,July,17,Afternoon Peak,Weekday
T20230015718,2023-07-07,09:20:00,1,Collision with vehicle,5,Friday,147,VEHICLE STRIKES ANOTHER VEH WHILE EMERGING FROM DRIVEWAY,1,777708,Not at intersection,2,50,Local Road,PRICE,MOONEE VALLEY,-37.747047,144.89497,2023,7,July,9,Morning Peak,Weekday
T20230015715,2023-07-07,06:15:00,1,Collision with vehicle,5,Friday,113,RIGHT NEAR (INTERSECTIONS ONLY),3,244,T intersection,2,80,Arterial Highway,FRANKSTON GARDENS,FRANKSTON,-38.10733,145.16441,2023,7,July,6,Morning Peak,Weekday
T20230015717,2023-07-07,10:30:00,1,Collision with vehicle,5,Friday,121,RIGHT THROUGH,1,776811,T intersection,2,80,Local Road,LAUDERDALE,CASEY,-38.023525,145.3075,2023,7,July,10,Midday,Weekday
T20230015710,2023-07-07,05:45:00,4,Collision with a fixed object,5,Friday,175,OFF END OF ROAD/T-INTERSECTION.,5,57703,T intersection,2,80,Arterial Other,VENTNOR,BASS COAST,-38.4966,145.16043,2023,7,July,5,Morning Peak,Weekday
T20230015705,2023-07-07,00:10:00,6,Vehicle overturned (no collision),5,Friday,151,OUT OF CONTROL (OVERTAKING),3,777658,Multiple intersection,3,60,Arterial Other,BALACLAVA,GLEN EIRA,-37.872883,145.02632,2023,7,July,0,Late Night,Weekday
T20230015704,2023-07-07,01:17:00,4,Collision with a fixed object,5,Friday,183,OFF LEFT BEND INTO OBJECT/PARKED VEHICLE,3,778452,Not at intersection,2,80,Local Road,NORMANBY,GLEN EIRA,-37.86876,145.03181,2023,7,July,1,Late Night,Weekday
T20230016729,2023-07-07,18:20:00,1,Collision with vehicle,5,Friday,121,RIGHT THROUGH,2,40704,T intersection,3,60,Arterial Other,STEPHENSONS,MONASH,-37.87393,145.12935,2023,7,July,18,Afternoon Peak,Weekday
T20230016712,2023-07-07,17:45:00,2,Struck Pedestrian,5,Friday,102,FAR SIDE. PED HIT BY VEHICLE FROM THE LEFT,2,777340,Not at intersection,3,50,Local Road,NEILL,CASEY,-38.037933,145.35872,2023,7,July,17,Afternoon Peak,Weekday
T20230017988,2023-07-07,19:00:00,1,Collision with vehicle,5,Friday,110,CROSS TRAFFIC(INTERSECTIONS ONLY),2,60641,Cross intersection,3,60,Arterial Other,MACMEIKAN,WHITTLESEA,-37.511814,145.11557,2023,7,July,19,Night,Weekday
T20230021344,2023-07-07,15:55:00,1,Collision with vehicle,5,Friday,147,VEHICLE STRIKES ANOTHER VEH WHILE EMERGING FROM DRIVEWAY,1,795791,Not at intersection,3,60,Arterial Other,ST ALBANS,BRIMBANK,-37.75891,144.81099,2023,7,July,15,Afternoon Peak,Weekday
T20230015818,2023-07-07,15:45:00,1,Collision with vehicle,5,Friday,110,CROSS TRAFFIC(INTERSECTIONS ONLY),1,63428,Cross intersection,2,50,Local Road,BARROW,MORELAND,-37.752876,144.97098,2023,7,July,15,Afternoon Peak,Weekday
T20230015819,2023-07-07,14:10:00,1,Collision with vehicle,5,Friday,147,VEHICLE STRIKES ANOTHER VEH WHILE EMERGING FROM DRIVEWAY,1,778262,Not at intersection,3,70,Arterial Other,ST ALBANS,BRIMBANK,-37.74708,144.80208,2023,7,July,14,Midday,Weekday
T20230018370,2023-07-07,09:12:00,1,Collision with vehicle,5,Friday,130,REAR END(VEHICLES IN SAME LANE),1,795788,Not at intersection,3,60,Local Road,DOHERTYS,WYNDHAM,-37.827984,144.78418,2023,7,July,9,Morning Peak,Weekday
T20230016129,2023-07-07,14:45:00,7,Fall from or in moving vehicle,5,Friday,190,FELL IN/FROM VEHICLE,1,781135,Not at intersection,2,100,Local Road,WEHLA,CENTRAL GOLDFIELDS,-36.765884,143.56166,2023,7,July,14,Midday,Weekday
T20230015841,2023-07-07,17:10:00,1,Collision with vehicle,5,Friday,121,RIGHT THROUGH,2,787390,T intersection,2,60,Local Road,GABO,WYNDHAM,-37.866035,144.68478,2023,7,July,17,Afternoon Peak,Weekday
T20230015848,2023-07-07,18:14:00,1,Collision with vehicle,5,Friday,113,RIGHT NEAR (INTERSECTIONS ONLY),3,776955,T intersection,3,50,Local Road,REILLY,MAROONDAH,-37.826378,145.23044,2023,7,July,18,Afternoon Peak,Weekday
T20230023229,2023-07-07,10:31:00,1,Collision with vehicle,5,Friday,110,CROSS TRAFFIC(INTERSECTIONS ONLY),1,39805,Cross intersection,3,60,Local Road,JARVIS,MAROONDAH,-37.797615,145.30077,2023,7,July,10,Midday,Weekday
T20230018531,2023-07-07,16:00:00,6,Vehicle overturned (no collision),5,Friday,180,OFF CARRIAGEWAY ON RIGHT BEND,2,786034,Not at intersection,3,100,Arterial Other,DARLINGTON-CAMPERDOWN,CORANGAMITE,-38.170185,143.11346,2023,7,July,16,Afternoon Peak,Weekday
T20230016956,2023-07-07,10:00:00,1,Collision with vehicle,5,Friday,116,LEFT NEAR (INTERSECTIONS ONLY),1,253310,Cross intersection,3,60,Arterial Other,BARRABOOL,GEELONG,-38.16829,144.33076,2023,7,July,10,Midday,Weekday