ACCIDENT_NO,ACCIDENT_DATE,ACCIDENT_TIME,ACCIDENT_TYPE,ACCIDENT_TYPE_DESC,DAY_OF_WEEK,DAY_WEEK_DESC,DCA_CODE,DCA_DESC,LIGHT_CONDITION,NODE_ID,ROAD_GEOMETRY_DESC,SEVERITY,SPEED_ZONE,RMA,ROAD_NAME,LGA_NAME,LATITUDE,LONGITUDE,YEAR,MONTH,MONTH_NAME,HOUR,TIME_PERIOD,DAY_TYPE
T20230016372,2023-07-07,19:30:00,1,Collision with vehicle,5,Friday,110,CROSS TRAFFIC(INTERSECTIONS ONLY),3,63401,Cross intersection,3,50,Local Road,FORRESTER,MOONEE VALLEY,-37.751812,144.8957,2023,7,July,19,Night,Weekday
T20230016243,2023-07-07,16:00:00,1,Collision with vehicle,5,Friday,110,CROSS TRAFFIC(INTERSECTIONS ONLY),2,49140,Cross intersection,3,50,Arterial Other,KOROROIT CREEK,HOBSONS BAY,-37.856785,144.87856,2023,7,July,16,Afternoon Peak,Weekday
T20230015807,2023-07-07,10:15:00,4,Collision with a fixed object,5,Friday,151,OUT OF CONTROL (OVERTAKING),1,787512,Not at intersection,3,60,Local Road,CENTRAL,SHEPPARTON,-36.398888,145.46194,2023,7,July,10,Midday,Weekday
T20230015795,2023-07-07,18:00:00,2,Struck Pedestrian,5,Friday,102,FAR SIDE. PED HIT BY VEHICLE FROM THE LEFT,3,784428,Not at intersection,2,60,Local Road,FENTON,CORANGAMITE,-38.23905,143.1351,2023,7,July,18,Afternoon Peak,Weekday
T20230015900,2023-07-07,21:15:00,1,Collision with vehicle,5,Friday,133,LANE SIDE SWIPE (VEHICLES IN PARALLEL LANES),3,244237,Not at intersection,3,40,Arterial Other,VICTORIA,YARRA,-37.811424,145.00949,2023,7,July,21,Night,Weekday
T20230017175,2023-07-07,07:07:00,1,Collision with vehicle,5,Friday,130,REAR END(VEHICLES IN SAME LANE),2,777662,Not at intersection,3,80,Freeway,HUME,WODONGA,-36.093597,146.81084,2023,7,July,7,Morning Peak,Weekday
T20230015865,2023-07-08,18:46:00,1,Collision with vehicle,6,Saturday,120,HEAD ON (NOT OVERTAKING),5,778092,Not at intersection,2,80,Arterial Other,BALLARTO,FRANKSTON,-38.113552,145.16449,2023,7,July,18,Afternoon Peak,Weekend
T20230015971,2023-07-08,15:15:00,8,No collision and no object struck,6,Saturday,174,OUT OF CONTROL ON CARRIAGEWAY (ON STRAIGHT),1,777105,Not at intersection,2,50,Local Road,HARTNETT,FRANKSTON,-38.116905,145.14078,2023,7,July,15,Afternoon Peak,Weekend
T20230015838,2023-07-08,11:30:00,1,Collision with vehicle,6,Saturday,113,RIGHT NEAR (INTERSECTIONS ONLY),1,777128,Multiple intersection,2,70,Freeway,BACCHUS MARSH,GEELONG,-38.06021,144.35838,2023,7,July,11,Midday,Weekend
T20230015859,2023-07-08,13:30:00,2,Struck Pedestrian,6,Saturday,108,PED STRUCK WALKING TO/FROM OR BOARDING/ALIGHTING VEHICLE.,1,795993,Not at intersection,3,40,Local Road,MAIN,BANYULE,-37.703487,145.10426,2023,7,July,13,Midday,Weekend
T20230015857,2023-07-08,17:50:00,1,Collision with vehicle,6,Saturday,121,RIGHT THROUGH,5,47156,T intersection,3,60,Arterial Other,DUNCANS,WYNDHAM,-37.92709,144.70406,2023,7,July,17,Afternoon Peak,Weekend
T20230016251,2023-07-08,17:55:00,1,Collision with vehicle,6,Saturday,130,REAR END(VEHICLES IN SAME LANE),2,795786,Not at intersection,3,80,Freeway,WEST GATE,HOBSONS BAY,-37.82552,144.82623,2023,7,July,17,Afternoon Peak,Weekend
T20230015862,2023-07-08,18:20:00,2,Struck Pedestrian,6,Saturday,100,PED NEAR SIDE. PED HIT BY VEHICLE FROM THE RIGHT.,6,795783,T intersection,3,60,Local Road,WHITTAKER,MARIBYRNONG,-37.78262,144.86789,2023,7,July,18,Afternoon Peak,Weekend
T20230015869,2023-07-08,18:30:00,1,Collision with vehicle,6,Saturday,130,REAR END(VEHICLES IN SAME LANE),2,776982,Not at intersection,2,60,Local Road,CHURCH,GEELONG,-38.129868,144.33214,2023,7,July,18,Afternoon Peak,Weekend
T20230015892,2023-07-08,16:15:00,4,Collision with a fixed object,6,Saturday,171,LEFT OFF CARRIAGEWAY INTO OBJECT/PARKED VEHICLE,2,787092,Not at intersection,3,60,Arterial Other,GEELONG,BALLARAT,-37.624954,143.8789,2023,7,July,16,Afternoon Peak,Weekend
T20230019676,2023-07-08,14:30:00,5,collision with some other object,6,Saturday,166,STRUCK OBJECT ON CARRIAGEWAY,1,779443,Multiple intersection,3,80,Local Road,MERTON-STRATHBOGIE,MANSFIELD,-36.95241,145.73528,2023,7,July,14,Midday,Weekend
T20230015881,2023-07-08,23:40:00,4,Collision with a fixed object,6,Saturday,181,OFF RIGHT BEND INTO OBJECT/PARKED VEHICLE,5,780222,Not at intersection,3,100,Arterial Other,KIEWA VALLEY,ALPINE,-36.440548,147.02104,2023,7,July,23,Night,Weekend
T20230015845,2023-07-08,14:45:00,1,Collision with vehicle,6,Saturday,130,REAR END(VEHICLES IN SAME LANE),1,779023,Not at intersection,2,80,Arterial Highway,SOUTH GIPPSLAND,CASEY,-38.07427,145.27132,2023,7,July,14,Midday,Weekend
T20230018892,2023-07-08,13:40:00,6,Vehicle overturned (no collision),6,Saturday,179,OTHER ACCIDENTS-OFF STRAIGHT NOT INCLUDED IN DCAs 170-175,1,719529,Not at intersection,3,80,Arterial Highway,FERNTREE GULLY,KNOX,-37.899242,145.23323,2023,7,July,13,Midday,Weekend
T20230015836,2023-07-08,11:00:00,6,Vehicle overturned (no collision),6,Saturday,182,OFF CARRIAGEWAY ON LEFT BEND,1,776989,Not at intersection,2,40,Arterial Other,BOGONG HIGH PLAINS,ALPINE,-36.841164,147.24301,2023,7,July,11,Midday,Weekend
T20230015880,2023-07-08,21:00:00,1,Collision with vehicle,6,Saturday,160,VEHICLE COLLIDES WITH VEHICLE PARKED ON LEFT OF ROAD,3,796568,Not at intersection,2,40,Local Road,UNION,HUME,-37.63732,144.94261,2023,7,July,21,Night,Weekend
T20230017399,2023-07-08,10:35:00,8,No collision and no object struck,6,Saturday,151,OUT OF CONTROL (OVERTAKING),1,777815,Not at intersection,3,100,Arterial Highway,PRINCES,GLENELG,-38.100163,141.61331,2023,7,July,10,Midday,Weekend
T20230015805,2023-07-08,07:25:00,1,Collision with vehicle,6,Saturday,130,REAR END(VEHICLES IN SAME LANE),1,776953,Not at intersection,2,60,Arterial Other,TOWNSEND,BENDIGO,-36.769215,144.29219,2023,7,July,7,Morning Peak,Weekend
T20230015863,2023-07-08,17:55:00,1,Collision with vehicle,6,Saturday,130,REAR END(VEHICLES IN SAME LANE),3,777060,Not at intersection,3,100,Freeway,MONASH,MONASH,-37.895412,145.14543,2023,7,July,17,Afternoon Peak,Weekend
T20230015835,2023-07-08,12:15:00,1,Collision with vehicle,6,Saturday,136,RIGHT TURN SIDESWIPE,1,787835,Not at intersection,2,80,Arterial Highway,NEPEAN,GLEN EIRA,-37.92419,145.02603,2023,7,July,12,Midday,Weekend
T20230015799,2023-07-08,03:01:00,4,Collision with a fixed object,6,Saturday,181,OFF RIGHT BEND INTO OBJECT/PARKED VEHICLE,5,776978,Not at intersection,2,80,Arterial Other,MAIN SOUTH,BAW BAW,-38.16115,145.83186,2023,7,July,3,Late Night,Weekend
T20230015815,2023-07-08,08:30:00,4,Collision with a fixed object,6,Saturday,183,OFF LEFT BEND INTO OBJECT/PARKED VEHICLE,1,777073,Not at intersection,3,80,Local Road,COLDSTREAM WEST,YARRA RANGES,-37.71958,145.36812,2023,7,July,8,Morning Peak,Weekend
T20230015866,2023-07-08,16:30:00,1,Collision with vehicle,6,Saturday,163,VEHICLE STRIKES DOOR OF PARKED/STATIONARY VEHICLE,1,777061,Not at intersection,2,40,Local Road,BRUNSWICK,YARRA,-37.7942,144.97916,2023,7,July,16,Afternoon Peak,Weekend
T20230015908,2023-07-08,18:30:00,1,Collision with vehicle,6,Saturday,163,VEHICLE STRIKES DOOR OF PARKED/STATIONARY VEHICLE,3,777063,Not at intersection,3,40,Arterial Other,SYDNEY,MORELAND,-37.77464,144.96085,2023,7,July,18,Afternoon Peak,Weekend
T20230015831,2023-07-08,11:30:00,1,Collision with vehicle,6,Saturday,120,HEAD ON (NOT OVERTAKING),1,782831,Not at intersection,2,60,Local Road,FREESTONE CREEK,WELLINGTON,-37.80546,147.10709,2023,7,July,11,Midday,Weekend
T20230015817,2023-07-08,10:25:00,4,Collision with a fixed object,6,Saturday,183,OFF LEFT BEND INTO OBJECT/PARKED VEHICLE,1,793433,T intersection,3,50,Local Road,BURRALL,HEPBURN,-37.354702,144.13628,2023,7,July,10,Midday,Weekend
T20230017528,2023-07-08,18:40:00,1,Collision with vehicle,6,Saturday,135,LANE CHANGE LEFT (NOT OVERTAKING),2,257301,Cross intersection,3,50,Arterial Other,MT ALEXANDER,MOONEE VALLEY,-37.77306,144.92706,2023,7,July,18,Afternoon Peak,Weekend
T20230015858,2023-07-08,15:18:00,1,Collision with vehicle,6,Saturday,152,PULLING OUT (OVERTAKING),1,68700,T intersection,2,50,Local Road,FOOTE,BAYSIDE,-37.89215,144.9941,2023,7,July,15,Afternoon Peak,Weekend
T20230015877,2023-07-08,22:50:00,4,Collision with a fixed object,6,Saturday,183,OFF LEFT BEND INTO OBJECT/PARKED VEHICLE,5,787391,Not at intersection,2,40,Arterial Other,TYLDEN-WOODEND,MACEDON RANGES,-37.350815,144.5118,2023,7,July,22,Night,Weekend
T20230015813,2023-07-08,10:20:00,1,Collision with vehicle,6,Saturday,134,LANE CHANGE RIGHT (NOT OVERTAKING),1,776985,Not at intersection,2,40,Local Road,CHAPEL,STONNINGTON,-37.842487,144.99501,2023,7,July,10,Midday,Weekend
T20230015811,2023-07-08,07:14:00,5,collision with some other object,6,Saturday,166,STRUCK OBJECT ON CARRIAGEWAY,2,776979,Not at intersection,2,60,Arterial Other,BEACONSFIELD-EMERALD,CARDINIA,-38.016594,145.38632,2023,7,July,7,Morning Peak,Weekend
T20230015878,2023-07-08,16:30:00,1,Collision with vehicle,6,Saturday,130,REAR END(VEHICLES IN SAME LANE),2,778820,Not at intersection,3,100,Arterial Highway,MIDLAND,HEPBURN,-37.282948,144.15756,2023,7,July,16,Afternoon Peak,Weekend
T20230015872,2023-07-08,19:09:00,2,Struck Pedestrian,6,Saturday,102,FAR SIDE. PED HIT BY VEHICLE FROM THE LEFT,3,777131,Not at intersection,2,60,Local Road,ST ALBANS,GEELONG,-38.16694,144.37495,2023,7,July,19,Night,Weekend
T20230015904,2023-07-08,22:30:00,4,Collision with a fixed object,6,Saturday,171,LEFT OFF CARRIAGEWAY INTO OBJECT/PARKED VEHICLE,5,795990,Not at intersection,3,100,Arterial Other,HEATHCOTE-REDESDALE,BENDIGO,-36.961365,144.65367,2023,7,July,22,Night,Weekend
T20230015938,2023-07-09,20:20:00,1,Collision with vehicle,7,Sunday,113,RIGHT NEAR (INTERSECTIONS ONLY),3,225346,T intersection,3,60,Arterial Other,SYDNEY,MORELAND,-37.726597,144.96365,2023,7,July,20,Night,Weekend
T20230015979,2023-07-09,10:34:00,1,Collision with vehicle,7,Sunday,130,REAR END(VEHICLES IN SAME LANE),1,670995,T intersection,3,60,Arterial Highway,ELIMATTA,GLEN EIRA,-37.905865,145.05627,2023,7,July,10,Midday,Weekend
T20230015940,2023-07-09,21:59:00,1,Collision with vehicle,7,Sunday,110,CROSS TRAFFIC(INTERSECTIONS ONLY),3,339220,Cross intersection,2,80,Arterial Highway,NEPEAN,KINGSTON,-37.961742,145.05501,2023,7,July,21,Night,Weekend
T20230019436,2023-07-09,16:50:00,1,Collision with vehicle,7,Sunday,131,LEFT REAR,1,289584,Cross intersection,3,80,Arterial Highway,DANDENONG,DANDENONG,-38.00295,145.20798,2023,7,July,16,Afternoon Peak,Weekend
T20230017126,2023-07-09,19:00:00,1,Collision with vehicle,7,Sunday,135,LANE CHANGE LEFT (NOT OVERTAKING),2,787834,Not at intersection,3,80,Arterial Highway,SOUTH GIPPSLAND,DANDENONG,-38.01362,145.23161,2023,7,July,19,Night,Weekend
T20230017187,2023-07-09,17:40:00,1,Collision with vehicle,7,Sunday,130,REAR END(VEHICLES IN SAME LANE),2,777664,Not at intersection,3,70,Arterial Other,COBURG-CRAIGIEBURN,HUME,-37.68768,144.95776,2023,7,July,17,Afternoon Peak,Weekend
T20230015886,2023-07-09,03:00:00,4,Collision with a fixed object,7,Sunday,173,RIGHT OFF CARRIAGEWAY INTO OBJECT/PARKED VEHICLE,3,126743,Not at intersection,2,70,Arterial Other,BAYSWATER,MAROONDAH,-37.80674,145.2714,2023,7,July,3,Late Night,Weekend
T20230017843,2023-07-09,08:40:00,8,No collision and no object struck,7,Sunday,174,OUT OF CONTROL ON CARRIAGEWAY (ON STRAIGHT),1,53272,T intersection,2,40,Local Road,FRANKLIN,MELBOURNE,-37.809677,144.95547,2023,7,July,8,Morning Peak,Weekend
T20230017044,2023-07-09,18:00:00,2,Struck Pedestrian,7,Sunday,100,PED NEAR SIDE. PED HIT BY VEHICLE FROM THE RIGHT.,2,717408,T intersection,3,50,Arterial Other,PRINCES,WYNDHAM,-37.90053,144.66609,2023,7,July,18,Afternoon Peak,Weekend
T20230015936,2023-07-09,20:30:00,1,Collision with vehicle,7,Sunday,133,LANE SIDE SWIPE (VEHICLES IN PARALLEL LANES),3,777005,Not at intersection,3,60,Arterial Highway,EAGLEHAWK,BENDIGO,-36.739834,144.25908,2023,7,July,20,Night,Weekend
T20230015933,2023-07-09,20:00:00,1,Collision with vehicle,7,Sunday,121,RIGHT THROUGH,3,39959,Cross intersection,2,60,Arterial Other,BLACKSHAWS,HOBSONS BAY,-37.83207,144.85632,2023,7,July,20,Night,Weekend
T20230015932,2023-07-09,18:20:00,1,Collision with vehicle,7,Sunday,130,REAR END(VEHICLES IN SAME LANE),2,41183,T intersection,3,60,Arterial Other,JOHNSTONE,HUME,-37.681713,144.9092,2023,7,July,18,Afternoon Peak,Weekend
T20230015929,2023-07-09,19:40:00,3,Struck animal,7,Sunday,167,STRUCK ANIMAL,5,778283,Not at intersection,3,100,Arterial Other,KILMORE-LANCEFIELD,MITCHELL,-37.289433,144.89328,2023,7,July,19,Night,Weekend
T20230015927,2023-07-09,17:25:00,1,Collision with vehicle,7,Sunday,121,RIGHT THROUGH,5,795785,T intersection,2,80,Arterial Other,WELLINGTON,YARRA RANGES,-37.96117,145.3612,2023,7,July,17,Afternoon Peak,Weekend
T20230015891,2023-07-09,06:40:00,1,Collision with vehicle,7,Sunday,160,VEHICLE COLLIDES WITH VEHICLE PARKED ON LEFT OF ROAD,3,781416,Not at intersection,2,80,Arterial Highway,BURWOOD,WHITEHORSE,-37.851635,145.12988,2023,7,July,6,Morning Peak,Weekend
T20230015949,2023-07-09,22:15:00,4,Collision with a fixed object,7,Sunday,181,OFF RIGHT BEND INTO OBJECT/PARKED VEHICLE,5,779024,Not at intersection,1,80,Arterial Other,EUROA-MANSFIELD,STRATHBOGIE,-36.928314,145.65965,2023,7,July,22,Night,Weekend
T20230015895,2023-07-09,05:48:00,4,Collision with a fixed object,7,Sunday,171,LEFT OFF CARRIAGEWAY INTO OBJECT/PARKED VEHICLE,3,787093,Not at intersection,3,60,Arterial Highway,DIMBOOLA,HORSHAM,-36.707226,142.18942,2023,7,July,5,Morning Peak,Weekend
T20230015947,2023-07-09,23:19:00,4,Collision with a fixed object,7,Sunday,183,OFF LEFT BEND INTO OBJECT/PARKED VEHICLE,5,788007,Not at intersection,2,60,Arterial Other,MOUNT DANDENONG TOURIST,YARRA RANGES,-37.892372,145.32533,2023,7,July,23,Night,Weekend
T20230016049,2023-07-09,18:33:00,2,Struck Pedestrian,7,Sunday,106,VEH STRIKES PED ON FOOTPATH/MEDIAN/TRAFFIC ISLAND.,3,795989,Not at intersection,3,60,Arterial Highway,ALBERT,MOYNE,-38.381073,142.22937,2023,7,July,18,Afternoon Peak,Weekend
T20230019020,2023-07-10,17:20:00,1,Collision with vehicle,1,Monday,133,LANE SIDE SWIPE (VEHICLES IN PARALLEL LANES),1,288809,Not at intersection,3,60,Freeway,SYDNEY,HUME,-37.691727,144.95833,2023,7,July,17,Afternoon Peak,Weekday
T20230015996,2023-07-10,16:15:00,1,Collision with vehicle,1,Monday,147,VEHICLE STRIKES ANOTHER VEH WHILE EMERGING FROM DRIVEWAY,1,777008,Not at intersection,2,50,Local Road,MOORE,MORELAND,-37.754555,144.97224,2023,7,July,16,Afternoon Peak,Weekday
T20230017248,2023-07-10,18:00:00,1,Collision with vehicle,1,Monday,147,VEHICLE STRIKES ANOTHER VEH WHILE EMERGING FROM DRIVEWAY,2,777720,Not at intersection,3,50,Local Road,GRACE PARK,DANDENONG,-37.95586,145.15466,2023,7,July,18,Afternoon Peak,Weekday
T20230015975,2023-07-10,13:01:00,2,Struck Pedestrian,1,Monday,108,PED STRUCK WALKING TO/FROM OR BOARDING/ALIGHTING VEHICLE.,1,264032,Not at intersection,2,40,Arterial Other,WELLINGTON,MELBOURNE,-37.816494,144.9862,2023,7,July,13,Midday,Weekday
T20230015997,2023-07-10,17:35:00,1,Collision with vehicle,1,Monday,130,REAR END(VEHICLES IN SAME LANE),2,777659,Not at intersection,3,60,Arterial Highway,HIGH,BENDIGO,-36.779106,144.25084,2023,7,July,17,Afternoon Peak,Weekday
T20230016001,2023-07-10,14:33:00,1,Collision with vehicle,1,Monday,121,RIGHT THROUGH,1,221405,T intersection,3,80,Arterial Other,SYDNEY,HUME,-37.663223,144.9546,2023,7,July,14,Midday,Weekday
T20230016096,2023-07-10,19:20:00,1,Collision with vehicle,1,Monday,110,CROSS TRAFFIC(INTERSECTIONS ONLY),2,38643,Cross intersection,3,80,Arterial Highway,GEELONG,MARIBYRNONG,-37.80728,144.87657,2023,7,July,19,Night,Weekday
T20230016016,2023-07-10,18:20:00,1,Collision with vehicle,1,Monday,121,RIGHT THROUGH,5,791069,T intersection,2,100,Arterial Highway,MURRAY VALLEY,SWAN HILL,-35.282555,143.53123,2023,7,July,18,Afternoon Peak,Weekday
T20230023153,2023-07-10,07:10:00,3,Struck animal,1,Monday,167,STRUCK ANIMAL,2,782391,Not at intersection,3,80,Local Road,GUYS HILL,BENDIGO,-36.795643,144.32803,2023,7,July,7,Morning Peak,Weekday
T20230015950,2023-07-10,04:50:00,4,Collision with a fixed object,1,Monday,181,OFF RIGHT BEND INTO OBJECT/PARKED VEHICLE,3,786009,Not at intersection,3,50,Arterial Other,WILLIAMS,STONNINGTON,-37.836006,145.0056,2023,7,July,4,Late Night,Weekday
T20230017206,2023-07-10,15:00:00,1,Collision with vehicle,1,Monday,113,RIGHT NEAR (INTERSECTIONS ONLY),1,777981,T intersection,3,50,Local Road,WORTHWENT,MELTON,-37.726414,144.73848,2023,7,July,15,Afternoon Peak,Weekday
T20230017877,2023-07-10,18:15:00,1,Collision with vehicle,1,Monday,131,LEFT REAR,2,778368,Not at intersection,3,50,Local Road,NICHOLSON,MELBOURNE,-37.809486,144.97293,2023,7,July,18,Afternoon Peak,Weekday
T20230017845,2023-07-10,17:45:00,1,Collision with vehicle,1,Monday,121,RIGHT THROUGH,2,29397,Cross intersection,3,60,Arterial Other,VICTORIA,MELBOURNE,-37.807293,144.96884,2023,7,July,17,Afternoon Peak,Weekday
T20230016013,2023-07-10,21:45:00,1,Collision with vehicle,1,Monday,130,REAR END(VEHICLES IN SAME LANE),3,779734,Not at intersection,2,60,Freeway,CITYLINK,MORELAND,-37.75617,144.93747,2023,7,July,21,Night,Weekday
T20230016045,2023-07-10,20:40:00,4,Collision with a fixed object,1,Monday,171,LEFT OFF CARRIAGEWAY INTO OBJECT/PARKED VEHICLE,3,43119,Cross intersection,2,60,Local Road,LIQUIDAMBER,CASEY,-37.980846,145.24072,2023,7,July,20,Night,Weekday
T20230015977,2023-07-10,12:30:00,6,Vehicle overturned (no collision),1,Monday,172,OFF CARRIAGEWAY TO RIGHT,1,787392,Not at intersection,2,100,Arterial Highway,CALDER,BULOKE,-36.138985,143.28409,2023,7,July,12,Midday,Weekday
T20230015954,2023-07-10,08:45:00,1,Collision with vehicle,1,Monday,147,VEHICLE STRIKES ANOTHER VEH WHILE EMERGING FROM DRIVEWAY,2,777158,Not at intersection,3,60,Arterial Other,GRIMSHAW,BANYULE,-37.702377,145.08267,2023,7,July,8,Morning Peak,Weekday
T20230016010,2023-07-10,11:30:00,1,Collision with vehicle,1,Monday,147,VEHICLE STRIKES ANOTHER VEH WHILE EMERGING FROM DRIVEWAY,1,794418,Not at intersection,3,60,Arterial Other,MURRAY,DAREBIN,-37.73772,145.00148,2023,7,July,11,Midday,Weekday
T20230016007,2023-07-10,18:34:00,6,Vehicle overturned (no collision),1,Monday,170,OFF CARRIAGEWAY TO LEFT,2,338480,Cross intersection,3,60,Arterial Other,BOUNDARY,BRIMBANK,-37.81188,144.76897,2023,7,July,18,Afternoon Peak,Weekday
T20230015995,2023-07-10,15:43:00,2,Struck Pedestrian,1,Monday,102,FAR SIDE. PED HIT BY VEHICLE FROM THE LEFT,1,777244,Not at intersection,2,50,Local Road,WENDOUREE,BALLARAT,-37.556652,143.8346,2023,7,July,15,Afternoon Peak,Weekday
T20230015957,2023-07-10,09:43:00,2,Struck Pedestrian,1,Monday,100,PED NEAR SIDE. PED HIT BY VEHICLE FROM THE RIGHT.,1,777104,Not at intersection,2,80,Local Road,PATTERSONS,CASEY,-38.118973,145.32909,2023,7,July,9,Morning Peak,Weekday
T20230018139,2023-07-10,07:30:00,8,No collision and no object struck,1,Monday,174,OUT OF CONTROL ON CARRIAGEWAY (ON STRAIGHT),1,36902,T intersection,3,50,Local Road,CHESSELL,PORT PHILLIP,-37.8284,144.96126,2023,7,July,7,Morning Peak,Weekday
T20230016006,2023-07-10,17:20:00,1,Collision with vehicle,1,Monday,130,REAR END(VEHICLES IN SAME LANE),2,779991,T intersection,2,100,Arterial Highway,WESTERN,HINDMARSH,-36.468132,142.07454,2023,7,July,17,Afternoon Peak,Weekday
T20230016715,2023-07-10,12:55:00,1,Collision with vehicle,1,Monday,130,REAR END(VEHICLES IN SAME LANE),1,795913,Not at intersection,3,80,Arterial Highway,DANDENONG,MONASH,-37.921425,145.13855,2023,7,July,12,Midday,Weekday
T20230015985,2023-07-10,12:30:00,1,Collision with vehicle,1,Monday,130,REAR END(VEHICLES IN SAME LANE),9,777532,T intersection,3,100,Local Road,HENRY LAWSON,CASEY,-38.048668,145.25629,2023,7,July,12,Midday,Weekday
T20230016087,2023-07-11,16:00:00,1,Collision with vehicle,2,Tuesday,136,RIGHT TURN SIDESWIPE,1,295113,Not at intersection,3,40,Arterial Other,COMMERCIAL,MELBOURNE,-37.845585,144.98425,2023,7,July,16,Afternoon Peak,Weekday
T20230016086,2023-07-11,16:20:00,1,Collision with vehicle,2,Tuesday,120,HEAD ON (NOT OVERTAKING),1,777068,Not at intersection,2,60,Arterial Other,GORGE,WHITTLESEA,-37.652435,145.09969,2023,7,July,16,Afternoon Peak,Weekday
T20230016072,2023-07-11,12:25:00,4,Collision with a fixed object,2,Tuesday,173,RIGHT OFF CARRIAGEWAY INTO OBJECT/PARKED VEHICLE,1,786905,Not at intersection,2,100,Arterial Highway,PRINCES,MOYNE,-38.358517,142.14302,2023,7,July,12,Midday,Weekday
T20230016059,2023-07-11,09:25:00,6,Vehicle overturned (no collision),2,Tuesday,170,OFF CARRIAGEWAY TO LEFT,2,777710,Not at intersection,3,80,Arterial Other,SOMERTON,HUME,-37.637302,144.89973,2023,7,July,9,Morning Peak,Weekday
T20230016055,2023-07-11,09:00:00,1,Collision with vehicle,2,Tuesday,130,REAR END(VEHICLES IN SAME LANE),1,777190,Not at intersection,3,60,Arterial Other,RINGWOOD-WARRANDYTE,MANNINGHAM,-37.736732,145.22452,2023,7,July,9,Morning Peak,Weekday
T20230016052,2023-07-11,09:00:00,1,Collision with vehicle,2,Tuesday,130,REAR END(VEHICLES IN SAME LANE),1,777067,Not at intersection,3,40,Local Road,GOURLAY,MELTON,-37.700565,144.74257,2023,7,July,9,Morning Peak,Weekday
T20230016023,2023-07-11,05:09:00,1,Collision with vehicle,2,Tuesday,121,RIGHT THROUGH,2,779309,T intersection,2,80,Arterial Other,DUNCANS,WYNDHAM,-37.918846,144.6942,2023,7,July,5,Morning Peak,Weekday
T20230016026,2023-07-11,06:15:00,1,Collision with vehicle,2,Tuesday,160,VEHICLE COLLIDES WITH VEHICLE PARKED ON LEFT OF ROAD,2,778093,Not at intersection,3,60,Local Road,COLEMANS,FRANKSTON,-38.087246,145.16835,2023,7,July,6,Morning Peak,Weekday
T20230016028,2023-07-11,07:05:00,1,Collision with vehicle,2,Tuesday,121,RIGHT THROUGH,1,796019,Cross intersection,3,80,Arterial Other,BORONIA,KNOX,-37.846115,145.21645,2023,7,July,7,Morning Peak,Weekday
T20230016030,2023-07-11,08:24:00,1,Collision with vehicle,2,Tuesday,130,REAR END(VEHICLES IN SAME LANE),2,777875,Not at intersection,2,60,Arterial Other,ELGAR,WHITEHORSE,-37.82756,145.11293,2023,7,July,8,Morning Peak,Weekday
T20230016033,2023-07-11,07:30:00,6,Vehicle overturned (no collision),2,Tuesday,174,OUT OF CONTROL ON CARRIAGEWAY (ON STRAIGHT),2,777479,Not at intersection,3,100,Arterial Highway,GEELONG RING,GEELONG,-38.21145,144.24803,2023,7,July,7,Morning Peak,Weekday
T20230016036,2023-07-11,06:52:00,1,Collision with vehicle,2,Tuesday,160,VEHICLE COLLIDES WITH VEHICLE PARKED ON LEFT OF ROAD,2,778033,Not at intersection,3,60,Arterial Other,BEACH,BAYSIDE,-37.954533,145.00595,2023,7,July,6,Morning Peak,Weekday
T20230016037,2023-07-11,09:54:00,1,Collision with vehicle,2,Tuesday,160,VEHICLE COLLIDES WITH VEHICLE PARKED ON LEFT OF ROAD,1,778034,Not at intersection,2,50,Local Road,ALFRED,GLEN EIRA,-37.88314,145.02383,2023,7,July,9,Morning Peak,Weekday
T20230016367,2023-07-11,09:20:00,1,Collision with vehicle,2,Tuesday,113,RIGHT NEAR (INTERSECTIONS ONLY),1,796022,T intersection,3,60,Local Road,LEAKES,WYNDHAM,-37.833256,144.68204,2023,7,July,9,Morning Peak,Weekday
T20230016038,2023-07-11,10:30:00,4,Collision with a fixed object,2,Tuesday,171,LEFT OFF CARRIAGEWAY INTO OBJECT/PARKED VEHICLE,1,777122,Not at intersection,2,100,Arterial Other,BAXTER-TOORADIN,CASEY,-38.20439,145.24763,2023,7,July,10,Midday,Weekday
T20230016997,2023-07-11,08:34:00,1,Collision with vehicle,2,Tuesday,130,REAR END(VEHICLES IN SAME LANE),2,777567,Not at intersection,3,80,Freeway,METROPOLITAN RING IN-HUME,MORELAND,-37.69203,144.9623,2023,7,July,8,Morning Peak,Weekday
T20230016336,2023-07-11,18:30:00,8,No collision and no object struck,2,Tuesday,174,OUT OF CONTROL ON CARRIAGEWAY (ON STRAIGHT),4,38625,T intersection,3,50,Arterial Other,SUNSHINE,MARIBYRNONG,-37.800625,144.87167,2023,7,July,18,Afternoon Peak,Weekday
T20230016041,2023-07-11,06:59:00,1,Collision with vehicle,2,Tuesday,121,RIGHT THROUGH,2,64153,T intersection,2,50,Local Road,LITTLE GOLD,MORELAND,-37.77418,144.9603,2023,7,July,6,Morning Peak,Weekday
T20230016048,2023-07-11,10:40:00,1,Collision with vehicle,2,Tuesday,121,RIGHT THROUGH,1,44907,T intersection,3,70,Arterial Other,STATION,BRIMBANK,-37.77123,144.77461,2023,7,July,10,Midday,Weekday
T20230016185,2023-07-11,11:23:00,1,Collision with vehicle,2,Tuesday,121,RIGHT THROUGH,1,852,T intersection,2,60,Arterial Other,CHANDLER,DANDENONG,-37.97359,145.18585,2023,7,July,11,Midday,Weekday
T20230016700,2023-07-11,08:30:00,1,Collision with vehicle,2,Tuesday,110,CROSS TRAFFIC(INTERSECTIONS ONLY),2,37842,Cross intersection,3,60,Local Road,GILBERT,DAREBIN,-37.74863,144.98837,2023,7,July,8,Morning Peak,Weekday