ACCIDENT_NO,ACCIDENT_DATE,ACCIDENT_TIME,ACCIDENT_TYPE,ACCIDENT_TYPE_DESC,DAY_OF_WEEK,DAY_WEEK_DESC,DCA_CODE,DCA_DESC,LIGHT_CONDITION,NODE_ID,ROAD_GEOMETRY_DESC,SEVERITY,SPEED_ZONE,RMA,ROAD_NAME,LGA_NAME,LATITUDE,LONGITUDE,YEAR,MONTH,MONTH_NAME,HOUR,TIME_PERIOD,DAY_TYPE
T20230016181,2023-07-11,17:45:00,1,Collision with vehicle,2,Tuesday,148,VEHICLE OFF FOOTPATH STRIKES VEH ON CARRIAGEWAY,3,777125,Not at intersection,3,60,Local Road,SHAWS,WYNDHAM,-37.888546,144.64833,2023,7,July,17,Afternoon Peak,Weekday
T20230016088,2023-07-11,16:30:00,2,Struck Pedestrian,2,Tuesday,100,PED NEAR SIDE. PED HIT BY VEHICLE FROM THE RIGHT.,2,777114,T intersection,3,50,Local Road,BELAIR,MORELAND,-37.70447,144.91566,2023,7,July,16,Afternoon Peak,Weekday
T20230016089,2023-07-11,18:47:00,1,Collision with vehicle,2,Tuesday,130,REAR END(VEHICLES IN SAME LANE),5,796145,Not at intersection,3,100,Freeway,METROPOLITAN RING,WHITTLESEA,-37.686592,145.0509,2023,7,July,18,Afternoon Peak,Weekday
T20230016766,2023-07-11,08:45:00,1,Collision with vehicle,2,Tuesday,130,REAR END(VEHICLES IN SAME LANE),2,96434,Not at intersection,3,60,Arterial Highway,DANDENONG,MONASH,-37.91117,145.1222,2023,7,July,8,Morning Peak,Weekday
T20230016091,2023-07-11,17:52:00,1,Collision with vehicle,2,Tuesday,130,REAR END(VEHICLES IN SAME LANE),3,777192,Not at intersection,2,100,Freeway,MONASH,DANDENONG,-37.9652,145.23315,2023,7,July,17,Afternoon Peak,Weekday
T20230016095,2023-07-11,19:45:00,6,Vehicle overturned (no collision),2,Tuesday,151,OUT OF CONTROL (OVERTAKING),3,787517,Not at intersection,2,60,Arterial Highway,MONTAGUE,MELBOURNE,-37.82474,144.94835,2023,7,July,19,Night,Weekday
T20230016098,2023-07-11,17:30:00,1,Collision with vehicle,2,Tuesday,130,REAR END(VEHICLES IN SAME LANE),2,779420,Cross intersection,2,100,Arterial Other,QUEENSCLIFF,GEELONG,-38.13098,144.65349,2023,7,July,17,Afternoon Peak,Weekday
T20230019590,2023-07-11,20:00:00,1,Collision with vehicle,2,Tuesday,113,RIGHT NEAR (INTERSECTIONS ONLY),3,45051,T intersection,3,60,Arterial Other,MCINTYRE,BRIMBANK,-37.762554,144.83119,2023,7,July,20,Night,Weekday
T20230016101,2023-07-11,18:48:00,2,Struck Pedestrian,2,Tuesday,100,PED NEAR SIDE. PED HIT BY VEHICLE FROM THE RIGHT.,2,778705,T intersection,2,80,Arterial Highway,PRINCES,CASEY,-38.006275,145.27339,2023,7,July,18,Afternoon Peak,Weekday
T20230016104,2023-07-11,16:07:00,4,Collision with a fixed object,2,Tuesday,171,LEFT OFF CARRIAGEWAY INTO OBJECT/PARKED VEHICLE,1,788190,T intersection,2,50,Local Road,MCLAREN,HUME,-37.705208,144.87248,2023,7,July,16,Afternoon Peak,Weekday
T20230016257,2023-07-11,15:00:00,2,Struck Pedestrian,2,Tuesday,100,PED NEAR SIDE. PED HIT BY VEHICLE FROM THE RIGHT.,1,777194,Not at intersection,3,50,Local Road,UNION,STONNINGTON,-37.85733,145.0205,2023,7,July,15,Afternoon Peak,Weekday
T20230016105,2023-07-11,18:10:00,1,Collision with vehicle,2,Tuesday,120,HEAD ON (NOT OVERTAKING),2,778292,Not at intersection,3,60,Local Road,RAILWAY,WYNDHAM,-37.895462,144.66972,2023,7,July,18,Afternoon Peak,Weekday
T20230016107,2023-07-11,20:35:00,1,Collision with vehicle,2,Tuesday,113,RIGHT NEAR (INTERSECTIONS ONLY),3,58798,Y intersection,3,80,Arterial Highway,MURRAY VALLEY,TOWONG,-36.22149,147.17192,2023,7,July,20,Night,Weekday
T20230016108,2023-07-11,20:46:00,1,Collision with vehicle,2,Tuesday,130,REAR END(VEHICLES IN SAME LANE),2,780826,T intersection,3,60,Arterial Highway,BELL,MORELAND,-37.741413,144.96715,2023,7,July,20,Night,Weekday
T20230016902,2023-07-11,09:30:00,1,Collision with vehicle,2,Tuesday,110,CROSS TRAFFIC(INTERSECTIONS ONLY),1,1309,Cross intersection,3,60,Arterial Other,MICKLEHAM,HUME,-37.562,144.87666,2023,7,July,9,Morning Peak,Weekday
T20230016109,2023-07-11,23:20:00,1,Collision with vehicle,2,Tuesday,110,CROSS TRAFFIC(INTERSECTIONS ONLY),3,51063,Cross intersection,3,40,Local Road,DUDLEY,SHEPPARTON,-36.383686,145.41037,2023,7,July,23,Night,Weekday
T20230016111,2023-07-11,22:20:00,1,Collision with vehicle,2,Tuesday,110,CROSS TRAFFIC(INTERSECTIONS ONLY),3,796020,Cross intersection,2,60,Local Road,REYNARD,MORELAND,-37.746544,144.9445,2023,7,July,22,Night,Weekday
T20230020275,2023-07-11,14:28:00,1,Collision with vehicle,2,Tuesday,110,CROSS TRAFFIC(INTERSECTIONS ONLY),1,779926,Cross intersection,3,100,Arterial Highway,HENTY,YARRIAMBIACK,-36.44911,142.37993,2023,7,July,14,Midday,Weekday
T20230016151,2023-07-11,12:31:00,1,Collision with vehicle,2,Tuesday,121,RIGHT THROUGH,1,777117,Not at intersection,2,60,Local Road,MCNAUGHTON,MONASH,-37.92423,145.1406,2023,7,July,12,Midday,Weekday
T20230017065,2023-07-11,19:00:00,1,Collision with vehicle,2,Tuesday,148,VEHICLE OFF FOOTPATH STRIKES VEH ON CARRIAGEWAY,3,65743,Cross intersection,3,40,Local Road,ELIZABETH,MELBOURNE,-37.810318,144.96136,2023,7,July,19,Night,Weekday
T20230016135,2023-07-11,12:05:00,2,Struck Pedestrian,2,Tuesday,101,PED EMERGES FROM IN FRONT OF PARKED OR STATIONARY VEHICLE,1,787323,Not at intersection,3,40,Local Road,CLARENDON,CENTRAL GOLDFIELDS,-37.0466,143.73686,2023,7,July,12,Midday,Weekday
T20230016131,2023-07-11,06:49:00,1,Collision with vehicle,2,Tuesday,130,REAR END(VEHICLES IN SAME LANE),3,799190,Cross intersection,3,30,Arterial Other,MELTON HIGHWAY -SUNSHINE,BRIMBANK,-37.701946,144.80157,2023,7,July,6,Morning Peak,Weekday
T20230016519,2023-07-11,18:00:00,1,Collision with vehicle,2,Tuesday,130,REAR END(VEHICLES IN SAME LANE),2,36481,Cross intersection,3,50,Arterial Other,BRUNSWICK,YARRA,-37.78973,144.97992,2023,7,July,18,Afternoon Peak,Weekday
T20230017542,2023-07-11,10:27:00,1,Collision with vehicle,2,Tuesday,130,REAR END(VEHICLES IN SAME LANE),1,779324,Not at intersection,3,60,Arterial Other,BURWOOD,YARRA RANGES,-37.906467,145.34329,2023,7,July,10,Midday,Weekday
T20230016114,2023-07-11,08:00:00,1,Collision with vehicle,2,Tuesday,130,REAR END(VEHICLES IN SAME LANE),2,781829,Not at intersection,3,80,Freeway,CITYLINK IN-WEST GATE IN,MELBOURNE,-37.82506,144.93077,2023,7,July,8,Morning Peak,Weekday
T20230016113,2023-07-11,08:15:00,1,Collision with vehicle,2,Tuesday,130,REAR END(VEHICLES IN SAME LANE),1,796021,Not at intersection,2,80,Arterial Other,COBURG-CRAIGIEBURN,HUME,-37.610413,144.94629,2023,7,July,8,Morning Peak,Weekday
T20230016213,2023-07-12,07:00:00,1,Collision with vehicle,3,Wednesday,110,CROSS TRAFFIC(INTERSECTIONS ONLY),3,43460,Cross intersection,3,60,Local Road,WILLIAMS,FRANKSTON,-38.152542,145.12523,2023,7,July,7,Morning Peak,Weekday
T20230016179,2023-07-12,19:00:00,1,Collision with vehicle,3,Wednesday,134,LANE CHANGE RIGHT (NOT OVERTAKING),3,780391,Not at intersection,2,80,Freeway,CITYLINK,MORELAND,-37.744953,144.9341,2023,7,July,19,Night,Weekday
T20230016407,2023-07-12,09:30:00,1,Collision with vehicle,3,Wednesday,130,REAR END(VEHICLES IN SAME LANE),1,777923,T intersection,3,40,Arterial Other,MAIN,NILLUMBIK,-37.711494,145.14914,2023,7,July,9,Morning Peak,Weekday
T20230024453,2023-07-12,16:00:00,1,Collision with vehicle,3,Wednesday,130,REAR END(VEHICLES IN SAME LANE),2,789764,Not at intersection,3,60,Local Road,BOUNDARY,MELTON,-37.80373,144.684,2023,7,July,16,Afternoon Peak,Weekday
T20230016280,2023-07-12,15:20:00,1,Collision with vehicle,3,Wednesday,130,REAR END(VEHICLES IN SAME LANE),1,777213,Not at intersection,3,100,Freeway,WESTERN RING,BRIMBANK,-37.81412,144.80823,2023,7,July,15,Afternoon Peak,Weekday
T20230016120,2023-07-12,08:37:00,1,Collision with vehicle,3,Wednesday,121,RIGHT THROUGH,1,777115,T intersection,2,50,Arterial Highway,BAILLIE STREET -DOOEN,HORSHAM,-36.711647,142.20554,2023,7,July,8,Morning Peak,Weekday
T20230016196,2023-07-12,11:54:00,1,Collision with vehicle,3,Wednesday,120,HEAD ON (NOT OVERTAKING),1,777081,Not at intersection,1,100,Arterial Highway,NORTHERN,MITCHELL,-36.976227,144.76736,2023,7,July,11,Midday,Weekday
T20230016126,2023-07-12,09:50:00,1,Collision with vehicle,3,Wednesday,110,CROSS TRAFFIC(INTERSECTIONS ONLY),1,17751,Cross intersection,2,100,Local Road,CHANNEL,MOIRA,-36.040844,146.01358,2023,7,July,9,Morning Peak,Weekday
T20230018869,2023-07-12,20:00:00,1,Collision with vehicle,3,Wednesday,130,REAR END(VEHICLES IN SAME LANE),3,796429,T intersection,3,60,Arterial Highway,MARONG,BENDIGO,-36.757607,144.25903,2023,7,July,20,Night,Weekday
T20230016193,2023-07-12,20:00:00,4,Collision with a fixed object,3,Wednesday,183,OFF LEFT BEND INTO OBJECT/PARKED VEHICLE,5,787394,Not at intersection,2,70,Arterial Other,TYLDEN-WOODEND,MACEDON RANGES,-37.33434,144.4226,2023,7,July,20,Night,Weekday
T20230016191,2023-07-12,20:27:00,1,Collision with vehicle,3,Wednesday,130,REAR END(VEHICLES IN SAME LANE),3,788179,Not at intersection,3,60,Arterial Other,BALLARAT,MARIBYRNONG,-37.779778,144.85268,2023,7,July,20,Night,Weekday
T20230016180,2023-07-12,15:40:00,2,Struck Pedestrian,3,Wednesday,102,FAR SIDE. PED HIT BY VEHICLE FROM THE LEFT,1,778242,Not at intersection,2,40,Local Road,WATSONS,MONASH,-37.899597,145.16849,2023,7,July,15,Afternoon Peak,Weekday
T20230016128,2023-07-12,07:50:00,1,Collision with vehicle,3,Wednesday,130,REAR END(VEHICLES IN SAME LANE),2,777212,Not at intersection,3,60,Local Road,MONT ALBERT,BOROONDARA,-37.81702,145.06918,2023,7,July,7,Morning Peak,Weekday
T20230016130,2023-07-12,09:25:00,2,Struck Pedestrian,3,Wednesday,102,FAR SIDE. PED HIT BY VEHICLE FROM THE LEFT,1,260370,Cross intersection,3,50,Local Road,GIBSON,HOBSONS BAY,-37.87661,144.77232,2023,7,July,9,Morning Peak,Weekday
T20230016133,2023-07-12,10:53:00,4,Collision with a fixed object,3,Wednesday,171,LEFT OFF CARRIAGEWAY INTO OBJECT/PARKED VEHICLE,1,777127,Not at intersection,3,80,Local Road,STUHRS,BAW BAW,-38.163445,146.02013,2023,7,July,10,Midday,Weekday
T20230016134,2023-07-12,08:45:00,2,Struck Pedestrian,3,Wednesday,100,PED NEAR SIDE. PED HIT BY VEHICLE FROM THE RIGHT.,2,777282,Not at intersection,3,50,Local Road,CENTRAL,CASEY,-38.094685,145.25598,2023,7,July,8,Morning Peak,Weekday
T20230016144,2023-07-12,11:26:00,6,Vehicle overturned (no collision),3,Wednesday,189,OTHER ACCIDENTS ON CURVE NOT INCLUDED IN DCAs 180-184,1,777804,Not at intersection,3,50,Arterial Other,WARREN,CAMPASPE,-36.122257,144.74109,2023,7,July,11,Midday,Weekday
T20230016146,2023-07-12,11:39:00,1,Collision with vehicle,3,Wednesday,130,REAR END(VEHICLES IN SAME LANE),1,783195,Not at intersection,2,100,Freeway,PRINCES,CARDINIA,-38.074036,145.3986,2023,7,July,11,Midday,Weekday
T20230016147,2023-07-12,08:20:00,1,Collision with vehicle,3,Wednesday,110,CROSS TRAFFIC(INTERSECTIONS ONLY),1,777116,Cross intersection,2,50,Local Road,AITKEN,HUME,-37.59009,144.9107,2023,7,July,8,Morning Peak,Weekday
T20230016152,2023-07-12,07:01:00,2,Struck Pedestrian,3,Wednesday,100,PED NEAR SIDE. PED HIT BY VEHICLE FROM THE RIGHT.,2,777160,T intersection,3,50,Local Road,MEROLA,HUME,-37.651257,144.95526,2023,7,July,7,Morning Peak,Weekday
T20230016154,2023-07-12,11:45:00,4,Collision with a fixed object,3,Wednesday,173,RIGHT OFF CARRIAGEWAY INTO OBJECT/PARKED VEHICLE,1,796409,Not at intersection,2,100,Local Road,WYPERFELD,YARRIAMBIACK,-35.63852,142.12013,2023,7,July,11,Midday,Weekday
T20230016491,2023-07-12,10:52:00,1,Collision with vehicle,3,Wednesday,113,RIGHT NEAR (INTERSECTIONS ONLY),1,48852,T intersection,3,60,Local Road,FLINDERS,DAREBIN,-37.75725,145.01352,2023,7,July,10,Midday,Weekday
T20230016160,2023-07-12,15:15:00,1,Collision with vehicle,3,Wednesday,136,RIGHT TURN SIDESWIPE,1,72763,Cross intersection,2,80,Local Road,COPELAND,LATROBE,-38.198406,146.49553,2023,7,July,15,Afternoon Peak,Weekday
T20230019336,2023-07-12,19:00:00,4,Collision with a fixed object,3,Wednesday,171,LEFT OFF CARRIAGEWAY INTO OBJECT/PARKED VEHICLE,9,788010,Not at intersection,2,80,Local Road,MACCLESFIELD,YARRA RANGES,-37.885017,145.47699,2023,7,July,19,Night,Weekday
T20230016164,2023-07-12,15:48:00,1,Collision with vehicle,3,Wednesday,121,RIGHT THROUGH,1,51034,Cross intersection,2,100,Local Road,REITH,WANGARATTA,-36.3723,146.27182,2023,7,July,15,Afternoon Peak,Weekday
T20230016165,2023-07-12,15:00:00,4,Collision with a fixed object,3,Wednesday,183,OFF LEFT BEND INTO OBJECT/PARKED VEHICLE,1,777130,Not at intersection,2,100,Local Road,VALENCIA CREEK-BRIAGOLONG,WELLINGTON,-37.82529,146.9803,2023,7,July,15,Afternoon Peak,Weekday
T20230016304,2023-07-12,09:45:00,1,Collision with vehicle,3,Wednesday,130,REAR END(VEHICLES IN SAME LANE),1,49429,T intersection,3,60,Arterial Other,CHAUNCEY,MACEDON RANGES,-37.279133,144.7367,2023,7,July,9,Morning Peak,Weekday
T20230016170,2023-07-12,18:01:00,1,Collision with vehicle,3,Wednesday,130,REAR END(VEHICLES IN SAME LANE),5,796372,Not at intersection,2,80,Arterial Highway,DINGLEY,KINGSTON,-37.95019,145.10089,2023,7,July,18,Afternoon Peak,Weekday
T20230016166,2023-07-12,06:13:00,6,Vehicle overturned (no collision),3,Wednesday,174,OUT OF CONTROL ON CARRIAGEWAY (ON STRAIGHT),3,777118,Not at intersection,2,60,Arterial Other,GLENFERRIE,BOROONDARA,-37.835327,145.03304,2023,7,July,6,Morning Peak,Weekday
T20230016171,2023-07-12,16:22:00,1,Collision with vehicle,3,Wednesday,110,CROSS TRAFFIC(INTERSECTIONS ONLY),1,777164,Cross intersection,2,40,Local Road,PARK,MELBOURNE,-37.796677,144.95363,2023,7,July,16,Afternoon Peak,Weekday
T20230016226,2023-07-12,10:11:00,1,Collision with vehicle,3,Wednesday,135,LANE CHANGE LEFT (NOT OVERTAKING),1,777166,Y intersection,3,40,Local Road,ANZAC,MELBOURNE,-37.827217,144.97171,2023,7,July,10,Midday,Weekday
T20230016173,2023-07-12,03:30:00,4,Collision with a fixed object,3,Wednesday,181,OFF RIGHT BEND INTO OBJECT/PARKED VEHICLE,5,796410,Not at intersection,2,100,Local Road,TAYLORS,SURF COAST,-38.242275,144.15517,2023,7,July,3,Late Night,Weekday
T20230016253,2023-07-12,18:50:00,2,Struck Pedestrian,3,Wednesday,102,FAR SIDE. PED HIT BY VEHICLE FROM THE LEFT,2,787337,Not at intersection,2,50,Local Road,HAVILAH,BENDIGO,-36.74848,144.25888,2023,7,July,18,Afternoon Peak,Weekday
T20230016175,2023-07-12,17:25:00,1,Collision with vehicle,3,Wednesday,130,REAR END(VEHICLES IN SAME LANE),2,777165,Not at intersection,3,70,Arterial Other,GOVERNOR,KINGSTON,-38.00794,145.10954,2023,7,July,17,Afternoon Peak,Weekday
T20230016177,2023-07-12,17:56:00,1,Collision with vehicle,3,Wednesday,121,RIGHT THROUGH,2,778035,Cross intersection,3,60,Local Road,DUNNINGS,WYNDHAM,-37.884598,144.73294,2023,7,July,17,Afternoon Peak,Weekday
T20230016899,2023-07-12,08:10:00,6,Vehicle overturned (no collision),3,Wednesday,151,OUT OF CONTROL (OVERTAKING),2,777490,Not at intersection,3,50,Local Road,NORTHGATE,WHITTLESEA,-37.688473,145.03043,2023,7,July,8,Morning Peak,Weekday
T20230016261,2023-07-12,16:10:00,1,Collision with vehicle,3,Wednesday,132,RIGHT REAR.,1,246534,Cross intersection,3,100,Arterial Other,LOWER DUNEED,SURF COAST,-38.252743,144.36919,2023,7,July,16,Afternoon Peak,Weekday
T20230016270,2023-07-12,17:50:00,1,Collision with vehicle,3,Wednesday,130,REAR END(VEHICLES IN SAME LANE),2,292163,Cross intersection,3,80,Arterial Other,MICKLEHAM,HUME,-37.62269,144.88385,2023,7,July,17,Afternoon Peak,Weekday
T20230016324,2023-07-12,13:45:00,1,Collision with vehicle,3,Wednesday,110,CROSS TRAFFIC(INTERSECTIONS ONLY),1,43598,Cross intersection,2,60,Arterial Other,BAXTER-TOORADIN,MORNINGTON PENINSULA,-38.195793,145.16074,2023,7,July,13,Midday,Weekday
T20230016178,2023-07-12,08:20:00,1,Collision with vehicle,3,Wednesday,130,REAR END(VEHICLES IN SAME LANE),1,44593,Cross intersection,3,60,Arterial Other,LA TROBE,BALLARAT,-37.572754,143.83662,2023,7,July,8,Morning Peak,Weekday
T20230022201,2023-07-12,23:30:00,2,Struck Pedestrian,3,Wednesday,103,PED PLAYING/LYING/WORKING/STANDING ON CARRIAGEWAY.,3,799642,Not at intersection,3,50,Local Road,PIONEER,CARDINIA,-38.061428,145.40205,2023,7,July,23,Night,Weekday
T20230016214,2023-07-12,19:48:00,1,Collision with vehicle,3,Wednesday,121,RIGHT THROUGH,3,778797,Not at intersection,2,60,Arterial Other,CRAIGIEBURN,WHITTLESEA,-37.60538,144.99821,2023,7,July,19,Night,Weekday
T20230016285,2023-07-13,16:35:00,1,Collision with vehicle,4,Thursday,130,REAR END(VEHICLES IN SAME LANE),2,777167,Not at intersection,3,100,Freeway,METROPOLITAN RING ROAD -WESTERN RING,HUME,-37.691902,144.95859,2023,7,July,16,Afternoon Peak,Weekday
T20230016283,2023-07-13,20:12:00,6,Vehicle overturned (no collision),4,Thursday,174,OUT OF CONTROL ON CARRIAGEWAY (ON STRAIGHT),3,788013,Not at intersection,2,50,Arterial Other,HUNTINGDALE,MONASH,-37.910645,145.10358,2023,7,July,20,Night,Weekday
T20230016282,2023-07-13,06:54:00,1,Collision with vehicle,4,Thursday,133,LANE SIDE SWIPE (VEHICLES IN PARALLEL LANES),2,778899,Not at intersection,3,80,Arterial Highway,SOUTH GIPPSLAND,CASEY,-38.061337,145.26418,2023,7,July,6,Morning Peak,Weekday
T20230016679,2023-07-13,11:30:00,2,Struck Pedestrian,4,Thursday,109,ANY MANOEUVRE INVOLVING PED NOT INCLUDED IN DCAs 100-108.,1,787856,Not at intersection,3,60,Arterial Highway,MYRTLE,ALPINE,-36.561646,146.7253,2023,7,July,11,Midday,Weekday
T20230016278,2023-07-13,17:34:00,1,Collision with vehicle,4,Thursday,134,LANE CHANGE RIGHT (NOT OVERTAKING),3,796375,Not at intersection,3,80,Freeway,FITZGERALD-WESTERN RING IN,BRIMBANK,-37.794086,144.78903,2023,7,July,17,Afternoon Peak,Weekday
T20230016275,2023-07-13,18:03:00,2,Struck Pedestrian,4,Thursday,102,FAR SIDE. PED HIT BY VEHICLE FROM THE LEFT,2,777877,Not at intersection,3,50,Local Road,STAFFORD,MONASH,-37.910084,145.10384,2023,7,July,18,Afternoon Peak,Weekday
T20230016274,2023-07-13,14:20:00,1,Collision with vehicle,4,Thursday,113,RIGHT NEAR (INTERSECTIONS ONLY),1,47857,T intersection,3,80,Arterial Highway,SPRINGVALE,MONASH,-37.893955,145.16333,2023,7,July,14,Midday,Weekday
T20230016205,2023-07-13,03:09:00,1,Collision with vehicle,4,Thursday,160,VEHICLE COLLIDES WITH VEHICLE PARKED ON LEFT OF ROAD,3,796373,Not at intersection,2,50,Local Road,WARRALILY,GEELONG,-38.240192,144.35573,2023,7,July,3,Late Night,Weekday
T20230016209,2023-07-13,05:23:00,1,Collision with vehicle,4,Thursday,121,RIGHT THROUGH,3,35304,Cross intersection,3,60,Arterial Other,FLEMINGTON,MELBOURNE,-37.799652,144.95503,2023,7,July,5,Morning Peak,Weekday
T20230017545,2023-07-13,15:38:00,1,Collision with vehicle,4,Thursday,130,REAR END(VEHICLES IN SAME LANE),1,784655,Not at intersection,3,70,Arterial Other,OLD PRINCES,CARDINIA,-38.052704,145.37666,2023,7,July,15,Afternoon Peak,Weekday
T20230016216,2023-07-13,06:45:00,1,Collision with vehicle,4,Thursday,130,REAR END(VEHICLES IN SAME LANE),2,777350,Not at intersection,2,100,Freeway,HUME,WHITTLESEA,-37.63212,144.99394,2023,7,July,6,Morning Peak,Weekday
T20230020128,2023-07-13,18:20:00,1,Collision with vehicle,4,Thursday,130,REAR END(VEHICLES IN SAME LANE),3,30033,Cross intersection,3,60,Arterial Other,COLLEGE,CASEY,-38.05,145.29831,2023,7,July,18,Afternoon Peak,Weekday
T20230016220,2023-07-13,07:43:00,1,Collision with vehicle,4,Thursday,116,LEFT NEAR (INTERSECTIONS ONLY),2,292865,Y intersection,2,60,Local Road,GOLF LINKS,FRANKSTON,-38.175453,145.15129,2023,7,July,7,Morning Peak,Weekday
T20230019004,2023-07-13,03:30:00,3,Struck animal,4,Thursday,167,STRUCK ANIMAL,5,779861,Not at intersection,3,60,Local Road,WAAIA-BEARII,MOIRA,-36.05539,145.33185,2023,7,July,3,Late Night,Weekday
T20230016777,2023-07-13,19:50:00,1,Collision with vehicle,4,Thursday,130,REAR END(VEHICLES IN SAME LANE),3,292957,Not at intersection,3,80,Arterial Other,CRANBOURNE,CASEY,-38.05476,145.3013,2023,7,July,19,Night,Weekday
T20230016783,2023-07-13,16:13:00,1,Collision with vehicle,4,Thursday,134,LANE CHANGE RIGHT (NOT OVERTAKING),1,796428,Not at intersection,3,80,Arterial Other,CRANBOURNE,FRANKSTON,-38.14803,145.14418,2023,7,July,16,Afternoon Peak,Weekday
T20230016268,2023-07-13,17:55:00,1,Collision with vehicle,4,Thursday,121,RIGHT THROUGH,3,45186,Cross intersection,3,60,Arterial Highway,HIGH,SHEPPARTON,-36.382267,145.40808,2023,7,July,17,Afternoon Peak,Weekday
T20230016267,2023-07-13,13:52:00,1,Collision with vehicle,4,Thursday,121,RIGHT THROUGH,1,292174,Cross intersection,3,60,Arterial Highway,KINGS,PORT PHILLIP,-37.83346,144.96767,2023,7,July,13,Midday,Weekday
T20230016263,2023-07-13,16:22:00,1,Collision with vehicle,4,Thursday,130,REAR END(VEHICLES IN SAME LANE),2,777255,Not at intersection,3,60,Arterial Highway,MARONG,BENDIGO,-36.759563,144.24799,2023,7,July,16,Afternoon Peak,Weekday
T20230016256,2023-07-13,14:54:00,1,Collision with vehicle,4,Thursday,110,CROSS TRAFFIC(INTERSECTIONS ONLY),1,50689,Multiple intersection,2,50,Arterial Highway,BANYAN,WARRNAMBOOL,-38.38062,142.48892,2023,7,July,14,Midday,Weekday
T20230016249,2023-07-13,06:02:00,1,Collision with vehicle,4,Thursday,111,RIGHT FAR (INTERSECTIONS ONLY),2,29841,T intersection,3,50,Arterial Other,SYDNEY,MORELAND,-37.774258,144.9609,2023,7,July,6,Morning Peak,Weekday
T20230016241,2023-07-13,07:00:00,2,Struck Pedestrian,4,Thursday,104,PED WALKING WITH TRAFFIC,5,777876,Not at intersection,2,80,Arterial Other,LANG LANG-POOWONG,SOUTH GIPPSLAND,-38.3327,145.70932,2023,7,July,7,Morning Peak,Weekday
T20230016229,2023-07-13,09:48:00,1,Collision with vehicle,4,Thursday,113,RIGHT NEAR (INTERSECTIONS ONLY),1,187355,Y intersection,2,80,Local Road,OLD MELBOURNE,LATROBE,-38.20089,146.479,2023,7,July,9,Morning Peak,Weekday
T20230016561,2023-07-13,14:17:00,2,Struck Pedestrian,4,Thursday,108,PED STRUCK WALKING TO/FROM OR BOARDING/ALIGHTING VEHICLE.,1,777300,Not at intersection,3,40,Local Road,DANDELION,KNOX,-37.915398,145.26506,2023,7,July,14,Midday,Weekday
T20230017387,2023-07-13,10:30:00,2,Struck Pedestrian,4,Thursday,102,FAR SIDE. PED HIT BY VEHICLE FROM THE LEFT,1,226603,Cross intersection,3,80,Arterial Other,PLENTY,WHITTLESEA,-37.656113,145.07994,2023,7,July,10,Midday,Weekday
T20230016290,2023-07-13,22:10:00,1,Collision with vehicle,4,Thursday,110,CROSS TRAFFIC(INTERSECTIONS ONLY),3,56552,Cross intersection,3,60,Local Road,CALDER PARK,MELTON,-37.710667,144.75522,2023,7,July,22,Night,Weekday
T20230016289,2023-07-13,16:00:00,2,Struck Pedestrian,4,Thursday,100,PED NEAR SIDE. PED HIT BY VEHICLE FROM THE RIGHT.,2,777195,Not at intersection,3,60,Local Road,COLERAINE,HUME,-37.677795,144.92131,2023,7,July,16,Afternoon Peak,Weekday
T20230016260,2023-07-13,14:49:00,1,Collision with vehicle,4,Thursday,121,RIGHT THROUGH,1,778895,Not at intersection,3,60,Arterial Other,LANCEFIELD,HUME,-37.59222,144.76007,2023,7,July,14,Midday,Weekday
T20230016348,2023-07-13,18:02:00,1,Collision with vehicle,4,Thursday,111,RIGHT FAR (INTERSECTIONS ONLY),2,29403,Cross intersection,2,40,Arterial Other,JOHNSTON,YARRA,-37.798832,144.98308,2023,7,July,18,Afternoon Peak,Weekday
T20230016380,2023-07-14,20:20:00,4,Collision with a fixed object,5,Friday,171,LEFT OFF CARRIAGEWAY INTO OBJECT/PARKED VEHICLE,3,43241,T intersection,2,60,Local Road,EMBANKMENT,KINGSTON,-38.049084,145.1149,2023,7,July,20,Night,Weekday
T20230016393,2023-07-14,22:50:00,2,Struck Pedestrian,5,Friday,100,PED NEAR SIDE. PED HIT BY VEHICLE FROM THE RIGHT.,3,777246,Not at intersection,3,40,Local Road,LONSDALE,MELBOURNE,-37.81465,144.95404,2023,7,July,22,Night,Weekday
T20230016358,2023-07-14,08:30:00,1,Collision with vehicle,5,Friday,133,LANE SIDE SWIPE (VEHICLES IN PARALLEL LANES),2,777219,Not at intersection,3,60,Local Road,SIMPSONS,BENDIGO,-36.71358,144.25383,2023,7,July,8,Morning Peak,Weekday
T20230016338,2023-07-14,07:10:00,1,Collision with vehicle,5,Friday,130,REAR END(VEHICLES IN SAME LANE),2,715627,Not at intersection,3,60,Freeway,OHERNS,WHITTLESEA,-37.63399,144.99362,2023,7,July,7,Morning Peak,Weekday
T20230016580,2023-07-14,08:55:00,1,Collision with vehicle,5,Friday,130,REAR END(VEHICLES IN SAME LANE),2,777831,Not at intersection,3,40,Local Road,FLETCHER,MOONEE VALLEY,-37.75533,144.92061,2023,7,July,8,Morning Peak,Weekday
T20230017493,2023-07-14,08:40:00,1,Collision with vehicle,5,Friday,183,OFF LEFT BEND INTO OBJECT/PARKED VEHICLE,1,796420,Not at intersection,3,50,Local Road,REGAN,BRIMBANK,-37.72839,144.79297,2023,7,July,8,Morning Peak,Weekday
T20230016657,2023-07-14,11:34:00,1,Collision with vehicle,5,Friday,113,RIGHT NEAR (INTERSECTIONS ONLY),1,335399,T intersection,2,80,Local Road,LAUDERDALE,CASEY,-38.023552,145.30763,2023,7,July,11,Midday,Weekday