ACCIDENT_NO,ACCIDENT_DATE,ACCIDENT_TIME,ACCIDENT_TYPE,ACCIDENT_TYPE_DESC,DAY_OF_WEEK,DAY_WEEK_DESC,DCA_CODE,DCA_DESC,LIGHT_CONDITION,NODE_ID,ROAD_GEOMETRY_DESC,SEVERITY,SPEED_ZONE,RMA,ROAD_NAME,LGA_NAME,LATITUDE,LONGITUDE,YEAR,MONTH,MONTH_NAME,HOUR,TIME_PERIOD,DAY_TYPE
T20230018709,2023-07-14,10:50:00,8,No collision and no object struck,5,Friday,149,OTHER MANOEUVRING NOT INCLUDED IN DCAs 140-148,1,780069,T intersection,3,100,Local Road,HEARTHALL,WELLINGTON,-38.079918,147.18408,2023,7,July,10,Midday,Weekday
T20230016356,2023-07-14,14:45:00,4,Collision with a fixed object,5,Friday,179,OTHER ACCIDENTS-OFF STRAIGHT NOT INCLUDED IN DCAs 170-175,1,777285,Not at intersection,3,100,Local Road,WOORINEN-VINIFERA,SWAN HILL,-35.25347,143.41698,2023,7,July,14,Midday,Weekday
T20230018153,2023-07-14,08:30:00,4,Collision with a fixed object,5,Friday,173,RIGHT OFF CARRIAGEWAY INTO OBJECT/PARKED VEHICLE,2,778347,Not at intersection,3,60,Arterial Highway,MAIN,NORTHERN GRAMPIANS,-37.15147,142.8537,2023,7,July,8,Morning Peak,Weekday
T20230016490,2023-07-14,09:14:00,1,Collision with vehicle,5,Friday,130,REAR END(VEHICLES IN SAME LANE),2,778957,Not at intersection,3,60,Arterial Other,MAIN,BANYULE,-37.73287,145.13702,2023,7,July,9,Morning Peak,Weekday
T20230016385,2023-07-14,19:10:00,4,Collision with a fixed object,5,Friday,179,OTHER ACCIDENTS-OFF STRAIGHT NOT INCLUDED IN DCAs 170-175,3,248937,T intersection,2,60,Arterial Highway,FRANCIS,MARIBYRNONG,-37.821182,144.89037,2023,7,July,19,Night,Weekday
T20230016389,2023-07-14,21:45:00,2,Struck Pedestrian,5,Friday,101,PED EMERGES FROM IN FRONT OF PARKED OR STATIONARY VEHICLE,3,788181,T intersection,3,60,Local Road,HIGH,DAREBIN,-37.71862,145.00732,2023,7,July,21,Night,Weekday
T20230016707,2023-07-14,15:40:00,6,Vehicle overturned (no collision),5,Friday,180,OFF CARRIAGEWAY ON RIGHT BEND,1,778545,Not at intersection,2,100,Local Road,MCDONALDS,BAW BAW,-38.312836,146.19118,2023,7,July,15,Afternoon Peak,Weekday
T20230016696,2023-07-14,17:40:00,1,Collision with vehicle,5,Friday,130,REAR END(VEHICLES IN SAME LANE),2,777734,Not at intersection,3,80,Freeway,COOK-WEST GATE IN,MELBOURNE,-37.8296,144.9192,2023,7,July,17,Afternoon Peak,Weekday
T20230016390,2023-07-14,20:24:00,1,Collision with vehicle,5,Friday,121,RIGHT THROUGH,3,779774,Cross intersection,3,70,Local Road,CAIRNLEA,BRIMBANK,-37.752598,144.7778,2023,7,July,20,Night,Weekday
T20230016437,2023-07-14,21:05:00,5,collision with some other object,5,Friday,171,LEFT OFF CARRIAGEWAY INTO OBJECT/PARKED VEHICLE,5,779775,Not at intersection,3,80,Local Road,FARRANS,LATROBE,-38.297707,146.45181,2023,7,July,21,Night,Weekday
T20230016357,2023-07-14,14:30:00,1,Collision with vehicle,5,Friday,130,REAR END(VEHICLES IN SAME LANE),1,43706,Cross intersection,2,60,Arterial Other,MACEDON,HUME,-37.583225,144.74023,2023,7,July,14,Midday,Weekday
T20230018349,2023-07-14,08:00:00,1,Collision with vehicle,5,Friday,132,RIGHT REAR.,2,778401,Not at intersection,3,50,Local Road,HUME,BRIMBANK,-37.710045,144.77086,2023,7,July,8,Morning Peak,Weekday
T20230016359,2023-07-14,06:55:00,1,Collision with vehicle,5,Friday,116,LEFT NEAR (INTERSECTIONS ONLY),2,287772,Cross intersection,3,60,Arterial Other,PALMERS,WYNDHAM,-37.862244,144.74794,2023,7,July,6,Morning Peak,Weekday
T20230016341,2023-07-14,12:06:00,1,Collision with vehicle,5,Friday,134,LANE CHANGE RIGHT (NOT OVERTAKING),1,777245,Cross intersection,3,50,Local Road,BOWEN,MELBOURNE,-37.779957,144.96283,2023,7,July,12,Midday,Weekday
T20230016660,2023-07-14,17:00:00,1,Collision with vehicle,5,Friday,130,REAR END(VEHICLES IN SAME LANE),1,796381,Not at intersection,3,80,Arterial Other,PRINCES,BAW BAW,-38.144417,145.89357,2023,7,July,17,Afternoon Peak,Weekday
T20230016343,2023-07-14,14:08:00,4,Collision with a fixed object,5,Friday,173,RIGHT OFF CARRIAGEWAY INTO OBJECT/PARKED VEHICLE,1,777265,Not at intersection,2,60,Arterial Other,HUNTINGDALE,MONASH,-37.869137,145.11147,2023,7,July,14,Midday,Weekday
T20230016360,2023-07-14,15:05:00,1,Collision with vehicle,5,Friday,110,CROSS TRAFFIC(INTERSECTIONS ONLY),1,36192,Cross intersection,3,50,Local Road,CAPEL,MELBOURNE,-37.803707,144.95552,2023,7,July,15,Afternoon Peak,Weekday
T20230016987,2023-07-14,19:10:00,1,Collision with vehicle,5,Friday,110,CROSS TRAFFIC(INTERSECTIONS ONLY),3,29588,Cross intersection,3,60,Arterial Other,CANTERBURY,PORT PHILLIP,-37.85981,144.97731,2023,7,July,19,Night,Weekday
T20230016361,2023-07-14,17:57:00,2,Struck Pedestrian,5,Friday,100,PED NEAR SIDE. PED HIT BY VEHICLE FROM THE RIGHT.,5,777266,Not at intersection,2,60,Arterial Other,MONBULK,YARRA RANGES,-37.800533,145.39679,2023,7,July,17,Afternoon Peak,Weekday
T20230016365,2023-07-14,13:38:00,1,Collision with vehicle,5,Friday,112,LEFT FAR (INTERSECTIONS ONLY),1,778314,T intersection,3,60,Local Road,TAYLORS,MELTON,-37.715435,144.68282,2023,7,July,13,Midday,Weekday
T20230016368,2023-07-14,15:30:00,2,Struck Pedestrian,5,Friday,101,PED EMERGES FROM IN FRONT OF PARKED OR STATIONARY VEHICLE,1,788019,Not at intersection,2,40,Local Road,ALBANY,MONASH,-37.934032,145.17181,2023,7,July,15,Afternoon Peak,Weekday
T20230016373,2023-07-14,19:00:00,1,Collision with vehicle,5,Friday,140,U TURN,3,777287,Not at intersection,3,80,Arterial Highway,PRINCES,DANDENONG,-37.94758,145.17282,2023,7,July,19,Night,Weekday
T20230016375,2023-07-14,15:40:00,1,Collision with vehicle,5,Friday,130,REAR END(VEHICLES IN SAME LANE),1,777897,Not at intersection,2,100,Freeway,MONASH,CASEY,-38.024384,145.31664,2023,7,July,15,Afternoon Peak,Weekday
T20230016376,2023-07-14,15:05:00,2,Struck Pedestrian,5,Friday,100,PED NEAR SIDE. PED HIT BY VEHICLE FROM THE RIGHT.,1,780467,Not at intersection,2,80,Arterial Highway,DANDENONG VALLEY,FRANKSTON,-38.088173,145.18175,2023,7,July,15,Afternoon Peak,Weekday
T20230016377,2023-07-14,19:05:00,2,Struck Pedestrian,5,Friday,104,PED WALKING WITH TRAFFIC,5,788022,Not at intersection,2,80,Local Road,GLENFERN,YARRA RANGES,-37.908146,145.30734,2023,7,July,19,Night,Weekday
T20230016347,2023-07-14,08:00:00,1,Collision with vehicle,5,Friday,110,CROSS TRAFFIC(INTERSECTIONS ONLY),1,279270,Cross intersection,2,80,Freeway,CALDER,MOUNT ALEXANDER,-36.95593,144.23605,2023,7,July,8,Morning Peak,Weekday
T20230016327,2023-07-14,06:30:00,1,Collision with vehicle,5,Friday,147,VEHICLE STRIKES ANOTHER VEH WHILE EMERGING FROM DRIVEWAY,2,777196,Not at intersection,3,50,Local Road,BERNARD,KINGSTON,-37.95439,145.07092,2023,7,July,6,Morning Peak,Weekday
T20230016790,2023-07-14,19:00:00,1,Collision with vehicle,5,Friday,113,RIGHT NEAR (INTERSECTIONS ONLY),3,72560,Y intersection,3,60,Arterial Other,LLOYD,LATROBE,-38.179787,146.25113,2023,7,July,19,Night,Weekday
T20230016549,2023-07-14,10:48:00,1,Collision with vehicle,5,Friday,160,VEHICLE COLLIDES WITH VEHICLE PARKED ON LEFT OF ROAD,1,796379,Not at intersection,3,50,Local Road,BURWAH,BAYSIDE,-37.920734,145.02034,2023,7,July,10,Midday,Weekday
T20230016352,2023-07-14,16:10:00,1,Collision with vehicle,5,Friday,110,CROSS TRAFFIC(INTERSECTIONS ONLY),2,51645,Cross intersection,2,60,Arterial Other,SPECIMEN HILL,BENDIGO,-36.76419,144.24805,2023,7,July,16,Afternoon Peak,Weekday
T20230016332,2023-07-14,06:57:00,1,Collision with vehicle,5,Friday,113,RIGHT NEAR (INTERSECTIONS ONLY),2,42852,T intersection,2,80,Arterial Other,BOUNDARY,KINGSTON,-37.992737,145.10677,2023,7,July,6,Morning Peak,Weekday
T20230016654,2023-07-14,11:20:00,1,Collision with vehicle,5,Friday,136,RIGHT TURN SIDESWIPE,1,796418,Not at intersection,3,70,Arterial Other,FERNTREE GULLY,MONASH,-37.897205,145.10782,2023,7,July,11,Midday,Weekday
T20230016307,2023-07-14,08:44:00,1,Collision with vehicle,5,Friday,110,CROSS TRAFFIC(INTERSECTIONS ONLY),2,29430,Cross intersection,3,50,Local Road,ALBERT,MELBOURNE,-37.809536,144.97565,2023,7,July,8,Morning Peak,Weekday
T20230016306,2023-07-14,06:45:00,1,Collision with vehicle,5,Friday,163,VEHICLE STRIKES DOOR OF PARKED/STATIONARY VEHICLE,2,777214,Not at intersection,3,40,Arterial Other,KING,MELBOURNE,-37.81599,144.95555,2023,7,July,6,Morning Peak,Weekday
T20230016586,2023-07-14,18:46:00,1,Collision with vehicle,5,Friday,112,LEFT FAR (INTERSECTIONS ONLY),2,55865,T intersection,3,60,Local Road,DONALD CAMERON,HUME,-37.6217,144.93242,2023,7,July,18,Afternoon Peak,Weekday
T20230016302,2023-07-14,02:45:00,4,Collision with a fixed object,5,Friday,179,OTHER ACCIDENTS-OFF STRAIGHT NOT INCLUDED IN DCAs 170-175,3,65743,Cross intersection,3,40,Local Road,ELIZABETH,MELBOURNE,-37.810318,144.96136,2023,7,July,2,Late Night,Weekday
T20230016298,2023-07-14,02:46:00,2,Struck Pedestrian,5,Friday,100,PED NEAR SIDE. PED HIT BY VEHICLE FROM THE RIGHT.,3,45547,Cross intersection,2,50,Arterial Other,MELVILLE,MORELAND,-37.75867,144.94485,2023,7,July,2,Late Night,Weekday
T20230016293,2023-07-14,00:04:00,4,Collision with a fixed object,5,Friday,171,LEFT OFF CARRIAGEWAY INTO OBJECT/PARKED VEHICLE,3,781414,Not at intersection,3,80,Arterial Other,CAMPBELLFIELD-GREENSBOROUGH,DAREBIN,-37.691467,144.97684,2023,7,July,0,Late Night,Weekday
T20230016454,2023-07-15,16:33:00,2,Struck Pedestrian,6,Saturday,100,PED NEAR SIDE. PED HIT BY VEHICLE FROM THE RIGHT.,2,777290,Not at intersection,3,40,Local Road,TOWONG,TOWONG,-36.216923,147.17732,2023,7,July,16,Afternoon Peak,Weekend
T20230016453,2023-07-15,14:10:00,1,Collision with vehicle,6,Saturday,130,REAR END(VEHICLES IN SAME LANE),1,779025,Not at intersection,3,60,Local Road,HIGH,GEELONG,-38.167763,144.35045,2023,7,July,14,Midday,Weekend
T20230016449,2023-07-15,11:30:00,1,Collision with vehicle,6,Saturday,130,REAR END(VEHICLES IN SAME LANE),1,777248,T intersection,3,60,Arterial Highway,PUNT,STONNINGTON,-37.841732,144.98582,2023,7,July,11,Midday,Weekend
T20230017062,2023-07-15,13:00:00,8,No collision and no object struck,6,Saturday,174,OUT OF CONTROL ON CARRIAGEWAY (ON STRAIGHT),1,788024,Not at intersection,2,50,Local Road,MALABAR,NILLUMBIK,-37.718346,145.15959,2023,7,July,13,Midday,Weekend
T20230016853,2023-07-15,14:30:00,7,Fall from or in moving vehicle,6,Saturday,190,FELL IN/FROM VEHICLE,1,777489,Not at intersection,3,100,Local Road,RIFLE BUTT,GANNAWARRA,-35.795044,144.23206,2023,7,July,14,Midday,Weekend
T20230016841,2023-07-15,10:30:00,8,No collision and no object struck,6,Saturday,174,OUT OF CONTROL ON CARRIAGEWAY (ON STRAIGHT),1,777488,Not at intersection,2,60,Local Road,TEDDINGTON,NORTHERN GRAMPIANS,-36.85496,143.26219,2023,7,July,10,Midday,Weekend
T20230016443,2023-07-15,16:36:00,1,Collision with vehicle,6,Saturday,121,RIGHT THROUGH,2,39326,T intersection,3,60,Arterial Other,STATION,WHITEHORSE,-37.824245,145.12267,2023,7,July,16,Afternoon Peak,Weekend
T20230016455,2023-07-15,17:55:00,1,Collision with vehicle,6,Saturday,121,RIGHT THROUGH,2,410,Cross intersection,3,50,Arterial Highway,BELL,DAREBIN,-37.7466,145.01695,2023,7,July,17,Afternoon Peak,Weekend
T20230016475,2023-07-15,17:30:00,4,Collision with a fixed object,6,Saturday,151,OUT OF CONTROL (OVERTAKING),2,778903,Not at intersection,3,100,Local Road,TIMMS,SOUTH GIPPSLAND,-38.31133,145.77821,2023,7,July,17,Afternoon Peak,Weekend
T20230016474,2023-07-15,20:10:00,1,Collision with vehicle,6,Saturday,121,RIGHT THROUGH,3,346616,Cross intersection,3,80,Freeway,PRINCES,CASEY,-38.02835,145.32202,2023,7,July,20,Night,Weekend
T20230016993,2023-07-15,11:30:00,1,Collision with vehicle,6,Saturday,130,REAR END(VEHICLES IN SAME LANE),1,780918,Not at intersection,3,80,Arterial Other,MELTON,MELTON,-37.692085,144.74435,2023,7,July,11,Midday,Weekend
T20230016472,2023-07-15,18:14:00,1,Collision with vehicle,6,Saturday,130,REAR END(VEHICLES IN SAME LANE),2,779052,Not at intersection,2,80,Freeway,PRINCES,HOBSONS BAY,-37.828903,144.81638,2023,7,July,18,Afternoon Peak,Weekend
T20230017893,2023-07-15,17:00:00,1,Collision with vehicle,6,Saturday,121,RIGHT THROUGH,2,778112,Not at intersection,3,60,Arterial Other,ANAKIE,GEELONG,-38.089428,144.33566,2023,7,July,17,Afternoon Peak,Weekend
T20230016471,2023-07-15,20:17:00,2,Struck Pedestrian,6,Saturday,100,PED NEAR SIDE. PED HIT BY VEHICLE FROM THE RIGHT.,3,780123,Not at intersection,2,60,Arterial Highway,BURWOOD,WHITEHORSE,-37.849625,145.10693,2023,7,July,20,Night,Weekend
T20230016470,2023-07-15,18:35:00,3,Struck animal,6,Saturday,167,STRUCK ANIMAL,2,777330,Not at intersection,3,100,Arterial Highway,PRINCES,MOYNE,-38.335136,142.35136,2023,7,July,18,Afternoon Peak,Weekend
T20230016468,2023-07-15,21:04:00,1,Collision with vehicle,6,Saturday,120,HEAD ON (NOT OVERTAKING),3,777974,Not at intersection,3,60,Arterial Other,MADDEN,YARRA,-37.827904,145.01572,2023,7,July,21,Night,Weekend
T20230016476,2023-07-15,21:32:00,1,Collision with vehicle,6,Saturday,121,RIGHT THROUGH,3,588708,Cross intersection,2,60,Arterial Highway,BARNARD,BENDIGO,-36.758366,144.26813,2023,7,July,21,Night,Weekend
T20230016466,2023-07-15,19:00:00,2,Struck Pedestrian,6,Saturday,109,ANY MANOEUVRE INVOLVING PED NOT INCLUDED IN DCAs 100-108.,9,787861,Not at intersection,3,50,Local Road,ACACIA,GLEN EIRA,-37.87734,144.9989,2023,7,July,19,Night,Weekend
T20230016396,2023-07-15,01:41:00,1,Collision with vehicle,6,Saturday,110,CROSS TRAFFIC(INTERSECTIONS ONLY),3,35355,Cross intersection,3,40,Local Road,ELIZABETH,MELBOURNE,-37.812283,144.96227,2023,7,July,1,Late Night,Weekend
T20230016408,2023-07-15,04:47:00,1,Collision with vehicle,6,Saturday,130,REAR END(VEHICLES IN SAME LANE),3,783540,Not at intersection,2,80,Arterial Other,PRINCES,CARDINIA,-38.0601,145.40906,2023,7,July,4,Late Night,Weekend
T20230016412,2023-07-15,09:50:00,2,Struck Pedestrian,6,Saturday,102,FAR SIDE. PED HIT BY VEHICLE FROM THE LEFT,1,777222,Multiple intersection,3,70,Arterial Highway,PLENTY,WHITTLESEA,-37.697945,145.05879,2023,7,July,9,Morning Peak,Weekend
T20230016462,2023-07-15,18:10:00,1,Collision with vehicle,6,Saturday,130,REAR END(VEHICLES IN SAME LANE),2,777295,Not at intersection,3,100,Freeway,MONASH,CASEY,-37.965786,145.23338,2023,7,July,18,Afternoon Peak,Weekend
T20230016419,2023-07-15,11:25:00,1,Collision with vehicle,6,Saturday,121,RIGHT THROUGH,1,6899,Cross intersection,3,60,Arterial Other,CEMETERY,MELBOURNE,-37.79226,144.96838,2023,7,July,11,Midday,Weekend
T20230018837,2023-07-15,16:28:00,1,Collision with vehicle,6,Saturday,113,RIGHT NEAR (INTERSECTIONS ONLY),2,45435,Cross intersection,3,60,Arterial Other,ASCOT VALE,MOONEE VALLEY,-37.77493,144.92352,2023,7,July,16,Afternoon Peak,Weekend
T20230016423,2023-07-15,12:35:00,1,Collision with vehicle,6,Saturday,113,RIGHT NEAR (INTERSECTIONS ONLY),1,29622,Cross intersection,3,60,Arterial Other,HIGH STREET,MONASH,-37.872498,145.15088,2023,7,July,12,Midday,Weekend
T20240003793,2023-07-15,14:15:00,1,Collision with vehicle,6,Saturday,130,REAR END(VEHICLES IN SAME LANE),1,1254,Cross intersection,3,70,Arterial Highway,MCIVOR,BENDIGO,-36.759624,144.31743,2023,7,July,14,Midday,Weekend
T20230016435,2023-07-15,12:36:00,3,Struck animal,6,Saturday,167,STRUCK ANIMAL,1,777288,Not at intersection,2,100,Local Road,SHORELINE,WELLINGTON,-38.336914,147.2424,2023,7,July,12,Midday,Weekend
T20230016429,2023-07-15,13:00:00,1,Collision with vehicle,6,Saturday,110,CROSS TRAFFIC(INTERSECTIONS ONLY),1,29975,Cross intersection,3,60,Local Road,TAYLOR,BENDIGO,-36.736313,144.25432,2023,7,July,13,Midday,Weekend
T20230016460,2023-07-15,19:30:00,6,Vehicle overturned (no collision),6,Saturday,170,OFF CARRIAGEWAY TO LEFT,5,658258,Not at intersection,3,100,Arterial Other,KORUMBURRA-WONTHAGGI,SOUTH GIPPSLAND,-38.46054,145.78883,2023,7,July,19,Night,Weekend
T20230016442,2023-07-15,15:00:00,2,Struck Pedestrian,6,Saturday,107,PED ON FOOTHPATH STRUCK BY VEHENTERING/LEAVING DRIVEWAY.,1,777224,Not at intersection,3,50,Local Road,DAWSON,MORELAND,-37.770958,144.95636,2023,7,July,15,Afternoon Peak,Weekend
T20230016478,2023-07-15,20:52:00,2,Struck Pedestrian,6,Saturday,102,FAR SIDE. PED HIT BY VEHICLE FROM THE LEFT,3,653495,T intersection,2,70,Arterial Other,BALLARAT,BRIMBANK,-37.778507,144.84259,2023,7,July,20,Night,Weekend
T20230016446,2023-07-15,16:55:00,8,No collision and no object struck,6,Saturday,174,OUT OF CONTROL ON CARRIAGEWAY (ON STRAIGHT),2,777805,Not at intersection,2,60,Local Road,DREWS,GEELONG,-38.200874,144.3567,2023,7,July,16,Afternoon Peak,Weekend
T20230016448,2023-07-15,15:16:00,2,Struck Pedestrian,6,Saturday,102,FAR SIDE. PED HIT BY VEHICLE FROM THE LEFT,1,796376,Not at intersection,2,60,Arterial Highway,TOORAK,BOROONDARA,-37.84888,145.08241,2023,7,July,15,Afternoon Peak,Weekend
T20230016451,2023-07-15,16:25:00,4,Collision with a fixed object,6,Saturday,171,LEFT OFF CARRIAGEWAY INTO OBJECT/PARKED VEHICLE,2,784234,Not at intersection,3,50,Local Road,IVANHOE,MONASH,-37.890907,145.15369,2023,7,July,16,Afternoon Peak,Weekend
T20230016751,2023-07-15,20:30:00,1,Collision with vehicle,6,Saturday,110,CROSS TRAFFIC(INTERSECTIONS ONLY),3,41324,Cross intersection,3,50,Local Road,HILTON,MORELAND,-37.7002,144.92415,2023,7,July,20,Night,Weekend
T20230016498,2023-07-15,11:30:00,2,Struck Pedestrian,6,Saturday,101,PED EMERGES FROM IN FRONT OF PARKED OR STATIONARY VEHICLE,1,778342,Y intersection,3,60,Arterial Other,BALCOMBE,BAYSIDE,-37.975613,145.01707,2023,7,July,11,Midday,Weekend
T20230016557,2023-07-16,22:01:00,4,Collision with a fixed object,7,Sunday,179,OTHER ACCIDENTS-OFF STRAIGHT NOT INCLUDED IN DCAs 170-175,3,788625,Not at intersection,3,60,Local Road,FAIRBANK,KINGSTON,-37.940643,145.11894,2023,7,July,22,Night,Weekend
T20230017122,2023-07-16,11:05:00,1,Collision with vehicle,7,Sunday,147,VEHICLE STRIKES ANOTHER VEH WHILE EMERGING FROM DRIVEWAY,1,788670,Not at intersection,3,60,Arterial Other,CAMBERWELL,BOROONDARA,-37.825123,145.04947,2023,7,July,11,Midday,Weekend
T20230017309,2023-07-16,19:00:00,1,Collision with vehicle,7,Sunday,134,LANE CHANGE RIGHT (NOT OVERTAKING),3,796671,Cross intersection,3,60,Arterial Other,PLENTY,DAREBIN,-37.741024,145.0098,2023,7,July,19,Night,Weekend
T20230017171,2023-07-16,13:00:00,4,Collision with a fixed object,7,Sunday,171,LEFT OFF CARRIAGEWAY INTO OBJECT/PARKED VEHICLE,1,788630,Not at intersection,3,60,Local Road,WIDFORD,HUME,-37.68655,144.92676,2023,7,July,13,Midday,Weekend
T20230016509,2023-07-16,12:34:00,6,Vehicle overturned (no collision),7,Sunday,184,OUT OF CONTROL ON CARRIAGEWAY (ON BEND),1,777297,Not at intersection,2,80,Local Road,SKYLINE,MURRINDINDI,-37.210754,145.842,2023,7,July,12,Midday,Weekend
T20230016594,2023-07-16,18:30:00,1,Collision with vehicle,7,Sunday,130,REAR END(VEHICLES IN SAME LANE),2,777978,Not at intersection,3,70,Arterial Highway,PUNT,MELBOURNE,-37.82225,144.98924,2023,7,July,18,Afternoon Peak,Weekend
T20230016568,2023-07-16,16:30:00,4,Collision with a fixed object,7,Sunday,171,LEFT OFF CARRIAGEWAY INTO OBJECT/PARKED VEHICLE,1,799158,Not at intersection,2,50,Arterial Highway,OGILVIE,CAMPASPE,-36.14053,144.75879,2023,7,July,16,Afternoon Peak,Weekend
T20230016535,2023-07-16,13:55:00,1,Collision with vehicle,7,Sunday,121,RIGHT THROUGH,1,53180,Cross intersection,2,80,Freeway,BERWICK-BEACONSFIELD,CASEY,-38.02787,145.31989,2023,7,July,13,Midday,Weekend
T20230016517,2023-07-16,14:45:00,1,Collision with vehicle,7,Sunday,130,REAR END(VEHICLES IN SAME LANE),1,777250,Not at intersection,2,70,Arterial Highway,TORQUAY,GEELONG,-38.22073,144.33772,2023,7,July,14,Midday,Weekend
T20230016883,2023-07-16,21:00:00,4,Collision with a fixed object,7,Sunday,175,OFF END OF ROAD/T-INTERSECTION.,5,788631,T intersection,3,100,Local Road,CALIVIL MAIL,LODDON,-36.260654,144.08554,2023,7,July,21,Night,Weekend
T20230016505,2023-07-16,11:56:00,1,Collision with vehicle,7,Sunday,130,REAR END(VEHICLES IN SAME LANE),1,778394,T intersection,3,60,Arterial Other,CANTERBURY,WHITEHORSE,-37.836124,145.18333,2023,7,July,11,Midday,Weekend
T20230016537,2023-07-16,18:00:00,5,collision with some other object,7,Sunday,166,STRUCK OBJECT ON CARRIAGEWAY,2,777526,Not at intersection,3,50,Local Road,MORRIS,YARRA RANGES,-37.90372,145.32924,2023,7,July,18,Afternoon Peak,Weekend
T20230016544,2023-07-16,19:26:00,4,Collision with a fixed object,7,Sunday,173,RIGHT OFF CARRIAGEWAY INTO OBJECT/PARKED VEHICLE,4,780912,Not at intersection,2,60,Arterial Other,NICHOLSON,MORELAND,-37.778748,144.9783,2023,7,July,19,Night,Weekend
T20230016503,2023-07-16,08:00:00,1,Collision with vehicle,7,Sunday,113,RIGHT NEAR (INTERSECTIONS ONLY),1,329220,Cross intersection,3,60,Freeway,PLENTY,BANYULE,-37.687065,145.06769,2023,7,July,8,Morning Peak,Weekend
T20230016514,2023-07-16,11:40:00,4,Collision with a fixed object,7,Sunday,181,OFF RIGHT BEND INTO OBJECT/PARKED VEHICLE,1,777404,Not at intersection,2,80,Arterial Highway,MAROONDAH,YARRA RANGES,-37.633286,145.58348,2023,7,July,11,Midday,Weekend
T20230016555,2023-07-16,15:30:00,1,Collision with vehicle,7,Sunday,130,REAR END(VEHICLES IN SAME LANE),1,796380,Not at intersection,3,80,Arterial Other,DONNYBROOK,HUME,-37.53673,144.9148,2023,7,July,15,Afternoon Peak,Weekend
T20230016520,2023-07-16,14:17:00,1,Collision with vehicle,7,Sunday,139,OTHER SAME DIRECTION-MANOUEVRES NOT INCLUDED IN DCAs 130-137,1,777481,Cross intersection,3,100,Arterial Highway,MURRAY VALLEY,CAMPASPE,-36.16091,144.79561,2023,7,July,14,Midday,Weekend
T20230016554,2023-07-16,21:10:00,1,Collision with vehicle,7,Sunday,113,RIGHT NEAR (INTERSECTIONS ONLY),3,71600,T intersection,2,60,Arterial Other,THOMPSON,GEELONG,-38.112564,144.34306,2023,7,July,21,Night,Weekend
T20230017112,2023-07-16,12:10:00,5,collision with some other object,7,Sunday,179,OTHER ACCIDENTS-OFF STRAIGHT NOT INCLUDED IN DCAs 170-175,1,777594,Not at intersection,3,50,Local Road,TAREEDA,GEELONG,-38.254543,144.5519,2023,7,July,12,Midday,Weekend
T20230016984,2023-07-16,18:40:00,1,Collision with vehicle,7,Sunday,163,VEHICLE STRIKES DOOR OF PARKED/STATIONARY VEHICLE,2,777565,Cross intersection,3,60,Arterial Other,ST GEORGES,YARRA,-37.77911,144.98746,2023,7,July,18,Afternoon Peak,Weekend
T20230016524,2023-07-16,16:00:00,3,Struck animal,7,Sunday,167,STRUCK ANIMAL,1,777264,Not at intersection,2,50,Local Road,SYMONDS,BENDIGO,-36.772705,144.22711,2023,7,July,16,Afternoon Peak,Weekend
T20230016526,2023-07-16,11:10:00,1,Collision with vehicle,7,Sunday,120,HEAD ON (NOT OVERTAKING),1,779085,Not at intersection,1,100,Local Road,MIZPAH SETTLEMENT,BAW BAW,-38.06302,146.02692,2023,7,July,11,Midday,Weekend
T20230016484,2023-07-16,01:05:00,4,Collision with a fixed object,7,Sunday,183,OFF LEFT BEND INTO OBJECT/PARKED VEHICLE,5,777249,Not at intersection,2,60,Local Road,BONDS,LODDON,-36.39909,143.60956,2023,7,July,1,Late Night,Weekend
T20230016515,2023-07-16,13:10:00,1,Collision with vehicle,7,Sunday,153,CUTTING IN (OVERTAKING),1,780962,Not at intersection,2,80,Arterial Highway,MAROONDAH,YARRA RANGES,-37.635033,145.58347,2023,7,July,13,Midday,Weekend
T20230016499,2023-07-16,10:12:00,4,Collision with a fixed object,7,Sunday,171,LEFT OFF CARRIAGEWAY INTO OBJECT/PARKED VEHICLE,1,778315,T intersection,2,70,Arterial Other,BEACONSFIELD-EMERALD,CARDINIA,-38.031906,145.37497,2023,7,July,10,Midday,Weekend
T20230016511,2023-07-16,14:25:00,1,Collision with vehicle,7,Sunday,130,REAR END(VEHICLES IN SAME LANE),1,777332,Not at intersection,3,80,Arterial Highway,DANDENONG,DANDENONG,-38.003178,145.20805,2023,7,July,14,Midday,Weekend
T20230020276,2023-07-16,08:27:00,4,Collision with a fixed object,7,Sunday,173,RIGHT OFF CARRIAGEWAY INTO OBJECT/PARKED VEHICLE,1,796416,Not at intersection,3,100,Arterial Other,BORUNG,YARRIAMBIACK,-36.2459,142.53935,2023,7,July,8,Morning Peak,Weekend
T20230016497,2023-07-16,10:38:00,1,Collision with vehicle,7,Sunday,140,U TURN,1,779115,Not at intersection,3,80,Arterial Other,FRANKSTON-FLINDERS,MORNINGTON PENINSULA,-38.204334,145.15578,2023,7,July,10,Midday,Weekend
T20230016529,2023-07-16,16:02:00,1,Collision with vehicle,7,Sunday,163,VEHICLE STRIKES DOOR OF PARKED/STATIONARY VEHICLE,2,796378,Not at intersection,3,60,Arterial Other,MORELAND,MORELAND,-37.75534,144.96327,2023,7,July,16,Afternoon Peak,Weekend
T20230020547,2023-07-16,02:17:00,1,Collision with vehicle,7,Sunday,135,LANE CHANGE LEFT (NOT OVERTAKING),3,124659,Not at intersection,3,40,Local Road,LONSDALE,MELBOURNE,-37.814377,144.95499,2023,7,July,2,Late Night,Weekend
T20230016492,2023-07-16,04:41:00,1,Collision with vehicle,7,Sunday,160,VEHICLE COLLIDES WITH VEHICLE PARKED ON LEFT OF ROAD,3,777344,Not at intersection,3,40,Local Road,LA TROBE,MELBOURNE,-37.81122,144.95828,2023,7,July,4,Late Night,Weekend