ACCIDENT_NO,ACCIDENT_DATE,ACCIDENT_TIME,ACCIDENT_TYPE,ACCIDENT_TYPE_DESC,DAY_OF_WEEK,DAY_WEEK_DESC,DCA_CODE,DCA_DESC,LIGHT_CONDITION,NODE_ID,ROAD_GEOMETRY_DESC,SEVERITY,SPEED_ZONE,RMA,ROAD_NAME,LGA_NAME,LATITUDE,LONGITUDE,YEAR,MONTH,MONTH_NAME,HOUR,TIME_PERIOD,DAY_TYPE
T20230016500,2023-07-16,09:45:00,2,Struck Pedestrian,7,Sunday,104,PED WALKING WITH TRAFFIC,9,777879,T intersection,3,60,Arterial Other,HIGH,BOROONDARA,-37.8103,145.02618,2023,7,July,9,Morning Peak,Weekend
T20230016566,2023-07-16,09:10:00,8,No collision and no object struck,7,Sunday,149,OTHER MANOEUVRING NOT INCLUDED IN DCAs 140-148,2,47695,Cross intersection,3,70,Arterial Other,BALLAN,WYNDHAM,-37.88375,144.62347,2023,7,July,9,Morning Peak,Weekend
T20230019693,2023-07-16,02:47:00,4,Collision with a fixed object,7,Sunday,183,OFF LEFT BEND INTO OBJECT/PARKED VEHICLE,3,779536,Not at intersection,3,50,Local Road,WESTMINSTER,WYNDHAM,-37.89241,144.6368,2023,7,July,2,Late Night,Weekend
T20230016551,2023-07-16,19:00:00,4,Collision with a fixed object,7,Sunday,171,LEFT OFF CARRIAGEWAY INTO OBJECT/PARKED VEHICLE,5,778978,Not at intersection,2,100,Freeway,WESTERN,MELTON,-37.74102,144.69005,2023,7,July,19,Night,Weekend
T20230016617,2023-07-16,15:15:00,1,Collision with vehicle,7,Sunday,133,LANE SIDE SWIPE (VEHICLES IN PARALLEL LANES),1,777308,Not at intersection,3,50,Local Road,WILLIAMSON,MARIBYRNONG,-37.775265,144.88304,2023,7,July,15,Afternoon Peak,Weekend
T20230016552,2023-07-16,20:55:00,1,Collision with vehicle,7,Sunday,160,VEHICLE COLLIDES WITH VEHICLE PARKED ON LEFT OF ROAD,3,779896,Not at intersection,3,60,Arterial Other,HEATHERTON,DANDENONG,-37.964695,145.17065,2023,7,July,20,Night,Weekend
T20230016485,2023-07-16,01:35:00,4,Collision with a fixed object,7,Sunday,171,LEFT OFF CARRIAGEWAY INTO OBJECT/PARKED VEHICLE,5,796206,Not at intersection,2,100,Arterial Other,BROADFORD-KILMORE,MITCHELL,-37.234776,144.99878,2023,7,July,1,Late Night,Weekend
T20230016630,2023-07-17,18:15:00,2,Struck Pedestrian,1,Monday,100,PED NEAR SIDE. PED HIT BY VEHICLE FROM THE RIGHT.,3,41927,Cross intersection,2,80,Arterial Highway,BURWOOD,KNOX,-37.882755,145.27747,2023,7,July,18,Afternoon Peak,Weekday
T20230016651,2023-07-17,21:00:00,5,collision with some other object,1,Monday,179,OTHER ACCIDENTS-OFF STRAIGHT NOT INCLUDED IN DCAs 170-175,3,778166,Not at intersection,3,40,Local Road,LYGON,MORELAND,-37.769184,144.97212,2023,7,July,21,Night,Weekday
T20230016607,2023-07-17,13:39:00,1,Collision with vehicle,1,Monday,163,VEHICLE STRIKES DOOR OF PARKED/STATIONARY VEHICLE,1,46242,T intersection,3,60,Local Road,ALMA,PORT PHILLIP,-37.86077,144.98653,2023,7,July,13,Midday,Weekday
T20230016648,2023-07-17,15:05:00,1,Collision with vehicle,1,Monday,110,CROSS TRAFFIC(INTERSECTIONS ONLY),1,777586,Cross intersection,2,50,Local Road,COCHRANE,DANDENONG,-37.993523,145.17786,2023,7,July,15,Afternoon Peak,Weekday
T20230016585,2023-07-17,08:30:00,1,Collision with vehicle,1,Monday,113,RIGHT NEAR (INTERSECTIONS ONLY),1,60630,T intersection,2,100,Arterial Other,LANCEFIELD ROAD -MELBOURNE-LANCEFIELD,MACEDON RANGES,-37.499603,144.76067,2023,7,July,8,Morning Peak,Weekday
T20230016620,2023-07-17,16:05:00,1,Collision with vehicle,1,Monday,110,CROSS TRAFFIC(INTERSECTIONS ONLY),1,59609,Cross intersection,2,50,Local Road,MILROY,BENDIGO,-36.74682,144.26746,2023,7,July,16,Afternoon Peak,Weekday
T20230016645,2023-07-17,20:40:00,4,Collision with a fixed object,1,Monday,173,RIGHT OFF CARRIAGEWAY INTO OBJECT/PARKED VEHICLE,3,796464,Not at intersection,3,50,Arterial Other,HIGH,CAMPASPE,-36.12362,144.74689,2023,7,July,20,Night,Weekday
T20230016587,2023-07-17,10:57:00,5,collision with some other object,1,Monday,171,LEFT OFF CARRIAGEWAY INTO OBJECT/PARKED VEHICLE,1,789248,Not at intersection,3,100,Arterial Highway,GOULBURN VALLEY,SHEPPARTON,-36.220856,145.43181,2023,7,July,10,Midday,Weekday
T20230016640,2023-07-17,17:00:00,1,Collision with vehicle,1,Monday,110,CROSS TRAFFIC(INTERSECTIONS ONLY),3,238,Cross intersection,3,30,Local Road,FLINDERS,MELBOURNE,-37.81745,144.96744,2023,7,July,17,Afternoon Peak,Weekday
T20230016637,2023-07-17,17:58:00,1,Collision with vehicle,1,Monday,130,REAR END(VEHICLES IN SAME LANE),2,796502,Not at intersection,3,60,Arterial Other,PLENTY,WHITTLESEA,-37.683598,145.0688,2023,7,July,17,Afternoon Peak,Weekday
T20230016635,2023-07-17,18:50:00,2,Struck Pedestrian,1,Monday,102,FAR SIDE. PED HIT BY VEHICLE FROM THE LEFT,2,343873,Cross intersection,3,60,Arterial Other,PARA,BANYULE,-37.70264,145.106,2023,7,July,18,Afternoon Peak,Weekday
T20230016595,2023-07-17,12:10:00,1,Collision with vehicle,1,Monday,120,HEAD ON (NOT OVERTAKING),1,780274,Not at intersection,1,80,Arterial Other,WESTALL,DANDENONG,-37.978916,145.14235,2023,7,July,12,Midday,Weekday
T20230016663,2023-07-17,09:10:00,1,Collision with vehicle,1,Monday,130,REAR END(VEHICLES IN SAME LANE),1,777835,Not at intersection,3,60,Arterial Other,DORSET,MAROONDAH,-37.795395,145.2907,2023,7,July,9,Morning Peak,Weekday
T20230016600,2023-07-17,12:30:00,4,Collision with a fixed object,1,Monday,171,LEFT OFF CARRIAGEWAY INTO OBJECT/PARKED VEHICLE,1,32830,T intersection,2,100,Arterial Highway,LOWER DANDENONG,KINGSTON,-37.987953,145.1202,2023,7,July,12,Midday,Weekday
T20230017125,2023-07-17,08:18:00,1,Collision with vehicle,1,Monday,130,REAR END(VEHICLES IN SAME LANE),2,780593,Not at intersection,3,80,Arterial Highway,GEELONG,HOBSONS BAY,-37.820663,144.83514,2023,7,July,8,Morning Peak,Weekday
T20230016601,2023-07-17,10:59:00,1,Collision with vehicle,1,Monday,137,LEFT TURN SIDESWIPE,1,792039,Not at intersection,2,60,Arterial Other,MAHONEYS,HUME,-37.68954,144.95714,2023,7,July,10,Midday,Weekday
T20230016602,2023-07-17,07:40:00,2,Struck Pedestrian,1,Monday,101,PED EMERGES FROM IN FRONT OF PARKED OR STATIONARY VEHICLE,2,779776,Not at intersection,2,50,Local Road,WILLIAM,MORELAND,-37.706398,144.96709,2023,7,July,7,Morning Peak,Weekday
T20230017099,2023-07-17,01:28:00,2,Struck Pedestrian,1,Monday,109,ANY MANOEUVRE INVOLVING PED NOT INCLUDED IN DCAs 100-108.,3,795139,Not at intersection,3,50,Arterial Other,STATION,CARDINIA,-38.197796,145.48479,2023,7,July,1,Late Night,Weekday
T20230017096,2023-07-17,06:15:00,1,Collision with vehicle,1,Monday,133,LANE SIDE SWIPE (VEHICLES IN PARALLEL LANES),2,780572,Not at intersection,3,100,Freeway,WESTERN RING,MORELAND,-37.693268,144.93825,2023,7,July,6,Morning Peak,Weekday
T20230016656,2023-07-17,23:45:00,1,Collision with vehicle,1,Monday,113,RIGHT NEAR (INTERSECTIONS ONLY),3,224257,T intersection,2,60,Local Road,GUNTHER,DANDENONG,-37.957623,145.15742,2023,7,July,23,Night,Weekday
T20230016605,2023-07-17,11:30:00,6,Vehicle overturned (no collision),1,Monday,184,OUT OF CONTROL ON CARRIAGEWAY (ON BEND),1,777334,Not at intersection,2,80,Arterial Other,HEALESVILLE-KINGLAKE,MURRINDINDI,-37.528786,145.43669,2023,7,July,11,Midday,Weekday
T20230016957,2023-07-17,16:00:00,1,Collision with vehicle,1,Monday,139,OTHER SAME DIRECTION-MANOUEVRES NOT INCLUDED IN DCAs 130-137,2,1185,Cross intersection,3,60,Arterial Other,MT PLEASANT ROAD -ROBERTS,GEELONG,-38.168617,144.33086,2023,7,July,16,Afternoon Peak,Weekday
T20230017875,2023-07-17,07:40:00,1,Collision with vehicle,1,Monday,110,CROSS TRAFFIC(INTERSECTIONS ONLY),2,37504,Cross intersection,3,50,Local Road,ASQUITH,DAREBIN,-37.69753,145.00871,2023,7,July,7,Morning Peak,Weekday
T20230017445,2023-07-17,15:50:00,8,No collision and no object struck,1,Monday,174,OUT OF CONTROL ON CARRIAGEWAY (ON STRAIGHT),1,788255,Not at intersection,3,60,Arterial Other,MCINTYRE,BRIMBANK,-37.762722,144.83113,2023,7,July,15,Afternoon Peak,Weekday
T20230016558,2023-07-17,02:19:00,7,Fall from or in moving vehicle,1,Monday,190,FELL IN/FROM VEHICLE,3,36220,T intersection,3,60,Arterial Other,ROYAL,MELBOURNE,-37.78771,144.95903,2023,7,July,2,Late Night,Weekday
T20230018785,2023-07-17,08:00:00,1,Collision with vehicle,1,Monday,130,REAR END(VEHICLES IN SAME LANE),2,779049,Not at intersection,3,60,Freeway,WESTERN-WESTERN RING OUT,BRIMBANK,-37.768345,144.79727,2023,7,July,8,Morning Peak,Weekday
T20230019546,2023-07-17,06:43:00,1,Collision with vehicle,1,Monday,135,LANE CHANGE LEFT (NOT OVERTAKING),2,788668,Not at intersection,2,80,Freeway,EASTLINK,MANNINGHAM,-37.800854,145.19485,2023,7,July,6,Morning Peak,Weekday
T20230017293,2023-07-17,20:45:00,1,Collision with vehicle,1,Monday,121,RIGHT THROUGH,3,36155,T intersection,3,60,Arterial Other,MCINTYRE,BRIMBANK,-37.775223,144.82906,2023,7,July,20,Night,Weekday
T20230016709,2023-07-17,08:10:00,1,Collision with vehicle,1,Monday,147,VEHICLE STRIKES ANOTHER VEH WHILE EMERGING FROM DRIVEWAY,2,777409,Not at intersection,3,50,Arterial Other,BALLARTO ROAD SERVICE,FRANKSTON,-38.116585,145.19057,2023,7,July,8,Morning Peak,Weekday
T20230017292,2023-07-17,05:58:00,1,Collision with vehicle,1,Monday,111,RIGHT FAR (INTERSECTIONS ONLY),2,777722,Cross intersection,3,70,Local Road,SOUTH PARK,DANDENONG,-38.013115,145.20174,2023,7,July,5,Morning Peak,Weekday
T20230021973,2023-07-17,15:30:00,1,Collision with vehicle,1,Monday,130,REAR END(VEHICLES IN SAME LANE),1,781257,Not at intersection,3,60,Arterial Other,GRANGE,GLEN EIRA,-37.88988,145.04486,2023,7,July,15,Afternoon Peak,Weekday
T20230017480,2023-07-17,08:10:00,1,Collision with vehicle,1,Monday,110,CROSS TRAFFIC(INTERSECTIONS ONLY),1,62085,Cross intersection,2,50,Local Road,DAREBIN,DAREBIN,-37.70399,145.02844,2023,7,July,8,Morning Peak,Weekday
T20230018653,2023-07-17,17:20:00,1,Collision with vehicle,1,Monday,111,RIGHT FAR (INTERSECTIONS ONLY),2,52369,Cross intersection,3,80,Arterial Highway,PRINCES,WELLINGTON,-37.98207,147.07195,2023,7,July,17,Afternoon Peak,Weekday
T20230019865,2023-07-17,13:50:00,1,Collision with vehicle,1,Monday,119,OTHER ADJACENT (INTERSECTIONS ONLY),1,788249,T intersection,3,50,Arterial Other,ROSEHILL,KNOX,-37.898327,145.23682,2023,7,July,13,Midday,Weekday
T20230016571,2023-07-17,07:45:00,1,Collision with vehicle,1,Monday,110,CROSS TRAFFIC(INTERSECTIONS ONLY),1,54963,Cross intersection,3,50,Local Road,JORDAN,STONNINGTON,-37.859283,145.03876,2023,7,July,7,Morning Peak,Weekday
T20230016720,2023-07-17,13:56:00,4,Collision with a fixed object,1,Monday,181,OFF RIGHT BEND INTO OBJECT/PARKED VEHICLE,1,686855,Not at intersection,2,100,Freeway,PENINSULA LINK,MORNINGTON PENINSULA,-38.270313,145.0759,2023,7,July,13,Midday,Weekday
T20230016755,2023-07-17,12:50:00,1,Collision with vehicle,1,Monday,130,REAR END(VEHICLES IN SAME LANE),1,777410,T intersection,3,60,Local Road,HOLLAND,WHITEHORSE,-37.849575,145.11299,2023,7,July,12,Midday,Weekday
T20230016724,2023-07-17,18:05:00,1,Collision with vehicle,1,Monday,130,REAR END(VEHICLES IN SAME LANE),2,777610,Not at intersection,3,60,Arterial Highway,PLENTY,DAREBIN,-37.717262,145.04294,2023,7,July,18,Afternoon Peak,Weekday
T20230016573,2023-07-17,08:50:00,1,Collision with vehicle,1,Monday,130,REAR END(VEHICLES IN SAME LANE),2,777301,Not at intersection,3,80,Freeway,WESTERN RING IN-PRINCES OUT,WYNDHAM,-37.826668,144.81596,2023,7,July,8,Morning Peak,Weekday
T20230016574,2023-07-17,09:10:00,2,Struck Pedestrian,1,Monday,100,PED NEAR SIDE. PED HIT BY VEHICLE FROM THE RIGHT.,1,663,Cross intersection,2,50,Arterial Other,ESPLANADE,BAYSIDE,-37.910786,144.98605,2023,7,July,9,Morning Peak,Weekday
T20230016577,2023-07-17,08:18:00,1,Collision with vehicle,1,Monday,130,REAR END(VEHICLES IN SAME LANE),1,796463,Not at intersection,3,80,Freeway,PRINCES,HOBSONS BAY,-37.833313,144.80966,2023,7,July,8,Morning Peak,Weekday
T20230016583,2023-07-17,08:25:00,2,Struck Pedestrian,1,Monday,102,FAR SIDE. PED HIT BY VEHICLE FROM THE LEFT,1,778293,T intersection,3,50,Local Road,STANBURY,GEELONG,-38.165688,144.29965,2023,7,July,8,Morning Peak,Weekday
T20230016584,2023-07-17,07:25:00,1,Collision with vehicle,1,Monday,110,CROSS TRAFFIC(INTERSECTIONS ONLY),1,55513,Cross intersection,2,40,Local Road,BRUNSWICK,YARRA,-37.78073,144.98183,2023,7,July,7,Morning Peak,Weekday
T20230016782,2023-07-18,14:30:00,4,Collision with a fixed object,2,Tuesday,183,OFF LEFT BEND INTO OBJECT/PARKED VEHICLE,1,777559,Not at intersection,2,100,Arterial Other,EUROA-MANSFIELD,STRATHBOGIE,-36.88011,145.61815,2023,7,July,14,Midday,Weekday
T20230016781,2023-07-18,17:00:00,1,Collision with vehicle,2,Tuesday,139,OTHER SAME DIRECTION-MANOUEVRES NOT INCLUDED IN DCAs 130-137,1,777424,Not at intersection,3,80,Freeway,CALDER,BRIMBANK,-37.719498,144.83932,2023,7,July,17,Afternoon Peak,Weekday
T20230016733,2023-07-18,17:29:00,1,Collision with vehicle,2,Tuesday,121,RIGHT THROUGH,2,778844,Not at intersection,3,60,Arterial Other,DORSET,MAROONDAH,-37.791027,145.29155,2023,7,July,17,Afternoon Peak,Weekday
T20230016669,2023-07-18,09:50:00,1,Collision with vehicle,2,Tuesday,110,CROSS TRAFFIC(INTERSECTIONS ONLY),1,44565,Cross intersection,3,50,Arterial Highway,MAIN,EAST GIPPSLAND,-37.825157,147.63446,2023,7,July,9,Morning Peak,Weekday
T20230016695,2023-07-18,09:00:00,2,Struck Pedestrian,2,Tuesday,100,PED NEAR SIDE. PED HIT BY VEHICLE FROM THE RIGHT.,1,799432,Cross intersection,2,60,Arterial Other,BLACKBURN,MANNINGHAM,-37.788258,145.16212,2023,7,July,9,Morning Peak,Weekday
T20230016734,2023-07-18,15:55:00,1,Collision with vehicle,2,Tuesday,130,REAR END(VEHICLES IN SAME LANE),1,778458,T intersection,3,60,Local Road,COOLSTORE,MAROONDAH,-37.794167,145.28343,2023,7,July,15,Afternoon Peak,Weekday
T20230016857,2023-07-18,07:15:00,3,Struck animal,2,Tuesday,167,STRUCK ANIMAL,2,788694,Not at intersection,3,80,Arterial Highway,MAROONDAH,YARRA RANGES,-37.710247,145.39578,2023,7,July,7,Morning Peak,Weekday
T20230016668,2023-07-18,08:15:00,1,Collision with vehicle,2,Tuesday,147,VEHICLE STRIKES ANOTHER VEH WHILE EMERGING FROM DRIVEWAY,2,779234,Not at intersection,2,100,Arterial Other,NEPEAN,MORNINGTON PENINSULA,-38.31341,145.02296,2023,7,July,8,Morning Peak,Weekday
T20230016735,2023-07-18,16:16:00,1,Collision with vehicle,2,Tuesday,163,VEHICLE STRIKES DOOR OF PARKED/STATIONARY VEHICLE,1,125627,Not at intersection,3,40,Local Road,ELIZABETH,MELBOURNE,-37.81238,144.9623,2023,7,July,16,Afternoon Peak,Weekday
T20230016772,2023-07-18,17:30:00,1,Collision with vehicle,2,Tuesday,121,RIGHT THROUGH,3,35354,Cross intersection,3,40,Local Road,FLINDERS,MELBOURNE,-37.81862,144.95956,2023,7,July,17,Afternoon Peak,Weekday
T20230016710,2023-07-18,15:25:00,2,Struck Pedestrian,2,Tuesday,101,PED EMERGES FROM IN FRONT OF PARKED OR STATIONARY VEHICLE,1,788665,Not at intersection,3,40,Local Road,BURGUNDY,BANYULE,-37.75523,145.06047,2023,7,July,15,Afternoon Peak,Weekday
T20230016739,2023-07-18,19:30:00,1,Collision with vehicle,2,Tuesday,146,REVERSING INTO FIXED OBJECT/PARKED VEHICLE,3,796613,Not at intersection,3,50,Local Road,LEONARD,CASEY,-38.021713,145.32028,2023,7,July,19,Night,Weekday
T20230016703,2023-07-18,13:33:00,4,Collision with a fixed object,2,Tuesday,181,OFF RIGHT BEND INTO OBJECT/PARKED VEHICLE,1,777806,Not at intersection,3,60,Arterial Other,MAIN NEERIM,BAW BAW,-38.06357,145.93135,2023,7,July,13,Midday,Weekday
T20230016892,2023-07-18,18:00:00,1,Collision with vehicle,2,Tuesday,163,VEHICLE STRIKES DOOR OF PARKED/STATIONARY VEHICLE,2,778459,Not at intersection,2,60,Arterial Other,SWAN,MELBOURNE,-37.823772,144.9824,2023,7,July,18,Afternoon Peak,Weekday
T20230016745,2023-07-18,06:15:00,1,Collision with vehicle,2,Tuesday,110,CROSS TRAFFIC(INTERSECTIONS ONLY),2,29932,Cross intersection,2,60,Freeway,HUME OUT-EPPING-KILMORE,MITCHELL,-37.350643,145.02135,2023,7,July,6,Morning Peak,Weekday
T20230016702,2023-07-18,12:44:00,2,Struck Pedestrian,2,Tuesday,102,FAR SIDE. PED HIT BY VEHICLE FROM THE LEFT,1,39323,Cross intersection,2,60,Arterial Other,STATION,WHITEHORSE,-37.822918,145.12291,2023,7,July,12,Midday,Weekday
T20230017418,2023-07-18,08:45:00,1,Collision with vehicle,2,Tuesday,121,RIGHT THROUGH,2,45522,Not at intersection,3,60,Arterial Other,HOPKINS,MELTON,-37.75321,144.70374,2023,7,July,8,Morning Peak,Weekday
T20230016671,2023-07-18,09:13:00,1,Collision with vehicle,2,Tuesday,148,VEHICLE OFF FOOTPATH STRIKES VEH ON CARRIAGEWAY,1,775442,Not at intersection,2,50,Local Road,OLIVE,KINGSTON,-37.929466,145.11897,2023,7,July,9,Morning Peak,Weekday
T20230016718,2023-07-18,16:05:00,1,Collision with vehicle,2,Tuesday,113,RIGHT NEAR (INTERSECTIONS ONLY),2,777712,T intersection,2,50,Local Road,SCOTT,MORNINGTON PENINSULA,-38.221355,145.17404,2023,7,July,16,Afternoon Peak,Weekday
T20230016719,2023-07-18,15:50:00,1,Collision with vehicle,2,Tuesday,130,REAR END(VEHICLES IN SAME LANE),1,777652,Not at intersection,3,80,Arterial Other,LEARMONTH,BALLARAT,-37.533573,143.81735,2023,7,July,15,Afternoon Peak,Weekday
T20230016694,2023-07-18,11:40:00,1,Collision with vehicle,2,Tuesday,110,CROSS TRAFFIC(INTERSECTIONS ONLY),1,784370,Multiple intersection,3,80,Arterial Other,CLYDE,CASEY,-38.043983,145.34148,2023,7,July,11,Midday,Weekday
T20230016722,2023-07-18,16:45:00,2,Struck Pedestrian,2,Tuesday,102,FAR SIDE. PED HIT BY VEHICLE FROM THE LEFT,1,222107,Cross intersection,2,80,Arterial Highway,NORTH,MONASH,-37.91463,145.12729,2023,7,July,16,Afternoon Peak,Weekday
T20230016743,2023-07-18,17:40:00,1,Collision with vehicle,2,Tuesday,130,REAR END(VEHICLES IN SAME LANE),2,70821,T intersection,3,80,Arterial Highway,CHELTENHAM,DANDENONG,-37.993916,145.17116,2023,7,July,17,Afternoon Peak,Weekday
T20230016727,2023-07-18,17:45:00,1,Collision with vehicle,2,Tuesday,130,REAR END(VEHICLES IN SAME LANE),2,777672,Not at intersection,3,60,Arterial Other,MIDDLEBOROUGH,WHITEHORSE,-37.82873,145.1366,2023,7,July,17,Afternoon Peak,Weekday
T20230016728,2023-07-18,14:50:00,2,Struck Pedestrian,2,Tuesday,102,FAR SIDE. PED HIT BY VEHICLE FROM THE LEFT,1,778612,Not at intersection,3,60,Arterial Highway,SOUTH GIPPSLAND,CASEY,-38.110653,145.28316,2023,7,July,14,Midday,Weekday
T20230018044,2023-07-18,18:00:00,4,Collision with a fixed object,2,Tuesday,181,OFF RIGHT BEND INTO OBJECT/PARKED VEHICLE,3,713280,Not at intersection,3,40,Local Road,LITTLE CHAPEL,STONNINGTON,-37.848064,144.99489,2023,7,July,18,Afternoon Peak,Weekday
T20230016672,2023-07-18,09:00:00,1,Collision with vehicle,2,Tuesday,130,REAR END(VEHICLES IN SAME LANE),1,777339,Not at intersection,3,80,Arterial Highway,WESTERN PORT,FRANKSTON,-38.112934,145.23228,2023,7,July,9,Morning Peak,Weekday
T20230016697,2023-07-18,09:56:00,1,Collision with vehicle,2,Tuesday,114,TWO RIGHT TURNING (INTERSECTIONS ONLY),1,278628,Cross intersection,2,80,Arterial Highway,DANDENONG,DANDENONG,-37.997375,145.16226,2023,7,July,9,Morning Peak,Weekday
T20230016667,2023-07-18,08:29:00,1,Collision with vehicle,2,Tuesday,121,RIGHT THROUGH,2,779959,Y intersection,3,60,Arterial Other,SETTLEMENT,WHITTLESEA,-37.6934,145.02982,2023,7,July,8,Morning Peak,Weekday
T20230016692,2023-07-18,08:39:00,2,Struck Pedestrian,2,Tuesday,102,FAR SIDE. PED HIT BY VEHICLE FROM THE LEFT,1,777483,Cross intersection,3,60,Arterial Highway,PLENTY,DAREBIN,-37.725166,145.02367,2023,7,July,8,Morning Peak,Weekday
T20230017002,2023-07-18,06:00:00,1,Collision with vehicle,2,Tuesday,130,REAR END(VEHICLES IN SAME LANE),2,777837,Not at intersection,3,100,Freeway,PRINCES,HOBSONS BAY,-37.867912,144.77007,2023,7,July,6,Morning Peak,Weekday
T20230016732,2023-07-18,08:10:00,1,Collision with vehicle,2,Tuesday,130,REAR END(VEHICLES IN SAME LANE),2,313325,T intersection,3,60,Arterial Other,SOMERTON,HUME,-37.638206,144.91,2023,7,July,8,Morning Peak,Weekday
T20230017492,2023-07-18,11:30:00,1,Collision with vehicle,2,Tuesday,130,REAR END(VEHICLES IN SAME LANE),1,38731,Cross intersection,3,70,Arterial Highway,PLENTY,WHITTLESEA,-37.68831,145.06625,2023,7,July,11,Midday,Weekday
T20230016682,2023-07-18,10:07:00,1,Collision with vehicle,2,Tuesday,110,CROSS TRAFFIC(INTERSECTIONS ONLY),1,15453,Cross intersection,2,100,Arterial Other,BARWON HEADS,GEELONG,-38.259407,144.42456,2023,7,July,10,Midday,Weekday
T20230016744,2023-07-18,19:40:00,2,Struck Pedestrian,2,Tuesday,102,FAR SIDE. PED HIT BY VEHICLE FROM THE LEFT,3,70391,T intersection,1,50,Local Road,ALDRIDGE,CASEY,-37.973896,145.24208,2023,7,July,19,Night,Weekday
T20230016681,2023-07-18,09:45:00,1,Collision with vehicle,2,Tuesday,121,RIGHT THROUGH,1,44528,Cross intersection,2,50,Arterial Other,BEECH,WHITTLESEA,-37.511196,145.12082,2023,7,July,9,Morning Peak,Weekday
T20230016753,2023-07-18,10:20:00,1,Collision with vehicle,2,Tuesday,130,REAR END(VEHICLES IN SAME LANE),1,777484,Cross intersection,3,60,Arterial Highway,STATE (LOWER DANDENONG/CHELTENHAM),DANDENONG,-37.990128,145.21446,2023,7,July,10,Midday,Weekday
T20230016765,2023-07-18,15:35:00,1,Collision with vehicle,2,Tuesday,130,REAR END(VEHICLES IN SAME LANE),1,779945,Not at intersection,3,80,Arterial Other,BERWICK-CRANBOURNE,CASEY,-38.092964,145.33205,2023,7,July,15,Afternoon Peak,Weekday
T20230016803,2023-07-18,17:30:00,1,Collision with vehicle,2,Tuesday,130,REAR END(VEHICLES IN SAME LANE),2,778700,Not at intersection,3,60,Local Road,MACARTHUR,WELLINGTON,-38.105,147.07312,2023,7,July,17,Afternoon Peak,Weekday
T20230019432,2023-07-18,15:05:00,1,Collision with vehicle,2,Tuesday,110,CROSS TRAFFIC(INTERSECTIONS ONLY),1,52495,Cross intersection,3,50,Local Road,LANGTREE,MILDURA,-34.18979,142.15413,2023,7,July,15,Afternoon Peak,Weekday
T20230017393,2023-07-18,18:00:00,1,Collision with vehicle,2,Tuesday,137,LEFT TURN SIDESWIPE,3,777932,Not at intersection,2,60,Arterial Highway,BRIGHTON ROAD SERVICE,PORT PHILLIP,-37.87842,144.99345,2023,7,July,18,Afternoon Peak,Weekday
T20230018401,2023-07-18,06:40:00,1,Collision with vehicle,2,Tuesday,130,REAR END(VEHICLES IN SAME LANE),2,778557,Cross intersection,3,60,Arterial Other,HEIDELBERG,DAREBIN,-37.783768,145.01498,2023,7,July,6,Morning Peak,Weekday
T20230016867,2023-07-18,17:50:00,1,Collision with vehicle,2,Tuesday,148,VEHICLE OFF FOOTPATH STRIKES VEH ON CARRIAGEWAY,3,250019,Cross intersection,3,60,Arterial Other,ST GEORGES,YARRA,-37.781033,144.9858,2023,7,July,17,Afternoon Peak,Weekday
T20230020807,2023-07-18,08:20:00,1,Collision with vehicle,2,Tuesday,148,VEHICLE OFF FOOTPATH STRIKES VEH ON CARRIAGEWAY,1,780399,T intersection,3,50,Arterial Other,YARRA,YARRA,-37.820282,145.01448,2023,7,July,8,Morning Peak,Weekday
T20230016658,2023-07-18,03:42:00,1,Collision with vehicle,2,Tuesday,120,HEAD ON (NOT OVERTAKING),3,98991,Not at intersection,2,60,Arterial Highway,WARRIGAL,KINGSTON,-37.92618,145.082,2023,7,July,3,Late Night,Weekday
T20230016708,2023-07-18,12:00:00,1,Collision with vehicle,2,Tuesday,130,REAR END(VEHICLES IN SAME LANE),1,91446,Not at intersection,2,60,Arterial Other,HAWTHORN,GLEN EIRA,-37.87249,145.02475,2023,7,July,12,Midday,Weekday
T20230016705,2023-07-18,12:35:00,1,Collision with vehicle,2,Tuesday,143,ENTERING PARKING,1,777408,Not at intersection,3,40,Local Road,COLLINS,MELBOURNE,-37.81499,144.96826,2023,7,July,12,Midday,Weekday
T20230016704,2023-07-18,07:40:00,1,Collision with vehicle,2,Tuesday,120,HEAD ON (NOT OVERTAKING),2,778245,Not at intersection,3,100,Arterial Highway,WESTERN,HINDMARSH,-36.392147,141.50319,2023,7,July,7,Morning Peak,Weekday
T20230016778,2023-07-19,12:20:00,1,Collision with vehicle,3,Wednesday,110,CROSS TRAFFIC(INTERSECTIONS ONLY),1,73874,Cross intersection,3,50,Local Road,FOSTER,WARRNAMBOOL,-38.38367,142.49586,2023,7,July,12,Midday,Weekday
T20230016776,2023-07-19,11:48:00,1,Collision with vehicle,3,Wednesday,148,VEHICLE OFF FOOTPATH STRIKES VEH ON CARRIAGEWAY,1,304790,Not at intersection,2,40,Local Road,COLLINS,MELBOURNE,-37.81636,144.96358,2023,7,July,11,Midday,Weekday
T20230016767,2023-07-19,10:09:00,4,Collision with a fixed object,3,Wednesday,171,LEFT OFF CARRIAGEWAY INTO OBJECT/PARKED VEHICLE,1,777485,T intersection,3,50,Local Road,MURPHY,CARDINIA,-38.06253,145.49739,2023,7,July,10,Midday,Weekday
T20230017975,2023-07-19,12:30:00,1,Collision with vehicle,3,Wednesday,133,LANE SIDE SWIPE (VEHICLES IN PARALLEL LANES),1,788659,Not at intersection,3,100,Freeway,WESTERN RING,BRIMBANK,-37.7885,144.7879,2023,7,July,12,Midday,Weekday
T20230016822,2023-07-19,16:30:00,2,Struck Pedestrian,3,Wednesday,102,FAR SIDE. PED HIT BY VEHICLE FROM THE LEFT,2,777536,Not at intersection,2,60,Arterial Other,BEACONSFIELD,PORT PHILLIP,-37.844814,144.94228,2023,7,July,16,Afternoon Peak,Weekday