ACCIDENT_NO,ACCIDENT_DATE,ACCIDENT_TIME,ACCIDENT_TYPE,ACCIDENT_TYPE_DESC,DAY_OF_WEEK,DAY_WEEK_DESC,DCA_CODE,DCA_DESC,LIGHT_CONDITION,NODE_ID,ROAD_GEOMETRY_DESC,SEVERITY,SPEED_ZONE,RMA,ROAD_NAME,LGA_NAME,LATITUDE,LONGITUDE,YEAR,MONTH,MONTH_NAME,HOUR,TIME_PERIOD,DAY_TYPE
T20230016821,2023-07-19,19:50:00,1,Collision with vehicle,3,Wednesday,130,REAR END(VEHICLES IN SAME LANE),3,777487,Not at intersection,3,60,Arterial Other,BALCOMBE,KINGSTON,-37.980038,145.05478,2023,7,July,19,Night,Weekday
T20230016820,2023-07-19,19:19:00,2,Struck Pedestrian,3,Wednesday,100,PED NEAR SIDE. PED HIT BY VEHICLE FROM THE RIGHT.,3,777621,Not at intersection,2,50,Arterial Other,HIGH,MELTON,-37.683304,144.5818,2023,7,July,19,Night,Weekday
T20230016818,2023-07-19,19:20:00,1,Collision with vehicle,3,Wednesday,110,CROSS TRAFFIC(INTERSECTIONS ONLY),3,332439,Cross intersection,2,40,Arterial Other,CRAIGIEBURN,HUME,-37.593918,144.91006,2023,7,July,19,Night,Weekday
T20230016817,2023-07-19,16:34:00,4,Collision with a fixed object,3,Wednesday,181,OFF RIGHT BEND INTO OBJECT/PARKED VEHICLE,1,779116,Not at intersection,2,50,Local Road,HENDRICKS,HUME,-37.681892,144.9068,2023,7,July,16,Afternoon Peak,Weekday
T20230016816,2023-07-19,18:58:00,1,Collision with vehicle,3,Wednesday,130,REAR END(VEHICLES IN SAME LANE),2,777715,Not at intersection,2,60,Arterial Other,ST GEORGES,YARRA,-37.777626,144.98874,2023,7,July,18,Afternoon Peak,Weekday
T20230017605,2023-07-19,15:00:00,1,Collision with vehicle,3,Wednesday,148,VEHICLE OFF FOOTPATH STRIKES VEH ON CARRIAGEWAY,1,230257,T intersection,3,60,Local Road,HALL,MARIBYRNONG,-37.815975,144.8969,2023,7,July,15,Afternoon Peak,Weekday
T20230016815,2023-07-19,19:26:00,1,Collision with vehicle,3,Wednesday,130,REAR END(VEHICLES IN SAME LANE),3,777486,Not at intersection,3,60,Arterial Other,BARRY,HUME,-37.663864,144.92279,2023,7,July,19,Night,Weekday
T20230016750,2023-07-19,01:30:00,6,Vehicle overturned (no collision),3,Wednesday,170,OFF CARRIAGEWAY TO LEFT,5,780073,Not at intersection,3,100,Local Road,FAWCETT,GANNAWARRA,-35.805412,143.66089,2023,7,July,1,Late Night,Weekday
T20230016834,2023-07-19,14:03:00,1,Collision with vehicle,3,Wednesday,133,LANE SIDE SWIPE (VEHICLES IN PARALLEL LANES),1,777371,Not at intersection,1,100,Arterial Other,WANGARATTA-YARRAWONGA,WANGARATTA,-36.29221,146.26309,2023,7,July,14,Midday,Weekday
T20230016814,2023-07-19,20:05:00,1,Collision with vehicle,3,Wednesday,121,RIGHT THROUGH,3,35500,Cross intersection,2,40,Arterial Highway,DANDENONG ROAD -QUEENS,STONNINGTON,-37.857506,144.9923,2023,7,July,20,Night,Weekday
T20230016877,2023-07-19,17:36:00,1,Collision with vehicle,3,Wednesday,111,RIGHT FAR (INTERSECTIONS ONLY),2,41124,Cross intersection,3,60,Arterial Other,ST KILDA,BAYSIDE,-37.887703,144.99142,2023,7,July,17,Afternoon Peak,Weekday
T20230017207,2023-07-19,07:00:00,1,Collision with vehicle,3,Wednesday,130,REAR END(VEHICLES IN SAME LANE),2,296274,T intersection,3,70,Arterial Other,BELGRAVE-HALLAM ROAD -HALLAM NORTH,CASEY,-37.990284,145.27638,2023,7,July,7,Morning Peak,Weekday
T20230017481,2023-07-19,11:00:00,1,Collision with vehicle,3,Wednesday,135,LANE CHANGE LEFT (NOT OVERTAKING),1,777935,Not at intersection,3,100,Freeway,EASTERN,WHITEHORSE,-37.80014,145.14957,2023,7,July,11,Midday,Weekday
T20230016813,2023-07-19,18:15:00,1,Collision with vehicle,3,Wednesday,160,VEHICLE COLLIDES WITH VEHICLE PARKED ON LEFT OF ROAD,2,778195,Not at intersection,3,50,Arterial Other,FOREST,KNOX,-37.858406,145.31282,2023,7,July,18,Afternoon Peak,Weekday
T20230016812,2023-07-19,20:32:00,1,Collision with vehicle,3,Wednesday,163,VEHICLE STRIKES DOOR OF PARKED/STATIONARY VEHICLE,3,777535,Not at intersection,3,40,Arterial Other,TOORAK,STONNINGTON,-37.83873,144.98962,2023,7,July,20,Night,Weekday
T20230016833,2023-07-19,04:44:00,4,Collision with a fixed object,3,Wednesday,171,LEFT OFF CARRIAGEWAY INTO OBJECT/PARKED VEHICLE,3,788636,Not at intersection,3,60,Arterial Highway,WILLIS,SURF COAST,-38.236504,143.99785,2023,7,July,4,Late Night,Weekday
T20230019579,2023-07-19,07:16:00,1,Collision with vehicle,3,Wednesday,121,RIGHT THROUGH,2,39042,T intersection,3,60,Arterial Other,BARKERS,BOROONDARA,-37.81737,145.05936,2023,7,July,7,Morning Peak,Weekday
T20230016810,2023-07-19,16:35:00,1,Collision with vehicle,3,Wednesday,123,RIGHT/LEFT. ONE VEH TURNING RIGHT THE OTHER LEFT.,1,271113,Cross intersection,3,80,Arterial Other,THOMPSONS,CASEY,-38.0777,145.23979,2023,7,July,16,Afternoon Peak,Weekday
T20230016809,2023-07-19,16:00:00,1,Collision with vehicle,3,Wednesday,130,REAR END(VEHICLES IN SAME LANE),2,777924,T intersection,3,60,Local Road,THE LAKES,WHITTLESEA,-37.637924,145.0671,2023,7,July,16,Afternoon Peak,Weekday
T20230016807,2023-07-19,08:15:00,1,Collision with vehicle,3,Wednesday,137,LEFT TURN SIDESWIPE,1,343981,Not at intersection,3,50,Local Road,ALBERT,MELBOURNE,-37.810913,144.988,2023,7,July,8,Morning Peak,Weekday
T20230016805,2023-07-19,16:40:00,1,Collision with vehicle,3,Wednesday,116,LEFT NEAR (INTERSECTIONS ONLY),1,47118,T intersection,2,60,Local Road,MATTHEWS,HUME,-37.635826,144.92302,2023,7,July,16,Afternoon Peak,Weekday
T20230016802,2023-07-19,10:15:00,2,Struck Pedestrian,3,Wednesday,107,PED ON FOOTHPATH STRUCK BY VEHENTERING/LEAVING DRIVEWAY.,1,788646,Not at intersection,2,60,Arterial Highway,WARRIGAL,STONNINGTON,-37.891567,145.08849,2023,7,July,10,Midday,Weekday
T20230017495,2023-07-19,15:20:00,1,Collision with vehicle,3,Wednesday,130,REAR END(VEHICLES IN SAME LANE),1,779875,Not at intersection,3,60,Arterial Other,MCDONALDS,WHITTLESEA,-37.645847,145.03949,2023,7,July,15,Afternoon Peak,Weekday
T20230017250,2023-07-19,08:00:00,1,Collision with vehicle,3,Wednesday,133,LANE SIDE SWIPE (VEHICLES IN PARALLEL LANES),1,788705,Not at intersection,3,80,Freeway,CITYLINK IN-MT ALEXANDER,MELBOURNE,-37.782974,144.93996,2023,7,July,8,Morning Peak,Weekday
T20230016983,2023-07-19,09:30:00,1,Collision with vehicle,3,Wednesday,130,REAR END(VEHICLES IN SAME LANE),1,777543,Not at intersection,3,80,Arterial Highway,DANDENONG VALLEY,KNOX,-37.930103,145.23254,2023,7,July,9,Morning Peak,Weekday
T20230016811,2023-07-19,15:00:00,1,Collision with vehicle,3,Wednesday,147,VEHICLE STRIKES ANOTHER VEH WHILE EMERGING FROM DRIVEWAY,1,777534,Not at intersection,3,50,Local Road,FLORENCE,WHITTLESEA,-37.60908,145.09062,2023,7,July,15,Afternoon Peak,Weekday
T20230017197,2023-07-19,16:20:00,1,Collision with vehicle,3,Wednesday,116,LEFT NEAR (INTERSECTIONS ONLY),1,68806,T intersection,3,60,Arterial Other,FERNTREE GULLY,MONASH,-37.89624,145.1002,2023,7,July,16,Afternoon Peak,Weekday
T20230016823,2023-07-19,19:40:00,4,Collision with a fixed object,3,Wednesday,171,LEFT OFF CARRIAGEWAY INTO OBJECT/PARKED VEHICLE,5,788635,T intersection,3,100,Arterial Other,MOE-WALHALLA,BAW BAW,-38.125935,146.2739,2023,7,July,19,Night,Weekday
T20230016797,2023-07-19,16:45:00,2,Struck Pedestrian,3,Wednesday,107,PED ON FOOTHPATH STRUCK BY VEHENTERING/LEAVING DRIVEWAY.,1,788661,Not at intersection,2,50,Local Road,GOE,GLEN EIRA,-37.890633,145.03075,2023,7,July,16,Afternoon Peak,Weekday
T20230017008,2023-07-19,22:30:00,3,Struck animal,3,Wednesday,167,STRUCK ANIMAL,5,777545,Not at intersection,3,100,Arterial Other,MOE-WILLOW GROVE,BAW BAW,-38.094494,146.20946,2023,7,July,22,Night,Weekday
T20230016796,2023-07-19,14:00:00,1,Collision with vehicle,3,Wednesday,149,OTHER MANOEUVRING NOT INCLUDED IN DCAs 140-148,1,788651,Not at intersection,3,70,Arterial Other,WESTALL,DANDENONG,-37.958054,145.13696,2023,7,July,14,Midday,Weekday
T20230017704,2023-07-19,08:30:00,1,Collision with vehicle,3,Wednesday,130,REAR END(VEHICLES IN SAME LANE),2,777961,Not at intersection,2,50,Arterial Other,BARRABOOL,GEELONG,-38.17134,144.32117,2023,7,July,8,Morning Peak,Weekday
T20230016792,2023-07-19,15:38:00,2,Struck Pedestrian,3,Wednesday,102,FAR SIDE. PED HIT BY VEHICLE FROM THE LEFT,1,777425,Not at intersection,2,60,Arterial Other,BEACH,KINGSTON,-37.99314,145.06734,2023,7,July,15,Afternoon Peak,Weekday
T20230017305,2023-07-19,16:40:00,1,Collision with vehicle,3,Wednesday,130,REAR END(VEHICLES IN SAME LANE),2,777812,Not at intersection,3,60,Local Road,DOWNES,MOUNT ALEXANDER,-37.0471,144.22054,2023,7,July,16,Afternoon Peak,Weekday
T20230017392,2023-07-19,14:47:00,1,Collision with vehicle,3,Wednesday,113,RIGHT NEAR (INTERSECTIONS ONLY),1,353176,Cross intersection,3,80,Arterial Other,FITZGERALDS ROAD SERVICE,WYNDHAM,-37.82321,144.78625,2023,7,July,14,Midday,Weekday
T20230020149,2023-07-19,15:00:00,1,Collision with vehicle,3,Wednesday,110,CROSS TRAFFIC(INTERSECTIONS ONLY),1,50330,Cross intersection,2,50,Local Road,FISCHER,SURF COAST,-38.33048,144.32297,2023,7,July,15,Afternoon Peak,Weekday
T20230018535,2023-07-19,17:55:00,1,Collision with vehicle,3,Wednesday,135,LANE CHANGE LEFT (NOT OVERTAKING),3,788702,Not at intersection,3,80,Arterial Highway,DINGLEY,KINGSTON,-37.96397,145.13153,2023,7,July,17,Afternoon Peak,Weekday
T20230016779,2023-07-19,12:18:00,1,Collision with vehicle,3,Wednesday,130,REAR END(VEHICLES IN SAME LANE),1,778294,Not at intersection,3,40,Arterial Other,KING,MELBOURNE,-37.80956,144.95256,2023,7,July,12,Midday,Weekday
T20230016799,2023-07-19,17:05:00,1,Collision with vehicle,3,Wednesday,121,RIGHT THROUGH,2,777533,T intersection,3,80,Local Road,MINNS,MELTON,-37.65332,144.5885,2023,7,July,17,Afternoon Peak,Weekday
T20230016894,2023-07-20,17:18:00,1,Collision with vehicle,4,Thursday,110,CROSS TRAFFIC(INTERSECTIONS ONLY),3,37074,Cross intersection,2,50,Local Road,CREMORNE,YARRA,-37.828205,144.9906,2023,7,July,17,Afternoon Peak,Weekday
T20230016895,2023-07-20,16:20:00,1,Collision with vehicle,4,Thursday,130,REAR END(VEHICLES IN SAME LANE),2,777539,Not at intersection,3,60,Arterial Highway,STUD,DANDENONG,-37.977005,145.22226,2023,7,July,16,Afternoon Peak,Weekday
T20230016845,2023-07-20,07:03:00,1,Collision with vehicle,4,Thursday,130,REAR END(VEHICLES IN SAME LANE),2,778613,Y intersection,2,100,Arterial Highway,DANDENONG-HASTINGS,FRANKSTON,-38.174397,145.2207,2023,7,July,7,Morning Peak,Weekday
T20230016844,2023-07-20,06:45:00,2,Struck Pedestrian,4,Thursday,102,FAR SIDE. PED HIT BY VEHICLE FROM THE LEFT,5,45619,T intersection,3,50,Local Road,ALBION,MORELAND,-37.76068,144.96185,2023,7,July,6,Morning Peak,Weekday
T20230016921,2023-07-20,15:30:00,2,Struck Pedestrian,4,Thursday,100,PED NEAR SIDE. PED HIT BY VEHICLE FROM THE RIGHT.,1,780011,Not at intersection,3,40,Local Road,COCHRANE,DANDENONG,-37.992912,145.17941,2023,7,July,15,Afternoon Peak,Weekday
T20230016843,2023-07-20,06:50:00,1,Collision with vehicle,4,Thursday,121,RIGHT THROUGH,2,44550,Cross intersection,2,60,Arterial Other,CAMP,HUME,-37.68613,144.92683,2023,7,July,6,Morning Peak,Weekday
T20230016927,2023-07-20,20:10:00,6,Vehicle overturned (no collision),4,Thursday,170,OFF CARRIAGEWAY TO LEFT,3,788669,Not at intersection,2,80,Arterial Other,BENALLA-WINTON,BENALLA,-36.52069,146.06413,2023,7,July,20,Night,Weekday
T20230016896,2023-07-20,15:39:00,4,Collision with a fixed object,4,Thursday,171,LEFT OFF CARRIAGEWAY INTO OBJECT/PARKED VEHICLE,1,778124,Not at intersection,2,100,Arterial Other,BENDIGO-MURCHISON,CAMPASPE,-36.59225,145.03658,2023,7,July,15,Afternoon Peak,Weekday
T20230016897,2023-07-20,16:35:00,1,Collision with vehicle,4,Thursday,110,CROSS TRAFFIC(INTERSECTIONS ONLY),1,51175,Cross intersection,3,50,Arterial Highway,NUNN,BENALLA,-36.549755,145.98265,2023,7,July,16,Afternoon Peak,Weekday
T20230016928,2023-07-20,19:10:00,1,Collision with vehicle,4,Thursday,110,CROSS TRAFFIC(INTERSECTIONS ONLY),5,17566,Cross intersection,3,100,Arterial Other,BARMAH-SHEPPARTON,MOIRA,-36.099022,145.22374,2023,7,July,19,Night,Weekday
T20230016929,2023-07-20,21:40:00,1,Collision with vehicle,4,Thursday,121,RIGHT THROUGH,3,778037,T intersection,3,80,Arterial Highway,MAROONDAH,YARRA RANGES,-37.761333,145.31038,2023,7,July,21,Night,Weekday
T20230016901,2023-07-20,14:15:00,1,Collision with vehicle,4,Thursday,160,VEHICLE COLLIDES WITH VEHICLE PARKED ON LEFT OF ROAD,1,233535,Not at intersection,3,60,Arterial Other,GRANGE,DAREBIN,-37.77605,145.02565,2023,7,July,14,Midday,Weekday
T20230021019,2023-07-20,18:00:00,1,Collision with vehicle,4,Thursday,121,RIGHT THROUGH,1,35726,T intersection,3,60,Arterial Other,TOORAK,STONNINGTON,-37.844498,145.0371,2023,7,July,18,Afternoon Peak,Weekday
T20230017461,2023-07-20,18:35:00,2,Struck Pedestrian,4,Thursday,106,VEH STRIKES PED ON FOOTPATH/MEDIAN/TRAFFIC ISLAND.,6,45501,T intersection,3,60,Arterial Other,MT ALEXANDER,MOONEE VALLEY,-37.784107,144.93713,2023,7,July,18,Afternoon Peak,Weekday
T20230020100,2023-07-20,16:58:00,6,Vehicle overturned (no collision),4,Thursday,172,OFF CARRIAGEWAY TO RIGHT,2,788703,Not at intersection,3,100,Arterial Highway,NORTHERN,MITCHELL,-37.221836,144.92265,2023,7,July,16,Afternoon Peak,Weekday
T20230016861,2023-07-20,09:55:00,7,Fall from or in moving vehicle,4,Thursday,190,FELL IN/FROM VEHICLE,1,778546,T intersection,2,40,Arterial Other,SOUTH,BAYSIDE,-37.931248,145.01959,2023,7,July,9,Morning Peak,Weekday
T20230016935,2023-07-20,21:45:00,1,Collision with vehicle,4,Thursday,111,RIGHT FAR (INTERSECTIONS ONLY),3,777463,T intersection,1,80,Arterial Highway,SOUTH GIPPSLAND,CASEY,-38.14074,145.30688,2023,7,July,21,Night,Weekday
T20230016862,2023-07-20,10:21:00,1,Collision with vehicle,4,Thursday,110,CROSS TRAFFIC(INTERSECTIONS ONLY),1,777537,Cross intersection,3,100,Local Road,MURRAY,CARDINIA,-38.13938,145.67888,2023,7,July,10,Midday,Weekday
T20230016859,2023-07-20,11:15:00,1,Collision with vehicle,4,Thursday,113,RIGHT NEAR (INTERSECTIONS ONLY),1,777716,T intersection,2,60,Local Road,WATTLE TREE,FRANKSTON,-38.152653,145.15665,2023,7,July,11,Midday,Weekday
T20230016903,2023-07-20,15:46:00,1,Collision with vehicle,4,Thursday,130,REAR END(VEHICLES IN SAME LANE),1,796800,Not at intersection,2,100,Freeway,PRINCES,GEELONG,-38.01216,144.47002,2023,7,July,15,Afternoon Peak,Weekday
T20230016904,2023-07-20,17:55:00,1,Collision with vehicle,4,Thursday,110,CROSS TRAFFIC(INTERSECTIONS ONLY),3,788700,Cross intersection,2,60,Arterial Other,AUBURN,BOROONDARA,-37.825253,145.04453,2023,7,July,17,Afternoon Peak,Weekday
T20230016909,2023-07-20,18:30:00,8,No collision and no object struck,4,Thursday,174,OUT OF CONTROL ON CARRIAGEWAY (ON STRAIGHT),3,777540,Not at intersection,2,50,Local Road,CARINISH,MONASH,-37.923195,145.11908,2023,7,July,18,Afternoon Peak,Weekday
T20230019140,2023-07-20,10:00:00,1,Collision with vehicle,4,Thursday,116,LEFT NEAR (INTERSECTIONS ONLY),1,63695,Cross intersection,3,60,Arterial Other,STATION,DAREBIN,-37.760155,145.02129,2023,7,July,10,Midday,Weekday
T20230019142,2023-07-20,17:00:00,6,Vehicle overturned (no collision),4,Thursday,174,OUT OF CONTROL ON CARRIAGEWAY (ON STRAIGHT),1,779174,Not at intersection,2,100,Arterial Highway,SUNRAYSIA,PYRENEES,-37.11636,143.4921,2023,7,July,17,Afternoon Peak,Weekday
T20230016911,2023-07-20,18:58:00,4,Collision with a fixed object,4,Thursday,183,OFF LEFT BEND INTO OBJECT/PARKED VEHICLE,3,778125,Not at intersection,2,60,Arterial Other,BELGRAVE-HALLAM,YARRA RANGES,-37.92557,145.36014,2023,7,July,18,Afternoon Peak,Weekday
T20230016913,2023-07-20,17:12:00,1,Collision with vehicle,4,Thursday,120,HEAD ON (NOT OVERTAKING),2,780137,Not at intersection,3,60,Local Road,CHEDDAR,DAREBIN,-37.700348,145.01935,2023,7,July,17,Afternoon Peak,Weekday
T20230016916,2023-07-20,19:18:00,4,Collision with a fixed object,4,Thursday,171,LEFT OFF CARRIAGEWAY INTO OBJECT/PARKED VEHICLE,5,777619,Not at intersection,2,100,Arterial Other,CAPE PATERSON,BASS COAST,-38.63117,145.60365,2023,7,July,19,Night,Weekday
T20230016851,2023-07-20,09:50:00,1,Collision with vehicle,4,Thursday,147,VEHICLE STRIKES ANOTHER VEH WHILE EMERGING FROM DRIVEWAY,1,778259,Not at intersection,3,50,Arterial Highway,PRINCES,CASEY,-38.02693,145.30972,2023,7,July,9,Morning Peak,Weekday
T20230017121,2023-07-20,16:00:00,1,Collision with vehicle,4,Thursday,147,VEHICLE STRIKES ANOTHER VEH WHILE EMERGING FROM DRIVEWAY,1,778168,Not at intersection,3,60,Arterial Other,BURKE,BOROONDARA,-37.792976,145.06409,2023,7,July,16,Afternoon Peak,Weekday
T20230016917,2023-07-20,18:49:00,1,Collision with vehicle,4,Thursday,121,RIGHT THROUGH,3,36771,T intersection,3,60,Arterial Other,MEMORIAL,WHITTLESEA,-37.644928,145.02943,2023,7,July,18,Afternoon Peak,Weekday
T20230016920,2023-07-20,14:49:00,1,Collision with vehicle,4,Thursday,110,CROSS TRAFFIC(INTERSECTIONS ONLY),1,222037,Cross intersection,2,60,Arterial Other,VICTORIA,YARRA,-37.808117,144.97682,2023,7,July,14,Midday,Weekday
T20230017205,2023-07-20,17:10:00,1,Collision with vehicle,4,Thursday,121,RIGHT THROUGH,2,777611,Not at intersection,3,60,Arterial Other,HIGH,MANNINGHAM,-37.773964,145.11427,2023,7,July,17,Afternoon Peak,Weekday
T20230027261,2023-07-20,11:30:00,3,Struck animal,4,Thursday,167,STRUCK ANIMAL,1,788166,Not at intersection,3,100,Arterial Other,BEECHWORTH-CHILTERN,INDIGO,-36.29971,146.66478,2023,7,July,11,Midday,Weekday
T20230017194,2023-07-20,21:45:00,8,No collision and no object struck,4,Thursday,179,OTHER ACCIDENTS-OFF STRAIGHT NOT INCLUDED IN DCAs 170-175,5,777665,Not at intersection,3,80,Local Road,BANKS,GEELONG,-38.25651,144.56036,2023,7,July,21,Night,Weekday
T20230018920,2023-07-20,15:30:00,1,Collision with vehicle,4,Thursday,130,REAR END(VEHICLES IN SAME LANE),1,871,Cross intersection,2,60,Arterial Highway,FRANKSTON-DANDENONG,DANDENONG,-37.99988,145.21823,2023,7,July,15,Afternoon Peak,Weekday
T20230017266,2023-07-20,17:55:00,1,Collision with vehicle,4,Thursday,121,RIGHT THROUGH,2,54890,T intersection,3,50,Local Road,CADLES,FRANKSTON,-38.099186,145.18475,2023,7,July,17,Afternoon Peak,Weekday
T20230016865,2023-07-20,07:00:00,1,Collision with vehicle,4,Thursday,121,RIGHT THROUGH,5,42027,T intersection,3,60,Arterial Other,BEACH,BAYSIDE,-37.93921,144.99931,2023,7,July,7,Morning Peak,Weekday
T20230017734,2023-07-20,20:25:00,1,Collision with vehicle,4,Thursday,120,HEAD ON (NOT OVERTAKING),5,778046,Not at intersection,3,60,Arterial Other,RINGWOOD-WARRANDYTE,MANNINGHAM,-37.773697,145.23053,2023,7,July,20,Night,Weekday
T20230018680,2023-07-20,01:23:00,2,Struck Pedestrian,4,Thursday,106,VEH STRIKES PED ON FOOTPATH/MEDIAN/TRAFFIC ISLAND.,3,794224,Not at intersection,3,50,Local Road,FOURTEENTH,MILDURA,-34.19877,142.14763,2023,7,July,1,Late Night,Weekday
T20230016868,2023-07-20,08:12:00,1,Collision with vehicle,4,Thursday,130,REAR END(VEHICLES IN SAME LANE),1,782996,Not at intersection,2,50,Local Road,GRAY,BALLARAT,-37.58902,143.83884,2023,7,July,8,Morning Peak,Weekday
T20230016876,2023-07-20,14:40:00,2,Struck Pedestrian,4,Thursday,102,FAR SIDE. PED HIT BY VEHICLE FROM THE LEFT,1,779423,Not at intersection,2,60,Local Road,PARK,KINGSTON,-37.965557,145.0569,2023,7,July,14,Midday,Weekday
T20230017000,2023-07-20,18:15:00,1,Collision with vehicle,4,Thursday,110,CROSS TRAFFIC(INTERSECTIONS ONLY),3,42592,Cross intersection,3,60,Arterial Other,POLICE,DANDENONG,-37.937237,145.18953,2023,7,July,18,Afternoon Peak,Weekday
T20230016887,2023-07-20,15:44:00,4,Collision with a fixed object,4,Thursday,173,RIGHT OFF CARRIAGEWAY INTO OBJECT/PARKED VEHICLE,1,782412,Not at intersection,3,80,Arterial Other,BUNGAREE-CRESWICK,MOORABOOL,-37.5254,143.97243,2023,7,July,15,Afternoon Peak,Weekday
T20230017276,2023-07-20,10:09:00,2,Struck Pedestrian,4,Thursday,100,PED NEAR SIDE. PED HIT BY VEHICLE FROM THE RIGHT.,1,341350,T intersection,2,70,Non Arterial,HACKETTS,WYNDHAM,-37.896126,144.71686,2023,7,July,10,Midday,Weekday
T20230016889,2023-07-20,16:01:00,1,Collision with vehicle,4,Thursday,110,CROSS TRAFFIC(INTERSECTIONS ONLY),1,49250,Cross intersection,3,60,Local Road,MORGAN,BALLARAT,-37.606304,143.83821,2023,7,July,16,Afternoon Peak,Weekday
T20230016949,2023-07-21,08:36:00,1,Collision with vehicle,5,Friday,110,CROSS TRAFFIC(INTERSECTIONS ONLY),1,349,Cross intersection,3,40,Local Road,MOUBRAY,PORT PHILLIP,-37.84016,144.95108,2023,7,July,8,Morning Peak,Weekday
T20230018517,2023-07-21,08:00:00,1,Collision with vehicle,5,Friday,130,REAR END(VEHICLES IN SAME LANE),1,796764,Not at intersection,3,60,Freeway,STUD-MONASH IN,DANDENONG,-37.959938,145.22441,2023,7,July,8,Morning Peak,Weekday
T20230016992,2023-07-21,15:34:00,2,Struck Pedestrian,5,Friday,102,FAR SIDE. PED HIT BY VEHICLE FROM THE LEFT,1,778822,Not at intersection,2,60,Arterial Other,EAST BOUNDARY,GLEN EIRA,-37.920113,145.0592,2023,7,July,15,Afternoon Peak,Weekday
T20230016991,2023-07-21,14:50:00,2,Struck Pedestrian,5,Friday,106,VEH STRIKES PED ON FOOTPATH/MEDIAN/TRAFFIC ISLAND.,1,777566,Cross intersection,2,40,Local Road,PARK,PORT PHILLIP,-37.83524,144.96153,2023,7,July,14,Midday,Weekday
T20230016990,2023-07-21,13:39:00,1,Collision with vehicle,5,Friday,113,RIGHT NEAR (INTERSECTIONS ONLY),1,41762,T intersection,3,80,Arterial Highway,WELLINGTON,MONASH,-37.91727,145.1471,2023,7,July,13,Midday,Weekday
T20230016989,2023-07-21,12:30:00,1,Collision with vehicle,5,Friday,113,RIGHT NEAR (INTERSECTIONS ONLY),1,788834,T intersection,3,60,Local Road,GOLDEN,MANNINGHAM,-37.766346,145.08119,2023,7,July,12,Midday,Weekday
T20230018176,2023-07-21,15:45:00,1,Collision with vehicle,5,Friday,121,RIGHT THROUGH,1,42021,Cross intersection,3,70,Arterial Other,SOUTH,BAYSIDE,-37.928062,144.99408,2023,7,July,15,Afternoon Peak,Weekday
T20230019487,2023-07-21,18:45:00,1,Collision with vehicle,5,Friday,148,VEHICLE OFF FOOTPATH STRIKES VEH ON CARRIAGEWAY,3,54453,Cross intersection,3,40,Arterial Other,CLARENDON,MELBOURNE,-37.825188,144.95697,2023,7,July,18,Afternoon Peak,Weekday
T20230017024,2023-07-21,21:55:00,1,Collision with vehicle,5,Friday,130,REAR END(VEHICLES IN SAME LANE),3,780179,Not at intersection,3,60,Local Road,TARNEIT,WYNDHAM,-37.874287,144.66461,2023,7,July,21,Night,Weekday
T20230017023,2023-07-21,15:57:00,1,Collision with vehicle,5,Friday,147,VEHICLE STRIKES ANOTHER VEH WHILE EMERGING FROM DRIVEWAY,1,777569,Not at intersection,3,50,Local Road,MEROLA,HUME,-37.65406,144.95573,2023,7,July,15,Afternoon Peak,Weekday
T20230016981,2023-07-21,12:55:00,1,Collision with vehicle,5,Friday,130,REAR END(VEHICLES IN SAME LANE),1,666541,Not at intersection,3,70,Arterial Other,SYDNEY,MORELAND,-37.701263,144.96014,2023,7,July,12,Midday,Weekday
T20230016947,2023-07-21,07:20:00,2,Struck Pedestrian,5,Friday,106,VEH STRIKES PED ON FOOTPATH/MEDIAN/TRAFFIC ISLAND.,2,788835,Cross intersection,3,50,Local Road,MYERS,GEELONG,-38.151375,144.35889,2023,7,July,7,Morning Peak,Weekday
T20230016948,2023-07-21,08:45:00,1,Collision with vehicle,5,Friday,130,REAR END(VEHICLES IN SAME LANE),2,779707,Not at intersection,2,80,Arterial Other,WATSON,MITCHELL,-37.417686,144.99231,2023,7,July,8,Morning Peak,Weekday
T20230017020,2023-07-21,20:52:00,1,Collision with vehicle,5,Friday,110,CROSS TRAFFIC(INTERSECTIONS ONLY),3,52701,Cross intersection,3,50,Local Road,MOORE,ARARAT,-37.2858,142.93907,2023,7,July,20,Night,Weekday
T20230016950,2023-07-21,07:57:00,4,Collision with a fixed object,5,Friday,181,OFF RIGHT BEND INTO OBJECT/PARKED VEHICLE,2,778123,Not at intersection,2,100,Arterial Other,CRESWICK-NEWSTEAD,MOUNT ALEXANDER,-37.167316,144.0399,2023,7,July,7,Morning Peak,Weekday
T20230016951,2023-07-21,08:39:00,1,Collision with vehicle,5,Friday,133,LANE SIDE SWIPE (VEHICLES IN PARALLEL LANES),1,75748,Not at intersection,3,40,Local Road,COLLINS,MELBOURNE,-37.81344,144.97353,2023,7,July,8,Morning Peak,Weekday
T20230016953,2023-07-21,09:10:00,1,Collision with vehicle,5,Friday,147,VEHICLE STRIKES ANOTHER VEH WHILE EMERGING FROM DRIVEWAY,1,777807,Not at intersection,2,40,Arterial Other,EPPING,WHITTLESEA,-37.62247,145.02888,2023,7,July,9,Morning Peak,Weekday
T20230016961,2023-07-21,09:24:00,1,Collision with vehicle,5,Friday,160,VEHICLE COLLIDES WITH VEHICLE PARKED ON LEFT OF ROAD,1,780821,Not at intersection,2,60,Arterial Other,BARNARD,BENDIGO,-36.756565,144.27156,2023,7,July,9,Morning Peak,Weekday
T20230016963,2023-07-21,09:51:00,1,Collision with vehicle,5,Friday,113,RIGHT NEAR (INTERSECTIONS ONLY),1,298110,Cross intersection,3,80,Arterial Other,MELTON,BRIMBANK,-37.69682,144.77827,2023,7,July,9,Morning Peak,Weekday