ACCIDENT_NO,ACCIDENT_DATE,ACCIDENT_TIME,ACCIDENT_TYPE,ACCIDENT_TYPE_DESC,DAY_OF_WEEK,DAY_WEEK_DESC,DCA_CODE,DCA_DESC,LIGHT_CONDITION,NODE_ID,ROAD_GEOMETRY_DESC,SEVERITY,SPEED_ZONE,RMA,ROAD_NAME,LGA_NAME,LATITUDE,LONGITUDE,YEAR,MONTH,MONTH_NAME,HOUR,TIME_PERIOD,DAY_TYPE
T20230016966,2023-07-21,09:49:00,1,Collision with vehicle,5,Friday,120,HEAD ON (NOT OVERTAKING),1,693558,Not at intersection,3,60,Arterial Other,EMERALD-MONBULK,CARDINIA,-37.922695,145.4429,2023,7,July,9,Morning Peak,Weekday
T20230016968,2023-07-21,10:10:00,2,Struck Pedestrian,5,Friday,100,PED NEAR SIDE. PED HIT BY VEHICLE FROM THE RIGHT.,1,270675,Not at intersection,3,40,Arterial Other,BROADWAY,DAREBIN,-37.716908,145.00916,2023,7,July,10,Midday,Weekday
T20230016972,2023-07-21,09:20:00,1,Collision with vehicle,5,Friday,137,LEFT TURN SIDESWIPE,1,778096,T intersection,2,50,Local Road,KOORNANG,GLEN EIRA,-37.898243,145.05534,2023,7,July,9,Morning Peak,Weekday
T20230017405,2023-07-21,19:10:00,1,Collision with vehicle,5,Friday,111,RIGHT FAR (INTERSECTIONS ONLY),3,788833,T intersection,3,60,Local Road,MILLER,KNOX,-37.85321,145.29842,2023,7,July,19,Night,Weekday
T20230021494,2023-07-21,17:30:00,1,Collision with vehicle,5,Friday,116,LEFT NEAR (INTERSECTIONS ONLY),1,235005,Cross intersection,3,70,Arterial Highway,DANDENONG,PORT PHILLIP,-37.859524,145.00403,2023,7,July,17,Afternoon Peak,Weekday
T20230017010,2023-07-21,19:20:00,2,Struck Pedestrian,5,Friday,100,PED NEAR SIDE. PED HIT BY VEHICLE FROM THE RIGHT.,3,779320,Cross intersection,3,60,Arterial Other,HIGH STREET,MONASH,-37.8658,145.09286,2023,7,July,19,Night,Weekday
T20230017016,2023-07-21,14:31:00,1,Collision with vehicle,5,Friday,115,RIGHT/LEFT FAR (INTERSECTIONS ONLY),1,883,Cross intersection,2,60,Arterial Other,SYDNEY,MORELAND,-37.73776,144.96695,2023,7,July,14,Midday,Weekday
T20230017005,2023-07-21,09:00:00,1,Collision with vehicle,5,Friday,140,U TURN,2,779708,Not at intersection,3,40,Local Road,ENDEAVOUR,CASEY,-38.07596,145.26384,2023,7,July,9,Morning Peak,Weekday
T20230017805,2023-07-21,15:20:00,2,Struck Pedestrian,5,Friday,100,PED NEAR SIDE. PED HIT BY VEHICLE FROM THE RIGHT.,1,778102,T intersection,2,50,Local Road,ORMOND,PORT PHILLIP,-37.885014,144.98698,2023,7,July,15,Afternoon Peak,Weekday
T20230017872,2023-07-21,22:20:00,1,Collision with vehicle,5,Friday,130,REAR END(VEHICLES IN SAME LANE),3,54947,Cross intersection,3,60,Local Road,BURNBANK,BALLARAT,-37.546474,143.8459,2023,7,July,22,Night,Weekday
T20230016999,2023-07-21,15:25:00,1,Collision with vehicle,5,Friday,153,CUTTING IN (OVERTAKING),1,778739,Not at intersection,3,50,Local Road,BARATTA,WHITEHORSE,-37.838425,145.14441,2023,7,July,15,Afternoon Peak,Weekday
T20230016998,2023-07-21,15:40:00,1,Collision with vehicle,5,Friday,130,REAR END(VEHICLES IN SAME LANE),1,780170,Not at intersection,3,100,Arterial Other,MAFFRA-SALE,WELLINGTON,-38.07091,147.03767,2023,7,July,15,Afternoon Peak,Weekday
T20230017143,2023-07-21,11:40:00,1,Collision with vehicle,5,Friday,110,CROSS TRAFFIC(INTERSECTIONS ONLY),1,38070,Cross intersection,3,60,Arterial Other,STATION,DAREBIN,-37.76746,145.02005,2023,7,July,11,Midday,Weekday
T20230016996,2023-07-21,12:33:00,1,Collision with vehicle,5,Friday,160,VEHICLE COLLIDES WITH VEHICLE PARKED ON LEFT OF ROAD,1,778460,Not at intersection,3,40,Local Road,DEPARTURE,HUME,-37.67117,144.84888,2023,7,July,12,Midday,Weekday
T20230017015,2023-07-21,15:40:00,1,Collision with vehicle,5,Friday,120,HEAD ON (NOT OVERTAKING),1,777925,Not at intersection,2,80,Arterial Other,EPPING,WHITTLESEA,-37.591103,145.03354,2023,7,July,15,Afternoon Peak,Weekday
T20230016994,2023-07-21,13:44:00,2,Struck Pedestrian,5,Friday,102,FAR SIDE. PED HIT BY VEHICLE FROM THE LEFT,1,778295,Not at intersection,2,50,Local Road,PARMELIA,BRIMBANK,-37.704853,144.78618,2023,7,July,13,Midday,Weekday
T20230017081,2023-07-22,18:10:00,6,Vehicle overturned (no collision),6,Saturday,174,OUT OF CONTROL ON CARRIAGEWAY (ON STRAIGHT),2,788693,Not at intersection,3,50,Local Road,SANCTUARY LAKES NORTH,WYNDHAM,-37.896164,144.75783,2023,7,July,18,Afternoon Peak,Weekend
T20230017104,2023-07-22,20:35:00,1,Collision with vehicle,6,Saturday,142,LEAVING PARKING,3,31768,T intersection,3,40,Local Road,EASTERN,PORT PHILLIP,-37.833984,144.96585,2023,7,July,20,Night,Weekend
T20230020417,2023-07-22,14:00:00,8,No collision and no object struck,6,Saturday,170,OFF CARRIAGEWAY TO LEFT,1,780034,Not at intersection,3,100,Local Road,RELIANCE,ALPINE,-36.76485,147.01878,2023,7,July,14,Midday,Weekend
T20230017102,2023-07-22,22:43:00,8,No collision and no object struck,6,Saturday,174,OUT OF CONTROL ON CARRIAGEWAY (ON STRAIGHT),3,779994,T intersection,2,50,Local Road,TOWONG,BALLARAT,-37.556217,143.80704,2023,7,July,22,Night,Weekend
T20230017101,2023-07-22,21:20:00,1,Collision with vehicle,6,Saturday,130,REAR END(VEHICLES IN SAME LANE),3,695006,Not at intersection,3,60,Arterial Other,LANGS,MELBOURNE,-37.7821,144.90897,2023,7,July,21,Night,Weekend
T20230024913,2023-07-22,19:00:00,6,Vehicle overturned (no collision),6,Saturday,149,OTHER MANOEUVRING NOT INCLUDED IN DCAs 140-148,3,792444,T intersection,3,50,Local Road,BEURON,HOBSONS BAY,-37.828377,144.84375,2023,7,July,19,Night,Weekend
T20230017100,2023-07-22,00:25:00,4,Collision with a fixed object,6,Saturday,183,OFF LEFT BEND INTO OBJECT/PARKED VEHICLE,3,793266,T intersection,2,50,Local Road,ROBJANT,CASEY,-38.026924,145.24738,2023,7,July,0,Late Night,Weekend
T20230018546,2023-07-22,17:00:00,1,Collision with vehicle,6,Saturday,110,CROSS TRAFFIC(INTERSECTIONS ONLY),1,762501,Cross intersection,3,40,Local Road,BOLAND,CASEY,-38.074688,145.25531,2023,7,July,17,Afternoon Peak,Weekend
T20230017098,2023-07-22,19:10:00,2,Struck Pedestrian,6,Saturday,101,PED EMERGES FROM IN FRONT OF PARKED OR STATIONARY VEHICLE,3,778701,Not at intersection,3,40,Arterial Other,CHURCH,YARRA,-37.81282,145.00023,2023,7,July,19,Night,Weekend
T20230017093,2023-07-22,20:15:00,4,Collision with a fixed object,6,Saturday,173,RIGHT OFF CARRIAGEWAY INTO OBJECT/PARKED VEHICLE,5,781039,Not at intersection,2,80,Local Road,BENTONS,MORNINGTON PENINSULA,-38.25382,145.0755,2023,7,July,20,Night,Weekend
T20230017090,2023-07-22,17:55:00,1,Collision with vehicle,6,Saturday,140,U TURN,2,35319,Cross intersection,2,40,Arterial Other,VICTORIA,MELBOURNE,-37.806973,144.96585,2023,7,July,17,Afternoon Peak,Weekend
T20230017086,2023-07-22,15:50:00,1,Collision with vehicle,6,Saturday,113,RIGHT NEAR (INTERSECTIONS ONLY),1,48705,Cross intersection,3,50,Arterial Other,CURZON,MELBOURNE,-37.803864,144.94798,2023,7,July,15,Afternoon Peak,Weekend
T20230017085,2023-07-22,18:33:00,1,Collision with vehicle,6,Saturday,130,REAR END(VEHICLES IN SAME LANE),2,777572,Cross intersection,2,60,Arterial Highway,KINGS,MELBOURNE,-37.825882,144.96024,2023,7,July,18,Afternoon Peak,Weekend
T20230017031,2023-07-22,07:15:00,2,Struck Pedestrian,6,Saturday,100,PED NEAR SIDE. PED HIT BY VEHICLE FROM THE RIGHT.,1,781750,Not at intersection,2,60,Local Road,CLARKE,MELBOURNE,-37.826916,144.95917,2023,7,July,7,Morning Peak,Weekend
T20230017034,2023-07-22,07:40:00,1,Collision with vehicle,6,Saturday,130,REAR END(VEHICLES IN SAME LANE),2,777570,Not at intersection,2,60,Arterial Other,BARWON HEADS,GEELONG,-38.2824,144.49776,2023,7,July,7,Morning Peak,Weekend
T20230017035,2023-07-22,02:40:00,2,Struck Pedestrian,6,Saturday,107,PED ON FOOTHPATH STRUCK BY VEHENTERING/LEAVING DRIVEWAY.,3,778205,Not at intersection,3,50,Local Road,STRACHAN,SOUTHERN GRAMPIANS,-37.740955,142.04637,2023,7,July,2,Late Night,Weekend
T20230017055,2023-07-22,10:25:00,3,Struck animal,6,Saturday,167,STRUCK ANIMAL,1,779321,Not at intersection,2,100,Local Road,CAMPASPE,MACEDON RANGES,-37.432278,144.4605,2023,7,July,10,Midday,Weekend
T20230017037,2023-07-22,05:10:00,1,Collision with vehicle,6,Saturday,130,REAR END(VEHICLES IN SAME LANE),2,778823,T intersection,2,80,Arterial Other,BERWICK-CRANBOURNE,CASEY,-38.117287,145.31563,2023,7,July,5,Morning Peak,Weekend
T20230017333,2023-07-22,14:12:00,1,Collision with vehicle,6,Saturday,130,REAR END(VEHICLES IN SAME LANE),1,777899,Not at intersection,3,60,Arterial Other,HIGH,STONNINGTON,-37.858173,145.04115,2023,7,July,14,Midday,Weekend
T20230017043,2023-07-22,10:15:00,1,Collision with vehicle,6,Saturday,130,REAR END(VEHICLES IN SAME LANE),1,777571,T intersection,3,60,Arterial Other,PASCOE VALE,MOONEE VALLEY,-37.74589,144.92609,2023,7,July,10,Midday,Weekend
T20230017046,2023-07-22,10:35:00,1,Collision with vehicle,6,Saturday,130,REAR END(VEHICLES IN SAME LANE),1,777841,Not at intersection,3,60,Arterial Other,WARRIGAL,WHITEHORSE,-37.83817,145.09781,2023,7,July,10,Midday,Weekend
T20230017826,2023-07-22,20:30:00,1,Collision with vehicle,6,Saturday,119,OTHER ADJACENT (INTERSECTIONS ONLY),6,44550,Cross intersection,3,60,Arterial Other,CAMP,HUME,-37.68613,144.92683,2023,7,July,20,Night,Weekend
T20230017827,2023-07-22,15:45:00,1,Collision with vehicle,6,Saturday,110,CROSS TRAFFIC(INTERSECTIONS ONLY),1,53889,Cross intersection,3,60,Arterial Other,BALLAN,WYNDHAM,-37.89148,144.62914,2023,7,July,15,Afternoon Peak,Weekend
T20230017049,2023-07-22,11:25:00,2,Struck Pedestrian,6,Saturday,103,PED PLAYING/LYING/WORKING/STANDING ON CARRIAGEWAY.,1,777926,Not at intersection,3,100,Freeway,EASTLINK,KNOX,-37.876904,145.2129,2023,7,July,11,Midday,Weekend
T20230017879,2023-07-22,14:28:00,1,Collision with vehicle,6,Saturday,147,VEHICLE STRIKES ANOTHER VEH WHILE EMERGING FROM DRIVEWAY,1,796763,Not at intersection,3,60,Local Road,STATION,BENDIGO,-36.70353,144.32127,2023,7,July,14,Midday,Weekend
T20230021874,2023-07-22,18:15:00,2,Struck Pedestrian,6,Saturday,108,PED STRUCK WALKING TO/FROM OR BOARDING/ALIGHTING VEHICLE.,5,784357,Not at intersection,3,100,Arterial Highway,NORTHERN,CAMPASPE,-36.721874,144.68338,2023,7,July,18,Afternoon Peak,Weekend
T20230019265,2023-07-22,13:20:00,1,Collision with vehicle,6,Saturday,163,VEHICLE STRIKES DOOR OF PARKED/STATIONARY VEHICLE,1,259676,Not at intersection,3,40,Arterial Other,BRIDGE,YARRA,-37.81874,145.00092,2023,7,July,13,Midday,Weekend
T20230017054,2023-07-22,09:45:00,4,Collision with a fixed object,6,Saturday,173,RIGHT OFF CARRIAGEWAY INTO OBJECT/PARKED VEHICLE,1,778097,Not at intersection,3,100,Freeway,PRINCES,WYNDHAM,-37.87655,144.724,2023,7,July,9,Morning Peak,Weekend
T20230017059,2023-07-22,12:15:00,1,Collision with vehicle,6,Saturday,160,VEHICLE COLLIDES WITH VEHICLE PARKED ON LEFT OF ROAD,1,778669,Not at intersection,2,50,Local Road,NOBLE,DANDENONG,-37.968662,145.17358,2023,7,July,12,Midday,Weekend
T20230017907,2023-07-22,09:15:00,1,Collision with vehicle,6,Saturday,120,HEAD ON (NOT OVERTAKING),1,778190,Not at intersection,3,50,Local Road,WESTLEIGH,WYNDHAM,-37.914043,144.63611,2023,7,July,9,Morning Peak,Weekend
T20230017064,2023-07-22,12:54:00,1,Collision with vehicle,6,Saturday,130,REAR END(VEHICLES IN SAME LANE),1,784005,T intersection,2,50,Local Road,MERCER,GEELONG,-38.139717,144.35486,2023,7,July,12,Midday,Weekend
T20230017066,2023-07-22,14:15:00,2,Struck Pedestrian,6,Saturday,100,PED NEAR SIDE. PED HIT BY VEHICLE FROM THE RIGHT.,1,795988,Not at intersection,3,40,Arterial Other,VICTORIA,YARRA,-37.81012,144.99629,2023,7,July,14,Midday,Weekend
T20230017273,2023-07-22,15:10:00,6,Vehicle overturned (no collision),6,Saturday,174,OUT OF CONTROL ON CARRIAGEWAY (ON STRAIGHT),1,777811,Not at intersection,3,40,Arterial Highway,FRANKSTON-DANDENONG,FRANKSTON,-38.098873,145.17297,2023,7,July,15,Afternoon Peak,Weekend
T20230017069,2023-07-22,12:50:00,1,Collision with vehicle,6,Saturday,130,REAR END(VEHICLES IN SAME LANE),1,780488,Not at intersection,3,60,Freeway,WESTERN,MOORABOOL,-37.57359,144.12654,2023,7,July,12,Midday,Weekend
T20230017074,2023-07-22,14:00:00,1,Collision with vehicle,6,Saturday,137,LEFT TURN SIDESWIPE,1,45975,T intersection,3,50,Arterial Highway,BELL,MORELAND,-37.739132,144.9452,2023,7,July,14,Midday,Weekend
T20230017079,2023-07-22,14:50:00,1,Collision with vehicle,6,Saturday,130,REAR END(VEHICLES IN SAME LANE),1,779703,Not at intersection,3,50,Local Road,PEARSON,MORELAND,-37.759598,144.95027,2023,7,July,14,Midday,Weekend
T20230017280,2023-07-22,01:15:00,1,Collision with vehicle,6,Saturday,130,REAR END(VEHICLES IN SAME LANE),3,778351,T intersection,2,80,Local Road,LINEHAM,CASEY,-38.124146,145.28961,2023,7,July,1,Late Night,Weekend
T20230017080,2023-07-22,15:35:00,4,Collision with a fixed object,6,Saturday,171,LEFT OFF CARRIAGEWAY INTO OBJECT/PARKED VEHICLE,1,40514,Cross intersection,3,50,Local Road,PROSPECT HILL,BOROONDARA,-37.83123,145.082,2023,7,July,15,Afternoon Peak,Weekend
T20230017978,2023-07-22,14:45:00,6,Vehicle overturned (no collision),6,Saturday,184,OUT OF CONTROL ON CARRIAGEWAY (ON BEND),1,796799,Not at intersection,2,80,Arterial Other,PAKENHAM,CARDINIA,-38.021328,145.50467,2023,7,July,14,Midday,Weekend
T20230017285,2023-07-22,21:30:00,2,Struck Pedestrian,6,Saturday,103,PED PLAYING/LYING/WORKING/STANDING ON CARRIAGEWAY.,3,779632,T intersection,3,40,Local Road,CHAPEL,STONNINGTON,-37.849155,144.99377,2023,7,July,21,Night,Weekend
T20230018051,2023-07-22,14:00:00,1,Collision with vehicle,6,Saturday,137,LEFT TURN SIDESWIPE,1,36338,Cross intersection,2,40,Local Road,DRUMMOND,MELBOURNE,-37.79732,144.96902,2023,7,July,14,Midday,Weekend
T20230017084,2023-07-22,15:31:00,4,Collision with a fixed object,6,Saturday,183,OFF LEFT BEND INTO OBJECT/PARKED VEHICLE,1,778122,Not at intersection,2,70,Arterial Other,EMERALD-MONBULK,CARDINIA,-37.911797,145.44386,2023,7,July,15,Afternoon Peak,Weekend
T20230017027,2023-07-22,01:14:00,1,Collision with vehicle,6,Saturday,112,LEFT FAR (INTERSECTIONS ONLY),3,780468,T intersection,2,50,Local Road,YORK,PORT PHILLIP,-37.830425,144.96078,2023,7,July,1,Late Night,Weekend
T20230017156,2023-07-22,21:45:00,1,Collision with vehicle,6,Saturday,121,RIGHT THROUGH,5,605900,Not at intersection,3,40,Arterial Other,CRAIGIEBURN,HUME,-37.598698,144.93893,2023,7,July,21,Night,Weekend
T20230017116,2023-07-22,08:00:00,1,Collision with vehicle,6,Saturday,110,CROSS TRAFFIC(INTERSECTIONS ONLY),1,788691,Cross intersection,3,40,Local Road,URQUHART,MERRI-BEK,-37.74075,144.97188,2023,7,July,8,Morning Peak,Weekend
T20230017107,2023-07-22,18:40:00,1,Collision with vehicle,6,Saturday,130,REAR END(VEHICLES IN SAME LANE),2,778010,Not at intersection,3,60,Local Road,WESTWOOD,MELTON,-37.753815,144.75308,2023,7,July,18,Afternoon Peak,Weekend
T20230017106,2023-07-22,21:03:00,1,Collision with vehicle,6,Saturday,133,LANE SIDE SWIPE (VEHICLES IN PARALLEL LANES),3,781751,Not at intersection,3,100,Freeway,MONASH,MONASH,-37.89265,145.1301,2023,7,July,21,Night,Weekend
T20230018756,2023-07-23,18:15:00,3,Struck animal,7,Sunday,167,STRUCK ANIMAL,5,778837,Not at intersection,3,80,Local Road,ST ARNAUD-DUNOLLY,CENTRAL GOLDFIELDS,-36.784184,143.61665,2023,7,July,18,Afternoon Peak,Weekend
T20230017169,2023-07-23,18:24:00,2,Struck Pedestrian,7,Sunday,102,FAR SIDE. PED HIT BY VEHICLE FROM THE LEFT,3,798207,T intersection,2,60,Local Road,WALSH,HUME,-37.685818,144.92323,2023,7,July,18,Afternoon Peak,Weekend
T20230017164,2023-07-23,18:37:00,1,Collision with vehicle,7,Sunday,173,RIGHT OFF CARRIAGEWAY INTO OBJECT/PARKED VEHICLE,3,799395,T intersection,3,50,Local Road,HORATIO,WYNDHAM,-37.88954,144.71162,2023,7,July,18,Afternoon Peak,Weekend
T20230017163,2023-07-23,17:46:00,1,Collision with vehicle,7,Sunday,110,CROSS TRAFFIC(INTERSECTIONS ONLY),3,57700,Cross intersection,2,70,Arterial Highway,PRINCES HIGHWAY -RAGLAN,WARRNAMBOOL,-38.38468,142.533,2023,7,July,17,Afternoon Peak,Weekend
T20230017132,2023-07-23,11:05:00,1,Collision with vehicle,7,Sunday,113,RIGHT NEAR (INTERSECTIONS ONLY),1,44014,T intersection,2,80,Arterial Highway,NEPEAN,MORNINGTON PENINSULA,-38.285767,145.03093,2023,7,July,11,Midday,Weekend
T20230017161,2023-07-23,17:59:00,1,Collision with vehicle,7,Sunday,110,CROSS TRAFFIC(INTERSECTIONS ONLY),9,45264,Cross intersection,3,50,Local Road,MARKET,MOONEE VALLEY,-37.74412,144.90468,2023,7,July,17,Afternoon Peak,Weekend
T20230017160,2023-07-23,14:42:00,1,Collision with vehicle,7,Sunday,120,HEAD ON (NOT OVERTAKING),1,777979,T intersection,2,50,Local Road,STATION CREEK,CASEY,-38.146282,145.24902,2023,7,July,14,Midday,Weekend
T20230017136,2023-07-23,13:55:00,1,Collision with vehicle,7,Sunday,111,RIGHT FAR (INTERSECTIONS ONLY),1,40895,T intersection,3,80,Arterial Other,BORONIA,KNOX,-37.848347,145.2302,2023,7,July,13,Midday,Weekend
T20230026459,2023-07-23,22:00:00,1,Collision with vehicle,7,Sunday,160,VEHICLE COLLIDES WITH VEHICLE PARKED ON LEFT OF ROAD,5,786512,Not at intersection,3,50,Local Road,CAMPBELLS COVE,WYNDHAM,-37.951466,144.72316,2023,7,July,22,Night,Weekend
T20230021334,2023-07-23,02:37:00,4,Collision with a fixed object,7,Sunday,171,LEFT OFF CARRIAGEWAY INTO OBJECT/PARKED VEHICLE,6,296062,Cross intersection,3,60,Arterial Highway,BELL,DAREBIN,-37.746193,145.01208,2023,7,July,2,Late Night,Weekend
T20230017139,2023-07-23,03:07:00,2,Struck Pedestrian,7,Sunday,103,PED PLAYING/LYING/WORKING/STANDING ON CARRIAGEWAY.,3,793264,Not at intersection,2,80,Arterial Other,BORONIA,KNOX,-37.85621,145.25423,2023,7,July,3,Late Night,Weekend
T20230017395,2023-07-23,09:45:00,6,Vehicle overturned (no collision),7,Sunday,174,OUT OF CONTROL ON CARRIAGEWAY (ON STRAIGHT),1,777814,Cross intersection,3,40,Arterial Other,HIGH,MELBOURNE,-37.850246,144.98087,2023,7,July,9,Morning Peak,Weekend
T20230017142,2023-07-23,13:40:00,2,Struck Pedestrian,7,Sunday,104,PED WALKING WITH TRAFFIC,1,777751,Not at intersection,1,50,Local Road,YARRA,GEELONG,-38.15256,144.36116,2023,7,July,13,Midday,Weekend
T20230017170,2023-07-23,15:06:00,1,Collision with vehicle,7,Sunday,148,VEHICLE OFF FOOTPATH STRIKES VEH ON CARRIAGEWAY,1,777980,Not at intersection,2,50,Local Road,MELROSE,HUME,-37.700832,144.88087,2023,7,July,15,Afternoon Peak,Weekend
T20230017172,2023-07-23,19:00:00,4,Collision with a fixed object,7,Sunday,175,OFF END OF ROAD/T-INTERSECTION.,5,318378,T intersection,1,60,Arterial Other,ARARAT-HALLS GAP,NORTHERN GRAMPIANS,-37.128445,142.53932,2023,7,July,19,Night,Weekend
T20230017189,2023-07-23,15:49:00,1,Collision with vehicle,7,Sunday,113,RIGHT NEAR (INTERSECTIONS ONLY),1,70105,T intersection,3,50,Local Road,GRACE PARK,DANDENONG,-37.956238,145.15768,2023,7,July,15,Afternoon Peak,Weekend
T20230017226,2023-07-23,14:00:00,4,Collision with a fixed object,7,Sunday,171,LEFT OFF CARRIAGEWAY INTO OBJECT/PARKED VEHICLE,1,800547,Not at intersection,3,50,Local Road,WAVERTREE,MELTON,-37.74014,144.73001,2023,7,July,14,Midday,Weekend
T20230017145,2023-07-23,14:05:00,1,Collision with vehicle,7,Sunday,110,CROSS TRAFFIC(INTERSECTIONS ONLY),1,291786,Cross intersection,3,60,Arterial Other,MCDONALDS,WHITTLESEA,-37.64975,145.07214,2023,7,July,14,Midday,Weekend
T20230017147,2023-07-23,14:38:00,1,Collision with vehicle,7,Sunday,113,RIGHT NEAR (INTERSECTIONS ONLY),1,777883,T intersection,2,60,Arterial Other,MITCHAM,MANNINGHAM,-37.800777,145.18413,2023,7,July,14,Midday,Weekend
T20230017119,2023-07-23,08:56:00,1,Collision with vehicle,7,Sunday,121,RIGHT THROUGH,1,39642,T intersection,3,60,Arterial Other,WARRANDYTE,MAROONDAH,-37.80454,145.2303,2023,7,July,8,Morning Peak,Weekend
T20230019130,2023-07-23,06:30:00,3,Struck animal,7,Sunday,167,STRUCK ANIMAL,5,237834,T intersection,3,80,Local Road,MITCHELLS,WHITTLESEA,-37.594044,145.14021,2023,7,July,6,Morning Peak,Weekend
T20230017114,2023-07-23,03:45:00,4,Collision with a fixed object,7,Sunday,173,RIGHT OFF CARRIAGEWAY INTO OBJECT/PARKED VEHICLE,5,793256,Not at intersection,3,100,Arterial Highway,WESTERN,MOORABOOL,-37.5596,143.95256,2023,7,July,3,Late Night,Weekend
T20230017113,2023-07-23,02:00:00,1,Collision with vehicle,7,Sunday,120,HEAD ON (NOT OVERTAKING),5,796798,Not at intersection,2,80,Freeway,SUNBURY,HUME,-37.619938,144.78528,2023,7,July,2,Late Night,Weekend
T20230017153,2023-07-23,13:25:00,1,Collision with vehicle,7,Sunday,113,RIGHT NEAR (INTERSECTIONS ONLY),1,237748,T intersection,3,80,Arterial Other,MAIN SOUTH,BAW BAW,-38.16598,145.82854,2023,7,July,13,Midday,Weekend
T20230017267,2023-07-23,21:30:00,4,Collision with a fixed object,7,Sunday,171,LEFT OFF CARRIAGEWAY INTO OBJECT/PARKED VEHICLE,5,42658,Cross intersection,3,80,Arterial Highway,STUD,DANDENONG,-37.955685,145.22615,2023,7,July,21,Night,Weekend
T20230017105,2023-07-23,00:30:00,2,Struck Pedestrian,7,Sunday,100,PED NEAR SIDE. PED HIT BY VEHICLE FROM THE RIGHT.,3,777718,Cross intersection,3,60,Arterial Highway,ALEXANDRA,YARRA,-37.79344,144.97922,2023,7,July,0,Late Night,Weekend
T20230018149,2023-07-24,05:55:00,1,Collision with vehicle,1,Monday,160,VEHICLE COLLIDES WITH VEHICLE PARKED ON LEFT OF ROAD,2,778301,T intersection,3,60,Arterial Other,RIVERSDALE,BOROONDARA,-37.830627,145.05035,2023,7,July,5,Morning Peak,Weekday
T20230018952,2023-07-24,15:30:00,1,Collision with vehicle,1,Monday,142,LEAVING PARKING,9,778846,Not at intersection,3,50,Local Road,COORIGIL,GLEN EIRA,-37.8961,145.06424,2023,7,July,15,Afternoon Peak,Weekday
T20230018924,2023-07-24,08:20:00,1,Collision with vehicle,1,Monday,110,CROSS TRAFFIC(INTERSECTIONS ONLY),1,778913,Cross intersection,3,60,Local Road,COLTAN,MELTON,-37.709496,144.58553,2023,7,July,8,Morning Peak,Weekday
T20230017179,2023-07-24,01:37:00,1,Collision with vehicle,1,Monday,150,HEAD ON(OVERTAKING),3,783092,Not at intersection,3,50,Local Road,HOPE,MORELAND,-37.761852,144.94214,2023,7,July,1,Late Night,Weekday
T20230018066,2023-07-24,16:39:00,1,Collision with vehicle,1,Monday,130,REAR END(VEHICLES IN SAME LANE),2,778344,Not at intersection,3,80,Arterial Other,THOMPSONS,CASEY,-38.079018,145.25153,2023,7,July,16,Afternoon Peak,Weekday
T20230017519,2023-07-24,08:45:00,1,Collision with vehicle,1,Monday,140,U TURN,1,781864,Not at intersection,3,80,Arterial Highway,SPRINGVALE,KINGSTON,-37.99707,145.14345,2023,7,July,8,Morning Peak,Weekday
T20230017241,2023-07-24,17:41:00,1,Collision with vehicle,1,Monday,132,RIGHT REAR.,2,778041,Not at intersection,2,60,Arterial Other,DONCASTER,BOROONDARA,-37.792984,145.09015,2023,7,July,17,Afternoon Peak,Weekday
T20230017203,2023-07-24,12:10:00,1,Collision with vehicle,1,Monday,132,RIGHT REAR.,1,779902,Not at intersection,3,50,Local Road,PALLANT,DAREBIN,-37.696533,144.99469,2023,7,July,12,Midday,Weekday
T20230017231,2023-07-24,15:42:00,1,Collision with vehicle,1,Monday,147,VEHICLE STRIKES ANOTHER VEH WHILE EMERGING FROM DRIVEWAY,1,777809,Not at intersection,3,60,Arterial Other,BRIDGE,NILLUMBIK,-37.718185,145.13916,2023,7,July,15,Afternoon Peak,Weekday
T20230017247,2023-07-24,05:40:00,1,Collision with vehicle,1,Monday,121,RIGHT THROUGH,2,778410,Not at intersection,3,60,Arterial Other,MELTON-WERRIBEE,WYNDHAM,-37.848335,144.68799,2023,7,July,5,Morning Peak,Weekday
T20230017227,2023-07-24,15:30:00,1,Collision with vehicle,1,Monday,130,REAR END(VEHICLES IN SAME LANE),1,478,Multiple intersection,3,50,Arterial Other,HIGH STREET -HIGH,BOROONDARA,-37.80748,145.02888,2023,7,July,15,Afternoon Peak,Weekday
T20230017243,2023-07-24,21:35:00,6,Vehicle overturned (no collision),1,Monday,174,OUT OF CONTROL ON CARRIAGEWAY (ON STRAIGHT),3,777928,Not at intersection,3,60,Arterial Other,BEACONSFIELD,PORT PHILLIP,-37.846806,144.94656,2023,7,July,21,Night,Weekday
T20230017259,2023-07-24,16:10:00,6,Vehicle overturned (no collision),1,Monday,174,OUT OF CONTROL ON CARRIAGEWAY (ON STRAIGHT),1,36123,Cross intersection,2,40,Local Road,ERROL,MELBOURNE,-37.805145,144.94934,2023,7,July,16,Afternoon Peak,Weekday
T20230017182,2023-07-24,07:30:00,1,Collision with vehicle,1,Monday,130,REAR END(VEHICLES IN SAME LANE),2,779105,Not at intersection,3,60,Arterial Other,EDITHVALE,KINGSTON,-38.035126,145.11922,2023,7,July,7,Morning Peak,Weekday
T20230017222,2023-07-24,13:10:00,1,Collision with vehicle,1,Monday,120,HEAD ON (NOT OVERTAKING),1,777641,Not at intersection,1,100,Arterial Highway,MURRAY VALLEY,GANNAWARRA,-35.536003,143.74562,2023,7,July,13,Midday,Weekday
T20230017218,2023-07-24,15:30:00,1,Collision with vehicle,1,Monday,116,LEFT NEAR (INTERSECTIONS ONLY),1,777884,T intersection,2,80,Arterial Other,SYDNEY,HUME,-37.65106,144.95268,2023,7,July,15,Afternoon Peak,Weekday
T20230017216,2023-07-24,11:28:00,1,Collision with vehicle,1,Monday,110,CROSS TRAFFIC(INTERSECTIONS ONLY),1,58190,Cross intersection,2,100,Local Road,DEAKIN,MILDURA,-34.251762,142.08182,2023,7,July,11,Midday,Weekday