ACCIDENT_NO,ACCIDENT_DATE,ACCIDENT_TIME,ACCIDENT_TYPE,ACCIDENT_TYPE_DESC,DAY_OF_WEEK,DAY_WEEK_DESC,DCA_CODE,DCA_DESC,LIGHT_CONDITION,NODE_ID,ROAD_GEOMETRY_DESC,SEVERITY,SPEED_ZONE,RMA,ROAD_NAME,LGA_NAME,LATITUDE,LONGITUDE,YEAR,MONTH,MONTH_NAME,HOUR,TIME_PERIOD,DAY_TYPE
T20230017268,2023-07-25,08:50:00,1,Collision with vehicle,2,Tuesday,121,RIGHT THROUGH,1,796991,Cross intersection,3,60,Arterial Other,WAVERLEY,MONASH,-37.888878,145.16406,2023,7,July,8,Morning Peak,Weekday
T20230017265,2023-07-25,06:20:00,1,Collision with vehicle,2,Tuesday,130,REAR END(VEHICLES IN SAME LANE),2,778057,Not at intersection,2,60,Arterial Other,THOMPSONS,CASEY,-38.08498,145.29906,2023,7,July,6,Morning Peak,Weekday
T20230017264,2023-07-25,08:35:00,1,Collision with vehicle,2,Tuesday,130,REAR END(VEHICLES IN SAME LANE),2,777898,Not at intersection,2,60,Arterial Other,STEPHENSONS,MONASH,-37.895576,145.12497,2023,7,July,8,Morning Peak,Weekday
T20230017263,2023-07-25,08:00:00,1,Collision with vehicle,2,Tuesday,130,REAR END(VEHICLES IN SAME LANE),2,777929,Not at intersection,3,80,Arterial Highway,DANDENONG VALLEY,KNOX,-37.931942,145.23222,2023,7,July,8,Morning Peak,Weekday
T20230017262,2023-07-25,08:30:00,1,Collision with vehicle,2,Tuesday,121,RIGHT THROUGH,1,40181,Cross intersection,2,50,Local Road,ALEXANDRA,PORT PHILLIP,-37.862965,145.0034,2023,7,July,8,Morning Peak,Weekday
T20230018245,2023-07-25,22:43:00,8,No collision and no object struck,2,Tuesday,174,OUT OF CONTROL ON CARRIAGEWAY (ON STRAIGHT),3,778321,Not at intersection,2,50,Arterial Other,HOPKINS,MARIBYRNONG,-37.800926,144.91017,2023,7,July,22,Night,Weekday
T20230017323,2023-07-25,17:12:00,1,Collision with vehicle,2,Tuesday,111,RIGHT FAR (INTERSECTIONS ONLY),1,29730,Cross intersection,2,60,Arterial Highway,NEPEAN,FRANKSTON,-38.130775,145.1251,2023,7,July,17,Afternoon Peak,Weekday
T20230017631,2023-07-25,09:50:00,1,Collision with vehicle,2,Tuesday,133,LANE SIDE SWIPE (VEHICLES IN PARALLEL LANES),1,35355,Cross intersection,3,40,Local Road,ELIZABETH,MELBOURNE,-37.812283,144.96227,2023,7,July,9,Morning Peak,Weekday
T20230017555,2023-07-25,11:53:00,1,Collision with vehicle,2,Tuesday,134,LANE CHANGE RIGHT (NOT OVERTAKING),1,789214,T intersection,3,80,Arterial Highway,PRINCES,BAW BAW,-38.208866,146.1468,2023,7,July,11,Midday,Weekday
T20230017448,2023-07-25,15:40:00,2,Struck Pedestrian,2,Tuesday,100,PED NEAR SIDE. PED HIT BY VEHICLE FROM THE RIGHT.,1,38060,Cross intersection,3,60,Arterial Other,ALBERT STREET -STATION,DAREBIN,-37.754433,145.02061,2023,7,July,15,Afternoon Peak,Weekday
T20230017432,2023-07-25,19:15:00,1,Collision with vehicle,2,Tuesday,113,RIGHT NEAR (INTERSECTIONS ONLY),2,780440,Private property,3,60,Arterial Other,CANTERBURY,BOROONDARA,-37.82481,145.08775,2023,7,July,19,Night,Weekday
T20230017378,2023-07-25,09:50:00,1,Collision with vehicle,2,Tuesday,121,RIGHT THROUGH,1,62376,T intersection,3,80,Arterial Other,SUNSHINE,BRIMBANK,-37.716816,144.80328,2023,7,July,9,Morning Peak,Weekday
T20230017413,2023-07-25,17:00:00,1,Collision with vehicle,2,Tuesday,130,REAR END(VEHICLES IN SAME LANE),2,29396,Cross intersection,3,40,Local Road,EXHIBITION,MELBOURNE,-37.80816,144.96875,2023,7,July,17,Afternoon Peak,Weekday
T20230017592,2023-07-25,17:00:00,1,Collision with vehicle,2,Tuesday,116,LEFT NEAR (INTERSECTIONS ONLY),2,798077,T intersection,3,40,Local Road,BARKLY,MARIBYRNONG,-37.798386,144.88644,2023,7,July,17,Afternoon Peak,Weekday
T20230017332,2023-07-25,15:00:00,4,Collision with a fixed object,2,Tuesday,173,RIGHT OFF CARRIAGEWAY INTO OBJECT/PARKED VEHICLE,1,789254,T intersection,3,50,Local Road,SAMARIA,BENALLA,-36.55197,145.99658,2023,7,July,15,Afternoon Peak,Weekday
T20230017330,2023-07-25,17:46:00,1,Collision with vehicle,2,Tuesday,121,RIGHT THROUGH,2,36808,Cross intersection,2,40,Arterial Other,DUDLEY,MELBOURNE,-37.810955,144.94783,2023,7,July,17,Afternoon Peak,Weekday
T20230017327,2023-07-25,15:20:00,1,Collision with vehicle,2,Tuesday,147,VEHICLE STRIKES ANOTHER VEH WHILE EMERGING FROM DRIVEWAY,1,777886,Not at intersection,2,50,Local Road,WARATAH,WODONGA,-36.124355,146.86705,2023,7,July,15,Afternoon Peak,Weekday
T20230017322,2023-07-25,14:20:00,2,Struck Pedestrian,2,Tuesday,103,PED PLAYING/LYING/WORKING/STANDING ON CARRIAGEWAY.,1,784331,Not at intersection,2,50,Local Road,ANACONDA,CASEY,-38.00713,145.30972,2023,7,July,14,Midday,Weekday
T20230017321,2023-07-25,17:21:00,1,Collision with vehicle,2,Tuesday,113,RIGHT NEAR (INTERSECTIONS ONLY),2,777982,T intersection,3,60,Local Road,PARAMOUNT,BRIMBANK,-37.78816,144.77756,2023,7,July,17,Afternoon Peak,Weekday
T20230017320,2023-07-25,17:09:00,1,Collision with vehicle,2,Tuesday,121,RIGHT THROUGH,2,40223,Cross intersection,3,70,Arterial Highway,DANDENONG,GLEN EIRA,-37.86288,145.01944,2023,7,July,17,Afternoon Peak,Weekday
T20230017318,2023-07-25,17:07:00,7,Fall from or in moving vehicle,2,Tuesday,190,FELL IN/FROM VEHICLE,2,325897,T intersection,2,40,Arterial Highway,NEPEAN,FRANKSTON,-38.145245,145.11992,2023,7,July,17,Afternoon Peak,Weekday
T20230017317,2023-07-25,15:15:00,1,Collision with vehicle,2,Tuesday,121,RIGHT THROUGH,1,282647,T intersection,2,60,Local Road,BANGHOLME,DANDENONG,-38.034992,145.18678,2023,7,July,15,Afternoon Peak,Weekday
T20230017315,2023-07-25,17:00:00,1,Collision with vehicle,2,Tuesday,110,CROSS TRAFFIC(INTERSECTIONS ONLY),2,51117,Cross intersection,3,50,Local Road,HAMILTON,SHEPPARTON,-36.39638,145.40894,2023,7,July,17,Afternoon Peak,Weekday
T20230017313,2023-07-25,16:28:00,1,Collision with vehicle,2,Tuesday,121,RIGHT THROUGH,2,41659,Cross intersection,3,60,Arterial Other,WAVERLEY,MONASH,-37.882515,145.109,2023,7,July,16,Afternoon Peak,Weekday
T20230017311,2023-07-25,14:20:00,1,Collision with vehicle,2,Tuesday,116,LEFT NEAR (INTERSECTIONS ONLY),1,37540,T intersection,2,50,Local Road,ROXBURGH PARK,HUME,-37.62985,144.91982,2023,7,July,14,Midday,Weekday
T20230017310,2023-07-25,15:54:00,2,Struck Pedestrian,2,Tuesday,100,PED NEAR SIDE. PED HIT BY VEHICLE FROM THE RIGHT.,1,39433,T intersection,2,70,Arterial Other,DONCASTER,MANNINGHAM,-37.788685,145.15805,2023,7,July,15,Afternoon Peak,Weekday
T20230017301,2023-07-25,09:10:00,1,Collision with vehicle,2,Tuesday,121,RIGHT THROUGH,1,64056,T intersection,2,40,Local Road,HIGH,DAREBIN,-37.770775,144.99872,2023,7,July,9,Morning Peak,Weekday
T20230017296,2023-07-25,08:30:00,2,Struck Pedestrian,2,Tuesday,102,FAR SIDE. PED HIT BY VEHICLE FROM THE LEFT,1,38365,T intersection,3,60,Local Road,KING,MANNINGHAM,-37.77409,145.15508,2023,7,July,8,Morning Peak,Weekday
T20230017291,2023-07-25,06:35:00,2,Struck Pedestrian,2,Tuesday,100,PED NEAR SIDE. PED HIT BY VEHICLE FROM THE RIGHT.,2,288676,Multiple intersection,2,60,Freeway,PASCOE VALE,MORELAND,-37.694668,144.91525,2023,7,July,6,Morning Peak,Weekday
T20230017290,2023-07-25,09:00:00,2,Struck Pedestrian,2,Tuesday,104,PED WALKING WITH TRAFFIC,1,779282,Not at intersection,1,60,Arterial Other,BURWOOD,BOROONDARA,-37.821507,145.0259,2023,7,July,9,Morning Peak,Weekday
T20230017287,2023-07-25,07:00:00,2,Struck Pedestrian,2,Tuesday,100,PED NEAR SIDE. PED HIT BY VEHICLE FROM THE RIGHT.,2,35565,T intersection,2,60,Arterial Other,HIGH STREET,MONASH,-37.87552,145.1778,2023,7,July,7,Morning Peak,Weekday
T20230017278,2023-07-25,08:50:00,1,Collision with vehicle,2,Tuesday,113,RIGHT NEAR (INTERSECTIONS ONLY),1,42342,T intersection,2,60,Arterial Other,CENTRE,KINGSTON,-37.92541,145.09373,2023,7,July,8,Morning Peak,Weekday
T20230017274,2023-07-25,10:15:00,1,Collision with vehicle,2,Tuesday,121,RIGHT THROUGH,1,930,T intersection,2,80,Arterial Highway,FRANKSTON-DANDENONG,FRANKSTON,-38.096157,145.17554,2023,7,July,10,Midday,Weekday
T20230017272,2023-07-25,10:00:00,4,Collision with a fixed object,2,Tuesday,181,OFF RIGHT BEND INTO OBJECT/PARKED VEHICLE,1,789206,Not at intersection,2,70,Local Road,SPLIT ROCK,CARDINIA,-38.001865,145.43848,2023,7,July,10,Midday,Weekday
T20230017271,2023-07-25,10:38:00,4,Collision with a fixed object,2,Tuesday,173,RIGHT OFF CARRIAGEWAY INTO OBJECT/PARKED VEHICLE,1,777810,Not at intersection,2,50,Local Road,KENNETH WATSON,WODONGA,-36.139133,146.9285,2023,7,July,10,Midday,Weekday
T20230019686,2023-07-26,08:05:00,1,Collision with vehicle,3,Wednesday,121,RIGHT THROUGH,2,677995,Not at intersection,3,70,Arterial Highway,MOOROODUC,FRANKSTON,-38.15371,145.13365,2023,7,July,8,Morning Peak,Weekday
T20230017382,2023-07-26,12:00:00,1,Collision with vehicle,3,Wednesday,173,RIGHT OFF CARRIAGEWAY INTO OBJECT/PARKED VEHICLE,1,777998,Not at intersection,3,50,Local Road,DARLINGSFORD,MELTON,-37.69222,144.58492,2023,7,July,12,Midday,Weekday
T20230017434,2023-07-26,16:44:00,2,Struck Pedestrian,3,Wednesday,102,FAR SIDE. PED HIT BY VEHICLE FROM THE LEFT,1,777889,Not at intersection,3,60,Arterial Other,RALEIGH,MARIBYRNONG,-37.769012,144.88658,2023,7,July,16,Afternoon Peak,Weekday
T20230017435,2023-07-26,19:00:00,1,Collision with vehicle,3,Wednesday,121,RIGHT THROUGH,2,1288,T intersection,2,60,Arterial Other,VAN NESS,MARIBYRNONG,-37.76942,144.89597,2023,7,July,19,Night,Weekday
T20230017439,2023-07-26,14:00:00,1,Collision with vehicle,3,Wednesday,130,REAR END(VEHICLES IN SAME LANE),1,777933,T intersection,3,80,Arterial Highway,MAROONDAH,MAROONDAH,-37.770885,145.29495,2023,7,July,14,Midday,Weekday
T20230017381,2023-07-26,13:30:00,1,Collision with vehicle,3,Wednesday,121,RIGHT THROUGH,1,50917,T intersection,3,60,Local Road,GILBERT,WODONGA,-36.137207,146.87921,2023,7,July,13,Midday,Weekday
T20230017441,2023-07-26,23:50:00,1,Collision with vehicle,3,Wednesday,110,CROSS TRAFFIC(INTERSECTIONS ONLY),3,52865,Cross intersection,2,70,Arterial Other,VICTORIA,BALLARAT,-37.56057,143.8771,2023,7,July,23,Night,Weekday
T20230017375,2023-07-26,12:35:00,2,Struck Pedestrian,3,Wednesday,106,VEH STRIKES PED ON FOOTPATH/MEDIAN/TRAFFIC ISLAND.,1,784654,Not at intersection,3,40,Local Road,HARE,CAMPASPE,-36.126865,144.74928,2023,7,July,12,Midday,Weekday
T20230017372,2023-07-26,08:42:00,1,Collision with vehicle,3,Wednesday,135,LANE CHANGE LEFT (NOT OVERTAKING),1,751,Cross intersection,3,50,Arterial Other,BAYVIEW,YARRA RANGES,-37.90888,145.35605,2023,7,July,8,Morning Peak,Weekday
T20230017370,2023-07-26,07:19:00,1,Collision with vehicle,3,Wednesday,110,CROSS TRAFFIC(INTERSECTIONS ONLY),2,52868,Cross intersection,3,50,Arterial Other,MAIR,BALLARAT,-37.560707,143.86617,2023,7,July,7,Morning Peak,Weekday
T20230017369,2023-07-26,11:00:00,1,Collision with vehicle,3,Wednesday,130,REAR END(VEHICLES IN SAME LANE),1,777931,Not at intersection,2,100,Freeway,METROPOLITAN RING,WHITTLESEA,-37.686104,145.05908,2023,7,July,11,Midday,Weekday
T20230017366,2023-07-26,09:30:00,1,Collision with vehicle,3,Wednesday,130,REAR END(VEHICLES IN SAME LANE),1,77396,Cross intersection,3,80,Arterial Other,CRANBOURNE-FRANKSTON,CASEY,-38.110085,145.25836,2023,7,July,9,Morning Peak,Weekday
T20230017363,2023-07-26,10:56:00,7,Fall from or in moving vehicle,3,Wednesday,190,FELL IN/FROM VEHICLE,1,779322,Not at intersection,2,50,Local Road,CHURCH,BAYSIDE,-37.915264,144.9959,2023,7,July,10,Midday,Weekday
T20230017354,2023-07-26,07:40:00,1,Collision with vehicle,3,Wednesday,130,REAR END(VEHICLES IN SAME LANE),1,797141,Not at intersection,2,60,Arterial Other,BULLA,MOONEE VALLEY,-37.737717,144.90585,2023,7,July,7,Morning Peak,Weekday
T20230017351,2023-07-26,06:50:00,1,Collision with vehicle,3,Wednesday,130,REAR END(VEHICLES IN SAME LANE),2,789034,Not at intersection,2,80,Freeway,PRINCES OUT-KOROROIT CREEK,HOBSONS BAY,-37.841793,144.7916,2023,7,July,6,Morning Peak,Weekday
T20230017348,2023-07-26,03:17:00,4,Collision with a fixed object,3,Wednesday,171,LEFT OFF CARRIAGEWAY INTO OBJECT/PARKED VEHICLE,5,780223,Not at intersection,2,50,Local Road,MARKET,BAW BAW,-38.207577,146.06581,2023,7,July,3,Late Night,Weekday
T20230017347,2023-07-26,01:38:00,4,Collision with a fixed object,3,Wednesday,173,RIGHT OFF CARRIAGEWAY INTO OBJECT/PARKED VEHICLE,5,778661,Not at intersection,1,80,Local Road,OLIVERS,EAST GIPPSLAND,-37.804935,147.70853,2023,7,July,1,Late Night,Weekday
T20230017344,2023-07-26,02:41:00,1,Collision with vehicle,3,Wednesday,130,REAR END(VEHICLES IN SAME LANE),3,777887,Not at intersection,3,100,Arterial Other,CHRISTIES,MELTON,-37.761826,144.7393,2023,7,July,2,Late Night,Weekday
T20230017343,2023-07-26,00:33:00,1,Collision with vehicle,3,Wednesday,140,U TURN,3,782490,Cross intersection,2,60,Arterial Highway,RACECOURSE,MELBOURNE,-37.789394,144.94208,2023,7,July,0,Late Night,Weekday
T20230017342,2023-07-26,00:32:00,2,Struck Pedestrian,3,Wednesday,103,PED PLAYING/LYING/WORKING/STANDING ON CARRIAGEWAY.,3,781417,Not at intersection,2,60,Arterial Highway,TOORAK,BOROONDARA,-37.84825,145.07687,2023,7,July,0,Late Night,Weekday
T20230020426,2023-07-26,09:30:00,1,Collision with vehicle,3,Wednesday,135,LANE CHANGE LEFT (NOT OVERTAKING),9,224287,T intersection,3,60,Arterial Highway,LOWER DANDENONG,KINGSTON,-37.982563,145.07596,2023,7,July,9,Morning Peak,Weekday
T20230017482,2023-07-26,18:40:00,1,Collision with vehicle,3,Wednesday,130,REAR END(VEHICLES IN SAME LANE),3,781845,T intersection,3,60,Arterial Other,SOMERTON,HUME,-37.640057,144.92427,2023,7,July,18,Afternoon Peak,Weekday
T20230017911,2023-07-26,16:30:00,1,Collision with vehicle,3,Wednesday,130,REAR END(VEHICLES IN SAME LANE),2,778113,Not at intersection,2,40,Local Road,HIGH,DAREBIN,-37.759407,145.00046,2023,7,July,16,Afternoon Peak,Weekday
T20230017500,2023-07-26,17:30:00,1,Collision with vehicle,3,Wednesday,130,REAR END(VEHICLES IN SAME LANE),2,86682,Not at intersection,3,60,Arterial Other,BURKE,BOROONDARA,-37.81896,145.05905,2023,7,July,17,Afternoon Peak,Weekday
T20230018116,2023-07-26,14:30:00,1,Collision with vehicle,3,Wednesday,110,CROSS TRAFFIC(INTERSECTIONS ONLY),1,316255,Cross intersection,3,40,Local Road,DALGETTY,BAYSIDE,-37.984856,145.03801,2023,7,July,14,Midday,Weekday
T20230017429,2023-07-26,17:40:00,1,Collision with vehicle,3,Wednesday,110,CROSS TRAFFIC(INTERSECTIONS ONLY),2,65718,Cross intersection,3,50,Local Road,YARRBAT,BOROONDARA,-37.809856,145.08469,2023,7,July,17,Afternoon Peak,Weekday
T20230017427,2023-07-26,18:15:00,2,Struck Pedestrian,3,Wednesday,102,FAR SIDE. PED HIT BY VEHICLE FROM THE LEFT,3,789057,Cross intersection,2,40,Local Road,LYGON,MORELAND,-37.764416,144.97298,2023,7,July,18,Afternoon Peak,Weekday
T20230017585,2023-07-26,17:08:00,1,Collision with vehicle,3,Wednesday,130,REAR END(VEHICLES IN SAME LANE),2,779433,Not at intersection,3,80,Arterial Other,PORTARLINGTON,GEELONG,-38.174118,144.45682,2023,7,July,17,Afternoon Peak,Weekday
T20230017423,2023-07-26,17:00:00,1,Collision with vehicle,3,Wednesday,130,REAR END(VEHICLES IN SAME LANE),2,37555,Cross intersection,2,40,Local Road,COVENTRY,PORT PHILLIP,-37.83118,144.96254,2023,7,July,17,Afternoon Peak,Weekday
T20230017421,2023-07-26,16:55:00,1,Collision with vehicle,3,Wednesday,110,CROSS TRAFFIC(INTERSECTIONS ONLY),1,39359,Cross intersection,3,50,Local Road,KERRIMUIR,WHITEHORSE,-37.805763,145.13641,2023,7,July,16,Afternoon Peak,Weekday
T20230017419,2023-07-26,16:40:00,1,Collision with vehicle,3,Wednesday,113,RIGHT NEAR (INTERSECTIONS ONLY),1,40053,T intersection,2,50,Arterial Other,BEACONSFIELD,PORT PHILLIP,-37.855686,144.96458,2023,7,July,16,Afternoon Peak,Weekday
T20230017412,2023-07-26,17:02:00,1,Collision with vehicle,3,Wednesday,121,RIGHT THROUGH,2,779778,Y intersection,2,50,Local Road,COOLIBAR,FRANKSTON,-38.088257,145.13162,2023,7,July,17,Afternoon Peak,Weekday
T20230017408,2023-07-26,16:00:00,1,Collision with vehicle,3,Wednesday,130,REAR END(VEHICLES IN SAME LANE),2,778056,Not at intersection,3,80,Freeway,PRINCES,WYNDHAM,-37.869045,144.75815,2023,7,July,16,Afternoon Peak,Weekday
T20230018311,2023-07-26,14:50:00,1,Collision with vehicle,3,Wednesday,130,REAR END(VEHICLES IN SAME LANE),1,778618,Not at intersection,3,80,Arterial Other,COOLART,MORNINGTON PENINSULA,-38.21755,145.15562,2023,7,July,14,Midday,Weekday
T20230017669,2023-07-26,06:45:00,1,Collision with vehicle,3,Wednesday,130,REAR END(VEHICLES IN SAME LANE),2,777959,T intersection,3,60,Arterial Other,WILLIAMSTOWN,MARIBYRNONG,-37.82386,144.88135,2023,7,July,6,Morning Peak,Weekday
T20230018627,2023-07-26,14:45:00,1,Collision with vehicle,3,Wednesday,130,REAR END(VEHICLES IN SAME LANE),1,780226,Not at intersection,3,60,Arterial Highway,CHELTENHAM,DANDENONG,-37.99463,145.17554,2023,7,July,14,Midday,Weekday
T20230018619,2023-07-26,05:33:00,8,No collision and no object struck,3,Wednesday,174,OUT OF CONTROL ON CARRIAGEWAY (ON STRAIGHT),6,29974,T intersection,3,60,Local Road,JOBS GULLY,BENDIGO,-36.716286,144.27538,2023,7,July,5,Morning Peak,Weekday
T20230017915,2023-07-26,08:30:00,1,Collision with vehicle,3,Wednesday,111,RIGHT FAR (INTERSECTIONS ONLY),1,37493,Cross intersection,3,60,Local Road,LANDOR,WYNDHAM,-37.863804,144.70393,2023,7,July,8,Morning Peak,Weekday
T20230017359,2023-07-26,08:15:00,1,Collision with vehicle,3,Wednesday,130,REAR END(VEHICLES IN SAME LANE),2,777930,T intersection,3,80,Arterial Other,PLENTY,WHITTLESEA,-37.662834,145.0723,2023,7,July,8,Morning Peak,Weekday
T20230017406,2023-07-26,14:58:00,1,Collision with vehicle,3,Wednesday,130,REAR END(VEHICLES IN SAME LANE),1,36117,T intersection,2,60,Arterial Other,HALLAM SOUTH,CASEY,-38.01052,145.2725,2023,7,July,14,Midday,Weekday
T20230017401,2023-07-26,14:50:00,1,Collision with vehicle,3,Wednesday,110,CROSS TRAFFIC(INTERSECTIONS ONLY),1,70501,Cross intersection,2,50,Local Road,BANKSIA,CASEY,-37.980404,145.23665,2023,7,July,14,Midday,Weekday
T20230017398,2023-07-26,08:30:00,1,Collision with vehicle,3,Wednesday,130,REAR END(VEHICLES IN SAME LANE),1,796837,T intersection,2,50,Local Road,BOARDWALK,WYNDHAM,-37.90513,144.72693,2023,7,July,8,Morning Peak,Weekday
T20230017397,2023-07-26,14:30:00,4,Collision with a fixed object,3,Wednesday,171,LEFT OFF CARRIAGEWAY INTO OBJECT/PARKED VEHICLE,1,778200,Not at intersection,2,100,Arterial Other,KATAMATITE-NATHALIA,MOIRA,-36.068962,145.21707,2023,7,July,14,Midday,Weekday
T20230017394,2023-07-26,14:45:00,1,Collision with vehicle,3,Wednesday,131,LEFT REAR,1,58017,T intersection,3,60,Arterial Highway,PRINCES,GEELONG,-38.201008,144.31163,2023,7,July,14,Midday,Weekday
T20230017390,2023-07-26,12:13:00,1,Collision with vehicle,3,Wednesday,121,RIGHT THROUGH,1,306589,Cross intersection,3,60,Freeway,RACECOURSE,MELBOURNE,-37.788998,144.93837,2023,7,July,12,Midday,Weekday
T20230017389,2023-07-26,14:20:00,2,Struck Pedestrian,3,Wednesday,107,PED ON FOOTHPATH STRUCK BY VEHENTERING/LEAVING DRIVEWAY.,1,797194,Not at intersection,2,70,Arterial Highway,HODDLE,MELBOURNE,-37.811546,144.99103,2023,7,July,14,Midday,Weekday
T20230017388,2023-07-26,14:30:00,7,Fall from or in moving vehicle,3,Wednesday,190,FELL IN/FROM VEHICLE,1,777956,T intersection,3,40,Local Road,ROWENA,YARRA,-37.82057,144.9919,2023,7,July,14,Midday,Weekday
T20230017537,2023-07-27,20:30:00,1,Collision with vehicle,4,Thursday,120,HEAD ON (NOT OVERTAKING),3,714011,Not at intersection,3,60,Local Road,FRANCIS BRIGGS,HUME,-37.682594,144.86029,2023,7,July,20,Night,Weekday
T20230017567,2023-07-27,07:30:00,1,Collision with vehicle,4,Thursday,110,CROSS TRAFFIC(INTERSECTIONS ONLY),9,35995,Cross intersection,3,50,Local Road,PIGDON,YARRA,-37.781418,144.96707,2023,7,July,7,Morning Peak,Weekday
T20230019437,2023-07-27,10:29:00,1,Collision with vehicle,4,Thursday,133,LANE SIDE SWIPE (VEHICLES IN PARALLEL LANES),1,779644,Not at intersection,3,40,Arterial Other,MAIN,MORNINGTON PENINSULA,-38.225258,145.04214,2023,7,July,10,Midday,Weekday
T20230017449,2023-07-27,07:50:00,3,Struck animal,4,Thursday,167,STRUCK ANIMAL,1,777890,Not at intersection,3,100,Arterial Other,STAWELL-AVOCA,NORTHERN GRAMPIANS,-37.008823,142.86174,2023,7,July,7,Morning Peak,Weekday
T20230017455,2023-07-27,07:10:00,1,Collision with vehicle,4,Thursday,173,RIGHT OFF CARRIAGEWAY INTO OBJECT/PARKED VEHICLE,2,777983,Not at intersection,3,50,Local Road,BROWNES,NILLUMBIK,-37.715836,145.15242,2023,7,July,7,Morning Peak,Weekday
T20230017456,2023-07-27,06:49:00,4,Collision with a fixed object,4,Thursday,171,LEFT OFF CARRIAGEWAY INTO OBJECT/PARKED VEHICLE,2,71609,Cross intersection,3,60,Arterial Other,GEELONG ROAD -NEWCOMBE,GEELONG,-38.115288,144.64613,2023,7,July,6,Morning Peak,Weekday
T20230017457,2023-07-27,08:28:00,1,Collision with vehicle,4,Thursday,121,RIGHT THROUGH,2,53976,T intersection,3,100,Arterial Other,CHURCH,LATROBE,-38.26687,146.43433,2023,7,July,8,Morning Peak,Weekday
T20230017458,2023-07-27,08:30:00,1,Collision with vehicle,4,Thursday,130,REAR END(VEHICLES IN SAME LANE),2,777891,Not at intersection,2,50,Local Road,HILTON,MELTON,-37.682903,144.5593,2023,7,July,8,Morning Peak,Weekday
T20230017459,2023-07-27,09:00:00,2,Struck Pedestrian,4,Thursday,100,PED NEAR SIDE. PED HIT BY VEHICLE FROM THE RIGHT.,1,69938,T intersection,2,50,Arterial Other,CHESTERVILLE,KINGSTON,-37.944046,145.05974,2023,7,July,9,Morning Peak,Weekday
T20230017460,2023-07-27,06:30:00,1,Collision with vehicle,4,Thursday,130,REAR END(VEHICLES IN SAME LANE),2,779061,T intersection,3,60,Local Road,MOORE,MOORABOOL,-37.686718,144.42455,2023,7,July,6,Morning Peak,Weekday
T20230017467,2023-07-27,07:50:00,1,Collision with vehicle,4,Thursday,160,VEHICLE COLLIDES WITH VEHICLE PARKED ON LEFT OF ROAD,1,797222,Not at intersection,3,50,Arterial Other,NICHOLSON,YARRA,-37.788494,144.97658,2023,7,July,7,Morning Peak,Weekday
T20230017462,2023-07-27,06:24:00,1,Collision with vehicle,4,Thursday,150,HEAD ON(OVERTAKING),3,788928,Not at intersection,3,60,Arterial Other,BERWICK-CRANBOURNE,CASEY,-38.108303,145.32932,2023,7,July,6,Morning Peak,Weekday
T20230017464,2023-07-27,08:46:00,1,Collision with vehicle,4,Thursday,110,CROSS TRAFFIC(INTERSECTIONS ONLY),1,221405,Cross intersection,3,80,Arterial Other,SYDNEY,HUME,-37.663223,144.9546,2023,7,July,8,Morning Peak,Weekday
T20230017534,2023-07-27,16:40:00,6,Vehicle overturned (no collision),4,Thursday,172,OFF CARRIAGEWAY TO RIGHT,1,789010,Not at intersection,3,100,Local Road,KATUNGA-PICOLA,MOIRA,-35.99906,145.19843,2023,7,July,16,Afternoon Peak,Weekday
T20230018354,2023-07-27,21:13:00,1,Collision with vehicle,4,Thursday,110,CROSS TRAFFIC(INTERSECTIONS ONLY),3,46824,Cross intersection,3,70,Arterial Highway,BELLARINE,GEELONG,-38.173645,144.40247,2023,7,July,21,Night,Weekday
T20230017533,2023-07-27,15:54:00,1,Collision with vehicle,4,Thursday,120,HEAD ON (NOT OVERTAKING),1,778099,Not at intersection,3,40,Local Road,ANDERSON,MARIBYRNONG,-37.816177,144.88641,2023,7,July,15,Afternoon Peak,Weekday
T20230018382,2023-07-27,15:10:00,9,Other accident,4,Thursday,179,OTHER ACCIDENTS-OFF STRAIGHT NOT INCLUDED IN DCAs 170-175,1,778470,Not at intersection,2,50,Local Road,KATRINA,HUME,-37.69487,144.89621,2023,7,July,15,Afternoon Peak,Weekday
T20230017494,2023-07-27,12:23:00,4,Collision with a fixed object,4,Thursday,179,OTHER ACCIDENTS-OFF STRAIGHT NOT INCLUDED IN DCAs 170-175,1,788861,Not at intersection,3,40,Local Road,LONSDALE,MELBOURNE,-37.81232,144.96213,2023,7,July,12,Midday,Weekday
T20230017486,2023-07-27,09:20:00,1,Collision with vehicle,4,Thursday,130,REAR END(VEHICLES IN SAME LANE),1,777936,Not at intersection,3,100,Freeway,EASTERN,WHITEHORSE,-37.79749,145.1326,2023,7,July,9,Morning Peak,Weekday
T20230017485,2023-07-27,10:10:00,1,Collision with vehicle,4,Thursday,110,CROSS TRAFFIC(INTERSECTIONS ONLY),1,61601,Cross intersection,2,50,Local Road,MYRTLE,WHITTLESEA,-37.678284,145.02898,2023,7,July,10,Midday,Weekday
T20230019850,2023-07-27,08:15:00,1,Collision with vehicle,4,Thursday,110,CROSS TRAFFIC(INTERSECTIONS ONLY),1,779863,Cross intersection,3,50,Local Road,GILBERT,DAREBIN,-37.74868,144.98837,2023,7,July,8,Morning Peak,Weekday
T20230017625,2023-07-27,18:00:00,1,Collision with vehicle,4,Thursday,135,LANE CHANGE LEFT (NOT OVERTAKING),2,777987,Not at intersection,3,80,Arterial Highway,WELLINGTON,MONASH,-37.91887,145.16179,2023,7,July,18,Afternoon Peak,Weekday
T20230019698,2023-07-27,16:22:00,1,Collision with vehicle,4,Thursday,121,RIGHT THROUGH,2,37537,T intersection,3,60,Local Road,DOWLING,WYNDHAM,-37.861862,144.67607,2023,7,July,16,Afternoon Peak,Weekday