ACCIDENT_NO,ACCIDENT_DATE,ACCIDENT_TIME,ACCIDENT_TYPE,ACCIDENT_TYPE_DESC,DAY_OF_WEEK,DAY_WEEK_DESC,DCA_CODE,DCA_DESC,LIGHT_CONDITION,NODE_ID,ROAD_GEOMETRY_DESC,SEVERITY,SPEED_ZONE,RMA,ROAD_NAME,LGA_NAME,LATITUDE,LONGITUDE,YEAR,MONTH,MONTH_NAME,HOUR,TIME_PERIOD,DAY_TYPE
T20230017660,2023-07-27,10:20:00,3,Struck animal,4,Thursday,167,STRUCK ANIMAL,1,778121,Not at intersection,2,100,Arterial Other,BIRREGURRA-FORREST,COLAC OTWAY,-38.41374,143.77904,2023,7,July,10,Midday,Weekday
T20230019447,2023-07-27,11:02:00,2,Struck Pedestrian,4,Thursday,106,VEH STRIKES PED ON FOOTPATH/MEDIAN/TRAFFIC ISLAND.,1,780059,T intersection,3,60,Local Road,ARCHER,SHEPPARTON,-36.398632,145.40964,2023,7,July,11,Midday,Weekday
T20230017588,2023-07-27,16:00:00,1,Collision with vehicle,4,Thursday,134,LANE CHANGE RIGHT (NOT OVERTAKING),1,52955,T intersection,3,60,Arterial Highway,SKIPTON,BALLARAT,-37.573486,143.84656,2023,7,July,16,Afternoon Peak,Weekday
T20230017484,2023-07-27,12:15:00,4,Collision with a fixed object,4,Thursday,171,LEFT OFF CARRIAGEWAY INTO OBJECT/PARKED VEHICLE,1,797223,T intersection,3,40,Local Road,CHURCH,KNOX,-37.840313,145.26329,2023,7,July,12,Midday,Weekday
T20230017522,2023-07-27,19:10:00,1,Collision with vehicle,4,Thursday,113,RIGHT NEAR (INTERSECTIONS ONLY),3,48622,T intersection,3,60,Arterial Other,BERWICK-CRANBOURNE,CASEY,-38.114864,145.29652,2023,7,July,19,Night,Weekday
T20230017520,2023-07-27,18:09:00,1,Collision with vehicle,4,Thursday,121,RIGHT THROUGH,2,780150,Not at intersection,2,80,Local Road,MILLERS,BALLARAT,-37.513023,143.84914,2023,7,July,18,Afternoon Peak,Weekday
T20230018763,2023-07-27,07:05:00,1,Collision with vehicle,4,Thursday,130,REAR END(VEHICLES IN SAME LANE),2,779062,Not at intersection,3,80,Local Road,CARDINIA,CARDINIA,-38.128986,145.4281,2023,7,July,7,Morning Peak,Weekday
T20230017517,2023-07-27,18:17:00,2,Struck Pedestrian,4,Thursday,102,FAR SIDE. PED HIT BY VEHICLE FROM THE LEFT,3,784323,T intersection,2,80,Arterial Other,PRINCES,CARDINIA,-38.058006,145.39789,2023,7,July,18,Afternoon Peak,Weekday
T20230017514,2023-07-27,18:25:00,1,Collision with vehicle,4,Thursday,130,REAR END(VEHICLES IN SAME LANE),2,778430,Not at intersection,2,100,Freeway,MORNINGTON PENINSULA,DANDENONG,-38.026752,145.13535,2023,7,July,18,Afternoon Peak,Weekday
T20230018808,2023-07-27,08:30:00,1,Collision with vehicle,4,Thursday,130,REAR END(VEHICLES IN SAME LANE),2,778750,Not at intersection,3,80,Freeway,HEATHERTON-MONASH IN,CASEY,-37.96937,145.23618,2023,7,July,8,Morning Peak,Weekday
T20230018975,2023-07-27,17:54:00,1,Collision with vehicle,4,Thursday,130,REAR END(VEHICLES IN SAME LANE),3,715941,Cross intersection,3,60,Arterial Other,SAYERS,WYNDHAM,-37.8526,144.73,2023,7,July,17,Afternoon Peak,Weekday
T20230018126,2023-07-27,10:11:00,4,Collision with a fixed object,4,Thursday,171,LEFT OFF CARRIAGEWAY INTO OBJECT/PARKED VEHICLE,1,784319,Not at intersection,2,100,Arterial Highway,SOUTH GIPPSLAND,WELLINGTON,-38.271065,147.03546,2023,7,July,10,Midday,Weekday
T20230017806,2023-07-27,09:30:00,1,Collision with vehicle,4,Thursday,130,REAR END(VEHICLES IN SAME LANE),1,778551,Not at intersection,3,80,Arterial Highway,DANDENONG,STONNINGTON,-37.88309,145.05298,2023,7,July,9,Morning Peak,Weekday
T20230018142,2023-07-27,17:55:00,1,Collision with vehicle,4,Thursday,130,REAR END(VEHICLES IN SAME LANE),2,778428,Not at intersection,3,60,Arterial Other,GRIMSHAW,BANYULE,-37.7033,145.091,2023,7,July,17,Afternoon Peak,Weekday
T20230019381,2023-07-27,16:20:00,1,Collision with vehicle,4,Thursday,130,REAR END(VEHICLES IN SAME LANE),2,779645,Cross intersection,3,60,Arterial Other,MT ALEXANDER,MOONEE VALLEY,-37.76714,144.92484,2023,7,July,16,Afternoon Peak,Weekday
T20230017538,2023-07-27,23:17:00,1,Collision with vehicle,4,Thursday,130,REAR END(VEHICLES IN SAME LANE),3,797143,Not at intersection,2,40,Freeway,MONASH,MONASH,-37.892555,145.12666,2023,7,July,23,Night,Weekday
T20230017539,2023-07-27,15:14:00,1,Collision with vehicle,4,Thursday,121,RIGHT THROUGH,1,778856,Not at intersection,3,50,Local Road,HUME,MELTON,-37.711105,144.56844,2023,7,July,15,Afternoon Peak,Weekday
T20230017541,2023-07-27,23:15:00,3,Struck animal,4,Thursday,167,STRUCK ANIMAL,5,778043,Not at intersection,3,100,Arterial Other,KILMORE-LANCEFIELD,MACEDON RANGES,-37.295105,144.79971,2023,7,July,23,Night,Weekday
T20230017513,2023-07-27,18:20:00,1,Collision with vehicle,4,Thursday,130,REAR END(VEHICLES IN SAME LANE),2,780663,Not at intersection,3,80,Arterial Highway,GREENSBOROUGH,BANYULE,-37.699707,145.09097,2023,7,July,18,Afternoon Peak,Weekday
T20230017536,2023-07-27,18:08:00,1,Collision with vehicle,4,Thursday,130,REAR END(VEHICLES IN SAME LANE),2,780144,Not at intersection,2,80,Arterial Other,CLYDE,CASEY,-38.051323,145.33989,2023,7,July,18,Afternoon Peak,Weekday
T20230017510,2023-07-27,16:00:00,1,Collision with vehicle,4,Thursday,113,RIGHT NEAR (INTERSECTIONS ONLY),1,282804,Cross intersection,3,60,Arterial Other,PRINCES,BAW BAW,-38.13172,145.85252,2023,7,July,16,Afternoon Peak,Weekday
T20230017509,2023-07-27,16:10:00,2,Struck Pedestrian,4,Thursday,100,PED NEAR SIDE. PED HIT BY VEHICLE FROM THE RIGHT.,1,778119,T intersection,2,70,Arterial Other,DIAMOND CREEK,BANYULE,-37.693546,145.11255,2023,7,July,16,Afternoon Peak,Weekday
T20230017543,2023-07-27,02:10:00,6,Vehicle overturned (no collision),4,Thursday,184,OUT OF CONTROL ON CARRIAGEWAY (ON BEND),5,778120,Not at intersection,3,40,Arterial Other,NICHOLSON,MORELAND,-37.7633,144.9794,2023,7,July,2,Late Night,Weekday
T20230017502,2023-07-27,08:40:00,4,Collision with a fixed object,4,Thursday,181,OFF RIGHT BEND INTO OBJECT/PARKED VEHICLE,1,784322,Not at intersection,2,100,Arterial Other,COBDEN-WARRNAMBOOL,CORANGAMITE,-38.337288,143.04932,2023,7,July,8,Morning Peak,Weekday
T20230017498,2023-07-27,09:25:00,2,Struck Pedestrian,4,Thursday,100,PED NEAR SIDE. PED HIT BY VEHICLE FROM THE RIGHT.,1,779779,Cross intersection,3,40,Local Road,COLLINS,MELBOURNE,-37.820988,144.94753,2023,7,July,9,Morning Peak,Weekday
T20230017920,2023-07-27,15:00:00,1,Collision with vehicle,4,Thursday,130,REAR END(VEHICLES IN SAME LANE),1,778429,Not at intersection,3,50,Arterial Other,HOLMES,MORELAND,-37.761803,144.97398,2023,7,July,15,Afternoon Peak,Weekday
T20230028125,2023-07-27,18:44:00,1,Collision with vehicle,4,Thursday,110,CROSS TRAFFIC(INTERSECTIONS ONLY),2,278589,Cross intersection,3,60,Local Road,LYNDARUM,WHITTLESEA,-37.629578,145.01509,2023,7,July,18,Afternoon Peak,Weekday
T20230019620,2023-07-27,16:45:00,6,Vehicle overturned (no collision),4,Thursday,174,OUT OF CONTROL ON CARRIAGEWAY (ON STRAIGHT),9,780968,Not at intersection,2,50,Local Road,SYCAMORE,WHITEHORSE,-37.838642,145.12352,2023,7,July,16,Afternoon Peak,Weekday
T20230017474,2023-07-27,11:28:00,2,Struck Pedestrian,4,Thursday,100,PED NEAR SIDE. PED HIT BY VEHICLE FROM THE RIGHT.,1,779323,Cross intersection,2,70,Local Road,BLACKBURN,MANNINGHAM,-37.750484,145.16887,2023,7,July,11,Midday,Weekday
T20230018226,2023-07-27,14:30:00,8,No collision and no object struck,4,Thursday,174,OUT OF CONTROL ON CARRIAGEWAY (ON STRAIGHT),1,778556,T intersection,3,50,Local Road,MOUNT VIEW,KNOX,-37.857697,145.30075,2023,7,July,14,Midday,Weekday
T20230017472,2023-07-27,07:00:00,2,Struck Pedestrian,4,Thursday,102,FAR SIDE. PED HIT BY VEHICLE FROM THE LEFT,2,36321,Cross intersection,2,60,Arterial Highway,PRINCES,DANDENONG,-37.96156,145.18855,2023,7,July,7,Morning Peak,Weekday
T20230017470,2023-07-27,07:13:00,1,Collision with vehicle,4,Thursday,110,CROSS TRAFFIC(INTERSECTIONS ONLY),1,777934,Cross intersection,2,80,Arterial Other,BORONIA,KNOX,-37.851643,145.23984,2023,7,July,7,Morning Peak,Weekday
T20230017535,2023-07-27,21:30:00,4,Collision with a fixed object,4,Thursday,181,OFF RIGHT BEND INTO OBJECT/PARKED VEHICLE,5,790532,Not at intersection,2,80,Local Road,DISNEY,MORNINGTON PENINSULA,-38.353413,145.15721,2023,7,July,21,Night,Weekday
T20230017683,2023-07-28,16:50:00,1,Collision with vehicle,5,Friday,132,RIGHT REAR.,2,777960,T intersection,3,60,Local Road,TRAWALLA,MAROONDAH,-37.801052,145.30156,2023,7,July,16,Afternoon Peak,Weekday
T20230017688,2023-07-28,21:20:00,2,Struck Pedestrian,5,Friday,102,FAR SIDE. PED HIT BY VEHICLE FROM THE LEFT,3,44937,T intersection,3,40,Arterial Other,MAIN,BRIMBANK,-37.7443,144.8005,2023,7,July,21,Night,Weekday
T20230019506,2023-07-28,09:10:00,1,Collision with vehicle,5,Friday,133,LANE SIDE SWIPE (VEHICLES IN PARALLEL LANES),1,798062,Not at intersection,3,70,Local Road,BELL,GEELONG,-38.126556,144.3522,2023,7,July,9,Morning Peak,Weekday
T20230017860,2023-07-28,23:00:00,1,Collision with vehicle,5,Friday,130,REAR END(VEHICLES IN SAME LANE),3,778904,Not at intersection,3,100,Freeway,EASTERN,BOROONDARA,-37.77967,145.09473,2023,7,July,23,Night,Weekday
T20230017886,2023-07-28,07:50:00,1,Collision with vehicle,5,Friday,130,REAR END(VEHICLES IN SAME LANE),2,778427,Not at intersection,3,80,Arterial Other,HUME,HUME,-37.619263,144.94768,2023,7,July,7,Morning Peak,Weekday
T20230017655,2023-07-28,19:55:00,1,Collision with vehicle,5,Friday,120,HEAD ON (NOT OVERTAKING),5,777941,Not at intersection,1,100,Local Road,TANKERTON,(FRENCH ISLAND),-38.388554,145.34077,2023,7,July,19,Night,Weekday
T20230018159,2023-07-28,06:45:00,1,Collision with vehicle,5,Friday,110,CROSS TRAFFIC(INTERSECTIONS ONLY),2,43987,Cross intersection,3,60,Local Road,BENTONS,MORNINGTON PENINSULA,-38.249725,145.0595,2023,7,July,6,Morning Peak,Weekday
T20230017647,2023-07-28,23:34:00,1,Collision with vehicle,5,Friday,130,REAR END(VEHICLES IN SAME LANE),3,797227,Cross intersection,3,60,Arterial Other,MT ALEXANDER,MOONEE VALLEY,-37.746742,144.9115,2023,7,July,23,Night,Weekday
T20230017611,2023-07-28,14:00:00,4,Collision with a fixed object,5,Friday,146,REVERSING INTO FIXED OBJECT/PARKED VEHICLE,1,789013,Not at intersection,3,40,Local Road,IFFLA,PORT PHILLIP,-37.8388,144.94952,2023,7,July,14,Midday,Weekday
T20230017615,2023-07-28,15:15:00,1,Collision with vehicle,5,Friday,110,CROSS TRAFFIC(INTERSECTIONS ONLY),1,44019,Cross intersection,3,80,Local Road,GRAYDENS,MORNINGTON PENINSULA,-38.28469,145.1272,2023,7,July,15,Afternoon Peak,Weekday
T20230017617,2023-07-28,17:00:00,1,Collision with vehicle,5,Friday,130,REAR END(VEHICLES IN SAME LANE),1,302967,Cross intersection,3,80,Arterial Other,PRINCES,CARDINIA,-38.057877,145.39795,2023,7,July,17,Afternoon Peak,Weekday
T20230017622,2023-07-28,14:45:00,1,Collision with vehicle,5,Friday,160,VEHICLE COLLIDES WITH VEHICLE PARKED ON LEFT OF ROAD,1,788991,Not at intersection,3,50,Local Road,STATION,SOUTH GIPPSLAND,-38.43183,145.82562,2023,7,July,14,Midday,Weekday
T20230017912,2023-07-28,06:20:00,1,Collision with vehicle,5,Friday,130,REAR END(VEHICLES IN SAME LANE),2,778171,Not at intersection,2,60,Arterial Highway,ST KILDA,PORT PHILLIP,-37.860676,144.98418,2023,7,July,6,Morning Peak,Weekday
T20230017623,2023-07-28,14:57:00,1,Collision with vehicle,5,Friday,130,REAR END(VEHICLES IN SAME LANE),1,778350,Not at intersection,3,60,Arterial Other,BOUNDARY,KINGSTON,-37.959366,145.11281,2023,7,July,14,Midday,Weekday
T20230018096,2023-07-28,18:10:00,1,Collision with vehicle,5,Friday,147,VEHICLE STRIKES ANOTHER VEH WHILE EMERGING FROM DRIVEWAY,2,797200,Not at intersection,2,80,Local Road,OLD MELBOURNE,MOORABOOL,-37.584064,143.95789,2023,7,July,18,Afternoon Peak,Weekday
T20230017716,2023-07-28,22:20:00,1,Collision with vehicle,5,Friday,148,VEHICLE OFF FOOTPATH STRIKES VEH ON CARRIAGEWAY,6,779603,Not at intersection,3,40,Local Road,BUNA,BANYULE,-37.73581,145.03925,2023,7,July,22,Night,Weekday
T20230017762,2023-07-28,18:45:00,1,Collision with vehicle,5,Friday,121,RIGHT THROUGH,2,39539,T intersection,3,60,Arterial Other,MITCHAM,MANNINGHAM,-37.80405,145.18925,2023,7,July,18,Afternoon Peak,Weekday
T20230017621,2023-07-28,15:09:00,2,Struck Pedestrian,5,Friday,100,PED NEAR SIDE. PED HIT BY VEHICLE FROM THE RIGHT.,1,777939,Not at intersection,2,40,Local Road,DAREBIN,BANYULE,-37.75403,145.06474,2023,7,July,15,Afternoon Peak,Weekday
T20230017678,2023-07-28,18:19:00,1,Collision with vehicle,5,Friday,121,RIGHT THROUGH,2,778857,T intersection,3,60,Arterial Highway,FIFTEENTH,MILDURA,-34.23346,142.16833,2023,7,July,18,Afternoon Peak,Weekday
T20230017643,2023-07-28,23:08:00,8,No collision and no object struck,5,Friday,179,OTHER ACCIDENTS-OFF STRAIGHT NOT INCLUDED IN DCAs 170-175,3,144419,Not at intersection,2,40,Local Road,SWANSTON,MELBOURNE,-37.817802,144.9676,2023,7,July,23,Night,Weekday
T20230017547,2023-07-28,06:30:00,1,Collision with vehicle,5,Friday,130,REAR END(VEHICLES IN SAME LANE),3,777958,Not at intersection,2,100,Freeway,MONASH,MONASH,-37.91404,145.16693,2023,7,July,6,Morning Peak,Weekday
T20230017548,2023-07-28,06:25:00,1,Collision with vehicle,5,Friday,121,RIGHT THROUGH,2,226252,Not at intersection,3,60,Local Road,CAROLINE SPRINGS,MELTON,-37.754898,144.73978,2023,7,July,6,Morning Peak,Weekday
T20230017554,2023-07-28,08:47:00,1,Collision with vehicle,5,Friday,113,RIGHT NEAR (INTERSECTIONS ONLY),1,22509,T intersection,3,50,Arterial Other,LEARMONTH,BALLARAT,-37.533867,143.81757,2023,7,July,8,Morning Peak,Weekday
T20230019014,2023-07-28,13:42:00,1,Collision with vehicle,5,Friday,113,RIGHT NEAR (INTERSECTIONS ONLY),1,226252,T intersection,3,60,Local Road,CAROLINE SPRINGS,MELTON,-37.754898,144.73978,2023,7,July,13,Midday,Weekday
T20230020738,2023-07-28,17:00:00,1,Collision with vehicle,5,Friday,130,REAR END(VEHICLES IN SAME LANE),2,780234,Not at intersection,3,80,Arterial Highway,SOUTH GIPPSLAND,CASEY,-38.042744,145.2524,2023,7,July,17,Afternoon Peak,Weekday
T20230017559,2023-07-28,06:33:00,1,Collision with vehicle,5,Friday,130,REAR END(VEHICLES IN SAME LANE),2,1195,Cross intersection,3,70,Arterial Highway,SURF COAST,GEELONG,-38.20495,144.34064,2023,7,July,6,Morning Peak,Weekday
T20230017561,2023-07-28,08:20:00,1,Collision with vehicle,5,Friday,121,RIGHT THROUGH,1,38595,T intersection,3,60,Arterial Other,ASHLEY,MARIBYRNONG,-37.792027,144.86343,2023,7,July,8,Morning Peak,Weekday
T20230017563,2023-07-28,10:00:00,1,Collision with vehicle,5,Friday,121,RIGHT THROUGH,1,84,Cross intersection,2,70,Arterial Highway,RINGWOOD,MAROONDAH,-37.811005,145.23737,2023,7,July,10,Midday,Weekday
T20230017573,2023-07-28,11:56:00,6,Vehicle overturned (no collision),5,Friday,170,OFF CARRIAGEWAY TO LEFT,1,778118,Not at intersection,2,40,Local Road,HALL,FRANKSTON,-38.10418,145.21054,2023,7,July,11,Midday,Weekday
T20230017575,2023-07-28,06:48:00,1,Collision with vehicle,5,Friday,120,HEAD ON (NOT OVERTAKING),2,778054,Not at intersection,2,50,Local Road,DWYER,HUME,-37.53,144.95618,2023,7,July,6,Morning Peak,Weekday
T20230017577,2023-07-28,11:08:00,1,Collision with vehicle,5,Friday,120,HEAD ON (NOT OVERTAKING),1,778055,Not at intersection,2,60,Arterial Other,BARWON HEADS,GEELONG,-38.24151,144.38232,2023,7,July,11,Midday,Weekday
T20230017578,2023-07-28,12:10:00,1,Collision with vehicle,5,Friday,121,RIGHT THROUGH,1,50178,Cross intersection,2,60,Arterial Other,BARWON HEADS,GEELONG,-38.1808,144.35396,2023,7,July,12,Midday,Weekday
T20230017624,2023-07-28,16:07:00,1,Collision with vehicle,5,Friday,111,RIGHT FAR (INTERSECTIONS ONLY),1,29398,Cross intersection,3,50,Arterial Other,RIDDELL,HUME,-37.55975,144.71022,2023,7,July,16,Afternoon Peak,Weekday
T20230017584,2023-07-28,08:53:00,1,Collision with vehicle,5,Friday,121,RIGHT THROUGH,1,39336,Cross intersection,3,60,Arterial Other,STATION,WHITEHORSE,-37.80177,145.12686,2023,7,July,8,Morning Peak,Weekday
T20230017586,2023-07-28,12:26:00,1,Collision with vehicle,5,Friday,135,LANE CHANGE LEFT (NOT OVERTAKING),1,789009,Not at intersection,2,100,Freeway,METROPOLITAN RING,WHITTLESEA,-37.69055,144.9753,2023,7,July,12,Midday,Weekday
T20230017587,2023-07-28,13:00:00,1,Collision with vehicle,5,Friday,121,RIGHT THROUGH,1,778100,T intersection,3,70,Arterial Other,CANTERBURY,MAROONDAH,-37.832478,145.2303,2023,7,July,13,Midday,Weekday
T20230020099,2023-07-28,18:00:00,1,Collision with vehicle,5,Friday,121,RIGHT THROUGH,3,38552,T intersection,3,60,Arterial Other,WRIGHT,BRIMBANK,-37.795914,144.83029,2023,7,July,18,Afternoon Peak,Weekday
T20230017582,2023-07-28,09:10:00,1,Collision with vehicle,5,Friday,110,CROSS TRAFFIC(INTERSECTIONS ONLY),1,42194,Cross intersection,2,50,Local Road,DERBY,MORELAND,-37.720917,144.94759,2023,7,July,9,Morning Peak,Weekday
T20230017627,2023-07-28,16:22:00,2,Struck Pedestrian,5,Friday,100,PED NEAR SIDE. PED HIT BY VEHICLE FROM THE RIGHT.,1,789008,T intersection,3,50,Local Road,BENNETT,MOORABOOL,-37.673958,144.43642,2023,7,July,16,Afternoon Peak,Weekday
T20230017630,2023-07-28,15:25:00,1,Collision with vehicle,5,Friday,132,RIGHT REAR.,1,778264,Not at intersection,2,70,Arterial Other,SYDNEY,MORELAND,-37.710987,144.96173,2023,7,July,15,Afternoon Peak,Weekday
T20230017633,2023-07-28,16:05:00,1,Collision with vehicle,5,Friday,113,RIGHT NEAR (INTERSECTIONS ONLY),1,57345,T intersection,3,100,Local Road,HOLDEN,MELTON,-37.64722,144.66777,2023,7,July,16,Afternoon Peak,Weekday
T20230017590,2023-07-28,12:58:00,1,Collision with vehicle,5,Friday,120,HEAD ON (NOT OVERTAKING),1,778188,Not at intersection,3,60,Arterial Other,HEIDELBERG-KINGLAKE,NILLUMBIK,-37.56143,145.31982,2023,7,July,12,Midday,Weekday
T20230017881,2023-07-28,13:55:00,1,Collision with vehicle,5,Friday,111,RIGHT FAR (INTERSECTIONS ONLY),1,778109,Cross intersection,3,50,Local Road,ELLERY,MONASH,-37.887646,145.09673,2023,7,July,13,Midday,Weekday
T20230017841,2023-07-28,23:15:00,1,Collision with vehicle,5,Friday,113,RIGHT NEAR (INTERSECTIONS ONLY),3,947,Cross intersection,3,70,Arterial Highway,MOOROODUC,FRANKSTON,-38.157513,145.13496,2023,7,July,23,Night,Weekday
T20230017599,2023-07-28,07:30:00,1,Collision with vehicle,5,Friday,120,HEAD ON (NOT OVERTAKING),2,797145,Not at intersection,2,90,Arterial Other,WELLINGTON,YARRA RANGES,-37.936382,145.3099,2023,7,July,7,Morning Peak,Weekday
T20230017634,2023-07-28,19:35:00,4,Collision with a fixed object,5,Friday,183,OFF LEFT BEND INTO OBJECT/PARKED VEHICLE,3,778372,Not at intersection,2,60,Arterial Other,BEACH,BAYSIDE,-37.94894,145.00061,2023,7,July,19,Night,Weekday
T20230017602,2023-07-28,15:05:00,1,Collision with vehicle,5,Friday,110,CROSS TRAFFIC(INTERSECTIONS ONLY),1,52853,Cross intersection,2,40,Arterial Other,ALFRED,BALLARAT,-37.558758,143.82977,2023,7,July,15,Afternoon Peak,Weekday
T20230018566,2023-07-28,13:00:00,1,Collision with vehicle,5,Friday,130,REAR END(VEHICLES IN SAME LANE),1,778624,T intersection,2,60,Arterial Other,STATION,WHITEHORSE,-37.84185,145.1215,2023,7,July,13,Midday,Weekday
T20230017672,2023-07-28,14:40:00,1,Collision with vehicle,5,Friday,113,RIGHT NEAR (INTERSECTIONS ONLY),1,40169,Cross intersection,2,60,Arterial Other,HOTHAM,GLEN EIRA,-37.87367,144.99863,2023,7,July,14,Midday,Weekday
T20230017906,2023-07-28,14:40:00,1,Collision with vehicle,5,Friday,130,REAR END(VEHICLES IN SAME LANE),1,787642,Not at intersection,2,60,Arterial Other,HOPKINS,MELTON,-37.803055,144.69623,2023,7,July,14,Midday,Weekday
T20230017685,2023-07-29,11:05:00,4,Collision with a fixed object,6,Saturday,173,RIGHT OFF CARRIAGEWAY INTO OBJECT/PARKED VEHICLE,1,778371,Not at intersection,3,80,Arterial Highway,PRINCES HIGHWAY,BAW BAW,-38.204548,146.07489,2023,7,July,11,Midday,Weekend
T20230017690,2023-07-29,15:07:00,1,Collision with vehicle,6,Saturday,121,RIGHT THROUGH,1,322198,T intersection,2,60,Arterial Highway,BENALLA,SHEPPARTON,-36.38626,145.42432,2023,7,July,15,Afternoon Peak,Weekend
T20230017692,2023-07-29,12:45:00,1,Collision with vehicle,6,Saturday,130,REAR END(VEHICLES IN SAME LANE),1,783652,Not at intersection,3,60,Arterial Other,HEATHS,WYNDHAM,-37.876316,144.67215,2023,7,July,12,Midday,Weekend
T20230017697,2023-07-29,17:12:00,1,Collision with vehicle,6,Saturday,121,RIGHT THROUGH,2,777988,T intersection,2,60,Local Road,GRICES,CASEY,-38.077515,145.35983,2023,7,July,17,Afternoon Peak,Weekend
T20230017699,2023-07-29,16:20:00,1,Collision with vehicle,6,Saturday,154,PULLING OUT -REAR END,1,789015,Not at intersection,3,80,Local Road,MANKS,CARDINIA,-38.172417,145.39674,2023,7,July,16,Afternoon Peak,Weekend
T20230017701,2023-07-29,14:04:00,1,Collision with vehicle,6,Saturday,134,LANE CHANGE RIGHT (NOT OVERTAKING),1,777989,T intersection,3,60,Arterial Highway,ALEXANDRA,MELBOURNE,-37.822163,144.97502,2023,7,July,14,Midday,Weekend
T20230017702,2023-07-29,18:10:00,1,Collision with vehicle,6,Saturday,113,RIGHT NEAR (INTERSECTIONS ONLY),3,20803,T intersection,3,80,Arterial Other,DROUIN-KORUMBURRA ROAD -WESTERNPORT,BAW BAW,-38.17239,145.82039,2023,7,July,18,Afternoon Peak,Weekend
T20230017809,2023-07-29,20:45:00,1,Collision with vehicle,6,Saturday,130,REAR END(VEHICLES IN SAME LANE),9,788292,Not at intersection,3,70,Arterial Other,SYDNEY,MORELAND,-37.69696,144.95914,2023,7,July,20,Night,Weekend
T20230017703,2023-07-29,16:42:00,4,Collision with a fixed object,6,Saturday,171,LEFT OFF CARRIAGEWAY INTO OBJECT/PARKED VEHICLE,1,778169,Not at intersection,3,100,Local Road,CORDUROY,BAW BAW,-38.102287,145.78386,2023,7,July,16,Afternoon Peak,Weekend
T20230017705,2023-07-29,19:15:00,1,Collision with vehicle,6,Saturday,121,RIGHT THROUGH,3,8496,Cross intersection,3,60,Arterial Highway,WARRIGAL,KINGSTON,-37.967663,145.07414,2023,7,July,19,Night,Weekend
T20230017709,2023-07-29,19:40:00,4,Collision with a fixed object,6,Saturday,173,RIGHT OFF CARRIAGEWAY INTO OBJECT/PARKED VEHICLE,3,777990,Not at intersection,3,100,Freeway,WESTERN RING,BRIMBANK,-37.742306,144.84694,2023,7,July,19,Night,Weekend
T20230025110,2023-07-29,16:00:00,6,Vehicle overturned (no collision),6,Saturday,174,OUT OF CONTROL ON CARRIAGEWAY (ON STRAIGHT),9,784929,Not at intersection,3,60,Local Road,SCANLON,WHITTLESEA,-37.64345,144.99559,2023,7,July,16,Afternoon Peak,Weekend
T20230018518,2023-07-29,10:30:00,1,Collision with vehicle,6,Saturday,110,CROSS TRAFFIC(INTERSECTIONS ONLY),1,63801,Cross intersection,3,40,Local Road,MCPHERSON,MOONEE VALLEY,-37.7638,144.92781,2023,7,July,10,Midday,Weekend
T20230017710,2023-07-29,18:50:00,1,Collision with vehicle,6,Saturday,130,REAR END(VEHICLES IN SAME LANE),3,797148,Not at intersection,3,40,Local Road,QUEEN,MELBOURNE,-37.81549,144.96092,2023,7,July,18,Afternoon Peak,Weekend
T20230017711,2023-07-29,18:45:00,4,Collision with a fixed object,6,Saturday,173,RIGHT OFF CARRIAGEWAY INTO OBJECT/PARKED VEHICLE,5,784297,Not at intersection,2,100,Arterial Other,BRIDGEWATER-MALDON,LODDON,-36.866222,143.93478,2023,7,July,18,Afternoon Peak,Weekend
T20230017714,2023-07-29,19:00:00,2,Struck Pedestrian,6,Saturday,102,FAR SIDE. PED HIT BY VEHICLE FROM THE LEFT,3,38731,Cross intersection,2,60,Arterial Highway,PLENTY,WHITTLESEA,-37.68831,145.06625,2023,7,July,19,Night,Weekend
T20230018704,2023-07-29,15:30:00,1,Collision with vehicle,6,Saturday,130,REAR END(VEHICLES IN SAME LANE),1,778710,Not at intersection,3,80,Arterial Other,STRATHFIELDSAYE,BENDIGO,-36.784416,144.31721,2023,7,July,15,Afternoon Peak,Weekend
T20230017753,2023-07-29,22:15:00,4,Collision with a fixed object,6,Saturday,171,LEFT OFF CARRIAGEWAY INTO OBJECT/PARKED VEHICLE,5,778047,Not at intersection,2,80,Local Road,COUANGALT,MACEDON RANGES,-37.54118,144.61722,2023,7,July,22,Night,Weekend
T20230018512,2023-07-29,10:46:00,1,Collision with vehicle,6,Saturday,130,REAR END(VEHICLES IN SAME LANE),1,779065,Not at intersection,3,60,Arterial Other,PRINCES,MELBOURNE,-37.793003,144.9753,2023,7,July,10,Midday,Weekend
T20230018980,2023-07-29,13:30:00,1,Collision with vehicle,6,Saturday,130,REAR END(VEHICLES IN SAME LANE),1,781448,Not at intersection,2,60,Local Road,CAROLINE SPRINGS,MELTON,-37.75584,144.7397,2023,7,July,13,Midday,Weekend
T20230017968,2023-07-29,13:35:00,1,Collision with vehicle,6,Saturday,110,CROSS TRAFFIC(INTERSECTIONS ONLY),1,42129,Cross intersection,3,60,Local Road,BURT,BAYSIDE,-37.9434,145.02806,2023,7,July,13,Midday,Weekend
T20230018474,2023-07-29,17:40:00,1,Collision with vehicle,6,Saturday,130,REAR END(VEHICLES IN SAME LANE),2,119981,Not at intersection,3,70,Arterial Other,MAHONEYS,WHITTLESEA,-37.69371,145.00069,2023,7,July,17,Afternoon Peak,Weekend
T20230017650,2023-07-29,03:10:00,4,Collision with a fixed object,6,Saturday,171,LEFT OFF CARRIAGEWAY INTO OBJECT/PARKED VEHICLE,3,789019,Not at intersection,3,50,Local Road,BOONONG,FRANKSTON,-38.126442,145.13257,2023,7,July,3,Late Night,Weekend