ACCIDENT_NO,ACCIDENT_DATE,ACCIDENT_TIME,ACCIDENT_TYPE,ACCIDENT_TYPE_DESC,DAY_OF_WEEK,DAY_WEEK_DESC,DCA_CODE,DCA_DESC,LIGHT_CONDITION,NODE_ID,ROAD_GEOMETRY_DESC,SEVERITY,SPEED_ZONE,RMA,ROAD_NAME,LGA_NAME,LATITUDE,LONGITUDE,YEAR,MONTH,MONTH_NAME,HOUR,TIME_PERIOD,DAY_TYPE
T20230017663,2023-07-29,09:30:00,1,Collision with vehicle,6,Saturday,140,U TURN,1,797147,T intersection,3,50,Local Road,BROWNING,GLENELG,-38.33751,141.5924,2023,7,July,9,Morning Peak,Weekend
T20230019512,2023-07-29,16:40:00,1,Collision with vehicle,6,Saturday,113,RIGHT NEAR (INTERSECTIONS ONLY),1,797152,T intersection,3,60,Local Road,CHERRY FLAT,BALLARAT,-37.59365,143.80592,2023,7,July,16,Afternoon Peak,Weekend
T20230017673,2023-07-29,12:40:00,1,Collision with vehicle,6,Saturday,110,CROSS TRAFFIC(INTERSECTIONS ONLY),1,336613,Cross intersection,3,70,Freeway,FERNTREE GULLY,MONASH,-37.903133,145.15721,2023,7,July,12,Midday,Weekend
T20230017674,2023-07-29,11:39:00,8,No collision and no object struck,6,Saturday,179,OTHER ACCIDENTS-OFF STRAIGHT NOT INCLUDED IN DCAs 170-175,1,49547,Cross intersection,3,60,Local Road,HALLETTS,MOORABOOL,-37.661045,144.42415,2023,7,July,11,Midday,Weekend
T20230017738,2023-07-29,13:43:00,1,Collision with vehicle,6,Saturday,134,LANE CHANGE RIGHT (NOT OVERTAKING),1,780945,Not at intersection,3,40,Arterial Highway,KINGS,MELBOURNE,-37.82205,144.9581,2023,7,July,13,Midday,Weekend
T20230017726,2023-07-29,20:59:00,2,Struck Pedestrian,6,Saturday,103,PED PLAYING/LYING/WORKING/STANDING ON CARRIAGEWAY.,5,777962,Not at intersection,1,100,Arterial Other,COBRAM-KOONOOMOO,MOIRA,-35.90201,145.60553,2023,7,July,20,Night,Weekend
T20230017676,2023-07-29,08:58:00,1,Collision with vehicle,6,Saturday,116,LEFT NEAR (INTERSECTIONS ONLY),1,43852,Cross intersection,2,80,Arterial Highway,DANDENONG-HASTINGS,CASEY,-38.06289,145.24245,2023,7,July,8,Morning Peak,Weekend
T20230017720,2023-07-29,22:10:00,4,Collision with a fixed object,6,Saturday,171,LEFT OFF CARRIAGEWAY INTO OBJECT/PARKED VEHICLE,5,789016,Not at intersection,3,100,Local Road,GELLIES,HUME,-37.5852,144.78763,2023,7,July,22,Night,Weekend
T20230020433,2023-07-29,20:30:00,1,Collision with vehicle,6,Saturday,131,LEFT REAR,3,44363,T intersection,3,60,Arterial Other,DUNCANS,WYNDHAM,-37.90841,144.67482,2023,7,July,20,Night,Weekend
T20230017932,2023-07-29,10:00:00,1,Collision with vehicle,6,Saturday,163,VEHICLE STRIKES DOOR OF PARKED/STATIONARY VEHICLE,1,780269,Not at intersection,2,60,Local Road,VICTORIA,DAREBIN,-37.76188,145.01273,2023,7,July,10,Midday,Weekend
T20230017758,2023-07-30,13:00:00,1,Collision with vehicle,7,Sunday,120,HEAD ON (NOT OVERTAKING),1,779432,Y intersection,2,100,Local Road,ENGINEERS,EAST GIPPSLAND,-37.595963,147.74162,2023,7,July,13,Midday,Weekend
T20230017749,2023-07-30,08:30:00,1,Collision with vehicle,7,Sunday,113,RIGHT NEAR (INTERSECTIONS ONLY),1,68792,T intersection,3,60,Local Road,BAMBRA,GLEN EIRA,-37.89588,145.02722,2023,7,July,8,Morning Peak,Weekend
T20230017767,2023-07-30,15:35:00,7,Fall from or in moving vehicle,7,Sunday,190,FELL IN/FROM VEHICLE,2,778296,Cross intersection,2,100,Local Road,STUHRS,BAW BAW,-38.16489,146.03181,2023,7,July,15,Afternoon Peak,Weekend
T20230017994,2023-07-30,11:30:00,1,Collision with vehicle,7,Sunday,163,VEHICLE STRIKES DOOR OF PARKED/STATIONARY VEHICLE,1,779524,Not at intersection,3,50,Local Road,BELL,GEELONG,-38.26175,144.51234,2023,7,July,11,Midday,Weekend
T20230018412,2023-07-30,16:40:00,8,No collision and no object struck,7,Sunday,174,OUT OF CONTROL ON CARRIAGEWAY (ON STRAIGHT),1,778405,Not at intersection,3,60,Local Road,SCOTTS,MOORABOOL,-37.668503,143.96771,2023,7,July,16,Afternoon Peak,Weekend
T20230017759,2023-07-30,14:30:00,1,Collision with vehicle,7,Sunday,110,CROSS TRAFFIC(INTERSECTIONS ONLY),1,65895,Cross intersection,3,50,Local Road,HOTHAM,MELBOURNE,-37.81413,144.98558,2023,7,July,14,Midday,Weekend
T20230017752,2023-07-30,13:45:00,1,Collision with vehicle,7,Sunday,110,CROSS TRAFFIC(INTERSECTIONS ONLY),1,627736,Cross intersection,3,70,Arterial Other,DONNYBROOK,HUME,-37.535656,144.90555,2023,7,July,13,Midday,Weekend
T20230017774,2023-07-30,16:58:00,4,Collision with a fixed object,7,Sunday,171,LEFT OFF CARRIAGEWAY INTO OBJECT/PARKED VEHICLE,1,789026,Cross intersection,3,50,Local Road,MAIN,DAREBIN,-37.71551,145.05014,2023,7,July,16,Afternoon Peak,Weekend
T20230017786,2023-07-30,15:00:00,4,Collision with a fixed object,7,Sunday,171,LEFT OFF CARRIAGEWAY INTO OBJECT/PARKED VEHICLE,1,778550,Not at intersection,2,100,Arterial Other,BALLARAT-MARYBOROUGH,CENTRAL GOLDFIELDS,-37.202404,143.70723,2023,7,July,15,Afternoon Peak,Weekend
T20230017750,2023-07-30,14:00:00,4,Collision with a fixed object,7,Sunday,171,LEFT OFF CARRIAGEWAY INTO OBJECT/PARKED VEHICLE,1,797209,T intersection,2,50,Local Road,KANOOKA,GEELONG,-38.078182,144.34143,2023,7,July,14,Midday,Weekend
T20230017754,2023-07-30,11:35:00,4,Collision with a fixed object,7,Sunday,179,OTHER ACCIDENTS-OFF STRAIGHT NOT INCLUDED IN DCAs 170-175,1,780392,T intersection,2,60,Arterial Other,SYDNEY,MORELAND,-37.732304,144.96461,2023,7,July,11,Midday,Weekend
T20230017742,2023-07-30,10:40:00,1,Collision with vehicle,7,Sunday,130,REAR END(VEHICLES IN SAME LANE),1,778397,Not at intersection,3,70,Arterial Other,CANTERBURY,WHITEHORSE,-37.83591,145.18286,2023,7,July,10,Midday,Weekend
T20230017981,2023-07-30,15:00:00,1,Collision with vehicle,7,Sunday,134,LANE CHANGE RIGHT (NOT OVERTAKING),1,715941,Not at intersection,3,70,Arterial Other,SAYERS,WYNDHAM,-37.8526,144.73,2023,7,July,15,Afternoon Peak,Weekend
T20230017880,2023-07-30,13:00:00,4,Collision with a fixed object,7,Sunday,173,RIGHT OFF CARRIAGEWAY INTO OBJECT/PARKED VEHICLE,1,778191,Not at intersection,2,100,Local Road,SANDY CREEK-BARNADOWN,BENDIGO,-36.667355,144.43112,2023,7,July,13,Midday,Weekend
T20230017851,2023-07-30,23:20:00,4,Collision with a fixed object,7,Sunday,173,RIGHT OFF CARRIAGEWAY INTO OBJECT/PARKED VEHICLE,3,39922,T intersection,3,60,Arterial Other,MILLERS,HOBSONS BAY,-37.86295,144.84035,2023,7,July,23,Night,Weekend
T20230017761,2023-07-30,16:05:00,1,Collision with vehicle,7,Sunday,160,VEHICLE COLLIDES WITH VEHICLE PARKED ON LEFT OF ROAD,2,779239,Not at intersection,3,50,Arterial Highway,MAIN,MOUNT ALEXANDER,-37.080204,144.26248,2023,7,July,16,Afternoon Peak,Weekend
T20230017772,2023-07-30,15:20:00,4,Collision with a fixed object,7,Sunday,173,RIGHT OFF CARRIAGEWAY INTO OBJECT/PARKED VEHICLE,1,778101,Not at intersection,2,50,Local Road,VINCENT,MONASH,-37.92929,145.16316,2023,7,July,15,Afternoon Peak,Weekend
T20230018813,2023-07-30,19:30:00,1,Collision with vehicle,7,Sunday,130,REAR END(VEHICLES IN SAME LANE),2,778713,Not at intersection,3,60,Arterial Other,ANGLESEA,SURF COAST,-38.309174,144.26515,2023,7,July,19,Night,Weekend
T20230017855,2023-07-31,16:26:00,4,Collision with a fixed object,1,Monday,171,LEFT OFF CARRIAGEWAY INTO OBJECT/PARKED VEHICLE,1,789074,Not at intersection,2,60,Arterial Other,CENTRE,KINGSTON,-37.92987,145.12968,2023,7,July,16,Afternoon Peak,Weekday
T20230017956,2023-07-31,10:28:00,1,Collision with vehicle,1,Monday,130,REAR END(VEHICLES IN SAME LANE),1,778172,Not at intersection,3,50,Local Road,ALBION,MORELAND,-37.761356,144.96759,2023,7,July,10,Midday,Weekday
T20230019515,2023-07-31,09:07:00,1,Collision with vehicle,1,Monday,131,LEFT REAR,2,779530,Not at intersection,3,70,Arterial Other,STURT,BALLARAT,-37.55562,143.81888,2023,7,July,9,Morning Peak,Weekday
T20230018047,2023-07-31,07:00:00,1,Collision with vehicle,1,Monday,113,RIGHT NEAR (INTERSECTIONS ONLY),2,42107,T intersection,3,60,Arterial Other,BLUFF,BAYSIDE,-37.941795,145.02306,2023,7,July,7,Morning Peak,Weekday
T20230017790,2023-07-31,01:40:00,4,Collision with a fixed object,1,Monday,171,LEFT OFF CARRIAGEWAY INTO OBJECT/PARKED VEHICLE,3,779722,Not at intersection,2,60,Arterial Highway,RACECOURSE,MELBOURNE,-37.788067,144.92863,2023,7,July,1,Late Night,Weekday
T20230018623,2023-07-31,13:07:00,1,Collision with vehicle,1,Monday,142,LEAVING PARKING,1,784294,Not at intersection,2,60,Arterial Other,CITY,PORT PHILLIP,-37.833412,144.95087,2023,7,July,13,Midday,Weekday
T20230018708,2023-07-31,17:20:00,1,Collision with vehicle,1,Monday,130,REAR END(VEHICLES IN SAME LANE),2,778834,Not at intersection,3,80,Arterial Highway,WELLINGTON,MONASH,-37.91858,145.15947,2023,7,July,17,Afternoon Peak,Weekday
T20230017867,2023-07-31,16:25:00,1,Collision with vehicle,1,Monday,140,U TURN,2,778108,Not at intersection,3,60,Arterial Other,CAMP,HUME,-37.688763,144.95001,2023,7,July,16,Afternoon Peak,Weekday
T20230017837,2023-07-31,15:35:00,1,Collision with vehicle,1,Monday,147,VEHICLE STRIKES ANOTHER VEH WHILE EMERGING FROM DRIVEWAY,1,778189,Not at intersection,2,40,Local Road,UNNAMED,HORSHAM,-36.711857,142.18317,2023,7,July,15,Afternoon Peak,Weekday
T20230017836,2023-07-31,16:00:00,2,Struck Pedestrian,1,Monday,100,PED NEAR SIDE. PED HIT BY VEHICLE FROM THE RIGHT.,1,43715,T intersection,2,60,Local Road,COBURNS,MELTON,-37.69429,144.56635,2023,7,July,16,Afternoon Peak,Weekday
T20230018064,2023-07-31,17:30:00,1,Collision with vehicle,1,Monday,130,REAR END(VEHICLES IN SAME LANE),1,797236,Not at intersection,3,50,Local Road,ELEY,WHITEHORSE,-37.845043,145.1266,2023,7,July,17,Afternoon Peak,Weekday
T20230017854,2023-07-31,17:51:00,1,Collision with vehicle,1,Monday,130,REAR END(VEHICLES IN SAME LANE),2,778107,Not at intersection,2,100,Freeway,MONASH,CASEY,-37.970306,145.23692,2023,7,July,17,Afternoon Peak,Weekday
T20230017834,2023-07-31,15:30:00,8,No collision and no object struck,1,Monday,174,OUT OF CONTROL ON CARRIAGEWAY (ON STRAIGHT),1,789076,Not at intersection,3,40,Local Road,FLINDERS,MELBOURNE,-37.821198,144.95474,2023,7,July,15,Afternoon Peak,Weekday
T20230017853,2023-07-31,18:49:00,8,No collision and no object struck,1,Monday,184,OUT OF CONTROL ON CARRIAGEWAY (ON BEND),3,778552,Not at intersection,2,50,Local Road,COOLABAH,GEELONG,-38.20694,144.32217,2023,7,July,18,Afternoon Peak,Weekday
T20230017830,2023-07-31,06:25:00,1,Collision with vehicle,1,Monday,110,CROSS TRAFFIC(INTERSECTIONS ONLY),3,789077,Cross intersection,2,60,Arterial Other,ST KILDA,PORT PHILLIP,-37.85667,144.98254,2023,7,July,6,Morning Peak,Weekday
T20230017828,2023-07-31,09:06:00,1,Collision with vehicle,1,Monday,113,RIGHT NEAR (INTERSECTIONS ONLY),1,50584,T intersection,2,80,Arterial Other,CARAMUT ROAD -WARRNAMBOOL-CARAMUT,MOYNE,-38.302593,142.46564,2023,7,July,9,Morning Peak,Weekday
T20230017852,2023-07-31,17:20:00,1,Collision with vehicle,1,Monday,130,REAR END(VEHICLES IN SAME LANE),2,41734,Cross intersection,2,70,Arterial Other,FERNTREE GULLY,MONASH,-37.90042,145.13617,2023,7,July,17,Afternoon Peak,Weekday
T20230018253,2023-07-31,15:04:00,2,Struck Pedestrian,1,Monday,105,PED WALKING AGAINST TRAFFIC.,1,45096,Cross intersection,3,60,Arterial Highway,HIGH,MITCHELL,-37.413082,144.9794,2023,7,July,15,Afternoon Peak,Weekday
T20230017873,2023-07-31,09:30:00,1,Collision with vehicle,1,Monday,136,RIGHT TURN SIDESWIPE,1,778905,Not at intersection,3,40,Local Road,LAKESIDE,PORT PHILLIP,-37.855232,144.97873,2023,7,July,9,Morning Peak,Weekday
T20230019196,2023-07-31,09:30:00,6,Vehicle overturned (no collision),1,Monday,174,OUT OF CONTROL ON CARRIAGEWAY (ON STRAIGHT),1,61663,T intersection,3,60,Arterial Other,BADGER CREEK,YARRA RANGES,-37.681446,145.5322,2023,7,July,9,Morning Peak,Weekday
T20230017822,2023-07-31,07:30:00,1,Collision with vehicle,1,Monday,121,RIGHT THROUGH,2,289646,T intersection,2,60,Arterial Other,MARINE PARADE -ORMOND,PORT PHILLIP,-37.88192,144.97789,2023,7,July,7,Morning Peak,Weekday
T20230017821,2023-07-31,12:49:00,4,Collision with a fixed object,1,Monday,173,RIGHT OFF CARRIAGEWAY INTO OBJECT/PARKED VEHICLE,1,778104,Not at intersection,2,60,Local Road,BROOKLYN,MELTON,-37.700687,144.55594,2023,7,July,12,Midday,Weekday
T20230017818,2023-07-31,12:18:00,1,Collision with vehicle,1,Monday,140,U TURN,1,779325,Not at intersection,3,60,Arterial Other,BRUNSWICK,YARRA,-37.78846,144.98013,2023,7,July,12,Midday,Weekday
T20230019661,2023-07-31,14:42:00,1,Collision with vehicle,1,Monday,113,RIGHT NEAR (INTERSECTIONS ONLY),1,779604,Private property,3,60,Local Road,STATION,KINGSTON,-38.064503,145.1202,2023,7,July,14,Midday,Weekday
T20230017814,2023-07-31,12:20:00,1,Collision with vehicle,1,Monday,111,RIGHT FAR (INTERSECTIONS ONLY),1,779781,Cross intersection,2,50,Local Road,HAMMOND,DANDENONG,-37.99157,145.21017,2023,7,July,12,Midday,Weekday
T20230019116,2023-07-31,11:00:00,1,Collision with vehicle,1,Monday,119,OTHER ADJACENT (INTERSECTIONS ONLY),1,318649,T intersection,2,100,Arterial Other,BENDIGO-MARYBOROUGH,BENDIGO,-36.81093,144.16956,2023,7,July,11,Midday,Weekday
T20230018372,2023-07-31,08:10:00,1,Collision with vehicle,1,Monday,110,CROSS TRAFFIC(INTERSECTIONS ONLY),1,45041,Cross intersection,3,60,Arterial Other,SHAKESPEARE STREET -TRARALGON CREEK,LATROBE,-38.201504,146.54456,2023,7,July,8,Morning Peak,Weekday
T20230017811,2023-07-31,10:50:00,1,Collision with vehicle,1,Monday,130,REAR END(VEHICLES IN SAME LANE),1,779169,Not at intersection,3,60,Arterial Other,HEATHS,WYNDHAM,-37.884563,144.64671,2023,7,July,10,Midday,Weekday
T20230018102,2023-07-31,06:30:00,1,Collision with vehicle,1,Monday,163,VEHICLE STRIKES DOOR OF PARKED/STATIONARY VEHICLE,2,778366,Not at intersection,3,60,Arterial Other,FLEMINGTON ROAD SERVICE,MELBOURNE,-37.793324,144.94742,2023,7,July,6,Morning Peak,Weekday
T20230018690,2023-07-31,19:19:00,2,Struck Pedestrian,1,Monday,101,PED EMERGES FROM IN FRONT OF PARKED OR STATIONARY VEHICLE,3,789075,Cross intersection,2,60,Arterial Other,NICHOLSON,YARRA,-37.779137,144.97829,2023,7,July,19,Night,Weekday
T20230017808,2023-07-31,09:20:00,1,Collision with vehicle,1,Monday,116,LEFT NEAR (INTERSECTIONS ONLY),1,797369,T intersection,3,60,Arterial Other,YORK,YARRA RANGES,-37.787155,145.37933,2023,7,July,9,Morning Peak,Weekday
T20230017807,2023-07-31,10:20:00,1,Collision with vehicle,1,Monday,110,CROSS TRAFFIC(INTERSECTIONS ONLY),1,52886,Cross intersection,3,50,Local Road,DANA,BALLARAT,-37.56366,143.85294,2023,7,July,10,Midday,Weekday
T20230017986,2023-07-31,19:00:00,1,Collision with vehicle,1,Monday,111,RIGHT FAR (INTERSECTIONS ONLY),3,54535,Cross intersection,3,60,Local Road,FAIRHAVEN,MELTON,-37.685257,144.5546,2023,7,July,19,Night,Weekday
T20230017803,2023-07-31,09:14:00,1,Collision with vehicle,1,Monday,110,CROSS TRAFFIC(INTERSECTIONS ONLY),1,411,Cross intersection,2,50,Arterial Other,STATION,DAREBIN,-37.774384,145.01889,2023,7,July,9,Morning Peak,Weekday
T20230018161,2023-07-31,09:00:00,1,Collision with vehicle,1,Monday,113,RIGHT NEAR (INTERSECTIONS ONLY),1,44549,Cross intersection,3,60,Arterial Other,SOUTHERN,BANYULE,-37.740997,145.0368,2023,7,July,9,Morning Peak,Weekday
T20230017865,2023-07-31,18:12:00,2,Struck Pedestrian,1,Monday,101,PED EMERGES FROM IN FRONT OF PARKED OR STATIONARY VEHICLE,3,778882,T intersection,1,60,Local Road,STERNBERG,BENDIGO,-36.765846,144.29227,2023,7,July,18,Afternoon Peak,Weekday
T20230017876,2023-08-01,06:00:00,1,Collision with vehicle,2,Tuesday,110,CROSS TRAFFIC(INTERSECTIONS ONLY),2,43831,Cross intersection,2,50,Local Road,BROADHURST,DAREBIN,-37.707897,144.99791,2023,8,August,6,Morning Peak,Weekday
T20230017883,2023-08-01,07:45:00,1,Collision with vehicle,2,Tuesday,113,RIGHT NEAR (INTERSECTIONS ONLY),1,45124,T intersection,3,60,Arterial Highway,WARBURTON,YARRA RANGES,-37.77748,145.60458,2023,8,August,7,Morning Peak,Weekday
T20230017885,2023-08-01,06:00:00,1,Collision with vehicle,2,Tuesday,121,RIGHT THROUGH,3,789090,T intersection,3,60,Local Road,MCGREGOR,CARDINIA,-38.100277,145.46912,2023,8,August,6,Morning Peak,Weekday
T20230017890,2023-08-01,09:33:00,4,Collision with a fixed object,2,Tuesday,171,LEFT OFF CARRIAGEWAY INTO OBJECT/PARKED VEHICLE,1,789091,Not at intersection,3,60,Arterial Highway,WHITEHORSE,WHITEHORSE,-37.81725,145.11751,2023,8,August,9,Morning Peak,Weekday
T20230017941,2023-08-01,18:30:00,2,Struck Pedestrian,2,Tuesday,100,PED NEAR SIDE. PED HIT BY VEHICLE FROM THE RIGHT.,3,65784,Cross intersection,3,40,Local Road,ELIZABETH,YARRA,-37.8114,144.99582,2023,8,August,18,Afternoon Peak,Weekday
T20230017943,2023-08-01,19:00:00,1,Collision with vehicle,2,Tuesday,121,RIGHT THROUGH,2,43976,Cross intersection,3,80,Arterial Highway,NEPEAN,MORNINGTON PENINSULA,-38.255917,145.03581,2023,8,August,19,Night,Weekday
T20230017944,2023-08-01,19:15:00,3,Struck animal,2,Tuesday,167,STRUCK ANIMAL,5,793254,Not at intersection,2,100,Arterial Highway,NORTHERN,MITCHELL,-37.38684,144.97578,2023,8,August,19,Night,Weekday
T20230017948,2023-08-01,21:20:00,1,Collision with vehicle,2,Tuesday,113,RIGHT NEAR (INTERSECTIONS ONLY),3,246872,T intersection,3,60,Arterial Other,HIGHBURY,MONASH,-37.856915,145.1259,2023,8,August,21,Night,Weekday
T20230017967,2023-08-01,08:00:00,1,Collision with vehicle,2,Tuesday,147,VEHICLE STRIKES ANOTHER VEH WHILE EMERGING FROM DRIVEWAY,1,778251,Not at intersection,3,40,Local Road,ROSE,MORELAND,-37.743286,144.94717,2023,8,August,8,Morning Peak,Weekday
T20230018369,2023-08-01,14:36:00,1,Collision with vehicle,2,Tuesday,173,RIGHT OFF CARRIAGEWAY INTO OBJECT/PARKED VEHICLE,1,778553,Not at intersection,2,60,Local Road,PLANTATION,GEELONG,-38.066154,144.35493,2023,8,August,14,Midday,Weekday
T20230018251,2023-08-01,15:00:00,1,Collision with vehicle,2,Tuesday,130,REAR END(VEHICLES IN SAME LANE),1,778322,Not at intersection,3,60,Arterial Highway,MAROONDAH,MAROONDAH,-37.81084,145.2376,2023,8,August,15,Afternoon Peak,Weekday
T20230017998,2023-08-01,13:18:00,1,Collision with vehicle,2,Tuesday,120,HEAD ON (NOT OVERTAKING),1,778616,Not at intersection,3,60,Arterial Other,FLEMINGTON,MELBOURNE,-37.799473,144.9548,2023,8,August,13,Midday,Weekday
T20230018001,2023-08-01,09:00:00,4,Collision with a fixed object,2,Tuesday,181,OFF RIGHT BEND INTO OBJECT/PARKED VEHICLE,1,797608,T intersection,2,50,Local Road,GREAVES,WYNDHAM,-37.890797,144.64043,2023,8,August,9,Morning Peak,Weekday
T20230020785,2023-08-01,06:00:00,1,Collision with vehicle,2,Tuesday,130,REAR END(VEHICLES IN SAME LANE),2,780473,Not at intersection,3,100,Freeway,SOUTH GIPPSLAND IN-MONASH IN,CASEY,-37.994717,145.25345,2023,8,August,6,Morning Peak,Weekday
T20230018167,2023-08-01,07:00:00,1,Collision with vehicle,2,Tuesday,116,LEFT NEAR (INTERSECTIONS ONLY),2,778676,T intersection,3,80,Arterial Other,CRANBOURNE-FRANKSTON,FRANKSTON,-38.149296,145.19666,2023,8,August,7,Morning Peak,Weekday
T20230018166,2023-08-01,17:44:00,1,Collision with vehicle,2,Tuesday,134,LANE CHANGE RIGHT (NOT OVERTAKING),3,779326,Not at intersection,3,60,Arterial Other,CENTRE,KINGSTON,-37.929756,145.12877,2023,8,August,17,Afternoon Peak,Weekday
T20230017891,2023-08-01,09:00:00,1,Collision with vehicle,2,Tuesday,110,CROSS TRAFFIC(INTERSECTIONS ONLY),1,52545,Cross intersection,3,80,Local Road,KARADOC,MILDURA,-34.240044,142.15543,2023,8,August,9,Morning Peak,Weekday
T20230018010,2023-08-01,19:45:00,1,Collision with vehicle,2,Tuesday,137,LEFT TURN SIDESWIPE,2,29380,Cross intersection,3,40,Local Road,ARDEN,MELBOURNE,-37.80114,144.95146,2023,8,August,19,Night,Weekday
T20230018479,2023-08-01,16:40:00,1,Collision with vehicle,2,Tuesday,113,RIGHT NEAR (INTERSECTIONS ONLY),1,37162,T intersection,3,60,Local Road,MCCLELLAND,FRANKSTON,-38.123676,145.18793,2023,8,August,16,Afternoon Peak,Weekday
T20230018466,2023-08-01,18:28:00,1,Collision with vehicle,2,Tuesday,120,HEAD ON (NOT OVERTAKING),2,778906,Not at intersection,3,50,Local Road,SIMPSONS,BENDIGO,-36.71423,144.25273,2023,8,August,18,Afternoon Peak,Weekday
T20230018562,2023-08-01,13:00:00,1,Collision with vehicle,2,Tuesday,130,REAR END(VEHICLES IN SAME LANE),1,62380,T intersection,3,60,Local Road,BRIDGE,MELTON,-37.716484,144.59998,2023,8,August,13,Midday,Weekday
T20230019268,2023-08-01,15:20:00,1,Collision with vehicle,2,Tuesday,113,RIGHT NEAR (INTERSECTIONS ONLY),1,686287,T intersection,3,60,Arterial Other,DAMON,CARDINIA,-38.06519,145.43678,2023,8,August,15,Afternoon Peak,Weekday
T20230017896,2023-08-01,11:49:00,1,Collision with vehicle,2,Tuesday,147,VEHICLE STRIKES ANOTHER VEH WHILE EMERGING FROM DRIVEWAY,1,780469,Not at intersection,3,40,Local Road,NINTH,MILDURA,-34.192024,142.16742,2023,8,August,11,Midday,Weekday
T20230017899,2023-08-01,11:02:00,1,Collision with vehicle,2,Tuesday,113,RIGHT NEAR (INTERSECTIONS ONLY),1,784006,T intersection,2,80,Local Road,ATHOL,DANDENONG,-37.971035,145.14856,2023,8,August,11,Midday,Weekday
T20230017900,2023-08-01,12:30:00,1,Collision with vehicle,2,Tuesday,110,CROSS TRAFFIC(INTERSECTIONS ONLY),1,60364,Cross intersection,3,50,Local Road,HIGH,ARARAT,-37.283665,142.92584,2023,8,August,12,Midday,Weekday
T20230017902,2023-08-01,12:37:00,1,Collision with vehicle,2,Tuesday,160,VEHICLE COLLIDES WITH VEHICLE PARKED ON LEFT OF ROAD,1,797352,Not at intersection,3,50,Local Road,BRICE,YARRA RANGES,-37.785088,145.31335,2023,8,August,12,Midday,Weekday
T20230017904,2023-08-01,12:33:00,1,Collision with vehicle,2,Tuesday,140,U TURN,1,234519,T intersection,3,50,Local Road,LEWIS,KNOX,-37.869743,145.24962,2023,8,August,12,Midday,Weekday
T20230017914,2023-08-01,14:52:00,1,Collision with vehicle,2,Tuesday,130,REAR END(VEHICLES IN SAME LANE),1,778408,Not at intersection,3,60,Local Road,SKYE,FRANKSTON,-38.134388,145.14737,2023,8,August,14,Midday,Weekday
T20230025310,2023-08-01,11:43:00,1,Collision with vehicle,2,Tuesday,121,RIGHT THROUGH,1,784485,Cross intersection,3,80,Arterial Other,WILLIAMSONS,MANNINGHAM,-37.782066,145.124,2023,8,August,11,Midday,Weekday
T20230017923,2023-08-01,17:45:00,2,Struck Pedestrian,2,Tuesday,100,PED NEAR SIDE. PED HIT BY VEHICLE FROM THE RIGHT.,3,784007,T intersection,3,80,Arterial Highway,NEPEAN HIGHWAY SERVICE,KINGSTON,-37.949276,145.04582,2023,8,August,17,Afternoon Peak,Weekday
T20230017925,2023-08-01,15:20:00,1,Collision with vehicle,2,Tuesday,121,RIGHT THROUGH,1,778115,Not at intersection,3,60,Local Road,MONTEREY,DANDENONG,-38.02455,145.21973,2023,8,August,15,Afternoon Peak,Weekday
T20230017926,2023-08-01,17:05:00,1,Collision with vehicle,2,Tuesday,110,CROSS TRAFFIC(INTERSECTIONS ONLY),1,35946,Cross intersection,2,40,Local Road,DE CARLE,MORELAND,-37.758755,144.96545,2023,8,August,17,Afternoon Peak,Weekday
T20230017930,2023-08-01,17:36:00,1,Collision with vehicle,2,Tuesday,113,RIGHT NEAR (INTERSECTIONS ONLY),2,38583,T intersection,3,60,Arterial Other,SETTLEMENT,WHITTLESEA,-37.697533,145.056,2023,8,August,17,Afternoon Peak,Weekday
T20230017934,2023-08-01,15:50:00,1,Collision with vehicle,2,Tuesday,130,REAR END(VEHICLES IN SAME LANE),1,778409,Not at intersection,3,100,Arterial Other,JACKSONS,MONASH,-37.93471,145.19313,2023,8,August,15,Afternoon Peak,Weekday
T20230017937,2023-08-01,19:06:00,1,Collision with vehicle,2,Tuesday,113,RIGHT NEAR (INTERSECTIONS ONLY),3,579947,T intersection,3,60,Arterial Other,STATION,BRIMBANK,-37.7443,144.77914,2023,8,August,19,Night,Weekday
T20230017939,2023-08-01,18:55:00,2,Struck Pedestrian,2,Tuesday,102,FAR SIDE. PED HIT BY VEHICLE FROM THE LEFT,3,41290,T intersection,2,60,Local Road,HOPKINS,BAYSIDE,-37.910076,145.02432,2023,8,August,18,Afternoon Peak,Weekday
T20230017870,2023-08-01,05:00:00,1,Collision with vehicle,2,Tuesday,113,RIGHT NEAR (INTERSECTIONS ONLY),2,588185,T intersection,3,70,Arterial Other,BALLARAT,BRIMBANK,-37.77827,144.84048,2023,8,August,5,Morning Peak,Weekday
T20230018016,2023-08-02,15:15:00,2,Struck Pedestrian,3,Wednesday,101,PED EMERGES FROM IN FRONT OF PARKED OR STATIONARY VEHICLE,1,778175,Not at intersection,2,50,Local Road,MUNRO,MORELAND,-37.744957,144.96545,2023,8,August,15,Afternoon Peak,Weekday
T20230018094,2023-08-02,17:20:00,1,Collision with vehicle,3,Wednesday,121,RIGHT THROUGH,2,29908,Cross intersection,3,50,Arterial Other,PLENTY,WHITTLESEA,-37.637505,145.09555,2023,8,August,17,Afternoon Peak,Weekday
T20230018648,2023-08-02,17:05:00,1,Collision with vehicle,3,Wednesday,121,RIGHT THROUGH,1,35371,Cross intersection,3,60,Arterial Other,JOLIMONT,MELBOURNE,-37.816467,144.97905,2023,8,August,17,Afternoon Peak,Weekday
T20230017999,2023-08-02,14:29:00,1,Collision with vehicle,3,Wednesday,113,RIGHT NEAR (INTERSECTIONS ONLY),1,66437,T intersection,2,60,Local Road,HEATHERDALE,MAROONDAH,-37.827755,145.21335,2023,8,August,14,Midday,Weekday