ACCIDENT_NO,ACCIDENT_DATE,ACCIDENT_TIME,ACCIDENT_TYPE,ACCIDENT_TYPE_DESC,DAY_OF_WEEK,DAY_WEEK_DESC,DCA_CODE,DCA_DESC,LIGHT_CONDITION,NODE_ID,ROAD_GEOMETRY_DESC,SEVERITY,SPEED_ZONE,RMA,ROAD_NAME,LGA_NAME,LATITUDE,LONGITUDE,YEAR,MONTH,MONTH_NAME,HOUR,TIME_PERIOD,DAY_TYPE
T20230018087,2023-08-02,16:30:00,1,Collision with vehicle,3,Wednesday,130,REAR END(VEHICLES IN SAME LANE),1,40,Cross intersection,3,80,Arterial Other,PRINCES,CARDINIA,-38.06628,145.46729,2023,8,August,16,Afternoon Peak,Weekday
T20230018453,2023-08-02,14:45:00,1,Collision with vehicle,3,Wednesday,132,RIGHT REAR.,1,789219,Not at intersection,3,60,Arterial Highway,WARRIGAL,MONASH,-37.88322,145.09015,2023,8,August,14,Midday,Weekday
T20230018003,2023-08-02,12:35:00,2,Struck Pedestrian,3,Wednesday,100,PED NEAR SIDE. PED HIT BY VEHICLE FROM THE RIGHT.,1,44916,T intersection,2,70,Arterial Other,STATION,BRIMBANK,-37.75667,144.777,2023,8,August,12,Midday,Weekday
T20230018004,2023-08-02,14:00:00,1,Collision with vehicle,3,Wednesday,113,RIGHT NEAR (INTERSECTIONS ONLY),1,43595,T intersection,3,60,Arterial Other,BAXTER-TOORADIN,FRANKSTON,-38.194138,145.1492,2023,8,August,14,Midday,Weekday
T20230020063,2023-08-02,06:50:00,1,Collision with vehicle,3,Wednesday,110,CROSS TRAFFIC(INTERSECTIONS ONLY),6,784440,Cross intersection,3,60,Local Road,BEECHWORTH,WODONGA,-36.128372,146.88734,2023,8,August,6,Morning Peak,Weekday
T20230018018,2023-08-02,07:40:00,1,Collision with vehicle,3,Wednesday,130,REAR END(VEHICLES IN SAME LANE),2,778176,Not at intersection,3,100,Freeway,METROPOLITAN RING,MORELAND,-37.6914,144.96701,2023,8,August,7,Morning Peak,Weekday
T20230018020,2023-08-02,16:10:00,1,Collision with vehicle,3,Wednesday,130,REAR END(VEHICLES IN SAME LANE),2,779938,Not at intersection,3,70,Arterial Other,PRINCES,CARDINIA,-38.057854,145.39705,2023,8,August,16,Afternoon Peak,Weekday
T20230018527,2023-08-02,15:30:00,1,Collision with vehicle,3,Wednesday,134,LANE CHANGE RIGHT (NOT OVERTAKING),1,778561,T intersection,3,70,Arterial Other,SWANSEA,YARRA RANGES,-37.808064,145.34761,2023,8,August,15,Afternoon Peak,Weekday
T20230018022,2023-08-02,15:20:00,1,Collision with vehicle,3,Wednesday,120,HEAD ON (NOT OVERTAKING),1,778177,Not at intersection,3,60,Arterial Other,SPRINGVALE,KINGSTON,-38.03373,145.1232,2023,8,August,15,Afternoon Peak,Weekday
T20230018698,2023-08-02,11:30:00,6,Vehicle overturned (no collision),3,Wednesday,174,OUT OF CONTROL ON CARRIAGEWAY (ON STRAIGHT),1,781341,Not at intersection,3,100,Local Road,KALIMNA TOURIST,MOUNT ALEXANDER,-37.049995,144.23296,2023,8,August,11,Midday,Weekday
T20230018024,2023-08-02,13:10:00,1,Collision with vehicle,3,Wednesday,132,RIGHT REAR.,1,42603,Y intersection,3,60,Arterial Other,JACKSONS,DANDENONG,-37.953205,145.19107,2023,8,August,13,Midday,Weekday
T20230018025,2023-08-02,17:12:00,1,Collision with vehicle,3,Wednesday,113,RIGHT NEAR (INTERSECTIONS ONLY),1,778178,T intersection,2,60,Arterial Highway,MURRAY VALLEY,MOIRA,-36.012157,146.03676,2023,8,August,17,Afternoon Peak,Weekday
T20230017991,2023-08-02,12:30:00,1,Collision with vehicle,3,Wednesday,121,RIGHT THROUGH,1,797750,T intersection,3,70,Arterial Other,LEARMONTH,BALLARAT,-37.526775,143.8113,2023,8,August,12,Midday,Weekday
T20230018641,2023-08-02,12:00:00,1,Collision with vehicle,3,Wednesday,130,REAR END(VEHICLES IN SAME LANE),1,779122,Not at intersection,3,80,Arterial Highway,DANDENONG VALLEY,KNOX,-37.926243,145.23347,2023,8,August,12,Midday,Weekday
T20230018028,2023-08-02,16:34:00,1,Collision with vehicle,3,Wednesday,121,RIGHT THROUGH,1,224077,Cross intersection,3,70,Local Road,ABBOTTS,DANDENONG,-38.034477,145.23463,2023,8,August,16,Afternoon Peak,Weekday
T20230017987,2023-08-02,07:00:00,1,Collision with vehicle,3,Wednesday,113,RIGHT NEAR (INTERSECTIONS ONLY),2,254695,Cross intersection,3,50,Local Road,STREETS,WODONGA,-36.155357,146.88226,2023,8,August,7,Morning Peak,Weekday
T20230018029,2023-08-02,15:45:00,2,Struck Pedestrian,3,Wednesday,100,PED NEAR SIDE. PED HIT BY VEHICLE FROM THE RIGHT.,1,42790,Cross intersection,2,60,Arterial Highway,WARRIGAL,KINGSTON,-37.974846,145.07275,2023,8,August,15,Afternoon Peak,Weekday
T20230017984,2023-08-02,00:30:00,1,Collision with vehicle,3,Wednesday,146,REVERSING INTO FIXED OBJECT/PARKED VEHICLE,6,778253,Not at intersection,3,50,Local Road,MCTAVISH,HORSHAM,-36.728878,142.19865,2023,8,August,0,Late Night,Weekday
T20230017979,2023-08-02,09:30:00,1,Collision with vehicle,3,Wednesday,116,LEFT NEAR (INTERSECTIONS ONLY),1,285283,T intersection,3,50,Arterial Other,JELLS,MONASH,-37.90835,145.18881,2023,8,August,9,Morning Peak,Weekday
T20230017974,2023-08-02,10:47:00,1,Collision with vehicle,3,Wednesday,113,RIGHT NEAR (INTERSECTIONS ONLY),1,725733,T intersection,2,60,Arterial Other,MAIN,NILLUMBIK,-37.732105,145.1405,2023,8,August,10,Midday,Weekday
T20230017971,2023-08-02,08:09:00,1,Collision with vehicle,3,Wednesday,130,REAR END(VEHICLES IN SAME LANE),1,778252,Not at intersection,2,100,Freeway,EASTERN,BOROONDARA,-37.79134,145.02025,2023,8,August,8,Morning Peak,Weekday
T20230017969,2023-08-02,06:20:00,1,Collision with vehicle,3,Wednesday,121,RIGHT THROUGH,2,38595,T intersection,3,60,Arterial Other,ASHLEY,MARIBYRNONG,-37.792027,144.86343,2023,8,August,6,Morning Peak,Weekday
T20230018214,2023-08-02,18:14:00,1,Collision with vehicle,3,Wednesday,160,VEHICLE COLLIDES WITH VEHICLE PARKED ON LEFT OF ROAD,2,778677,Not at intersection,2,50,Local Road,RIVERDALE,WHITTLESEA,-37.612038,145.09642,2023,8,August,18,Afternoon Peak,Weekday
T20230018040,2023-08-02,18:15:00,1,Collision with vehicle,3,Wednesday,113,RIGHT NEAR (INTERSECTIONS ONLY),3,775152,T intersection,1,80,Arterial Other,FERNTREE GULLY,MONASH,-37.90466,145.17114,2023,8,August,18,Afternoon Peak,Weekday
T20230017965,2023-08-02,08:57:00,1,Collision with vehicle,3,Wednesday,140,U TURN,1,797653,Not at intersection,3,60,Local Road,FRYERS,SHEPPARTON,-36.38008,145.40764,2023,8,August,8,Morning Peak,Weekday
T20230017964,2023-08-02,08:30:00,2,Struck Pedestrian,3,Wednesday,102,FAR SIDE. PED HIT BY VEHICLE FROM THE LEFT,1,40644,Cross intersection,3,60,Arterial Other,RIVERSDALE,WHITEHORSE,-37.837505,145.11137,2023,8,August,8,Morning Peak,Weekday
T20230018041,2023-08-02,21:01:00,1,Collision with vehicle,3,Wednesday,121,RIGHT THROUGH,3,779161,T intersection,2,70,Freeway,DONCASTER-EASTERN OUT,MANNINGHAM,-37.78848,145.1042,2023,8,August,21,Night,Weekday
T20230017961,2023-08-02,07:34:00,1,Collision with vehicle,3,Wednesday,120,HEAD ON (NOT OVERTAKING),2,779045,Not at intersection,3,100,Arterial Other,LANCEFIELD-TOOBORAC,MITCHELL,-37.11721,144.75964,2023,8,August,7,Morning Peak,Weekday
T20230017959,2023-08-02,06:00:00,1,Collision with vehicle,3,Wednesday,120,HEAD ON (NOT OVERTAKING),2,44044,T intersection,2,60,Arterial Other,SPRING,DAREBIN,-37.720436,145.004,2023,8,August,6,Morning Peak,Weekday
T20230018043,2023-08-02,19:17:00,1,Collision with vehicle,3,Wednesday,121,RIGHT THROUGH,3,36719,T intersection,2,70,Arterial Other,EDGARS,WHITTLESEA,-37.67707,144.99954,2023,8,August,19,Night,Weekday
T20230018046,2023-08-02,21:49:00,1,Collision with vehicle,3,Wednesday,135,LANE CHANGE LEFT (NOT OVERTAKING),3,44686,T intersection,2,60,Arterial Highway,GREENSBOROUGH,BANYULE,-37.724472,145.08037,2023,8,August,21,Night,Weekday
T20230018322,2023-08-02,20:30:00,1,Collision with vehicle,3,Wednesday,120,HEAD ON (NOT OVERTAKING),3,789221,T intersection,3,50,Local Road,ANITA,KINGSTON,-37.983574,145.131,2023,8,August,20,Night,Weekday
T20230018922,2023-08-02,17:30:00,1,Collision with vehicle,3,Wednesday,121,RIGHT THROUGH,2,43423,T intersection,3,70,Arterial Other,BALLARTO,FRANKSTON,-38.117172,145.19403,2023,8,August,17,Afternoon Peak,Weekday
T20230018048,2023-08-02,16:00:00,1,Collision with vehicle,3,Wednesday,136,RIGHT TURN SIDESWIPE,1,797368,Not at intersection,2,100,Arterial Highway,NORTHERN,CAMPASPE,-36.730907,144.685,2023,8,August,16,Afternoon Peak,Weekday
T20230018063,2023-08-02,17:20:00,1,Collision with vehicle,3,Wednesday,135,LANE CHANGE LEFT (NOT OVERTAKING),1,778298,Not at intersection,3,40,Local Road,BARKLY,MARIBYRNONG,-37.799583,144.89798,2023,8,August,17,Afternoon Peak,Weekday
T20230018157,2023-08-02,20:23:00,1,Collision with vehicle,3,Wednesday,130,REAR END(VEHICLES IN SAME LANE),3,778302,T intersection,3,60,Arterial Other,BULLA,MOONEE VALLEY,-37.74118,144.90823,2023,8,August,20,Night,Weekday
T20230018088,2023-08-02,13:45:00,1,Collision with vehicle,3,Wednesday,130,REAR END(VEHICLES IN SAME LANE),1,780185,Not at intersection,3,50,Local Road,VICTOR,CASEY,-38.026955,145.3127,2023,8,August,13,Midday,Weekday
T20230018065,2023-08-02,18:40:00,1,Collision with vehicle,3,Wednesday,120,HEAD ON (NOT OVERTAKING),5,778707,T intersection,2,80,Arterial Highway,MCIVOR,BENDIGO,-36.761265,144.328,2023,8,August,18,Afternoon Peak,Weekday
T20230022008,2023-08-02,16:15:00,1,Collision with vehicle,3,Wednesday,130,REAR END(VEHICLES IN SAME LANE),1,795838,T intersection,3,50,Local Road,KAROO,KNOX,-37.912273,145.25249,2023,8,August,16,Afternoon Peak,Weekday
T20230017996,2023-08-02,06:05:00,1,Collision with vehicle,3,Wednesday,121,RIGHT THROUGH,2,778464,Cross intersection,2,80,Local Road,AIRPORT,HUME,-37.69231,144.8665,2023,8,August,6,Morning Peak,Weekday
T20230017997,2023-08-02,11:19:00,1,Collision with vehicle,3,Wednesday,130,REAR END(VEHICLES IN SAME LANE),1,778254,Not at intersection,3,100,Freeway,HUME,WHITTLESEA,-37.675335,144.98404,2023,8,August,11,Midday,Weekday
T20230018426,2023-08-02,18:00:00,2,Struck Pedestrian,3,Wednesday,104,PED WALKING WITH TRAFFIC,1,91516,Not at intersection,2,60,Arterial Other,MALVERN,STONNINGTON,-37.85202,145.0329,2023,8,August,18,Afternoon Peak,Weekday
T20230018103,2023-08-03,16:45:00,1,Collision with vehicle,4,Thursday,110,CROSS TRAFFIC(INTERSECTIONS ONLY),1,39973,Cross intersection,3,50,Local Road,JUBILEE,HOBSONS BAY,-37.84713,144.86864,2023,8,August,16,Afternoon Peak,Weekday
T20230019032,2023-08-03,17:21:00,1,Collision with vehicle,4,Thursday,136,RIGHT TURN SIDESWIPE,2,43755,Cross intersection,3,50,Local Road,BARRY,DAREBIN,-37.708836,144.99779,2023,8,August,17,Afternoon Peak,Weekday
T20230018456,2023-08-03,00:10:00,1,Collision with vehicle,4,Thursday,135,LANE CHANGE LEFT (NOT OVERTAKING),3,35722,Multiple intersection,2,60,Freeway,FLEMINGTON,MELBOURNE,-37.788467,144.94101,2023,8,August,0,Late Night,Weekday
T20230018576,2023-08-03,08:00:00,1,Collision with vehicle,4,Thursday,130,REAR END(VEHICLES IN SAME LANE),1,305979,T intersection,3,60,Arterial Other,MCDONALDS,WHITTLESEA,-37.648266,145.06888,2023,8,August,8,Morning Peak,Weekday
T20230018475,2023-08-03,08:35:00,1,Collision with vehicle,4,Thursday,130,REAR END(VEHICLES IN SAME LANE),1,799901,Not at intersection,3,80,Freeway,METROPOLITAN RING IN-HUME,MERRI-BEK,-37.69206,144.962,2023,8,August,8,Morning Peak,Weekday
T20230018217,2023-08-03,12:30:00,1,Collision with vehicle,4,Thursday,120,HEAD ON (NOT OVERTAKING),1,779478,Not at intersection,2,50,Local Road,REBECCA,MELTON,-37.766064,144.74875,2023,8,August,12,Midday,Weekday
T20230018091,2023-08-03,13:36:00,4,Collision with a fixed object,4,Thursday,171,LEFT OFF CARRIAGEWAY INTO OBJECT/PARKED VEHICLE,1,789228,Not at intersection,2,100,Arterial Other,CAMPERDOWN-LISMORE,CORANGAMITE,-38.05103,143.24454,2023,8,August,13,Midday,Weekday
T20230018080,2023-08-03,14:16:00,7,Fall from or in moving vehicle,4,Thursday,190,FELL IN/FROM VEHICLE,1,65039,Not at intersection,2,40,Local Road,KAY,MELBOURNE,-37.79496,144.97095,2023,8,August,14,Midday,Weekday
T20230019468,2023-08-03,14:40:00,1,Collision with vehicle,4,Thursday,130,REAR END(VEHICLES IN SAME LANE),1,29619,T intersection,3,40,Arterial Other,ELGAR,WHITEHORSE,-37.844357,145.10994,2023,8,August,14,Midday,Weekday
T20230018074,2023-08-03,12:17:00,1,Collision with vehicle,4,Thursday,121,RIGHT THROUGH,1,778299,T intersection,2,50,Local Road,SALMON,MORNINGTON PENINSULA,-38.31399,145.19354,2023,8,August,12,Midday,Weekday
T20230018128,2023-08-03,20:20:00,1,Collision with vehicle,4,Thursday,133,LANE SIDE SWIPE (VEHICLES IN PARALLEL LANES),3,782717,Not at intersection,2,80,Arterial Other,THOMPSON,CASEY,-38.083664,145.28786,2023,8,August,20,Night,Weekday
T20230018301,2023-08-03,09:50:00,1,Collision with vehicle,4,Thursday,135,LANE CHANGE LEFT (NOT OVERTAKING),1,789223,Not at intersection,3,100,Freeway,MONASH,MONASH,-37.9018,145.15192,2023,8,August,9,Morning Peak,Weekday
T20230018585,2023-08-03,16:55:00,2,Struck Pedestrian,4,Thursday,102,FAR SIDE. PED HIT BY VEHICLE FROM THE LEFT,1,331008,Not at intersection,3,40,Arterial Other,KING,MELBOURNE,-37.81771,144.95633,2023,8,August,16,Afternoon Peak,Weekday
T20230018085,2023-08-03,14:44:00,1,Collision with vehicle,4,Thursday,130,REAR END(VEHICLES IN SAME LANE),1,779637,Not at intersection,3,60,Arterial Other,LOCKWOOD,BENDIGO,-36.796234,144.23987,2023,8,August,14,Midday,Weekday
T20230019500,2023-08-03,12:40:00,1,Collision with vehicle,4,Thursday,130,REAR END(VEHICLES IN SAME LANE),1,264730,T intersection,3,80,Arterial Highway,NORTHERN,MITCHELL,-37.423096,144.9786,2023,8,August,12,Midday,Weekday
T20230018056,2023-08-03,08:05:00,1,Collision with vehicle,4,Thursday,139,OTHER SAME DIRECTION-MANOUEVRES NOT INCLUDED IN DCAs 130-137,1,799577,Not at intersection,3,70,Arterial Other,SYDNEY,MORELAND,-37.704247,144.96063,2023,8,August,8,Morning Peak,Weekday
T20230018114,2023-08-03,16:30:00,1,Collision with vehicle,4,Thursday,110,CROSS TRAFFIC(INTERSECTIONS ONLY),1,44000,Cross intersection,2,60,Local Road,BUNGOWER,MORNINGTON PENINSULA,-38.238506,145.17226,2023,8,August,16,Afternoon Peak,Weekday
T20230018436,2023-08-03,10:24:00,1,Collision with vehicle,4,Thursday,110,CROSS TRAFFIC(INTERSECTIONS ONLY),1,67902,Cross intersection,3,50,Local Road,BLYTH,HOBSONS BAY,-37.86807,144.82758,2023,8,August,10,Midday,Weekday
T20230018060,2023-08-03,08:43:00,1,Collision with vehicle,4,Thursday,113,RIGHT NEAR (INTERSECTIONS ONLY),2,44831,T intersection,3,80,Arterial Highway,WARBURTON,YARRA RANGES,-37.775642,145.58499,2023,8,August,8,Morning Peak,Weekday
T20230018155,2023-08-03,17:30:00,1,Collision with vehicle,4,Thursday,130,REAR END(VEHICLES IN SAME LANE),2,780225,Not at intersection,3,80,Arterial Highway,PRINCES,CASEY,-38.002655,145.24458,2023,8,August,17,Afternoon Peak,Weekday
T20230019845,2023-08-03,10:05:00,1,Collision with vehicle,4,Thursday,130,REAR END(VEHICLES IN SAME LANE),1,780515,Y intersection,3,60,Arterial Highway,SMITHFIELD,MELBOURNE,-37.79117,144.91985,2023,8,August,10,Midday,Weekday
T20230018121,2023-08-03,19:00:00,1,Collision with vehicle,4,Thursday,121,RIGHT THROUGH,2,778346,Not at intersection,3,60,Arterial Highway,BELL,DAREBIN,-37.744614,144.99814,2023,8,August,19,Night,Weekday
T20230018092,2023-08-03,11:07:00,1,Collision with vehicle,4,Thursday,120,HEAD ON (NOT OVERTAKING),1,793245,Not at intersection,2,100,Local Road,WILSONS,MOORABOOL,-37.517925,144.0163,2023,8,August,11,Midday,Weekday
T20230019173,2023-08-03,06:00:00,2,Struck Pedestrian,4,Thursday,100,PED NEAR SIDE. PED HIT BY VEHICLE FROM THE RIGHT.,3,779600,Not at intersection,3,50,Local Road,MACEDON,GEELONG,-38.072,144.37096,2023,8,August,6,Morning Peak,Weekday
T20230018061,2023-08-03,06:55:00,1,Collision with vehicle,4,Thursday,113,RIGHT NEAR (INTERSECTIONS ONLY),2,47832,T intersection,3,70,Arterial Other,DOMAIN,CASEY,-38.058933,145.33067,2023,8,August,6,Morning Peak,Weekday
T20230018097,2023-08-03,15:04:00,4,Collision with a fixed object,4,Thursday,171,LEFT OFF CARRIAGEWAY INTO OBJECT/PARKED VEHICLE,1,778675,Not at intersection,2,60,Arterial Other,HULL,YARRA RANGES,-37.78847,145.31195,2023,8,August,15,Afternoon Peak,Weekday
T20230018093,2023-08-03,15:30:00,1,Collision with vehicle,4,Thursday,121,RIGHT THROUGH,1,35829,Cross intersection,2,50,Arterial Highway,BAILLIE,HORSHAM,-36.71177,142.2049,2023,8,August,15,Afternoon Peak,Weekday
T20230018045,2023-08-03,01:56:00,6,Vehicle overturned (no collision),4,Thursday,172,OFF CARRIAGEWAY TO RIGHT,5,255856,Not at intersection,3,100,Arterial Highway,HAMILTON,CORANGAMITE,-38.025627,143.6186,2023,8,August,1,Late Night,Weekday
T20230018050,2023-08-03,08:00:00,1,Collision with vehicle,4,Thursday,130,REAR END(VEHICLES IN SAME LANE),1,45157,T intersection,3,40,Arterial Other,MILITARY,MOONEE VALLEY,-37.76216,144.86198,2023,8,August,8,Morning Peak,Weekday
T20230018307,2023-08-03,19:55:00,1,Collision with vehicle,4,Thursday,130,REAR END(VEHICLES IN SAME LANE),2,778422,Not at intersection,3,50,Local Road,KAVANAGH,MELBOURNE,-37.82701,144.96176,2023,8,August,19,Night,Weekday
T20230019629,2023-08-03,16:10:00,1,Collision with vehicle,4,Thursday,121,RIGHT THROUGH,9,789220,Cross intersection,3,40,Local Road,RIVER,YARRA,-37.817314,145.01329,2023,8,August,16,Afternoon Peak,Weekday
T20230018110,2023-08-03,17:50:00,4,Collision with a fixed object,4,Thursday,181,OFF RIGHT BEND INTO OBJECT/PARKED VEHICLE,5,796289,Not at intersection,2,50,Local Road,HAVANA,FRANKSTON,-38.144394,145.16881,2023,8,August,17,Afternoon Peak,Weekday
T20230018104,2023-08-03,16:00:00,4,Collision with a fixed object,4,Thursday,173,RIGHT OFF CARRIAGEWAY INTO OBJECT/PARKED VEHICLE,1,789222,Not at intersection,3,100,Local Road,WALSHS BRIDGE SOUTH,MOIRA,-36.10358,145.3318,2023,8,August,16,Afternoon Peak,Weekday
T20230018052,2023-08-03,08:07:00,1,Collision with vehicle,4,Thursday,121,RIGHT THROUGH,2,281862,T intersection,3,40,Local Road,JOHN SCHUBERT,WODONGA,-36.17658,146.941,2023,8,August,8,Morning Peak,Weekday
T20230018099,2023-08-03,14:55:00,1,Collision with vehicle,4,Thursday,113,RIGHT NEAR (INTERSECTIONS ONLY),1,43289,Cross intersection,2,60,Arterial Other,HALLAM SOUTH,CASEY,-38.0199,145.27045,2023,8,August,14,Midday,Weekday
T20230018073,2023-08-03,08:35:00,2,Struck Pedestrian,4,Thursday,102,FAR SIDE. PED HIT BY VEHICLE FROM THE LEFT,1,778258,Not at intersection,3,60,Arterial Other,SEPARATION,GEELONG,-38.110622,144.34178,2023,8,August,8,Morning Peak,Weekday
T20230018101,2023-08-03,16:45:00,1,Collision with vehicle,4,Thursday,121,RIGHT THROUGH,1,780924,T intersection,3,100,Arterial Other,CRESWICK-NEWSTEAD,HEPBURN,-37.360863,143.94066,2023,8,August,16,Afternoon Peak,Weekday
T20230018108,2023-08-03,16:40:00,1,Collision with vehicle,4,Thursday,116,LEFT NEAR (INTERSECTIONS ONLY),1,49746,T intersection,3,50,Arterial Other,MORGAN,GEELONG,-38.09857,144.35123,2023,8,August,16,Afternoon Peak,Weekday
T20230018105,2023-08-03,15:40:00,1,Collision with vehicle,4,Thursday,130,REAR END(VEHICLES IN SAME LANE),1,793246,T intersection,2,70,Arterial Other,OLD PRINCES,CARDINIA,-38.055386,145.38165,2023,8,August,15,Afternoon Peak,Weekday
T20230018084,2023-08-03,14:51:00,4,Collision with a fixed object,4,Thursday,181,OFF RIGHT BEND INTO OBJECT/PARKED VEHICLE,1,789230,Not at intersection,3,50,Local Road,NEWLANDS,MORELAND,-37.72063,144.9773,2023,8,August,14,Midday,Weekday
T20230019622,2023-08-03,15:00:00,1,Collision with vehicle,4,Thursday,113,RIGHT NEAR (INTERSECTIONS ONLY),1,715469,T intersection,3,80,Arterial Highway,MOCKRIDGE,KNOX,-37.88589,145.23305,2023,8,August,15,Afternoon Peak,Weekday
T20230018109,2023-08-03,17:45:00,1,Collision with vehicle,4,Thursday,130,REAR END(VEHICLES IN SAME LANE),2,797747,Not at intersection,3,80,Arterial Highway,DINGLEY,KINGSTON,-37.955853,145.10326,2023,8,August,17,Afternoon Peak,Weekday
T20230021869,2023-08-04,10:54:00,1,Collision with vehicle,5,Friday,136,RIGHT TURN SIDESWIPE,1,781871,Not at intersection,3,50,Local Road,HIGHLANDER,HUME,-37.567978,144.89673,2023,8,August,10,Midday,Weekday
T20230018194,2023-08-04,18:40:00,1,Collision with vehicle,5,Friday,121,RIGHT THROUGH,2,778793,Not at intersection,2,60,Arterial Other,BURKE,BOROONDARA,-37.821507,145.05858,2023,8,August,18,Afternoon Peak,Weekday
T20230018193,2023-08-04,19:22:00,1,Collision with vehicle,5,Friday,113,RIGHT NEAR (INTERSECTIONS ONLY),3,789232,T intersection,3,60,Arterial Other,ECHUCA,SHEPPARTON,-36.333263,145.31354,2023,8,August,19,Night,Weekday
T20230018536,2023-08-04,18:40:00,1,Collision with vehicle,5,Friday,113,RIGHT NEAR (INTERSECTIONS ONLY),2,43975,Cross intersection,3,60,Arterial Highway,NEPEAN,MORNINGTON PENINSULA,-38.244667,145.03752,2023,8,August,18,Afternoon Peak,Weekday
T20230018189,2023-08-04,18:59:00,1,Collision with vehicle,5,Friday,130,REAR END(VEHICLES IN SAME LANE),2,112249,Not at intersection,3,70,Arterial Other,CAMP,HUME,-37.689312,144.95532,2023,8,August,18,Afternoon Peak,Weekday
T20230018186,2023-08-04,16:40:00,1,Collision with vehicle,5,Friday,130,REAR END(VEHICLES IN SAME LANE),1,778317,Not at intersection,3,40,Local Road,HIGH,DAREBIN,-37.758137,145.00067,2023,8,August,16,Afternoon Peak,Weekday
T20230018185,2023-08-04,08:45:00,1,Collision with vehicle,5,Friday,130,REAR END(VEHICLES IN SAME LANE),2,778465,Not at intersection,3,60,Arterial Other,MORELAND,MORELAND,-37.753258,144.94559,2023,8,August,8,Morning Peak,Weekday
T20230018181,2023-08-04,14:30:00,4,Collision with a fixed object,5,Friday,179,OTHER ACCIDENTS-OFF STRAIGHT NOT INCLUDED IN DCAs 170-175,1,789235,Not at intersection,2,80,Arterial Other,DORSET,KNOX,-37.83462,145.28723,2023,8,August,14,Midday,Weekday
T20230018180,2023-08-04,15:52:00,1,Collision with vehicle,5,Friday,148,VEHICLE OFF FOOTPATH STRIKES VEH ON CARRIAGEWAY,1,781917,T intersection,2,60,Arterial Other,LINCOLN,MOONEE VALLEY,-37.75597,144.90805,2023,8,August,15,Afternoon Peak,Weekday
T20230018173,2023-08-04,06:35:00,1,Collision with vehicle,5,Friday,110,CROSS TRAFFIC(INTERSECTIONS ONLY),3,50214,Cross intersection,1,70,Arterial Highway,BELLARINE,GEELONG,-38.186886,144.4555,2023,8,August,6,Morning Peak,Weekday
T20230019486,2023-08-04,10:45:00,1,Collision with vehicle,5,Friday,132,RIGHT REAR.,1,45485,T intersection,3,60,Arterial Other,MT ALEXANDER,MOONEE VALLEY,-37.78347,144.93579,2023,8,August,10,Midday,Weekday
T20230018172,2023-08-04,11:50:00,1,Collision with vehicle,5,Friday,130,REAR END(VEHICLES IN SAME LANE),1,778555,Not at intersection,3,100,Freeway,GEELONG RING,GEELONG,-38.09049,144.32484,2023,8,August,11,Midday,Weekday
T20230018140,2023-08-04,01:15:00,1,Collision with vehicle,5,Friday,160,VEHICLE COLLIDES WITH VEHICLE PARKED ON LEFT OF ROAD,5,793132,Not at intersection,2,40,Local Road,KEPPEL,MELBOURNE,-37.79473,144.96571,2023,8,August,1,Late Night,Weekday
T20230018613,2023-08-04,12:55:00,1,Collision with vehicle,5,Friday,130,REAR END(VEHICLES IN SAME LANE),1,49934,T intersection,3,50,Arterial Highway,ABERDEEN,GEELONG,-38.147278,144.35143,2023,8,August,12,Midday,Weekday
T20230018147,2023-08-04,07:10:00,2,Struck Pedestrian,5,Friday,100,PED NEAR SIDE. PED HIT BY VEHICLE FROM THE RIGHT.,2,779709,Not at intersection,2,60,Local Road,CUTHBERTS,BALLARAT,-37.55337,143.79684,2023,8,August,7,Morning Peak,Weekday
T20230018218,2023-08-04,17:55:00,1,Collision with vehicle,5,Friday,130,REAR END(VEHICLES IN SAME LANE),2,778319,Not at intersection,3,60,Arterial Other,GAFFNEY,MORELAND,-37.73259,144.95036,2023,8,August,17,Afternoon Peak,Weekday
T20230018228,2023-08-04,19:00:00,4,Collision with a fixed object,5,Friday,171,LEFT OFF CARRIAGEWAY INTO OBJECT/PARKED VEHICLE,5,797741,Not at intersection,3,100,Local Road,ALEXANDERSONS,STRATHBOGIE,-36.848717,145.33975,2023,8,August,19,Night,Weekday
T20230018308,2023-08-04,18:00:00,2,Struck Pedestrian,5,Friday,102,FAR SIDE. PED HIT BY VEHICLE FROM THE LEFT,5,795293,Not at intersection,2,100,Arterial Other,MCEWEN,CAMPASPE,-36.317852,145.03207,2023,8,August,18,Afternoon Peak,Weekday
T20230018203,2023-08-04,21:20:00,2,Struck Pedestrian,5,Friday,100,PED NEAR SIDE. PED HIT BY VEHICLE FROM THE RIGHT.,3,778718,T intersection,1,60,Arterial Highway,BRIDGE,BENALLA,-36.555096,145.97643,2023,8,August,21,Night,Weekday
T20230018202,2023-08-04,21:35:00,1,Collision with vehicle,5,Friday,135,LANE CHANGE LEFT (NOT OVERTAKING),3,37602,T intersection,2,40,Local Road,DOMAIN,MELBOURNE,-37.83391,144.98071,2023,8,August,21,Night,Weekday
T20230018196,2023-08-04,16:40:00,1,Collision with vehicle,5,Friday,130,REAR END(VEHICLES IN SAME LANE),1,782377,Not at intersection,3,90,Arterial Highway,DANDENONG-HASTINGS,CASEY,-38.05779,145.24345,2023,8,August,16,Afternoon Peak,Weekday