ACCIDENT_NO,ACCIDENT_DATE,ACCIDENT_TIME,ACCIDENT_TYPE,ACCIDENT_TYPE_DESC,DAY_OF_WEEK,DAY_WEEK_DESC,DCA_CODE,DCA_DESC,LIGHT_CONDITION,NODE_ID,ROAD_GEOMETRY_DESC,SEVERITY,SPEED_ZONE,RMA,ROAD_NAME,LGA_NAME,LATITUDE,LONGITUDE,YEAR,MONTH,MONTH_NAME,HOUR,TIME_PERIOD,DAY_TYPE
T20230019250,2023-08-05,02:00:00,6,Vehicle overturned (no collision),6,Saturday,179,OTHER ACCIDENTS-OFF STRAIGHT NOT INCLUDED IN DCAs 170-175,6,782051,Not at intersection,3,50,Local Road,ROSE,MOONEE VALLEY,-37.747234,144.88228,2023,8,August,2,Late Night,Weekend
T20230018272,2023-08-05,18:50:00,1,Collision with vehicle,6,Saturday,119,OTHER ADJACENT (INTERSECTIONS ONLY),3,41552,T intersection,3,60,Arterial Highway,WARRIGAL,MONASH,-37.886997,145.08939,2023,8,August,18,Afternoon Peak,Weekend
T20230018229,2023-08-05,09:40:00,1,Collision with vehicle,6,Saturday,121,RIGHT THROUGH,1,38482,Cross intersection,2,50,Arterial Highway,MAIN,YARRA RANGES,-37.757526,145.35483,2023,8,August,9,Morning Peak,Weekend
T20230018260,2023-08-05,12:40:00,2,Struck Pedestrian,6,Saturday,102,FAR SIDE. PED HIT BY VEHICLE FROM THE LEFT,1,40007,Not at intersection,3,60,Arterial Other,MELBOURNE,HOBSONS BAY,-37.856316,144.89249,2023,8,August,12,Midday,Weekend
T20230018259,2023-08-05,15:55:00,4,Collision with a fixed object,6,Saturday,179,OTHER ACCIDENTS-OFF STRAIGHT NOT INCLUDED IN DCAs 170-175,1,789262,T intersection,2,60,Arterial Highway,NUMURKAH,SHEPPARTON,-36.36016,145.40227,2023,8,August,15,Afternoon Peak,Weekend
T20230018257,2023-08-05,15:23:00,7,Fall from or in moving vehicle,6,Saturday,190,FELL IN/FROM VEHICLE,1,780919,Not at intersection,2,50,Local Road,COWRIE,SURF COAST,-38.324688,144.32364,2023,8,August,15,Afternoon Peak,Weekend
T20230018252,2023-08-05,14:24:00,4,Collision with a fixed object,6,Saturday,171,LEFT OFF CARRIAGEWAY INTO OBJECT/PARKED VEHICLE,1,778803,Not at intersection,2,100,Arterial Highway,MIDLAND,SHEPPARTON,-36.418262,145.63441,2023,8,August,14,Midday,Weekend
T20230018243,2023-08-05,11:00:00,8,No collision and no object struck,6,Saturday,174,OUT OF CONTROL ON CARRIAGEWAY (ON STRAIGHT),1,778678,Not at intersection,2,100,Local Road,NILLAHCOOTIE,BENALLA,-36.85161,145.97,2023,8,August,11,Midday,Weekend
T20230018271,2023-08-05,20:15:00,1,Collision with vehicle,6,Saturday,110,CROSS TRAFFIC(INTERSECTIONS ONLY),3,277173,Cross intersection,3,100,Arterial Highway,BUNGOWER ROAD -MOOROODUC,MORNINGTON PENINSULA,-38.23094,145.09338,2023,8,August,20,Night,Weekend
T20230018305,2023-08-05,15:40:00,1,Collision with vehicle,6,Saturday,130,REAR END(VEHICLES IN SAME LANE),1,43874,Cross intersection,2,60,Arterial Highway,DANDENONG-HASTINGS,FRANKSTON,-38.107105,145.23355,2023,8,August,15,Afternoon Peak,Weekend
T20230018250,2023-08-05,14:30:00,6,Vehicle overturned (no collision),6,Saturday,172,OFF CARRIAGEWAY TO RIGHT,1,374,Cross intersection,2,60,Arterial Highway,QUEENS,PORT PHILLIP,-37.84823,144.97752,2023,8,August,14,Midday,Weekend
T20230018238,2023-08-05,11:30:00,1,Collision with vehicle,6,Saturday,110,CROSS TRAFFIC(INTERSECTIONS ONLY),1,306931,Cross intersection,3,60,Arterial Other,HIGH,MITCHELL,-37.204235,145.04755,2023,8,August,11,Midday,Weekend
T20230019612,2023-08-05,10:40:00,4,Collision with a fixed object,6,Saturday,171,LEFT OFF CARRIAGEWAY INTO OBJECT/PARKED VEHICLE,1,789251,Not at intersection,3,70,Arterial Other,PAKENHAM,CARDINIA,-37.94877,145.50183,2023,8,August,10,Midday,Weekend
T20230018286,2023-08-05,16:09:00,1,Collision with vehicle,6,Saturday,120,HEAD ON (NOT OVERTAKING),1,793435,Not at intersection,1,60,Arterial Other,WILTSHIRE,BALLARAT,-37.58364,143.80772,2023,8,August,16,Afternoon Peak,Weekend
T20230018778,2023-08-05,20:05:00,1,Collision with vehicle,6,Saturday,121,RIGHT THROUGH,3,279268,T intersection,3,70,Arterial Other,GRUBB,GEELONG,-38.239487,144.53922,2023,8,August,20,Night,Weekend
T20230018273,2023-08-05,19:57:00,1,Collision with vehicle,6,Saturday,140,U TURN,2,778399,Not at intersection,3,60,Arterial Other,ST KILDA,MELBOURNE,-37.826923,144.9714,2023,8,August,19,Night,Weekend
T20230018275,2023-08-05,21:20:00,1,Collision with vehicle,6,Saturday,110,CROSS TRAFFIC(INTERSECTIONS ONLY),5,61007,Cross intersection,2,50,Local Road,SAYLE,BALLARAT,-37.585175,143.84283,2023,8,August,21,Night,Weekend
T20230018281,2023-08-05,22:00:00,1,Collision with vehicle,6,Saturday,110,CROSS TRAFFIC(INTERSECTIONS ONLY),3,54959,Cross intersection,2,60,Arterial Other,RUSHWORTH-TATURA,CAMPASPE,-36.58538,145.01762,2023,8,August,22,Night,Weekend
T20230018283,2023-08-05,23:47:00,1,Collision with vehicle,6,Saturday,160,VEHICLE COLLIDES WITH VEHICLE PARKED ON LEFT OF ROAD,3,793128,Not at intersection,2,60,Arterial Other,MCCORMICK,CAMPASPE,-36.30793,145.03389,2023,8,August,23,Night,Weekend
T20230018290,2023-08-05,23:20:00,2,Struck Pedestrian,6,Saturday,102,FAR SIDE. PED HIT BY VEHICLE FROM THE LEFT,5,778679,Not at intersection,2,60,Local Road,CENTRE,CASEY,-38.047695,145.30942,2023,8,August,23,Night,Weekend
T20230018397,2023-08-05,09:05:00,1,Collision with vehicle,6,Saturday,121,RIGHT THROUGH,1,38731,Cross intersection,3,70,Arterial Highway,PLENTY,WHITTLESEA,-37.68831,145.06625,2023,8,August,9,Morning Peak,Weekend
T20230018234,2023-08-05,12:30:00,1,Collision with vehicle,6,Saturday,121,RIGHT THROUGH,1,779880,Cross intersection,2,60,Arterial Other,FRANKSTON-FLINDERS,MORNINGTON PENINSULA,-38.28543,145.18837,2023,8,August,12,Midday,Weekend
T20230018294,2023-08-05,13:50:00,1,Collision with vehicle,6,Saturday,113,RIGHT NEAR (INTERSECTIONS ONLY),1,780921,T intersection,2,80,Arterial Highway,FRANKSTON-DANDENONG ROAD SERVICE,FRANKSTON,-38.113255,145.15657,2023,8,August,13,Midday,Weekend
T20240001420,2023-08-05,11:30:00,4,Collision with a fixed object,6,Saturday,171,LEFT OFF CARRIAGEWAY INTO OBJECT/PARKED VEHICLE,1,797674,Not at intersection,3,80,Local Road,BURNS,BENDIGO,-36.80026,144.27472,2023,8,August,11,Midday,Weekend
T20230018219,2023-08-05,06:35:00,1,Collision with vehicle,6,Saturday,139,OTHER SAME DIRECTION-MANOUEVRES NOT INCLUDED IN DCAs 130-137,2,779995,Not at intersection,2,100,Freeway,PRINCES,CARDINIA,-38.07045,145.38507,2023,8,August,6,Morning Peak,Weekend
T20230018225,2023-08-05,10:30:00,1,Collision with vehicle,6,Saturday,121,RIGHT THROUGH,1,51538,Cross intersection,2,60,Local Road,KOOKABURRA,BENDIGO,-36.736755,144.27776,2023,8,August,10,Midday,Weekend
T20230018267,2023-08-05,19:10:00,1,Collision with vehicle,6,Saturday,121,RIGHT THROUGH,3,1289,T intersection,2,60,Arterial Other,BUCKLEY,MOONEE VALLEY,-37.754986,144.89891,2023,8,August,19,Night,Weekend
T20230019230,2023-08-05,10:50:00,1,Collision with vehicle,6,Saturday,110,CROSS TRAFFIC(INTERSECTIONS ONLY),1,64228,Cross intersection,3,50,Local Road,PHOENIX,BRIMBANK,-37.77588,144.83492,2023,8,August,10,Midday,Weekend
T20230018326,2023-08-06,15:15:00,1,Collision with vehicle,7,Sunday,130,REAR END(VEHICLES IN SAME LANE),1,798092,Not at intersection,3,60,Arterial Other,BLACKBURN,MONASH,-37.880527,145.14682,2023,8,August,15,Afternoon Peak,Weekend
T20230018328,2023-08-06,18:00:00,2,Struck Pedestrian,7,Sunday,101,PED EMERGES FROM IN FRONT OF PARKED OR STATIONARY VEHICLE,3,231151,Cross intersection,3,40,Local Road,BIG MUSTER,ALPINE,-37.024326,147.24184,2023,8,August,18,Afternoon Peak,Weekend
T20230019052,2023-08-06,07:00:00,4,Collision with a fixed object,7,Sunday,171,LEFT OFF CARRIAGEWAY INTO OBJECT/PARKED VEHICLE,1,778930,Not at intersection,3,60,Local Road,STINTONS,MANNINGHAM,-37.772114,145.20042,2023,8,August,7,Morning Peak,Weekend
T20230018331,2023-08-06,18:35:00,1,Collision with vehicle,7,Sunday,121,RIGHT THROUGH,3,51141,T intersection,3,60,Arterial Highway,GOULBURN VALLEY,SHEPPARTON,-36.40894,145.39331,2023,8,August,18,Afternoon Peak,Weekend
T20230018315,2023-08-06,11:33:00,1,Collision with vehicle,7,Sunday,140,U TURN,1,790639,Not at intersection,2,60,Arterial Other,RALEIGH,MARIBYRNONG,-37.769264,144.89459,2023,8,August,11,Midday,Weekend
T20230018302,2023-08-06,08:51:00,1,Collision with vehicle,7,Sunday,110,CROSS TRAFFIC(INTERSECTIONS ONLY),1,36835,Cross intersection,3,40,Arterial Other,KING,MELBOURNE,-37.814426,144.95482,2023,8,August,8,Morning Peak,Weekend
T20230019205,2023-08-06,01:00:00,8,No collision and no object struck,7,Sunday,179,OTHER ACCIDENTS-OFF STRAIGHT NOT INCLUDED IN DCAs 170-175,9,37204,T intersection,3,50,Arterial Other,CHURCH,YARRA,-37.82098,144.99875,2023,8,August,1,Late Night,Weekend
T20230018336,2023-08-06,18:24:00,1,Collision with vehicle,7,Sunday,121,RIGHT THROUGH,2,694672,Not at intersection,3,60,Arterial Other,BEACONSFIELD,PORT PHILLIP,-37.848026,144.94911,2023,8,August,18,Afternoon Peak,Weekend
T20230018406,2023-08-06,21:57:00,2,Struck Pedestrian,7,Sunday,101,PED EMERGES FROM IN FRONT OF PARKED OR STATIONARY VEHICLE,3,778403,Not at intersection,3,50,Local Road,IRELAND,MELBOURNE,-37.806526,144.94272,2023,8,August,21,Night,Weekend
T20230018338,2023-08-06,19:00:00,1,Collision with vehicle,7,Sunday,121,RIGHT THROUGH,2,355948,Not at intersection,2,70,Arterial Highway,SPRINGVALE,DANDENONG,-37.93526,145.15527,2023,8,August,19,Night,Weekend
T20230018342,2023-08-06,18:50:00,1,Collision with vehicle,7,Sunday,160,VEHICLE COLLIDES WITH VEHICLE PARKED ON LEFT OF ROAD,2,778619,Not at intersection,3,50,Local Road,AVONHURST,MONASH,-37.89843,145.1476,2023,8,August,18,Afternoon Peak,Weekend
T20230018324,2023-08-06,10:30:00,1,Collision with vehicle,7,Sunday,120,HEAD ON (NOT OVERTAKING),1,789257,Not at intersection,3,60,Arterial Other,HEATHERTON,KINGSTON,-37.95986,145.13129,2023,8,August,10,Midday,Weekend
T20230018374,2023-08-06,07:30:00,4,Collision with a fixed object,7,Sunday,171,LEFT OFF CARRIAGEWAY INTO OBJECT/PARKED VEHICLE,2,782049,Not at intersection,2,100,Arterial Highway,MCIVOR,BENDIGO,-36.774185,144.43166,2023,8,August,7,Morning Peak,Weekend
T20230018343,2023-08-06,20:05:00,2,Struck Pedestrian,7,Sunday,109,ANY MANOEUVRE INVOLVING PED NOT INCLUDED IN DCAs 100-108.,5,779711,Not at intersection,2,50,Local Road,NELSON,BALLARAT,-37.609062,143.83803,2023,8,August,20,Night,Weekend
T20230018344,2023-08-06,21:00:00,4,Collision with a fixed object,7,Sunday,175,OFF END OF ROAD/T-INTERSECTION.,5,793127,T intersection,3,80,Local Road,AMESS,MACEDON RANGES,-37.457607,144.71184,2023,8,August,21,Night,Weekend
T20230018346,2023-08-06,18:42:00,4,Collision with a fixed object,7,Sunday,171,LEFT OFF CARRIAGEWAY INTO OBJECT/PARKED VEHICLE,3,779327,Not at intersection,2,60,Local Road,JETTY,MORNINGTON PENINSULA,-38.35853,144.90912,2023,8,August,18,Afternoon Peak,Weekend
T20230018356,2023-08-06,10:15:00,1,Collision with vehicle,7,Sunday,120,HEAD ON (NOT OVERTAKING),1,778402,Not at intersection,3,60,Local Road,MONT ALBERT,BOROONDARA,-37.820244,145.09648,2023,8,August,10,Midday,Weekend
T20230018522,2023-08-06,11:30:00,6,Vehicle overturned (no collision),7,Sunday,174,OUT OF CONTROL ON CARRIAGEWAY (ON STRAIGHT),1,778560,Not at intersection,3,100,Local Road,MARGINAL,MURRINDINDI,-37.46437,145.45622,2023,8,August,11,Midday,Weekend
T20230018918,2023-08-06,18:37:00,1,Collision with vehicle,7,Sunday,121,RIGHT THROUGH,2,277152,T intersection,3,60,Arterial Highway,KINGS,PORT PHILLIP,-37.829544,144.96378,2023,8,August,18,Afternoon Peak,Weekend
T20230018353,2023-08-06,23:18:00,4,Collision with a fixed object,7,Sunday,171,LEFT OFF CARRIAGEWAY INTO OBJECT/PARKED VEHICLE,5,778659,Not at intersection,1,80,Local Road,LONGWARRY,BAW BAW,-38.12402,145.83353,2023,8,August,23,Night,Weekend
T20230022236,2023-08-06,20:00:00,1,Collision with vehicle,7,Sunday,120,HEAD ON (NOT OVERTAKING),3,781440,Not at intersection,3,50,Local Road,BROADMEADOWS,HUME,-37.7013,144.87987,2023,8,August,20,Night,Weekend
T20230018287,2023-08-06,03:00:00,4,Collision with a fixed object,7,Sunday,171,LEFT OFF CARRIAGEWAY INTO OBJECT/PARKED VEHICLE,3,778400,Not at intersection,2,60,Local Road,MAFFRA,HUME,-37.662914,144.94186,2023,8,August,3,Late Night,Weekend
T20230018288,2023-08-06,02:20:00,5,collision with some other object,7,Sunday,166,STRUCK OBJECT ON CARRIAGEWAY,3,780920,Not at intersection,2,40,Arterial Other,BRIDGE,YARRA,-37.81792,144.9933,2023,8,August,2,Late Night,Weekend
T20230018409,2023-08-06,10:30:00,1,Collision with vehicle,7,Sunday,130,REAR END(VEHICLES IN SAME LANE),1,778404,Not at intersection,3,40,Arterial Other,JOHNSTON,YARRA,-37.799908,144.99364,2023,8,August,10,Midday,Weekend
T20230018292,2023-08-06,02:30:00,4,Collision with a fixed object,7,Sunday,173,RIGHT OFF CARRIAGEWAY INTO OBJECT/PARKED VEHICLE,3,797657,Not at intersection,3,60,Local Road,OSHEA,CASEY,-38.060078,145.33919,2023,8,August,2,Late Night,Weekend
T20230018429,2023-08-06,14:30:00,1,Collision with vehicle,7,Sunday,130,REAR END(VEHICLES IN SAME LANE),1,48321,T intersection,3,60,Local Road,CLOW,DANDENONG,-37.985382,145.21873,2023,8,August,14,Midday,Weekend
T20230018323,2023-08-06,15:36:00,4,Collision with a fixed object,7,Sunday,171,LEFT OFF CARRIAGEWAY INTO OBJECT/PARKED VEHICLE,1,789253,Not at intersection,3,80,Arterial Other,TRARALGON CREEK,LATROBE,-38.260113,146.54694,2023,8,August,15,Afternoon Peak,Weekend
T20230018316,2023-08-06,11:41:00,4,Collision with a fixed object,7,Sunday,173,RIGHT OFF CARRIAGEWAY INTO OBJECT/PARKED VEHICLE,1,789255,Not at intersection,3,40,Local Road,LYGON,MELBOURNE,-37.802258,144.96666,2023,8,August,11,Midday,Weekend
T20230018297,2023-08-06,02:09:00,2,Struck Pedestrian,7,Sunday,103,PED PLAYING/LYING/WORKING/STANDING ON CARRIAGEWAY.,3,46289,T intersection,2,50,Local Road,GLENELG,HUME,-37.65387,144.93475,2023,8,August,2,Late Night,Weekend
T20230022503,2023-08-07,08:45:00,1,Collision with vehicle,1,Monday,121,RIGHT THROUGH,1,38671,T intersection,3,60,Arterial Other,WILLIAMSTOWN,MARIBYRNONG,-37.822453,144.88162,2023,8,August,8,Morning Peak,Weekday
T20230018420,2023-08-07,16:45:00,1,Collision with vehicle,1,Monday,115,RIGHT/LEFT FAR (INTERSECTIONS ONLY),1,778471,T intersection,3,50,Local Road,OBRIEN,BASS COAST,-38.594296,145.60622,2023,8,August,16,Afternoon Peak,Weekday
T20230022447,2023-08-07,09:00:00,2,Struck Pedestrian,1,Monday,100,PED NEAR SIDE. PED HIT BY VEHICLE FROM THE RIGHT.,9,789409,T intersection,2,50,Local Road,QUEEN,YARRA RANGES,-37.756626,145.35985,2023,8,August,9,Morning Peak,Weekday
T20230018421,2023-08-07,21:11:00,2,Struck Pedestrian,1,Monday,102,FAR SIDE. PED HIT BY VEHICLE FROM THE LEFT,6,685656,T intersection,2,60,Local Road,SPRINGFIELD,WHITEHORSE,-37.8093,145.142,2023,8,August,21,Night,Weekday
T20230018563,2023-08-07,16:35:00,1,Collision with vehicle,1,Monday,130,REAR END(VEHICLES IN SAME LANE),1,778623,Not at intersection,3,80,Arterial Highway,NEPEAN,GLEN EIRA,-37.895542,145.00461,2023,8,August,16,Afternoon Peak,Weekday
T20230020122,2023-08-07,05:45:00,6,Vehicle overturned (no collision),1,Monday,174,OUT OF CONTROL ON CARRIAGEWAY (ON STRAIGHT),3,198777,Not at intersection,2,60,Arterial Other,BALLARAT,MARIBYRNONG,-37.77922,144.8476,2023,8,August,5,Morning Peak,Weekday
T20230018400,2023-08-07,16:22:00,1,Collision with vehicle,1,Monday,113,RIGHT NEAR (INTERSECTIONS ONLY),1,1344,T intersection,3,60,Arterial Other,MT ALEXANDER,MOONEE VALLEY,-37.781174,144.93254,2023,8,August,16,Afternoon Peak,Weekday
T20230020760,2023-08-07,11:02:00,1,Collision with vehicle,1,Monday,135,LANE CHANGE LEFT (NOT OVERTAKING),1,789288,Not at intersection,3,100,Freeway,MONASH,MONASH,-37.933586,145.19002,2023,8,August,11,Midday,Weekday
T20230018394,2023-08-07,16:04:00,1,Collision with vehicle,1,Monday,147,VEHICLE STRIKES ANOTHER VEH WHILE EMERGING FROM DRIVEWAY,1,782921,Not at intersection,3,60,Local Road,BENNET,DANDENONG,-37.987957,145.19933,2023,8,August,16,Afternoon Peak,Weekday
T20230018393,2023-08-07,10:45:00,2,Struck Pedestrian,1,Monday,108,PED STRUCK WALKING TO/FROM OR BOARDING/ALIGHTING VEHICLE.,1,798500,Cross intersection,2,60,Arterial Highway,KINGS,PORT PHILLIP,-37.82957,144.9638,2023,8,August,10,Midday,Weekday
T20230018392,2023-08-07,13:30:00,4,Collision with a fixed object,1,Monday,173,RIGHT OFF CARRIAGEWAY INTO OBJECT/PARKED VEHICLE,1,793126,Not at intersection,2,100,Arterial Highway,WIMMERA,NORTHERN GRAMPIANS,-36.625782,143.33597,2023,8,August,13,Midday,Weekday
T20230018391,2023-08-07,13:10:00,8,No collision and no object struck,1,Monday,174,OUT OF CONTROL ON CARRIAGEWAY (ON STRAIGHT),1,790416,T intersection,2,50,Arterial Other,NELSON,HINDMARSH,-36.332893,141.64783,2023,8,August,13,Midday,Weekday
T20230018389,2023-08-07,15:37:00,6,Vehicle overturned (no collision),1,Monday,184,OUT OF CONTROL ON CARRIAGEWAY (ON BEND),1,789405,Not at intersection,3,50,Arterial Other,CRANBOURNE,FRANKSTON,-38.146133,145.1252,2023,8,August,15,Afternoon Peak,Weekday
T20230018388,2023-08-07,12:45:00,4,Collision with a fixed object,1,Monday,183,OFF LEFT BEND INTO OBJECT/PARKED VEHICLE,1,793125,Not at intersection,2,100,Freeway,EASTLINK,DANDENONG,-38.025555,145.18918,2023,8,August,12,Midday,Weekday
T20230018386,2023-08-07,14:40:00,1,Collision with vehicle,1,Monday,121,RIGHT THROUGH,1,899,Cross intersection,3,80,Arterial Highway,FRANKSTON-DANDENONG,FRANKSTON,-38.08594,145.1834,2023,8,August,14,Midday,Weekday
T20230018378,2023-08-07,13:40:00,1,Collision with vehicle,1,Monday,130,REAR END(VEHICLES IN SAME LANE),1,797807,Cross intersection,3,70,Arterial Highway,RAGLAN,WARRNAMBOOL,-38.369724,142.46858,2023,8,August,13,Midday,Weekday
T20230018410,2023-08-07,15:55:00,4,Collision with a fixed object,1,Monday,173,RIGHT OFF CARRIAGEWAY INTO OBJECT/PARKED VEHICLE,1,779286,Not at intersection,1,90,Arterial Highway,PRINCES,MOYNE,-38.260597,141.93465,2023,8,August,15,Afternoon Peak,Weekday
T20230018368,2023-08-07,07:00:00,1,Collision with vehicle,1,Monday,110,CROSS TRAFFIC(INTERSECTIONS ONLY),1,222041,Multiple intersection,2,90,Freeway,PENINSULA LINK,MORNINGTON PENINSULA,-38.37029,144.90863,2023,8,August,7,Morning Peak,Weekday
T20230018366,2023-08-07,11:15:00,2,Struck Pedestrian,1,Monday,106,VEH STRIKES PED ON FOOTPATH/MEDIAN/TRAFFIC ISLAND.,1,797808,Not at intersection,3,50,Local Road,DOUGLAS,HOBSONS BAY,-37.856773,144.89767,2023,8,August,11,Midday,Weekday
T20230018365,2023-08-07,10:37:00,1,Collision with vehicle,1,Monday,120,HEAD ON (NOT OVERTAKING),1,778708,Not at intersection,3,60,Local Road,FRANKSTON GARDENS,FRANKSTON,-38.0918,145.16287,2023,8,August,10,Midday,Weekday
T20230018359,2023-08-07,07:10:00,4,Collision with a fixed object,1,Monday,171,LEFT OFF CARRIAGEWAY INTO OBJECT/PARKED VEHICLE,1,778802,Not at intersection,2,100,Arterial Other,BENDIGO-MALDON,BENDIGO,-36.885094,144.14392,2023,8,August,7,Morning Peak,Weekday
T20230019201,2023-08-07,15:20:00,1,Collision with vehicle,1,Monday,130,REAR END(VEHICLES IN SAME LANE),1,61822,T intersection,3,60,Arterial Other,MICKLEHAM,HUME,-37.693287,144.88135,2023,8,August,15,Afternoon Peak,Weekday
T20230018688,2023-08-07,18:08:00,1,Collision with vehicle,1,Monday,111,RIGHT FAR (INTERSECTIONS ONLY),3,40417,T intersection,2,60,Arterial Other,BURKE,BOROONDARA,-37.842247,145.05464,2023,8,August,18,Afternoon Peak,Weekday
T20230018430,2023-08-07,22:29:00,1,Collision with vehicle,1,Monday,130,REAR END(VEHICLES IN SAME LANE),3,780393,Not at intersection,2,60,Arterial Other,HALLAM SOUTH,CASEY,-38.009506,145.2727,2023,8,August,22,Night,Weekday
T20230018630,2023-08-07,17:45:00,8,No collision and no object struck,1,Monday,174,OUT OF CONTROL ON CARRIAGEWAY (ON STRAIGHT),2,778685,Not at intersection,2,60,Arterial Other,MOUNTAIN,KNOX,-37.847816,145.30437,2023,8,August,17,Afternoon Peak,Weekday
T20230018633,2023-08-07,09:29:00,1,Collision with vehicle,1,Monday,121,RIGHT THROUGH,1,779069,Not at intersection,3,80,Arterial Other,DOHERTYS ROAD -FITZGERALD,WYNDHAM,-37.827953,144.78537,2023,8,August,9,Morning Peak,Weekday
T20230018642,2023-08-07,16:10:00,1,Collision with vehicle,1,Monday,121,RIGHT THROUGH,1,37036,Cross intersection,3,40,Local Road,ALBERT,MELBOURNE,-37.810997,144.98877,2023,8,August,16,Afternoon Peak,Weekday
T20230018754,2023-08-07,02:00:00,7,Fall from or in moving vehicle,1,Monday,190,FELL IN/FROM VEHICLE,3,778836,Not at intersection,3,50,Local Road,HANDLEY,WANGARATTA,-36.361183,146.3142,2023,8,August,2,Late Night,Weekday
T20230018434,2023-08-07,22:21:00,2,Struck Pedestrian,1,Monday,101,PED EMERGES FROM IN FRONT OF PARKED OR STATIONARY VEHICLE,3,778472,Not at intersection,2,50,Local Road,PATERSON,CASEY,-38.05341,145.25146,2023,8,August,22,Night,Weekday
T20230019475,2023-08-07,06:55:00,1,Collision with vehicle,1,Monday,110,CROSS TRAFFIC(INTERSECTIONS ONLY),2,626959,Cross intersection,3,70,Arterial Other,BOUNDARY ROAD -ROBINSONS,MELTON,-37.81025,144.75085,2023,8,August,6,Morning Peak,Weekday
T20230018402,2023-08-07,17:21:00,2,Struck Pedestrian,1,Monday,107,PED ON FOOTHPATH STRUCK BY VEHENTERING/LEAVING DRIVEWAY.,1,778800,Not at intersection,2,50,Local Road,KOOBUSH,WHITTLESEA,-37.62074,145.03291,2023,8,August,17,Afternoon Peak,Weekday
T20230018419,2023-08-07,19:19:00,1,Collision with vehicle,1,Monday,121,RIGHT THROUGH,2,29895,Y intersection,2,60,Arterial Other,ORFORD STREET -WAVERLEY,MOONEE VALLEY,-37.7664,144.90552,2023,8,August,19,Night,Weekday
T20230018678,2023-08-07,18:20:00,1,Collision with vehicle,1,Monday,130,REAR END(VEHICLES IN SAME LANE),2,779170,Not at intersection,3,60,Arterial Other,MIDDLEBOROUGH,WHITEHORSE,-37.836155,145.13528,2023,8,August,18,Afternoon Peak,Weekday
T20230018411,2023-08-07,17:30:00,1,Collision with vehicle,1,Monday,121,RIGHT THROUGH,2,46502,T intersection,3,60,Arterial Other,BAYSWATER,MAROONDAH,-37.818882,145.26909,2023,8,August,17,Afternoon Peak,Weekday
T20230018413,2023-08-07,16:16:00,1,Collision with vehicle,1,Monday,113,RIGHT NEAR (INTERSECTIONS ONLY),1,595601,T intersection,3,60,Local Road,PATTERSONS,CASEY,-38.119232,145.33122,2023,8,August,16,Afternoon Peak,Weekday
T20230018415,2023-08-07,17:05:00,4,Collision with a fixed object,1,Monday,146,REVERSING INTO FIXED OBJECT/PARKED VEHICLE,3,793116,Not at intersection,2,50,Local Road,PIONEER,TOWONG,-36.201256,147.89299,2023,8,August,17,Afternoon Peak,Weekday
T20230018358,2023-08-07,07:26:00,1,Collision with vehicle,1,Monday,110,CROSS TRAFFIC(INTERSECTIONS ONLY),1,36819,Cross intersection,3,60,Arterial Other,SPENCER,MELBOURNE,-37.811047,144.95044,2023,8,August,7,Morning Peak,Weekday
T20230018519,2023-08-08,14:20:00,1,Collision with vehicle,2,Tuesday,160,VEHICLE COLLIDES WITH VEHICLE PARKED ON LEFT OF ROAD,1,779237,Not at intersection,3,60,Local Road,PRINCES,BAW BAW,-38.207726,146.15681,2023,8,August,14,Midday,Weekday
T20230018950,2023-08-08,05:30:00,1,Collision with vehicle,2,Tuesday,140,U TURN,2,25256,Cross intersection,3,80,Arterial Other,PRINCES,CARDINIA,-38.061775,145.45534,2023,8,August,5,Morning Peak,Weekday
T20230018487,2023-08-08,15:08:00,5,collision with some other object,2,Tuesday,166,STRUCK OBJECT ON CARRIAGEWAY,1,780028,Not at intersection,2,100,Arterial Other,CARRAJUNG-WOODSIDE,WELLINGTON,-38.3793,146.7865,2023,8,August,15,Afternoon Peak,Weekday
T20230018504,2023-08-08,18:15:00,1,Collision with vehicle,2,Tuesday,130,REAR END(VEHICLES IN SAME LANE),3,779164,Not at intersection,2,100,Freeway,MONASH,MONASH,-37.911247,145.16426,2023,8,August,18,Afternoon Peak,Weekday
T20230018435,2023-08-08,00:40:00,1,Collision with vehicle,2,Tuesday,110,CROSS TRAFFIC(INTERSECTIONS ONLY),3,289584,Cross intersection,3,80,Arterial Highway,DANDENONG,DANDENONG,-38.00295,145.20798,2023,8,August,0,Late Night,Weekday
T20230021983,2023-08-08,06:40:00,1,Collision with vehicle,2,Tuesday,130,REAR END(VEHICLES IN SAME LANE),9,789411,Not at intersection,3,80,Freeway,EASTERN,WHITEHORSE,-37.7972,145.12953,2023,8,August,6,Morning Peak,Weekday
T20230018462,2023-08-08,08:20:00,4,Collision with a fixed object,2,Tuesday,171,LEFT OFF CARRIAGEWAY INTO OBJECT/PARKED VEHICLE,1,797938,Not at intersection,3,100,Local Road,EURAMBEEN-STREATHAM,ARARAT,-37.55542,143.17204,2023,8,August,8,Morning Peak,Weekday
T20230018469,2023-08-08,10:26:00,4,Collision with a fixed object,2,Tuesday,171,LEFT OFF CARRIAGEWAY INTO OBJECT/PARKED VEHICLE,1,778475,T intersection,3,50,Local Road,CANNING,MELBOURNE,-37.7956,144.94017,2023,8,August,10,Midday,Weekday
T20230019104,2023-08-08,20:30:00,1,Collision with vehicle,2,Tuesday,130,REAR END(VEHICLES IN SAME LANE),3,44309,Cross intersection,3,60,Arterial Other,SAYERS,WYNDHAM,-37.850533,144.70634,2023,8,August,20,Night,Weekday