ACCIDENT_NO,ACCIDENT_DATE,ACCIDENT_TIME,ACCIDENT_TYPE,ACCIDENT_TYPE_DESC,DAY_OF_WEEK,DAY_WEEK_DESC,DCA_CODE,DCA_DESC,LIGHT_CONDITION,NODE_ID,ROAD_GEOMETRY_DESC,SEVERITY,SPEED_ZONE,RMA,ROAD_NAME,LGA_NAME,LATITUDE,LONGITUDE,YEAR,MONTH,MONTH_NAME,HOUR,TIME_PERIOD,DAY_TYPE
T20230018471,2023-08-08,09:18:00,1,Collision with vehicle,2,Tuesday,116,LEFT NEAR (INTERSECTIONS ONLY),1,29689,T intersection,2,60,Arterial Highway,BELL,MORELAND,-37.73979,144.95117,2023,8,August,9,Morning Peak,Weekday
T20230018488,2023-08-08,16:40:00,1,Collision with vehicle,2,Tuesday,135,LANE CHANGE LEFT (NOT OVERTAKING),1,797832,Not at intersection,3,100,Freeway,MONASH,DANDENONG,-37.93909,145.19736,2023,8,August,16,Afternoon Peak,Weekday
T20230018493,2023-08-08,15:27:00,1,Collision with vehicle,2,Tuesday,130,REAR END(VEHICLES IN SAME LANE),1,780187,Not at intersection,3,100,Freeway,PRINCES,CASEY,-38.042305,145.3359,2023,8,August,15,Afternoon Peak,Weekday
T20230018687,2023-08-08,17:45:00,1,Collision with vehicle,2,Tuesday,130,REAR END(VEHICLES IN SAME LANE),2,778709,Not at intersection,3,60,Arterial Highway,DANDENONG,MONASH,-37.921844,145.13924,2023,8,August,17,Afternoon Peak,Weekday
T20230018632,2023-08-08,15:30:00,8,No collision and no object struck,2,Tuesday,174,OUT OF CONTROL ON CARRIAGEWAY (ON STRAIGHT),1,782491,Cross intersection,2,60,Local Road,BRAUND,GEELONG,-38.09794,144.32887,2023,8,August,15,Afternoon Peak,Weekday
T20230018495,2023-08-08,17:30:00,1,Collision with vehicle,2,Tuesday,120,HEAD ON (NOT OVERTAKING),2,779526,Not at intersection,3,80,Arterial Other,DROUIN-WARRAGUL,BAW BAW,-38.11627,145.84056,2023,8,August,17,Afternoon Peak,Weekday
T20230018496,2023-08-08,19:10:00,2,Struck Pedestrian,2,Tuesday,102,FAR SIDE. PED HIT BY VEHICLE FROM THE LEFT,3,35525,Cross intersection,3,60,Arterial Other,HIGHBURY,MONASH,-37.857563,145.13144,2023,8,August,19,Night,Weekday
T20230018439,2023-08-08,06:28:00,1,Collision with vehicle,2,Tuesday,130,REAR END(VEHICLES IN SAME LANE),2,797831,Not at intersection,3,100,Freeway,FORSYTH-PRINCES IN,WYNDHAM,-37.873188,144.73737,2023,8,August,6,Morning Peak,Weekday
T20230018442,2023-08-08,08:00:00,4,Collision with a fixed object,2,Tuesday,171,LEFT OFF CARRIAGEWAY INTO OBJECT/PARKED VEHICLE,2,778473,Not at intersection,3,100,Arterial Highway,NORTHERN,MITCHELL,-37.088463,144.83813,2023,8,August,8,Morning Peak,Weekday
T20230018539,2023-08-08,08:00:00,1,Collision with vehicle,2,Tuesday,130,REAR END(VEHICLES IN SAME LANE),2,780465,Not at intersection,3,40,Arterial Other,SPENCER,MELBOURNE,-37.814594,144.95209,2023,8,August,8,Morning Peak,Weekday
T20230018499,2023-08-08,18:19:00,1,Collision with vehicle,2,Tuesday,130,REAR END(VEHICLES IN SAME LANE),2,779163,Not at intersection,2,70,Arterial Other,MT DANDENONG,MAROONDAH,-37.800762,145.26385,2023,8,August,18,Afternoon Peak,Weekday
T20230018507,2023-08-08,19:01:00,1,Collision with vehicle,2,Tuesday,133,LANE SIDE SWIPE (VEHICLES IN PARALLEL LANES),3,789416,Cross intersection,3,80,Arterial Highway,DANDENONG,MONASH,-37.91437,145.12689,2023,8,August,19,Night,Weekday
T20230018885,2023-08-08,13:30:00,1,Collision with vehicle,2,Tuesday,130,REAR END(VEHICLES IN SAME LANE),1,779127,Not at intersection,3,100,Freeway,MONASH OUT-SOUTH GIPPSLAND OUT,CASEY,-37.992954,145.2544,2023,8,August,13,Midday,Weekday
T20230018450,2023-08-08,09:10:00,1,Collision with vehicle,2,Tuesday,113,RIGHT NEAR (INTERSECTIONS ONLY),1,778559,T intersection,2,80,Arterial Other,ANGLESEA,SURF COAST,-38.262257,144.27425,2023,8,August,9,Morning Peak,Weekday
T20230018451,2023-08-08,08:00:00,1,Collision with vehicle,2,Tuesday,113,RIGHT NEAR (INTERSECTIONS ONLY),1,779525,T intersection,3,50,Arterial Highway,MUIR,GANNAWARRA,-35.736263,143.91805,2023,8,August,8,Morning Peak,Weekday
T20230018765,2023-08-08,22:20:00,2,Struck Pedestrian,2,Tuesday,103,PED PLAYING/LYING/WORKING/STANDING ON CARRIAGEWAY.,3,778799,Not at intersection,3,50,Local Road,BIRKDALE,SHEPPARTON,-36.426575,145.23448,2023,8,August,22,Night,Weekday
T20230019956,2023-08-08,10:45:00,1,Collision with vehicle,2,Tuesday,121,RIGHT THROUGH,1,797834,Cross intersection,3,60,Arterial Other,CHANDLER,DANDENONG,-37.974316,145.1857,2023,8,August,10,Midday,Weekday
T20230019613,2023-08-08,08:50:00,1,Collision with vehicle,2,Tuesday,111,RIGHT FAR (INTERSECTIONS ONLY),1,247559,Cross intersection,3,50,Local Road,ALLISON,WHITEHORSE,-37.806293,145.11484,2023,8,August,8,Morning Peak,Weekday
T20230018484,2023-08-08,13:00:00,4,Collision with a fixed object,2,Tuesday,171,LEFT OFF CARRIAGEWAY INTO OBJECT/PARKED VEHICLE,1,789415,Not at intersection,2,80,Freeway,WESTERN,BALLARAT,-37.55984,143.9202,2023,8,August,13,Midday,Weekday
T20230018481,2023-08-08,15:01:00,4,Collision with a fixed object,2,Tuesday,171,LEFT OFF CARRIAGEWAY INTO OBJECT/PARKED VEHICLE,1,779598,Not at intersection,3,80,Local Road,BURNT STORE,BAW BAW,-38.202087,145.85652,2023,8,August,15,Afternoon Peak,Weekday
T20230018515,2023-08-08,21:43:00,4,Collision with a fixed object,2,Tuesday,171,LEFT OFF CARRIAGEWAY INTO OBJECT/PARKED VEHICLE,3,789421,Not at intersection,3,100,Freeway,EASTLINK,DANDENONG,-38.005695,145.1903,2023,8,August,21,Night,Weekday
T20230018459,2023-08-08,10:26:00,1,Collision with vehicle,2,Tuesday,113,RIGHT NEAR (INTERSECTIONS ONLY),1,42102,T intersection,2,60,Arterial Other,BLUFF,BAYSIDE,-37.939064,145.02356,2023,8,August,10,Midday,Weekday
T20230018461,2023-08-08,08:15:00,1,Collision with vehicle,2,Tuesday,121,RIGHT THROUGH,1,66429,T intersection,3,50,Local Road,HAROLD,BOROONDARA,-37.8278,145.05502,2023,8,August,8,Morning Peak,Weekday
T20230018480,2023-08-08,13:06:00,6,Vehicle overturned (no collision),2,Tuesday,170,OFF CARRIAGEWAY TO LEFT,1,780659,Not at intersection,3,50,Local Road,PACKHAM,SHEPPARTON,-36.3613,145.39418,2023,8,August,13,Midday,Weekday
T20230018477,2023-08-08,10:47:00,2,Struck Pedestrian,2,Tuesday,102,FAR SIDE. PED HIT BY VEHICLE FROM THE LEFT,1,782922,T intersection,2,60,Arterial Other,RIDDELL,HUME,-37.57407,144.72546,2023,8,August,10,Midday,Weekday
T20230018497,2023-08-08,17:40:00,4,Collision with a fixed object,2,Tuesday,171,LEFT OFF CARRIAGEWAY INTO OBJECT/PARKED VEHICLE,5,797833,Not at intersection,3,40,Arterial Other,BOGONG HIGH PLAINS,ALPINE,-36.820404,147.22728,2023,8,August,17,Afternoon Peak,Weekday
T20230018601,2023-08-09,20:00:00,6,Vehicle overturned (no collision),3,Wednesday,182,OFF CARRIAGEWAY ON LEFT BEND,3,779783,Not at intersection,3,50,Local Road,SERENITY,HUME,-37.576817,144.91447,2023,8,August,20,Night,Weekday
T20230019146,2023-08-09,14:24:00,1,Collision with vehicle,3,Wednesday,110,CROSS TRAFFIC(INTERSECTIONS ONLY),1,51004,Cross intersection,3,50,Local Road,PERRY,WANGARATTA,-36.36296,146.3176,2023,8,August,14,Midday,Weekday
T20230018602,2023-08-09,16:30:00,1,Collision with vehicle,3,Wednesday,130,REAR END(VEHICLES IN SAME LANE),2,779361,Not at intersection,3,80,Freeway,WESTERN RING,MORELAND,-37.692112,144.95587,2023,8,August,16,Afternoon Peak,Weekday
T20230018574,2023-08-09,16:30:00,1,Collision with vehicle,3,Wednesday,121,RIGHT THROUGH,1,46278,Cross intersection,3,70,Arterial Other,BURWOOD,YARRA RANGES,-37.902218,145.33005,2023,8,August,16,Afternoon Peak,Weekday
T20230018573,2023-08-09,17:00:00,1,Collision with vehicle,3,Wednesday,148,VEHICLE OFF FOOTPATH STRIKES VEH ON CARRIAGEWAY,2,778909,Not at intersection,2,60,Arterial Other,DALTON,WHITTLESEA,-37.67922,145.03003,2023,8,August,17,Afternoon Peak,Weekday
T20230018572,2023-08-09,17:20:00,2,Struck Pedestrian,3,Wednesday,102,FAR SIDE. PED HIT BY VEHICLE FROM THE LEFT,1,39273,Cross intersection,3,60,Arterial Highway,WHITEHORSE,WHITEHORSE,-37.816826,145.11504,2023,8,August,17,Afternoon Peak,Weekday
T20230018570,2023-08-09,15:40:00,1,Collision with vehicle,3,Wednesday,132,RIGHT REAR.,1,793085,Not at intersection,2,100,Arterial Other,PENSHURST-WARRNAMBOOL,MOYNE,-37.947884,142.30382,2023,8,August,15,Afternoon Peak,Weekday
T20230019035,2023-08-09,18:00:00,1,Collision with vehicle,3,Wednesday,130,REAR END(VEHICLES IN SAME LANE),9,778928,Not at intersection,3,60,Local Road,KIDDS,CASEY,-37.987858,145.2408,2023,8,August,18,Afternoon Peak,Weekday
T20230019082,2023-08-09,16:18:00,1,Collision with vehicle,3,Wednesday,173,RIGHT OFF CARRIAGEWAY INTO OBJECT/PARKED VEHICLE,1,780753,Not at intersection,3,50,Local Road,AVONDALE,STONNINGTON,-37.856876,145.01529,2023,8,August,16,Afternoon Peak,Weekday
T20230019099,2023-08-09,11:35:00,1,Collision with vehicle,3,Wednesday,173,RIGHT OFF CARRIAGEWAY INTO OBJECT/PARKED VEHICLE,1,779043,Not at intersection,3,50,Local Road,MININDEE,WYNDHAM,-37.87434,144.6013,2023,8,August,11,Midday,Weekday
T20230019101,2023-08-09,14:40:00,5,collision with some other object,3,Wednesday,191,LOAD OR MISSILE STRUCK VEHICLE,1,800195,Not at intersection,3,100,Freeway,MONASH,STONNINGTON,-37.880024,145.08571,2023,8,August,14,Midday,Weekday
T20230019127,2023-08-09,10:20:00,1,Collision with vehicle,3,Wednesday,133,LANE SIDE SWIPE (VEHICLES IN PARALLEL LANES),1,677845,Not at intersection,3,80,Freeway,WEST GATE,MELBOURNE,-37.82731,144.9626,2023,8,August,10,Midday,Weekday
T20230019219,2023-08-09,09:00:00,1,Collision with vehicle,3,Wednesday,130,REAR END(VEHICLES IN SAME LANE),2,53339,T intersection,3,80,Arterial Highway,SPRINGVALE,WHITEHORSE,-37.824215,145.17488,2023,8,August,9,Morning Peak,Weekday
T20230018564,2023-08-09,13:37:00,1,Collision with vehicle,3,Wednesday,116,LEFT NEAR (INTERSECTIONS ONLY),1,798095,T intersection,2,70,Arterial Highway,MELBOURNE,GEELONG,-38.106247,144.3536,2023,8,August,13,Midday,Weekday
T20230018559,2023-08-09,11:10:00,6,Vehicle overturned (no collision),3,Wednesday,174,OUT OF CONTROL ON CARRIAGEWAY (ON STRAIGHT),1,39845,T intersection,2,60,Local Road,CAMBRIDGE,YARRA RANGES,-37.80148,145.33926,2023,8,August,11,Midday,Weekday
T20230020328,2023-08-09,18:10:00,1,Collision with vehicle,3,Wednesday,121,RIGHT THROUGH,2,752,T intersection,3,60,Arterial Other,ESPLANADE,BAYSIDE,-37.918888,144.98799,2023,8,August,18,Afternoon Peak,Weekday
T20230018557,2023-08-09,12:15:00,1,Collision with vehicle,3,Wednesday,121,RIGHT THROUGH,1,344220,Cross intersection,2,60,Arterial Other,MELTON,BRIMBANK,-37.697227,144.78122,2023,8,August,12,Midday,Weekday
T20230018555,2023-08-09,11:17:00,1,Collision with vehicle,3,Wednesday,113,RIGHT NEAR (INTERSECTIONS ONLY),1,778908,T intersection,2,60,Arterial Other,ST ALBANS,BRIMBANK,-37.756355,144.80907,2023,8,August,11,Midday,Weekday
T20230018552,2023-08-09,12:28:00,1,Collision with vehicle,3,Wednesday,110,CROSS TRAFFIC(INTERSECTIONS ONLY),1,54370,Cross intersection,2,50,Local Road,DARLING,BALLARAT,-37.574875,143.84026,2023,8,August,12,Midday,Weekday
T20230020710,2023-08-09,11:20:00,1,Collision with vehicle,3,Wednesday,113,RIGHT NEAR (INTERSECTIONS ONLY),1,57573,T intersection,3,80,Arterial Highway,WELLINGTON,MONASH,-37.91919,145.16264,2023,8,August,11,Midday,Weekday
T20230018548,2023-08-09,10:25:00,1,Collision with vehicle,3,Wednesday,160,VEHICLE COLLIDES WITH VEHICLE PARKED ON LEFT OF ROAD,1,778830,Not at intersection,2,50,Local Road,TALOFA,BAYSIDE,-37.91549,145.01076,2023,8,August,10,Midday,Weekday
T20230018547,2023-08-09,11:15:00,1,Collision with vehicle,3,Wednesday,119,OTHER ADJACENT (INTERSECTIONS ONLY),1,798093,T intersection,3,60,Local Road,KAMBROOK,GLEN EIRA,-37.877316,145.03535,2023,8,August,11,Midday,Weekday
T20230018544,2023-08-09,08:30:00,2,Struck Pedestrian,3,Wednesday,100,PED NEAR SIDE. PED HIT BY VEHICLE FROM THE RIGHT.,1,47723,T intersection,2,50,Arterial Other,MAIN,BRIMBANK,-37.743965,144.79764,2023,8,August,8,Morning Peak,Weekday
T20230020789,2023-08-09,18:00:00,1,Collision with vehicle,3,Wednesday,133,LANE SIDE SWIPE (VEHICLES IN PARALLEL LANES),1,780304,Not at intersection,3,80,Arterial Other,HIGH,WHITTLESEA,-37.69408,145.01154,2023,8,August,18,Afternoon Peak,Weekday
T20230018541,2023-08-09,09:00:00,4,Collision with a fixed object,3,Wednesday,181,OFF RIGHT BEND INTO OBJECT/PARKED VEHICLE,1,789448,Not at intersection,2,100,Arterial Highway,HENTY,YARRIAMBIACK,-35.74659,142.37946,2023,8,August,9,Morning Peak,Weekday
T20230018540,2023-08-09,09:47:00,1,Collision with vehicle,3,Wednesday,121,RIGHT THROUGH,1,1175,T intersection,2,80,Arterial Other,PRINCES,CARDINIA,-38.071827,145.4833,2023,8,August,9,Morning Peak,Weekday
T20230018537,2023-08-09,09:41:00,1,Collision with vehicle,3,Wednesday,121,RIGHT THROUGH,1,236484,T intersection,3,80,Arterial Other,PRINCES,CARDINIA,-38.071663,145.48334,2023,8,August,9,Morning Peak,Weekday
T20230018533,2023-08-09,09:45:00,1,Collision with vehicle,3,Wednesday,110,CROSS TRAFFIC(INTERSECTIONS ONLY),1,49169,Cross intersection,3,60,Arterial Highway,MAIN,EAST GIPPSLAND,-37.827858,147.62173,2023,8,August,9,Morning Peak,Weekday
T20230018523,2023-08-09,07:04:00,6,Vehicle overturned (no collision),3,Wednesday,170,OFF CARRIAGEWAY TO LEFT,1,796704,Not at intersection,2,100,Arterial Highway,MURRAY VALLEY,SWAN HILL,-34.687405,142.85738,2023,8,August,7,Morning Peak,Weekday
T20230024827,2023-08-09,08:30:00,1,Collision with vehicle,3,Wednesday,114,TWO RIGHT TURNING (INTERSECTIONS ONLY),9,70458,T intersection,2,60,Arterial Highway,WARRIGAL,KINGSTON,-37.97843,145.07208,2023,8,August,8,Morning Peak,Weekday
T20230018577,2023-08-09,18:00:00,1,Collision with vehicle,3,Wednesday,130,REAR END(VEHICLES IN SAME LANE),3,798096,Not at intersection,3,100,Freeway,EASTERN,WHITEHORSE,-37.80053,145.152,2023,8,August,18,Afternoon Peak,Weekday
T20230018578,2023-08-09,17:30:00,2,Struck Pedestrian,3,Wednesday,100,PED NEAR SIDE. PED HIT BY VEHICLE FROM THE RIGHT.,2,779940,T intersection,3,50,Local Road,PARKIN,BOROONDARA,-37.845303,145.05019,2023,8,August,17,Afternoon Peak,Weekday
T20230018579,2023-08-09,19:47:00,1,Collision with vehicle,3,Wednesday,140,U TURN,3,53496,Cross intersection,3,60,Local Road,SAN MATEO,MILDURA,-34.196613,142.15875,2023,8,August,19,Night,Weekday
T20230018581,2023-08-09,18:30:00,1,Collision with vehicle,3,Wednesday,130,REAR END(VEHICLES IN SAME LANE),2,780750,Cross intersection,3,60,Arterial Highway,NORTH,GLEN EIRA,-37.908127,145.07407,2023,8,August,18,Afternoon Peak,Weekday
T20230018582,2023-08-09,18:45:00,2,Struck Pedestrian,3,Wednesday,102,FAR SIDE. PED HIT BY VEHICLE FROM THE LEFT,3,779119,Not at intersection,3,50,Local Road,GALLAGHERS,MONASH,-37.876217,145.17886,2023,8,August,18,Afternoon Peak,Weekday
T20230018583,2023-08-09,16:44:00,1,Collision with vehicle,3,Wednesday,130,REAR END(VEHICLES IN SAME LANE),1,168,T intersection,3,80,Arterial Highway,FRANKSTON-DANDENONG,DANDENONG,-38.031662,145.21194,2023,8,August,16,Afternoon Peak,Weekday
T20230018584,2023-08-09,16:20:00,1,Collision with vehicle,3,Wednesday,129,OTHER OPPOSING MANOEUVRES NOT INCLUDED IN DCAs 120-125.,1,354107,T intersection,2,80,Arterial Highway,SPRINGVALE ROAD SERVICE,MONASH,-37.92333,145.15813,2023,8,August,16,Afternoon Peak,Weekday
T20230022085,2023-08-09,18:45:00,1,Collision with vehicle,3,Wednesday,132,RIGHT REAR.,2,781431,T intersection,3,50,Local Road,CHERRY,MONASH,-37.865482,145.15079,2023,8,August,18,Afternoon Peak,Weekday
T20230018587,2023-08-09,18:00:00,1,Collision with vehicle,3,Wednesday,121,RIGHT THROUGH,2,843,T intersection,3,60,Arterial Other,SYDNEY,MORELAND,-37.716793,144.96263,2023,8,August,18,Afternoon Peak,Weekday
T20230018588,2023-08-09,19:50:00,1,Collision with vehicle,3,Wednesday,130,REAR END(VEHICLES IN SAME LANE),2,780068,Not at intersection,3,70,Arterial Highway,PLENTY,DAREBIN,-37.715115,145.0443,2023,8,August,19,Night,Weekday
T20230018589,2023-08-09,19:29:00,1,Collision with vehicle,3,Wednesday,120,HEAD ON (NOT OVERTAKING),5,782612,Not at intersection,2,70,Arterial Other,GRUBB,GEELONG,-38.232555,144.54057,2023,8,August,19,Night,Weekday
T20230018590,2023-08-09,20:23:00,1,Collision with vehicle,3,Wednesday,142,LEAVING PARKING,3,60815,Cross intersection,3,60,Local Road,HUMFFRAY,BALLARAT,-37.558067,143.87164,2023,8,August,20,Night,Weekday
T20230018591,2023-08-09,18:57:00,1,Collision with vehicle,3,Wednesday,173,RIGHT OFF CARRIAGEWAY INTO OBJECT/PARKED VEHICLE,3,788862,Not at intersection,3,50,Local Road,TUCKER,MORELAND,-37.710705,144.96906,2023,8,August,18,Afternoon Peak,Weekday
T20230018592,2023-08-09,20:04:00,1,Collision with vehicle,3,Wednesday,130,REAR END(VEHICLES IN SAME LANE),3,779657,Cross intersection,2,80,Arterial Other,PRINCES,CARDINIA,-38.062992,145.4601,2023,8,August,20,Night,Weekday
T20230018593,2023-08-09,20:39:00,1,Collision with vehicle,3,Wednesday,116,LEFT NEAR (INTERSECTIONS ONLY),5,779639,T intersection,3,80,Arterial Highway,DEAKIN AVENUE -STURT,MILDURA,-34.233116,142.10315,2023,8,August,20,Night,Weekday
T20230018598,2023-08-09,23:05:00,1,Collision with vehicle,3,Wednesday,160,VEHICLE COLLIDES WITH VEHICLE PARKED ON LEFT OF ROAD,3,798127,Not at intersection,2,50,Local Road,MADELEY,GEELONG,-38.261597,144.52292,2023,8,August,23,Night,Weekday
T20230018599,2023-08-09,20:38:00,2,Struck Pedestrian,3,Wednesday,100,PED NEAR SIDE. PED HIT BY VEHICLE FROM THE RIGHT.,3,780824,Not at intersection,3,80,Arterial Highway,SPRINGVALE,DANDENONG,-37.961903,145.15042,2023,8,August,20,Night,Weekday
T20230018650,2023-08-10,16:33:00,1,Collision with vehicle,4,Thursday,121,RIGHT THROUGH,2,779078,Not at intersection,3,50,Arterial Highway,BAILLIE,HORSHAM,-36.711758,142.20084,2023,8,August,16,Afternoon Peak,Weekday
T20230018669,2023-08-10,18:00:00,1,Collision with vehicle,4,Thursday,130,REAR END(VEHICLES IN SAME LANE),3,140165,Not at intersection,3,100,Freeway,MONASH,MONASH,-37.91195,145.16461,2023,8,August,18,Afternoon Peak,Weekday
T20230018667,2023-08-10,20:04:00,1,Collision with vehicle,4,Thursday,121,RIGHT THROUGH,3,780660,Cross intersection,2,60,Local Road,LYGON,MELBOURNE,-37.792316,144.96838,2023,8,August,20,Night,Weekday
T20230018822,2023-08-10,16:05:00,1,Collision with vehicle,4,Thursday,111,RIGHT FAR (INTERSECTIONS ONLY),1,40182,T intersection,3,50,Local Road,INKERMAN,PORT PHILLIP,-37.866955,145.00407,2023,8,August,16,Afternoon Peak,Weekday
T20230020380,2023-08-10,06:30:00,3,Struck animal,4,Thursday,167,STRUCK ANIMAL,1,780005,Not at intersection,3,100,Local Road,SELKIRK,WHITTLESEA,-37.527008,145.06845,2023,8,August,6,Morning Peak,Weekday
T20230018925,2023-08-10,05:45:00,1,Collision with vehicle,4,Thursday,113,RIGHT NEAR (INTERSECTIONS ONLY),3,62633,T intersection,3,60,Arterial Other,SPRING,DAREBIN,-37.726513,145.00117,2023,8,August,5,Morning Peak,Weekday
T20230019795,2023-08-10,18:30:00,1,Collision with vehicle,4,Thursday,130,REAR END(VEHICLES IN SAME LANE),2,779802,Not at intersection,3,60,Arterial Other,CHANDLER,DANDENONG,-37.994827,145.18178,2023,8,August,18,Afternoon Peak,Weekday
T20230018792,2023-08-10,08:00:00,1,Collision with vehicle,4,Thursday,121,RIGHT THROUGH,1,49057,T intersection,3,50,Local Road,DELBRIDGE,YARRA,-37.78517,144.9862,2023,8,August,8,Morning Peak,Weekday
T20230018666,2023-08-10,19:11:00,1,Collision with vehicle,4,Thursday,110,CROSS TRAFFIC(INTERSECTIONS ONLY),3,42230,Cross intersection,3,50,Local Road,DERBY,MORELAND,-37.727272,144.94656,2023,8,August,19,Night,Weekday
T20230019153,2023-08-10,15:30:00,1,Collision with vehicle,4,Thursday,130,REAR END(VEHICLES IN SAME LANE),1,781246,T intersection,3,60,Local Road,POWER,CASEY,-37.973965,145.24208,2023,8,August,15,Afternoon Peak,Weekday
T20230023853,2023-08-10,17:33:00,1,Collision with vehicle,4,Thursday,160,VEHICLE COLLIDES WITH VEHICLE PARKED ON LEFT OF ROAD,1,789501,Not at intersection,3,50,Local Road,MYRTLE,DANDENONG,-37.96518,145.16241,2023,8,August,17,Afternoon Peak,Weekday
T20230018626,2023-08-10,05:50:00,1,Collision with vehicle,4,Thursday,110,CROSS TRAFFIC(INTERSECTIONS ONLY),5,233917,Cross intersection,2,60,Local Road,DAVIS,WYNDHAM,-37.815388,144.65686,2023,8,August,5,Morning Peak,Weekday
T20230018606,2023-08-10,01:58:00,4,Collision with a fixed object,4,Thursday,173,RIGHT OFF CARRIAGEWAY INTO OBJECT/PARKED VEHICLE,3,778831,Cross intersection,3,50,Local Road,HEAD,BAYSIDE,-37.89287,145.00015,2023,8,August,1,Late Night,Weekday
T20230018880,2023-08-10,08:54:00,1,Collision with vehicle,4,Thursday,130,REAR END(VEHICLES IN SAME LANE),1,779329,Not at intersection,2,100,Freeway,EASTLINK,MONASH,-37.938553,145.20712,2023,8,August,8,Morning Peak,Weekday
T20230018629,2023-08-10,09:30:00,1,Collision with vehicle,4,Thursday,133,LANE SIDE SWIPE (VEHICLES IN PARALLEL LANES),1,778684,Not at intersection,2,80,Arterial Other,WELLINGTON,KNOX,-37.928844,145.2649,2023,8,August,9,Morning Peak,Weekday
T20230018612,2023-08-10,06:00:00,1,Collision with vehicle,4,Thursday,133,LANE SIDE SWIPE (VEHICLES IN PARALLEL LANES),2,296587,Not at intersection,3,100,Freeway,MONASH,MONASH,-37.88511,145.09915,2023,8,August,6,Morning Peak,Weekday
T20230018636,2023-08-10,12:07:00,4,Collision with a fixed object,4,Thursday,181,OFF RIGHT BEND INTO OBJECT/PARKED VEHICLE,1,780293,Not at intersection,2,100,Arterial Other,MAIN NEERIM,BAW BAW,-38.062523,145.93849,2023,8,August,12,Midday,Weekday
T20230020301,2023-08-10,05:39:00,1,Collision with vehicle,4,Thursday,130,REAR END(VEHICLES IN SAME LANE),2,780244,Not at intersection,3,80,Arterial Other,FERNTREE GULLY,MONASH,-37.903763,145.16402,2023,8,August,5,Morning Peak,Weekday
T20230018696,2023-08-10,07:45:00,1,Collision with vehicle,4,Thursday,137,LEFT TURN SIDESWIPE,2,797228,T intersection,3,60,Local Road,SCOTT,PORT PHILLIP,-37.87919,144.99385,2023,8,August,7,Morning Peak,Weekday
T20230018647,2023-08-10,15:54:00,1,Collision with vehicle,4,Thursday,148,VEHICLE OFF FOOTPATH STRIKES VEH ON CARRIAGEWAY,1,778833,Not at intersection,2,40,Local Road,AMESS,MORELAND,-37.779667,144.97472,2023,8,August,15,Afternoon Peak,Weekday
T20230018656,2023-08-10,17:17:00,4,Collision with a fixed object,4,Thursday,171,LEFT OFF CARRIAGEWAY INTO OBJECT/PARKED VEHICLE,1,260810,T intersection,2,60,Arterial Other,GEELONG,BALLARAT,-37.608997,143.86958,2023,8,August,17,Afternoon Peak,Weekday
T20230018625,2023-08-10,08:27:00,1,Collision with vehicle,4,Thursday,121,RIGHT THROUGH,1,224077,Cross intersection,3,70,Local Road,ABBOTTS,DANDENONG,-38.034477,145.23463,2023,8,August,8,Morning Peak,Weekday
T20230018644,2023-08-10,09:12:00,1,Collision with vehicle,4,Thursday,132,RIGHT REAR.,1,38712,Not at intersection,2,60,Arterial Other,BALLARAT,MARIBYRNONG,-37.790745,144.88838,2023,8,August,9,Morning Peak,Weekday
T20230018624,2023-08-10,08:00:00,1,Collision with vehicle,4,Thursday,113,RIGHT NEAR (INTERSECTIONS ONLY),1,779575,Cross intersection,2,60,Local Road,GLASTONE,DANDENONG,-37.975258,145.20363,2023,8,August,8,Morning Peak,Weekday
T20230018660,2023-08-10,17:30:00,1,Collision with vehicle,4,Thursday,110,CROSS TRAFFIC(INTERSECTIONS ONLY),3,38868,Cross intersection,2,60,Arterial Other,BARKERS,BOROONDARA,-37.812737,145.02026,2023,8,August,17,Afternoon Peak,Weekday
T20230018622,2023-08-10,05:40:00,4,Collision with a fixed object,4,Thursday,173,RIGHT OFF CARRIAGEWAY INTO OBJECT/PARKED VEHICLE,5,778683,Not at intersection,2,100,Local Road,THIRTEEN MILE,CARDINIA,-38.124363,145.67328,2023,8,August,5,Morning Peak,Weekday
T20230018665,2023-08-10,20:24:00,1,Collision with vehicle,4,Thursday,110,CROSS TRAFFIC(INTERSECTIONS ONLY),3,15359,Cross intersection,2,80,Local Road,OHALLORANS,GEELONG,-38.020878,144.3779,2023,8,August,20,Night,Weekday
T20230018672,2023-08-10,23:00:00,4,Collision with a fixed object,4,Thursday,171,LEFT OFF CARRIAGEWAY INTO OBJECT/PARKED VEHICLE,5,778596,Not at intersection,1,60,Arterial Other,ELTHAM-YARRA GLEN,NILLUMBIK,-37.68895,145.21606,2023,8,August,23,Night,Weekday
T20230018616,2023-08-10,05:55:00,1,Collision with vehicle,4,Thursday,120,HEAD ON (NOT OVERTAKING),5,798834,Not at intersection,2,80,Arterial Other,STRATH CREEK,MITCHELL,-37.213566,145.09756,2023,8,August,5,Morning Peak,Weekday
T20230020060,2023-08-11,21:15:00,1,Collision with vehicle,5,Friday,120,HEAD ON (NOT OVERTAKING),3,798126,Not at intersection,3,60,Arterial Other,GORDON,MARIBYRNONG,-37.80103,144.88777,2023,8,August,21,Night,Weekday
T20230018927,2023-08-11,21:30:00,1,Collision with vehicle,5,Friday,121,RIGHT THROUGH,3,8759,Cross intersection,3,60,Arterial Highway,SLADEN,CASEY,-38.11303,145.28275,2023,8,August,21,Night,Weekday
T20230018679,2023-08-11,07:55:00,1,Collision with vehicle,5,Friday,130,REAR END(VEHICLES IN SAME LANE),2,778747,Not at intersection,3,60,Local Road,DOHERTYS,WYNDHAM,-37.824787,144.74638,2023,8,August,7,Morning Peak,Weekday