ACCIDENT_NO,ACCIDENT_DATE,ACCIDENT_TIME,ACCIDENT_TYPE,ACCIDENT_TYPE_DESC,DAY_OF_WEEK,DAY_WEEK_DESC,DCA_CODE,DCA_DESC,LIGHT_CONDITION,NODE_ID,ROAD_GEOMETRY_DESC,SEVERITY,SPEED_ZONE,RMA,ROAD_NAME,LGA_NAME,LATITUDE,LONGITUDE,YEAR,MONTH,MONTH_NAME,HOUR,TIME_PERIOD,DAY_TYPE
T20230018684,2023-08-11,08:52:00,1,Collision with vehicle,5,Friday,113,RIGHT NEAR (INTERSECTIONS ONLY),2,669599,T intersection,3,80,Local Road,CHARLES STURT,NILLUMBIK,-37.629025,145.15257,2023,8,August,8,Morning Peak,Weekday
T20230019249,2023-08-11,09:10:00,1,Collision with vehicle,5,Friday,130,REAR END(VEHICLES IN SAME LANE),2,780235,Not at intersection,3,60,Local Road,CHANDLER,DANDENONG,-37.99737,145.1813,2023,8,August,9,Morning Peak,Weekday
T20230019725,2023-08-11,19:10:00,1,Collision with vehicle,5,Friday,132,RIGHT REAR.,9,35339,T intersection,3,60,Arterial Other,EDGARS,WHITTLESEA,-37.672535,145.00171,2023,8,August,19,Night,Weekday
T20230019066,2023-08-11,08:25:00,1,Collision with vehicle,5,Friday,130,REAR END(VEHICLES IN SAME LANE),2,779450,Not at intersection,3,60,Local Road,TAYLORS,MELTON,-37.718704,144.71016,2023,8,August,8,Morning Peak,Weekday
T20230018703,2023-08-11,08:50:00,1,Collision with vehicle,5,Friday,121,RIGHT THROUGH,1,29397,Cross intersection,3,40,Arterial Other,VICTORIA,MELBOURNE,-37.807293,144.96884,2023,8,August,8,Morning Peak,Weekday
T20230018775,2023-08-11,23:35:00,1,Collision with vehicle,5,Friday,121,RIGHT THROUGH,3,795994,Cross intersection,2,80,Freeway,BEACONSFIELD-NAR NAR GOON,CASEY,-38.061516,145.3698,2023,8,August,23,Night,Weekday
T20230018774,2023-08-11,08:55:00,1,Collision with vehicle,5,Friday,121,RIGHT THROUGH,1,778712,T intersection,3,50,Local Road,MAJESTIC,CASEY,-38.089592,145.2883,2023,8,August,8,Morning Peak,Weekday
T20230018702,2023-08-11,10:50:00,1,Collision with vehicle,5,Friday,130,REAR END(VEHICLES IN SAME LANE),1,779130,Not at intersection,2,60,Arterial Other,MT ALEXANDER,MOONEE VALLEY,-37.746937,144.91164,2023,8,August,10,Midday,Weekday
T20230018767,2023-08-11,23:00:00,2,Struck Pedestrian,5,Friday,108,PED STRUCK WALKING TO/FROM OR BOARDING/ALIGHTING VEHICLE.,5,797606,Not at intersection,2,50,Local Road,RUNDELL,ARARAT,-37.287144,142.9406,2023,8,August,23,Night,Weekday
T20230018760,2023-08-11,08:35:00,1,Collision with vehicle,5,Friday,121,RIGHT THROUGH,2,48913,T intersection,3,40,Local Road,EVELYN,MELBOURNE,-37.80871,144.97305,2023,8,August,8,Morning Peak,Weekday
T20230018759,2023-08-11,23:15:00,6,Vehicle overturned (no collision),5,Friday,184,OUT OF CONTROL ON CARRIAGEWAY (ON BEND),3,41008,T intersection,3,50,Arterial Other,BORONIA,KNOX,-37.862392,145.28381,2023,8,August,23,Night,Weekday
T20230018751,2023-08-11,15:20:00,1,Collision with vehicle,5,Friday,132,RIGHT REAR.,1,778835,Y intersection,3,100,Arterial Other,SNOW,WANGARATTA,-36.536663,146.63443,2023,8,August,15,Afternoon Peak,Weekday
T20230018750,2023-08-11,15:56:00,1,Collision with vehicle,5,Friday,120,HEAD ON (NOT OVERTAKING),1,779740,Not at intersection,2,60,Local Road,DIGGERS REST-COIMADAI,MELTON,-37.628815,144.71063,2023,8,August,15,Afternoon Peak,Weekday
T20230018747,2023-08-11,18:00:00,1,Collision with vehicle,5,Friday,121,RIGHT THROUGH,2,41749,T intersection,3,70,Arterial Other,BLACKBURN,MONASH,-37.8794,145.14703,2023,8,August,18,Afternoon Peak,Weekday
T20230018743,2023-08-11,18:48:00,1,Collision with vehicle,5,Friday,121,RIGHT THROUGH,2,392,T intersection,3,60,Arterial Other,HIGH,WHITTLESEA,-37.666252,145.01645,2023,8,August,18,Afternoon Peak,Weekday
T20230018739,2023-08-11,18:20:00,1,Collision with vehicle,5,Friday,121,RIGHT THROUGH,2,278496,T intersection,3,70,Local Road,ENTERPRISE,WHITTLESEA,-37.684563,145.06863,2023,8,August,18,Afternoon Peak,Weekday
T20230018693,2023-08-11,08:50:00,6,Vehicle overturned (no collision),5,Friday,174,OUT OF CONTROL ON CARRIAGEWAY (ON STRAIGHT),1,789523,Not at intersection,3,60,Arterial Other,ESPLANADE,MORNINGTON PENINSULA,-38.273994,145.00153,2023,8,August,8,Morning Peak,Weekday
T20230018697,2023-08-11,07:35:00,1,Collision with vehicle,5,Friday,132,RIGHT REAR.,1,249064,T intersection,2,60,Local Road,BROOKS,DANDENONG,-38.022293,145.20401,2023,8,August,7,Morning Peak,Weekday
T20230018738,2023-08-11,17:20:00,1,Collision with vehicle,5,Friday,113,RIGHT NEAR (INTERSECTIONS ONLY),2,222317,T intersection,2,70,Arterial Highway,PLENTY,DAREBIN,-37.708935,145.05052,2023,8,August,17,Afternoon Peak,Weekday
T20230018737,2023-08-11,14:44:00,1,Collision with vehicle,5,Friday,121,RIGHT THROUGH,1,779228,Not at intersection,2,60,Local Road,ROSAMOND,MARIBYRNONG,-37.78419,144.8839,2023,8,August,14,Midday,Weekday
T20230018736,2023-08-11,15:50:00,1,Collision with vehicle,5,Friday,130,REAR END(VEHICLES IN SAME LANE),1,799179,Multiple intersection,3,60,Arterial Other,EDGARS,WHITTLESEA,-37.69349,145.00116,2023,8,August,15,Afternoon Peak,Weekday
T20230018735,2023-08-11,14:30:00,6,Vehicle overturned (no collision),5,Friday,180,OFF CARRIAGEWAY ON RIGHT BEND,1,789886,Not at intersection,3,40,Local Road,YOUNG,FRANKSTON,-38.14442,145.12506,2023,8,August,14,Midday,Weekday
T20230018730,2023-08-11,17:00:00,1,Collision with vehicle,5,Friday,121,RIGHT THROUGH,2,778748,T intersection,2,70,Arterial Other,MELTON MAIN,MELTON,-37.68399,144.59525,2023,8,August,17,Afternoon Peak,Weekday
T20230018762,2023-08-11,20:50:00,1,Collision with vehicle,5,Friday,121,RIGHT THROUGH,3,43971,T intersection,1,60,Local Road,ORCHID,MORNINGTON PENINSULA,-38.23068,145.03838,2023,8,August,20,Night,Weekday
T20230018727,2023-08-11,07:35:00,1,Collision with vehicle,5,Friday,121,RIGHT THROUGH,2,64943,T intersection,3,70,Arterial Other,DONCASTER,BOROONDARA,-37.792694,145.06909,2023,8,August,7,Morning Peak,Weekday
T20230018724,2023-08-11,16:17:00,1,Collision with vehicle,5,Friday,116,LEFT NEAR (INTERSECTIONS ONLY),1,49731,Cross intersection,2,50,Local Road,BINGARA,GEELONG,-38.094814,144.35365,2023,8,August,16,Afternoon Peak,Weekday
T20230018721,2023-08-11,13:33:00,1,Collision with vehicle,5,Friday,130,REAR END(VEHICLES IN SAME LANE),1,778689,T intersection,3,60,Arterial Highway,NEPEAN,KINGSTON,-38.050564,145.11513,2023,8,August,13,Midday,Weekday
T20230018720,2023-08-11,09:09:00,1,Collision with vehicle,5,Friday,130,REAR END(VEHICLES IN SAME LANE),1,779037,Not at intersection,3,60,Arterial Other,HOPKINS,MELTON,-37.801083,144.69652,2023,8,August,9,Morning Peak,Weekday
T20230018719,2023-08-11,07:17:00,4,Collision with a fixed object,5,Friday,171,LEFT OFF CARRIAGEWAY INTO OBJECT/PARKED VEHICLE,1,792963,Not at intersection,2,50,Local Road,GORDONS,WHITTLESEA,-37.632317,145.07785,2023,8,August,7,Morning Peak,Weekday
T20230018712,2023-08-11,13:00:00,1,Collision with vehicle,5,Friday,113,RIGHT NEAR (INTERSECTIONS ONLY),1,57599,T intersection,3,60,Arterial Other,BLUFF,BAYSIDE,-37.975494,145.01591,2023,8,August,13,Midday,Weekday
T20230018674,2023-08-11,01:28:00,1,Collision with vehicle,5,Friday,160,VEHICLE COLLIDES WITH VEHICLE PARKED ON LEFT OF ROAD,3,800469,Not at intersection,2,50,Local Road,RIVERVIEW,CASEY,-37.994213,145.24886,2023,8,August,1,Late Night,Weekday
T20230018990,2023-08-11,09:30:00,6,Vehicle overturned (no collision),5,Friday,174,OUT OF CONTROL ON CARRIAGEWAY (ON STRAIGHT),1,60987,Cross intersection,3,50,Local Road,BARKLY,HUME,-37.587067,144.72772,2023,8,August,9,Morning Peak,Weekday
T20230019868,2023-08-11,23:00:00,1,Collision with vehicle,5,Friday,140,U TURN,3,779999,Not at intersection,3,40,Local Road,LLOYD,MELBOURNE,-37.799488,144.93477,2023,8,August,23,Night,Weekday
T20230018935,2023-08-11,23:36:00,1,Collision with vehicle,5,Friday,130,REAR END(VEHICLES IN SAME LANE),3,779132,Not at intersection,3,100,Freeway,PRINCES,WYNDHAM,-37.870083,144.75047,2023,8,August,23,Night,Weekday
T20230018789,2023-08-11,11:26:00,1,Collision with vehicle,5,Friday,113,RIGHT NEAR (INTERSECTIONS ONLY),1,37014,T intersection,3,40,Local Road,ALBERT,MELBOURNE,-37.810127,144.98094,2023,8,August,11,Midday,Weekday
T20230018705,2023-08-11,11:45:00,1,Collision with vehicle,5,Friday,121,RIGHT THROUGH,1,44630,Not at intersection,2,60,Arterial Highway,DON STREET -HIGH,BENDIGO,-36.76347,144.27058,2023,8,August,11,Midday,Weekday
T20230018692,2023-08-11,09:10:00,1,Collision with vehicle,5,Friday,134,LANE CHANGE RIGHT (NOT OVERTAKING),1,779216,Not at intersection,2,60,Local Road,CLOW,DANDENONG,-37.98608,145.22493,2023,8,August,9,Morning Peak,Weekday
T20230019516,2023-08-11,12:30:00,1,Collision with vehicle,5,Friday,163,VEHICLE STRIKES DOOR OF PARKED/STATIONARY VEHICLE,1,779997,Not at intersection,3,40,Local Road,COLLINS,MELBOURNE,-37.814896,144.96857,2023,8,August,12,Midday,Weekday
T20230019050,2023-08-11,16:15:00,1,Collision with vehicle,5,Friday,131,LEFT REAR,1,779247,Not at intersection,3,60,Arterial Other,KURRAK,NILLUMBIK,-37.650692,145.1213,2023,8,August,16,Afternoon Peak,Weekday
T20230019690,2023-08-11,15:30:00,8,No collision and no object struck,5,Friday,174,OUT OF CONTROL ON CARRIAGEWAY (ON STRAIGHT),1,798100,Not at intersection,3,50,Local Road,MAPLE,BENDIGO,-36.759197,144.25252,2023,8,August,15,Afternoon Peak,Weekday
T20230021402,2023-08-11,17:15:00,1,Collision with vehicle,5,Friday,113,RIGHT NEAR (INTERSECTIONS ONLY),1,224842,T intersection,3,60,Arterial Other,BAY,BAYSIDE,-37.956196,145.0417,2023,8,August,17,Afternoon Peak,Weekday
T20230018695,2023-08-11,05:30:00,4,Collision with a fixed object,5,Friday,173,RIGHT OFF CARRIAGEWAY INTO OBJECT/PARKED VEHICLE,5,778687,Not at intersection,3,80,Arterial Other,QUEENSCLIFF,GEELONG,-38.17447,144.64507,2023,8,August,5,Morning Peak,Weekday
T20230018834,2023-08-12,20:40:00,1,Collision with vehicle,6,Saturday,121,RIGHT THROUGH,5,779120,Cross intersection,2,60,Arterial Other,DERRIMUT ROAD -HOPKINS,MELTON,-37.80497,144.69595,2023,8,August,20,Night,Weekend
T20230019190,2023-08-12,11:40:00,1,Collision with vehicle,6,Saturday,110,CROSS TRAFFIC(INTERSECTIONS ONLY),1,35388,Cross intersection,3,80,Arterial Other,WESTALL,KINGSTON,-37.979908,145.14267,2023,8,August,11,Midday,Weekend
T20230020148,2023-08-12,16:30:00,1,Collision with vehicle,6,Saturday,130,REAR END(VEHICLES IN SAME LANE),2,779796,Not at intersection,3,80,Freeway,CALDER,BRIMBANK,-37.71647,144.83696,2023,8,August,16,Afternoon Peak,Weekend
T20230018776,2023-08-12,05:30:00,1,Collision with vehicle,6,Saturday,120,HEAD ON (NOT OVERTAKING),2,791265,Not at intersection,2,80,Arterial Other,STRATH CREEK,MITCHELL,-37.212574,145.09373,2023,8,August,5,Morning Peak,Weekend
T20230018772,2023-08-12,04:00:00,4,Collision with a fixed object,6,Saturday,183,OFF LEFT BEND INTO OBJECT/PARKED VEHICLE,3,778711,Not at intersection,3,50,Local Road,NORTHSIDE,WHITTLESEA,-37.61943,145.01857,2023,8,August,4,Late Night,Weekend
T20230018828,2023-08-12,17:04:00,4,Collision with a fixed object,6,Saturday,175,OFF END OF ROAD/T-INTERSECTION.,1,779877,T intersection,2,50,Arterial Other,AUTUMN,MORNINGTON PENINSULA,-38.31092,145.18399,2023,8,August,17,Afternoon Peak,Weekend
T20230018824,2023-08-12,18:15:00,2,Struck Pedestrian,6,Saturday,100,PED NEAR SIDE. PED HIT BY VEHICLE FROM THE RIGHT.,3,29997,Not at intersection,2,60,Arterial Other,MURRAY,DAREBIN,-37.740627,145.02771,2023,8,August,18,Afternoon Peak,Weekend
T20230018805,2023-08-12,14:00:00,1,Collision with vehicle,6,Saturday,114,TWO RIGHT TURNING (INTERSECTIONS ONLY),1,45625,T intersection,2,60,Local Road,PERCY,MORELAND,-37.76661,144.95848,2023,8,August,14,Midday,Weekend
T20230018832,2023-08-12,15:58:00,4,Collision with a fixed object,6,Saturday,171,LEFT OFF CARRIAGEWAY INTO OBJECT/PARKED VEHICLE,1,791860,Not at intersection,2,50,Local Road,PLUME,GEELONG,-38.08576,144.36035,2023,8,August,15,Afternoon Peak,Weekend
T20230018829,2023-08-12,17:00:00,4,Collision with a fixed object,6,Saturday,181,OFF RIGHT BEND INTO OBJECT/PARKED VEHICLE,5,789884,Not at intersection,3,80,Arterial Other,WOODS POINT,YARRA RANGES,-37.62802,145.90329,2023,8,August,17,Afternoon Peak,Weekend
T20230018835,2023-08-12,21:35:00,1,Collision with vehicle,6,Saturday,121,RIGHT THROUGH,3,35387,Cross intersection,2,60,Arterial Other,SWAN,YARRA,-37.826687,145.00706,2023,8,August,21,Night,Weekend
T20230018830,2023-08-12,18:40:00,4,Collision with a fixed object,6,Saturday,183,OFF LEFT BEND INTO OBJECT/PARKED VEHICLE,5,781137,Not at intersection,2,100,Arterial Other,DUNACH-EDDINGTON,CENTRAL GOLDFIELDS,-37.201096,143.73871,2023,8,August,18,Afternoon Peak,Weekend
T20230018838,2023-08-12,21:42:00,1,Collision with vehicle,6,Saturday,160,VEHICLE COLLIDES WITH VEHICLE PARKED ON LEFT OF ROAD,3,785444,Not at intersection,3,50,Arterial Other,NICHOLSON,MORELAND,-37.77585,144.97879,2023,8,August,21,Night,Weekend
T20230018779,2023-08-12,08:14:00,1,Collision with vehicle,6,Saturday,121,RIGHT THROUGH,2,778910,T intersection,2,40,Arterial Other,5106B 5500B,HUME,-37.598892,144.94174,2023,8,August,8,Morning Peak,Weekend
T20230019609,2023-08-12,01:00:00,8,No collision and no object struck,6,Saturday,184,OUT OF CONTROL ON CARRIAGEWAY (ON BEND),5,798796,Not at intersection,2,80,Local Road,DONNELLYS CREEK,BAW BAW,-37.753216,146.48503,2023,8,August,1,Late Night,Weekend
T20230021609,2023-08-12,16:00:00,3,Struck animal,6,Saturday,167,STRUCK ANIMAL,1,780933,Not at intersection,2,50,Local Road,WHIPSTICK,BENDIGO,-36.699852,144.25667,2023,8,August,16,Afternoon Peak,Weekend
T20230018831,2023-08-12,18:40:00,2,Struck Pedestrian,6,Saturday,102,FAR SIDE. PED HIT BY VEHICLE FROM THE LEFT,5,778969,Not at intersection,2,50,Local Road,SANCTUARY LAKES,WYNDHAM,-37.8967,144.75497,2023,8,August,18,Afternoon Peak,Weekend
T20230018865,2023-08-12,22:00:00,1,Collision with vehicle,6,Saturday,113,RIGHT NEAR (INTERSECTIONS ONLY),3,350107,Cross intersection,3,60,Arterial Other,SHARPS,HUME,-37.707115,144.88579,2023,8,August,22,Night,Weekend
T20230019839,2023-08-12,21:15:00,1,Collision with vehicle,6,Saturday,116,LEFT NEAR (INTERSECTIONS ONLY),9,789874,T intersection,3,50,Local Road,ORMOND,CASEY,-38.06492,145.29633,2023,8,August,21,Night,Weekend
T20230018893,2023-08-12,20:15:00,1,Collision with vehicle,6,Saturday,121,RIGHT THROUGH,3,41317,Cross intersection,3,50,Arterial Other,WOODLAND,MOONEE VALLEY,-37.742584,144.91994,2023,8,August,20,Night,Weekend
T20230018827,2023-08-12,16:57:00,1,Collision with vehicle,6,Saturday,130,REAR END(VEHICLES IN SAME LANE),2,779363,Not at intersection,2,80,Freeway,WEST GATE,MELBOURNE,-37.82986,144.89859,2023,8,August,16,Afternoon Peak,Weekend
T20230018833,2023-08-12,18:13:00,1,Collision with vehicle,6,Saturday,130,REAR END(VEHICLES IN SAME LANE),2,38895,Y intersection,3,60,Arterial Other,EARL,BOROONDARA,-37.792965,145.03152,2023,8,August,18,Afternoon Peak,Weekend
T20230018973,2023-08-12,20:46:00,1,Collision with vehicle,6,Saturday,110,CROSS TRAFFIC(INTERSECTIONS ONLY),3,61046,Cross intersection,3,50,Local Road,BEVERIN,BALLARAT,-37.595276,143.8397,2023,8,August,20,Night,Weekend
T20230018814,2023-08-12,10:11:00,4,Collision with a fixed object,6,Saturday,171,LEFT OFF CARRIAGEWAY INTO OBJECT/PARKED VEHICLE,1,778838,Not at intersection,2,100,Arterial Highway,BASS,BASS COAST,-38.60419,145.76802,2023,8,August,10,Midday,Weekend
T20230019379,2023-08-12,12:05:00,1,Collision with vehicle,6,Saturday,113,RIGHT NEAR (INTERSECTIONS ONLY),1,47128,T intersection,3,80,Arterial Highway,SOUTH GIPPSLAND,CASEY,-38.15997,145.31837,2023,8,August,12,Midday,Weekend
T20230020586,2023-08-12,10:30:00,6,Vehicle overturned (no collision),6,Saturday,174,OUT OF CONTROL ON CARRIAGEWAY (ON STRAIGHT),1,780492,Cross intersection,3,60,Local Road,MOOR,MOIRA,-36.017525,144.9654,2023,8,August,10,Midday,Weekend
T20230018797,2023-08-12,11:30:00,1,Collision with vehicle,6,Saturday,110,CROSS TRAFFIC(INTERSECTIONS ONLY),1,719346,Cross intersection,2,50,Local Road,IRENE,MORELAND,-37.726124,144.95161,2023,8,August,11,Midday,Weekend
T20230018786,2023-08-12,11:10:00,1,Collision with vehicle,6,Saturday,121,RIGHT THROUGH,1,789862,Cross intersection,2,60,Arterial Highway,WARRIGAL,KINGSTON,-37.98212,145.07137,2023,8,August,11,Midday,Weekend
T20230019505,2023-08-12,14:30:00,1,Collision with vehicle,6,Saturday,130,REAR END(VEHICLES IN SAME LANE),1,789877,Not at intersection,3,60,Freeway,WEST GATE,HOBSONS BAY,-37.827385,144.89467,2023,8,August,14,Midday,Weekend
T20230018820,2023-08-12,16:26:00,1,Collision with vehicle,6,Saturday,113,RIGHT NEAR (INTERSECTIONS ONLY),1,57835,T intersection,2,40,Arterial Other,CRAIGIEBURN,HUME,-37.59724,144.9252,2023,8,August,16,Afternoon Peak,Weekend
T20230018818,2023-08-12,13:00:00,4,Collision with a fixed object,6,Saturday,171,LEFT OFF CARRIAGEWAY INTO OBJECT/PARKED VEHICLE,1,799214,Not at intersection,2,100,Local Road,ROYCROFTS,CORANGAMITE,-38.276215,142.99658,2023,8,August,13,Midday,Weekend
T20230018794,2023-08-12,10:40:00,4,Collision with a fixed object,6,Saturday,171,LEFT OFF CARRIAGEWAY INTO OBJECT/PARKED VEHICLE,1,792961,Not at intersection,2,100,Arterial Other,BALLAN-DAYLESFORD,HEPBURN,-37.40527,144.12387,2023,8,August,10,Midday,Weekend
T20230018801,2023-08-12,13:55:00,1,Collision with vehicle,6,Saturday,110,CROSS TRAFFIC(INTERSECTIONS ONLY),1,785631,Cross intersection,3,50,Local Road,CANDLEBARK,HUME,-37.610504,144.9085,2023,8,August,13,Midday,Weekend
T20230018981,2023-08-12,15:15:00,1,Collision with vehicle,6,Saturday,140,U TURN,1,779232,Not at intersection,3,40,Arterial Other,SPENCER,MELBOURNE,-37.81626,144.95285,2023,8,August,15,Afternoon Peak,Weekend
T20230018901,2023-08-13,13:30:00,1,Collision with vehicle,7,Sunday,121,RIGHT THROUGH,1,37751,T intersection,2,60,Arterial Other,WILLIAMS,STONNINGTON,-37.85035,145.00284,2023,8,August,13,Midday,Weekend
T20230018902,2023-08-13,13:00:00,4,Collision with a fixed object,7,Sunday,181,OFF RIGHT BEND INTO OBJECT/PARKED VEHICLE,1,799178,Not at intersection,2,100,Arterial Other,HYLAND,WELLINGTON,-38.388485,146.75296,2023,8,August,13,Midday,Weekend
T20230019103,2023-08-13,15:45:00,1,Collision with vehicle,7,Sunday,116,LEFT NEAR (INTERSECTIONS ONLY),1,55820,T intersection,2,50,Arterial Other,MCCULLOCH,MORNINGTON PENINSULA,-38.33733,144.96088,2023,8,August,15,Afternoon Peak,Weekend
T20230018907,2023-08-13,17:50:00,3,Struck animal,7,Sunday,167,STRUCK ANIMAL,5,779878,T intersection,2,80,Arterial Other,KANGAROO GROUND-ST ANDREWS,NILLUMBIK,-37.619865,145.26317,2023,8,August,17,Afternoon Peak,Weekend
T20230018914,2023-08-13,22:59:00,1,Collision with vehicle,7,Sunday,121,RIGHT THROUGH,3,57571,Cross intersection,2,70,Arterial Highway,NORTH,MONASH,-37.91364,145.12189,2023,8,August,22,Night,Weekend
T20230018864,2023-08-13,10:13:00,2,Struck Pedestrian,7,Sunday,102,FAR SIDE. PED HIT BY VEHICLE FROM THE LEFT,1,778840,Cross intersection,3,50,Local Road,WATERVIEW,HUME,-37.589005,144.9059,2023,8,August,10,Midday,Weekend
T20230018928,2023-08-13,15:00:00,1,Collision with vehicle,7,Sunday,113,RIGHT NEAR (INTERSECTIONS ONLY),1,40570,T intersection,3,60,Arterial Highway,WARRIGAL,MONASH,-37.85605,145.09462,2023,8,August,15,Afternoon Peak,Weekend
T20230018867,2023-08-13,11:07:00,4,Collision with a fixed object,7,Sunday,181,OFF RIGHT BEND INTO OBJECT/PARKED VEHICLE,1,792958,Not at intersection,2,100,Arterial Other,PRINCES,BAW BAW,-38.09186,145.8332,2023,8,August,11,Midday,Weekend
T20230018875,2023-08-13,11:00:00,1,Collision with vehicle,7,Sunday,120,HEAD ON (NOT OVERTAKING),1,781754,Not at intersection,3,100,Arterial Highway,PRINCES,EAST GIPPSLAND,-37.820087,147.77284,2023,8,August,11,Midday,Weekend
T20230023118,2023-08-13,16:00:00,1,Collision with vehicle,7,Sunday,145,REVERSING IN STREAM OF TRAFFIC,1,789859,Not at intersection,3,50,Local Road,TURNER,MOONEE VALLEY,-37.762173,144.93637,2023,8,August,16,Afternoon Peak,Weekend
T20230019012,2023-08-13,12:50:00,1,Collision with vehicle,7,Sunday,130,REAR END(VEHICLES IN SAME LANE),1,779107,Cross intersection,3,70,Local Road,TARNEIT,WYNDHAM,-37.86092,144.667,2023,8,August,12,Midday,Weekend
T20230019106,2023-08-13,15:50:00,1,Collision with vehicle,7,Sunday,130,REAR END(VEHICLES IN SAME LANE),1,779173,Not at intersection,2,80,Arterial Highway,BURWOOD,WHITEHORSE,-37.85198,145.13326,2023,8,August,15,Afternoon Peak,Weekend
T20230019679,2023-08-13,23:55:00,1,Collision with vehicle,7,Sunday,110,CROSS TRAFFIC(INTERSECTIONS ONLY),3,779535,Cross intersection,3,60,Arterial Other,VICTORIA,MELBOURNE,-37.807716,144.97316,2023,8,August,23,Night,Weekend
T20230018888,2023-08-13,14:15:00,7,Fall from or in moving vehicle,7,Sunday,190,FELL IN/FROM VEHICLE,1,798123,Not at intersection,3,80,Arterial Other,BELGRAVE-GEMBROOK,CARDINIA,-37.944332,145.51422,2023,8,August,14,Midday,Weekend
T20230018876,2023-08-13,09:10:00,1,Collision with vehicle,7,Sunday,131,LEFT REAR,1,64311,T intersection,3,50,Local Road,THE BOULEVARD,BANYULE,-37.778248,145.0578,2023,8,August,9,Morning Peak,Weekend
T20230018915,2023-08-13,22:15:00,1,Collision with vehicle,7,Sunday,134,LANE CHANGE RIGHT (NOT OVERTAKING),3,797894,Not at intersection,2,60,Arterial Other,PASCOE VALE,MORELAND,-37.711445,144.917,2023,8,August,22,Night,Weekend
T20230020404,2023-08-13,14:50:00,1,Collision with vehicle,7,Sunday,113,RIGHT NEAR (INTERSECTIONS ONLY),1,44385,T intersection,3,60,Arterial Other,POINT COOK,WYNDHAM,-37.90023,144.75356,2023,8,August,14,Midday,Weekend
T20230018895,2023-08-13,16:00:00,1,Collision with vehicle,7,Sunday,130,REAR END(VEHICLES IN SAME LANE),1,778912,Not at intersection,3,60,Arterial Other,RINGWOOD-WARRANDYTE,MANNINGHAM,-37.755917,145.23273,2023,8,August,16,Afternoon Peak,Weekend
T20230018898,2023-08-13,12:04:00,1,Collision with vehicle,7,Sunday,113,RIGHT NEAR (INTERSECTIONS ONLY),1,780452,Y intersection,3,100,Local Road,POUND CREEK,BASS COAST,-38.583668,145.81633,2023,8,August,12,Midday,Weekend
T20230020394,2023-08-13,15:15:00,1,Collision with vehicle,7,Sunday,160,VEHICLE COLLIDES WITH VEHICLE PARKED ON LEFT OF ROAD,1,798124,Not at intersection,3,60,Local Road,HAROLD,DANDENONG,-37.97529,145.15083,2023,8,August,15,Afternoon Peak,Weekend
T20230018899,2023-08-13,18:15:00,1,Collision with vehicle,7,Sunday,142,LEAVING PARKING,3,798098,Not at intersection,2,60,Arterial Other,BAY,BAYSIDE,-37.95523,145.03313,2023,8,August,18,Afternoon Peak,Weekend
T20230018913,2023-08-13,14:58:00,4,Collision with a fixed object,7,Sunday,173,RIGHT OFF CARRIAGEWAY INTO OBJECT/PARKED VEHICLE,1,780965,Not at intersection,2,50,Local Road,CARRINGTON,MOONEE VALLEY,-37.737747,144.88985,2023,8,August,14,Midday,Weekend
T20230018883,2023-08-13,14:30:00,1,Collision with vehicle,7,Sunday,120,HEAD ON (NOT OVERTAKING),1,798097,Not at intersection,2,60,Arterial Highway,NORTH,GLEN EIRA,-37.907677,145.07033,2023,8,August,14,Midday,Weekend
T20230018983,2023-08-14,18:10:00,1,Collision with vehicle,1,Monday,130,REAR END(VEHICLES IN SAME LANE),2,779040,Not at intersection,2,80,Arterial Other,THOMPSONS,CASEY,-38.07901,145.25146,2023,8,August,18,Afternoon Peak,Weekday
T20230019454,2023-08-14,08:30:00,1,Collision with vehicle,1,Monday,130,REAR END(VEHICLES IN SAME LANE),1,779529,Not at intersection,3,40,Arterial Other,BALLAN,WYNDHAM,-37.83094,144.54175,2023,8,August,8,Morning Peak,Weekday
T20230019759,2023-08-14,11:05:00,1,Collision with vehicle,1,Monday,130,REAR END(VEHICLES IN SAME LANE),1,779580,Not at intersection,3,60,Local Road,TAYLORS,BRIMBANK,-37.726635,144.77365,2023,8,August,11,Midday,Weekday
T20230018972,2023-08-14,15:45:00,1,Collision with vehicle,1,Monday,110,CROSS TRAFFIC(INTERSECTIONS ONLY),1,260799,Cross intersection,2,50,Local Road,ROYAL,DAREBIN,-37.71209,145.01562,2023,8,August,15,Afternoon Peak,Weekday
T20230018969,2023-08-14,11:30:00,1,Collision with vehicle,1,Monday,121,RIGHT THROUGH,1,41023,Cross intersection,3,60,Arterial Other,DORSET,KNOX,-37.856075,145.28598,2023,8,August,11,Midday,Weekday
T20230018966,2023-08-14,16:11:00,4,Collision with a fixed object,1,Monday,171,LEFT OFF CARRIAGEWAY INTO OBJECT/PARKED VEHICLE,1,789695,Not at intersection,3,80,Arterial Highway,WESTERN PORT,CASEY,-38.082233,145.23871,2023,8,August,16,Afternoon Peak,Weekday
T20230018963,2023-08-14,15:35:00,2,Struck Pedestrian,1,Monday,100,PED NEAR SIDE. PED HIT BY VEHICLE FROM THE RIGHT.,1,798146,Cross intersection,2,60,Arterial Other,DALTON,WHITTLESEA,-37.682022,145.02974,2023,8,August,15,Afternoon Peak,Weekday