ACCIDENT_NO,ACCIDENT_DATE,ACCIDENT_TIME,ACCIDENT_TYPE,ACCIDENT_TYPE_DESC,DAY_OF_WEEK,DAY_WEEK_DESC,DCA_CODE,DCA_DESC,LIGHT_CONDITION,NODE_ID,ROAD_GEOMETRY_DESC,SEVERITY,SPEED_ZONE,RMA,ROAD_NAME,LGA_NAME,LATITUDE,LONGITUDE,YEAR,MONTH,MONTH_NAME,HOUR,TIME_PERIOD,DAY_TYPE
T20230018961,2023-08-14,09:15:00,2,Struck Pedestrian,1,Monday,100,PED NEAR SIDE. PED HIT BY VEHICLE FROM THE RIGHT.,1,789701,Not at intersection,3,50,Local Road,KAREN,KINGSTON,-37.95672,145.05528,2023,8,August,9,Morning Peak,Weekday
T20230018960,2023-08-14,14:55:00,1,Collision with vehicle,1,Monday,110,CROSS TRAFFIC(INTERSECTIONS ONLY),1,44609,Cross intersection,3,60,Arterial Other,MAIN,BALLARAT,-37.569946,143.87057,2023,8,August,14,Midday,Weekday
T20230018959,2023-08-14,10:26:00,1,Collision with vehicle,1,Monday,110,CROSS TRAFFIC(INTERSECTIONS ONLY),1,38060,Cross intersection,2,60,Arterial Other,ALBERT STREET -STATION,DAREBIN,-37.754433,145.02061,2023,8,August,10,Midday,Weekday
T20230018958,2023-08-14,14:15:00,4,Collision with a fixed object,1,Monday,171,LEFT OFF CARRIAGEWAY INTO OBJECT/PARKED VEHICLE,1,798182,Not at intersection,2,80,Freeway,CITYLINK,MELBOURNE,-37.79198,144.93655,2023,8,August,14,Midday,Weekday
T20230018951,2023-08-14,05:40:00,1,Collision with vehicle,1,Monday,121,RIGHT THROUGH,2,779966,Not at intersection,2,60,Arterial Other,SUNSHINE,BRIMBANK,-37.750465,144.83203,2023,8,August,5,Morning Peak,Weekday
T20230018949,2023-08-14,13:05:00,1,Collision with vehicle,1,Monday,130,REAR END(VEHICLES IN SAME LANE),1,778918,Not at intersection,3,60,Arterial Other,WATERDALE,DAREBIN,-37.72806,145.05023,2023,8,August,13,Midday,Weekday
T20230018947,2023-08-14,11:45:00,1,Collision with vehicle,1,Monday,121,RIGHT THROUGH,1,37220,Cross intersection,3,60,Arterial Other,CLYDE,CASEY,-38.038155,145.34253,2023,8,August,11,Midday,Weekday
T20230018946,2023-08-14,13:00:00,1,Collision with vehicle,1,Monday,147,VEHICLE STRIKES ANOTHER VEH WHILE EMERGING FROM DRIVEWAY,1,789694,Not at intersection,2,70,Arterial Highway,HIGH,GEELONG,-38.188087,144.32887,2023,8,August,13,Midday,Weekday
T20230018941,2023-08-14,11:18:00,6,Vehicle overturned (no collision),1,Monday,174,OUT OF CONTROL ON CARRIAGEWAY (ON STRAIGHT),1,778917,Not at intersection,3,50,Local Road,PASADENA,MORNINGTON PENINSULA,-38.38391,144.79662,2023,8,August,11,Midday,Weekday
T20230018940,2023-08-14,12:30:00,1,Collision with vehicle,1,Monday,121,RIGHT THROUGH,1,778916,T intersection,3,50,Local Road,GRANITE,FRANKSTON,-38.139183,145.21005,2023,8,August,12,Midday,Weekday
T20230018937,2023-08-14,06:28:00,1,Collision with vehicle,1,Monday,120,HEAD ON (NOT OVERTAKING),2,778915,Not at intersection,2,100,Arterial Other,WELLINGTON,CARDINIA,-37.940018,145.39987,2023,8,August,6,Morning Peak,Weekday
T20230018930,2023-08-14,10:00:00,6,Vehicle overturned (no collision),1,Monday,184,OUT OF CONTROL ON CARRIAGEWAY (ON BEND),1,778935,Y intersection,3,40,Arterial Other,CANTERBURY,BOROONDARA,-37.82423,145.08281,2023,8,August,10,Midday,Weekday
T20230018929,2023-08-14,08:00:00,1,Collision with vehicle,1,Monday,130,REAR END(VEHICLES IN SAME LANE),2,778914,Not at intersection,3,100,Freeway,HUME,WHITTLESEA,-37.659657,144.98723,2023,8,August,8,Morning Peak,Weekday
T20230018921,2023-08-14,05:15:00,3,Struck animal,1,Monday,167,STRUCK ANIMAL,5,779121,Not at intersection,3,80,Local Road,YAN YEAN,WHITTLESEA,-37.57648,145.14334,2023,8,August,5,Morning Peak,Weekday
T20230020893,2023-08-14,08:40:00,1,Collision with vehicle,1,Monday,130,REAR END(VEHICLES IN SAME LANE),1,780405,Not at intersection,2,60,Local Road,GLADSTONE,DANDENONG,-37.968983,145.20503,2023,8,August,8,Morning Peak,Weekday
T20230020009,2023-08-14,17:13:00,1,Collision with vehicle,1,Monday,130,REAR END(VEHICLES IN SAME LANE),2,779946,Not at intersection,3,80,Arterial Other,MELTON,BRIMBANK,-37.70172,144.80136,2023,8,August,17,Afternoon Peak,Weekday
T20230019199,2023-08-14,08:23:00,1,Collision with vehicle,1,Monday,130,REAR END(VEHICLES IN SAME LANE),1,779113,Not at intersection,3,100,Freeway,WESTERN,MELTON,-37.71849,144.64394,2023,8,August,8,Morning Peak,Weekday
T20230019295,2023-08-14,06:55:00,1,Collision with vehicle,1,Monday,130,REAR END(VEHICLES IN SAME LANE),2,52826,T intersection,3,60,Local Road,CUTHBERTS,BALLARAT,-37.555283,143.81314,2023,8,August,6,Morning Peak,Weekday
T20230019059,2023-08-14,06:40:00,1,Collision with vehicle,1,Monday,130,REAR END(VEHICLES IN SAME LANE),2,35331,Cross intersection,3,80,Arterial Highway,GREENSBOROUGH,BANYULE,-37.70317,145.08983,2023,8,August,6,Morning Peak,Weekday
T20230019009,2023-08-14,14:00:00,1,Collision with vehicle,1,Monday,130,REAR END(VEHICLES IN SAME LANE),1,799825,T intersection,3,60,Local Road,BRUNEL,FRANKSTON,-38.10272,145.14133,2023,8,August,14,Midday,Weekday
T20230018993,2023-08-14,19:20:00,1,Collision with vehicle,1,Monday,121,RIGHT THROUGH,2,779314,Not at intersection,3,80,Arterial Other,DONNYBROOK,HUME,-37.537575,144.9221,2023,8,August,19,Night,Weekday
T20230019026,2023-08-15,13:18:00,1,Collision with vehicle,2,Tuesday,140,U TURN,1,792957,Not at intersection,3,80,Arterial Highway,BURWOOD,WHITEHORSE,-37.85367,145.16005,2023,8,August,13,Midday,Weekday
T20230019122,2023-08-15,17:15:00,1,Collision with vehicle,2,Tuesday,147,VEHICLE STRIKES ANOTHER VEH WHILE EMERGING FROM DRIVEWAY,1,789690,Not at intersection,3,60,Local Road,SPRINGFIELD,WHITEHORSE,-37.809196,145.14104,2023,8,August,17,Afternoon Peak,Weekday
T20230019055,2023-08-15,15:32:00,1,Collision with vehicle,2,Tuesday,149,OTHER MANOEUVRING NOT INCLUDED IN DCAs 140-148,1,790530,Not at intersection,3,40,Arterial Other,BURKE,BOROONDARA,-37.829105,145.05713,2023,8,August,15,Afternoon Peak,Weekday
T20230019054,2023-08-15,14:37:00,1,Collision with vehicle,2,Tuesday,160,VEHICLE COLLIDES WITH VEHICLE PARKED ON LEFT OF ROAD,1,780084,Not at intersection,3,80,Arterial Other,BLACKBURN,WHITEHORSE,-37.844887,145.15466,2023,8,August,14,Midday,Weekday
T20230019133,2023-08-15,18:31:00,1,Collision with vehicle,2,Tuesday,121,RIGHT THROUGH,2,779198,Cross intersection,2,40,Local Road,GRAND,HUME,-37.57086,144.9036,2023,8,August,18,Afternoon Peak,Weekday
T20230022566,2023-08-15,14:38:00,4,Collision with a fixed object,2,Tuesday,171,LEFT OFF CARRIAGEWAY INTO OBJECT/PARKED VEHICLE,1,781925,Cross intersection,3,60,Arterial Other,HAWTHORN,BAYSIDE,-37.908676,145.01785,2023,8,August,14,Midday,Weekday
T20230020230,2023-08-15,08:15:00,1,Collision with vehicle,2,Tuesday,154,PULLING OUT -REAR END,1,789659,Not at intersection,2,100,Arterial Other,MURRADOC,GEELONG,-38.18139,144.63887,2023,8,August,8,Morning Peak,Weekday
T20230019030,2023-08-15,13:54:00,1,Collision with vehicle,2,Tuesday,110,CROSS TRAFFIC(INTERSECTIONS ONLY),1,20017,Cross intersection,3,60,Arterial Highway,HIGH,BENDIGO,-36.76339,144.27068,2023,8,August,13,Midday,Weekday
T20230020563,2023-08-15,09:10:00,1,Collision with vehicle,2,Tuesday,130,REAR END(VEHICLES IN SAME LANE),1,798213,Not at intersection,3,100,Freeway,HUME,WHITTLESEA,-37.64191,144.992,2023,8,August,9,Morning Peak,Weekday
T20230019325,2023-08-15,08:40:00,1,Collision with vehicle,2,Tuesday,137,LEFT TURN SIDESWIPE,1,36696,T intersection,2,40,Arterial Other,JOHNSTON,YARRA,-37.80008,144.99538,2023,8,August,8,Morning Peak,Weekday
T20230019005,2023-08-15,08:35:00,1,Collision with vehicle,2,Tuesday,110,CROSS TRAFFIC(INTERSECTIONS ONLY),1,730901,Cross intersection,3,60,Arterial Other,CRANBOURNE-FRANKSTON,FRANKSTON,-38.152138,145.19101,2023,8,August,8,Morning Peak,Weekday
T20230019008,2023-08-15,07:15:00,1,Collision with vehicle,2,Tuesday,136,RIGHT TURN SIDESWIPE,1,780139,Cross intersection,2,50,Arterial Other,MCLEOD,KINGSTON,-38.075726,145.12485,2023,8,August,7,Morning Peak,Weekday
T20230019079,2023-08-15,20:07:00,4,Collision with a fixed object,2,Tuesday,171,LEFT OFF CARRIAGEWAY INTO OBJECT/PARKED VEHICLE,5,782834,Not at intersection,3,80,Local Road,REMEMBRANCE,BALLARAT,-37.536533,143.7739,2023,8,August,20,Night,Weekday
T20230019010,2023-08-15,09:37:00,2,Struck Pedestrian,2,Tuesday,100,PED NEAR SIDE. PED HIT BY VEHICLE FROM THE RIGHT.,1,778924,Not at intersection,3,50,Local Road,CARRICK,HUME,-37.700317,144.88536,2023,8,August,9,Morning Peak,Weekday
T20230019013,2023-08-15,10:15:00,1,Collision with vehicle,2,Tuesday,133,LANE SIDE SWIPE (VEHICLES IN PARALLEL LANES),1,35704,T intersection,3,60,Arterial Other,MT ALEXANDER,MOONEE VALLEY,-37.762165,144.92175,2023,8,August,10,Midday,Weekday
T20230019203,2023-08-15,20:50:00,1,Collision with vehicle,2,Tuesday,133,LANE SIDE SWIPE (VEHICLES IN PARALLEL LANES),3,789057,Not at intersection,3,40,Local Road,LYGON,MORELAND,-37.764416,144.97298,2023,8,August,20,Night,Weekday
T20230019043,2023-08-15,11:40:00,1,Collision with vehicle,2,Tuesday,153,CUTTING IN (OVERTAKING),1,786987,Not at intersection,3,60,Local Road,WIDFORD,MORELAND,-37.695503,144.92505,2023,8,August,11,Midday,Weekday
T20230019075,2023-08-15,18:15:00,1,Collision with vehicle,2,Tuesday,130,REAR END(VEHICLES IN SAME LANE),2,779330,Not at intersection,3,80,Arterial Other,PRINCES,CARDINIA,-38.069263,145.47208,2023,8,August,18,Afternoon Peak,Weekday
T20230019628,2023-08-15,17:40:00,1,Collision with vehicle,2,Tuesday,130,REAR END(VEHICLES IN SAME LANE),2,780692,Not at intersection,3,100,Arterial Highway,NORTHERN,CAMPASPE,-36.256042,144.71223,2023,8,August,17,Afternoon Peak,Weekday
T20230019057,2023-08-15,16:15:00,1,Collision with vehicle,2,Tuesday,121,RIGHT THROUGH,1,779042,Not at intersection,3,80,Arterial Highway,SOUTH GIPPSLAND,CASEY,-38.084606,145.27766,2023,8,August,16,Afternoon Peak,Weekday
T20230019016,2023-08-15,11:20:00,2,Struck Pedestrian,2,Tuesday,107,PED ON FOOTHPATH STRUCK BY VEHENTERING/LEAVING DRIVEWAY.,1,789671,T intersection,3,50,Local Road,ELGIN,WODONGA,-36.11926,146.87996,2023,8,August,11,Midday,Weekday
T20230019049,2023-08-15,15:40:00,1,Collision with vehicle,2,Tuesday,110,CROSS TRAFFIC(INTERSECTIONS ONLY),1,789691,Cross intersection,2,50,Local Road,YARRA,YARRA RANGES,-37.78282,145.61172,2023,8,August,15,Afternoon Peak,Weekday
T20230022455,2023-08-15,15:40:00,1,Collision with vehicle,2,Tuesday,111,RIGHT FAR (INTERSECTIONS ONLY),1,781841,Cross intersection,3,40,Arterial Highway,HAMILTON,SOUTHERN GRAMPIANS,-37.74389,142.0512,2023,8,August,15,Afternoon Peak,Weekday
T20230019074,2023-08-15,17:10:00,1,Collision with vehicle,2,Tuesday,120,HEAD ON (NOT OVERTAKING),1,747371,Not at intersection,3,80,Local Road,GLENFERN,KNOX,-37.893456,145.29185,2023,8,August,17,Afternoon Peak,Weekday
T20230019040,2023-08-15,09:30:00,1,Collision with vehicle,2,Tuesday,130,REAR END(VEHICLES IN SAME LANE),1,798211,Not at intersection,2,70,Arterial Other,EDGARS,WHITTLESEA,-37.686165,145.00255,2023,8,August,9,Morning Peak,Weekday
T20230019034,2023-08-15,14:10:00,1,Collision with vehicle,2,Tuesday,130,REAR END(VEHICLES IN SAME LANE),1,779041,Not at intersection,3,50,Local Road,ELIBURN,CASEY,-38.11526,145.2989,2023,8,August,14,Midday,Weekday
T20230019072,2023-08-15,16:55:00,1,Collision with vehicle,2,Tuesday,116,LEFT NEAR (INTERSECTIONS ONLY),1,69132,Cross intersection,3,80,Arterial Highway,NEPEAN,BAYSIDE,-37.9064,145.00838,2023,8,August,16,Afternoon Peak,Weekday
T20230019071,2023-08-15,17:00:00,1,Collision with vehicle,2,Tuesday,121,RIGHT THROUGH,2,40580,T intersection,2,60,Arterial Highway,WARRIGAL,BOROONDARA,-37.86269,145.09341,2023,8,August,17,Afternoon Peak,Weekday
T20230019068,2023-08-15,15:06:00,2,Struck Pedestrian,2,Tuesday,102,FAR SIDE. PED HIT BY VEHICLE FROM THE LEFT,1,779712,Not at intersection,2,60,Arterial Other,BLUFF,BAYSIDE,-37.946823,145.02211,2023,8,August,15,Afternoon Peak,Weekday
T20230019018,2023-08-15,11:50:00,1,Collision with vehicle,2,Tuesday,121,RIGHT THROUGH,1,323886,Cross intersection,3,70,Freeway,PLENTY,NILLUMBIK,-37.686226,145.06813,2023,8,August,11,Midday,Weekday
T20230019060,2023-08-15,17:10:00,1,Collision with vehicle,2,Tuesday,132,RIGHT REAR.,2,779197,T intersection,3,60,Local Road,MELALUKA,GEELONG,-38.18004,144.45691,2023,8,August,17,Afternoon Peak,Weekday
T20230019058,2023-08-15,17:04:00,1,Collision with vehicle,2,Tuesday,121,RIGHT THROUGH,2,45553,T intersection,3,60,Arterial Other,DAWSON,MORELAND,-37.769993,144.94853,2023,8,August,17,Afternoon Peak,Weekday
T20230019056,2023-08-15,09:00:00,2,Struck Pedestrian,2,Tuesday,100,PED NEAR SIDE. PED HIT BY VEHICLE FROM THE RIGHT.,1,57005,T intersection,3,50,Arterial Other,FORSYTH,WYNDHAM,-37.87579,144.73735,2023,8,August,9,Morning Peak,Weekday
T20230019019,2023-08-15,09:08:00,1,Collision with vehicle,2,Tuesday,133,LANE SIDE SWIPE (VEHICLES IN PARALLEL LANES),1,780966,Not at intersection,3,60,Arterial Other,MURRUMBEENA,GLEN EIRA,-37.89828,145.0649,2023,8,August,9,Morning Peak,Weekday
T20230019022,2023-08-15,07:57:00,1,Collision with vehicle,2,Tuesday,121,RIGHT THROUGH,2,40996,T intersection,2,60,Arterial Other,MOUNTAIN,KNOX,-37.837994,145.28018,2023,8,August,7,Morning Peak,Weekday
T20230019053,2023-08-15,17:30:00,1,Collision with vehicle,2,Tuesday,130,REAR END(VEHICLES IN SAME LANE),2,778931,Not at intersection,3,60,Arterial Other,PRINCES,WYNDHAM,-37.89356,144.68109,2023,8,August,17,Afternoon Peak,Weekday
T20230018999,2023-08-15,08:20:00,1,Collision with vehicle,2,Tuesday,160,VEHICLE COLLIDES WITH VEHICLE PARKED ON LEFT OF ROAD,1,796569,Not at intersection,2,40,Local Road,AUGHTIE,PORT PHILLIP,-37.84605,144.96573,2023,8,August,8,Morning Peak,Weekday
T20230020059,2023-08-15,21:55:00,6,Vehicle overturned (no collision),2,Tuesday,172,OFF CARRIAGEWAY TO RIGHT,5,781919,Not at intersection,2,100,Local Road,CHARLTON BOUNDARY,BULOKE,-36.308872,143.159,2023,8,August,21,Night,Weekday
T20230019027,2023-08-15,13:25:00,1,Collision with vehicle,2,Tuesday,110,CROSS TRAFFIC(INTERSECTIONS ONLY),1,798210,Cross intersection,2,60,Arterial Other,PRINCES,BAW BAW,-38.12812,145.84723,2023,8,August,13,Midday,Weekday
T20230019535,2023-08-15,02:00:00,4,Collision with a fixed object,2,Tuesday,181,OFF RIGHT BEND INTO OBJECT/PARKED VEHICLE,9,780638,Not at intersection,2,80,Arterial Other,FORREST-APOLLO BAY,COLAC OTWAY,-38.58128,143.70515,2023,8,August,2,Late Night,Weekday
T20230019779,2023-08-15,20:05:00,1,Collision with vehicle,2,Tuesday,130,REAR END(VEHICLES IN SAME LANE),3,779607,Not at intersection,3,60,Arterial Other,BLACKBURN,MONASH,-37.90166,145.14288,2023,8,August,20,Night,Weekday
T20230019084,2023-08-15,17:57:00,1,Collision with vehicle,2,Tuesday,110,CROSS TRAFFIC(INTERSECTIONS ONLY),3,36461,Cross intersection,2,40,Local Road,FITZROY,YARRA,-37.798943,144.97726,2023,8,August,17,Afternoon Peak,Weekday
T20230019086,2023-08-15,15:55:00,1,Collision with vehicle,2,Tuesday,114,TWO RIGHT TURNING (INTERSECTIONS ONLY),1,55726,T intersection,2,80,Arterial Other,WESTALL,DANDENONG,-37.97979,145.14311,2023,8,August,15,Afternoon Peak,Weekday
T20230019091,2023-08-15,02:35:00,4,Collision with a fixed object,2,Tuesday,173,RIGHT OFF CARRIAGEWAY INTO OBJECT/PARKED VEHICLE,3,291115,T intersection,2,80,Arterial Other,PASCOE VALE,HUME,-37.65766,144.92697,2023,8,August,2,Late Night,Weekday
T20230019037,2023-08-15,14:06:00,1,Collision with vehicle,2,Tuesday,130,REAR END(VEHICLES IN SAME LANE),1,781138,T intersection,3,60,Arterial Highway,WARRIGAL,KINGSTON,-37.92569,145.0821,2023,8,August,14,Midday,Weekday
T20240004472,2023-08-16,16:41:00,1,Collision with vehicle,3,Wednesday,130,REAR END(VEHICLES IN SAME LANE),1,46392,T intersection,3,80,Arterial Highway,NEPEAN,FRANKSTON,-38.165455,145.10165,2023,8,August,16,Afternoon Peak,Weekday
T20230019126,2023-08-16,11:45:00,1,Collision with vehicle,3,Wednesday,121,RIGHT THROUGH,1,55384,Cross intersection,2,80,Local Road,ALLIES,BENDIGO,-36.708916,144.21552,2023,8,August,11,Midday,Weekday
T20230019131,2023-08-16,08:00:00,1,Collision with vehicle,3,Wednesday,130,REAR END(VEHICLES IN SAME LANE),2,779046,Not at intersection,2,100,Arterial Highway,PRINCES,CORANGAMITE,-38.215076,143.08223,2023,8,August,8,Morning Peak,Weekday
T20230019498,2023-08-16,06:15:00,2,Struck Pedestrian,3,Wednesday,100,PED NEAR SIDE. PED HIT BY VEHICLE FROM THE RIGHT.,2,779594,T intersection,3,80,Local Road,PLENTY RIVER,NILLUMBIK,-37.68358,145.11884,2023,8,August,6,Morning Peak,Weekday
T20230019593,2023-08-16,20:30:00,1,Collision with vehicle,3,Wednesday,110,CROSS TRAFFIC(INTERSECTIONS ONLY),3,29656,Cross intersection,3,40,Local Road,CHESTER,MONASH,-37.899345,145.08862,2023,8,August,20,Night,Weekday
T20230019132,2023-08-16,07:03:00,1,Collision with vehicle,3,Wednesday,121,RIGHT THROUGH,2,47382,T intersection,2,60,Freeway,WESTERN IN-COBURNS,MELTON,-37.68815,144.56744,2023,8,August,7,Morning Peak,Weekday
T20230021300,2023-08-16,15:55:00,1,Collision with vehicle,3,Wednesday,130,REAR END(VEHICLES IN SAME LANE),1,293573,Not at intersection,3,50,Local Road,BOUNDARY,MORNINGTON PENINSULA,-38.34192,144.96133,2023,8,August,15,Afternoon Peak,Weekday
T20230019204,2023-08-16,15:40:00,1,Collision with vehicle,3,Wednesday,133,LANE SIDE SWIPE (VEHICLES IN PARALLEL LANES),1,789497,Not at intersection,3,50,Local Road,DAWSON,KNOX,-37.89547,145.30922,2023,8,August,15,Afternoon Peak,Weekday
T20230020519,2023-08-16,17:00:00,1,Collision with vehicle,3,Wednesday,163,VEHICLE STRIKES DOOR OF PARKED/STATIONARY VEHICLE,2,780037,Not at intersection,3,40,Local Road,BOURKE,MELBOURNE,-37.81538,144.95924,2023,8,August,17,Afternoon Peak,Weekday
T20230019134,2023-08-16,13:00:00,1,Collision with vehicle,3,Wednesday,130,REAR END(VEHICLES IN SAME LANE),1,779331,Not at intersection,3,80,Arterial Other,CLYDE,CASEY,-38.06011,145.3382,2023,8,August,13,Midday,Weekday
T20230019207,2023-08-16,06:20:00,1,Collision with vehicle,3,Wednesday,130,REAR END(VEHICLES IN SAME LANE),2,779449,Not at intersection,3,80,Arterial Other,COOPER,WHITTLESEA,-37.6485,144.99207,2023,8,August,6,Morning Peak,Weekday
T20230019135,2023-08-16,13:03:00,2,Struck Pedestrian,3,Wednesday,100,PED NEAR SIDE. PED HIT BY VEHICLE FROM THE RIGHT.,1,779942,Not at intersection,2,50,Local Road,RUSHDALE,KNOX,-37.90239,145.24908,2023,8,August,13,Midday,Weekday
T20230019137,2023-08-16,13:20:00,6,Vehicle overturned (no collision),3,Wednesday,184,OUT OF CONTROL ON CARRIAGEWAY (ON BEND),1,789624,Not at intersection,3,60,Arterial Other,HEIDELBERG-KINGLAKE,NILLUMBIK,-37.56102,145.31999,2023,8,August,13,Midday,Weekday
T20230019138,2023-08-16,13:09:00,1,Collision with vehicle,3,Wednesday,111,RIGHT FAR (INTERSECTIONS ONLY),1,48781,Cross intersection,3,50,Local Road,BARKLY,HUME,-37.583256,144.7304,2023,8,August,13,Midday,Weekday
T20230019141,2023-08-16,15:30:00,1,Collision with vehicle,3,Wednesday,130,REAR END(VEHICLES IN SAME LANE),1,782719,Not at intersection,3,100,Arterial Highway,GREAT ALPINE,EAST GIPPSLAND,-37.79896,147.66109,2023,8,August,15,Afternoon Peak,Weekday
T20230019216,2023-08-16,08:45:00,1,Collision with vehicle,3,Wednesday,130,REAR END(VEHICLES IN SAME LANE),1,50158,Cross intersection,2,70,Local Road,DOROTHY,GEELONG,-38.178535,144.33902,2023,8,August,8,Morning Peak,Weekday
T20230020356,2023-08-16,12:00:00,1,Collision with vehicle,3,Wednesday,140,U TURN,1,779929,Not at intersection,3,40,Local Road,PAKINGTON,GEELONG,-38.133152,144.34976,2023,8,August,12,Midday,Weekday
T20230019143,2023-08-16,12:00:00,2,Struck Pedestrian,3,Wednesday,108,PED STRUCK WALKING TO/FROM OR BOARDING/ALIGHTING VEHICLE.,1,779110,Not at intersection,2,60,Local Road,GUTHRIDGE,WELLINGTON,-38.095936,147.08443,2023,8,August,12,Midday,Weekday
T20230019223,2023-08-16,12:00:00,1,Collision with vehicle,3,Wednesday,130,REAR END(VEHICLES IN SAME LANE),1,779177,Not at intersection,3,80,Arterial Highway,MIDLAND,BENDIGO,-36.701797,144.3168,2023,8,August,12,Midday,Weekday
T20230019144,2023-08-16,15:29:00,1,Collision with vehicle,3,Wednesday,132,RIGHT REAR.,1,40925,Cross intersection,3,80,Arterial Other,BORONIA,KNOX,-37.855556,145.25208,2023,8,August,15,Afternoon Peak,Weekday
T20230019151,2023-08-16,15:31:00,1,Collision with vehicle,3,Wednesday,113,RIGHT NEAR (INTERSECTIONS ONLY),1,782948,T intersection,2,50,Local Road,KITCHENER,CARDINIA,-37.93406,145.49713,2023,8,August,15,Afternoon Peak,Weekday
T20230019559,2023-08-16,18:05:00,1,Collision with vehicle,3,Wednesday,147,VEHICLE STRIKES ANOTHER VEH WHILE EMERGING FROM DRIVEWAY,3,789630,Not at intersection,3,60,Arterial Other,BARKERS,BOROONDARA,-37.817036,145.05656,2023,8,August,18,Afternoon Peak,Weekday
T20230019232,2023-08-16,11:00:00,6,Vehicle overturned (no collision),3,Wednesday,170,OFF CARRIAGEWAY TO LEFT,1,779179,Not at intersection,2,100,Local Road,ABBEYARD,ALPINE,-36.879215,146.69681,2023,8,August,11,Midday,Weekday
T20230019155,2023-08-16,17:20:00,6,Vehicle overturned (no collision),3,Wednesday,174,OUT OF CONTROL ON CARRIAGEWAY (ON STRAIGHT),1,782720,Not at intersection,3,50,Local Road,RIFLE BUTTS,GANNAWARRA,-35.78143,144.23578,2023,8,August,17,Afternoon Peak,Weekday
T20230019157,2023-08-16,14:50:00,1,Collision with vehicle,3,Wednesday,116,LEFT NEAR (INTERSECTIONS ONLY),1,779111,T intersection,2,50,Local Road,SUSAN,BAYSIDE,-37.945168,145.0075,2023,8,August,14,Midday,Weekday
T20230019158,2023-08-16,18:10:00,1,Collision with vehicle,3,Wednesday,130,REAR END(VEHICLES IN SAME LANE),2,779647,Not at intersection,2,80,Arterial Highway,NEPEAN HIGHWAY SERVICE,KINGSTON,-37.94478,145.04306,2023,8,August,18,Afternoon Peak,Weekday
T20230019164,2023-08-16,19:00:00,1,Collision with vehicle,3,Wednesday,120,HEAD ON (NOT OVERTAKING),2,779332,Not at intersection,2,40,Arterial Highway,PRINCES,MOYNE,-38.307774,142.04555,2023,8,August,19,Night,Weekday
T20230019171,2023-08-16,18:30:00,1,Collision with vehicle,3,Wednesday,160,VEHICLE COLLIDES WITH VEHICLE PARKED ON LEFT OF ROAD,3,779333,Not at intersection,3,60,Local Road,KINGSWOOD,HUME,-37.592358,144.93913,2023,8,August,18,Afternoon Peak,Weekday
T20230019175,2023-08-16,17:12:00,1,Collision with vehicle,3,Wednesday,130,REAR END(VEHICLES IN SAME LANE),5,780925,Not at intersection,3,80,Freeway,TULLAMARINE,MOONEE VALLEY,-37.726532,144.89122,2023,8,August,17,Afternoon Peak,Weekday
T20230019563,2023-08-16,18:15:00,1,Collision with vehicle,3,Wednesday,111,RIGHT FAR (INTERSECTIONS ONLY),1,43394,T intersection,2,60,Arterial Other,SEAFORD,FRANKSTON,-38.112072,145.1525,2023,8,August,18,Afternoon Peak,Weekday
T20230019177,2023-08-16,21:56:00,1,Collision with vehicle,3,Wednesday,160,VEHICLE COLLIDES WITH VEHICLE PARKED ON LEFT OF ROAD,3,789400,Not at intersection,2,50,Local Road,MCMAHONS,FRANKSTON,-38.14044,145.1381,2023,8,August,21,Night,Weekday
T20230019705,2023-08-16,13:10:00,1,Collision with vehicle,3,Wednesday,116,LEFT NEAR (INTERSECTIONS ONLY),1,41452,T intersection,3,60,Arterial Other,MURRUMBEENA,GLEN EIRA,-37.90214,145.0642,2023,8,August,13,Midday,Weekday
T20230019378,2023-08-16,11:45:00,1,Collision with vehicle,3,Wednesday,116,LEFT NEAR (INTERSECTIONS ONLY),1,41479,T intersection,3,70,Arterial Highway,NORTH,GLEN EIRA,-37.907463,145.06856,2023,8,August,11,Midday,Weekday
T20230019176,2023-08-16,18:50:00,1,Collision with vehicle,3,Wednesday,121,RIGHT THROUGH,3,798440,T intersection,3,50,Arterial Other,PRINCES,WYNDHAM,-37.920284,144.63521,2023,8,August,18,Afternoon Peak,Weekday
T20240000370,2023-08-16,21:30:00,1,Collision with vehicle,3,Wednesday,130,REAR END(VEHICLES IN SAME LANE),3,798452,Not at intersection,3,60,Local Road,GRAND,HUME,-37.57655,144.92946,2023,8,August,21,Night,Weekday
T20230019224,2023-08-16,14:35:00,1,Collision with vehicle,3,Wednesday,120,HEAD ON (NOT OVERTAKING),1,781832,Cross intersection,2,60,Local Road,NEALE,MELTON,-37.74155,144.70631,2023,8,August,14,Midday,Weekday
T20230019105,2023-08-16,08:50:00,1,Collision with vehicle,3,Wednesday,110,CROSS TRAFFIC(INTERSECTIONS ONLY),1,51949,Cross intersection,3,50,Arterial Highway,MAIN,EAST GIPPSLAND,-37.825684,147.6319,2023,8,August,8,Morning Peak,Weekday
T20230019109,2023-08-16,08:55:00,6,Vehicle overturned (no collision),3,Wednesday,184,OUT OF CONTROL ON CARRIAGEWAY (ON BEND),1,36133,T intersection,2,80,Arterial Other,KELLETTS,KNOX,-37.913193,145.2675,2023,8,August,8,Morning Peak,Weekday
T20230019689,2023-08-16,17:24:00,1,Collision with vehicle,3,Wednesday,133,LANE SIDE SWIPE (VEHICLES IN PARALLEL LANES),1,780386,Not at intersection,3,40,Freeway,TULLAMARINE,MOONEE VALLEY,-37.725365,144.89148,2023,8,August,17,Afternoon Peak,Weekday