ACCIDENT_NO,ACCIDENT_DATE,ACCIDENT_TIME,ACCIDENT_TYPE,ACCIDENT_TYPE_DESC,DAY_OF_WEEK,DAY_WEEK_DESC,DCA_CODE,DCA_DESC,LIGHT_CONDITION,NODE_ID,ROAD_GEOMETRY_DESC,SEVERITY,SPEED_ZONE,RMA,ROAD_NAME,LGA_NAME,LATITUDE,LONGITUDE,YEAR,MONTH,MONTH_NAME,HOUR,TIME_PERIOD,DAY_TYPE
T20230019111,2023-08-16,07:35:00,1,Collision with vehicle,3,Wednesday,160,VEHICLE COLLIDES WITH VEHICLE PARKED ON LEFT OF ROAD,1,783653,T intersection,2,80,Arterial Highway,BURWOOD,KNOX,-37.888565,145.29666,2023,8,August,7,Morning Peak,Weekday
T20230020718,2023-08-16,21:57:00,4,Collision with a fixed object,3,Wednesday,173,RIGHT OFF CARRIAGEWAY INTO OBJECT/PARKED VEHICLE,5,780396,Not at intersection,3,60,Arterial Other,EMERALD-MONBULK,YARRA RANGES,-37.893898,145.4357,2023,8,August,21,Night,Weekday
T20230019113,2023-08-16,09:10:00,1,Collision with vehicle,3,Wednesday,130,REAR END(VEHICLES IN SAME LANE),2,779947,Not at intersection,3,80,Local Road,JONES,MORNINGTON PENINSULA,-38.25249,145.16885,2023,8,August,9,Morning Peak,Weekday
T20230019114,2023-08-16,10:05:00,1,Collision with vehicle,3,Wednesday,130,REAR END(VEHICLES IN SAME LANE),1,779367,Not at intersection,3,100,Freeway,EASTERN,BOROONDARA,-37.790657,145.0374,2023,8,August,10,Midday,Weekday
T20230019117,2023-08-16,09:06:00,2,Struck Pedestrian,3,Wednesday,104,PED WALKING WITH TRAFFIC,1,779599,T intersection,2,50,Local Road,WYLIE,MELTON,-37.731796,144.75525,2023,8,August,9,Morning Peak,Weekday
T20230019120,2023-08-16,10:09:00,1,Collision with vehicle,3,Wednesday,114,TWO RIGHT TURNING (INTERSECTIONS ONLY),1,780227,T intersection,2,80,Local Road,HORNE,WARRNAMBOOL,-38.373016,142.53502,2023,8,August,10,Midday,Weekday
T20230019121,2023-08-16,09:59:00,1,Collision with vehicle,3,Wednesday,130,REAR END(VEHICLES IN SAME LANE),1,779109,Not at intersection,3,100,Freeway,EASTERN,YARRA,-37.793926,145.00652,2023,8,August,9,Morning Peak,Weekday
T20230021986,2023-08-16,07:30:00,1,Collision with vehicle,3,Wednesday,113,RIGHT NEAR (INTERSECTIONS ONLY),9,789499,T intersection,3,60,Arterial Other,UPPER HEIDELBERG,BANYULE,-37.764477,145.04678,2023,8,August,7,Morning Peak,Weekday
T20230019220,2023-08-17,14:15:00,1,Collision with vehicle,4,Thursday,116,LEFT NEAR (INTERSECTIONS ONLY),1,686806,T intersection,3,70,Local Road,GLASSCOCKS,CASEY,-38.06768,145.28261,2023,8,August,14,Midday,Weekday
T20230019221,2023-08-17,14:10:00,1,Collision with vehicle,4,Thursday,113,RIGHT NEAR (INTERSECTIONS ONLY),1,52496,T intersection,3,60,Arterial Other,ELEVENTH,MILDURA,-34.190426,142.15843,2023,8,August,14,Midday,Weekday
T20230019234,2023-08-17,15:30:00,1,Collision with vehicle,4,Thursday,113,RIGHT NEAR (INTERSECTIONS ONLY),1,42083,Y intersection,3,60,Arterial Other,BEACH,BAYSIDE,-37.962116,145.0116,2023,8,August,15,Afternoon Peak,Weekday
T20230019244,2023-08-17,15:30:00,2,Struck Pedestrian,4,Thursday,102,FAR SIDE. PED HIT BY VEHICLE FROM THE LEFT,1,789443,Cross intersection,2,60,Non Arterial,FEDERATION,WYNDHAM,-37.86277,144.73175,2023,8,August,15,Afternoon Peak,Weekday
T20230019266,2023-08-17,23:30:00,1,Collision with vehicle,4,Thursday,110,CROSS TRAFFIC(INTERSECTIONS ONLY),3,29816,Cross intersection,3,60,Arterial Other,BALLARAT,BRIMBANK,-37.777145,144.8287,2023,8,August,23,Night,Weekday
T20230019248,2023-08-17,18:25:00,1,Collision with vehicle,4,Thursday,130,REAR END(VEHICLES IN SAME LANE),3,798441,Not at intersection,2,70,Arterial Highway,MCMAHONS,FRANKSTON,-38.153522,145.13382,2023,8,August,18,Afternoon Peak,Weekday
T20230019252,2023-08-17,16:45:00,4,Collision with a fixed object,4,Thursday,171,LEFT OFF CARRIAGEWAY INTO OBJECT/PARKED VEHICLE,1,789495,Not at intersection,3,100,Arterial Other,MERTON-EUROA,MANSFIELD,-36.956734,145.69713,2023,8,August,16,Afternoon Peak,Weekday
T20230019627,2023-08-17,05:50:00,1,Collision with vehicle,4,Thursday,114,TWO RIGHT TURNING (INTERSECTIONS ONLY),2,65658,T intersection,3,40,Local Road,GROSVENOR,YARRA,-37.8087,145.00668,2023,8,August,5,Morning Peak,Weekday
T20230021939,2023-08-17,06:28:00,1,Collision with vehicle,4,Thursday,130,REAR END(VEHICLES IN SAME LANE),2,781350,Not at intersection,2,70,Arterial Highway,DANDENONG,STONNINGTON,-37.87675,145.04642,2023,8,August,6,Morning Peak,Weekday
T20230019803,2023-08-17,14:27:00,1,Collision with vehicle,4,Thursday,135,LANE CHANGE LEFT (NOT OVERTAKING),1,789490,Not at intersection,2,60,Local Road,HIGH,MELTON,-37.68442,144.56035,2023,8,August,14,Midday,Weekday
T20230019272,2023-08-17,17:45:00,1,Collision with vehicle,4,Thursday,120,HEAD ON (NOT OVERTAKING),2,779787,Not at intersection,3,100,Arterial Other,WANGARATTA-WHITFIELD,WANGARATTA,-36.535957,146.37927,2023,8,August,17,Afternoon Peak,Weekday
T20230019200,2023-08-17,11:14:00,1,Collision with vehicle,4,Thursday,160,VEHICLE COLLIDES WITH VEHICLE PARKED ON LEFT OF ROAD,1,781631,Not at intersection,3,70,Arterial Highway,PRINCES HIGHWAY,EAST GIPPSLAND,-37.832634,147.60818,2023,8,August,11,Midday,Weekday
T20230019189,2023-08-17,08:56:00,1,Collision with vehicle,4,Thursday,111,RIGHT FAR (INTERSECTIONS ONLY),1,36546,Cross intersection,2,40,Local Road,GEORGE,YARRA,-37.80611,144.9806,2023,8,August,8,Morning Peak,Weekday
T20230019184,2023-08-17,02:13:00,4,Collision with a fixed object,4,Thursday,183,OFF LEFT BEND INTO OBJECT/PARKED VEHICLE,3,792262,Not at intersection,2,60,Arterial Other,DALTON,WHITTLESEA,-37.658863,145.03064,2023,8,August,2,Late Night,Weekday
T20230019254,2023-08-17,18:50:00,4,Collision with a fixed object,4,Thursday,171,LEFT OFF CARRIAGEWAY INTO OBJECT/PARKED VEHICLE,3,789420,Not at intersection,2,60,Arterial Other,SWAN,YARRA,-37.826557,145.02226,2023,8,August,18,Afternoon Peak,Weekday
T20230019257,2023-08-17,18:41:00,1,Collision with vehicle,4,Thursday,130,REAR END(VEHICLES IN SAME LANE),2,779219,Not at intersection,3,100,Freeway,PRINCES,CASEY,-38.038635,145.331,2023,8,August,18,Afternoon Peak,Weekday
T20230019206,2023-08-17,12:15:00,4,Collision with a fixed object,4,Thursday,164,PERMANENT OBSTRUCTION ON CARRIAGEWAY,1,779176,Not at intersection,3,80,Freeway,METROPOLITAN RING OUT-EDGARS,WHITTLESEA,-37.68632,145.00209,2023,8,August,12,Midday,Weekday
T20230019208,2023-08-17,12:00:00,1,Collision with vehicle,4,Thursday,130,REAR END(VEHICLES IN SAME LANE),1,779527,Not at intersection,2,70,Arterial Highway,CORIO-WAURN PONDS,GEELONG,-38.109585,144.35297,2023,8,August,12,Midday,Weekday
T20230019211,2023-08-17,12:00:00,1,Collision with vehicle,4,Thursday,110,CROSS TRAFFIC(INTERSECTIONS ONLY),1,29397,Cross intersection,2,60,Arterial Other,VICTORIA,MELBOURNE,-37.807293,144.96884,2023,8,August,12,Midday,Weekday
T20230019212,2023-08-17,11:30:00,4,Collision with a fixed object,4,Thursday,173,RIGHT OFF CARRIAGEWAY INTO OBJECT/PARKED VEHICLE,1,799617,Not at intersection,2,100,Local Road,TAMINICK GAP,BENALLA,-36.414425,146.19624,2023,8,August,11,Midday,Weekday
T20230019327,2023-08-18,15:30:00,1,Collision with vehicle,5,Friday,113,RIGHT NEAR (INTERSECTIONS ONLY),1,780535,Cross intersection,3,50,Local Road,RAGLAN,BALLARAT,-37.48214,143.80325,2023,8,August,15,Afternoon Peak,Weekday
T20230019329,2023-08-18,17:01:00,1,Collision with vehicle,5,Friday,121,RIGHT THROUGH,2,779447,Not at intersection,3,50,Local Road,HARVEST HOME,WHITTLESEA,-37.62089,145.00768,2023,8,August,17,Afternoon Peak,Weekday
T20230019334,2023-08-18,18:40:00,1,Collision with vehicle,5,Friday,110,CROSS TRAFFIC(INTERSECTIONS ONLY),3,226662,Cross intersection,3,50,Local Road,PEARSON,WELLINGTON,-37.96589,146.97717,2023,8,August,18,Afternoon Peak,Weekday
T20230019280,2023-08-18,08:43:00,1,Collision with vehicle,5,Friday,121,RIGHT THROUGH,2,53884,T intersection,3,60,Arterial Other,SOMERVILLE,MARIBYRNONG,-37.811035,144.86778,2023,8,August,8,Morning Peak,Weekday
T20230019337,2023-08-18,16:44:00,1,Collision with vehicle,5,Friday,130,REAR END(VEHICLES IN SAME LANE),2,779222,Not at intersection,3,80,Freeway,SOUTH GIPPSLAND IN-PRINCES,DANDENONG,-38.004128,145.25148,2023,8,August,16,Afternoon Peak,Weekday
T20230021942,2023-08-18,16:20:00,1,Collision with vehicle,5,Friday,130,REAR END(VEHICLES IN SAME LANE),1,40443,Cross intersection,3,60,Arterial Other,MALVERN,STONNINGTON,-37.860073,145.05707,2023,8,August,16,Afternoon Peak,Weekday
T20230019338,2023-08-18,16:34:00,4,Collision with a fixed object,5,Friday,171,LEFT OFF CARRIAGEWAY INTO OBJECT/PARKED VEHICLE,2,779223,Not at intersection,3,50,Local Road,OSHANNESSY,CARDINIA,-38.067963,145.47206,2023,8,August,16,Afternoon Peak,Weekday
T20230019340,2023-08-18,19:25:00,1,Collision with vehicle,5,Friday,173,RIGHT OFF CARRIAGEWAY INTO OBJECT/PARKED VEHICLE,3,787208,Not at intersection,3,50,Local Road,CANTERBURY,GEELONG,-38.032333,144.37982,2023,8,August,19,Night,Weekday
T20230019427,2023-08-18,21:42:00,4,Collision with a fixed object,5,Friday,171,LEFT OFF CARRIAGEWAY INTO OBJECT/PARKED VEHICLE,3,47542,T intersection,2,40,Arterial Other,CITY,PORT PHILLIP,-37.829243,144.95619,2023,8,August,21,Night,Weekday
T20230019449,2023-08-18,18:00:00,2,Struck Pedestrian,5,Friday,100,PED NEAR SIDE. PED HIT BY VEHICLE FROM THE RIGHT.,3,798492,Not at intersection,3,40,Local Road,LONSDALE,MELBOURNE,-37.81057,144.96812,2023,8,August,18,Afternoon Peak,Weekday
T20230019342,2023-08-18,00:00:00,4,Collision with a fixed object,5,Friday,173,RIGHT OFF CARRIAGEWAY INTO OBJECT/PARKED VEHICLE,5,798493,Not at intersection,3,100,Arterial Highway,WIMMERA,HORSHAM,-36.80311,141.79497,2023,8,August,0,Late Night,Weekday
T20230020267,2023-08-18,18:30:00,1,Collision with vehicle,5,Friday,130,REAR END(VEHICLES IN SAME LANE),3,332806,Cross intersection,3,80,Arterial Other,NARRE WARREN NORTH,CASEY,-37.9967,145.31282,2023,8,August,18,Afternoon Peak,Weekday
T20230019344,2023-08-18,14:30:00,2,Struck Pedestrian,5,Friday,107,PED ON FOOTHPATH STRUCK BY VEHENTERING/LEAVING DRIVEWAY.,1,779435,T intersection,2,40,Local Road,SINCLAIR,GLEN EIRA,-37.882805,145.00092,2023,8,August,14,Midday,Weekday
T20230019271,2023-08-18,06:45:00,1,Collision with vehicle,5,Friday,110,CROSS TRAFFIC(INTERSECTIONS ONLY),1,779181,Cross intersection,3,60,Local Road,PURNELL,GEELONG,-38.074165,144.35872,2023,8,August,6,Morning Peak,Weekday
T20230019346,2023-08-18,21:08:00,1,Collision with vehicle,5,Friday,130,REAR END(VEHICLES IN SAME LANE),3,41584,Cross intersection,3,80,Arterial Highway,DANDENONG,MONASH,-37.893482,145.09341,2023,8,August,21,Night,Weekday
T20230019322,2023-08-18,16:40:00,1,Collision with vehicle,5,Friday,121,RIGHT THROUGH,2,52029,Cross intersection,3,100,Arterial Highway,PRINCES,WELLINGTON,-38.068024,147.0738,2023,8,August,16,Afternoon Peak,Weekday
T20230019319,2023-08-18,09:00:00,6,Vehicle overturned (no collision),5,Friday,174,OUT OF CONTROL ON CARRIAGEWAY (ON STRAIGHT),1,779185,Not at intersection,3,60,Arterial Other,CANTERBURY,WHITEHORSE,-37.826702,145.10394,2023,8,August,9,Morning Peak,Weekday
T20230019561,2023-08-18,08:50:00,1,Collision with vehicle,5,Friday,113,RIGHT NEAR (INTERSECTIONS ONLY),2,662509,T intersection,3,60,Arterial Other,POINT COOK,WYNDHAM,-37.90175,144.75328,2023,8,August,8,Morning Peak,Weekday
T20230019303,2023-08-18,13:05:00,1,Collision with vehicle,5,Friday,130,REAR END(VEHICLES IN SAME LANE),1,780058,Not at intersection,2,100,Freeway,EASTLINK,DANDENONG,-37.99301,145.1919,2023,8,August,13,Midday,Weekday
T20230019300,2023-08-18,12:58:00,1,Collision with vehicle,5,Friday,121,RIGHT THROUGH,1,779973,Cross intersection,3,60,Arterial Highway,SOUTH GIPPSLAND,CASEY,-38.112995,145.28276,2023,8,August,12,Midday,Weekday
T20230019298,2023-08-18,12:20:00,4,Collision with a fixed object,5,Friday,173,RIGHT OFF CARRIAGEWAY INTO OBJECT/PARKED VEHICLE,1,782287,Not at intersection,3,100,Arterial Other,TARWIN LOWER,SOUTH GIPPSLAND,-38.68021,145.89226,2023,8,August,12,Midday,Weekday
T20230019953,2023-08-18,22:00:00,1,Collision with vehicle,5,Friday,163,VEHICLE STRIKES DOOR OF PARKED/STATIONARY VEHICLE,3,789272,Not at intersection,3,40,Local Road,CHAPEL,STONNINGTON,-37.84801,144.99394,2023,8,August,22,Night,Weekday
T20230019286,2023-08-18,08:38:00,1,Collision with vehicle,5,Friday,148,VEHICLE OFF FOOTPATH STRIKES VEH ON CARRIAGEWAY,1,779182,Not at intersection,3,40,Local Road,ELEVATION,HUME,-37.59834,144.89156,2023,8,August,8,Morning Peak,Weekday
T20230019350,2023-08-18,19:17:00,1,Collision with vehicle,5,Friday,130,REAR END(VEHICLES IN SAME LANE),2,780238,Not at intersection,3,70,Arterial Other,SYDNEY,HUME,-37.67168,144.9557,2023,8,August,19,Night,Weekday
T20230019605,2023-08-18,15:50:00,1,Collision with vehicle,5,Friday,130,REAR END(VEHICLES IN SAME LANE),1,203857,Not at intersection,3,100,Freeway,MONASH,DANDENONG,-37.96448,145.23164,2023,8,August,15,Afternoon Peak,Weekday
T20230019354,2023-08-18,18:00:00,2,Struck Pedestrian,5,Friday,102,FAR SIDE. PED HIT BY VEHICLE FROM THE LEFT,3,1248,Cross intersection,2,70,Arterial Other,MICKLEHAM,HUME,-37.688087,144.88228,2023,8,August,18,Afternoon Peak,Weekday
T20230019407,2023-08-18,23:15:00,1,Collision with vehicle,5,Friday,130,REAR END(VEHICLES IN SAME LANE),3,630042,Not at intersection,3,60,Arterial Other,PRINCES,MELBOURNE,-37.79256,144.97118,2023,8,August,23,Night,Weekday
T20230019267,2023-08-18,00:30:00,4,Collision with a fixed object,5,Friday,171,LEFT OFF CARRIAGEWAY INTO OBJECT/PARKED VEHICLE,3,780633,Not at intersection,2,50,Local Road,JAMIESON,WYNDHAM,-37.89678,144.75069,2023,8,August,0,Late Night,Weekday
T20230019740,2023-08-18,18:50:00,1,Collision with vehicle,5,Friday,130,REAR END(VEHICLES IN SAME LANE),3,798445,Not at intersection,3,60,Arterial Other,MAIN,NILLUMBIK,-37.70432,145.15909,2023,8,August,18,Afternoon Peak,Weekday
T20230021151,2023-08-18,07:15:00,1,Collision with vehicle,5,Friday,132,RIGHT REAR.,9,789408,T intersection,3,60,Arterial Highway,BURWOOD,WHITEHORSE,-37.8506,145.09758,2023,8,August,7,Morning Peak,Weekday
T20230019356,2023-08-18,22:22:00,4,Collision with a fixed object,5,Friday,171,LEFT OFF CARRIAGEWAY INTO OBJECT/PARKED VEHICLE,5,789419,Not at intersection,3,80,Local Road,BRIDGE INN,WHITTLESEA,-37.59634,145.05557,2023,8,August,22,Night,Weekday
T20230019276,2023-08-18,06:40:00,1,Collision with vehicle,5,Friday,121,RIGHT THROUGH,2,51141,T intersection,3,60,Arterial Highway,GOULBURN VALLEY,SHEPPARTON,-36.40894,145.39331,2023,8,August,6,Morning Peak,Weekday
T20230019926,2023-08-18,03:00:00,2,Struck Pedestrian,5,Friday,100,PED NEAR SIDE. PED HIT BY VEHICLE FROM THE RIGHT.,9,782288,Not at intersection,3,50,Arterial Highway,HIGH,MURRINDINDI,-37.211266,145.42473,2023,8,August,3,Late Night,Weekday
T20230019616,2023-08-18,08:30:00,1,Collision with vehicle,5,Friday,130,REAR END(VEHICLES IN SAME LANE),2,779998,Not at intersection,2,60,Local Road,MT PLEASANT,GEELONG,-38.167816,144.31927,2023,8,August,8,Morning Peak,Weekday
T20230019275,2023-08-18,06:25:00,1,Collision with vehicle,5,Friday,110,CROSS TRAFFIC(INTERSECTIONS ONLY),3,779220,Cross intersection,2,50,Local Road,ELMHURST,WYNDHAM,-37.843937,144.74034,2023,8,August,6,Morning Peak,Weekday
T20230022135,2023-08-18,10:30:00,4,Collision with a fixed object,5,Friday,164,PERMANENT OBSTRUCTION ON CARRIAGEWAY,1,789267,Not at intersection,3,40,Arterial Highway,GREAT ALPINE,ALPINE,-37.024796,147.21504,2023,8,August,10,Midday,Weekday
T20230026375,2023-08-19,15:00:00,8,No collision and no object struck,6,Saturday,180,OFF CARRIAGEWAY ON RIGHT BEND,1,786404,Not at intersection,3,80,Arterial Other,CAPE PATERSON-INVERLOCH,BASS COAST,-38.67017,145.66481,2023,8,August,15,Afternoon Peak,Weekend
T20230019380,2023-08-19,11:40:00,1,Collision with vehicle,6,Saturday,160,VEHICLE COLLIDES WITH VEHICLE PARKED ON LEFT OF ROAD,1,781632,Not at intersection,2,50,Local Road,WAIORA,GEELONG,-38.118683,144.33163,2023,8,August,11,Midday,Weekend
T20230019507,2023-08-19,04:15:00,4,Collision with a fixed object,6,Saturday,171,LEFT OFF CARRIAGEWAY INTO OBJECT/PARKED VEHICLE,2,350037,Cross intersection,3,80,Arterial Highway,FERNTREE GULLY,KNOX,-37.899086,145.23296,2023,8,August,4,Late Night,Weekend
T20230019431,2023-08-19,12:10:00,2,Struck Pedestrian,6,Saturday,108,PED STRUCK WALKING TO/FROM OR BOARDING/ALIGHTING VEHICLE.,1,789263,Not at intersection,2,60,Local Road,WEDGEWOOD,CASEY,-38.01567,145.26189,2023,8,August,12,Midday,Weekend
T20230020758,2023-08-19,15:30:00,1,Collision with vehicle,6,Saturday,130,REAR END(VEHICLES IN SAME LANE),1,780301,Not at intersection,3,80,Arterial Other,PORTARLINGTON,GEELONG,-38.167362,144.42256,2023,8,August,15,Afternoon Peak,Weekend
T20230019383,2023-08-19,11:50:00,1,Collision with vehicle,6,Saturday,150,HEAD ON(OVERTAKING),1,106644,Not at intersection,3,60,Arterial Other,HIGH,DAREBIN,-37.70977,145.00877,2023,8,August,11,Midday,Weekend
T20230019382,2023-08-19,12:11:00,1,Collision with vehicle,6,Saturday,130,REAR END(VEHICLES IN SAME LANE),1,788867,Not at intersection,2,100,Freeway,HUME,WHITTLESEA,-37.658726,144.98787,2023,8,August,12,Midday,Weekend
T20230020721,2023-08-19,18:45:00,1,Collision with vehicle,6,Saturday,130,REAR END(VEHICLES IN SAME LANE),3,798256,Not at intersection,3,60,Arterial Other,DERRIMUT,WYNDHAM,-37.83678,144.69058,2023,8,August,18,Afternoon Peak,Weekend
T20230019425,2023-08-19,16:47:00,1,Collision with vehicle,6,Saturday,159,OTHER OVERTAKING MANOEUVRES NOT INCLUDED IN DCAs 150-154,1,781139,Not at intersection,2,100,Freeway,WESTERN RING,MORELAND,-37.69457,144.9213,2023,8,August,16,Afternoon Peak,Weekend
T20230019423,2023-08-19,19:09:00,1,Collision with vehicle,6,Saturday,137,LEFT TURN SIDESWIPE,2,36794,Cross intersection,3,60,Arterial Highway,FOOTSCRAY ROAD -WURUNDJERI,MELBOURNE,-37.812824,144.94296,2023,8,August,19,Night,Weekend
T20230019406,2023-08-19,18:30:00,1,Collision with vehicle,6,Saturday,133,LANE SIDE SWIPE (VEHICLES IN PARALLEL LANES),3,779635,T intersection,3,40,Local Road,LA TROBE,MELBOURNE,-37.808754,144.96669,2023,8,August,18,Afternoon Peak,Weekend
T20230019422,2023-08-19,19:24:00,2,Struck Pedestrian,6,Saturday,100,PED NEAR SIDE. PED HIT BY VEHICLE FROM THE RIGHT.,3,784595,Not at intersection,2,60,Arterial Other,WAVERLEY,MONASH,-37.8815,145.1002,2023,8,August,19,Night,Weekend
T20230019607,2023-08-19,17:44:00,1,Collision with vehicle,6,Saturday,130,REAR END(VEHICLES IN SAME LANE),9,789089,Not at intersection,3,80,Freeway,SOUTH GIPPSLAND,CASEY,-38.015667,145.24957,2023,8,August,17,Afternoon Peak,Weekend
T20230019408,2023-08-19,15:15:00,1,Collision with vehicle,6,Saturday,120,HEAD ON (NOT OVERTAKING),1,585620,Not at intersection,2,80,Arterial Other,WHITTLESEA-YEA,WHITTLESEA,-37.490166,145.21237,2023,8,August,15,Afternoon Peak,Weekend
T20230023809,2023-08-19,18:19:00,1,Collision with vehicle,6,Saturday,136,RIGHT TURN SIDESWIPE,2,48913,T intersection,3,60,Local Road,EVELYN,MELBOURNE,-37.80871,144.97305,2023,8,August,18,Afternoon Peak,Weekend
T20230019596,2023-08-19,13:15:00,1,Collision with vehicle,6,Saturday,130,REAR END(VEHICLES IN SAME LANE),1,780926,Not at intersection,3,50,Local Road,VISTULA,GEELONG,-38.11508,144.33981,2023,8,August,13,Midday,Weekend
T20230019391,2023-08-19,10:05:00,1,Collision with vehicle,6,Saturday,111,RIGHT FAR (INTERSECTIONS ONLY),1,45372,Cross intersection,3,50,Local Road,GLASS,MOONEE VALLEY,-37.746902,144.9192,2023,8,August,10,Midday,Weekend
T20230019460,2023-08-19,20:50:00,1,Collision with vehicle,6,Saturday,160,VEHICLE COLLIDES WITH VEHICLE PARKED ON LEFT OF ROAD,6,789215,Not at intersection,3,60,Local Road,GLADSTONE,DANDENONG,-37.971447,145.20454,2023,8,August,20,Night,Weekend
T20230019742,2023-08-19,09:32:00,1,Collision with vehicle,6,Saturday,130,REAR END(VEHICLES IN SAME LANE),1,779807,Not at intersection,3,80,Freeway,PRINCES,HOBSONS BAY,-37.83332,144.80965,2023,8,August,9,Morning Peak,Weekend
T20230020234,2023-08-19,10:00:00,1,Collision with vehicle,6,Saturday,130,REAR END(VEHICLES IN SAME LANE),1,779924,Not at intersection,3,80,Freeway,BULLA-CALDER OUT,MOONEE VALLEY,-37.735867,144.90285,2023,8,August,10,Midday,Weekend
T20230019418,2023-08-19,17:00:00,1,Collision with vehicle,6,Saturday,120,HEAD ON (NOT OVERTAKING),2,779436,Not at intersection,2,80,Arterial Other,WOORI YALLOCK,CARDINIA,-37.909645,145.49963,2023,8,August,17,Afternoon Peak,Weekend
T20230019513,2023-08-19,16:30:00,1,Collision with vehicle,6,Saturday,163,VEHICLE STRIKES DOOR OF PARKED/STATIONARY VEHICLE,9,789233,Not at intersection,3,40,Arterial Other,CARLISLE,PORT PHILLIP,-37.868168,144.98882,2023,8,August,16,Afternoon Peak,Weekend
T20230019384,2023-08-19,12:30:00,1,Collision with vehicle,6,Saturday,130,REAR END(VEHICLES IN SAME LANE),1,198162,Not at intersection,2,80,Arterial Other,WESTERN,MELTON,-37.75856,144.74617,2023,8,August,12,Midday,Weekend
T20230019388,2023-08-19,14:00:00,1,Collision with vehicle,6,Saturday,140,U TURN,1,798443,Not at intersection,3,60,Local Road,SAN MATEO,MILDURA,-34.200874,142.15363,2023,8,August,14,Midday,Weekend
T20230019409,2023-08-19,15:00:00,1,Collision with vehicle,6,Saturday,130,REAR END(VEHICLES IN SAME LANE),1,352997,Not at intersection,3,80,Arterial Highway,POWER,DANDENONG,-38.001663,145.23482,2023,8,August,15,Afternoon Peak,Weekend
T20230019412,2023-08-19,14:29:00,1,Collision with vehicle,6,Saturday,120,HEAD ON (NOT OVERTAKING),1,258566,Cross intersection,3,60,Local Road,CAIRNLEA,BRIMBANK,-37.76091,144.79016,2023,8,August,14,Midday,Weekend
T20230019400,2023-08-19,15:51:00,1,Collision with vehicle,6,Saturday,121,RIGHT THROUGH,1,36826,Cross intersection,2,40,Arterial Other,DUDLEY,MELBOURNE,-37.80924,144.95236,2023,8,August,15,Afternoon Peak,Weekend
T20230019444,2023-08-19,17:45:00,6,Vehicle overturned (no collision),6,Saturday,174,OUT OF CONTROL ON CARRIAGEWAY (ON STRAIGHT),2,779437,Not at intersection,3,80,Local Road,AUSTRALASIA,HEPBURN,-37.39588,143.87042,2023,8,August,17,Afternoon Peak,Weekend
T20230019420,2023-08-19,05:30:00,2,Struck Pedestrian,6,Saturday,102,FAR SIDE. PED HIT BY VEHICLE FROM THE LEFT,6,779528,Not at intersection,2,40,Arterial Other,EPPING-KILMORE,WHITTLESEA,-37.620743,145.02919,2023,8,August,5,Morning Peak,Weekend
T20230019497,2023-08-19,09:30:00,1,Collision with vehicle,6,Saturday,121,RIGHT THROUGH,1,780967,Not at intersection,3,80,Arterial Other,BRIDGE,WARRNAMBOOL,-38.31557,142.47577,2023,8,August,9,Morning Peak,Weekend
T20230019876,2023-08-19,11:00:00,1,Collision with vehicle,6,Saturday,110,CROSS TRAFFIC(INTERSECTIONS ONLY),1,19436,Cross intersection,3,50,Local Road,GALVIN,BENDIGO,-36.763836,144.28612,2023,8,August,11,Midday,Weekend
T20230019840,2023-08-19,14:00:00,1,Collision with vehicle,6,Saturday,120,HEAD ON (NOT OVERTAKING),1,779583,Not at intersection,3,60,Arterial Other,BELGRAVE-GEMBROOK,CARDINIA,-37.930466,145.43459,2023,8,August,14,Midday,Weekend
T20230019390,2023-08-19,13:20:00,4,Collision with a fixed object,6,Saturday,171,LEFT OFF CARRIAGEWAY INTO OBJECT/PARKED VEHICLE,1,789224,Not at intersection,3,60,Local Road,DAVID HILL,YARRA RANGES,-37.891506,145.43057,2023,8,August,13,Midday,Weekend
T20230019376,2023-08-19,10:49:00,1,Collision with vehicle,6,Saturday,113,RIGHT NEAR (INTERSECTIONS ONLY),1,48939,T intersection,2,100,Freeway,PRINCES,CARDINIA,-38.0762,145.67473,2023,8,August,10,Midday,Weekend
T20230019373,2023-08-19,11:14:00,1,Collision with vehicle,6,Saturday,145,REVERSING IN STREAM OF TRAFFIC,1,43437,T intersection,3,40,Local Road,ELIZABETH,DAREBIN,-37.72885,144.9841,2023,8,August,11,Midday,Weekend
T20230019365,2023-08-19,06:00:00,4,Collision with a fixed object,6,Saturday,171,LEFT OFF CARRIAGEWAY INTO OBJECT/PARKED VEHICLE,3,792103,Not at intersection,2,80,Arterial Other,WELLS,KINGSTON,-38.023163,145.12566,2023,8,August,6,Morning Peak,Weekend
T20230019416,2023-08-19,19:20:00,1,Collision with vehicle,6,Saturday,110,CROSS TRAFFIC(INTERSECTIONS ONLY),3,779230,Cross intersection,3,50,Local Road,WILSON,WODONGA,-36.130466,146.8804,2023,8,August,19,Night,Weekend
T20230019413,2023-08-19,18:26:00,1,Collision with vehicle,6,Saturday,121,RIGHT THROUGH,3,40424,Cross intersection,2,60,Arterial Other,HIGH,STONNINGTON,-37.85939,145.05133,2023,8,August,18,Afternoon Peak,Weekend
T20230019445,2023-08-20,11:27:00,1,Collision with vehicle,7,Sunday,139,OTHER SAME DIRECTION-MANOUEVRES NOT INCLUDED IN DCAs 130-137,1,798491,Not at intersection,3,40,Local Road,PERRY,DAREBIN,-37.76939,145.02504,2023,8,August,11,Midday,Weekend