ACCIDENT_NO,ACCIDENT_DATE,ACCIDENT_TIME,ACCIDENT_TYPE,ACCIDENT_TYPE_DESC,DAY_OF_WEEK,DAY_WEEK_DESC,DCA_CODE,DCA_DESC,LIGHT_CONDITION,NODE_ID,ROAD_GEOMETRY_DESC,SEVERITY,SPEED_ZONE,RMA,ROAD_NAME,LGA_NAME,LATITUDE,LONGITUDE,YEAR,MONTH,MONTH_NAME,HOUR,TIME_PERIOD,DAY_TYPE
T20230019747,2023-08-20,15:35:00,1,Collision with vehicle,7,Sunday,130,REAR END(VEHICLES IN SAME LANE),1,780030,Not at intersection,3,40,Local Road,NEWMAN,WANGARATTA,-36.36515,146.30238,2023,8,August,15,Afternoon Peak,Weekend
T20230019456,2023-08-20,13:40:00,4,Collision with a fixed object,7,Sunday,171,LEFT OFF CARRIAGEWAY INTO OBJECT/PARKED VEHICLE,1,789059,Not at intersection,2,80,Arterial Other,SKENES CREEK,COLAC OTWAY,-38.71717,143.7104,2023,8,August,13,Midday,Weekend
T20230019458,2023-08-20,15:45:00,1,Collision with vehicle,7,Sunday,121,RIGHT THROUGH,1,62412,T intersection,3,60,Arterial Other,BOUNDARY,MORELAND,-37.718372,144.9545,2023,8,August,15,Afternoon Peak,Weekend
T20230019671,2023-08-20,18:21:00,1,Collision with vehicle,7,Sunday,162,ACCIDENT OR BROKEN DOWN,2,779442,Not at intersection,3,80,Freeway,TULLAMARINE,MOONEE VALLEY,-37.722,144.8917,2023,8,August,18,Afternoon Peak,Weekend
T20230019883,2023-08-20,18:30:00,1,Collision with vehicle,7,Sunday,111,RIGHT FAR (INTERSECTIONS ONLY),2,40020,T intersection,3,50,Local Road,FERGUSON,HOBSONS BAY,-37.859444,144.90222,2023,8,August,18,Afternoon Peak,Weekend
T20230021867,2023-08-20,16:35:00,1,Collision with vehicle,7,Sunday,130,REAR END(VEHICLES IN SAME LANE),1,798446,Not at intersection,3,80,Freeway,PRINCES,HOBSONS BAY,-37.83016,144.81468,2023,8,August,16,Afternoon Peak,Weekend
T20230019428,2023-08-20,00:30:00,2,Struck Pedestrian,7,Sunday,101,PED EMERGES FROM IN FRONT OF PARKED OR STATIONARY VEHICLE,3,779231,Not at intersection,3,60,Arterial Other,GORDON,MARIBYRNONG,-37.791843,144.88939,2023,8,August,0,Late Night,Weekend
T20230019466,2023-08-20,20:30:00,1,Collision with vehicle,7,Sunday,121,RIGHT THROUGH,3,260158,Not at intersection,2,60,Arterial Other,COBURNS,MELTON,-37.68635,144.56778,2023,8,August,20,Night,Weekend
T20230022624,2023-08-20,16:43:00,1,Collision with vehicle,7,Sunday,137,LEFT TURN SIDESWIPE,1,781771,T intersection,3,60,Arterial Other,ORMOND,PORT PHILLIP,-37.88598,144.98213,2023,8,August,16,Afternoon Peak,Weekend
T20230019474,2023-08-20,18:54:00,1,Collision with vehicle,7,Sunday,160,VEHICLE COLLIDES WITH VEHICLE PARKED ON LEFT OF ROAD,3,779201,Not at intersection,1,50,Local Road,LEVENIA,BRIMBANK,-37.75468,144.80101,2023,8,August,18,Afternoon Peak,Weekend
T20230019617,2023-08-20,10:00:00,8,No collision and no object struck,7,Sunday,174,OUT OF CONTROL ON CARRIAGEWAY (ON STRAIGHT),1,799055,Not at intersection,2,100,Local Road,YOUNG,BAW BAW,-38.00264,146.08157,2023,8,August,10,Midday,Weekend
T20230019478,2023-08-20,23:55:00,1,Collision with vehicle,7,Sunday,162,ACCIDENT OR BROKEN DOWN,5,779646,Not at intersection,3,80,Freeway,CALDER,BRIMBANK,-37.71682,144.83684,2023,8,August,23,Night,Weekend
T20230019575,2023-08-21,20:30:00,1,Collision with vehicle,1,Monday,130,REAR END(VEHICLES IN SAME LANE),5,357201,T intersection,3,100,Arterial Highway,GLENELG,GOLDEN PLAINS,-37.60493,143.75816,2023,8,August,20,Night,Weekday
T20230019485,2023-08-21,02:30:00,1,Collision with vehicle,1,Monday,160,VEHICLE COLLIDES WITH VEHICLE PARKED ON LEFT OF ROAD,3,295491,Not at intersection,3,60,Arterial Highway,NEPEAN,KINGSTON,-38.077892,145.12286,2023,8,August,2,Late Night,Weekday
T20230019571,2023-08-21,15:14:00,1,Collision with vehicle,1,Monday,120,HEAD ON (NOT OVERTAKING),1,779337,Not at intersection,3,60,Arterial Other,HEATHERTON,DANDENONG,-37.970055,145.21503,2023,8,August,15,Afternoon Peak,Weekday
T20230020094,2023-08-21,08:11:00,1,Collision with vehicle,1,Monday,130,REAR END(VEHICLES IN SAME LANE),1,779952,Not at intersection,3,80,Arterial Other,OLD CALDER,BRIMBANK,-37.70948,144.82022,2023,8,August,8,Morning Peak,Weekday
T20230019578,2023-08-21,21:50:00,2,Struck Pedestrian,1,Monday,100,PED NEAR SIDE. PED HIT BY VEHICLE FROM THE RIGHT.,3,795212,T intersection,2,70,Arterial Highway,WHITEHORSE,WHITEHORSE,-37.816643,145.19234,2023,8,August,21,Night,Weekday
T20230020562,2023-08-21,15:07:00,1,Collision with vehicle,1,Monday,130,REAR END(VEHICLES IN SAME LANE),1,780296,Not at intersection,3,80,Arterial Other,PLENTY,WHITTLESEA,-37.605957,145.09464,2023,8,August,15,Afternoon Peak,Weekday
T20230019570,2023-08-21,19:20:00,1,Collision with vehicle,1,Monday,120,HEAD ON (NOT OVERTAKING),2,780755,Not at intersection,3,40,Local Road,CARDIGAN,YARRA RANGES,-37.78816,145.31989,2023,8,August,19,Night,Weekday
T20230019518,2023-08-21,08:30:00,1,Collision with vehicle,1,Monday,121,RIGHT THROUGH,1,722746,Cross intersection,3,60,Arterial Highway,BELL-BANKSIA,BANYULE,-37.75824,145.05902,2023,8,August,8,Morning Peak,Weekday
T20230019520,2023-08-21,06:35:00,1,Collision with vehicle,1,Monday,130,REAR END(VEHICLES IN SAME LANE),2,57388,T intersection,3,70,Arterial Other,LOWER PLENTY,BANYULE,-37.73157,145.08542,2023,8,August,6,Morning Peak,Weekday
T20230019532,2023-08-21,09:58:00,1,Collision with vehicle,1,Monday,181,OFF RIGHT BEND INTO OBJECT/PARKED VEHICLE,1,798506,Not at intersection,2,50,Local Road,SOMERSET,CASEY,-38.06721,145.3031,2023,8,August,9,Morning Peak,Weekday
T20230019533,2023-08-21,14:07:00,1,Collision with vehicle,1,Monday,110,CROSS TRAFFIC(INTERSECTIONS ONLY),1,29397,Cross intersection,3,60,Arterial Other,VICTORIA,MELBOURNE,-37.807293,144.96884,2023,8,August,14,Midday,Weekday
T20230023715,2023-08-21,19:49:00,3,Struck animal,1,Monday,167,STRUCK ANIMAL,5,782743,Not at intersection,3,80,Arterial Other,LONGWARRY-DROUIN,BAW BAW,-38.108128,145.7926,2023,8,August,19,Night,Weekday
T20230019537,2023-08-21,13:05:00,1,Collision with vehicle,1,Monday,121,RIGHT THROUGH,1,779531,Cross intersection,2,80,Arterial Other,BELGRAVE-HALLAM,CASEY,-37.997784,145.27518,2023,8,August,13,Midday,Weekday
T20230019479,2023-08-21,00:14:00,1,Collision with vehicle,1,Monday,160,VEHICLE COLLIDES WITH VEHICLE PARKED ON LEFT OF ROAD,3,660523,Not at intersection,3,60,Arterial Other,JASPER,GLEN EIRA,-37.90857,145.04337,2023,8,August,0,Late Night,Weekday
T20230019568,2023-08-21,16:30:00,1,Collision with vehicle,1,Monday,135,LANE CHANGE LEFT (NOT OVERTAKING),2,1288,T intersection,2,60,Arterial Other,VAN NESS,MARIBYRNONG,-37.76942,144.89597,2023,8,August,16,Afternoon Peak,Weekday
T20230020350,2023-08-21,15:59:00,1,Collision with vehicle,1,Monday,130,REAR END(VEHICLES IN SAME LANE),1,780003,Not at intersection,3,80,Arterial Other,SUNBURY,HUME,-37.644848,144.83588,2023,8,August,15,Afternoon Peak,Weekday
T20230019488,2023-08-21,07:26:00,4,Collision with a fixed object,1,Monday,173,RIGHT OFF CARRIAGEWAY INTO OBJECT/PARKED VEHICLE,1,780195,Not at intersection,2,60,Arterial Other,ECHUCA-MOOROOPNA,SHEPPARTON,-36.380985,145.35207,2023,8,August,7,Morning Peak,Weekday
T20230019499,2023-08-21,07:22:00,6,Vehicle overturned (no collision),1,Monday,174,OUT OF CONTROL ON CARRIAGEWAY (ON STRAIGHT),1,782835,Not at intersection,2,70,Arterial Other,FOREST-PRINCES OUT,GEELONG,-38.05623,144.38942,2023,8,August,7,Morning Peak,Weekday
T20230019566,2023-08-21,16:41:00,1,Collision with vehicle,1,Monday,130,REAR END(VEHICLES IN SAME LANE),2,780754,Not at intersection,3,100,Freeway,METROPOLITAN RING,WHITTLESEA,-37.686157,145.06248,2023,8,August,16,Afternoon Peak,Weekday
T20230019501,2023-08-21,10:59:00,2,Struck Pedestrian,1,Monday,102,FAR SIDE. PED HIT BY VEHICLE FROM THE LEFT,1,779335,Not at intersection,2,60,Arterial Other,BLACKSHAWS,HOBSONS BAY,-37.831158,144.8476,2023,8,August,10,Midday,Weekday
T20230019564,2023-08-21,16:30:00,6,Vehicle overturned (no collision),1,Monday,174,OUT OF CONTROL ON CARRIAGEWAY (ON STRAIGHT),1,779336,Not at intersection,2,100,Freeway,FRANKSTON,FRANKSTON,-38.10376,145.14023,2023,8,August,16,Afternoon Peak,Weekday
T20230019558,2023-08-21,17:10:00,1,Collision with vehicle,1,Monday,121,RIGHT THROUGH,1,39157,Cross intersection,3,60,Arterial Other,BALWYN,BOROONDARA,-37.81832,145.0803,2023,8,August,17,Afternoon Peak,Weekday
T20230019557,2023-08-21,18:20:00,1,Collision with vehicle,1,Monday,130,REAR END(VEHICLES IN SAME LANE),2,313692,Not at intersection,3,40,Freeway,MONASH,MONASH,-37.88513,145.09766,2023,8,August,18,Afternoon Peak,Weekday
T20230019503,2023-08-21,09:52:00,1,Collision with vehicle,1,Monday,121,RIGHT THROUGH,1,889,T intersection,2,80,Arterial Highway,FRANKSTON-DANDENONG,DANDENONG,-38.03921,145.21045,2023,8,August,9,Morning Peak,Weekday
T20230019508,2023-08-21,10:33:00,1,Collision with vehicle,1,Monday,120,HEAD ON (NOT OVERTAKING),1,779996,Not at intersection,2,40,Local Road,WENDOUREE,BALLARAT,-37.55723,143.82759,2023,8,August,10,Midday,Weekday
T20230023587,2023-08-21,18:00:00,1,Collision with vehicle,1,Monday,140,U TURN,3,30026,Not at intersection,3,60,Arterial Other,BEACH,KINGSTON,-38.003654,145.08006,2023,8,August,18,Afternoon Peak,Weekday
T20230019549,2023-08-21,16:20:00,4,Collision with a fixed object,1,Monday,171,LEFT OFF CARRIAGEWAY INTO OBJECT/PARKED VEHICLE,1,780124,Not at intersection,3,100,Local Road,MOUNT TERRICK,CAMPASPE,-36.12948,144.67532,2023,8,August,16,Afternoon Peak,Weekday
T20230026170,2023-08-21,05:02:00,8,No collision and no object struck,1,Monday,174,OUT OF CONTROL ON CARRIAGEWAY (ON STRAIGHT),3,793492,Cross intersection,2,40,Local Road,ELIZABETH,MELBOURNE,-37.81234,144.96228,2023,8,August,5,Morning Peak,Weekday
T20230020452,2023-08-21,15:00:00,1,Collision with vehicle,1,Monday,148,VEHICLE OFF FOOTPATH STRIKES VEH ON CARRIAGEWAY,1,352603,Not at intersection,3,80,Arterial Highway,GEELONG,MARIBYRNONG,-37.810944,144.87013,2023,8,August,15,Afternoon Peak,Weekday
T20230028368,2023-08-21,12:00:00,1,Collision with vehicle,1,Monday,130,REAR END(VEHICLES IN SAME LANE),1,790122,Cross intersection,3,50,Arterial Other,BAY,PORT PHILLIP,-37.841923,144.93927,2023,8,August,12,Midday,Weekday
T20230019544,2023-08-21,14:10:00,4,Collision with a fixed object,1,Monday,173,RIGHT OFF CARRIAGEWAY INTO OBJECT/PARKED VEHICLE,1,789052,Not at intersection,2,100,Freeway,EASTLINK,DANDENONG,-37.968075,145.19461,2023,8,August,14,Midday,Weekday
T20230019712,2023-08-22,16:45:00,1,Collision with vehicle,2,Tuesday,130,REAR END(VEHICLES IN SAME LANE),2,145825,Not at intersection,3,40,Local Road,COLLINS,MELBOURNE,-37.816586,144.96278,2023,8,August,16,Afternoon Peak,Weekday
T20230020928,2023-08-22,06:10:00,1,Collision with vehicle,2,Tuesday,130,REAR END(VEHICLES IN SAME LANE),2,780409,Not at intersection,3,100,Freeway,MONASH,MONASH,-37.91225,145.16498,2023,8,August,6,Morning Peak,Weekday
T20230019630,2023-08-22,16:50:00,1,Collision with vehicle,2,Tuesday,121,RIGHT THROUGH,1,237748,T intersection,2,80,Arterial Other,MAIN SOUTH,BAW BAW,-38.16598,145.82854,2023,8,August,16,Afternoon Peak,Weekday
T20230019581,2023-08-22,02:30:00,1,Collision with vehicle,2,Tuesday,110,CROSS TRAFFIC(INTERSECTIONS ONLY),3,47601,Cross intersection,2,60,Arterial Other,MCDONALDS,WHITTLESEA,-37.6488,145.06613,2023,8,August,2,Late Night,Weekday
T20230019938,2023-08-22,16:00:00,1,Collision with vehicle,2,Tuesday,110,CROSS TRAFFIC(INTERSECTIONS ONLY),1,15421,Cross intersection,3,60,Local Road,HIGH,GEELONG,-38.171158,144.34688,2023,8,August,16,Afternoon Peak,Weekday
T20230023010,2023-08-22,11:30:00,1,Collision with vehicle,2,Tuesday,120,HEAD ON (NOT OVERTAKING),9,782067,T intersection,3,50,Local Road,CARBERRY,MELTON,-37.672897,144.59677,2023,8,August,11,Midday,Weekday
T20230019640,2023-08-22,17:53:00,1,Collision with vehicle,2,Tuesday,121,RIGHT THROUGH,2,12019,T intersection,3,80,Local Road,GREIGS,MELTON,-37.75168,144.61226,2023,8,August,17,Afternoon Peak,Weekday
T20230019635,2023-08-22,17:22:00,1,Collision with vehicle,2,Tuesday,139,OTHER SAME DIRECTION-MANOUEVRES NOT INCLUDED IN DCAs 130-137,2,798587,Not at intersection,3,60,Local Road,HEARD,NILLUMBIK,-37.656128,145.12953,2023,8,August,17,Afternoon Peak,Weekday
T20230020874,2023-08-22,11:35:00,1,Collision with vehicle,2,Tuesday,121,RIGHT THROUGH,1,38452,T intersection,3,60,Arterial Other,SETTLEMENT,WHITTLESEA,-37.69444,145.03918,2023,8,August,11,Midday,Weekday
T20230019720,2023-08-22,12:30:00,8,No collision and no object struck,2,Tuesday,179,OTHER ACCIDENTS-OFF STRAIGHT NOT INCLUDED IN DCAs 170-175,1,789270,Not at intersection,3,50,Local Road,GILBERT,DAREBIN,-37.738365,144.99002,2023,8,August,12,Midday,Weekday
T20230020341,2023-08-22,06:50:00,1,Collision with vehicle,2,Tuesday,137,LEFT TURN SIDESWIPE,3,1335,Cross intersection,2,60,Arterial Other,PASCOE VALE,MOONEE VALLEY,-37.75594,144.9261,2023,8,August,6,Morning Peak,Weekday
T20230019639,2023-08-22,15:45:00,2,Struck Pedestrian,2,Tuesday,100,PED NEAR SIDE. PED HIT BY VEHICLE FROM THE RIGHT.,1,779438,Cross intersection,2,60,Arterial Other,SLADEN,CASEY,-38.112705,145.27953,2023,8,August,15,Afternoon Peak,Weekday
T20230019658,2023-08-22,22:30:00,4,Collision with a fixed object,2,Tuesday,171,LEFT OFF CARRIAGEWAY INTO OBJECT/PARKED VEHICLE,5,798588,Not at intersection,3,100,Arterial Highway,PRINCES,WELLINGTON,-37.941746,147.1435,2023,8,August,22,Night,Weekday
T20230019636,2023-08-22,13:30:00,1,Collision with vehicle,2,Tuesday,130,REAR END(VEHICLES IN SAME LANE),1,40690,T intersection,3,60,Arterial Other,HIGH STREET,MONASH,-37.869102,145.12196,2023,8,August,13,Midday,Weekday
T20230019608,2023-08-22,12:51:00,1,Collision with vehicle,2,Tuesday,147,VEHICLE STRIKES ANOTHER VEH WHILE EMERGING FROM DRIVEWAY,1,789269,Not at intersection,3,40,Local Road,GLEN HUNTLY,GLEN EIRA,-37.88632,145.01727,2023,8,August,12,Midday,Weekday
T20230019595,2023-08-22,09:12:00,1,Collision with vehicle,2,Tuesday,121,RIGHT THROUGH,2,61041,Cross intersection,3,60,Arterial Other,PLENTY,WHITTLESEA,-37.600636,145.09573,2023,8,August,9,Morning Peak,Weekday
T20230019633,2023-08-22,15:35:00,1,Collision with vehicle,2,Tuesday,130,REAR END(VEHICLES IN SAME LANE),1,779339,Y intersection,3,80,Local Road,FORESHORE,GEELONG,-38.076,144.38882,2023,8,August,15,Afternoon Peak,Weekday
T20230019631,2023-08-22,08:30:00,1,Collision with vehicle,2,Tuesday,163,VEHICLE STRIKES DOOR OF PARKED/STATIONARY VEHICLE,1,789007,Not at intersection,3,40,Local Road,CHURCHILL,MARIBYRNONG,-37.7869,144.85011,2023,8,August,8,Morning Peak,Weekday
T20230020068,2023-08-22,08:20:00,1,Collision with vehicle,2,Tuesday,130,REAR END(VEHICLES IN SAME LANE),2,780695,Not at intersection,3,60,Arterial Other,SCORESBY,KNOX,-37.876656,145.25761,2023,8,August,8,Morning Peak,Weekday
T20230020676,2023-08-22,14:50:00,1,Collision with vehicle,2,Tuesday,130,REAR END(VEHICLES IN SAME LANE),1,780230,Not at intersection,3,100,Freeway,WESTERN,BRIMBANK,-37.79866,144.77524,2023,8,August,14,Midday,Weekday
T20230019645,2023-08-22,16:45:00,2,Struck Pedestrian,2,Tuesday,100,PED NEAR SIDE. PED HIT BY VEHICLE FROM THE RIGHT.,1,45180,Cross intersection,3,40,Arterial Highway,WYNDHAM,SHEPPARTON,-36.383156,145.39891,2023,8,August,16,Afternoon Peak,Weekday
T20230020213,2023-08-22,15:30:00,1,Collision with vehicle,2,Tuesday,130,REAR END(VEHICLES IN SAME LANE),9,780947,Y intersection,3,100,Freeway,TULLAMARINE,MORELAND,-37.70956,144.89053,2023,8,August,15,Afternoon Peak,Weekday
T20230019611,2023-08-22,07:50:00,1,Collision with vehicle,2,Tuesday,160,VEHICLE COLLIDES WITH VEHICLE PARKED ON LEFT OF ROAD,1,798586,T intersection,3,60,Local Road,DARLING,STONNINGTON,-37.87412,145.0599,2023,8,August,7,Morning Peak,Weekday
T20230019615,2023-08-22,11:30:00,1,Collision with vehicle,2,Tuesday,121,RIGHT THROUGH,1,780536,T intersection,3,80,Arterial Highway,BURWOOD,KNOX,-37.872177,145.24551,2023,8,August,11,Midday,Weekday
T20230019653,2023-08-22,21:00:00,1,Collision with vehicle,2,Tuesday,130,REAR END(VEHICLES IN SAME LANE),5,779439,Not at intersection,2,80,Freeway,HUME,HUME,-37.53192,144.94702,2023,8,August,21,Night,Weekday
T20230019625,2023-08-22,13:15:00,1,Collision with vehicle,2,Tuesday,160,VEHICLE COLLIDES WITH VEHICLE PARKED ON LEFT OF ROAD,1,292595,Not at intersection,2,60,Arterial Other,SYDNEY,MORELAND,-37.73375,144.96524,2023,8,August,13,Midday,Weekday
T20230019655,2023-08-22,17:30:00,1,Collision with vehicle,2,Tuesday,130,REAR END(VEHICLES IN SAME LANE),1,299089,T intersection,3,60,Arterial Other,GRIMSHAW,BANYULE,-37.703403,145.09187,2023,8,August,17,Afternoon Peak,Weekday
T20230019601,2023-08-22,07:47:00,1,Collision with vehicle,2,Tuesday,130,REAR END(VEHICLES IN SAME LANE),2,779338,Not at intersection,3,100,Freeway,METROPOLITAN RING,WHITTLESEA,-37.68683,145.04878,2023,8,August,7,Morning Peak,Weekday
T20230020927,2023-08-22,16:10:00,1,Collision with vehicle,2,Tuesday,130,REAR END(VEHICLES IN SAME LANE),1,780408,Not at intersection,3,70,Arterial Highway,DANDENONG,STONNINGTON,-37.86608,145.02756,2023,8,August,16,Afternoon Peak,Weekday
T20230019614,2023-08-22,07:45:00,4,Collision with a fixed object,2,Tuesday,179,OTHER ACCIDENTS-OFF STRAIGHT NOT INCLUDED IN DCAs 170-175,1,789271,Not at intersection,3,60,Local Road,CEMETERY,EAST GIPPSLAND,-37.847824,147.61015,2023,8,August,7,Morning Peak,Weekday
T20230019685,2023-08-23,12:36:00,1,Collision with vehicle,3,Wednesday,121,RIGHT THROUGH,1,29953,Cross intersection,3,70,Arterial Highway,PRINCES,GEELONG,-38.196747,144.31859,2023,8,August,12,Midday,Weekday
T20230019709,2023-08-23,18:40:00,1,Collision with vehicle,3,Wednesday,121,RIGHT THROUGH,2,65831,Cross intersection,3,40,Arterial Other,KING,MELBOURNE,-37.812466,144.95392,2023,8,August,18,Afternoon Peak,Weekday
T20230019708,2023-08-23,16:55:00,1,Collision with vehicle,3,Wednesday,163,VEHICLE STRIKES DOOR OF PARKED/STATIONARY VEHICLE,2,779578,Not at intersection,2,60,Arterial Other,JOHNSTON,YARRA,-37.79931,144.98766,2023,8,August,16,Afternoon Peak,Weekday
T20230020140,2023-08-23,17:15:00,1,Collision with vehicle,3,Wednesday,120,HEAD ON (NOT OVERTAKING),2,779795,Not at intersection,3,80,Arterial Other,DIGGERS REST-COIMADAI,MELTON,-37.61392,144.61372,2023,8,August,17,Afternoon Peak,Weekday
T20230019707,2023-08-23,17:34:00,1,Collision with vehicle,3,Wednesday,130,REAR END(VEHICLES IN SAME LANE),2,67581,T intersection,2,60,Arterial Other,SCORESBY,KNOX,-37.859108,145.26738,2023,8,August,17,Afternoon Peak,Weekday
T20230019701,2023-08-23,07:45:00,2,Struck Pedestrian,3,Wednesday,102,FAR SIDE. PED HIT BY VEHICLE FROM THE LEFT,1,779444,Not at intersection,3,50,Local Road,GRANT,MOORABOOL,-37.68379,144.43372,2023,8,August,7,Morning Peak,Weekday
T20230020767,2023-08-23,20:58:00,1,Collision with vehicle,3,Wednesday,111,RIGHT FAR (INTERSECTIONS ONLY),3,1013,Cross intersection,3,80,Arterial Highway,DANDENONG-HASTINGS,CASEY,-38.077694,145.23973,2023,8,August,20,Night,Weekday
T20230019697,2023-08-23,12:02:00,1,Collision with vehicle,3,Wednesday,130,REAR END(VEHICLES IN SAME LANE),1,793923,Cross intersection,2,60,Local Road,CENTRAL,CASEY,-38.095425,145.26183,2023,8,August,12,Midday,Weekday
T20230019687,2023-08-23,10:36:00,1,Collision with vehicle,3,Wednesday,111,RIGHT FAR (INTERSECTIONS ONLY),1,41521,T intersection,2,60,Arterial Highway,NORTH,GLEN EIRA,-37.90861,145.07803,2023,8,August,10,Midday,Weekday
T20230019916,2023-08-23,14:15:00,1,Collision with vehicle,3,Wednesday,130,REAR END(VEHICLES IN SAME LANE),1,781759,Not at intersection,3,60,Arterial Highway,DINGLEY,KINGSTON,-37.938892,145.08026,2023,8,August,14,Midday,Weekday
T20230020642,2023-08-23,11:00:00,2,Struck Pedestrian,3,Wednesday,109,ANY MANOEUVRE INVOLVING PED NOT INCLUDED IN DCAs 100-108.,1,780524,Not at intersection,3,60,Arterial Other,MALVERN,STONNINGTON,-37.84848,145.0061,2023,8,August,11,Midday,Weekday
T20230023007,2023-08-23,09:00:00,1,Collision with vehicle,3,Wednesday,139,OTHER SAME DIRECTION-MANOUEVRES NOT INCLUDED IN DCAs 130-137,1,782066,Not at intersection,3,70,Arterial Other,TAYLORS,BRIMBANK,-37.727688,144.79355,2023,8,August,9,Morning Peak,Weekday
T20230021558,2023-08-23,21:40:00,1,Collision with vehicle,3,Wednesday,163,VEHICLE STRIKES DOOR OF PARKED/STATIONARY VEHICLE,6,782055,Not at intersection,3,60,Arterial Other,CLARINDA,KINGSTON,-37.933273,145.09937,2023,8,August,21,Night,Weekday
T20230019714,2023-08-23,17:00:00,4,Collision with a fixed object,3,Wednesday,171,LEFT OFF CARRIAGEWAY INTO OBJECT/PARKED VEHICLE,1,789458,Not at intersection,2,50,Arterial Other,HIGH STREET SERVICE,CASEY,-38.03618,145.35545,2023,8,August,17,Afternoon Peak,Weekday
T20230021272,2023-08-23,05:45:00,3,Struck animal,3,Wednesday,167,STRUCK ANIMAL,6,780761,Not at intersection,3,80,Local Road,BLUESTONE SCHOOL,GEELONG,-38.268402,144.41168,2023,8,August,5,Morning Peak,Weekday
T20230020171,2023-08-23,12:20:00,1,Collision with vehicle,3,Wednesday,113,RIGHT NEAR (INTERSECTIONS ONLY),1,231578,Cross intersection,3,80,Arterial Other,PRINCES,CARDINIA,-38.07092,145.4752,2023,8,August,12,Midday,Weekday
T20230022504,2023-08-23,08:00:00,1,Collision with vehicle,3,Wednesday,160,VEHICLE COLLIDES WITH VEHICLE PARKED ON LEFT OF ROAD,1,789277,Not at intersection,3,50,Local Road,SOMERVILLE,MARIBYRNONG,-37.812977,144.88481,2023,8,August,8,Morning Peak,Weekday
T20230019675,2023-08-23,07:30:00,1,Collision with vehicle,3,Wednesday,130,REAR END(VEHICLES IN SAME LANE),1,798838,Not at intersection,2,60,Arterial Other,ANAKIE,GEELONG,-38.09721,144.33414,2023,8,August,7,Morning Peak,Weekday
T20230021009,2023-08-23,09:00:00,1,Collision with vehicle,3,Wednesday,130,REAR END(VEHICLES IN SAME LANE),2,780694,Not at intersection,3,80,Local Road,EXFORD,MELTON,-37.747723,144.5757,2023,8,August,9,Morning Peak,Weekday
T20230020463,2023-08-23,15:30:00,9,Other accident,3,Wednesday,179,OTHER ACCIDENTS-OFF STRAIGHT NOT INCLUDED IN DCAs 170-175,9,33747,Cross intersection,2,60,Arterial Highway,ALEXANDRA,YARRA,-37.79408,144.9851,2023,8,August,15,Afternoon Peak,Weekday
T20230020070,2023-08-23,15:28:00,1,Collision with vehicle,3,Wednesday,130,REAR END(VEHICLES IN SAME LANE),1,799252,Not at intersection,3,80,Arterial Highway,FRANKSTON-DANDENONG,FRANKSTON,-38.072437,145.19447,2023,8,August,15,Afternoon Peak,Weekday
T20230019758,2023-08-23,21:40:00,3,Struck animal,3,Wednesday,167,STRUCK ANIMAL,5,779540,Not at intersection,3,100,Arterial Highway,PYRENEES,MOUNT ALEXANDER,-37.096,144.11772,2023,8,August,21,Night,Weekday
T20230019749,2023-08-23,13:00:00,8,No collision and no object struck,3,Wednesday,189,OTHER ACCIDENTS ON CURVE NOT INCLUDED IN DCAs 180-184,1,779539,Not at intersection,2,80,Arterial Other,GEMBROOK,CARDINIA,-37.973366,145.53722,2023,8,August,13,Midday,Weekday
T20230019683,2023-08-23,08:45:00,1,Collision with vehicle,3,Wednesday,130,REAR END(VEHICLES IN SAME LANE),2,780513,Not at intersection,3,80,Arterial Other,COOPER,WHITTLESEA,-37.64845,144.9916,2023,8,August,8,Morning Peak,Weekday
T20230019738,2023-08-23,06:40:00,1,Collision with vehicle,3,Wednesday,114,TWO RIGHT TURNING (INTERSECTIONS ONLY),3,779714,T intersection,2,60,Arterial Other,SHANNON,GEELONG,-38.145428,144.33546,2023,8,August,6,Morning Peak,Weekday
T20230019734,2023-08-23,21:54:00,4,Collision with a fixed object,3,Wednesday,173,RIGHT OFF CARRIAGEWAY INTO OBJECT/PARKED VEHICLE,3,138017,Not at intersection,2,70,Arterial Highway,PLENTY,DAREBIN,-37.71082,145.04846,2023,8,August,21,Night,Weekday
T20230019732,2023-08-23,18:45:00,2,Struck Pedestrian,3,Wednesday,101,PED EMERGES FROM IN FRONT OF PARKED OR STATIONARY VEHICLE,3,36354,T intersection,2,60,Arterial Other,RALEIGH,MARIBYRNONG,-37.768997,144.8867,2023,8,August,18,Afternoon Peak,Weekday
T20230019728,2023-08-23,19:00:00,2,Struck Pedestrian,3,Wednesday,100,PED NEAR SIDE. PED HIT BY VEHICLE FROM THE RIGHT.,3,785953,Not at intersection,2,70,Arterial Highway,BURWOOD,WHITEHORSE,-37.850414,145.11755,2023,8,August,19,Night,Weekday
T20230019844,2023-08-23,09:00:00,1,Collision with vehicle,3,Wednesday,137,LEFT TURN SIDESWIPE,1,205,Cross intersection,3,40,Local Road,LONSDALE,MELBOURNE,-37.813713,144.95732,2023,8,August,9,Morning Peak,Weekday
T20230019846,2023-08-23,08:45:00,1,Collision with vehicle,3,Wednesday,130,REAR END(VEHICLES IN SAME LANE),2,779812,Not at intersection,3,60,Arterial Highway,NAPIER,BENDIGO,-36.72875,144.30698,2023,8,August,8,Morning Peak,Weekday
T20230019682,2023-08-23,11:12:00,1,Collision with vehicle,3,Wednesday,130,REAR END(VEHICLES IN SAME LANE),1,779890,Not at intersection,2,100,Freeway,HUME,WHITTLESEA,-37.634064,144.99333,2023,8,August,11,Midday,Weekday