ACCIDENT_NO,ACCIDENT_DATE,ACCIDENT_TIME,ACCIDENT_TYPE,ACCIDENT_TYPE_DESC,DAY_OF_WEEK,DAY_WEEK_DESC,DCA_CODE,DCA_DESC,LIGHT_CONDITION,NODE_ID,ROAD_GEOMETRY_DESC,SEVERITY,SPEED_ZONE,RMA,ROAD_NAME,LGA_NAME,LATITUDE,LONGITUDE,YEAR,MONTH,MONTH_NAME,HOUR,TIME_PERIOD,DAY_TYPE
T20230019668,2023-08-23,06:50:00,2,Struck Pedestrian,3,Wednesday,102,FAR SIDE. PED HIT BY VEHICLE FROM THE LEFT,2,780060,Not at intersection,3,40,Arterial Highway,BANKSIA,BANYULE,-37.758846,145.06181,2023,8,August,6,Morning Peak,Weekday
T20230020673,2023-08-23,16:08:00,1,Collision with vehicle,3,Wednesday,133,LANE SIDE SWIPE (VEHICLES IN PARALLEL LANES),1,780135,Not at intersection,3,100,Freeway,WESTERN RING,WYNDHAM,-37.820538,144.80983,2023,8,August,16,Afternoon Peak,Weekday
T20230025214,2023-08-23,08:00:00,2,Struck Pedestrian,3,Wednesday,104,PED WALKING WITH TRAFFIC,1,64558,Not at intersection,2,60,Arterial Other,HIGH,MANNINGHAM,-37.784397,145.10771,2023,8,August,8,Morning Peak,Weekday
T20230019665,2023-08-23,06:35:00,2,Struck Pedestrian,3,Wednesday,100,PED NEAR SIDE. PED HIT BY VEHICLE FROM THE RIGHT.,2,779440,Cross intersection,3,60,Arterial Highway,NORTH,GLEN EIRA,-37.908154,145.07425,2023,8,August,6,Morning Peak,Weekday
T20230019663,2023-08-23,02:46:00,1,Collision with vehicle,3,Wednesday,130,REAR END(VEHICLES IN SAME LANE),3,779788,Not at intersection,2,60,Freeway,WEST GATE,MELBOURNE,-37.825638,144.93643,2023,8,August,2,Late Night,Weekday
T20230019727,2023-08-23,17:50:00,1,Collision with vehicle,3,Wednesday,113,RIGHT NEAR (INTERSECTIONS ONLY),1,526,T intersection,2,60,Arterial Other,OLD CALDER,BRIMBANK,-37.711414,144.82231,2023,8,August,17,Afternoon Peak,Weekday
T20230023487,2023-08-23,17:44:00,1,Collision with vehicle,3,Wednesday,130,REAR END(VEHICLES IN SAME LANE),2,774931,Not at intersection,3,100,Freeway,MONASH,MONASH,-37.907116,145.15855,2023,8,August,17,Afternoon Peak,Weekday
T20230019722,2023-08-23,11:15:00,1,Collision with vehicle,3,Wednesday,130,REAR END(VEHICLES IN SAME LANE),1,15403,Cross intersection,2,40,Local Road,LITTLE MALOP,GEELONG,-38.14823,144.3603,2023,8,August,11,Midday,Weekday
T20230019773,2023-08-23,16:11:00,1,Collision with vehicle,3,Wednesday,121,RIGHT THROUGH,1,43517,Cross intersection,2,80,Arterial Other,CRANBOURNE,FRANKSTON,-38.150913,145.15123,2023,8,August,16,Afternoon Peak,Weekday
T20230019719,2023-08-23,17:29:00,2,Struck Pedestrian,3,Wednesday,100,PED NEAR SIDE. PED HIT BY VEHICLE FROM THE RIGHT.,1,779713,Not at intersection,2,70,Arterial Other,OLD GEELONG,WYNDHAM,-37.8748,144.7184,2023,8,August,17,Afternoon Peak,Weekday
T20230019718,2023-08-23,16:30:00,1,Collision with vehicle,3,Wednesday,130,REAR END(VEHICLES IN SAME LANE),2,780140,Not at intersection,3,80,Arterial Highway,MURRAY VALLEY,WODONGA,-36.14653,146.92598,2023,8,August,16,Afternoon Peak,Weekday
T20230019711,2023-08-23,16:46:00,4,Collision with a fixed object,3,Wednesday,179,OTHER ACCIDENTS-OFF STRAIGHT NOT INCLUDED IN DCAs 170-175,1,779537,Not at intersection,3,60,Arterial Other,MURRAY,DAREBIN,-37.74058,145.02733,2023,8,August,16,Afternoon Peak,Weekday
T20230019786,2023-08-23,20:20:00,4,Collision with a fixed object,3,Wednesday,171,LEFT OFF CARRIAGEWAY INTO OBJECT/PARKED VEHICLE,3,789478,Not at intersection,3,60,Arterial Other,OGILVY,SOUTH GIPPSLAND,-38.47913,145.95274,2023,8,August,20,Night,Weekday
T20230019710,2023-08-23,18:30:00,1,Collision with vehicle,3,Wednesday,110,CROSS TRAFFIC(INTERSECTIONS ONLY),3,45540,Cross intersection,3,60,Arterial Other,MELVILLE,MORELAND,-37.749687,144.9464,2023,8,August,18,Afternoon Peak,Weekday
T20230019794,2023-08-24,16:50:00,1,Collision with vehicle,4,Thursday,130,REAR END(VEHICLES IN SAME LANE),1,798896,Not at intersection,3,70,Arterial Highway,NORTH,GLEN EIRA,-37.905987,145.05582,2023,8,August,16,Afternoon Peak,Weekday
T20230019746,2023-08-24,08:30:00,1,Collision with vehicle,4,Thursday,130,REAR END(VEHICLES IN SAME LANE),1,780514,Not at intersection,3,60,Arterial Highway,MIDLAND,SHEPPARTON,-36.379986,145.39375,2023,8,August,8,Morning Peak,Weekday
T20230019793,2023-08-24,15:32:00,1,Collision with vehicle,4,Thursday,120,HEAD ON (NOT OVERTAKING),1,779965,Not at intersection,1,80,Arterial Highway,WARBURTON,YARRA RANGES,-37.78808,145.54997,2023,8,August,15,Afternoon Peak,Weekday
T20230019748,2023-08-24,08:15:00,1,Collision with vehicle,4,Thursday,121,RIGHT THROUGH,1,29816,Cross intersection,3,70,Arterial Other,BALLARAT,BRIMBANK,-37.777145,144.8287,2023,8,August,8,Morning Peak,Weekday
T20230019777,2023-08-24,15:40:00,1,Collision with vehicle,4,Thursday,110,CROSS TRAFFIC(INTERSECTIONS ONLY),1,779715,Cross intersection,3,40,Local Road,NOBLE,GEELONG,-38.27563,144.49033,2023,8,August,15,Afternoon Peak,Weekday
T20230019775,2023-08-24,10:49:00,1,Collision with vehicle,4,Thursday,160,VEHICLE COLLIDES WITH VEHICLE PARKED ON LEFT OF ROAD,1,780828,Not at intersection,2,60,Local Road,FLETCHER,MOONEE VALLEY,-37.755245,144.91989,2023,8,August,10,Midday,Weekday
T20230019750,2023-08-24,09:00:00,1,Collision with vehicle,4,Thursday,130,REAR END(VEHICLES IN SAME LANE),1,789643,Not at intersection,3,50,Local Road,ROSE GRANGE,WYNDHAM,-37.84209,144.70398,2023,8,August,9,Morning Peak,Weekday
T20230019766,2023-08-24,13:00:00,1,Collision with vehicle,4,Thursday,135,LANE CHANGE LEFT (NOT OVERTAKING),1,780125,Not at intersection,3,60,Arterial Highway,BULLEEN,BOROONDARA,-37.778473,145.07872,2023,8,August,13,Midday,Weekday
T20230019752,2023-08-24,08:10:00,1,Collision with vehicle,4,Thursday,130,REAR END(VEHICLES IN SAME LANE),2,779605,Not at intersection,3,80,Arterial Other,WELLINGTON,YARRA RANGES,-37.960358,145.35832,2023,8,August,8,Morning Peak,Weekday
T20230020781,2023-08-24,20:00:00,1,Collision with vehicle,4,Thursday,130,REAR END(VEHICLES IN SAME LANE),9,793924,Not at intersection,3,80,Arterial Highway,PRINCES,CASEY,-38.016594,145.29318,2023,8,August,20,Night,Weekday
T20230019789,2023-08-24,18:30:00,8,No collision and no object struck,4,Thursday,179,OTHER ACCIDENTS-OFF STRAIGHT NOT INCLUDED IN DCAs 170-175,3,784658,Not at intersection,2,50,Local Road,BANON,MITCHELL,-37.406498,144.96645,2023,8,August,18,Afternoon Peak,Weekday
T20230019788,2023-08-24,16:55:00,1,Collision with vehicle,4,Thursday,130,REAR END(VEHICLES IN SAME LANE),1,779543,Not at intersection,3,70,Arterial Highway,LATROBE,GEELONG,-38.142567,144.35368,2023,8,August,16,Afternoon Peak,Weekday
T20230019763,2023-08-24,11:50:00,1,Collision with vehicle,4,Thursday,120,HEAD ON (NOT OVERTAKING),1,783751,Not at intersection,2,60,Arterial Other,HASTINGS,FRANKSTON,-38.153522,145.13313,2023,8,August,11,Midday,Weekday
T20230019787,2023-08-24,18:00:00,4,Collision with a fixed object,4,Thursday,171,LEFT OFF CARRIAGEWAY INTO OBJECT/PARKED VEHICLE,2,781449,Not at intersection,3,50,Local Road,COBURNS,MELTON,-37.63728,144.57422,2023,8,August,18,Afternoon Peak,Weekday
T20230019753,2023-08-24,08:32:00,1,Collision with vehicle,4,Thursday,112,LEFT FAR (INTERSECTIONS ONLY),1,710776,Cross intersection,3,50,Local Road,PENTRIDGE,MORELAND,-37.73848,144.97008,2023,8,August,8,Morning Peak,Weekday
T20230019783,2023-08-24,14:30:00,1,Collision with vehicle,4,Thursday,113,RIGHT NEAR (INTERSECTIONS ONLY),1,782614,T intersection,2,50,Local Road,OAKTREE,CASEY,-38.022247,145.25392,2023,8,August,14,Midday,Weekday
T20230019756,2023-08-24,07:30:00,1,Collision with vehicle,4,Thursday,121,RIGHT THROUGH,2,779976,Not at intersection,3,60,Arterial Other,DALTON ROAD -KEON,WHITTLESEA,-37.696007,145.0222,2023,8,August,7,Morning Peak,Weekday
T20230019757,2023-08-24,10:23:00,1,Collision with vehicle,4,Thursday,130,REAR END(VEHICLES IN SAME LANE),1,798839,Cross intersection,2,60,Arterial Highway,PUNT,STONNINGTON,-37.83801,144.98659,2023,8,August,10,Midday,Weekday
T20230020023,2023-08-24,15:00:00,1,Collision with vehicle,4,Thursday,130,REAR END(VEHICLES IN SAME LANE),1,257489,Not at intersection,3,60,Arterial Other,SHAKESPEARE,LATROBE,-38.19961,146.53311,2023,8,August,15,Afternoon Peak,Weekday
T20230019838,2023-08-24,21:30:00,4,Collision with a fixed object,4,Thursday,183,OFF LEFT BEND INTO OBJECT/PARKED VEHICLE,9,780622,Not at intersection,1,100,Arterial Highway,MURRAY VALLEY,MOIRA,-36.00026,145.82196,2023,8,August,21,Night,Weekday
T20230020189,2023-08-24,20:15:00,1,Collision with vehicle,4,Thursday,130,REAR END(VEHICLES IN SAME LANE),3,286770,Cross intersection,3,80,Arterial Other,MELTON,BRIMBANK,-37.695953,144.7744,2023,8,August,20,Night,Weekday
T20230019848,2023-08-24,22:15:00,2,Struck Pedestrian,4,Thursday,108,PED STRUCK WALKING TO/FROM OR BOARDING/ALIGHTING VEHICLE.,6,780070,Not at intersection,3,50,Local Road,ARINGA,MAROONDAH,-37.826057,145.25151,2023,8,August,22,Night,Weekday
T20230019735,2023-08-24,01:53:00,1,Collision with vehicle,4,Thursday,133,LANE SIDE SWIPE (VEHICLES IN PARALLEL LANES),3,779538,Not at intersection,3,40,Local Road,CRESCENT,BOROONDARA,-37.847134,145.04532,2023,8,August,1,Late Night,Weekday
T20230019760,2023-08-24,08:51:00,1,Collision with vehicle,4,Thursday,140,U TURN,1,782949,T intersection,3,60,Arterial Other,GAFFNEY,MORELAND,-37.730972,144.93361,2023,8,August,8,Morning Peak,Weekday
T20230019832,2023-08-24,14:00:00,2,Struck Pedestrian,4,Thursday,108,PED STRUCK WALKING TO/FROM OR BOARDING/ALIGHTING VEHICLE.,1,799251,Not at intersection,3,40,Local Road,STURT,BALLARAT,-37.56183,143.85532,2023,8,August,14,Midday,Weekday
T20230020087,2023-08-24,16:20:00,1,Collision with vehicle,4,Thursday,130,REAR END(VEHICLES IN SAME LANE),9,780243,Not at intersection,3,100,Freeway,HUME,WHITTLESEA,-37.66229,144.98476,2023,8,August,16,Afternoon Peak,Weekday
T20230020632,2023-08-24,16:56:00,1,Collision with vehicle,4,Thursday,130,REAR END(VEHICLES IN SAME LANE),1,321927,Cross intersection,3,70,Arterial Other,BALLARAT,MARIBYRNONG,-37.781353,144.86542,2023,8,August,16,Afternoon Peak,Weekday
T20230019842,2023-08-24,17:04:00,1,Collision with vehicle,4,Thursday,110,CROSS TRAFFIC(INTERSECTIONS ONLY),1,50096,Cross intersection,3,50,Arterial Other,MURRADOC,GEELONG,-38.170845,144.71841,2023,8,August,17,Afternoon Peak,Weekday
T20230029767,2023-08-24,07:10:00,8,No collision and no object struck,4,Thursday,174,OUT OF CONTROL ON CARRIAGEWAY (ON STRAIGHT),1,792723,Not at intersection,2,50,Arterial Other,STURT,MELBOURNE,-37.824863,144.96695,2023,8,August,7,Morning Peak,Weekday
T20230021834,2023-08-24,09:50:00,1,Collision with vehicle,4,Thursday,130,REAR END(VEHICLES IN SAME LANE),1,781836,Not at intersection,3,50,Local Road,ROWES,WYNDHAM,-37.887222,144.63513,2023,8,August,9,Morning Peak,Weekday
T20230020412,2023-08-24,17:25:00,1,Collision with vehicle,4,Thursday,129,OTHER OPPOSING MANOEUVRES NOT INCLUDED IN DCAs 120-125.,2,36969,T intersection,2,80,Arterial Highway,BURWOOD,KNOX,-37.875027,145.25362,2023,8,August,17,Afternoon Peak,Weekday
T20230019805,2023-08-24,18:46:00,4,Collision with a fixed object,4,Thursday,173,RIGHT OFF CARRIAGEWAY INTO OBJECT/PARKED VEHICLE,3,779492,Not at intersection,1,50,Local Road,KIMPTON,HOBSONS BAY,-37.851,144.83199,2023,8,August,18,Afternoon Peak,Weekday
T20230019782,2023-08-24,16:15:00,1,Collision with vehicle,4,Thursday,121,RIGHT THROUGH,1,42214,T intersection,2,70,Arterial Other,SOUTH,GLEN EIRA,-37.934605,145.04832,2023,8,August,16,Afternoon Peak,Weekday
T20230019797,2023-08-24,15:40:00,1,Collision with vehicle,4,Thursday,132,RIGHT REAR.,1,779943,Not at intersection,2,80,Arterial Highway,FRANKSTON-DANDENONG,DANDENONG,-38.05385,145.2076,2023,8,August,15,Afternoon Peak,Weekday
T20230019796,2023-08-24,12:26:00,1,Collision with vehicle,4,Thursday,130,REAR END(VEHICLES IN SAME LANE),1,779608,Not at intersection,3,50,Arterial Other,LOWER HEIDELBERG,BANYULE,-37.769344,145.0649,2023,8,August,12,Midday,Weekday
T20230020069,2023-08-25,11:00:00,2,Struck Pedestrian,5,Friday,106,VEH STRIKES PED ON FOOTPATH/MEDIAN/TRAFFIC ISLAND.,1,792943,Not at intersection,2,60,Local Road,COPPARDS,GEELONG,-38.180954,144.40114,2023,8,August,11,Midday,Weekday
T20230020694,2023-08-25,21:05:00,1,Collision with vehicle,5,Friday,130,REAR END(VEHICLES IN SAME LANE),3,789668,Cross intersection,3,60,Local Road,KENT,BALLARAT,-37.583813,143.8386,2023,8,August,21,Night,Weekday
T20230020166,2023-08-25,22:00:00,1,Collision with vehicle,5,Friday,121,RIGHT THROUGH,3,780216,Cross intersection,3,60,Arterial Other,SYDNEY,MORELAND,-37.727528,144.96368,2023,8,August,22,Night,Weekday
T20230020083,2023-08-25,17:30:00,1,Collision with vehicle,5,Friday,134,LANE CHANGE RIGHT (NOT OVERTAKING),2,779791,Not at intersection,3,60,Arterial Highway,KINGS,PORT PHILLIP,-37.835358,144.97137,2023,8,August,17,Afternoon Peak,Weekday
T20230020831,2023-08-25,16:30:00,1,Collision with vehicle,5,Friday,130,REAR END(VEHICLES IN SAME LANE),2,780306,Not at intersection,3,60,Arterial Other,CHILDS,WHITTLESEA,-37.66059,145.02788,2023,8,August,16,Afternoon Peak,Weekday
T20230020188,2023-08-25,17:15:00,1,Collision with vehicle,5,Friday,130,REAR END(VEHICLES IN SAME LANE),2,779800,Cross intersection,3,60,Arterial Other,BAY,KINGSTON,-37.957424,145.05185,2023,8,August,17,Afternoon Peak,Weekday
T20230020920,2023-08-25,23:38:00,1,Collision with vehicle,5,Friday,110,CROSS TRAFFIC(INTERSECTIONS ONLY),3,65831,Cross intersection,2,60,Arterial Other,KING,MELBOURNE,-37.812466,144.95392,2023,8,August,23,Night,Weekday
T20230019890,2023-08-25,19:07:00,6,Vehicle overturned (no collision),5,Friday,174,OUT OF CONTROL ON CARRIAGEWAY (ON STRAIGHT),3,780192,Not at intersection,2,80,Freeway,WEST GATE,MELBOURNE,-37.82561,144.9369,2023,8,August,19,Night,Weekday
T20230019821,2023-08-25,10:15:00,2,Struck Pedestrian,5,Friday,100,PED NEAR SIDE. PED HIT BY VEHICLE FROM THE RIGHT.,1,266135,Cross intersection,2,70,Arterial Highway,BELLARINE,GEELONG,-38.17063,144.39145,2023,8,August,10,Midday,Weekday
T20230019820,2023-08-25,08:45:00,2,Struck Pedestrian,5,Friday,100,PED NEAR SIDE. PED HIT BY VEHICLE FROM THE RIGHT.,1,36822,T intersection,2,50,Local Road,CUNNINGHAM,CASEY,-37.97791,145.27023,2023,8,August,8,Morning Peak,Weekday
T20230019814,2023-08-25,06:01:00,1,Collision with vehicle,5,Friday,130,REAR END(VEHICLES IN SAME LANE),2,779813,Not at intersection,3,100,Freeway,PRINCES,HOBSONS BAY,-37.864105,144.77628,2023,8,August,6,Morning Peak,Weekday
T20230019808,2023-08-25,00:30:00,2,Struck Pedestrian,5,Friday,101,PED EMERGES FROM IN FRONT OF PARKED OR STATIONARY VEHICLE,3,779544,Cross intersection,3,40,Local Road,LONSDALE,MELBOURNE,-37.812305,144.96217,2023,8,August,0,Late Night,Weekday
T20230019877,2023-08-25,17:05:00,1,Collision with vehicle,5,Friday,111,RIGHT FAR (INTERSECTIONS ONLY),1,789656,T intersection,3,50,Local Road,BROADWAY,KINGSTON,-38.060196,145.1195,2023,8,August,17,Afternoon Peak,Weekday
T20230019841,2023-08-25,10:05:00,1,Collision with vehicle,5,Friday,110,CROSS TRAFFIC(INTERSECTIONS ONLY),1,49613,Cross intersection,2,100,Arterial Other,GEELONG-BALLAN,GEELONG,-38.02175,144.28844,2023,8,August,10,Midday,Weekday
T20230019859,2023-08-25,10:50:00,1,Collision with vehicle,5,Friday,110,CROSS TRAFFIC(INTERSECTIONS ONLY),1,222041,Cross intersection,3,80,Freeway,PENINSULA LINK,MORNINGTON PENINSULA,-38.37029,144.90863,2023,8,August,10,Midday,Weekday
T20230020766,2023-08-25,14:30:00,1,Collision with vehicle,5,Friday,149,OTHER MANOEUVRING NOT INCLUDED IN DCAs 140-148,1,780302,Not at intersection,3,50,Local Road,RUBICON,BALLARAT,-37.58216,143.83989,2023,8,August,14,Midday,Weekday
T20230020755,2023-08-25,16:30:00,1,Collision with vehicle,5,Friday,134,LANE CHANGE RIGHT (NOT OVERTAKING),1,780300,Not at intersection,3,100,Freeway,EASTERN,BOROONDARA,-37.783928,145.09969,2023,8,August,16,Afternoon Peak,Weekday
T20230019831,2023-08-25,10:18:00,1,Collision with vehicle,5,Friday,147,VEHICLE STRIKES ANOTHER VEH WHILE EMERGING FROM DRIVEWAY,1,780969,Not at intersection,2,80,Arterial Other,PASCOE VALE,HUME,-37.661118,144.92412,2023,8,August,10,Midday,Weekday
T20230019915,2023-08-25,16:00:00,2,Struck Pedestrian,5,Friday,105,PED WALKING AGAINST TRAFFIC.,1,789673,Not at intersection,3,60,Arterial Other,CENTRE,KINGSTON,-37.92685,145.10529,2023,8,August,16,Afternoon Peak,Weekday
T20230019925,2023-08-25,08:05:00,1,Collision with vehicle,5,Friday,139,OTHER SAME DIRECTION-MANOUEVRES NOT INCLUDED IN DCAs 130-137,1,789658,Cross intersection,3,70,Arterial Other,CAMP,HUME,-37.689465,144.95793,2023,8,August,8,Morning Peak,Weekday
T20230019858,2023-08-25,15:28:00,4,Collision with a fixed object,5,Friday,173,RIGHT OFF CARRIAGEWAY INTO OBJECT/PARKED VEHICLE,1,798840,Not at intersection,3,80,Local Road,MYERS CREEK,YARRA RANGES,-37.592213,145.51888,2023,8,August,15,Afternoon Peak,Weekday
T20230019852,2023-08-25,11:15:00,1,Collision with vehicle,5,Friday,121,RIGHT THROUGH,1,782836,T intersection,2,60,Arterial Other,STEPHENSONS,MONASH,-37.87297,145.12953,2023,8,August,11,Midday,Weekday
T20230019874,2023-08-25,19:48:00,1,Collision with vehicle,5,Friday,110,CROSS TRAFFIC(INTERSECTIONS ONLY),3,38201,Cross intersection,3,50,Local Road,DAREBIN,BANYULE,-37.753757,145.06248,2023,8,August,19,Night,Weekday
T20230020098,2023-08-25,13:15:00,1,Collision with vehicle,5,Friday,130,REAR END(VEHICLES IN SAME LANE),1,779792,Not at intersection,3,70,Arterial Highway,PRINCES,GEELONG,-38.0762,144.36778,2023,8,August,13,Midday,Weekday
T20230022167,2023-08-25,20:00:00,3,Struck animal,5,Friday,167,STRUCK ANIMAL,5,798845,Not at intersection,3,100,Local Road,BARANDUDA,WODONGA,-36.16956,146.92412,2023,8,August,20,Night,Weekday
T20230019862,2023-08-25,17:10:00,1,Collision with vehicle,5,Friday,111,RIGHT FAR (INTERSECTIONS ONLY),1,798841,T intersection,3,60,Arterial Other,HARP,BOROONDARA,-37.800064,145.05661,2023,8,August,17,Afternoon Peak,Weekday
T20230021012,2023-08-25,11:40:00,1,Collision with vehicle,5,Friday,140,U TURN,1,40951,Cross intersection,3,60,Arterial Other,MOUNTAIN,KNOX,-37.841267,145.26505,2023,8,August,11,Midday,Weekday
T20230020112,2023-08-25,15:00:00,4,Collision with a fixed object,5,Friday,171,LEFT OFF CARRIAGEWAY INTO OBJECT/PARKED VEHICLE,1,780126,Not at intersection,3,100,Local Road,MYERS FLAT,BENDIGO,-36.68718,144.15431,2023,8,August,15,Afternoon Peak,Weekday
T20230019954,2023-08-25,09:15:00,1,Collision with vehicle,5,Friday,130,REAR END(VEHICLES IN SAME LANE),2,779642,Not at intersection,3,70,Arterial Highway,SPRINGVALE,MANNINGHAM,-37.80418,145.17802,2023,8,August,9,Morning Peak,Weekday
T20230020305,2023-08-26,19:00:00,1,Collision with vehicle,6,Saturday,113,RIGHT NEAR (INTERSECTIONS ONLY),3,41603,T intersection,3,50,Local Road,CABENA,MONASH,-37.890743,145.09721,2023,8,August,19,Night,Weekend
T20230019951,2023-08-26,15:45:00,8,No collision and no object struck,6,Saturday,182,OFF CARRIAGEWAY ON LEFT BEND,1,789674,Not at intersection,2,100,Arterial Other,KATAMATITE-SHEPPARTON,MOIRA,-36.1296,145.64388,2023,8,August,15,Afternoon Peak,Weekend
T20230019948,2023-08-26,15:26:00,1,Collision with vehicle,6,Saturday,110,CROSS TRAFFIC(INTERSECTIONS ONLY),1,780013,Cross intersection,2,60,Local Road,BRITTAIN,BALLARAT,-37.58242,143.86084,2023,8,August,15,Afternoon Peak,Weekend
T20230019947,2023-08-26,13:30:00,1,Collision with vehicle,6,Saturday,130,REAR END(VEHICLES IN SAME LANE),1,788871,T intersection,3,50,Local Road,BERNARD,KINGSTON,-37.953926,145.06725,2023,8,August,13,Midday,Weekend
T20230019942,2023-08-26,09:20:00,1,Collision with vehicle,6,Saturday,130,REAR END(VEHICLES IN SAME LANE),1,37559,Cross intersection,3,40,Local Road,MORAY,PORT PHILLIP,-37.834503,144.96407,2023,8,August,9,Morning Peak,Weekend
T20230019985,2023-08-26,12:03:00,4,Collision with a fixed object,6,Saturday,173,RIGHT OFF CARRIAGEWAY INTO OBJECT/PARKED VEHICLE,1,789688,Not at intersection,3,60,Local Road,CHURCH,NILLUMBIK,-37.625797,145.2278,2023,8,August,12,Midday,Weekend
T20230019934,2023-08-26,11:30:00,4,Collision with a fixed object,6,Saturday,173,RIGHT OFF CARRIAGEWAY INTO OBJECT/PARKED VEHICLE,1,780214,Not at intersection,3,80,Arterial Other,HEALESVILLE-KINGLAKE,YARRA RANGES,-37.57557,145.48286,2023,8,August,11,Midday,Weekend
T20230019931,2023-08-26,11:25:00,1,Collision with vehicle,6,Saturday,135,LANE CHANGE LEFT (NOT OVERTAKING),1,789686,T intersection,3,40,Local Road,HIGH,WODONGA,-36.1225,146.88806,2023,8,August,11,Midday,Weekend
T20230019922,2023-08-26,10:24:00,1,Collision with vehicle,6,Saturday,113,RIGHT NEAR (INTERSECTIONS ONLY),1,46742,T intersection,2,80,Arterial Other,CLYDE-FIVE WAYS,CASEY,-38.12717,145.32552,2023,8,August,10,Midday,Weekend
T20230019917,2023-08-26,09:52:00,4,Collision with a fixed object,6,Saturday,171,LEFT OFF CARRIAGEWAY INTO OBJECT/PARKED VEHICLE,1,789683,Not at intersection,3,50,Local Road,THE ESPLANADE,CASEY,-38.064384,145.32568,2023,8,August,9,Morning Peak,Weekend
T20230019910,2023-08-26,07:00:00,4,Collision with a fixed object,6,Saturday,171,LEFT OFF CARRIAGEWAY INTO OBJECT/PARKED VEHICLE,1,782492,Not at intersection,2,60,Local Road,KALLISTA-EMERALD,YARRA RANGES,-37.890266,145.3878,2023,8,August,7,Morning Peak,Weekend
T20230019909,2023-08-26,06:23:00,6,Vehicle overturned (no collision),6,Saturday,170,OFF CARRIAGEWAY TO LEFT,2,779641,Not at intersection,3,100,Freeway,MONASH,CASEY,-37.987988,145.25131,2023,8,August,6,Morning Peak,Weekend
T20230019900,2023-08-26,06:00:00,1,Collision with vehicle,6,Saturday,111,RIGHT FAR (INTERSECTIONS ONLY),3,683318,Cross intersection,3,80,Arterial Other,SUNSHINE,BRIMBANK,-37.729427,144.81503,2023,8,August,6,Morning Peak,Weekend
T20230021863,2023-08-26,00:05:00,1,Collision with vehicle,6,Saturday,133,LANE SIDE SWIPE (VEHICLES IN PARALLEL LANES),3,783755,Not at intersection,3,70,Freeway,HUME-WESTERN RING IN,MORELAND,-37.692177,144.95819,2023,8,August,0,Late Night,Weekend
T20230019907,2023-08-26,08:30:00,4,Collision with a fixed object,6,Saturday,171,LEFT OFF CARRIAGEWAY INTO OBJECT/PARKED VEHICLE,1,789689,Not at intersection,3,60,Local Road,MINE,NILLUMBIK,-37.607803,145.18988,2023,8,August,8,Morning Peak,Weekend
T20230022520,2023-08-26,11:40:00,4,Collision with a fixed object,6,Saturday,171,LEFT OFF CARRIAGEWAY INTO OBJECT/PARKED VEHICLE,1,781843,Not at intersection,3,70,Arterial Other,WESTALL,DANDENONG,-37.944656,145.13962,2023,8,August,11,Midday,Weekend
T20230020270,2023-08-26,02:00:00,7,Fall from or in moving vehicle,6,Saturday,190,FELL IN/FROM VEHICLE,3,790540,Not at intersection,2,50,Local Road,FRASER,YARRA,-37.822166,145.00594,2023,8,August,2,Late Night,Weekend
T20230020252,2023-08-26,04:00:00,4,Collision with a fixed object,6,Saturday,151,OUT OF CONTROL (OVERTAKING),5,795140,Not at intersection,3,100,Arterial Other,MANSFIELD-WOODS POINT,MANSFIELD,-37.55728,146.23245,2023,8,August,4,Late Night,Weekend
T20230023285,2023-08-26,20:40:00,1,Collision with vehicle,6,Saturday,130,REAR END(VEHICLES IN SAME LANE),9,785644,Not at intersection,3,80,Arterial Highway,PRINCES,LATROBE,-38.22078,146.47154,2023,8,August,20,Night,Weekend
T20230019928,2023-08-26,11:00:00,8,No collision and no object struck,6,Saturday,174,OUT OF CONTROL ON CARRIAGEWAY (ON STRAIGHT),1,779864,Not at intersection,2,100,Arterial Other,KIEWA VALLEY,ALPINE,-36.6602,147.12839,2023,8,August,11,Midday,Weekend
T20230019972,2023-08-26,22:45:00,4,Collision with a fixed object,6,Saturday,151,OUT OF CONTROL (OVERTAKING),3,792022,T intersection,3,50,Local Road,HASTINGS,WYNDHAM,-37.858242,144.695,2023,8,August,22,Night,Weekend
T20230019970,2023-08-26,22:10:00,1,Collision with vehicle,6,Saturday,137,LEFT TURN SIDESWIPE,3,249179,Cross intersection,3,60,Arterial Other,HIGH,PORT PHILLIP,-37.85025,144.98088,2023,8,August,22,Night,Weekend
T20230019962,2023-08-26,21:00:00,1,Collision with vehicle,6,Saturday,137,LEFT TURN SIDESWIPE,3,238,Cross intersection,2,40,Local Road,FLINDERS,MELBOURNE,-37.81745,144.96744,2023,8,August,21,Night,Weekend
T20230020753,2023-08-27,19:23:00,4,Collision with a fixed object,7,Sunday,171,LEFT OFF CARRIAGEWAY INTO OBJECT/PARKED VEHICLE,3,780398,Not at intersection,2,50,Local Road,CARINISH,MONASH,-37.91766,145.11174,2023,8,August,19,Night,Weekend
T20230020029,2023-08-27,16:30:00,1,Collision with vehicle,7,Sunday,121,RIGHT THROUGH,1,798893,Not at intersection,3,60,Local Road,MCPHILLIPS,GOLDEN PLAINS,-38.0441,144.17181,2023,8,August,16,Afternoon Peak,Weekend