ACCIDENT_NO,ACCIDENT_DATE,ACCIDENT_TIME,ACCIDENT_TYPE,ACCIDENT_TYPE_DESC,DAY_OF_WEEK,DAY_WEEK_DESC,DCA_CODE,DCA_DESC,LIGHT_CONDITION,NODE_ID,ROAD_GEOMETRY_DESC,SEVERITY,SPEED_ZONE,RMA,ROAD_NAME,LGA_NAME,LATITUDE,LONGITUDE,YEAR,MONTH,MONTH_NAME,HOUR,TIME_PERIOD,DAY_TYPE
T20230019976,2023-08-27,02:04:00,2,Struck Pedestrian,7,Sunday,101,PED EMERGES FROM IN FRONT OF PARKED OR STATIONARY VEHICLE,3,781834,Not at intersection,3,40,Arterial Other,JOHNSTON,YARRA,-37.799976,144.99431,2023,8,August,2,Late Night,Weekend
T20230019988,2023-08-27,05:56:00,1,Collision with vehicle,7,Sunday,111,RIGHT FAR (INTERSECTIONS ONLY),2,29663,Cross intersection,3,60,Arterial Other,FERNTREE GULLY,MONASH,-37.899086,145.12444,2023,8,August,5,Morning Peak,Weekend
T20230019990,2023-08-27,09:50:00,8,No collision and no object struck,7,Sunday,174,OUT OF CONTROL ON CARRIAGEWAY (ON STRAIGHT),1,779879,T intersection,3,100,Arterial Other,BEECHWORTH-WANGARATTA,WANGARATTA,-36.396557,146.54503,2023,8,August,9,Morning Peak,Weekend
T20230019992,2023-08-27,10:36:00,4,Collision with a fixed object,7,Sunday,173,RIGHT OFF CARRIAGEWAY INTO OBJECT/PARKED VEHICLE,1,788876,Not at intersection,2,60,Arterial Highway,PRINCES,DANDENONG,-37.981163,145.21033,2023,8,August,10,Midday,Weekend
T20230019993,2023-08-27,12:10:00,1,Collision with vehicle,7,Sunday,119,OTHER ADJACENT (INTERSECTIONS ONLY),1,37281,T intersection,3,70,Local Road,TARNEIT,WYNDHAM,-37.88107,144.66351,2023,8,August,12,Midday,Weekend
T20230020039,2023-08-27,16:30:00,1,Collision with vehicle,7,Sunday,120,HEAD ON (NOT OVERTAKING),1,779612,Not at intersection,1,100,Arterial Highway,STRZELECKI,LATROBE,-38.309547,146.27055,2023,8,August,16,Afternoon Peak,Weekend
T20230022769,2023-08-27,17:26:00,1,Collision with vehicle,7,Sunday,137,LEFT TURN SIDESWIPE,2,39195,Cross intersection,3,60,Arterial Other,MAIN,BRIMBANK,-37.742332,144.78291,2023,8,August,17,Afternoon Peak,Weekend
T20230019996,2023-08-27,11:40:00,1,Collision with vehicle,7,Sunday,136,RIGHT TURN SIDESWIPE,1,792936,Not at intersection,2,60,Local Road,PARK,MANNINGHAM,-37.799927,145.19284,2023,8,August,11,Midday,Weekend
T20230019998,2023-08-27,10:10:00,4,Collision with a fixed object,7,Sunday,173,RIGHT OFF CARRIAGEWAY INTO OBJECT/PARKED VEHICLE,1,779716,Not at intersection,3,50,Local Road,RANKIN,KNOX,-37.86915,145.27126,2023,8,August,10,Midday,Weekend
T20230019999,2023-08-27,12:00:00,1,Collision with vehicle,7,Sunday,110,CROSS TRAFFIC(INTERSECTIONS ONLY),1,53112,Cross intersection,3,60,Local Road,BRITTAIN,BALLARAT,-37.58248,143.86082,2023,8,August,12,Midday,Weekend
T20230020000,2023-08-27,10:35:00,1,Collision with vehicle,7,Sunday,111,RIGHT FAR (INTERSECTIONS ONLY),1,792230,Cross intersection,3,80,Local Road,HOLDEN,MELTON,-37.65825,144.7018,2023,8,August,10,Midday,Weekend
T20230020003,2023-08-27,12:05:00,1,Collision with vehicle,7,Sunday,121,RIGHT THROUGH,1,17668,Not at intersection,3,80,Arterial Highway,HAPPY VALLEY,ALPINE,-36.58826,146.76105,2023,8,August,12,Midday,Weekend
T20230020185,2023-08-27,12:29:00,1,Collision with vehicle,7,Sunday,130,REAR END(VEHICLES IN SAME LANE),1,780001,Not at intersection,2,80,Arterial Other,HEATHERTON,DANDENONG,-37.97215,145.23393,2023,8,August,12,Midday,Weekend
T20230020004,2023-08-27,07:53:00,1,Collision with vehicle,7,Sunday,121,RIGHT THROUGH,2,353403,Cross intersection,3,70,Arterial Highway,BULLEEN,MANNINGHAM,-37.76225,145.08342,2023,8,August,7,Morning Peak,Weekend
T20230020007,2023-08-27,12:00:00,8,No collision and no object struck,7,Sunday,179,OTHER ACCIDENTS-OFF STRAIGHT NOT INCLUDED IN DCAs 170-175,1,780756,Not at intersection,3,60,Local Road,SLOUGH,HOBSONS BAY,-37.860374,144.80092,2023,8,August,12,Midday,Weekend
T20230020028,2023-08-27,11:10:00,8,No collision and no object struck,7,Sunday,149,OTHER MANOEUVRING NOT INCLUDED IN DCAs 140-148,1,54998,T intersection,3,50,Local Road,COUCH,WARRNAMBOOL,-38.364925,142.50119,2023,8,August,11,Midday,Weekend
T20230020506,2023-08-27,11:30:00,1,Collision with vehicle,7,Sunday,130,REAR END(VEHICLES IN SAME LANE),1,43152,T intersection,3,80,Arterial Other,HEATHERTON,CASEY,-37.974834,145.25821,2023,8,August,11,Midday,Weekend
T20230020048,2023-08-27,19:45:00,1,Collision with vehicle,7,Sunday,113,RIGHT NEAR (INTERSECTIONS ONLY),3,781865,T intersection,3,80,Arterial Highway,NEPEAN,KINGSTON,-37.982628,145.07422,2023,8,August,19,Night,Weekend
T20230020027,2023-08-27,15:08:00,1,Collision with vehicle,7,Sunday,130,REAR END(VEHICLES IN SAME LANE),1,779718,Not at intersection,3,60,Local Road,GRIFFITH,MOORABOOL,-37.686314,144.4333,2023,8,August,15,Afternoon Peak,Weekend
T20230020005,2023-08-27,13:10:00,1,Collision with vehicle,7,Sunday,130,REAR END(VEHICLES IN SAME LANE),1,782289,Not at intersection,3,80,Arterial Other,PRINCES,LATROBE,-38.233147,146.43854,2023,8,August,13,Midday,Weekend
T20230020026,2023-08-27,17:30:00,1,Collision with vehicle,7,Sunday,111,RIGHT FAR (INTERSECTIONS ONLY),2,43093,Cross intersection,3,50,Local Road,MCCRAE,DANDENONG,-37.99344,145.22255,2023,8,August,17,Afternoon Peak,Weekend
T20230020030,2023-08-27,18:36:00,1,Collision with vehicle,7,Sunday,130,REAR END(VEHICLES IN SAME LANE),3,782053,Not at intersection,2,50,Local Road,KINGSTON,CARDINIA,-38.07542,145.4963,2023,8,August,18,Afternoon Peak,Weekend
T20230020115,2023-08-27,13:50:00,1,Collision with vehicle,7,Sunday,113,RIGHT NEAR (INTERSECTIONS ONLY),1,254762,T intersection,2,100,Arterial Highway,PRINCES,COLAC OTWAY,-38.2886,143.8393,2023,8,August,13,Midday,Weekend
T20230020025,2023-08-27,17:10:00,8,No collision and no object struck,7,Sunday,180,OFF CARRIAGEWAY ON RIGHT BEND,1,789899,Not at intersection,3,100,Freeway,NORTHERN-HUME IN,MITCHELL,-37.449463,144.98102,2023,8,August,17,Afternoon Peak,Weekend
T20230020022,2023-08-27,15:10:00,1,Collision with vehicle,7,Sunday,116,LEFT NEAR (INTERSECTIONS ONLY),1,321629,Cross intersection,2,50,Local Road,KOSSUTH,BALLARAT,-37.597767,143.82648,2023,8,August,15,Afternoon Peak,Weekend
T20230020021,2023-08-27,16:30:00,1,Collision with vehicle,7,Sunday,121,RIGHT THROUGH,2,780014,Not at intersection,3,60,Local Road,STATION,MELTON,-37.7017,144.5753,2023,8,August,16,Afternoon Peak,Weekend
T20230020046,2023-08-27,19:47:00,1,Collision with vehicle,7,Sunday,134,LANE CHANGE RIGHT (NOT OVERTAKING),3,6,Cross intersection,3,60,Local Road,LYGON,YARRA,-37.784336,144.96974,2023,8,August,19,Night,Weekend
T20230020043,2023-08-27,20:20:00,1,Collision with vehicle,7,Sunday,110,CROSS TRAFFIC(INTERSECTIONS ONLY),3,779719,Cross intersection,3,50,Local Road,ST GEORGES,HUME,-37.528625,144.9069,2023,8,August,20,Night,Weekend
T20230020020,2023-08-27,16:00:00,1,Collision with vehicle,7,Sunday,148,VEHICLE OFF FOOTPATH STRIKES VEH ON CARRIAGEWAY,1,780071,Not at intersection,2,50,Local Road,CAROVILLE,WARRNAMBOOL,-38.37984,142.51816,2023,8,August,16,Afternoon Peak,Weekend
T20230020019,2023-08-27,15:14:00,1,Collision with vehicle,7,Sunday,160,VEHICLE COLLIDES WITH VEHICLE PARKED ON LEFT OF ROAD,1,779897,Not at intersection,3,60,Arterial Highway,POINT NEPEAN,MORNINGTON PENINSULA,-38.342648,144.94075,2023,8,August,15,Afternoon Peak,Weekend
T20230020265,2023-08-27,10:00:00,8,No collision and no object struck,7,Sunday,179,OTHER ACCIDENTS-OFF STRAIGHT NOT INCLUDED IN DCAs 170-175,1,789693,Not at intersection,3,80,Local Road,CAMPBELLS CREEK-FRYERS,MOUNT ALEXANDER,-37.09496,144.20384,2023,8,August,10,Midday,Weekend
T20230020054,2023-08-27,23:20:00,1,Collision with vehicle,7,Sunday,160,VEHICLE COLLIDES WITH VEHICLE PARKED ON LEFT OF ROAD,5,781344,Not at intersection,3,50,Local Road,GOWAR,BOROONDARA,-37.84002,145.07664,2023,8,August,23,Night,Weekend
T20230020017,2023-08-27,15:34:00,1,Collision with vehicle,7,Sunday,140,U TURN,1,798894,Not at intersection,3,60,Arterial Other,MAIDSTONE,HOBSONS BAY,-37.8618,144.8115,2023,8,August,15,Afternoon Peak,Weekend
T20230020057,2023-08-27,15:15:00,5,collision with some other object,7,Sunday,166,STRUCK OBJECT ON CARRIAGEWAY,1,782169,Not at intersection,2,100,Arterial Other,ACHERON,YARRA RANGES,-37.693844,145.72176,2023,8,August,15,Afternoon Peak,Weekend
T20230020787,2023-08-27,16:30:00,8,No collision and no object struck,7,Sunday,151,OUT OF CONTROL (OVERTAKING),1,63817,T intersection,3,40,Arterial Other,NICHOLSON,MORELAND,-37.76449,144.9801,2023,8,August,16,Afternoon Peak,Weekend
T20230019979,2023-08-27,00:40:00,4,Collision with a fixed object,7,Sunday,183,OFF LEFT BEND INTO OBJECT/PARKED VEHICLE,6,784141,Not at intersection,2,60,Local Road,MCBRYDE,MORELAND,-37.6968,144.976,2023,8,August,0,Late Night,Weekend
T20230020143,2023-08-28,23:40:00,1,Collision with vehicle,1,Monday,121,RIGHT THROUGH,3,35466,Cross intersection,3,60,Arterial Other,STATION,WHITEHORSE,-37.82874,145.12183,2023,8,August,23,Night,Weekday
T20230020145,2023-08-28,23:10:00,1,Collision with vehicle,1,Monday,110,CROSS TRAFFIC(INTERSECTIONS ONLY),3,38760,Cross intersection,3,60,Arterial Highway,FRANCIS,MARIBYRNONG,-37.821796,144.89586,2023,8,August,23,Night,Weekday
T20230020475,2023-08-28,17:50:00,8,No collision and no object struck,1,Monday,180,OFF CARRIAGEWAY ON RIGHT BEND,1,780764,Not at intersection,3,50,Local Road,BLOSSOM PARK,WHITTLESEA,-37.670685,145.08026,2023,8,August,17,Afternoon Peak,Weekday
T20230020161,2023-08-28,22:30:00,5,collision with some other object,1,Monday,179,OTHER ACCIDENTS-OFF STRAIGHT NOT INCLUDED IN DCAs 170-175,5,779798,Not at intersection,3,100,Arterial Highway,MURRAY VALLEY,TOWONG,-36.225807,147.1066,2023,8,August,22,Night,Weekday
T20230020129,2023-08-28,17:39:00,3,Struck animal,1,Monday,167,STRUCK ANIMAL,2,780490,Not at intersection,2,100,Local Road,MEREDITH-STEIGLITZ,GOLDEN PLAINS,-37.847645,144.0917,2023,8,August,17,Afternoon Peak,Weekday
T20230020272,2023-08-28,19:00:00,7,Fall from or in moving vehicle,1,Monday,190,FELL IN/FROM VEHICLE,3,780062,Not at intersection,3,60,Arterial Other,TOORAK,STONNINGTON,-37.844105,145.034,2023,8,August,19,Night,Weekday
T20230020127,2023-08-28,16:36:00,1,Collision with vehicle,1,Monday,113,RIGHT NEAR (INTERSECTIONS ONLY),2,237316,T intersection,2,80,Arterial Other,COOPER,WHITTLESEA,-37.648514,144.9947,2023,8,August,16,Afternoon Peak,Weekday
T20230020126,2023-08-28,18:30:00,2,Struck Pedestrian,1,Monday,102,FAR SIDE. PED HIT BY VEHICLE FROM THE LEFT,3,780142,Not at intersection,3,60,Local Road,OLEARY,MOORABOOL,-37.688232,144.41307,2023,8,August,18,Afternoon Peak,Weekday
T20230020118,2023-08-28,15:45:00,2,Struck Pedestrian,1,Monday,100,PED NEAR SIDE. PED HIT BY VEHICLE FROM THE RIGHT.,1,779794,Not at intersection,2,50,Local Road,ASHCOMBE,GEELONG,-38.25858,144.54517,2023,8,August,15,Afternoon Peak,Weekday
T20230020117,2023-08-28,16:54:00,2,Struck Pedestrian,1,Monday,100,PED NEAR SIDE. PED HIT BY VEHICLE FROM THE RIGHT.,1,789903,T intersection,2,50,Local Road,CURRAWONG,FRANKSTON,-38.105137,145.18214,2023,8,August,16,Afternoon Peak,Weekday
T20230020113,2023-08-28,14:20:00,1,Collision with vehicle,1,Monday,121,RIGHT THROUGH,1,780521,Cross intersection,3,60,Arterial Other,TRAM,MANNINGHAM,-37.7875,145.12505,2023,8,August,14,Midday,Weekday
T20230027823,2023-08-28,16:05:00,1,Collision with vehicle,1,Monday,135,LANE CHANGE LEFT (NOT OVERTAKING),1,789392,Not at intersection,3,100,Freeway,EASTERN,BOROONDARA,-37.779972,145.08856,2023,8,August,16,Afternoon Peak,Weekday
T20230020109,2023-08-28,16:10:00,1,Collision with vehicle,1,Monday,121,RIGHT THROUGH,1,779865,Not at intersection,2,60,Arterial Other,BRUNSWICK,MORELAND,-37.774597,144.9397,2023,8,August,16,Afternoon Peak,Weekday
T20230020105,2023-08-28,13:50:00,1,Collision with vehicle,1,Monday,110,CROSS TRAFFIC(INTERSECTIONS ONLY),1,782171,Cross intersection,2,50,Local Road,SIXTH,HOBSONS BAY,-37.840267,144.8488,2023,8,August,13,Midday,Weekday
T20230020062,2023-08-28,06:30:00,1,Collision with vehicle,1,Monday,133,LANE SIDE SWIPE (VEHICLES IN PARALLEL LANES),2,782170,Not at intersection,3,100,Freeway,HUME OUT-NORTHERN,MITCHELL,-37.447086,144.97981,2023,8,August,6,Morning Peak,Weekday
T20230020073,2023-08-28,07:59:00,1,Collision with vehicle,1,Monday,113,RIGHT NEAR (INTERSECTIONS ONLY),1,53590,T intersection,2,80,Arterial Highway,BORUNG,BULOKE,-36.29654,142.84654,2023,8,August,7,Morning Peak,Weekday
T20230020132,2023-08-28,19:00:00,1,Collision with vehicle,1,Monday,137,LEFT TURN SIDESWIPE,3,780831,Cross intersection,3,40,Local Road,FLINDERS,MELBOURNE,-37.817875,144.96217,2023,8,August,19,Night,Weekday
T20230020075,2023-08-28,07:06:00,1,Collision with vehicle,1,Monday,192,STRUCK TRAIN,1,779790,Not at intersection,2,50,Local Road,KILGOUR,GEELONG,-38.154495,144.35356,2023,8,August,7,Morning Peak,Weekday
T20230020077,2023-08-28,10:25:00,1,Collision with vehicle,1,Monday,152,PULLING OUT (OVERTAKING),1,789904,T intersection,3,80,Local Road,UNNAMED,CASEY,-38.18285,145.33566,2023,8,August,10,Midday,Weekday
T20230020079,2023-08-28,06:20:00,2,Struck Pedestrian,1,Monday,108,PED STRUCK WALKING TO/FROM OR BOARDING/ALIGHTING VEHICLE.,2,780830,Not at intersection,3,50,Arterial Other,CUMBERLAND,MORELAND,-37.732418,144.93832,2023,8,August,6,Morning Peak,Weekday
T20230020097,2023-08-28,10:30:00,1,Collision with vehicle,1,Monday,113,RIGHT NEAR (INTERSECTIONS ONLY),1,38135,Cross intersection,3,60,Arterial Highway,BELL,BANYULE,-37.751087,145.04611,2023,8,August,10,Midday,Weekday
T20230020081,2023-08-28,11:25:00,1,Collision with vehicle,1,Monday,110,CROSS TRAFFIC(INTERSECTIONS ONLY),1,348200,Cross intersection,3,60,Arterial Highway,BULLEEN,BOROONDARA,-37.779644,145.07869,2023,8,August,11,Midday,Weekday
T20230022958,2023-08-28,15:20:00,1,Collision with vehicle,1,Monday,130,REAR END(VEHICLES IN SAME LANE),1,789283,Not at intersection,3,60,Arterial Other,MOUNTAIN,KNOX,-37.839355,145.26944,2023,8,August,15,Afternoon Peak,Weekday
T20230020092,2023-08-28,12:30:00,1,Collision with vehicle,1,Monday,110,CROSS TRAFFIC(INTERSECTIONS ONLY),1,328151,Cross intersection,2,100,Arterial Other,RUSHWORTH-TATURA,SHEPPARTON,-36.454784,145.1817,2023,8,August,12,Midday,Weekday
T20230020091,2023-08-28,12:56:00,4,Collision with a fixed object,1,Monday,179,OTHER ACCIDENTS-OFF STRAIGHT NOT INCLUDED IN DCAs 170-175,1,789281,Not at intersection,3,40,Arterial Other,MURPHY,WANGARATTA,-36.354618,146.3278,2023,8,August,12,Midday,Weekday
T20230020090,2023-08-28,13:00:00,1,Collision with vehicle,1,Monday,110,CROSS TRAFFIC(INTERSECTIONS ONLY),1,49611,Cross intersection,3,60,Local Road,CURLETTS,GEELONG,-38.018135,144.40462,2023,8,August,13,Midday,Weekday
T20230020943,2023-08-28,14:30:00,1,Collision with vehicle,1,Monday,130,REAR END(VEHICLES IN SAME LANE),9,780664,Not at intersection,3,100,Freeway,WESTERN,MELTON,-37.79388,144.7509,2023,8,August,14,Midday,Weekday
T20230024618,2023-08-28,07:55:00,1,Collision with vehicle,1,Monday,133,LANE SIDE SWIPE (VEHICLES IN PARALLEL LANES),1,349917,T intersection,3,80,Arterial Highway,MAROONDAH,MAROONDAH,-37.80993,145.23904,2023,8,August,7,Morning Peak,Weekday
T20230022546,2023-08-28,08:30:00,1,Collision with vehicle,1,Monday,110,CROSS TRAFFIC(INTERSECTIONS ONLY),1,43279,Cross intersection,3,70,Arterial Other,POUND,CASEY,-38.027782,145.26492,2023,8,August,8,Morning Peak,Weekday
T20230020096,2023-08-28,10:35:00,1,Collision with vehicle,1,Monday,121,RIGHT THROUGH,1,781141,T intersection,3,50,Local Road,WURUNDJERI,CASEY,-38.071808,145.34685,2023,8,August,10,Midday,Weekday
T20230020130,2023-08-28,18:43:00,2,Struck Pedestrian,1,Monday,102,FAR SIDE. PED HIT BY VEHICLE FROM THE LEFT,3,351384,Cross intersection,2,70,Arterial Other,INTERNATIONAL,HUME,-37.68811,144.88248,2023,8,August,18,Afternoon Peak,Weekday
T20230020136,2023-08-28,17:22:00,1,Collision with vehicle,1,Monday,130,REAR END(VEHICLES IN SAME LANE),2,256448,Cross intersection,3,80,Arterial Highway,BURWOOD,WHITEHORSE,-37.85428,145.16542,2023,8,August,17,Afternoon Peak,Weekday
T20230020056,2023-08-28,05:30:00,1,Collision with vehicle,1,Monday,135,LANE CHANGE LEFT (NOT OVERTAKING),3,780141,Not at intersection,2,80,Arterial Other,FITZSIMONS,MANNINGHAM,-37.75196,145.13518,2023,8,August,5,Morning Peak,Weekday
T20230020131,2023-08-28,15:19:00,1,Collision with vehicle,1,Monday,130,REAR END(VEHICLES IN SAME LANE),1,798915,Not at intersection,3,80,Arterial Highway,DANDENONG,DANDENONG,-38.00346,145.21037,2023,8,August,15,Afternoon Peak,Weekday
T20230020496,2023-08-28,16:45:00,1,Collision with vehicle,1,Monday,121,RIGHT THROUGH,2,29499,Cross intersection,3,40,Local Road,GILLIES,DAREBIN,-37.771603,145.01822,2023,8,August,16,Afternoon Peak,Weekday
T20230021467,2023-08-28,13:50:00,1,Collision with vehicle,1,Monday,133,LANE SIDE SWIPE (VEHICLES IN PARALLEL LANES),1,789902,T intersection,3,40,Local Road,INDUSTRIAL,KINGSTON,-38.008255,145.11247,2023,8,August,13,Midday,Weekday
T20230020095,2023-08-28,11:18:00,2,Struck Pedestrian,1,Monday,102,FAR SIDE. PED HIT BY VEHICLE FROM THE LEFT,1,792251,Not at intersection,2,60,Arterial Highway,MIDLAND,BALLARAT,-37.555458,143.85405,2023,8,August,11,Midday,Weekday
T20230020080,2023-08-28,10:10:00,1,Collision with vehicle,1,Monday,130,REAR END(VEHICLES IN SAME LANE),1,789901,Cross intersection,3,60,Arterial Other,STATION,DAREBIN,-37.783348,145.0174,2023,8,August,10,Midday,Weekday
T20230020196,2023-08-28,12:15:00,2,Struck Pedestrian,1,Monday,100,PED NEAR SIDE. PED HIT BY VEHICLE FROM THE RIGHT.,1,781536,Cross intersection,3,50,Local Road,SEPARATION,DAREBIN,-37.76936,144.99908,2023,8,August,12,Midday,Weekday
T20230020093,2023-08-28,09:07:00,1,Collision with vehicle,1,Monday,152,PULLING OUT (OVERTAKING),1,781419,Not at intersection,3,40,Local Road,LITTLE LONSDALE,MELBOURNE,-37.810112,144.96587,2023,8,August,9,Morning Peak,Weekday
T20230020211,2023-08-28,16:20:00,1,Collision with vehicle,1,Monday,120,HEAD ON (NOT OVERTAKING),1,782414,Not at intersection,3,60,Local Road,BASS,BASS COAST,-38.485313,145.468,2023,8,August,16,Afternoon Peak,Weekday
T20230020291,2023-08-28,16:30:00,1,Collision with vehicle,1,Monday,132,RIGHT REAR.,1,798916,Not at intersection,3,50,Local Road,MOUNT PLEASANT,NILLUMBIK,-37.727608,145.14746,2023,8,August,16,Afternoon Peak,Weekday
T20230020146,2023-08-29,01:29:00,4,Collision with a fixed object,2,Tuesday,179,OTHER ACCIDENTS-OFF STRAIGHT NOT INCLUDED IN DCAs 170-175,3,789641,Cross intersection,3,60,Arterial Highway,MANIFOLD,CORANGAMITE,-38.23421,143.14946,2023,8,August,1,Late Night,Weekday
T20230020151,2023-08-29,06:20:00,4,Collision with a fixed object,2,Tuesday,173,RIGHT OFF CARRIAGEWAY INTO OBJECT/PARKED VEHICLE,2,798991,Not at intersection,3,70,Arterial Other,MT DANDENONG,MAROONDAH,-37.805515,145.2541,2023,8,August,6,Morning Peak,Weekday
T20230020152,2023-08-29,06:30:00,1,Collision with vehicle,2,Tuesday,121,RIGHT THROUGH,2,798992,Cross intersection,3,60,Arterial Other,KING,MELBOURNE,-37.809322,144.95242,2023,8,August,6,Morning Peak,Weekday
T20230020153,2023-08-29,08:40:00,2,Struck Pedestrian,2,Tuesday,100,PED NEAR SIDE. PED HIT BY VEHICLE FROM THE RIGHT.,1,798993,T intersection,3,50,Local Road,BROWN,COLAC OTWAY,-38.34871,143.59122,2023,8,August,8,Morning Peak,Weekday
T20230020154,2023-08-29,08:15:00,1,Collision with vehicle,2,Tuesday,137,LEFT TURN SIDESWIPE,1,40082,T intersection,2,60,Arterial Other,JACKA BOULEVARD -MARINE,PORT PHILLIP,-37.868805,144.97559,2023,8,August,8,Morning Peak,Weekday
T20230020155,2023-08-29,08:25:00,1,Collision with vehicle,2,Tuesday,147,VEHICLE STRIKES ANOTHER VEH WHILE EMERGING FROM DRIVEWAY,1,779797,Not at intersection,2,50,Local Road,ELIBURN,CASEY,-38.118504,145.29851,2023,8,August,8,Morning Peak,Weekday
T20230020157,2023-08-29,09:10:00,1,Collision with vehicle,2,Tuesday,110,CROSS TRAFFIC(INTERSECTIONS ONLY),1,59201,Cross intersection,3,80,Arterial Other,DOYLES,SHEPPARTON,-36.410496,145.43185,2023,8,August,9,Morning Peak,Weekday
T20230020165,2023-08-29,07:29:00,1,Collision with vehicle,2,Tuesday,130,REAR END(VEHICLES IN SAME LANE),1,784589,Not at intersection,2,80,Local Road,GREIGS,MELTON,-37.750984,144.6051,2023,8,August,7,Morning Peak,Weekday
T20230020168,2023-08-29,10:45:00,5,collision with some other object,2,Tuesday,171,LEFT OFF CARRIAGEWAY INTO OBJECT/PARKED VEHICLE,1,222826,T intersection,2,60,Arterial Highway,HUME,HUME,-37.525826,144.948,2023,8,August,10,Midday,Weekday
T20230020173,2023-08-29,07:45:00,2,Struck Pedestrian,2,Tuesday,102,FAR SIDE. PED HIT BY VEHICLE FROM THE LEFT,1,780127,Cross intersection,3,80,Arterial Highway,SPRINGVALE,MONASH,-37.918804,145.15865,2023,8,August,7,Morning Peak,Weekday
T20230020176,2023-08-29,13:19:00,4,Collision with a fixed object,2,Tuesday,171,LEFT OFF CARRIAGEWAY INTO OBJECT/PARKED VEHICLE,1,789432,T intersection,3,50,Local Road,BARTLETT,WYNDHAM,-37.865055,144.68623,2023,8,August,13,Midday,Weekday
T20230020178,2023-08-29,14:00:00,2,Struck Pedestrian,2,Tuesday,100,PED NEAR SIDE. PED HIT BY VEHICLE FROM THE RIGHT.,1,258142,T intersection,2,50,Local Road,EAST ESPLANADE,BRIMBANK,-37.74235,144.79869,2023,8,August,14,Midday,Weekday
T20230020182,2023-08-29,13:49:00,1,Collision with vehicle,2,Tuesday,110,CROSS TRAFFIC(INTERSECTIONS ONLY),1,51118,Cross intersection,3,100,Arterial Highway,MIDLAND,SHEPPARTON,-36.396717,145.46193,2023,8,August,13,Midday,Weekday
T20230020190,2023-08-29,05:55:00,4,Collision with a fixed object,2,Tuesday,171,LEFT OFF CARRIAGEWAY INTO OBJECT/PARKED VEHICLE,2,44724,Not at intersection,3,100,Freeway,PRINCES,CARDINIA,-38.075874,145.67479,2023,8,August,5,Morning Peak,Weekday
T20230020241,2023-08-29,18:30:00,1,Collision with vehicle,2,Tuesday,110,CROSS TRAFFIC(INTERSECTIONS ONLY),3,57715,Cross intersection,3,50,Local Road,CAMELLIA,GEELONG,-38.085674,144.3633,2023,8,August,18,Afternoon Peak,Weekday
T20230021016,2023-08-29,16:45:00,1,Collision with vehicle,2,Tuesday,130,REAR END(VEHICLES IN SAME LANE),1,781867,Not at intersection,3,60,Local Road,CAPE NELSON,GLENELG,-38.359367,141.6055,2023,8,August,16,Afternoon Peak,Weekday
T20230020227,2023-08-29,21:57:00,4,Collision with a fixed object,2,Tuesday,171,LEFT OFF CARRIAGEWAY INTO OBJECT/PARKED VEHICLE,3,789431,T intersection,3,50,Local Road,SOUTH,MORNINGTON PENINSULA,-38.35201,144.92577,2023,8,August,21,Night,Weekday
T20230020226,2023-08-29,18:29:00,1,Collision with vehicle,2,Tuesday,113,RIGHT NEAR (INTERSECTIONS ONLY),2,38394,T intersection,2,60,Local Road,REYNOLDS,MANNINGHAM,-37.7671,145.19933,2023,8,August,18,Afternoon Peak,Weekday
T20230020224,2023-08-29,17:20:00,1,Collision with vehicle,2,Tuesday,110,CROSS TRAFFIC(INTERSECTIONS ONLY),1,632513,Cross intersection,3,80,Arterial Other,AUSTRAK,HUME,-37.642696,144.94676,2023,8,August,17,Afternoon Peak,Weekday
T20230020223,2023-08-29,21:48:00,1,Collision with vehicle,2,Tuesday,133,LANE SIDE SWIPE (VEHICLES IN PARALLEL LANES),3,789488,Not at intersection,3,60,Arterial Other,BALLARAT,MARIBYRNONG,-37.793205,144.8962,2023,8,August,21,Night,Weekday
T20230020222,2023-08-29,15:12:00,1,Collision with vehicle,2,Tuesday,146,REVERSING INTO FIXED OBJECT/PARKED VEHICLE,1,784441,Not at intersection,2,50,Local Road,BROADMEADOWS,HUME,-37.7016,144.8798,2023,8,August,15,Afternoon Peak,Weekday
T20230020221,2023-08-29,20:30:00,8,No collision and no object struck,2,Tuesday,174,OUT OF CONTROL ON CARRIAGEWAY (ON STRAIGHT),3,780041,T intersection,2,50,Local Road,HILLCREST,MELTON,-37.68234,144.73894,2023,8,August,20,Night,Weekday
T20230020220,2023-08-29,16:18:00,4,Collision with a fixed object,2,Tuesday,171,LEFT OFF CARRIAGEWAY INTO OBJECT/PARKED VEHICLE,1,195093,Not at intersection,2,60,Local Road,DAVID MUNROE,HUME,-37.638245,144.93105,2023,8,August,16,Afternoon Peak,Weekday
T20230020808,2023-08-29,09:15:00,1,Collision with vehicle,2,Tuesday,130,REAR END(VEHICLES IN SAME LANE),1,308783,T intersection,3,80,Arterial Highway,DINGLEY,KINGSTON,-37.95942,145.11278,2023,8,August,9,Morning Peak,Weekday
T20230020214,2023-08-29,20:30:00,1,Collision with vehicle,2,Tuesday,110,CROSS TRAFFIC(INTERSECTIONS ONLY),3,49504,Cross intersection,3,50,Arterial Other,AITKEN,MACEDON RANGES,-37.49,144.59079,2023,8,August,20,Night,Weekday
T20230020201,2023-08-29,13:40:00,2,Struck Pedestrian,2,Tuesday,100,PED NEAR SIDE. PED HIT BY VEHICLE FROM THE RIGHT.,1,8311,Cross intersection,3,60,Arterial Highway,SPRINGVALE,MONASH,-37.906498,145.16096,2023,8,August,13,Midday,Weekday
T20230020199,2023-08-29,16:10:00,1,Collision with vehicle,2,Tuesday,130,REAR END(VEHICLES IN SAME LANE),1,779923,Not at intersection,2,100,Freeway,MORNINGTON PENINSULA,DANDENONG,-38.02538,145.13445,2023,8,August,16,Afternoon Peak,Weekday