ACCIDENT_NO,ACCIDENT_DATE,ACCIDENT_TIME,ACCIDENT_TYPE,ACCIDENT_TYPE_DESC,DAY_OF_WEEK,DAY_WEEK_DESC,DCA_CODE,DCA_DESC,LIGHT_CONDITION,NODE_ID,ROAD_GEOMETRY_DESC,SEVERITY,SPEED_ZONE,RMA,ROAD_NAME,LGA_NAME,LATITUDE,LONGITUDE,YEAR,MONTH,MONTH_NAME,HOUR,TIME_PERIOD,DAY_TYPE
T20230020193,2023-08-29,15:53:00,1,Collision with vehicle,2,Tuesday,121,RIGHT THROUGH,1,789424,Not at intersection,3,60,Arterial Highway,NORTH,GLEN EIRA,-37.90795,145.0726,2023,8,August,15,Afternoon Peak,Weekday
T20230022093,2023-08-29,17:20:00,1,Collision with vehicle,2,Tuesday,110,CROSS TRAFFIC(INTERSECTIONS ONLY),1,71796,Cross intersection,3,50,Local Road,CORLETT,FRANKSTON,-38.131947,145.13351,2023,8,August,17,Afternoon Peak,Weekday
T20230020306,2023-08-29,09:30:00,1,Collision with vehicle,2,Tuesday,152,PULLING OUT (OVERTAKING),1,19537,T intersection,2,80,Arterial Other,KILMORE-LANCEFIELD,MITCHELL,-37.293465,144.92798,2023,8,August,9,Morning Peak,Weekday
T20230020511,2023-08-29,07:30:00,1,Collision with vehicle,2,Tuesday,137,LEFT TURN SIDESWIPE,2,789412,Not at intersection,3,60,Local Road,BENNET,DANDENONG,-37.98767,145.19939,2023,8,August,7,Morning Peak,Weekday
T20230023143,2023-08-29,08:10:00,1,Collision with vehicle,2,Tuesday,130,REAR END(VEHICLES IN SAME LANE),1,221411,Cross intersection,3,80,Arterial Other,BARRY,HUME,-37.66723,144.9551,2023,8,August,8,Morning Peak,Weekday
T20230020905,2023-08-29,14:30:00,4,Collision with a fixed object,2,Tuesday,171,LEFT OFF CARRIAGEWAY INTO OBJECT/PARKED VEHICLE,1,254882,T intersection,3,50,Local Road,BRIDGE WATER,LATROBE,-38.238705,146.42784,2023,8,August,14,Midday,Weekday
T20230020748,2023-08-29,18:15:00,8,No collision and no object struck,2,Tuesday,174,OUT OF CONTROL ON CARRIAGEWAY (ON STRAIGHT),2,70912,T intersection,2,60,Arterial Other,BEACH,KINGSTON,-38.001724,145.0779,2023,8,August,18,Afternoon Peak,Weekday
T20230022279,2023-08-29,17:20:00,1,Collision with vehicle,2,Tuesday,116,LEFT NEAR (INTERSECTIONS ONLY),2,43940,Cross intersection,3,100,Arterial Highway,DANDENONG-HASTINGS,FRANKSTON,-38.18493,145.21873,2023,8,August,17,Afternoon Peak,Weekday
T20230020292,2023-08-29,20:33:00,1,Collision with vehicle,2,Tuesday,130,REAR END(VEHICLES IN SAME LANE),6,779870,T intersection,2,70,Arterial Highway,LATROBE,GEELONG,-38.15166,144.35199,2023,8,August,20,Night,Weekday
T20230022437,2023-08-29,14:10:00,1,Collision with vehicle,2,Tuesday,130,REAR END(VEHICLES IN SAME LANE),1,798995,Cross intersection,3,80,Arterial Other,CRANBOURNE,CASEY,-38.041454,145.30421,2023,8,August,14,Midday,Weekday
T20230024660,2023-08-29,17:20:00,1,Collision with vehicle,2,Tuesday,121,RIGHT THROUGH,1,51705,Cross intersection,3,60,Arterial Other,HATTAM,BENDIGO,-36.78261,144.26526,2023,8,August,17,Afternoon Peak,Weekday
T20240005108,2023-08-29,18:50:00,1,Collision with vehicle,2,Tuesday,130,REAR END(VEHICLES IN SAME LANE),3,59862,Cross intersection,3,60,Local Road,HOPE,BENDIGO,-36.79384,144.23784,2023,8,August,18,Afternoon Peak,Weekday
T20230025985,2023-08-29,14:45:00,1,Collision with vehicle,2,Tuesday,130,REAR END(VEHICLES IN SAME LANE),1,785684,Not at intersection,3,60,Arterial Highway,WARRIGAL,MONASH,-37.88225,145.09041,2023,8,August,14,Midday,Weekday
T20230020703,2023-08-29,08:10:00,7,Fall from or in moving vehicle,2,Tuesday,190,FELL IN/FROM VEHICLE,1,789406,Not at intersection,3,60,Arterial Other,STATION,DAREBIN,-37.756924,145.02141,2023,8,August,8,Morning Peak,Weekday
T20230020386,2023-08-29,20:45:00,1,Collision with vehicle,2,Tuesday,121,RIGHT THROUGH,6,70077,T intersection,3,60,Arterial Other,KINGSTON,KINGSTON,-37.953613,145.08054,2023,8,August,20,Night,Weekday
T20230020308,2023-08-30,21:15:00,1,Collision with vehicle,3,Wednesday,121,RIGHT THROUGH,3,29651,Cross intersection,2,60,Arterial Highway,NORTH,GLEN EIRA,-37.906525,145.06178,2023,8,August,21,Night,Weekday
T20230020309,2023-08-30,20:02:00,1,Collision with vehicle,3,Wednesday,110,CROSS TRAFFIC(INTERSECTIONS ONLY),3,29959,Cross intersection,3,60,Local Road,CHAPEL,BASS COAST,-38.450283,145.2435,2023,8,August,20,Night,Weekday
T20230020285,2023-08-30,15:05:00,6,Vehicle overturned (no collision),3,Wednesday,174,OUT OF CONTROL ON CARRIAGEWAY (ON STRAIGHT),1,780394,Not at intersection,2,100,Arterial Other,KATAMATITE-NATHALIA,MOIRA,-36.09924,145.46999,2023,8,August,15,Afternoon Peak,Weekday
T20230020295,2023-08-30,17:08:00,1,Collision with vehicle,3,Wednesday,113,RIGHT NEAR (INTERSECTIONS ONLY),1,71578,T intersection,2,60,Arterial Other,SEPARATION,GEELONG,-38.111088,144.34575,2023,8,August,17,Afternoon Peak,Weekday
T20230020698,2023-08-30,18:30:00,3,Struck animal,3,Wednesday,167,STRUCK ANIMAL,5,780231,Not at intersection,3,80,Local Road,WHITE SWAN,BALLARAT,-37.527668,143.87575,2023,8,August,18,Afternoon Peak,Weekday
T20230020240,2023-08-30,06:58:00,1,Collision with vehicle,3,Wednesday,121,RIGHT THROUGH,1,799755,Cross intersection,3,60,Arterial Other,DONCASTER,BOROONDARA,-37.788864,145.1024,2023,8,August,6,Morning Peak,Weekday
T20230020255,2023-08-30,10:32:00,1,Collision with vehicle,3,Wednesday,113,RIGHT NEAR (INTERSECTIONS ONLY),1,56512,Cross intersection,3,60,Arterial Highway,DOVETON STREET N-WEBSTER,BALLARAT,-37.557377,143.85503,2023,8,August,10,Midday,Weekday
T20230020263,2023-08-30,08:10:00,1,Collision with vehicle,3,Wednesday,148,VEHICLE OFF FOOTPATH STRIKES VEH ON CARRIAGEWAY,1,789484,Not at intersection,3,60,Arterial Other,ST KILDA ROAD SERVICE,PORT PHILLIP,-37.838142,144.97604,2023,8,August,8,Morning Peak,Weekday
T20230020378,2023-08-30,16:30:00,1,Collision with vehicle,3,Wednesday,134,LANE CHANGE RIGHT (NOT OVERTAKING),1,779930,Not at intersection,3,40,Arterial Other,JOHNSTON,YARRA,-37.79959,144.99045,2023,8,August,16,Afternoon Peak,Weekday
T20230020317,2023-08-30,22:00:00,1,Collision with vehicle,3,Wednesday,130,REAR END(VEHICLES IN SAME LANE),3,69260,Cross intersection,3,60,Local Road,CARPENTER,BAYSIDE,-37.910988,144.9993,2023,8,August,22,Night,Weekday
T20230020284,2023-08-30,14:57:00,1,Collision with vehicle,3,Wednesday,140,U TURN,1,784587,Not at intersection,3,60,Arterial Highway,POINT NEPEAN,MORNINGTON PENINSULA,-38.370296,144.84445,2023,8,August,14,Midday,Weekday
T20230020246,2023-08-30,08:50:00,1,Collision with vehicle,3,Wednesday,121,RIGHT THROUGH,2,45527,Cross intersection,3,60,Arterial Other,MELVILLE,MORELAND,-37.764828,144.94377,2023,8,August,8,Morning Peak,Weekday
T20230020268,2023-08-30,12:36:00,4,Collision with a fixed object,3,Wednesday,183,OFF LEFT BEND INTO OBJECT/PARKED VEHICLE,1,780096,Not at intersection,2,100,Arterial Other,BENDIGO-MALDON,MOUNT ALEXANDER,-36.96343,144.11609,2023,8,August,12,Midday,Weekday
T20230020288,2023-08-30,17:40:00,1,Collision with vehicle,3,Wednesday,133,LANE SIDE SWIPE (VEHICLES IN PARALLEL LANES),2,779927,Cross intersection,3,70,Arterial Other,GREEN GULLY,BRIMBANK,-37.729263,144.81607,2023,8,August,17,Afternoon Peak,Weekday
T20230020243,2023-08-30,08:50:00,1,Collision with vehicle,3,Wednesday,121,RIGHT THROUGH,2,779868,T intersection,3,50,Local Road,TYLER,DAREBIN,-37.732544,145.02748,2023,8,August,8,Morning Peak,Weekday
T20230020248,2023-08-30,10:29:00,1,Collision with vehicle,3,Wednesday,113,RIGHT NEAR (INTERSECTIONS ONLY),1,59004,T intersection,3,60,Local Road,PHILLIPSON,WANGARATTA,-36.35973,146.30374,2023,8,August,10,Midday,Weekday
T20230020353,2023-08-30,12:50:00,1,Collision with vehicle,3,Wednesday,130,REAR END(VEHICLES IN SAME LANE),1,36055,T intersection,3,60,Local Road,HOGANS,WYNDHAM,-37.86487,144.70381,2023,8,August,12,Midday,Weekday
T20230020282,2023-08-30,15:08:00,4,Collision with a fixed object,3,Wednesday,171,LEFT OFF CARRIAGEWAY INTO OBJECT/PARKED VEHICLE,1,789485,Not at intersection,2,80,Arterial Highway,PRINCES,COLAC OTWAY,-38.335377,143.5558,2023,8,August,15,Afternoon Peak,Weekday
T20230020745,2023-08-30,08:45:00,1,Collision with vehicle,3,Wednesday,130,REAR END(VEHICLES IN SAME LANE),1,789482,Not at intersection,3,70,Arterial Highway,BURWOOD,WHITEHORSE,-37.851234,145.1246,2023,8,August,8,Morning Peak,Weekday
T20230020334,2023-08-30,15:40:00,1,Collision with vehicle,3,Wednesday,110,CROSS TRAFFIC(INTERSECTIONS ONLY),1,678991,Cross intersection,3,80,Arterial Highway,DANDENONG-HASTINGS ROAD -NORTH,FRANKSTON,-38.168877,145.22148,2023,8,August,15,Afternoon Peak,Weekday
T20230020254,2023-08-30,08:12:00,4,Collision with a fixed object,3,Wednesday,171,LEFT OFF CARRIAGEWAY INTO OBJECT/PARKED VEHICLE,1,796335,Not at intersection,2,100,Local Road,MCDONALDS DRAIN,CARDINIA,-38.19037,145.48427,2023,8,August,8,Morning Peak,Weekday
T20230020280,2023-08-30,14:47:00,2,Struck Pedestrian,3,Wednesday,102,FAR SIDE. PED HIT BY VEHICLE FROM THE LEFT,1,799692,Not at intersection,2,40,Local Road,LYGON,MELBOURNE,-37.800488,144.96696,2023,8,August,14,Midday,Weekday
T20230020322,2023-08-30,22:27:00,1,Collision with vehicle,3,Wednesday,110,CROSS TRAFFIC(INTERSECTIONS ONLY),3,43862,Cross intersection,3,70,Arterial Other,BERWICK-CRANBOURNE ROAD -CLYDE,CASEY,-38.07453,145.33563,2023,8,August,22,Night,Weekday
T20230020438,2023-08-30,17:00:00,1,Collision with vehicle,3,Wednesday,121,RIGHT THROUGH,1,38821,T intersection,3,60,Arterial Highway,RACECOURSE,MELBOURNE,-37.787853,144.92665,2023,8,August,17,Afternoon Peak,Weekday
T20230020244,2023-08-30,05:55:00,4,Collision with a fixed object,3,Wednesday,171,LEFT OFF CARRIAGEWAY INTO OBJECT/PARKED VEHICLE,2,797388,Not at intersection,3,100,Arterial Other,BORUNG,YARRIAMBIACK,-36.254135,142.3691,2023,8,August,5,Morning Peak,Weekday
T20230020461,2023-08-30,09:12:00,1,Collision with vehicle,3,Wednesday,130,REAR END(VEHICLES IN SAME LANE),1,797884,Not at intersection,3,40,Freeway,EASTLINK,MONASH,-37.935406,145.20807,2023,8,August,9,Morning Peak,Weekday
T20230020508,2023-08-30,22:30:00,1,Collision with vehicle,3,Wednesday,130,REAR END(VEHICLES IN SAME LANE),3,780129,Not at intersection,3,80,Arterial Highway,SPRINGVALE,MONASH,-37.907677,145.16068,2023,8,August,22,Night,Weekday
T20230020318,2023-08-30,10:10:00,1,Collision with vehicle,3,Wednesday,130,REAR END(VEHICLES IN SAME LANE),1,316987,Not at intersection,3,60,Arterial Other,BELMONT-NEWCOMB,GEELONG,-38.179565,144.37497,2023,8,August,10,Midday,Weekday
T20230020303,2023-08-30,19:24:00,1,Collision with vehicle,3,Wednesday,110,CROSS TRAFFIC(INTERSECTIONS ONLY),5,11820,Cross intersection,3,80,Arterial Other,PRINCES,CARDINIA,-38.060253,145.44858,2023,8,August,19,Night,Weekday
T20230021547,2023-08-30,04:25:00,4,Collision with a fixed object,3,Wednesday,164,PERMANENT OBSTRUCTION ON CARRIAGEWAY,2,248074,Not at intersection,3,50,Arterial Other,NAPIER,MARIBYRNONG,-37.804005,144.90036,2023,8,August,4,Late Night,Weekday
T20230020313,2023-08-30,16:30:00,7,Fall from or in moving vehicle,3,Wednesday,190,FELL IN/FROM VEHICLE,1,37036,Cross intersection,3,40,Local Road,ALBERT,MELBOURNE,-37.810997,144.98877,2023,8,August,16,Afternoon Peak,Weekday
T20230020232,2023-08-30,00:10:00,4,Collision with a fixed object,3,Wednesday,183,OFF LEFT BEND INTO OBJECT/PARKED VEHICLE,5,780984,Not at intersection,1,100,Freeway,EASTERN,YARRA,-37.794926,144.99165,2023,8,August,0,Late Night,Weekday
T20230020297,2023-08-30,14:20:00,1,Collision with vehicle,3,Wednesday,130,REAR END(VEHICLES IN SAME LANE),1,780970,Not at intersection,3,100,Freeway,WESTERN RING,BRIMBANK,-37.75016,144.83278,2023,8,August,14,Midday,Weekday
T20230020236,2023-08-30,06:50:00,1,Collision with vehicle,3,Wednesday,121,RIGHT THROUGH,1,40237,T intersection,2,60,Arterial Other,TOORAK,STONNINGTON,-37.84276,145.02293,2023,8,August,6,Morning Peak,Weekday
T20230020237,2023-08-30,01:10:00,4,Collision with a fixed object,3,Wednesday,183,OFF LEFT BEND INTO OBJECT/PARKED VEHICLE,3,789483,Not at intersection,3,50,Local Road,PICCOLOTTO,MELTON,-37.679005,144.55473,2023,8,August,1,Late Night,Weekday
T20230020239,2023-08-30,07:05:00,1,Collision with vehicle,3,Wednesday,121,RIGHT THROUGH,2,59749,Cross intersection,2,50,Local Road,MACKENZIE,BENDIGO,-36.76712,144.2618,2023,8,August,7,Morning Peak,Weekday
T20230020245,2023-08-30,08:20:00,1,Collision with vehicle,3,Wednesday,140,U TURN,1,799691,Not at intersection,2,60,Local Road,GLENFERN,YARRA RANGES,-37.919,145.32533,2023,8,August,8,Morning Peak,Weekday
T20230020310,2023-08-30,19:36:00,2,Struck Pedestrian,3,Wednesday,104,PED WALKING WITH TRAFFIC,5,779826,Not at intersection,1,100,Arterial Other,BARMAH-SHEPPARTON,SHEPPARTON,-36.329018,145.39836,2023,8,August,19,Night,Weekday
T20230020344,2023-08-31,09:35:00,1,Collision with vehicle,4,Thursday,121,RIGHT THROUGH,2,779928,Cross intersection,3,60,Local Road,DOUGHARTY,BANYULE,-37.73447,145.0492,2023,8,August,9,Morning Peak,Weekday
T20230023753,2023-08-31,13:20:00,4,Collision with a fixed object,4,Thursday,171,LEFT OFF CARRIAGEWAY INTO OBJECT/PARKED VEHICLE,1,789799,Not at intersection,3,80,Arterial Other,HEATHERTON,CASEY,-37.972797,145.23915,2023,8,August,13,Midday,Weekday
T20230020499,2023-08-31,13:00:00,1,Collision with vehicle,4,Thursday,130,REAR END(VEHICLES IN SAME LANE),1,780294,Not at intersection,2,60,Arterial Other,DALTON,WHITTLESEA,-37.66122,145.0308,2023,8,August,13,Midday,Weekday
T20230020450,2023-08-31,17:30:00,1,Collision with vehicle,4,Thursday,130,REAR END(VEHICLES IN SAME LANE),1,781921,Not at intersection,3,80,Freeway,MONASH,MONASH,-37.89257,145.12682,2023,8,August,17,Afternoon Peak,Weekday
T20230020405,2023-08-31,15:17:00,1,Collision with vehicle,4,Thursday,130,REAR END(VEHICLES IN SAME LANE),1,780491,Not at intersection,3,60,Arterial Other,KINGSBURY,DAREBIN,-37.72556,145.04803,2023,8,August,15,Afternoon Peak,Weekday
T20230020402,2023-08-31,19:48:00,4,Collision with a fixed object,4,Thursday,183,OFF LEFT BEND INTO OBJECT/PARKED VEHICLE,5,784586,Not at intersection,2,100,Local Road,SANDY CREEK,TOWONG,-36.026505,147.78464,2023,8,August,19,Night,Weekday
T20230021027,2023-08-31,15:20:00,1,Collision with vehicle,4,Thursday,130,REAR END(VEHICLES IN SAME LANE),1,36666,Cross intersection,2,70,Arterial Highway,HODDLE,YARRA,-37.799847,144.99298,2023,8,August,15,Afternoon Peak,Weekday
T20230023058,2023-08-31,19:06:00,1,Collision with vehicle,4,Thursday,135,LANE CHANGE LEFT (NOT OVERTAKING),3,254554,Not at intersection,3,80,Arterial Other,PASCOE VALE,MORELAND,-37.70414,144.91565,2023,8,August,19,Night,Weekday
T20230020401,2023-08-31,22:25:00,1,Collision with vehicle,4,Thursday,113,RIGHT NEAR (INTERSECTIONS ONLY),3,36573,T intersection,3,50,Local Road,LANGRIDGE,YARRA,-37.80652,144.98433,2023,8,August,22,Night,Weekday
T20230020398,2023-08-31,08:30:00,1,Collision with vehicle,4,Thursday,130,REAR END(VEHICLES IN SAME LANE),2,779932,Not at intersection,3,60,Arterial Other,WILLIAMSONS,MANNINGHAM,-37.781803,145.12395,2023,8,August,8,Morning Peak,Weekday
T20230020395,2023-08-31,15:15:00,1,Collision with vehicle,4,Thursday,120,HEAD ON (NOT OVERTAKING),1,784585,Not at intersection,2,100,Arterial Highway,NORTHERN,MITCHELL,-37.36455,144.96364,2023,8,August,15,Afternoon Peak,Weekday
T20230020955,2023-08-31,16:00:00,1,Collision with vehicle,4,Thursday,130,REAR END(VEHICLES IN SAME LANE),1,782363,Not at intersection,3,60,Local Road,DALTONS,WARRNAMBOOL,-38.363667,142.4785,2023,8,August,16,Afternoon Peak,Weekday
T20230020751,2023-08-31,07:00:00,1,Collision with vehicle,4,Thursday,130,REAR END(VEHICLES IN SAME LANE),1,788881,Not at intersection,3,100,Freeway,WESTERN RING,BRIMBANK,-37.74612,144.83913,2023,8,August,7,Morning Peak,Weekday
T20230020742,2023-08-31,12:00:00,6,Vehicle overturned (no collision),4,Thursday,184,OUT OF CONTROL ON CARRIAGEWAY (ON BEND),1,780299,Not at intersection,3,100,Local Road,PRETTY VALLEY,(FALLS CREEK),-36.878796,147.25386,2023,8,August,12,Midday,Weekday
T20230020387,2023-08-31,18:55:00,1,Collision with vehicle,4,Thursday,130,REAR END(VEHICLES IN SAME LANE),3,780578,Not at intersection,3,80,Arterial Highway,DANDENONG,DANDENONG,-38.005512,145.22603,2023,8,August,18,Afternoon Peak,Weekday
T20230020385,2023-08-31,17:57:00,1,Collision with vehicle,4,Thursday,130,REAR END(VEHICLES IN SAME LANE),2,780217,T intersection,2,60,Arterial Other,RACECOURSE,CARDINIA,-38.075382,145.49385,2023,8,August,17,Afternoon Peak,Weekday
T20230020384,2023-08-31,17:16:00,1,Collision with vehicle,4,Thursday,130,REAR END(VEHICLES IN SAME LANE),2,780241,Not at intersection,3,60,Arterial Other,QUEEN,HOBSONS BAY,-37.87216,144.78064,2023,8,August,17,Afternoon Peak,Weekday
T20230020383,2023-08-31,18:20:00,1,Collision with vehicle,4,Thursday,121,RIGHT THROUGH,2,779931,Not at intersection,2,60,Arterial Other,WHITEHORSE,BOROONDARA,-37.8136,145.08763,2023,8,August,18,Afternoon Peak,Weekday
T20230021204,2023-08-31,17:30:00,6,Vehicle overturned (no collision),4,Thursday,182,OFF CARRIAGEWAY ON LEFT BEND,1,781922,Not at intersection,3,60,Local Road,GULLY,GEELONG,-38.150837,144.26872,2023,8,August,17,Afternoon Peak,Weekday
T20230022278,2023-08-31,00:40:00,3,Struck animal,4,Thursday,167,STRUCK ANIMAL,3,781480,Not at intersection,3,60,Local Road,HAZEL GLEN,WHITTLESEA,-37.58815,145.11386,2023,8,August,0,Late Night,Weekday
T20230020330,2023-08-31,08:40:00,1,Collision with vehicle,4,Thursday,121,RIGHT THROUGH,1,38024,Cross intersection,3,60,Local Road,CLYDE,DAREBIN,-37.761673,145.01277,2023,8,August,8,Morning Peak,Weekday
T20230020335,2023-08-31,08:58:00,1,Collision with vehicle,4,Thursday,110,CROSS TRAFFIC(INTERSECTIONS ONLY),1,51105,Cross intersection,2,60,Local Road,MACINTOSH,SHEPPARTON,-36.393566,145.4058,2023,8,August,8,Morning Peak,Weekday
T20230020351,2023-08-31,09:10:00,1,Collision with vehicle,4,Thursday,110,CROSS TRAFFIC(INTERSECTIONS ONLY),1,281396,Cross intersection,3,60,Local Road,GREENS,WYNDHAM,-37.88718,144.61044,2023,8,August,9,Morning Peak,Weekday
T20230020352,2023-08-31,13:00:00,1,Collision with vehicle,4,Thursday,110,CROSS TRAFFIC(INTERSECTIONS ONLY),1,248127,Cross intersection,3,60,Arterial Highway,MAIN,EAST GIPPSLAND,-37.825474,147.63448,2023,8,August,13,Midday,Weekday
T20230020354,2023-08-31,09:50:00,4,Collision with a fixed object,4,Thursday,173,RIGHT OFF CARRIAGEWAY INTO OBJECT/PARKED VEHICLE,1,651632,Not at intersection,3,80,Freeway,BURNLEY,YARRA,-37.828903,144.99977,2023,8,August,9,Morning Peak,Weekday
T20230020357,2023-08-31,12:47:00,1,Collision with vehicle,4,Thursday,140,U TURN,1,40818,T intersection,3,80,Arterial Highway,SPRINGVALE,WHITEHORSE,-37.838333,145.17188,2023,8,August,12,Midday,Weekday
T20230020358,2023-08-31,10:53:00,1,Collision with vehicle,4,Thursday,121,RIGHT THROUGH,1,785249,Not at intersection,3,50,Local Road,FERGUSSON,CORANGAMITE,-38.23269,143.1499,2023,8,August,10,Midday,Weekday
T20230020359,2023-08-31,13:30:00,1,Collision with vehicle,4,Thursday,110,CROSS TRAFFIC(INTERSECTIONS ONLY),1,48436,Cross intersection,3,50,Local Road,DAVISSON,WHITTLESEA,-37.647785,145.03017,2023,8,August,13,Midday,Weekday
T20230020361,2023-08-31,14:16:00,6,Vehicle overturned (no collision),4,Thursday,174,OUT OF CONTROL ON CARRIAGEWAY (ON STRAIGHT),1,780832,Cross intersection,3,40,Local Road,CHARLES,YARRA,-37.805378,144.99527,2023,8,August,14,Midday,Weekday
T20230020362,2023-08-31,13:10:00,6,Vehicle overturned (no collision),4,Thursday,182,OFF CARRIAGEWAY ON LEFT BEND,1,780080,Not at intersection,2,100,Arterial Other,BENDIGO-MURCHISON,CAMPASPE,-36.58383,144.96098,2023,8,August,13,Midday,Weekday
T20230020365,2023-08-31,13:55:00,1,Collision with vehicle,4,Thursday,120,HEAD ON (NOT OVERTAKING),1,780004,Not at intersection,2,60,Arterial Other,EMERALD-MONBULK,CARDINIA,-37.922848,145.44278,2023,8,August,13,Midday,Weekday
T20230021038,2023-08-31,16:32:00,1,Collision with vehicle,4,Thursday,111,RIGHT FAR (INTERSECTIONS ONLY),1,289318,T intersection,3,60,Local Road,VIEW POINT,YARRA RANGES,-37.757202,145.31642,2023,8,August,16,Afternoon Peak,Weekday
T20230020366,2023-08-31,14:19:00,1,Collision with vehicle,4,Thursday,132,RIGHT REAR.,1,789657,Not at intersection,2,70,Arterial Highway,WARBURTON,YARRA RANGES,-37.779896,145.56859,2023,8,August,14,Midday,Weekday
T20230024180,2023-08-31,12:45:00,1,Collision with vehicle,4,Thursday,130,REAR END(VEHICLES IN SAME LANE),1,783550,Not at intersection,3,60,Arterial Other,MT DANDENONG,YARRA RANGES,-37.811985,145.33678,2023,8,August,12,Midday,Weekday
T20230020367,2023-08-31,15:10:00,1,Collision with vehicle,4,Thursday,148,VEHICLE OFF FOOTPATH STRIKES VEH ON CARRIAGEWAY,1,580296,T intersection,3,50,Local Road,CASEY FIELDS,CASEY,-38.109978,145.30972,2023,8,August,15,Afternoon Peak,Weekday
T20230020368,2023-08-31,15:24:00,2,Struck Pedestrian,4,Thursday,100,PED NEAR SIDE. PED HIT BY VEHICLE FROM THE RIGHT.,1,799753,Not at intersection,3,40,Local Road,TWELFTH,MILDURA,-34.188927,142.1531,2023,8,August,15,Afternoon Peak,Weekday
T20230026222,2023-08-31,16:00:00,1,Collision with vehicle,4,Thursday,110,CROSS TRAFFIC(INTERSECTIONS ONLY),1,789638,Cross intersection,3,60,Local Road,STATION LAKE,GEELONG,-38.023735,144.40674,2023,8,August,16,Afternoon Peak,Weekday
T20230020373,2023-08-31,17:00:00,1,Collision with vehicle,4,Thursday,121,RIGHT THROUGH,2,780128,Not at intersection,2,80,Arterial Highway,LOWER DANDENONG,KINGSTON,-37.98783,145.11855,2023,8,August,17,Afternoon Peak,Weekday
T20230020374,2023-08-31,17:47:00,1,Collision with vehicle,4,Thursday,120,HEAD ON (NOT OVERTAKING),3,780033,Not at intersection,2,60,Arterial Other,ST ALBANS,BRIMBANK,-37.775333,144.82481,2023,8,August,17,Afternoon Peak,Weekday
T20230020375,2023-08-31,17:15:00,1,Collision with vehicle,4,Thursday,133,LANE SIDE SWIPE (VEHICLES IN PARALLEL LANES),1,788511,Not at intersection,3,60,Arterial Other,MANNINGHAM,MANNINGHAM,-37.76797,145.09523,2023,8,August,17,Afternoon Peak,Weekday
T20230021437,2023-08-31,16:09:00,1,Collision with vehicle,4,Thursday,121,RIGHT THROUGH,1,35371,T intersection,3,60,Arterial Other,JOLIMONT,MELBOURNE,-37.816467,144.97905,2023,8,August,16,Afternoon Peak,Weekday
T20230020841,2023-08-31,09:00:00,1,Collision with vehicle,4,Thursday,121,RIGHT THROUGH,1,39332,T intersection,3,60,Arterial Other,STATION,WHITEHORSE,-37.827023,145.12215,2023,8,August,9,Morning Peak,Weekday
T20230021584,2023-09-01,23:00:00,1,Collision with vehicle,5,Friday,148,VEHICLE OFF FOOTPATH STRIKES VEH ON CARRIAGEWAY,6,291551,Cross intersection,3,40,Local Road,BRUNSWICK,YARRA,-37.78036,144.98189,2023,9,September,23,Night,Weekday
T20230020472,2023-09-01,19:16:00,1,Collision with vehicle,5,Friday,110,CROSS TRAFFIC(INTERSECTIONS ONLY),3,43085,Cross intersection,2,60,Arterial Highway,STUD,DANDENONG,-37.97967,145.22179,2023,9,September,19,Night,Weekday
T20230021436,2023-09-01,14:00:00,1,Collision with vehicle,5,Friday,137,LEFT TURN SIDESWIPE,1,65471,Cross intersection,3,50,Local Road,LEICESTER,MELBOURNE,-37.80423,144.9603,2023,9,September,14,Midday,Weekday
T20230020459,2023-09-01,13:45:00,1,Collision with vehicle,5,Friday,140,U TURN,1,780834,T intersection,2,60,Local Road,MCDONALDS,CARDINIA,-38.268787,145.56555,2023,9,September,13,Midday,Weekday
T20230020457,2023-09-01,16:48:00,1,Collision with vehicle,5,Friday,129,OTHER OPPOSING MANOEUVRES NOT INCLUDED IN DCAs 120-125.,1,29870,T intersection,3,80,Freeway,MILLERS,HOBSONS BAY,-37.82531,144.84909,2023,9,September,16,Afternoon Peak,Weekday
T20230020430,2023-09-01,12:03:00,1,Collision with vehicle,5,Friday,113,RIGHT NEAR (INTERSECTIONS ONLY),1,244,T intersection,2,80,Arterial Highway,FRANKSTON GARDENS,FRANKSTON,-38.10733,145.16441,2023,9,September,12,Midday,Weekday
T20230020517,2023-09-01,17:00:00,1,Collision with vehicle,5,Friday,130,REAR END(VEHICLES IN SAME LANE),2,780130,Not at intersection,3,60,Arterial Other,CLAYTON,MONASH,-37.91713,145.12128,2023,9,September,17,Afternoon Peak,Weekday
T20230020754,2023-09-01,14:05:00,1,Collision with vehicle,5,Friday,130,REAR END(VEHICLES IN SAME LANE),1,780580,Not at intersection,3,80,Arterial Highway,MAROONDAH,YARRA RANGES,-37.74965,145.3734,2023,9,September,14,Midday,Weekday
T20230020425,2023-09-01,11:38:00,1,Collision with vehicle,5,Friday,131,LEFT REAR,1,782174,T intersection,2,50,Local Road,CARROLL,STONNINGTON,-37.84989,145.04292,2023,9,September,11,Midday,Weekday
T20230020711,2023-09-01,17:10:00,1,Collision with vehicle,5,Friday,130,REAR END(VEHICLES IN SAME LANE),2,780773,Not at intersection,3,60,Arterial Other,COX,GEELONG,-38.083904,144.3573,2023,9,September,17,Afternoon Peak,Weekday