ACCIDENT_NO,ACCIDENT_DATE,ACCIDENT_TIME,ACCIDENT_TYPE,ACCIDENT_TYPE_DESC,DAY_OF_WEEK,DAY_WEEK_DESC,DCA_CODE,DCA_DESC,LIGHT_CONDITION,NODE_ID,ROAD_GEOMETRY_DESC,SEVERITY,SPEED_ZONE,RMA,ROAD_NAME,LGA_NAME,LATITUDE,LONGITUDE,YEAR,MONTH,MONTH_NAME,HOUR,TIME_PERIOD,DAY_TYPE
T20230020485,2023-09-01,19:28:00,4,Collision with a fixed object,5,Friday,171,LEFT OFF CARRIAGEWAY INTO OBJECT/PARKED VEHICLE,3,789878,Not at intersection,3,60,Local Road,THOMAS BRUNTON,HUME,-37.63598,144.93129,2023,9,September,19,Night,Weekday
T20230020460,2023-09-01,16:40:00,1,Collision with vehicle,5,Friday,130,REAR END(VEHICLES IN SAME LANE),2,780183,Not at intersection,2,70,Arterial Highway,DANDENONG,MONASH,-37.893,145.08739,2023,9,September,16,Afternoon Peak,Weekday
T20230020479,2023-09-01,18:30:00,1,Collision with vehicle,5,Friday,121,RIGHT THROUGH,3,55795,Cross intersection,2,80,Arterial Other,CRANBOURNE-FRANKSTON,CASEY,-38.131153,145.23438,2023,9,September,18,Afternoon Peak,Weekday
T20230020414,2023-09-01,09:15:00,1,Collision with vehicle,5,Friday,160,VEHICLE COLLIDES WITH VEHICLE PARKED ON LEFT OF ROAD,1,780006,Not at intersection,3,40,Local Road,ST ANDREWS,BENDIGO,-36.75936,144.28305,2023,9,September,9,Morning Peak,Weekday
T20230020455,2023-09-01,16:10:00,1,Collision with vehicle,5,Friday,111,RIGHT FAR (INTERSECTIONS ONLY),1,46493,T intersection,3,40,Local Road,HILLCREST,FRANKSTON,-38.154163,145.14798,2023,9,September,16,Afternoon Peak,Weekday
T20230021546,2023-09-01,15:30:00,1,Collision with vehicle,5,Friday,121,RIGHT THROUGH,1,45641,T intersection,3,60,Arterial Other,ROYAL,MELBOURNE,-37.781742,144.95976,2023,9,September,15,Afternoon Peak,Weekday
T20230020473,2023-09-01,14:54:00,1,Collision with vehicle,5,Friday,120,HEAD ON (NOT OVERTAKING),1,783503,Not at intersection,2,40,Arterial Other,BERWICK-CRANBOURNE,CASEY,-38.10325,145.33026,2023,9,September,14,Midday,Weekday
T20230020490,2023-09-01,22:45:00,4,Collision with a fixed object,5,Friday,181,OFF RIGHT BEND INTO OBJECT/PARKED VEHICLE,5,780629,Not at intersection,2,100,Local Road,THIRTEEN MILE,CARDINIA,-38.124393,145.67328,2023,9,September,22,Night,Weekday
T20230020478,2023-09-01,15:30:00,6,Vehicle overturned (no collision),5,Friday,174,OUT OF CONTROL ON CARRIAGEWAY (ON STRAIGHT),1,236644,Not at intersection,2,100,Freeway,MONASH,MONASH,-37.893913,145.13933,2023,9,September,15,Afternoon Peak,Weekday
T20230020470,2023-09-01,17:55:00,6,Vehicle overturned (no collision),5,Friday,174,OUT OF CONTROL ON CARRIAGEWAY (ON STRAIGHT),2,789875,Not at intersection,3,60,Arterial Other,PLENTY,DAREBIN,-37.73604,145.01288,2023,9,September,17,Afternoon Peak,Weekday
T20230020422,2023-09-01,08:00:00,1,Collision with vehicle,5,Friday,130,REAR END(VEHICLES IN SAME LANE),1,790137,Not at intersection,3,80,Arterial Highway,BURWOOD,WHITEHORSE,-37.85206,145.13411,2023,9,September,8,Morning Peak,Weekday
T20230020456,2023-09-01,16:14:00,1,Collision with vehicle,5,Friday,148,VEHICLE OFF FOOTPATH STRIKES VEH ON CARRIAGEWAY,1,792249,T intersection,2,50,Local Road,FITZWILLIAM,CASEY,-38.114784,145.33212,2023,9,September,16,Afternoon Peak,Weekday
T20230020420,2023-09-01,11:13:00,1,Collision with vehicle,5,Friday,160,VEHICLE COLLIDES WITH VEHICLE PARKED ON LEFT OF ROAD,1,780007,Not at intersection,3,50,Local Road,DAVEY,BAW BAW,-38.207188,146.16638,2023,9,September,11,Midday,Weekday
T20230020434,2023-09-01,12:50:00,1,Collision with vehicle,5,Friday,130,REAR END(VEHICLES IN SAME LANE),1,780181,Not at intersection,3,60,Freeway,MT ALEXANDER-CITYLINK OUT,MOONEE VALLEY,-37.78595,144.93916,2023,9,September,12,Midday,Weekday
T20230020436,2023-09-01,12:15:00,4,Collision with a fixed object,5,Friday,171,LEFT OFF CARRIAGEWAY INTO OBJECT/PARKED VEHICLE,1,789858,Not at intersection,3,100,Local Road,PITTONG-LISMORE,GOLDEN PLAINS,-37.67518,143.48251,2023,9,September,12,Midday,Weekday
T20230020462,2023-09-01,18:11:00,1,Collision with vehicle,5,Friday,140,U TURN,3,782175,T intersection,3,40,Arterial Other,TOORAK,STONNINGTON,-37.8392,144.99326,2023,9,September,18,Afternoon Peak,Weekday
T20230020448,2023-09-01,12:45:00,6,Vehicle overturned (no collision),5,Friday,170,OFF CARRIAGEWAY TO LEFT,1,789510,Not at intersection,2,100,Local Road,NORTH CANAL,BAW BAW,-38.179195,146.19319,2023,9,September,12,Midday,Weekday
T20230020469,2023-09-01,18:20:00,1,Collision with vehicle,5,Friday,110,CROSS TRAFFIC(INTERSECTIONS ONLY),2,44819,Cross intersection,3,50,Local Road,DALEY,MORELAND,-37.697025,144.92775,2023,9,September,18,Afternoon Peak,Weekday
T20230021236,2023-09-01,12:10:00,1,Collision with vehicle,5,Friday,115,RIGHT/LEFT FAR (INTERSECTIONS ONLY),1,50951,T intersection,3,60,Arterial Other,MYRTLEFORD-YACKANDANDAH,INDIGO,-36.318916,146.84245,2023,9,September,12,Midday,Weekday
T20230020949,2023-09-01,20:00:00,1,Collision with vehicle,5,Friday,130,REAR END(VEHICLES IN SAME LANE),3,780772,Not at intersection,3,70,Arterial Other,BARWON HEADS,GEELONG,-38.196514,144.36154,2023,9,September,20,Night,Weekday
T20230021359,2023-09-01,15:30:00,1,Collision with vehicle,5,Friday,113,RIGHT NEAR (INTERSECTIONS ONLY),1,56014,T intersection,3,60,Arterial Other,GEELONG,BALLARAT,-37.60569,143.86906,2023,9,September,15,Afternoon Peak,Weekday
T20230020491,2023-09-01,22:51:00,4,Collision with a fixed object,5,Friday,171,LEFT OFF CARRIAGEWAY INTO OBJECT/PARKED VEHICLE,3,799752,Not at intersection,3,80,Local Road,MCCLELLAND,FRANKSTON,-38.12649,145.18216,2023,9,September,22,Night,Weekday
T20230020416,2023-09-01,01:30:00,4,Collision with a fixed object,5,Friday,181,OFF RIGHT BEND INTO OBJECT/PARKED VEHICLE,5,790136,Not at intersection,3,100,Arterial Highway,SOUTH GIPPSLAND,SOUTH GIPPSLAND,-38.448315,145.8722,2023,9,September,1,Late Night,Weekday
T20230020480,2023-09-01,20:23:00,1,Collision with vehicle,5,Friday,121,RIGHT THROUGH,3,782725,T intersection,2,60,Local Road,POATH,GLEN EIRA,-37.899887,145.07576,2023,9,September,20,Night,Weekday
T20230020464,2023-09-01,17:24:00,1,Collision with vehicle,5,Friday,130,REAR END(VEHICLES IN SAME LANE),2,780679,Not at intersection,2,60,Arterial Other,HULL,MAROONDAH,-37.793087,145.30283,2023,9,September,17,Afternoon Peak,Weekday
T20230020415,2023-09-01,08:45:00,1,Collision with vehicle,5,Friday,116,LEFT NEAR (INTERSECTIONS ONLY),1,789879,T intersection,3,60,Arterial Other,JELLS,MONASH,-37.905457,145.18938,2023,9,September,8,Morning Peak,Weekday
T20230020835,2023-09-01,08:00:00,1,Collision with vehicle,5,Friday,120,HEAD ON (NOT OVERTAKING),1,791526,Not at intersection,3,40,Arterial Other,TURTONS,COLAC OTWAY,-38.641922,143.66412,2023,9,September,8,Morning Peak,Weekday
T20230020502,2023-09-02,09:55:00,1,Collision with vehicle,6,Saturday,121,RIGHT THROUGH,1,70726,Cross intersection,3,80,Arterial Highway,CHELTENHAM ROAD -LOWER DANDENONG,DANDENONG,-37.990784,145.14471,2023,9,September,9,Morning Peak,Weekend
T20230020504,2023-09-02,10:40:00,1,Collision with vehicle,6,Saturday,111,RIGHT FAR (INTERSECTIONS ONLY),1,780064,Cross intersection,2,40,Local Road,RUSSELL,MELBOURNE,-37.808838,144.96628,2023,9,September,10,Midday,Weekend
T20230020838,2023-09-02,13:35:00,1,Collision with vehicle,6,Saturday,130,REAR END(VEHICLES IN SAME LANE),1,780527,Y intersection,3,70,Arterial Highway,DANDENONG,STONNINGTON,-37.868465,145.03137,2023,9,September,13,Midday,Weekend
T20230020534,2023-09-02,16:46:00,1,Collision with vehicle,6,Saturday,116,LEFT NEAR (INTERSECTIONS ONLY),1,43610,T intersection,3,80,Arterial Other,BELGRAVE-HALLAM,CASEY,-37.967842,145.317,2023,9,September,16,Afternoon Peak,Weekend
T20230020535,2023-09-02,16:02:00,1,Collision with vehicle,6,Saturday,121,RIGHT THROUGH,1,780066,Cross intersection,3,60,Local Road,SLATER,BRIMBANK,-37.73943,144.85246,2023,9,September,16,Afternoon Peak,Weekend
T20230020527,2023-09-02,14:26:00,1,Collision with vehicle,6,Saturday,113,RIGHT NEAR (INTERSECTIONS ONLY),1,36737,T intersection,2,80,Arterial Highway,PRINCES,DANDENONG,-37.941467,145.16606,2023,9,September,14,Midday,Weekend
T20230020538,2023-09-02,14:47:00,1,Collision with vehicle,6,Saturday,121,RIGHT THROUGH,1,38707,T intersection,2,60,Arterial Other,BALLARAT,MARIBYRNONG,-37.79014,144.88689,2023,9,September,14,Midday,Weekend
T20230022284,2023-09-02,14:00:00,1,Collision with vehicle,6,Saturday,130,REAR END(VEHICLES IN SAME LANE),1,781481,T intersection,3,60,Local Road,TAYLORS,BRIMBANK,-37.726364,144.77127,2023,9,September,14,Midday,Weekend
T20230020523,2023-09-02,16:25:00,1,Collision with vehicle,6,Saturday,113,RIGHT NEAR (INTERSECTIONS ONLY),1,61460,T intersection,2,50,Local Road,LIDGETT,MOORABOOL,-37.6708,144.43336,2023,9,September,16,Afternoon Peak,Weekend
T20230023126,2023-09-02,18:10:00,3,Struck animal,6,Saturday,167,STRUCK ANIMAL,3,789880,Not at intersection,3,80,Local Road,ROGERS,MORNINGTON PENINSULA,-38.438835,144.92091,2023,9,September,18,Afternoon Peak,Weekend
T20230023087,2023-09-02,11:26:00,1,Collision with vehicle,6,Saturday,110,CROSS TRAFFIC(INTERSECTIONS ONLY),1,70081,Cross intersection,2,60,Arterial Other,GEMBROOK-LAUNCHING PLACE,CARDINIA,-37.952934,145.55363,2023,9,September,11,Midday,Weekend
T20230021947,2023-09-02,14:00:00,5,collision with some other object,6,Saturday,166,STRUCK OBJECT ON CARRIAGEWAY,1,781156,Not at intersection,3,60,Local Road,BANNONS,NILLUMBIK,-37.625954,145.13654,2023,9,September,14,Midday,Weekend
T20230021234,2023-09-02,14:14:00,1,Collision with vehicle,6,Saturday,150,HEAD ON(OVERTAKING),1,780759,Not at intersection,3,50,Local Road,BARBERS,YARRA RANGES,-37.82071,145.3675,2023,9,September,14,Midday,Weekend
T20230020516,2023-09-02,14:38:00,6,Vehicle overturned (no collision),6,Saturday,180,OFF CARRIAGEWAY ON RIGHT BEND,1,792243,Not at intersection,2,70,Local Road,RACECOURSE,HUME,-37.536472,144.73354,2023,9,September,14,Midday,Weekend
T20230020510,2023-09-02,12:25:00,1,Collision with vehicle,6,Saturday,130,REAR END(VEHICLES IN SAME LANE),1,780182,Not at intersection,2,70,Arterial Highway,COLAC,GEELONG,-38.198933,144.3153,2023,9,September,12,Midday,Weekend
T20230020585,2023-09-02,21:45:00,1,Collision with vehicle,6,Saturday,130,REAR END(VEHICLES IN SAME LANE),6,38690,T intersection,3,60,Arterial Other,WILLIAMSTOWN,MARIBYRNONG,-37.807182,144.88455,2023,9,September,21,Night,Weekend
T20230020583,2023-09-02,13:00:00,6,Vehicle overturned (no collision),6,Saturday,182,OFF CARRIAGEWAY ON LEFT BEND,1,781476,Not at intersection,3,80,Arterial Other,BLACKWOOD,HEPBURN,-37.432602,144.28247,2023,9,September,13,Midday,Weekend
T20230024935,2023-09-02,10:30:00,4,Collision with a fixed object,6,Saturday,181,OFF RIGHT BEND INTO OBJECT/PARKED VEHICLE,1,789888,Not at intersection,3,50,Local Road,BAKERS,BALLARAT,-37.59272,143.89194,2023,9,September,10,Midday,Weekend
T20230022001,2023-09-02,08:10:00,1,Collision with vehicle,6,Saturday,113,RIGHT NEAR (INTERSECTIONS ONLY),1,297471,Cross intersection,3,40,Arterial Other,THOMPSONS,CASEY,-38.084866,145.29576,2023,9,September,8,Morning Peak,Weekend
T20230020571,2023-09-02,23:30:00,1,Collision with vehicle,6,Saturday,130,REAR END(VEHICLES IN SAME LANE),3,788512,T intersection,2,100,Arterial Other,DELACCAS,GOLDEN PLAINS,-37.808613,143.76064,2023,9,September,23,Night,Weekend
T20230020566,2023-09-02,23:00:00,4,Collision with a fixed object,6,Saturday,181,OFF RIGHT BEND INTO OBJECT/PARKED VEHICLE,3,790135,Not at intersection,3,60,Local Road,LAURA,CASEY,-38.04076,145.28146,2023,9,September,23,Night,Weekend
T20230022508,2023-09-02,11:30:00,1,Collision with vehicle,6,Saturday,130,REAR END(VEHICLES IN SAME LANE),1,789887,Not at intersection,2,60,Local Road,PLAYNE,FRANKSTON,-38.146145,145.12502,2023,9,September,11,Midday,Weekend
T20230020700,2023-09-02,20:30:00,1,Collision with vehicle,6,Saturday,130,REAR END(VEHICLES IN SAME LANE),3,781142,Not at intersection,3,60,Arterial Other,HEATHS,WYNDHAM,-37.879044,144.6958,2023,9,September,20,Night,Weekend
T20230020689,2023-09-02,11:30:00,6,Vehicle overturned (no collision),6,Saturday,180,OFF CARRIAGEWAY ON RIGHT BEND,1,789889,Cross intersection,3,60,Arterial Highway,CHELTENHAM ROAD -LOWER DANDENONG,DANDENONG,-37.99079,145.14482,2023,9,September,11,Midday,Weekend
T20230020959,2023-09-02,14:30:00,6,Vehicle overturned (no collision),6,Saturday,184,OUT OF CONTROL ON CARRIAGEWAY (ON BEND),1,789896,T intersection,3,100,Local Road,GINTER,MURRINDINDI,-37.29445,145.56781,2023,9,September,14,Midday,Weekend
T20230020514,2023-09-02,13:34:00,1,Collision with vehicle,6,Saturday,121,RIGHT THROUGH,1,41121,Cross intersection,2,60,Arterial Other,GLEN HUNTLY,BAYSIDE,-37.883274,144.99226,2023,9,September,13,Midday,Weekend
T20230020500,2023-09-02,08:42:00,4,Collision with a fixed object,6,Saturday,171,LEFT OFF CARRIAGEWAY INTO OBJECT/PARKED VEHICLE,1,792242,T intersection,2,50,Local Road,WINGARRA,GEELONG,-38.209755,144.32668,2023,9,September,8,Morning Peak,Weekend
T20230020515,2023-09-02,13:55:00,1,Collision with vehicle,6,Saturday,121,RIGHT THROUGH,1,294710,T intersection,3,60,Arterial Other,MILLERS,HOBSONS BAY,-37.844063,144.84607,2023,9,September,13,Midday,Weekend
T20230020512,2023-09-02,13:10:00,1,Collision with vehicle,6,Saturday,113,RIGHT NEAR (INTERSECTIONS ONLY),1,789876,T intersection,3,60,Arterial Other,HIGH,WHITTLESEA,-37.657433,145.02005,2023,9,September,13,Midday,Weekend
T20230020529,2023-09-02,17:15:00,4,Collision with a fixed object,6,Saturday,173,RIGHT OFF CARRIAGEWAY INTO OBJECT/PARKED VEHICLE,1,109,Cross intersection,2,60,Local Road,ELGIN,MELBOURNE,-37.79716,144.96756,2023,9,September,17,Afternoon Peak,Weekend
T20230024056,2023-09-02,12:50:00,1,Collision with vehicle,6,Saturday,133,LANE SIDE SWIPE (VEHICLES IN PARALLEL LANES),1,691622,Not at intersection,3,60,Local Road,ROSEBANK,KINGSTON,-37.939682,145.13354,2023,9,September,12,Midday,Weekend
T20230021618,2023-09-02,18:00:00,1,Collision with vehicle,6,Saturday,133,LANE SIDE SWIPE (VEHICLES IN PARALLEL LANES),1,29474,T intersection,3,40,Arterial Other,TOORAK,STONNINGTON,-37.839684,144.99715,2023,9,September,18,Afternoon Peak,Weekend
T20230021044,2023-09-02,13:22:00,1,Collision with vehicle,6,Saturday,130,REAR END(VEHICLES IN SAME LANE),1,683016,Not at intersection,3,100,Freeway,TULLAMARINE,MOONEE VALLEY,-37.72976,144.89053,2023,9,September,13,Midday,Weekend
T20230020561,2023-09-02,21:11:00,1,Collision with vehicle,6,Saturday,150,HEAD ON(OVERTAKING),3,44929,Cross intersection,3,40,Local Road,FITZGERALD,BRIMBANK,-37.781647,144.79169,2023,9,September,21,Night,Weekend
T20230020560,2023-09-02,22:05:00,1,Collision with vehicle,6,Saturday,150,HEAD ON(OVERTAKING),3,780579,Not at intersection,2,60,Local Road,EXFORD,MELTON,-37.73013,144.57535,2023,9,September,22,Night,Weekend
T20230020559,2023-09-02,15:43:00,1,Collision with vehicle,6,Saturday,121,RIGHT THROUGH,1,355539,Not at intersection,2,80,Arterial Highway,WENTWORTH,CASEY,-38.074173,145.27126,2023,9,September,15,Afternoon Peak,Weekend
T20230020554,2023-09-02,16:44:00,1,Collision with vehicle,6,Saturday,131,LEFT REAR,2,54903,Y intersection,3,100,Arterial Other,HAZELWOOD,LATROBE,-38.257313,146.48738,2023,9,September,16,Afternoon Peak,Weekend
T20230020553,2023-09-02,14:55:00,1,Collision with vehicle,6,Saturday,121,RIGHT THROUGH,1,595452,T intersection,2,100,Freeway,CALDER IN-BURTON,MACEDON RANGES,-37.22015,144.41667,2023,9,September,14,Midday,Weekend
T20230020551,2023-09-02,20:00:00,1,Collision with vehicle,6,Saturday,110,CROSS TRAFFIC(INTERSECTIONS ONLY),3,29812,Cross intersection,3,40,Local Road,BIBLE,NILLUMBIK,-37.712772,145.15211,2023,9,September,20,Night,Weekend
T20230020542,2023-09-02,17:59:00,4,Collision with a fixed object,6,Saturday,173,RIGHT OFF CARRIAGEWAY INTO OBJECT/PARKED VEHICLE,1,792247,Not at intersection,2,80,Local Road,KILLARA,YARRA RANGES,-37.732452,145.44664,2023,9,September,17,Afternoon Peak,Weekend
T20230022824,2023-09-03,01:00:00,2,Struck Pedestrian,7,Sunday,102,FAR SIDE. PED HIT BY VEHICLE FROM THE LEFT,3,268853,Cross intersection,3,60,Arterial Other,BALLARAT,MARIBYRNONG,-37.791218,144.88962,2023,9,September,1,Late Night,Weekend
T20230023545,2023-09-03,11:00:00,1,Collision with vehicle,7,Sunday,130,REAR END(VEHICLES IN SAME LANE),1,789706,Cross intersection,3,60,Local Road,SAXONWOOD,CASEY,-38.03153,145.3074,2023,9,September,11,Midday,Weekend
T20230020591,2023-09-03,10:56:00,9,Other accident,7,Sunday,149,OTHER MANOEUVRING NOT INCLUDED IN DCAs 140-148,1,780470,Not at intersection,2,50,Local Road,EIGHTH,MORNINGTON PENINSULA,-38.356518,144.90295,2023,9,September,10,Midday,Weekend
T20230020876,2023-09-03,10:20:00,1,Collision with vehicle,7,Sunday,110,CROSS TRAFFIC(INTERSECTIONS ONLY),1,41066,Cross intersection,2,60,Arterial Other,MOUNTAIN,KNOX,-37.849987,145.30702,2023,9,September,10,Midday,Weekend
T20230021855,2023-09-03,16:10:00,1,Collision with vehicle,7,Sunday,112,LEFT FAR (INTERSECTIONS ONLY),1,42906,T intersection,3,60,Local Road,CORRIGAN,DANDENONG,-37.985703,145.16437,2023,9,September,16,Afternoon Peak,Weekend
T20230020599,2023-09-03,12:22:00,1,Collision with vehicle,7,Sunday,110,CROSS TRAFFIC(INTERSECTIONS ONLY),1,789724,Cross intersection,3,60,Arterial Other,HASTINGS,FRANKSTON,-38.153152,145.13274,2023,9,September,12,Midday,Weekend
T20230020605,2023-09-03,13:10:00,4,Collision with a fixed object,7,Sunday,171,LEFT OFF CARRIAGEWAY INTO OBJECT/PARKED VEHICLE,1,789698,Not at intersection,3,100,Arterial Other,BUXTON-MARYSVILLE,MURRINDINDI,-37.48248,145.75302,2023,9,September,13,Midday,Weekend
T20230020567,2023-09-03,01:22:00,4,Collision with a fixed object,7,Sunday,171,LEFT OFF CARRIAGEWAY INTO OBJECT/PARKED VEHICLE,5,793815,T intersection,1,80,Local Road,CROWS,MACEDON RANGES,-37.322083,144.49944,2023,9,September,1,Late Night,Weekend
T20230020600,2023-09-03,12:40:00,2,Struck Pedestrian,7,Sunday,108,PED STRUCK WALKING TO/FROM OR BOARDING/ALIGHTING VEHICLE.,1,789708,Not at intersection,3,50,Local Road,QUEEN,HOBSONS BAY,-37.86942,144.83118,2023,9,September,12,Midday,Weekend
T20230021305,2023-09-03,21:00:00,8,No collision and no object struck,7,Sunday,174,OUT OF CONTROL ON CARRIAGEWAY (ON STRAIGHT),6,780591,Not at intersection,3,40,Local Road,HEATHER,PORT PHILLIP,-37.833977,144.9649,2023,9,September,21,Night,Weekend
T20230020608,2023-09-03,15:13:00,1,Collision with vehicle,7,Sunday,121,RIGHT THROUGH,1,780949,Cross intersection,3,30,Arterial Other,POWER,BOROONDARA,-37.821625,145.02637,2023,9,September,15,Afternoon Peak,Weekend
T20230020611,2023-09-03,15:13:00,1,Collision with vehicle,7,Sunday,111,RIGHT FAR (INTERSECTIONS ONLY),1,47131,T intersection,3,40,Arterial Other,NARRE WARREN,CASEY,-38.096493,145.29309,2023,9,September,15,Afternoon Peak,Weekend
T20230020613,2023-09-03,15:33:00,1,Collision with vehicle,7,Sunday,135,LANE CHANGE LEFT (NOT OVERTAKING),1,780131,Not at intersection,3,70,Arterial Other,SOUTH,KINGSTON,-37.9369,145.0642,2023,9,September,15,Afternoon Peak,Weekend
T20230020594,2023-09-03,11:30:00,1,Collision with vehicle,7,Sunday,121,RIGHT THROUGH,1,44884,Cross intersection,2,70,Local Road,RIDING BOUNDARY,MELTON,-37.7814,144.75478,2023,9,September,11,Midday,Weekend
T20230020614,2023-09-03,15:40:00,1,Collision with vehicle,7,Sunday,120,HEAD ON (NOT OVERTAKING),1,38409,T intersection,3,60,Arterial Other,RINGWOOD-WARRANDYTE,MANNINGHAM,-37.784313,145.23282,2023,9,September,15,Afternoon Peak,Weekend
T20230022042,2023-09-03,13:00:00,2,Struck Pedestrian,7,Sunday,100,PED NEAR SIDE. PED HIT BY VEHICLE FROM THE RIGHT.,1,781428,Not at intersection,3,60,Local Road,ROWANS,KINGSTON,-37.94272,145.05217,2023,9,September,13,Midday,Weekend
T20230020615,2023-09-03,17:10:00,1,Collision with vehicle,7,Sunday,110,CROSS TRAFFIC(INTERSECTIONS ONLY),1,52701,Cross intersection,3,60,Local Road,MOORE,ARARAT,-37.2858,142.93907,2023,9,September,17,Afternoon Peak,Weekend
T20230020624,2023-09-03,19:15:00,1,Collision with vehicle,7,Sunday,121,RIGHT THROUGH,2,278616,Cross intersection,3,80,Freeway,FRANKSTON-DANDENONG,FRANKSTON,-38.10925,145.1612,2023,9,September,19,Night,Weekend
T20230020625,2023-09-03,17:00:00,1,Collision with vehicle,7,Sunday,150,HEAD ON(OVERTAKING),1,794016,Not at intersection,2,100,Arterial Highway,PRINCES,MOYNE,-38.38326,142.193,2023,9,September,17,Afternoon Peak,Weekend
T20230021891,2023-09-03,17:00:00,1,Collision with vehicle,7,Sunday,145,REVERSING IN STREAM OF TRAFFIC,1,789714,Not at intersection,3,60,Arterial Other,BLACKBURN,MONASH,-37.871597,145.1485,2023,9,September,17,Afternoon Peak,Weekend
T20230020630,2023-09-03,16:46:00,1,Collision with vehicle,7,Sunday,130,REAR END(VEHICLES IN SAME LANE),1,780132,Not at intersection,3,100,Freeway,PRINCES,HOBSONS BAY,-37.864735,144.7759,2023,9,September,16,Afternoon Peak,Weekend
T20230020765,2023-09-03,15:44:00,4,Collision with a fixed object,7,Sunday,181,OFF RIGHT BEND INTO OBJECT/PARKED VEHICLE,1,783542,Not at intersection,3,50,Local Road,RIVERWALK,MACEDON RANGES,-37.256893,144.46136,2023,9,September,15,Afternoon Peak,Weekend
T20230020762,2023-09-03,12:40:00,1,Collision with vehicle,7,Sunday,121,RIGHT THROUGH,1,702694,T intersection,3,60,Arterial Other,RINGWOOD-WARRANDYTE,MANNINGHAM,-37.76941,145.23038,2023,9,September,12,Midday,Weekend
T20230025391,2023-09-03,11:10:00,1,Collision with vehicle,7,Sunday,147,VEHICLE STRIKES ANOTHER VEH WHILE EMERGING FROM DRIVEWAY,1,789713,Not at intersection,3,60,Arterial Highway,HIGH,MITCHELL,-37.416676,144.9791,2023,9,September,11,Midday,Weekend
T20230020635,2023-09-03,18:40:00,1,Collision with vehicle,7,Sunday,120,HEAD ON (NOT OVERTAKING),2,780047,Not at intersection,1,80,Local Road,BEATTYS,MELTON,-37.704388,144.63214,2023,9,September,18,Afternoon Peak,Weekend
T20230020913,2023-09-03,23:32:00,2,Struck Pedestrian,7,Sunday,103,PED PLAYING/LYING/WORKING/STANDING ON CARRIAGEWAY.,9,780370,Not at intersection,1,50,Local Road,TIDCOMBE,MANNINGHAM,-37.759705,145.173,2023,9,September,23,Night,Weekend
T20230022157,2023-09-03,17:30:00,4,Collision with a fixed object,7,Sunday,151,OUT OF CONTROL (OVERTAKING),2,39076,T intersection,3,60,Local Road,TAYLORS,BRIMBANK,-37.727074,144.77756,2023,9,September,17,Afternoon Peak,Weekend
T20230022621,2023-09-03,18:30:00,1,Collision with vehicle,7,Sunday,130,REAR END(VEHICLES IN SAME LANE),2,36072,Cross intersection,3,80,Arterial Other,EPPING,WHITTLESEA,-37.594006,145.03372,2023,9,September,18,Afternoon Peak,Weekend
T20230020680,2023-09-03,14:18:00,1,Collision with vehicle,7,Sunday,113,RIGHT NEAR (INTERSECTIONS ONLY),1,44240,T intersection,3,60,Arterial Other,MCDONALDS,WHITTLESEA,-37.646996,145.05058,2023,9,September,14,Midday,Weekend
T20230021332,2023-09-03,13:30:00,1,Collision with vehicle,7,Sunday,160,VEHICLE COLLIDES WITH VEHICLE PARKED ON LEFT OF ROAD,1,780857,Not at intersection,3,60,Arterial Other,ROYAL,MELBOURNE,-37.779343,144.96007,2023,9,September,13,Midday,Weekend
T20230021451,2023-09-03,15:00:00,6,Vehicle overturned (no collision),7,Sunday,184,OUT OF CONTROL ON CARRIAGEWAY (ON BEND),1,780843,Not at intersection,2,100,Local Road,DRY CREEK,MITCHELL,-37.235275,145.02585,2023,9,September,15,Afternoon Peak,Weekend
T20230020712,2023-09-03,14:30:00,1,Collision with vehicle,7,Sunday,130,REAR END(VEHICLES IN SAME LANE),1,239553,Cross intersection,3,50,Local Road,CENTENNIAL PARK,HUME,-37.58565,144.91827,2023,9,September,14,Midday,Weekend
T20230020570,2023-09-03,01:52:00,1,Collision with vehicle,7,Sunday,160,VEHICLE COLLIDES WITH VEHICLE PARKED ON LEFT OF ROAD,3,789398,Not at intersection,2,60,Arterial Highway,GEELONG,SURF COAST,-38.33583,144.31682,2023,9,September,1,Late Night,Weekend
T20230020784,2023-09-04,20:43:00,1,Collision with vehicle,1,Monday,130,REAR END(VEHICLES IN SAME LANE),3,290258,Cross intersection,2,60,Arterial Other,ST KILDA,MELBOURNE,-37.85022,144.98064,2023,9,September,20,Night,Weekday
T20230020670,2023-09-04,10:00:00,2,Struck Pedestrian,1,Monday,100,PED NEAR SIDE. PED HIT BY VEHICLE FROM THE RIGHT.,1,782415,T intersection,3,70,Local Road,MANCHESTER,YARRA RANGES,-37.773838,145.31345,2023,9,September,10,Midday,Weekday
T20230020697,2023-09-04,14:34:00,1,Collision with vehicle,1,Monday,121,RIGHT THROUGH,1,49826,Cross intersection,2,60,Arterial Highway,BALLARAT,GEELONG,-38.126926,144.33925,2023,9,September,14,Midday,Weekday