ACCIDENT_NO,ACCIDENT_DATE,ACCIDENT_TIME,ACCIDENT_TYPE,ACCIDENT_TYPE_DESC,DAY_OF_WEEK,DAY_WEEK_DESC,DCA_CODE,DCA_DESC,LIGHT_CONDITION,NODE_ID,ROAD_GEOMETRY_DESC,SEVERITY,SPEED_ZONE,RMA,ROAD_NAME,LGA_NAME,LATITUDE,LONGITUDE,YEAR,MONTH,MONTH_NAME,HOUR,TIME_PERIOD,DAY_TYPE
T20230025150,2023-09-04,21:00:00,4,Collision with a fixed object,1,Monday,173,RIGHT OFF CARRIAGEWAY INTO OBJECT/PARKED VEHICLE,3,784181,Not at intersection,3,100,Freeway,MONASH,MONASH,-37.93411,145.19113,2023,9,September,21,Night,Weekday
T20230020725,2023-09-04,23:39:00,1,Collision with vehicle,1,Monday,121,RIGHT THROUGH,3,36321,Cross intersection,3,80,Arterial Highway,PRINCES,DANDENONG,-37.96156,145.18855,2023,9,September,23,Night,Weekday
T20230021431,2023-09-04,20:15:00,1,Collision with vehicle,1,Monday,160,VEHICLE COLLIDES WITH VEHICLE PARKED ON LEFT OF ROAD,5,781424,Not at intersection,3,60,Local Road,WIDFORD,MORELAND,-37.701794,144.92381,2023,9,September,20,Night,Weekday
T20230020692,2023-09-04,13:30:00,1,Collision with vehicle,1,Monday,171,LEFT OFF CARRIAGEWAY INTO OBJECT/PARKED VEHICLE,1,127112,Not at intersection,3,60,Local Road,ALBERT,KNOX,-37.86097,145.29286,2023,9,September,13,Midday,Weekday
T20230021368,2023-09-04,17:00:00,1,Collision with vehicle,1,Monday,133,LANE SIDE SWIPE (VEHICLES IN PARALLEL LANES),2,790148,Not at intersection,3,60,Local Road,FURLONG,BRIMBANK,-37.757973,144.79225,2023,9,September,17,Afternoon Peak,Weekday
T20230021347,2023-09-04,14:49:00,1,Collision with vehicle,1,Monday,121,RIGHT THROUGH,1,279266,Cross intersection,3,50,Arterial Other,BERWICK-CRANBOURNE,CASEY,-38.11515,145.29892,2023,9,September,14,Midday,Weekday
T20230020674,2023-09-04,08:47:00,1,Collision with vehicle,1,Monday,130,REAR END(VEHICLES IN SAME LANE),1,799708,T intersection,3,70,Arterial Other,SYDNEY,MORELAND,-37.704002,144.96059,2023,9,September,8,Morning Peak,Weekday
T20230022304,2023-09-04,15:40:00,1,Collision with vehicle,1,Monday,121,RIGHT THROUGH,1,300547,T intersection,3,80,Arterial Other,MICKLEHAM,HUME,-37.547897,144.87943,2023,9,September,15,Afternoon Peak,Weekday
T20230023395,2023-09-04,14:40:00,1,Collision with vehicle,1,Monday,112,LEFT FAR (INTERSECTIONS ONLY),1,51124,T intersection,3,60,Local Road,PATERSON,SHEPPARTON,-36.39903,145.41331,2023,9,September,14,Midday,Weekday
T20230023232,2023-09-04,09:00:00,7,Fall from or in moving vehicle,1,Monday,190,FELL IN/FROM VEHICLE,1,789682,Not at intersection,3,40,Arterial Other,CHURCH,YARRA,-37.82678,144.99773,2023,9,September,9,Morning Peak,Weekday
T20230020763,2023-09-04,22:15:00,4,Collision with a fixed object,1,Monday,171,LEFT OFF CARRIAGEWAY INTO OBJECT/PARKED VEHICLE,5,789678,Not at intersection,3,60,Local Road,REYNOLDS,NILLUMBIK,-37.685555,145.18013,2023,9,September,22,Night,Weekday
T20230023186,2023-09-04,08:19:00,1,Collision with vehicle,1,Monday,132,RIGHT REAR.,1,799643,T intersection,3,50,Local Road,LITHGOW,MITCHELL,-37.471664,144.95679,2023,9,September,8,Morning Peak,Weekday
T20230020770,2023-09-04,17:10:00,1,Collision with vehicle,1,Monday,130,REAR END(VEHICLES IN SAME LANE),2,780494,Not at intersection,3,50,Arterial Other,RYRIE,GEELONG,-38.151096,144.36624,2023,9,September,17,Afternoon Peak,Weekday
T20230020652,2023-09-04,08:30:00,2,Struck Pedestrian,1,Monday,100,PED NEAR SIDE. PED HIT BY VEHICLE FROM THE RIGHT.,1,789675,Not at intersection,2,50,Local Road,LYNDON,WHITTLESEA,-37.665558,145.01082,2023,9,September,8,Morning Peak,Weekday
T20230020672,2023-09-04,12:04:00,1,Collision with vehicle,1,Monday,130,REAR END(VEHICLES IN SAME LANE),1,780447,Not at intersection,3,80,Arterial Other,WHITTLESEA-YEA,WHITTLESEA,-37.499096,145.1472,2023,9,September,12,Midday,Weekday
T20230020702,2023-09-04,15:24:00,1,Collision with vehicle,1,Monday,175,OFF END OF ROAD/T-INTERSECTION.,1,789679,T intersection,3,100,Arterial Other,CAMPERDOWN-LISMORE,CORANGAMITE,-38.212715,143.15987,2023,9,September,15,Afternoon Peak,Weekday
T20230020701,2023-09-04,16:58:00,2,Struck Pedestrian,1,Monday,100,PED NEAR SIDE. PED HIT BY VEHICLE FROM THE RIGHT.,1,41977,Cross intersection,2,80,Arterial Highway,BURWOOD,KNOX,-37.89349,145.3093,2023,9,September,16,Afternoon Peak,Weekday
T20230024438,2023-09-04,18:40:00,1,Collision with vehicle,1,Monday,110,CROSS TRAFFIC(INTERSECTIONS ONLY),3,36289,Cross intersection,3,50,Local Road,INVERMAY,DAREBIN,-37.706974,145.02783,2023,9,September,18,Afternoon Peak,Weekday
T20230021934,2023-09-04,18:30:00,1,Collision with vehicle,1,Monday,110,CROSS TRAFFIC(INTERSECTIONS ONLY),3,41066,Cross intersection,3,60,Arterial Other,MOUNTAIN,KNOX,-37.849987,145.30702,2023,9,September,18,Afternoon Peak,Weekday
T20230020664,2023-09-04,09:06:00,1,Collision with vehicle,1,Monday,179,OTHER ACCIDENTS-OFF STRAIGHT NOT INCLUDED IN DCAs 170-175,1,781420,Not at intersection,3,60,Local Road,LIVERPOOL,MAROONDAH,-37.819477,145.31697,2023,9,September,9,Morning Peak,Weekday
T20230020639,2023-09-04,00:50:00,2,Struck Pedestrian,1,Monday,103,PED PLAYING/LYING/WORKING/STANDING ON CARRIAGEWAY.,3,44578,T intersection,3,60,Arterial Other,WATERDALE,BANYULE,-37.732094,145.04956,2023,9,September,0,Late Night,Weekday
T20230020852,2023-09-04,19:20:00,1,Collision with vehicle,1,Monday,130,REAR END(VEHICLES IN SAME LANE),2,780307,Not at intersection,3,50,Local Road,STAG,CASEY,-38.111164,145.3008,2023,9,September,19,Night,Weekday
T20230020658,2023-09-04,08:40:00,1,Collision with vehicle,1,Monday,130,REAR END(VEHICLES IN SAME LANE),2,780134,Not at intersection,3,100,Freeway,WESTERN,MELTON,-37.68724,144.53659,2023,9,September,8,Morning Peak,Weekday
T20230020648,2023-09-04,06:25:00,4,Collision with a fixed object,1,Monday,181,OFF RIGHT BEND INTO OBJECT/PARKED VEHICLE,2,793953,Not at intersection,3,80,Local Road,MCEDWARD,MILDURA,-34.196606,142.08545,2023,9,September,6,Morning Peak,Weekday
T20230020653,2023-09-04,07:41:00,4,Collision with a fixed object,1,Monday,175,OFF END OF ROAD/T-INTERSECTION.,1,71373,T intersection,2,100,Arterial Other,BENGWORDEN,WELLINGTON,-38.06999,147.08969,2023,9,September,7,Morning Peak,Weekday
T20230020650,2023-09-04,07:10:00,1,Collision with vehicle,1,Monday,116,LEFT NEAR (INTERSECTIONS ONLY),1,791267,T intersection,2,60,Arterial Other,BEACH,BAYSIDE,-37.934826,144.99576,2023,9,September,7,Morning Peak,Weekday
T20230020657,2023-09-04,08:24:00,1,Collision with vehicle,1,Monday,134,LANE CHANGE RIGHT (NOT OVERTAKING),1,780133,Not at intersection,2,60,Arterial Other,VICTORIA,MELBOURNE,-37.80916,144.98265,2023,9,September,8,Morning Peak,Weekday
T20230020720,2023-09-04,21:10:00,2,Struck Pedestrian,1,Monday,100,PED NEAR SIDE. PED HIT BY VEHICLE FROM THE RIGHT.,6,780472,Not at intersection,2,50,Local Road,PATERSON,CASEY,-38.054012,145.25212,2023,9,September,21,Night,Weekday
T20230020719,2023-09-04,21:03:00,4,Collision with a fixed object,1,Monday,173,RIGHT OFF CARRIAGEWAY INTO OBJECT/PARKED VEHICLE,3,783101,Not at intersection,3,80,Arterial Highway,PRINCES HIGHWAY,DANDENONG,-37.942196,145.16687,2023,9,September,21,Night,Weekday
T20230020644,2023-09-04,05:38:00,1,Collision with vehicle,1,Monday,132,RIGHT REAR.,5,799380,T intersection,3,60,Arterial Other,SHORT,MITCHELL,-37.20428,145.05711,2023,9,September,5,Morning Peak,Weekday
T20230020645,2023-09-04,06:25:00,1,Collision with vehicle,1,Monday,121,RIGHT THROUGH,2,36389,T intersection,2,80,Arterial Other,BELGRAVE-HALLAM ROAD -NARRE WARREN NORTH,CASEY,-37.985264,145.31151,2023,9,September,6,Morning Peak,Weekday
T20230020654,2023-09-04,06:52:00,4,Collision with a fixed object,1,Monday,173,RIGHT OFF CARRIAGEWAY INTO OBJECT/PARKED VEHICLE,2,789737,Not at intersection,3,60,Local Road,SPRING,KINGSTON,-37.981766,145.13887,2023,9,September,6,Morning Peak,Weekday
T20230020826,2023-09-04,05:40:00,3,Struck animal,1,Monday,167,STRUCK ANIMAL,5,780474,Not at intersection,2,50,Local Road,M QUIGLEYS,MOORABOOL,-37.778774,144.25073,2023,9,September,5,Morning Peak,Weekday
T20230020779,2023-09-05,08:58:00,1,Collision with vehicle,2,Tuesday,111,RIGHT FAR (INTERSECTIONS ONLY),2,780836,T intersection,3,50,Local Road,WESTMEADOWS,WYNDHAM,-37.842342,144.71837,2023,9,September,8,Morning Peak,Weekday
T20230020775,2023-09-05,11:37:00,4,Collision with a fixed object,2,Tuesday,181,OFF RIGHT BEND INTO OBJECT/PARKED VEHICLE,1,780835,Not at intersection,2,50,Local Road,PRODUCTION,BALLARAT,-37.54208,143.7962,2023,9,September,11,Midday,Weekday
T20230020727,2023-09-05,01:10:00,3,Struck animal,2,Tuesday,167,STRUCK ANIMAL,5,799631,Not at intersection,3,100,Arterial Highway,PRINCES HIGHWAY,SURF COAST,-38.213703,144.14293,2023,9,September,1,Late Night,Weekday
T20230026918,2023-09-05,10:41:00,1,Collision with vehicle,2,Tuesday,160,VEHICLE COLLIDES WITH VEHICLE PARKED ON LEFT OF ROAD,1,799705,Not at intersection,3,60,Arterial Other,BURKE,BOROONDARA,-37.78338,145.06273,2023,9,September,10,Midday,Weekday
T20230020737,2023-09-05,07:00:00,1,Collision with vehicle,2,Tuesday,130,REAR END(VEHICLES IN SAME LANE),2,780233,Not at intersection,3,80,Arterial Highway,GREENSBOROUGH,NILLUMBIK,-37.691944,145.10466,2023,9,September,7,Morning Peak,Weekday
T20230020732,2023-09-05,05:10:00,3,Struck animal,2,Tuesday,167,STRUCK ANIMAL,2,780232,Not at intersection,3,100,Arterial Other,GISBORNE-MELTON,MELTON,-37.635178,144.59875,2023,9,September,5,Morning Peak,Weekday
T20230020843,2023-09-05,16:00:00,1,Collision with vehicle,2,Tuesday,121,RIGHT THROUGH,1,38982,T intersection,3,60,Arterial Other,BURWOOD,BOROONDARA,-37.82343,145.04222,2023,9,September,16,Afternoon Peak,Weekday
T20230020752,2023-09-05,09:40:00,1,Collision with vehicle,2,Tuesday,110,CROSS TRAFFIC(INTERSECTIONS ONLY),1,38167,Cross intersection,2,60,Arterial Other,SOUTHERN,BANYULE,-37.74272,145.05386,2023,9,September,9,Morning Peak,Weekday
T20230020757,2023-09-05,09:05:00,1,Collision with vehicle,2,Tuesday,140,U TURN,1,785449,T intersection,3,50,Local Road,ROSENEATH,GEELONG,-38.114384,144.35025,2023,9,September,9,Morning Peak,Weekday
T20230020897,2023-09-05,23:45:00,1,Collision with vehicle,2,Tuesday,110,CROSS TRAFFIC(INTERSECTIONS ONLY),3,42484,Cross intersection,2,50,Local Road,ROYAL,DANDENONG,-37.95391,145.14806,2023,9,September,23,Night,Weekday
T20230027977,2023-09-05,16:24:00,1,Collision with vehicle,2,Tuesday,110,CROSS TRAFFIC(INTERSECTIONS ONLY),1,48603,Cross intersection,3,60,Local Road,SAFFRON,CASEY,-38.0077,145.29189,2023,9,September,16,Afternoon Peak,Weekday
T20230027191,2023-09-05,15:23:00,8,No collision and no object struck,2,Tuesday,170,OFF CARRIAGEWAY TO LEFT,1,787830,Not at intersection,2,60,Arterial Other,DALTON,WHITTLESEA,-37.690132,145.02742,2023,9,September,15,Afternoon Peak,Weekday
T20230020895,2023-09-05,17:05:00,6,Vehicle overturned (no collision),2,Tuesday,174,OUT OF CONTROL ON CARRIAGEWAY (ON STRAIGHT),1,780528,Cross intersection,2,60,Arterial Other,BALLAN,WYNDHAM,-37.891544,144.62918,2023,9,September,17,Afternoon Peak,Weekday
T20230021249,2023-09-05,16:30:00,1,Collision with vehicle,2,Tuesday,132,RIGHT REAR.,1,780760,Not at intersection,3,60,Arterial Highway,JOHNSTONE,MOUNT ALEXANDER,-37.07812,144.20395,2023,9,September,16,Afternoon Peak,Weekday
T20230020804,2023-09-05,16:02:00,2,Struck Pedestrian,2,Tuesday,101,PED EMERGES FROM IN FRONT OF PARKED OR STATIONARY VEHICLE,1,46654,Y intersection,3,60,Arterial Other,HULL,YARRA RANGES,-37.78963,145.31004,2023,9,September,16,Afternoon Peak,Weekday
T20230026260,2023-09-05,09:00:00,1,Collision with vehicle,2,Tuesday,130,REAR END(VEHICLES IN SAME LANE),2,786399,Not at intersection,3,80,Freeway,PRINCES OUT-FORSYTH,WYNDHAM,-37.87461,144.73807,2023,9,September,9,Morning Peak,Weekday
T20230020820,2023-09-05,23:05:00,1,Collision with vehicle,2,Tuesday,110,CROSS TRAFFIC(INTERSECTIONS ONLY),3,54438,Cross intersection,3,60,Arterial Highway,RAGLAN,WARRNAMBOOL,-38.381874,142.488,2023,9,September,23,Night,Weekday
T20230020819,2023-09-05,20:50:00,1,Collision with vehicle,2,Tuesday,120,HEAD ON (NOT OVERTAKING),5,782494,Not at intersection,2,80,Local Road,PLUMPTON,MELTON,-37.6819,144.69827,2023,9,September,20,Night,Weekday
T20230021490,2023-09-05,07:30:00,1,Collision with vehicle,2,Tuesday,122,LEFT THROUGH,2,780951,T intersection,3,80,Arterial Other,JACKSONS,MONASH,-37.923183,145.19548,2023,9,September,7,Morning Peak,Weekday
T20230020814,2023-09-05,15:50:00,1,Collision with vehicle,2,Tuesday,160,VEHICLE COLLIDES WITH VEHICLE PARKED ON LEFT OF ROAD,1,790360,Not at intersection,3,50,Arterial Highway,MURRAY,COLAC OTWAY,-38.338146,143.57578,2023,9,September,15,Afternoon Peak,Weekday
T20230020812,2023-09-05,18:50:00,4,Collision with a fixed object,2,Tuesday,171,LEFT OFF CARRIAGEWAY INTO OBJECT/PARKED VEHICLE,3,799683,Not at intersection,2,60,Arterial Other,SHANNON,GEELONG,-38.14724,144.33513,2023,9,September,18,Afternoon Peak,Weekday
T20230020810,2023-09-05,17:20:00,1,Collision with vehicle,2,Tuesday,154,PULLING OUT -REAR END,2,784073,Not at intersection,2,100,Local Road,MANKS,CASEY,-38.165913,145.34747,2023,9,September,17,Afternoon Peak,Weekday
T20230020800,2023-09-05,17:08:00,1,Collision with vehicle,2,Tuesday,113,RIGHT NEAR (INTERSECTIONS ONLY),2,226252,T intersection,3,60,Local Road,CAROLINE SPRINGS,MELTON,-37.754898,144.73978,2023,9,September,17,Afternoon Peak,Weekday
T20230020782,2023-09-05,14:43:00,1,Collision with vehicle,2,Tuesday,130,REAR END(VEHICLES IN SAME LANE),1,799632,Not at intersection,3,40,Arterial Highway,PRINCES,LATROBE,-38.22313,146.4684,2023,9,September,14,Midday,Weekday
T20230020799,2023-09-05,17:30:00,1,Collision with vehicle,2,Tuesday,139,OTHER SAME DIRECTION-MANOUEVRES NOT INCLUDED IN DCAs 130-137,2,790537,Not at intersection,3,70,Arterial Other,TAYLORS,BRIMBANK,-37.727573,144.79109,2023,9,September,17,Afternoon Peak,Weekday
T20230029519,2023-09-05,21:00:00,8,No collision and no object struck,2,Tuesday,172,OFF CARRIAGEWAY TO RIGHT,5,792196,Not at intersection,3,100,Arterial Other,MOE-RAWSON,BAW BAW,-38.072063,146.32971,2023,9,September,21,Night,Weekday
T20230020922,2023-09-05,20:00:00,6,Vehicle overturned (no collision),2,Tuesday,174,OUT OF CONTROL ON CARRIAGEWAY (ON STRAIGHT),2,780407,Not at intersection,3,40,Local Road,SMITH,MELBOURNE,-37.809032,144.98254,2023,9,September,20,Night,Weekday
T20230020743,2023-09-05,10:30:00,1,Collision with vehicle,2,Tuesday,113,RIGHT NEAR (INTERSECTIONS ONLY),1,780397,T intersection,3,70,Arterial Other,DONNYBROOK,WHITTLESEA,-37.545868,145.00049,2023,9,September,10,Midday,Weekday
T20230020794,2023-09-05,17:40:00,1,Collision with vehicle,2,Tuesday,110,CROSS TRAFFIC(INTERSECTIONS ONLY),1,243544,Cross intersection,3,60,Local Road,MCDERMOTT,YARRA RANGES,-37.779778,145.3123,2023,9,September,17,Afternoon Peak,Weekday
T20230020805,2023-09-05,14:32:00,4,Collision with a fixed object,2,Tuesday,179,OTHER ACCIDENTS-OFF STRAIGHT NOT INCLUDED IN DCAs 170-175,1,783307,Not at intersection,3,60,Local Road,PIER,FRANKSTON,-38.147038,145.11728,2023,9,September,14,Midday,Weekday
T20230020862,2023-09-06,15:41:00,1,Collision with vehicle,3,Wednesday,121,RIGHT THROUGH,1,665580,T intersection,3,60,Local Road,NOLAN,BENDIGO,-36.75021,144.29135,2023,9,September,15,Afternoon Peak,Weekday
T20230020863,2023-09-06,11:44:00,1,Collision with vehicle,3,Wednesday,113,RIGHT NEAR (INTERSECTIONS ONLY),1,580288,T intersection,3,60,Arterial Other,DORSET,MAROONDAH,-37.79057,145.29163,2023,9,September,11,Midday,Weekday
T20230020867,2023-09-06,15:07:00,1,Collision with vehicle,3,Wednesday,130,REAR END(VEHICLES IN SAME LANE),1,50214,Cross intersection,2,40,Arterial Highway,BELLARINE,GEELONG,-38.186886,144.4555,2023,9,September,15,Afternoon Peak,Weekday
T20230020868,2023-09-06,15:27:00,2,Struck Pedestrian,3,Wednesday,102,FAR SIDE. PED HIT BY VEHICLE FROM THE LEFT,1,790277,Not at intersection,2,80,Arterial Highway,STUD,KNOX,-37.8731,145.23302,2023,9,September,15,Afternoon Peak,Weekday
T20230020870,2023-09-06,13:30:00,1,Collision with vehicle,3,Wednesday,110,CROSS TRAFFIC(INTERSECTIONS ONLY),1,270353,Cross intersection,2,50,Local Road,NICHOLSON,EAST GIPPSLAND,-37.82567,147.62643,2023,9,September,13,Midday,Weekday
T20230022060,2023-09-06,07:00:00,1,Collision with vehicle,3,Wednesday,160,VEHICLE COLLIDES WITH VEHICLE PARKED ON LEFT OF ROAD,2,784451,T intersection,3,60,Arterial Other,CIVIC,HOBSONS BAY,-37.863895,144.8255,2023,9,September,7,Morning Peak,Weekday
T20230020875,2023-09-06,17:40:00,1,Collision with vehicle,3,Wednesday,121,RIGHT THROUGH,2,780682,Not at intersection,3,40,Arterial Other,CHAPEL,STONNINGTON,-37.837894,144.99594,2023,9,September,17,Afternoon Peak,Weekday
T20230021680,2023-09-06,12:00:00,1,Collision with vehicle,3,Wednesday,130,REAR END(VEHICLES IN SAME LANE),1,790138,Not at intersection,2,60,Arterial Highway,MELBOURNE,GEELONG,-38.115578,144.35437,2023,9,September,12,Midday,Weekday
T20230020902,2023-09-06,23:26:00,4,Collision with a fixed object,3,Wednesday,171,LEFT OFF CARRIAGEWAY INTO OBJECT/PARKED VEHICLE,3,796795,Not at intersection,2,60,Arterial Other,RYRIE,GEELONG,-38.15582,144.38306,2023,9,September,23,Night,Weekday
T20230020880,2023-09-06,17:09:00,2,Struck Pedestrian,3,Wednesday,100,PED NEAR SIDE. PED HIT BY VEHICLE FROM THE RIGHT.,2,780402,Cross intersection,3,50,Local Road,STREAMSIDE,HUME,-37.58913,144.89508,2023,9,September,17,Afternoon Peak,Weekday
T20230020882,2023-09-06,18:28:00,1,Collision with vehicle,3,Wednesday,121,RIGHT THROUGH,3,40700,Cross intersection,3,60,Arterial Other,HIGH STREET,MONASH,-37.87009,145.13007,2023,9,September,18,Afternoon Peak,Weekday
T20230020885,2023-09-06,17:10:00,4,Collision with a fixed object,3,Wednesday,171,LEFT OFF CARRIAGEWAY INTO OBJECT/PARKED VEHICLE,2,794814,Not at intersection,2,60,Local Road,ELEY,WHITEHORSE,-37.84586,145.13359,2023,9,September,17,Afternoon Peak,Weekday
T20230020887,2023-09-06,19:28:00,2,Struck Pedestrian,3,Wednesday,102,FAR SIDE. PED HIT BY VEHICLE FROM THE LEFT,2,780404,Cross intersection,3,80,Arterial Other,BALLARAT ROAD -WESTERN,BRIMBANK,-37.76343,144.7573,2023,9,September,19,Night,Weekday
T20230020889,2023-09-06,15:18:00,2,Struck Pedestrian,3,Wednesday,102,FAR SIDE. PED HIT BY VEHICLE FROM THE LEFT,1,782380,Cross intersection,3,80,Arterial Other,CRANBOURNE-FRANKSTON,CASEY,-38.118244,145.25075,2023,9,September,15,Afternoon Peak,Weekday
T20230021343,2023-09-06,22:05:00,1,Collision with vehicle,3,Wednesday,121,RIGHT THROUGH,3,781346,T intersection,3,70,Arterial Other,PALMERS,WYNDHAM,-37.821697,144.74937,2023,9,September,22,Night,Weekday
T20230023272,2023-09-06,16:00:00,2,Struck Pedestrian,3,Wednesday,100,PED NEAR SIDE. PED HIT BY VEHICLE FROM THE RIGHT.,1,796086,Not at intersection,3,40,Local Road,GRATTAN,MELBOURNE,-37.799534,144.95587,2023,9,September,16,Afternoon Peak,Weekday
T20230021289,2023-09-06,23:26:00,1,Collision with vehicle,3,Wednesday,130,REAR END(VEHICLES IN SAME LANE),3,799636,Cross intersection,3,60,Arterial Other,CEMETERY,MELBOURNE,-37.78989,144.95888,2023,9,September,23,Night,Weekday
T20230020834,2023-09-06,07:02:00,1,Collision with vehicle,3,Wednesday,113,RIGHT NEAR (INTERSECTIONS ONLY),1,54383,Cross intersection,3,100,Freeway,LITTLE RIVER,WYNDHAM,-37.966972,144.55725,2023,9,September,7,Morning Peak,Weekday
T20230020840,2023-09-06,07:05:00,1,Collision with vehicle,3,Wednesday,130,REAR END(VEHICLES IN SAME LANE),2,780678,Not at intersection,2,80,Freeway,EDGARS-METROPOLITAN RING IN,WHITTLESEA,-37.687862,144.99963,2023,9,September,7,Morning Peak,Weekday
T20230021281,2023-09-06,08:00:00,1,Collision with vehicle,3,Wednesday,121,RIGHT THROUGH,1,706190,T intersection,3,60,Local Road,ORRONG,GLEN EIRA,-37.86914,145.00888,2023,9,September,8,Morning Peak,Weekday
T20230020898,2023-09-06,15:35:00,6,Vehicle overturned (no collision),3,Wednesday,182,OFF CARRIAGEWAY ON LEFT BEND,1,796089,Not at intersection,2,80,Arterial Other,MORTLAKE-ARARAT,MOYNE,-37.89191,142.80115,2023,9,September,15,Afternoon Peak,Weekday
T20230020842,2023-09-06,06:35:00,1,Collision with vehicle,3,Wednesday,121,RIGHT THROUGH,2,780401,Not at intersection,3,40,Local Road,LYGON,MELBOURNE,-37.80477,144.96623,2023,9,September,6,Morning Peak,Weekday
T20230020837,2023-09-06,07:20:00,2,Struck Pedestrian,3,Wednesday,100,PED NEAR SIDE. PED HIT BY VEHICLE FROM THE RIGHT.,1,780400,Cross intersection,2,50,Local Road,ROSLYN,GEELONG,-38.17542,144.34267,2023,9,September,7,Morning Peak,Weekday
T20230020845,2023-09-06,12:10:00,1,Collision with vehicle,3,Wednesday,130,REAR END(VEHICLES IN SAME LANE),1,261406,Cross intersection,3,60,Arterial Other,MT ALEXANDER,MOONEE VALLEY,-37.781254,144.9326,2023,9,September,12,Midday,Weekday
T20230020911,2023-09-06,16:20:00,1,Collision with vehicle,3,Wednesday,130,REAR END(VEHICLES IN SAME LANE),2,780495,T intersection,3,60,Arterial Other,MELBOURNE,WODONGA,-36.11437,146.86784,2023,9,September,16,Afternoon Peak,Weekday
T20230020849,2023-09-06,12:51:00,2,Struck Pedestrian,3,Wednesday,108,PED STRUCK WALKING TO/FROM OR BOARDING/ALIGHTING VEHICLE.,1,791644,Not at intersection,3,80,Local Road,ELEVENTH,MILDURA,-34.211544,142.1837,2023,9,September,12,Midday,Weekday
T20230023138,2023-09-06,19:25:00,1,Collision with vehicle,3,Wednesday,121,RIGHT THROUGH,3,49256,Cross intersection,3,60,Arterial Highway,DEAKIN,MILDURA,-34.215263,142.12584,2023,9,September,19,Night,Weekday
T20230020855,2023-09-06,13:17:00,1,Collision with vehicle,3,Wednesday,110,CROSS TRAFFIC(INTERSECTIONS ONLY),1,51327,Cross intersection,2,60,Local Road,GEORGE,SWAN HILL,-34.58663,142.7765,2023,9,September,13,Midday,Weekday
T20230020856,2023-09-06,11:47:00,1,Collision with vehicle,3,Wednesday,163,VEHICLE STRIKES DOOR OF PARKED/STATIONARY VEHICLE,1,80905,Not at intersection,3,40,Arterial Other,COMMERCIAL,STONNINGTON,-37.84682,144.9938,2023,9,September,11,Midday,Weekday
T20230023966,2023-09-06,16:45:00,1,Collision with vehicle,3,Wednesday,130,REAR END(VEHICLES IN SAME LANE),1,47091,T intersection,3,60,Arterial Other,TOORONGA,BOROONDARA,-37.838192,145.04628,2023,9,September,16,Afternoon Peak,Weekday
T20230020859,2023-09-06,14:20:00,1,Collision with vehicle,3,Wednesday,160,VEHICLE COLLIDES WITH VEHICLE PARKED ON LEFT OF ROAD,1,790140,Not at intersection,3,60,Arterial Other,BARKLY,BALLARAT,-37.56848,143.86418,2023,9,September,14,Midday,Weekday
T20230020963,2023-09-07,16:20:00,8,No collision and no object struck,4,Thursday,179,OTHER ACCIDENTS-OFF STRAIGHT NOT INCLUDED IN DCAs 170-175,1,781048,Not at intersection,3,50,Local Road,LOONGANA,MORELAND,-37.710354,144.90315,2023,9,September,16,Afternoon Peak,Weekday
T20230020926,2023-09-07,11:03:00,1,Collision with vehicle,4,Thursday,160,VEHICLE COLLIDES WITH VEHICLE PARKED ON LEFT OF ROAD,1,785451,Not at intersection,3,70,Arterial Highway,DANDENONG,STONNINGTON,-37.859924,145.00922,2023,9,September,11,Midday,Weekday
T20230020924,2023-09-07,08:33:00,2,Struck Pedestrian,4,Thursday,102,FAR SIDE. PED HIT BY VEHICLE FROM THE LEFT,1,337564,Cross intersection,2,40,Local Road,LEAKES,WYNDHAM,-37.837124,144.71951,2023,9,September,8,Morning Peak,Weekday
T20230020915,2023-09-07,09:10:00,1,Collision with vehicle,4,Thursday,120,HEAD ON (NOT OVERTAKING),2,780594,Not at intersection,2,60,Arterial Other,CAMP,HUME,-37.685524,144.92188,2023,9,September,9,Morning Peak,Weekday
T20230020974,2023-09-07,17:30:00,4,Collision with a fixed object,4,Thursday,171,LEFT OFF CARRIAGEWAY INTO OBJECT/PARKED VEHICLE,1,781477,Not at intersection,2,100,Arterial Other,MURRAY RIVER,TOWONG,-36.067116,147.15085,2023,9,September,17,Afternoon Peak,Weekday
T20230029848,2023-09-07,10:10:00,1,Collision with vehicle,4,Thursday,130,REAR END(VEHICLES IN SAME LANE),1,41267,Cross intersection,3,80,Arterial Highway,NEPEAN,BAYSIDE,-37.91583,145.0177,2023,9,September,10,Midday,Weekday
T20230020954,2023-09-07,14:25:00,1,Collision with vehicle,4,Thursday,130,REAR END(VEHICLES IN SAME LANE),1,790860,Cross intersection,3,60,Arterial Other,HEATHERTON,DANDENONG,-37.96219,145.15053,2023,9,September,14,Midday,Weekday
T20230020958,2023-09-07,11:27:00,1,Collision with vehicle,4,Thursday,111,RIGHT FAR (INTERSECTIONS ONLY),1,72296,Y intersection,3,50,Local Road,BADEN POWELL,FRANKSTON,-38.166,145.11256,2023,9,September,11,Midday,Weekday
T20230020945,2023-09-07,13:55:00,1,Collision with vehicle,4,Thursday,132,RIGHT REAR.,1,780837,Not at intersection,3,60,Arterial Other,CRAIGIEBURN,HUME,-37.600304,144.95207,2023,9,September,13,Midday,Weekday