ACCIDENT_NO,ACCIDENT_DATE,ACCIDENT_TIME,ACCIDENT_TYPE,ACCIDENT_TYPE_DESC,DAY_OF_WEEK,DAY_WEEK_DESC,DCA_CODE,DCA_DESC,LIGHT_CONDITION,NODE_ID,ROAD_GEOMETRY_DESC,SEVERITY,SPEED_ZONE,RMA,ROAD_NAME,LGA_NAME,LATITUDE,LONGITUDE,YEAR,MONTH,MONTH_NAME,HOUR,TIME_PERIOD,DAY_TYPE
T20230020944,2023-09-07,13:02:00,8,No collision and no object struck,4,Thursday,174,OUT OF CONTROL ON CARRIAGEWAY (ON STRAIGHT),1,792216,Not at intersection,2,60,Arterial Other,CENTRE,KINGSTON,-37.92608,145.09909,2023,9,September,13,Midday,Weekday
T20230020914,2023-09-07,08:30:00,1,Collision with vehicle,4,Thursday,110,CROSS TRAFFIC(INTERSECTIONS ONLY),1,784759,Cross intersection,2,100,Local Road,BOOMAHNOOMOONAH,MOIRA,-36.07013,146.0849,2023,9,September,8,Morning Peak,Weekday
T20230020939,2023-09-07,10:30:00,1,Collision with vehicle,4,Thursday,121,RIGHT THROUGH,1,113779,Not at intersection,2,50,Arterial Other,MELVILLE,MORELAND,-37.76184,144.9443,2023,9,September,10,Midday,Weekday
T20230020912,2023-09-07,08:00:00,1,Collision with vehicle,4,Thursday,140,U TURN,2,780406,Not at intersection,2,60,Local Road,BATESFORD,STONNINGTON,-37.876007,145.08925,2023,9,September,8,Morning Peak,Weekday
T20230021661,2023-09-07,09:00:00,1,Collision with vehicle,4,Thursday,130,REAR END(VEHICLES IN SAME LANE),1,790975,Cross intersection,3,80,Arterial Other,HEATHERTON,DANDENONG,-37.97108,145.2237,2023,9,September,9,Morning Peak,Weekday
T20230022537,2023-09-07,07:30:00,1,Collision with vehicle,4,Thursday,130,REAR END(VEHICLES IN SAME LANE),2,782387,Not at intersection,2,100,Freeway,WESTERN RING,BRIMBANK,-37.731903,144.85435,2023,9,September,7,Morning Peak,Weekday
T20230020908,2023-09-07,07:27:00,1,Collision with vehicle,4,Thursday,130,REAR END(VEHICLES IN SAME LANE),2,780776,Not at intersection,3,70,Local Road,LEAKES,MELTON,-37.699467,144.65797,2023,9,September,7,Morning Peak,Weekday
T20230022523,2023-09-07,19:20:00,1,Collision with vehicle,4,Thursday,130,REAR END(VEHICLES IN SAME LANE),2,781875,Y intersection,3,40,Arterial Other,ST GEORGES,YARRA,-37.7841,144.98317,2023,9,September,19,Night,Weekday
T20230020964,2023-09-07,17:30:00,1,Collision with vehicle,4,Thursday,121,RIGHT THROUGH,2,279266,Cross intersection,2,50,Arterial Other,BERWICK-CRANBOURNE,CASEY,-38.11515,145.29892,2023,9,September,17,Afternoon Peak,Weekday
T20230020933,2023-09-07,11:54:00,2,Struck Pedestrian,4,Thursday,102,FAR SIDE. PED HIT BY VEHICLE FROM THE LEFT,1,42815,Cross intersection,2,80,Arterial Highway,NEPEAN,KINGSTON,-37.990707,145.08134,2023,9,September,11,Midday,Weekday
T20230021251,2023-09-07,20:00:00,1,Collision with vehicle,4,Thursday,130,REAR END(VEHICLES IN SAME LANE),3,780669,T intersection,3,80,Arterial Highway,WELLINGTON,MONASH,-37.91543,145.13455,2023,9,September,20,Night,Weekday
T20230020966,2023-09-07,15:03:00,1,Collision with vehicle,4,Thursday,130,REAR END(VEHICLES IN SAME LANE),1,780665,T intersection,3,50,Local Road,ELECTRIC,MORELAND,-37.694717,144.91614,2023,9,September,15,Afternoon Peak,Weekday
T20230021233,2023-09-07,04:30:00,1,Collision with vehicle,4,Thursday,130,REAR END(VEHICLES IN SAME LANE),2,797883,Not at intersection,3,80,Arterial Highway,SOUTH GIPPSLAND,DANDENONG,-38.028084,145.24396,2023,9,September,4,Late Night,Weekday
T20230020991,2023-09-07,04:50:00,1,Collision with vehicle,4,Thursday,120,HEAD ON (NOT OVERTAKING),5,780497,Not at intersection,2,80,Arterial Other,HEALESVILLE-KOO WEE RUP,YARRA RANGES,-37.788307,145.52028,2023,9,September,4,Late Night,Weekday
T20230020934,2023-09-07,10:50:00,1,Collision with vehicle,4,Thursday,160,VEHICLE COLLIDES WITH VEHICLE PARKED ON LEFT OF ROAD,1,799702,Not at intersection,3,60,Local Road,HEALEY,DANDENONG,-38.02993,145.22243,2023,9,September,10,Midday,Weekday
T20230020981,2023-09-07,19:40:00,1,Collision with vehicle,4,Thursday,121,RIGHT THROUGH,2,780477,T intersection,2,50,Local Road,WOODBINE,CASEY,-38.08255,145.27899,2023,9,September,19,Night,Weekday
T20230021010,2023-09-07,18:00:00,1,Collision with vehicle,4,Thursday,130,REAR END(VEHICLES IN SAME LANE),2,780478,Not at intersection,3,80,Arterial Other,MELBOURNE-LANCEFIELD,HUME,-37.647385,144.8401,2023,9,September,18,Afternoon Peak,Weekday
T20230020982,2023-09-07,18:00:00,6,Vehicle overturned (no collision),4,Thursday,180,OFF CARRIAGEWAY ON RIGHT BEND,2,783882,Not at intersection,3,100,Arterial Other,SEA LAKE-SWAN HILL,SWAN HILL,-35.472366,143.08136,2023,9,September,18,Afternoon Peak,Weekday
T20230020983,2023-09-07,19:22:00,1,Collision with vehicle,4,Thursday,121,RIGHT THROUGH,2,780582,Y intersection,3,80,Arterial Highway,LONSDALE,DANDENONG,-38.00068,145.22565,2023,9,September,19,Night,Weekday
T20230020995,2023-09-07,22:00:00,1,Collision with vehicle,4,Thursday,111,RIGHT FAR (INTERSECTIONS ONLY),3,44667,T intersection,2,60,Arterial Other,BARRY,HUME,-37.664803,144.93105,2023,9,September,22,Night,Weekday
T20230020975,2023-09-07,18:35:00,2,Struck Pedestrian,4,Thursday,109,ANY MANOEUVRE INVOLVING PED NOT INCLUDED IN DCAs 100-108.,2,44222,Cross intersection,2,40,Arterial Other,HIGH,WHITTLESEA,-37.644615,145.02632,2023,9,September,18,Afternoon Peak,Weekday
T20230021024,2023-09-08,11:00:00,6,Vehicle overturned (no collision),5,Friday,174,OUT OF CONTROL ON CARRIAGEWAY (ON STRAIGHT),1,795916,Not at intersection,1,100,Arterial Highway,PRINCES,GLENELG,-38.096947,141.60898,2023,9,September,11,Midday,Weekday
T20230021083,2023-09-08,20:30:00,4,Collision with a fixed object,5,Friday,151,OUT OF CONTROL (OVERTAKING),3,790358,Not at intersection,2,80,Arterial Other,SOMERTON,HUME,-37.64127,144.93486,2023,9,September,20,Night,Weekday
T20230021082,2023-09-08,20:05:00,2,Struck Pedestrian,5,Friday,102,FAR SIDE. PED HIT BY VEHICLE FROM THE LEFT,5,780454,T intersection,1,80,Arterial Other,FRANKSTON-FLINDERS,MORNINGTON PENINSULA,-38.32157,145.183,2023,9,September,20,Night,Weekday
T20230021023,2023-09-08,10:05:00,4,Collision with a fixed object,5,Friday,171,LEFT OFF CARRIAGEWAY INTO OBJECT/PARKED VEHICLE,1,780626,Not at intersection,2,100,Arterial Other,BENALLA-YARRAWONGA,MOIRA,-36.11305,145.98103,2023,9,September,10,Midday,Weekday
T20230021018,2023-09-08,08:30:00,1,Collision with vehicle,5,Friday,110,CROSS TRAFFIC(INTERSECTIONS ONLY),1,38262,Cross intersection,3,70,Arterial Other,MANNINGHAM,MANNINGHAM,-37.766613,145.09128,2023,9,September,8,Morning Peak,Weekday
T20230021439,2023-09-08,16:15:00,1,Collision with vehicle,5,Friday,130,REAR END(VEHICLES IN SAME LANE),1,780992,Not at intersection,3,50,Local Road,CLOW,DANDENONG,-37.98462,145.2121,2023,9,September,16,Afternoon Peak,Weekday
T20230021443,2023-09-08,14:40:00,1,Collision with vehicle,5,Friday,130,REAR END(VEHICLES IN SAME LANE),1,36674,T intersection,3,70,Arterial Highway,HODDLE,YARRA,-37.80184,144.99265,2023,9,September,14,Midday,Weekday
T20230021017,2023-09-08,08:54:00,1,Collision with vehicle,5,Friday,130,REAR END(VEHICLES IN SAME LANE),2,780667,Not at intersection,3,60,Arterial Other,MAIN,NILLUMBIK,-37.673058,145.1495,2023,9,September,8,Morning Peak,Weekday
T20230021013,2023-09-08,08:05:00,6,Vehicle overturned (no collision),5,Friday,184,OUT OF CONTROL ON CARRIAGEWAY (ON BEND),1,780542,Not at intersection,2,100,Freeway,FRANKSTON,FRANKSTON,-38.100925,145.14183,2023,9,September,8,Morning Peak,Weekday
T20230021007,2023-09-08,07:29:00,1,Collision with vehicle,5,Friday,121,RIGHT THROUGH,2,780666,Y intersection,2,80,Arterial Highway,SOUTH GIPPSLAND,CASEY,-38.159985,145.31859,2023,9,September,7,Morning Peak,Weekday
T20230021763,2023-09-08,20:45:00,1,Collision with vehicle,5,Friday,142,LEAVING PARKING,6,790544,Not at intersection,2,60,Arterial Other,BAY,BAYSIDE,-37.956493,145.04413,2023,9,September,20,Night,Weekday
T20230027856,2023-09-08,21:00:00,1,Collision with vehicle,5,Friday,130,REAR END(VEHICLES IN SAME LANE),3,101991,Cross intersection,3,80,Arterial Highway,PRINCES,DANDENONG,-37.96743,145.19514,2023,9,September,21,Night,Weekday
T20230021253,2023-09-08,20:55:00,2,Struck Pedestrian,5,Friday,103,PED PLAYING/LYING/WORKING/STANDING ON CARRIAGEWAY.,3,799152,Not at intersection,3,40,Local Road,RUSSELL,MELBOURNE,-37.810993,144.96727,2023,9,September,20,Night,Weekday
T20230021254,2023-09-08,20:30:00,6,Vehicle overturned (no collision),5,Friday,179,OTHER ACCIDENTS-OFF STRAIGHT NOT INCLUDED IN DCAs 170-175,3,780670,Not at intersection,3,40,Arterial Other,CHURCH,YARRA,-37.81755,144.99936,2023,9,September,20,Night,Weekday
T20230022612,2023-09-08,11:40:00,1,Collision with vehicle,5,Friday,110,CROSS TRAFFIC(INTERSECTIONS ONLY),1,70389,Cross intersection,3,50,Arterial Other,JAMES COOK,CASEY,-37.97374,145.24646,2023,9,September,11,Midday,Weekday
T20230021982,2023-09-08,13:05:00,1,Collision with vehicle,5,Friday,160,VEHICLE COLLIDES WITH VEHICLE PARKED ON LEFT OF ROAD,1,781157,Not at intersection,2,50,Local Road,HAWDON,BANYULE,-37.751266,145.06534,2023,9,September,13,Midday,Weekday
T20230021046,2023-09-08,12:07:00,4,Collision with a fixed object,5,Friday,173,RIGHT OFF CARRIAGEWAY INTO OBJECT/PARKED VEHICLE,1,800776,Not at intersection,3,80,Arterial Other,EUROA-MANSFIELD,STRATHBOGIE,-36.920273,145.6441,2023,9,September,12,Midday,Weekday
T20230021273,2023-09-08,20:03:00,1,Collision with vehicle,5,Friday,113,RIGHT NEAR (INTERSECTIONS ONLY),3,47993,T intersection,3,40,Local Road,OVERLAND,CASEY,-38.020588,145.30234,2023,9,September,20,Night,Weekday
T20230021463,2023-09-08,17:40:00,2,Struck Pedestrian,5,Friday,102,FAR SIDE. PED HIT BY VEHICLE FROM THE LEFT,2,790276,Not at intersection,3,40,Local Road,PAISLEY,MARIBYRNONG,-37.80023,144.8939,2023,9,September,17,Afternoon Peak,Weekday
T20230022401,2023-09-08,07:15:00,1,Collision with vehicle,5,Friday,120,HEAD ON (NOT OVERTAKING),1,799701,Not at intersection,3,60,Arterial Highway,TOORAK,BOROONDARA,-37.846275,145.0591,2023,9,September,7,Morning Peak,Weekday
T20230021387,2023-09-08,17:05:00,1,Collision with vehicle,5,Friday,111,RIGHT FAR (INTERSECTIONS ONLY),2,39658,T intersection,3,40,Arterial Highway,MAROONDAH,MAROONDAH,-37.812473,145.23535,2023,9,September,17,Afternoon Peak,Weekday
T20230021003,2023-09-08,05:17:00,1,Collision with vehicle,5,Friday,110,CROSS TRAFFIC(INTERSECTIONS ONLY),3,38437,Cross intersection,2,80,Arterial Highway,MAROONDAH,YARRA RANGES,-37.761288,145.31041,2023,9,September,5,Morning Peak,Weekday
T20230021079,2023-09-08,20:06:00,1,Collision with vehicle,5,Friday,130,REAR END(VEHICLES IN SAME LANE),5,223100,Cross intersection,3,80,Local Road,BOUNDARY,WYNDHAM,-37.79886,144.64102,2023,9,September,20,Night,Weekday
T20230021078,2023-09-08,16:20:00,4,Collision with a fixed object,5,Friday,173,RIGHT OFF CARRIAGEWAY INTO OBJECT/PARKED VEHICLE,1,781450,Not at intersection,3,40,Local Road,NICHOLSON,MELBOURNE,-37.809605,144.97292,2023,9,September,16,Afternoon Peak,Weekday
T20230023155,2023-09-08,21:20:00,1,Collision with vehicle,5,Friday,130,REAR END(VEHICLES IN SAME LANE),3,782299,Not at intersection,3,60,Arterial Highway,PUNT,MELBOURNE,-37.819748,144.98965,2023,9,September,21,Night,Weekday
T20230021074,2023-09-08,20:19:00,1,Collision with vehicle,5,Friday,130,REAR END(VEHICLES IN SAME LANE),3,685381,Not at intersection,3,80,Arterial Highway,SPRINGVALE,MONASH,-37.882744,145.16524,2023,9,September,20,Night,Weekday
T20230021064,2023-09-08,18:45:00,2,Struck Pedestrian,5,Friday,100,PED NEAR SIDE. PED HIT BY VEHICLE FROM THE RIGHT.,3,792205,Not at intersection,2,60,Arterial Other,STATION,WHITEHORSE,-37.82929,145.12172,2023,9,September,18,Afternoon Peak,Weekday
T20230021063,2023-09-08,18:45:00,8,No collision and no object struck,5,Friday,175,OFF END OF ROAD/T-INTERSECTION.,2,71842,T intersection,3,80,Local Road,MCGREGOR,CARDINIA,-38.135986,145.4615,2023,9,September,18,Afternoon Peak,Weekday
T20230022014,2023-09-08,19:00:00,1,Collision with vehicle,5,Friday,130,REAR END(VEHICLES IN SAME LANE),2,781261,Not at intersection,3,60,Local Road,GLADSTONE,DANDENONG,-37.949757,145.20865,2023,9,September,19,Night,Weekday
T20230021056,2023-09-08,16:20:00,1,Collision with vehicle,5,Friday,132,RIGHT REAR.,2,791921,Not at intersection,3,50,Local Road,QUEEN,BENDIGO,-36.804222,144.23259,2023,9,September,16,Afternoon Peak,Weekday
T20230021050,2023-09-08,15:30:00,1,Collision with vehicle,5,Friday,130,REAR END(VEHICLES IN SAME LANE),1,781421,Not at intersection,3,70,Local Road,SNEYDES,WYNDHAM,-37.89932,144.74536,2023,9,September,15,Afternoon Peak,Weekday
T20230021113,2023-09-08,19:02:00,4,Collision with a fixed object,5,Friday,171,LEFT OFF CARRIAGEWAY INTO OBJECT/PARKED VEHICLE,2,790338,Not at intersection,3,100,Local Road,LESLIES,HEPBURN,-37.26869,144.17097,2023,9,September,19,Night,Weekday
T20230021011,2023-09-08,09:10:00,1,Collision with vehicle,5,Friday,110,CROSS TRAFFIC(INTERSECTIONS ONLY),1,50121,Cross intersection,3,70,Arterial Highway,BELLARINE,GEELONG,-38.173534,144.4025,2023,9,September,9,Morning Peak,Weekday
T20230021045,2023-09-08,09:58:00,1,Collision with vehicle,5,Friday,160,VEHICLE COLLIDES WITH VEHICLE PARKED ON LEFT OF ROAD,1,783883,Not at intersection,3,50,Local Road,FREIGHT,HUME,-37.642433,144.96393,2023,9,September,9,Morning Peak,Weekday
T20230021043,2023-09-08,12:40:00,1,Collision with vehicle,5,Friday,110,CROSS TRAFFIC(INTERSECTIONS ONLY),1,35702,Cross intersection,2,60,Arterial Other,EPSOM,MOONEE VALLEY,-37.77908,144.9133,2023,9,September,12,Midday,Weekday
T20230021042,2023-09-08,14:35:00,1,Collision with vehicle,5,Friday,110,CROSS TRAFFIC(INTERSECTIONS ONLY),1,44479,Cross intersection,3,40,Local Road,BELLERINE,GEELONG,-38.14869,144.36575,2023,9,September,14,Midday,Weekday
T20230021040,2023-09-08,10:15:00,6,Vehicle overturned (no collision),5,Friday,180,OFF CARRIAGEWAY ON RIGHT BEND,1,792073,Not at intersection,2,40,Arterial Other,MT BULLER,(MOUNT BULLER),-37.145115,146.45207,2023,9,September,10,Midday,Weekday
T20230021035,2023-09-08,13:40:00,1,Collision with vehicle,5,Friday,130,REAR END(VEHICLES IN SAME LANE),1,780479,T intersection,3,80,Local Road,BURNS,HOBSONS BAY,-37.844986,144.79074,2023,9,September,13,Midday,Weekday
T20230021033,2023-09-08,12:40:00,1,Collision with vehicle,5,Friday,110,CROSS TRAFFIC(INTERSECTIONS ONLY),1,49755,Cross intersection,3,60,Arterial Other,THOMPSON,GEELONG,-38.099854,144.34549,2023,9,September,12,Midday,Weekday
T20230021029,2023-09-08,12:37:00,1,Collision with vehicle,5,Friday,113,RIGHT NEAR (INTERSECTIONS ONLY),1,354222,Cross intersection,3,60,Arterial Other,FERNTREE GULLY,MONASH,-37.89978,145.12921,2023,9,September,12,Midday,Weekday
T20230021028,2023-09-08,11:40:00,4,Collision with a fixed object,5,Friday,181,OFF RIGHT BEND INTO OBJECT/PARKED VEHICLE,1,792072,Not at intersection,3,100,Local Road,AXEDALE-GOORNONG,BENDIGO,-36.755005,144.51155,2023,9,September,11,Midday,Weekday
T20230021156,2023-09-09,20:24:00,1,Collision with vehicle,6,Saturday,111,RIGHT FAR (INTERSECTIONS ONLY),3,50001,Cross intersection,2,60,Arterial Highway,MCKILLOP,GEELONG,-38.155567,144.36542,2023,9,September,20,Night,Weekend
T20230023189,2023-09-09,18:30:00,2,Struck Pedestrian,6,Saturday,100,PED NEAR SIDE. PED HIT BY VEHICLE FROM THE RIGHT.,3,783312,Not at intersection,3,50,Local Road,TONBRIDGE,KINGSTON,-38.07756,145.12466,2023,9,September,18,Afternoon Peak,Weekend
T20230021213,2023-09-09,21:52:00,1,Collision with vehicle,6,Saturday,120,HEAD ON (NOT OVERTAKING),3,780758,Not at intersection,3,60,Local Road,BROOKLYN,MELTON,-37.70189,144.56589,2023,9,September,21,Night,Weekend
T20230021322,2023-09-09,01:45:00,4,Collision with a fixed object,6,Saturday,173,RIGHT OFF CARRIAGEWAY INTO OBJECT/PARKED VEHICLE,3,780673,Not at intersection,3,80,Local Road,AITKEN,HUME,-37.57507,144.92087,2023,9,September,1,Late Night,Weekend
T20230021173,2023-09-09,10:05:00,1,Collision with vehicle,6,Saturday,140,U TURN,1,780928,Not at intersection,3,80,Arterial Other,THOMPSONS,DANDENONG,-38.07553,145.22168,2023,9,September,10,Midday,Weekend
T20230021148,2023-09-09,18:40:00,1,Collision with vehicle,6,Saturday,119,OTHER ADJACENT (INTERSECTIONS ONLY),2,264730,T intersection,2,80,Arterial Highway,NORTHERN,MITCHELL,-37.423096,144.9786,2023,9,September,18,Afternoon Peak,Weekend
T20230021556,2023-09-09,12:50:00,2,Struck Pedestrian,6,Saturday,102,FAR SIDE. PED HIT BY VEHICLE FROM THE LEFT,1,226420,T intersection,3,40,Arterial Other,STATION,WHITEHORSE,-37.819225,145.1236,2023,9,September,12,Midday,Weekend
T20230021146,2023-09-09,19:20:00,1,Collision with vehicle,6,Saturday,130,REAR END(VEHICLES IN SAME LANE),3,87791,Not at intersection,3,70,Arterial Other,DONCASTER,MANNINGHAM,-37.786972,145.1434,2023,9,September,19,Night,Weekend
T20230021143,2023-09-09,18:32:00,1,Collision with vehicle,6,Saturday,130,REAR END(VEHICLES IN SAME LANE),5,799699,T intersection,3,80,Arterial Highway,DINGLEY,KINGSTON,-37.959305,145.11157,2023,9,September,18,Afternoon Peak,Weekend
T20230021140,2023-09-09,15:52:00,1,Collision with vehicle,6,Saturday,140,U TURN,1,790279,Not at intersection,3,40,Arterial Other,ST KILDA,MELBOURNE,-37.824154,144.97052,2023,9,September,15,Afternoon Peak,Weekend
T20230021138,2023-09-09,15:15:00,1,Collision with vehicle,6,Saturday,113,RIGHT NEAR (INTERSECTIONS ONLY),1,734693,T intersection,3,70,Arterial Highway,BULLEEN,MANNINGHAM,-37.775055,145.0789,2023,9,September,15,Afternoon Peak,Weekend
T20230021137,2023-09-09,17:35:00,1,Collision with vehicle,6,Saturday,113,RIGHT NEAR (INTERSECTIONS ONLY),1,39172,T intersection,3,60,Arterial Other,CANTERBURY,BOROONDARA,-37.824234,145.08282,2023,9,September,17,Afternoon Peak,Weekend
T20230021135,2023-09-09,18:00:00,1,Collision with vehicle,6,Saturday,121,RIGHT THROUGH,1,397,T intersection,3,60,Arterial Other,ST GEORGES,YARRA,-37.7779,144.9885,2023,9,September,18,Afternoon Peak,Weekend
T20230021133,2023-09-09,15:15:00,1,Collision with vehicle,6,Saturday,135,LANE CHANGE LEFT (NOT OVERTAKING),1,782381,Not at intersection,3,80,Freeway,MONASH,STONNINGTON,-37.8473,145.04128,2023,9,September,15,Afternoon Peak,Weekend
T20230021130,2023-09-09,13:30:00,7,Fall from or in moving vehicle,6,Saturday,190,FELL IN/FROM VEHICLE,1,708792,Not at intersection,2,60,Local Road,WALNUT,MILDURA,-34.214104,142.11742,2023,9,September,13,Midday,Weekend
T20230021127,2023-09-09,13:50:00,1,Collision with vehicle,6,Saturday,160,VEHICLE COLLIDES WITH VEHICLE PARKED ON LEFT OF ROAD,1,797064,Not at intersection,2,50,Local Road,HAIG,MONASH,-37.860477,145.09857,2023,9,September,13,Midday,Weekend
T20230021126,2023-09-09,13:40:00,1,Collision with vehicle,6,Saturday,130,REAR END(VEHICLES IN SAME LANE),1,325358,Cross intersection,2,60,Freeway,FITZGERALD ROAD -OLD GEELONG ROAD -PRINCES IN,HOBSONS BAY,-37.845947,144.78085,2023,9,September,13,Midday,Weekend
T20230021124,2023-09-09,13:00:00,1,Collision with vehicle,6,Saturday,130,REAR END(VEHICLES IN SAME LANE),1,44346,T intersection,2,60,Local Road,SWAN,WYNDHAM,-37.88468,144.66284,2023,9,September,13,Midday,Weekend
T20230021123,2023-09-09,13:01:00,1,Collision with vehicle,6,Saturday,130,REAR END(VEHICLES IN SAME LANE),1,781049,Not at intersection,2,70,Arterial Other,SOUTH,GLEN EIRA,-37.937115,145.06728,2023,9,September,13,Midday,Weekend
T20230021121,2023-09-09,13:30:00,1,Collision with vehicle,6,Saturday,119,OTHER ADJACENT (INTERSECTIONS ONLY),1,54809,Multiple intersection,2,60,Freeway,CENTRAL,HOBSONS BAY,-37.87028,144.76074,2023,9,September,13,Midday,Weekend
T20230021119,2023-09-09,09:52:00,1,Collision with vehicle,6,Saturday,121,RIGHT THROUGH,1,341520,T intersection,2,60,Local Road,AITKEN,HUME,-37.60716,144.91156,2023,9,September,9,Morning Peak,Weekend
T20230021116,2023-09-09,08:10:00,4,Collision with a fixed object,6,Saturday,171,LEFT OFF CARRIAGEWAY INTO OBJECT/PARKED VEHICLE,1,781144,Not at intersection,2,60,Arterial Other,BULLA,MOONEE VALLEY,-37.74253,144.90884,2023,9,September,8,Morning Peak,Weekend
T20230021114,2023-09-09,12:17:00,4,Collision with a fixed object,6,Saturday,171,LEFT OFF CARRIAGEWAY INTO OBJECT/PARKED VEHICLE,1,792071,Not at intersection,3,100,Arterial Other,SEA LAKE-SWAN HILL,SWAN HILL,-35.36997,143.4582,2023,9,September,12,Midday,Weekend
T20230022092,2023-09-09,12:30:00,1,Collision with vehicle,6,Saturday,110,CROSS TRAFFIC(INTERSECTIONS ONLY),1,43598,Cross intersection,3,60,Arterial Other,BAXTER-TOORADIN,MORNINGTON PENINSULA,-38.195793,145.16074,2023,9,September,12,Midday,Weekend
T20230021215,2023-09-09,19:30:00,2,Struck Pedestrian,6,Saturday,100,PED NEAR SIDE. PED HIT BY VEHICLE FROM THE RIGHT.,6,7567,Cross intersection,3,60,Arterial Highway,PUNT,MELBOURNE,-37.845688,144.98503,2023,9,September,19,Night,Weekend
T20230022981,2023-09-09,20:00:00,1,Collision with vehicle,6,Saturday,121,RIGHT THROUGH,5,289107,Cross intersection,3,60,Freeway,LEAKES,MELTON,-37.725754,144.65128,2023,9,September,20,Night,Weekend
T20230022106,2023-09-09,13:20:00,6,Vehicle overturned (no collision),6,Saturday,174,OUT OF CONTROL ON CARRIAGEWAY (ON STRAIGHT),1,781358,Not at intersection,2,100,Arterial Other,NEW IRREWILLIPE,COLAC OTWAY,-38.424706,143.376,2023,9,September,13,Midday,Weekend
T20230021110,2023-09-09,11:07:00,8,No collision and no object struck,6,Saturday,174,OUT OF CONTROL ON CARRIAGEWAY (ON STRAIGHT),1,781633,Not at intersection,2,100,Arterial Other,WINCHELSEA-DEANS MARSH,SURF COAST,-38.325077,143.973,2023,9,September,11,Midday,Weekend
T20230022141,2023-09-09,19:30:00,1,Collision with vehicle,6,Saturday,136,RIGHT TURN SIDESWIPE,5,223100,Cross intersection,3,80,Local Road,BOUNDARY,WYNDHAM,-37.79886,144.64102,2023,9,September,19,Night,Weekend
T20230021109,2023-09-09,09:52:00,1,Collision with vehicle,6,Saturday,130,REAR END(VEHICLES IN SAME LANE),1,799633,Not at intersection,3,80,Freeway,WEST GATE,MELBOURNE,-37.831123,144.91655,2023,9,September,9,Morning Peak,Weekend
T20230021106,2023-09-09,06:30:00,1,Collision with vehicle,6,Saturday,113,RIGHT NEAR (INTERSECTIONS ONLY),2,784006,T intersection,2,80,Local Road,ATHOL,DANDENONG,-37.971035,145.14856,2023,9,September,6,Morning Peak,Weekend
T20230021103,2023-09-09,10:00:00,1,Collision with vehicle,6,Saturday,130,REAR END(VEHICLES IN SAME LANE),1,782615,Not at intersection,3,50,Local Road,MOUNTAIN,FRANKSTON,-38.195065,145.13068,2023,9,September,10,Midday,Weekend
T20230021101,2023-09-09,11:20:00,1,Collision with vehicle,6,Saturday,130,REAR END(VEHICLES IN SAME LANE),1,780778,Not at intersection,3,60,Arterial Other,SEAFORD,FRANKSTON,-38.110687,145.13196,2023,9,September,11,Midday,Weekend
T20230021096,2023-09-09,07:23:00,1,Collision with vehicle,6,Saturday,120,HEAD ON (NOT OVERTAKING),2,783522,Not at intersection,2,80,Arterial Other,DROUIN-WARRAGUL,BAW BAW,-38.171833,145.97064,2023,9,September,7,Morning Peak,Weekend
T20230021153,2023-09-09,21:46:00,1,Collision with vehicle,6,Saturday,121,RIGHT THROUGH,3,782178,T intersection,3,60,Arterial Other,CHANDLER,DANDENONG,-37.974335,145.1857,2023,9,September,21,Night,Weekend
T20230021349,2023-09-09,00:45:00,1,Collision with vehicle,6,Saturday,121,RIGHT THROUGH,3,799637,T intersection,2,60,Arterial Other,PLENTY,DAREBIN,-37.73735,145.01224,2023,9,September,0,Late Night,Weekend
T20230021178,2023-09-10,09:35:00,1,Collision with vehicle,7,Sunday,121,RIGHT THROUGH,1,44606,Cross intersection,3,60,Arterial Other,MAIN,BALLARAT,-37.564983,143.8675,2023,9,September,9,Morning Peak,Weekend
T20230021206,2023-09-10,17:15:00,8,No collision and no object struck,7,Sunday,174,OUT OF CONTROL ON CARRIAGEWAY (ON STRAIGHT),1,792069,Not at intersection,2,100,Local Road,LONGERENONG-WARRACKNABEAL,YARRIAMBIACK,-36.53888,142.40143,2023,9,September,17,Afternoon Peak,Weekend
T20230022063,2023-09-10,03:10:00,1,Collision with vehicle,7,Sunday,160,VEHICLE COLLIDES WITH VEHICLE PARKED ON LEFT OF ROAD,3,789629,Not at intersection,3,50,Local Road,STABLEFORD,MONASH,-37.886482,145.1491,2023,9,September,3,Late Night,Weekend
T20230021407,2023-09-10,02:41:00,1,Collision with vehicle,7,Sunday,110,CROSS TRAFFIC(INTERSECTIONS ONLY),3,43914,Cross intersection,3,50,Arterial Other,SPRING,DAREBIN,-37.73032,145.00055,2023,9,September,2,Late Night,Weekend
T20230021426,2023-09-10,09:30:00,1,Collision with vehicle,7,Sunday,132,RIGHT REAR.,9,783753,T intersection,3,50,Local Road,DWYER,HUME,-37.531384,144.95628,2023,9,September,9,Morning Peak,Weekend
T20230021160,2023-09-10,00:04:00,1,Collision with vehicle,7,Sunday,151,OUT OF CONTROL (OVERTAKING),5,781890,Not at intersection,2,60,Local Road,SINCLAIRS,MELTON,-37.734867,144.70734,2023,9,September,0,Late Night,Weekend