ACCIDENT_NO,ACCIDENT_DATE,ACCIDENT_TIME,ACCIDENT_TYPE,ACCIDENT_TYPE_DESC,DAY_OF_WEEK,DAY_WEEK_DESC,DCA_CODE,DCA_DESC,LIGHT_CONDITION,NODE_ID,ROAD_GEOMETRY_DESC,SEVERITY,SPEED_ZONE,RMA,ROAD_NAME,LGA_NAME,LATITUDE,LONGITUDE,YEAR,MONTH,MONTH_NAME,HOUR,TIME_PERIOD,DAY_TYPE
T20230021166,2023-09-10,04:50:00,1,Collision with vehicle,7,Sunday,121,RIGHT THROUGH,3,222100,T intersection,2,80,Freeway,GREENSBOROUGH,BANYULE,-37.695217,145.0923,2023,9,September,4,Late Night,Weekend
T20230021169,2023-09-10,01:58:00,4,Collision with a fixed object,7,Sunday,181,OFF RIGHT BEND INTO OBJECT/PARKED VEHICLE,5,796208,Not at intersection,2,50,Local Road,TOORAK,WELLINGTON,-38.031223,147.60307,2023,9,September,1,Late Night,Weekend
T20230026993,2023-09-10,16:40:00,1,Collision with vehicle,7,Sunday,135,LANE CHANGE LEFT (NOT OVERTAKING),1,790348,Not at intersection,3,60,Arterial Other,SAYERS,WYNDHAM,-37.854137,144.74805,2023,9,September,16,Afternoon Peak,Weekend
T20230021214,2023-09-10,18:10:00,4,Collision with a fixed object,7,Sunday,171,LEFT OFF CARRIAGEWAY INTO OBJECT/PARKED VEHICLE,2,790333,Not at intersection,2,100,Arterial Highway,HOPKINS,MOYNE,-38.244987,142.65572,2023,9,September,18,Afternoon Peak,Weekend
T20230021209,2023-09-10,17:15:00,1,Collision with vehicle,7,Sunday,130,REAR END(VEHICLES IN SAME LANE),2,780779,Not at intersection,3,50,Arterial Other,YARRA,BOROONDARA,-37.79316,145.01492,2023,9,September,17,Afternoon Peak,Weekend
T20230021203,2023-09-10,16:00:00,1,Collision with vehicle,7,Sunday,121,RIGHT THROUGH,1,38029,Cross intersection,3,50,Local Road,MITCHELL,DAREBIN,-37.773525,145.01125,2023,9,September,16,Afternoon Peak,Weekend
T20230021218,2023-09-10,15:00:00,1,Collision with vehicle,7,Sunday,110,CROSS TRAFFIC(INTERSECTIONS ONLY),1,780586,Cross intersection,2,80,Arterial Other,GREENS,DANDENONG,-38.014614,145.21542,2023,9,September,15,Afternoon Peak,Weekend
T20230021187,2023-09-10,13:29:00,2,Struck Pedestrian,7,Sunday,100,PED NEAR SIDE. PED HIT BY VEHICLE FROM THE RIGHT.,1,792282,Not at intersection,3,70,Arterial Other,BLACKBURN,MONASH,-37.909084,145.14148,2023,9,September,13,Midday,Weekend
T20230022129,2023-09-10,15:00:00,1,Collision with vehicle,7,Sunday,130,REAR END(VEHICLES IN SAME LANE),1,799641,Cross intersection,3,40,Arterial Highway,BELL,MORELAND,-37.74132,144.9665,2023,9,September,15,Afternoon Peak,Weekend
T20230021186,2023-09-10,12:20:00,1,Collision with vehicle,7,Sunday,131,LEFT REAR,1,781050,T intersection,2,100,Local Road,CHILTERN-BARNAWARTHA,INDIGO,-36.14858,146.63167,2023,9,September,12,Midday,Weekend
T20230021205,2023-09-10,16:49:00,4,Collision with a fixed object,7,Sunday,181,OFF RIGHT BEND INTO OBJECT/PARKED VEHICLE,1,780757,Not at intersection,2,60,Arterial Other,MOUNTAIN,YARRA RANGES,-37.866,145.34357,2023,9,September,16,Afternoon Peak,Weekend
T20230021211,2023-09-10,14:40:00,1,Collision with vehicle,7,Sunday,110,CROSS TRAFFIC(INTERSECTIONS ONLY),1,780668,Cross intersection,3,60,Arterial Highway,CHELTENHAM ROAD -FOSTER,DANDENONG,-37.99022,145.21286,2023,9,September,14,Midday,Weekend
T20230021221,2023-09-10,20:00:00,1,Collision with vehicle,7,Sunday,121,RIGHT THROUGH,2,66110,Cross intersection,3,40,Arterial Other,GLENFERRIE,BOROONDARA,-37.818825,145.03606,2023,9,September,20,Night,Weekend
T20230021222,2023-09-10,20:05:00,2,Struck Pedestrian,7,Sunday,102,FAR SIDE. PED HIT BY VEHICLE FROM THE LEFT,5,48099,Cross intersection,2,60,Arterial Other,GRANTHAM,MORELAND,-37.774708,144.94897,2023,9,September,20,Night,Weekend
T20230021180,2023-09-10,11:05:00,1,Collision with vehicle,7,Sunday,148,VEHICLE OFF FOOTPATH STRIKES VEH ON CARRIAGEWAY,1,782086,Not at intersection,3,40,Freeway,DYNON-CITYLINK OUT,MELBOURNE,-37.80477,144.93527,2023,9,September,11,Midday,Weekend
T20230021223,2023-09-10,08:52:00,1,Collision with vehicle,7,Sunday,137,LEFT TURN SIDESWIPE,1,792062,T intersection,2,60,Arterial Highway,RACECOURSE,MOONEE VALLEY,-37.788746,144.93604,2023,9,September,8,Morning Peak,Weekend
T20230021228,2023-09-10,22:16:00,1,Collision with vehicle,7,Sunday,135,LANE CHANGE LEFT (NOT OVERTAKING),3,790318,T intersection,3,100,Freeway,WESTERN RING,HUME,-37.692116,144.95097,2023,9,September,22,Night,Weekend
T20230021230,2023-09-10,20:57:00,1,Collision with vehicle,7,Sunday,110,CROSS TRAFFIC(INTERSECTIONS ONLY),3,780587,Cross intersection,2,60,Arterial Other,COX ROAD -PRINCES,GEELONG,-38.0835,144.35811,2023,9,September,20,Night,Weekend
T20230021231,2023-09-10,23:45:00,4,Collision with a fixed object,7,Sunday,173,RIGHT OFF CARRIAGEWAY INTO OBJECT/PARKED VEHICLE,3,39485,T intersection,3,80,Arterial Other,SUNSHINE,BRIMBANK,-37.708534,144.80377,2023,9,September,23,Night,Weekend
T20230021583,2023-09-11,15:55:00,1,Collision with vehicle,1,Monday,133,LANE SIDE SWIPE (VEHICLES IN PARALLEL LANES),1,390,Cross intersection,3,60,Arterial Other,TOORAK,STONNINGTON,-37.84059,145.0047,2023,9,September,15,Afternoon Peak,Weekday
T20230021282,2023-09-11,12:23:00,4,Collision with a fixed object,1,Monday,173,RIGHT OFF CARRIAGEWAY INTO OBJECT/PARKED VEHICLE,1,792061,Not at intersection,2,50,Local Road,CUNNINGHAMS,WYNDHAM,-37.942276,144.72702,2023,9,September,12,Midday,Weekday
T20230021293,2023-09-11,15:25:00,1,Collision with vehicle,1,Monday,110,CROSS TRAFFIC(INTERSECTIONS ONLY),1,52003,Cross intersection,2,50,Local Road,KENT,WELLINGTON,-37.959328,146.98335,2023,9,September,15,Afternoon Peak,Weekday
T20230021302,2023-09-11,17:00:00,1,Collision with vehicle,1,Monday,136,RIGHT TURN SIDESWIPE,1,37527,Cross intersection,3,40,Arterial Other,CLARENDON,PORT PHILLIP,-37.83189,144.96005,2023,9,September,17,Afternoon Peak,Weekday
T20230021301,2023-09-11,06:00:00,1,Collision with vehicle,1,Monday,130,REAR END(VEHICLES IN SAME LANE),2,780993,Not at intersection,3,80,Arterial Highway,DINGLEY,KINGSTON,-37.956566,145.10417,2023,9,September,6,Morning Peak,Weekday
T20230021910,2023-09-11,12:25:00,1,Collision with vehicle,1,Monday,111,RIGHT FAR (INTERSECTIONS ONLY),1,46193,T intersection,3,60,Local Road,MAIN,CARDINIA,-38.071682,145.47519,2023,9,September,12,Midday,Weekday
T20230021298,2023-09-11,14:25:00,1,Collision with vehicle,1,Monday,130,REAR END(VEHICLES IN SAME LANE),1,788301,Not at intersection,3,80,Arterial Other,THOMPSONS,CASEY,-38.088665,145.32759,2023,9,September,14,Midday,Weekday
T20230021340,2023-09-11,22:40:00,1,Collision with vehicle,1,Monday,110,CROSS TRAFFIC(INTERSECTIONS ONLY),3,51979,Cross intersection,2,50,Local Road,ROADKNIGHT,EAST GIPPSLAND,-37.875736,148.00012,2023,9,September,22,Night,Weekday
T20230021309,2023-09-11,17:02:00,1,Collision with vehicle,1,Monday,140,U TURN,2,780672,Not at intersection,2,50,Local Road,OVERSEAS,DANDENONG,-37.95452,145.1876,2023,9,September,17,Afternoon Peak,Weekday
T20230021338,2023-09-11,23:55:00,4,Collision with a fixed object,1,Monday,181,OFF RIGHT BEND INTO OBJECT/PARKED VEHICLE,3,789303,Not at intersection,2,70,Arterial Highway,MCMAHONS,FRANKSTON,-38.15221,145.13339,2023,9,September,23,Night,Weekday
T20230021358,2023-09-11,14:30:00,1,Collision with vehicle,1,Monday,130,REAR END(VEHICLES IN SAME LANE),1,227929,T intersection,3,80,Arterial Other,PRINCES,CARDINIA,-38.055233,145.3816,2023,9,September,14,Midday,Weekday
T20230023641,2023-09-11,06:30:00,6,Vehicle overturned (no collision),1,Monday,174,OUT OF CONTROL ON CARRIAGEWAY (ON STRAIGHT),1,397,T intersection,3,40,Arterial Other,ST GEORGES,YARRA,-37.7779,144.9885,2023,9,September,6,Morning Peak,Weekday
T20230021401,2023-09-11,08:15:00,1,Collision with vehicle,1,Monday,111,RIGHT FAR (INTERSECTIONS ONLY),1,780768,T intersection,3,50,Local Road,BASSETTS,WHITTLESEA,-37.601284,145.11418,2023,9,September,8,Morning Peak,Weekday
T20230021284,2023-09-11,12:57:00,1,Collision with vehicle,1,Monday,121,RIGHT THROUGH,1,781249,Not at intersection,2,60,Arterial Other,FURLONG,BRIMBANK,-37.7609,144.81657,2023,9,September,12,Midday,Weekday
T20230022761,2023-09-11,17:07:00,1,Collision with vehicle,1,Monday,130,REAR END(VEHICLES IN SAME LANE),2,790411,Not at intersection,2,100,Freeway,WESTERN,BRIMBANK,-37.797318,144.75725,2023,9,September,17,Afternoon Peak,Weekday
T20230021462,2023-09-11,11:35:00,1,Collision with vehicle,1,Monday,130,REAR END(VEHICLES IN SAME LANE),1,781250,T intersection,3,40,Local Road,BENT,MORELAND,-37.76182,144.94188,2023,9,September,11,Midday,Weekday
T20230021285,2023-09-11,11:04:00,1,Collision with vehicle,1,Monday,121,RIGHT THROUGH,1,51949,Cross intersection,3,50,Arterial Highway,MAIN,EAST GIPPSLAND,-37.825684,147.6319,2023,9,September,11,Midday,Weekday
T20230021318,2023-09-11,18:56:00,1,Collision with vehicle,1,Monday,121,RIGHT THROUGH,3,279215,T intersection,3,80,Freeway,CRANBOURNE,FRANKSTON,-38.156128,145.16907,2023,9,September,18,Afternoon Peak,Weekday
T20230021303,2023-09-11,15:20:00,1,Collision with vehicle,1,Monday,132,RIGHT REAR.,1,17854,T intersection,3,100,Arterial Highway,MAROONDAH,MANSFIELD,-37.02952,145.8224,2023,9,September,15,Afternoon Peak,Weekday
T20230021287,2023-09-11,14:06:00,6,Vehicle overturned (no collision),1,Monday,174,OUT OF CONTROL ON CARRIAGEWAY (ON STRAIGHT),1,784666,T intersection,3,50,Arterial Other,HIGH STREET -WARREN,CAMPASPE,-36.119698,144.74557,2023,9,September,14,Midday,Weekday
T20230021339,2023-09-11,23:45:00,4,Collision with a fixed object,1,Monday,173,RIGHT OFF CARRIAGEWAY INTO OBJECT/PARKED VEHICLE,5,792060,Not at intersection,2,100,Arterial Other,BACCHUS MARSH,MACEDON RANGES,-37.54001,144.47075,2023,9,September,23,Night,Weekday
T20230021290,2023-09-11,13:00:00,1,Collision with vehicle,1,Monday,120,HEAD ON (NOT OVERTAKING),1,780849,Not at intersection,3,100,Arterial Other,PITFIELD-SCARSDALE,GOLDEN PLAINS,-37.722214,143.65489,2023,9,September,13,Midday,Weekday
T20230021255,2023-09-11,08:30:00,1,Collision with vehicle,1,Monday,130,REAR END(VEHICLES IN SAME LANE),9,338623,Cross intersection,3,60,Arterial Other,HALLAM,CASEY,-38.035698,145.26736,2023,9,September,8,Morning Peak,Weekday
T20230021306,2023-09-11,16:50:00,4,Collision with a fixed object,1,Monday,171,LEFT OFF CARRIAGEWAY INTO OBJECT/PARKED VEHICLE,1,790485,Not at intersection,3,50,Local Road,NIXON,SHEPPARTON,-36.37708,145.40096,2023,9,September,16,Afternoon Peak,Weekday
T20230021269,2023-09-11,11:30:00,1,Collision with vehicle,1,Monday,110,CROSS TRAFFIC(INTERSECTIONS ONLY),1,41124,Cross intersection,2,50,Arterial Other,ST KILDA,BAYSIDE,-37.887703,144.99142,2023,9,September,11,Midday,Weekday
T20230021320,2023-09-11,18:58:00,1,Collision with vehicle,1,Monday,121,RIGHT THROUGH,3,27755,T intersection,3,80,Local Road,IRAMOO,MELTON,-37.728928,144.61646,2023,9,September,18,Afternoon Peak,Weekday
T20230021271,2023-09-11,09:29:00,1,Collision with vehicle,1,Monday,130,REAR END(VEHICLES IN SAME LANE),1,799635,Not at intersection,2,100,Freeway,MONASH,CASEY,-37.994804,145.26387,2023,9,September,9,Morning Peak,Weekday
T20230021307,2023-09-11,14:19:00,1,Collision with vehicle,1,Monday,135,LANE CHANGE LEFT (NOT OVERTAKING),1,780671,Not at intersection,3,80,Arterial Highway,DANDENONG,DANDENONG,-37.99766,145.16397,2023,9,September,14,Midday,Weekday
T20230021274,2023-09-11,11:17:00,1,Collision with vehicle,1,Monday,175,OFF END OF ROAD/T-INTERSECTION.,1,780762,T intersection,3,50,Local Road,MACQUARIE,CARDINIA,-38.06214,145.44574,2023,9,September,11,Midday,Weekday
T20230021277,2023-09-11,10:45:00,1,Collision with vehicle,1,Monday,160,VEHICLE COLLIDES WITH VEHICLE PARKED ON LEFT OF ROAD,1,790417,Not at intersection,3,60,Local Road,PHILLIP,HUME,-37.56298,144.70204,2023,9,September,10,Midday,Weekday
T20230021720,2023-09-11,15:40:00,1,Collision with vehicle,1,Monday,130,REAR END(VEHICLES IN SAME LANE),1,794171,Not at intersection,2,60,Arterial Other,CENTRE,KINGSTON,-37.928547,145.11891,2023,9,September,15,Afternoon Peak,Weekday
T20230021278,2023-09-11,12:05:00,1,Collision with vehicle,1,Monday,160,VEHICLE COLLIDES WITH VEHICLE PARKED ON LEFT OF ROAD,1,780872,Not at intersection,2,60,Arterial Other,CARLISLE,PORT PHILLIP,-37.867622,144.98465,2023,9,September,12,Midday,Weekday
T20230021364,2023-09-12,11:06:00,1,Collision with vehicle,2,Tuesday,144,PARKED VEHICLES ONLY,1,792044,Not at intersection,2,40,Arterial Other,WHITEHORSE,BOROONDARA,-37.812954,145.08229,2023,9,September,11,Midday,Weekday
T20230021362,2023-09-12,09:02:00,1,Collision with vehicle,2,Tuesday,121,RIGHT THROUGH,1,40700,Cross intersection,3,60,Arterial Other,HIGH STREET,MONASH,-37.87009,145.13007,2023,9,September,9,Morning Peak,Weekday
T20230021360,2023-09-12,08:45:00,6,Vehicle overturned (no collision),2,Tuesday,174,OUT OF CONTROL ON CARRIAGEWAY (ON STRAIGHT),1,780765,Not at intersection,2,100,Local Road,RESERVOIR,WHITTLESEA,-37.557873,145.10986,2023,9,September,8,Morning Peak,Weekday
T20230021351,2023-09-12,09:04:00,1,Collision with vehicle,2,Tuesday,113,RIGHT NEAR (INTERSECTIONS ONLY),1,590746,T intersection,2,80,Arterial Highway,SOUTH GIPPSLAND,CASEY,-38.046204,145.25452,2023,9,September,9,Morning Peak,Weekday
T20230021771,2023-09-12,15:50:00,1,Collision with vehicle,2,Tuesday,131,LEFT REAR,1,29908,T intersection,3,50,Arterial Other,PLENTY,WHITTLESEA,-37.637505,145.09555,2023,9,September,15,Afternoon Peak,Weekday
T20230024087,2023-09-12,17:00:00,4,Collision with a fixed object,2,Tuesday,171,LEFT OFF CARRIAGEWAY INTO OBJECT/PARKED VEHICLE,1,786593,Not at intersection,3,80,Local Road,COBURNS,MELTON,-37.634758,144.5734,2023,9,September,17,Afternoon Peak,Weekday
T20230021481,2023-09-12,16:36:00,1,Collision with vehicle,2,Tuesday,116,LEFT NEAR (INTERSECTIONS ONLY),1,660602,T intersection,2,80,Arterial Other,WALLACE,KNOX,-37.87704,145.23828,2023,9,September,16,Afternoon Peak,Weekday
T20230021593,2023-09-12,08:38:00,1,Collision with vehicle,2,Tuesday,130,REAR END(VEHICLES IN SAME LANE),1,783884,Cross intersection,3,60,Local Road,SCENIC,GEELONG,-38.169243,144.30975,2023,9,September,8,Morning Peak,Weekday
T20230021505,2023-09-12,22:24:00,4,Collision with a fixed object,2,Tuesday,181,OFF RIGHT BEND INTO OBJECT/PARKED VEHICLE,5,799235,Not at intersection,2,100,Arterial Highway,PRINCES,GLENELG,-37.92911,141.23006,2023,9,September,22,Night,Weekday
T20230021516,2023-09-12,21:20:00,1,Collision with vehicle,2,Tuesday,113,RIGHT NEAR (INTERSECTIONS ONLY),6,282822,Cross intersection,3,60,Freeway,WARRIGAL,STONNINGTON,-37.8824,145.09036,2023,9,September,21,Night,Weekday
T20230021540,2023-09-12,09:30:00,1,Collision with vehicle,2,Tuesday,116,LEFT NEAR (INTERSECTIONS ONLY),1,40123,T intersection,3,60,Arterial Highway,BRIGHTON,PORT PHILLIP,-37.869675,144.98811,2023,9,September,9,Morning Peak,Weekday
T20230021645,2023-09-12,18:30:00,1,Collision with vehicle,2,Tuesday,121,RIGHT THROUGH,9,45640,Cross intersection,3,40,Arterial Other,SYDNEY,MORELAND,-37.776115,144.9606,2023,9,September,18,Afternoon Peak,Weekday
T20230021836,2023-09-12,15:15:00,1,Collision with vehicle,2,Tuesday,121,RIGHT THROUGH,1,797239,Not at intersection,2,60,Arterial Other,COOPER,HUME,-37.643867,144.95564,2023,9,September,15,Afternoon Peak,Weekday
T20230021588,2023-09-12,08:00:00,1,Collision with vehicle,2,Tuesday,120,HEAD ON (NOT OVERTAKING),1,790526,Not at intersection,3,40,Arterial Highway,FRANKSTON-DANDENONG ROAD SERVICE,FRANKSTON,-38.125607,145.13803,2023,9,September,8,Morning Peak,Weekday
T20230021590,2023-09-12,10:00:00,1,Collision with vehicle,2,Tuesday,130,REAR END(VEHICLES IN SAME LANE),1,781478,Not at intersection,2,70,Arterial Highway,RAGLAN,WARRNAMBOOL,-38.366795,142.46396,2023,9,September,10,Midday,Weekday
T20230021403,2023-09-12,16:00:00,1,Collision with vehicle,2,Tuesday,111,RIGHT FAR (INTERSECTIONS ONLY),1,56446,T intersection,3,50,Local Road,BUNGALEEN,DANDENONG,-38.034447,145.20984,2023,9,September,16,Afternoon Peak,Weekday
T20230021405,2023-09-12,17:30:00,1,Collision with vehicle,2,Tuesday,120,HEAD ON (NOT OVERTAKING),1,783308,Not at intersection,3,60,Local Road,SECTION,HUME,-37.635517,144.87154,2023,9,September,17,Afternoon Peak,Weekday
T20230021406,2023-09-12,18:20:00,1,Collision with vehicle,2,Tuesday,134,LANE CHANGE RIGHT (NOT OVERTAKING),1,799688,Not at intersection,3,100,Freeway,EASTERN,MANNINGHAM,-37.79534,145.11479,2023,9,September,18,Afternoon Peak,Weekday
T20230021408,2023-09-12,19:38:00,6,Vehicle overturned (no collision),2,Tuesday,174,OUT OF CONTROL ON CARRIAGEWAY (ON STRAIGHT),3,359878,T intersection,3,50,Local Road,MORAY,MELBOURNE,-37.827293,144.96074,2023,9,September,19,Night,Weekday
T20230021409,2023-09-12,13:00:00,1,Collision with vehicle,2,Tuesday,130,REAR END(VEHICLES IN SAME LANE),1,800411,Not at intersection,3,80,Arterial Highway,SOUTH GIPPSLAND,CASEY,-38.087543,145.27887,2023,9,September,13,Midday,Weekday
T20230030674,2023-09-12,18:00:00,1,Collision with vehicle,2,Tuesday,110,CROSS TRAFFIC(INTERSECTIONS ONLY),2,795722,Cross intersection,3,40,Arterial Other,SOMERTON,HUME,-37.634773,144.88144,2023,9,September,18,Afternoon Peak,Weekday
T20230021413,2023-09-12,19:54:00,2,Struck Pedestrian,2,Tuesday,100,PED NEAR SIDE. PED HIT BY VEHICLE FROM THE RIGHT.,3,782179,Cross intersection,2,40,Arterial Other,CARLISLE,PORT PHILLIP,-37.869293,144.99765,2023,9,September,19,Night,Weekday
T20230021415,2023-09-12,19:00:00,1,Collision with vehicle,2,Tuesday,110,CROSS TRAFFIC(INTERSECTIONS ONLY),3,44220,Cross intersection,3,40,Arterial Other,HIGH,WHITTLESEA,-37.640488,145.02657,2023,9,September,19,Night,Weekday
T20230021416,2023-09-12,18:35:00,1,Collision with vehicle,2,Tuesday,121,RIGHT THROUGH,3,780652,T intersection,1,80,Arterial Highway,MAROONDAH,MAROONDAH,-37.803005,145.24747,2023,9,September,18,Afternoon Peak,Weekday
T20230021419,2023-09-12,22:35:00,4,Collision with a fixed object,2,Tuesday,171,LEFT OFF CARRIAGEWAY INTO OBJECT/PARKED VEHICLE,5,799639,Not at intersection,3,100,Arterial Highway,CALDER ALTERNATIVE,BENDIGO,-36.772614,144.13562,2023,9,September,22,Night,Weekday
T20230021377,2023-09-12,09:20:00,1,Collision with vehicle,2,Tuesday,130,REAR END(VEHICLES IN SAME LANE),1,255690,Cross intersection,2,40,Local Road,CREEKWOOD,CARDINIA,-38.06774,145.45436,2023,9,September,9,Morning Peak,Weekday
T20230027077,2023-09-12,16:45:00,1,Collision with vehicle,2,Tuesday,130,REAR END(VEHICLES IN SAME LANE),1,799645,Not at intersection,3,100,Freeway,MONASH,MONASH,-37.89239,145.12523,2023,9,September,16,Afternoon Peak,Weekday
T20230021458,2023-09-12,21:30:00,6,Vehicle overturned (no collision),2,Tuesday,170,OFF CARRIAGEWAY TO LEFT,3,790527,Not at intersection,3,80,Arterial Highway,CHELTENHAM,DANDENONG,-37.994488,145.1758,2023,9,September,21,Night,Weekday
T20230021399,2023-09-12,17:22:00,4,Collision with a fixed object,2,Tuesday,175,OFF END OF ROAD/T-INTERSECTION.,1,72069,T intersection,3,50,Local Road,CHARLES,BAW BAW,-38.148975,145.93456,2023,9,September,17,Afternoon Peak,Weekday
T20230021397,2023-09-12,18:37:00,1,Collision with vehicle,2,Tuesday,121,RIGHT THROUGH,2,780767,Not at intersection,3,60,Local Road,GOOMALIBEE,BENALLA,-36.55033,145.97221,2023,9,September,18,Afternoon Peak,Weekday
T20230021394,2023-09-12,17:06:00,1,Collision with vehicle,2,Tuesday,147,VEHICLE STRIKES ANOTHER VEH WHILE EMERGING FROM DRIVEWAY,1,780766,Not at intersection,3,60,Arterial Other,KOO WEE RUP,CARDINIA,-38.11108,145.4862,2023,9,September,17,Afternoon Peak,Weekday
T20230021389,2023-09-12,08:20:00,1,Collision with vehicle,2,Tuesday,121,RIGHT THROUGH,1,37600,Cross intersection,3,60,Arterial Other,ST KILDA,MELBOURNE,-37.84772,144.97974,2023,9,September,8,Morning Peak,Weekday
T20230021384,2023-09-12,12:30:00,1,Collision with vehicle,2,Tuesday,130,REAR END(VEHICLES IN SAME LANE),1,790398,T intersection,3,70,Arterial Other,CANTERBURY,WHITEHORSE,-37.83456,145.1696,2023,9,September,12,Midday,Weekday
T20230021383,2023-09-12,09:27:00,6,Vehicle overturned (no collision),2,Tuesday,174,OUT OF CONTROL ON CARRIAGEWAY (ON STRAIGHT),1,790533,Not at intersection,3,40,Arterial Other,SYDNEY,MORELAND,-37.730434,144.96382,2023,9,September,9,Morning Peak,Weekday
T20230021382,2023-09-12,15:00:00,1,Collision with vehicle,2,Tuesday,110,CROSS TRAFFIC(INTERSECTIONS ONLY),1,38018,Cross intersection,3,40,Local Road,CLARENDON,DAREBIN,-37.76087,145.01291,2023,9,September,15,Afternoon Peak,Weekday
T20230021381,2023-09-12,14:00:00,4,Collision with a fixed object,2,Tuesday,171,LEFT OFF CARRIAGEWAY INTO OBJECT/PARKED VEHICLE,1,797237,Not at intersection,3,60,Local Road,SETTLEMENT,BASS COAST,-38.45617,145.26555,2023,9,September,14,Midday,Weekday
T20230021380,2023-09-12,14:06:00,2,Struck Pedestrian,2,Tuesday,102,FAR SIDE. PED HIT BY VEHICLE FROM THE LEFT,1,781423,Not at intersection,3,60,Arterial Other,BALACLAVA,GLEN EIRA,-37.872604,145.02422,2023,9,September,14,Midday,Weekday
T20230021430,2023-09-12,18:25:00,1,Collision with vehicle,2,Tuesday,110,CROSS TRAFFIC(INTERSECTIONS ONLY),2,795719,Cross intersection,3,40,Local Road,LONSDALE,MELBOURNE,-37.812355,144.962,2023,9,September,18,Afternoon Peak,Weekday
T20230021375,2023-09-12,12:30:00,1,Collision with vehicle,2,Tuesday,147,VEHICLE STRIKES ANOTHER VEH WHILE EMERGING FROM DRIVEWAY,1,799638,Not at intersection,2,40,Local Road,BOURKE,MELBOURNE,-37.81242,144.96942,2023,9,September,12,Midday,Weekday
T20230021374,2023-09-12,10:32:00,1,Collision with vehicle,2,Tuesday,130,REAR END(VEHICLES IN SAME LANE),1,784667,Cross intersection,3,80,Arterial Other,COOPER,WHITTLESEA,-37.64976,145.00551,2023,9,September,10,Midday,Weekday
T20230021370,2023-09-12,13:00:00,1,Collision with vehicle,2,Tuesday,110,CROSS TRAFFIC(INTERSECTIONS ONLY),1,60923,Cross intersection,3,50,Local Road,ASCOT,BALLARAT,-37.570908,143.84254,2023,9,September,13,Midday,Weekday
T20230021366,2023-09-12,12:18:00,4,Collision with a fixed object,2,Tuesday,171,LEFT OFF CARRIAGEWAY INTO OBJECT/PARKED VEHICLE,1,780973,Not at intersection,3,60,Local Road,ESSEX PARK,CASEY,-37.967415,145.23814,2023,9,September,12,Midday,Weekday
T20230021464,2023-09-13,15:05:00,4,Collision with a fixed object,3,Wednesday,171,LEFT OFF CARRIAGEWAY INTO OBJECT/PARKED VEHICLE,1,796257,Not at intersection,1,80,Arterial Other,PRINCES,WYNDHAM,-37.891,144.6866,2023,9,September,15,Afternoon Peak,Weekday
T20230022666,2023-09-13,16:45:00,1,Collision with vehicle,3,Wednesday,110,CROSS TRAFFIC(INTERSECTIONS ONLY),1,42223,Cross intersection,3,50,Local Road,DERBY,MORELAND,-37.72355,144.94716,2023,9,September,16,Afternoon Peak,Weekday
T20230024112,2023-09-13,13:00:00,1,Collision with vehicle,3,Wednesday,113,RIGHT NEAR (INTERSECTIONS ONLY),1,61025,T intersection,3,60,Arterial Other,SUNBURY,HUME,-37.595768,144.75792,2023,9,September,13,Midday,Weekday
T20230021476,2023-09-13,16:52:00,1,Collision with vehicle,3,Wednesday,130,REAR END(VEHICLES IN SAME LANE),1,800153,Not at intersection,3,80,Arterial Highway,BELLARINE,GEELONG,-38.186085,144.45195,2023,9,September,16,Afternoon Peak,Weekday
T20230022280,2023-09-13,18:20:00,8,No collision and no object struck,3,Wednesday,182,OFF CARRIAGEWAY ON LEFT BEND,2,781895,Not at intersection,3,70,Local Road,ROSEHILL,BANYULE,-37.73774,145.13416,2023,9,September,18,Afternoon Peak,Weekday
T20230021450,2023-09-13,07:50:00,1,Collision with vehicle,3,Wednesday,130,REAR END(VEHICLES IN SAME LANE),2,780842,Not at intersection,2,60,Arterial Other,KEILOR,MOONEE VALLEY,-37.73411,144.88358,2023,9,September,7,Morning Peak,Weekday
T20230021454,2023-09-13,07:48:00,1,Collision with vehicle,3,Wednesday,110,CROSS TRAFFIC(INTERSECTIONS ONLY),1,241033,Cross intersection,2,40,Local Road,NEW,DANDENONG,-37.98954,145.2207,2023,9,September,7,Morning Peak,Weekday
T20230022553,2023-09-13,18:15:00,1,Collision with vehicle,3,Wednesday,110,CROSS TRAFFIC(INTERSECTIONS ONLY),2,269738,Cross intersection,3,50,Local Road,ALOHA,HOBSONS BAY,-37.830997,144.86958,2023,9,September,18,Afternoon Peak,Weekday
T20230021455,2023-09-13,10:20:00,1,Collision with vehicle,3,Wednesday,121,RIGHT THROUGH,1,868,Cross intersection,2,60,Arterial Highway,STATE (LOWER DANDENONG/CHELTENHAM),DANDENONG,-37.99012,145.21454,2023,9,September,10,Midday,Weekday
T20230021486,2023-09-13,19:00:00,1,Collision with vehicle,3,Wednesday,160,VEHICLE COLLIDES WITH VEHICLE PARKED ON LEFT OF ROAD,3,790395,Not at intersection,3,60,Local Road,ST AIDANS,BENDIGO,-36.7655,144.30438,2023,9,September,19,Night,Weekday