ACCIDENT_NO,ACCIDENT_DATE,ACCIDENT_TIME,ACCIDENT_TYPE,ACCIDENT_TYPE_DESC,DAY_OF_WEEK,DAY_WEEK_DESC,DCA_CODE,DCA_DESC,LIGHT_CONDITION,NODE_ID,ROAD_GEOMETRY_DESC,SEVERITY,SPEED_ZONE,RMA,ROAD_NAME,LGA_NAME,LATITUDE,LONGITUDE,YEAR,MONTH,MONTH_NAME,HOUR,TIME_PERIOD,DAY_TYPE
T20230021465,2023-09-13,15:08:00,1,Collision with vehicle,3,Wednesday,140,U TURN,1,37908,Cross intersection,3,40,Local Road,HIGH,DAREBIN,-37.77911,144.99704,2023,9,September,15,Afternoon Peak,Weekday
T20230021456,2023-09-13,12:45:00,1,Collision with vehicle,3,Wednesday,110,CROSS TRAFFIC(INTERSECTIONS ONLY),1,29708,Cross intersection,2,60,Local Road,BENNET,DANDENONG,-37.983894,145.2004,2023,9,September,12,Midday,Weekday
T20230021461,2023-09-13,12:15:00,1,Collision with vehicle,3,Wednesday,133,LANE SIDE SWIPE (VEHICLES IN PARALLEL LANES),1,10042,T intersection,3,60,Arterial Other,DEAN,MOONEE VALLEY,-37.767174,144.92491,2023,9,September,12,Midday,Weekday
T20230021529,2023-09-13,15:35:00,1,Collision with vehicle,3,Wednesday,130,REAR END(VEHICLES IN SAME LANE),1,781760,Not at intersection,3,100,Freeway,EASTERN,WHITEHORSE,-37.800728,145.15517,2023,9,September,15,Afternoon Peak,Weekday
T20230021483,2023-09-13,17:45:00,2,Struck Pedestrian,3,Wednesday,101,PED EMERGES FROM IN FRONT OF PARKED OR STATIONARY VEHICLE,1,38468,T intersection,2,50,Arterial Highway,MAIN STREET -MAROONDAH,YARRA RANGES,-37.756092,145.34319,2023,9,September,17,Afternoon Peak,Weekday
T20230022250,2023-09-13,15:00:00,8,No collision and no object struck,3,Wednesday,184,OUT OF CONTROL ON CARRIAGEWAY (ON BEND),1,800088,Not at intersection,3,60,Local Road,GREVILLEA,BALLARAT,-37.526363,143.82193,2023,9,September,15,Afternoon Peak,Weekday
T20230021487,2023-09-13,16:46:00,4,Collision with a fixed object,3,Wednesday,181,OFF RIGHT BEND INTO OBJECT/PARKED VEHICLE,1,784907,Not at intersection,3,60,Arterial Other,HEALESVILLE-KINGLAKE,YARRA RANGES,-37.613686,145.49623,2023,9,September,16,Afternoon Peak,Weekday
T20230021424,2023-09-13,04:10:00,4,Collision with a fixed object,3,Wednesday,173,RIGHT OFF CARRIAGEWAY INTO OBJECT/PARKED VEHICLE,5,800196,Not at intersection,3,100,Arterial Highway,HENTY,GLENELG,-38.102695,141.64857,2023,9,September,4,Late Night,Weekday
T20230021484,2023-09-13,18:24:00,6,Vehicle overturned (no collision),3,Wednesday,170,OFF CARRIAGEWAY TO LEFT,2,783102,Not at intersection,3,100,Arterial Other,CONDAH-COLERAINE,GLENELG,-37.762516,141.72015,2023,9,September,18,Afternoon Peak,Weekday
T20230021489,2023-09-13,20:10:00,6,Vehicle overturned (no collision),3,Wednesday,180,OFF CARRIAGEWAY ON RIGHT BEND,5,781999,Not at intersection,2,100,Local Road,KARADOC,MILDURA,-34.19822,142.21423,2023,9,September,20,Night,Weekday
T20230021425,2023-09-13,07:01:00,1,Collision with vehicle,3,Wednesday,130,REAR END(VEHICLES IN SAME LANE),1,48105,Cross intersection,2,40,Local Road,LAKESIDE,CARDINIA,-38.06475,145.45413,2023,9,September,7,Morning Peak,Weekday
T20230022009,2023-09-13,07:30:00,1,Collision with vehicle,3,Wednesday,119,OTHER ADJACENT (INTERSECTIONS ONLY),9,785455,T intersection,3,50,Local Road,FARADAY,MAROONDAH,-37.816063,145.2754,2023,9,September,7,Morning Peak,Weekday
T20230021521,2023-09-13,20:00:00,8,No collision and no object struck,3,Wednesday,174,OUT OF CONTROL ON CARRIAGEWAY (ON STRAIGHT),3,40150,Cross intersection,2,60,Local Road,INKERMAN,PORT PHILLIP,-37.86594,144.99603,2023,9,September,20,Night,Weekday
T20230021480,2023-09-13,15:10:00,1,Collision with vehicle,3,Wednesday,120,HEAD ON (NOT OVERTAKING),1,780716,Not at intersection,1,100,Arterial Highway,GOULBURN VALLEY,SHEPPARTON,-36.258484,145.4318,2023,9,September,15,Afternoon Peak,Weekday
T20230021427,2023-09-13,07:55:00,1,Collision with vehicle,3,Wednesday,130,REAR END(VEHICLES IN SAME LANE),1,782180,Not at intersection,3,70,Arterial Highway,DANDENONG,STONNINGTON,-37.858532,144.99886,2023,9,September,7,Morning Peak,Weekday
T20230021432,2023-09-13,09:00:00,1,Collision with vehicle,3,Wednesday,110,CROSS TRAFFIC(INTERSECTIONS ONLY),1,39919,Cross intersection,3,60,Local Road,CHAMBERS,HOBSONS BAY,-37.835304,144.84258,2023,9,September,9,Morning Peak,Weekday
T20230021433,2023-09-13,06:40:00,1,Collision with vehicle,3,Wednesday,140,U TURN,2,800082,Not at intersection,2,50,Local Road,MANDALAY,MITCHELL,-37.47044,144.95236,2023,9,September,6,Morning Peak,Weekday
T20230021444,2023-09-13,07:30:00,1,Collision with vehicle,3,Wednesday,130,REAR END(VEHICLES IN SAME LANE),2,781053,Not at intersection,3,100,Freeway,EASTERN,WHITEHORSE,-37.800625,145.1527,2023,9,September,7,Morning Peak,Weekday
T20230021447,2023-09-13,12:47:00,1,Collision with vehicle,3,Wednesday,147,VEHICLE STRIKES ANOTHER VEH WHILE EMERGING FROM DRIVEWAY,1,790391,Not at intersection,3,50,Local Road,SANGSTERS,WODONGA,-36.115856,146.87663,2023,9,September,12,Midday,Weekday
T20230021603,2023-09-13,19:30:00,1,Collision with vehicle,3,Wednesday,147,VEHICLE STRIKES ANOTHER VEH WHILE EMERGING FROM DRIVEWAY,3,203486,Not at intersection,3,60,Arterial Other,BRUNSWICK,MORELAND,-37.778652,144.9742,2023,9,September,19,Night,Weekday
T20230021448,2023-09-13,12:42:00,1,Collision with vehicle,3,Wednesday,136,RIGHT TURN SIDESWIPE,1,790378,T intersection,2,70,Arterial Highway,DANDENONG,STONNINGTON,-37.85848,144.99844,2023,9,September,12,Midday,Weekday
T20230021438,2023-09-13,10:42:00,1,Collision with vehicle,3,Wednesday,113,RIGHT NEAR (INTERSECTIONS ONLY),1,780841,T intersection,2,100,Arterial Highway,PYRENEES,MOUNT ALEXANDER,-37.06877,144.17615,2023,9,September,10,Midday,Weekday
T20230021474,2023-09-13,17:03:00,1,Collision with vehicle,3,Wednesday,130,REAR END(VEHICLES IN SAME LANE),1,792041,Not at intersection,2,80,Arterial Other,PRINCES,CARDINIA,-38.060925,145.45195,2023,9,September,17,Afternoon Peak,Weekday
T20230021492,2023-09-13,20:56:00,1,Collision with vehicle,3,Wednesday,110,CROSS TRAFFIC(INTERSECTIONS ONLY),3,53961,Cross intersection,3,60,Arterial Highway,ALBERT STREET -PLENTY,DAREBIN,-37.725254,145.02322,2023,9,September,20,Night,Weekday
T20230027259,2023-09-14,15:45:00,1,Collision with vehicle,4,Thursday,130,REAR END(VEHICLES IN SAME LANE),1,786011,Cross intersection,3,60,Local Road,OHERNS,WHITTLESEA,-37.637108,145.02184,2023,9,September,15,Afternoon Peak,Weekday
T20230021868,2023-09-14,22:00:00,3,Struck animal,4,Thursday,167,STRUCK ANIMAL,5,781149,Not at intersection,3,100,Arterial Highway,MALMSBURY,HEPBURN,-37.34025,144.15707,2023,9,September,22,Night,Weekday
T20230021878,2023-09-14,08:45:00,6,Vehicle overturned (no collision),4,Thursday,174,OUT OF CONTROL ON CARRIAGEWAY (ON STRAIGHT),1,781150,Cross intersection,2,50,Local Road,RAWLINGS,WARRNAMBOOL,-38.366936,142.51627,2023,9,September,8,Morning Peak,Weekday
T20230021506,2023-09-14,08:35:00,1,Collision with vehicle,4,Thursday,112,LEFT FAR (INTERSECTIONS ONLY),1,791666,T intersection,3,60,Local Road,MCCORMICKS,FRANKSTON,-38.097706,145.19788,2023,9,September,8,Morning Peak,Weekday
T20230021510,2023-09-14,08:30:00,2,Struck Pedestrian,4,Thursday,100,PED NEAR SIDE. PED HIT BY VEHICLE FROM THE RIGHT.,1,351734,Cross intersection,3,60,Arterial Other,COLCHESTER,YARRA RANGES,-37.801838,145.30801,2023,9,September,8,Morning Peak,Weekday
T20230021517,2023-09-14,07:10:00,1,Collision with vehicle,4,Thursday,116,LEFT NEAR (INTERSECTIONS ONLY),1,45516,T intersection,2,80,Arterial Other,MELTON,MELTON,-37.683125,144.66124,2023,9,September,7,Morning Peak,Weekday
T20230021522,2023-09-14,10:19:00,1,Collision with vehicle,4,Thursday,121,RIGHT THROUGH,1,792034,T intersection,2,60,Arterial Other,DAYLESFORD,BALLARAT,-37.54976,143.91629,2023,9,September,10,Midday,Weekday
T20230021526,2023-09-14,10:43:00,1,Collision with vehicle,4,Thursday,113,RIGHT NEAR (INTERSECTIONS ONLY),1,36070,T intersection,2,100,Arterial Other,MERRIANG,WHITTLESEA,-37.489616,145.02467,2023,9,September,10,Midday,Weekday
T20230021559,2023-09-14,18:47:00,1,Collision with vehicle,4,Thursday,130,REAR END(VEHICLES IN SAME LANE),3,47195,T intersection,2,60,Arterial Other,BAY,BAYSIDE,-37.956806,145.0467,2023,9,September,18,Afternoon Peak,Weekday
T20230021528,2023-09-14,08:00:00,4,Collision with a fixed object,4,Thursday,173,RIGHT OFF CARRIAGEWAY INTO OBJECT/PARKED VEHICLE,1,792027,Not at intersection,3,100,Arterial Highway,MURRAY VALLEY,SWAN HILL,-34.95019,143.29707,2023,9,September,8,Morning Peak,Weekday
T20230021530,2023-09-14,11:00:00,1,Collision with vehicle,4,Thursday,121,RIGHT THROUGH,1,278559,Cross intersection,3,60,Freeway,BACCHUS MARSH,GEELONG,-38.060207,144.3582,2023,9,September,11,Midday,Weekday
T20230021531,2023-09-14,12:05:00,1,Collision with vehicle,4,Thursday,132,RIGHT REAR.,1,780974,Not at intersection,3,100,Arterial Other,SNOW,WANGARATTA,-36.536133,146.64484,2023,9,September,12,Midday,Weekday
T20230021535,2023-09-14,05:30:00,1,Collision with vehicle,4,Thursday,163,VEHICLE STRIKES DOOR OF PARKED/STATIONARY VEHICLE,2,784449,Not at intersection,3,40,Local Road,GARDEN,STONNINGTON,-37.84327,144.99672,2023,9,September,5,Morning Peak,Weekday
T20230021537,2023-09-14,08:45:00,1,Collision with vehicle,4,Thursday,113,RIGHT NEAR (INTERSECTIONS ONLY),1,42373,T intersection,3,50,Local Road,EAST,MORELAND,-37.715336,144.94933,2023,9,September,8,Morning Peak,Weekday
T20230021561,2023-09-14,17:50:00,1,Collision with vehicle,4,Thursday,151,OUT OF CONTROL (OVERTAKING),5,782618,Not at intersection,3,80,Local Road,CARDINIA,CARDINIA,-38.084045,145.43303,2023,9,September,17,Afternoon Peak,Weekday
T20230021545,2023-09-14,14:15:00,1,Collision with vehicle,4,Thursday,130,REAR END(VEHICLES IN SAME LANE),1,35304,Cross intersection,3,50,Arterial Other,FLEMINGTON,MELBOURNE,-37.799652,144.95503,2023,9,September,14,Midday,Weekday
T20230024425,2023-09-14,11:55:00,1,Collision with vehicle,4,Thursday,148,VEHICLE OFF FOOTPATH STRIKES VEH ON CARRIAGEWAY,1,783441,T intersection,2,50,Local Road,AEROS,GEELONG,-38.176117,144.40189,2023,9,September,11,Midday,Weekday
T20230021567,2023-09-14,20:00:00,1,Collision with vehicle,4,Thursday,130,REAR END(VEHICLES IN SAME LANE),3,781348,T intersection,3,60,Local Road,WANDA,MONASH,-37.92351,145.16608,2023,9,September,20,Night,Weekday
T20230021568,2023-09-14,20:45:00,4,Collision with a fixed object,4,Thursday,173,RIGHT OFF CARRIAGEWAY INTO OBJECT/PARKED VEHICLE,3,800152,Not at intersection,3,50,Local Road,PRETTY SALLY,MITCHELL,-37.40183,144.974,2023,9,September,20,Night,Weekday
T20230021569,2023-09-14,18:30:00,6,Vehicle overturned (no collision),4,Thursday,151,OUT OF CONTROL (OVERTAKING),5,790278,Not at intersection,3,80,Local Road,KILMORE EAST,MITCHELL,-37.288116,144.9715,2023,9,September,18,Afternoon Peak,Weekday
T20230021501,2023-09-14,06:15:00,4,Collision with a fixed object,4,Thursday,181,OFF RIGHT BEND INTO OBJECT/PARKED VEHICLE,2,790274,Not at intersection,3,100,Freeway,HUME,WHITTLESEA,-37.629402,144.99413,2023,9,September,6,Morning Peak,Weekday
T20230021572,2023-09-14,18:15:00,4,Collision with a fixed object,4,Thursday,181,OFF RIGHT BEND INTO OBJECT/PARKED VEHICLE,2,796144,Not at intersection,1,80,Arterial Highway,LODDON VALLEY,BENDIGO,-36.69832,144.20505,2023,9,September,18,Afternoon Peak,Weekday
T20230021577,2023-09-14,22:15:00,3,Struck animal,4,Thursday,167,STRUCK ANIMAL,5,783543,Not at intersection,3,100,Arterial Other,PORT WELSHPOOL,SOUTH GIPPSLAND,-38.691036,146.45465,2023,9,September,22,Night,Weekday
T20230021573,2023-09-14,21:10:00,1,Collision with vehicle,4,Thursday,130,REAR END(VEHICLES IN SAME LANE),3,782385,Not at intersection,2,80,Arterial Highway,PRINCES,DANDENONG,-37.963764,145.191,2023,9,September,21,Night,Weekday
T20230021575,2023-09-14,14:45:00,1,Collision with vehicle,4,Thursday,134,LANE CHANGE RIGHT (NOT OVERTAKING),1,781425,Not at intersection,3,80,Arterial Highway,BURWOOD,WHITEHORSE,-37.85426,145.16315,2023,9,September,14,Midday,Weekday
T20230022490,2023-09-14,19:18:00,1,Collision with vehicle,4,Thursday,121,RIGHT THROUGH,3,41249,Cross intersection,2,60,Arterial Other,GLEN EIRA,GLEN EIRA,-37.879154,145.01631,2023,9,September,19,Night,Weekday
T20230021551,2023-09-14,15:45:00,1,Collision with vehicle,4,Thursday,120,HEAD ON (NOT OVERTAKING),1,791676,Not at intersection,3,100,Arterial Other,LONGFORD-LOCH SPORT,WELLINGTON,-38.168095,147.10413,2023,9,September,15,Afternoon Peak,Weekday
T20230021552,2023-09-14,17:00:00,1,Collision with vehicle,4,Thursday,136,RIGHT TURN SIDESWIPE,1,781451,Not at intersection,2,40,Local Road,THE ESPLANADE,SURF COAST,-38.337,144.32451,2023,9,September,17,Afternoon Peak,Weekday
T20230021679,2023-09-15,21:15:00,1,Collision with vehicle,5,Friday,142,LEAVING PARKING,3,54819,T intersection,3,60,Arterial Other,BEACH,KINGSTON,-38.009068,145.08626,2023,9,September,21,Night,Weekday
T20230021845,2023-09-15,17:00:00,2,Struck Pedestrian,5,Friday,100,PED NEAR SIDE. PED HIT BY VEHICLE FROM THE RIGHT.,1,49828,T intersection,2,60,Arterial Other,SHANNON,GEELONG,-38.12726,144.33902,2023,9,September,17,Afternoon Peak,Weekday
T20230023090,2023-09-15,16:34:00,1,Collision with vehicle,5,Friday,134,LANE CHANGE RIGHT (NOT OVERTAKING),1,782072,Not at intersection,3,100,Freeway,CALDER,BRIMBANK,-37.72811,144.8629,2023,9,September,16,Afternoon Peak,Weekday
T20230021838,2023-09-15,17:30:00,1,Collision with vehicle,5,Friday,130,REAR END(VEHICLES IN SAME LANE),1,45405,T intersection,3,60,Arterial Other,PASCOE VALE,MOONEE VALLEY,-37.747547,144.92506,2023,9,September,17,Afternoon Peak,Weekday
T20230021833,2023-09-15,17:10:00,1,Collision with vehicle,5,Friday,130,REAR END(VEHICLES IN SAME LANE),2,791701,T intersection,3,80,Arterial Other,KELLETTS,KNOX,-37.925007,145.28543,2023,9,September,17,Afternoon Peak,Weekday
T20230021657,2023-09-15,22:05:00,2,Struck Pedestrian,5,Friday,100,PED NEAR SIDE. PED HIT BY VEHICLE FROM THE RIGHT.,3,782923,Not at intersection,2,50,Local Road,WOOD,DAREBIN,-37.735733,145.02599,2023,9,September,22,Night,Weekday
T20230021652,2023-09-15,16:29:00,1,Collision with vehicle,5,Friday,130,REAR END(VEHICLES IN SAME LANE),1,800194,Not at intersection,3,100,Freeway,WELLINGTON-MONASH IN,MONASH,-37.917984,145.17094,2023,9,September,16,Afternoon Peak,Weekday
T20230021774,2023-09-15,14:20:00,1,Collision with vehicle,5,Friday,134,LANE CHANGE RIGHT (NOT OVERTAKING),1,791839,Not at intersection,3,60,Arterial Other,MT ALEXANDER,MOONEE VALLEY,-37.7595,144.92061,2023,9,September,14,Midday,Weekday
T20230025599,2023-09-15,17:38:00,1,Collision with vehicle,5,Friday,121,RIGHT THROUGH,1,36180,T intersection,3,60,Local Road,STATION,KINGSTON,-38.05061,145.11562,2023,9,September,17,Afternoon Peak,Weekday
T20230021646,2023-09-15,18:45:00,3,Struck animal,5,Friday,167,STRUCK ANIMAL,3,780978,Not at intersection,2,80,Arterial Highway,MAROONDAH,YARRA RANGES,-37.76665,145.30144,2023,9,September,18,Afternoon Peak,Weekday
T20230021639,2023-09-15,15:00:00,5,collision with some other object,5,Friday,166,STRUCK OBJECT ON CARRIAGEWAY,1,781055,Not at intersection,3,100,Arterial Highway,PRINCES,GLENELG,-38.01187,141.46442,2023,9,September,15,Afternoon Peak,Weekday
T20230021608,2023-09-15,13:13:00,2,Struck Pedestrian,5,Friday,102,FAR SIDE. PED HIT BY VEHICLE FROM THE LEFT,1,878,Cross intersection,2,80,Arterial Highway,PRINCES,CASEY,-38.00422,145.2576,2023,9,September,13,Midday,Weekday
T20230021914,2023-09-15,08:37:00,1,Collision with vehicle,5,Friday,113,RIGHT NEAR (INTERSECTIONS ONLY),1,45103,T intersection,2,60,Local Road,EMERALD,WODONGA,-36.121193,146.86447,2023,9,September,8,Morning Peak,Weekday
T20230021637,2023-09-15,16:50:00,2,Struck Pedestrian,5,Friday,100,PED NEAR SIDE. PED HIT BY VEHICLE FROM THE RIGHT.,1,791823,Cross intersection,3,60,Arterial Other,FERNTREE GULLY,KNOX,-37.899258,145.233,2023,9,September,16,Afternoon Peak,Weekday
T20230021581,2023-09-15,05:55:00,1,Collision with vehicle,5,Friday,110,CROSS TRAFFIC(INTERSECTIONS ONLY),2,781145,Cross intersection,3,80,Arterial Other,WELLINGTON,YARRA RANGES,-37.954025,145.34766,2023,9,September,5,Morning Peak,Weekday
T20230021611,2023-09-15,12:30:00,1,Collision with vehicle,5,Friday,173,RIGHT OFF CARRIAGEWAY INTO OBJECT/PARKED VEHICLE,1,791821,Not at intersection,3,40,Local Road,ELLIS,BENDIGO,-36.77506,144.2966,2023,9,September,12,Midday,Weekday
T20230021635,2023-09-15,17:26:00,1,Collision with vehicle,5,Friday,121,RIGHT THROUGH,2,791702,Cross intersection,3,80,Arterial Other,BELGRAVE-HALLAM,CASEY,-37.99772,145.27518,2023,9,September,17,Afternoon Peak,Weekday
T20230022095,2023-09-15,08:25:00,1,Collision with vehicle,5,Friday,134,LANE CHANGE RIGHT (NOT OVERTAKING),1,781453,Not at intersection,3,40,Local Road,ARRIVAL,HUME,-37.670902,144.84964,2023,9,September,8,Morning Peak,Weekday
T20230021787,2023-09-15,22:30:00,4,Collision with a fixed object,5,Friday,164,PERMANENT OBSTRUCTION ON CARRIAGEWAY,5,791820,Not at intersection,3,100,Arterial Highway,PRINCES,EAST GIPPSLAND,-37.87478,147.45082,2023,9,September,22,Night,Weekday
T20230021713,2023-09-15,12:30:00,8,No collision and no object struck,5,Friday,180,OFF CARRIAGEWAY ON RIGHT BEND,1,780980,Not at intersection,2,60,Arterial Other,DEANS MARSH-LORNE,SURF COAST,-38.518444,143.97404,2023,9,September,12,Midday,Weekday
T20230021634,2023-09-15,14:55:00,1,Collision with vehicle,5,Friday,120,HEAD ON (NOT OVERTAKING),1,791824,Not at intersection,3,50,Local Road,STATION,GLEN EIRA,-37.876865,145.03856,2023,9,September,14,Midday,Weekday
T20230021632,2023-09-15,16:10:00,1,Collision with vehicle,5,Friday,110,CROSS TRAFFIC(INTERSECTIONS ONLY),1,40239,Cross intersection,2,60,Local Road,ALBANY,STONNINGTON,-37.845352,145.02243,2023,9,September,16,Afternoon Peak,Weekday
T20230023140,2023-09-15,10:30:00,1,Collision with vehicle,5,Friday,130,REAR END(VEHICLES IN SAME LANE),1,800151,Not at intersection,3,80,Freeway,WESTERN OUT-BALLARAT-MARYBOROUGH,BALLARAT,-37.510384,143.8051,2023,9,September,10,Midday,Weekday
T20230021589,2023-09-15,08:30:00,1,Collision with vehicle,5,Friday,116,LEFT NEAR (INTERSECTIONS ONLY),1,780931,T intersection,2,60,Arterial Other,RIVERSDALE,BOROONDARA,-37.835686,145.09561,2023,9,September,8,Morning Peak,Weekday
T20230021658,2023-09-15,20:50:00,4,Collision with a fixed object,5,Friday,151,OUT OF CONTROL (OVERTAKING),3,800121,Not at intersection,2,60,Arterial Other,BEACONSFIELD,PORT PHILLIP,-37.85208,144.95744,2023,9,September,20,Night,Weekday
T20230024611,2023-09-15,14:54:00,1,Collision with vehicle,5,Friday,113,RIGHT NEAR (INTERSECTIONS ONLY),1,790030,T intersection,3,40,Arterial Other,BARKLY,PORT PHILLIP,-37.867477,144.98117,2023,9,September,14,Midday,Weekday
T20230021599,2023-09-15,11:00:00,4,Collision with a fixed object,5,Friday,171,LEFT OFF CARRIAGEWAY INTO OBJECT/PARKED VEHICLE,1,791840,Not at intersection,2,60,Arterial Other,EASTBOURNE,MORNINGTON PENINSULA,-38.367313,144.88351,2023,9,September,11,Midday,Weekday
T20230021600,2023-09-15,12:00:00,1,Collision with vehicle,5,Friday,132,RIGHT REAR.,1,70183,T intersection,3,60,Arterial Highway,WARRIGAL,KINGSTON,-37.961533,145.07523,2023,9,September,12,Midday,Weekday
T20230021602,2023-09-15,11:15:00,6,Vehicle overturned (no collision),5,Friday,149,OTHER MANOEUVRING NOT INCLUDED IN DCAs 140-148,1,799917,Not at intersection,2,100,Arterial Other,WESTERNPORT,BAW BAW,-38.174854,145.7989,2023,9,September,11,Midday,Weekday
T20230021612,2023-09-15,07:59:00,1,Collision with vehicle,5,Friday,110,CROSS TRAFFIC(INTERSECTIONS ONLY),1,55801,Cross intersection,1,60,Local Road,KIMBARRA,CASEY,-38.060802,145.34375,2023,9,September,7,Morning Peak,Weekday
T20230021604,2023-09-15,12:49:00,1,Collision with vehicle,5,Friday,147,VEHICLE STRIKES ANOTHER VEH WHILE EMERGING FROM DRIVEWAY,1,781868,Not at intersection,2,70,Local Road,LIVERPOOL,MAROONDAH,-37.830914,145.3186,2023,9,September,12,Midday,Weekday
T20230021606,2023-09-15,09:55:00,1,Collision with vehicle,5,Friday,110,CROSS TRAFFIC(INTERSECTIONS ONLY),1,48721,Cross intersection,2,80,Arterial Other,OAKLANDS,HUME,-37.629604,144.83636,2023,9,September,9,Morning Peak,Weekday
T20230021985,2023-09-15,13:30:00,1,Collision with vehicle,5,Friday,130,REAR END(VEHICLES IN SAME LANE),1,781258,Not at intersection,2,60,Arterial Other,BEACONSFIELD,PORT PHILLIP,-37.85175,144.95677,2023,9,September,13,Midday,Weekday
T20230022433,2023-09-15,20:00:00,1,Collision with vehicle,5,Friday,133,LANE SIDE SWIPE (VEHICLES IN PARALLEL LANES),3,36375,Cross intersection,3,60,Arterial Other,LOWER HEIDELBERG,BANYULE,-37.77036,145.06346,2023,9,September,20,Night,Weekday
T20230021614,2023-09-15,14:40:00,1,Collision with vehicle,5,Friday,116,LEFT NEAR (INTERSECTIONS ONLY),1,781869,T intersection,2,80,Local Road,SPRINGVALE,WHITEHORSE,-37.84178,145.17139,2023,9,September,14,Midday,Weekday
T20230022180,2023-09-15,12:17:00,1,Collision with vehicle,5,Friday,130,REAR END(VEHICLES IN SAME LANE),1,38203,Cross intersection,3,70,Arterial Highway,BANKSIA,BANYULE,-37.759106,145.06409,2023,9,September,12,Midday,Weekday
T20230022184,2023-09-15,17:25:00,1,Collision with vehicle,5,Friday,140,U TURN,2,792021,Not at intersection,2,80,Arterial Other,COOPER,HUME,-37.64353,144.95314,2023,9,September,17,Afternoon Peak,Weekday
T20230023144,2023-09-15,15:45:00,1,Collision with vehicle,5,Friday,135,LANE CHANGE LEFT (NOT OVERTAKING),1,791677,Not at intersection,3,100,Freeway,PRINCES,CARDINIA,-38.089466,145.46208,2023,9,September,15,Afternoon Peak,Weekday
T20230021852,2023-09-15,16:00:00,6,Vehicle overturned (no collision),5,Friday,174,OUT OF CONTROL ON CARRIAGEWAY (ON STRAIGHT),1,791706,T intersection,3,60,Local Road,BROKEN RIVER,SHEPPARTON,-36.403263,145.39505,2023,9,September,16,Afternoon Peak,Weekday
T20240002952,2023-09-15,16:30:00,1,Collision with vehicle,5,Friday,132,RIGHT REAR.,1,797707,T intersection,3,50,Local Road,BERRABRI,KNOX,-37.893417,145.217,2023,9,September,16,Afternoon Peak,Weekday
T20230023628,2023-09-15,15:50:00,1,Collision with vehicle,5,Friday,110,CROSS TRAFFIC(INTERSECTIONS ONLY),1,29643,Multiple intersection,3,60,Arterial Other,BOORAN ROAD -GLEN EIRA,GLEN EIRA,-37.881428,145.03459,2023,9,September,15,Afternoon Peak,Weekday
T20230021653,2023-09-15,15:30:00,2,Struck Pedestrian,5,Friday,102,FAR SIDE. PED HIT BY VEHICLE FROM THE LEFT,1,119783,Not at intersection,2,50,Arterial Other,PEEL,MELBOURNE,-37.807602,144.9556,2023,9,September,15,Afternoon Peak,Weekday
T20230021623,2023-09-15,15:52:00,1,Collision with vehicle,5,Friday,130,REAR END(VEHICLES IN SAME LANE),1,335786,Not at intersection,3,80,Freeway,MONASH,STONNINGTON,-37.84922,145.04762,2023,9,September,15,Afternoon Peak,Weekday
T20230021654,2023-09-15,20:30:00,1,Collision with vehicle,5,Friday,120,HEAD ON (NOT OVERTAKING),3,43289,Cross intersection,2,70,Arterial Other,HALLAM SOUTH,CASEY,-38.0199,145.27045,2023,9,September,20,Night,Weekday
T20230021625,2023-09-15,12:00:00,1,Collision with vehicle,5,Friday,120,HEAD ON (NOT OVERTAKING),1,792023,Not at intersection,3,100,Arterial Highway,PRINCES,EAST GIPPSLAND,-37.591297,148.95981,2023,9,September,12,Midday,Weekday
T20230022221,2023-09-15,08:50:00,1,Collision with vehicle,5,Friday,135,LANE CHANGE LEFT (NOT OVERTAKING),1,781438,Not at intersection,3,100,Freeway,PRINCES,WYNDHAM,-37.891647,144.70972,2023,9,September,8,Morning Peak,Weekday
T20230022230,2023-09-15,14:00:00,1,Collision with vehicle,5,Friday,130,REAR END(VEHICLES IN SAME LANE),1,784015,Not at intersection,3,80,Freeway,METROPOLITAN RING,NILLUMBIK,-37.69007,145.08615,2023,9,September,14,Midday,Weekday
T20230021641,2023-09-15,17:22:00,1,Collision with vehicle,5,Friday,121,RIGHT THROUGH,1,781870,Not at intersection,3,70,Local Road,LEAKES,WYNDHAM,-37.843765,144.77974,2023,9,September,17,Afternoon Peak,Weekday
T20230021644,2023-09-15,17:16:00,1,Collision with vehicle,5,Friday,110,CROSS TRAFFIC(INTERSECTIONS ONLY),1,800085,Cross intersection,3,60,Local Road,SETTLEMENT,BASS COAST,-38.456154,145.24832,2023,9,September,17,Afternoon Peak,Weekday
T20230021669,2023-09-15,23:32:00,2,Struck Pedestrian,5,Friday,103,PED PLAYING/LYING/WORKING/STANDING ON CARRIAGEWAY.,3,786819,Not at intersection,2,50,Local Road,CHURCH,LATROBE,-38.233555,146.40012,2023,9,September,23,Night,Weekday
T20230022142,2023-09-15,08:32:00,1,Collision with vehicle,5,Friday,123,RIGHT/LEFT. ONE VEH TURNING RIGHT THE OTHER LEFT.,1,40806,Cross intersection,3,80,Arterial Highway,SPRINGVALE,WHITEHORSE,-37.84856,145.17044,2023,9,September,8,Morning Peak,Weekday