ACCIDENT_NO,ACCIDENT_DATE,ACCIDENT_TIME,ACCIDENT_TYPE,ACCIDENT_TYPE_DESC,DAY_OF_WEEK,DAY_WEEK_DESC,DCA_CODE,DCA_DESC,LIGHT_CONDITION,NODE_ID,ROAD_GEOMETRY_DESC,SEVERITY,SPEED_ZONE,RMA,ROAD_NAME,LGA_NAME,LATITUDE,LONGITUDE,YEAR,MONTH,MONTH_NAME,HOUR,TIME_PERIOD,DAY_TYPE
T20230021629,2023-09-15,16:25:00,2,Struck Pedestrian,5,Friday,100,PED NEAR SIDE. PED HIT BY VEHICLE FROM THE RIGHT.,1,791838,Cross intersection,3,40,Local Road,GERTRUDE,YARRA,-37.80637,144.98297,2023,9,September,16,Afternoon Peak,Weekday
T20230021721,2023-09-16,17:15:00,1,Collision with vehicle,6,Saturday,130,REAR END(VEHICLES IN SAME LANE),2,143831,Not at intersection,3,60,Local Road,EASTFIELD,MAROONDAH,-37.810028,145.26543,2023,9,September,17,Afternoon Peak,Weekend
T20230021722,2023-09-16,13:59:00,1,Collision with vehicle,6,Saturday,130,REAR END(VEHICLES IN SAME LANE),1,37537,T intersection,3,60,Local Road,DOWLING,WYNDHAM,-37.861862,144.67607,2023,9,September,13,Midday,Weekend
T20230021724,2023-09-16,16:50:00,1,Collision with vehicle,6,Saturday,120,HEAD ON (NOT OVERTAKING),1,792916,Not at intersection,2,60,Arterial Other,MOUNT DANDENONG TOURIST,YARRA RANGES,-37.879536,145.34047,2023,9,September,16,Afternoon Peak,Weekend
T20230021725,2023-09-16,10:07:00,1,Collision with vehicle,6,Saturday,121,RIGHT THROUGH,1,783103,Cross intersection,3,80,Non Arterial,GOLF LINKS,FRANKSTON,-38.18171,145.15982,2023,9,September,10,Midday,Weekend
T20230021731,2023-09-16,18:07:00,1,Collision with vehicle,6,Saturday,110,CROSS TRAFFIC(INTERSECTIONS ONLY),3,44662,Cross intersection,3,60,Arterial Other,NAR NAR GOON-LONGWARRY,CARDINIA,-38.098927,145.71552,2023,9,September,18,Afternoon Peak,Weekend
T20230022620,2023-09-16,19:15:00,7,Fall from or in moving vehicle,6,Saturday,190,FELL IN/FROM VEHICLE,3,198815,Not at intersection,3,50,Arterial Other,FISHER,MOONEE VALLEY,-37.78472,144.90543,2023,9,September,19,Night,Weekend
T20230021734,2023-09-16,11:30:00,1,Collision with vehicle,6,Saturday,147,VEHICLE STRIKES ANOTHER VEH WHILE EMERGING FROM DRIVEWAY,1,785822,Not at intersection,3,40,Arterial Other,EDGARS,WHITTLESEA,-37.67716,144.99966,2023,9,September,11,Midday,Weekend
T20230021742,2023-09-16,17:40:00,1,Collision with vehicle,6,Saturday,130,REAR END(VEHICLES IN SAME LANE),1,780981,Not at intersection,2,60,Local Road,HULL,YARRA RANGES,-37.777912,145.35619,2023,9,September,17,Afternoon Peak,Weekend
T20230021743,2023-09-16,16:25:00,1,Collision with vehicle,6,Saturday,132,RIGHT REAR.,1,353827,T intersection,3,60,Arterial Other,HAMPSTEAD,MARIBYRNONG,-37.77907,144.87479,2023,9,September,16,Afternoon Peak,Weekend
T20230021753,2023-09-16,22:05:00,1,Collision with vehicle,6,Saturday,110,CROSS TRAFFIC(INTERSECTIONS ONLY),3,44862,Cross intersection,3,50,Arterial Highway,DEAKIN,MILDURA,-34.190865,142.1554,2023,9,September,22,Night,Weekend
T20230021762,2023-09-16,22:40:00,1,Collision with vehicle,6,Saturday,132,RIGHT REAR.,3,70555,T intersection,3,60,Arterial Highway,LOWER DANDENONG,KINGSTON,-37.983017,145.07959,2023,9,September,22,Night,Weekend
T20230021768,2023-09-16,10:45:00,5,collision with some other object,6,Saturday,166,STRUCK OBJECT ON CARRIAGEWAY,1,791808,Not at intersection,3,100,Freeway,PRINCES,WYNDHAM,-37.96516,144.5638,2023,9,September,10,Midday,Weekend
T20230021770,2023-09-16,10:15:00,8,No collision and no object struck,6,Saturday,180,OFF CARRIAGEWAY ON RIGHT BEND,1,781147,T intersection,2,50,Local Road,SANDARRA,FRANKSTON,-38.08689,145.19806,2023,9,September,10,Midday,Weekend
T20230021676,2023-09-16,02:40:00,4,Collision with a fixed object,6,Saturday,173,RIGHT OFF CARRIAGEWAY INTO OBJECT/PARKED VEHICLE,5,795058,Not at intersection,1,60,Arterial Highway,CARLISLE,MOIRA,-36.14874,145.43182,2023,9,September,2,Late Night,Weekend
T20230021730,2023-09-16,16:25:00,1,Collision with vehicle,6,Saturday,135,LANE CHANGE LEFT (NOT OVERTAKING),1,781761,Not at intersection,3,60,Arterial Other,BURKE,BOROONDARA,-37.800587,145.06256,2023,9,September,16,Afternoon Peak,Weekend
T20230021683,2023-09-16,06:44:00,3,Struck animal,6,Saturday,167,STRUCK ANIMAL,1,790765,Not at intersection,3,80,Arterial Other,KANGAROO GROUND-ST ANDREWS,NILLUMBIK,-37.628532,145.25156,2023,9,September,6,Morning Peak,Weekend
T20230022058,2023-09-16,12:20:00,1,Collision with vehicle,6,Saturday,142,LEAVING PARKING,1,781354,Not at intersection,3,60,Local Road,KERR,YARRA,-37.797153,144.98259,2023,9,September,12,Midday,Weekend
T20230021687,2023-09-16,08:40:00,1,Collision with vehicle,6,Saturday,110,CROSS TRAFFIC(INTERSECTIONS ONLY),1,53502,Cross intersection,3,80,Arterial Other,CURR,CAMPASPE,-36.3988,144.98236,2023,9,September,8,Morning Peak,Weekend
T20230021688,2023-09-16,10:10:00,1,Collision with vehicle,6,Saturday,116,LEFT NEAR (INTERSECTIONS ONLY),1,782924,T intersection,2,80,Arterial Other,STATION,WHITEHORSE,-37.849995,145.12006,2023,9,September,10,Midday,Weekend
T20230021689,2023-09-16,09:55:00,1,Collision with vehicle,6,Saturday,113,RIGHT NEAR (INTERSECTIONS ONLY),1,358154,T intersection,2,80,Arterial Highway,MIDLAND LINK,MANSFIELD,-36.958035,146.0015,2023,9,September,9,Morning Peak,Weekend
T20230021694,2023-09-16,12:30:00,1,Collision with vehicle,6,Saturday,110,CROSS TRAFFIC(INTERSECTIONS ONLY),1,36382,Cross intersection,3,50,Local Road,FENWICK,YARRA,-37.78761,144.97221,2023,9,September,12,Midday,Weekend
T20230021696,2023-09-16,12:08:00,1,Collision with vehicle,6,Saturday,132,RIGHT REAR.,1,791822,Not at intersection,2,80,Local Road,LITTLE RIVER,WYNDHAM,-37.96628,144.5479,2023,9,September,12,Midday,Weekend
T20230022044,2023-09-16,18:30:00,8,No collision and no object struck,6,Saturday,174,OUT OF CONTROL ON CARRIAGEWAY (ON STRAIGHT),2,781264,Cross intersection,2,40,Arterial Other,SYDNEY,MORELAND,-37.760757,144.96321,2023,9,September,18,Afternoon Peak,Weekend
T20230021665,2023-09-16,00:30:00,1,Collision with vehicle,6,Saturday,160,VEHICLE COLLIDES WITH VEHICLE PARKED ON LEFT OF ROAD,3,791693,Not at intersection,3,40,Local Road,LYGON,MELBOURNE,-37.80459,144.96626,2023,9,September,0,Late Night,Weekend
T20230021697,2023-09-16,10:15:00,1,Collision with vehicle,6,Saturday,113,RIGHT NEAR (INTERSECTIONS ONLY),1,29892,T intersection,3,60,Freeway,MELTON-WESTERN OUT,MELTON,-37.697266,144.60356,2023,9,September,10,Midday,Weekend
T20230021699,2023-09-16,14:15:00,1,Collision with vehicle,6,Saturday,130,REAR END(VEHICLES IN SAME LANE),1,784450,Not at intersection,3,40,Local Road,FLINDERS,MELBOURNE,-37.819023,144.96204,2023,9,September,14,Midday,Weekend
T20230021703,2023-09-16,13:35:00,5,collision with some other object,6,Saturday,191,LOAD OR MISSILE STRUCK VEHICLE,1,780979,Not at intersection,3,40,Arterial Other,CRANBOURNE-FRANKSTON,CASEY,-38.109653,145.2543,2023,9,September,13,Midday,Weekend
T20230021704,2023-09-16,13:50:00,1,Collision with vehicle,6,Saturday,110,CROSS TRAFFIC(INTERSECTIONS ONLY),1,61967,Cross intersection,2,50,Local Road,EVELL,MORELAND,-37.69941,144.94302,2023,9,September,13,Midday,Weekend
T20230022010,2023-09-16,20:00:00,1,Collision with vehicle,6,Saturday,140,U TURN,3,781352,Not at intersection,3,60,Arterial Other,HULL,YARRA RANGES,-37.78868,145.31154,2023,9,September,20,Night,Weekend
T20230021706,2023-09-16,12:04:00,1,Collision with vehicle,6,Saturday,130,REAR END(VEHICLES IN SAME LANE),1,791697,Not at intersection,3,50,Local Road,AMAROO,HUME,-37.572117,144.9482,2023,9,September,12,Midday,Weekend
T20230021708,2023-09-16,10:54:00,1,Collision with vehicle,6,Saturday,130,REAR END(VEHICLES IN SAME LANE),1,782364,Not at intersection,3,100,Freeway,EASTLINK,FRANKSTON,-38.087566,145.16614,2023,9,September,10,Midday,Weekend
T20230021677,2023-09-16,04:10:00,4,Collision with a fixed object,6,Saturday,173,RIGHT OFF CARRIAGEWAY INTO OBJECT/PARKED VEHICLE,5,792914,Not at intersection,2,100,Arterial Other,BENALLA-TOCUMWAL,MOIRA,-35.96318,145.61494,2023,9,September,4,Late Night,Weekend
T20230025467,2023-09-16,17:45:00,8,No collision and no object struck,6,Saturday,170,OFF CARRIAGEWAY TO LEFT,9,784942,T intersection,3,60,Local Road,CUTTY SARK,BASS COAST,-38.438393,145.44035,2023,9,September,17,Afternoon Peak,Weekend
T20230021678,2023-09-16,00:44:00,4,Collision with a fixed object,6,Saturday,173,RIGHT OFF CARRIAGEWAY INTO OBJECT/PARKED VEHICLE,5,794518,Not at intersection,1,100,Arterial Highway,NORTHERN,MITCHELL,-37.10728,144.85446,2023,9,September,0,Late Night,Weekend
T20230021710,2023-09-16,13:48:00,4,Collision with a fixed object,6,Saturday,173,RIGHT OFF CARRIAGEWAY INTO OBJECT/PARKED VEHICLE,1,275628,Y intersection,2,80,Arterial Other,WARBURTON-WOODS POINT,YARRA RANGES,-37.562126,145.9033,2023,9,September,13,Midday,Weekend
T20230022233,2023-09-16,12:17:00,1,Collision with vehicle,6,Saturday,163,VEHICLE STRIKES DOOR OF PARKED/STATIONARY VEHICLE,1,781457,T intersection,2,40,Arterial Other,KING,MELBOURNE,-37.812172,144.95378,2023,9,September,12,Midday,Weekend
T20230021825,2023-09-16,10:25:00,1,Collision with vehicle,6,Saturday,110,CROSS TRAFFIC(INTERSECTIONS ONLY),1,701257,Cross intersection,3,100,Local Road,MERIDIAN,MILDURA,-34.16247,141.99704,2023,9,September,10,Midday,Weekend
T20230024205,2023-09-16,14:00:00,1,Collision with vehicle,6,Saturday,124,RIGHT/RIGHT BOTH VEHs FROM OPPOSITE DIRECTIONS TURNING RIGHT,1,57839,Cross intersection,3,80,Arterial Other,SLADEN,CASEY,-38.111702,145.27129,2023,9,September,14,Midday,Weekend
T20230025981,2023-09-16,12:30:00,1,Collision with vehicle,6,Saturday,132,RIGHT REAR.,1,800120,Not at intersection,2,60,Arterial Other,CENTRE,DANDENONG,-37.932087,145.14731,2023,9,September,12,Midday,Weekend
T20230021711,2023-09-16,11:05:00,1,Collision with vehicle,6,Saturday,110,CROSS TRAFFIC(INTERSECTIONS ONLY),1,714,Cross intersection,3,60,Arterial Other,WAVERLEY,MONASH,-37.884705,145.12735,2023,9,September,11,Midday,Weekend
T20230021865,2023-09-16,06:44:00,1,Collision with vehicle,6,Saturday,133,LANE SIDE SWIPE (VEHICLES IN PARALLEL LANES),1,790595,Not at intersection,3,60,Arterial Highway,POINT NEPEAN,MORNINGTON PENINSULA,-38.363136,144.78848,2023,9,September,6,Morning Peak,Weekend
T20230021712,2023-09-16,16:05:00,1,Collision with vehicle,6,Saturday,116,LEFT NEAR (INTERSECTIONS ONLY),1,41659,Cross intersection,2,60,Arterial Other,WAVERLEY,MONASH,-37.882515,145.109,2023,9,September,16,Afternoon Peak,Weekend
T20230021716,2023-09-16,12:09:00,1,Collision with vehicle,6,Saturday,130,REAR END(VEHICLES IN SAME LANE),1,799128,Not at intersection,3,80,Local Road,FORGE CREEK,EAST GIPPSLAND,-37.84771,147.60526,2023,9,September,12,Midday,Weekend
T20230022960,2023-09-16,04:36:00,1,Collision with vehicle,6,Saturday,130,REAR END(VEHICLES IN SAME LANE),3,739894,Cross intersection,3,80,Local Road,WENTWORTH,CASEY,-38.074158,145.27135,2023,9,September,4,Late Night,Weekend
T20230021717,2023-09-16,16:45:00,1,Collision with vehicle,6,Saturday,111,RIGHT FAR (INTERSECTIONS ONLY),1,781923,T intersection,3,60,Local Road,MELVILLE,MOIRA,-36.097244,145.44235,2023,9,September,16,Afternoon Peak,Weekend
T20230021718,2023-09-16,16:45:00,1,Collision with vehicle,6,Saturday,133,LANE SIDE SWIPE (VEHICLES IN PARALLEL LANES),1,782183,Not at intersection,3,60,Arterial Other,BIRREGURRA-FORREST,COLAC OTWAY,-38.51067,143.71716,2023,9,September,16,Afternoon Peak,Weekend
T20230021839,2023-09-17,10:00:00,6,Vehicle overturned (no collision),7,Sunday,174,OUT OF CONTROL ON CARRIAGEWAY (ON STRAIGHT),1,790580,Not at intersection,3,40,Local Road,NELSON,HOBSONS BAY,-37.86164,144.90262,2023,9,September,10,Midday,Weekend
T20230022561,2023-09-17,16:24:00,2,Struck Pedestrian,7,Sunday,100,PED NEAR SIDE. PED HIT BY VEHICLE FROM THE RIGHT.,1,29596,Cross intersection,3,40,Arterial Other,CARLISLE,PORT PHILLIP,-37.868366,144.99036,2023,9,September,16,Afternoon Peak,Weekend
T20230021776,2023-09-17,10:00:00,1,Collision with vehicle,7,Sunday,110,CROSS TRAFFIC(INTERSECTIONS ONLY),1,60388,Cross intersection,3,60,Arterial Highway,PORT FAIRY ROAD -VINCENT,ARARAT,-37.29071,142.927,2023,9,September,10,Midday,Weekend
T20230021781,2023-09-17,12:16:00,4,Collision with a fixed object,7,Sunday,171,LEFT OFF CARRIAGEWAY INTO OBJECT/PARKED VEHICLE,1,781056,Not at intersection,3,50,Local Road,GAREM GAM,CASEY,-38.05966,145.2963,2023,9,September,12,Midday,Weekend
T20230021782,2023-09-17,13:36:00,4,Collision with a fixed object,7,Sunday,171,LEFT OFF CARRIAGEWAY INTO OBJECT/PARKED VEHICLE,1,781762,Not at intersection,3,80,Arterial Other,BALLARAT-DAYLESFORD,HEPBURN,-37.45537,143.9786,2023,9,September,13,Midday,Weekend
T20230021796,2023-09-17,14:30:00,8,No collision and no object struck,7,Sunday,180,OFF CARRIAGEWAY ON RIGHT BEND,1,781637,Not at intersection,2,100,Local Road,KOONWARRA-INVERLOCH,SOUTH GIPPSLAND,-38.5786,145.8318,2023,9,September,14,Midday,Weekend
T20230021792,2023-09-17,13:00:00,1,Collision with vehicle,7,Sunday,130,REAR END(VEHICLES IN SAME LANE),1,797660,Not at intersection,2,70,Arterial Other,CANTERBURY,MAROONDAH,-37.832504,145.2136,2023,9,September,13,Midday,Weekend
T20230022489,2023-09-17,12:10:00,1,Collision with vehicle,7,Sunday,112,LEFT FAR (INTERSECTIONS ONLY),1,29404,Cross intersection,3,80,Arterial Other,PRINCES,CASEY,-38.028954,145.32799,2023,9,September,12,Midday,Weekend
T20230021765,2023-09-17,00:06:00,8,No collision and no object struck,7,Sunday,180,OFF CARRIAGEWAY ON RIGHT BEND,5,797943,Not at intersection,2,50,Local Road,CHANDLER,CARDINIA,-37.923885,145.46622,2023,9,September,0,Late Night,Weekend
T20230024568,2023-09-17,08:00:00,6,Vehicle overturned (no collision),7,Sunday,184,OUT OF CONTROL ON CARRIAGEWAY (ON BEND),1,784173,Y intersection,3,100,Local Road,INDIANS,BENALLA,-36.582386,145.93889,2023,9,September,8,Morning Peak,Weekend
T20230023792,2023-09-17,11:30:00,5,collision with some other object,7,Sunday,166,STRUCK OBJECT ON CARRIAGEWAY,1,782935,Not at intersection,3,100,Freeway,TULLAMARINE,MORELAND,-37.707596,144.89001,2023,9,September,11,Midday,Weekend
T20230021784,2023-09-17,09:53:00,1,Collision with vehicle,7,Sunday,120,HEAD ON (NOT OVERTAKING),1,793434,Not at intersection,1,100,Arterial Other,GEMBROOK-LAUNCHING PLACE,CARDINIA,-37.92374,145.56076,2023,9,September,9,Morning Peak,Weekend
T20230021802,2023-09-17,10:10:00,1,Collision with vehicle,7,Sunday,120,HEAD ON (NOT OVERTAKING),1,781158,Not at intersection,1,100,Local Road,NEROWIE,MOORABOOL,-37.748318,144.4734,2023,9,September,10,Midday,Weekend
T20230021806,2023-09-17,09:57:00,4,Collision with a fixed object,7,Sunday,181,OFF RIGHT BEND INTO OBJECT/PARKED VEHICLE,1,797605,Not at intersection,2,100,Arterial Highway,SUNRAYSIA,BULOKE,-35.73723,142.67267,2023,9,September,9,Morning Peak,Weekend
T20230021807,2023-09-17,18:32:00,1,Collision with vehicle,7,Sunday,133,LANE SIDE SWIPE (VEHICLES IN PARALLEL LANES),3,43620,Cross intersection,3,80,Arterial Highway,PRINCES,CASEY,-38.01419,145.29015,2023,9,September,18,Afternoon Peak,Weekend
T20230021808,2023-09-17,17:40:00,1,Collision with vehicle,7,Sunday,133,LANE SIDE SWIPE (VEHICLES IN PARALLEL LANES),1,788521,Not at intersection,2,80,Arterial Other,CANTERBURY,YARRA RANGES,-37.81373,145.33269,2023,9,September,17,Afternoon Peak,Weekend
T20230021811,2023-09-17,18:52:00,1,Collision with vehicle,7,Sunday,134,LANE CHANGE RIGHT (NOT OVERTAKING),3,781835,Not at intersection,2,100,Freeway,WESTERN RING,BRIMBANK,-37.787903,144.78836,2023,9,September,18,Afternoon Peak,Weekend
T20230021812,2023-09-17,18:43:00,1,Collision with vehicle,7,Sunday,130,REAR END(VEHICLES IN SAME LANE),3,339916,Not at intersection,2,100,Freeway,MONASH,DANDENONG,-37.95794,145.22234,2023,9,September,18,Afternoon Peak,Weekend
T20230021813,2023-09-17,19:34:00,1,Collision with vehicle,7,Sunday,110,CROSS TRAFFIC(INTERSECTIONS ONLY),3,44177,Cross intersection,3,50,Local Road,BAYVIEW,MORNINGTON PENINSULA,-38.37347,144.90848,2023,9,September,19,Night,Weekend
T20230021818,2023-09-17,22:30:00,6,Vehicle overturned (no collision),7,Sunday,174,OUT OF CONTROL ON CARRIAGEWAY (ON STRAIGHT),5,790571,Not at intersection,3,80,Local Road,WANGANUI,SHEPPARTON,-36.34754,145.38986,2023,9,September,22,Night,Weekend
T20230021800,2023-09-17,15:30:00,6,Vehicle overturned (no collision),7,Sunday,180,OFF CARRIAGEWAY ON RIGHT BEND,1,791880,Not at intersection,3,80,Local Road,LONGWARRY,BAW BAW,-38.115406,145.82391,2023,9,September,15,Afternoon Peak,Weekend
T20230021801,2023-09-17,17:29:00,1,Collision with vehicle,7,Sunday,110,CROSS TRAFFIC(INTERSECTIONS ONLY),2,51953,Cross intersection,3,60,Arterial Highway,MAIN,EAST GIPPSLAND,-37.826775,147.62682,2023,9,September,17,Afternoon Peak,Weekend
T20230021866,2023-09-17,18:30:00,6,Vehicle overturned (no collision),7,Sunday,174,OUT OF CONTROL ON CARRIAGEWAY (ON STRAIGHT),1,781060,Not at intersection,3,50,Local Road,ATKINSON,MONASH,-37.895966,145.09296,2023,9,September,18,Afternoon Peak,Weekend
T20230021917,2023-09-18,11:11:00,1,Collision with vehicle,1,Monday,160,VEHICLE COLLIDES WITH VEHICLE PARKED ON LEFT OF ROAD,1,800164,Not at intersection,2,60,Local Road,GLADSTONE,DANDENONG,-37.963604,145.20602,2023,9,September,11,Midday,Weekday
T20230021966,2023-09-18,15:53:00,1,Collision with vehicle,1,Monday,130,REAR END(VEHICLES IN SAME LANE),1,338534,Not at intersection,2,60,Arterial Highway,FOOTSCRAY,MELBOURNE,-37.81072,144.939,2023,9,September,15,Afternoon Peak,Weekday
T20230021902,2023-09-18,20:10:00,1,Collision with vehicle,1,Monday,120,HEAD ON (NOT OVERTAKING),3,57595,T intersection,3,70,Arterial Other,CENTRE DANDENONG,KINGSTON,-37.969704,145.09073,2023,9,September,20,Night,Weekday
T20230021903,2023-09-18,17:08:00,1,Collision with vehicle,1,Monday,160,VEHICLE COLLIDES WITH VEHICLE PARKED ON LEFT OF ROAD,1,791530,Not at intersection,3,60,Arterial Other,MURRUMBEENA,GLEN EIRA,-37.90493,145.0622,2023,9,September,17,Afternoon Peak,Weekday
T20230022099,2023-09-18,09:20:00,1,Collision with vehicle,1,Monday,130,REAR END(VEHICLES IN SAME LANE),1,775745,Not at intersection,3,60,Local Road,BOUNDARY,MELTON,-37.80731,144.7142,2023,9,September,9,Morning Peak,Weekday
T20230021851,2023-09-18,12:40:00,1,Collision with vehicle,1,Monday,130,REAR END(VEHICLES IN SAME LANE),1,51553,T intersection,3,80,Arterial Highway,CALDER,BENDIGO,-36.74275,144.2112,2023,9,September,12,Midday,Weekday
T20230022089,2023-09-18,13:50:00,1,Collision with vehicle,1,Monday,130,REAR END(VEHICLES IN SAME LANE),1,45558,T intersection,2,60,Local Road,FLEMING,MORELAND,-37.776222,144.94513,2023,9,September,13,Midday,Weekday
T20230022217,2023-09-18,16:00:00,1,Collision with vehicle,1,Monday,135,LANE CHANGE LEFT (NOT OVERTAKING),1,781456,Not at intersection,3,60,Arterial Highway,STUD,DANDENONG,-37.97748,145.22214,2023,9,September,16,Afternoon Peak,Weekday
T20230021840,2023-09-18,09:59:00,1,Collision with vehicle,1,Monday,122,LEFT THROUGH,1,37273,Cross intersection,2,80,Arterial Other,CRANBOURNE,CASEY,-38.034668,145.30554,2023,9,September,9,Morning Peak,Weekday
T20230021844,2023-09-18,11:05:00,1,Collision with vehicle,1,Monday,130,REAR END(VEHICLES IN SAME LANE),1,800632,T intersection,2,100,Freeway,HUME,WHITTLESEA,-37.64319,144.9915,2023,9,September,11,Midday,Weekday
T20230021849,2023-09-18,12:03:00,2,Struck Pedestrian,1,Monday,103,PED PLAYING/LYING/WORKING/STANDING ON CARRIAGEWAY.,1,781058,Not at intersection,3,50,Local Road,DEN DULK,HOBSONS BAY,-37.872272,144.81003,2023,9,September,12,Midday,Weekday
T20230023137,2023-09-18,10:00:00,1,Collision with vehicle,1,Monday,121,RIGHT THROUGH,1,36893,Cross intersection,2,50,Local Road,ST JAMES,DANDENONG,-37.95376,145.14679,2023,9,September,10,Midday,Weekday
T20230024099,2023-09-18,14:50:00,1,Collision with vehicle,1,Monday,110,CROSS TRAFFIC(INTERSECTIONS ONLY),1,50267,Cross intersection,3,60,Arterial Highway,BELLARINE,GEELONG,-38.226074,144.54192,2023,9,September,14,Midday,Weekday
T20230021915,2023-09-18,22:15:00,1,Collision with vehicle,1,Monday,121,RIGHT THROUGH,3,29795,Cross intersection,2,70,Non Arterial,HENRY,CARDINIA,-38.086327,145.4721,2023,9,September,22,Night,Weekday
T20230022003,2023-09-18,22:00:00,6,Vehicle overturned (no collision),1,Monday,180,OFF CARRIAGEWAY ON RIGHT BEND,5,785769,Not at intersection,3,80,Arterial Other,DON,YARRA RANGES,-37.692112,145.55118,2023,9,September,22,Night,Weekday
T20230021894,2023-09-18,18:00:00,4,Collision with a fixed object,1,Monday,173,RIGHT OFF CARRIAGEWAY INTO OBJECT/PARKED VEHICLE,2,785078,Not at intersection,2,60,Arterial Other,RYRIE,GEELONG,-38.153008,144.37306,2023,9,September,18,Afternoon Peak,Weekday
T20230021895,2023-09-18,19:10:00,1,Collision with vehicle,1,Monday,130,REAR END(VEHICLES IN SAME LANE),3,781452,Not at intersection,2,60,Arterial Other,BREAKWATER,GEELONG,-38.18082,144.35413,2023,9,September,19,Night,Weekday
T20230021821,2023-09-18,03:30:00,4,Collision with a fixed object,1,Monday,173,RIGHT OFF CARRIAGEWAY INTO OBJECT/PARKED VEHICLE,3,781253,Not at intersection,3,60,Local Road,BULMANS,MELTON,-37.677532,144.5509,2023,9,September,3,Late Night,Weekday
T20230021822,2023-09-18,02:21:00,4,Collision with a fixed object,1,Monday,171,LEFT OFF CARRIAGEWAY INTO OBJECT/PARKED VEHICLE,3,791876,T intersection,2,80,Arterial Highway,WELLINGTON,MONASH,-37.919456,145.16481,2023,9,September,2,Late Night,Weekday
T20230021905,2023-09-18,20:40:00,1,Collision with vehicle,1,Monday,110,CROSS TRAFFIC(INTERSECTIONS ONLY),3,49899,Cross intersection,3,40,Local Road,AUTUMN,GEELONG,-38.14307,144.34784,2023,9,September,20,Night,Weekday
T20230021912,2023-09-18,15:34:00,1,Collision with vehicle,1,Monday,121,RIGHT THROUGH,1,38868,Cross intersection,2,60,Arterial Other,BARKERS,BOROONDARA,-37.812737,145.02026,2023,9,September,15,Afternoon Peak,Weekday
T20230021900,2023-09-18,15:20:00,1,Collision with vehicle,1,Monday,110,CROSS TRAFFIC(INTERSECTIONS ONLY),1,40239,Cross intersection,2,60,Local Road,ALBANY,STONNINGTON,-37.845352,145.02243,2023,9,September,15,Afternoon Peak,Weekday
T20230021883,2023-09-18,16:15:00,1,Collision with vehicle,1,Monday,113,RIGHT NEAR (INTERSECTIONS ONLY),1,234746,Cross intersection,3,70,Arterial Other,EPPING,WHITTLESEA,-37.65311,145.02284,2023,9,September,16,Afternoon Peak,Weekday
T20230021885,2023-09-18,15:16:00,4,Collision with a fixed object,1,Monday,164,PERMANENT OBSTRUCTION ON CARRIAGEWAY,1,786998,Not at intersection,3,100,Freeway,MONASH,CASEY,-38.002575,145.29599,2023,9,September,15,Afternoon Peak,Weekday
T20230023630,2023-09-18,17:50:00,1,Collision with vehicle,1,Monday,135,LANE CHANGE LEFT (NOT OVERTAKING),3,790393,Not at intersection,3,80,Freeway,PRINCES,HOBSONS BAY,-37.836254,144.80338,2023,9,September,17,Afternoon Peak,Weekday
T20230021862,2023-09-18,13:18:00,4,Collision with a fixed object,1,Monday,171,LEFT OFF CARRIAGEWAY INTO OBJECT/PARKED VEHICLE,1,791875,Cross intersection,2,50,Local Road,HOPETOUN,STONNINGTON,-37.848305,145.02814,2023,9,September,13,Midday,Weekday
T20230021923,2023-09-18,08:46:00,1,Collision with vehicle,1,Monday,110,CROSS TRAFFIC(INTERSECTIONS ONLY),1,44081,Cross intersection,3,50,Arterial Highway,NEPEAN,MORNINGTON PENINSULA,-38.328457,144.97726,2023,9,September,8,Morning Peak,Weekday
T20230022123,2023-09-18,21:00:00,1,Collision with vehicle,1,Monday,148,VEHICLE OFF FOOTPATH STRIKES VEH ON CARRIAGEWAY,5,783654,Not at intersection,3,80,Local Road,GREENHALGHS,BALLARAT,-37.58232,143.78882,2023,9,September,21,Night,Weekday
T20230021887,2023-09-18,14:34:00,1,Collision with vehicle,1,Monday,135,LANE CHANGE LEFT (NOT OVERTAKING),1,781151,Not at intersection,3,60,Arterial Other,MOUNT DANDENONG,YARRA RANGES,-37.802197,145.31071,2023,9,September,14,Midday,Weekday
T20230022764,2023-09-18,13:00:00,7,Fall from or in moving vehicle,1,Monday,179,OTHER ACCIDENTS-OFF STRAIGHT NOT INCLUDED IN DCAs 170-175,1,791692,Not at intersection,3,50,Local Road,LODDEN,BRIMBANK,-37.77304,144.83354,2023,9,September,13,Midday,Weekday
T20230021871,2023-09-18,14:17:00,1,Collision with vehicle,1,Monday,130,REAR END(VEHICLES IN SAME LANE),1,782950,Not at intersection,3,100,Freeway,PRINCES,HOBSONS BAY,-37.857685,144.77797,2023,9,September,14,Midday,Weekday
T20230021904,2023-09-18,20:44:00,1,Collision with vehicle,1,Monday,121,RIGHT THROUGH,3,355313,Cross intersection,3,80,Arterial Highway,MOOROOLBARK,YARRA RANGES,-37.76122,145.33429,2023,9,September,20,Night,Weekday