ACCIDENT_NO,ACCIDENT_DATE,ACCIDENT_TIME,ACCIDENT_TYPE,ACCIDENT_TYPE_DESC,DAY_OF_WEEK,DAY_WEEK_DESC,DCA_CODE,DCA_DESC,LIGHT_CONDITION,NODE_ID,ROAD_GEOMETRY_DESC,SEVERITY,SPEED_ZONE,RMA,ROAD_NAME,LGA_NAME,LATITUDE,LONGITUDE,YEAR,MONTH,MONTH_NAME,HOUR,TIME_PERIOD,DAY_TYPE
T20230021879,2023-09-18,14:00:00,1,Collision with vehicle,1,Monday,130,REAR END(VEHICLES IN SAME LANE),1,45432,Cross intersection,3,60,Arterial Other,ASCOT VALE,MOONEE VALLEY,-37.77164,144.92409,2023,9,September,14,Midday,Weekday
T20230021889,2023-09-18,15:14:00,4,Collision with a fixed object,1,Monday,171,LEFT OFF CARRIAGEWAY INTO OBJECT/PARKED VEHICLE,1,796215,Not at intersection,2,100,Local Road,LORENZS,MOIRA,-35.992844,145.50543,2023,9,September,15,Afternoon Peak,Weekday
T20230021835,2023-09-18,07:30:00,1,Collision with vehicle,1,Monday,120,HEAD ON (NOT OVERTAKING),1,791877,Not at intersection,2,60,Arterial Other,LOWER HEIDELBERG,BANYULE,-37.7672,145.06654,2023,9,September,7,Morning Peak,Weekday
T20230021901,2023-09-18,19:00:00,1,Collision with vehicle,1,Monday,137,LEFT TURN SIDESWIPE,2,38051,Cross intersection,3,60,Arterial Other,HEIDELBERG,DAREBIN,-37.7834,145.01738,2023,9,September,19,Night,Weekday
T20230021837,2023-09-18,07:42:00,1,Collision with vehicle,1,Monday,110,CROSS TRAFFIC(INTERSECTIONS ONLY),1,278563,Cross intersection,3,50,Local Road,LOCKY,CASEY,-38.075275,145.24498,2023,9,September,7,Morning Peak,Weekday
T20230023048,2023-09-18,18:57:00,1,Collision with vehicle,1,Monday,130,REAR END(VEHICLES IN SAME LANE),2,790547,Not at intersection,3,60,Local Road,FANNING,MELBOURNE,-37.82133,144.96721,2023,9,September,18,Afternoon Peak,Weekday
T20230021997,2023-09-19,20:32:00,1,Collision with vehicle,2,Tuesday,113,RIGHT NEAR (INTERSECTIONS ONLY),3,35339,T intersection,3,70,Arterial Other,EDGARS,WHITTLESEA,-37.672535,145.00171,2023,9,September,20,Night,Weekday
T20230022122,2023-09-19,20:05:00,1,Collision with vehicle,2,Tuesday,111,RIGHT FAR (INTERSECTIONS ONLY),3,37490,Cross intersection,3,60,Arterial Other,FERRARS,PORT PHILLIP,-37.83108,144.95407,2023,9,September,20,Night,Weekday
T20230021963,2023-09-19,14:45:00,4,Collision with a fixed object,2,Tuesday,183,OFF LEFT BEND INTO OBJECT/PARKED VEHICLE,1,791863,Not at intersection,2,50,Local Road,ORWIL,FRANKSTON,-38.13086,145.13399,2023,9,September,14,Midday,Weekday
T20230022630,2023-09-19,13:45:00,1,Collision with vehicle,2,Tuesday,131,LEFT REAR,1,781877,T intersection,3,70,Arterial Other,SYDNEY,HUME,-37.67749,144.95647,2023,9,September,13,Midday,Weekday
T20230022000,2023-09-19,21:50:00,1,Collision with vehicle,2,Tuesday,160,VEHICLE COLLIDES WITH VEHICLE PARKED ON LEFT OF ROAD,5,781260,Not at intersection,2,60,Local Road,WILLIAM ANGLISS,WYNDHAM,-37.817547,144.77249,2023,9,September,21,Night,Weekday
T20230021999,2023-09-19,21:15:00,1,Collision with vehicle,2,Tuesday,110,CROSS TRAFFIC(INTERSECTIONS ONLY),9,67970,Cross intersection,3,60,Local Road,QUEEN,HOBSONS BAY,-37.869896,144.82451,2023,9,September,21,Night,Weekday
T20230021996,2023-09-19,21:30:00,1,Collision with vehicle,2,Tuesday,131,LEFT REAR,3,41565,T intersection,2,60,Arterial Highway,WARRIGAL,MONASH,-37.89713,145.08742,2023,9,September,21,Night,Weekday
T20230021992,2023-09-19,17:00:00,1,Collision with vehicle,2,Tuesday,111,RIGHT FAR (INTERSECTIONS ONLY),1,58571,T intersection,3,60,Local Road,DARLING,CAMPASPE,-36.129906,144.75404,2023,9,September,17,Afternoon Peak,Weekday
T20230021990,2023-09-19,14:16:00,6,Vehicle overturned (no collision),2,Tuesday,172,OFF CARRIAGEWAY TO RIGHT,1,781351,Not at intersection,2,80,Local Road,MOUNT COTTRELL,WYNDHAM,-37.807514,144.60255,2023,9,September,14,Midday,Weekday
T20230021989,2023-09-19,15:04:00,1,Collision with vehicle,2,Tuesday,130,REAR END(VEHICLES IN SAME LANE),1,781259,T intersection,3,60,Local Road,BERKSHIRE,BRIMBANK,-37.764774,144.8312,2023,9,September,15,Afternoon Peak,Weekday
T20230021988,2023-09-19,19:35:00,1,Collision with vehicle,2,Tuesday,110,CROSS TRAFFIC(INTERSECTIONS ONLY),5,50407,Cross intersection,3,80,Local Road,PYRAMID ROCK,BASS COAST,-38.482094,145.22014,2023,9,September,19,Night,Weekday
T20230021979,2023-09-19,17:06:00,1,Collision with vehicle,2,Tuesday,130,REAR END(VEHICLES IN SAME LANE),3,101670,Not at intersection,3,60,Local Road,CORRIGAN,DANDENONG,-37.980278,145.16544,2023,9,September,17,Afternoon Peak,Weekday
T20230021977,2023-09-19,14:00:00,1,Collision with vehicle,2,Tuesday,130,REAR END(VEHICLES IN SAME LANE),1,790388,Cross intersection,3,60,Arterial Other,ASCOT VALE,MOONEE VALLEY,-37.77161,144.92409,2023,9,September,14,Midday,Weekday
T20230021971,2023-09-19,13:50:00,4,Collision with a fixed object,2,Tuesday,183,OFF LEFT BEND INTO OBJECT/PARKED VEHICLE,1,781427,Not at intersection,2,80,Arterial Other,MARYSVILLE-WOODS POINT,MURRINDINDI,-37.530445,145.82307,2023,9,September,13,Midday,Weekday
T20230021969,2023-09-19,15:02:00,1,Collision with vehicle,2,Tuesday,121,RIGHT THROUGH,1,337915,T intersection,2,80,Arterial Other,BERWICK-CRANBOURNE,CASEY,-38.114037,145.32812,2023,9,September,15,Afternoon Peak,Weekday
T20230021967,2023-09-19,12:00:00,2,Struck Pedestrian,2,Tuesday,100,PED NEAR SIDE. PED HIT BY VEHICLE FROM THE RIGHT.,1,653283,Cross intersection,2,80,Arterial Other,CRANBOURNE-FRANKSTON,FRANKSTON,-38.144615,145.20502,2023,9,September,12,Midday,Weekday
T20230021962,2023-09-19,15:20:00,6,Vehicle overturned (no collision),2,Tuesday,174,OUT OF CONTROL ON CARRIAGEWAY (ON STRAIGHT),1,781256,Not at intersection,2,40,Arterial Other,DUDLEY,MELBOURNE,-37.811222,144.94713,2023,9,September,15,Afternoon Peak,Weekday
T20230021960,2023-09-19,13:30:00,1,Collision with vehicle,2,Tuesday,113,RIGHT NEAR (INTERSECTIONS ONLY),1,795,Cross intersection,2,80,Arterial Highway,WELLINGTON,MONASH,-37.918484,145.1587,2023,9,September,13,Midday,Weekday
T20230021957,2023-09-19,14:10:00,1,Collision with vehicle,2,Tuesday,121,RIGHT THROUGH,1,791865,Not at intersection,2,100,Arterial Highway,PRINCES,GLENELG,-38.189953,141.61794,2023,9,September,14,Midday,Weekday
T20230021956,2023-09-19,10:41:00,1,Collision with vehicle,2,Tuesday,113,RIGHT NEAR (INTERSECTIONS ONLY),1,72560,T intersection,3,60,Arterial Other,LLOYD,LATROBE,-38.179787,146.25113,2023,9,September,10,Midday,Weekday
T20230021955,2023-09-19,07:40:00,1,Collision with vehicle,2,Tuesday,110,CROSS TRAFFIC(INTERSECTIONS ONLY),1,36172,Cross intersection,3,60,Arterial Other,CHANDLER,DANDENONG,-37.984547,145.18379,2023,9,September,7,Morning Peak,Weekday
T20230021952,2023-09-19,12:49:00,4,Collision with a fixed object,2,Tuesday,171,LEFT OFF CARRIAGEWAY INTO OBJECT/PARKED VEHICLE,1,277699,T intersection,2,80,Arterial Other,PRINCES,CARDINIA,-38.061806,145.44264,2023,9,September,12,Midday,Weekday
T20230021951,2023-09-19,13:20:00,1,Collision with vehicle,2,Tuesday,130,REAR END(VEHICLES IN SAME LANE),1,800087,Not at intersection,3,80,Freeway,PRINCES,HOBSONS BAY,-37.83563,144.8047,2023,9,September,13,Midday,Weekday
T20230021948,2023-09-19,12:00:00,1,Collision with vehicle,2,Tuesday,110,CROSS TRAFFIC(INTERSECTIONS ONLY),1,22742,Cross intersection,2,60,Local Road,HARBOURS,MOORABOOL,-37.636986,143.97267,2023,9,September,12,Midday,Weekday
T20230021940,2023-09-19,10:48:00,6,Vehicle overturned (no collision),2,Tuesday,184,OUT OF CONTROL ON CARRIAGEWAY (ON BEND),1,40282,Cross intersection,3,60,Arterial Other,BALACLAVA,GLEN EIRA,-37.872673,145.02472,2023,9,September,10,Midday,Weekday
T20230021938,2023-09-19,11:00:00,1,Collision with vehicle,2,Tuesday,113,RIGHT NEAR (INTERSECTIONS ONLY),1,344630,T intersection,3,50,Local Road,LYNBROOK,CASEY,-38.051743,145.25507,2023,9,September,11,Midday,Weekday
T20230021931,2023-09-19,08:30:00,1,Collision with vehicle,2,Tuesday,121,RIGHT THROUGH,1,56017,Cross intersection,2,60,Arterial Other,EDGARS,WHITTLESEA,-37.649986,145.00537,2023,9,September,8,Morning Peak,Weekday
T20230022321,2023-09-19,16:45:00,1,Collision with vehicle,2,Tuesday,130,REAR END(VEHICLES IN SAME LANE),1,800089,Not at intersection,3,60,Local Road,HALL,HOBSONS BAY,-37.829937,144.88632,2023,9,September,16,Afternoon Peak,Weekday
T20230021925,2023-09-19,05:33:00,2,Struck Pedestrian,2,Tuesday,102,FAR SIDE. PED HIT BY VEHICLE FROM THE LEFT,3,781254,Not at intersection,2,60,Arterial Highway,STUD,DANDENONG,-37.984554,145.22086,2023,9,September,5,Morning Peak,Weekday
T20230021924,2023-09-19,06:37:00,4,Collision with a fixed object,2,Tuesday,181,OFF RIGHT BEND INTO OBJECT/PARKED VEHICLE,1,791861,Not at intersection,2,60,Local Road,DRUMMOND,SHEPPARTON,-36.37045,145.4231,2023,9,September,6,Morning Peak,Weekday
T20230022251,2023-09-19,09:50:00,1,Collision with vehicle,2,Tuesday,130,REAR END(VEHICLES IN SAME LANE),1,800990,Not at intersection,2,50,Local Road,LICHFIELD,HUME,-37.687786,144.91585,2023,9,September,9,Morning Peak,Weekday
T20230022192,2023-09-19,12:40:00,1,Collision with vehicle,2,Tuesday,130,REAR END(VEHICLES IN SAME LANE),1,791859,Not at intersection,2,80,Arterial Other,BALLARTO,CARDINIA,-38.146564,145.42813,2023,9,September,12,Midday,Weekday
T20230026694,2023-09-19,12:08:00,1,Collision with vehicle,2,Tuesday,113,RIGHT NEAR (INTERSECTIONS ONLY),1,15342,T intersection,3,80,Arterial Other,WOODS POINT,YARRA RANGES,-37.725704,145.76219,2023,9,September,12,Midday,Weekday
T20230023123,2023-09-19,14:00:00,1,Collision with vehicle,2,Tuesday,140,U TURN,1,783311,Not at intersection,3,60,Arterial Highway,WARBURTON,YARRA RANGES,-37.779533,145.42766,2023,9,September,14,Midday,Weekday
T20230022034,2023-09-20,06:41:00,1,Collision with vehicle,3,Wednesday,135,LANE CHANGE LEFT (NOT OVERTAKING),1,791246,Not at intersection,2,50,Local Road,PAKINGTON,GEELONG,-38.13258,144.34985,2023,9,September,6,Morning Peak,Weekday
T20230022698,2023-09-20,19:15:00,1,Collision with vehicle,3,Wednesday,130,REAR END(VEHICLES IN SAME LANE),2,94761,Cross intersection,3,50,Arterial Other,HOTHAM,GLEN EIRA,-37.87692,144.998,2023,9,September,19,Night,Weekday
T20230022079,2023-09-20,23:30:00,4,Collision with a fixed object,3,Wednesday,171,LEFT OFF CARRIAGEWAY INTO OBJECT/PARKED VEHICLE,5,794604,Not at intersection,1,100,Arterial Highway,MAROONDAH,MURRINDINDI,-37.033077,145.67729,2023,9,September,23,Night,Weekday
T20230022002,2023-09-20,00:15:00,1,Collision with vehicle,3,Wednesday,163,VEHICLE STRIKES DOOR OF PARKED/STATIONARY VEHICLE,3,790320,Not at intersection,3,40,Local Road,BOURKE,MELBOURNE,-37.81302,144.96739,2023,9,September,0,Late Night,Weekday
T20230022018,2023-09-20,09:40:00,4,Collision with a fixed object,3,Wednesday,173,RIGHT OFF CARRIAGEWAY INTO OBJECT/PARKED VEHICLE,1,790335,Not at intersection,2,80,Arterial Other,BALLARTO,CASEY,-38.141266,145.38614,2023,9,September,9,Morning Peak,Weekday
T20230022075,2023-09-20,01:30:00,2,Struck Pedestrian,3,Wednesday,103,PED PLAYING/LYING/WORKING/STANDING ON CARRIAGEWAY.,5,792988,Not at intersection,2,50,Local Road,CARLTON,DANDENONG,-37.960724,145.2192,2023,9,September,1,Late Night,Weekday
T20230023594,2023-09-20,08:45:00,1,Collision with vehicle,3,Wednesday,131,LEFT REAR,1,782736,T intersection,3,60,Local Road,ELIZABETH,HUME,-37.5928,144.70781,2023,9,September,8,Morning Peak,Weekday
T20230022067,2023-09-20,20:39:00,1,Collision with vehicle,3,Wednesday,121,RIGHT THROUGH,3,37342,T intersection,3,50,Local Road,ALBATROSS,WYNDHAM,-37.88798,144.66989,2023,9,September,20,Night,Weekday
T20230022046,2023-09-20,15:50:00,2,Struck Pedestrian,3,Wednesday,100,PED NEAR SIDE. PED HIT BY VEHICLE FROM THE RIGHT.,1,291434,Cross intersection,2,60,Arterial Other,ROYAL,MELBOURNE,-37.792553,144.95845,2023,9,September,15,Afternoon Peak,Weekday
T20230026772,2023-09-20,06:10:00,1,Collision with vehicle,3,Wednesday,130,REAR END(VEHICLES IN SAME LANE),2,788966,Not at intersection,3,80,Arterial Highway,DINGLEY,KINGSTON,-37.93966,145.08665,2023,9,September,6,Morning Peak,Weekday
T20230022007,2023-09-20,06:43:00,1,Collision with vehicle,3,Wednesday,130,REAR END(VEHICLES IN SAME LANE),2,212441,Not at intersection,3,40,Arterial Other,BRUNSWICK,YARRA,-37.79251,144.97945,2023,9,September,6,Morning Peak,Weekday
T20230022048,2023-09-20,07:30:00,1,Collision with vehicle,3,Wednesday,130,REAR END(VEHICLES IN SAME LANE),1,781893,Not at intersection,3,60,Arterial Other,FITZSIMONS,NILLUMBIK,-37.733402,145.13663,2023,9,September,7,Morning Peak,Weekday
T20230022061,2023-09-20,12:37:00,2,Struck Pedestrian,3,Wednesday,109,ANY MANOEUVRE INVOLVING PED NOT INCLUDED IN DCAs 100-108.,1,785770,Not at intersection,2,60,Local Road,FRANKSTON GARDENS,FRANKSTON,-38.103474,145.16034,2023,9,September,12,Midday,Weekday
T20230022056,2023-09-20,15:22:00,1,Collision with vehicle,3,Wednesday,147,VEHICLE STRIKES ANOTHER VEH WHILE EMERGING FROM DRIVEWAY,1,69376,T intersection,3,50,Local Road,BLAIR,GLEN EIRA,-37.915356,145.03691,2023,9,September,15,Afternoon Peak,Weekday
T20230022054,2023-09-20,15:05:00,1,Collision with vehicle,3,Wednesday,130,REAR END(VEHICLES IN SAME LANE),1,784669,Not at intersection,2,60,Arterial Other,HALLAM,CASEY,-38.031013,145.26811,2023,9,September,15,Afternoon Peak,Weekday
T20230022050,2023-09-20,15:00:00,4,Collision with a fixed object,3,Wednesday,173,RIGHT OFF CARRIAGEWAY INTO OBJECT/PARKED VEHICLE,1,57571,Cross intersection,3,60,Arterial Highway,NORTH,MONASH,-37.91364,145.12189,2023,9,September,15,Afternoon Peak,Weekday
T20230022013,2023-09-20,07:10:00,1,Collision with vehicle,3,Wednesday,120,HEAD ON (NOT OVERTAKING),1,790337,Not at intersection,2,60,Local Road,MAIN,BRIMBANK,-37.74117,144.7723,2023,9,September,7,Morning Peak,Weekday
T20230022015,2023-09-20,08:47:00,1,Collision with vehicle,3,Wednesday,110,CROSS TRAFFIC(INTERSECTIONS ONLY),1,51959,Cross intersection,3,60,Arterial Highway,MAIN,EAST GIPPSLAND,-37.829468,147.61444,2023,9,September,8,Morning Peak,Weekday
T20230022045,2023-09-20,12:30:00,1,Collision with vehicle,3,Wednesday,130,REAR END(VEHICLES IN SAME LANE),1,785239,Not at intersection,2,100,Arterial Highway,PRINCES,CORANGAMITE,-38.21755,142.98369,2023,9,September,12,Midday,Weekday
T20230022035,2023-09-20,10:30:00,1,Collision with vehicle,3,Wednesday,130,REAR END(VEHICLES IN SAME LANE),1,781353,Not at intersection,3,70,Arterial Other,SYDNEY,MORELAND,-37.694607,144.95908,2023,9,September,10,Midday,Weekday
T20230022032,2023-09-20,12:00:00,1,Collision with vehicle,3,Wednesday,130,REAR END(VEHICLES IN SAME LANE),1,790354,Not at intersection,3,60,Arterial Other,DERRIMUT,WYNDHAM,-37.835808,144.69078,2023,9,September,12,Midday,Weekday
T20230022227,2023-09-20,08:14:00,1,Collision with vehicle,3,Wednesday,130,REAR END(VEHICLES IN SAME LANE),1,781439,Not at intersection,3,80,Freeway,BURNLEY,MELBOURNE,-37.825893,144.96786,2023,9,September,8,Morning Peak,Weekday
T20230022047,2023-09-20,07:48:00,1,Collision with vehicle,3,Wednesday,116,LEFT NEAR (INTERSECTIONS ONLY),1,232837,T intersection,3,60,Local Road,BARRY,KNOX,-37.847713,145.28096,2023,9,September,7,Morning Peak,Weekday
T20230022088,2023-09-20,07:28:00,2,Struck Pedestrian,3,Wednesday,106,VEH STRIKES PED ON FOOTPATH/MEDIAN/TRAFFIC ISLAND.,1,790344,Cross intersection,3,60,Arterial Other,MURRAY,DAREBIN,-37.737537,144.99965,2023,9,September,7,Morning Peak,Weekday
T20230026057,2023-09-20,06:10:00,3,Struck animal,3,Wednesday,167,STRUCK ANIMAL,2,800546,T intersection,3,100,Local Road,HUNTLY-FOSTERVILLE,BENDIGO,-36.69196,144.47913,2023,9,September,6,Morning Peak,Weekday
T20230022359,2023-09-20,15:00:00,1,Collision with vehicle,3,Wednesday,121,RIGHT THROUGH,1,313172,Cross intersection,3,50,Local Road,SALISBURY,WANGARATTA,-36.37769,146.3123,2023,9,September,15,Afternoon Peak,Weekday
T20230026217,2023-09-20,08:40:00,4,Collision with a fixed object,3,Wednesday,183,OFF LEFT BEND INTO OBJECT/PARKED VEHICLE,1,780686,Not at intersection,3,70,Local Road,MACCLESFIELD,YARRA RANGES,-37.84616,145.48474,2023,9,September,8,Morning Peak,Weekday
T20230022623,2023-09-20,23:00:00,5,collision with some other object,3,Wednesday,166,STRUCK OBJECT ON CARRIAGEWAY,3,781851,Not at intersection,2,100,Freeway,HUME,WHITTLESEA,-37.67969,144.98524,2023,9,September,23,Night,Weekday
T20230022147,2023-09-21,14:37:00,1,Collision with vehicle,4,Thursday,120,HEAD ON (NOT OVERTAKING),1,782056,Not at intersection,3,100,Local Road,MIA MIA-DERRINAL,BENDIGO,-36.908897,144.60725,2023,9,September,14,Midday,Weekday
T20230022140,2023-09-21,09:59:00,1,Collision with vehicle,4,Thursday,140,U TURN,1,781837,T intersection,2,80,Arterial Highway,MCIVOR,BENDIGO,-36.77167,144.38966,2023,9,September,9,Morning Peak,Weekday
T20230022138,2023-09-21,11:18:00,1,Collision with vehicle,4,Thursday,130,REAR END(VEHICLES IN SAME LANE),1,800015,Not at intersection,3,80,Arterial Other,HUME,HUME,-37.58392,144.94077,2023,9,September,11,Midday,Weekday
T20230022137,2023-09-21,14:30:00,1,Collision with vehicle,4,Thursday,121,RIGHT THROUGH,1,29783,T intersection,3,60,Arterial Other,HIGH,DAREBIN,-37.70884,145.00894,2023,9,September,14,Midday,Weekday
T20230022133,2023-09-21,14:46:00,1,Collision with vehicle,4,Thursday,147,VEHICLE STRIKES ANOTHER VEH WHILE EMERGING FROM DRIVEWAY,1,790301,Not at intersection,3,50,Local Road,ROTINO,WHITTLESEA,-37.66646,144.98401,2023,9,September,14,Midday,Weekday
T20230022132,2023-09-21,15:00:00,1,Collision with vehicle,4,Thursday,149,OTHER MANOEUVRING NOT INCLUDED IN DCAs 140-148,1,781454,Not at intersection,3,40,Local Road,HIGH,MORNINGTON PENINSULA,-38.30771,145.19127,2023,9,September,15,Afternoon Peak,Weekday
T20230022125,2023-09-21,09:30:00,1,Collision with vehicle,4,Thursday,111,RIGHT FAR (INTERSECTIONS ONLY),1,277699,Cross intersection,3,80,Arterial Other,PRINCES,CARDINIA,-38.061806,145.44264,2023,9,September,9,Morning Peak,Weekday
T20230022084,2023-09-21,06:55:00,1,Collision with vehicle,4,Thursday,135,LANE CHANGE LEFT (NOT OVERTAKING),1,781430,Not at intersection,2,80,Arterial Highway,GREENSBOROUGH,NILLUMBIK,-37.690662,145.11034,2023,9,September,6,Morning Peak,Weekday
T20230022158,2023-09-21,08:15:00,1,Collision with vehicle,4,Thursday,130,REAR END(VEHICLES IN SAME LANE),9,39774,Cross intersection,3,70,Arterial Other,MT DANDENONG,MAROONDAH,-37.799644,145.28981,2023,9,September,8,Morning Peak,Weekday
T20230022576,2023-09-21,07:40:00,1,Collision with vehicle,4,Thursday,116,LEFT NEAR (INTERSECTIONS ONLY),1,44079,T intersection,3,50,Local Road,REGENT,DAREBIN,-37.73054,145.00261,2023,9,September,7,Morning Peak,Weekday
T20230022117,2023-09-21,11:58:00,4,Collision with a fixed object,4,Thursday,171,LEFT OFF CARRIAGEWAY INTO OBJECT/PARKED VEHICLE,1,790283,Not at intersection,3,80,Arterial Other,BITTERN-DROMANA,MORNINGTON PENINSULA,-38.35272,145.06099,2023,9,September,11,Midday,Weekday
T20230022901,2023-09-21,14:30:00,1,Collision with vehicle,4,Thursday,111,RIGHT FAR (INTERSECTIONS ONLY),1,326209,Cross intersection,3,60,Arterial Other,CRANBOURNE-NARRE WARREN,CASEY,-38.053555,145.30138,2023,9,September,14,Midday,Weekday
T20230024259,2023-09-21,09:30:00,1,Collision with vehicle,4,Thursday,131,LEFT REAR,1,29387,Cross intersection,3,60,Arterial Other,ST KILDA,MELBOURNE,-37.823315,144.97012,2023,9,September,9,Morning Peak,Weekday
T20230022502,2023-09-21,06:40:00,1,Collision with vehicle,4,Thursday,130,REAR END(VEHICLES IN SAME LANE),2,790303,Not at intersection,3,80,Arterial Highway,DINGLEY,KINGSTON,-37.959305,145.11159,2023,9,September,6,Morning Peak,Weekday
T20230022120,2023-09-21,09:02:00,1,Collision with vehicle,4,Thursday,121,RIGHT THROUGH,1,42310,T intersection,2,60,Arterial Highway,WARRIGAL,KINGSTON,-37.95472,145.07648,2023,9,September,9,Morning Peak,Weekday
T20230022115,2023-09-21,08:08:00,1,Collision with vehicle,4,Thursday,137,LEFT TURN SIDESWIPE,1,116,Cross intersection,2,40,Local Road,FARADAY,MELBOURNE,-37.798996,144.97023,2023,9,September,8,Morning Peak,Weekday
T20230024551,2023-09-21,15:15:00,1,Collision with vehicle,4,Thursday,130,REAR END(VEHICLES IN SAME LANE),1,783559,Not at intersection,3,60,Arterial Other,BRUNSWICK,MORELAND,-37.774254,144.938,2023,9,September,15,Afternoon Peak,Weekday
T20230022173,2023-09-21,17:40:00,1,Collision with vehicle,4,Thursday,120,HEAD ON (NOT OVERTAKING),2,781435,Not at intersection,3,100,Arterial Other,PENSHURST-WARRNAMBOOL,MOYNE,-38.00379,142.3093,2023,9,September,17,Afternoon Peak,Weekday
T20230022118,2023-09-21,13:30:00,4,Collision with a fixed object,4,Thursday,173,RIGHT OFF CARRIAGEWAY INTO OBJECT/PARKED VEHICLE,1,791022,Not at intersection,2,70,Arterial Other,MAIN,MACEDON RANGES,-37.356384,144.7437,2023,9,September,13,Midday,Weekday
T20230022175,2023-09-21,13:00:00,2,Struck Pedestrian,4,Thursday,106,VEH STRIKES PED ON FOOTPATH/MEDIAN/TRAFFIC ISLAND.,1,790304,Not at intersection,3,40,Arterial Other,SWAN,MELBOURNE,-37.824005,144.9834,2023,9,September,13,Midday,Weekday
T20230022177,2023-09-21,21:15:00,1,Collision with vehicle,4,Thursday,110,CROSS TRAFFIC(INTERSECTIONS ONLY),3,55241,Cross intersection,2,50,Arterial Other,COX,GEELONG,-38.083187,144.35023,2023,9,September,21,Night,Weekday
T20230022179,2023-09-21,16:29:00,4,Collision with a fixed object,4,Thursday,171,LEFT OFF CARRIAGEWAY INTO OBJECT/PARKED VEHICLE,1,29871,T intersection,3,60,Arterial Other,BUCKLEY,MOONEE VALLEY,-37.755688,144.9048,2023,9,September,16,Afternoon Peak,Weekday
T20230022183,2023-09-21,19:26:00,1,Collision with vehicle,4,Thursday,140,U TURN,3,783426,Not at intersection,2,70,Local Road,FOREST,GEELONG,-38.00544,144.39944,2023,9,September,19,Night,Weekday
T20230022186,2023-09-21,12:00:00,1,Collision with vehicle,4,Thursday,120,HEAD ON (NOT OVERTAKING),1,782184,Not at intersection,2,80,Arterial Other,DOOKIE NALINGA,SHEPPARTON,-36.33222,145.72493,2023,9,September,12,Midday,Weekday
T20230022427,2023-09-21,11:20:00,1,Collision with vehicle,4,Thursday,130,REAR END(VEHICLES IN SAME LANE),1,781544,Not at intersection,3,50,Arterial Highway,THOMPSON,BASS COAST,-38.44973,145.23898,2023,9,September,11,Midday,Weekday
T20230022434,2023-09-21,07:30:00,1,Collision with vehicle,4,Thursday,110,CROSS TRAFFIC(INTERSECTIONS ONLY),1,353176,Cross intersection,3,80,Arterial Other,FITZGERALDS ROAD SERVICE,WYNDHAM,-37.82321,144.78625,2023,9,September,7,Morning Peak,Weekday
T20230022442,2023-09-21,09:00:00,1,Collision with vehicle,4,Thursday,110,CROSS TRAFFIC(INTERSECTIONS ONLY),1,57303,Cross intersection,3,50,Local Road,ROBERTS,HORSHAM,-36.71427,142.2023,2023,9,September,9,Morning Peak,Weekday
T20230022094,2023-09-21,08:00:00,1,Collision with vehicle,4,Thursday,130,REAR END(VEHICLES IN SAME LANE),1,782925,Not at intersection,2,80,Arterial Highway,SOUTH GIPPSLAND,CASEY,-38.04575,145.25421,2023,9,September,8,Morning Peak,Weekday
T20230022096,2023-09-21,08:49:00,6,Vehicle overturned (no collision),4,Thursday,170,OFF CARRIAGEWAY TO LEFT,1,790308,Not at intersection,3,100,Local Road,POUND,WELLINGTON,-38.576294,146.63943,2023,9,September,8,Morning Peak,Weekday
T20230022097,2023-09-21,06:45:00,1,Collision with vehicle,4,Thursday,130,REAR END(VEHICLES IN SAME LANE),1,781432,Not at intersection,3,100,Freeway,WESTERN RING,HUME,-37.69219,144.94913,2023,9,September,6,Morning Peak,Weekday
T20230022102,2023-09-21,12:10:00,1,Collision with vehicle,4,Thursday,140,U TURN,1,40822,T intersection,3,80,Arterial Highway,SPRINGVALE,WHITEHORSE,-37.842903,145.17117,2023,9,September,12,Midday,Weekday
T20230022103,2023-09-21,11:18:00,1,Collision with vehicle,4,Thursday,134,LANE CHANGE RIGHT (NOT OVERTAKING),1,800589,Cross intersection,2,60,Arterial Highway,SOUTH GIPPSLAND,CASEY,-38.108036,145.28317,2023,9,September,11,Midday,Weekday
T20230022104,2023-09-21,09:40:00,1,Collision with vehicle,4,Thursday,133,LANE SIDE SWIPE (VEHICLES IN PARALLEL LANES),1,791874,T intersection,2,100,Freeway,WESTERN RING,BRIMBANK,-37.74873,144.83545,2023,9,September,9,Morning Peak,Weekday
T20230022108,2023-09-21,12:09:00,1,Collision with vehicle,4,Thursday,140,U TURN,1,41644,T intersection,3,60,Arterial Other,HUNTINGDALE,MONASH,-37.90187,145.10529,2023,9,September,12,Midday,Weekday
T20230022111,2023-09-21,10:58:00,1,Collision with vehicle,4,Thursday,110,CROSS TRAFFIC(INTERSECTIONS ONLY),1,19689,Cross intersection,2,60,Arterial Highway,MCIVOR,BENDIGO,-36.786945,144.502,2023,9,September,10,Midday,Weekday
T20230022114,2023-09-21,07:24:00,1,Collision with vehicle,4,Thursday,121,RIGHT THROUGH,1,38531,Cross intersection,2,60,Arterial Other,LITTLE BOUNDARY,WYNDHAM,-37.81877,144.8191,2023,9,September,7,Morning Peak,Weekday