ACCIDENT_NO,ACCIDENT_DATE,ACCIDENT_TIME,ACCIDENT_TYPE,ACCIDENT_TYPE_DESC,DAY_OF_WEEK,DAY_WEEK_DESC,DCA_CODE,DCA_DESC,LIGHT_CONDITION,NODE_ID,ROAD_GEOMETRY_DESC,SEVERITY,SPEED_ZONE,RMA,ROAD_NAME,LGA_NAME,LATITUDE,LONGITUDE,YEAR,MONTH,MONTH_NAME,HOUR,TIME_PERIOD,DAY_TYPE
T20230022950,2023-09-21,17:35:00,1,Collision with vehicle,4,Thursday,113,RIGHT NEAR (INTERSECTIONS ONLY),1,296291,T intersection,3,70,Arterial Other,BALLARTO,FRANKSTON,-38.113045,145.1604,2023,9,September,17,Afternoon Peak,Weekday
T20230022924,2023-09-21,07:00:00,1,Collision with vehicle,4,Thursday,130,REAR END(VEHICLES IN SAME LANE),1,305841,Not at intersection,3,60,Arterial Other,CRAIGIEBURN,HUME,-37.589855,144.87968,2023,9,September,7,Morning Peak,Weekday
T20230022154,2023-09-21,15:50:00,1,Collision with vehicle,4,Thursday,120,HEAD ON (NOT OVERTAKING),1,781433,Not at intersection,1,70,Arterial Highway,WARBURTON,YARRA RANGES,-37.781433,145.62125,2023,9,September,15,Afternoon Peak,Weekday
T20230022153,2023-09-21,17:52:00,1,Collision with vehicle,4,Thursday,121,RIGHT THROUGH,2,40189,T intersection,3,40,Arterial Other,HIGH,STONNINGTON,-37.853916,145.00854,2023,9,September,17,Afternoon Peak,Weekday
T20230022188,2023-09-21,22:03:00,4,Collision with a fixed object,4,Thursday,181,OFF RIGHT BEND INTO OBJECT/PARKED VEHICLE,5,790311,Not at intersection,3,100,Arterial Other,BULLUMWAAL,EAST GIPPSLAND,-37.79551,147.61026,2023,9,September,22,Night,Weekday
T20240000881,2023-09-21,12:00:00,1,Collision with vehicle,4,Thursday,132,RIGHT REAR.,1,796060,T intersection,3,100,Freeway,PRINCES,CARDINIA,-38.07859,145.68883,2023,9,September,12,Midday,Weekday
T20230022150,2023-09-21,15:10:00,2,Struck Pedestrian,4,Thursday,102,FAR SIDE. PED HIT BY VEHICLE FROM THE LEFT,1,44738,Cross intersection,1,60,Arterial Other,THE CIRCUIT,BANYULE,-37.702854,145.10086,2023,9,September,15,Afternoon Peak,Weekday
T20230022159,2023-09-21,17:54:00,2,Struck Pedestrian,4,Thursday,108,PED STRUCK WALKING TO/FROM OR BOARDING/ALIGHTING VEHICLE.,1,790291,Not at intersection,3,60,Arterial Other,BURKE,BOROONDARA,-37.838203,145.0554,2023,9,September,17,Afternoon Peak,Weekday
T20230022978,2023-09-21,11:45:00,1,Collision with vehicle,4,Thursday,130,REAR END(VEHICLES IN SAME LANE),1,789116,Not at intersection,3,60,Freeway,LINCOLN,WODONGA,-36.110043,146.89395,2023,9,September,11,Midday,Weekday
T20230022990,2023-09-21,11:20:00,6,Vehicle overturned (no collision),4,Thursday,170,OFF CARRIAGEWAY TO LEFT,1,784456,Not at intersection,3,80,Local Road,OLD SYDNEY,MITCHELL,-37.430237,144.9438,2023,9,September,11,Midday,Weekday
T20230022228,2023-09-22,14:30:00,4,Collision with a fixed object,5,Friday,171,LEFT OFF CARRIAGEWAY INTO OBJECT/PARKED VEHICLE,1,799254,Not at intersection,3,100,Local Road,OLD LEONGATHA,SOUTH GIPPSLAND,-38.46899,145.88126,2023,9,September,14,Midday,Weekday
T20230022322,2023-09-22,06:35:00,3,Struck animal,5,Friday,167,STRUCK ANIMAL,1,790342,Not at intersection,3,100,Local Road,MULLAGONG,ALPINE,-36.564064,147.0843,2023,9,September,6,Morning Peak,Weekday
T20230022224,2023-09-22,11:45:00,6,Vehicle overturned (no collision),5,Friday,180,OFF CARRIAGEWAY ON RIGHT BEND,1,781540,Not at intersection,3,100,Local Road,CARROLLS,ALPINE,-36.517017,146.82065,2023,9,September,11,Midday,Weekday
T20230022223,2023-09-22,15:01:00,1,Collision with vehicle,5,Friday,130,REAR END(VEHICLES IN SAME LANE),1,784087,Not at intersection,3,40,Local Road,WENDOUREE,BALLARAT,-37.544437,143.83963,2023,9,September,15,Afternoon Peak,Weekday
T20230022220,2023-09-22,13:48:00,1,Collision with vehicle,5,Friday,120,HEAD ON (NOT OVERTAKING),1,781838,T intersection,2,80,Arterial Other,HIGH STREET,KNOX,-37.87672,145.19966,2023,9,September,13,Midday,Weekday
T20230022218,2023-09-22,11:06:00,1,Collision with vehicle,5,Friday,110,CROSS TRAFFIC(INTERSECTIONS ONLY),1,56465,Cross intersection,2,60,Arterial Highway,MCPHERSON,HORSHAM,-36.71967,142.20497,2023,9,September,11,Midday,Weekday
T20230022212,2023-09-22,12:02:00,1,Collision with vehicle,5,Friday,130,REAR END(VEHICLES IN SAME LANE),1,790357,T intersection,2,70,Arterial Other,FERNTREE GULLY,MONASH,-37.90053,145.13588,2023,9,September,12,Midday,Weekday
T20230022207,2023-09-22,07:54:00,1,Collision with vehicle,5,Friday,134,LANE CHANGE RIGHT (NOT OVERTAKING),1,113077,Not at intersection,3,80,Arterial Highway,PRINCES,DANDENONG,-37.94391,145.16875,2023,9,September,7,Morning Peak,Weekday
T20230022202,2023-09-22,09:53:00,1,Collision with vehicle,5,Friday,121,RIGHT THROUGH,1,781455,Not at intersection,2,60,Arterial Other,HALLAM SOUTH,CASEY,-38.008,145.27301,2023,9,September,9,Morning Peak,Weekday
T20230022290,2023-09-22,21:35:00,1,Collision with vehicle,5,Friday,113,RIGHT NEAR (INTERSECTIONS ONLY),3,46492,T intersection,3,60,Arterial Other,HIGH,BOROONDARA,-37.861656,145.06448,2023,9,September,21,Night,Weekday
T20230022199,2023-09-22,09:39:00,1,Collision with vehicle,5,Friday,110,CROSS TRAFFIC(INTERSECTIONS ONLY),1,51452,Cross intersection,3,50,Local Road,BRADLEY,CAMPASPE,-36.312435,145.04738,2023,9,September,9,Morning Peak,Weekday
T20230022196,2023-09-22,08:20:00,1,Collision with vehicle,5,Friday,110,CROSS TRAFFIC(INTERSECTIONS ONLY),1,301594,Cross intersection,2,50,Local Road,CLORIS,BAYSIDE,-37.98219,145.03851,2023,9,September,8,Morning Peak,Weekday
T20230022195,2023-09-22,07:40:00,1,Collision with vehicle,5,Friday,132,RIGHT REAR.,1,651233,T intersection,3,100,Arterial Highway,MAROONDAH,MANSFIELD,-37.043564,146.0393,2023,9,September,7,Morning Peak,Weekday
T20230025148,2023-09-22,15:55:00,1,Collision with vehicle,5,Friday,130,REAR END(VEHICLES IN SAME LANE),1,790317,Not at intersection,3,60,Local Road,REED,MELTON,-37.72889,144.70706,2023,9,September,15,Afternoon Peak,Weekday
T20230024160,2023-09-22,16:10:00,1,Collision with vehicle,5,Friday,135,LANE CHANGE LEFT (NOT OVERTAKING),1,41831,Cross intersection,3,80,Arterial Other,WAVERLEY,MONASH,-37.89026,145.17628,2023,9,September,16,Afternoon Peak,Weekday
T20230022265,2023-09-22,17:01:00,1,Collision with vehicle,5,Friday,133,LANE SIDE SWIPE (VEHICLES IN PARALLEL LANES),1,790336,Not at intersection,3,80,Freeway,WESTERN RING,HUME,-37.700874,144.89423,2023,9,September,17,Afternoon Peak,Weekday
T20230022241,2023-09-22,13:58:00,1,Collision with vehicle,5,Friday,113,RIGHT NEAR (INTERSECTIONS ONLY),1,58713,T intersection,2,60,Arterial Other,HECKENDORF,WODONGA,-36.13549,146.86397,2023,9,September,13,Midday,Weekday
T20230022283,2023-09-22,20:08:00,1,Collision with vehicle,5,Friday,132,RIGHT REAR.,3,679439,Not at intersection,3,50,Arterial Other,SPRINGHILL,CASEY,-38.084194,145.29097,2023,9,September,20,Night,Weekday
T20230022270,2023-09-22,22:20:00,1,Collision with vehicle,5,Friday,130,REAR END(VEHICLES IN SAME LANE),6,797937,Cross intersection,3,60,Local Road,GLENDALE,WHITTLESEA,-37.63956,145.05096,2023,9,September,22,Night,Weekday
T20230022269,2023-09-22,06:20:00,2,Struck Pedestrian,5,Friday,100,PED NEAR SIDE. PED HIT BY VEHICLE FROM THE RIGHT.,1,780588,Cross intersection,2,60,Arterial Other,SYDNEY,MORELAND,-37.71874,144.963,2023,9,September,6,Morning Peak,Weekday
T20230022268,2023-09-22,19:45:00,1,Collision with vehicle,5,Friday,139,OTHER SAME DIRECTION-MANOUEVRES NOT INCLUDED IN DCAs 130-137,2,795161,Not at intersection,3,50,Local Road,FAWKNER,HUME,-37.677914,144.88449,2023,9,September,19,Night,Weekday
T20230022267,2023-09-22,21:25:00,1,Collision with vehicle,5,Friday,110,CROSS TRAFFIC(INTERSECTIONS ONLY),3,53687,Cross intersection,2,70,Arterial Highway,RAGLAN,WARRNAMBOOL,-38.380848,142.4857,2023,9,September,21,Night,Weekday
T20230022264,2023-09-22,17:45:00,2,Struck Pedestrian,5,Friday,100,PED NEAR SIDE. PED HIT BY VEHICLE FROM THE RIGHT.,1,800482,Not at intersection,2,60,Arterial Other,HIGHBURY,WHITEHORSE,-37.854813,145.10785,2023,9,September,17,Afternoon Peak,Weekday
T20230022262,2023-09-22,16:00:00,1,Collision with vehicle,5,Friday,113,RIGHT NEAR (INTERSECTIONS ONLY),1,783310,T intersection,3,80,Local Road,DUNLAVIN,WHITEHORSE,-37.81738,145.18617,2023,9,September,16,Afternoon Peak,Weekday
T20230025707,2023-09-22,16:54:00,1,Collision with vehicle,5,Friday,130,REAR END(VEHICLES IN SAME LANE),1,44375,T intersection,2,60,Arterial Other,HEATHS,WYNDHAM,-37.878986,144.69522,2023,9,September,16,Afternoon Peak,Weekday
T20230022260,2023-09-22,18:57:00,2,Struck Pedestrian,5,Friday,100,PED NEAR SIDE. PED HIT BY VEHICLE FROM THE RIGHT.,5,791014,Not at intersection,2,60,Local Road,HOGANS,WYNDHAM,-37.863926,144.69453,2023,9,September,18,Afternoon Peak,Weekday
T20230022255,2023-09-22,19:00:00,1,Collision with vehicle,5,Friday,113,RIGHT NEAR (INTERSECTIONS ONLY),3,781441,T intersection,3,60,Local Road,LEAKES,WYNDHAM,-37.829433,144.65027,2023,9,September,19,Night,Weekday
T20230022254,2023-09-22,19:25:00,8,No collision and no object struck,5,Friday,179,OTHER ACCIDENTS-OFF STRAIGHT NOT INCLUDED IN DCAs 170-175,3,783105,Not at intersection,3,80,Arterial Other,PASCOE VALE,HUME,-37.64793,144.93153,2023,9,September,19,Night,Weekday
T20230022248,2023-09-22,15:00:00,1,Collision with vehicle,5,Friday,121,RIGHT THROUGH,1,36053,T intersection,3,40,Arterial Other,DYNON,MELBOURNE,-37.803715,144.93222,2023,9,September,15,Afternoon Peak,Weekday
T20230022247,2023-09-22,16:58:00,1,Collision with vehicle,5,Friday,132,RIGHT REAR.,1,789921,Not at intersection,3,60,Arterial Other,KIEWA EAST,INDIGO,-36.25685,147.01035,2023,9,September,16,Afternoon Peak,Weekday
T20230022246,2023-09-22,14:36:00,1,Collision with vehicle,5,Friday,130,REAR END(VEHICLES IN SAME LANE),1,38764,Cross intersection,3,30,Arterial Highway,GEELONG,MARIBYRNONG,-37.796494,144.89694,2023,9,September,14,Midday,Weekday
T20230022609,2023-09-22,14:30:00,1,Collision with vehicle,5,Friday,130,REAR END(VEHICLES IN SAME LANE),1,800587,Not at intersection,2,80,Arterial Highway,PRINCES,GEELONG,-38.07555,144.36856,2023,9,September,14,Midday,Weekday
T20230022244,2023-09-22,14:15:00,1,Collision with vehicle,5,Friday,136,RIGHT TURN SIDESWIPE,1,782001,Not at intersection,2,50,Local Road,LOCH,GLEN EIRA,-37.875313,145.00473,2023,9,September,14,Midday,Weekday
T20230022242,2023-09-22,17:00:00,1,Collision with vehicle,5,Friday,130,REAR END(VEHICLES IN SAME LANE),1,782185,Not at intersection,3,100,Freeway,HUME,HUME,-37.552998,144.94322,2023,9,September,17,Afternoon Peak,Weekday
T20230023184,2023-09-22,18:30:00,1,Collision with vehicle,5,Friday,124,RIGHT/RIGHT BOTH VEHs FROM OPPOSITE DIRECTIONS TURNING RIGHT,2,40443,Cross intersection,3,60,Arterial Other,MALVERN,STONNINGTON,-37.860073,145.05707,2023,9,September,18,Afternoon Peak,Weekday
T20230022240,2023-09-22,15:00:00,1,Collision with vehicle,5,Friday,130,REAR END(VEHICLES IN SAME LANE),1,791019,Not at intersection,2,100,Freeway,WESTERN RING,BRIMBANK,-37.815125,144.80832,2023,9,September,15,Afternoon Peak,Weekday
T20230022239,2023-09-22,14:00:00,1,Collision with vehicle,5,Friday,121,RIGHT THROUGH,1,781408,T intersection,1,100,Arterial Other,WEBB,CAMPASPE,-36.357346,144.78995,2023,9,September,14,Midday,Weekday
T20230022238,2023-09-22,00:30:00,7,Fall from or in moving vehicle,5,Friday,190,FELL IN/FROM VEHICLE,3,781839,T intersection,3,50,Local Road,BRIDIE,BRIMBANK,-37.776756,144.76134,2023,9,September,0,Late Night,Weekday
T20230022232,2023-09-22,11:59:00,1,Collision with vehicle,5,Friday,133,LANE SIDE SWIPE (VEHICLES IN PARALLEL LANES),1,800481,Cross intersection,2,60,Arterial Other,BALWYN,BOROONDARA,-37.80356,145.08313,2023,9,September,11,Midday,Weekday
T20230022995,2023-09-22,15:50:00,1,Collision with vehicle,5,Friday,130,REAR END(VEHICLES IN SAME LANE),1,782189,Not at intersection,3,80,Local Road,LEAKES,WYNDHAM,-37.835724,144.70306,2023,9,September,15,Afternoon Peak,Weekday
T20230022310,2023-09-23,14:59:00,6,Vehicle overturned (no collision),6,Saturday,174,OUT OF CONTROL ON CARRIAGEWAY (ON STRAIGHT),1,69912,T intersection,2,60,Arterial Other,CLARINDA,KINGSTON,-37.942432,145.09758,2023,9,September,14,Midday,Weekend
T20230023291,2023-09-23,07:20:00,1,Collision with vehicle,6,Saturday,130,REAR END(VEHICLES IN SAME LANE),1,790380,Not at intersection,3,70,Arterial Other,CANTERBURY,WHITEHORSE,-37.83505,145.17445,2023,9,September,7,Morning Peak,Weekend
T20230022330,2023-09-23,19:50:00,1,Collision with vehicle,6,Saturday,163,VEHICLE STRIKES DOOR OF PARKED/STATIONARY VEHICLE,3,783885,Not at intersection,2,40,Local Road,GLEN HUNTLY,GLEN EIRA,-37.88404,144.99905,2023,9,September,19,Night,Weekend
T20230022340,2023-09-23,21:10:00,1,Collision with vehicle,6,Saturday,121,RIGHT THROUGH,3,782416,Not at intersection,3,50,Local Road,BOTANICA SPRINGS,MELTON,-37.69365,144.55063,2023,9,September,21,Night,Weekend
T20230023147,2023-09-23,19:00:00,1,Collision with vehicle,6,Saturday,110,CROSS TRAFFIC(INTERSECTIONS ONLY),1,50614,Cross intersection,3,60,Arterial Other,CORANGAMITE,COLAC OTWAY,-38.342125,143.58455,2023,9,September,19,Night,Weekend
T20230022306,2023-09-23,07:40:00,4,Collision with a fixed object,6,Saturday,171,LEFT OFF CARRIAGEWAY INTO OBJECT/PARKED VEHICLE,1,791009,Not at intersection,2,60,Arterial Highway,BELL,DAREBIN,-37.7471,145.01988,2023,9,September,7,Morning Peak,Weekend
T20230022305,2023-09-23,13:42:00,6,Vehicle overturned (no collision),6,Saturday,170,OFF CARRIAGEWAY TO LEFT,1,791012,Not at intersection,2,100,Freeway,WESTERN,MELTON,-37.742786,144.69455,2023,9,September,13,Midday,Weekend
T20230023227,2023-09-23,14:50:00,1,Collision with vehicle,6,Saturday,130,REAR END(VEHICLES IN SAME LANE),1,782303,Not at intersection,3,60,Local Road,BARRY,HUME,-37.667164,144.95657,2023,9,September,14,Midday,Weekend
T20230022272,2023-09-23,02:50:00,8,No collision and no object struck,6,Saturday,174,OUT OF CONTROL ON CARRIAGEWAY (ON STRAIGHT),3,248402,Cross intersection,2,40,Local Road,SOUTHBANK,MELBOURNE,-37.82337,144.96992,2023,9,September,2,Late Night,Weekend
T20230022319,2023-09-23,16:40:00,1,Collision with vehicle,6,Saturday,110,CROSS TRAFFIC(INTERSECTIONS ONLY),1,20837,Cross intersection,2,50,Local Road,HOURIGAN,LATROBE,-38.22835,146.41463,2023,9,September,16,Afternoon Peak,Weekend
T20230022302,2023-09-23,14:05:00,1,Collision with vehicle,6,Saturday,121,RIGHT THROUGH,1,781482,Not at intersection,3,50,Local Road,ELIZABETH,LATROBE,-38.188488,146.25018,2023,9,September,14,Midday,Weekend
T20230022327,2023-09-23,19:30:00,4,Collision with a fixed object,6,Saturday,171,LEFT OFF CARRIAGEWAY INTO OBJECT/PARKED VEHICLE,3,790387,Not at intersection,3,80,Arterial Other,HEATHERTON,CASEY,-37.97975,145.2967,2023,9,September,19,Night,Weekend
T20230022326,2023-09-23,19:49:00,6,Vehicle overturned (no collision),6,Saturday,151,OUT OF CONTROL (OVERTAKING),5,786824,T intersection,3,100,Arterial Other,PORTLAND-NELSON,GLENELG,-38.279057,141.53706,2023,9,September,19,Night,Weekend
T20230022320,2023-09-23,15:08:00,4,Collision with a fixed object,6,Saturday,183,OFF LEFT BEND INTO OBJECT/PARKED VEHICLE,1,790531,Y intersection,3,50,Local Road,CAMPBELL,MORNINGTON PENINSULA,-38.3588,145.19527,2023,9,September,15,Afternoon Peak,Weekend
T20230023748,2023-09-23,17:40:00,1,Collision with vehicle,6,Saturday,121,RIGHT THROUGH,1,800488,Not at intersection,3,80,Freeway,MONASH,CASEY,-38.02816,145.3211,2023,9,September,17,Afternoon Peak,Weekend
T20230022274,2023-09-23,00:00:00,1,Collision with vehicle,6,Saturday,110,CROSS TRAFFIC(INTERSECTIONS ONLY),3,46110,Cross intersection,2,60,Arterial Other,ALBION STREET -HOLMES,MORELAND,-37.7621,144.9739,2023,9,September,0,Late Night,Weekend
T20230022276,2023-09-23,00:17:00,4,Collision with a fixed object,6,Saturday,173,RIGHT OFF CARRIAGEWAY INTO OBJECT/PARKED VEHICLE,3,800483,Not at intersection,3,70,Arterial Other,HIGH,WHITTLESEA,-37.655094,145.02153,2023,9,September,0,Late Night,Weekend
T20230022332,2023-09-23,04:20:00,4,Collision with a fixed object,6,Saturday,173,RIGHT OFF CARRIAGEWAY INTO OBJECT/PARKED VEHICLE,3,792104,Not at intersection,3,60,Arterial Other,NORMANBY,DAREBIN,-37.75851,144.99077,2023,9,September,4,Late Night,Weekend
T20230022333,2023-09-23,03:20:00,4,Collision with a fixed object,6,Saturday,171,LEFT OFF CARRIAGEWAY INTO OBJECT/PARKED VEHICLE,3,791013,Not at intersection,2,40,Local Road,NEW HOLLAND,CASEY,-38.11065,145.2932,2023,9,September,3,Late Night,Weekend
T20230022298,2023-09-23,14:15:00,1,Collision with vehicle,6,Saturday,116,LEFT NEAR (INTERSECTIONS ONLY),1,790385,Cross intersection,3,50,Local Road,MELBOURNE,MORELAND,-37.704857,144.93753,2023,9,September,14,Midday,Weekend
T20230022335,2023-09-23,14:24:00,1,Collision with vehicle,6,Saturday,120,HEAD ON (NOT OVERTAKING),1,799233,Not at intersection,2,100,Arterial Highway,LODDON VALLEY,LODDON,-36.398357,143.97466,2023,9,September,14,Midday,Weekend
T20230022295,2023-09-23,12:33:00,1,Collision with vehicle,6,Saturday,110,CROSS TRAFFIC(INTERSECTIONS ONLY),1,247957,Cross intersection,3,40,Local Road,FIFTH,DANDENONG,-37.94023,145.1827,2023,9,September,12,Midday,Weekend
T20230022286,2023-09-23,10:00:00,6,Vehicle overturned (no collision),6,Saturday,170,OFF CARRIAGEWAY TO LEFT,1,796617,Cross intersection,2,100,Local Road,LINDNER,WANGARATTA,-36.339375,146.24,2023,9,September,10,Midday,Weekend
T20230022289,2023-09-23,10:41:00,1,Collision with vehicle,6,Saturday,121,RIGHT THROUGH,1,37890,T intersection,3,60,Arterial Highway,BELL,DAREBIN,-37.7442,144.99394,2023,9,September,10,Midday,Weekend
T20230024637,2023-09-23,17:00:00,1,Collision with vehicle,6,Saturday,130,REAR END(VEHICLES IN SAME LANE),1,790539,Not at intersection,3,60,Arterial Other,MCINTYRE,BRIMBANK,-37.77177,144.8297,2023,9,September,17,Afternoon Peak,Weekend
T20230022338,2023-09-23,23:32:00,1,Collision with vehicle,6,Saturday,121,RIGHT THROUGH,3,790567,T intersection,3,60,Local Road,LEYLAND,CASEY,-38.073414,145.32726,2023,9,September,23,Night,Weekend
T20230022292,2023-09-23,10:00:00,2,Struck Pedestrian,6,Saturday,102,FAR SIDE. PED HIT BY VEHICLE FROM THE LEFT,1,782033,Not at intersection,1,50,Local Road,YORK,MOONEE VALLEY,-37.734776,144.91866,2023,9,September,10,Midday,Weekend
T20230022296,2023-09-23,13:00:00,4,Collision with a fixed object,6,Saturday,171,LEFT OFF CARRIAGEWAY INTO OBJECT/PARKED VEHICLE,1,790535,Not at intersection,3,60,Arterial Other,FISH CREEK-FOSTER,SOUTH GIPPSLAND,-38.650265,146.20448,2023,9,September,13,Midday,Weekend
T20230022277,2023-09-23,01:44:00,2,Struck Pedestrian,6,Saturday,102,FAR SIDE. PED HIT BY VEHICLE FROM THE LEFT,3,781764,Not at intersection,2,50,Local Road,HAWKSTOWE,WHITTLESEA,-37.620945,145.10048,2023,9,September,1,Late Night,Weekend
T20230022387,2023-09-24,15:30:00,1,Collision with vehicle,7,Sunday,110,CROSS TRAFFIC(INTERSECTIONS ONLY),1,50258,Cross intersection,2,100,Arterial Highway,PRINCES,SURF COAST,-38.21283,144.18077,2023,9,September,15,Afternoon Peak,Weekend
T20230027864,2023-09-24,13:00:00,1,Collision with vehicle,7,Sunday,132,RIGHT REAR.,1,50145,T intersection,3,60,Local Road,HICKEY,GEELONG,-38.17629,144.39037,2023,9,September,13,Midday,Weekend
T20230024369,2023-09-24,17:00:00,1,Collision with vehicle,7,Sunday,120,HEAD ON (NOT OVERTAKING),1,790570,Not at intersection,3,30,Local Road,RESERVOIR,WHITTLESEA,-37.55811,145.12218,2023,9,September,17,Afternoon Peak,Weekend
T20230022389,2023-09-24,07:55:00,2,Struck Pedestrian,7,Sunday,100,PED NEAR SIDE. PED HIT BY VEHICLE FROM THE RIGHT.,2,45233,T intersection,3,60,Arterial Other,GORDON,MARIBYRNONG,-37.780083,144.89163,2023,9,September,7,Morning Peak,Weekend
T20230024218,2023-09-24,16:40:00,1,Collision with vehicle,7,Sunday,121,RIGHT THROUGH,1,234746,Not at intersection,3,60,Arterial Other,EPPING,WHITTLESEA,-37.65311,145.02284,2023,9,September,16,Afternoon Peak,Weekend
T20230022343,2023-09-24,03:17:00,1,Collision with vehicle,7,Sunday,120,HEAD ON (NOT OVERTAKING),3,783886,Not at intersection,3,50,Local Road,MT RIDLEY,HUME,-37.57412,144.93921,2023,9,September,3,Late Night,Weekend
T20230022409,2023-09-24,23:49:00,4,Collision with a fixed object,7,Sunday,171,LEFT OFF CARRIAGEWAY INTO OBJECT/PARKED VEHICLE,5,44873,T intersection,3,60,Arterial Other,RESEARCH-WARRANDYTE,NILLUMBIK,-37.735317,145.21788,2023,9,September,23,Night,Weekend
T20230026681,2023-09-24,01:00:00,4,Collision with a fixed object,7,Sunday,171,LEFT OFF CARRIAGEWAY INTO OBJECT/PARKED VEHICLE,5,787067,Not at intersection,3,100,Arterial Other,BEECHWORTH-WANGARATTA,WANGARATTA,-36.388885,146.46219,2023,9,September,1,Late Night,Weekend
T20230022492,2023-09-24,22:57:00,4,Collision with a fixed object,7,Sunday,173,RIGHT OFF CARRIAGEWAY INTO OBJECT/PARKED VEHICLE,5,781767,Not at intersection,3,100,Arterial Highway,SOUTH GIPPSLAND,BASS COAST,-38.368748,145.6679,2023,9,September,22,Night,Weekend
T20230022347,2023-09-24,09:30:00,1,Collision with vehicle,7,Sunday,121,RIGHT THROUGH,1,43057,Cross intersection,3,60,Local Road,MASON,DANDENONG,-37.988308,145.21127,2023,9,September,9,Morning Peak,Weekend
T20230022350,2023-09-24,08:47:00,1,Collision with vehicle,7,Sunday,121,RIGHT THROUGH,1,15416,T intersection,3,60,Arterial Other,BARRABOOL,GEELONG,-38.169132,144.32825,2023,9,September,8,Morning Peak,Weekend
T20230022353,2023-09-24,10:14:00,4,Collision with a fixed object,7,Sunday,171,LEFT OFF CARRIAGEWAY INTO OBJECT/PARKED VEHICLE,1,798829,Not at intersection,2,60,Arterial Other,POLICE,DANDENONG,-37.937057,145.1881,2023,9,September,10,Midday,Weekend
T20230022356,2023-09-24,09:55:00,4,Collision with a fixed object,7,Sunday,181,OFF RIGHT BEND INTO OBJECT/PARKED VEHICLE,1,790588,Not at intersection,2,100,Arterial Other,KIEWA VALLEY,INDIGO,-36.32802,147.0273,2023,9,September,9,Morning Peak,Weekend
T20230025216,2023-09-24,15:35:00,1,Collision with vehicle,7,Sunday,160,VEHICLE COLLIDES WITH VEHICLE PARKED ON LEFT OF ROAD,1,784483,Not at intersection,3,50,Local Road,GOWER,CASEY,-38.0915,145.34,2023,9,September,15,Afternoon Peak,Weekend
T20230022366,2023-09-24,13:05:00,1,Collision with vehicle,7,Sunday,137,LEFT TURN SIDESWIPE,1,782386,Not at intersection,2,60,Local Road,ANZAC,WODONGA,-36.139935,146.91405,2023,9,September,13,Midday,Weekend
T20230022406,2023-09-24,23:14:00,1,Collision with vehicle,7,Sunday,121,RIGHT THROUGH,3,35331,Cross intersection,3,80,Arterial Highway,GREENSBOROUGH,BANYULE,-37.70317,145.08983,2023,9,September,23,Night,Weekend
T20230022371,2023-09-24,10:23:00,1,Collision with vehicle,7,Sunday,160,VEHICLE COLLIDES WITH VEHICLE PARKED ON LEFT OF ROAD,1,792283,Not at intersection,2,40,Local Road,CHAPEL,STONNINGTON,-37.85062,144.99355,2023,9,September,10,Midday,Weekend
T20230022377,2023-09-24,12:00:00,6,Vehicle overturned (no collision),7,Sunday,170,OFF CARRIAGEWAY TO LEFT,1,796216,Not at intersection,2,100,Arterial Other,PORTLAND-NELSON,GLENELG,-38.18883,141.33366,2023,9,September,12,Midday,Weekend
T20230022361,2023-09-24,11:10:00,8,No collision and no object struck,7,Sunday,174,OUT OF CONTROL ON CARRIAGEWAY (ON STRAIGHT),1,53203,T intersection,2,60,Arterial Other,BEACH,KINGSTON,-38.00461,145.08115,2023,9,September,11,Midday,Weekend
T20230022383,2023-09-24,15:10:00,1,Collision with vehicle,7,Sunday,147,VEHICLE STRIKES ANOTHER VEH WHILE EMERGING FROM DRIVEWAY,1,781641,T intersection,2,100,Arterial Other,MEENIYAN-PROMONTORY,SOUTH GIPPSLAND,-38.71023,146.08957,2023,9,September,15,Afternoon Peak,Weekend
T20230022445,2023-09-24,20:45:00,1,Collision with vehicle,7,Sunday,150,HEAD ON(OVERTAKING),3,792105,Not at intersection,3,60,Local Road,FINDON,WHITTLESEA,-37.642506,145.06828,2023,9,September,20,Night,Weekend
T20230022362,2023-09-24,10:19:00,4,Collision with a fixed object,7,Sunday,181,OFF RIGHT BEND INTO OBJECT/PARKED VEHICLE,1,782186,Not at intersection,2,100,Arterial Other,NATIMUK-HAMILTON,HORSHAM,-36.949867,141.94179,2023,9,September,10,Midday,Weekend
T20230022391,2023-09-24,15:20:00,1,Collision with vehicle,7,Sunday,110,CROSS TRAFFIC(INTERSECTIONS ONLY),1,42394,Cross intersection,3,60,Arterial Other,CLAYTON,KINGSTON,-37.94294,145.1163,2023,9,September,15,Afternoon Peak,Weekend
T20230022402,2023-09-24,22:05:00,1,Collision with vehicle,7,Sunday,130,REAR END(VEHICLES IN SAME LANE),3,782417,Cross intersection,3,80,Arterial Other,HUME HIGHWAY -SYDNEY,HUME,-37.64327,144.95145,2023,9,September,22,Night,Weekend