ACCIDENT_NO,ACCIDENT_DATE,ACCIDENT_TIME,ACCIDENT_TYPE,ACCIDENT_TYPE_DESC,DAY_OF_WEEK,DAY_WEEK_DESC,DCA_CODE,DCA_DESC,LIGHT_CONDITION,NODE_ID,ROAD_GEOMETRY_DESC,SEVERITY,SPEED_ZONE,RMA,ROAD_NAME,LGA_NAME,LATITUDE,LONGITUDE,YEAR,MONTH,MONTH_NAME,HOUR,TIME_PERIOD,DAY_TYPE
T20230022418,2023-09-24,07:30:00,4,Collision with a fixed object,7,Sunday,179,OTHER ACCIDENTS-OFF STRAIGHT NOT INCLUDED IN DCAs 170-175,1,790601,Not at intersection,3,60,Local Road,GEORGE,MANNINGHAM,-37.77863,145.13243,2023,9,September,7,Morning Peak,Weekend
T20230022408,2023-09-24,21:30:00,4,Collision with a fixed object,7,Sunday,173,RIGHT OFF CARRIAGEWAY INTO OBJECT/PARKED VEHICLE,5,796251,Not at intersection,2,50,Local Road,OPERATIONS,HUME,-37.68972,144.85089,2023,9,September,21,Night,Weekend
T20230023050,2023-09-24,06:20:00,1,Collision with vehicle,7,Sunday,121,RIGHT THROUGH,1,29868,Cross intersection,3,70,Freeway,PLENTY-METROPOLITAN RING IN,WHITTLESEA,-37.687008,145.0673,2023,9,September,6,Morning Peak,Weekend
T20230022380,2023-09-24,11:30:00,1,Collision with vehicle,7,Sunday,130,REAR END(VEHICLES IN SAME LANE),1,800534,Not at intersection,3,60,Arterial Highway,POINT NEPEAN,MORNINGTON PENINSULA,-38.353912,144.76251,2023,9,September,11,Midday,Weekend
T20230023940,2023-09-25,14:00:00,1,Collision with vehicle,1,Monday,121,RIGHT THROUGH,1,52764,Cross intersection,3,60,Local Road,DOVETON,BALLARAT,-37.536484,143.85976,2023,9,September,14,Midday,Weekday
T20230022444,2023-09-25,14:00:00,2,Struck Pedestrian,1,Monday,100,PED NEAR SIDE. PED HIT BY VEHICLE FROM THE RIGHT.,1,63547,Cross intersection,3,40,Arterial Other,BURGUNDY,BANYULE,-37.756336,145.06714,2023,9,September,14,Midday,Weekday
T20230023366,2023-09-25,11:40:00,1,Collision with vehicle,1,Monday,112,LEFT FAR (INTERSECTIONS ONLY),1,291434,Cross intersection,2,60,Arterial Other,ROYAL,MELBOURNE,-37.792553,144.95845,2023,9,September,11,Midday,Weekday
T20230025991,2023-09-25,15:30:00,1,Collision with vehicle,1,Monday,130,REAR END(VEHICLES IN SAME LANE),9,785685,Not at intersection,3,80,Freeway,WEST GATE,HOBSONS BAY,-37.828793,144.89676,2023,9,September,15,Afternoon Peak,Weekday
T20230022599,2023-09-25,16:05:00,4,Collision with a fixed object,1,Monday,181,OFF RIGHT BEND INTO OBJECT/PARKED VEHICLE,1,114300,Not at intersection,3,50,Local Road,BEVERLEY,BANYULE,-37.75318,145.07458,2023,9,September,16,Afternoon Peak,Weekday
T20230022588,2023-09-25,07:30:00,2,Struck Pedestrian,1,Monday,100,PED NEAR SIDE. PED HIT BY VEHICLE FROM THE RIGHT.,1,46174,T intersection,3,40,Arterial Other,BRIDGE INN,WHITTLESEA,-37.601204,145.1009,2023,9,September,7,Morning Peak,Weekday
T20230022440,2023-09-25,08:00:00,4,Collision with a fixed object,1,Monday,164,PERMANENT OBSTRUCTION ON CARRIAGEWAY,1,781873,Not at intersection,3,40,Arterial Other,CARLISLE,PORT PHILLIP,-37.86879,144.99367,2023,9,September,8,Morning Peak,Weekday
T20230023218,2023-09-25,08:40:00,1,Collision with vehicle,1,Monday,110,CROSS TRAFFIC(INTERSECTIONS ONLY),1,64303,Cross intersection,3,80,Local Road,LOWES,YARRA RANGES,-37.77641,145.62148,2023,9,September,8,Morning Peak,Weekday
T20230022441,2023-09-25,11:55:00,1,Collision with vehicle,1,Monday,120,HEAD ON (NOT OVERTAKING),1,792393,Not at intersection,2,50,Local Road,MAIN,YARRA RANGES,-37.90493,145.33261,2023,9,September,11,Midday,Weekday
T20230022436,2023-09-25,10:05:00,1,Collision with vehicle,1,Monday,136,RIGHT TURN SIDESWIPE,1,781766,T intersection,2,60,Arterial Other,CLAYTON,KINGSTON,-37.93629,145.11757,2023,9,September,10,Midday,Weekday
T20230022430,2023-09-25,07:10:00,1,Collision with vehicle,1,Monday,135,LANE CHANGE LEFT (NOT OVERTAKING),1,34518,Cross intersection,3,60,Arterial Other,LINCOLN,MOONEE VALLEY,-37.74463,144.91008,2023,9,September,7,Morning Peak,Weekday
T20230022428,2023-09-25,06:10:00,1,Collision with vehicle,1,Monday,131,LEFT REAR,2,140542,T intersection,3,80,Freeway,WESTERN RING IN-BOUNDARY,BRIMBANK,-37.81528,144.80905,2023,9,September,6,Morning Peak,Weekday
T20230022420,2023-09-25,07:57:00,1,Collision with vehicle,1,Monday,113,RIGHT NEAR (INTERSECTIONS ONLY),1,800586,T intersection,2,50,Local Road,BOUNDARY,GEELONG,-38.218796,144.33112,2023,9,September,7,Morning Peak,Weekday
T20230022417,2023-09-25,10:00:00,1,Collision with vehicle,1,Monday,112,LEFT FAR (INTERSECTIONS ONLY),1,57468,T intersection,2,40,Local Road,LIDDIARD,BOROONDARA,-37.819355,145.0404,2023,9,September,10,Midday,Weekday
T20230022410,2023-09-25,01:21:00,1,Collision with vehicle,1,Monday,130,REAR END(VEHICLES IN SAME LANE),3,37686,T intersection,2,40,Local Road,CHAPEL,STONNINGTON,-37.841633,144.9952,2023,9,September,1,Late Night,Weekday
T20230022443,2023-09-25,12:45:00,1,Collision with vehicle,1,Monday,113,RIGHT NEAR (INTERSECTIONS ONLY),1,60004,T intersection,3,70,Arterial Highway,NORTHERN,MITCHELL,-37.036224,144.79767,2023,9,September,12,Midday,Weekday
T20230024441,2023-09-25,16:00:00,1,Collision with vehicle,1,Monday,147,VEHICLE STRIKES ANOTHER VEH WHILE EMERGING FROM DRIVEWAY,1,783555,Not at intersection,3,50,Local Road,AVONDALE,KINGSTON,-38.050846,145.1144,2023,9,September,16,Afternoon Peak,Weekday
T20230022451,2023-09-25,14:53:00,4,Collision with a fixed object,1,Monday,173,RIGHT OFF CARRIAGEWAY INTO OBJECT/PARKED VEHICLE,1,790645,Not at intersection,2,60,Arterial Other,BIRREGURRA-DEANS MARSH,SURF COAST,-38.39527,143.87415,2023,9,September,14,Midday,Weekday
T20230022452,2023-09-25,16:50:00,1,Collision with vehicle,1,Monday,110,CROSS TRAFFIC(INTERSECTIONS ONLY),1,37533,Cross intersection,3,60,Local Road,BANK,PORT PHILLIP,-37.834827,144.9586,2023,9,September,16,Afternoon Peak,Weekday
T20230022459,2023-09-25,15:43:00,1,Collision with vehicle,1,Monday,135,LANE CHANGE LEFT (NOT OVERTAKING),1,781642,Not at intersection,2,100,Freeway,WESTERN RING OUT-PASCOE VALE,HUME,-37.704018,144.89001,2023,9,September,15,Afternoon Peak,Weekday
T20230022463,2023-09-25,17:24:00,1,Collision with vehicle,1,Monday,110,CROSS TRAFFIC(INTERSECTIONS ONLY),1,53010,Cross intersection,2,60,Local Road,BIRDWOOD,BALLARAT,-37.597626,143.83804,2023,9,September,17,Afternoon Peak,Weekday
T20230022465,2023-09-25,17:11:00,5,collision with some other object,1,Monday,191,LOAD OR MISSILE STRUCK VEHICLE,1,781842,Not at intersection,2,100,Freeway,WESTERN RING,BRIMBANK,-37.767773,144.81335,2023,9,September,17,Afternoon Peak,Weekday
T20230022467,2023-09-25,19:30:00,1,Collision with vehicle,1,Monday,121,RIGHT THROUGH,3,242344,T intersection,3,50,Local Road,MCCUBBIN,BRIMBANK,-37.694122,144.77472,2023,9,September,19,Night,Weekday
T20230022468,2023-09-25,17:15:00,1,Collision with vehicle,1,Monday,137,LEFT TURN SIDESWIPE,1,781874,Not at intersection,3,40,Local Road,THE BOULEVARD,MOONEE VALLEY,-37.76445,144.89688,2023,9,September,17,Afternoon Peak,Weekday
T20230022470,2023-09-25,18:50:00,1,Collision with vehicle,1,Monday,121,RIGHT THROUGH,3,342706,T intersection,2,80,Arterial Highway,DINGLEY,DANDENONG,-37.96531,145.13486,2023,9,September,18,Afternoon Peak,Weekday
T20230022473,2023-09-25,15:30:00,2,Struck Pedestrian,1,Monday,100,PED NEAR SIDE. PED HIT BY VEHICLE FROM THE RIGHT.,1,790964,Not at intersection,3,50,Local Road,WHILTSHIRE,HUME,-37.634617,144.91734,2023,9,September,15,Afternoon Peak,Weekday
T20230022478,2023-09-25,20:14:00,4,Collision with a fixed object,1,Monday,173,RIGHT OFF CARRIAGEWAY INTO OBJECT/PARKED VEHICLE,3,783106,Not at intersection,2,60,Arterial Highway,KOONWARRA,SOUTH GIPPSLAND,-38.48412,145.95042,2023,9,September,20,Night,Weekday
T20230022482,2023-09-25,21:35:00,4,Collision with a fixed object,1,Monday,171,LEFT OFF CARRIAGEWAY INTO OBJECT/PARKED VEHICLE,3,796217,Not at intersection,2,50,Local Road,RAIN LOVER,MELTON,-37.664433,144.59006,2023,9,September,21,Night,Weekday
T20230022563,2023-09-26,21:55:00,8,No collision and no object struck,2,Tuesday,174,OUT OF CONTROL ON CARRIAGEWAY (ON STRAIGHT),3,781644,Not at intersection,3,40,Local Road,BOATHOUSE,MELBOURNE,-37.82151,144.97473,2023,9,September,21,Night,Weekday
T20230022555,2023-09-26,15:35:00,1,Collision with vehicle,2,Tuesday,110,CROSS TRAFFIC(INTERSECTIONS ONLY),1,781768,Cross intersection,3,50,Local Road,TONKIN,MORELAND,-37.72078,144.95406,2023,9,September,15,Afternoon Peak,Weekday
T20230022568,2023-09-26,14:12:00,1,Collision with vehicle,2,Tuesday,160,VEHICLE COLLIDES WITH VEHICLE PARKED ON LEFT OF ROAD,1,790793,Not at intersection,3,60,Local Road,WELL,LATROBE,-38.221523,146.42113,2023,9,September,14,Midday,Weekday
T20230022567,2023-09-26,21:25:00,1,Collision with vehicle,2,Tuesday,162,ACCIDENT OR BROKEN DOWN,5,788894,Not at intersection,3,100,Freeway,HUME,WHITTLESEA,-37.683495,144.98503,2023,9,September,21,Night,Weekday
T20230022532,2023-09-26,14:30:00,2,Struck Pedestrian,2,Tuesday,101,PED EMERGES FROM IN FRONT OF PARKED OR STATIONARY VEHICLE,1,781643,Not at intersection,3,40,Local Road,BALMORAL,DANDENONG,-37.949608,145.15202,2023,9,September,14,Midday,Weekday
T20230022565,2023-09-26,21:41:00,4,Collision with a fixed object,2,Tuesday,173,RIGHT OFF CARRIAGEWAY INTO OBJECT/PARKED VEHICLE,3,797109,Not at intersection,2,60,Local Road,FELLTIMBER CREEK,WODONGA,-36.13379,146.85378,2023,9,September,21,Night,Weekday
T20230022564,2023-09-26,17:00:00,1,Collision with vehicle,2,Tuesday,120,HEAD ON (NOT OVERTAKING),1,786825,Not at intersection,2,80,Arterial Other,HEATHERTON,CASEY,-37.98129,145.30841,2023,9,September,17,Afternoon Peak,Weekday
T20230022491,2023-09-26,03:23:00,4,Collision with a fixed object,2,Tuesday,173,RIGHT OFF CARRIAGEWAY INTO OBJECT/PARKED VEHICLE,3,790805,Not at intersection,2,80,Arterial Highway,GEELONG,MARIBYRNONG,-37.811703,144.86742,2023,9,September,3,Late Night,Weekday
T20230022527,2023-09-26,13:30:00,1,Collision with vehicle,2,Tuesday,136,RIGHT TURN SIDESWIPE,1,56191,Cross intersection,2,40,Arterial Other,VICTORIA,YARRA,-37.809868,144.99387,2023,9,September,13,Midday,Weekday
T20230022801,2023-09-26,21:30:00,1,Collision with vehicle,2,Tuesday,135,LANE CHANGE LEFT (NOT OVERTAKING),3,785081,Not at intersection,2,50,Local Road,PEEL,MELBOURNE,-37.808907,144.95538,2023,9,September,21,Night,Weekday
T20230022557,2023-09-26,19:18:00,1,Collision with vehicle,2,Tuesday,113,RIGHT NEAR (INTERSECTIONS ONLY),3,67987,T intersection,2,50,Local Road,CAMELOT,MONASH,-37.870415,145.18024,2023,9,September,19,Night,Weekday
T20230022795,2023-09-26,14:36:00,1,Collision with vehicle,2,Tuesday,133,LANE SIDE SWIPE (VEHICLES IN PARALLEL LANES),1,1468,Not at intersection,2,80,Arterial Highway,FRANKSTON-DANDENONG,DANDENONG,-38.03255,145.21178,2023,9,September,14,Midday,Weekday
T20230022551,2023-09-26,17:44:00,1,Collision with vehicle,2,Tuesday,133,LANE SIDE SWIPE (VEHICLES IN PARALLEL LANES),2,791837,Not at intersection,2,100,Local Road,PLUNKETTS,WODONGA,-36.081566,146.7787,2023,9,September,17,Afternoon Peak,Weekday
T20230022548,2023-09-26,15:30:00,1,Collision with vehicle,2,Tuesday,135,LANE CHANGE LEFT (NOT OVERTAKING),1,800485,Not at intersection,2,100,Freeway,WESTERN,MELTON,-37.7762,144.74672,2023,9,September,15,Afternoon Peak,Weekday
T20230025451,2023-09-26,08:55:00,1,Collision with vehicle,2,Tuesday,111,RIGHT FAR (INTERSECTIONS ONLY),1,44481,Cross intersection,3,60,Local Road,BARWON,GEELONG,-38.17616,144.36952,2023,9,September,8,Morning Peak,Weekday
T20230023855,2023-09-26,08:45:00,1,Collision with vehicle,2,Tuesday,122,LEFT THROUGH,1,42919,T intersection,3,60,Arterial Other,HEATHERTON,DANDENONG,-37.965214,145.17496,2023,9,September,8,Morning Peak,Weekday
T20230023747,2023-09-26,20:00:00,1,Collision with vehicle,2,Tuesday,130,REAR END(VEHICLES IN SAME LANE),6,784252,Cross intersection,3,60,Arterial Other,DUDLEY,MELBOURNE,-37.809227,144.95242,2023,9,September,20,Night,Weekday
T20230022986,2023-09-26,08:15:00,1,Collision with vehicle,2,Tuesday,130,REAR END(VEHICLES IN SAME LANE),1,782008,Not at intersection,3,80,Arterial Highway,STUD,KNOX,-37.92815,145.23291,2023,9,September,8,Morning Peak,Weekday
T20230022510,2023-09-26,08:55:00,4,Collision with a fixed object,2,Tuesday,173,RIGHT OFF CARRIAGEWAY INTO OBJECT/PARKED VEHICLE,1,784016,Not at intersection,3,100,Arterial Other,BENALLA-TOCUMWAL,MOIRA,-36.225685,145.77914,2023,9,September,8,Morning Peak,Weekday
T20230022512,2023-09-26,11:20:00,2,Struck Pedestrian,2,Tuesday,100,PED NEAR SIDE. PED HIT BY VEHICLE FROM THE RIGHT.,1,782365,Cross intersection,2,50,Local Road,BARKLY,MARIBYRNONG,-37.799015,144.89322,2023,9,September,11,Midday,Weekday
T20230022873,2023-09-26,14:10:00,1,Collision with vehicle,2,Tuesday,130,REAR END(VEHICLES IN SAME LANE),1,782060,Not at intersection,3,80,Freeway,SOUTH GIPPSLAND-SOUTH GIPPSLAND IN,DANDENONG,-38.035885,145.24611,2023,9,September,14,Midday,Weekday
T20230024274,2023-09-26,13:35:00,4,Collision with a fixed object,2,Tuesday,173,RIGHT OFF CARRIAGEWAY INTO OBJECT/PARKED VEHICLE,1,594814,T intersection,3,80,Arterial Other,WHITTLESEA-YEA,MURRINDINDI,-37.47608,145.23657,2023,9,September,13,Midday,Weekday
T20230022515,2023-09-26,10:24:00,1,Collision with vehicle,2,Tuesday,130,REAR END(VEHICLES IN SAME LANE),1,787224,Not at intersection,2,80,Local Road,CARDINIA,CARDINIA,-38.083958,145.43304,2023,9,September,10,Midday,Weekday
T20230022509,2023-09-26,07:32:00,1,Collision with vehicle,2,Tuesday,130,REAR END(VEHICLES IN SAME LANE),1,35991,Cross intersection,3,40,Local Road,LYGON,YARRA,-37.77934,144.97052,2023,9,September,7,Morning Peak,Weekday
T20230022507,2023-09-26,09:00:00,4,Collision with a fixed object,2,Tuesday,173,RIGHT OFF CARRIAGEWAY INTO OBJECT/PARKED VEHICLE,1,797586,Not at intersection,2,100,Arterial Highway,PRINCES,EAST GIPPSLAND,-37.822292,147.84819,2023,9,September,9,Morning Peak,Weekday
T20230022693,2023-09-26,12:00:00,1,Collision with vehicle,2,Tuesday,113,RIGHT NEAR (INTERSECTIONS ONLY),1,781855,T intersection,3,60,Local Road,TAIT,BALLARAT,-37.60145,143.82333,2023,9,September,12,Midday,Weekday
T20230022691,2023-09-26,17:14:00,1,Collision with vehicle,2,Tuesday,130,REAR END(VEHICLES IN SAME LANE),1,787550,Not at intersection,3,70,Arterial Other,SYDNEY,HUME,-37.6747,144.95609,2023,9,September,17,Afternoon Peak,Weekday
T20230022744,2023-09-26,23:15:00,1,Collision with vehicle,2,Tuesday,120,HEAD ON (NOT OVERTAKING),6,800486,Not at intersection,3,70,Arterial Other,POUND,CASEY,-38.026043,145.2517,2023,9,September,23,Night,Weekday
T20230022766,2023-09-26,18:15:00,1,Collision with vehicle,2,Tuesday,113,RIGHT NEAR (INTERSECTIONS ONLY),3,782004,T intersection,3,60,Local Road,LINSELL,CASEY,-38.100674,145.30867,2023,9,September,18,Afternoon Peak,Weekday
T20230022483,2023-09-26,01:10:00,1,Collision with vehicle,2,Tuesday,130,REAR END(VEHICLES IN SAME LANE),3,800484,Not at intersection,2,40,Freeway,WESTERN RING,BRIMBANK,-37.751236,144.83119,2023,9,September,1,Late Night,Weekday
T20230022581,2023-09-26,22:30:00,5,collision with some other object,2,Tuesday,166,STRUCK OBJECT ON CARRIAGEWAY,5,781769,Not at intersection,3,80,Arterial Other,MELTON,MELTON,-37.68697,144.6955,2023,9,September,22,Night,Weekday
T20230022578,2023-09-26,17:20:00,1,Collision with vehicle,2,Tuesday,160,VEHICLE COLLIDES WITH VEHICLE PARKED ON LEFT OF ROAD,1,791836,Not at intersection,2,40,Local Road,LIBERATOR,MARIBYRNONG,-37.7938,144.85571,2023,9,September,17,Afternoon Peak,Weekday
T20230022654,2023-09-27,21:48:00,2,Struck Pedestrian,3,Wednesday,100,PED NEAR SIDE. PED HIT BY VEHICLE FROM THE RIGHT.,5,784248,Not at intersection,2,50,Local Road,WEBB,CASEY,-38.02321,145.30669,2023,9,September,21,Night,Weekday
T20230023177,2023-09-27,09:00:00,1,Collision with vehicle,3,Wednesday,152,PULLING OUT (OVERTAKING),1,782301,Not at intersection,2,100,Local Road,CHILTERN VALLEY,INDIGO,-36.142166,146.54579,2023,9,September,9,Morning Peak,Weekday
T20230023146,2023-09-27,14:00:00,1,Collision with vehicle,3,Wednesday,130,REAR END(VEHICLES IN SAME LANE),1,306589,T intersection,3,60,Freeway,RACECOURSE,MELBOURNE,-37.788998,144.93837,2023,9,September,14,Midday,Weekday
T20230022583,2023-09-27,09:00:00,1,Collision with vehicle,3,Wednesday,130,REAR END(VEHICLES IN SAME LANE),1,800849,Not at intersection,2,70,Arterial Highway,PRINCES HIGHWAY,DANDENONG,-37.994324,145.21686,2023,9,September,9,Morning Peak,Weekday
T20230022594,2023-09-27,09:57:00,1,Collision with vehicle,3,Wednesday,110,CROSS TRAFFIC(INTERSECTIONS ONLY),1,36856,Cross intersection,2,40,Arterial Highway,KINGS,MELBOURNE,-37.820366,144.95755,2023,9,September,9,Morning Peak,Weekday
T20230022644,2023-09-27,16:48:00,1,Collision with vehicle,3,Wednesday,121,RIGHT THROUGH,1,790800,T intersection,2,60,Arterial Other,EAST BOUNDARY,GLEN EIRA,-37.913883,145.06038,2023,9,September,16,Afternoon Peak,Weekday
T20230022598,2023-09-27,10:00:00,7,Fall from or in moving vehicle,3,Wednesday,184,OUT OF CONTROL ON CARRIAGEWAY (ON BEND),1,781770,Not at intersection,3,80,Local Road,GUM FLATS,SURF COAST,-38.349724,144.13603,2023,9,September,10,Midday,Weekday
T20230022646,2023-09-27,15:21:00,1,Collision with vehicle,3,Wednesday,132,RIGHT REAR.,1,40216,T intersection,3,60,Local Road,INKERMAN,GLEN EIRA,-37.868244,145.0143,2023,9,September,15,Afternoon Peak,Weekday
T20230022602,2023-09-27,11:45:00,4,Collision with a fixed object,3,Wednesday,171,LEFT OFF CARRIAGEWAY INTO OBJECT/PARKED VEHICLE,1,66960,Cross intersection,2,40,Local Road,BRIDPORT,PORT PHILLIP,-37.842575,144.94922,2023,9,September,11,Midday,Weekday
T20230022647,2023-09-27,16:10:00,1,Collision with vehicle,3,Wednesday,148,VEHICLE OFF FOOTPATH STRIKES VEH ON CARRIAGEWAY,1,250019,Cross intersection,2,40,Arterial Other,ST GEORGES,YARRA,-37.781033,144.9858,2023,9,September,16,Afternoon Peak,Weekday
T20230022607,2023-09-27,07:53:00,1,Collision with vehicle,3,Wednesday,130,REAR END(VEHICLES IN SAME LANE),1,781849,Not at intersection,2,60,Arterial Other,HOPKINS,MELTON,-37.803,144.69624,2023,9,September,7,Morning Peak,Weekday
T20230022617,2023-09-27,10:30:00,1,Collision with vehicle,3,Wednesday,149,OTHER MANOEUVRING NOT INCLUDED IN DCAs 140-148,1,790983,Not at intersection,3,80,Local Road,KONAGADERRA,HUME,-37.54912,144.84755,2023,9,September,10,Midday,Weekday
T20230023602,2023-09-27,06:22:00,1,Collision with vehicle,3,Wednesday,113,RIGHT NEAR (INTERSECTIONS ONLY),1,43103,T intersection,3,60,Local Road,BOX,DANDENONG,-37.99593,145.22464,2023,9,September,6,Morning Peak,Weekday
T20230022626,2023-09-27,16:20:00,4,Collision with a fixed object,3,Wednesday,181,OFF RIGHT BEND INTO OBJECT/PARKED VEHICLE,1,788896,Not at intersection,2,60,Arterial Other,CORIO QUAY,GEELONG,-38.10393,144.36298,2023,9,September,16,Afternoon Peak,Weekday
T20230022652,2023-09-27,21:35:00,1,Collision with vehicle,3,Wednesday,130,REAR END(VEHICLES IN SAME LANE),3,790974,Not at intersection,3,100,Freeway,WESTERN RING,BRIMBANK,-37.73014,144.8568,2023,9,September,21,Night,Weekday
T20230022627,2023-09-27,16:45:00,1,Collision with vehicle,3,Wednesday,121,RIGHT THROUGH,1,35513,T intersection,3,60,Arterial Other,BURKE,BOROONDARA,-37.837097,145.05562,2023,9,September,16,Afternoon Peak,Weekday
T20230022628,2023-09-27,17:15:00,2,Struck Pedestrian,3,Wednesday,108,PED STRUCK WALKING TO/FROM OR BOARDING/ALIGHTING VEHICLE.,1,29427,Cross intersection,3,40,Local Road,COLLINS,MELBOURNE,-37.81549,144.96654,2023,9,September,17,Afternoon Peak,Weekday
T20230022629,2023-09-27,17:10:00,1,Collision with vehicle,3,Wednesday,130,REAR END(VEHICLES IN SAME LANE),1,800852,Not at intersection,2,100,Freeway,HUME,WHITTLESEA,-37.633522,144.99344,2023,9,September,17,Afternoon Peak,Weekday
T20230022632,2023-09-27,17:39:00,1,Collision with vehicle,3,Wednesday,130,REAR END(VEHICLES IN SAME LANE),1,790971,T intersection,3,80,Local Road,SOMERTON,HUME,-37.62849,144.82613,2023,9,September,17,Afternoon Peak,Weekday
T20230022688,2023-09-27,09:45:00,2,Struck Pedestrian,3,Wednesday,106,VEH STRIKES PED ON FOOTPATH/MEDIAN/TRAFFIC ISLAND.,1,790981,Not at intersection,3,50,Local Road,SHEEPWASH,GEELONG,-38.270084,144.48941,2023,9,September,9,Morning Peak,Weekday
T20230022638,2023-09-27,08:00:00,1,Collision with vehicle,3,Wednesday,137,LEFT TURN SIDESWIPE,1,29887,Cross intersection,3,60,Arterial Highway,PUNT,PORT PHILLIP,-37.856743,144.98254,2023,9,September,8,Morning Peak,Weekday
T20230022763,2023-09-27,12:48:00,2,Struck Pedestrian,3,Wednesday,100,PED NEAR SIDE. PED HIT BY VEHICLE FROM THE RIGHT.,1,37920,T intersection,3,60,Arterial Highway,BELL,DAREBIN,-37.74495,145.00153,2023,9,September,12,Midday,Weekday
T20230022639,2023-09-27,19:04:00,1,Collision with vehicle,3,Wednesday,152,PULLING OUT (OVERTAKING),5,60748,T intersection,2,100,Arterial Other,DONNYBROOK,WHITTLESEA,-37.553036,145.06667,2023,9,September,19,Night,Weekday
T20230022633,2023-09-27,15:41:00,4,Collision with a fixed object,3,Wednesday,173,RIGHT OFF CARRIAGEWAY INTO OBJECT/PARKED VEHICLE,1,794423,Not at intersection,1,60,Arterial Other,EUROA-SHEPPARTON,STRATHBOGIE,-36.739212,145.56255,2023,9,September,15,Afternoon Peak,Weekday
T20230022659,2023-09-27,21:15:00,6,Vehicle overturned (no collision),3,Wednesday,180,OFF CARRIAGEWAY ON RIGHT BEND,5,790972,Not at intersection,3,80,Local Road,MAHON,INDIGO,-36.305977,146.8923,2023,9,September,21,Night,Weekday
T20230025871,2023-09-27,17:12:00,6,Vehicle overturned (no collision),3,Wednesday,182,OFF CARRIAGEWAY ON LEFT BEND,1,797603,Not at intersection,3,60,Arterial Other,ST KILDA,PORT PHILLIP,-37.855137,144.98279,2023,9,September,17,Afternoon Peak,Weekday
T20230023078,2023-09-27,10:00:00,2,Struck Pedestrian,3,Wednesday,100,PED NEAR SIDE. PED HIT BY VEHICLE FROM THE RIGHT.,1,53300,Cross intersection,2,60,Arterial Highway,DOVETON STREET N-DOVETON,BALLARAT,-37.561447,143.85484,2023,9,September,10,Midday,Weekday
T20230022670,2023-09-27,17:30:00,1,Collision with vehicle,3,Wednesday,130,REAR END(VEHICLES IN SAME LANE),1,62380,T intersection,3,50,Local Road,BRIDGE,MELTON,-37.716484,144.59998,2023,9,September,17,Afternoon Peak,Weekday
T20230023061,2023-09-27,13:40:00,8,No collision and no object struck,3,Wednesday,174,OUT OF CONTROL ON CARRIAGEWAY (ON STRAIGHT),1,15472,Not at intersection,3,60,Local Road,BREAKFAST CREEK,SURF COAST,-38.358418,144.04124,2023,9,September,13,Midday,Weekday
T20230023248,2023-09-27,16:17:00,6,Vehicle overturned (no collision),3,Wednesday,184,OUT OF CONTROL ON CARRIAGEWAY (ON BEND),1,252346,T intersection,3,60,Local Road,LEAKES,WYNDHAM,-37.836212,144.7088,2023,9,September,16,Afternoon Peak,Weekday
T20230022676,2023-09-27,08:30:00,1,Collision with vehicle,3,Wednesday,131,LEFT REAR,1,783757,Not at intersection,3,50,Arterial Highway,POINT NEPEAN,MORNINGTON PENINSULA,-38.36127,144.88507,2023,9,September,8,Morning Peak,Weekday
T20230022741,2023-09-28,21:55:00,1,Collision with vehicle,4,Thursday,163,VEHICLE STRIKES DOOR OF PARKED/STATIONARY VEHICLE,3,782497,Not at intersection,3,40,Arterial Highway,RACECOURSE,MOONEE VALLEY,-37.7883,144.93077,2023,9,September,21,Night,Weekday
T20230023224,2023-09-28,08:57:00,8,No collision and no object struck,4,Thursday,172,OFF CARRIAGEWAY TO RIGHT,1,782302,Cross intersection,2,40,Local Road,LITTLE LONSDALE,MELBOURNE,-37.8094,144.9683,2023,9,September,8,Morning Peak,Weekday
T20230022738,2023-09-28,21:30:00,1,Collision with vehicle,4,Thursday,162,ACCIDENT OR BROKEN DOWN,5,791002,Not at intersection,2,100,Arterial Highway,PRINCES,EAST GIPPSLAND,-37.820805,147.72606,2023,9,September,21,Night,Weekday
T20230022737,2023-09-28,17:00:00,1,Collision with vehicle,4,Thursday,137,LEFT TURN SIDESWIPE,1,45633,T intersection,2,40,Arterial Other,SYDNEY,MORELAND,-37.77383,144.96098,2023,9,September,17,Afternoon Peak,Weekday
T20230023159,2023-09-28,14:45:00,8,No collision and no object struck,4,Thursday,174,OUT OF CONTROL ON CARRIAGEWAY (ON STRAIGHT),1,782300,Not at intersection,3,80,Arterial Other,KOROROIT CREEK,HOBSONS BAY,-37.84774,144.81302,2023,9,September,14,Midday,Weekday
T20230022701,2023-09-28,12:35:00,8,No collision and no object struck,4,Thursday,179,OTHER ACCIDENTS-OFF STRAIGHT NOT INCLUDED IN DCAs 170-175,1,781897,Not at intersection,3,50,Local Road,PILGRIM,MARIBYRNONG,-37.80535,144.89444,2023,9,September,12,Midday,Weekday
T20230022735,2023-09-28,16:31:00,1,Collision with vehicle,4,Thursday,110,CROSS TRAFFIC(INTERSECTIONS ONLY),1,68657,Cross intersection,2,60,Local Road,GLEN HUNTLY,GLEN EIRA,-37.8907,145.05275,2023,9,September,16,Afternoon Peak,Weekday