ACCIDENT_NO,ACCIDENT_DATE,ACCIDENT_TIME,ACCIDENT_TYPE,ACCIDENT_TYPE_DESC,DAY_OF_WEEK,DAY_WEEK_DESC,DCA_CODE,DCA_DESC,LIGHT_CONDITION,NODE_ID,ROAD_GEOMETRY_DESC,SEVERITY,SPEED_ZONE,RMA,ROAD_NAME,LGA_NAME,LATITUDE,LONGITUDE,YEAR,MONTH,MONTH_NAME,HOUR,TIME_PERIOD,DAY_TYPE
T20230022707,2023-09-28,13:40:00,4,Collision with a fixed object,4,Thursday,173,RIGHT OFF CARRIAGEWAY INTO OBJECT/PARKED VEHICLE,1,793485,Not at intersection,3,80,Local Road,ONEILLS,MORNINGTON PENINSULA,-38.25244,145.20268,2023,9,September,13,Midday,Weekday
T20230022731,2023-09-28,19:51:00,1,Collision with vehicle,4,Thursday,134,LANE CHANGE RIGHT (NOT OVERTAKING),3,781856,T intersection,2,40,Local Road,LYGON,MELBOURNE,-37.8001,144.96704,2023,9,September,19,Night,Weekday
T20230022708,2023-09-28,12:00:00,1,Collision with vehicle,4,Thursday,113,RIGHT NEAR (INTERSECTIONS ONLY),1,71422,T intersection,3,60,Local Road,RAILWAY,FRANKSTON,-38.096104,145.12842,2023,9,September,12,Midday,Weekday
T20230022717,2023-09-28,16:47:00,4,Collision with a fixed object,4,Thursday,173,RIGHT OFF CARRIAGEWAY INTO OBJECT/PARKED VEHICLE,1,36626,Cross intersection,2,40,Arterial Other,JOHNSTON,YARRA,-37.79928,144.98735,2023,9,September,16,Afternoon Peak,Weekday
T20230022957,2023-09-28,15:15:00,1,Collision with vehicle,4,Thursday,121,RIGHT THROUGH,1,782498,Not at intersection,3,60,Arterial Other,CENTRE,DANDENONG,-37.932663,145.15205,2023,9,September,15,Afternoon Peak,Weekday
T20230027212,2023-09-28,21:43:00,3,Struck animal,4,Thursday,167,STRUCK ANIMAL,9,790993,Not at intersection,3,60,Local Road,HORSWOOD,YARRA RANGES,-37.966965,145.3103,2023,9,September,21,Night,Weekday
T20230022726,2023-09-28,17:07:00,1,Collision with vehicle,4,Thursday,120,HEAD ON (NOT OVERTAKING),2,782291,Not at intersection,3,60,Arterial Other,CANTERBURY,WHITEHORSE,-37.83017,145.13422,2023,9,September,17,Afternoon Peak,Weekday
T20230022725,2023-09-28,16:30:00,1,Collision with vehicle,4,Thursday,130,REAR END(VEHICLES IN SAME LANE),1,790996,Not at intersection,2,100,Freeway,WESTERN RING,BRIMBANK,-37.800488,144.79633,2023,9,September,16,Afternoon Peak,Weekday
T20230022724,2023-09-28,17:30:00,1,Collision with vehicle,4,Thursday,130,REAR END(VEHICLES IN SAME LANE),1,782388,Cross intersection,3,80,Arterial Other,ROBINSONS,MELTON,-37.803,144.75192,2023,9,September,17,Afternoon Peak,Weekday
T20230023499,2023-09-28,12:52:00,1,Collision with vehicle,4,Thursday,121,RIGHT THROUGH,1,51701,T intersection,2,60,Local Road,CAROLIN,BENDIGO,-36.779964,144.2882,2023,9,September,12,Midday,Weekday
T20230024776,2023-09-28,12:15:00,1,Collision with vehicle,4,Thursday,110,CROSS TRAFFIC(INTERSECTIONS ONLY),1,39918,Cross intersection,2,50,Local Road,MOUNT,HOBSONS BAY,-37.87014,144.8341,2023,9,September,12,Midday,Weekday
T20230024774,2023-09-28,20:30:00,4,Collision with a fixed object,4,Thursday,183,OFF LEFT BEND INTO OBJECT/PARKED VEHICLE,3,265814,T intersection,3,50,Local Road,BOONONG,FRANKSTON,-38.125687,145.12645,2023,9,September,20,Night,Weekday
T20230024668,2023-09-28,03:28:00,1,Collision with vehicle,4,Thursday,130,REAR END(VEHICLES IN SAME LANE),3,787455,Not at intersection,3,100,Freeway,MONASH,STONNINGTON,-37.84215,145.03947,2023,9,September,3,Late Night,Weekday
T20230022661,2023-09-28,02:36:00,1,Collision with vehicle,4,Thursday,120,HEAD ON (NOT OVERTAKING),3,787738,Not at intersection,3,50,Local Road,ROGER,WHITEHORSE,-37.80996,145.1734,2023,9,September,2,Late Night,Weekday
T20240000278,2023-09-28,20:30:00,1,Collision with vehicle,4,Thursday,163,VEHICLE STRIKES DOOR OF PARKED/STATIONARY VEHICLE,3,797010,Not at intersection,3,50,Local Road,SIMMONS,STONNINGTON,-37.845016,144.99667,2023,9,September,20,Night,Weekday
T20230028424,2023-09-28,17:40:00,1,Collision with vehicle,4,Thursday,130,REAR END(VEHICLES IN SAME LANE),1,795505,Not at intersection,3,60,Arterial Other,GRANGE,GLEN EIRA,-37.90364,145.04408,2023,9,September,17,Afternoon Peak,Weekday
T20230022817,2023-09-28,21:55:00,4,Collision with a fixed object,4,Thursday,171,LEFT OFF CARRIAGEWAY INTO OBJECT/PARKED VEHICLE,3,44928,T intersection,3,60,Arterial Other,MAIN,BRIMBANK,-37.743324,144.79184,2023,9,September,21,Night,Weekday
T20230022790,2023-09-28,14:10:00,1,Collision with vehicle,4,Thursday,130,REAR END(VEHICLES IN SAME LANE),1,297824,Cross intersection,3,60,Arterial Highway,PLENTY VALLEY,DAREBIN,-37.724163,145.02734,2023,9,September,14,Midday,Weekday
T20230022671,2023-09-28,09:05:00,1,Collision with vehicle,4,Thursday,147,VEHICLE STRIKES ANOTHER VEH WHILE EMERGING FROM DRIVEWAY,1,781896,Not at intersection,2,50,Local Road,CALLISTER,SHEPPARTON,-36.38492,145.41525,2023,9,September,9,Morning Peak,Weekday
T20230022658,2023-09-28,01:04:00,1,Collision with vehicle,4,Thursday,130,REAR END(VEHICLES IN SAME LANE),4,39352,Cross intersection,2,50,Local Road,DORKING,WHITEHORSE,-37.8145,145.13148,2023,9,September,1,Late Night,Weekday
T20230022783,2023-09-28,16:30:00,1,Collision with vehicle,4,Thursday,110,CROSS TRAFFIC(INTERSECTIONS ONLY),1,250884,Cross intersection,3,60,Arterial Other,QUEEN,BAW BAW,-38.16557,145.9373,2023,9,September,16,Afternoon Peak,Weekday
T20230022660,2023-09-28,03:45:00,4,Collision with a fixed object,4,Thursday,171,LEFT OFF CARRIAGEWAY INTO OBJECT/PARKED VEHICLE,3,790995,Not at intersection,3,70,Local Road,HALL,FRANKSTON,-38.10016,145.17815,2023,9,September,3,Late Night,Weekday
T20230022662,2023-09-28,02:05:00,1,Collision with vehicle,4,Thursday,130,REAR END(VEHICLES IN SAME LANE),5,789748,Not at intersection,2,100,Arterial Other,BEECHWORTH-WODONGA,INDIGO,-36.28299,146.78746,2023,9,September,2,Late Night,Weekday
T20230022663,2023-09-28,03:00:00,1,Collision with vehicle,4,Thursday,130,REAR END(VEHICLES IN SAME LANE),3,782003,Not at intersection,3,70,Arterial Other,BALLAN,WYNDHAM,-37.88092,144.62077,2023,9,September,3,Late Night,Weekday
T20230022678,2023-09-28,11:55:00,1,Collision with vehicle,4,Thursday,163,VEHICLE STRIKES DOOR OF PARKED/STATIONARY VEHICLE,1,306171,Not at intersection,2,50,Local Road,SMITH,YARRA,-37.80141,144.98386,2023,9,September,11,Midday,Weekday
T20230022749,2023-09-28,19:13:00,2,Struck Pedestrian,4,Thursday,109,ANY MANOEUVRE INVOLVING PED NOT INCLUDED IN DCAs 100-108.,3,793814,Not at intersection,1,60,Arterial Other,NARRACAN,LATROBE,-38.177155,146.26683,2023,9,September,19,Night,Weekday
T20230022682,2023-09-28,06:25:00,1,Collision with vehicle,4,Thursday,130,REAR END(VEHICLES IN SAME LANE),2,782187,Not at intersection,3,50,Local Road,BIGNELL,GLEN EIRA,-37.926273,145.07086,2023,9,September,6,Morning Peak,Weekday
T20230022720,2023-09-28,17:00:00,1,Collision with vehicle,4,Thursday,133,LANE SIDE SWIPE (VEHICLES IN PARALLEL LANES),1,785966,Not at intersection,3,80,Arterial Other,FERNTREE GULLY,MONASH,-37.906315,145.18547,2023,9,September,17,Afternoon Peak,Weekday
T20230022687,2023-09-28,11:48:00,1,Collision with vehicle,4,Thursday,130,REAR END(VEHICLES IN SAME LANE),1,792989,Not at intersection,3,60,Arterial Other,GILLIES,BALLARAT,-37.539845,143.8221,2023,9,September,11,Midday,Weekday
T20230022689,2023-09-28,12:35:00,1,Collision with vehicle,4,Thursday,113,RIGHT NEAR (INTERSECTIONS ONLY),1,70945,T intersection,2,50,Local Road,GOVERNOR,KINGSTON,-38.007565,145.10258,2023,9,September,12,Midday,Weekday
T20230022692,2023-09-28,11:40:00,1,Collision with vehicle,4,Thursday,113,RIGHT NEAR (INTERSECTIONS ONLY),1,45446,T intersection,2,100,Arterial Highway,MELBA,YARRA RANGES,-37.63302,145.40295,2023,9,September,11,Midday,Weekday
T20230023281,2023-09-29,12:30:00,1,Collision with vehicle,5,Friday,113,RIGHT NEAR (INTERSECTIONS ONLY),1,314604,T intersection,2,100,Arterial Highway,PRINCES HIGHWAY,CORANGAMITE,-38.208874,143.10805,2023,9,September,12,Midday,Weekday
T20230022930,2023-09-29,09:00:00,1,Collision with vehicle,5,Friday,137,LEFT TURN SIDESWIPE,1,784089,Not at intersection,3,60,Arterial Other,ESPLANADE,MORNINGTON PENINSULA,-38.266132,145.01407,2023,9,September,9,Morning Peak,Weekday
T20230022836,2023-09-29,20:25:00,1,Collision with vehicle,5,Friday,113,RIGHT NEAR (INTERSECTIONS ONLY),3,35520,T intersection,3,60,Arterial Highway,TOORAK,BOROONDARA,-37.850216,145.09381,2023,9,September,20,Night,Weekday
T20230022755,2023-09-29,05:35:00,4,Collision with a fixed object,5,Friday,183,OFF LEFT BEND INTO OBJECT/PARKED VEHICLE,2,790782,Not at intersection,2,100,Arterial Other,LYELL,BENDIGO,-36.942802,144.47925,2023,9,September,5,Morning Peak,Weekday
T20230022786,2023-09-29,12:55:00,1,Collision with vehicle,5,Friday,113,RIGHT NEAR (INTERSECTIONS ONLY),1,224301,T intersection,3,50,Local Road,HILLCREST,HUME,-37.680893,144.87292,2023,9,September,12,Midday,Weekday
T20230022748,2023-09-29,01:00:00,1,Collision with vehicle,5,Friday,121,RIGHT THROUGH,3,29868,Cross intersection,2,70,Freeway,PLENTY-METROPOLITAN RING IN,WHITTLESEA,-37.687008,145.0673,2023,9,September,1,Late Night,Weekday
T20230022746,2023-09-29,00:45:00,4,Collision with a fixed object,5,Friday,181,OFF RIGHT BEND INTO OBJECT/PARKED VEHICLE,3,800820,Not at intersection,2,50,Local Road,MILAN,KINGSTON,-37.986755,145.05971,2023,9,September,0,Late Night,Weekday
T20230026332,2023-09-29,23:08:00,1,Collision with vehicle,5,Friday,130,REAR END(VEHICLES IN SAME LANE),3,791195,Not at intersection,3,50,Local Road,DEAKIN,MILDURA,-34.186626,142.1606,2023,9,September,23,Night,Weekday
T20230022796,2023-09-29,14:55:00,1,Collision with vehicle,5,Friday,113,RIGHT NEAR (INTERSECTIONS ONLY),1,40802,T intersection,3,60,Arterial Other,HIGHBURY,WHITEHORSE,-37.861427,145.16447,2023,9,September,14,Midday,Weekday
T20230027069,2023-09-29,16:15:00,1,Collision with vehicle,5,Friday,110,CROSS TRAFFIC(INTERSECTIONS ONLY),1,19689,Cross intersection,3,60,Arterial Highway,MCIVOR,BENDIGO,-36.786945,144.502,2023,9,September,16,Afternoon Peak,Weekday
T20230022821,2023-09-29,21:10:00,4,Collision with a fixed object,5,Friday,173,RIGHT OFF CARRIAGEWAY INTO OBJECT/PARKED VEHICLE,5,794805,Not at intersection,3,100,Arterial Other,DARTMOOR-HAMILTON,SOUTHERN GRAMPIANS,-37.794586,141.77867,2023,9,September,21,Night,Weekday
T20230023343,2023-09-29,15:47:00,6,Vehicle overturned (no collision),5,Friday,174,OUT OF CONTROL ON CARRIAGEWAY (ON STRAIGHT),1,783429,Not at intersection,2,100,Local Road,E SAMBELLS,WEST WIMMERA,-37.043343,141.4639,2023,9,September,15,Afternoon Peak,Weekday
T20230022804,2023-09-29,16:14:00,1,Collision with vehicle,5,Friday,130,REAR END(VEHICLES IN SAME LANE),1,721637,Not at intersection,3,70,Arterial Other,OLD PRINCES,CARDINIA,-38.054962,145.38182,2023,9,September,16,Afternoon Peak,Weekday
T20230022797,2023-09-29,15:28:00,1,Collision with vehicle,5,Friday,113,RIGHT NEAR (INTERSECTIONS ONLY),1,791007,T intersection,3,80,Local Road,UNNAMED,KNOX,-37.849167,145.2268,2023,9,September,15,Afternoon Peak,Weekday
T20230023408,2023-09-29,17:00:00,1,Collision with vehicle,5,Friday,130,REAR END(VEHICLES IN SAME LANE),2,793928,Not at intersection,3,60,Local Road,GLEN HUNTLY,GLEN EIRA,-37.885197,145.00797,2023,9,September,17,Afternoon Peak,Weekday
T20230022777,2023-09-29,12:06:00,4,Collision with a fixed object,5,Friday,173,RIGHT OFF CARRIAGEWAY INTO OBJECT/PARKED VEHICLE,1,791021,Not at intersection,2,100,Local Road,WILLOWITE,SURF COAST,-38.272274,144.21655,2023,9,September,12,Midday,Weekday
T20230022776,2023-09-29,12:40:00,1,Collision with vehicle,5,Friday,121,RIGHT THROUGH,1,67375,T intersection,2,60,Arterial Other,WILLIAMS,STONNINGTON,-37.85481,145.00212,2023,9,September,12,Midday,Weekday
T20230022774,2023-09-29,10:20:00,4,Collision with a fixed object,5,Friday,171,LEFT OFF CARRIAGEWAY INTO OBJECT/PARKED VEHICLE,1,40420,T intersection,2,60,Arterial Other,BURKE,BOROONDARA,-37.848927,145.05333,2023,9,September,10,Midday,Weekday
T20230022772,2023-09-29,11:00:00,1,Collision with vehicle,5,Friday,130,REAR END(VEHICLES IN SAME LANE),1,791199,Not at intersection,2,80,Local Road,CARDINIA,CARDINIA,-38.139004,145.42586,2023,9,September,11,Midday,Weekday
T20230022789,2023-09-29,14:30:00,6,Vehicle overturned (no collision),5,Friday,170,OFF CARRIAGEWAY TO LEFT,1,223545,T intersection,3,60,Local Road,PLUMPTON,MELTON,-37.71659,144.69246,2023,9,September,14,Midday,Weekday
T20230022805,2023-09-29,18:40:00,1,Collision with vehicle,5,Friday,111,RIGHT FAR (INTERSECTIONS ONLY),3,51671,T intersection,2,60,Local Road,NISH,BENDIGO,-36.770443,144.2916,2023,9,September,18,Afternoon Peak,Weekday
T20230022809,2023-09-29,18:55:00,1,Collision with vehicle,5,Friday,130,REAR END(VEHICLES IN SAME LANE),3,782729,Not at intersection,3,70,Arterial Other,PORTARLINGTON,GEELONG,-38.184258,144.54086,2023,9,September,18,Afternoon Peak,Weekday
T20230022788,2023-09-29,12:00:00,1,Collision with vehicle,5,Friday,130,REAR END(VEHICLES IN SAME LANE),1,781880,Not at intersection,2,80,Freeway,WESTERN,BALLARAT,-37.561886,143.9265,2023,9,September,12,Midday,Weekday
T20230022814,2023-09-29,18:25:00,4,Collision with a fixed object,5,Friday,183,OFF LEFT BEND INTO OBJECT/PARKED VEHICLE,5,783655,Not at intersection,2,100,Local Road,SWIFTS CREEK EAST,EAST GIPPSLAND,-37.279476,147.74237,2023,9,September,18,Afternoon Peak,Weekday
T20230022816,2023-09-29,21:39:00,1,Collision with vehicle,5,Friday,110,CROSS TRAFFIC(INTERSECTIONS ONLY),3,781899,Cross intersection,3,50,Local Road,LEEDS,MARIBYRNONG,-37.798576,144.90123,2023,9,September,21,Night,Weekday
T20230022819,2023-09-29,19:41:00,1,Collision with vehicle,5,Friday,110,CROSS TRAFFIC(INTERSECTIONS ONLY),3,41182,Cross intersection,2,50,Arterial Other,PLUMPTON,MORELAND,-37.707542,144.92162,2023,9,September,19,Night,Weekday
T20230024563,2023-09-29,12:00:00,1,Collision with vehicle,5,Friday,130,REAR END(VEHICLES IN SAME LANE),1,783561,Not at intersection,3,50,Local Road,HANSON,HUME,-37.596855,144.93773,2023,9,September,12,Midday,Weekday
T20230024493,2023-09-29,22:20:00,1,Collision with vehicle,5,Friday,110,CROSS TRAFFIC(INTERSECTIONS ONLY),3,57576,Cross intersection,3,70,Arterial Highway,WELLINGTON,MONASH,-37.921875,145.1863,2023,9,September,22,Night,Weekday
T20230024315,2023-09-29,13:30:00,1,Collision with vehicle,5,Friday,130,REAR END(VEHICLES IN SAME LANE),1,789537,Not at intersection,3,100,Arterial Highway,SOUTH GIPPSLAND,CARDINIA,-38.238834,145.52188,2023,9,September,13,Midday,Weekday
T20230022810,2023-09-29,19:00:00,1,Collision with vehicle,5,Friday,121,RIGHT THROUGH,3,782292,Cross intersection,3,80,Arterial Other,WESTALL,KINGSTON,-37.979954,145.1427,2023,9,September,19,Night,Weekday
T20230023037,2023-09-29,08:55:00,1,Collision with vehicle,5,Friday,110,CROSS TRAFFIC(INTERSECTIONS ONLY),1,49850,Cross intersection,3,60,Arterial Other,SHANNON,GEELONG,-38.133522,144.33775,2023,9,September,8,Morning Peak,Weekday
T20230023066,2023-09-29,06:00:00,3,Struck animal,5,Friday,167,STRUCK ANIMAL,2,791010,Not at intersection,2,100,Local Road,LITTLE RIVER-RIPLEY,GEELONG,-37.87432,144.3871,2023,9,September,6,Morning Peak,Weekday
T20230022850,2023-09-29,15:00:00,5,collision with some other object,5,Friday,166,STRUCK OBJECT ON CARRIAGEWAY,9,783203,Not at intersection,2,100,Local Road,MARASCOS,ALPINE,-36.580784,146.7973,2023,9,September,15,Afternoon Peak,Weekday
T20230023057,2023-09-29,14:00:00,8,No collision and no object struck,5,Friday,174,OUT OF CONTROL ON CARRIAGEWAY (ON STRAIGHT),1,799234,T intersection,2,100,Local Road,POLICE,BENALLA,-36.830456,145.86649,2023,9,September,14,Midday,Weekday
T20230022782,2023-09-29,11:10:00,6,Vehicle overturned (no collision),5,Friday,170,OFF CARRIAGEWAY TO LEFT,1,799261,Not at intersection,3,100,Arterial Highway,WESTERN,BALLARAT,-37.56176,143.94307,2023,9,September,11,Midday,Weekday
T20230022881,2023-09-30,21:23:00,7,Fall from or in moving vehicle,6,Saturday,190,FELL IN/FROM VEHICLE,4,781927,Not at intersection,2,50,Local Road,GLASS,MELBOURNE,-37.801945,144.94852,2023,9,September,21,Night,Weekend
T20230022840,2023-09-30,10:00:00,5,collision with some other object,6,Saturday,166,STRUCK OBJECT ON CARRIAGEWAY,1,787003,Not at intersection,3,100,Local Road,GORMANDALE-CALLIGNEE,WELLINGTON,-38.336815,146.64581,2023,9,September,10,Midday,Weekend
T20230022880,2023-09-30,20:55:00,1,Collision with vehicle,6,Saturday,110,CROSS TRAFFIC(INTERSECTIONS ONLY),3,1140,Cross intersection,3,70,Arterial Other,COOPER,WHITTLESEA,-37.651485,145.01932,2023,9,September,20,Night,Weekend
T20230022849,2023-09-30,09:47:00,1,Collision with vehicle,6,Saturday,121,RIGHT THROUGH,1,782005,Not at intersection,3,50,Local Road,STOTT,DAREBIN,-37.76393,144.99747,2023,9,September,9,Morning Peak,Weekend
T20230022841,2023-09-30,11:00:00,2,Struck Pedestrian,6,Saturday,100,PED NEAR SIDE. PED HIT BY VEHICLE FROM THE RIGHT.,1,790536,Not at intersection,3,60,Arterial Other,CHESTERVILLE,KINGSTON,-37.95884,145.05692,2023,9,September,11,Midday,Weekend
T20230022845,2023-09-30,10:00:00,1,Collision with vehicle,6,Saturday,132,RIGHT REAR.,1,785773,Not at intersection,2,60,Arterial Other,BARWON HEADS-OCEAN GROVE,GEELONG,-38.275208,144.5054,2023,9,September,10,Midday,Weekend
T20230023154,2023-09-30,18:00:00,4,Collision with a fixed object,6,Saturday,181,OFF RIGHT BEND INTO OBJECT/PARKED VEHICLE,5,791533,T intersection,3,80,Arterial Other,WARNCOORT CEMETERY,COLAC OTWAY,-38.313183,143.72282,2023,9,September,18,Afternoon Peak,Weekend
T20230023095,2023-09-30,10:30:00,1,Collision with vehicle,6,Saturday,116,LEFT NEAR (INTERSECTIONS ONLY),1,800561,T intersection,3,50,Local Road,VALLEY,BALLARAT,-37.59011,143.87085,2023,9,September,10,Midday,Weekend
T20230026680,2023-09-30,11:35:00,1,Collision with vehicle,6,Saturday,110,CROSS TRAFFIC(INTERSECTIONS ONLY),1,40378,Cross intersection,3,60,Arterial Other,WATTLETREE,STONNINGTON,-37.86445,145.04463,2023,9,September,11,Midday,Weekend
T20230029791,2023-09-30,18:52:00,7,Fall from or in moving vehicle,6,Saturday,190,FELL IN/FROM VEHICLE,3,36604,Not at intersection,3,40,Local Road,GLASSHOUSE,YARRA,-37.805283,144.9863,2023,9,September,18,Afternoon Peak,Weekend
T20230022891,2023-09-30,23:39:00,4,Collision with a fixed object,6,Saturday,173,RIGHT OFF CARRIAGEWAY INTO OBJECT/PARKED VEHICLE,3,781907,T intersection,1,60,Local Road,JUSTICE,BASS COAST,-38.460285,145.2107,2023,9,September,23,Night,Weekend
T20230023083,2023-09-30,23:10:00,2,Struck Pedestrian,6,Saturday,100,PED NEAR SIDE. PED HIT BY VEHICLE FROM THE RIGHT.,3,798257,Not at intersection,3,60,Arterial Other,BRIDGE,YARRA,-37.817795,144.99219,2023,9,September,23,Night,Weekend
T20230023394,2023-09-30,12:00:00,6,Vehicle overturned (no collision),6,Saturday,184,OUT OF CONTROL ON CARRIAGEWAY (ON BEND),1,789642,Not at intersection,2,100,Arterial Other,WOODS POINT,YARRA RANGES,-37.676853,145.85275,2023,9,September,12,Midday,Weekend
T20230022832,2023-09-30,06:04:00,1,Collision with vehicle,6,Saturday,145,REVERSING IN STREAM OF TRAFFIC,2,782293,Not at intersection,3,40,Local Road,CHIFLEY,MARIBYRNONG,-37.762234,144.88623,2023,9,September,6,Morning Peak,Weekend
T20230022833,2023-09-30,06:05:00,1,Collision with vehicle,6,Saturday,120,HEAD ON (NOT OVERTAKING),2,790538,Not at intersection,3,40,Local Road,CHIFLEY,MARIBYRNONG,-37.76242,144.88908,2023,9,September,6,Morning Peak,Weekend
T20230024687,2023-09-30,13:00:00,1,Collision with vehicle,6,Saturday,110,CROSS TRAFFIC(INTERSECTIONS ONLY),1,52823,Cross intersection,3,50,Local Road,ARMSTRONG,BALLARAT,-37.55548,143.85744,2023,9,September,13,Midday,Weekend
T20230022828,2023-09-30,00:30:00,4,Collision with a fixed object,6,Saturday,173,RIGHT OFF CARRIAGEWAY INTO OBJECT/PARKED VEHICLE,5,791207,Not at intersection,3,100,Arterial Highway,NORTHERN,CAMPASPE,-36.255943,144.7123,2023,9,September,0,Late Night,Weekend
T20230022876,2023-09-30,16:29:00,4,Collision with a fixed object,6,Saturday,181,OFF RIGHT BEND INTO OBJECT/PARKED VEHICLE,1,791227,Not at intersection,3,60,Arterial Other,ARTHURS SEAT,MORNINGTON PENINSULA,-38.356586,144.96059,2023,9,September,16,Afternoon Peak,Weekend
T20230022875,2023-09-30,07:40:00,1,Collision with vehicle,6,Saturday,137,LEFT TURN SIDESWIPE,1,40082,T intersection,2,60,Arterial Other,JACKA BOULEVARD -MARINE,PORT PHILLIP,-37.868805,144.97559,2023,9,September,7,Morning Peak,Weekend
T20230022918,2023-09-30,16:11:00,1,Collision with vehicle,6,Saturday,110,CROSS TRAFFIC(INTERSECTIONS ONLY),1,54583,Cross intersection,3,40,Local Road,HAROLD,PORT PHILLIP,-37.850086,144.95995,2023,9,September,16,Afternoon Peak,Weekend
T20230022872,2023-09-30,10:20:00,1,Collision with vehicle,6,Saturday,111,RIGHT FAR (INTERSECTIONS ONLY),1,39897,Cross intersection,3,60,Arterial Other,MAIDSTONE,HOBSONS BAY,-37.8656,144.81264,2023,9,September,10,Midday,Weekend
T20230028864,2023-09-30,10:40:00,1,Collision with vehicle,6,Saturday,130,REAR END(VEHICLES IN SAME LANE),1,799262,Not at intersection,3,60,Arterial Other,POLICE,MONASH,-37.935844,145.17815,2023,9,September,10,Midday,Weekend
T20230022868,2023-09-30,13:58:00,1,Collision with vehicle,6,Saturday,113,RIGHT NEAR (INTERSECTIONS ONLY),1,38349,Cross intersection,1,70,Arterial Other,KING,MANNINGHAM,-37.77276,145.14044,2023,9,September,13,Midday,Weekend
T20230022864,2023-09-30,12:46:00,1,Collision with vehicle,6,Saturday,130,REAR END(VEHICLES IN SAME LANE),1,782006,Not at intersection,3,100,Freeway,EASTLINK,FRANKSTON,-38.088436,145.16344,2023,9,September,12,Midday,Weekend
T20230022863,2023-09-30,10:25:00,1,Collision with vehicle,6,Saturday,113,RIGHT NEAR (INTERSECTIONS ONLY),1,59945,T intersection,3,80,Arterial Highway,MAROONDAH,MANSFIELD,-36.977524,145.71164,2023,9,September,10,Midday,Weekend
T20230022829,2023-09-30,03:30:00,4,Collision with a fixed object,6,Saturday,173,RIGHT OFF CARRIAGEWAY INTO OBJECT/PARKED VEHICLE,3,784672,Not at intersection,2,70,Arterial Other,OLD PRINCES,CARDINIA,-38.05166,145.37515,2023,9,September,3,Late Night,Weekend
T20230023410,2023-09-30,07:20:00,1,Collision with vehicle,6,Saturday,110,CROSS TRAFFIC(INTERSECTIONS ONLY),1,70726,Cross intersection,3,80,Arterial Highway,CHELTENHAM ROAD -LOWER DANDENONG,DANDENONG,-37.990784,145.14471,2023,9,September,7,Morning Peak,Weekend
T20230022903,2023-09-30,21:26:00,1,Collision with vehicle,6,Saturday,110,CROSS TRAFFIC(INTERSECTIONS ONLY),3,782061,Cross intersection,2,80,Arterial Highway,DANDENONG,DANDENONG,-37.98247,145.14622,2023,9,September,21,Night,Weekend
T20230022999,2023-09-30,13:45:00,1,Collision with vehicle,6,Saturday,130,REAR END(VEHICLES IN SAME LANE),1,782064,Not at intersection,3,80,Arterial Other,THOMPSONS,CASEY,-38.08886,145.3293,2023,9,September,13,Midday,Weekend
T20230026514,2023-09-30,15:00:00,8,No collision and no object struck,6,Saturday,174,OUT OF CONTROL ON CARRIAGEWAY (ON STRAIGHT),1,791201,Not at intersection,3,50,Local Road,VICTORIA,FRANKSTON,-38.192104,145.20691,2023,9,September,15,Afternoon Peak,Weekend
T20230022851,2023-09-30,11:31:00,4,Collision with a fixed object,6,Saturday,171,LEFT OFF CARRIAGEWAY INTO OBJECT/PARKED VEHICLE,1,43739,Cross intersection,3,60,Local Road,CHURCH,MELTON,-37.680717,144.58286,2023,9,September,11,Midday,Weekend
T20230023969,2023-09-30,01:55:00,3,Struck animal,6,Saturday,167,STRUCK ANIMAL,3,791202,Not at intersection,3,80,Arterial Other,VINEYARD,HUME,-37.608685,144.7116,2023,9,September,1,Late Night,Weekend
T20230022835,2023-09-30,06:50:00,1,Collision with vehicle,6,Saturday,130,REAR END(VEHICLES IN SAME LANE),1,39785,Cross intersection,3,80,Arterial Other,DORSET,MAROONDAH,-37.826,145.28758,2023,9,September,6,Morning Peak,Weekend
T20230022889,2023-09-30,23:18:00,4,Collision with a fixed object,6,Saturday,179,OTHER ACCIDENTS-OFF STRAIGHT NOT INCLUDED IN DCAs 170-175,3,797736,Not at intersection,3,50,Local Road,DRUMMOND,MELBOURNE,-37.798595,144.9688,2023,9,September,23,Night,Weekend
T20230022887,2023-09-30,18:55:00,1,Collision with vehicle,6,Saturday,160,VEHICLE COLLIDES WITH VEHICLE PARKED ON LEFT OF ROAD,3,785255,Not at intersection,2,50,Local Road,STUART,KNOX,-37.858486,145.31018,2023,9,September,18,Afternoon Peak,Weekend
T20230022886,2023-09-30,18:00:00,1,Collision with vehicle,6,Saturday,160,VEHICLE COLLIDES WITH VEHICLE PARKED ON LEFT OF ROAD,1,797584,Not at intersection,2,40,Local Road,GILBERT,DAREBIN,-37.719913,144.99315,2023,9,September,18,Afternoon Peak,Weekend
T20230022860,2023-09-30,12:15:00,1,Collision with vehicle,6,Saturday,130,REAR END(VEHICLES IN SAME LANE),1,350177,T intersection,3,70,Arterial Other,EDGARS,WHITTLESEA,-37.69374,145.00098,2023,9,September,12,Midday,Weekend